id,name,email,phone,address,age,create_date,update_date
1,david.lynch@cognitivo.ai,David Lynch,(11) 99999-9997,"Mulholland Drive, Los Angeles, CA, US",72,2018-03-03 18:47:01.954752,2018-03-03 18:47:01.954752
1,david.lynch@cognitivo.ai,David Lynch,(11) 99999-9998,"Mulholland Drive, Los Angeles, CA, US",72,2018-03-03 18:47:01.954752,2018-04-14 17:09:48.558151
2,sherlock.holmes@cognitivo.ai,Sherlock Holmes,(11) 94815-1623,"221B Baker Street, London, UK",34,2018-04-21 20:21:24.364752,2018-04-21 20:21:24.364752
3,spongebob.squarepants@cognitivo.ai,Spongebob Squarepants,(11) 91234-5678,"124 Conch Street, Bikini Bottom, Pacific Ocean",13,2018-05-19 04:07:06.854752,2018-05-19 04:07:06.854752
1,david.lynch@cognitivo.ai,David Lynch,(11) 99999-9999,"Mulholland Drive, Los Angeles, CA, US",72,2018-03-03 18:47:01.954752,2018-05-23 10:13:59.594752
3,spongebob.squarepants@cognitivo.ai,Spongebob Squarepants,(11) 98765-4321,"122 Conch Street, Bikini Bottom, Pacific Ocean",13,2018-05-19 04:07:06.854752,2018-05-19 05:08:07.964752