InvoiceNo,StockCode,Description,Quantity,InvoiceDate,UnitPrice,CustomerID,Country
539864,51008,AFGHAN SLIPPER SOCK PAIR,39,2010-12-23 09:55:00,3.45,15562.0,United Kingdom
539865,22041,"RECORD FRAME 7"" SINGLE SIZE ",48,2010-12-23 09:59:00,2.1,15587.0,United Kingdom
539865,82001S,VINYL RECORD FRAME SILVER,24,2010-12-23 09:59:00,3.39,15587.0,United Kingdom
539865,21137,BLACK RECORD COVER FRAME,48,2010-12-23 09:59:00,3.39,15587.0,United Kingdom
C539866,22300,COFFEE MUG DOG + BALL DESIGN,-3,2010-12-23 10:20:00,2.55,12427.0,Germany
C539866,22634,CHILDS BREAKFAST SET SPACEBOY ,-4,2010-12-23 10:20:00,8.5,12427.0,Germany
C539866,22636,CHILDS BREAKFAST SET CIRCUS PARADE,-2,2010-12-23 10:20:00,7.65,12427.0,Germany
539867,85123A,WHITE HANGING HEART T-LIGHT HOLDER,6,2010-12-23 10:38:00,2.95,13922.0,United Kingdom
539867,85184C,S/4 VALENTINE DECOUPAGE HEART BOX,24,2010-12-23 10:38:00,1.25,13922.0,United Kingdom
539867,22834,HAND WARMER BABUSHKA DESIGN,24,2010-12-23 10:38:00,0.85,13922.0,United Kingdom
539867,22504,CABIN BAG VINTAGE RETROSPOT,3,2010-12-23 10:38:00,12.75,13922.0,United Kingdom
539867,22782,SET 3 WICKER STORAGE BASKETS ,4,2010-12-23 10:38:00,9.95,13922.0,United Kingdom
539867,70006,LOVE HEART POCKET WARMER,30,2010-12-23 10:38:00,0.42,13922.0,United Kingdom
539867,21115,ROSE CARAVAN DOORSTOP,2,2010-12-23 10:38:00,6.75,13922.0,United Kingdom
539920,21773,DECORATIVE ROSE BATHROOM BOTTLE,4,2010-12-23 11:06:00,1.25,14085.0,United Kingdom
539920,22798,ANTIQUE GLASS DRESSING TABLE POT,4,2010-12-23 11:06:00,2.95,14085.0,United Kingdom
539920,22219,LOVEBIRD HANGING DECORATION WHITE ,7,2010-12-23 11:06:00,0.85,14085.0,United Kingdom
539920,22585,PACK OF 6 BIRDY GIFT TAGS,4,2010-12-23 11:06:00,1.25,14085.0,United Kingdom
539920,22583,PACK OF 6 HANDBAG GIFT BOXES,4,2010-12-23 11:06:00,2.55,14085.0,United Kingdom
539920,85049A,TRADITIONAL CHRISTMAS RIBBONS,10,2010-12-23 11:06:00,1.25,14085.0,United Kingdom
539920,21038,SET/4 MODERN VINTAGE COTTON NAPKINS,6,2010-12-23 11:06:00,2.95,14085.0,United Kingdom
539920,72800E,4 IVORY DINNER CANDLES SILVER FLOCK,3,2010-12-23 11:06:00,2.55,14085.0,United Kingdom
539920,22840,ROUND CAKE TIN VINTAGE RED,2,2010-12-23 11:06:00,7.95,14085.0,United Kingdom
539920,21069,VINTAGE BILLBOARD TEA MUG,6,2010-12-23 11:06:00,1.25,14085.0,United Kingdom
539920,20802,SMALL GLASS SUNDAE DISH CLEAR,6,2010-12-23 11:06:00,1.65,14085.0,United Kingdom
539920,21877,HOME SWEET HOME MUG,6,2010-12-23 11:06:00,1.25,14085.0,United Kingdom
539920,21485,RETROSPOT HEART HOT WATER BOTTLE,6,2010-12-23 11:06:00,4.95,14085.0,United Kingdom
539920,84946,ANTIQUE SILVER TEA GLASS ETCHED,12,2010-12-23 11:06:00,1.25,14085.0,United Kingdom
539920,22784,LANTERN CREAM GAZEBO ,2,2010-12-23 11:06:00,4.95,14085.0,United Kingdom
539920,85231B,CINAMMON SET OF 9 T-LIGHTS,6,2010-12-23 11:06:00,0.85,14085.0,United Kingdom
539920,22789,T-LIGHT HOLDER SWEETHEART HANGING,4,2010-12-23 11:06:00,1.95,14085.0,United Kingdom
539920,22178,VICTORIAN GLASS HANGING T-LIGHT,12,2010-12-23 11:06:00,1.25,14085.0,United Kingdom
539920,22800,ANTIQUE TALL SWIRLGLASS TRINKET POT,4,2010-12-23 11:06:00,3.75,14085.0,United Kingdom
539920,20914,SET/5 RED RETROSPOT LID GLASS BOWLS,1,2010-12-23 11:06:00,2.95,14085.0,United Kingdom
539920,22111,SCOTTIE DOG HOT WATER BOTTLE,4,2010-12-23 11:06:00,4.95,14085.0,United Kingdom
539920,22170,PICTURE FRAME WOOD TRIPLE PORTRAIT,2,2010-12-23 11:06:00,6.75,14085.0,United Kingdom
539920,21754,HOME BUILDING BLOCK WORD,2,2010-12-23 11:06:00,5.95,14085.0,United Kingdom
539920,21533,RETROSPOT LARGE MILK JUG,4,2010-12-23 11:06:00,4.95,14085.0,United Kingdom
539920,21066,VINTAGE RED MUG,6,2010-12-23 11:06:00,1.25,14085.0,United Kingdom
539920,85036B,CHOCOLATE 1 WICK MORRIS BOX CANDLE,12,2010-12-23 11:06:00,1.25,14085.0,United Kingdom
539920,21259,VICTORIAN SEWING BOX SMALL ,2,2010-12-23 11:06:00,5.95,14085.0,United Kingdom
539920,85123A,WHITE HANGING HEART T-LIGHT HOLDER,4,2010-12-23 11:06:00,2.95,14085.0,United Kingdom
539920,22797,CHEST OF DRAWERS GINGHAM HEART ,2,2010-12-23 11:06:00,16.95,14085.0,United Kingdom
539920,22169,FAMILY ALBUM WHITE PICTURE FRAME,2,2010-12-23 11:06:00,8.5,14085.0,United Kingdom
539920,22483,RED GINGHAM TEDDY BEAR ,2,2010-12-23 11:06:00,2.95,14085.0,United Kingdom
539920,21890,S/6 WOODEN SKITTLES IN COTTON BAG,2,2010-12-23 11:06:00,2.95,14085.0,United Kingdom
539921,22748,POPPY'S PLAYHOUSE KITCHEN,1,2010-12-23 11:09:00,2.1,12748.0,United Kingdom
539921,22207,FRYING PAN UNION FLAG,1,2010-12-23 11:09:00,4.25,12748.0,United Kingdom
539921,22123,PING MICROWAVE APRON,1,2010-12-23 11:09:00,5.95,12748.0,United Kingdom
539921,22371,AIRLINE BAG VINTAGE TOKYO 78,1,2010-12-23 11:09:00,4.25,12748.0,United Kingdom
539921,84029G,KNITTED UNION FLAG HOT WATER BOTTLE,1,2010-12-23 11:09:00,3.75,12748.0,United Kingdom
539933,10135,COLOURING PENCILS BROWN TUBE,10,2010-12-23 11:24:00,1.25,15235.0,United Kingdom
539933,10133,COLOURING PENCILS BROWN TUBE,10,2010-12-23 11:24:00,0.85,15235.0,United Kingdom
539933,22074,6 RIBBONS SHIMMERING PINKS ,12,2010-12-23 11:24:00,1.65,15235.0,United Kingdom
539933,82613B,"METAL SIGN,CUPCAKE SINGLE HOOK",8,2010-12-23 11:24:00,1.25,15235.0,United Kingdom
539933,82613C,"METAL SIGN,CUPCAKE SINGLE HOOK",8,2010-12-23 11:24:00,1.25,15235.0,United Kingdom
539933,22723,SET OF 6 HERB TINS SKETCHBOOK,4,2010-12-23 11:24:00,3.95,15235.0,United Kingdom
539933,20856,DENIM PATCH PURSE PINK BUTTERFLY,10,2010-12-23 11:24:00,1.65,15235.0,United Kingdom
539933,20854,BLUE PATCH PURSE PINK HEART,10,2010-12-23 11:24:00,1.65,15235.0,United Kingdom
539933,20867,PINK ROSE FABRIC MIRROR,12,2010-12-23 11:24:00,1.25,15235.0,United Kingdom
539933,20866,BLUE ROSE FABRIC MIRROR,12,2010-12-23 11:24:00,1.25,15235.0,United Kingdom
539933,22113,GREY HEART HOT WATER BOTTLE,4,2010-12-23 11:24:00,3.75,15235.0,United Kingdom
539933,21479,WHITE SKULL HOT WATER BOTTLE ,4,2010-12-23 11:24:00,3.75,15235.0,United Kingdom
539933,85230F,JASMINE VOTIVE CANDLE,24,2010-12-23 11:24:00,0.29,15235.0,United Kingdom
539933,72741,GRAND CHOCOLATECANDLE,9,2010-12-23 11:24:00,1.45,15235.0,United Kingdom
539933,72799E,IVORY PILLAR CANDLE SILVER FLOCK,6,2010-12-23 11:24:00,2.95,15235.0,United Kingdom
539933,72799F,IVORY PILLAR CANDLE GOLD FLOCK,6,2010-12-23 11:24:00,2.95,15235.0,United Kingdom
539933,22962,JAM JAR WITH PINK LID,12,2010-12-23 11:24:00,0.85,15235.0,United Kingdom
539933,22960,JAM MAKING SET WITH JARS,6,2010-12-23 11:24:00,4.25,15235.0,United Kingdom
539933,22443,GROW YOUR OWN HERBS SET OF 3,2,2010-12-23 11:24:00,7.95,15235.0,United Kingdom
539933,90108,BLUE BLOSSOM HAIR CLIP,12,2010-12-23 11:24:00,1.05,15235.0,United Kingdom
539933,90003D,CRYSTAL PAIR HEART HAIR SLIDES,4,2010-12-23 11:24:00,3.75,15235.0,United Kingdom
539933,90170,DAISY HAIR BAND,12,2010-12-23 11:24:00,1.65,15235.0,United Kingdom
539933,90173,PAIR BUTTERFLY HAIR CLIPS,8,2010-12-23 11:24:00,3.75,15235.0,United Kingdom
539933,90204,PAIR OF ENAMEL BUTTERFLY HAIRCLIP,4,2010-12-23 11:24:00,3.35,15235.0,United Kingdom
539933,21042,RED RETROSPOT APRON ,3,2010-12-23 11:24:00,5.95,15235.0,United Kingdom
539933,21212,PACK OF 72 RETROSPOT CAKE CASES,24,2010-12-23 11:24:00,0.55,15235.0,United Kingdom
539933,21213,PACK OF 72 SKULL CAKE CASES,24,2010-12-23 11:24:00,0.55,15235.0,United Kingdom
539933,84991,60 TEATIME FAIRY CAKE CASES,24,2010-12-23 11:24:00,0.55,15235.0,United Kingdom
539933,21155,RED RETROSPOT PEG BAG,6,2010-12-23 11:24:00,2.1,15235.0,United Kingdom
539933,22558,CLOTHES PEGS RETROSPOT PACK 24 ,12,2010-12-23 11:24:00,1.49,15235.0,United Kingdom
539933,22554,PLASTERS IN TIN WOODLAND ANIMALS,12,2010-12-23 11:24:00,1.65,15235.0,United Kingdom
539933,22551,PLASTERS IN TIN SPACEBOY,12,2010-12-23 11:24:00,1.65,15235.0,United Kingdom
539933,21216,"SET 3 RETROSPOT TEA,COFFEE,SUGAR",4,2010-12-23 11:24:00,4.95,15235.0,United Kingdom
539933,85232A,SET/3 POLKADOT STACKING TINS,3,2010-12-23 11:24:00,4.95,15235.0,United Kingdom
C539943,22892,SET OF SALT AND PEPPER TOADSTOOLS,-1,2010-12-23 11:36:00,1.25,14032.0,United Kingdom
C539943,22198,LARGE POPCORN HOLDER ,-3,2010-12-23 11:36:00,1.65,14032.0,United Kingdom
C539944,22776,SWEETHEART CAKESTAND 3 TIER,-1,2010-12-23 11:38:00,9.95,14560.0,United Kingdom
C539945,84970S,HANGING HEART ZINC T-LIGHT HOLDER,-1,2010-12-23 11:40:00,0.85,17069.0,United Kingdom
C539945,71459,HANGING JAM JAR T-LIGHT HOLDER,-1,2010-12-23 11:40:00,0.85,17069.0,United Kingdom
C539945,22667,RECIPE BOX RETROSPOT ,-1,2010-12-23 11:40:00,2.95,17069.0,United Kingdom
C539945,22665,RECIPE BOX BLUE SKETCHBOOK DESIGN,-3,2010-12-23 11:40:00,2.95,17069.0,United Kingdom
539946,22326,ROUND SNACK BOXES SET OF4 WOODLAND ,6,2010-12-23 11:46:00,2.95,13817.0,Germany
539946,20712,JUMBO BAG WOODLAND ANIMALS,10,2010-12-23 11:46:00,1.95,13817.0,Germany
539946,20981,12 PENCILS TALL TUBE WOODLAND,12,2010-12-23 11:46:00,0.85,13817.0,Germany
539946,22331,WOODLAND PARTY BAG + STICKER SET,8,2010-12-23 11:46:00,1.65,13817.0,Germany
539946,22333,RETROSPOT PARTY BAG + STICKER SET,8,2010-12-23 11:46:00,1.65,13817.0,Germany
539946,21398,RED POLKADOT COFFEE  MUG,6,2010-12-23 11:46:00,2.1,13817.0,Germany
539946,21392,RED POLKADOT PUDDING BOWL,6,2010-12-23 11:46:00,2.1,13817.0,Germany
539946,21394,RED POLKADOT BEAKER ,6,2010-12-23 11:46:00,1.95,13817.0,Germany
539946,POST,POSTAGE,1,2010-12-23 11:46:00,18.0,13817.0,Germany
C539947,21363,HOME SMALL WOOD LETTERS,-6,2010-12-23 11:47:00,4.95,13854.0,United Kingdom
C539948,21888,BINGO SET,-4,2010-12-23 11:48:00,3.75,,EIRE
C539949,22083,PAPER CHAIN KIT RETROSPOT,-6,2010-12-23 11:49:00,2.95,17581.0,United Kingdom
C539950,85099C,JUMBO  BAG BAROQUE BLACK WHITE,-1,2010-12-23 11:50:00,1.95,13534.0,United Kingdom
C539950,85099B,JUMBO BAG RED RETROSPOT,-10,2010-12-23 11:50:00,1.95,13534.0,United Kingdom
C539950,22720,SET OF 3 CAKE TINS PANTRY DESIGN ,-2,2010-12-23 11:50:00,4.95,13534.0,United Kingdom
539951,85104,SILVER GLASS T-LIGHT SET,1,2010-12-23 11:54:00,2.95,,United Kingdom
539951,21086,SET/6 RED SPOTTY PAPER CUPS,1,2010-12-23 11:54:00,0.65,,United Kingdom
539951,85045,GREEN CHRISTMAS TREE STRING 20LIGHT,1,2010-12-23 11:54:00,4.95,,United Kingdom
539951,22802,FAUX FUR CHOCOLATE THROW,1,2010-12-23 11:54:00,19.95,,United Kingdom
539951,21094,SET/6 RED SPOTTY PAPER PLATES,1,2010-12-23 11:54:00,0.85,,United Kingdom
539951,21080,SET/20 RED RETROSPOT PAPER NAPKINS ,1,2010-12-23 11:54:00,0.85,,United Kingdom
539951,20914,SET/5 RED RETROSPOT LID GLASS BOWLS,1,2010-12-23 11:54:00,2.95,,United Kingdom
539952,72351A,SET/6 TURQUOISE BUTTERFLY T-LIGHTS,2,2010-12-23 11:59:00,2.1,,United Kingdom
539952,72351B,SET/6 PINK  BUTTERFLY T-LIGHTS,2,2010-12-23 11:59:00,2.1,,United Kingdom
539952,85035C,ROSE 3 WICK MORRIS BOX CANDLE,4,2010-12-23 11:59:00,1.25,,United Kingdom
539952,85035A,GARDENIA 3 WICK MORRIS BOXED CANDLE,3,2010-12-23 11:59:00,4.25,,United Kingdom
539953,85018D,YULETIDE IMAGES S/6 PAPER BOXES,1,2010-12-23 12:03:00,2.55,12748.0,United Kingdom
539953,22807,SET OF 6 T-LIGHTS TOADSTOOLS,2,2010-12-23 12:03:00,2.95,12748.0,United Kingdom
539953,22631,CIRCUS PARADE LUNCH BOX ,1,2010-12-23 12:03:00,1.95,12748.0,United Kingdom
539953,22411,JUMBO SHOPPER VINTAGE RED PAISLEY,1,2010-12-23 12:03:00,1.95,12748.0,United Kingdom
539954,72802A,ROSE SCENT CANDLE IN JEWELLED BOX,12,2010-12-23 12:04:00,3.81,13777.0,United Kingdom
539954,21864,UNION JACK FLAG PASSPORT COVER ,30,2010-12-23 12:04:00,1.69,13777.0,United Kingdom
539954,21354,TOAST ITS - BEST MUM,24,2010-12-23 12:04:00,1.05,13777.0,United Kingdom
539955,20712,JUMBO BAG WOODLAND ANIMALS,1,2010-12-23 12:13:00,5.06,,United Kingdom
539955,20718,RED RETROSPOT SHOPPER BAG,1,2010-12-23 12:13:00,3.36,,United Kingdom
539955,20719,WOODLAND CHARLOTTE BAG,4,2010-12-23 12:13:00,2.51,,United Kingdom
539955,20723,STRAWBERRY CHARLOTTE BAG,3,2010-12-23 12:13:00,2.51,,United Kingdom
539955,20724,RED RETROSPOT CHARLOTTE BAG,4,2010-12-23 12:13:00,2.51,,United Kingdom
539955,20726,LUNCH BAG WOODLAND,1,2010-12-23 12:13:00,5.06,,United Kingdom
539955,20728,LUNCH BAG CARS BLUE,1,2010-12-23 12:13:00,4.21,,United Kingdom
539955,20734,SILVER MINI TAPE MEASURE ,2,2010-12-23 12:13:00,1.66,,United Kingdom
539955,20960,WATERMELON BATH SPONGE,1,2010-12-23 12:13:00,2.51,,United Kingdom
539955,21213,PACK OF 72 SKULL CAKE CASES,1,2010-12-23 12:13:00,2.13,,United Kingdom
539955,21328,BALLOONS  WRITING SET ,1,2010-12-23 12:13:00,3.36,,United Kingdom
539955,21479,WHITE SKULL HOT WATER BOTTLE ,18,2010-12-23 12:13:00,8.47,,United Kingdom
539955,21481,FAWN BLUE HOT WATER BOTTLE,5,2010-12-23 12:13:00,6.77,,United Kingdom
539955,21484,CHICK GREY HOT WATER BOTTLE,2,2010-12-23 12:13:00,8.47,,United Kingdom
539955,21524,DOORMAT SPOTTY HOME SWEET HOME,2,2010-12-23 12:13:00,16.98,,United Kingdom
539955,21864,UNION JACK FLAG PASSPORT COVER ,1,2010-12-23 12:13:00,4.21,,United Kingdom
539955,21866,UNION JACK FLAG LUGGAGE TAG,1,2010-12-23 12:13:00,3.36,,United Kingdom
539955,21929,JUMBO BAG PINK VINTAGE PAISLEY,4,2010-12-23 12:13:00,5.06,,United Kingdom
539955,21930,JUMBO STORAGE BAG SKULLS,3,2010-12-23 12:13:00,4.21,,United Kingdom
539955,21931,JUMBO STORAGE BAG SUKI,3,2010-12-23 12:13:00,5.06,,United Kingdom
539955,21934,SKULL SHOULDER BAG,2,2010-12-23 12:13:00,3.36,,United Kingdom
539955,21955,DOORMAT UNION JACK GUNS AND ROSES,2,2010-12-23 12:13:00,12.72,,United Kingdom
539955,21989,PACK OF 20 SKULL PAPER NAPKINS,1,2010-12-23 12:13:00,1.66,,United Kingdom
539955,22082,RIBBON REEL STRIPES DESIGN ,1,2010-12-23 12:13:00,4.21,,United Kingdom
539955,22110,BIRD HOUSE HOT WATER BOTTLE,3,2010-12-23 12:13:00,7.62,,United Kingdom
539955,22112,CHOCOLATE HOT WATER BOTTLE,3,2010-12-23 12:13:00,12.72,,United Kingdom
539955,22114,HOT WATER BOTTLE TEA AND SYMPATHY,2,2010-12-23 12:13:00,9.32,,United Kingdom
539955,22355,CHARLOTTE BAG SUKI DESIGN,14,2010-12-23 12:13:00,2.51,,United Kingdom
539955,22356,CHARLOTTE BAG PINK POLKADOT,2,2010-12-23 12:13:00,2.51,,United Kingdom
539955,22367,CHILDRENS APRON SPACEBOY DESIGN,1,2010-12-23 12:13:00,5.06,,United Kingdom
539955,22411,JUMBO SHOPPER VINTAGE RED PAISLEY,2,2010-12-23 12:13:00,4.21,,United Kingdom
539955,22423,REGENCY CAKESTAND 3 TIER,5,2010-12-23 12:13:00,25.49,,United Kingdom
539955,22553,PLASTERS IN TIN SKULLS,2,2010-12-23 12:13:00,3.36,,United Kingdom
539955,22644,CERAMIC CHERRY CAKE MONEY BANK,1,2010-12-23 12:13:00,4.21,,United Kingdom
539955,22646,CERAMIC STRAWBERRY CAKE MONEY BANK,2,2010-12-23 12:13:00,4.21,,United Kingdom
539955,22652,TRAVEL SEWING KIT,1,2010-12-23 12:13:00,4.21,,United Kingdom
539955,22654,DELUXE SEWING KIT ,1,2010-12-23 12:13:00,12.72,,United Kingdom
539955,22690,DOORMAT HOME SWEET HOME BLUE ,1,2010-12-23 12:13:00,12.72,,United Kingdom
539955,22692,DOORMAT WELCOME TO OUR HOME,1,2010-12-23 12:13:00,16.98,,United Kingdom
539955,22694,WICKER STAR ,1,2010-12-23 12:13:00,3.36,,United Kingdom
539955,22739,RIBBON REEL CHRISTMAS SOCK BAUBLE,1,2010-12-23 12:13:00,4.21,,United Kingdom
539955,22835,HOT WATER BOTTLE I AM SO POORLY,2,2010-12-23 12:13:00,7.62,,United Kingdom
539955,47559b,TEA TIME OVEN GLOVE,4,2010-12-23 12:13:00,3.36,,United Kingdom
539955,48187,DOORMAT NEW ENGLAND,1,2010-12-23 12:13:00,12.72,,United Kingdom
539955,82494l,WOODEN FRAME ANTIQUE WHITE ,2,2010-12-23 12:13:00,8.47,,United Kingdom
539955,84029E,RED WOOLLY HOTTIE WHITE HEART.,1,2010-12-23 12:13:00,8.47,,United Kingdom
539955,84029G,KNITTED UNION FLAG HOT WATER BOTTLE,12,2010-12-23 12:13:00,8.47,,United Kingdom
539955,84030e,ENGLISH ROSE HOT WATER BOTTLE,4,2010-12-23 12:13:00,5.91,,United Kingdom
539955,84031A,CHARLIE+LOLA RED HOT WATER BOTTLE ,3,2010-12-23 12:13:00,9.32,,United Kingdom
539955,84031B,CHARLIE LOLA BLUE HOT WATER BOTTLE ,1,2010-12-23 12:13:00,9.32,,United Kingdom
539955,84380,SET OF 3 BUTTERFLY COOKIE CUTTERS,1,2010-12-23 12:13:00,3.36,,United Kingdom
539955,84692,BOX OF 24 COCKTAIL PARASOLS,1,2010-12-23 12:13:00,1.66,,United Kingdom
539955,85099f,JUMBO BAG STRAWBERRY,1,2010-12-23 12:13:00,5.06,,United Kingdom
C539956,35004C,SET OF 3 COLOURED  FLYING DUCKS,-15,2010-12-23 12:55:00,4.65,12980.0,United Kingdom
539957,22138,BAKING SET 9 PIECE RETROSPOT ,3,2010-12-23 12:58:00,4.95,12585.0,Germany
539957,84879,ASSORTED COLOUR BIRD ORNAMENT,16,2010-12-23 12:58:00,1.69,12585.0,Germany
539957,21136,PAINTED METAL PEARS ASSORTED,16,2010-12-23 12:58:00,1.69,12585.0,Germany
539957,22605,WOODEN CROQUET GARDEN SET,2,2010-12-23 12:58:00,14.95,12585.0,Germany
539957,22606,WOODEN SKITTLES GARDEN SET,2,2010-12-23 12:58:00,15.95,12585.0,Germany
539957,22777,GLASS CLOCHE LARGE,12,2010-12-23 12:58:00,7.65,12585.0,Germany
539957,22778,GLASS CLOCHE SMALL,8,2010-12-23 12:58:00,3.95,12585.0,Germany
539957,84945,MULTI COLOUR SILVER T-LIGHT HOLDER,24,2010-12-23 12:58:00,0.85,12585.0,Germany
539957,21175,GIN + TONIC DIET METAL SIGN,12,2010-12-23 12:58:00,2.1,12585.0,Germany
539957,85152,HAND OVER THE CHOCOLATE   SIGN ,12,2010-12-23 12:58:00,2.1,12585.0,Germany
539957,22948,METAL DECORATION NAUGHTY CHILDREN ,24,2010-12-23 12:58:00,0.85,12585.0,Germany
539957,22398,MAGNETS PACK OF 4 SWALLOWS,24,2010-12-23 12:58:00,1.25,12585.0,Germany
539957,22399,MAGNETS PACK OF 4 CHILDHOOD MEMORY,12,2010-12-23 12:58:00,1.25,12585.0,Germany
539957,22400,MAGNETS PACK OF 4 HOME SWEET HOME,12,2010-12-23 12:58:00,1.25,12585.0,Germany
539957,22567,20 DOLLY PEGS RETROSPOT,12,2010-12-23 12:58:00,1.25,12585.0,Germany
539957,22558,CLOTHES PEGS RETROSPOT PACK 24 ,12,2010-12-23 12:58:00,1.49,12585.0,Germany
539957,21668,RED STRIPE CERAMIC DRAWER KNOB,12,2010-12-23 12:58:00,1.25,12585.0,Germany
539957,21669,BLUE STRIPE CERAMIC DRAWER KNOB,12,2010-12-23 12:58:00,1.25,12585.0,Germany
539957,21672,WHITE SPOT RED CERAMIC DRAWER KNOB,12,2010-12-23 12:58:00,1.25,12585.0,Germany
539957,21673,WHITE SPOT BLUE CERAMIC DRAWER KNOB,12,2010-12-23 12:58:00,1.25,12585.0,Germany
539957,22772,PINK DRAWER KNOB ACRYLIC EDWARDIAN,12,2010-12-23 12:58:00,1.25,12585.0,Germany
539957,22773,GREEN DRAWER KNOB ACRYLIC EDWARDIAN,12,2010-12-23 12:58:00,1.25,12585.0,Germany
539957,22805,BLUE DRAWER KNOB ACRYLIC EDWARDIAN,12,2010-12-23 12:58:00,1.25,12585.0,Germany
539957,22785,SQUARECUSHION COVER PINK UNION FLAG,2,2010-12-23 12:58:00,6.75,12585.0,Germany
539957,22786,CUSHION COVER PINK UNION JACK,2,2010-12-23 12:58:00,5.95,12585.0,Germany
539957,22638,SET OF 4 NAPKIN CHARMS CROWNS ,6,2010-12-23 12:58:00,2.55,12585.0,Germany
539957,22640,SET OF 4 NAPKIN CHARMS 3 KEYS ,6,2010-12-23 12:58:00,2.55,12585.0,Germany
539957,22604,SET OF 4 NAPKIN CHARMS CUTLERY,6,2010-12-23 12:58:00,2.55,12585.0,Germany
539957,22316,200 BENDY SKULL STRAWS,12,2010-12-23 12:58:00,1.25,12585.0,Germany
539957,84991,60 TEATIME FAIRY CAKE CASES,24,2010-12-23 12:58:00,0.55,12585.0,Germany
539957,22951,60 CAKE CASES DOLLY GIRL DESIGN,24,2010-12-23 12:58:00,0.55,12585.0,Germany
539957,21212,PACK OF 72 RETROSPOT CAKE CASES,24,2010-12-23 12:58:00,0.55,12585.0,Germany
539957,21975,PACK OF 60 DINOSAUR CAKE CASES,24,2010-12-23 12:58:00,0.55,12585.0,Germany
539957,21213,PACK OF 72 SKULL CAKE CASES,24,2010-12-23 12:58:00,0.55,12585.0,Germany
539957,84987,SET OF 36 TEATIME PAPER DOILIES,12,2010-12-23 12:58:00,1.45,12585.0,Germany
539957,22949,36 DOILIES DOLLY GIRL,12,2010-12-23 12:58:00,1.45,12585.0,Germany
539957,21210,SET OF 72 RETROSPOT PAPER  DOILIES,12,2010-12-23 12:58:00,1.45,12585.0,Germany
539957,84988,SET OF 72 PINK HEART PAPER DOILIES,12,2010-12-23 12:58:00,1.45,12585.0,Germany
539957,21211,SET OF 72 SKULL PAPER  DOILIES,12,2010-12-23 12:58:00,1.45,12585.0,Germany
539957,21972,SET OF 36 DINOSAUR PAPER DOILIES,12,2010-12-23 12:58:00,1.45,12585.0,Germany
539957,22423,REGENCY CAKESTAND 3 TIER,2,2010-12-23 12:58:00,12.75,12585.0,Germany
539957,22720,SET OF 3 CAKE TINS PANTRY DESIGN ,3,2010-12-23 12:58:00,4.95,12585.0,Germany
539957,22961,JAM MAKING SET PRINTED,12,2010-12-23 12:58:00,1.45,12585.0,Germany
539957,21622,VINTAGE UNION JACK CUSHION COVER,4,2010-12-23 12:58:00,4.95,12585.0,Germany
539957,21625,VINTAGE UNION JACK APRON,3,2010-12-23 12:58:00,6.95,12585.0,Germany
539957,22091,EMPIRE TISSUE BOX,12,2010-12-23 12:58:00,1.25,12585.0,Germany
539957,22076,6 RIBBONS EMPIRE  ,12,2010-12-23 12:58:00,1.65,12585.0,Germany
539957,22851,SET 20 NAPKINS FAIRY CAKES DESIGN ,12,2010-12-23 12:58:00,0.85,12585.0,Germany
539957,20828,GLITTER BUTTERFLY CLIPS,12,2010-12-23 12:58:00,2.55,12585.0,Germany
539957,22616,PACK OF 12 LONDON TISSUES ,24,2010-12-23 12:58:00,0.29,12585.0,Germany
539957,21967,PACK OF 12 SKULL TISSUES,24,2010-12-23 12:58:00,0.29,12585.0,Germany
539957,21982,PACK OF 12 SUKI TISSUES ,24,2010-12-23 12:58:00,0.29,12585.0,Germany
539957,22047,EMPIRE GIFT WRAP,25,2010-12-23 12:58:00,0.42,12585.0,Germany
539957,22046,TEA PARTY  WRAPPING PAPER ,25,2010-12-23 12:58:00,0.42,12585.0,Germany
539957,22048,BIRTHDAY BANQUET GIFT WRAP,25,2010-12-23 12:58:00,0.42,12585.0,Germany
539957,16156S,WRAP PINK FAIRY CAKES ,25,2010-12-23 12:58:00,0.42,12585.0,Germany
539957,22706,WRAP COWBOYS  ,25,2010-12-23 12:58:00,0.42,12585.0,Germany
539957,20971,PINK BLUE FELT CRAFT TRINKET BOX,12,2010-12-23 12:58:00,1.25,12585.0,Germany
539957,22272,FELTCRAFT DOLL MARIA,6,2010-12-23 12:58:00,2.95,12585.0,Germany
539957,22751,FELTCRAFT PRINCESS OLIVIA DOLL,4,2010-12-23 12:58:00,3.75,12585.0,Germany
539957,22533,MAGIC DRAWING SLATE BAKE A CAKE ,24,2010-12-23 12:58:00,0.42,12585.0,Germany
539957,22534,MAGIC DRAWING SLATE SPACEBOY ,24,2010-12-23 12:58:00,0.42,12585.0,Germany
539957,22634,CHILDS BREAKFAST SET SPACEBOY ,2,2010-12-23 12:58:00,9.95,12585.0,Germany
539957,22555,PLASTERS IN TIN STRONGMAN,12,2010-12-23 12:58:00,1.65,12585.0,Germany
539957,POST,POSTAGE,6,2010-12-23 12:58:00,18.0,12585.0,Germany
539958,20856,DENIM PATCH PURSE PINK BUTTERFLY,5,2010-12-23 13:26:00,1.66,,United Kingdom
539958,20866,BLUE ROSE FABRIC MIRROR,10,2010-12-23 13:26:00,0.85,,United Kingdom
539958,20867,PINK ROSE FABRIC MIRROR,4,2010-12-23 13:26:00,0.85,,United Kingdom
539958,20868,SILVER FABRIC MIRROR,35,2010-12-23 13:26:00,0.85,,United Kingdom
539958,20869,GOLD FABRIC MIRROR,8,2010-12-23 13:26:00,0.85,,United Kingdom
539958,20914,SET/5 RED RETROSPOT LID GLASS BOWLS,1,2010-12-23 13:26:00,5.91,,United Kingdom
539958,20972,PINK CREAM FELT CRAFT TRINKET BOX ,1,2010-12-23 13:26:00,2.51,,United Kingdom
539958,20998,ROSE DU SUD OVEN GLOVE,3,2010-12-23 13:26:00,3.36,,United Kingdom
539958,21002,ROSE DU SUD DRAWSTRING BAG,7,2010-12-23 13:26:00,3.36,,United Kingdom
539958,21012,ANTIQUE ALL GLASS CANDLESTICK,26,2010-12-23 13:26:00,2.51,,United Kingdom
539958,21014,SWISS CHALET TREE DECORATION ,1,2010-12-23 13:26:00,1.28,,United Kingdom
539958,21015,DARK BIRD HOUSE TREE DECORATION,1,2010-12-23 13:26:00,1.28,,United Kingdom
539958,21025,SPACE FROG,2,2010-12-23 13:26:00,0.85,,United Kingdom
539958,21026,SPACE OWL,10,2010-12-23 13:26:00,0.85,,United Kingdom
539958,21027,NINJA RABBIT PINK,3,2010-12-23 13:26:00,0.85,,United Kingdom
539958,21028,NINJA RABBIT BLACK,3,2010-12-23 13:26:00,0.85,,United Kingdom
539958,21030,SPACE CADET RED,3,2010-12-23 13:26:00,0.85,,United Kingdom
539958,21031,SPACE CADET BLACK,2,2010-12-23 13:26:00,0.85,,United Kingdom
539958,21032,SPACE CADET WHITE,4,2010-12-23 13:26:00,0.85,,United Kingdom
539958,21033,JUMBO BAG CHARLIE AND LOLA TOYS,26,2010-12-23 13:26:00,2.51,,United Kingdom
539958,21043,APRON MODERN VINTAGE COTTON,4,2010-12-23 13:26:00,4.21,,United Kingdom
539958,21051,RIBBONS PURSE ,3,2010-12-23 13:26:00,1.66,,United Kingdom
539958,21068,VINTAGE BILLBOARD LOVE/HATE MUG,1,2010-12-23 13:26:00,2.51,,United Kingdom
539958,21069,VINTAGE BILLBOARD TEA MUG,1,2010-12-23 13:26:00,2.51,,United Kingdom
539958,21071,VINTAGE BILLBOARD DRINK ME MUG,1,2010-12-23 13:26:00,2.51,,United Kingdom
539958,21080,SET/20 RED RETROSPOT PAPER NAPKINS ,3,2010-12-23 13:26:00,1.66,,United Kingdom
539958,21094,SET/6 RED SPOTTY PAPER PLATES,5,2010-12-23 13:26:00,1.66,,United Kingdom
539958,21098,CHRISTMAS TOILET ROLL,9,2010-12-23 13:26:00,2.51,,United Kingdom
539958,21109,LARGE CAKE TOWEL CHOCOLATE SPOTS,2,2010-12-23 13:26:00,4.21,,United Kingdom
539958,21110,LARGE CAKE TOWEL PINK SPOTS,7,2010-12-23 13:26:00,4.21,,United Kingdom
539958,21111,"SWISS ROLL TOWEL, CHOCOLATE  SPOTS",3,2010-12-23 13:26:00,2.51,,United Kingdom
539958,84596F,SMALL MARSHMALLOWS PINK BOWL,29,2010-12-23 13:26:00,0.85,,United Kingdom
539958,84596G,SMALL CHOCOLATES PINK BOWL,10,2010-12-23 13:26:00,0.85,,United Kingdom
539958,84596J,MIXED NUTS LIGHT GREEN BOWL,4,2010-12-23 13:26:00,0.85,,United Kingdom
539958,84596L,BISCUITS SMALL BOWL LIGHT BLUE,23,2010-12-23 13:26:00,0.85,,United Kingdom
539958,84659A,WHITE TRAVEL ALARM CLOCK,4,2010-12-23 13:26:00,2.51,,United Kingdom
539958,84660A,WHITE STITCHED WALL CLOCK,1,2010-12-23 13:26:00,3.36,,United Kingdom
539958,84660C,PINK STITCHED WALL CLOCK,1,2010-12-23 13:26:00,3.36,,United Kingdom
539958,84661B,BLACK SQUARE TABLE CLOCK,1,2010-12-23 13:26:00,2.51,,United Kingdom
539958,84692,BOX OF 24 COCKTAIL PARASOLS,1,2010-12-23 13:26:00,0.85,,United Kingdom
539958,84748,FOLK FELT HANGING MULTICOL GARLAND,15,2010-12-23 13:26:00,2.51,,United Kingdom
539958,84846A,SCENTED CANDLE IN DIGITALIS TIN,1,2010-12-23 13:26:00,4.21,,United Kingdom
539958,84870B,BLUE GEISHA GIRL ,4,2010-12-23 13:26:00,2.51,,United Kingdom
539958,84870C,GREEN GEISHA GIRL ,1,2010-12-23 13:26:00,2.51,,United Kingdom
539958,84913A,SOFT PINK ROSE TOWEL ,2,2010-12-23 13:26:00,3.36,,United Kingdom
539958,84913B,MINT GREEN ROSE TOWEL,3,2010-12-23 13:26:00,3.36,,United Kingdom
539958,84923,PINK BUTTERFLY HANDBAG W BOBBLES,1,2010-12-23 13:26:00,4.21,,United Kingdom
539958,84931A,PINK SCOTTIE DOG W FLOWER PATTERN,1,2010-12-23 13:26:00,1.66,,United Kingdom
539958,84931B,BLUE SCOTTIE DOG W FLOWER PATTERN,6,2010-12-23 13:26:00,1.66,,United Kingdom
539958,84945,MULTI COLOUR SILVER T-LIGHT HOLDER,6,2010-12-23 13:26:00,1.84,,United Kingdom
539958,84946,ANTIQUE SILVER TEA GLASS ETCHED,6,2010-12-23 13:26:00,2.51,,United Kingdom
539958,84949,SILVER HANGING T-LIGHT HOLDER,2,2010-12-23 13:26:00,3.36,,United Kingdom
539958,84951A,SET OF 4 PISTACHIO LOVEBIRD COASTER,6,2010-12-23 13:26:00,1.66,,United Kingdom
539958,84951B,SET OF 4 BLACK LOVEBIRD COASTERS,7,2010-12-23 13:26:00,1.66,,United Kingdom
539958,84952A,CLEAR LOVE BIRD T-LIGHT HOLDER,7,2010-12-23 13:26:00,1.66,,United Kingdom
539958,84968A,SET OF 16 VINTAGE ROSE CUTLERY,9,2010-12-23 13:26:00,8.47,,United Kingdom
539958,84968C,SET OF 16 VINTAGE PISTACHIO CUTLERY,4,2010-12-23 13:26:00,8.47,,United Kingdom
539958,84968D,SET OF 16 VINTAGE RED CUTLERY,3,2010-12-23 13:26:00,8.47,,United Kingdom
539958,84968E,SET OF 16 VINTAGE BLACK CUTLERY,1,2010-12-23 13:26:00,8.47,,United Kingdom
539958,84968F,SET OF 16 VINTAGE SKY BLUE CUTLERY,3,2010-12-23 13:26:00,8.47,,United Kingdom
539958,84969,BOX OF 6 ASSORTED COLOUR TEASPOONS,2,2010-12-23 13:26:00,3.36,,United Kingdom
539958,85032D,YULETIDE IMAGES GIFT WRAP SET,2,2010-12-23 13:26:00,1.66,,United Kingdom
539958,85034B,3 WHITE CHOC MORRIS BOXED CANDLES,5,2010-12-23 13:26:00,3.36,,United Kingdom
539958,21112,"SWISS ROLL TOWEL, PINK  SPOTS",5,2010-12-23 13:26:00,2.51,,United Kingdom
539958,85034C,3 ROSE MORRIS BOXED CANDLES,3,2010-12-23 13:26:00,3.36,,United Kingdom
539958,21115,ROSE CARAVAN DOORSTOP,1,2010-12-23 13:26:00,14.43,,United Kingdom
539958,21147,JINGLE BELLS TREE DECORATION,3,2010-12-23 13:26:00,2.51,,United Kingdom
539958,21181,PLEASE ONE PERSON METAL SIGN,1,2010-12-23 13:26:00,4.21,,United Kingdom
539958,21195,PINK  HONEYCOMB PAPER BALL ,5,2010-12-23 13:26:00,1.66,,United Kingdom
539958,21195,PINK  HONEYCOMB PAPER BALL ,1,2010-12-23 13:26:00,4.21,,United Kingdom
539958,21200,MULTICOLOUR HONEYCOMB PAPER GARLAND,1,2010-12-23 13:26:00,1.66,,United Kingdom
539958,21205,MULTICOLOUR 3D BALLS GARLAND,2,2010-12-23 13:26:00,2.51,,United Kingdom
539958,21219,SET/4 BADGES BALLOON GIRL,12,2010-12-23 13:26:00,0.85,,United Kingdom
539958,21220,SET/4 BADGES DOGS,6,2010-12-23 13:26:00,0.85,,United Kingdom
539958,21221,SET/4 BADGES CUTE CREATURES,3,2010-12-23 13:26:00,0.85,,United Kingdom
539958,21222,SET/4 BADGES BEETLES,5,2010-12-23 13:26:00,0.85,,United Kingdom
539958,21270,ANTIQUE CREAM CUTLERY CUPBOARD,1,2010-12-23 13:26:00,8.47,,United Kingdom
539958,21327,SKULLS WRITING SET ,2,2010-12-23 13:26:00,3.36,,United Kingdom
539958,21454,PAINTED PINK RABBIT ,2,2010-12-23 13:26:00,1.66,,United Kingdom
539958,21484,CHICK GREY HOT WATER BOTTLE,1,2010-12-23 13:26:00,7.62,,United Kingdom
539958,21494,ROTATING LEAVES T-LIGHT HOLDER,18,2010-12-23 13:26:00,1.66,,United Kingdom
539958,21507,"ELEPHANT, BIRTHDAY CARD, ",1,2010-12-23 13:26:00,0.85,,United Kingdom
539958,21508,VINTAGE KID DOLLY CARD ,2,2010-12-23 13:26:00,0.85,,United Kingdom
539958,21509,COWBOYS AND INDIANS BIRTHDAY CARD ,1,2010-12-23 13:26:00,0.85,,United Kingdom
539958,21518,BANK ACCOUNT  GREETING  CARD ,8,2010-12-23 13:26:00,0.43,,United Kingdom
539958,21519,GIN & TONIC DIET GREETING CARD ,1,2010-12-23 13:26:00,0.85,,United Kingdom
539958,21520,BOOZE & WOMEN GREETING CARD ,7,2010-12-23 13:26:00,0.43,,United Kingdom
539958,21528,DAIRY MAID TRADITIONAL TEAPOT ,1,2010-12-23 13:26:00,13.57,,United Kingdom
539958,21534,DAIRY MAID LARGE MILK JUG,1,2010-12-23 13:26:00,10.17,,United Kingdom
539958,21544,SKULLS  WATER TRANSFER TATTOOS ,1,2010-12-23 13:26:00,1.66,,United Kingdom
539958,21556,CERAMIC STRAWBERRY MONEY BOX,3,2010-12-23 13:26:00,2.51,,United Kingdom
539958,21557,SET OF 6 FUNKY BEAKERS,12,2010-12-23 13:26:00,2.51,,United Kingdom
539958,21615,4 LAVENDER BOTANICAL DINNER CANDLES,1,2010-12-23 13:26:00,2.51,,United Kingdom
539958,21618,4 WILDFLOWER BOTANICAL CANDLES,4,2010-12-23 13:26:00,2.51,,United Kingdom
539958,21619,4 VANILLA BOTANICAL CANDLES,4,2010-12-23 13:26:00,2.51,,United Kingdom
539958,21620,SET OF 4 ROSE BOTANICAL CANDLES,1,2010-12-23 13:26:00,2.51,,United Kingdom
539958,21631,HIPPY CHIC DECORATIVE PARASOL,2,2010-12-23 13:26:00,8.47,,United Kingdom
539958,21632,VINTAGE PINK DECORATIVE PARASOL,1,2010-12-23 13:26:00,8.47,,United Kingdom
539958,85035B,CHOCOLATE 3 WICK MORRIS BOX CANDLE,5,2010-12-23 13:26:00,3.36,,United Kingdom
539958,85035C,ROSE 3 WICK MORRIS BOX CANDLE,3,2010-12-23 13:26:00,3.36,,United Kingdom
539958,85036B,CHOCOLATE 1 WICK MORRIS BOX CANDLE,1,2010-12-23 13:26:00,3.36,,United Kingdom
539958,85036C,ROSE 1 WICK MORRIS BOXED CANDLE,3,2010-12-23 13:26:00,3.36,,United Kingdom
539958,85039B,S/4 IVORY MINI ROSE CANDLE IN BOWL,3,2010-12-23 13:26:00,1.66,,United Kingdom
539958,85039C,S/4 BLACK MINI ROSE CANDLE IN BOWL,1,2010-12-23 13:26:00,1.66,,United Kingdom
539958,85049H,URBAN BLACK RIBBONS ,15,2010-12-23 13:26:00,0.85,,United Kingdom
539958,85059,FRENCH ENAMEL WATER BASIN,9,2010-12-23 13:26:00,3.36,,United Kingdom
539958,85064,CREAM SWEETHEART LETTER RACK,2,2010-12-23 13:26:00,11.02,,United Kingdom
539958,85071A,BLUE CHARLIE+LOLA PERSONAL DOORSIGN,7,2010-12-23 13:26:00,0.85,,United Kingdom
539958,85071B,RED CHARLIE+LOLA PERSONAL DOORSIGN,2,2010-12-23 13:26:00,0.85,,United Kingdom
539958,85071C,"CHARLIE+LOLA""EXTREMELY BUSY"" SIGN",8,2010-12-23 13:26:00,0.85,,United Kingdom
539958,85071D,CHARLIE+LOLA MY ROOM DOOR SIGN,5,2010-12-23 13:26:00,0.85,,United Kingdom
539958,85087,CANDY SPOT CUSHION COVER,5,2010-12-23 13:26:00,3.36,,United Kingdom
539958,85088,CANDY SPOT HAND BAG,5,2010-12-23 13:26:00,1.66,,United Kingdom
539958,85094,CANDY SPOT EGG WARMER RABBIT,10,2010-12-23 13:26:00,0.85,,United Kingdom
539958,85099B,JUMBO BAG RED RETROSPOT,1,2010-12-23 13:26:00,4.21,,United Kingdom
539958,85099F,JUMBO BAG STRAWBERRY,1,2010-12-23 13:26:00,4.21,,United Kingdom
539958,85103,SILVER T-LIGHT SETTING,2,2010-12-23 13:26:00,5.91,,United Kingdom
539958,85118,HEART T-LIGHT HOLDER,1,2010-12-23 13:26:00,2.51,,United Kingdom
539958,21633,SUNFLOWER DECORATIVE PARASOL,3,2010-12-23 13:26:00,8.47,,United Kingdom
539958,21650,ASSORTED TUTTI FRUTTI BRACELET,8,2010-12-23 13:26:00,0.43,,United Kingdom
539958,21668,RED STRIPE CERAMIC DRAWER KNOB,2,2010-12-23 13:26:00,2.51,,United Kingdom
539958,21675,BUTTERFLIES STICKERS,6,2010-12-23 13:26:00,0.81,,United Kingdom
539958,21676,FLOWERS  STICKERS,3,2010-12-23 13:26:00,0.81,,United Kingdom
539958,21677,HEARTS  STICKERS,4,2010-12-23 13:26:00,0.81,,United Kingdom
539958,21706,FOLDING UMBRELLA RED/WHITE POLKADOT,7,2010-12-23 13:26:00,3.36,,United Kingdom
539958,21707,FOLDING UMBRELLA BLACKBLUE POLKADOT,2,2010-12-23 13:26:00,3.36,,United Kingdom
539958,21708,FOLDING UMBRELLA CREAM POLKADOT,2,2010-12-23 13:26:00,3.36,,United Kingdom
539958,21709,FOLDING UMBRELLA CHOCOLATE POLKADOT,1,2010-12-23 13:26:00,3.36,,United Kingdom
539958,21713,CITRONELLA CANDLE FLOWERPOT,2,2010-12-23 13:26:00,4.21,,United Kingdom
539958,21731,RED TOADSTOOL LED NIGHT LIGHT,1,2010-12-23 13:26:00,3.36,,United Kingdom
539958,21773,DECORATIVE ROSE BATHROOM BOTTLE,12,2010-12-23 13:26:00,1.28,,United Kingdom
539958,21774,DECORATIVE CATS BATHROOM BOTTLE,15,2010-12-23 13:26:00,1.28,,United Kingdom
539958,21775,DECORATIVE FLORE BATHROOM BOTTLE,12,2010-12-23 13:26:00,1.28,,United Kingdom
539958,21786,POLKADOT RAIN HAT ,1,2010-12-23 13:26:00,0.85,,United Kingdom
539958,21790,VINTAGE SNAP CARDS,1,2010-12-23 13:26:00,1.66,,United Kingdom
539958,21801,CHRISTMAS TREE DECORATION WITH BELL,25,2010-12-23 13:26:00,0.43,,United Kingdom
539958,21802,CHRISTMAS TREE HEART DECORATION,21,2010-12-23 13:26:00,0.43,,United Kingdom
539958,21803,CHRISTMAS TREE STAR DECORATION,19,2010-12-23 13:26:00,0.43,,United Kingdom
539958,21821,GLITTER STAR GARLAND WITH BELLS ,1,2010-12-23 13:26:00,7.62,,United Kingdom
539958,21830,ASSORTED CREEPY CRAWLIES,1,2010-12-23 13:26:00,0.85,,United Kingdom
539958,21846,PINK DIAMANTE PEN IN GIFT BOX,31,2010-12-23 13:26:00,1.66,,United Kingdom
539958,21847,GREEN  DIAMANTE PEN IN GIFT BOX,2,2010-12-23 13:26:00,1.66,,United Kingdom
539958,21849,SILVER DIAMANTE PEN IN GIFT BOX,6,2010-12-23 13:26:00,1.66,,United Kingdom
539958,21866,UNION JACK FLAG LUGGAGE TAG,1,2010-12-23 13:26:00,2.51,,United Kingdom
539958,21870,I CAN ONLY PLEASE ONE PERSON MUG,2,2010-12-23 13:26:00,3.36,,United Kingdom
539958,21873,IF YOU CAN'T STAND THE HEAT MUG,1,2010-12-23 13:26:00,1.66,,United Kingdom
539958,21876,POTTERING MUG,2,2010-12-23 13:26:00,1.66,,United Kingdom
539958,21877,HOME SWEET HOME MUG,2,2010-12-23 13:26:00,3.36,,United Kingdom
539958,21878,PACK OF 6 SANDCASTLE FLAGS ASSORTED,1,2010-12-23 13:26:00,1.66,,United Kingdom
539958,21879,HEARTS GIFT TAPE,16,2010-12-23 13:26:00,0.43,,United Kingdom
539958,21880,RED RETROSPOT TAPE,2,2010-12-23 13:26:00,0.43,,United Kingdom
539958,21881,CUTE CATS TAPE,18,2010-12-23 13:26:00,0.43,,United Kingdom
539958,21882,SKULLS TAPE,11,2010-12-23 13:26:00,0.43,,United Kingdom
539958,21883,STARS GIFT TAPE ,41,2010-12-23 13:26:00,0.43,,United Kingdom
539958,85129D,BEADED CRYSTAL HEART PINK SMALL,2,2010-12-23 13:26:00,2.51,,United Kingdom
539958,21884,CAKES AND BOWS GIFT  TAPE,12,2010-12-23 13:26:00,0.43,,United Kingdom
539958,21891,TRADITIONAL WOODEN SKIPPING ROPE,2,2010-12-23 13:26:00,2.51,,United Kingdom
539958,21892,TRADITIONAL WOODEN CATCH CUP GAME ,3,2010-12-23 13:26:00,2.51,,United Kingdom
539958,21908,CHOCOLATE THIS WAY METAL SIGN,2,2010-12-23 13:26:00,4.21,,United Kingdom
539958,21913,VINTAGE SEASIDE JIGSAW PUZZLES,4,2010-12-23 13:26:00,3.36,,United Kingdom
539958,21918,SET 12 KIDS COLOUR  CHALK STICKS,4,2010-12-23 13:26:00,0.85,,United Kingdom
539958,21930,JUMBO STORAGE BAG SKULLS,1,2010-12-23 13:26:00,4.21,,United Kingdom
539958,21934,SKULL SHOULDER BAG,19,2010-12-23 13:26:00,1.66,,United Kingdom
539958,21935,SUKI  SHOULDER BAG,22,2010-12-23 13:26:00,1.66,,United Kingdom
539958,21947,SET OF 6 HEART CHOPSTICKS,3,2010-12-23 13:26:00,1.28,,United Kingdom
539958,21948,SET OF 6 CAKE CHOPSTICKS,5,2010-12-23 13:26:00,1.28,,United Kingdom
539958,21949,SET OF 6 STRAWBERRY CHOPSTICKS,8,2010-12-23 13:26:00,1.28,,United Kingdom
539958,21974,SET OF 36 PAISLEY FLOWER DOILIES,1,2010-12-23 13:26:00,2.98,,United Kingdom
539958,21985,PACK OF 12 HEARTS DESIGN TISSUES ,4,2010-12-23 13:26:00,0.85,,United Kingdom
539958,21990,MODERN FLORAL STATIONERY SET,8,2010-12-23 13:26:00,2.51,,United Kingdom
539958,21992,VINTAGE PAISLEY STATIONERY SET,6,2010-12-23 13:26:00,2.51,,United Kingdom
539958,21993,FLORAL FOLK STATIONERY SET,4,2010-12-23 13:26:00,2.51,,United Kingdom
539958,22024,RAINY LADIES BIRTHDAY CARD,4,2010-12-23 13:26:00,0.85,,United Kingdom
539958,22027,TEA PARTY BIRTHDAY CARD,4,2010-12-23 13:26:00,0.85,,United Kingdom
539958,22031,BOTANICAL LAVENDER BIRTHDAY CARD,11,2010-12-23 13:26:00,0.43,,United Kingdom
539958,22032,BOTANICAL LILY GREETING CARD,5,2010-12-23 13:26:00,0.43,,United Kingdom
539958,22035,VINTAGE CARAVAN GREETING CARD ,1,2010-12-23 13:26:00,0.85,,United Kingdom
539958,22074,6 RIBBONS SHIMMERING PINKS ,22,2010-12-23 13:26:00,0.85,,United Kingdom
539958,22079,RIBBON REEL HEARTS DESIGN ,1,2010-12-23 13:26:00,3.36,,United Kingdom
539958,22086,PAPER CHAIN KIT 50'S CHRISTMAS ,4,2010-12-23 13:26:00,5.91,,United Kingdom
539958,22087,PAPER BUNTING WHITE LACE,1,2010-12-23 13:26:00,5.91,,United Kingdom
539958,22104,MIRROR MOSAIC CANDLE PLATE,1,2010-12-23 13:26:00,1.66,,United Kingdom
539958,22110,BIRD HOUSE HOT WATER BOTTLE,19,2010-12-23 13:26:00,3.36,,United Kingdom
539958,22111,SCOTTIE DOG HOT WATER BOTTLE,11,2010-12-23 13:26:00,5.06,,United Kingdom
539958,22117,METAL SIGN HER DINNER IS SERVED ,1,2010-12-23 13:26:00,1.66,,United Kingdom
539958,22123,PING MICROWAVE APRON,1,2010-12-23 13:26:00,5.06,,United Kingdom
539958,22124,SET OF 2 TEA TOWELS PING MICROWAVE,2,2010-12-23 13:26:00,2.51,,United Kingdom
539958,22134,MINI LADLE LOVE HEART RED ,7,2010-12-23 13:26:00,0.43,,United Kingdom
539958,22135,MINI LADLE LOVE HEART PINK,5,2010-12-23 13:26:00,0.43,,United Kingdom
539958,85131A,BEADED PEARL HEART WHITE ON STICK,2,2010-12-23 13:26:00,0.85,,United Kingdom
539958,85131B,BEADED CRYSTAL HEART GREEN ON STICK,8,2010-12-23 13:26:00,0.85,,United Kingdom
539958,85131C,BEADED CRYSTAL HEART BLUE ON STICK,1,2010-12-23 13:26:00,0.85,,United Kingdom
539958,85131D,BEADED CRYSTAL HEART PINK ON STICK,10,2010-12-23 13:26:00,0.85,,United Kingdom
539958,85132A,CHARLIE + LOLA BISCUITS TINS,3,2010-12-23 13:26:00,8.47,,United Kingdom
539958,85152,HAND OVER THE CHOCOLATE   SIGN ,1,2010-12-23 13:26:00,4.21,,United Kingdom
539958,85161,ACRYLIC GEOMETRIC LAMP,3,2010-12-23 13:26:00,12.72,,United Kingdom
539958,85161,ACRYLIC GEOMETRIC LAMP,1,2010-12-23 13:26:00,38.26,,United Kingdom
539958,85163A,WHITE BAROQUE WALL CLOCK ,1,2010-12-23 13:26:00,8.47,,United Kingdom
539958,85169A,IVORY LOVE BIRD CANDLE,1,2010-12-23 13:26:00,0.85,,United Kingdom
539958,85169B,BLACK LOVE BIRD CANDLE,5,2010-12-23 13:26:00,0.85,,United Kingdom
539958,85169C,EAU DE NIL LOVE BIRD CANDLE,2,2010-12-23 13:26:00,0.85,,United Kingdom
539958,85169D,PINK LOVE BIRD CANDLE,7,2010-12-23 13:26:00,0.85,,United Kingdom
539958,85170B,SET/6 BLACK BIRD T-LIGHT CANDLES,2,2010-12-23 13:26:00,2.51,,United Kingdom
539958,85170C,SET/6 EAU DE NIL BIRD T-LIGHTS,4,2010-12-23 13:26:00,2.51,,United Kingdom
539958,85170D,SET/6 PINK BIRD T-LIGHT CANDLES,2,2010-12-23 13:26:00,2.51,,United Kingdom
539958,85173,SET/6 FROG PRINCE T-LIGHT CANDLES,1,2010-12-23 13:26:00,2.51,,United Kingdom
539958,85174,S/4 CACTI CANDLES,3,2010-12-23 13:26:00,4.21,,United Kingdom
539958,85179A,GREEN BITTY LIGHT CHAIN,2,2010-12-23 13:26:00,2.51,,United Kingdom
539958,85180A,RED HEARTS LIGHT CHAIN ,6,2010-12-23 13:26:00,2.51,,United Kingdom
539958,85180B,PINK HEARTS LIGHT CHAIN ,3,2010-12-23 13:26:00,2.51,,United Kingdom
539958,85184C,S/4 VALENTINE DECOUPAGE HEART BOX,7,2010-12-23 13:26:00,3.36,,United Kingdom
539958,85202,HANGING WOOD AND FELT HEART,11,2010-12-23 13:26:00,0.43,,United Kingdom
539958,85203,HANGING WOOD AND FELT BUTTERFLY ,11,2010-12-23 13:26:00,0.43,,United Kingdom
539958,85204,HANGING WOOD AND FELT FLOWER,2,2010-12-23 13:26:00,0.43,,United Kingdom
539958,85231B,CINAMMON SET OF 9 T-LIGHTS,1,2010-12-23 13:26:00,1.66,,United Kingdom
539958,85231G,ORANGE SCENTED SET/9 T-LIGHTS,1,2010-12-23 13:26:00,1.66,,United Kingdom
539958,90011A,MIDNIGHT BLUE CRYSTAL DROP EARRINGS,1,2010-12-23 13:26:00,2.96,,United Kingdom
539958,90013A,MIDNIGHT BLUE VINTAGE EARRINGS,1,2010-12-23 13:26:00,3.81,,United Kingdom
539958,90013C,GREEN VINTAGE EARRINGS ,1,2010-12-23 13:26:00,4.24,,United Kingdom
539958,90013D,PURPLE VINTAGE EARRINGS,3,2010-12-23 13:26:00,4.24,,United Kingdom
539958,90018A,SILVER M.O.P ORBIT DROP EARRINGS,1,2010-12-23 13:26:00,4.24,,United Kingdom
539958,90019C,SILVER BLACK ORBIT BRACELET,1,2010-12-23 13:26:00,5.51,,United Kingdom
539958,90022,EDWARDIAN DROP EARRINGS JET BLACK,1,2010-12-23 13:26:00,3.81,,United Kingdom
539958,22144,CHRISTMAS CRAFT LITTLE FRIENDS,1,2010-12-23 13:26:00,4.21,,United Kingdom
539958,90024E,NEW BAROQUE B'FLY NECKLACE MONTANA,1,2010-12-23 13:26:00,8.49,,United Kingdom
539958,90024F,NEW BAROQUE B'FLY NECKLACE CRYSTAL,1,2010-12-23 13:26:00,8.49,,United Kingdom
539958,90059A,DIAMANTE HAIR GRIP PACK/2 CRYSTAL,1,2010-12-23 13:26:00,1.69,,United Kingdom
539958,90059D,DIAMANTE HAIR GRIP PACK/2 PERIDOT,1,2010-12-23 13:26:00,1.69,,United Kingdom
539958,90071,RUBY GLASS CLUSTER EARRINGS,1,2010-12-23 13:26:00,1.26,,United Kingdom
539958,90072,RUBY DROP CHANDELIER EARRINGS,1,2010-12-23 13:26:00,4.24,,United Kingdom
539958,90101,WHITE FRANGIPANI NECKLACE,1,2010-12-23 13:26:00,2.54,,United Kingdom
539958,90103,PURPLE FRANGIPANI NECKLACE,1,2010-12-23 13:26:00,2.54,,United Kingdom
539958,90114,SUMMER DAISIES BAG CHARM,1,2010-12-23 13:26:00,2.51,,United Kingdom
539958,90115,SUMMER BUTTERFLIES BAG CHARM,3,2010-12-23 13:26:00,2.51,,United Kingdom
539958,90116,FRUIT SALAD BAG CHARM,1,2010-12-23 13:26:00,2.51,,United Kingdom
539958,90129B,TURQUOISE GLASS TASSLE BAG CHARM ,10,2010-12-23 13:26:00,1.66,,United Kingdom
539958,90129E,PURPLE GLASS TASSLE BAG CHARM,10,2010-12-23 13:26:00,1.66,,United Kingdom
539958,90129F,RED GLASS TASSLE BAG CHARM,8,2010-12-23 13:26:00,1.66,,United Kingdom
539958,90130B,TURQ STONE/CRYSTAL EARRINGS,1,2010-12-23 13:26:00,2.96,,United Kingdom
539958,90134,OLD ROSE COMBO BEAD NECKLACE,1,2010-12-23 13:26:00,2.96,,United Kingdom
539958,90152A,SILVER/NAT SHELL NECKLACE W PENDANT,1,2010-12-23 13:26:00,5.51,,United Kingdom
539958,90158,ST TROPEZ NECKLACE,1,2010-12-23 13:26:00,5.09,,United Kingdom
539958,90161A,ANT COPPER RED BOUDICCA BRACELET,1,2010-12-23 13:26:00,5.09,,United Kingdom
539958,90161B,ANT COPPER TURQ BOUDICCA BRACELET,1,2010-12-23 13:26:00,5.09,,United Kingdom
539958,90165A,PINK ROSEBUD PEARL EARRINGS,1,2010-12-23 13:26:00,2.54,,United Kingdom
539958,90183B,AMETHYST DROP EARRINGS W LONG BEADS,1,2010-12-23 13:26:00,2.96,,United Kingdom
539958,90198A,VINTAGE ROSE BEAD BRACELET RASPBERR,1,2010-12-23 13:26:00,4.24,,United Kingdom
539958,90200A,PURPLE SWEETHEART BRACELET,1,2010-12-23 13:26:00,4.24,,United Kingdom
539958,90200B,BLACK SWEETHEART BRACELET,1,2010-12-23 13:26:00,4.24,,United Kingdom
539958,90200C,BLUE SWEETHEART BRACELET,3,2010-12-23 13:26:00,4.24,,United Kingdom
539958,90200D,PINK SWEETHEART BRACELET,1,2010-12-23 13:26:00,4.24,,United Kingdom
539958,90200E,GREEN SWEETHEART BRACELET,1,2010-12-23 13:26:00,4.24,,United Kingdom
539958,90205C,LARGE CRYSTAL DIAMANTE HAIRSLIDE,1,2010-12-23 13:26:00,1.69,,United Kingdom
539958,90206C,CRYSTAL DIAMANTE STAR BROOCH,2,2010-12-23 13:26:00,5.09,,United Kingdom
539958,90208,PAIR OF PINK FLOWER CLUSTER SLIDE,2,2010-12-23 13:26:00,2.54,,United Kingdom
539958,90209B,GREEN ENAMEL+GLASS HAIR COMB,1,2010-12-23 13:26:00,2.11,,United Kingdom
539958,22158,3 HEARTS HANGING DECORATION RUSTIC,1,2010-12-23 13:26:00,5.91,,United Kingdom
539958,22161,HEART DECORATION RUSTIC HANGING ,14,2010-12-23 13:26:00,0.81,,United Kingdom
539958,22162,HEART GARLAND RUSTIC PADDED,3,2010-12-23 13:26:00,3.36,,United Kingdom
539958,22167, OVAL WALL MIRROR DIAMANTE ,1,2010-12-23 13:26:00,8.47,,United Kingdom
539958,22170,PICTURE FRAME WOOD TRIPLE PORTRAIT,1,2010-12-23 13:26:00,13.57,,United Kingdom
539958,22174,PHOTO CUBE,1,2010-12-23 13:26:00,3.36,,United Kingdom
539958,22183,CAKE STAND VICTORIAN FILIGREE MED,1,2010-12-23 13:26:00,5.91,,United Kingdom
539958,22184,CAKE STAND VICTORIAN FILIGREE LARGE,2,2010-12-23 13:26:00,8.47,,United Kingdom
539958,22195,LARGE HEART MEASURING SPOONS,1,2010-12-23 13:26:00,3.36,,United Kingdom
539958,22197,SMALL POPCORN HOLDER,6,2010-12-23 13:26:00,1.66,,United Kingdom
539958,22198,LARGE POPCORN HOLDER ,2,2010-12-23 13:26:00,3.36,,United Kingdom
539958,22200,FRYING PAN PINK POLKADOT,1,2010-12-23 13:26:00,8.47,,United Kingdom
539958,22201,FRYING PAN BLUE POLKADOT,9,2010-12-23 13:26:00,3.36,,United Kingdom
539958,22204,MILK PAN BLUE POLKADOT,6,2010-12-23 13:26:00,3.36,,United Kingdom
539958,22208,WOOD STAMP SET THANK YOU,2,2010-12-23 13:26:00,1.66,,United Kingdom
539958,22209,WOOD STAMP SET HAPPY BIRTHDAY,3,2010-12-23 13:26:00,1.66,,United Kingdom
539958,22210,WOOD STAMP SET BEST WISHES,3,2010-12-23 13:26:00,1.66,,United Kingdom
539958,22211,WOOD STAMP SET FLOWERS,6,2010-12-23 13:26:00,1.66,,United Kingdom
539958,22214,CANDLE PLATE LACE WHITE,4,2010-12-23 13:26:00,1.66,,United Kingdom
539958,22216,T-LIGHT HOLDER WHITE LACE,2,2010-12-23 13:26:00,0.81,,United Kingdom
539958,22222,CAKE PLATE LOVEBIRD WHITE,15,2010-12-23 13:26:00,4.21,,United Kingdom
539958,22223,CAKE PLATE LOVEBIRD PINK,3,2010-12-23 13:26:00,4.21,,United Kingdom
539958,22227,HANGING HEART MIRROR DECORATION ,2,2010-12-23 13:26:00,1.28,,United Kingdom
539958,22241,GARLAND WOODEN HAPPY EASTER,3,2010-12-23 13:26:00,2.51,,United Kingdom
539958,22244,3 HOOK HANGER MAGIC GARDEN,1,2010-12-23 13:26:00,4.21,,United Kingdom
539958,22246,MAGIC GARDEN FELT GARLAND ,2,2010-12-23 13:26:00,4.21,,United Kingdom
539958,22247,BUNNY DECORATION MAGIC GARDEN,11,2010-12-23 13:26:00,0.81,,United Kingdom
539958,22248,DECORATION  PINK CHICK MAGIC GARDEN,9,2010-12-23 13:26:00,0.81,,United Kingdom
539958,22249,DECORATION WHITE CHICK MAGIC GARDEN,17,2010-12-23 13:26:00,0.81,,United Kingdom
539958,22250,DECORATION  BUTTERFLY  MAGIC GARDEN,12,2010-12-23 13:26:00,0.81,,United Kingdom
539958,22257,FELT FARM ANIMAL SHEEP,1,2010-12-23 13:26:00,0.85,,United Kingdom
539958,22258,FELT FARM ANIMAL RABBIT,6,2010-12-23 13:26:00,0.85,,United Kingdom
539958,22259,FELT FARM ANIMAL HEN,4,2010-12-23 13:26:00,0.85,,United Kingdom
539958,22260,FELT EGG COSY BLUE RABBIT ,2,2010-12-23 13:26:00,1.66,,United Kingdom
539958,90209C,PINK ENAMEL+GLASS HAIR COMB,1,2010-12-23 13:26:00,2.11,,United Kingdom
539958,90214E,"LETTER ""E"" BLING KEY RING",3,2010-12-23 13:26:00,0.85,,United Kingdom
539958,90214H,"LETTER ""H"" BLING KEY RING",2,2010-12-23 13:26:00,0.85,,United Kingdom
539958,90214M,"LETTER ""M"" BLING KEY RING",1,2010-12-23 13:26:00,0.85,,United Kingdom
539958,90214S,"LETTER ""S"" BLING KEY RING",1,2010-12-23 13:26:00,0.85,,United Kingdom
539958,gift_0001_50,Dotcomgiftshop Gift Voucher £50.00,1,2010-12-23 13:26:00,42.55,,United Kingdom
539958,DOT,DOTCOM POSTAGE,1,2010-12-23 13:26:00,627.47,,United Kingdom
539958,22262,FELT EGG COSY CHICKEN,2,2010-12-23 13:26:00,1.66,,United Kingdom
539958,22263,FELT EGG COSY LADYBIRD ,4,2010-12-23 13:26:00,0.81,,United Kingdom
539958,22264,FELT FARM ANIMAL WHITE BUNNY ,2,2010-12-23 13:26:00,0.81,,United Kingdom
539958,22279,POCKET BAG BLUE PAISLEY RED SPOT,9,2010-12-23 13:26:00,0.85,,United Kingdom
539958,22280,POCKET BAG PINK PAISELY BROWN SPOT,7,2010-12-23 13:26:00,0.85,,United Kingdom
539958,22297,HEART IVORY TRELLIS SMALL,2,2010-12-23 13:26:00,2.51,,United Kingdom
539958,22301,COFFEE MUG CAT + BIRD DESIGN,1,2010-12-23 13:26:00,5.06,,United Kingdom
539958,22309,TEA COSY RED  STRIPE,1,2010-12-23 13:26:00,5.06,,United Kingdom
539958,22317,FIVE CATS HANGING DECORATION,6,2010-12-23 13:26:00,2.51,,United Kingdom
539958,22322,BIRD DECORATION GREEN POLKADOT,18,2010-12-23 13:26:00,0.81,,United Kingdom
539958,22324,BLUE POLKADOT KIDS BAG,2,2010-12-23 13:26:00,4.21,,United Kingdom
539958,22325,MOBILE VINTAGE HEARTS ,8,2010-12-23 13:26:00,3.36,,United Kingdom
539958,22342,HOME GARLAND PAINTED ZINC ,5,2010-12-23 13:26:00,1.66,,United Kingdom
539958,22343,PARTY PIZZA DISH RED RETROSPOT,17,2010-12-23 13:26:00,0.43,,United Kingdom
539958,22344,PARTY PIZZA DISH PINK POLKADOT,18,2010-12-23 13:26:00,0.43,,United Kingdom
539958,22345,PARTY PIZZA DISH BLUE POLKADOT,14,2010-12-23 13:26:00,0.43,,United Kingdom
539958,22346,PARTY PIZZA DISH GREEN POLKADOT,27,2010-12-23 13:26:00,0.43,,United Kingdom
539958,22358,KINGS CHOICE TEA CADDY ,1,2010-12-23 13:26:00,5.91,,United Kingdom
539958,22371,AIRLINE BAG VINTAGE TOKYO 78,4,2010-12-23 13:26:00,4.21,,United Kingdom
539958,22372,AIRLINE BAG VINTAGE WORLD CHAMPION ,2,2010-12-23 13:26:00,4.21,,United Kingdom
539958,22374,AIRLINE BAG VINTAGE JET SET RED,6,2010-12-23 13:26:00,4.21,,United Kingdom
539958,22375,AIRLINE BAG VINTAGE JET SET BROWN,2,2010-12-23 13:26:00,4.21,,United Kingdom
539958,22376,AIRLINE BAG VINTAGE JET SET WHITE,2,2010-12-23 13:26:00,4.21,,United Kingdom
539958,22377,BOTTLE BAG RETROSPOT ,8,2010-12-23 13:26:00,1.66,,United Kingdom
539958,22378,WALL TIDY RETROSPOT ,17,2010-12-23 13:26:00,1.66,,United Kingdom
539958,22379,RECYCLING BAG RETROSPOT ,2,2010-12-23 13:26:00,4.21,,United Kingdom
539958,22383,LUNCH BAG SUKI  DESIGN ,1,2010-12-23 13:26:00,4.21,,United Kingdom
539958,22396,MAGNETS PACK OF 4 RETRO PHOTO,3,2010-12-23 13:26:00,0.85,,United Kingdom
539958,22403,MAGNETS PACK OF 4 VINTAGE LABELS ,7,2010-12-23 13:26:00,0.85,,United Kingdom
539958,22419,LIPSTICK PEN RED,2,2010-12-23 13:26:00,0.85,,United Kingdom
539958,22422,TOOTHPASTE TUBE PEN,1,2010-12-23 13:26:00,1.28,,United Kingdom
539958,22423,REGENCY CAKESTAND 3 TIER,2,2010-12-23 13:26:00,25.49,,United Kingdom
539958,22438,BALLOON ART MAKE YOUR OWN FLOWERS,14,2010-12-23 13:26:00,1.66,,United Kingdom
539958,22444,GROW YOUR OWN PLANT IN A CAN ,3,2010-12-23 13:26:00,2.51,,United Kingdom
539958,22446,PIN CUSHION BABUSHKA PINK,9,2010-12-23 13:26:00,2.51,,United Kingdom
539958,22447,PIN CUSHION BABUSHKA BLUE,3,2010-12-23 13:26:00,2.51,,United Kingdom
539958,22449,SILK PURSE BABUSHKA PINK,1,2010-12-23 13:26:00,6.77,,United Kingdom
539958,22452,MEASURING TAPE BABUSHKA PINK,10,2010-12-23 13:26:00,1.66,,United Kingdom
539958,22453,MEASURING TAPE BABUSHKA BLUE,3,2010-12-23 13:26:00,1.66,,United Kingdom
539958,22453,MEASURING TAPE BABUSHKA BLUE,1,2010-12-23 13:26:00,5.91,,United Kingdom
539958,22457,NATURAL SLATE HEART CHALKBOARD ,3,2010-12-23 13:26:00,5.91,,United Kingdom
539958,22459,CAST IRON HOOK GARDEN TROWEL,1,2010-12-23 13:26:00,5.06,,United Kingdom
539958,22468,BABUSHKA LIGHTS STRING OF 10,1,2010-12-23 13:26:00,13.57,,United Kingdom
539958,22469,HEART OF WICKER SMALL,3,2010-12-23 13:26:00,3.36,,United Kingdom
539958,22470,HEART OF WICKER LARGE,1,2010-12-23 13:26:00,5.91,,United Kingdom
539958,22471,TV DINNER TRAY AIR HOSTESS ,5,2010-12-23 13:26:00,4.21,,United Kingdom
539958,22473,TV DINNER TRAY VINTAGE PAISLEY,7,2010-12-23 13:26:00,4.21,,United Kingdom
539958,22476,EMPIRE UNION JACK TV DINNER TRAY,2,2010-12-23 13:26:00,11.02,,United Kingdom
539958,22481,BLACK TEA TOWEL CLASSIC DESIGN,3,2010-12-23 13:26:00,0.85,,United Kingdom
539958,22503,CABIN BAG VINTAGE PAISLEY,1,2010-12-23 13:26:00,25.49,,United Kingdom
539958,22511,RETROSPOT BABUSHKA DOORSTOP,1,2010-12-23 13:26:00,7.62,,United Kingdom
539958,22524,CHILDRENS GARDEN GLOVES BLUE,1,2010-12-23 13:26:00,2.51,,United Kingdom
539958,22525,CHILDRENS GARDEN GLOVES PINK,1,2010-12-23 13:26:00,2.51,,United Kingdom
539958,22539,MINI JIGSAW DOLLY GIRL,1,2010-12-23 13:26:00,0.85,,United Kingdom
539958,22547,MINI JIGSAW DINOSAUR ,1,2010-12-23 13:26:00,0.85,,United Kingdom
539958,22551,PLASTERS IN TIN SPACEBOY,2,2010-12-23 13:26:00,3.36,,United Kingdom
539958,22554,PLASTERS IN TIN WOODLAND ANIMALS,2,2010-12-23 13:26:00,3.36,,United Kingdom
539958,22556,PLASTERS IN TIN CIRCUS PARADE ,2,2010-12-23 13:26:00,3.36,,United Kingdom
539958,22567,20 DOLLY PEGS RETROSPOT,2,2010-12-23 13:26:00,2.51,,United Kingdom
539958,22571,ROCKING HORSE RED CHRISTMAS ,2,2010-12-23 13:26:00,1.66,,United Kingdom
539958,22572,ROCKING HORSE GREEN CHRISTMAS ,1,2010-12-23 13:26:00,1.66,,United Kingdom
539958,22574,HEART WOODEN CHRISTMAS DECORATION,5,2010-12-23 13:26:00,1.66,,United Kingdom
539958,22575,METAL MERRY CHRISTMAS WREATH,1,2010-12-23 13:26:00,4.21,,United Kingdom
539958,22585,PACK OF 6 BIRDY GIFT TAGS,1,2010-12-23 13:26:00,2.51,,United Kingdom
539958,22592,CARDHOLDER HOLLY WREATH METAL,1,2010-12-23 13:26:00,7.62,,United Kingdom
539958,22600,CHRISTMAS RETROSPOT STAR WOOD,5,2010-12-23 13:26:00,1.66,,United Kingdom
539958,22616,PACK OF 12 LONDON TISSUES ,1,2010-12-23 13:26:00,0.85,,United Kingdom
539958,22619,SET OF 6 SOLDIER SKITTLES,1,2010-12-23 13:26:00,7.62,,United Kingdom
539958,22621,TRADITIONAL KNITTING NANCY,2,2010-12-23 13:26:00,3.36,,United Kingdom
539958,22623,BOX OF VINTAGE JIGSAW BLOCKS ,1,2010-12-23 13:26:00,11.02,,United Kingdom
539958,22630,DOLLY GIRL LUNCH BOX,1,2010-12-23 13:26:00,4.21,,United Kingdom
539958,22636,CHILDS BREAKFAST SET CIRCUS PARADE,1,2010-12-23 13:26:00,16.98,,United Kingdom
539958,22638,SET OF 4 NAPKIN CHARMS CROWNS ,1,2010-12-23 13:26:00,1.66,,United Kingdom
539958,22641,SET OF 4 NAPKIN CHARMS INSTRUMENT,1,2010-12-23 13:26:00,1.66,,United Kingdom
539958,22643,SET OF 4 NAPKIN CHARMS LEAVES   ,1,2010-12-23 13:26:00,1.66,,United Kingdom
539958,22651,GENTLEMAN SHIRT REPAIR KIT ,2,2010-12-23 13:26:00,1.66,,United Kingdom
539958,22666,RECIPE BOX PANTRY YELLOW DESIGN,2,2010-12-23 13:26:00,5.91,,United Kingdom
539958,22679,FRENCH BLUE METAL DOOR SIGN 4,1,2010-12-23 13:26:00,2.51,,United Kingdom
539958,22681,FRENCH BLUE METAL DOOR SIGN 6,1,2010-12-23 13:26:00,2.51,,United Kingdom
539958,22694,WICKER STAR ,1,2010-12-23 13:26:00,4.21,,United Kingdom
539958,22713,CARD I LOVE LONDON ,2,2010-12-23 13:26:00,0.85,,United Kingdom
539958,22718,CARD CAT AND TREE ,1,2010-12-23 13:26:00,0.85,,United Kingdom
539958,22719,GUMBALL MONOCHROME COAT RACK,2,2010-12-23 13:26:00,2.51,,United Kingdom
539958,22720,SET OF 3 CAKE TINS PANTRY DESIGN ,1,2010-12-23 13:26:00,11.02,,United Kingdom
539958,22721,SET OF 3 CAKE TINS SKETCHBOOK,1,2010-12-23 13:26:00,11.02,,United Kingdom
539958,22722,SET OF 6 SPICE TINS PANTRY DESIGN,2,2010-12-23 13:26:00,8.47,,United Kingdom
539958,22723,SET OF 6 HERB TINS SKETCHBOOK,1,2010-12-23 13:26:00,8.47,,United Kingdom
539958,22738,RIBBON REEL SNOWY VILLAGE,1,2010-12-23 13:26:00,3.36,,United Kingdom
539958,22740,POLKADOT PEN,1,2010-12-23 13:26:00,1.66,,United Kingdom
539958,22741,FUNKY DIVA PEN,1,2010-12-23 13:26:00,1.66,,United Kingdom
539958,22752,SET 7 BABUSHKA NESTING BOXES,1,2010-12-23 13:26:00,16.98,,United Kingdom
539958,22755,SMALL PURPLE BABUSHKA NOTEBOOK ,1,2010-12-23 13:26:00,1.66,,United Kingdom
539958,22756,LARGE YELLOW BABUSHKA NOTEBOOK ,1,2010-12-23 13:26:00,2.51,,United Kingdom
539958,22757,LARGE RED BABUSHKA NOTEBOOK ,1,2010-12-23 13:26:00,2.51,,United Kingdom
539958,22758,LARGE PURPLE BABUSHKA NOTEBOOK  ,1,2010-12-23 13:26:00,2.51,,United Kingdom
539958,22759,SET OF 3 NOTEBOOKS IN PARCEL,1,2010-12-23 13:26:00,3.36,,United Kingdom
539958,22760,"TRAY, BREAKFAST IN BED",1,2010-12-23 13:26:00,25.49,,United Kingdom
539958,22775,PURPLE DRAWERKNOB ACRYLIC EDWARDIAN,3,2010-12-23 13:26:00,2.51,,United Kingdom
539958,22791,T-LIGHT GLASS FLUTED ANTIQUE,1,2010-12-23 13:26:00,2.51,,United Kingdom
539958,22795,SWEETHEART RECIPE BOOK STAND,1,2010-12-23 13:26:00,13.57,,United Kingdom
539958,22815,CARD PSYCHEDELIC APPLES,1,2010-12-23 13:26:00,0.85,,United Kingdom
539958,22817,CARD SUKI BIRTHDAY,34,2010-12-23 13:26:00,0.43,,United Kingdom
539958,22819,"BIRTHDAY CARD, RETRO SPOT",36,2010-12-23 13:26:00,0.43,,United Kingdom
539958,22821,GIFT BAG PSYCHEDELIC APPLES,1,2010-12-23 13:26:00,1.28,,United Kingdom
539958,22834,HAND WARMER BABUSHKA DESIGN,20,2010-12-23 13:26:00,1.66,,United Kingdom
539958,22855,FINE WICKER HEART ,1,2010-12-23 13:26:00,2.51,,United Kingdom
539958,22900, SET 2 TEA TOWELS I LOVE LONDON ,1,2010-12-23 13:26:00,5.91,,United Kingdom
539958,22909,SET OF 20 VINTAGE CHRISTMAS NAPKINS,2,2010-12-23 13:26:00,1.66,,United Kingdom
539958,22911,PAPER CHAIN KIT LONDON,2,2010-12-23 13:26:00,5.91,,United Kingdom
539958,22916,HERB MARKER THYME,1,2010-12-23 13:26:00,1.66,,United Kingdom
539958,22918,HERB MARKER PARSLEY,1,2010-12-23 13:26:00,1.66,,United Kingdom
539958,22919,HERB MARKER MINT,1,2010-12-23 13:26:00,1.66,,United Kingdom
539958,22926,IVORY GIANT GARDEN THERMOMETER,1,2010-12-23 13:26:00,11.87,,United Kingdom
539958,22927,GREEN GIANT GARDEN THERMOMETER,1,2010-12-23 13:26:00,11.87,,United Kingdom
539958,22930,BAKING MOULD HEART MILK CHOCOLATE,1,2010-12-23 13:26:00,5.06,,United Kingdom
539958,22945,CHRISTMAS METAL TAGS ASSORTED ,1,2010-12-23 13:26:00,11.02,,United Kingdom
539958,22951,60 CAKE CASES DOLLY GIRL DESIGN,1,2010-12-23 13:26:00,1.28,,United Kingdom
539958,22952,60 CAKE CASES VINTAGE CHRISTMAS,1,2010-12-23 13:26:00,1.28,,United Kingdom
539958,22960,JAM MAKING SET WITH JARS,2,2010-12-23 13:26:00,8.47,,United Kingdom
539958,22961,JAM MAKING SET PRINTED,3,2010-12-23 13:26:00,3.36,,United Kingdom
539958,22962,JAM JAR WITH PINK LID,1,2010-12-23 13:26:00,1.66,,United Kingdom
539958,22966,GINGERBREAD MAN COOKIE CUTTER,1,2010-12-23 13:26:00,2.51,,United Kingdom
539958,22968,ROSE COTTAGE KEEPSAKE BOX ,1,2010-12-23 13:26:00,20.38,,United Kingdom
539958,22988,SOLDIERS EGG CUP ,4,2010-12-23 13:26:00,2.51,,United Kingdom
539958,35646,VINTAGE BEAD PINK EVENING BAG,8,2010-12-23 13:26:00,2.51,,United Kingdom
539958,35648,VINTAGE BEAD PINK PURSE ,8,2010-12-23 13:26:00,1.66,,United Kingdom
539958,35651,VINTAGE BEAD PINK SCARF ,9,2010-12-23 13:26:00,3.36,,United Kingdom
539958,35957,SMALLFOLKART BAUBLE CHRISTMAS DEC,7,2010-12-23 13:26:00,1.66,,United Kingdom
539958,35961,FOLKART ZINC HEART CHRISTMAS DEC,1,2010-12-23 13:26:00,1.66,,United Kingdom
539958,35964,FOLKART CLIP ON STARS,1,2010-12-23 13:26:00,1.66,,United Kingdom
539958,35965,FOLKART HEART NAPKIN RINGS,1,2010-12-23 13:26:00,3.36,,United Kingdom
539958,37327,ASSTD MULTICOLOUR CIRCLES MUG,1,2010-12-23 13:26:00,5.91,,United Kingdom
539958,37342,POLKADOT COFFEE CUP & SAUCER PINK,4,2010-12-23 13:26:00,2.51,,United Kingdom
539958,46118,FUNKY MONKEY CUSHION COVER,1,2010-12-23 13:26:00,3.36,,United Kingdom
539958,47310M,"SMALL POP BOX,FUNKY MONKEY",6,2010-12-23 13:26:00,1.66,,United Kingdom
539958,47367B,PAIR PADDED HANGERS PINK CHECK,2,2010-12-23 13:26:00,3.36,,United Kingdom
539958,47504H,ENGLISH ROSE SPIRIT LEVEL ,2,2010-12-23 13:26:00,3.36,,United Kingdom
539958,47504K,ENGLISH ROSE GARDEN SECATEURS,3,2010-12-23 13:26:00,3.36,,United Kingdom
539958,47563A,RETRO LONGBOARD IRONING BOARD COVER,2,2010-12-23 13:26:00,3.36,,United Kingdom
539958,47585A,PINK FAIRY CAKE CUSHION COVER,10,2010-12-23 13:26:00,4.21,,United Kingdom
539958,47591B,SCOTTIES CHILDRENS APRON,1,2010-12-23 13:26:00,1.66,,United Kingdom
539958,47593B,SCOTTIE DOGS BABY BIB,2,2010-12-23 13:26:00,0.85,,United Kingdom
539958,47594B,SCOTTIES DESIGN WASHBAG,9,2010-12-23 13:26:00,1.66,,United Kingdom
539958,48187,DOORMAT NEW ENGLAND,1,2010-12-23 13:26:00,14.43,,United Kingdom
539958,70006,LOVE HEART POCKET WARMER,7,2010-12-23 13:26:00,1.66,,United Kingdom
539958,70007,HI TEC ALPINE HAND WARMER,3,2010-12-23 13:26:00,1.66,,United Kingdom
539958,72349B,SET/6 PURPLE BUTTERFLY T-LIGHTS,1,2010-12-23 13:26:00,4.21,,United Kingdom
539958,72817,SET OF 2 CHRISTMAS DECOUPAGE CANDLE,1,2010-12-23 13:26:00,1.66,,United Kingdom
539958,79066K,RETRO MOD TRAY,1,2010-12-23 13:26:00,1.66,,United Kingdom
539958,82484,WOOD BLACK BOARD ANT WHITE FINISH,1,2010-12-23 13:26:00,13.57,,United Kingdom
539958,82580,BATHROOM METAL SIGN,1,2010-12-23 13:26:00,1.28,,United Kingdom
539958,82583,HOT BATHS METAL SIGN,1,2010-12-23 13:26:00,4.21,,United Kingdom
539958,82613B,"METAL SIGN,CUPCAKE SINGLE HOOK",15,2010-12-23 13:26:00,0.85,,United Kingdom
539958,82613C,"METAL SIGN,CUPCAKE SINGLE HOOK",11,2010-12-23 13:26:00,0.85,,United Kingdom
539958,82613D,METAL SIGN CUPCAKE SINGLE HOOK,15,2010-12-23 13:26:00,0.85,,United Kingdom
539958,84006,MAGIC TREE -PAPER FLOWERS,1,2010-12-23 13:26:00,1.66,,United Kingdom
539958,84012,MAGIC SHEEP WOOL GROWING FROM PAPER,8,2010-12-23 13:26:00,1.66,,United Kingdom
539958,84031A,CHARLIE+LOLA RED HOT WATER BOTTLE ,2,2010-12-23 13:26:00,4.21,,United Kingdom
539958,84031B,CHARLIE LOLA BLUE HOT WATER BOTTLE ,1,2010-12-23 13:26:00,4.21,,United Kingdom
539958,84032B,CHARLIE + LOLA RED HOT WATER BOTTLE,1,2010-12-23 13:26:00,3.36,,United Kingdom
539958,84050,PINK HEART SHAPE EGG FRYING PAN,1,2010-12-23 13:26:00,4.21,,United Kingdom
539958,84086C,PINK/PURPLE RETRO RADIO,9,2010-12-23 13:26:00,2.51,,United Kingdom
539958,84251B,"GREETING CARD, STICKY GORDON",5,2010-12-23 13:26:00,0.43,,United Kingdom
539958,84251C,"GREETING CARD, TWO SISTERS.",13,2010-12-23 13:26:00,0.43,,United Kingdom
539958,84251G,"GREETING CARD, OVERCROWDED POOL.",5,2010-12-23 13:26:00,0.43,,United Kingdom
539958,84313B,BLUE TV TRAY TABLE ,2,2010-12-23 13:26:00,5.91,,United Kingdom
539958,84313C,ORANGE TV TRAY TABLE ,1,2010-12-23 13:26:00,5.91,,United Kingdom
539958,84356,POMPOM CURTAIN,2,2010-12-23 13:26:00,5.91,,United Kingdom
539958,84509A,SET OF 4 ENGLISH ROSE PLACEMATS,8,2010-12-23 13:26:00,3.36,,United Kingdom
539958,84509B,SET OF 4 FAIRY CAKE PLACEMATS,2,2010-12-23 13:26:00,3.36,,United Kingdom
539958,84509C,SET OF 4 POLKADOT PLACEMATS ,1,2010-12-23 13:26:00,3.36,,United Kingdom
539958,84509G,SET OF 4 FAIRY CAKE PLACEMATS ,2,2010-12-23 13:26:00,3.36,,United Kingdom
539958,84510C,SET OF 4 POLKADOT COASTERS,2,2010-12-23 13:26:00,2.51,,United Kingdom
539958,84536A,ENGLISH ROSE NOTEBOOK A7 SIZE,1,2010-12-23 13:26:00,0.85,,United Kingdom
539958,84563A,PINK & WHITE BREAKFAST TRAY,3,2010-12-23 13:26:00,4.21,,United Kingdom
539958,84563B,BLUE & WHITE BREAKFAST TRAY,1,2010-12-23 13:26:00,4.21,,United Kingdom
539958,84569A,PACK 3 IRON ON DOG PATCHES,7,2010-12-23 13:26:00,0.85,,United Kingdom
539958,84569D,PACK 6 HEART/ICE-CREAM PATCHES,9,2010-12-23 13:26:00,0.85,,United Kingdom
539958,84596B,SMALL DOLLY MIX DESIGN ORANGE BOWL,32,2010-12-23 13:26:00,0.85,,United Kingdom
539958,84596E,SMALL LICORICE DES PINK BOWL,20,2010-12-23 13:26:00,0.85,,United Kingdom
539958,10125,MINI FUNKY DESIGN TAPES,7,2010-12-23 13:26:00,0.81,,United Kingdom
539958,10133,COLOURING PENCILS BROWN TUBE,6,2010-12-23 13:26:00,0.81,,United Kingdom
539958,10135,COLOURING PENCILS BROWN TUBE,21,2010-12-23 13:26:00,1.28,,United Kingdom
539958,15056BL,EDWARDIAN PARASOL BLACK,1,2010-12-23 13:26:00,12.72,,United Kingdom
539958,16225,RATTLE SNAKE EGGS,2,2010-12-23 13:26:00,0.85,,United Kingdom
539958,16238,PARTY TIME PENCIL ERASERS,1,2010-12-23 13:26:00,0.43,,United Kingdom
539958,17012A,ORIGAMI VANILLA INCENSE/CANDLE SET ,1,2010-12-23 13:26:00,2.51,,United Kingdom
539958,17012B,ORIGAMI JASMINE INCENSE/CANDLE SET,2,2010-12-23 13:26:00,2.51,,United Kingdom
539958,17084N,FAIRY DREAMS INCENSE ,1,2010-12-23 13:26:00,0.43,,United Kingdom
539958,20615,BLUE POLKADOT PASSPORT COVER,1,2010-12-23 13:26:00,1.66,,United Kingdom
539958,20617,FIRST CLASS PASSPORT COVER ,2,2010-12-23 13:26:00,1.66,,United Kingdom
539958,20618,QUEEN OF THE SKIES PASSPORT COVER ,2,2010-12-23 13:26:00,1.66,,United Kingdom
539958,20619,TROPICAL PASSPORT COVER ,3,2010-12-23 13:26:00,1.66,,United Kingdom
539958,20652,BLUE POLKADOT LUGGAGE TAG ,3,2010-12-23 13:26:00,0.85,,United Kingdom
539958,20654,FIRST CLASS LUGGAGE TAG ,2,2010-12-23 13:26:00,0.85,,United Kingdom
539958,20655,QUEEN OF SKIES LUGGAGE TAG,3,2010-12-23 13:26:00,0.85,,United Kingdom
539958,20659,ECONOMY LUGGAGE TAG,2,2010-12-23 13:26:00,0.85,,United Kingdom
539958,20662,FIRST CLASS HOLIDAY PURSE ,1,2010-12-23 13:26:00,2.51,,United Kingdom
539958,20665,RED RETROSPOT PURSE ,1,2010-12-23 13:26:00,5.91,,United Kingdom
539958,20675,BLUE POLKADOT BOWL,1,2010-12-23 13:26:00,2.51,,United Kingdom
539958,20682,RED RETROSPOT CHILDRENS UMBRELLA,1,2010-12-23 13:26:00,6.77,,United Kingdom
539958,20696,FLORAL SOFT CAR TOY,1,2010-12-23 13:26:00,3.36,,United Kingdom
539958,20699,MOUSEY LONG LEGS SOFT TOY,5,2010-12-23 13:26:00,2.51,,United Kingdom
539958,20717,STRAWBERRY SHOPPER BAG,44,2010-12-23 13:26:00,0.85,,United Kingdom
539958,20718,RED RETROSPOT SHOPPER BAG,2,2010-12-23 13:26:00,2.51,,United Kingdom
539958,20725,LUNCH BAG RED RETROSPOT,1,2010-12-23 13:26:00,4.21,,United Kingdom
539958,20727,LUNCH BAG  BLACK SKULL.,2,2010-12-23 13:26:00,4.21,,United Kingdom
539958,20733,GOLD MINI TAPE MEASURE ,20,2010-12-23 13:26:00,0.85,,United Kingdom
539958,20735,BLACK MINI TAPE MEASURE ,12,2010-12-23 13:26:00,0.85,,United Kingdom
539958,20767,BLUE PAISLEY JOURNAL ,3,2010-12-23 13:26:00,5.06,,United Kingdom
539958,20770,ABSTRACT CIRCLE JOURNAL ,2,2010-12-23 13:26:00,2.51,,United Kingdom
539958,20775,DAISY NOTEBOOK ,1,2010-12-23 13:26:00,3.36,,United Kingdom
539958,20801,LARGE PINK GLASS SUNDAE DISH,6,2010-12-23 13:26:00,2.51,,United Kingdom
539958,20832,RED FLOCK LOVE HEART PHOTO FRAME,2,2010-12-23 13:26:00,0.81,,United Kingdom
539958,20854,BLUE PATCH PURSE PINK HEART,3,2010-12-23 13:26:00,1.66,,United Kingdom
539978,21199,PINK  HEART CONFETTI IN TUBE,48,2010-12-23 14:06:00,0.42,13165.0,United Kingdom
539978,21773,DECORATIVE ROSE BATHROOM BOTTLE,24,2010-12-23 14:06:00,0.42,13165.0,United Kingdom
539978,21879,HEARTS GIFT TAPE,24,2010-12-23 14:06:00,0.19,13165.0,United Kingdom
539978,22222,CAKE PLATE LOVEBIRD WHITE,12,2010-12-23 14:06:00,1.95,13165.0,United Kingdom
539978,85034C,3 ROSE MORRIS BOXED CANDLES,12,2010-12-23 14:06:00,1.25,13165.0,United Kingdom
539978,85169A,IVORY LOVE BIRD CANDLE,24,2010-12-23 14:06:00,0.42,13165.0,United Kingdom
539978,85170C,SET/6 EAU DE NIL BIRD T-LIGHTS,12,2010-12-23 14:06:00,0.85,13165.0,United Kingdom
539978,85170D,SET/6 PINK BIRD T-LIGHT CANDLES,12,2010-12-23 14:06:00,0.85,13165.0,United Kingdom
539978,17012C,ORIGAMI LAVENDER INCENSE/CANDL SET ,96,2010-12-23 14:06:00,0.85,13165.0,United Kingdom
539978,17013D,ORIGAMI ROSE INCENSE IN TUBE,96,2010-12-23 14:06:00,0.42,13165.0,United Kingdom
539978,21198,WHITE HEART CONFETTI IN TUBE,48,2010-12-23 14:06:00,0.42,13165.0,United Kingdom
539978,22469,HEART OF WICKER SMALL,40,2010-12-23 14:06:00,1.45,13165.0,United Kingdom
539978,22855,FINE WICKER HEART ,48,2010-12-23 14:06:00,1.06,13165.0,United Kingdom
539979,21191,LARGE WHITE HONEYCOMB PAPER BELL  ,2,2010-12-23 14:10:00,2.1,,United Kingdom
539979,21192,WHITE BELL HONEYCOMB PAPER ,5,2010-12-23 14:10:00,1.65,,United Kingdom
539980,35001W,,-36,2010-12-23 14:34:00,0.0,,United Kingdom
539981,21155,RED RETROSPOT PEG BAG,6,2010-12-23 14:35:00,2.1,13304.0,United Kingdom
539981,22966,GINGERBREAD MAN COOKIE CUTTER,12,2010-12-23 14:35:00,1.25,13304.0,United Kingdom
539981,22988,SOLDIERS EGG CUP ,12,2010-12-23 14:35:00,1.25,13304.0,United Kingdom
539981,17021,NAMASTE SWAGAT INCENSE,36,2010-12-23 14:35:00,0.3,13304.0,United Kingdom
539981,85180A,RED HEARTS LIGHT CHAIN ,3,2010-12-23 14:35:00,4.65,13304.0,United Kingdom
539981,22111,SCOTTIE DOG HOT WATER BOTTLE,3,2010-12-23 14:35:00,4.95,13304.0,United Kingdom
539981,20961,STRAWBERRY BATH SPONGE ,10,2010-12-23 14:35:00,1.25,13304.0,United Kingdom
539981,22419,LIPSTICK PEN RED,12,2010-12-23 14:35:00,0.42,13304.0,United Kingdom
539981,85099C,JUMBO  BAG BAROQUE BLACK WHITE,10,2010-12-23 14:35:00,1.95,13304.0,United Kingdom
539981,22112,CHOCOLATE HOT WATER BOTTLE,3,2010-12-23 14:35:00,4.95,13304.0,United Kingdom
539981,21485,RETROSPOT HEART HOT WATER BOTTLE,3,2010-12-23 14:35:00,4.95,13304.0,United Kingdom
539981,85099B,JUMBO BAG RED RETROSPOT,10,2010-12-23 14:35:00,1.95,13304.0,United Kingdom
539981,85014B,RED RETROSPOT UMBRELLA,3,2010-12-23 14:35:00,5.95,13304.0,United Kingdom
539981,22411,JUMBO SHOPPER VINTAGE RED PAISLEY,10,2010-12-23 14:35:00,1.95,13304.0,United Kingdom
539981,22096,PINK PAISLEY SQUARE TISSUE BOX ,12,2010-12-23 14:35:00,1.25,13304.0,United Kingdom
539981,22196,SMALL HEART MEASURING SPOONS,12,2010-12-23 14:35:00,0.85,13304.0,United Kingdom
539981,21985,PACK OF 12 HEARTS DESIGN TISSUES ,48,2010-12-23 14:35:00,0.29,13304.0,United Kingdom
539981,84674,FLYING PIG WATERING CAN,6,2010-12-23 14:35:00,2.95,13304.0,United Kingdom
539981,22605,WOODEN CROQUET GARDEN SET,1,2010-12-23 14:35:00,14.95,13304.0,United Kingdom
539981,48129,DOORMAT TOPIARY,2,2010-12-23 14:35:00,7.95,13304.0,United Kingdom
539981,21983,PACK OF 12 BLUE PAISLEY TISSUES ,24,2010-12-23 14:35:00,0.29,13304.0,United Kingdom
539982,22746,POPPY'S PLAYHOUSE LIVINGROOM ,1,2010-12-23 14:40:00,2.1,15311.0,United Kingdom
539982,22563,HAPPY STENCIL CRAFT,1,2010-12-23 14:40:00,1.25,15311.0,United Kingdom
539982,22562,MONSTERS STENCIL CRAFT,1,2010-12-23 14:40:00,1.25,15311.0,United Kingdom
539982,22756,LARGE YELLOW BABUSHKA NOTEBOOK ,1,2010-12-23 14:40:00,1.25,15311.0,United Kingdom
539982,21949,SET OF 6 STRAWBERRY CHOPSTICKS,1,2010-12-23 14:40:00,1.25,15311.0,United Kingdom
539982,21243,PINK  POLKADOT PLATE ,2,2010-12-23 14:40:00,1.69,15311.0,United Kingdom
539982,21245,GREEN POLKADOT PLATE ,2,2010-12-23 14:40:00,1.69,15311.0,United Kingdom
539982,20677,PINK POLKADOT BOWL,1,2010-12-23 14:40:00,1.25,15311.0,United Kingdom
539982,20674,GREEN POLKADOT BOWL,1,2010-12-23 14:40:00,1.25,15311.0,United Kingdom
539982,84997D,PINK 3 PIECE POLKADOT CUTLERY SET,4,2010-12-23 14:40:00,3.75,15311.0,United Kingdom
539982,84997C,BLUE 3 PIECE POLKADOT CUTLERY SET,4,2010-12-23 14:40:00,3.75,15311.0,United Kingdom
539982,84997B,RED 3 PIECE RETROSPOT CUTLERY SET,4,2010-12-23 14:40:00,3.75,15311.0,United Kingdom
539982,82600,NO SINGING METAL SIGN,3,2010-12-23 14:40:00,2.1,15311.0,United Kingdom
539982,22723,SET OF 6 HERB TINS SKETCHBOOK,1,2010-12-23 14:40:00,3.95,15311.0,United Kingdom
539982,21832,CHOCOLATE CALCULATOR,1,2010-12-23 14:40:00,1.65,15311.0,United Kingdom
539982,22313,OFFICE MUG WARMER PINK,1,2010-12-23 14:40:00,2.95,15311.0,United Kingdom
539982,22445,PENCIL CASE LIFE IS BEAUTIFUL,1,2010-12-23 14:40:00,2.95,15311.0,United Kingdom
539982,85136A,YELLOW SHARK HELICOPTER,1,2010-12-23 14:40:00,7.95,15311.0,United Kingdom
539982,79321,CHILLI LIGHTS,24,2010-12-23 14:40:00,4.25,15311.0,United Kingdom
539982,48111,DOORMAT 3 SMILEY CATS,10,2010-12-23 14:40:00,6.75,15311.0,United Kingdom
C539983,82483,WOOD 2 DRAWER CABINET WHITE FINISH,-6,2010-12-23 14:49:00,4.95,15856.0,United Kingdom
539984,C2,CARRIAGE,1,2010-12-23 14:58:00,50.0,14911.0,EIRE
539984,22961,JAM MAKING SET PRINTED,12,2010-12-23 14:58:00,1.45,14911.0,EIRE
539984,22960,JAM MAKING SET WITH JARS,6,2010-12-23 14:58:00,4.25,14911.0,EIRE
539984,22077,6 RIBBONS RUSTIC CHARM,12,2010-12-23 14:58:00,1.65,14911.0,EIRE
539984,21892,TRADITIONAL WOODEN CATCH CUP GAME ,12,2010-12-23 14:58:00,1.25,14911.0,EIRE
539984,22550,HOLIDAY FUN LUDO,4,2010-12-23 14:58:00,3.75,14911.0,EIRE
539984,21912,VINTAGE SNAKES & LADDERS,4,2010-12-23 14:58:00,3.75,14911.0,EIRE
539984,22621,TRADITIONAL KNITTING NANCY,12,2010-12-23 14:58:00,1.45,14911.0,EIRE
539984,22620,4 TRADITIONAL SPINNING TOPS,12,2010-12-23 14:58:00,1.25,14911.0,EIRE
539984,22619,SET OF 6 SOLDIER SKITTLES,4,2010-12-23 14:58:00,3.75,14911.0,EIRE
539984,21888,BINGO SET,8,2010-12-23 14:58:00,3.75,14911.0,EIRE
539984,22623,BOX OF VINTAGE JIGSAW BLOCKS ,3,2010-12-23 14:58:00,4.95,14911.0,EIRE
539984,21790,VINTAGE SNAP CARDS,12,2010-12-23 14:58:00,0.85,14911.0,EIRE
539984,22138,BAKING SET 9 PIECE RETROSPOT ,3,2010-12-23 14:58:00,4.95,14911.0,EIRE
539984,22617,BAKING SET SPACEBOY DESIGN,3,2010-12-23 14:58:00,4.95,14911.0,EIRE
539985,84029G,KNITTED UNION FLAG HOT WATER BOTTLE,24,2010-12-23 15:16:00,3.39,15856.0,United Kingdom
539985,84030E,ENGLISH ROSE HOT WATER BOTTLE,24,2010-12-23 15:16:00,3.75,15856.0,United Kingdom
539985,22113,GREY HEART HOT WATER BOTTLE,36,2010-12-23 15:16:00,3.39,15856.0,United Kingdom
539985,22667,RECIPE BOX RETROSPOT ,24,2010-12-23 15:16:00,2.55,15856.0,United Kingdom
539985,85123A,WHITE HANGING HEART T-LIGHT HOLDER,32,2010-12-23 15:16:00,2.55,15856.0,United Kingdom
539985,84050,PINK HEART SHAPE EGG FRYING PAN,72,2010-12-23 15:16:00,1.25,15856.0,United Kingdom
539985,82600,NO SINGING METAL SIGN,48,2010-12-23 15:16:00,1.69,15856.0,United Kingdom
539985,22666,RECIPE BOX PANTRY YELLOW DESIGN,24,2010-12-23 15:16:00,2.55,15856.0,United Kingdom
539985,20754,RETROSPOT RED WASHING UP GLOVES,12,2010-12-23 15:16:00,2.1,15856.0,United Kingdom
539985,82483,WOOD 2 DRAWER CABINET WHITE FINISH,22,2010-12-23 15:16:00,4.95,15856.0,United Kingdom
539985,22312,OFFICE MUG WARMER POLKADOT,12,2010-12-23 15:16:00,2.95,15856.0,United Kingdom
539985,21843,RED RETROSPOT CAKE STAND,6,2010-12-23 15:16:00,10.95,15856.0,United Kingdom
539985,20966,SANDWICH BATH SPONGE,50,2010-12-23 15:16:00,1.25,15856.0,United Kingdom
539985,90165B,WHITE ROSEBUD  PEARL EARRINGS,1,2010-12-23 15:16:00,2.55,15856.0,United Kingdom
539986,22302,COFFEE MUG PEARS  DESIGN,5,2010-12-23 15:21:00,2.55,,United Kingdom
539986,22988,SOLDIERS EGG CUP ,2,2010-12-23 15:21:00,1.25,,United Kingdom
539987,90160C,TURQ+RED BOUDICCA LARGE BRACELET,1,2010-12-23 15:32:00,6.95,12748.0,United Kingdom
539988,16206B,RED PURSE WITH PINK HEART,2,2010-12-23 16:06:00,1.25,18116.0,United Kingdom
539988,85150,LADIES & GENTLEMEN METAL SIGN,1,2010-12-23 16:06:00,2.55,18116.0,United Kingdom
539988,82600,NO SINGING METAL SIGN,2,2010-12-23 16:06:00,2.1,18116.0,United Kingdom
539988,22413,METAL SIGN TAKE IT OR LEAVE IT ,2,2010-12-23 16:06:00,2.95,18116.0,United Kingdom
539988,21166,COOK WITH WINE METAL SIGN ,2,2010-12-23 16:06:00,1.95,18116.0,United Kingdom
539988,21181,PLEASE ONE PERSON METAL SIGN,2,2010-12-23 16:06:00,2.1,18116.0,United Kingdom
539988,48138,DOORMAT UNION FLAG,1,2010-12-23 16:06:00,7.95,18116.0,United Kingdom
539988,15056P,EDWARDIAN PARASOL PINK,1,2010-12-23 16:06:00,5.95,18116.0,United Kingdom
539988,15056N,EDWARDIAN PARASOL NATURAL,2,2010-12-23 16:06:00,5.95,18116.0,United Kingdom
539988,20679,EDWARDIAN PARASOL RED,2,2010-12-23 16:06:00,5.95,18116.0,United Kingdom
539988,22551,PLASTERS IN TIN SPACEBOY,1,2010-12-23 16:06:00,1.65,18116.0,United Kingdom
539988,84898F,YELLOW FLOWERS FELT HANDBAG KIT,2,2010-12-23 16:06:00,2.1,18116.0,United Kingdom
539988,22586,FELTCRAFT HAIRBAND PINK AND BLUE,1,2010-12-23 16:06:00,0.85,18116.0,United Kingdom
539988,22565,FELTCRAFT HAIRBANDS PINK AND WHITE ,1,2010-12-23 16:06:00,0.85,18116.0,United Kingdom
539988,22566,FELTCRAFT HAIRBAND PINK AND PURPLE,1,2010-12-23 16:06:00,0.85,18116.0,United Kingdom
539988,22149,FELTCRAFT 6 FLOWER FRIENDS,1,2010-12-23 16:06:00,2.1,18116.0,United Kingdom
539988,22147,FELTCRAFT BUTTERFLY HEARTS,3,2010-12-23 16:06:00,1.45,18116.0,United Kingdom
539988,22568,FELTCRAFT CUSHION OWL,1,2010-12-23 16:06:00,3.75,18116.0,United Kingdom
539988,22569,FELTCRAFT CUSHION BUTTERFLY,1,2010-12-23 16:06:00,3.75,18116.0,United Kingdom
539988,22570,FELTCRAFT CUSHION RABBIT,1,2010-12-23 16:06:00,3.75,18116.0,United Kingdom
539988,21380,WOODEN HAPPY BIRTHDAY GARLAND,2,2010-12-23 16:06:00,2.95,18116.0,United Kingdom
539988,21381,MINI WOODEN HAPPY BIRTHDAY GARLAND,2,2010-12-23 16:06:00,1.69,18116.0,United Kingdom
539988,22554,PLASTERS IN TIN WOODLAND ANIMALS,2,2010-12-23 16:06:00,1.65,18116.0,United Kingdom
539988,22556,PLASTERS IN TIN CIRCUS PARADE ,1,2010-12-23 16:06:00,1.65,18116.0,United Kingdom
539988,22557,PLASTERS IN TIN VINTAGE PAISLEY ,1,2010-12-23 16:06:00,1.65,18116.0,United Kingdom
539988,22652,TRAVEL SEWING KIT,3,2010-12-23 16:06:00,1.65,18116.0,United Kingdom
539988,22789,T-LIGHT HOLDER SWEETHEART HANGING,4,2010-12-23 16:06:00,1.95,18116.0,United Kingdom
539988,22784,LANTERN CREAM GAZEBO ,1,2010-12-23 16:06:00,4.95,18116.0,United Kingdom
539988,85123A,WHITE HANGING HEART T-LIGHT HOLDER,5,2010-12-23 16:06:00,2.95,18116.0,United Kingdom
539988,21733,RED HANGING HEART T-LIGHT HOLDER,3,2010-12-23 16:06:00,2.95,18116.0,United Kingdom
539988,22804,CANDLEHOLDER PINK HANGING HEART,5,2010-12-23 16:06:00,2.95,18116.0,United Kingdom
539988,22774,RED DRAWER KNOB ACRYLIC EDWARDIAN,1,2010-12-23 16:06:00,1.25,18116.0,United Kingdom
539988,22771,CLEAR DRAWER KNOB ACRYLIC EDWARDIAN,1,2010-12-23 16:06:00,1.25,18116.0,United Kingdom
539988,22775,PURPLE DRAWERKNOB ACRYLIC EDWARDIAN,1,2010-12-23 16:06:00,1.25,18116.0,United Kingdom
539988,22773,GREEN DRAWER KNOB ACRYLIC EDWARDIAN,1,2010-12-23 16:06:00,1.25,18116.0,United Kingdom
539988,22805,BLUE DRAWER KNOB ACRYLIC EDWARDIAN,1,2010-12-23 16:06:00,1.25,18116.0,United Kingdom
539988,22772,PINK DRAWER KNOB ACRYLIC EDWARDIAN,1,2010-12-23 16:06:00,1.25,18116.0,United Kingdom
539988,46138B,BLUE CHENILLE SHAGGY CUSHION COVER ,2,2010-12-23 16:06:00,1.95,18116.0,United Kingdom
539988,20701,PINK CAT FLORAL CUSHION COVER ,1,2010-12-23 16:06:00,3.75,18116.0,United Kingdom
539988,47585A,PINK FAIRY CAKE CUSHION COVER,2,2010-12-23 16:06:00,3.75,18116.0,United Kingdom
539988,47586A,PINK FAIRY CAKE CUSHION COVER,2,2010-12-23 16:06:00,2.55,18116.0,United Kingdom
539988,22176,BLUE OWL SOFT TOY,1,2010-12-23 16:06:00,2.95,18116.0,United Kingdom
539988,22175,PINK OWL SOFT TOY,1,2010-12-23 16:06:00,2.95,18116.0,United Kingdom
539988,84755,COLOUR GLASS T-LIGHT HOLDER HANGING,8,2010-12-23 16:06:00,0.65,18116.0,United Kingdom
539988,22217,T-LIGHT HOLDER HANGING LACE,2,2010-12-23 16:06:00,1.25,18116.0,United Kingdom
539988,22624,IVORY KITCHEN SCALES,1,2010-12-23 16:06:00,8.5,18116.0,United Kingdom
539988,85062,PEARL CRYSTAL PUMPKIN T-LIGHT HLDR,4,2010-12-23 16:06:00,1.65,18116.0,United Kingdom
539988,22457,NATURAL SLATE HEART CHALKBOARD ,1,2010-12-23 16:06:00,2.95,18116.0,United Kingdom
539988,82613D,METAL SIGN CUPCAKE SINGLE HOOK,1,2010-12-23 16:06:00,1.25,18116.0,United Kingdom
539988,82613B,"METAL SIGN,CUPCAKE SINGLE HOOK",1,2010-12-23 16:06:00,1.25,18116.0,United Kingdom
539988,82613A,"METAL SIGN,CUPCAKE SINGLE HOOK",1,2010-12-23 16:06:00,1.25,18116.0,United Kingdom
539988,82613C,"METAL SIGN,CUPCAKE SINGLE HOOK",1,2010-12-23 16:06:00,1.25,18116.0,United Kingdom
539988,21272,SALLE DE BAIN HOOK,2,2010-12-23 16:06:00,1.25,18116.0,United Kingdom
539988,21576,LETS GO SHOPPING COTTON TOTE BAG,1,2010-12-23 16:06:00,2.25,18116.0,United Kingdom
539988,72802B,OCEAN SCENT CANDLE IN JEWELLED BOX,1,2010-12-23 16:06:00,4.25,18116.0,United Kingdom
539988,72802C,VANILLA SCENT CANDLE JEWELLED BOX,1,2010-12-23 16:06:00,4.25,18116.0,United Kingdom
539988,72802A,ROSE SCENT CANDLE IN JEWELLED BOX,1,2010-12-23 16:06:00,4.25,18116.0,United Kingdom
539988,M,Manual,18,2010-12-23 16:06:00,0.2,18116.0,United Kingdom
539988,22098,BOUDOIR SQUARE TISSUE BOX,2,2010-12-23 16:06:00,1.25,18116.0,United Kingdom
539988,22723,SET OF 6 HERB TINS SKETCHBOOK,1,2010-12-23 16:06:00,3.95,18116.0,United Kingdom
539988,22722,SET OF 6 SPICE TINS PANTRY DESIGN,1,2010-12-23 16:06:00,3.95,18116.0,United Kingdom
539988,22283,6 EGG HOUSE PAINTED WOOD,1,2010-12-23 16:06:00,7.95,18116.0,United Kingdom
539988,22938,CUPCAKE LACE PAPER SET 6,2,2010-12-23 16:06:00,1.95,18116.0,United Kingdom
539988,21442,GREEN BIRDHOUSE DECORATION,2,2010-12-23 16:06:00,0.85,18116.0,United Kingdom
539988,21441,BLUE BIRDHOUSE DECORATION,3,2010-12-23 16:06:00,0.85,18116.0,United Kingdom
539988,22201,FRYING PAN BLUE POLKADOT,1,2010-12-23 16:06:00,4.25,18116.0,United Kingdom
539988,22200,FRYING PAN PINK POLKADOT,1,2010-12-23 16:06:00,4.25,18116.0,United Kingdom
539988,22207,FRYING PAN UNION FLAG,1,2010-12-23 16:06:00,4.25,18116.0,United Kingdom
539988,84050,PINK HEART SHAPE EGG FRYING PAN,2,2010-12-23 16:06:00,1.65,18116.0,United Kingdom
539988,20751,FUNKY WASHING UP GLOVES ASSORTED,2,2010-12-23 16:06:00,2.1,18116.0,United Kingdom
539988,20754,RETROSPOT RED WASHING UP GLOVES,1,2010-12-23 16:06:00,2.1,18116.0,United Kingdom
539988,22766,PHOTO FRAME CORNICE,2,2010-12-23 16:06:00,2.95,18116.0,United Kingdom
539988,21547,CERAMIC BIRDHOUSE CRESTED TIT SMALL,2,2010-12-23 16:06:00,2.95,18116.0,United Kingdom
539988,21358,TOAST ITS - HAPPY BIRTHDAY,1,2010-12-23 16:06:00,1.25,18116.0,United Kingdom
539988,21355,TOAST ITS - I LOVE YOU ,1,2010-12-23 16:06:00,1.25,18116.0,United Kingdom
539988,21356,TOAST ITS - FAIRY FLOWER,1,2010-12-23 16:06:00,1.25,18116.0,United Kingdom
539988,21354,TOAST ITS - BEST MUM,2,2010-12-23 16:06:00,1.25,18116.0,United Kingdom
539988,20751,FUNKY WASHING UP GLOVES ASSORTED,2,2010-12-23 16:06:00,2.1,18116.0,United Kingdom
539988,22966,GINGERBREAD MAN COOKIE CUTTER,2,2010-12-23 16:06:00,1.25,18116.0,United Kingdom
539988,84029G,KNITTED UNION FLAG HOT WATER BOTTLE,1,2010-12-23 16:06:00,3.75,18116.0,United Kingdom
539988,22616,PACK OF 12 LONDON TISSUES ,12,2010-12-23 16:06:00,0.29,18116.0,United Kingdom
539988,22197,SMALL POPCORN HOLDER,2,2010-12-23 16:06:00,0.85,18116.0,United Kingdom
539988,22834,HAND WARMER BABUSHKA DESIGN,4,2010-12-23 16:06:00,2.1,18116.0,United Kingdom
539988,84378,SET OF 3 HEART COOKIE CUTTERS,1,2010-12-23 16:06:00,1.25,18116.0,United Kingdom
539988,84380,SET OF 3 BUTTERFLY COOKIE CUTTERS,1,2010-12-23 16:06:00,1.25,18116.0,United Kingdom
539988,84849D,HOT BATHS SOAP HOLDER,1,2010-12-23 16:06:00,1.69,18116.0,United Kingdom
539988,84849B,FAIRY SOAP SOAP HOLDER,1,2010-12-23 16:06:00,1.69,18116.0,United Kingdom
539988,22854,CREAM SWEETHEART EGG HOLDER,2,2010-12-23 16:06:00,4.95,18116.0,United Kingdom
539988,47559B,TEA TIME OVEN GLOVE,2,2010-12-23 16:06:00,1.25,18116.0,United Kingdom
539989,22727,ALARM CLOCK BAKELIKE RED ,1,2010-12-23 16:16:00,3.75,,United Kingdom
539990,22349,DOG BOWL CHASING BALL DESIGN,1,2010-12-23 16:31:00,3.75,,United Kingdom
539990,84945,MULTI COLOUR SILVER T-LIGHT HOLDER,5,2010-12-23 16:31:00,0.85,,United Kingdom
539990,90112,PINK DOLLY HAIR CLIPS,2,2010-12-23 16:31:00,1.05,,United Kingdom
539990,21154,RED RETROSPOT OVEN GLOVE ,2,2010-12-23 16:31:00,1.25,,United Kingdom
539990,22966,GINGERBREAD MAN COOKIE CUTTER,1,2010-12-23 16:31:00,1.25,,United Kingdom
539990,22379,RECYCLING BAG RETROSPOT ,1,2010-12-23 16:31:00,2.1,,United Kingdom
539990,22759,SET OF 3 NOTEBOOKS IN PARCEL,1,2010-12-23 16:31:00,1.65,,United Kingdom
539990,85071B,RED CHARLIE+LOLA PERSONAL DOORSIGN,1,2010-12-23 16:31:00,2.95,,United Kingdom
539990,84378,SET OF 3 HEART COOKIE CUTTERS,1,2010-12-23 16:31:00,1.25,,United Kingdom
539990,84380,SET OF 3 BUTTERFLY COOKIE CUTTERS,1,2010-12-23 16:31:00,1.25,,United Kingdom
539990,21407,BROWN CHECK CAT DOORSTOP ,1,2010-12-23 16:31:00,4.25,,United Kingdom
539991,84029G,KNITTED UNION FLAG HOT WATER BOTTLE,1,2010-12-23 16:49:00,3.75,,United Kingdom
539991,22970,LONDON BUS COFFEE MUG,2,2010-12-23 16:49:00,2.55,,United Kingdom
539991,22423,REGENCY CAKESTAND 3 TIER,1,2010-12-23 16:49:00,12.75,,United Kingdom
539991,21629,SQUARE FLOOR CUSHION VINTAGE RED,1,2010-12-23 16:49:00,7.95,,United Kingdom
539991,21324,HANGING MEDINA LANTERN SMALL,2,2010-12-23 16:49:00,2.95,,United Kingdom
539991,22891,TEA FOR ONE POLKADOT,1,2010-12-23 16:49:00,4.25,,United Kingdom
539991,22649,STRAWBERRY FAIRY CAKE TEAPOT,1,2010-12-23 16:49:00,4.95,,United Kingdom
539991,35443,RASTA IN BATH W SPLIFF ASHTRAY,1,2010-12-23 16:49:00,0.85,,United Kingdom
539991,22111,SCOTTIE DOG HOT WATER BOTTLE,1,2010-12-23 16:49:00,4.95,,United Kingdom
539991,22802,FAUX FUR CHOCOLATE THROW,1,2010-12-23 16:49:00,19.95,,United Kingdom
539991,21616,4 PEAR BOTANICAL DINNER CANDLES,1,2010-12-23 16:49:00,1.25,,United Kingdom
539991,21618,4 WILDFLOWER BOTANICAL CANDLES,1,2010-12-23 16:49:00,1.25,,United Kingdom
539991,72741,GRAND CHOCOLATECANDLE,4,2010-12-23 16:49:00,1.45,,United Kingdom
539992,21470,FLOWER VINE RAFFIA FOOD COVER,1,2010-12-23 17:41:00,3.75,,United Kingdom
539992,22258,FELT FARM ANIMAL RABBIT,1,2010-12-23 17:41:00,1.25,,United Kingdom
539992,21155,RED RETROSPOT PEG BAG,1,2010-12-23 17:41:00,2.1,,United Kingdom
