InvoiceNo,StockCode,Description,Quantity,InvoiceDate,UnitPrice,CustomerID,Country
539461,37449,CERAMIC CAKE STAND + HANGING CAKES,1,2010-12-19 10:21:00,9.95,17243.0,United Kingdom
539461,22314,OFFICE MUG WARMER CHOC+BLUE,3,2010-12-19 10:21:00,2.95,17243.0,United Kingdom
539461,72801G,4 BURGUNDY WINE DINNER CANDLES,12,2010-12-19 10:21:00,1.25,17243.0,United Kingdom
539461,22988,SOLDIERS EGG CUP ,12,2010-12-19 10:21:00,1.25,17243.0,United Kingdom
539461,82494L,WOODEN FRAME ANTIQUE WHITE ,6,2010-12-19 10:21:00,2.95,17243.0,United Kingdom
539461,72800E,4 IVORY DINNER CANDLES SILVER FLOCK,12,2010-12-19 10:21:00,2.1,17243.0,United Kingdom
539461,21213,PACK OF 72 SKULL CAKE CASES,12,2010-12-19 10:21:00,0.55,17243.0,United Kingdom
539461,82486,WOOD S/3 CABINET ANT WHITE FINISH,6,2010-12-19 10:21:00,7.95,17243.0,United Kingdom
539461,72801G,4 BURGUNDY WINE DINNER CANDLES,12,2010-12-19 10:21:00,1.25,17243.0,United Kingdom
539461,21034,REX CASH+CARRY JUMBO SHOPPER,3,2010-12-19 10:21:00,0.95,17243.0,United Kingdom
539461,84029G,KNITTED UNION FLAG HOT WATER BOTTLE,10,2010-12-19 10:21:00,3.75,17243.0,United Kingdom
539461,22835,HOT WATER BOTTLE I AM SO POORLY,4,2010-12-19 10:21:00,4.65,17243.0,United Kingdom
539461,21485,RETROSPOT HEART HOT WATER BOTTLE,4,2010-12-19 10:21:00,4.95,17243.0,United Kingdom
539461,22112,CHOCOLATE HOT WATER BOTTLE,4,2010-12-19 10:21:00,4.95,17243.0,United Kingdom
539462,22900, SET 2 TEA TOWELS I LOVE LONDON ,6,2010-12-19 11:19:00,2.95,14032.0,United Kingdom
539462,22970,LONDON BUS COFFEE MUG,12,2010-12-19 11:19:00,2.55,14032.0,United Kingdom
539462,22109,FULL ENGLISH BREAKFAST PLATE,16,2010-12-19 11:19:00,3.39,14032.0,United Kingdom
539462,22636,CHILDS BREAKFAST SET CIRCUS PARADE,2,2010-12-19 11:19:00,8.5,14032.0,United Kingdom
539462,84077,WORLD WAR 2 GLIDERS ASSTD DESIGNS,48,2010-12-19 11:19:00,0.29,14032.0,United Kingdom
539462,21731,RED TOADSTOOL LED NIGHT LIGHT,12,2010-12-19 11:19:00,1.65,14032.0,United Kingdom
539462,22892,SET OF SALT AND PEPPER TOADSTOOLS,12,2010-12-19 11:19:00,1.25,14032.0,United Kingdom
539462,22988,SOLDIERS EGG CUP ,24,2010-12-19 11:19:00,1.25,14032.0,United Kingdom
539462,22976,CIRCUS PARADE CHILDRENS EGG CUP ,12,2010-12-19 11:19:00,1.25,14032.0,United Kingdom
539462,21741,COSY SLIPPER SHOES LARGE GREEN,6,2010-12-19 11:19:00,2.95,14032.0,United Kingdom
539462,22064,PINK DOUGHNUT TRINKET POT ,12,2010-12-19 11:19:00,1.65,14032.0,United Kingdom
539462,22198,LARGE POPCORN HOLDER ,12,2010-12-19 11:19:00,1.65,14032.0,United Kingdom
539462,22496,SET OF 2 ROUND TINS DUTCH CHEESE,6,2010-12-19 11:19:00,2.95,14032.0,United Kingdom
539462,22441,GROW YOUR OWN BASIL IN ENAMEL MUG,8,2010-12-19 11:19:00,2.1,14032.0,United Kingdom
539462,22710,WRAP I LOVE LONDON ,25,2010-12-19 11:19:00,0.42,14032.0,United Kingdom
539463,22910,PAPER CHAIN KIT VINTAGE CHRISTMAS,6,2010-12-19 11:19:00,2.95,18077.0,United Kingdom
539463,22531,MAGIC DRAWING SLATE CIRCUS PARADE  ,6,2010-12-19 11:19:00,0.42,18077.0,United Kingdom
539463,22535,MAGIC DRAWING SLATE BUNNIES ,7,2010-12-19 11:19:00,0.42,18077.0,United Kingdom
539463,22791,T-LIGHT GLASS FLUTED ANTIQUE,12,2010-12-19 11:19:00,1.25,18077.0,United Kingdom
539463,22651,GENTLEMAN SHIRT REPAIR KIT ,12,2010-12-19 11:19:00,0.85,18077.0,United Kingdom
539463,22721,SET OF 3 CAKE TINS SKETCHBOOK,1,2010-12-19 11:19:00,4.95,18077.0,United Kingdom
539463,22961,JAM MAKING SET PRINTED,6,2010-12-19 11:19:00,1.45,18077.0,United Kingdom
539463,85176,SEWING SUSAN 21 NEEDLE SET,10,2010-12-19 11:19:00,0.85,18077.0,United Kingdom
539463,16015,MEDIUM CHINESE STYLE SCISSOR,20,2010-12-19 11:19:00,0.5,18077.0,United Kingdom
539463,16014,SMALL CHINESE STYLE SCISSOR,10,2010-12-19 11:19:00,0.42,18077.0,United Kingdom
539463,20751,FUNKY WASHING UP GLOVES ASSORTED,6,2010-12-19 11:19:00,2.1,18077.0,United Kingdom
539463,21012,ANTIQUE ALL GLASS CANDLESTICK,6,2010-12-19 11:19:00,2.1,18077.0,United Kingdom
539463,22927,GREEN GIANT GARDEN THERMOMETER,2,2010-12-19 11:19:00,5.95,18077.0,United Kingdom
539463,22301,COFFEE MUG CAT + BIRD DESIGN,12,2010-12-19 11:19:00,2.55,18077.0,United Kingdom
539463,21868,POTTING SHED TEA MUG,6,2010-12-19 11:19:00,1.25,18077.0,United Kingdom
539463,22300,COFFEE MUG DOG + BALL DESIGN,12,2010-12-19 11:19:00,2.55,18077.0,United Kingdom
539463,21034,REX CASH+CARRY JUMBO SHOPPER,1,2010-12-19 11:19:00,0.95,18077.0,United Kingdom
539464,21730,GLASS STAR FROSTED T-LIGHT HOLDER,2,2010-12-19 11:35:00,4.95,17913.0,United Kingdom
539464,22963,JAM JAR WITH GREEN LID,3,2010-12-19 11:35:00,0.85,17913.0,United Kingdom
539464,22962,JAM JAR WITH PINK LID,3,2010-12-19 11:35:00,0.85,17913.0,United Kingdom
539464,21692,SILVER LATTICE VANILLA CANDLE POT,1,2010-12-19 11:35:00,3.75,17913.0,United Kingdom
539464,21741,COSY SLIPPER SHOES LARGE GREEN,4,2010-12-19 11:35:00,2.95,17913.0,United Kingdom
539464,22278,OVERNIGHT BAG VINTAGE ROSE PAISLEY,2,2010-12-19 11:35:00,4.95,17913.0,United Kingdom
539464,22480,RED TEA TOWEL CLASSIC DESIGN,2,2010-12-19 11:35:00,1.25,17913.0,United Kingdom
539464,21479,WHITE SKULL HOT WATER BOTTLE ,1,2010-12-19 11:35:00,3.75,17913.0,United Kingdom
539464,22111,SCOTTIE DOG HOT WATER BOTTLE,1,2010-12-19 11:35:00,4.95,17913.0,United Kingdom
539464,84247E,PACK/12 XMAS FUN CARD,1,2010-12-19 11:35:00,2.95,17913.0,United Kingdom
539464,20767,BLUE PAISLEY JOURNAL ,2,2010-12-19 11:35:00,2.55,17913.0,United Kingdom
539464,20768,GREEN FERN JOURNAL ,2,2010-12-19 11:35:00,2.55,17913.0,United Kingdom
539464,22666,RECIPE BOX PANTRY YELLOW DESIGN,1,2010-12-19 11:35:00,2.95,17913.0,United Kingdom
539464,22961,JAM MAKING SET PRINTED,6,2010-12-19 11:35:00,1.45,17913.0,United Kingdom
539464,21690,SILVER  CANDLEPOT JARDIN ,1,2010-12-19 11:35:00,3.75,17913.0,United Kingdom
539464,21877,HOME SWEET HOME MUG,2,2010-12-19 11:35:00,1.25,17913.0,United Kingdom
539464,21875,KINGS CHOICE MUG,2,2010-12-19 11:35:00,1.25,17913.0,United Kingdom
539464,22728,ALARM CLOCK BAKELIKE PINK,1,2010-12-19 11:35:00,3.75,17913.0,United Kingdom
539464,84946,ANTIQUE SILVER TEA GLASS ETCHED,6,2010-12-19 11:35:00,1.25,17913.0,United Kingdom
539464,22667,RECIPE BOX RETROSPOT ,2,2010-12-19 11:35:00,2.95,17913.0,United Kingdom
539464,22110,BIRD HOUSE HOT WATER BOTTLE,3,2010-12-19 11:35:00,2.55,17913.0,United Kingdom
539464,22113,GREY HEART HOT WATER BOTTLE,6,2010-12-19 11:35:00,3.75,17913.0,United Kingdom
539464,21484,CHICK GREY HOT WATER BOTTLE,3,2010-12-19 11:35:00,3.45,17913.0,United Kingdom
539464,22068,BLACK PIRATE TREASURE CHEST,4,2010-12-19 11:35:00,1.65,17913.0,United Kingdom
539464,21613,S/12 VANILLA  BOTANICAL T-LIGHTS,3,2010-12-19 11:35:00,2.95,17913.0,United Kingdom
539464,21609,SET 12 LAVENDER  BOTANICAL T-LIGHTS,5,2010-12-19 11:35:00,2.95,17913.0,United Kingdom
539464,84580,MOUSE TOY WITH PINK T-SHIRT,1,2010-12-19 11:35:00,3.75,17913.0,United Kingdom
539464,22476,EMPIRE UNION JACK TV DINNER TRAY,2,2010-12-19 11:35:00,4.95,17913.0,United Kingdom
539464,22473,TV DINNER TRAY VINTAGE PAISLEY,1,2010-12-19 11:35:00,4.95,17913.0,United Kingdom
539464,48138,DOORMAT UNION FLAG,2,2010-12-19 11:35:00,7.95,17913.0,United Kingdom
539464,16169P,WRAP GREEN RUSSIAN FOLKART ,25,2010-12-19 11:35:00,0.42,17913.0,United Kingdom
539465,22697,GREEN REGENCY TEACUP AND SAUCER,72,2010-12-19 11:38:00,2.55,16684.0,United Kingdom
539465,22699,ROSES REGENCY TEACUP AND SAUCER ,72,2010-12-19 11:38:00,2.55,16684.0,United Kingdom
539465,21844,RED RETROSPOT MUG,144,2010-12-19 11:38:00,2.55,16684.0,United Kingdom
539465,22659,LUNCH BOX I LOVE LONDON,128,2010-12-19 11:38:00,1.65,16684.0,United Kingdom
539465,22629,SPACEBOY LUNCH BOX ,64,2010-12-19 11:38:00,1.65,16684.0,United Kingdom
539465,22423,REGENCY CAKESTAND 3 TIER,12,2010-12-19 11:38:00,12.75,16684.0,United Kingdom
539465,21527,RED RETROSPOT TRADITIONAL TEAPOT ,12,2010-12-19 11:38:00,6.95,16684.0,United Kingdom
539465,21531,RED RETROSPOT SUGAR JAM BOWL,48,2010-12-19 11:38:00,2.1,16684.0,United Kingdom
539465,21843,RED RETROSPOT CAKE STAND,12,2010-12-19 11:38:00,10.95,16684.0,United Kingdom
539465,21314,SMALL GLASS HEART TRINKET POT,96,2010-12-19 11:38:00,1.85,16684.0,United Kingdom
539465,72351A,SET/6 TURQUOISE BUTTERFLY T-LIGHTS,72,2010-12-19 11:38:00,1.69,16684.0,United Kingdom
539465,72351B,SET/6 PINK  BUTTERFLY T-LIGHTS,144,2010-12-19 11:38:00,1.69,16684.0,United Kingdom
539466,21880,RED RETROSPOT TAPE,24,2010-12-19 12:46:00,0.19,12668.0,Germany
539466,21881,CUTE CATS TAPE,24,2010-12-19 12:46:00,0.19,12668.0,Germany
539466,21884,CAKES AND BOWS GIFT  TAPE,24,2010-12-19 12:46:00,0.19,12668.0,Germany
539466,22117,METAL SIGN HER DINNER IS SERVED ,12,2010-12-19 12:46:00,0.85,12668.0,Germany
539466,22378,WALL TIDY RETROSPOT ,40,2010-12-19 12:46:00,0.85,12668.0,Germany
539466,22396,MAGNETS PACK OF 4 RETRO PHOTO,24,2010-12-19 12:46:00,0.42,12668.0,Germany
539466,82613B,"METAL SIGN,CUPCAKE SINGLE HOOK",20,2010-12-19 12:46:00,0.42,12668.0,Germany
539466,82613D,METAL SIGN CUPCAKE SINGLE HOOK,20,2010-12-19 12:46:00,0.42,12668.0,Germany
539466,84509G,SET OF 4 FAIRY CAKE PLACEMATS ,12,2010-12-19 12:46:00,1.25,12668.0,Germany
539466,21231,SWEETHEART CERAMIC TRINKET BOX,12,2010-12-19 12:46:00,1.25,12668.0,Germany
539466,21232,STRAWBERRY CERAMIC TRINKET BOX,24,2010-12-19 12:46:00,1.25,12668.0,Germany
539466,22064,PINK DOUGHNUT TRINKET POT ,12,2010-12-19 12:46:00,1.65,12668.0,Germany
539466,22644,CERAMIC CHERRY CAKE MONEY BANK,12,2010-12-19 12:46:00,1.45,12668.0,Germany
539466,37448,CERAMIC CAKE DESIGN SPOTTED MUG,12,2010-12-19 12:46:00,1.49,12668.0,Germany
539466,47567B,TEA TIME KITCHEN APRON,3,2010-12-19 12:46:00,5.95,12668.0,Germany
539466,47570B,TEA TIME TABLE CLOTH,2,2010-12-19 12:46:00,10.65,12668.0,Germany
539466,48185,DOORMAT FAIRY CAKE,2,2010-12-19 12:46:00,7.95,12668.0,Germany
539466,20914,SET/5 RED RETROSPOT LID GLASS BOWLS,6,2010-12-19 12:46:00,2.95,12668.0,Germany
539466,21035,SET/2 RED RETROSPOT TEA TOWELS ,6,2010-12-19 12:46:00,2.95,12668.0,Germany
539466,21527,RED RETROSPOT TRADITIONAL TEAPOT ,6,2010-12-19 12:46:00,7.95,12668.0,Germany
539466,21165,BEWARE OF THE CAT METAL SIGN ,12,2010-12-19 12:46:00,1.69,12668.0,Germany
539466,22554,PLASTERS IN TIN WOODLAND ANIMALS,12,2010-12-19 12:46:00,1.65,12668.0,Germany
539466,21731,RED TOADSTOOL LED NIGHT LIGHT,12,2010-12-19 12:46:00,1.65,12668.0,Germany
539466,POST,POSTAGE,4,2010-12-19 12:46:00,18.0,12668.0,Germany
C539467,22697,GREEN REGENCY TEACUP AND SAUCER,-1,2010-12-19 12:46:00,2.95,15044.0,United Kingdom
C539467,82483,WOOD 2 DRAWER CABINET WHITE FINISH,-1,2010-12-19 12:46:00,5.95,15044.0,United Kingdom
C539467,22801,ANTIQUE GLASS PEDESTAL BOWL,-1,2010-12-19 12:46:00,3.75,15044.0,United Kingdom
539468,21793,CLASSIC FRENCH STYLE BASKET BROWN,1,2010-12-19 13:31:00,6.75,15044.0,United Kingdom
539468,72800E,4 IVORY DINNER CANDLES SILVER FLOCK,4,2010-12-19 13:31:00,2.55,15044.0,United Kingdom
539468,22423,REGENCY CAKESTAND 3 TIER,2,2010-12-19 13:31:00,12.75,15044.0,United Kingdom
539468,22697,GREEN REGENCY TEACUP AND SAUCER,1,2010-12-19 13:31:00,2.95,15044.0,United Kingdom
539468,21481,FAWN BLUE HOT WATER BOTTLE,12,2010-12-19 13:31:00,2.95,15044.0,United Kingdom
539468,84029G,KNITTED UNION FLAG HOT WATER BOTTLE,6,2010-12-19 13:31:00,3.75,15044.0,United Kingdom
539468,22835,HOT WATER BOTTLE I AM SO POORLY,6,2010-12-19 13:31:00,4.65,15044.0,United Kingdom
539468,84030E,ENGLISH ROSE HOT WATER BOTTLE,6,2010-12-19 13:31:00,4.25,15044.0,United Kingdom
539468,22112,CHOCOLATE HOT WATER BOTTLE,6,2010-12-19 13:31:00,4.95,15044.0,United Kingdom
539468,22113,GREY HEART HOT WATER BOTTLE,4,2010-12-19 13:31:00,3.75,15044.0,United Kingdom
539468,21484,CHICK GREY HOT WATER BOTTLE,4,2010-12-19 13:31:00,3.45,15044.0,United Kingdom
539468,21479,WHITE SKULL HOT WATER BOTTLE ,4,2010-12-19 13:31:00,3.75,15044.0,United Kingdom
539468,22111,SCOTTIE DOG HOT WATER BOTTLE,8,2010-12-19 13:31:00,4.95,15044.0,United Kingdom
539468,21485,RETROSPOT HEART HOT WATER BOTTLE,4,2010-12-19 13:31:00,4.95,15044.0,United Kingdom
539468,21181,PLEASE ONE PERSON METAL SIGN,12,2010-12-19 13:31:00,2.1,15044.0,United Kingdom
539468,21166,COOK WITH WINE METAL SIGN ,12,2010-12-19 13:31:00,1.95,15044.0,United Kingdom
539468,21175,GIN + TONIC DIET METAL SIGN,12,2010-12-19 13:31:00,2.1,15044.0,United Kingdom
539468,84406B,CREAM CUPID HEARTS COAT HANGER,6,2010-12-19 13:31:00,3.25,15044.0,United Kingdom
539468,22173,METAL 4 HOOK HANGER FRENCH CHATEAU,8,2010-12-19 13:31:00,2.95,15044.0,United Kingdom
539468,22666,RECIPE BOX PANTRY YELLOW DESIGN,4,2010-12-19 13:31:00,2.95,15044.0,United Kingdom
539468,22766,PHOTO FRAME CORNICE,6,2010-12-19 13:31:00,2.95,15044.0,United Kingdom
539468,82483,WOOD 2 DRAWER CABINET WHITE FINISH,10,2010-12-19 13:31:00,5.95,15044.0,United Kingdom
539468,82486,WOOD S/3 CABINET ANT WHITE FINISH,8,2010-12-19 13:31:00,7.95,15044.0,United Kingdom
539468,82482,WOODEN PICTURE FRAME WHITE FINISH,12,2010-12-19 13:31:00,2.55,15044.0,United Kingdom
539468,82494L,WOODEN FRAME ANTIQUE WHITE ,12,2010-12-19 13:31:00,2.95,15044.0,United Kingdom
539468,82484,WOOD BLACK BOARD ANT WHITE FINISH,6,2010-12-19 13:31:00,6.45,15044.0,United Kingdom
539469,22862,LOVE HEART NAPKIN BOX ,1,2010-12-19 13:59:00,4.25,17841.0,United Kingdom
539469,22710,WRAP I LOVE LONDON ,25,2010-12-19 13:59:00,0.42,17841.0,United Kingdom
539469,21447,12 IVORY ROSE PEG PLACE SETTINGS,1,2010-12-19 13:59:00,1.25,17841.0,United Kingdom
539469,20961,STRAWBERRY BATH SPONGE ,2,2010-12-19 13:59:00,1.25,17841.0,United Kingdom
539469,20963,APPLE BATH SPONGE,2,2010-12-19 13:59:00,1.25,17841.0,United Kingdom
539469,20966,SANDWICH BATH SPONGE,4,2010-12-19 13:59:00,1.25,17841.0,United Kingdom
539469,85023B,EAU DE NILE JEWELLED PHOTOFRAME,1,2010-12-19 13:59:00,2.55,17841.0,United Kingdom
539469,21623,VINTAGE UNION JACK MEMOBOARD,1,2010-12-19 13:59:00,9.95,17841.0,United Kingdom
539469,22653,BUTTON BOX ,1,2010-12-19 13:59:00,1.95,17841.0,United Kingdom
539469,21056,DOCTOR'S BAG SOFT TOY,1,2010-12-19 13:59:00,8.95,17841.0,United Kingdom
539469,22897,OVEN MITT APPLES DESIGN,2,2010-12-19 13:59:00,1.45,17841.0,United Kingdom
539469,21407,BROWN CHECK CAT DOORSTOP ,1,2010-12-19 13:59:00,4.25,17841.0,United Kingdom
539469,84754,S/15 SILVER GLASS BAUBLES IN BAG,1,2010-12-19 13:59:00,1.25,17841.0,United Kingdom
539469,22174,PHOTO CUBE,1,2010-12-19 13:59:00,1.65,17841.0,United Kingdom
539469,22795,SWEETHEART RECIPE BOOK STAND,1,2010-12-19 13:59:00,6.75,17841.0,United Kingdom
539469,22386,JUMBO BAG PINK POLKADOT,1,2010-12-19 13:59:00,1.95,17841.0,United Kingdom
539469,22371,AIRLINE BAG VINTAGE TOKYO 78,2,2010-12-19 13:59:00,4.25,17841.0,United Kingdom
539469,79160,HEART SHAPE WIRELESS DOORBELL,3,2010-12-19 13:59:00,2.1,17841.0,United Kingdom
539469,22272,FELTCRAFT DOLL MARIA,1,2010-12-19 13:59:00,2.95,17841.0,United Kingdom
539469,22910,PAPER CHAIN KIT VINTAGE CHRISTMAS,1,2010-12-19 13:59:00,2.95,17841.0,United Kingdom
539469,21934,SKULL SHOULDER BAG,1,2010-12-19 13:59:00,1.65,17841.0,United Kingdom
539469,85099B,JUMBO BAG RED RETROSPOT,1,2010-12-19 13:59:00,1.95,17841.0,United Kingdom
539469,84849D,HOT BATHS SOAP HOLDER,1,2010-12-19 13:59:00,1.69,17841.0,United Kingdom
539469,84997D,PINK 3 PIECE POLKADOT CUTLERY SET,1,2010-12-19 13:59:00,3.75,17841.0,United Kingdom
539469,20668,DISCO BALL CHRISTMAS DECORATION,48,2010-12-19 13:59:00,0.12,17841.0,United Kingdom
539469,84692,BOX OF 24 COCKTAIL PARASOLS,6,2010-12-19 13:59:00,0.42,17841.0,United Kingdom
539469,22753,SMALL YELLOW BABUSHKA NOTEBOOK ,2,2010-12-19 13:59:00,0.85,17841.0,United Kingdom
539469,22754,SMALL RED BABUSHKA NOTEBOOK ,2,2010-12-19 13:59:00,0.85,17841.0,United Kingdom
539469,79321,CHILLI LIGHTS,24,2010-12-19 13:59:00,4.25,17841.0,United Kingdom
539469,21784,SHOE SHINE BOX ,1,2010-12-19 13:59:00,9.95,17841.0,United Kingdom
539469,22848,BREAD BIN DINER STYLE PINK,1,2010-12-19 13:59:00,16.95,17841.0,United Kingdom
539469,82494L,WOODEN FRAME ANTIQUE WHITE ,2,2010-12-19 13:59:00,2.95,17841.0,United Kingdom
539469,82001S,VINYL RECORD FRAME SILVER,7,2010-12-19 13:59:00,3.75,17841.0,United Kingdom
539469,82484,WOOD BLACK BOARD ANT WHITE FINISH,2,2010-12-19 13:59:00,6.45,17841.0,United Kingdom
539470,84879,ASSORTED COLOUR BIRD ORNAMENT,8,2010-12-19 14:03:00,1.69,14472.0,United Kingdom
539470,20963,APPLE BATH SPONGE,2,2010-12-19 14:03:00,1.25,14472.0,United Kingdom
539470,22461,SAVOY ART DECO CLOCK,1,2010-12-19 14:03:00,12.75,14472.0,United Kingdom
539470,85152,HAND OVER THE CHOCOLATE   SIGN ,2,2010-12-19 14:03:00,2.1,14472.0,United Kingdom
539470,85123A,WHITE HANGING HEART T-LIGHT HOLDER,2,2010-12-19 14:03:00,2.95,14472.0,United Kingdom
539470,72803A,ROSE SCENT CANDLE JEWELLED DRAWER,3,2010-12-19 14:03:00,4.25,14472.0,United Kingdom
539470,72807A,SET/3 ROSE CANDLE IN JEWELLED BOX,3,2010-12-19 14:03:00,4.25,14472.0,United Kingdom
539470,20961,STRAWBERRY BATH SPONGE ,4,2010-12-19 14:03:00,1.25,14472.0,United Kingdom
539470,21823,PAINTED METAL HEART WITH HOLLY BELL,1,2010-12-19 14:03:00,1.45,14472.0,United Kingdom
539470,21390,FILIGRIS HEART WITH BUTTERFLY,2,2010-12-19 14:03:00,1.25,14472.0,United Kingdom
539470,21390,FILIGRIS HEART WITH BUTTERFLY,2,2010-12-19 14:03:00,1.25,14472.0,United Kingdom
539470,21823,PAINTED METAL HEART WITH HOLLY BELL,4,2010-12-19 14:03:00,1.45,14472.0,United Kingdom
539470,22297,HEART IVORY TRELLIS SMALL,6,2010-12-19 14:03:00,1.25,14472.0,United Kingdom
539470,22294,HEART FILIGREE DOVE  SMALL,6,2010-12-19 14:03:00,1.25,14472.0,United Kingdom
539470,21232,STRAWBERRY CERAMIC TRINKET BOX,2,2010-12-19 14:03:00,1.25,14472.0,United Kingdom
539470,21361,LOVE LARGE WOOD LETTERS ,1,2010-12-19 14:03:00,12.75,14472.0,United Kingdom
539470,85109,PINK BOUDOIR T-LIGHT HOLDER,12,2010-12-19 14:03:00,0.85,14472.0,United Kingdom
539470,21609,SET 12 LAVENDER  BOTANICAL T-LIGHTS,4,2010-12-19 14:03:00,2.95,14472.0,United Kingdom
539470,21232,STRAWBERRY CERAMIC TRINKET BOX,1,2010-12-19 14:03:00,1.25,14472.0,United Kingdom
539470,21232,STRAWBERRY CERAMIC TRINKET BOX,1,2010-12-19 14:03:00,1.25,14472.0,United Kingdom
539470,22891,TEA FOR ONE POLKADOT,1,2010-12-19 14:03:00,4.25,14472.0,United Kingdom
539470,22891,TEA FOR ONE POLKADOT,1,2010-12-19 14:03:00,4.25,14472.0,United Kingdom
539470,84804A,CREAM DELPHINIUM ARTIFICIAL FLOWER,2,2010-12-19 14:03:00,2.95,14472.0,United Kingdom
539470,84800L,LARGE WHITE/PINK ROSE ART FLOWER,2,2010-12-19 14:03:00,2.12,14472.0,United Kingdom
539470,84800M,MEDIUM WHITE/PINK ROSE ART FLOWER,1,2010-12-19 14:03:00,1.69,14472.0,United Kingdom
539470,84802A,WHITE ANEMONE ARTIFICIAL FLOWER,2,2010-12-19 14:03:00,1.69,14472.0,United Kingdom
539470,84806A,PINK CANDYSTUFT ARTIFICIAL FLOWER,1,2010-12-19 14:03:00,1.45,14472.0,United Kingdom
539470,82486,WOOD S/3 CABINET ANT WHITE FINISH,2,2010-12-19 14:03:00,7.95,14472.0,United Kingdom
539470,21257,VICTORIAN SEWING BOX MEDIUM,2,2010-12-19 14:03:00,7.95,14472.0,United Kingdom
539470,82484,WOOD BLACK BOARD ANT WHITE FINISH,2,2010-12-19 14:03:00,6.45,14472.0,United Kingdom
539470,21340,CLASSIC METAL BIRDCAGE PLANT HOLDER,1,2010-12-19 14:03:00,12.75,14472.0,United Kingdom
539470,21340,CLASSIC METAL BIRDCAGE PLANT HOLDER,1,2010-12-19 14:03:00,12.75,14472.0,United Kingdom
539470,22637,PIGGY BANK RETROSPOT ,3,2010-12-19 14:03:00,2.55,14472.0,United Kingdom
539470,21258,VICTORIAN SEWING BOX LARGE,1,2010-12-19 14:03:00,12.75,14472.0,United Kingdom
539470,21287,SCENTED VELVET LOUNGE CANDLE ,12,2010-12-19 14:03:00,1.25,14472.0,United Kingdom
539470,21340,CLASSIC METAL BIRDCAGE PLANT HOLDER,1,2010-12-19 14:03:00,12.75,14472.0,United Kingdom
539471,82583,HOT BATHS METAL SIGN,1,2010-12-19 14:16:00,2.1,17358.0,United Kingdom
539471,22417,PACK OF 60 SPACEBOY CAKE CASES,2,2010-12-19 14:16:00,0.55,17358.0,United Kingdom
539471,84992,72 SWEETHEART FAIRY CAKE CASES,2,2010-12-19 14:16:00,0.55,17358.0,United Kingdom
539471,21506,"FANCY FONT BIRTHDAY CARD, ",12,2010-12-19 14:16:00,0.42,17358.0,United Kingdom
539471,21506,"FANCY FONT BIRTHDAY CARD, ",12,2010-12-19 14:16:00,0.42,17358.0,United Kingdom
539471,22033,BOTANICAL ROSE GREETING CARD,12,2010-12-19 14:16:00,0.42,17358.0,United Kingdom
539471,22131,FOOD CONTAINER SET 3 LOVE HEART ,3,2010-12-19 14:16:00,1.95,17358.0,United Kingdom
539471,22668,PINK BABY BUNTING,5,2010-12-19 14:16:00,2.95,17358.0,United Kingdom
539471,22669,RED BABY BUNTING ,5,2010-12-19 14:16:00,2.95,17358.0,United Kingdom
539471,21733,RED HANGING HEART T-LIGHT HOLDER,1,2010-12-19 14:16:00,2.95,17358.0,United Kingdom
539471,85123A,WHITE HANGING HEART T-LIGHT HOLDER,2,2010-12-19 14:16:00,2.95,17358.0,United Kingdom
539471,21733,RED HANGING HEART T-LIGHT HOLDER,3,2010-12-19 14:16:00,2.95,17358.0,United Kingdom
539471,85049G,CHOCOLATE BOX RIBBONS ,1,2010-12-19 14:16:00,1.25,17358.0,United Kingdom
539471,85049C,ROMANTIC PINKS RIBBONS ,1,2010-12-19 14:16:00,1.25,17358.0,United Kingdom
539471,85049A,TRADITIONAL CHRISTMAS RIBBONS,1,2010-12-19 14:16:00,1.25,17358.0,United Kingdom
539471,85049E,SCANDINAVIAN REDS RIBBONS,1,2010-12-19 14:16:00,1.25,17358.0,United Kingdom
539471,21892,TRADITIONAL WOODEN CATCH CUP GAME ,1,2010-12-19 14:16:00,1.25,17358.0,United Kingdom
539471,22286,"DECORATION , WOBBLY RABBIT , METAL ",2,2010-12-19 14:16:00,1.65,17358.0,United Kingdom
539471,22133,PINK LOVE HEART SHAPE CUP,1,2010-12-19 14:16:00,0.85,17358.0,United Kingdom
539471,22132,RED LOVE HEART SHAPE CUP,1,2010-12-19 14:16:00,0.85,17358.0,United Kingdom
539471,22078,RIBBON REEL LACE DESIGN ,5,2010-12-19 14:16:00,2.1,17358.0,United Kingdom
539471,20658,RED RETROSPOT LUGGAGE TAG,4,2010-12-19 14:16:00,1.25,17358.0,United Kingdom
539471,20669,RED HEART LUGGAGE TAG,3,2010-12-19 14:16:00,1.25,17358.0,United Kingdom
539471,21472,LADYBIRD + BEE RAFFIA FOOD COVER,2,2010-12-19 14:16:00,3.75,17358.0,United Kingdom
539471,22375,AIRLINE BAG VINTAGE JET SET BROWN,1,2010-12-19 14:16:00,4.25,17358.0,United Kingdom
539471,20665,RED RETROSPOT PURSE ,4,2010-12-19 14:16:00,2.95,17358.0,United Kingdom
539471,21985,PACK OF 12 HEARTS DESIGN TISSUES ,12,2010-12-19 14:16:00,0.29,17358.0,United Kingdom
539471,22908,PACK OF 20 NAPKINS RED APPLES,12,2010-12-19 14:16:00,0.85,17358.0,United Kingdom
539471,21484,CHICK GREY HOT WATER BOTTLE,1,2010-12-19 14:16:00,3.45,17358.0,United Kingdom
539471,22111,SCOTTIE DOG HOT WATER BOTTLE,1,2010-12-19 14:16:00,4.95,17358.0,United Kingdom
539471,84030E,ENGLISH ROSE HOT WATER BOTTLE,1,2010-12-19 14:16:00,4.25,17358.0,United Kingdom
539471,72128,COLUMBIAN CANDLE ROUND,2,2010-12-19 14:16:00,0.85,17358.0,United Kingdom
539471,72127,COLUMBIAN CANDLE ROUND ,1,2010-12-19 14:16:00,1.25,17358.0,United Kingdom
539471,84988,SET OF 72 PINK HEART PAPER DOILIES,3,2010-12-19 14:16:00,1.45,17358.0,United Kingdom
539471,21210,SET OF 72 RETROSPOT PAPER  DOILIES,2,2010-12-19 14:16:00,1.45,17358.0,United Kingdom
539471,22988,SOLDIERS EGG CUP ,12,2010-12-19 14:16:00,1.25,17358.0,United Kingdom
539471,21844,RED RETROSPOT MUG,6,2010-12-19 14:16:00,2.95,17358.0,United Kingdom
539471,21657,MILK BOTTLE WITH GLASS STOPPER ,1,2010-12-19 14:16:00,6.95,17358.0,United Kingdom
539471,85173,SET/6 FROG PRINCE T-LIGHT CANDLES,6,2010-12-19 14:16:00,2.55,17358.0,United Kingdom
539471,22808,SET OF 6 T-LIGHTS EASTER CHICKS,6,2010-12-19 14:16:00,2.95,17358.0,United Kingdom
539471,20941,FROG CANDLE,2,2010-12-19 14:16:00,1.25,17358.0,United Kingdom
539471,22626,BLACK KITCHEN SCALES,1,2010-12-19 14:16:00,8.5,17358.0,United Kingdom
539472,84558A,3D DOG PICTURE PLAYING CARDS,1,2010-12-19 14:23:00,2.95,15581.0,United Kingdom
539472,20618,QUEEN OF THE SKIES PASSPORT COVER ,1,2010-12-19 14:23:00,2.1,15581.0,United Kingdom
539472,20655,QUEEN OF SKIES LUGGAGE TAG,1,2010-12-19 14:23:00,1.25,15581.0,United Kingdom
539472,84826,ASSTD DESIGN 3D PAPER STICKERS,1,2010-12-19 14:23:00,0.85,15581.0,United Kingdom
539472,22147,FELTCRAFT BUTTERFLY HEARTS,1,2010-12-19 14:23:00,1.45,15581.0,United Kingdom
539472,84826,ASSTD DESIGN 3D PAPER STICKERS,1,2010-12-19 14:23:00,0.85,15581.0,United Kingdom
539472,21723,ALPHABET HEARTS STICKER SHEET,1,2010-12-19 14:23:00,0.85,15581.0,United Kingdom
539472,20828,GLITTER BUTTERFLY CLIPS,1,2010-12-19 14:23:00,2.55,15581.0,United Kingdom
539472,22444,GROW YOUR OWN PLANT IN A CAN ,1,2010-12-19 14:23:00,1.25,15581.0,United Kingdom
539472,21719,LOVELY BONBON STICKER SHEET,1,2010-12-19 14:23:00,0.85,15581.0,United Kingdom
539472,85227,SET OF 6 3D KIT CARDS FOR KIDS,1,2010-12-19 14:23:00,0.85,15581.0,United Kingdom
539472,84826,ASSTD DESIGN 3D PAPER STICKERS,2,2010-12-19 14:23:00,0.85,15581.0,United Kingdom
539472,84077,WORLD WAR 2 GLIDERS ASSTD DESIGNS,3,2010-12-19 14:23:00,0.29,15581.0,United Kingdom
539472,22144,CHRISTMAS CRAFT LITTLE FRIENDS,1,2010-12-19 14:23:00,2.1,15581.0,United Kingdom
539472,22444,GROW YOUR OWN PLANT IN A CAN ,1,2010-12-19 14:23:00,1.25,15581.0,United Kingdom
539472,22474,SPACEBOY TV DINNER TRAY,1,2010-12-19 14:23:00,4.95,15581.0,United Kingdom
539472,22473,TV DINNER TRAY VINTAGE PAISLEY,1,2010-12-19 14:23:00,4.95,15581.0,United Kingdom
539473,72802C,VANILLA SCENT CANDLE JEWELLED BOX,6,2010-12-19 14:24:00,4.25,14911.0,EIRE
539473,72802B,OCEAN SCENT CANDLE IN JEWELLED BOX,6,2010-12-19 14:24:00,4.25,14911.0,EIRE
539473,72807B,SET/3 OCEAN SCENT CANDLE JEWEL BOX,8,2010-12-19 14:24:00,4.25,14911.0,EIRE
539473,72807C,SET/3 VANILLA SCENTED CANDLE IN BOX,8,2010-12-19 14:24:00,4.25,14911.0,EIRE
539473,85036A,GARDENIA 1 WICK MORRIS BOXED CANDLE,4,2010-12-19 14:24:00,4.25,14911.0,EIRE
539473,22189,CREAM HEART CARD HOLDER,8,2010-12-19 14:24:00,3.95,14911.0,EIRE
539473,22147,FELTCRAFT BUTTERFLY HEARTS,12,2010-12-19 14:24:00,1.45,14911.0,EIRE
539473,22150,3 STRIPEY MICE FELTCRAFT,6,2010-12-19 14:24:00,1.95,14911.0,EIRE
539473,22569,FELTCRAFT CUSHION BUTTERFLY,4,2010-12-19 14:24:00,3.75,14911.0,EIRE
539473,22570,FELTCRAFT CUSHION RABBIT,4,2010-12-19 14:24:00,3.75,14911.0,EIRE
539473,22423,REGENCY CAKESTAND 3 TIER,2,2010-12-19 14:24:00,12.75,14911.0,EIRE
539473,84992,72 SWEETHEART FAIRY CAKE CASES,24,2010-12-19 14:24:00,0.55,14911.0,EIRE
539473,48188,DOORMAT WELCOME PUPPIES,2,2010-12-19 14:24:00,7.95,14911.0,EIRE
539473,22563,HAPPY STENCIL CRAFT,24,2010-12-19 14:24:00,1.25,14911.0,EIRE
539473,85049E,SCANDINAVIAN REDS RIBBONS,12,2010-12-19 14:24:00,1.25,14911.0,EIRE
539473,22077,6 RIBBONS RUSTIC CHARM,12,2010-12-19 14:24:00,1.65,14911.0,EIRE
539473,85049C,ROMANTIC PINKS RIBBONS ,12,2010-12-19 14:24:00,1.25,14911.0,EIRE
539473,C2,CARRIAGE,1,2010-12-19 14:24:00,50.0,14911.0,EIRE
539474,84991,60 TEATIME FAIRY CAKE CASES,1,2010-12-19 14:27:00,0.55,15581.0,United Kingdom
539474,21977,PACK OF 60 PINK PAISLEY CAKE CASES,1,2010-12-19 14:27:00,0.55,15581.0,United Kingdom
539474,72741,GRAND CHOCOLATECANDLE,2,2010-12-19 14:27:00,1.45,15581.0,United Kingdom
539474,22311,OFFICE MUG WARMER BLACK+SILVER ,1,2010-12-19 14:27:00,2.95,15581.0,United Kingdom
539474,21232,STRAWBERRY CERAMIC TRINKET BOX,1,2010-12-19 14:27:00,1.25,15581.0,United Kingdom
539474,70006,LOVE HEART POCKET WARMER,1,2010-12-19 14:27:00,1.65,15581.0,United Kingdom
539474,22063,CERAMIC BOWL WITH STRAWBERRY DESIGN,1,2010-12-19 14:27:00,2.95,15581.0,United Kingdom
539475,21700,BIG DOUGHNUT FRIDGE MAGNETS,1,2010-12-19 14:41:00,0.85,16686.0,United Kingdom
539475,21352,EUCALYPTUS & PINECONE  WREATH,1,2010-12-19 14:41:00,6.75,16686.0,United Kingdom
539475,16161U,WRAP SUKI AND FRIENDS,25,2010-12-19 14:41:00,0.42,16686.0,United Kingdom
539475,22707,WRAP MONSTER FUN ,25,2010-12-19 14:41:00,0.42,16686.0,United Kingdom
539475,21503,TOYBOX  WRAP ,25,2010-12-19 14:41:00,0.42,16686.0,United Kingdom
539475,22045,SPACEBOY GIFT WRAP,25,2010-12-19 14:41:00,0.42,16686.0,United Kingdom
539475,37370,RETRO COFFEE MUGS ASSORTED,6,2010-12-19 14:41:00,1.25,16686.0,United Kingdom
539475,21356,TOAST ITS - FAIRY FLOWER,2,2010-12-19 14:41:00,1.25,16686.0,United Kingdom
539475,22451,SILK PURSE BABUSHKA RED,1,2010-12-19 14:41:00,3.35,16686.0,United Kingdom
539475,20977,36 PENCILS TUBE WOODLAND,2,2010-12-19 14:41:00,1.25,16686.0,United Kingdom
539475,84050,PINK HEART SHAPE EGG FRYING PAN,2,2010-12-19 14:41:00,1.65,16686.0,United Kingdom
539475,90108,BLUE BLOSSOM HAIR CLIP,3,2010-12-19 14:41:00,1.05,16686.0,United Kingdom
539475,22197,SMALL POPCORN HOLDER,1,2010-12-19 14:41:00,0.85,16686.0,United Kingdom
539475,84509A,SET OF 4 ENGLISH ROSE PLACEMATS,2,2010-12-19 14:41:00,3.75,16686.0,United Kingdom
539475,22757,LARGE RED BABUSHKA NOTEBOOK ,1,2010-12-19 14:41:00,1.25,16686.0,United Kingdom
539475,22758,LARGE PURPLE BABUSHKA NOTEBOOK  ,1,2010-12-19 14:41:00,1.25,16686.0,United Kingdom
539475,22753,SMALL YELLOW BABUSHKA NOTEBOOK ,1,2010-12-19 14:41:00,0.85,16686.0,United Kingdom
539475,22755,SMALL PURPLE BABUSHKA NOTEBOOK ,1,2010-12-19 14:41:00,0.85,16686.0,United Kingdom
539475,85227,SET OF 6 3D KIT CARDS FOR KIDS,1,2010-12-19 14:41:00,0.85,16686.0,United Kingdom
539475,22467,GUMBALL COAT RACK,2,2010-12-19 14:41:00,2.55,16686.0,United Kingdom
539475,22243,5 HOOK HANGER RED MAGIC TOADSTOOL,1,2010-12-19 14:41:00,1.65,16686.0,United Kingdom
539475,22242,5 HOOK HANGER MAGIC TOADSTOOL,1,2010-12-19 14:41:00,1.65,16686.0,United Kingdom
539475,21219,SET/4 BADGES BALLOON GIRL,10,2010-12-19 14:41:00,1.25,16686.0,United Kingdom
539475,20754,RETROSPOT RED WASHING UP GLOVES,1,2010-12-19 14:41:00,2.1,16686.0,United Kingdom
539475,22634,CHILDS BREAKFAST SET SPACEBOY ,1,2010-12-19 14:41:00,9.95,16686.0,United Kingdom
539475,84077,WORLD WAR 2 GLIDERS ASSTD DESIGNS,48,2010-12-19 14:41:00,0.29,16686.0,United Kingdom
539475,20751,FUNKY WASHING UP GLOVES ASSORTED,1,2010-12-19 14:41:00,2.1,16686.0,United Kingdom
539475,20752,BLUE POLKADOT WASHING UP GLOVES,1,2010-12-19 14:41:00,2.1,16686.0,United Kingdom
539475,16207A,PINK STRAWBERRY HANDBAG ,2,2010-12-19 14:41:00,2.95,16686.0,United Kingdom
539475,22968,ROSE COTTAGE KEEPSAKE BOX ,1,2010-12-19 14:41:00,9.95,16686.0,United Kingdom
539475,84920,PINK FLOWER FABRIC PONY,1,2010-12-19 14:41:00,3.75,16686.0,United Kingdom
539475,21578,WOODLAND DESIGN  COTTON TOTE BAG,1,2010-12-19 14:41:00,2.25,16686.0,United Kingdom
539475,21579,LOLITA  DESIGN  COTTON TOTE BAG,2,2010-12-19 14:41:00,2.25,16686.0,United Kingdom
539475,22197,SMALL POPCORN HOLDER,1,2010-12-19 14:41:00,0.85,16686.0,United Kingdom
539475,47570B,TEA TIME TABLE CLOTH,1,2010-12-19 14:41:00,10.65,16686.0,United Kingdom
539475,22899,CHILDREN'S APRON DOLLY GIRL ,3,2010-12-19 14:41:00,2.1,16686.0,United Kingdom
539475,22748,POPPY'S PLAYHOUSE KITCHEN,2,2010-12-19 14:41:00,2.1,16686.0,United Kingdom
539475,22746,POPPY'S PLAYHOUSE LIVINGROOM ,2,2010-12-19 14:41:00,2.1,16686.0,United Kingdom
539475,22747,POPPY'S PLAYHOUSE BATHROOM,2,2010-12-19 14:41:00,2.1,16686.0,United Kingdom
539475,22745,POPPY'S PLAYHOUSE BEDROOM ,2,2010-12-19 14:41:00,2.1,16686.0,United Kingdom
539475,22451,SILK PURSE BABUSHKA RED,1,2010-12-19 14:41:00,3.35,16686.0,United Kingdom
539475,22817,CARD SUKI BIRTHDAY,12,2010-12-19 14:41:00,0.42,16686.0,United Kingdom
539475,22814,CARD PARTY GAMES ,12,2010-12-19 14:41:00,0.42,16686.0,United Kingdom
539475,85227,SET OF 6 3D KIT CARDS FOR KIDS,1,2010-12-19 14:41:00,0.85,16686.0,United Kingdom
539475,21357,TOAST ITS - DINOSAUR,2,2010-12-19 14:41:00,1.25,16686.0,United Kingdom
539475,21372,MIRRORED WALL ART TABLE LAMP,1,2010-12-19 14:41:00,2.95,16686.0,United Kingdom
539475,22635,CHILDS BREAKFAST SET DOLLY GIRL ,1,2010-12-19 14:41:00,9.95,16686.0,United Kingdom
539475,21747,SMALL SKULL WINDMILL,1,2010-12-19 14:41:00,1.25,16686.0,United Kingdom
539475,84828,JUNGLE POPSICLES ICE LOLLY HOLDERS,2,2010-12-19 14:41:00,1.25,16686.0,United Kingdom
539475,21746,SMALL RED RETROSPOT WINDMILL,1,2010-12-19 14:41:00,1.25,16686.0,United Kingdom
539475,22966,GINGERBREAD MAN COOKIE CUTTER,1,2010-12-19 14:41:00,1.25,16686.0,United Kingdom
539475,22176,BLUE OWL SOFT TOY,1,2010-12-19 14:41:00,2.95,16686.0,United Kingdom
539475,22176,BLUE OWL SOFT TOY,2,2010-12-19 14:41:00,2.95,16686.0,United Kingdom
539475,22175,PINK OWL SOFT TOY,2,2010-12-19 14:41:00,2.95,16686.0,United Kingdom
539475,22029,SPACEBOY BIRTHDAY CARD,24,2010-12-19 14:41:00,0.42,16686.0,United Kingdom
539475,22779,WOODEN OWLS LIGHT GARLAND ,2,2010-12-19 14:41:00,4.25,16686.0,United Kingdom
539475,22383,LUNCH BAG SUKI  DESIGN ,2,2010-12-19 14:41:00,1.65,16686.0,United Kingdom
539475,22662,LUNCH BAG DOLLY GIRL DESIGN,1,2010-12-19 14:41:00,1.65,16686.0,United Kingdom
539475,20725,LUNCH BAG RED RETROSPOT,2,2010-12-19 14:41:00,1.65,16686.0,United Kingdom
539475,22382,LUNCH BAG SPACEBOY DESIGN ,2,2010-12-19 14:41:00,1.65,16686.0,United Kingdom
539475,84898F,YELLOW FLOWERS FELT HANDBAG KIT,1,2010-12-19 14:41:00,2.1,16686.0,United Kingdom
539475,22274,FELTCRAFT DOLL EMILY,1,2010-12-19 14:41:00,2.95,16686.0,United Kingdom
539475,22432,WATERING CAN PINK BUNNY,1,2010-12-19 14:41:00,1.95,16686.0,United Kingdom
539475,22274,FELTCRAFT DOLL EMILY,1,2010-12-19 14:41:00,2.95,16686.0,United Kingdom
539475,21479,WHITE SKULL HOT WATER BOTTLE ,1,2010-12-19 14:41:00,3.75,16686.0,United Kingdom
539475,22751,FELTCRAFT PRINCESS OLIVIA DOLL,2,2010-12-19 14:41:00,3.75,16686.0,United Kingdom
539475,22149,FELTCRAFT 6 FLOWER FRIENDS,1,2010-12-19 14:41:00,2.1,16686.0,United Kingdom
539475,22149,FELTCRAFT 6 FLOWER FRIENDS,1,2010-12-19 14:41:00,2.1,16686.0,United Kingdom
539475,22109,FULL ENGLISH BREAKFAST PLATE,1,2010-12-19 14:41:00,3.75,16686.0,United Kingdom
539475,22109,FULL ENGLISH BREAKFAST PLATE,1,2010-12-19 14:41:00,3.75,16686.0,United Kingdom
539475,20969,RED FLORAL FELTCRAFT SHOULDER BAG,1,2010-12-19 14:41:00,3.75,16686.0,United Kingdom
539475,20967,GREY FLORAL FELTCRAFT SHOULDER BAG,1,2010-12-19 14:41:00,3.75,16686.0,United Kingdom
539475,20979,36 PENCILS TUBE RED RETROSPOT,2,2010-12-19 14:41:00,1.25,16686.0,United Kingdom
539475,21791,VINTAGE HEADS AND TAILS CARD GAME ,2,2010-12-19 14:41:00,1.25,16686.0,United Kingdom
539475,21790,VINTAGE SNAP CARDS,2,2010-12-19 14:41:00,0.85,16686.0,United Kingdom
539475,22834,HAND WARMER BABUSHKA DESIGN,2,2010-12-19 14:41:00,2.1,16686.0,United Kingdom
539475,22326,ROUND SNACK BOXES SET OF4 WOODLAND ,1,2010-12-19 14:41:00,2.95,16686.0,United Kingdom
539475,22328,ROUND SNACK BOXES SET OF 4 FRUITS ,1,2010-12-19 14:41:00,2.95,16686.0,United Kingdom
539475,21481,FAWN BLUE HOT WATER BOTTLE,1,2010-12-19 14:41:00,2.95,16686.0,United Kingdom
539475,84997C,BLUE 3 PIECE POLKADOT CUTLERY SET,1,2010-12-19 14:41:00,3.75,16686.0,United Kingdom
539475,84997B,RED 3 PIECE RETROSPOT CUTLERY SET,2,2010-12-19 14:41:00,3.75,16686.0,United Kingdom
539475,22742,MAKE YOUR OWN PLAYTIME CARD KIT,3,2010-12-19 14:41:00,2.95,16686.0,United Kingdom
539475,22551,PLASTERS IN TIN SPACEBOY,1,2010-12-19 14:41:00,1.65,16686.0,United Kingdom
539475,22556,PLASTERS IN TIN CIRCUS PARADE ,1,2010-12-19 14:41:00,1.65,16686.0,United Kingdom
539475,22555,PLASTERS IN TIN STRONGMAN,1,2010-12-19 14:41:00,1.65,16686.0,United Kingdom
539475,22554,PLASTERS IN TIN WOODLAND ANIMALS,1,2010-12-19 14:41:00,1.65,16686.0,United Kingdom
C539476,22138,BAKING SET 9 PIECE RETROSPOT ,-1,2010-12-19 14:43:00,4.95,16686.0,United Kingdom
539477,21992,VINTAGE PAISLEY STATIONERY SET,6,2010-12-19 14:58:00,2.95,18245.0,United Kingdom
539477,10133,COLOURING PENCILS BROWN TUBE,10,2010-12-19 14:58:00,0.85,18245.0,United Kingdom
539477,22258,FELT FARM ANIMAL RABBIT,12,2010-12-19 14:58:00,1.25,18245.0,United Kingdom
539477,22259,FELT FARM ANIMAL HEN,12,2010-12-19 14:58:00,1.25,18245.0,United Kingdom
539477,84817,DANISH ROSE DECORATIVE PLATE,6,2010-12-19 14:58:00,2.1,18245.0,United Kingdom
539477,85123A,WHITE HANGING HEART T-LIGHT HOLDER,6,2010-12-19 14:58:00,2.95,18245.0,United Kingdom
539477,84946,ANTIQUE SILVER TEA GLASS ETCHED,24,2010-12-19 14:58:00,1.25,18245.0,United Kingdom
539477,47566,PARTY BUNTING,5,2010-12-19 14:58:00,4.65,18245.0,United Kingdom
539477,84030E,ENGLISH ROSE HOT WATER BOTTLE,4,2010-12-19 14:58:00,4.25,18245.0,United Kingdom
539477,22489,PACK OF 12 TRADITIONAL CRAYONS,24,2010-12-19 14:58:00,0.42,18245.0,United Kingdom
539477,22265,EASTER DECORATION NATURAL CHICK,24,2010-12-19 14:58:00,0.65,18245.0,United Kingdom
539477,22857,ASSORTED EASTER GIFT TAGS,12,2010-12-19 14:58:00,0.85,18245.0,United Kingdom
539477,22808,SET OF 6 T-LIGHTS EASTER CHICKS,6,2010-12-19 14:58:00,2.95,18245.0,United Kingdom
539477,35471D,SET OF 3 BIRD LIGHT PINK FEATHER ,12,2010-12-19 14:58:00,1.25,18245.0,United Kingdom
539477,84457,SET/3 RABBITS FLOWER SKIPPPING ROPE,12,2010-12-19 14:58:00,0.85,18245.0,United Kingdom
539477,20992,JAZZ HEARTS PURSE NOTEBOOK,12,2010-12-19 14:58:00,0.85,18245.0,United Kingdom
539477,22855,FINE WICKER HEART ,12,2010-12-19 14:58:00,1.25,18245.0,United Kingdom
539477,85130B,BEADED CRYSTAL HEART GREEN LARGE,12,2010-12-19 14:58:00,1.65,18245.0,United Kingdom
539477,22969,HOMEMADE JAM SCENTED CANDLES,12,2010-12-19 14:58:00,1.45,18245.0,United Kingdom
539477,22726,ALARM CLOCK BAKELIKE GREEN,4,2010-12-19 14:58:00,3.75,18245.0,United Kingdom
539477,22728,ALARM CLOCK BAKELIKE PINK,4,2010-12-19 14:58:00,3.75,18245.0,United Kingdom
539477,21012,ANTIQUE ALL GLASS CANDLESTICK,6,2010-12-19 14:58:00,2.1,18245.0,United Kingdom
539477,22035,VINTAGE CARAVAN GREETING CARD ,12,2010-12-19 14:58:00,0.42,18245.0,United Kingdom
539477,22815,CARD PSYCHEDELIC APPLES,12,2010-12-19 14:58:00,0.42,18245.0,United Kingdom
539477,84247G,"DECOUPAGE,GREETING CARD,",12,2010-12-19 14:58:00,0.42,18245.0,United Kingdom
539477,84249A,"GREETING CARD,SQUARE, DOUGHNUTS",12,2010-12-19 14:58:00,0.42,18245.0,United Kingdom
539477,22814,CARD PARTY GAMES ,12,2010-12-19 14:58:00,0.42,18245.0,United Kingdom
539478,21259,VICTORIAN SEWING BOX SMALL ,6,2010-12-19 15:07:00,5.95,17343.0,United Kingdom
539478,22616,PACK OF 12 LONDON TISSUES ,6,2010-12-19 15:07:00,0.29,17343.0,United Kingdom
539478,84949,SILVER HANGING T-LIGHT HOLDER,12,2010-12-19 15:07:00,1.65,17343.0,United Kingdom
539478,22845,VINTAGE CREAM CAT FOOD CONTAINER,1,2010-12-19 15:07:00,6.35,17343.0,United Kingdom
539478,21485,RETROSPOT HEART HOT WATER BOTTLE,2,2010-12-19 15:07:00,4.95,17343.0,United Kingdom
539478,21098,CHRISTMAS TOILET ROLL,1,2010-12-19 15:07:00,1.25,17343.0,United Kingdom
539478,84029G,KNITTED UNION FLAG HOT WATER BOTTLE,2,2010-12-19 15:07:00,3.75,17343.0,United Kingdom
539478,22835,HOT WATER BOTTLE I AM SO POORLY,2,2010-12-19 15:07:00,4.65,17343.0,United Kingdom
539478,22113,GREY HEART HOT WATER BOTTLE,5,2010-12-19 15:07:00,3.75,17343.0,United Kingdom
539478,22834,HAND WARMER BABUSHKA DESIGN,2,2010-12-19 15:07:00,2.1,17343.0,United Kingdom
539478,22473,TV DINNER TRAY VINTAGE PAISLEY,8,2010-12-19 15:07:00,1.95,17343.0,United Kingdom
539478,22474,SPACEBOY TV DINNER TRAY,1,2010-12-19 15:07:00,4.95,17343.0,United Kingdom
539478,82011C,BATHROOM SCALES FOOTPRINTS IN SAND,1,2010-12-19 15:07:00,3.75,17343.0,United Kingdom
539478,22170,PICTURE FRAME WOOD TRIPLE PORTRAIT,4,2010-12-19 15:07:00,6.75,17343.0,United Kingdom
539478,21251,DINOSAUR HEIGHT CHART STICKER SET,1,2010-12-19 15:07:00,2.95,17343.0,United Kingdom
539478,21523,DOORMAT FANCY FONT HOME SWEET HOME,1,2010-12-19 15:07:00,7.95,17343.0,United Kingdom
539478,22797,CHEST OF DRAWERS GINGHAM HEART ,1,2010-12-19 15:07:00,16.95,17343.0,United Kingdom
539479,22380,TOY TIDY SPACEBOY  ,1,2010-12-19 15:20:00,2.1,,United Kingdom
539479,22381,TOY TIDY PINK POLKADOT,1,2010-12-19 15:20:00,2.1,,United Kingdom
539479,22379,RECYCLING BAG RETROSPOT ,1,2010-12-19 15:20:00,2.1,,United Kingdom
539479,84997D,PINK 3 PIECE POLKADOT CUTLERY SET,1,2010-12-19 15:20:00,3.75,,United Kingdom
539479,84997B,RED 3 PIECE RETROSPOT CUTLERY SET,1,2010-12-19 15:20:00,3.75,,United Kingdom
539479,22107,PIZZA PLATE IN BOX,1,2010-12-19 15:20:00,3.75,,United Kingdom
539480,22091,EMPIRE TISSUE BOX,1,2010-12-19 15:23:00,1.25,,United Kingdom
539480,22900, SET 2 TEA TOWELS I LOVE LONDON ,1,2010-12-19 15:23:00,2.95,,United Kingdom
539480,22925,BLUE GIANT GARDEN THERMOMETER,1,2010-12-19 15:23:00,5.95,,United Kingdom
539480,22627,MINT KITCHEN SCALES,1,2010-12-19 15:23:00,8.5,,United Kingdom
539481,22174,PHOTO CUBE,4,2010-12-19 15:24:00,1.65,,United Kingdom
539481,22197,SMALL POPCORN HOLDER,6,2010-12-19 15:24:00,0.85,,United Kingdom
539482,22418,10 COLOUR SPACEBOY PEN,2,2010-12-19 15:29:00,0.85,,United Kingdom
539482,20986,BLUE CALCULATOR RULER,2,2010-12-19 15:29:00,1.25,,United Kingdom
539482,21642,ASSORTED TUTTI FRUTTI PEN,3,2010-12-19 15:29:00,0.85,,United Kingdom
539482,22493,PAINT YOUR OWN CANVAS SET,2,2010-12-19 15:29:00,1.65,,United Kingdom
539482,21648,ASSORTED TUTTI FRUTTI SMALL PURSE,3,2010-12-19 15:29:00,1.25,,United Kingdom
539482,22537,MAGIC DRAWING SLATE DINOSAUR,2,2010-12-19 15:29:00,0.42,,United Kingdom
539482,21238,RED RETROSPOT CUP,8,2010-12-19 15:29:00,0.85,,United Kingdom
539482,20677,PINK POLKADOT BOWL,2,2010-12-19 15:29:00,1.25,,United Kingdom
539482,21242,RED RETROSPOT PLATE ,12,2010-12-19 15:29:00,1.69,,United Kingdom
539482,21557,SET OF 6 FUNKY BEAKERS,1,2010-12-19 15:29:00,2.95,,United Kingdom
539482,21868,POTTING SHED TEA MUG,2,2010-12-19 15:29:00,1.25,,United Kingdom
539483,20969,RED FLORAL FELTCRAFT SHOULDER BAG,1,2010-12-19 15:31:00,3.75,17218.0,United Kingdom
539483,20967,GREY FLORAL FELTCRAFT SHOULDER BAG,1,2010-12-19 15:31:00,3.75,17218.0,United Kingdom
539483,22728,ALARM CLOCK BAKELIKE PINK,3,2010-12-19 15:31:00,3.75,17218.0,United Kingdom
539483,22730,ALARM CLOCK BAKELIKE IVORY,3,2010-12-19 15:31:00,3.75,17218.0,United Kingdom
539483,22726,ALARM CLOCK BAKELIKE GREEN,5,2010-12-19 15:31:00,3.75,17218.0,United Kingdom
539483,22729,ALARM CLOCK BAKELIKE ORANGE,3,2010-12-19 15:31:00,3.75,17218.0,United Kingdom
539483,22727,ALARM CLOCK BAKELIKE RED ,3,2010-12-19 15:31:00,3.75,17218.0,United Kingdom
539483,22725,ALARM CLOCK BAKELIKE CHOCOLATE,3,2010-12-19 15:31:00,3.75,17218.0,United Kingdom
539483,22752,SET 7 BABUSHKA NESTING BOXES,2,2010-12-19 15:31:00,8.5,17218.0,United Kingdom
539484,21034,REX CASH+CARRY JUMBO SHOPPER,1,2010-12-19 15:44:00,0.95,15640.0,United Kingdom
539484,22690,DOORMAT HOME SWEET HOME BLUE ,1,2010-12-19 15:44:00,7.95,15640.0,United Kingdom
539484,22199,FRYING PAN RED RETROSPOT,1,2010-12-19 15:44:00,4.25,15640.0,United Kingdom
539484,22557,PLASTERS IN TIN VINTAGE PAISLEY ,1,2010-12-19 15:44:00,1.65,15640.0,United Kingdom
539484,22690,DOORMAT HOME SWEET HOME BLUE ,1,2010-12-19 15:44:00,7.95,15640.0,United Kingdom
539484,22180,RETROSPOT LAMP,1,2010-12-19 15:44:00,9.95,15640.0,United Kingdom
539484,22508,DOORSTOP RETROSPOT HEART,2,2010-12-19 15:44:00,3.75,15640.0,United Kingdom
539484,22461,SAVOY ART DECO CLOCK,1,2010-12-19 15:44:00,12.75,15640.0,United Kingdom
539484,21623,VINTAGE UNION JACK MEMOBOARD,1,2010-12-19 15:44:00,9.95,15640.0,United Kingdom
539484,22424,ENAMEL BREAD BIN CREAM,1,2010-12-19 15:44:00,12.75,15640.0,United Kingdom
539484,84992,72 SWEETHEART FAIRY CAKE CASES,1,2010-12-19 15:44:00,0.55,15640.0,United Kingdom
539484,22941,CHRISTMAS LIGHTS 10 REINDEER,1,2010-12-19 15:44:00,8.5,15640.0,United Kingdom
539484,22107,PIZZA PLATE IN BOX,2,2010-12-19 15:44:00,3.75,15640.0,United Kingdom
539484,22109,FULL ENGLISH BREAKFAST PLATE,1,2010-12-19 15:44:00,3.75,15640.0,United Kingdom
539484,37449,CERAMIC CAKE STAND + HANGING CAKES,1,2010-12-19 15:44:00,9.95,15640.0,United Kingdom
539484,22941,CHRISTMAS LIGHTS 10 REINDEER,1,2010-12-19 15:44:00,8.5,15640.0,United Kingdom
539484,22809,SET OF 6 T-LIGHTS SANTA,1,2010-12-19 15:44:00,2.95,15640.0,United Kingdom
539484,22736,RIBBON REEL MAKING SNOWMEN ,5,2010-12-19 15:44:00,1.65,15640.0,United Kingdom
539484,22107,PIZZA PLATE IN BOX,6,2010-12-19 15:44:00,3.75,15640.0,United Kingdom
539484,85049E,SCANDINAVIAN REDS RIBBONS,36,2010-12-19 15:44:00,1.25,15640.0,United Kingdom
539484,85123A,WHITE HANGING HEART T-LIGHT HOLDER,32,2010-12-19 15:44:00,2.55,15640.0,United Kingdom
539484,22630,DOLLY GIRL LUNCH BOX,4,2010-12-19 15:44:00,1.95,15640.0,United Kingdom
539484,22659,LUNCH BOX I LOVE LONDON,6,2010-12-19 15:44:00,1.95,15640.0,United Kingdom
539484,22629,SPACEBOY LUNCH BOX ,12,2010-12-19 15:44:00,1.95,15640.0,United Kingdom
539484,22411,JUMBO SHOPPER VINTAGE RED PAISLEY,1,2010-12-19 15:44:00,1.95,15640.0,United Kingdom
539484,21929,JUMBO BAG PINK VINTAGE PAISLEY,1,2010-12-19 15:44:00,1.95,15640.0,United Kingdom
539484,22636,CHILDS BREAKFAST SET CIRCUS PARADE,4,2010-12-19 15:44:00,8.5,15640.0,United Kingdom
539484,22310,IVORY KNITTED MUG COSY ,1,2010-12-19 15:44:00,1.65,15640.0,United Kingdom
539484,22416,SET OF 36 DOILIES SPACEBOY DESIGN ,5,2010-12-19 15:44:00,1.45,15640.0,United Kingdom
539484,84988,SET OF 72 PINK HEART PAPER DOILIES,6,2010-12-19 15:44:00,1.45,15640.0,United Kingdom
539484,21098,CHRISTMAS TOILET ROLL,4,2010-12-19 15:44:00,1.25,15640.0,United Kingdom
539484,22417,PACK OF 60 SPACEBOY CAKE CASES,24,2010-12-19 15:44:00,0.55,15640.0,United Kingdom
539484,21877,HOME SWEET HOME MUG,12,2010-12-19 15:44:00,1.25,15640.0,United Kingdom
539484,84378,SET OF 3 HEART COOKIE CUTTERS,12,2010-12-19 15:44:00,1.25,15640.0,United Kingdom
539484,21657,MILK BOTTLE WITH GLASS STOPPER ,1,2010-12-19 15:44:00,6.95,15640.0,United Kingdom
539484,84380,SET OF 3 BUTTERFLY COOKIE CUTTERS,24,2010-12-19 15:44:00,1.25,15640.0,United Kingdom
539484,22738,RIBBON REEL SNOWY VILLAGE,10,2010-12-19 15:44:00,1.65,15640.0,United Kingdom
539484,22931,BAKING MOULD HEART WHITE CHOCOLATE,3,2010-12-19 15:44:00,2.55,15640.0,United Kingdom
539484,22930,BAKING MOULD HEART MILK CHOCOLATE,3,2010-12-19 15:44:00,2.55,15640.0,United Kingdom
539484,22937,BAKING MOULD CHOCOLATE CUPCAKES,3,2010-12-19 15:44:00,2.55,15640.0,United Kingdom
539484,22961,JAM MAKING SET PRINTED,5,2010-12-19 15:44:00,1.45,15640.0,United Kingdom
539484,84378,SET OF 3 HEART COOKIE CUTTERS,12,2010-12-19 15:44:00,1.25,15640.0,United Kingdom
539484,22952,60 CAKE CASES VINTAGE CHRISTMAS,24,2010-12-19 15:44:00,0.55,15640.0,United Kingdom
539484,22956,36 FOIL HEART CAKE CASES,3,2010-12-19 15:44:00,2.1,15640.0,United Kingdom
539484,22910,PAPER CHAIN KIT VINTAGE CHRISTMAS,6,2010-12-19 15:44:00,2.95,15640.0,United Kingdom
539484,22941,CHRISTMAS LIGHTS 10 REINDEER,1,2010-12-19 15:44:00,8.5,15640.0,United Kingdom
539484,84375,SET OF 20 KIDS COOKIE CUTTERS,12,2010-12-19 15:44:00,2.1,15640.0,United Kingdom
539484,22988,SOLDIERS EGG CUP ,12,2010-12-19 15:44:00,1.25,15640.0,United Kingdom
539484,21481,FAWN BLUE HOT WATER BOTTLE,6,2010-12-19 15:44:00,2.95,15640.0,United Kingdom
539484,21479,WHITE SKULL HOT WATER BOTTLE ,4,2010-12-19 15:44:00,3.75,15640.0,United Kingdom
539484,22834,HAND WARMER BABUSHKA DESIGN,48,2010-12-19 15:44:00,0.85,15640.0,United Kingdom
539484,22943,CHRISTMAS LIGHTS 10 VINTAGE BAUBLES,4,2010-12-19 15:44:00,4.95,15640.0,United Kingdom
539484,21975,PACK OF 60 DINOSAUR CAKE CASES,24,2010-12-19 15:44:00,0.55,15640.0,United Kingdom
539484,22951,60 CAKE CASES DOLLY GIRL DESIGN,24,2010-12-19 15:44:00,0.55,15640.0,United Kingdom
539484,22971,QUEENS GUARD COFFEE MUG,6,2010-12-19 15:44:00,2.55,15640.0,United Kingdom
539484,22988,SOLDIERS EGG CUP ,12,2010-12-19 15:44:00,1.25,15640.0,United Kingdom
539484,21524,DOORMAT SPOTTY HOME SWEET HOME,10,2010-12-19 15:44:00,6.75,15640.0,United Kingdom
539484,22109,FULL ENGLISH BREAKFAST PLATE,16,2010-12-19 15:44:00,3.39,15640.0,United Kingdom
539484,22977,DOLLY GIRL CHILDRENS EGG CUP,12,2010-12-19 15:44:00,1.25,15640.0,United Kingdom
539484,22975,SPACEBOY CHILDRENS EGG CUP,12,2010-12-19 15:44:00,1.25,15640.0,United Kingdom
539484,22972,CHILDREN'S SPACEBOY MUG,12,2010-12-19 15:44:00,1.65,15640.0,United Kingdom
539484,22973,CHILDREN'S CIRCUS PARADE MUG,12,2010-12-19 15:44:00,1.65,15640.0,United Kingdom
539485,22802,FAUX FUR CHOCOLATE THROW,1,2010-12-19 15:59:00,19.95,,United Kingdom
