InvoiceNo,StockCode,Description,Quantity,InvoiceDate,UnitPrice,CustomerID,Country
557130,22423,REGENCY CAKESTAND 3 TIER,2,2011-06-17 08:09:00,12.75,14005.0,United Kingdom
557130,21975,PACK OF 60 DINOSAUR CAKE CASES,120,2011-06-17 08:09:00,0.42,14005.0,United Kingdom
557130,21213,PACK OF 72 SKULL CAKE CASES,24,2011-06-17 08:09:00,0.55,14005.0,United Kingdom
557130,21977,PACK OF 60 PINK PAISLEY CAKE CASES,24,2011-06-17 08:09:00,0.55,14005.0,United Kingdom
557130,16156S,WRAP PINK FAIRY CAKES ,25,2011-06-17 08:09:00,0.42,14005.0,United Kingdom
557130,21495,SKULLS AND CROSSBONES WRAP,25,2011-06-17 08:09:00,0.42,14005.0,United Kingdom
557130,22045,SPACEBOY GIFT WRAP,25,2011-06-17 08:09:00,0.42,14005.0,United Kingdom
557130,23230,WRAP ALPHABET DESIGN,25,2011-06-17 08:09:00,0.42,14005.0,United Kingdom
557131,23201,JUMBO BAG ALPHABET,10,2011-06-17 08:52:00,2.08,13456.0,United Kingdom
557131,47566,PARTY BUNTING,12,2011-06-17 08:52:00,4.95,13456.0,United Kingdom
557131,23298,SPOTTY BUNTING,12,2011-06-17 08:52:00,4.95,13456.0,United Kingdom
557131,22899,CHILDREN'S APRON DOLLY GIRL ,6,2011-06-17 08:52:00,2.1,13456.0,United Kingdom
557131,22636,CHILDS BREAKFAST SET CIRCUS PARADE,4,2011-06-17 08:52:00,8.5,13456.0,United Kingdom
557131,22367,CHILDRENS APRON SPACEBOY DESIGN,8,2011-06-17 08:52:00,1.95,13456.0,United Kingdom
557131,22898,CHILDRENS APRON APPLES DESIGN,8,2011-06-17 08:52:00,1.95,13456.0,United Kingdom
557132,23084,RABBIT NIGHT LIGHT,12,2011-06-17 08:57:00,2.08,13107.0,United Kingdom
557132,79321,CHILLI LIGHTS,12,2011-06-17 08:57:00,5.75,13107.0,United Kingdom
557132,23119,PACK OF 6 LARGE FRUIT STRAWS ,24,2011-06-17 08:57:00,0.62,13107.0,United Kingdom
557132,23241,TREASURE TIN GYMKHANA DESIGN,12,2011-06-17 08:57:00,2.08,13107.0,United Kingdom
557132,23190,BUNDLE OF 3 SCHOOL EXERCISE BOOKS  ,12,2011-06-17 08:57:00,1.65,13107.0,United Kingdom
557132,22714,CARD BIRTHDAY COWBOY,24,2011-06-17 08:57:00,0.42,13107.0,United Kingdom
557132,22706,WRAP COWBOYS  ,50,2011-06-17 08:57:00,0.42,13107.0,United Kingdom
557132,23232,WRAP VINTAGE PETALS  DESIGN,50,2011-06-17 08:57:00,0.42,13107.0,United Kingdom
557132,22704,WRAP RED APPLES ,50,2011-06-17 08:57:00,0.42,13107.0,United Kingdom
557132,23208,LUNCH BAG VINTAGE LEAF DESIGN,20,2011-06-17 08:57:00,1.65,13107.0,United Kingdom
557132,21937,STRAWBERRY   PICNIC BAG,10,2011-06-17 08:57:00,2.95,13107.0,United Kingdom
557132,23245,SET OF 3 REGENCY CAKE TINS,4,2011-06-17 08:57:00,4.95,13107.0,United Kingdom
557132,23307,SET OF 60 PANTRY DESIGN CAKE CASES ,24,2011-06-17 08:57:00,0.55,13107.0,United Kingdom
557132,21212,PACK OF 72 RETROSPOT CAKE CASES,24,2011-06-17 08:57:00,0.55,13107.0,United Kingdom
557132,23206,LUNCH BAG APPLE DESIGN,20,2011-06-17 08:57:00,1.65,13107.0,United Kingdom
557133,22988,SOLDIERS EGG CUP ,288,2011-06-17 09:11:00,1.06,17306.0,United Kingdom
557134,22971,QUEENS GUARD COFFEE MUG,36,2011-06-17 09:12:00,2.1,17306.0,United Kingdom
557134,22970,LONDON BUS COFFEE MUG,36,2011-06-17 09:12:00,2.1,17306.0,United Kingdom
557134,22900,SET 2 TEA TOWELS I LOVE LONDON ,100,2011-06-17 09:12:00,2.55,17306.0,United Kingdom
557134,22659,LUNCH BOX I LOVE LONDON,64,2011-06-17 09:12:00,1.65,17306.0,United Kingdom
557135,23309,SET OF 60 I LOVE LONDON CAKE CASES ,48,2011-06-17 09:12:00,0.55,17306.0,United Kingdom
557135,22619,SET OF 6 SOLDIER SKITTLES,36,2011-06-17 09:12:00,3.75,17306.0,United Kingdom
557135,22902,TOTE BAG I LOVE LONDON,50,2011-06-17 09:12:00,1.69,17306.0,United Kingdom
557135,22616,PACK OF 12 LONDON TISSUES ,864,2011-06-17 09:12:00,0.25,17306.0,United Kingdom
557136,21673,WHITE SPOT BLUE CERAMIC DRAWER KNOB,24,2011-06-17 09:23:00,1.25,14911.0,EIRE
557136,21668,RED STRIPE CERAMIC DRAWER KNOB,24,2011-06-17 09:23:00,1.25,14911.0,EIRE
557136,22197,POPCORN HOLDER,24,2011-06-17 09:23:00,0.85,14911.0,EIRE
557136,20867,PINK ROSE FABRIC MIRROR,12,2011-06-17 09:23:00,1.25,14911.0,EIRE
557136,85066,CREAM SWEETHEART MINI CHEST,2,2011-06-17 09:23:00,12.75,14911.0,EIRE
557136,22173,METAL 4 HOOK HANGER FRENCH CHATEAU,8,2011-06-17 09:23:00,2.95,14911.0,EIRE
557136,21441,BLUE BIRDHOUSE DECORATION,12,2011-06-17 09:23:00,0.85,14911.0,EIRE
557136,21078,SET/20 STRAWBERRY PAPER NAPKINS ,12,2011-06-17 09:23:00,0.85,14911.0,EIRE
557136,23108,SET OF 10 LED DOLLY LIGHTS,2,2011-06-17 09:23:00,6.25,14911.0,EIRE
557136,22630,DOLLY GIRL LUNCH BOX,12,2011-06-17 09:23:00,1.95,14911.0,EIRE
557136,22631,CIRCUS PARADE LUNCH BOX ,12,2011-06-17 09:23:00,1.95,14911.0,EIRE
557136,22760,"TRAY, BREAKFAST IN BED",1,2011-06-17 09:23:00,12.75,14911.0,EIRE
557136,23112,PARISIENNE CURIO CABINET,2,2011-06-17 09:23:00,7.5,14911.0,EIRE
557136,21984,PACK OF 12 PINK PAISLEY TISSUES ,24,2011-06-17 09:23:00,0.29,14911.0,EIRE
557136,21270,ANTIQUE CREAM CUTLERY CUPBOARD,1,2011-06-17 09:23:00,12.75,14911.0,EIRE
557136,22762,CUPBOARD 3 DRAWER MA CAMPAGNE,1,2011-06-17 09:23:00,14.95,14911.0,EIRE
557136,84509A,SET OF 4 ENGLISH ROSE PLACEMATS,4,2011-06-17 09:23:00,3.75,14911.0,EIRE
557136,22211,WOOD STAMP SET FLOWERS,12,2011-06-17 09:23:00,0.83,14911.0,EIRE
557136,22413,METAL SIGN TAKE IT OR LEAVE IT ,6,2011-06-17 09:23:00,2.95,14911.0,EIRE
557136,22556,PLASTERS IN TIN CIRCUS PARADE ,12,2011-06-17 09:23:00,1.65,14911.0,EIRE
557136,21212,PACK OF 72 RETROSPOT CAKE CASES,24,2011-06-17 09:23:00,0.55,14911.0,EIRE
557136,85099B,JUMBO BAG RED RETROSPOT,10,2011-06-17 09:23:00,2.08,14911.0,EIRE
557136,22435,SET OF 9 HEART SHAPED BALLOONS,12,2011-06-17 09:23:00,1.25,14911.0,EIRE
557136,48194,DOORMAT HEARTS,2,2011-06-17 09:23:00,7.95,14911.0,EIRE
557136,22740,POLKADOT PEN,48,2011-06-17 09:23:00,0.85,14911.0,EIRE
557136,82484,WOOD BLACK BOARD ANT WHITE FINISH,2,2011-06-17 09:23:00,7.95,14911.0,EIRE
557136,22191,IVORY DINER WALL CLOCK,2,2011-06-17 09:23:00,8.5,14911.0,EIRE
557136,23159,SET OF 5 PANCAKE DAY MAGNETS,12,2011-06-17 09:23:00,2.08,14911.0,EIRE
557136,22624,IVORY KITCHEN SCALES,2,2011-06-17 09:23:00,8.5,14911.0,EIRE
557136,85049E,SCANDINAVIAN REDS RIBBONS,12,2011-06-17 09:23:00,1.25,14911.0,EIRE
557136,85049C,ROMANTIC PINKS RIBBONS ,12,2011-06-17 09:23:00,1.25,14911.0,EIRE
557136,22082,RIBBON REEL STRIPES DESIGN ,10,2011-06-17 09:23:00,1.65,14911.0,EIRE
557136,C2,CARRIAGE,1,2011-06-17 09:23:00,50.0,14911.0,EIRE
557137,85141,,3,2011-06-17 09:32:00,0.0,,United Kingdom
557138,21095,,2,2011-06-17 09:33:00,0.0,,United Kingdom
557139,35965,,2,2011-06-17 09:34:00,0.0,,United Kingdom
557140,22628,PICNIC BOXES SET OF 3 RETROSPOT ,2,2011-06-17 09:52:00,4.95,,United Kingdom
557141,23301,GARDENERS KNEELING PAD KEEP CALM ,12,2011-06-17 09:54:00,1.65,16779.0,United Kingdom
557141,21865,PINK UNION JACK  PASSPORT COVER ,12,2011-06-17 09:54:00,2.1,16779.0,United Kingdom
557141,22465,HANGING METAL STAR LANTERN,12,2011-06-17 09:54:00,1.65,16779.0,United Kingdom
557141,22464,HANGING METAL HEART LANTERN,12,2011-06-17 09:54:00,1.65,16779.0,United Kingdom
557141,71053,WHITE METAL LANTERN,24,2011-06-17 09:54:00,3.39,16779.0,United Kingdom
557141,21212,PACK OF 72 RETROSPOT CAKE CASES,24,2011-06-17 09:54:00,0.55,16779.0,United Kingdom
557141,21231,SWEETHEART CERAMIC TRINKET BOX,72,2011-06-17 09:54:00,1.06,16779.0,United Kingdom
557141,22644,CERAMIC CHERRY CAKE MONEY BANK,12,2011-06-17 09:54:00,1.45,16779.0,United Kingdom
557141,22646,CERAMIC STRAWBERRY CAKE MONEY BANK,12,2011-06-17 09:54:00,1.45,16779.0,United Kingdom
557141,22998,TRAVEL CARD WALLET KEEP CALM,24,2011-06-17 09:54:00,0.42,16779.0,United Kingdom
557141,23300,GARDENERS KNEELING PAD CUP OF TEA ,12,2011-06-17 09:54:00,1.65,16779.0,United Kingdom
557141,23284,DOORMAT KEEP CALM AND COME IN,10,2011-06-17 09:54:00,6.75,16779.0,United Kingdom
C557142,84378,SET OF 3 HEART COOKIE CUTTERS,-12,2011-06-17 10:06:00,1.25,12678.0,France
C557142,22965,3 TRADITIONAl BISCUIT CUTTERS  SET,-12,2011-06-17 10:06:00,2.1,12678.0,France
557143,21259,VICTORIAN SEWING BOX SMALL ,24,2011-06-17 10:12:00,4.95,13090.0,United Kingdom
557143,23084,RABBIT NIGHT LIGHT,6,2011-06-17 10:12:00,2.08,13090.0,United Kingdom
557143,21891,TRADITIONAL WOODEN SKIPPING ROPE,12,2011-06-17 10:12:00,1.45,13090.0,United Kingdom
557143,21892,TRADITIONAL WOODEN CATCH CUP GAME ,12,2011-06-17 10:12:00,1.25,13090.0,United Kingdom
557143,23080,RED METAL BOX TOP SECRET,2,2011-06-17 10:12:00,8.25,13090.0,United Kingdom
557143,84879,ASSORTED COLOUR BIRD ORNAMENT,16,2011-06-17 10:12:00,1.69,13090.0,United Kingdom
557143,22622,BOX OF VINTAGE ALPHABET BLOCKS,24,2011-06-17 10:12:00,9.95,13090.0,United Kingdom
557143,82494L,WOODEN FRAME ANTIQUE WHITE ,6,2011-06-17 10:12:00,2.95,13090.0,United Kingdom
557143,82482,WOODEN PICTURE FRAME WHITE FINISH,6,2011-06-17 10:12:00,2.55,13090.0,United Kingdom
557143,22768,FAMILY PHOTO FRAME CORNICE,2,2011-06-17 10:12:00,9.95,13090.0,United Kingdom
557143,22767,TRIPLE PHOTO FRAME CORNICE ,2,2011-06-17 10:12:00,9.95,13090.0,United Kingdom
557143,22766,PHOTO FRAME CORNICE,8,2011-06-17 10:12:00,2.95,13090.0,United Kingdom
557143,22170,PICTURE FRAME WOOD TRIPLE PORTRAIT,24,2011-06-17 10:12:00,5.95,13090.0,United Kingdom
557143,22169,FAMILY ALBUM WHITE PICTURE FRAME,12,2011-06-17 10:12:00,7.65,13090.0,United Kingdom
557143,23291,DOLLY GIRL CHILDRENS CUP,8,2011-06-17 10:12:00,1.25,13090.0,United Kingdom
557143,23289,DOLLY GIRL CHILDRENS BOWL,8,2011-06-17 10:12:00,1.25,13090.0,United Kingdom
557143,23292,SPACEBOY CHILDRENS CUP,8,2011-06-17 10:12:00,1.25,13090.0,United Kingdom
557143,23290,SPACEBOY CHILDRENS BOWL,8,2011-06-17 10:12:00,1.25,13090.0,United Kingdom
557143,23252,VINTAGE RED ENAMEL TRIM JUG ,4,2011-06-17 10:12:00,3.75,13090.0,United Kingdom
557144,21936,RED RETROSPOT PICNIC BAG,2,2011-06-17 10:17:00,2.95,13113.0,United Kingdom
557144,23263,SET OF 3 WOODEN HEART DECORATIONS,4,2011-06-17 10:17:00,1.25,13113.0,United Kingdom
557144,20985,HEART CALCULATOR,1,2011-06-17 10:17:00,1.25,13113.0,United Kingdom
557144,20723,STRAWBERRY CHARLOTTE BAG,9,2011-06-17 10:17:00,0.85,13113.0,United Kingdom
557144,21559,STRAWBERRY LUNCH BOX WITH CUTLERY,2,2011-06-17 10:17:00,2.55,13113.0,United Kingdom
557144,23152,IVORY SWEETHEART WIRE LETTER RACK ,6,2011-06-17 10:17:00,3.75,13113.0,United Kingdom
557144,21937,STRAWBERRY   PICNIC BAG,10,2011-06-17 10:17:00,2.95,13113.0,United Kingdom
557144,23247,BISCUIT TIN 50'S CHRISTMAS,2,2011-06-17 10:17:00,2.89,13113.0,United Kingdom
557144,15058B,PINK POLKADOT GARDEN PARASOL,20,2011-06-17 10:17:00,6.75,13113.0,United Kingdom
557144,15058A,BLUE POLKADOT GARDEN PARASOL,10,2011-06-17 10:17:00,6.75,13113.0,United Kingdom
557144,21217,RED RETROSPOT ROUND CAKE TINS,12,2011-06-17 10:17:00,8.95,13113.0,United Kingdom
557144,47566,PARTY BUNTING,50,2011-06-17 10:17:00,4.15,13113.0,United Kingdom
557145,21136,PAINTED METAL PEARS ASSORTED,16,2011-06-17 10:43:00,1.69,17139.0,United Kingdom
557145,84879,ASSORTED COLOUR BIRD ORNAMENT,16,2011-06-17 10:43:00,1.69,17139.0,United Kingdom
557145,21933,PINK VINTAGE PAISLEY PICNIC BAG,10,2011-06-17 10:43:00,1.65,17139.0,United Kingdom
557145,22423,REGENCY CAKESTAND 3 TIER,3,2011-06-17 10:43:00,12.75,17139.0,United Kingdom
557145,22699,ROSES REGENCY TEACUP AND SAUCER ,6,2011-06-17 10:43:00,2.95,17139.0,United Kingdom
557145,22697,GREEN REGENCY TEACUP AND SAUCER,6,2011-06-17 10:43:00,2.95,17139.0,United Kingdom
557145,22698,PINK REGENCY TEACUP AND SAUCER,6,2011-06-17 10:43:00,2.95,17139.0,United Kingdom
557145,23173,REGENCY TEAPOT ROSES ,2,2011-06-17 10:43:00,9.95,17139.0,United Kingdom
557145,23175,REGENCY MILK JUG PINK ,4,2011-06-17 10:43:00,3.25,17139.0,United Kingdom
557145,23174,REGENCY SUGAR BOWL GREEN,4,2011-06-17 10:43:00,4.15,17139.0,United Kingdom
557145,23245,SET OF 3 REGENCY CAKE TINS,4,2011-06-17 10:43:00,4.95,17139.0,United Kingdom
557145,20725,LUNCH BAG RED RETROSPOT,30,2011-06-17 10:43:00,1.65,17139.0,United Kingdom
557145,20728,LUNCH BAG CARS BLUE,10,2011-06-17 10:43:00,1.65,17139.0,United Kingdom
557145,22384,LUNCH BAG PINK POLKADOT,20,2011-06-17 10:43:00,1.65,17139.0,United Kingdom
557145,22382,LUNCH BAG SPACEBOY DESIGN ,10,2011-06-17 10:43:00,1.65,17139.0,United Kingdom
557145,22662,LUNCH BAG DOLLY GIRL DESIGN,20,2011-06-17 10:43:00,1.65,17139.0,United Kingdom
557145,20727,LUNCH BAG  BLACK SKULL.,20,2011-06-17 10:43:00,1.65,17139.0,United Kingdom
557145,22383,LUNCH BAG SUKI DESIGN ,20,2011-06-17 10:43:00,1.65,17139.0,United Kingdom
557145,23206,LUNCH BAG APPLE DESIGN,40,2011-06-17 10:43:00,1.65,17139.0,United Kingdom
557145,23207,LUNCH BAG ALPHABET DESIGN,40,2011-06-17 10:43:00,1.65,17139.0,United Kingdom
557145,23208,LUNCH BAG VINTAGE LEAF DESIGN,40,2011-06-17 10:43:00,1.65,17139.0,United Kingdom
557145,23209,LUNCH BAG DOILEY PATTERN ,40,2011-06-17 10:43:00,1.65,17139.0,United Kingdom
557145,22661,CHARLOTTE BAG DOLLY GIRL DESIGN,10,2011-06-17 10:43:00,0.85,17139.0,United Kingdom
557145,22355,CHARLOTTE BAG SUKI DESIGN,10,2011-06-17 10:43:00,0.85,17139.0,United Kingdom
557145,20724,RED RETROSPOT CHARLOTTE BAG,10,2011-06-17 10:43:00,0.85,17139.0,United Kingdom
557145,23204,CHARLOTTE BAG APPLES DESIGN,30,2011-06-17 10:43:00,0.85,17139.0,United Kingdom
557145,23205,CHARLOTTE BAG VINTAGE ALPHABET ,30,2011-06-17 10:43:00,0.85,17139.0,United Kingdom
557145,20749,ASSORTED COLOUR MINI CASES,2,2011-06-17 10:43:00,7.95,17139.0,United Kingdom
557146,23306,SET OF 36 DOILIES PANTRY DESIGN,12,2011-06-17 10:44:00,1.45,17139.0,United Kingdom
557146,23285,PINK VINTAGE SPOT BEAKER,8,2011-06-17 10:44:00,0.85,17139.0,United Kingdom
557146,23286,BLUE VINTAGE SPOT BEAKER,8,2011-06-17 10:44:00,0.85,17139.0,United Kingdom
557146,23287,RED VINTAGE SPOT BEAKER,8,2011-06-17 10:44:00,0.85,17139.0,United Kingdom
557146,23288,GREEN VINTAGE SPOT BEAKER,8,2011-06-17 10:44:00,0.85,17139.0,United Kingdom
557146,23240,SET OF 4 KNICK KNACK TINS DOILEY ,6,2011-06-17 10:44:00,4.15,17139.0,United Kingdom
557146,23236,DOILEY BISCUIT TIN,6,2011-06-17 10:44:00,2.89,17139.0,United Kingdom
557147,23244,ROUND STORAGE TIN VINTAGE LEAF,12,2011-06-17 10:51:00,1.95,12408.0,Belgium
557147,23235,STORAGE TIN VINTAGE LEAF,12,2011-06-17 10:51:00,2.89,12408.0,Belgium
557147,23237,SET OF 4 KNICK KNACK TINS LEAVES ,6,2011-06-17 10:51:00,4.15,12408.0,Belgium
557147,23241,TREASURE TIN GYMKHANA DESIGN,6,2011-06-17 10:51:00,2.08,12408.0,Belgium
557147,22666,RECIPE BOX PANTRY YELLOW DESIGN,6,2011-06-17 10:51:00,2.95,12408.0,Belgium
557147,22348,TEA BAG PLATE RED RETROSPOT,12,2011-06-17 10:51:00,0.85,12408.0,Belgium
557147,22328,ROUND SNACK BOXES SET OF 4 FRUITS ,12,2011-06-17 10:51:00,2.95,12408.0,Belgium
557147,22374,AIRLINE BAG VINTAGE JET SET RED,4,2011-06-17 10:51:00,4.25,12408.0,Belgium
557147,23199,JUMBO BAG APPLES,10,2011-06-17 10:51:00,2.08,12408.0,Belgium
557147,23204,CHARLOTTE BAG APPLES DESIGN,20,2011-06-17 10:51:00,0.85,12408.0,Belgium
557147,23283,DOORMAT VINTAGE LEAVES DESIGN ,2,2011-06-17 10:51:00,7.95,12408.0,Belgium
557147,20719,WOODLAND CHARLOTTE BAG,20,2011-06-17 10:51:00,0.85,12408.0,Belgium
557147,20723,STRAWBERRY CHARLOTTE BAG,20,2011-06-17 10:51:00,0.85,12408.0,Belgium
557147,20724,RED RETROSPOT CHARLOTTE BAG,20,2011-06-17 10:51:00,0.85,12408.0,Belgium
557147,23084,RABBIT NIGHT LIGHT,6,2011-06-17 10:51:00,2.08,12408.0,Belgium
557147,23202,JUMBO BAG VINTAGE LEAF,10,2011-06-17 10:51:00,2.08,12408.0,Belgium
557147,23208,LUNCH BAG VINTAGE LEAF DESIGN,10,2011-06-17 10:51:00,1.65,12408.0,Belgium
557147,22908,PACK OF 20 NAPKINS RED APPLES,12,2011-06-17 10:51:00,0.85,12408.0,Belgium
557147,22629,SPACEBOY LUNCH BOX ,24,2011-06-17 10:51:00,1.95,12408.0,Belgium
557147,22630,DOLLY GIRL LUNCH BOX,24,2011-06-17 10:51:00,1.95,12408.0,Belgium
557147,22974,CHILDRENS DOLLY GIRL MUG,12,2011-06-17 10:51:00,1.65,12408.0,Belgium
557147,22303,COFFEE MUG APPLES DESIGN,6,2011-06-17 10:51:00,2.55,12408.0,Belgium
557147,22972,CHILDREN'S SPACEBOY MUG,12,2011-06-17 10:51:00,1.65,12408.0,Belgium
557147,37475,SET/4 COLOURFUL MIXING BOWLS,6,2011-06-17 10:51:00,8.49,12408.0,Belgium
557147,22326,ROUND SNACK BOXES SET OF4 WOODLAND ,6,2011-06-17 10:51:00,2.95,12408.0,Belgium
557147,21990,MODERN FLORAL STATIONERY SET,12,2011-06-17 10:51:00,1.25,12408.0,Belgium
557147,47518F,ICON PLACEMAT POP ART ELVIS,24,2011-06-17 10:51:00,0.12,12408.0,Belgium
557147,47593B,SCOTTIE DOGS BABY BIB,48,2011-06-17 10:51:00,0.39,12408.0,Belgium
557147,POST,POSTAGE,4,2011-06-17 10:51:00,15.0,12408.0,Belgium
C557148,23177,TREASURE ISLAND BOOK BOX,-6,2011-06-17 10:52:00,2.25,13735.0,United Kingdom
C557148,23193,BUFFALO BILL TREASURE BOOK BOX,-6,2011-06-17 10:52:00,2.25,13735.0,United Kingdom
C557148,23176,ABC TREASURE BOOK BOX ,-6,2011-06-17 10:52:00,2.25,13735.0,United Kingdom
C557148,23194,GYMKHANA TREASURE BOOK BOX,-6,2011-06-17 10:52:00,2.25,13735.0,United Kingdom
557149,23165,LARGE CERAMIC TOP STORAGE JAR,1,2011-06-17 11:01:00,1.65,17961.0,United Kingdom
557149,16238,PARTY TIME PENCIL ERASERS,3,2011-06-17 11:01:00,0.21,17961.0,United Kingdom
557149,21703,BAG 125g SWIRLY MARBLES,3,2011-06-17 11:01:00,0.42,17961.0,United Kingdom
557149,22492,MINI PAINT SET VINTAGE ,3,2011-06-17 11:01:00,0.65,17961.0,United Kingdom
557149,22620,4 TRADITIONAL SPINNING TOPS,3,2011-06-17 11:01:00,1.45,17961.0,United Kingdom
557149,22439,6 ROCKET BALLOONS ,3,2011-06-17 11:01:00,0.65,17961.0,United Kingdom
557149,22440,BALLOON WATER BOMB PACK OF 35,3,2011-06-17 11:01:00,0.42,17961.0,United Kingdom
557150,22423,REGENCY CAKESTAND 3 TIER,6,2011-06-17 11:02:00,12.75,15555.0,United Kingdom
557150,22511,RETROSPOT BABUSHKA DOORSTOP,1,2011-06-17 11:02:00,3.75,15555.0,United Kingdom
557150,22510,GINGHAM BABUSHKA DOORSTOP,1,2011-06-17 11:02:00,3.75,15555.0,United Kingdom
557150,21843,RED RETROSPOT CAKE STAND,2,2011-06-17 11:02:00,10.95,15555.0,United Kingdom
557150,15036,ASSORTED COLOURS SILK FAN,24,2011-06-17 11:02:00,0.83,15555.0,United Kingdom
557150,23047,PAPER LANTERN 5 POINT SEQUIN STAR,1,2011-06-17 11:02:00,5.75,15555.0,United Kingdom
557150,23308,SET OF 60 VINTAGE LEAF CAKE CASES ,1,2011-06-17 11:02:00,0.55,15555.0,United Kingdom
557150,47566,PARTY BUNTING,1,2011-06-17 11:02:00,4.95,15555.0,United Kingdom
557150,21741,COSY SLIPPER SHOES LARGE GREEN,1,2011-06-17 11:02:00,2.95,15555.0,United Kingdom
557150,22794,SWEETHEART WIRE MAGAZINE RACK,3,2011-06-17 11:02:00,7.95,15555.0,United Kingdom
557150,23202,JUMBO BAG VINTAGE LEAF,2,2011-06-17 11:02:00,2.08,15555.0,United Kingdom
557150,22411,JUMBO SHOPPER VINTAGE RED PAISLEY,2,2011-06-17 11:02:00,2.08,15555.0,United Kingdom
557150,23203,JUMBO BAG DOILEY PATTERNS,1,2011-06-17 11:02:00,2.08,15555.0,United Kingdom
557151,21937,STRAWBERRY   PICNIC BAG,1,2011-06-17 11:04:00,2.95,,United Kingdom
557151,22843,BISCUIT TIN VINTAGE GREEN,1,2011-06-17 11:04:00,6.75,,United Kingdom
557151,22382,LUNCH BAG SPACEBOY DESIGN ,1,2011-06-17 11:04:00,1.65,,United Kingdom
557151,22563,HAPPY STENCIL CRAFT,1,2011-06-17 11:04:00,1.25,,United Kingdom
557151,21976,PACK OF 60 MUSHROOM CAKE CASES,1,2011-06-17 11:04:00,0.55,,United Kingdom
557151,23287,RED VINTAGE SPOT BEAKER,1,2011-06-17 11:04:00,0.85,,United Kingdom
557151,23015,CORDIAL GLASS JUG,1,2011-06-17 11:04:00,8.25,,United Kingdom
557151,22971,QUEENS GUARD COFFEE MUG,1,2011-06-17 11:04:00,2.55,,United Kingdom
557151,23292,SPACEBOY CHILDRENS CUP,2,2011-06-17 11:04:00,1.25,,United Kingdom
557151,23280,FOLDING BUTTERFLY MIRROR HOT PINK ,1,2011-06-17 11:04:00,0.83,,United Kingdom
557151,23077,DOUGHNUT LIP GLOSS ,1,2011-06-17 11:04:00,1.25,,United Kingdom
557151,23288,GREEN VINTAGE SPOT BEAKER,2,2011-06-17 11:04:00,0.85,,United Kingdom
557151,23286,BLUE VINTAGE SPOT BEAKER,1,2011-06-17 11:04:00,0.85,,United Kingdom
557151,21914,BLUE HARMONICA IN BOX ,1,2011-06-17 11:04:00,1.25,,United Kingdom
557151,20961,STRAWBERRY BATH SPONGE ,1,2011-06-17 11:04:00,1.25,,United Kingdom
557151,22646,CERAMIC STRAWBERRY CAKE MONEY BANK,1,2011-06-17 11:04:00,1.45,,United Kingdom
557152,23245,SET OF 3 REGENCY CAKE TINS,1,2011-06-17 11:06:00,4.95,15296.0,United Kingdom
557152,82486,WOOD S/3 CABINET ANT WHITE FINISH,1,2011-06-17 11:06:00,8.95,15296.0,United Kingdom
557153,20679,EDWARDIAN PARASOL RED,2,2011-06-17 11:07:00,5.95,13735.0,United Kingdom
557153,22605,WOODEN CROQUET GARDEN SET,1,2011-06-17 11:07:00,14.95,13735.0,United Kingdom
557153,22607,WOODEN ROUNDERS GARDEN SET ,2,2011-06-17 11:07:00,9.95,13735.0,United Kingdom
557153,84279P,CHERRY BLOSSOM  DECORATIVE FLASK,4,2011-06-17 11:07:00,3.75,13735.0,United Kingdom
557153,84279B,CHERRY BLOSSOM DECORATIVE FLASK,2,2011-06-17 11:07:00,3.75,13735.0,United Kingdom
557153,23174,REGENCY SUGAR BOWL GREEN,2,2011-06-17 11:07:00,4.15,13735.0,United Kingdom
557153,23175,REGENCY MILK JUG PINK ,4,2011-06-17 11:07:00,3.25,13735.0,United Kingdom
557153,23173,REGENCY TEAPOT ROSES ,2,2011-06-17 11:07:00,9.95,13735.0,United Kingdom
557153,23245,SET OF 3 REGENCY CAKE TINS,4,2011-06-17 11:07:00,4.95,13735.0,United Kingdom
557153,23146,TRIPLE HOOK ANTIQUE IVORY ROSE,3,2011-06-17 11:07:00,3.29,13735.0,United Kingdom
557153,22726,ALARM CLOCK BAKELIKE GREEN,6,2011-06-17 11:07:00,3.75,13735.0,United Kingdom
557153,23147,SINGLE ANTIQUE ROSE HOOK IVORY,1,2011-06-17 11:07:00,1.45,13735.0,United Kingdom
557153,21914,BLUE HARMONICA IN BOX ,6,2011-06-17 11:07:00,1.25,13735.0,United Kingdom
557153,21746,SMALL RED RETROSPOT WINDMILL,8,2011-06-17 11:07:00,1.25,13735.0,United Kingdom
557153,21718,RED METAL BEACH SPADE ,22,2011-06-17 11:07:00,1.25,13735.0,United Kingdom
557153,21907,I'M ON HOLIDAY METAL SIGN,6,2011-06-17 11:07:00,2.1,13735.0,United Kingdom
557153,22302,COFFEE MUG PEARS  DESIGN,2,2011-06-17 11:07:00,2.55,13735.0,United Kingdom
557153,21877,HOME SWEET HOME MUG,2,2011-06-17 11:07:00,1.25,13735.0,United Kingdom
557153,21716,BOYS VINTAGE TIN SEASIDE BUCKET,32,2011-06-17 11:07:00,2.1,13735.0,United Kingdom
557153,23235,STORAGE TIN VINTAGE LEAF,2,2011-06-17 11:07:00,2.89,13735.0,United Kingdom
557153,23238,SET OF 4 KNICK KNACK TINS LONDON ,4,2011-06-17 11:07:00,4.15,13735.0,United Kingdom
557153,23237,SET OF 4 KNICK KNACK TINS LEAVES ,2,2011-06-17 11:07:00,4.15,13735.0,United Kingdom
557153,23242,TREASURE TIN BUFFALO BILL ,2,2011-06-17 11:07:00,2.08,13735.0,United Kingdom
557153,23241,TREASURE TIN GYMKHANA DESIGN,2,2011-06-17 11:07:00,2.08,13735.0,United Kingdom
557153,23298,SPOTTY BUNTING,6,2011-06-17 11:07:00,4.95,13735.0,United Kingdom
557153,23292,SPACEBOY CHILDRENS CUP,4,2011-06-17 11:07:00,1.25,13735.0,United Kingdom
557153,23291,DOLLY GIRL CHILDRENS CUP,4,2011-06-17 11:07:00,1.25,13735.0,United Kingdom
557153,23290,SPACEBOY CHILDRENS BOWL,4,2011-06-17 11:07:00,1.25,13735.0,United Kingdom
557153,23289,DOLLY GIRL CHILDRENS BOWL,4,2011-06-17 11:07:00,1.25,13735.0,United Kingdom
557153,23176,ABC TREASURE BOOK BOX ,4,2011-06-17 11:07:00,2.25,13735.0,United Kingdom
557153,23177,TREASURE ISLAND BOOK BOX,4,2011-06-17 11:07:00,2.25,13735.0,United Kingdom
557153,22667,RECIPE BOX RETROSPOT ,4,2011-06-17 11:07:00,2.95,13735.0,United Kingdom
557153,23229,VINTAGE DONKEY TAIL GAME ,2,2011-06-17 11:07:00,3.75,13735.0,United Kingdom
557153,22025,RING OF ROSES BIRTHDAY CARD,12,2011-06-17 11:07:00,0.42,13735.0,United Kingdom
557153,23005,TRAVEL CARD WALLET I LOVE LONDON,24,2011-06-17 11:07:00,0.42,13735.0,United Kingdom
557153,23172,REGENCY TEA PLATE PINK,3,2011-06-17 11:07:00,1.65,13735.0,United Kingdom
557153,23171,REGENCY TEA PLATE GREEN ,3,2011-06-17 11:07:00,1.65,13735.0,United Kingdom
557153,23170,REGENCY TEA PLATE ROSES ,3,2011-06-17 11:07:00,1.65,13735.0,United Kingdom
557153,23244,ROUND STORAGE TIN VINTAGE LEAF,2,2011-06-17 11:07:00,1.95,13735.0,United Kingdom
557153,23239,SET OF 4 KNICK KNACK TINS POPPIES,2,2011-06-17 11:07:00,4.15,13735.0,United Kingdom
557153,23191,BUNDLE OF 3 RETRO NOTE BOOKS,2,2011-06-17 11:07:00,1.65,13735.0,United Kingdom
557153,23190,BUNDLE OF 3 SCHOOL EXERCISE BOOKS  ,2,2011-06-17 11:07:00,1.65,13735.0,United Kingdom
557153,23192,BUNDLE OF 3 ALPHABET EXERCISE BOOKS,2,2011-06-17 11:07:00,1.65,13735.0,United Kingdom
C557154,23245,SET OF 3 REGENCY CAKE TINS,-2,2011-06-17 11:07:00,4.95,15296.0,United Kingdom
C557154,82486,WOOD S/3 CABINET ANT WHITE FINISH,-2,2011-06-17 11:07:00,8.95,15296.0,United Kingdom
C557165,85087,CANDY SPOT CUSHION COVER,-1,2011-06-17 11:10:00,2.95,15238.0,United Kingdom
C557175,23084,RABBIT NIGHT LIGHT,-1,2011-06-17 11:13:00,2.08,16170.0,United Kingdom
C557175,22962,JAM JAR WITH PINK LID,-3,2011-06-17 11:13:00,0.85,16170.0,United Kingdom
557208,23084,RABBIT NIGHT LIGHT,6,2011-06-17 11:38:00,2.08,16172.0,United Kingdom
557208,23123,COCKTAIL SWORDS 50 PIECES,12,2011-06-17 11:38:00,0.83,16172.0,United Kingdom
557208,23122,PARTY CHARMS 50 PIECES,12,2011-06-17 11:38:00,0.83,16172.0,United Kingdom
557208,47566,PARTY BUNTING,8,2011-06-17 11:38:00,4.95,16172.0,United Kingdom
557208,23108,SET OF 10 LED DOLLY LIGHTS,4,2011-06-17 11:38:00,6.25,16172.0,United Kingdom
557208,22907,PACK OF 20 NAPKINS PANTRY DESIGN,12,2011-06-17 11:38:00,0.85,16172.0,United Kingdom
557208,23192,BUNDLE OF 3 ALPHABET EXERCISE BOOKS,12,2011-06-17 11:38:00,1.65,16172.0,United Kingdom
557208,22714,CARD BIRTHDAY COWBOY,12,2011-06-17 11:38:00,0.42,16172.0,United Kingdom
557208,21967,PACK OF 12 SKULL TISSUES,24,2011-06-17 11:38:00,0.29,16172.0,United Kingdom
557208,23201,JUMBO BAG ALPHABET,10,2011-06-17 11:38:00,2.08,16172.0,United Kingdom
557208,22355,CHARLOTTE BAG SUKI DESIGN,10,2011-06-17 11:38:00,0.85,16172.0,United Kingdom
557208,21931,JUMBO STORAGE BAG SUKI,10,2011-06-17 11:38:00,2.08,16172.0,United Kingdom
557208,23203,JUMBO BAG DOILEY PATTERNS,10,2011-06-17 11:38:00,2.08,16172.0,United Kingdom
557208,23240,SET OF 4 KNICK KNACK TINS DOILEY ,6,2011-06-17 11:38:00,4.15,16172.0,United Kingdom
557208,21080,SET/20 RED RETROSPOT PAPER NAPKINS ,12,2011-06-17 11:38:00,0.85,16172.0,United Kingdom
557208,84380,SET OF 3 BUTTERFLY COOKIE CUTTERS,12,2011-06-17 11:38:00,1.25,16172.0,United Kingdom
557208,22720,SET OF 3 CAKE TINS PANTRY DESIGN ,3,2011-06-17 11:38:00,4.95,16172.0,United Kingdom
557208,22963,JAM JAR WITH GREEN LID,12,2011-06-17 11:38:00,0.85,16172.0,United Kingdom
557208,22962,JAM JAR WITH PINK LID,12,2011-06-17 11:38:00,0.85,16172.0,United Kingdom
557208,22666,RECIPE BOX PANTRY YELLOW DESIGN,6,2011-06-17 11:38:00,2.95,16172.0,United Kingdom
557208,22485,SET OF 2 WOODEN MARKET CRATES,2,2011-06-17 11:38:00,12.75,16172.0,United Kingdom
557208,84879,ASSORTED COLOUR BIRD ORNAMENT,8,2011-06-17 11:38:00,1.69,16172.0,United Kingdom
557210,22061,LARGE CAKE STAND  HANGING STRAWBERY,1,2011-06-17 11:49:00,9.95,18118.0,United Kingdom
557210,37449,CERAMIC CAKE STAND + HANGING CAKES,2,2011-06-17 11:49:00,9.95,18118.0,United Kingdom
557210,21155,RED RETROSPOT PEG BAG,4,2011-06-17 11:49:00,2.55,18118.0,United Kingdom
557210,47566,PARTY BUNTING,1,2011-06-17 11:49:00,4.95,18118.0,United Kingdom
557210,22129,PARTY CONES CANDY TREE DECORATION,6,2011-06-17 11:49:00,0.85,18118.0,United Kingdom
557210,22796,PHOTO FRAME 3 CLASSIC HANGING,1,2011-06-17 11:49:00,9.95,18118.0,United Kingdom
557210,22189,CREAM HEART CARD HOLDER,1,2011-06-17 11:49:00,3.95,18118.0,United Kingdom
557210,22197,POPCORN HOLDER,40,2011-06-17 11:49:00,0.85,18118.0,United Kingdom
557210,22055,MINI CAKE STAND  HANGING STRAWBERY,1,2011-06-17 11:49:00,1.65,18118.0,United Kingdom
557210,85123A,WHITE HANGING HEART T-LIGHT HOLDER,8,2011-06-17 11:49:00,2.95,18118.0,United Kingdom
557210,22139,RETROSPOT TEA SET CERAMIC 11 PC ,1,2011-06-17 11:49:00,4.95,18118.0,United Kingdom
557210,22927,GREEN GIANT GARDEN THERMOMETER,1,2011-06-17 11:49:00,5.95,18118.0,United Kingdom
557210,22804,CANDLEHOLDER PINK HANGING HEART,2,2011-06-17 11:49:00,2.95,18118.0,United Kingdom
557210,22925,BLUE GIANT GARDEN THERMOMETER,2,2011-06-17 11:49:00,5.95,18118.0,United Kingdom
557210,22846,BREAD BIN DINER STYLE RED ,1,2011-06-17 11:49:00,16.95,18118.0,United Kingdom
557210,22993,SET OF 4 PANTRY JELLY MOULDS,8,2011-06-17 11:49:00,1.25,18118.0,United Kingdom
557210,22210,WOOD STAMP SET BEST WISHES,2,2011-06-17 11:49:00,0.83,18118.0,United Kingdom
557210,22208,WOOD STAMP SET THANK YOU,2,2011-06-17 11:49:00,0.83,18118.0,United Kingdom
557210,20992,JAZZ HEARTS PURSE NOTEBOOK,10,2011-06-17 11:49:00,0.39,18118.0,United Kingdom
557210,23109,LED TEA LIGHTS,1,2011-06-17 11:49:00,2.89,18118.0,United Kingdom
557210,22720,SET OF 3 CAKE TINS PANTRY DESIGN ,4,2011-06-17 11:49:00,4.95,18118.0,United Kingdom
557210,21559,STRAWBERRY LUNCH BOX WITH CUTLERY,3,2011-06-17 11:49:00,2.55,18118.0,United Kingdom
557210,22352,LUNCH BOX WITH CUTLERY RETROSPOT ,3,2011-06-17 11:49:00,2.55,18118.0,United Kingdom
557210,21154,RED RETROSPOT OVEN GLOVE ,1,2011-06-17 11:49:00,1.25,18118.0,United Kingdom
557210,21936,RED RETROSPOT PICNIC BAG,4,2011-06-17 11:49:00,2.95,18118.0,United Kingdom
557210,21937,STRAWBERRY   PICNIC BAG,1,2011-06-17 11:49:00,2.95,18118.0,United Kingdom
557210,21931,JUMBO STORAGE BAG SUKI,1,2011-06-17 11:49:00,2.08,18118.0,United Kingdom
557210,82482,WOODEN PICTURE FRAME WHITE FINISH,1,2011-06-17 11:49:00,2.55,18118.0,United Kingdom
557210,84596F,SMALL MARSHMALLOWS PINK BOWL,8,2011-06-17 11:49:00,0.42,18118.0,United Kingdom
557210,22383,LUNCH BAG SUKI DESIGN ,2,2011-06-17 11:49:00,1.65,18118.0,United Kingdom
557210,20725,LUNCH BAG RED RETROSPOT,3,2011-06-17 11:49:00,1.65,18118.0,United Kingdom
557210,22384,LUNCH BAG PINK POLKADOT,3,2011-06-17 11:49:00,1.65,18118.0,United Kingdom
557210,21470,FLOWER VINE RAFFIA FOOD COVER,1,2011-06-17 11:49:00,3.75,18118.0,United Kingdom
557211,22624,IVORY KITCHEN SCALES,12,2011-06-17 11:49:00,7.65,15513.0,United Kingdom
557211,22726,ALARM CLOCK BAKELIKE GREEN,4,2011-06-17 11:49:00,3.75,15513.0,United Kingdom
557211,23244,STORAGE TIN VINTAGE LEAF,6,2011-06-17 11:49:00,1.95,15513.0,United Kingdom
557211,23235,STORAGE TIN VINTAGE LEAF,6,2011-06-17 11:49:00,2.89,15513.0,United Kingdom
557211,23245,SET OF 3 REGENCY CAKE TINS,4,2011-06-17 11:49:00,4.95,15513.0,United Kingdom
557211,21922,UNION STRIPE WITH FRINGE  HAMMOCK,12,2011-06-17 11:49:00,6.95,15513.0,United Kingdom
557211,22505,MEMO BOARD COTTAGE DESIGN,4,2011-06-17 11:49:00,4.95,15513.0,United Kingdom
557211,22729,ALARM CLOCK BAKELIKE ORANGE,4,2011-06-17 11:49:00,3.75,15513.0,United Kingdom
557211,22728,ALARM CLOCK BAKELIKE PINK,4,2011-06-17 11:49:00,3.75,15513.0,United Kingdom
557211,22725,ALARM CLOCK BAKELIKE CHOCOLATE,4,2011-06-17 11:49:00,3.75,15513.0,United Kingdom
557211,22730,ALARM CLOCK BAKELIKE IVORY,4,2011-06-17 11:49:00,3.75,15513.0,United Kingdom
557211,22727,ALARM CLOCK BAKELIKE RED ,8,2011-06-17 11:49:00,3.75,15513.0,United Kingdom
557211,79321,CHILLI LIGHTS,24,2011-06-17 11:49:00,4.95,15513.0,United Kingdom
557211,22423,REGENCY CAKESTAND 3 TIER,16,2011-06-17 11:49:00,10.95,15513.0,United Kingdom
557211,22781,GUMBALL MAGAZINE RACK,12,2011-06-17 11:49:00,6.75,15513.0,United Kingdom
557211,22605,WOODEN CROQUET GARDEN SET,8,2011-06-17 11:49:00,12.75,15513.0,United Kingdom
557211,23208,LUNCH BAG VINTAGE LEAF DESIGN,10,2011-06-17 11:49:00,1.65,15513.0,United Kingdom
557211,22441,GROW YOUR OWN BASIL IN ENAMEL MUG,8,2011-06-17 11:49:00,2.1,15513.0,United Kingdom
557211,22443,GROW YOUR OWN HERBS SET OF 3,12,2011-06-17 11:49:00,7.95,15513.0,United Kingdom
557211,22697,GREEN REGENCY TEACUP AND SAUCER,12,2011-06-17 11:49:00,2.95,15513.0,United Kingdom
557211,22699,ROSES REGENCY TEACUP AND SAUCER ,12,2011-06-17 11:49:00,2.95,15513.0,United Kingdom
557212,22988,SOLDIERS EGG CUP ,576,2011-06-17 12:06:00,1.06,12901.0,United Kingdom
557213,16259,PIECE OF CAMO STATIONERY SET,14,2011-06-17 12:16:00,0.08,15021.0,United Kingdom
557213,16216,LETTER SHAPE PENCIL SHARPENER,6,2011-06-17 12:16:00,0.06,15021.0,United Kingdom
557213,22536,MAGIC DRAWING SLATE PURDEY,1,2011-06-17 12:16:00,0.42,15021.0,United Kingdom
557213,47599A,PINK PARTY BAGS,1,2011-06-17 12:16:00,2.1,15021.0,United Kingdom
557213,22566,FELTCRAFT HAIRBAND PINK AND PURPLE,6,2011-06-17 12:16:00,0.85,15021.0,United Kingdom
557213,21063,PARTY INVITES JAZZ HEARTS,1,2011-06-17 12:16:00,0.85,15021.0,United Kingdom
557213,21722,SWEET PUDDING STICKER SHEET,6,2011-06-17 12:16:00,0.85,15021.0,United Kingdom
557213,22534,MAGIC DRAWING SLATE SPACEBOY ,1,2011-06-17 12:16:00,0.42,15021.0,United Kingdom
557213,22529,MAGIC DRAWING SLATE GO TO THE FAIR ,1,2011-06-17 12:16:00,0.42,15021.0,United Kingdom
557213,22533,MAGIC DRAWING SLATE BAKE A CAKE ,1,2011-06-17 12:16:00,0.42,15021.0,United Kingdom
557213,22535,MAGIC DRAWING SLATE BUNNIES ,1,2011-06-17 12:16:00,0.42,15021.0,United Kingdom
557213,22530,MAGIC DRAWING SLATE DOLLY GIRL ,2,2011-06-17 12:16:00,0.42,15021.0,United Kingdom
557213,22435,SET OF 9 HEART SHAPED BALLOONS,1,2011-06-17 12:16:00,1.25,15021.0,United Kingdom
557213,22437,SET OF 9 BLACK SKULL BALLOONS,1,2011-06-17 12:16:00,0.85,15021.0,United Kingdom
557213,20992,JAZZ HEARTS PURSE NOTEBOOK,6,2011-06-17 12:16:00,0.39,15021.0,United Kingdom
557213,84519A,TOMATO CHARLIE+LOLA COASTER SET,1,2011-06-17 12:16:00,1.25,15021.0,United Kingdom
557213,23270,SET OF 2 CERAMIC PAINTED HEARTS ,1,2011-06-17 12:16:00,1.45,15021.0,United Kingdom
557213,23264,SET OF 3 WOODEN SLEIGH DECORATIONS,1,2011-06-17 12:16:00,1.25,15021.0,United Kingdom
557213,23263,SET OF 3 WOODEN HEART DECORATIONS,1,2011-06-17 12:16:00,1.25,15021.0,United Kingdom
557213,23263,SET OF 3 WOODEN HEART DECORATIONS,1,2011-06-17 12:16:00,1.25,15021.0,United Kingdom
557213,23211,RED ROCKING HORSE HAND PAINTED,2,2011-06-17 12:16:00,1.25,15021.0,United Kingdom
557213,23213,STAR WREATH DECORATION WITH BELL,2,2011-06-17 12:16:00,1.25,15021.0,United Kingdom
557213,23212,HEART WREATH DECORATION WITH BELL,4,2011-06-17 12:16:00,1.25,15021.0,United Kingdom
557213,23269,SET OF 2 CERAMIC CHRISTMAS TREES,1,2011-06-17 12:16:00,1.45,15021.0,United Kingdom
557213,85123A,WHITE HANGING HEART T-LIGHT HOLDER,2,2011-06-17 12:16:00,2.95,15021.0,United Kingdom
557213,23256,CHILDRENS CUTLERY SPACEBOY ,1,2011-06-17 12:16:00,4.15,15021.0,United Kingdom
557213,84466,TOP SECRET PEN SET,3,2011-06-17 12:16:00,1.25,15021.0,United Kingdom
557213,23268,SET OF 2 CERAMIC CHRISTMAS REINDEER,2,2011-06-17 12:16:00,1.45,15021.0,United Kingdom
557213,23060,HEART BEADED TRELLIS DECORATION,2,2011-06-17 12:16:00,2.08,15021.0,United Kingdom
557213,23265,SET OF 3 WOODEN TREE DECORATIONS,1,2011-06-17 12:16:00,1.25,15021.0,United Kingdom
557213,23263,SET OF 3 WOODEN HEART DECORATIONS,1,2011-06-17 12:16:00,1.25,15021.0,United Kingdom
557213,21558,SKULL LUNCH BOX WITH CUTLERY ,3,2011-06-17 12:16:00,2.55,15021.0,United Kingdom
557213,23322,LARGE WHITE HEART OF WICKER,2,2011-06-17 12:16:00,2.95,15021.0,United Kingdom
557213,21559,STRAWBERRY LUNCH BOX WITH CUTLERY,1,2011-06-17 12:16:00,2.55,15021.0,United Kingdom
557213,23214,JINGLE BELL HEART ANTIQUE GOLD,3,2011-06-17 12:16:00,2.08,15021.0,United Kingdom
557213,23321,SMALL WHITE HEART OF WICKER,3,2011-06-17 12:16:00,1.65,15021.0,United Kingdom
557213,23205,CHARLOTTE BAG VINTAGE ALPHABET ,1,2011-06-17 12:16:00,0.85,15021.0,United Kingdom
557213,20724,RED RETROSPOT CHARLOTTE BAG,1,2011-06-17 12:16:00,0.85,15021.0,United Kingdom
557213,21559,STRAWBERRY LUNCH BOX WITH CUTLERY,1,2011-06-17 12:16:00,2.55,15021.0,United Kingdom
557213,22352,LUNCH BOX WITH CUTLERY RETROSPOT ,1,2011-06-17 12:16:00,2.55,15021.0,United Kingdom
557213,82484,WOOD BLACK BOARD ANT WHITE FINISH,1,2011-06-17 12:16:00,7.95,15021.0,United Kingdom
557213,22167, OVAL WALL MIRROR DIAMANTE ,1,2011-06-17 12:16:00,9.95,15021.0,United Kingdom
557213,82482,WOODEN PICTURE FRAME WHITE FINISH,6,2011-06-17 12:16:00,2.55,15021.0,United Kingdom
557213,22804,CANDLEHOLDER PINK HANGING HEART,2,2011-06-17 12:16:00,2.95,15021.0,United Kingdom
557213,21733,RED HANGING HEART T-LIGHT HOLDER,1,2011-06-17 12:16:00,2.95,15021.0,United Kingdom
557213,22456,NATURAL SLATE CHALKBOARD LARGE ,1,2011-06-17 12:16:00,4.95,15021.0,United Kingdom
557213,82486,WOOD S/3 CABINET ANT WHITE FINISH,2,2011-06-17 12:16:00,8.95,15021.0,United Kingdom
557213,82483,WOOD 2 DRAWER CABINET WHITE FINISH,2,2011-06-17 12:16:00,6.95,15021.0,United Kingdom
557213,82494L,WOODEN FRAME ANTIQUE WHITE ,7,2011-06-17 12:16:00,2.95,15021.0,United Kingdom
557213,23068,ALUMINIUM STAMPED HEART,2,2011-06-17 12:16:00,2.49,15021.0,United Kingdom
557213,71038,WHITE HANGING BEADS CANDLE HOLDER,3,2011-06-17 12:16:00,5.45,15021.0,United Kingdom
557214,84997B,CHILDRENS CUTLERY RETROSPOT RED ,4,2011-06-17 12:20:00,4.15,17677.0,United Kingdom
557214,22197,POPCORN HOLDER,12,2011-06-17 12:20:00,0.85,17677.0,United Kingdom
557214,84380,SET OF 3 BUTTERFLY COOKIE CUTTERS,12,2011-06-17 12:20:00,1.25,17677.0,United Kingdom
557214,21210,SET OF 72 RETROSPOT PAPER  DOILIES,12,2011-06-17 12:20:00,1.45,17677.0,United Kingdom
557214,22938,CUPCAKE LACE PAPER SET 6,48,2011-06-17 12:20:00,1.65,17677.0,United Kingdom
557214,22896,PEG BAG APPLES DESIGN,6,2011-06-17 12:20:00,2.55,17677.0,United Kingdom
557214,84946,ANTIQUE SILVER T-LIGHT GLASS,12,2011-06-17 12:20:00,1.25,17677.0,United Kingdom
557214,23084,RABBIT NIGHT LIGHT,48,2011-06-17 12:20:00,1.79,17677.0,United Kingdom
557214,23082,SET 6 PAPER TABLE LANTERN HEARTS ,6,2011-06-17 12:20:00,3.75,17677.0,United Kingdom
557214,21746,SMALL RED RETROSPOT WINDMILL,12,2011-06-17 12:20:00,1.25,17677.0,United Kingdom
557214,23231,WRAP DOILEY DESIGN,25,2011-06-17 12:20:00,0.42,17677.0,United Kingdom
557214,23203,JUMBO BAG DOILEY PATTERNS,100,2011-06-17 12:20:00,1.79,17677.0,United Kingdom
557214,85099B,JUMBO BAG RED RETROSPOT,100,2011-06-17 12:20:00,1.79,17677.0,United Kingdom
557214,23199,JUMBO BAG APPLES,100,2011-06-17 12:20:00,1.79,17677.0,United Kingdom
557214,22192,BLUE DINER WALL CLOCK,2,2011-06-17 12:20:00,8.5,17677.0,United Kingdom
557214,22467,GUMBALL COAT RACK,6,2011-06-17 12:20:00,2.55,17677.0,United Kingdom
557214,22726,ALARM CLOCK BAKELIKE GREEN,4,2011-06-17 12:20:00,3.75,17677.0,United Kingdom
557214,22727,ALARM CLOCK BAKELIKE RED ,4,2011-06-17 12:20:00,3.75,17677.0,United Kingdom
557214,22728,ALARM CLOCK BAKELIKE PINK,4,2011-06-17 12:20:00,3.75,17677.0,United Kingdom
557214,22294,HEART FILIGREE DOVE  SMALL,24,2011-06-17 12:20:00,1.25,17677.0,United Kingdom
557214,15056N,EDWARDIAN PARASOL NATURAL,3,2011-06-17 12:20:00,5.95,17677.0,United Kingdom
557215,23120,PACK OF 6 SMALL FRUIT STRAWS,24,2011-06-17 12:22:00,0.42,17677.0,United Kingdom
557215,23123,COCKTAIL SWORDS 50 PIECES,12,2011-06-17 12:22:00,0.83,17677.0,United Kingdom
557215,23121,PACK OF 6 COCKTAIL PARASOL STRAWS,24,2011-06-17 12:22:00,0.42,17677.0,United Kingdom
557215,23240,SET OF 4 KNICK KNACK TINS DOILEY ,6,2011-06-17 12:22:00,4.15,17677.0,United Kingdom
557215,23307,SET OF 60 PANTRY DESIGN CAKE CASES ,24,2011-06-17 12:22:00,0.55,17677.0,United Kingdom
557216,23241,TREASURE TIN GYMKHANA DESIGN,6,2011-06-17 12:23:00,2.08,17677.0,United Kingdom
557216,23119,PACK OF 6 LARGE FRUIT STRAWS ,12,2011-06-17 12:23:00,0.62,17677.0,United Kingdom
557216,23082,SET 6 PAPER TABLE LANTERN HEARTS ,6,2011-06-17 12:23:00,3.75,17677.0,United Kingdom
557217,16161P,WRAP ENGLISH ROSE ,25,2011-06-17 12:30:00,0.42,17426.0,United Kingdom
557217,23231,WRAP DOILEY DESIGN,25,2011-06-17 12:30:00,0.42,17426.0,United Kingdom
557217,20728,LUNCH BAG CARS BLUE,10,2011-06-17 12:30:00,1.65,17426.0,United Kingdom
557217,23240,SET OF 4 KNICK KNACK TINS DOILEY ,6,2011-06-17 12:30:00,4.15,17426.0,United Kingdom
557217,22652,TRAVEL SEWING KIT,10,2011-06-17 12:30:00,1.65,17426.0,United Kingdom
557217,22961,JAM MAKING SET PRINTED,12,2011-06-17 12:30:00,1.45,17426.0,United Kingdom
557217,23298,SPOTTY BUNTING,3,2011-06-17 12:30:00,4.95,17426.0,United Kingdom
557217,22666,RECIPE BOX PANTRY YELLOW DESIGN,6,2011-06-17 12:30:00,2.95,17426.0,United Kingdom
557217,23172,REGENCY TEA PLATE PINK,12,2011-06-17 12:30:00,1.65,17426.0,United Kingdom
557217,23171,REGENCY TEA PLATE GREEN ,12,2011-06-17 12:30:00,1.65,17426.0,United Kingdom
557217,23170,REGENCY TEA PLATE ROSES ,12,2011-06-17 12:30:00,1.65,17426.0,United Kingdom
557217,23245,SET OF 3 REGENCY CAKE TINS,4,2011-06-17 12:30:00,4.95,17426.0,United Kingdom
557217,23175,REGENCY MILK JUG PINK ,4,2011-06-17 12:30:00,3.25,17426.0,United Kingdom
557217,23174,REGENCY SUGAR BOWL GREEN,4,2011-06-17 12:30:00,4.15,17426.0,United Kingdom
557217,23173,REGENCY TEAPOT ROSES ,2,2011-06-17 12:30:00,9.95,17426.0,United Kingdom
557217,23308,SET OF 60 VINTAGE LEAF CAKE CASES ,24,2011-06-17 12:30:00,0.55,17426.0,United Kingdom
557217,21975,PACK OF 60 DINOSAUR CAKE CASES,24,2011-06-17 12:30:00,0.55,17426.0,United Kingdom
557217,22417,PACK OF 60 SPACEBOY CAKE CASES,24,2011-06-17 12:30:00,0.55,17426.0,United Kingdom
557217,84992,72 SWEETHEART FAIRY CAKE CASES,24,2011-06-17 12:30:00,0.55,17426.0,United Kingdom
557217,22951,60 CAKE CASES DOLLY GIRL DESIGN,24,2011-06-17 12:30:00,0.55,17426.0,United Kingdom
557217,22849,BREAD BIN DINER STYLE MINT,2,2011-06-17 12:30:00,16.95,17426.0,United Kingdom
557217,23206,LUNCH BAG APPLE DESIGN,10,2011-06-17 12:30:00,1.65,17426.0,United Kingdom
557217,22627,MINT KITCHEN SCALES,2,2011-06-17 12:30:00,8.5,17426.0,United Kingdom
557217,22626,BLACK KITCHEN SCALES,2,2011-06-17 12:30:00,8.5,17426.0,United Kingdom
557217,22625,RED KITCHEN SCALES,2,2011-06-17 12:30:00,8.5,17426.0,United Kingdom
557217,22624,IVORY KITCHEN SCALES,2,2011-06-17 12:30:00,8.5,17426.0,United Kingdom
557217,84078A,SET/4 WHITE RETRO STORAGE CUBES ,6,2011-06-17 12:30:00,39.95,17426.0,United Kingdom
557217,21175,GIN + TONIC DIET METAL SIGN,12,2011-06-17 12:30:00,2.55,17426.0,United Kingdom
557217,82582,AREA PATROLLED METAL SIGN,12,2011-06-17 12:30:00,2.1,17426.0,United Kingdom
557217,82600,NO SINGING METAL SIGN,12,2011-06-17 12:30:00,2.1,17426.0,United Kingdom
557217,21907,I'M ON HOLIDAY METAL SIGN,12,2011-06-17 12:30:00,2.1,17426.0,United Kingdom
557217,48184,DOORMAT ENGLISH ROSE ,2,2011-06-17 12:30:00,7.95,17426.0,United Kingdom
557217,48187,DOORMAT NEW ENGLAND,2,2011-06-17 12:30:00,7.95,17426.0,United Kingdom
557217,22692,DOORMAT WELCOME TO OUR HOME,2,2011-06-17 12:30:00,7.95,17426.0,United Kingdom
557217,48138,DOORMAT UNION FLAG,2,2011-06-17 12:30:00,7.95,17426.0,United Kingdom
557217,23284,DOORMAT KEEP CALM AND COME IN,4,2011-06-17 12:30:00,7.95,17426.0,United Kingdom
557217,22917,HERB MARKER ROSEMARY,12,2011-06-17 12:30:00,0.65,17426.0,United Kingdom
557217,22916,HERB MARKER THYME,12,2011-06-17 12:30:00,0.65,17426.0,United Kingdom
557217,22921,HERB MARKER CHIVES ,12,2011-06-17 12:30:00,0.65,17426.0,United Kingdom
557217,22920,HERB MARKER BASIL,12,2011-06-17 12:30:00,0.65,17426.0,United Kingdom
557217,22919,HERB MARKER MINT,12,2011-06-17 12:30:00,0.65,17426.0,United Kingdom
557217,22918,HERB MARKER PARSLEY,12,2011-06-17 12:30:00,0.65,17426.0,United Kingdom
557217,22822,CREAM WALL PLANTER HEART SHAPED,2,2011-06-17 12:30:00,5.95,17426.0,United Kingdom
557217,22485,SET OF 2 WOODEN MARKET CRATES,2,2011-06-17 12:30:00,12.75,17426.0,United Kingdom
557217,23093,SMALL PARISIENNE HEART PHOTO FRAME ,8,2011-06-17 12:30:00,2.49,17426.0,United Kingdom
557217,84879,ASSORTED COLOUR BIRD ORNAMENT,32,2011-06-17 12:30:00,1.69,17426.0,United Kingdom
557217,22120,WELCOME  WOODEN BLOCK LETTERS,6,2011-06-17 12:30:00,9.95,17426.0,United Kingdom
557217,22750,FELTCRAFT PRINCESS LOLA DOLL,4,2011-06-17 12:30:00,3.75,17426.0,United Kingdom
557217,22749,FELTCRAFT PRINCESS CHARLOTTE DOLL,4,2011-06-17 12:30:00,3.75,17426.0,United Kingdom
557217,22751,FELTCRAFT PRINCESS OLIVIA DOLL,4,2011-06-17 12:30:00,3.75,17426.0,United Kingdom
557217,22570,FELTCRAFT CUSHION RABBIT,4,2011-06-17 12:30:00,3.75,17426.0,United Kingdom
557217,22568,FELTCRAFT CUSHION OWL,4,2011-06-17 12:30:00,3.75,17426.0,United Kingdom
557217,22779,WOODEN OWLS LIGHT GARLAND ,4,2011-06-17 12:30:00,4.25,17426.0,United Kingdom
557217,22149,FELTCRAFT 6 FLOWER FRIENDS,6,2011-06-17 12:30:00,2.1,17426.0,United Kingdom
557217,20969,RED FLORAL FELTCRAFT SHOULDER BAG,4,2011-06-17 12:30:00,3.75,17426.0,United Kingdom
557217,20970,PINK FLORAL FELTCRAFT SHOULDER BAG,4,2011-06-17 12:30:00,3.75,17426.0,United Kingdom
557217,20752,BLUE POLKADOT WASHING UP GLOVES,6,2011-06-17 12:30:00,2.1,17426.0,United Kingdom
557217,22558,CLOTHES PEGS RETROSPOT PACK 24 ,24,2011-06-17 12:30:00,1.65,17426.0,United Kingdom
557217,22427,ENAMEL FLOWER JUG CREAM,3,2011-06-17 12:30:00,5.95,17426.0,United Kingdom
557217,22361,GLASS JAR DAISY FRESH COTTON WOOL,6,2011-06-17 12:30:00,2.95,17426.0,United Kingdom
557217,22489,PACK OF 12 TRADITIONAL CRAYONS,24,2011-06-17 12:30:00,0.42,17426.0,United Kingdom
557217,21389,IVORY HANGING DECORATION  BIRD,12,2011-06-17 12:30:00,0.85,17426.0,United Kingdom
557217,22993,SET OF 4 PANTRY JELLY MOULDS,12,2011-06-17 12:30:00,1.25,17426.0,United Kingdom
557217,22720,SET OF 3 CAKE TINS PANTRY DESIGN ,3,2011-06-17 12:30:00,4.95,17426.0,United Kingdom
557217,22960,JAM MAKING SET WITH JARS,6,2011-06-17 12:30:00,4.25,17426.0,United Kingdom
557217,22083,PAPER CHAIN KIT RETROSPOT,6,2011-06-17 12:30:00,2.95,17426.0,United Kingdom
557217,37446,MINI CAKE STAND WITH HANGING CAKES,16,2011-06-17 12:30:00,1.45,17426.0,United Kingdom
557217,21169,YOU'RE CONFUSING ME METAL SIGN ,12,2011-06-17 12:30:00,1.69,17426.0,United Kingdom
557217,22411,JUMBO SHOPPER VINTAGE RED PAISLEY,10,2011-06-17 12:30:00,2.08,17426.0,United Kingdom
557217,21212,PACK OF 72 RETROSPOT CAKE CASES,24,2011-06-17 12:30:00,0.55,17426.0,United Kingdom
557217,84991,60 TEATIME FAIRY CAKE CASES,24,2011-06-17 12:30:00,0.55,17426.0,United Kingdom
557217,21977,PACK OF 60 PINK PAISLEY CAKE CASES,24,2011-06-17 12:30:00,0.55,17426.0,United Kingdom
557217,22726,ALARM CLOCK BAKELIKE GREEN,4,2011-06-17 12:30:00,3.75,17426.0,United Kingdom
557217,22089,PAPER BUNTING VINTAGE PAISLEY,6,2011-06-17 12:30:00,2.95,17426.0,United Kingdom
557217,21124,SET/10 BLUE POLKADOT PARTY CANDLES,48,2011-06-17 12:30:00,1.25,17426.0,United Kingdom
557217,21122,SET/10 PINK POLKADOT PARTY CANDLES,48,2011-06-17 12:30:00,1.25,17426.0,United Kingdom
557217,21121,SET/10 RED POLKADOT PARTY CANDLES,48,2011-06-17 12:30:00,1.25,17426.0,United Kingdom
557217,84077,WORLD WAR 2 GLIDERS ASSTD DESIGNS,48,2011-06-17 12:30:00,0.29,17426.0,United Kingdom
557217,21915,RED  HARMONICA IN BOX ,12,2011-06-17 12:30:00,1.25,17426.0,United Kingdom
557217,21918,SET 12 KIDS COLOUR  CHALK STICKS,24,2011-06-17 12:30:00,0.42,17426.0,United Kingdom
557217,22492,MINI PAINT SET VINTAGE ,36,2011-06-17 12:30:00,0.65,17426.0,United Kingdom
557217,22544,MINI JIGSAW SPACEBOY,24,2011-06-17 12:30:00,0.42,17426.0,United Kingdom
557217,22538,MINI JIGSAW GO TO THE FAIR,24,2011-06-17 12:30:00,0.42,17426.0,United Kingdom
557217,22529,MAGIC DRAWING SLATE GO TO THE FAIR ,24,2011-06-17 12:30:00,0.42,17426.0,United Kingdom
557217,23239,SET OF 4 KNICK KNACK TINS POPPIES,6,2011-06-17 12:30:00,4.15,17426.0,United Kingdom
557217,22569,FELTCRAFT CUSHION BUTTERFLY,4,2011-06-17 12:30:00,3.75,17426.0,United Kingdom
557217,20972,PINK CREAM FELT CRAFT TRINKET BOX ,12,2011-06-17 12:30:00,1.25,17426.0,United Kingdom
557217,20971,PINK BLUE FELT CRAFT TRINKET BOX,12,2011-06-17 12:30:00,1.25,17426.0,United Kingdom
557217,20977,36 PENCILS TUBE WOODLAND,16,2011-06-17 12:30:00,1.25,17426.0,United Kingdom
557217,20979,36 PENCILS TUBE RED RETROSPOT,16,2011-06-17 12:30:00,1.25,17426.0,United Kingdom
557217,22030,SWALLOWS GREETING CARD,12,2011-06-17 12:30:00,0.42,17426.0,United Kingdom
557217,22037,ROBOT BIRTHDAY CARD,12,2011-06-17 12:30:00,0.42,17426.0,United Kingdom
557217,22714,CARD BIRTHDAY COWBOY,12,2011-06-17 12:30:00,0.42,17426.0,United Kingdom
557217,21507,"ELEPHANT, BIRTHDAY CARD, ",12,2011-06-17 12:30:00,0.42,17426.0,United Kingdom
557217,22029,SPACEBOY BIRTHDAY CARD,12,2011-06-17 12:30:00,0.42,17426.0,United Kingdom
557217,22983,CARD BILLBOARD FONT,12,2011-06-17 12:30:00,0.42,17426.0,United Kingdom
557217,22985,WRAP BILLBOARD FONTS DESIGN,25,2011-06-17 12:30:00,0.42,17426.0,United Kingdom
557217,22986,WRAP GINGHAM ROSE ,25,2011-06-17 12:30:00,0.42,17426.0,United Kingdom
557218,22847,BREAD BIN DINER STYLE IVORY,2,2011-06-17 12:31:00,16.95,17426.0,United Kingdom
557218,23188,VINTAGE  2 METER FOLDING RULER,12,2011-06-17 12:31:00,1.65,17426.0,United Kingdom
557218,23241,TREASURE TIN GYMKHANA DESIGN,6,2011-06-17 12:31:00,2.08,17426.0,United Kingdom
557218,23242,TREASURE TIN BUFFALO BILL ,6,2011-06-17 12:31:00,2.08,17426.0,United Kingdom
557218,23201,JUMBO BAG ALPHABET,10,2011-06-17 12:31:00,1.95,17426.0,United Kingdom
557219,21973,SET OF 36 MUSHROOM PAPER DOILIES,48,2011-06-17 12:39:00,1.45,14776.0,United Kingdom
557219,22432,WATERING CAN PINK BUNNY,6,2011-06-17 12:39:00,1.95,14776.0,United Kingdom
557219,22431,WATERING CAN BLUE ELEPHANT,6,2011-06-17 12:39:00,1.95,14776.0,United Kingdom
557219,22522,CHILDS GARDEN FORK BLUE ,12,2011-06-17 12:39:00,0.85,14776.0,United Kingdom
557219,23004,TRAVEL CARD WALLET PANTRY,24,2011-06-17 12:39:00,0.42,14776.0,United Kingdom
557219,23006,TRAVEL CARD WALLET FLOWER MEADOW,24,2011-06-17 12:39:00,0.42,14776.0,United Kingdom
557219,23002,TRAVEL CARD WALLET SKULLS,48,2011-06-17 12:39:00,0.42,14776.0,United Kingdom
557219,22998,TRAVEL CARD WALLET KEEP CALM,24,2011-06-17 12:39:00,0.42,14776.0,United Kingdom
557219,22693,GROW A FLYTRAP OR SUNFLOWER IN TIN,24,2011-06-17 12:39:00,1.25,14776.0,United Kingdom
557219,22523,CHILDS GARDEN FORK PINK,12,2011-06-17 12:39:00,0.85,14776.0,United Kingdom
557219,22664,TOY TIDY DOLLY GIRL DESIGN,5,2011-06-17 12:39:00,2.1,14776.0,United Kingdom
557219,22380,TOY TIDY SPACEBOY  ,5,2011-06-17 12:39:00,2.1,14776.0,United Kingdom
557219,21703,BAG 125g SWIRLY MARBLES,24,2011-06-17 12:39:00,0.42,14776.0,United Kingdom
557219,22741,FUNKY DIVA PEN,48,2011-06-17 12:39:00,0.85,14776.0,United Kingdom
557219,20974,12 PENCILS SMALL TUBE SKULL,48,2011-06-17 12:39:00,0.65,14776.0,United Kingdom
557219,22951,60 CAKE CASES DOLLY GIRL DESIGN,24,2011-06-17 12:39:00,0.55,14776.0,United Kingdom
557219,84992,72 SWEETHEART FAIRY CAKE CASES,24,2011-06-17 12:39:00,0.55,14776.0,United Kingdom
557220,23122,PARTY CHARMS 50 PIECES,24,2011-06-17 12:40:00,0.83,14776.0,United Kingdom
557220,23309,SET OF 60 I LOVE LONDON CAKE CASES ,24,2011-06-17 12:40:00,0.55,14776.0,United Kingdom
557220,23242,TREASURE TIN BUFFALO BILL ,12,2011-06-17 12:40:00,2.08,14776.0,United Kingdom
557221,22753,SMALL YELLOW BABUSHKA NOTEBOOK ,1,2011-06-17 13:01:00,0.85,16869.0,United Kingdom
557221,22197,POPCORN HOLDER,6,2011-06-17 13:01:00,0.85,16869.0,United Kingdom
557221,22653,BUTTON BOX ,1,2011-06-17 13:01:00,1.95,16869.0,United Kingdom
557221,22619,SET OF 6 SOLDIER SKITTLES,1,2011-06-17 13:01:00,3.75,16869.0,United Kingdom
557221,22752,SET 7 BABUSHKA NESTING BOXES,1,2011-06-17 13:01:00,8.5,16869.0,United Kingdom
557221,22907,PACK OF 20 NAPKINS PANTRY DESIGN,1,2011-06-17 13:01:00,0.85,16869.0,United Kingdom
557221,84509E,SET OF 4 CAROUSEL PLACEMATS ,1,2011-06-17 13:01:00,3.75,16869.0,United Kingdom
557221,84510E,SET OF 4 GREEN CAROUSEL COASTERS,1,2011-06-17 13:01:00,1.25,16869.0,United Kingdom
557221,84997A,CHILDRENS CUTLERY POLKADOT GREEN ,1,2011-06-17 13:01:00,4.15,16869.0,United Kingdom
557221,84596L,BISCUITS SMALL BOWL LIGHT BLUE,4,2011-06-17 13:01:00,0.42,16869.0,United Kingdom
557221,22468,BABUSHKA LIGHTS STRING OF 10,1,2011-06-17 13:01:00,6.75,16869.0,United Kingdom
557221,23192,BUNDLE OF 3 ALPHABET EXERCISE BOOKS,1,2011-06-17 13:01:00,1.65,16869.0,United Kingdom
557221,23337,EGG FRYING PAN MINT ,1,2011-06-17 13:01:00,2.08,16869.0,United Kingdom
557221,22776,SWEETHEART CAKESTAND 3 TIER,1,2011-06-17 13:01:00,9.95,16869.0,United Kingdom
557221,23096,PETIT TRAY CHIC,5,2011-06-17 13:01:00,1.65,16869.0,United Kingdom
557221,47013C,WINE BOTTLE DRESSING DARK BLUE,6,2011-06-17 13:01:00,0.12,16869.0,United Kingdom
557221,20616,CHERRY BLOSSOM PASSPORT COVER,6,2011-06-17 13:01:00,0.75,16869.0,United Kingdom
557221,23102,SILVER HEARTS TABLE DECORATION,3,2011-06-17 13:01:00,0.83,16869.0,United Kingdom
557221,21865,PINK UNION JACK  PASSPORT COVER ,3,2011-06-17 13:01:00,2.1,16869.0,United Kingdom
557221,20653,CHERRY BLOSSOM LUGGAGE TAG,6,2011-06-17 13:01:00,1.25,16869.0,United Kingdom
557221,20652,BLUE POLKADOT LUGGAGE TAG ,1,2011-06-17 13:01:00,1.25,16869.0,United Kingdom
557221,21867,PINK UNION JACK  LUGGAGE TAG,5,2011-06-17 13:01:00,1.25,16869.0,United Kingdom
557221,22969,HOMEMADE JAM SCENTED CANDLES,12,2011-06-17 13:01:00,1.45,16869.0,United Kingdom
557221,21983,PACK OF 12 BLUE PAISLEY TISSUES ,12,2011-06-17 13:01:00,0.29,16869.0,United Kingdom
557221,21984,PACK OF 12 PINK PAISLEY TISSUES ,12,2011-06-17 13:01:00,0.29,16869.0,United Kingdom
557221,22488,NATURAL SLATE RECTANGLE CHALKBOARD,1,2011-06-17 13:01:00,1.65,16869.0,United Kingdom
557221,22851,SET 20 NAPKINS FAIRY CAKES DESIGN ,1,2011-06-17 13:01:00,0.85,16869.0,United Kingdom
557221,23082,SET 6 PAPER TABLE LANTERN HEARTS ,6,2011-06-17 13:01:00,3.75,16869.0,United Kingdom
557221,22457,NATURAL SLATE HEART CHALKBOARD ,3,2011-06-17 13:01:00,2.95,16869.0,United Kingdom
557221,85123A,WHITE HANGING HEART T-LIGHT HOLDER,5,2011-06-17 13:01:00,2.95,16869.0,United Kingdom
557221,72741,GRAND CHOCOLATECANDLE,9,2011-06-17 13:01:00,1.45,16869.0,United Kingdom
557221,22740,POLKADOT PEN,48,2011-06-17 13:01:00,0.85,16869.0,United Kingdom
557221,22758,LARGE PURPLE BABUSHKA NOTEBOOK  ,1,2011-06-17 13:01:00,1.25,16869.0,United Kingdom
557221,22813,PACK 3 BOXES BIRD PANNETONE ,1,2011-06-17 13:01:00,1.95,16869.0,United Kingdom
557221,22585,PACK OF 6 BIRDY GIFT TAGS,1,2011-06-17 13:01:00,1.25,16869.0,United Kingdom
557221,21340,CLASSIC METAL BIRDCAGE PLANT HOLDER,1,2011-06-17 13:01:00,12.75,16869.0,United Kingdom
557222,22985,WRAP BILLBOARD FONTS DESIGN,25,2011-06-17 13:14:00,0.42,14936.0,Channel Islands
557222,22423,REGENCY CAKESTAND 3 TIER,24,2011-06-17 13:14:00,10.95,14936.0,Channel Islands
557222,22417,PACK OF 60 SPACEBOY CAKE CASES,24,2011-06-17 13:14:00,0.55,14936.0,Channel Islands
557222,22151,PLACE SETTING WHITE HEART,24,2011-06-17 13:14:00,0.42,14936.0,Channel Islands
557222,21977,PACK OF 60 PINK PAISLEY CAKE CASES,24,2011-06-17 13:14:00,0.55,14936.0,Channel Islands
557222,21975,PACK OF 60 DINOSAUR CAKE CASES,24,2011-06-17 13:14:00,0.55,14936.0,Channel Islands
557222,21213,PACK OF 72 SKULL CAKE CASES,24,2011-06-17 13:14:00,0.55,14936.0,Channel Islands
557222,21212,PACK OF 72 RETROSPOT CAKE CASES,24,2011-06-17 13:14:00,0.55,14936.0,Channel Islands
557222,21080,SET/20 RED RETROSPOT PAPER NAPKINS ,24,2011-06-17 13:14:00,0.85,14936.0,Channel Islands
557222,84971S,SMALL HEART FLOWERS HOOK ,24,2011-06-17 13:14:00,0.85,14936.0,Channel Islands
557222,21122,SET/10 PINK POLKADOT PARTY CANDLES,24,2011-06-17 13:14:00,1.25,14936.0,Channel Islands
557222,21121,SET/10 RED POLKADOT PARTY CANDLES,24,2011-06-17 13:14:00,1.25,14936.0,Channel Islands
557222,21584,RETROSPOT SMALL TUBE MATCHES,20,2011-06-17 13:14:00,1.65,14936.0,Channel Islands
557222,22561,WOODEN SCHOOL COLOURING SET,12,2011-06-17 13:14:00,1.65,14936.0,Channel Islands
557222,21988,PACK OF 6 SKULL PAPER PLATES,12,2011-06-17 13:14:00,0.85,14936.0,Channel Islands
557222,21987,PACK OF 6 SKULL PAPER CUPS,12,2011-06-17 13:14:00,0.65,14936.0,Channel Islands
557222,21094,SET/6 RED SPOTTY PAPER PLATES,12,2011-06-17 13:14:00,0.85,14936.0,Channel Islands
557222,84992,72 SWEETHEART FAIRY CAKE CASES,24,2011-06-17 13:14:00,0.55,14936.0,Channel Islands
557222,84991,60 TEATIME FAIRY CAKE CASES,24,2011-06-17 13:14:00,0.55,14936.0,Channel Islands
557222,84988,SET OF 72 PINK HEART PAPER DOILIES,12,2011-06-17 13:14:00,1.45,14936.0,Channel Islands
557222,84987,SET OF 36 TEATIME PAPER DOILIES,12,2011-06-17 13:14:00,1.45,14936.0,Channel Islands
557222,47590B,PINK HAPPY BIRTHDAY BUNTING,12,2011-06-17 13:14:00,5.45,14936.0,Channel Islands
557222,47566B,TEA TIME PARTY BUNTING,12,2011-06-17 13:14:00,4.95,14936.0,Channel Islands
557222,47566,PARTY BUNTING,12,2011-06-17 13:14:00,4.95,14936.0,Channel Islands
557222,22962,JAM JAR WITH PINK LID,12,2011-06-17 13:14:00,0.85,14936.0,Channel Islands
557222,22961,JAM MAKING SET PRINTED,12,2011-06-17 13:14:00,1.45,14936.0,Channel Islands
557222,22907,PACK OF 20 NAPKINS PANTRY DESIGN,12,2011-06-17 13:14:00,0.85,14936.0,Channel Islands
557222,22090,PAPER BUNTING RETROSPOT,12,2011-06-17 13:14:00,2.95,14936.0,Channel Islands
557222,22089,PAPER BUNTING VINTAGE PAISLEY,12,2011-06-17 13:14:00,2.95,14936.0,Channel Islands
557222,21972,SET OF 36 DINOSAUR PAPER DOILIES,12,2011-06-17 13:14:00,1.45,14936.0,Channel Islands
557222,21874,GIN AND TONIC MUG,12,2011-06-17 13:14:00,1.25,14936.0,Channel Islands
557222,21621,VINTAGE UNION JACK BUNTING,12,2011-06-17 13:14:00,8.5,14936.0,Channel Islands
557222,21210,SET OF 72 RETROSPOT PAPER  DOILIES,12,2011-06-17 13:14:00,1.45,14936.0,Channel Islands
557222,22557,PLASTERS IN TIN VINTAGE PAISLEY ,12,2011-06-17 13:14:00,1.65,14936.0,Channel Islands
557222,22555,PLASTERS IN TIN STRONGMAN,12,2011-06-17 13:14:00,1.65,14936.0,Channel Islands
557222,22553,PLASTERS IN TIN SKULLS,12,2011-06-17 13:14:00,1.65,14936.0,Channel Islands
557222,84836,ZINC METAL HEART DECORATION,12,2011-06-17 13:14:00,1.25,14936.0,Channel Islands
557222,84978,HANGING HEART JAR T-LIGHT HOLDER,12,2011-06-17 13:14:00,1.25,14936.0,Channel Islands
557222,84970S,HANGING HEART ZINC T-LIGHT HOLDER,12,2011-06-17 13:14:00,0.85,14936.0,Channel Islands
557222,22384,LUNCH BAG PINK POLKADOT,10,2011-06-17 13:14:00,1.65,14936.0,Channel Islands
557222,20727,LUNCH BAG  BLACK SKULL.,10,2011-06-17 13:14:00,1.65,14936.0,Channel Islands
557222,20725,LUNCH BAG RED RETROSPOT,10,2011-06-17 13:14:00,1.65,14936.0,Channel Islands
557222,85099F,JUMBO BAG STRAWBERRY,10,2011-06-17 13:14:00,2.08,14936.0,Channel Islands
557222,85099C,JUMBO  BAG BAROQUE BLACK WHITE,10,2011-06-17 13:14:00,2.08,14936.0,Channel Islands
557222,85099B,JUMBO BAG RED RETROSPOT,10,2011-06-17 13:14:00,2.08,14936.0,Channel Islands
557222,21929,JUMBO BAG PINK VINTAGE PAISLEY,10,2011-06-17 13:14:00,2.08,14936.0,Channel Islands
557222,21928,JUMBO BAG SCANDINAVIAN BLUE PAISLEY,10,2011-06-17 13:14:00,2.08,14936.0,Channel Islands
557222,22085,PAPER CHAIN KIT SKULLS ,6,2011-06-17 13:14:00,2.95,14936.0,Channel Islands
557222,22960,JAM MAKING SET WITH JARS,6,2011-06-17 13:14:00,4.25,14936.0,Channel Islands
557222,22627,MINT KITCHEN SCALES,6,2011-06-17 13:14:00,8.5,14936.0,Channel Islands
557222,22625,RED KITCHEN SCALES,6,2011-06-17 13:14:00,8.5,14936.0,Channel Islands
557222,22624,IVORY KITCHEN SCALES,6,2011-06-17 13:14:00,8.5,14936.0,Channel Islands
557222,21843,RED RETROSPOT CAKE STAND,6,2011-06-17 13:14:00,10.95,14936.0,Channel Islands
557222,22149,FELTCRAFT 6 FLOWER FRIENDS,6,2011-06-17 13:14:00,2.1,14936.0,Channel Islands
557222,20828,GLITTER BUTTERFLY CLIPS,6,2011-06-17 13:14:00,2.55,14936.0,Channel Islands
557222,22084,PAPER CHAIN KIT EMPIRE,6,2011-06-17 13:14:00,2.95,14936.0,Channel Islands
557222,22730,ALARM CLOCK BAKELIKE IVORY,4,2011-06-17 13:14:00,3.75,14936.0,Channel Islands
557222,22727,ALARM CLOCK BAKELIKE RED ,4,2011-06-17 13:14:00,3.75,14936.0,Channel Islands
557222,21756,BATH BUILDING BLOCK WORD,3,2011-06-17 13:14:00,5.95,14936.0,Channel Islands
557222,21755,LOVE BUILDING BLOCK WORD,3,2011-06-17 13:14:00,5.95,14936.0,Channel Islands
557222,21754,HOME BUILDING BLOCK WORD,3,2011-06-17 13:14:00,5.95,14936.0,Channel Islands
557222,22607,WOODEN ROUNDERS GARDEN SET ,2,2011-06-17 13:14:00,9.95,14936.0,Channel Islands
557222,22606,WOODEN SKITTLES GARDEN SET,2,2011-06-17 13:14:00,15.95,14936.0,Channel Islands
557222,22193,RED DINER WALL CLOCK,2,2011-06-17 13:14:00,8.5,14936.0,Channel Islands
557222,22192,BLUE DINER WALL CLOCK,2,2011-06-17 13:14:00,8.5,14936.0,Channel Islands
557222,22191,IVORY DINER WALL CLOCK,2,2011-06-17 13:14:00,8.5,14936.0,Channel Islands
557222,48194,DOORMAT HEARTS,2,2011-06-17 13:14:00,7.95,14936.0,Channel Islands
557222,48188,DOORMAT WELCOME PUPPIES,2,2011-06-17 13:14:00,7.95,14936.0,Channel Islands
557222,48187,DOORMAT NEW ENGLAND,2,2011-06-17 13:14:00,7.95,14936.0,Channel Islands
557222,48185,DOORMAT FAIRY CAKE,2,2011-06-17 13:14:00,7.95,14936.0,Channel Islands
557222,48184,DOORMAT ENGLISH ROSE ,2,2011-06-17 13:14:00,7.95,14936.0,Channel Islands
557222,48129,DOORMAT TOPIARY,2,2011-06-17 13:14:00,7.95,14936.0,Channel Islands
557222,48116,DOORMAT MULTICOLOUR STRIPE,2,2011-06-17 13:14:00,7.95,14936.0,Channel Islands
557222,48111,DOORMAT 3 SMILEY CATS,2,2011-06-17 13:14:00,7.95,14936.0,Channel Islands
557222,22847,BREAD BIN DINER STYLE IVORY,2,2011-06-17 13:14:00,16.95,14936.0,Channel Islands
557222,22846,BREAD BIN DINER STYLE RED ,2,2011-06-17 13:14:00,16.95,14936.0,Channel Islands
557222,22692,DOORMAT WELCOME TO OUR HOME,2,2011-06-17 13:14:00,7.95,14936.0,Channel Islands
557222,22690,DOORMAT HOME SWEET HOME BLUE ,2,2011-06-17 13:14:00,7.95,14936.0,Channel Islands
557222,21955,DOORMAT UNION JACK GUNS AND ROSES,2,2011-06-17 13:14:00,7.95,14936.0,Channel Islands
557222,21217,RED RETROSPOT ROUND CAKE TINS,2,2011-06-17 13:14:00,9.95,14936.0,Channel Islands
557222,21115,ROSE CARAVAN DOORSTOP,2,2011-06-17 13:14:00,6.75,14936.0,Channel Islands
557223,23200,JUMBO BAG PEARS,10,2011-06-17 13:17:00,2.08,13647.0,United Kingdom
557223,23147,SINGLE ANTIQUE ROSE HOOK IVORY,12,2011-06-17 13:17:00,1.45,13647.0,United Kingdom
557223,23146,TRIPLE HOOK ANTIQUE IVORY ROSE,4,2011-06-17 13:17:00,3.29,13647.0,United Kingdom
557223,23284,DOORMAT KEEP CALM AND COME IN,2,2011-06-17 13:17:00,7.95,13647.0,United Kingdom
557223,23119,PACK OF 6 LARGE FRUIT STRAWS ,48,2011-06-17 13:17:00,0.62,13647.0,United Kingdom
557223,23124,18PC WOODEN CUTLERY SET DISPOSABLE,16,2011-06-17 13:17:00,1.25,13647.0,United Kingdom
557223,23203,JUMBO BAG DOILEY PATTERNS,10,2011-06-17 13:17:00,2.08,13647.0,United Kingdom
557223,23209,LUNCH BAG DOILEY PATTERN ,10,2011-06-17 13:17:00,1.65,13647.0,United Kingdom
557223,23298,SPOTTY BUNTING,50,2011-06-17 13:17:00,4.15,13647.0,United Kingdom
557223,23306,SET OF 36 DOILIES PANTRY DESIGN,12,2011-06-17 13:17:00,1.45,13647.0,United Kingdom
C557224,75049L,LARGE CIRCULAR MIRROR MOBILE,-5,2011-06-17 13:22:00,0.85,15311.0,United Kingdom
C557224,84978,HANGING HEART JAR T-LIGHT HOLDER,-2,2011-06-17 13:22:00,1.06,15311.0,United Kingdom
C557224,82483,WOOD 2 DRAWER CABINET WHITE FINISH,-2,2011-06-17 13:22:00,5.95,15311.0,United Kingdom
C557224,85099B,JUMBO BAG RED RETROSPOT,-5,2011-06-17 13:22:00,1.79,15311.0,United Kingdom
C557224,22778,GLASS CLOCHE SMALL,-5,2011-06-17 13:22:00,3.39,15311.0,United Kingdom
557225,20727,LUNCH BAG  BLACK SKULL.,1,2011-06-17 13:37:00,1.65,15311.0,United Kingdom
557225,22663,JUMBO BAG DOLLY GIRL DESIGN,1,2011-06-17 13:37:00,2.08,15311.0,United Kingdom
557225,20719,WOODLAND CHARLOTTE BAG,1,2011-06-17 13:37:00,0.85,15311.0,United Kingdom
557225,23034,DRAWER KNOB CERAMIC BLACK,6,2011-06-17 13:37:00,1.45,15311.0,United Kingdom
557225,23035,DRAWER KNOB CERAMIC IVORY,6,2011-06-17 13:37:00,1.45,15311.0,United Kingdom
557225,23033,DRAWER KNOB CERAMIC RED,6,2011-06-17 13:37:00,1.45,15311.0,United Kingdom
557225,22427,ENAMEL FLOWER JUG CREAM,12,2011-06-17 13:37:00,5.45,15311.0,United Kingdom
557225,22103,MIRROR MOSAIC T-LIGHT HOLDER ROUND,72,2011-06-17 13:37:00,1.45,15311.0,United Kingdom
557225,71477,COLOUR GLASS. STAR T-LIGHT HOLDER,24,2011-06-17 13:37:00,2.75,15311.0,United Kingdom
557225,22382,LUNCH BAG SPACEBOY DESIGN ,100,2011-06-17 13:37:00,1.45,15311.0,United Kingdom
557226,23121,PACK OF 6 COCKTAIL PARASOL STRAWS,24,2011-06-17 13:39:00,0.42,15805.0,United Kingdom
557226,23119,PACK OF 6 LARGE FRUIT STRAWS ,12,2011-06-17 13:39:00,0.62,15805.0,United Kingdom
557226,85099F,JUMBO BAG STRAWBERRY,10,2011-06-17 13:39:00,2.08,15805.0,United Kingdom
557226,23203,JUMBO BAG DOILEY PATTERNS,10,2011-06-17 13:39:00,2.08,15805.0,United Kingdom
557226,23202,JUMBO BAG VINTAGE LEAF,10,2011-06-17 13:39:00,2.08,15805.0,United Kingdom
557226,23307,SET OF 60 PANTRY DESIGN CAKE CASES ,48,2011-06-17 13:39:00,0.55,15805.0,United Kingdom
557226,23308,SET OF 60 VINTAGE LEAF CAKE CASES ,24,2011-06-17 13:39:00,0.55,15805.0,United Kingdom
557226,84212,"ASSORTED FLOWER COLOUR ""LEIS""",24,2011-06-17 13:39:00,0.65,15805.0,United Kingdom
557226,23204,CHARLOTTE BAG APPLES DESIGN,10,2011-06-17 13:39:00,0.85,15805.0,United Kingdom
557226,15036,ASSORTED COLOURS SILK FAN,12,2011-06-17 13:39:00,0.83,15805.0,United Kingdom
557226,21621,VINTAGE UNION JACK BUNTING,2,2011-06-17 13:39:00,8.5,15805.0,United Kingdom
557226,47566,PARTY BUNTING,4,2011-06-17 13:39:00,4.95,15805.0,United Kingdom
557226,22667,RECIPE BOX RETROSPOT ,6,2011-06-17 13:39:00,2.95,15805.0,United Kingdom
557226,21539,RED RETROSPOT BUTTER DISH,3,2011-06-17 13:39:00,4.95,15805.0,United Kingdom
557226,21533,RETROSPOT LARGE MILK JUG,3,2011-06-17 13:39:00,4.95,15805.0,United Kingdom
557226,23298,SPOTTY BUNTING,3,2011-06-17 13:39:00,4.95,15805.0,United Kingdom
557227,79321,CHILLI LIGHTS,4,2011-06-17 13:40:00,5.75,15805.0,United Kingdom
557228,22084,PAPER CHAIN KIT EMPIRE,6,2011-06-17 13:42:00,2.95,15805.0,United Kingdom
557229,22375,AIRLINE BAG VINTAGE JET SET BROWN,1,2011-06-17 13:45:00,4.25,,United Kingdom
557229,22376,AIRLINE BAG VINTAGE JET SET WHITE,1,2011-06-17 13:45:00,4.25,,United Kingdom
557229,62086A,PINK RETRO BIG FLOWER BAG,2,2011-06-17 13:45:00,1.95,,United Kingdom
557230,22906,12 MESSAGE CARDS WITH ENVELOPES,12,2011-06-17 13:57:00,1.65,15181.0,United Kingdom
557230,21967,PACK OF 12 SKULL TISSUES,24,2011-06-17 13:57:00,0.29,15181.0,United Kingdom
557230,21985,PACK OF 12 HEARTS DESIGN TISSUES ,24,2011-06-17 13:57:00,0.29,15181.0,United Kingdom
557230,21983,PACK OF 12 BLUE PAISLEY TISSUES ,24,2011-06-17 13:57:00,0.29,15181.0,United Kingdom
557230,21986,PACK OF 12 PINK POLKADOT TISSUES,24,2011-06-17 13:57:00,0.29,15181.0,United Kingdom
557230,21980,PACK OF 12 RED RETROSPOT TISSUES ,24,2011-06-17 13:57:00,0.29,15181.0,United Kingdom
557230,22740,POLKADOT PEN,48,2011-06-17 13:57:00,0.85,15181.0,United Kingdom
557230,22759,SET OF 3 NOTEBOOKS IN PARCEL,24,2011-06-17 13:57:00,1.65,15181.0,United Kingdom
557231,21327,SKULLS WRITING SET ,2,2011-06-17 14:09:00,2.46,,United Kingdom
557231,21329,DINOSAURS  WRITING SET ,1,2011-06-17 14:09:00,3.29,,United Kingdom
557231,21452,TOADSTOOL MONEY BOX,1,2011-06-17 14:09:00,4.96,,United Kingdom
557231,21484,CHICK GREY HOT WATER BOTTLE,1,2011-06-17 14:09:00,8.29,,United Kingdom
557231,21556,CERAMIC STRAWBERRY MONEY BOX,1,2011-06-17 14:09:00,4.13,,United Kingdom
557231,21670,BLUE SPOT CERAMIC DRAWER KNOB,4,2011-06-17 14:09:00,3.29,,United Kingdom
557231,21714,CITRONELLA CANDLE GARDEN POT,11,2011-06-17 14:09:00,2.46,,United Kingdom
557231,21912,VINTAGE SNAKES & LADDERS,2,2011-06-17 14:09:00,7.46,,United Kingdom
557231,21934,SKULL SHOULDER BAG,3,2011-06-17 14:09:00,3.29,,United Kingdom
557231,22068,BLACK PIRATE TREASURE CHEST,1,2011-06-17 14:09:00,4.13,,United Kingdom
557231,22112,CHOCOLATE HOT WATER BOTTLE,2,2011-06-17 14:09:00,12.46,,United Kingdom
557231,22327,ROUND SNACK BOXES SET OF 4 SKULLS,1,2011-06-17 14:09:00,6.63,,United Kingdom
557231,22328,ROUND SNACK BOXES SET OF 4 FRUITS ,2,2011-06-17 14:09:00,4.13,,United Kingdom
557231,22355,CHARLOTTE BAG SUKI DESIGN,51,2011-06-17 14:09:00,2.46,,United Kingdom
557231,22356,CHARLOTTE BAG PINK POLKADOT,6,2011-06-17 14:09:00,2.46,,United Kingdom
557231,22367,CHILDRENS APRON SPACEBOY DESIGN,2,2011-06-17 14:09:00,4.96,,United Kingdom
557231,22377,BOTTLE BAG RETROSPOT ,2,2011-06-17 14:09:00,4.13,,United Kingdom
557231,22383,LUNCH BAG SUKI DESIGN ,8,2011-06-17 14:09:00,4.96,,United Kingdom
557231,22417,PACK OF 60 SPACEBOY CAKE CASES,3,2011-06-17 14:09:00,2.08,,United Kingdom
557231,22423,REGENCY CAKESTAND 3 TIER,4,2011-06-17 14:09:00,24.96,,United Kingdom
557231,22631,CIRCUS PARADE LUNCH BOX ,4,2011-06-17 14:09:00,3.29,,United Kingdom
557231,22645,CERAMIC HEART FAIRY CAKE MONEY BANK,3,2011-06-17 14:09:00,4.13,,United Kingdom
557231,22666,RECIPE BOX PANTRY YELLOW DESIGN,4,2011-06-17 14:09:00,6.63,,United Kingdom
557231,22835,HOT WATER BOTTLE I AM SO POORLY,2,2011-06-17 14:09:00,7.46,,United Kingdom
557231,22898,CHILDRENS APRON APPLES DESIGN,2,2011-06-17 14:09:00,4.96,,United Kingdom
557231,23204,CHARLOTTE BAG APPLES DESIGN,9,2011-06-17 14:09:00,2.46,,United Kingdom
557231,23205,CHARLOTTE BAG VINTAGE ALPHABET ,3,2011-06-17 14:09:00,2.46,,United Kingdom
557231,23206,LUNCH BAG APPLE DESIGN,2,2011-06-17 14:09:00,4.96,,United Kingdom
557231,23298,SPOTTY BUNTING,25,2011-06-17 14:09:00,10.79,,United Kingdom
557231,47566,PARTY BUNTING,37,2011-06-17 14:09:00,10.79,,United Kingdom
557231,48187,DOORMAT NEW ENGLAND,1,2011-06-17 14:09:00,12.46,,United Kingdom
557231,79321,CHILLI LIGHTS,7,2011-06-17 14:09:00,12.46,,United Kingdom
557231,82583,HOT BATHS METAL SIGN,10,2011-06-17 14:09:00,4.96,,United Kingdom
557231,84029E,RED WOOLLY HOTTIE WHITE HEART.,1,2011-06-17 14:09:00,7.46,,United Kingdom
557231,84031B,CHARLIE LOLA BLUE HOT WATER BOTTLE ,1,2011-06-17 14:09:00,9.13,,United Kingdom
557231,84692,BOX OF 24 COCKTAIL PARASOLS,1,2011-06-17 14:09:00,1.63,,United Kingdom
557231,84997c,CHILDRENS CUTLERY POLKADOT BLUE,2,2011-06-17 14:09:00,8.29,,United Kingdom
557231,84997d,CHILDRENS CUTLERY POLKADOT PINK,4,2011-06-17 14:09:00,8.29,,United Kingdom
557231,85049g,CHOCOLATE BOX RIBBONS ,2,2011-06-17 14:09:00,2.46,,United Kingdom
557231,20675,BLUE POLKADOT BOWL,1,2011-06-17 14:09:00,2.46,,United Kingdom
557231,20677,PINK POLKADOT BOWL,7,2011-06-17 14:09:00,2.46,,United Kingdom
557231,20719,WOODLAND CHARLOTTE BAG,12,2011-06-17 14:09:00,2.46,,United Kingdom
557231,20723,STRAWBERRY CHARLOTTE BAG,10,2011-06-17 14:09:00,2.46,,United Kingdom
557231,20724,RED RETROSPOT CHARLOTTE BAG,23,2011-06-17 14:09:00,2.46,,United Kingdom
557231,20725,LUNCH BAG RED RETROSPOT,21,2011-06-17 14:09:00,4.96,,United Kingdom
557231,20726,LUNCH BAG WOODLAND,3,2011-06-17 14:09:00,4.96,,United Kingdom
557231,20727,LUNCH BAG  BLACK SKULL.,5,2011-06-17 14:09:00,4.96,,United Kingdom
557231,20728,LUNCH BAG CARS BLUE,8,2011-06-17 14:09:00,4.96,,United Kingdom
557231,20961,STRAWBERRY BATH SPONGE ,3,2011-06-17 14:09:00,2.46,,United Kingdom
557231,20966,SANDWICH BATH SPONGE,2,2011-06-17 14:09:00,2.46,,United Kingdom
557231,21041,RED RETROSPOT OVEN GLOVE DOUBLE,3,2011-06-17 14:09:00,6.63,,United Kingdom
557231,21154,RED RETROSPOT OVEN GLOVE ,2,2011-06-17 14:09:00,3.29,,United Kingdom
557231,21155,RED RETROSPOT PEG BAG,5,2011-06-17 14:09:00,4.96,,United Kingdom
557231,21212,PACK OF 72 RETROSPOT CAKE CASES,19,2011-06-17 14:09:00,2.08,,United Kingdom
557231,21213,PACK OF 72 SKULL CAKE CASES,4,2011-06-17 14:09:00,2.08,,United Kingdom
557231,21232,STRAWBERRY CERAMIC TRINKET BOX,15,2011-06-17 14:09:00,3.29,,United Kingdom
557231,21239,PINK  POLKADOT CUP,4,2011-06-17 14:09:00,1.63,,United Kingdom
557231,21243,PINK  POLKADOT PLATE ,4,2011-06-17 14:09:00,3.29,,United Kingdom
557232,22326,ROUND SNACK BOXES SET OF4 WOODLAND ,12,2011-06-17 14:28:00,2.95,12463.0,Belgium
557232,23190,BUNDLE OF 3 SCHOOL EXERCISE BOOKS  ,12,2011-06-17 14:28:00,1.65,12463.0,Belgium
557232,21990,MODERN FLORAL STATIONERY SET,12,2011-06-17 14:28:00,1.25,12463.0,Belgium
557232,84596F,SMALL MARSHMALLOWS PINK BOWL,16,2011-06-17 14:28:00,0.42,12463.0,Belgium
557232,85032B,BLOSSOM IMAGES GIFT WRAP SET,12,2011-06-17 14:28:00,0.65,12463.0,Belgium
557232,85017B,ENVELOPE 50 BLOSSOM IMAGES,12,2011-06-17 14:28:00,0.42,12463.0,Belgium
557232,23245,SET OF 3 REGENCY CAKE TINS,4,2011-06-17 14:28:00,4.95,12463.0,Belgium
557232,23240,SET OF 4 KNICK KNACK TINS DOILEY ,6,2011-06-17 14:28:00,4.15,12463.0,Belgium
557232,23289,DOLLY GIRL CHILDRENS BOWL,8,2011-06-17 14:28:00,1.25,12463.0,Belgium
557232,23290,SPACEBOY CHILDRENS BOWL,8,2011-06-17 14:28:00,1.25,12463.0,Belgium
557232,23291,DOLLY GIRL CHILDRENS CUP,8,2011-06-17 14:28:00,1.25,12463.0,Belgium
557232,23292,SPACE BOY CHILDRENS CUP,8,2011-06-17 14:28:00,1.25,12463.0,Belgium
557232,23203,JUMBO BAG DOILEY PATTERNS,10,2011-06-17 14:28:00,2.08,12463.0,Belgium
557232,20914,SET/5 RED RETROSPOT LID GLASS BOWLS,6,2011-06-17 14:28:00,2.95,12463.0,Belgium
557232,20726,LUNCH BAG WOODLAND,10,2011-06-17 14:28:00,1.65,12463.0,Belgium
557232,21880,RED RETROSPOT TAPE,12,2011-06-17 14:28:00,0.65,12463.0,Belgium
557232,21881,CUTE CATS TAPE,12,2011-06-17 14:28:00,0.65,12463.0,Belgium
557232,21883,STARS GIFT TAPE ,12,2011-06-17 14:28:00,0.65,12463.0,Belgium
557232,22374,AIRLINE BAG VINTAGE JET SET RED,4,2011-06-17 14:28:00,4.25,12463.0,Belgium
557232,23281,FOLDING BUTTERFLY MIRROR RED  ,12,2011-06-17 14:28:00,0.83,12463.0,Belgium
557232,85173,SET/6 FROG PRINCE T-LIGHT CANDLES,6,2011-06-17 14:28:00,2.55,12463.0,Belgium
557232,84596L,BISCUITS SMALL BOWL LIGHT BLUE,16,2011-06-17 14:28:00,0.42,12463.0,Belgium
557232,POST,POSTAGE,2,2011-06-17 14:28:00,18.0,12463.0,Belgium
557233,20724,RED RETROSPOT CHARLOTTE BAG,4,2011-06-17 14:44:00,0.85,15356.0,United Kingdom
557233,22356,CHARLOTTE BAG PINK POLKADOT,4,2011-06-17 14:44:00,0.85,15356.0,United Kingdom
557233,20728,LUNCH BAG CARS BLUE,4,2011-06-17 14:44:00,1.65,15356.0,United Kingdom
557233,20723,STRAWBERRY CHARLOTTE BAG,5,2011-06-17 14:44:00,0.85,15356.0,United Kingdom
557233,22661,CHARLOTTE BAG DOLLY GIRL DESIGN,10,2011-06-17 14:44:00,0.85,15356.0,United Kingdom
557233,20717,STRAWBERRY SHOPPER BAG,4,2011-06-17 14:44:00,1.25,15356.0,United Kingdom
557233,21935,SUKI  SHOULDER BAG,5,2011-06-17 14:44:00,1.65,15356.0,United Kingdom
557233,20727,LUNCH BAG  BLACK SKULL.,6,2011-06-17 14:44:00,1.65,15356.0,United Kingdom
557233,20713,JUMBO BAG OWLS,5,2011-06-17 14:44:00,2.08,15356.0,United Kingdom
557233,22385,JUMBO BAG SPACEBOY DESIGN,4,2011-06-17 14:44:00,2.08,15356.0,United Kingdom
557233,23201,JUMBO BAG ALPHABET,5,2011-06-17 14:44:00,2.08,15356.0,United Kingdom
557233,21033,JUMBO BAG CHARLIE AND LOLA TOYS,2,2011-06-17 14:44:00,2.08,15356.0,United Kingdom
557233,22382,LUNCH BAG SPACEBOY DESIGN ,10,2011-06-17 14:44:00,1.65,15356.0,United Kingdom
557233,23206,LUNCH BAG APPLE DESIGN,4,2011-06-17 14:44:00,1.65,15356.0,United Kingdom
557233,23209,LUNCH BAG DOILEY PATTERN ,3,2011-06-17 14:44:00,1.65,15356.0,United Kingdom
557233,23204,CHARLOTTE BAG APPLES DESIGN,2,2011-06-17 14:44:00,0.85,15356.0,United Kingdom
557233,22662,LUNCH BAG DOLLY GIRL DESIGN,10,2011-06-17 14:44:00,1.65,15356.0,United Kingdom
557233,21930,JUMBO STORAGE BAG SKULLS,3,2011-06-17 14:44:00,2.08,15356.0,United Kingdom
557233,23200,JUMBO BAG PEARS,3,2011-06-17 14:44:00,2.08,15356.0,United Kingdom
557233,47566,PARTY BUNTING,2,2011-06-17 14:44:00,4.95,15356.0,United Kingdom
557233,47566B,TEA TIME PARTY BUNTING,2,2011-06-17 14:44:00,4.95,15356.0,United Kingdom
557233,23298,SPOTTY BUNTING,2,2011-06-17 14:44:00,4.95,15356.0,United Kingdom
557233,23309,SET OF 60 I LOVE LONDON CAKE CASES ,3,2011-06-17 14:44:00,0.55,15356.0,United Kingdom
557233,22616,PACK OF 12 LONDON TISSUES ,12,2011-06-17 14:44:00,0.29,15356.0,United Kingdom
557233,82494L,WOODEN FRAME ANTIQUE WHITE ,3,2011-06-17 14:44:00,2.95,15356.0,United Kingdom
557233,82482,WOODEN PICTURE FRAME WHITE FINISH,3,2011-06-17 14:44:00,2.55,15356.0,United Kingdom
557233,22923,FRIDGE MAGNETS LES ENFANTS ASSORTED,12,2011-06-17 14:44:00,0.85,15356.0,United Kingdom
557233,23147,SINGLE ANTIQUE ROSE HOOK IVORY,3,2011-06-17 14:44:00,1.45,15356.0,United Kingdom
557233,23146,TRIPLE HOOK ANTIQUE IVORY ROSE,2,2011-06-17 14:44:00,3.29,15356.0,United Kingdom
557233,84849D,HOT BATHS SOAP HOLDER,7,2011-06-17 14:44:00,1.69,15356.0,United Kingdom
557233,22726,ALARM CLOCK BAKELIKE GREEN,4,2011-06-17 14:44:00,3.75,15356.0,United Kingdom
557233,22729,ALARM CLOCK BAKELIKE ORANGE,2,2011-06-17 14:44:00,3.75,15356.0,United Kingdom
557233,22725,ALARM CLOCK BAKELIKE CHOCOLATE,3,2011-06-17 14:44:00,3.75,15356.0,United Kingdom
557233,22727,ALARM CLOCK BAKELIKE RED ,3,2011-06-17 14:44:00,3.75,15356.0,United Kingdom
557233,22728,ALARM CLOCK BAKELIKE PINK,1,2011-06-17 14:44:00,3.75,15356.0,United Kingdom
557233,22730,ALARM CLOCK BAKELIKE IVORY,1,2011-06-17 14:44:00,3.75,15356.0,United Kingdom
557233,23191,BUNDLE OF 3 RETRO NOTE BOOKS,3,2011-06-17 14:44:00,1.65,15356.0,United Kingdom
557233,23192,BUNDLE OF 3 ALPHABET EXERCISE BOOKS,2,2011-06-17 14:44:00,1.65,15356.0,United Kingdom
557233,23190,BUNDLE OF 3 SCHOOL EXERCISE BOOKS  ,3,2011-06-17 14:44:00,1.65,15356.0,United Kingdom
557233,23242,TREASURE TIN BUFFALO BILL ,2,2011-06-17 14:44:00,2.08,15356.0,United Kingdom
557233,23241,TREASURE TIN GYMKHANA DESIGN,2,2011-06-17 14:44:00,2.08,15356.0,United Kingdom
557233,82551,LAUNDRY 15C METAL SIGN,1,2011-06-17 14:44:00,1.45,15356.0,United Kingdom
557233,82583,HOT BATHS METAL SIGN,5,2011-06-17 14:44:00,2.1,15356.0,United Kingdom
557233,85152,HAND OVER THE CHOCOLATE   SIGN ,4,2011-06-17 14:44:00,2.1,15356.0,United Kingdom
557233,82600,NO SINGING METAL SIGN,2,2011-06-17 14:44:00,2.1,15356.0,United Kingdom
557233,21175,GIN + TONIC DIET METAL SIGN,2,2011-06-17 14:44:00,2.55,15356.0,United Kingdom
557233,21166,COOK WITH WINE METAL SIGN ,4,2011-06-17 14:44:00,2.08,15356.0,United Kingdom
557233,21169,YOU'RE CONFUSING ME METAL SIGN ,4,2011-06-17 14:44:00,1.69,15356.0,United Kingdom
557233,22413,METAL SIGN TAKE IT OR LEAVE IT ,3,2011-06-17 14:44:00,2.95,15356.0,United Kingdom
557233,22631,CIRCUS PARADE LUNCH BOX ,1,2011-06-17 14:44:00,1.95,15356.0,United Kingdom
557233,22630,DOLLY GIRL LUNCH BOX,5,2011-06-17 14:44:00,1.95,15356.0,United Kingdom
557233,22629,SPACEBOY LUNCH BOX ,1,2011-06-17 14:44:00,1.95,15356.0,United Kingdom
557233,22659,LUNCH BOX I LOVE LONDON,1,2011-06-17 14:44:00,1.95,15356.0,United Kingdom
557233,22629,SPACEBOY LUNCH BOX ,2,2011-06-17 14:44:00,1.95,15356.0,United Kingdom
557233,22560,TRADITIONAL MODELLING CLAY,3,2011-06-17 14:44:00,1.25,15356.0,United Kingdom
557233,22561,WOODEN SCHOOL COLOURING SET,3,2011-06-17 14:44:00,1.65,15356.0,United Kingdom
557233,22489,PACK OF 12 TRADITIONAL CRAYONS,4,2011-06-17 14:44:00,0.42,15356.0,United Kingdom
557233,22998,TRAVEL CARD WALLET KEEP CALM,12,2011-06-17 14:44:00,0.42,15356.0,United Kingdom
557233,23005,TRAVEL CARD WALLET I LOVE LONDON,10,2011-06-17 14:44:00,0.42,15356.0,United Kingdom
557233,22999,TRAVEL CARD WALLET RETRO PETALS,4,2011-06-17 14:44:00,0.42,15356.0,United Kingdom
557233,22997,TRAVEL CARD WALLET UNION JACK,5,2011-06-17 14:44:00,0.42,15356.0,United Kingdom
557233,22995,TRAVEL CARD WALLET SUKI,13,2011-06-17 14:44:00,0.42,15356.0,United Kingdom
557233,23002,TRAVEL CARD WALLET SKULLS,6,2011-06-17 14:44:00,0.42,15356.0,United Kingdom
557233,23006,TRAVEL CARD WALLET FLOWER MEADOW,4,2011-06-17 14:44:00,0.42,15356.0,United Kingdom
557235,22604,SET OF 4 NAPKIN CHARMS CUTLERY,6,2011-06-17 14:45:00,2.55,17204.0,United Kingdom
557235,22639,SET OF 4 NAPKIN CHARMS HEARTS,6,2011-06-17 14:45:00,2.55,17204.0,United Kingdom
557235,23094,LE GRAND TRAY CHIC SET,2,2011-06-17 14:45:00,12.5,17204.0,United Kingdom
557235,22456,NATURAL SLATE CHALKBOARD LARGE ,3,2011-06-17 14:45:00,4.95,17204.0,United Kingdom
557235,22849,BREAD BIN DINER STYLE MINT,1,2011-06-17 14:45:00,16.95,17204.0,United Kingdom
557235,20914,SET/5 RED RETROSPOT LID GLASS BOWLS,12,2011-06-17 14:45:00,2.95,17204.0,United Kingdom
557235,21121,SET/10 RED POLKADOT PARTY CANDLES,24,2011-06-17 14:45:00,1.25,17204.0,United Kingdom
557235,21122,SET/10 PINK POLKADOT PARTY CANDLES,24,2011-06-17 14:45:00,1.25,17204.0,United Kingdom
557235,21124,SET/10 BLUE POLKADOT PARTY CANDLES,24,2011-06-17 14:45:00,1.25,17204.0,United Kingdom
557235,47590B,PINK HAPPY BIRTHDAY BUNTING,3,2011-06-17 14:45:00,5.45,17204.0,United Kingdom
557235,47590A,BLUE HAPPY BIRTHDAY BUNTING,3,2011-06-17 14:45:00,5.45,17204.0,United Kingdom
557237,22847,BREAD BIN DINER STYLE IVORY,2,2011-06-17 14:46:00,16.95,17204.0,United Kingdom
557237,23124,18PC WOODEN CUTLERY SET DISPOSABLE,16,2011-06-17 14:46:00,1.25,17204.0,United Kingdom
557237,23125,6PC WOOD PLATE SET DISPOSABLE,12,2011-06-17 14:46:00,1.25,17204.0,United Kingdom
557247,23175,REGENCY MILK JUG PINK ,12,2011-06-17 15:09:00,3.25,12731.0,France
557247,23173,REGENCY TEAPOT ROSES ,12,2011-06-17 15:09:00,8.15,12731.0,France
557247,23174,REGENCY SUGAR BOWL GREEN,12,2011-06-17 15:09:00,4.15,12731.0,France
557247,22423,REGENCY CAKESTAND 3 TIER,16,2011-06-17 15:09:00,10.95,12731.0,France
557247,84879,ASSORTED COLOUR BIRD ORNAMENT,160,2011-06-17 15:09:00,1.45,12731.0,France
557247,22203,MILK PAN RED RETROSPOT,12,2011-06-17 15:09:00,3.75,12731.0,France
557247,22558,CLOTHES PEGS RETROSPOT PACK 24 ,48,2011-06-17 15:09:00,1.45,12731.0,France
557247,22029,SPACEBOY BIRTHDAY CARD,12,2011-06-17 15:09:00,0.42,12731.0,France
557247,22712,CARD DOLLY GIRL ,12,2011-06-17 15:09:00,0.42,12731.0,France
557247,23007, SPACEBOY BABY GIFT SET,6,2011-06-17 15:09:00,14.95,12731.0,France
557247,23010,CIRCUS PARADE BABY GIFT SET,6,2011-06-17 15:09:00,14.95,12731.0,France
557247,23008,DOLLY GIRL BABY GIFT SET,6,2011-06-17 15:09:00,14.95,12731.0,France
557247,22745,POPPY'S PLAYHOUSE BEDROOM ,24,2011-06-17 15:09:00,2.1,12731.0,France
557247,22747,POPPY'S PLAYHOUSE BATHROOM,24,2011-06-17 15:09:00,2.1,12731.0,France
557247,22748,POPPY'S PLAYHOUSE KITCHEN,24,2011-06-17 15:09:00,2.1,12731.0,France
557247,22746,POPPY'S PLAYHOUSE LIVINGROOM ,24,2011-06-17 15:09:00,2.1,12731.0,France
557247,21915,RED  HARMONICA IN BOX ,24,2011-06-17 15:09:00,1.25,12731.0,France
557247,21914,BLUE HARMONICA IN BOX ,24,2011-06-17 15:09:00,1.25,12731.0,France
557247,22352,LUNCH BOX WITH CUTLERY RETROSPOT ,12,2011-06-17 15:09:00,2.55,12731.0,France
557247,22629,SPACEBOY LUNCH BOX ,12,2011-06-17 15:09:00,1.95,12731.0,France
557247,22630,DOLLY GIRL LUNCH BOX,12,2011-06-17 15:09:00,1.95,12731.0,France
557247,20725,LUNCH BAG RED RETROSPOT,20,2011-06-17 15:09:00,1.65,12731.0,France
557248,21731,RED TOADSTOOL LED NIGHT LIGHT,12,2011-06-17 15:22:00,1.65,14491.0,United Kingdom
557248,21715,GIRLS VINTAGE TIN SEASIDE BUCKET,8,2011-06-17 15:22:00,2.55,14491.0,United Kingdom
557248,21716,BOYS VINTAGE TIN SEASIDE BUCKET,8,2011-06-17 15:22:00,2.55,14491.0,United Kingdom
557248,21718,RED METAL BEACH SPADE ,12,2011-06-17 15:22:00,1.25,14491.0,United Kingdom
557248,22169,FAMILY ALBUM WHITE PICTURE FRAME,2,2011-06-17 15:22:00,8.5,14491.0,United Kingdom
557248,22485,SET OF 2 WOODEN MARKET CRATES,2,2011-06-17 15:22:00,12.75,14491.0,United Kingdom
557248,21621,VINTAGE UNION JACK BUNTING,2,2011-06-17 15:22:00,8.5,14491.0,United Kingdom
557248,21878,PACK OF 6 SANDCASTLE FLAGS ASSORTED,12,2011-06-17 15:22:00,0.85,14491.0,United Kingdom
557248,84279P,CHERRY BLOSSOM  DECORATIVE FLASK,4,2011-06-17 15:22:00,3.75,14491.0,United Kingdom
557248,22970,LONDON BUS COFFEE MUG,6,2011-06-17 15:22:00,2.55,14491.0,United Kingdom
557248,22971,QUEENS GUARD COFFEE MUG,6,2011-06-17 15:22:00,2.55,14491.0,United Kingdom
557248,22526,WHEELBARROW FOR CHILDREN ,1,2011-06-17 15:22:00,12.75,14491.0,United Kingdom
557248,23000,TRAVEL CARD WALLET TRANSPORT,24,2011-06-17 15:22:00,0.42,14491.0,United Kingdom
C557249,84816,DANISH ROSE BEDSIDE CABINET,-2,2011-06-17 15:34:00,39.95,16817.0,United Kingdom
C557249,84687,BEACH HUT SHELF W 3 DRAWERS,-2,2011-06-17 15:34:00,5.95,16817.0,United Kingdom
C557249,23300,GARDENERS KNEELING PAD CUP OF TEA ,-6,2011-06-17 15:34:00,1.65,16817.0,United Kingdom
557250,16008,SMALL FOLDING SCISSOR(POINTED EDGE),1,2011-06-17 15:59:00,0.25,12748.0,United Kingdom
557250,23028,DRAWER KNOB CRACKLE GLAZE BLUE,3,2011-06-17 15:59:00,1.65,12748.0,United Kingdom
557250,23029,DRAWER KNOB CRACKLE GLAZE GREEN,3,2011-06-17 15:59:00,1.65,12748.0,United Kingdom
557250,23031,DRAWER KNOB CRACKLE GLAZE PINK,2,2011-06-17 15:59:00,1.65,12748.0,United Kingdom
557250,23032,DRAWER KNOB CRACKLE GLAZE IVORY,3,2011-06-17 15:59:00,1.65,12748.0,United Kingdom
557250,84686,BEACH HUT MIRROR,1,2011-06-17 15:59:00,4.25,12748.0,United Kingdom
557250,21794,CLASSIC FRENCH STYLE BASKET NATURAL,1,2011-06-17 15:59:00,3.95,12748.0,United Kingdom
557250,22825,DECORATIVE PLANT POT WITH FRIEZE,1,2011-06-17 15:59:00,7.95,12748.0,United Kingdom
557250,84879,ASSORTED COLOUR BIRD ORNAMENT,1,2011-06-17 15:59:00,1.69,12748.0,United Kingdom
557250,22077,6 RIBBONS RUSTIC CHARM,1,2011-06-17 15:59:00,1.65,12748.0,United Kingdom
557250,22917,HERB MARKER ROSEMARY,1,2011-06-17 15:59:00,0.65,12748.0,United Kingdom
557250,22917,HERB MARKER ROSEMARY,1,2011-06-17 15:59:00,0.65,12748.0,United Kingdom
557250,22919,HERB MARKER MINT,1,2011-06-17 15:59:00,0.65,12748.0,United Kingdom
557250,22916,HERB MARKER THYME,1,2011-06-17 15:59:00,0.65,12748.0,United Kingdom
557250,22918,HERB MARKER PARSLEY,1,2011-06-17 15:59:00,0.65,12748.0,United Kingdom
557250,22920,HERB MARKER BASIL,1,2011-06-17 15:59:00,0.65,12748.0,United Kingdom
557250,22082,RIBBON REEL STRIPES DESIGN ,1,2011-06-17 15:59:00,1.65,12748.0,United Kingdom
557250,23104,IVORY CAFE HANGING LAMP ,2,2011-06-17 15:59:00,12.5,12748.0,United Kingdom
557251,22333,RETROSPOT PARTY BAG + STICKER SET,3,2011-06-17 16:07:00,1.65,14085.0,United Kingdom
557251,22331,WOODLAND PARTY BAG + STICKER SET,3,2011-06-17 16:07:00,1.65,14085.0,United Kingdom
557251,22436,12 COLOURED PARTY BALLOONS,10,2011-06-17 16:07:00,0.65,14085.0,United Kingdom
557251,22814,CARD PARTY GAMES ,24,2011-06-17 16:07:00,0.42,14085.0,United Kingdom
557251,22983,CARD BILLBOARD FONT,24,2011-06-17 16:07:00,0.42,14085.0,United Kingdom
557251,22037,ROBOT BIRTHDAY CARD,24,2011-06-17 16:07:00,0.42,14085.0,United Kingdom
557251,21504,SKULLS GREETING CARD,24,2011-06-17 16:07:00,0.42,14085.0,United Kingdom
557251,21506,"FANCY FONT BIRTHDAY CARD, ",24,2011-06-17 16:07:00,0.42,14085.0,United Kingdom
557251,21063,PARTY INVITES JAZZ HEARTS,2,2011-06-17 16:07:00,0.85,14085.0,United Kingdom
557251,21062,PARTY INVITES SPACEMAN,5,2011-06-17 16:07:00,0.85,14085.0,United Kingdom
557251,21059,PARTY INVITES DINOSAURS,2,2011-06-17 16:07:00,0.85,14085.0,United Kingdom
557251,21495,SKULLS AND CROSSBONES WRAP,50,2011-06-17 16:07:00,0.42,14085.0,United Kingdom
557251,22985,WRAP BILLBOARD FONTS DESIGN,25,2011-06-17 16:07:00,0.42,14085.0,United Kingdom
557251,21497,FANCY FONTS BIRTHDAY WRAP,50,2011-06-17 16:07:00,0.42,14085.0,United Kingdom
557251,21498,RED RETROSPOT WRAP ,50,2011-06-17 16:07:00,0.42,14085.0,United Kingdom
557252,22822,CREAM WALL PLANTER HEART SHAPED,2,2011-06-17 16:23:00,5.95,17961.0,United Kingdom
557253,23081,GREEN METAL BOX ARMY SUPPLIES,1,2011-06-17 16:30:00,8.25,,United Kingdom
557253,11001,ASSTD DESIGN RACING CAR PEN,2,2011-06-17 16:30:00,1.69,,United Kingdom
557254,23300,GARDENERS KNEELING PAD CUP OF TEA ,1,2011-06-17 17:30:00,1.65,,United Kingdom
557254,21707,FOLDING UMBRELLA BLACKBLUE POLKADOT,1,2011-06-17 17:30:00,4.95,,United Kingdom
