InvoiceNo,StockCode,Description,Quantity,InvoiceDate,UnitPrice,CustomerID,Country
547834,22622,BOX OF VINTAGE ALPHABET BLOCKS,24,2011-03-27 10:16:00,8.5,17937.0,United Kingdom
547834,21791,VINTAGE HEADS AND TAILS CARD GAME ,24,2011-03-27 10:16:00,1.25,17937.0,United Kingdom
547834,21915,RED  HARMONICA IN BOX ,60,2011-03-27 10:16:00,1.25,17937.0,United Kingdom
547834,22489,PACK OF 12 TRADITIONAL CRAYONS,60,2011-03-27 10:16:00,0.36,17937.0,United Kingdom
547834,22561,WOODEN SCHOOL COLOURING SET,60,2011-03-27 10:16:00,1.65,17937.0,United Kingdom
547834,22635,CHILDS BREAKFAST SET DOLLY GIRL ,12,2011-03-27 10:16:00,8.5,17937.0,United Kingdom
547834,22634,CHILDS BREAKFAST SET SPACEBOY ,12,2011-03-27 10:16:00,8.5,17937.0,United Kingdom
547835,22423,REGENCY CAKESTAND 3 TIER,32,2011-03-27 10:18:00,10.95,15465.0,United Kingdom
547835,21524,DOORMAT SPOTTY HOME SWEET HOME,10,2011-03-27 10:18:00,6.75,15465.0,United Kingdom
547835,21623,VINTAGE UNION JACK MEMOBOARD,2,2011-03-27 10:18:00,9.95,15465.0,United Kingdom
547835,22499,WOODEN UNION JACK BUNTING,4,2011-03-27 10:18:00,5.95,15465.0,United Kingdom
547835,48111,DOORMAT 3 SMILEY CATS,3,2011-03-27 10:18:00,7.95,15465.0,United Kingdom
C547836,22423,REGENCY CAKESTAND 3 TIER,-9,2011-03-27 10:19:00,10.95,15465.0,United Kingdom
547837,82484,WOOD BLACK BOARD ANT WHITE FINISH,4,2011-03-27 10:26:00,7.9,17243.0,United Kingdom
547837,20967,GREY FLORAL FELTCRAFT SHOULDER BAG,3,2011-03-27 10:26:00,3.75,17243.0,United Kingdom
547837,20970,PINK FLORAL FELTCRAFT SHOULDER BAG,2,2011-03-27 10:26:00,3.75,17243.0,United Kingdom
547837,22835,HOT WATER BOTTLE I AM SO POORLY,5,2011-03-27 10:26:00,4.65,17243.0,United Kingdom
547837,22112,CHOCOLATE HOT WATER BOTTLE,4,2011-03-27 10:26:00,4.95,17243.0,United Kingdom
547837,85123A,WHITE HANGING HEART T-LIGHT HOLDER,7,2011-03-27 10:26:00,2.95,17243.0,United Kingdom
547837,20829,GLITTER HANGING BUTTERFLY STRING,6,2011-03-27 10:26:00,2.1,17243.0,United Kingdom
547837,82486,WOOD S/3 CABINET ANT WHITE FINISH,4,2011-03-27 10:26:00,8.95,17243.0,United Kingdom
547837,82494L,WOODEN FRAME ANTIQUE WHITE ,6,2011-03-27 10:26:00,2.95,17243.0,United Kingdom
547837,21647,ASSORTED TUTTI FRUTTI LARGE PURSE,12,2011-03-27 10:26:00,2.1,17243.0,United Kingdom
547837,85194L,HANGING SPRING FLOWER EGG LARGE,36,2011-03-27 10:26:00,0.85,17243.0,United Kingdom
547837,21383,PACK OF 12 STICKY BUNNIES,15,2011-03-27 10:26:00,0.65,17243.0,United Kingdom
547837,22241,GARLAND WOODEN HAPPY EASTER,12,2011-03-27 10:26:00,1.25,17243.0,United Kingdom
547837,84218,BOX/12 CHICK & EGG IN BASKET,3,2011-03-27 10:26:00,1.95,17243.0,United Kingdom
C547838,84949,SILVER HANGING T-LIGHT HOLDER,-6,2011-03-27 10:47:00,1.65,12916.0,United Kingdom
C547838,82483,WOOD 2 DRAWER CABINET WHITE FINISH,-2,2011-03-27 10:47:00,6.95,12916.0,United Kingdom
547839,85066,CREAM SWEETHEART MINI CHEST,6,2011-03-27 10:54:00,12.75,12916.0,United Kingdom
547839,82483,WOOD 2 DRAWER CABINET WHITE FINISH,6,2011-03-27 10:54:00,6.95,12916.0,United Kingdom
547839,82486,WOOD S/3 CABINET ANT WHITE FINISH,8,2011-03-27 10:54:00,8.95,12916.0,United Kingdom
547839,82494L,WOODEN FRAME ANTIQUE WHITE ,12,2011-03-27 10:54:00,2.95,12916.0,United Kingdom
547839,21428,SET3 BOOK BOX GREEN GINGHAM FLOWER ,4,2011-03-27 10:54:00,4.25,12916.0,United Kingdom
547839,82482,WOODEN PICTURE FRAME WHITE FINISH,12,2011-03-27 10:54:00,2.55,12916.0,United Kingdom
547839,84946,ANTIQUE SILVER T-LIGHT GLASS,18,2011-03-27 10:54:00,1.25,12916.0,United Kingdom
547839,21430,SET/3 RED GINGHAM ROSE STORAGE BOX,6,2011-03-27 10:54:00,3.75,12916.0,United Kingdom
547839,21647,ASSORTED TUTTI FRUTTI LARGE PURSE,12,2011-03-27 10:54:00,2.1,12916.0,United Kingdom
547839,85175,CACTI T-LIGHT CANDLES,64,2011-03-27 10:54:00,0.42,12916.0,United Kingdom
547839,22789,T-LIGHT HOLDER SWEETHEART HANGING,8,2011-03-27 10:54:00,1.95,12916.0,United Kingdom
547839,21644,ASSORTED TUTTI FRUTTI HEART BOX,12,2011-03-27 10:54:00,1.25,12916.0,United Kingdom
547839,21648,ASSORTED TUTTI FRUTTI SMALL PURSE,24,2011-03-27 10:54:00,1.25,12916.0,United Kingdom
547839,21638,ASSORTED TUTTI FRUTTI NOTEBOOK,6,2011-03-27 10:54:00,2.1,12916.0,United Kingdom
547839,84949,SILVER HANGING T-LIGHT HOLDER,24,2011-03-27 10:54:00,1.65,12916.0,United Kingdom
547839,22851,SET 20 NAPKINS FAIRY CAKES DESIGN ,12,2011-03-27 10:54:00,0.85,12916.0,United Kingdom
547839,22189,CREAM HEART CARD HOLDER,10,2011-03-27 10:54:00,3.95,12916.0,United Kingdom
547839,22776,SWEETHEART CAKESTAND 3 TIER,2,2011-03-27 10:54:00,9.95,12916.0,United Kingdom
547839,22794,SWEETHEART WIRE MAGAZINE RACK,2,2011-03-27 10:54:00,7.95,12916.0,United Kingdom
547839,85123A,WHITE HANGING HEART T-LIGHT HOLDER,32,2011-03-27 10:54:00,2.55,12916.0,United Kingdom
547840,84951B,SET OF 4 BLACK LOVEBIRD COASTERS,60,2011-03-27 10:56:00,1.25,15133.0,United Kingdom
547840,22150,3 STRIPEY MICE FELTCRAFT,12,2011-03-27 10:56:00,1.95,15133.0,United Kingdom
547840,22149,FELTCRAFT 6 FLOWER FRIENDS,40,2011-03-27 10:56:00,1.85,15133.0,United Kingdom
547840,22271,FELTCRAFT DOLL ROSIE,12,2011-03-27 10:56:00,2.95,15133.0,United Kingdom
547840,22147,FELTCRAFT BUTTERFLY HEARTS,12,2011-03-27 10:56:00,1.45,15133.0,United Kingdom
547840,85114A,BLACK ENCHANTED FOREST PLACEMAT,60,2011-03-27 10:56:00,1.45,15133.0,United Kingdom
547840,84510A,SET OF 4 ENGLISH ROSE COASTERS,10,2011-03-27 10:56:00,1.25,15133.0,United Kingdom
547841,22557,PLASTERS IN TIN VINTAGE PAISLEY ,1,2011-03-27 11:02:00,1.65,16923.0,United Kingdom
547841,22996,TRAVEL CARD WALLET VINTAGE TICKET,1,2011-03-27 11:02:00,0.42,16923.0,United Kingdom
547841,22409,MONEY BOX BISCUITS DESIGN,1,2011-03-27 11:02:00,1.25,16923.0,United Kingdom
547841,22445,PENCIL CASE LIFE IS BEAUTIFUL,1,2011-03-27 11:02:00,2.95,16923.0,United Kingdom
547841,22078,RIBBON REEL LACE DESIGN ,2,2011-03-27 11:02:00,2.1,16923.0,United Kingdom
547841,22079,RIBBON REEL HEARTS DESIGN ,2,2011-03-27 11:02:00,1.65,16923.0,United Kingdom
547841,22291,HANGING CHICK CREAM DECORATION,2,2011-03-27 11:02:00,1.45,16923.0,United Kingdom
547841,22293,HANGING CHICK GREEN DECORATION,1,2011-03-27 11:02:00,1.45,16923.0,United Kingdom
547841,22288,HANGING METAL RABBIT DECORATION,6,2011-03-27 11:02:00,1.25,16923.0,United Kingdom
547841,22293,HANGING CHICK GREEN DECORATION,5,2011-03-27 11:02:00,1.45,16923.0,United Kingdom
547841,85203,HANGING WOOD AND FELT BUTTERFLY ,5,2011-03-27 11:02:00,0.42,16923.0,United Kingdom
547841,85202,HANGING WOOD AND FELT HEART,10,2011-03-27 11:02:00,0.42,16923.0,United Kingdom
547841,21136,PAINTED METAL PEARS ASSORTED,19,2011-03-27 11:02:00,1.69,16923.0,United Kingdom
547841,21455,PAINTED YELLOW WOODEN DAISY,11,2011-03-27 11:02:00,0.85,16923.0,United Kingdom
547841,85150,LADIES & GENTLEMEN METAL SIGN,3,2011-03-27 11:02:00,2.55,16923.0,United Kingdom
547841,21164,HOME SWEET HOME METAL SIGN ,6,2011-03-27 11:02:00,2.95,16923.0,United Kingdom
547841,21175,GIN + TONIC DIET METAL SIGN,2,2011-03-27 11:02:00,2.55,16923.0,United Kingdom
547841,21908,CHOCOLATE THIS WAY METAL SIGN,7,2011-03-27 11:02:00,2.1,16923.0,United Kingdom
547841,22224,WHITE LOVEBIRD LANTERN,5,2011-03-27 11:02:00,2.95,16923.0,United Kingdom
547841,21733,RED HANGING HEART T-LIGHT HOLDER,2,2011-03-27 11:02:00,2.95,16923.0,United Kingdom
547841,47567B,TEA TIME KITCHEN APRON,2,2011-03-27 11:02:00,5.95,16923.0,United Kingdom
547841,22464,HANGING METAL HEART LANTERN,3,2011-03-27 11:02:00,1.65,16923.0,United Kingdom
547841,23154,SET OF 4 JAM JAR MAGNETS,3,2011-03-27 11:02:00,2.08,16923.0,United Kingdom
547841,23156,SET OF 5 MINI GROCERY MAGNETS,3,2011-03-27 11:02:00,2.08,16923.0,United Kingdom
547841,23159,SET OF 5 PANCAKE DAY MAGNETS,3,2011-03-27 11:02:00,2.08,16923.0,United Kingdom
547841,22536,MAGIC DRAWING SLATE PURDEY,1,2011-03-27 11:02:00,0.42,16923.0,United Kingdom
547841,82494L,WOODEN FRAME ANTIQUE WHITE ,4,2011-03-27 11:02:00,2.95,16923.0,United Kingdom
547841,20728,LUNCH BAG CARS BLUE,5,2011-03-27 11:02:00,1.65,16923.0,United Kingdom
547841,21259,VICTORIAN SEWING BOX SMALL ,2,2011-03-27 11:02:00,5.95,16923.0,United Kingdom
547841,84978,HANGING HEART JAR T-LIGHT HOLDER,6,2011-03-27 11:02:00,1.25,16923.0,United Kingdom
547841,82482,WOODEN PICTURE FRAME WHITE FINISH,12,2011-03-27 11:02:00,2.55,16923.0,United Kingdom
547841,21257,VICTORIAN SEWING BOX MEDIUM,2,2011-03-27 11:02:00,7.95,16923.0,United Kingdom
547841,21906,PHARMACIE FIRST AID TIN,2,2011-03-27 11:02:00,6.75,16923.0,United Kingdom
547841,22294,HEART FILIGREE DOVE  SMALL,120,2011-03-27 11:02:00,1.25,16923.0,United Kingdom
547841,21430,SET/3 RED GINGHAM ROSE STORAGE BOX,2,2011-03-27 11:02:00,3.75,16923.0,United Kingdom
547841,23155,KNICKERBOCKERGLORY MAGNET ASSORTED ,12,2011-03-27 11:02:00,0.83,16923.0,United Kingdom
547841,22698,PINK REGENCY TEACUP AND SAUCER,8,2011-03-27 11:02:00,2.95,16923.0,United Kingdom
547841,22697,GREEN REGENCY TEACUP AND SAUCER,8,2011-03-27 11:02:00,2.95,16923.0,United Kingdom
547841,22699,ROSES REGENCY TEACUP AND SAUCER ,8,2011-03-27 11:02:00,2.95,16923.0,United Kingdom
547842,22241,GARLAND WOODEN HAPPY EASTER,24,2011-03-27 11:14:00,1.25,13875.0,United Kingdom
547842,21385,IVORY HANGING DECORATION  HEART,24,2011-03-27 11:14:00,0.85,13875.0,United Kingdom
547842,47566,PARTY BUNTING,36,2011-03-27 11:14:00,4.95,13875.0,United Kingdom
547842,48194,DOORMAT HEARTS,2,2011-03-27 11:14:00,7.95,13875.0,United Kingdom
547842,22219,LOVEBIRD HANGING DECORATION WHITE ,12,2011-03-27 11:14:00,0.85,13875.0,United Kingdom
547842,35961,FOLKART ZINC HEART CHRISTMAS DEC,12,2011-03-27 11:14:00,0.85,13875.0,United Kingdom
547842,21114,LAVENDER SCENTED FABRIC HEART,10,2011-03-27 11:14:00,1.25,13875.0,United Kingdom
547842,85186A,EASTER BUNNY GARLAND OF FLOWERS,24,2011-03-27 11:14:00,0.42,13875.0,United Kingdom
547842,35241,ENAMEL BLUE RIM BISCUIT BIN,3,2011-03-27 11:14:00,4.95,13875.0,United Kingdom
547842,85123A,WHITE HANGING HEART T-LIGHT HOLDER,6,2011-03-27 11:14:00,2.95,13875.0,United Kingdom
547842,22379,RECYCLING BAG RETROSPOT ,5,2011-03-27 11:14:00,2.1,13875.0,United Kingdom
547842,20717,STRAWBERRY SHOPPER BAG,10,2011-03-27 11:14:00,1.25,13875.0,United Kingdom
547843,79302M,"ART LIGHTS,FUNK MONKEY",20,2011-03-27 11:22:00,2.55,18273.0,United Kingdom
547844,22171,3 HOOK PHOTO SHELF ANTIQUE WHITE,12,2011-03-27 11:44:00,7.65,15045.0,United Kingdom
547844,22762,CUPBOARD 3 DRAWER MA CAMPAGNE,8,2011-03-27 11:44:00,12.75,15045.0,United Kingdom
547844,22763,KEY CABINET MA CAMPAGNE,2,2011-03-27 11:44:00,9.95,15045.0,United Kingdom
547844,22423,REGENCY CAKESTAND 3 TIER,16,2011-03-27 11:44:00,10.95,15045.0,United Kingdom
547845,84946,ANTIQUE SILVER T-LIGHT GLASS,12,2011-03-27 11:51:00,1.25,16434.0,United Kingdom
547845,22423,REGENCY CAKESTAND 3 TIER,3,2011-03-27 11:51:00,12.75,16434.0,United Kingdom
547845,22178,VICTORIAN GLASS HANGING T-LIGHT,36,2011-03-27 11:51:00,1.25,16434.0,United Kingdom
547845,22722,SET OF 6 SPICE TINS PANTRY DESIGN,6,2011-03-27 11:51:00,3.95,16434.0,United Kingdom
547846,84946,ANTIQUE SILVER T-LIGHT GLASS,36,2011-03-27 11:59:00,1.25,18071.0,United Kingdom
547846,21314,SMALL GLASS HEART TRINKET POT,8,2011-03-27 11:59:00,2.1,18071.0,United Kingdom
547846,21656,RIDGED GLASS POSY VASE ,6,2011-03-27 11:59:00,1.45,18071.0,United Kingdom
547846,22500,SET OF 2 TINS JARDIN DE PROVENCE,4,2011-03-27 11:59:00,4.95,18071.0,United Kingdom
547846,22178,VICTORIAN GLASS HANGING T-LIGHT,12,2011-03-27 11:59:00,1.25,18071.0,United Kingdom
547846,22697,GREEN REGENCY TEACUP AND SAUCER,6,2011-03-27 11:59:00,2.95,18071.0,United Kingdom
547846,22699,ROSES REGENCY TEACUP AND SAUCER ,6,2011-03-27 11:59:00,2.95,18071.0,United Kingdom
547846,22788,BROCANTE COAT RACK,1,2011-03-27 11:59:00,9.95,18071.0,United Kingdom
547846,22479,DAISY GARDEN MARKER,10,2011-03-27 11:59:00,1.25,18071.0,United Kingdom
547846,21523,DOORMAT FANCY FONT HOME SWEET HOME,2,2011-03-27 11:59:00,7.95,18071.0,United Kingdom
547846,22771,CLEAR DRAWER KNOB ACRYLIC EDWARDIAN,12,2011-03-27 11:59:00,1.25,18071.0,United Kingdom
C547847,20726,LUNCH BAG WOODLAND,-1,2011-03-27 12:04:00,1.65,14232.0,United Kingdom
C547848,85099B,JUMBO BAG RED RETROSPOT,-1,2011-03-27 12:05:00,1.95,12921.0,United Kingdom
547850,85188A,GREEN METAL SWINGING BUNNY,4,2011-03-27 12:06:00,0.85,14472.0,United Kingdom
547850,22285,HANGING HEN ON NEST DECORATION,2,2011-03-27 12:06:00,1.65,14472.0,United Kingdom
547850,85188B,PINK METAL SWINGING BUNNY,2,2011-03-27 12:06:00,0.85,14472.0,United Kingdom
547850,85186C,BUNNY EGG GARLAND,1,2011-03-27 12:06:00,0.42,14472.0,United Kingdom
547850,85186A,EASTER BUNNY GARLAND OF FLOWERS,2,2011-03-27 12:06:00,0.42,14472.0,United Kingdom
547850,21441,BLUE BIRDHOUSE DECORATION,2,2011-03-27 12:06:00,0.85,14472.0,United Kingdom
547850,85203,HANGING WOOD AND FELT BUTTERFLY ,4,2011-03-27 12:06:00,0.42,14472.0,United Kingdom
547850,21456,2 PICTURE BOOK EGGS EASTER CHICKS,3,2011-03-27 12:06:00,1.25,14472.0,United Kingdom
547850,22284,HEN HOUSE DECORATION,1,2011-03-27 12:06:00,1.65,14472.0,United Kingdom
547850,22288,HANGING METAL RABBIT DECORATION,5,2011-03-27 12:06:00,1.25,14472.0,United Kingdom
547850,22267,EASTER DECORATION EGG BUNNY ,2,2011-03-27 12:06:00,1.25,14472.0,United Kingdom
547850,22268,EASTER DECORATION SITTING BUNNY,6,2011-03-27 12:06:00,0.85,14472.0,United Kingdom
547850,22250,DECORATION  BUTTERFLY  MAGIC GARDEN,3,2011-03-27 12:06:00,0.85,14472.0,United Kingdom
547850,22289,HANGING METAL CHICKEN DECORATION,4,2011-03-27 12:06:00,1.25,14472.0,United Kingdom
547850,22266,EASTER DECORATION HANGING BUNNY,4,2011-03-27 12:06:00,0.65,14472.0,United Kingdom
547850,35971,ROSE FOLKART HEART DECORATIONS,2,2011-03-27 12:06:00,1.25,14472.0,United Kingdom
547850,22293,HANGING CHICK GREEN DECORATION,2,2011-03-27 12:06:00,1.45,14472.0,United Kingdom
547850,22265,EASTER DECORATION NATURAL CHICK,2,2011-03-27 12:06:00,0.65,14472.0,United Kingdom
547850,35961,FOLKART ZINC HEART CHRISTMAS DEC,2,2011-03-27 12:06:00,0.85,14472.0,United Kingdom
547850,22227,HANGING HEART MIRROR DECORATION ,3,2011-03-27 12:06:00,0.65,14472.0,United Kingdom
547850,85129C,BEADED CRYSTAL HEART BLUE SMALL,2,2011-03-27 12:06:00,1.25,14472.0,United Kingdom
547850,85130D,BEADED CRYSTAL HEART PINK LARGE,2,2011-03-27 12:06:00,1.65,14472.0,United Kingdom
547850,21442,GREEN BIRDHOUSE DECORATION,2,2011-03-27 12:06:00,0.85,14472.0,United Kingdom
547850,84457,SET/3 RABBITS FLOWER SKIPPPING ROPE,3,2011-03-27 12:06:00,0.85,14472.0,United Kingdom
547850,85061W,WHITE JEWELLED HEART DECORATION,1,2011-03-27 12:06:00,0.85,14472.0,United Kingdom
547850,84452,METAL RABBIT LADDER EASTER ,2,2011-03-27 12:06:00,0.85,14472.0,United Kingdom
547850,22219,LOVEBIRD HANGING DECORATION WHITE ,3,2011-03-27 12:06:00,0.85,14472.0,United Kingdom
547850,85061W,WHITE JEWELLED HEART DECORATION,5,2011-03-27 12:06:00,0.85,14472.0,United Kingdom
547850,21231,SWEETHEART CERAMIC TRINKET BOX,4,2011-03-27 12:06:00,1.25,14472.0,United Kingdom
547850,84879,ASSORTED COLOUR BIRD ORNAMENT,8,2011-03-27 12:06:00,1.69,14472.0,United Kingdom
547850,85152,HAND OVER THE CHOCOLATE   SIGN ,4,2011-03-27 12:06:00,2.1,14472.0,United Kingdom
547850,21175,GIN + TONIC DIET METAL SIGN,1,2011-03-27 12:06:00,2.55,14472.0,United Kingdom
547850,21174,POTTERING IN THE SHED METAL SIGN,1,2011-03-27 12:06:00,2.08,14472.0,United Kingdom
547850,82600,NO SINGING METAL SIGN,1,2011-03-27 12:06:00,2.1,14472.0,United Kingdom
547850,82599,FANNY'S REST STOPMETAL SIGN,1,2011-03-27 12:06:00,2.1,14472.0,United Kingdom
547850,21166,COOK WITH WINE METAL SIGN ,1,2011-03-27 12:06:00,2.08,14472.0,United Kingdom
547850,21770,OPEN CLOSED METAL SIGN,3,2011-03-27 12:06:00,4.95,14472.0,United Kingdom
547850,20963,APPLE BATH SPONGE,3,2011-03-27 12:06:00,1.25,14472.0,United Kingdom
547850,84218,BOX/12 CHICK & EGG IN BASKET,1,2011-03-27 12:06:00,1.95,14472.0,United Kingdom
547850,20961,STRAWBERRY BATH SPONGE ,3,2011-03-27 12:06:00,1.25,14472.0,United Kingdom
547850,22210,WOOD STAMP SET BEST WISHES,3,2011-03-27 12:06:00,1.65,14472.0,United Kingdom
547850,22208,WOOD STAMP SET THANK YOU,2,2011-03-27 12:06:00,1.65,14472.0,United Kingdom
547850,22209,WOOD STAMP SET HAPPY BIRTHDAY,3,2011-03-27 12:06:00,1.65,14472.0,United Kingdom
547850,21811,HANGING HEART WITH BELL,2,2011-03-27 12:06:00,1.25,14472.0,United Kingdom
547850,21823,PAINTED METAL HEART WITH HOLLY BELL,2,2011-03-27 12:06:00,1.45,14472.0,United Kingdom
547850,22297,HEART IVORY TRELLIS SMALL,5,2011-03-27 12:06:00,1.25,14472.0,United Kingdom
547850,22296,HEART IVORY TRELLIS LARGE,3,2011-03-27 12:06:00,1.65,14472.0,United Kingdom
547850,22577,WOODEN HEART CHRISTMAS SCANDINAVIAN,2,2011-03-27 12:06:00,0.85,14472.0,United Kingdom
547850,84929,ASSTD FRUIT+FLOWERS FRIDGE MAGNETS,24,2011-03-27 12:06:00,0.55,14472.0,United Kingdom
547850,22652,TRAVEL SEWING KIT,3,2011-03-27 12:06:00,1.65,14472.0,United Kingdom
547850,21609,SET 12 LAVENDER  BOTANICAL T-LIGHTS,2,2011-03-27 12:06:00,2.95,14472.0,United Kingdom
547850,22891,TEA FOR ONE POLKADOT,2,2011-03-27 12:06:00,4.25,14472.0,United Kingdom
547850,22650,CERAMIC PIRATE CHEST MONEY BANK,4,2011-03-27 12:06:00,1.45,14472.0,United Kingdom
547850,22637,PIGGY BANK RETROSPOT ,4,2011-03-27 12:06:00,2.55,14472.0,United Kingdom
547850,22464,HANGING METAL HEART LANTERN,12,2011-03-27 12:06:00,1.65,14472.0,United Kingdom
547850,85062,PEARL CRYSTAL PUMPKIN T-LIGHT HLDR,6,2011-03-27 12:06:00,1.65,14472.0,United Kingdom
547850,82483,WOOD 2 DRAWER CABINET WHITE FINISH,2,2011-03-27 12:06:00,6.95,14472.0,United Kingdom
547850,22178,VICTORIAN GLASS HANGING T-LIGHT,6,2011-03-27 12:06:00,1.25,14472.0,United Kingdom
547850,21756,BATH BUILDING BLOCK WORD,2,2011-03-27 12:06:00,5.95,14472.0,United Kingdom
547850,21755,LOVE BUILDING BLOCK WORD,2,2011-03-27 12:06:00,5.95,14472.0,United Kingdom
547850,21754,HOME BUILDING BLOCK WORD,2,2011-03-27 12:06:00,5.95,14472.0,United Kingdom
547850,84755,COLOUR GLASS T-LIGHT HOLDER HANGING,16,2011-03-27 12:06:00,0.65,14472.0,United Kingdom
C547849,21232,STRAWBERRY CERAMIC TRINKET BOX,-3,2011-03-27 12:06:00,1.25,12471.0,Germany
C547851,21558,SKULL LUNCH BOX WITH CUTLERY ,-1,2011-03-27 12:08:00,2.55,16782.0,United Kingdom
C547851,20727,LUNCH BAG  BLACK SKULL.,-1,2011-03-27 12:08:00,1.65,16782.0,United Kingdom
C547852,22045,SPACEBOY GIFT WRAP,-25,2011-03-27 12:11:00,0.42,15065.0,United Kingdom
C547853,21041,RED RETROSPOT OVEN GLOVE DOUBLE,-1,2011-03-27 12:11:00,2.95,15615.0,United Kingdom
C547853,21929,JUMBO BAG PINK VINTAGE PAISLEY,-3,2011-03-27 12:11:00,1.95,15615.0,United Kingdom
C547853,20727,LUNCH BAG  BLACK SKULL.,-3,2011-03-27 12:11:00,1.65,15615.0,United Kingdom
C547854,22951,60 CAKE CASES DOLLY GIRL DESIGN,-24,2011-03-27 12:12:00,0.55,14586.0,United Kingdom
C547854,22530,MAGIC DRAWING SLATE DOLLY GIRL ,-24,2011-03-27 12:12:00,0.42,14586.0,United Kingdom
C547855,22843,BISCUIT TIN VINTAGE GREEN,-1,2011-03-27 12:13:00,6.75,14194.0,United Kingdom
C547856,47566,PARTY BUNTING,-4,2011-03-27 12:14:00,4.95,16256.0,United Kingdom
C547857,85062,PEARL CRYSTAL PUMPKIN T-LIGHT HLDR,-3,2011-03-27 12:14:00,1.65,13050.0,United Kingdom
C547857,82483,WOOD 2 DRAWER CABINET WHITE FINISH,-2,2011-03-27 12:14:00,6.95,13050.0,United Kingdom
C547858,22797,CHEST OF DRAWERS GINGHAM HEART ,-1,2011-03-27 12:16:00,16.95,14911.0,EIRE
C547858,23178,JAM CLOCK MAGNET,-1,2011-03-27 12:16:00,2.89,14911.0,EIRE
C547858,22720,SET OF 3 CAKE TINS PANTRY DESIGN ,-1,2011-03-27 12:16:00,4.95,14911.0,EIRE
C547859,85027L,FRENCH CHATEAU LARGE PLATTER ,-5,2011-03-27 12:16:00,1.95,13725.0,United Kingdom
547860,22249,DECORATION WHITE CHICK MAGIC GARDEN,3,2011-03-27 12:21:00,0.85,17625.0,United Kingdom
547860,22251,BIRDHOUSE DECORATION MAGIC GARDEN,1,2011-03-27 12:21:00,1.25,17625.0,United Kingdom
547860,22249,DECORATION WHITE CHICK MAGIC GARDEN,3,2011-03-27 12:21:00,0.85,17625.0,United Kingdom
547860,22247,BUNNY DECORATION MAGIC GARDEN,7,2011-03-27 12:21:00,0.85,17625.0,United Kingdom
547860,22251,BIRDHOUSE DECORATION MAGIC GARDEN,3,2011-03-27 12:21:00,1.25,17625.0,United Kingdom
547860,10135,COLOURING PENCILS BROWN TUBE,2,2011-03-27 12:21:00,1.25,17625.0,United Kingdom
547860,20979,36 PENCILS TUBE RED RETROSPOT,2,2011-03-27 12:21:00,1.25,17625.0,United Kingdom
547860,20978,36 PENCILS TUBE SKULLS,2,2011-03-27 12:21:00,1.25,17625.0,United Kingdom
547860,21380,WOODEN HAPPY BIRTHDAY GARLAND,2,2011-03-27 12:21:00,2.95,17625.0,United Kingdom
547860,21457,2 PICTURE BOOK EGGS EASTER DUCKS,3,2011-03-27 12:21:00,1.25,17625.0,United Kingdom
547860,21458,2 PICTURE BOOK EGGS EASTER BUNNY,3,2011-03-27 12:21:00,1.25,17625.0,United Kingdom
547860,47567B,TEA TIME KITCHEN APRON,2,2011-03-27 12:21:00,5.95,17625.0,United Kingdom
547860,22123,PING MICROWAVE APRON,2,2011-03-27 12:21:00,1.95,17625.0,United Kingdom
547860,21042,RED RETROSPOT APRON ,2,2011-03-27 12:21:00,5.95,17625.0,United Kingdom
547860,22896,PEG BAG APPLES DESIGN,1,2011-03-27 12:21:00,2.55,17625.0,United Kingdom
547860,22939,APRON APPLE DELIGHT,1,2011-03-27 12:21:00,4.95,17625.0,United Kingdom
547860,84971S,SMALL HEART FLOWERS HOOK ,24,2011-03-27 12:21:00,0.85,17625.0,United Kingdom
547860,22560,TRADITIONAL MODELLING CLAY,3,2011-03-27 12:21:00,1.25,17625.0,United Kingdom
547860,22189,CREAM HEART CARD HOLDER,4,2011-03-27 12:21:00,3.95,17625.0,United Kingdom
547860,84884A,ANT WHITE WIRE HEART SPIRAL,2,2011-03-27 12:21:00,3.95,17625.0,United Kingdom
547860,21155,RED RETROSPOT PEG BAG,1,2011-03-27 12:21:00,2.55,17625.0,United Kingdom
547860,21329,DINOSAURS  WRITING SET ,2,2011-03-27 12:21:00,1.65,17625.0,United Kingdom
547860,21328,BALLOONS  WRITING SET ,2,2011-03-27 12:21:00,1.65,17625.0,United Kingdom
547860,22667,RECIPE BOX RETROSPOT ,1,2011-03-27 12:21:00,2.95,17625.0,United Kingdom
547860,22665,RECIPE BOX BLUE SKETCHBOOK DESIGN,1,2011-03-27 12:21:00,2.95,17625.0,United Kingdom
547860,22139,RETROSPOT TEA SET CERAMIC 11 PC ,2,2011-03-27 12:21:00,4.95,17625.0,United Kingdom
547860,21041,RED RETROSPOT OVEN GLOVE DOUBLE,1,2011-03-27 12:21:00,2.95,17625.0,United Kingdom
547860,21327,SKULLS WRITING SET ,2,2011-03-27 12:21:00,1.65,17625.0,United Kingdom
547860,22489,PACK OF 12 TRADITIONAL CRAYONS,3,2011-03-27 12:21:00,0.42,17625.0,United Kingdom
547860,22558,CLOTHES PEGS RETROSPOT PACK 24 ,2,2011-03-27 12:21:00,1.49,17625.0,United Kingdom
547860,22851,SET 20 NAPKINS FAIRY CAKES DESIGN ,4,2011-03-27 12:21:00,0.85,17625.0,United Kingdom
547860,22109,FULL ENGLISH BREAKFAST PLATE,4,2011-03-27 12:21:00,3.75,17625.0,United Kingdom
547860,22283,6 EGG HOUSE PAINTED WOOD,2,2011-03-27 12:21:00,7.95,17625.0,United Kingdom
547860,22933,BAKING MOULD EASTER EGG MILK CHOC,2,2011-03-27 12:21:00,2.95,17625.0,United Kingdom
547860,22934,BAKING MOULD EASTER EGG WHITE CHOC,2,2011-03-27 12:21:00,2.95,17625.0,United Kingdom
547860,22966,GINGERBREAD MAN COOKIE CUTTER,2,2011-03-27 12:21:00,1.25,17625.0,United Kingdom
547860,22964,3 PIECE SPACEBOY COOKIE CUTTER SET,1,2011-03-27 12:21:00,2.1,17625.0,United Kingdom
547860,22908,PACK OF 20 NAPKINS RED APPLES,3,2011-03-27 12:21:00,0.85,17625.0,United Kingdom
547860,21078,SET/20 STRAWBERRY PAPER NAPKINS ,3,2011-03-27 12:21:00,0.85,17625.0,United Kingdom
547860,21080,SET/20 RED RETROSPOT PAPER NAPKINS ,2,2011-03-27 12:21:00,0.85,17625.0,United Kingdom
547860,22613,PACK OF 20 SPACEBOY NAPKINS,2,2011-03-27 12:21:00,0.85,17625.0,United Kingdom
547860,21989,PACK OF 20 SKULL PAPER NAPKINS,2,2011-03-27 12:21:00,0.85,17625.0,United Kingdom
547860,84510C,SET OF 4 POLKADOT COASTERS,2,2011-03-27 12:21:00,1.25,17625.0,United Kingdom
547860,84510A,SET OF 4 ENGLISH ROSE COASTERS,2,2011-03-27 12:21:00,1.25,17625.0,United Kingdom
547860,21034,REX CASH+CARRY JUMBO SHOPPER,1,2011-03-27 12:21:00,0.95,17625.0,United Kingdom
547860,16156S,WRAP PINK FAIRY CAKES ,25,2011-03-27 12:21:00,0.42,17625.0,United Kingdom
547860,22711,WRAP CIRCUS PARADE,25,2011-03-27 12:21:00,0.42,17625.0,United Kingdom
547860,82600,NO SINGING METAL SIGN,2,2011-03-27 12:21:00,2.1,17625.0,United Kingdom
547860,21165,BEWARE OF THE CAT METAL SIGN ,2,2011-03-27 12:21:00,1.69,17625.0,United Kingdom
547860,21407,BROWN CHECK CAT DOORSTOP ,1,2011-03-27 12:21:00,4.25,17625.0,United Kingdom
547860,22508,DOORSTOP RETROSPOT HEART,1,2011-03-27 12:21:00,3.75,17625.0,United Kingdom
547860,22804,CANDLEHOLDER PINK HANGING HEART,3,2011-03-27 12:21:00,2.95,17625.0,United Kingdom
547860,85123A,WHITE HANGING HEART T-LIGHT HOLDER,6,2011-03-27 12:21:00,2.95,17625.0,United Kingdom
547860,22173,METAL 4 HOOK HANGER FRENCH CHATEAU,2,2011-03-27 12:21:00,2.95,17625.0,United Kingdom
547860,84406B,CREAM CUPID HEARTS COAT HANGER,1,2011-03-27 12:21:00,4.15,17625.0,United Kingdom
547860,82484,WOOD BLACK BOARD ANT WHITE FINISH,1,2011-03-27 12:21:00,7.9,17625.0,United Kingdom
547860,85061W,WHITE JEWELLED HEART DECORATION,6,2011-03-27 12:21:00,0.85,17625.0,United Kingdom
547860,22284,HEN HOUSE DECORATION,1,2011-03-27 12:21:00,1.65,17625.0,United Kingdom
547860,72741,GRAND CHOCOLATECANDLE,9,2011-03-27 12:21:00,1.45,17625.0,United Kingdom
547860,72802A,ROSE SCENT CANDLE IN JEWELLED BOX,3,2011-03-27 12:21:00,4.25,17625.0,United Kingdom
547860,72802B,OCEAN SCENT CANDLE IN JEWELLED BOX,3,2011-03-27 12:21:00,4.25,17625.0,United Kingdom
547860,72802C,VANILLA SCENT CANDLE JEWELLED BOX,3,2011-03-27 12:21:00,4.25,17625.0,United Kingdom
547860,72807B,SET/3 OCEAN SCENT CANDLE JEWEL BOX,3,2011-03-27 12:21:00,4.25,17625.0,United Kingdom
547860,72807C,SET/3 VANILLA SCENTED CANDLE IN BOX,3,2011-03-27 12:21:00,4.25,17625.0,United Kingdom
547860,22921,HERB MARKER CHIVES ,2,2011-03-27 12:21:00,0.65,17625.0,United Kingdom
547860,22916,HERB MARKER THYME,2,2011-03-27 12:21:00,0.65,17625.0,United Kingdom
547860,22918,HERB MARKER PARSLEY,2,2011-03-27 12:21:00,0.65,17625.0,United Kingdom
547860,22917,HERB MARKER ROSEMARY,2,2011-03-27 12:21:00,0.65,17625.0,United Kingdom
547860,22919,HERB MARKER MINT,2,2011-03-27 12:21:00,0.65,17625.0,United Kingdom
547860,85186A,EASTER BUNNY GARLAND OF FLOWERS,5,2011-03-27 12:21:00,0.42,17625.0,United Kingdom
547860,85186C,BUNNY EGG GARLAND,1,2011-03-27 12:21:00,0.42,17625.0,United Kingdom
547860,84459A,PINK METAL CHICKEN HEART ,6,2011-03-27 12:21:00,1.49,17625.0,United Kingdom
547860,22291,HANGING CHICK CREAM DECORATION,6,2011-03-27 12:21:00,1.45,17625.0,United Kingdom
547860,22292,HANGING CHICK  YELLOW DECORATION,6,2011-03-27 12:21:00,1.45,17625.0,United Kingdom
547860,22284,HEN HOUSE DECORATION,5,2011-03-27 12:21:00,1.65,17625.0,United Kingdom
547860,85061W,WHITE JEWELLED HEART DECORATION,6,2011-03-27 12:21:00,0.85,17625.0,United Kingdom
547860,22295,HEART FILIGREE DOVE LARGE,6,2011-03-27 12:21:00,1.65,17625.0,United Kingdom
547860,85194L,HANGING SPRING FLOWER EGG LARGE,7,2011-03-27 12:21:00,0.85,17625.0,United Kingdom
547860,35972,DAISY FOLKART HEART DECORATION,2,2011-03-27 12:21:00,1.25,17625.0,United Kingdom
547860,85202,HANGING WOOD AND FELT HEART,10,2011-03-27 12:21:00,0.42,17625.0,United Kingdom
547860,85203,HANGING WOOD AND FELT BUTTERFLY ,5,2011-03-27 12:21:00,0.42,17625.0,United Kingdom
547860,21390,FILIGRIS HEART WITH BUTTERFLY,6,2011-03-27 12:21:00,1.25,17625.0,United Kingdom
547860,22294,HEART FILIGREE DOVE  SMALL,6,2011-03-27 12:21:00,1.25,17625.0,United Kingdom
547860,35972,DAISY FOLKART HEART DECORATION,4,2011-03-27 12:21:00,1.25,17625.0,United Kingdom
547860,35971,ROSE FOLKART HEART DECORATIONS,6,2011-03-27 12:21:00,1.25,17625.0,United Kingdom
547860,22267,EASTER DECORATION EGG BUNNY ,1,2011-03-27 12:21:00,1.25,17625.0,United Kingdom
547860,21385,IVORY HANGING DECORATION  HEART,11,2011-03-27 12:21:00,0.85,17625.0,United Kingdom
547860,21389,IVORY HANGING DECORATION  BIRD,6,2011-03-27 12:21:00,0.85,17625.0,United Kingdom
547860,22286,"DECORATION , WOBBLY RABBIT , METAL ",8,2011-03-27 12:21:00,1.65,17625.0,United Kingdom
547860,22266,EASTER DECORATION HANGING BUNNY,6,2011-03-27 12:21:00,0.65,17625.0,United Kingdom
547860,22267,EASTER DECORATION EGG BUNNY ,5,2011-03-27 12:21:00,1.25,17625.0,United Kingdom
547860,22250,DECORATION  BUTTERFLY  MAGIC GARDEN,8,2011-03-27 12:21:00,0.85,17625.0,United Kingdom
547860,22233,JIGSAW RABBIT AND BIRDHOUSE,2,2011-03-27 12:21:00,1.65,17625.0,United Kingdom
547860,22248,DECORATION  PINK CHICK MAGIC GARDEN,9,2011-03-27 12:21:00,0.85,17625.0,United Kingdom
547860,22156,HEART DECORATION WITH PEARLS ,6,2011-03-27 12:21:00,0.85,17625.0,United Kingdom
547861,75049L,LARGE CIRCULAR MIRROR MOBILE,96,2011-03-27 12:36:00,0.85,16701.0,United Kingdom
547861,21539,RED RETROSPOT BUTTER DISH,18,2011-03-27 12:36:00,4.25,16701.0,United Kingdom
547861,22191,IVORY DINER WALL CLOCK,2,2011-03-27 12:36:00,8.5,16701.0,United Kingdom
547861,22192,BLUE DINER WALL CLOCK,2,2011-03-27 12:36:00,8.5,16701.0,United Kingdom
547861,22193,RED DINER WALL CLOCK,4,2011-03-27 12:36:00,8.5,16701.0,United Kingdom
547861,22398,MAGNETS PACK OF 4 SWALLOWS,12,2011-03-27 12:36:00,1.25,16701.0,United Kingdom
547861,22402,MAGNETS PACK OF 4 VINTAGE COLLAGE,12,2011-03-27 12:36:00,1.25,16701.0,United Kingdom
547861,22399,MAGNETS PACK OF 4 CHILDHOOD MEMORY,12,2011-03-27 12:36:00,1.25,16701.0,United Kingdom
547861,23232,WRAP VINTAGE PETALS  DESIGN,50,2011-03-27 12:36:00,0.42,16701.0,United Kingdom
547861,21288,STRIPEY CHOCOLATE NESTING BOXES,24,2011-03-27 12:36:00,2.55,16701.0,United Kingdom
547862,84231,EASTER BUNNY WITH BASKET ON BACK,10,2011-03-27 12:54:00,0.65,12841.0,United Kingdom
547862,22248,DECORATION  PINK CHICK MAGIC GARDEN,4,2011-03-27 12:54:00,0.85,12841.0,United Kingdom
547862,22053,EMPIRE DESIGN ROSETTE,5,2011-03-27 12:54:00,1.25,12841.0,United Kingdom
547862,21790,VINTAGE SNAP CARDS,1,2011-03-27 12:54:00,0.85,12841.0,United Kingdom
547862,22249,DECORATION WHITE CHICK MAGIC GARDEN,4,2011-03-27 12:54:00,0.85,12841.0,United Kingdom
547862,22965,3 TRADITIONAl BISCUIT CUTTERS  SET,3,2011-03-27 12:54:00,2.1,12841.0,United Kingdom
547862,84378,SET OF 3 HEART COOKIE CUTTERS,4,2011-03-27 12:54:00,1.25,12841.0,United Kingdom
547862,84380,SET OF 3 BUTTERFLY COOKIE CUTTERS,3,2011-03-27 12:54:00,1.25,12841.0,United Kingdom
547862,72741,GRAND CHOCOLATECANDLE,9,2011-03-27 12:54:00,1.45,12841.0,United Kingdom
547862,22964,3 PIECE SPACEBOY COOKIE CUTTER SET,2,2011-03-27 12:54:00,2.1,12841.0,United Kingdom
547862,22933,BAKING MOULD EASTER EGG MILK CHOC,3,2011-03-27 12:54:00,2.95,12841.0,United Kingdom
547862,21988,PACK OF 6 SKULL PAPER PLATES,4,2011-03-27 12:54:00,0.85,12841.0,United Kingdom
547862,22930,BAKING MOULD HEART MILK CHOCOLATE,3,2011-03-27 12:54:00,2.55,12841.0,United Kingdom
547862,22932,BAKING MOULD TOFFEE CUP CHOCOLATE,3,2011-03-27 12:54:00,2.55,12841.0,United Kingdom
547862,22806,SET OF 6 T-LIGHTS WEDDING CAKE ,6,2011-03-27 12:54:00,2.95,12841.0,United Kingdom
547862,21447,12 IVORY ROSE PEG PLACE SETTINGS,24,2011-03-27 12:54:00,1.25,12841.0,United Kingdom
547862,15036,ASSORTED COLOURS SILK FAN,12,2011-03-27 12:54:00,0.75,12841.0,United Kingdom
547862,21626,VINTAGE UNION JACK PENNANT,4,2011-03-27 12:54:00,1.95,12841.0,United Kingdom
547862,22087,PAPER BUNTING WHITE LACE,12,2011-03-27 12:54:00,2.95,12841.0,United Kingdom
547862,21206,STRAWBERRY HONEYCOMB  GARLAND ,4,2011-03-27 12:54:00,1.65,12841.0,United Kingdom
547862,21912,VINTAGE SNAKES & LADDERS,1,2011-03-27 12:54:00,3.75,12841.0,United Kingdom
547863,22957,SET 3 PAPER VINTAGE CHICK PAPER EGG,6,2011-03-27 13:07:00,2.95,12728.0,France
547863,21731,RED TOADSTOOL LED NIGHT LIGHT,12,2011-03-27 13:07:00,1.65,12728.0,France
547863,22423,REGENCY CAKESTAND 3 TIER,2,2011-03-27 13:07:00,12.75,12728.0,France
547863,21843,RED RETROSPOT CAKE STAND,2,2011-03-27 13:07:00,10.95,12728.0,France
547863,21746,SMALL RED RETROSPOT WINDMILL,12,2011-03-27 13:07:00,1.25,12728.0,France
547863,22605,WOODEN CROQUET GARDEN SET,1,2011-03-27 13:07:00,14.95,12728.0,France
547863,21212,PACK OF 72 RETROSPOT CAKE CASES,24,2011-03-27 13:07:00,0.55,12728.0,France
547863,POST,POSTAGE,2,2011-03-27 13:07:00,18.0,12728.0,France
547864,85186A,EASTER BUNNY GARLAND OF FLOWERS,6,2011-03-27 13:10:00,0.42,15716.0,United Kingdom
547864,22247,BUNNY DECORATION MAGIC GARDEN,10,2011-03-27 13:10:00,0.85,15716.0,United Kingdom
547864,22292,HANGING CHICK  YELLOW DECORATION,7,2011-03-27 13:10:00,1.45,15716.0,United Kingdom
547864,22286,"DECORATION , WOBBLY RABBIT , METAL ",2,2011-03-27 13:10:00,1.65,15716.0,United Kingdom
547864,84457,SET/3 RABBITS FLOWER SKIPPPING ROPE,3,2011-03-27 13:10:00,0.85,15716.0,United Kingdom
547864,22268,EASTER DECORATION SITTING BUNNY,8,2011-03-27 13:10:00,0.85,15716.0,United Kingdom
547864,22266,EASTER DECORATION HANGING BUNNY,3,2011-03-27 13:10:00,0.65,15716.0,United Kingdom
547864,22288,HANGING METAL RABBIT DECORATION,1,2011-03-27 13:10:00,1.25,15716.0,United Kingdom
547864,85186C,BUNNY EGG GARLAND,2,2011-03-27 13:10:00,0.42,15716.0,United Kingdom
547864,85186A,EASTER BUNNY GARLAND OF FLOWERS,5,2011-03-27 13:10:00,0.42,15716.0,United Kingdom
547864,22249,DECORATION WHITE CHICK MAGIC GARDEN,1,2011-03-27 13:10:00,0.85,15716.0,United Kingdom
547864,22248,DECORATION  PINK CHICK MAGIC GARDEN,4,2011-03-27 13:10:00,0.85,15716.0,United Kingdom
547864,22288,HANGING METAL RABBIT DECORATION,3,2011-03-27 13:10:00,1.25,15716.0,United Kingdom
547864,22266,EASTER DECORATION HANGING BUNNY,4,2011-03-27 13:10:00,0.65,15716.0,United Kingdom
547864,84457,SET/3 RABBITS FLOWER SKIPPPING ROPE,8,2011-03-27 13:10:00,0.85,15716.0,United Kingdom
547864,21770,OPEN CLOSED METAL SIGN,1,2011-03-27 13:10:00,4.95,15716.0,United Kingdom
547864,85188A,GREEN METAL SWINGING BUNNY,24,2011-03-27 13:10:00,0.85,15716.0,United Kingdom
547864,22499,WOODEN UNION JACK BUNTING,2,2011-03-27 13:10:00,5.95,15716.0,United Kingdom
547864,22084,PAPER CHAIN KIT EMPIRE,1,2011-03-27 13:10:00,2.95,15716.0,United Kingdom
547864,85123A,WHITE HANGING HEART T-LIGHT HOLDER,6,2011-03-27 13:10:00,2.95,15716.0,United Kingdom
547865,23009,I LOVE LONDON BABY GIFT SET,1,2011-03-27 13:15:00,16.95,,United Kingdom
547866,84218,BOX/12 CHICK & EGG IN BASKET,3,2011-03-27 13:21:00,1.95,14878.0,United Kingdom
547866,22996,TRAVEL CARD WALLET VINTAGE TICKET,24,2011-03-27 13:21:00,0.42,14878.0,United Kingdom
547866,22997,TRAVEL CARD WALLET UNION JACK,24,2011-03-27 13:21:00,0.42,14878.0,United Kingdom
547866,22998,TRAVEL CARD WALLET KEEP CALM,24,2011-03-27 13:21:00,0.42,14878.0,United Kingdom
547866,35920,FOUR RABBIT EASTER DECORATIONS,5,2011-03-27 13:21:00,1.25,14878.0,United Kingdom
547866,22249,DECORATION WHITE CHICK MAGIC GARDEN,4,2011-03-27 13:21:00,0.85,14878.0,United Kingdom
547866,22891,TEA FOR ONE POLKADOT,2,2011-03-27 13:21:00,4.25,14878.0,United Kingdom
547866,22646,CERAMIC STRAWBERRY CAKE MONEY BANK,4,2011-03-27 13:21:00,1.45,14878.0,United Kingdom
547866,22924,FRIDGE MAGNETS LA VIE EN ROSE,12,2011-03-27 13:21:00,0.85,14878.0,United Kingdom
547866,23077,DOUGHNUT LIP GLOSS ,24,2011-03-27 13:21:00,1.25,14878.0,United Kingdom
547866,22139,RETROSPOT TEA SET CERAMIC 11 PC ,3,2011-03-27 13:21:00,4.95,14878.0,United Kingdom
547866,47567B,TEA TIME KITCHEN APRON,3,2011-03-27 13:21:00,5.95,14878.0,United Kingdom
547866,47566B,TEA TIME PARTY BUNTING,1,2011-03-27 13:21:00,4.95,14878.0,United Kingdom
547866,23078,ICE CREAM PEN LIP GLOSS ,48,2011-03-27 13:21:00,1.25,14878.0,United Kingdom
547867,22720,SET OF 3 CAKE TINS PANTRY DESIGN ,2,2011-03-27 13:56:00,4.95,13357.0,United Kingdom
547867,22965,3 TRADITIONAl BISCUIT CUTTERS  SET,3,2011-03-27 13:56:00,2.1,13357.0,United Kingdom
547867,22966,GINGERBREAD MAN COOKIE CUTTER,3,2011-03-27 13:56:00,1.25,13357.0,United Kingdom
547867,22741,FUNKY DIVA PEN,48,2011-03-27 13:56:00,0.85,13357.0,United Kingdom
547867,22722,SET OF 6 SPICE TINS PANTRY DESIGN,1,2011-03-27 13:56:00,3.95,13357.0,United Kingdom
547867,22891,TEA FOR ONE POLKADOT,2,2011-03-27 13:56:00,4.25,13357.0,United Kingdom
547867,21901,"KEY FOB , BACK DOOR ",10,2011-03-27 13:56:00,0.65,13357.0,United Kingdom
547867,21899,"KEY FOB , GARAGE DESIGN",7,2011-03-27 13:56:00,0.65,13357.0,United Kingdom
547867,21902,"KEY FOB , FRONT  DOOR ",10,2011-03-27 13:56:00,0.65,13357.0,United Kingdom
547867,22728,ALARM CLOCK BAKELIKE PINK,2,2011-03-27 13:56:00,3.75,13357.0,United Kingdom
547867,22730,ALARM CLOCK BAKELIKE IVORY,3,2011-03-27 13:56:00,3.75,13357.0,United Kingdom
547867,22729,ALARM CLOCK BAKELIKE ORANGE,1,2011-03-27 13:56:00,3.75,13357.0,United Kingdom
547867,22727,ALARM CLOCK BAKELIKE RED ,2,2011-03-27 13:56:00,3.75,13357.0,United Kingdom
547867,21174,POTTERING IN THE SHED METAL SIGN,1,2011-03-27 13:56:00,2.08,13357.0,United Kingdom
547867,21166,COOK WITH WINE METAL SIGN ,2,2011-03-27 13:56:00,2.08,13357.0,United Kingdom
547867,21181,PLEASE ONE PERSON METAL SIGN,3,2011-03-27 13:56:00,2.1,13357.0,United Kingdom
547867,21903,MAN FLU METAL SIGN,1,2011-03-27 13:56:00,2.1,13357.0,United Kingdom
547867,82600,NO SINGING METAL SIGN,1,2011-03-27 13:56:00,2.1,13357.0,United Kingdom
547867,85152,HAND OVER THE CHOCOLATE   SIGN ,2,2011-03-27 13:56:00,2.1,13357.0,United Kingdom
547867,21164,HOME SWEET HOME METAL SIGN ,3,2011-03-27 13:56:00,2.95,13357.0,United Kingdom
547867,21165,BEWARE OF THE CAT METAL SIGN ,3,2011-03-27 13:56:00,1.69,13357.0,United Kingdom
547867,22961,JAM MAKING SET PRINTED,4,2011-03-27 13:56:00,1.45,13357.0,United Kingdom
547867,20983,12 PENCILS TALL TUBE RED RETROSPOT,2,2011-03-27 13:56:00,0.85,13357.0,United Kingdom
547867,20975,12 PENCILS SMALL TUBE RED RETROSPOT,2,2011-03-27 13:56:00,0.65,13357.0,United Kingdom
547867,20978,36 PENCILS TUBE SKULLS,1,2011-03-27 13:56:00,1.25,13357.0,United Kingdom
547867,84991,60 TEATIME FAIRY CAKE CASES,1,2011-03-27 13:56:00,0.55,13357.0,United Kingdom
547867,20979,36 PENCILS TUBE RED RETROSPOT,2,2011-03-27 13:56:00,1.25,13357.0,United Kingdom
547867,20974,12 PENCILS SMALL TUBE SKULL,2,2011-03-27 13:56:00,0.65,13357.0,United Kingdom
547867,21991,BOHEMIAN COLLAGE STATIONERY SET,1,2011-03-27 13:56:00,2.95,13357.0,United Kingdom
547867,21212,PACK OF 72 RETROSPOT CAKE CASES,1,2011-03-27 13:56:00,0.55,13357.0,United Kingdom
547867,22969,HOMEMADE JAM SCENTED CANDLES,12,2011-03-27 13:56:00,1.45,13357.0,United Kingdom
547867,22726,ALARM CLOCK BAKELIKE GREEN,2,2011-03-27 13:56:00,3.75,13357.0,United Kingdom
547867,22077,6 RIBBONS RUSTIC CHARM,2,2011-03-27 13:56:00,1.65,13357.0,United Kingdom
547867,22082,RIBBON REEL STRIPES DESIGN ,5,2011-03-27 13:56:00,1.65,13357.0,United Kingdom
547867,21977,PACK OF 60 PINK PAISLEY CAKE CASES,1,2011-03-27 13:56:00,0.55,13357.0,United Kingdom
547867,21212,PACK OF 72 RETROSPOT CAKE CASES,2,2011-03-27 13:56:00,0.55,13357.0,United Kingdom
547867,84991,60 TEATIME FAIRY CAKE CASES,1,2011-03-27 13:56:00,0.55,13357.0,United Kingdom
547867,21993,FLORAL FOLK STATIONERY SET,2,2011-03-27 13:56:00,2.95,13357.0,United Kingdom
547867,21992,VINTAGE PAISLEY STATIONERY SET,1,2011-03-27 13:56:00,2.95,13357.0,United Kingdom
547867,85049D,BRIGHT BLUES RIBBONS ,1,2011-03-27 13:56:00,1.25,13357.0,United Kingdom
547867,22077,6 RIBBONS RUSTIC CHARM,4,2011-03-27 13:56:00,1.65,13357.0,United Kingdom
547867,85049F,BABY BOOM RIBBONS ,2,2011-03-27 13:56:00,1.25,13357.0,United Kingdom
547867,22078,RIBBON REEL LACE DESIGN ,5,2011-03-27 13:56:00,2.1,13357.0,United Kingdom
547867,85049E,SCANDINAVIAN REDS RIBBONS,2,2011-03-27 13:56:00,1.25,13357.0,United Kingdom
547867,85049C,ROMANTIC PINKS RIBBONS ,2,2011-03-27 13:56:00,1.25,13357.0,United Kingdom
547867,22666,RECIPE BOX PANTRY YELLOW DESIGN,2,2011-03-27 13:56:00,2.95,13357.0,United Kingdom
547867,22665,RECIPE BOX BLUE SKETCHBOOK DESIGN,1,2011-03-27 13:56:00,2.95,13357.0,United Kingdom
547867,22993,SET OF 4 PANTRY JELLY MOULDS,2,2011-03-27 13:56:00,1.25,13357.0,United Kingdom
547867,22219,LOVEBIRD HANGING DECORATION WHITE ,6,2011-03-27 13:56:00,0.85,13357.0,United Kingdom
547867,22980,PANTRY SCRUBBING BRUSH,2,2011-03-27 13:56:00,1.65,13357.0,United Kingdom
547867,22979,PANTRY WASHING UP BRUSH,2,2011-03-27 13:56:00,1.45,13357.0,United Kingdom
547867,22720,SET OF 3 CAKE TINS PANTRY DESIGN ,1,2011-03-27 13:56:00,4.95,13357.0,United Kingdom
547867,21986,PACK OF 12 PINK POLKADOT TISSUES,12,2011-03-27 13:56:00,0.29,13357.0,United Kingdom
547867,22722,SET OF 6 SPICE TINS PANTRY DESIGN,3,2011-03-27 13:56:00,3.95,13357.0,United Kingdom
547867,22938,CUPCAKE LACE PAPER SET 6,3,2011-03-27 13:56:00,1.95,13357.0,United Kingdom
547867,21980,PACK OF 12 RED RETROSPOT TISSUES ,12,2011-03-27 13:56:00,0.29,13357.0,United Kingdom
547867,21985,PACK OF 12 HEARTS DESIGN TISSUES ,12,2011-03-27 13:56:00,0.29,13357.0,United Kingdom
547867,84916,HAND TOWEL PALE BLUE W FLOWERS,2,2011-03-27 13:56:00,5.95,13357.0,United Kingdom
547867,84917,WHITE HAND TOWEL WITH BUTTERFLY,2,2011-03-27 13:56:00,5.95,13357.0,United Kingdom
547867,21078,SET/20 STRAWBERRY PAPER NAPKINS ,4,2011-03-27 13:56:00,0.85,13357.0,United Kingdom
547867,21080,SET/20 RED RETROSPOT PAPER NAPKINS ,2,2011-03-27 13:56:00,0.85,13357.0,United Kingdom
547867,22626,BLACK KITCHEN SCALES,1,2011-03-27 13:56:00,8.5,13357.0,United Kingdom
547867,22776,SWEETHEART CAKESTAND 3 TIER,1,2011-03-27 13:56:00,9.95,13357.0,United Kingdom
547867,22960,JAM MAKING SET WITH JARS,4,2011-03-27 13:56:00,4.25,13357.0,United Kingdom
547867,21586,KINGS CHOICE GIANT TUBE MATCHES,3,2011-03-27 13:56:00,2.55,13357.0,United Kingdom
547867,21584,RETROSPOT SMALL TUBE MATCHES,1,2011-03-27 13:56:00,1.65,13357.0,United Kingdom
547867,21588,RETROSPOT GIANT TUBE MATCHES,4,2011-03-27 13:56:00,2.55,13357.0,United Kingdom
547867,22423,REGENCY CAKESTAND 3 TIER,1,2011-03-27 13:56:00,12.75,13357.0,United Kingdom
547867,22303,COFFEE MUG APPLES DESIGN,6,2011-03-27 13:56:00,2.55,13357.0,United Kingdom
547867,22301,COFFEE MUG CAT + BIRD DESIGN,6,2011-03-27 13:56:00,2.55,13357.0,United Kingdom
547867,22300,COFFEE MUG DOG + BALL DESIGN,6,2011-03-27 13:56:00,2.55,13357.0,United Kingdom
547867,22302,COFFEE MUG PEARS  DESIGN,6,2011-03-27 13:56:00,2.55,13357.0,United Kingdom
547867,22653,BUTTON BOX ,3,2011-03-27 13:56:00,1.95,13357.0,United Kingdom
547867,22652,TRAVEL SEWING KIT,3,2011-03-27 13:56:00,1.65,13357.0,United Kingdom
547867,21110,LARGE CAKE TOWEL PINK SPOTS,1,2011-03-27 13:56:00,6.75,13357.0,United Kingdom
547867,21107,CREAM SLICE FLANNEL PINK SPOT ,2,2011-03-27 13:56:00,2.95,13357.0,United Kingdom
547867,21108,FAIRY CAKE FLANNEL ASSORTED COLOUR,6,2011-03-27 13:56:00,2.55,13357.0,United Kingdom
547867,21870,I CAN ONLY PLEASE ONE PERSON MUG,6,2011-03-27 13:56:00,1.25,13357.0,United Kingdom
547867,21874,GIN AND TONIC MUG,6,2011-03-27 13:56:00,1.25,13357.0,United Kingdom
547867,22907,PACK OF 20 NAPKINS PANTRY DESIGN,4,2011-03-27 13:56:00,0.85,13357.0,United Kingdom
547867,22989,SET 2 PANTRY DESIGN TEA TOWELS,1,2011-03-27 13:56:00,3.25,13357.0,United Kingdom
547867,22895,SET OF 2 TEA TOWELS APPLE AND PEARS,2,2011-03-27 13:56:00,2.95,13357.0,United Kingdom
547867,22111,SCOTTIE DOG HOT WATER BOTTLE,1,2011-03-27 13:56:00,4.95,13357.0,United Kingdom
547867,22835,HOT WATER BOTTLE I AM SO POORLY,2,2011-03-27 13:56:00,4.65,13357.0,United Kingdom
547867,84029G,KNITTED UNION FLAG HOT WATER BOTTLE,1,2011-03-27 13:56:00,3.75,13357.0,United Kingdom
547867,22607,WOODEN ROUNDERS GARDEN SET ,2,2011-03-27 13:56:00,9.95,13357.0,United Kingdom
547867,21115,ROSE CARAVAN DOORSTOP,2,2011-03-27 13:56:00,6.75,13357.0,United Kingdom
547867,22654,DELUXE SEWING KIT ,1,2011-03-27 13:56:00,5.95,13357.0,United Kingdom
547867,22606,WOODEN SKITTLES GARDEN SET,1,2011-03-27 13:56:00,15.95,13357.0,United Kingdom
547867,22968,ROSE COTTAGE KEEPSAKE BOX ,1,2011-03-27 13:56:00,9.95,13357.0,United Kingdom
547870,82494L,WOODEN FRAME ANTIQUE WHITE ,4,2011-03-27 14:18:00,2.95,13668.0,United Kingdom
547870,22617,BAKING SET SPACEBOY DESIGN,2,2011-03-27 14:18:00,4.95,13668.0,United Kingdom
547870,22138,BAKING SET 9 PIECE RETROSPOT ,2,2011-03-27 14:18:00,4.95,13668.0,United Kingdom
547870,22084,PAPER CHAIN KIT EMPIRE,2,2011-03-27 14:18:00,2.95,13668.0,United Kingdom
547870,47580,TEA TIME DES TEA COSY,2,2011-03-27 14:18:00,2.55,13668.0,United Kingdom
547870,82613D,METAL SIGN CUPCAKE SINGLE HOOK,4,2011-03-27 14:18:00,1.25,13668.0,United Kingdom
547870,82613C,"METAL SIGN,CUPCAKE SINGLE HOOK",4,2011-03-27 14:18:00,1.25,13668.0,United Kingdom
547870,82613A,"METAL SIGN,CUPCAKE SINGLE HOOK",4,2011-03-27 14:18:00,1.25,13668.0,United Kingdom
547870,82613B,"METAL SIGN,CUPCAKE SINGLE HOOK",4,2011-03-27 14:18:00,1.25,13668.0,United Kingdom
547870,21756,BATH BUILDING BLOCK WORD,4,2011-03-27 14:18:00,5.95,13668.0,United Kingdom
547870,22077,6 RIBBONS RUSTIC CHARM,6,2011-03-27 14:18:00,1.65,13668.0,United Kingdom
547870,21770,OPEN CLOSED METAL SIGN,1,2011-03-27 14:18:00,4.95,13668.0,United Kingdom
547870,85150,LADIES & GENTLEMEN METAL SIGN,4,2011-03-27 14:18:00,2.55,13668.0,United Kingdom
547870,82482,WOODEN PICTURE FRAME WHITE FINISH,6,2011-03-27 14:18:00,2.55,13668.0,United Kingdom
547870,22178,VICTORIAN GLASS HANGING T-LIGHT,6,2011-03-27 14:18:00,1.25,13668.0,United Kingdom
547870,85062,PEARL CRYSTAL PUMPKIN T-LIGHT HLDR,6,2011-03-27 14:18:00,1.65,13668.0,United Kingdom
547870,85071A,BLUE CHARLIE+LOLA PERSONAL DOORSIGN,3,2011-03-27 14:18:00,2.95,13668.0,United Kingdom
547870,85071B,RED CHARLIE+LOLA PERSONAL DOORSIGN,3,2011-03-27 14:18:00,2.95,13668.0,United Kingdom
547870,37448,CERAMIC CAKE DESIGN SPOTTED MUG,5,2011-03-27 14:18:00,1.49,13668.0,United Kingdom
547870,22059,CERAMIC STRAWBERRY DESIGN MUG,3,2011-03-27 14:18:00,1.49,13668.0,United Kingdom
547871,21770,OPEN CLOSED METAL SIGN,1,2011-03-27 14:28:00,4.95,16931.0,United Kingdom
547871,22855,FINE WICKER HEART ,3,2011-03-27 14:28:00,1.25,16931.0,United Kingdom
547871,21839,MUMMY MOUSE RED GINGHAM RIBBON,1,2011-03-27 14:28:00,5.45,16931.0,United Kingdom
547871,20713,JUMBO BAG OWLS,3,2011-03-27 14:28:00,1.95,16931.0,United Kingdom
547871,22381,TOY TIDY PINK POLKADOT,2,2011-03-27 14:28:00,2.1,16931.0,United Kingdom
547871,20712,JUMBO BAG WOODLAND ANIMALS,3,2011-03-27 14:28:00,1.95,16931.0,United Kingdom
547871,21930,JUMBO STORAGE BAG SKULLS,3,2011-03-27 14:28:00,1.95,16931.0,United Kingdom
547871,22381,TOY TIDY PINK POLKADOT,1,2011-03-27 14:28:00,2.1,16931.0,United Kingdom
547871,22219,LOVEBIRD HANGING DECORATION WHITE ,6,2011-03-27 14:28:00,0.85,16931.0,United Kingdom
547871,22077,6 RIBBONS RUSTIC CHARM,7,2011-03-27 14:28:00,1.65,16931.0,United Kingdom
547871,22079,RIBBON REEL HEARTS DESIGN ,1,2011-03-27 14:28:00,1.65,16931.0,United Kingdom
547871,22081,RIBBON REEL FLORA + FAUNA ,1,2011-03-27 14:28:00,1.65,16931.0,United Kingdom
547871,22078,RIBBON REEL LACE DESIGN ,1,2011-03-27 14:28:00,2.1,16931.0,United Kingdom
547871,22265,EASTER DECORATION NATURAL CHICK,5,2011-03-27 14:28:00,0.65,16931.0,United Kingdom
547871,22268,EASTER DECORATION SITTING BUNNY,3,2011-03-27 14:28:00,0.85,16931.0,United Kingdom
547871,21993,FLORAL FOLK STATIONERY SET,3,2011-03-27 14:28:00,2.95,16931.0,United Kingdom
547871,22435,SET OF 9 HEART SHAPED BALLOONS,3,2011-03-27 14:28:00,1.25,16931.0,United Kingdom
547871,22570,FELTCRAFT CUSHION RABBIT,3,2011-03-27 14:28:00,3.75,16931.0,United Kingdom
547871,21179,NO JUNK MAIL METAL SIGN,3,2011-03-27 14:28:00,1.25,16931.0,United Kingdom
547871,22865,HAND WARMER OWL DESIGN,3,2011-03-27 14:28:00,2.1,16931.0,United Kingdom
547871,22560,TRADITIONAL MODELLING CLAY,3,2011-03-27 14:28:00,1.25,16931.0,United Kingdom
547871,22554,PLASTERS IN TIN WOODLAND ANIMALS,6,2011-03-27 14:28:00,1.65,16931.0,United Kingdom
547871,22556,PLASTERS IN TIN CIRCUS PARADE ,6,2011-03-27 14:28:00,1.65,16931.0,United Kingdom
547871,22621,TRADITIONAL KNITTING NANCY,3,2011-03-27 14:28:00,1.45,16931.0,United Kingdom
547871,22521,CHILDS GARDEN TROWEL PINK,2,2011-03-27 14:28:00,0.85,16931.0,United Kingdom
547871,22520,CHILDS GARDEN TROWEL BLUE ,6,2011-03-27 14:28:00,0.85,16931.0,United Kingdom
547871,22771,CLEAR DRAWER KNOB ACRYLIC EDWARDIAN,1,2011-03-27 14:28:00,1.25,16931.0,United Kingdom
547871,22521,CHILDS GARDEN TROWEL PINK,5,2011-03-27 14:28:00,0.85,16931.0,United Kingdom
547871,22525,CHILDRENS GARDEN GLOVES PINK,2,2011-03-27 14:28:00,1.25,16931.0,United Kingdom
547871,22524,CHILDRENS GARDEN GLOVES BLUE,2,2011-03-27 14:28:00,1.25,16931.0,United Kingdom
547871,85038,6 CHOCOLATE LOVE HEART T-LIGHTS,6,2011-03-27 14:28:00,2.1,16931.0,United Kingdom
547871,85169C,EAU DE NIL LOVE BIRD CANDLE,1,2011-03-27 14:28:00,1.25,16931.0,United Kingdom
547871,85169D,PINK LOVE BIRD CANDLE,1,2011-03-27 14:28:00,1.25,16931.0,United Kingdom
547871,85123A,WHITE HANGING HEART T-LIGHT HOLDER,3,2011-03-27 14:28:00,2.95,16931.0,United Kingdom
547871,17012C,ORIGAMI LAVENDER INCENSE/CANDL SET ,5,2011-03-27 14:28:00,2.55,16931.0,United Kingdom
547871,17012F,ORIGAMI SANDLEWOOD INCENSE/CAND SET,2,2011-03-27 14:28:00,2.55,16931.0,United Kingdom
547871,85040B,SET/4 BLUE FLOWER CANDLES IN BOWL,4,2011-03-27 14:28:00,1.65,16931.0,United Kingdom
547871,85040A,S/4 PINK FLOWER CANDLES IN BOWL,2,2011-03-27 14:28:00,1.65,16931.0,United Kingdom
547871,22139,RETROSPOT TEA SET CERAMIC 11 PC ,3,2011-03-27 14:28:00,4.95,16931.0,United Kingdom
547871,22176,BLUE OWL SOFT TOY,2,2011-03-27 14:28:00,2.95,16931.0,United Kingdom
547871,22175,PINK OWL SOFT TOY,3,2011-03-27 14:28:00,2.95,16931.0,United Kingdom
547871,22432,WATERING CAN PINK BUNNY,3,2011-03-27 14:28:00,1.95,16931.0,United Kingdom
547871,22431,WATERING CAN BLUE ELEPHANT,3,2011-03-27 14:28:00,1.95,16931.0,United Kingdom
547871,22433,WATERING CAN GREEN DINOSAUR,3,2011-03-27 14:28:00,1.95,16931.0,United Kingdom
547871,21135,VICTORIAN  METAL POSTCARD SPRING,6,2011-03-27 14:28:00,1.69,16931.0,United Kingdom
547871,84519B,CARROT CHARLIE+LOLA COASTER SET,3,2011-03-27 14:28:00,1.25,16931.0,United Kingdom
547871,37482P,CUBIC MUG PINK POLKADOT,6,2011-03-27 14:28:00,0.39,16931.0,United Kingdom
547871,21874,GIN AND TONIC MUG,3,2011-03-27 14:28:00,1.25,16931.0,United Kingdom
547871,85028S,FRENCH CHATEAU SMALL FRUITBOWL,2,2011-03-27 14:28:00,1.95,16931.0,United Kingdom
547871,85028L,FRENCH CHATEAU LARGE FRUIT BOWL ,2,2011-03-27 14:28:00,1.95,16931.0,United Kingdom
547871,20711,JUMBO BAG TOYS ,3,2011-03-27 14:28:00,1.95,16931.0,United Kingdom
547872,23154,SET OF 4 JAM JAR MAGNETS,2,2011-03-27 14:34:00,2.08,16777.0,United Kingdom
547872,22749,FELTCRAFT PRINCESS CHARLOTTE DOLL,1,2011-03-27 14:34:00,3.75,16777.0,United Kingdom
547872,22940,FELTCRAFT CHRISTMAS FAIRY,1,2011-03-27 14:34:00,4.25,16777.0,United Kingdom
547872,22326,ROUND SNACK BOXES SET OF4 WOODLAND ,1,2011-03-27 14:34:00,2.95,16777.0,United Kingdom
547872,85123A,WHITE HANGING HEART T-LIGHT HOLDER,6,2011-03-27 14:34:00,2.95,16777.0,United Kingdom
547872,22960,JAM MAKING SET WITH JARS,1,2011-03-27 14:34:00,4.25,16777.0,United Kingdom
547872,22895,SET OF 2 TEA TOWELS APPLE AND PEARS,2,2011-03-27 14:34:00,2.95,16777.0,United Kingdom
547872,22659,LUNCH BOX I LOVE LONDON,1,2011-03-27 14:34:00,1.95,16777.0,United Kingdom
547872,22633,HAND WARMER UNION JACK,1,2011-03-27 14:34:00,2.1,16777.0,United Kingdom
547872,23159,SET OF 5 PANCAKE DAY MAGNETS,1,2011-03-27 14:34:00,2.08,16777.0,United Kingdom
547872,23154,SET OF 4 JAM JAR MAGNETS,1,2011-03-27 14:34:00,2.08,16777.0,United Kingdom
547872,22535,MAGIC DRAWING SLATE BUNNIES ,1,2011-03-27 14:34:00,0.42,16777.0,United Kingdom
547872,22501,PICNIC BASKET WICKER LARGE,1,2011-03-27 14:34:00,9.95,16777.0,United Kingdom
547872,22165,"DIAMANTE HEART SHAPED WALL MIRROR, ",1,2011-03-27 14:34:00,12.75,16777.0,United Kingdom
547872,48173C,DOORMAT BLACK FLOCK ,1,2011-03-27 14:34:00,7.95,16777.0,United Kingdom
547872,48129,DOORMAT TOPIARY,1,2011-03-27 14:34:00,7.95,16777.0,United Kingdom
547872,48194,DOORMAT HEARTS,1,2011-03-27 14:34:00,7.95,16777.0,United Kingdom
547872,22314,OFFICE MUG WARMER CHOC+BLUE,1,2011-03-27 14:34:00,2.95,16777.0,United Kingdom
547872,48184,DOORMAT ENGLISH ROSE ,1,2011-03-27 14:34:00,7.95,16777.0,United Kingdom
547872,48187,DOORMAT NEW ENGLAND,1,2011-03-27 14:34:00,7.95,16777.0,United Kingdom
547872,15058B,PINK POLKADOT GARDEN PARASOL,2,2011-03-27 14:34:00,7.95,16777.0,United Kingdom
547872,22328,ROUND SNACK BOXES SET OF 4 FRUITS ,1,2011-03-27 14:34:00,2.95,16777.0,United Kingdom
547872,23154,SET OF 4 JAM JAR MAGNETS,1,2011-03-27 14:34:00,2.08,16777.0,United Kingdom
547872,22639,SET OF 4 NAPKIN CHARMS HEARTS,1,2011-03-27 14:34:00,2.55,16777.0,United Kingdom
547872,22642,SET OF 4 NAPKIN CHARMS STARS   ,1,2011-03-27 14:34:00,2.55,16777.0,United Kingdom
547872,22640,SET OF 4 NAPKIN CHARMS 3 KEYS ,1,2011-03-27 14:34:00,2.55,16777.0,United Kingdom
547872,22662,LUNCH BAG DOLLY GIRL DESIGN,1,2011-03-27 14:34:00,1.65,16777.0,United Kingdom
547872,20728,LUNCH BAG CARS BLUE,1,2011-03-27 14:34:00,1.65,16777.0,United Kingdom
547872,22662,LUNCH BAG DOLLY GIRL DESIGN,1,2011-03-27 14:34:00,1.65,16777.0,United Kingdom
547872,22384,LUNCH BAG PINK POLKADOT,2,2011-03-27 14:34:00,1.65,16777.0,United Kingdom
547872,22530,MAGIC DRAWING SLATE DOLLY GIRL ,1,2011-03-27 14:34:00,0.42,16777.0,United Kingdom
547872,20979,36 PENCILS TUBE RED RETROSPOT,1,2011-03-27 14:34:00,1.25,16777.0,United Kingdom
547872,21932,SCANDINAVIAN PAISLEY PICNIC BAG,1,2011-03-27 14:34:00,2.95,16777.0,United Kingdom
547872,21933,PINK VINTAGE PAISLEY PICNIC BAG,1,2011-03-27 14:34:00,2.95,16777.0,United Kingdom
547872,22631,CIRCUS PARADE LUNCH BOX ,1,2011-03-27 14:34:00,1.95,16777.0,United Kingdom
547872,21559,STRAWBERRY LUNCH BOX WITH CUTLERY,2,2011-03-27 14:34:00,2.55,16777.0,United Kingdom
547872,84375,SET OF 20 KIDS COOKIE CUTTERS,1,2011-03-27 14:34:00,2.1,16777.0,United Kingdom
547872,22352,LUNCH BOX WITH CUTLERY RETROSPOT ,1,2011-03-27 14:34:00,2.55,16777.0,United Kingdom
547872,23159,SET OF 5 PANCAKE DAY MAGNETS,2,2011-03-27 14:34:00,2.08,16777.0,United Kingdom
547873,21376,LARGE  TALL CAMPHOR WOOD TOADSTOOL ,4,2011-03-27 15:33:00,5.45,13240.0,United Kingdom
547873,85141,JARDIN ETCHED GLASS FRUITBOWL,1,2011-03-27 15:33:00,10.75,13240.0,United Kingdom
547873,21714,CITRONELLA CANDLE GARDEN POT,6,2011-03-27 15:33:00,1.25,13240.0,United Kingdom
547873,21730,GLASS STAR FROSTED T-LIGHT HOLDER,3,2011-03-27 15:33:00,4.95,13240.0,United Kingdom
547873,22482,BLUE TEA TOWEL CLASSIC DESIGN,3,2011-03-27 15:33:00,1.25,13240.0,United Kingdom
547873,22481,BLACK TEA TOWEL CLASSIC DESIGN,3,2011-03-27 15:33:00,1.25,13240.0,United Kingdom
547873,22480,RED TEA TOWEL CLASSIC DESIGN,3,2011-03-27 15:33:00,1.25,13240.0,United Kingdom
547873,22905,CALENDAR IN SEASON DESIGN,3,2011-03-27 15:33:00,2.95,13240.0,United Kingdom
547873,22302,COFFEE MUG PEARS  DESIGN,6,2011-03-27 15:33:00,2.55,13240.0,United Kingdom
547873,21613,S/12 VANILLA  BOTANICAL T-LIGHTS,3,2011-03-27 15:33:00,2.95,13240.0,United Kingdom
547873,M,Manual,1,2011-03-27 15:33:00,14.95,13240.0,United Kingdom
547873,22188,BLACK HEART CARD HOLDER,3,2011-03-27 15:33:00,3.95,13240.0,United Kingdom
547873,22185,SLATE TILE NATURAL HANGING,3,2011-03-27 15:33:00,1.65,13240.0,United Kingdom
547873,22488,NATURAL SLATE RECTANGLE CHALKBOARD,3,2011-03-27 15:33:00,1.65,13240.0,United Kingdom
547873,22457,NATURAL SLATE HEART CHALKBOARD ,3,2011-03-27 15:33:00,2.95,13240.0,United Kingdom
547873,22427,ENAMEL FLOWER JUG CREAM,3,2011-03-27 15:33:00,5.95,13240.0,United Kingdom
547873,84279P,CHERRY BLOSSOM  DECORATIVE FLASK,1,2011-03-27 15:33:00,3.75,13240.0,United Kingdom
547873,84279B,CHERRY BLOSSOM DECORATIVE FLASK,1,2011-03-27 15:33:00,3.75,13240.0,United Kingdom
547873,85053,FRENCH ENAMEL CANDLEHOLDER,2,2011-03-27 15:33:00,2.1,13240.0,United Kingdom
547873,22893,MINI CAKE STAND T-LIGHT HOLDER,12,2011-03-27 15:33:00,0.42,13240.0,United Kingdom
547873,22863,SOAP DISH BROCANTE,4,2011-03-27 15:33:00,2.95,13240.0,United Kingdom
547873,85144,JARDIN ETCHED GLASS CHEESE DISH,2,2011-03-27 15:33:00,7.25,13240.0,United Kingdom
547873,85145,JARDIN ETCHED GLASS LARGE BELL JAR,1,2011-03-27 15:33:00,12.75,13240.0,United Kingdom
547874,22090,PAPER BUNTING RETROSPOT,2,2011-03-27 15:39:00,2.95,14476.0,United Kingdom
547874,22499,WOODEN UNION JACK BUNTING,3,2011-03-27 15:39:00,5.95,14476.0,United Kingdom
547874,35922,EASTER BUNNY WREATH,2,2011-03-27 15:39:00,4.95,14476.0,United Kingdom
547874,85123A,WHITE HANGING HEART T-LIGHT HOLDER,5,2011-03-27 15:39:00,2.95,14476.0,United Kingdom
547874,21390,FILIGRIS HEART WITH BUTTERFLY,24,2011-03-27 15:39:00,1.25,14476.0,United Kingdom
547874,22241,GARLAND WOODEN HAPPY EASTER,12,2011-03-27 15:39:00,1.25,14476.0,United Kingdom
547874,22477,WATERING CAN GARDEN MARKER,10,2011-03-27 15:39:00,1.25,14476.0,United Kingdom
547874,22477,WATERING CAN GARDEN MARKER,10,2011-03-27 15:39:00,1.25,14476.0,United Kingdom
547874,85212,MINI PAINTED GARDEN DECORATION ,12,2011-03-27 15:39:00,0.85,14476.0,United Kingdom
547874,21110,LARGE CAKE TOWEL PINK SPOTS,1,2011-03-27 15:39:00,6.75,14476.0,United Kingdom
547874,21109,LARGE CAKE TOWEL CHOCOLATE SPOTS,2,2011-03-27 15:39:00,6.75,14476.0,United Kingdom
547874,22220,CAKE STAND LOVEBIRD 2 TIER WHITE,1,2011-03-27 15:39:00,9.95,14476.0,United Kingdom
547874,22084,PAPER CHAIN KIT EMPIRE,2,2011-03-27 15:39:00,2.95,14476.0,United Kingdom
547874,21363,HOME SMALL WOOD LETTERS,1,2011-03-27 15:39:00,4.95,14476.0,United Kingdom
547874,22284,HEN HOUSE DECORATION,2,2011-03-27 15:39:00,1.65,14476.0,United Kingdom
547874,22249,DECORATION WHITE CHICK MAGIC GARDEN,5,2011-03-27 15:39:00,0.85,14476.0,United Kingdom
547874,85212,MINI PAINTED GARDEN DECORATION ,12,2011-03-27 15:39:00,0.85,14476.0,United Kingdom
547874,22189,CREAM HEART CARD HOLDER,2,2011-03-27 15:39:00,3.95,14476.0,United Kingdom
547874,85061W,WHITE JEWELLED HEART DECORATION,24,2011-03-27 15:39:00,0.85,14476.0,United Kingdom
547875,46000S,POLYESTER FILLER PAD 40x40cm,2,2011-03-27 15:40:00,1.45,13408.0,United Kingdom
547875,22294,HEART FILIGREE DOVE  SMALL,48,2011-03-27 15:40:00,1.25,13408.0,United Kingdom
547875,47590A,BLUE HAPPY BIRTHDAY BUNTING,6,2011-03-27 15:40:00,5.45,13408.0,United Kingdom
547875,22855,FINE WICKER HEART ,48,2011-03-27 15:40:00,1.06,13408.0,United Kingdom
547875,22558,CLOTHES PEGS RETROSPOT PACK 24 ,48,2011-03-27 15:40:00,1.25,13408.0,United Kingdom
547875,22456,NATURAL SLATE CHALKBOARD LARGE ,12,2011-03-27 15:40:00,4.95,13408.0,United Kingdom
547875,22115,METAL SIGN EMPIRE TEA,12,2011-03-27 15:40:00,2.95,13408.0,United Kingdom
547875,47590B,PINK HAPPY BIRTHDAY BUNTING,6,2011-03-27 15:40:00,5.45,13408.0,United Kingdom
547875,22265,EASTER DECORATION NATURAL CHICK,48,2011-03-27 15:40:00,0.65,13408.0,United Kingdom
547875,22291,HANGING CHICK CREAM DECORATION,48,2011-03-27 15:40:00,1.45,13408.0,United Kingdom
547875,22907,PACK OF 20 NAPKINS PANTRY DESIGN,48,2011-03-27 15:40:00,0.85,13408.0,United Kingdom
547875,22960,JAM MAKING SET WITH JARS,12,2011-03-27 15:40:00,3.75,13408.0,United Kingdom
547875,22191,IVORY DINER WALL CLOCK,12,2011-03-27 15:40:00,7.65,13408.0,United Kingdom
547876,22215,CAKE STAND WHITE TWO TIER LACE,2,2011-03-27 15:41:00,8.5,16638.0,United Kingdom
547876,22423,REGENCY CAKESTAND 3 TIER,2,2011-03-27 15:41:00,12.75,16638.0,United Kingdom
547876,22236,CAKE STAND 3 TIER MAGIC GARDEN,1,2011-03-27 15:41:00,12.75,16638.0,United Kingdom
547876,72760B,VINTAGE CREAM 3 BASKET CAKE STAND,2,2011-03-27 15:41:00,9.95,16638.0,United Kingdom
547876,22891,TEA FOR ONE POLKADOT,3,2011-03-27 15:41:00,4.25,16638.0,United Kingdom
547876,37500,TEA TIME TEAPOT IN GIFT BOX,12,2011-03-27 15:41:00,4.95,16638.0,United Kingdom
547876,37501,TEA TIME TEA SET IN GIFT BOX,6,2011-03-27 15:41:00,6.95,16638.0,United Kingdom
547876,22071,SMALL WHITE RETROSPOT MUG IN BOX ,6,2011-03-27 15:41:00,3.75,16638.0,United Kingdom
547876,84796A,PINK HAWAIIAN PICNIC HAMPER FOR 2,1,2011-03-27 15:41:00,12.75,16638.0,United Kingdom
547876,84796B,BLUE SAVANNAH PICNIC HAMPER FOR 2,1,2011-03-27 15:41:00,12.75,16638.0,United Kingdom
547876,22168,ORGANISER WOOD ANTIQUE WHITE ,2,2011-03-27 15:41:00,8.5,16638.0,United Kingdom
547877,37479B,CUBIC MUG FLOCK BLUE ON BROWN,1,2011-03-27 15:46:00,0.39,14573.0,United Kingdom
547877,37479P,CUBIC MUG FLOCK PINK ON BROWN,1,2011-03-27 15:46:00,0.39,14573.0,United Kingdom
547877,82580,BATHROOM METAL SIGN,4,2011-03-27 15:46:00,0.55,14573.0,United Kingdom
547877,82581,TOILET METAL SIGN,4,2011-03-27 15:46:00,0.55,14573.0,United Kingdom
547877,82578,KITCHEN METAL SIGN,4,2011-03-27 15:46:00,0.55,14573.0,United Kingdom
547877,21669,BLUE STRIPE CERAMIC DRAWER KNOB,2,2011-03-27 15:46:00,1.25,14573.0,United Kingdom
547877,21668,RED STRIPE CERAMIC DRAWER KNOB,2,2011-03-27 15:46:00,1.25,14573.0,United Kingdom
547877,21670,BLUE SPOT CERAMIC DRAWER KNOB,2,2011-03-27 15:46:00,1.25,14573.0,United Kingdom
547877,21671,RED SPOT CERAMIC DRAWER KNOB,2,2011-03-27 15:46:00,1.25,14573.0,United Kingdom
547877,21672,WHITE SPOT RED CERAMIC DRAWER KNOB,2,2011-03-27 15:46:00,1.25,14573.0,United Kingdom
547877,21673,WHITE SPOT BLUE CERAMIC DRAWER KNOB,2,2011-03-27 15:46:00,1.25,14573.0,United Kingdom
547877,22173,METAL 4 HOOK HANGER FRENCH CHATEAU,3,2011-03-27 15:46:00,2.95,14573.0,United Kingdom
547877,22794,SWEETHEART WIRE MAGAZINE RACK,1,2011-03-27 15:46:00,7.95,14573.0,United Kingdom
547877,22423,REGENCY CAKESTAND 3 TIER,1,2011-03-27 15:46:00,12.75,14573.0,United Kingdom
547877,22666,RECIPE BOX PANTRY YELLOW DESIGN,1,2011-03-27 15:46:00,2.95,14573.0,United Kingdom
547877,22665,RECIPE BOX BLUE SKETCHBOOK DESIGN,1,2011-03-27 15:46:00,2.95,14573.0,United Kingdom
547877,22424,ENAMEL BREAD BIN CREAM,3,2011-03-27 15:46:00,12.75,14573.0,United Kingdom
547877,22763,KEY CABINET MA CAMPAGNE,1,2011-03-27 15:46:00,9.95,14573.0,United Kingdom
547877,22762,CUPBOARD 3 DRAWER MA CAMPAGNE,1,2011-03-27 15:46:00,14.95,14573.0,United Kingdom
547877,21781,MA CAMPAGNE CUTLERY BOX,3,2011-03-27 15:46:00,14.95,14573.0,United Kingdom
547878,84970S,HANGING HEART ZINC T-LIGHT HOLDER,90,2011-03-27 16:01:00,0.85,15939.0,United Kingdom
547878,84970L,SINGLE HEART ZINC T-LIGHT HOLDER,40,2011-03-27 16:01:00,0.95,15939.0,United Kingdom
547878,22151,PLACE SETTING WHITE HEART,40,2011-03-27 16:01:00,0.42,15939.0,United Kingdom
547879,15044C,PURPLE PAPER PARASOL,12,2011-03-27 16:03:00,2.95,12877.0,United Kingdom
547879,15044A,PINK PAPER PARASOL ,6,2011-03-27 16:03:00,2.95,12877.0,United Kingdom
547879,15044D,RED PAPER PARASOL,6,2011-03-27 16:03:00,2.95,12877.0,United Kingdom
547879,15036,ASSORTED COLOURS SILK FAN,12,2011-03-27 16:03:00,0.75,12877.0,United Kingdom
547879,15034,PAPER POCKET TRAVELING FAN ,24,2011-03-27 16:03:00,0.14,12877.0,United Kingdom
547880,21314,SMALL GLASS HEART TRINKET POT,2,2011-03-27 16:05:00,2.1,15426.0,United Kingdom
547880,21137,BLACK RECORD COVER FRAME,12,2011-03-27 16:05:00,3.75,15426.0,United Kingdom
547880,82482,WOODEN PICTURE FRAME WHITE FINISH,6,2011-03-27 16:05:00,2.55,15426.0,United Kingdom
547880,22798,ANTIQUE GLASS DRESSING TABLE POT,2,2011-03-27 16:05:00,2.95,15426.0,United Kingdom
547880,21422,PORCELAIN ROSE SMALL,6,2011-03-27 16:05:00,0.85,15426.0,United Kingdom
547880,21421,PORCELAIN ROSE LARGE ,6,2011-03-27 16:05:00,1.25,15426.0,United Kingdom
547880,22427,ENAMEL FLOWER JUG CREAM,2,2011-03-27 16:05:00,5.95,15426.0,United Kingdom
547880,21535,RED RETROSPOT SMALL MILK JUG,1,2011-03-27 16:05:00,2.55,15426.0,United Kingdom
547880,21754,HOME BUILDING BLOCK WORD,2,2011-03-27 16:05:00,5.95,15426.0,United Kingdom
547880,21756,BATH BUILDING BLOCK WORD,2,2011-03-27 16:05:00,5.95,15426.0,United Kingdom
547880,22801,ANTIQUE GLASS PEDESTAL BOWL,2,2011-03-27 16:05:00,3.75,15426.0,United Kingdom
547880,21745,GAOLERS KEYS DECORATIVE GARDEN ,2,2011-03-27 16:05:00,3.75,15426.0,United Kingdom
547880,21155,RED RETROSPOT PEG BAG,4,2011-03-27 16:05:00,2.55,15426.0,United Kingdom
547880,21354,TOAST ITS - BEST MUM,1,2011-03-27 16:05:00,1.25,15426.0,United Kingdom
547880,22417,PACK OF 60 SPACEBOY CAKE CASES,1,2011-03-27 16:05:00,0.55,15426.0,United Kingdom
547880,21975,PACK OF 60 DINOSAUR CAKE CASES,2,2011-03-27 16:05:00,0.55,15426.0,United Kingdom
547880,21866,UNION JACK FLAG LUGGAGE TAG,1,2011-03-27 16:05:00,1.25,15426.0,United Kingdom
547880,21212,PACK OF 72 RETROSPOT CAKE CASES,1,2011-03-27 16:05:00,0.55,15426.0,United Kingdom
547880,22933,BAKING MOULD EASTER EGG MILK CHOC,2,2011-03-27 16:05:00,2.95,15426.0,United Kingdom
547880,22964,3 PIECE SPACEBOY COOKIE CUTTER SET,1,2011-03-27 16:05:00,2.1,15426.0,United Kingdom
547880,84832,ZINC WILLIE WINKIE  CANDLE STICK,4,2011-03-27 16:05:00,0.85,15426.0,United Kingdom
547880,22569,FELTCRAFT CUSHION BUTTERFLY,1,2011-03-27 16:05:00,3.75,15426.0,United Kingdom
547880,21043,APRON MODERN VINTAGE COTTON,3,2011-03-27 16:05:00,1.95,15426.0,United Kingdom
547880,22197,SMALL POPCORN HOLDER,21,2011-03-27 16:05:00,0.85,15426.0,United Kingdom
547880,21933,PINK VINTAGE PAISLEY PICNIC BAG,2,2011-03-27 16:05:00,2.95,15426.0,United Kingdom
547880,22558,CLOTHES PEGS RETROSPOT PACK 24 ,4,2011-03-27 16:05:00,1.49,15426.0,United Kingdom
547880,21932,SCANDINAVIAN PAISLEY PICNIC BAG,2,2011-03-27 16:05:00,2.95,15426.0,United Kingdom
547880,23177,TREASURE ISLAND BOOK BOX,2,2011-03-27 16:05:00,2.25,15426.0,United Kingdom
547880,23176,ABC TREASURE BOOK BOX ,2,2011-03-27 16:05:00,2.25,15426.0,United Kingdom
547880,22318,FIVE HEART HANGING DECORATION,1,2011-03-27 16:05:00,2.95,15426.0,United Kingdom
547880,22483,RED GINGHAM TEDDY BEAR ,2,2011-03-27 16:05:00,2.95,15426.0,United Kingdom
547880,22169,FAMILY ALBUM WHITE PICTURE FRAME,1,2011-03-27 16:05:00,8.5,15426.0,United Kingdom
547880,22763,KEY CABINET MA CAMPAGNE,1,2011-03-27 16:05:00,9.95,15426.0,United Kingdom
547880,84789,ENCHANTED BIRD PLANT CAGE,2,2011-03-27 16:05:00,3.75,15426.0,United Kingdom
547881,22692,DOORMAT WELCOME TO OUR HOME,1,2011-03-27 16:08:00,7.95,13110.0,United Kingdom
547881,48138,DOORMAT UNION FLAG,2,2011-03-27 16:08:00,7.95,13110.0,United Kingdom
547881,82494L,WOODEN FRAME ANTIQUE WHITE ,2,2011-03-27 16:08:00,2.95,13110.0,United Kingdom
547881,82482,WOODEN PICTURE FRAME WHITE FINISH,2,2011-03-27 16:08:00,2.55,13110.0,United Kingdom
547881,22621,TRADITIONAL KNITTING NANCY,3,2011-03-27 16:08:00,1.45,13110.0,United Kingdom
547881,22084,PAPER CHAIN KIT EMPIRE,12,2011-03-27 16:08:00,2.95,13110.0,United Kingdom
547881,23006,TRAVEL CARD WALLET FLOWER MEADOW,1,2011-03-27 16:08:00,0.42,13110.0,United Kingdom
547881,22621,TRADITIONAL KNITTING NANCY,1,2011-03-27 16:08:00,1.45,13110.0,United Kingdom
547881,22498,WOODEN REGATTA BUNTING,1,2011-03-27 16:08:00,5.95,13110.0,United Kingdom
547881,22286,"DECORATION , WOBBLY RABBIT , METAL ",2,2011-03-27 16:08:00,1.65,13110.0,United Kingdom
547881,22287,"DECORATION , WOBBLY CHICKEN, METAL ",2,2011-03-27 16:08:00,1.65,13110.0,United Kingdom
547881,22499,WOODEN UNION JACK BUNTING,3,2011-03-27 16:08:00,5.95,13110.0,United Kingdom
547881,22423,REGENCY CAKESTAND 3 TIER,2,2011-03-27 16:08:00,12.75,13110.0,United Kingdom
547881,22380,TOY TIDY SPACEBOY  ,1,2011-03-27 16:08:00,2.1,13110.0,United Kingdom
547881,22189,CREAM HEART CARD HOLDER,2,2011-03-27 16:08:00,3.95,13110.0,United Kingdom
547881,85123A,WHITE HANGING HEART T-LIGHT HOLDER,6,2011-03-27 16:08:00,2.95,13110.0,United Kingdom
547881,23052,RECYCLED ACAPULCO MAT TURQUOISE,1,2011-03-27 16:08:00,8.25,13110.0,United Kingdom
547881,22907,PACK OF 20 NAPKINS PANTRY DESIGN,1,2011-03-27 16:08:00,0.85,13110.0,United Kingdom
547881,21993,FLORAL FOLK STATIONERY SET,1,2011-03-27 16:08:00,2.95,13110.0,United Kingdom
547881,84991,60 TEATIME FAIRY CAKE CASES,1,2011-03-27 16:08:00,0.55,13110.0,United Kingdom
547881,22231,JIGSAW TREE WITH BIRDHOUSE,1,2011-03-27 16:08:00,1.45,13110.0,United Kingdom
547881,22228,BUNNY WOODEN PAINTED WITH BIRD ,2,2011-03-27 16:08:00,0.85,13110.0,United Kingdom
547881,22208,WOOD STAMP SET THANK YOU,2,2011-03-27 16:08:00,1.65,13110.0,United Kingdom
547881,85049G,CHOCOLATE BOX RIBBONS ,1,2011-03-27 16:08:00,1.25,13110.0,United Kingdom
547881,21975,PACK OF 60 DINOSAUR CAKE CASES,1,2011-03-27 16:08:00,0.55,13110.0,United Kingdom
547881,22417,PACK OF 60 SPACEBOY CAKE CASES,1,2011-03-27 16:08:00,0.55,13110.0,United Kingdom
547881,10124A,SPOTS ON RED BOOKCOVER TAPE,1,2011-03-27 16:08:00,0.42,13110.0,United Kingdom
547881,84218,BOX/12 CHICK & EGG IN BASKET,1,2011-03-27 16:08:00,1.95,13110.0,United Kingdom
547881,22230,JIGSAW TREE WITH WATERING CAN,2,2011-03-27 16:08:00,0.85,13110.0,United Kingdom
547881,22261,FELT EGG COSY WHITE RABBIT ,2,2011-03-27 16:08:00,0.85,13110.0,United Kingdom
547881,22262,FELT EGG COSY CHICKEN,2,2011-03-27 16:08:00,0.85,13110.0,United Kingdom
547881,35913B,WHITE/PINK CHICK EASTER DECORATION,4,2011-03-27 16:08:00,0.85,13110.0,United Kingdom
