InvoiceNo,StockCode,Description,Quantity,InvoiceDate,UnitPrice,CustomerID,Country
546315,22423,REGENCY CAKESTAND 3 TIER,1,2011-03-11 08:31:00,12.75,16558.0,United Kingdom
546315,22699,ROSES REGENCY TEACUP AND SAUCER ,6,2011-03-11 08:31:00,2.95,16558.0,United Kingdom
546315,22697,GREEN REGENCY TEACUP AND SAUCER,6,2011-03-11 08:31:00,2.95,16558.0,United Kingdom
546315,22698,PINK REGENCY TEACUP AND SAUCER,6,2011-03-11 08:31:00,2.95,16558.0,United Kingdom
546315,22649,STRAWBERRY FAIRY CAKE TEAPOT,8,2011-03-11 08:31:00,4.95,16558.0,United Kingdom
546315,22059,CERAMIC STRAWBERRY DESIGN MUG,12,2011-03-11 08:31:00,1.49,16558.0,United Kingdom
546315,20724,RED RETROSPOT CHARLOTTE BAG,10,2011-03-11 08:31:00,0.85,16558.0,United Kingdom
546315,22661,CHARLOTTE BAG DOLLY GIRL DESIGN,10,2011-03-11 08:31:00,0.85,16558.0,United Kingdom
546315,72741,GRAND CHOCOLATECANDLE,9,2011-03-11 08:31:00,1.45,16558.0,United Kingdom
546315,20713,JUMBO BAG OWLS,10,2011-03-11 08:31:00,1.95,16558.0,United Kingdom
546315,22663,JUMBO BAG DOLLY GIRL DESIGN,10,2011-03-11 08:31:00,1.95,16558.0,United Kingdom
546315,21622,VINTAGE UNION JACK CUSHION COVER,4,2011-03-11 08:31:00,4.95,16558.0,United Kingdom
546315,46000S,POLYESTER FILLER PAD 40x40cm,4,2011-03-11 08:31:00,1.45,16558.0,United Kingdom
546315,22084,PAPER CHAIN KIT EMPIRE,6,2011-03-11 08:31:00,2.95,16558.0,United Kingdom
546315,22611,VINTAGE UNION JACK SHOPPING BAG,3,2011-03-11 08:31:00,4.95,16558.0,United Kingdom
546315,21626,VINTAGE UNION JACK PENNANT,12,2011-03-11 08:31:00,1.95,16558.0,United Kingdom
546315,22053,EMPIRE DESIGN ROSETTE,10,2011-03-11 08:31:00,1.25,16558.0,United Kingdom
546315,22969,HOMEMADE JAM SCENTED CANDLES,12,2011-03-11 08:31:00,1.45,16558.0,United Kingdom
546315,22720,SET OF 3 CAKE TINS PANTRY DESIGN ,3,2011-03-11 08:31:00,4.95,16558.0,United Kingdom
546315,84970S,HANGING HEART ZINC T-LIGHT HOLDER,12,2011-03-11 08:31:00,0.85,16558.0,United Kingdom
546315,23052,RECYCLED ACAPULCO MAT TURQUOISE,2,2011-03-11 08:31:00,8.25,16558.0,United Kingdom
546315,47566,PARTY BUNTING,4,2011-03-11 08:31:00,4.95,16558.0,United Kingdom
546316,85066,CREAM SWEETHEART MINI CHEST,2,2011-03-11 08:59:00,12.75,17076.0,United Kingdom
546316,22488,NATURAL SLATE RECTANGLE CHALKBOARD,12,2011-03-11 08:59:00,1.65,17076.0,United Kingdom
546316,48116,DOORMAT MULTICOLOUR STRIPE,2,2011-03-11 08:59:00,7.95,17076.0,United Kingdom
546316,20750,RED RETROSPOT MINI CASES,12,2011-03-11 08:59:00,6.35,17076.0,United Kingdom
546316,21232,STRAWBERRY CERAMIC TRINKET BOX,12,2011-03-11 08:59:00,1.25,17076.0,United Kingdom
546316,21716,BOYS VINTAGE TIN SEASIDE BUCKET,8,2011-03-11 08:59:00,2.55,17076.0,United Kingdom
546316,85206A,CREAM FELT EASTER EGG BASKET,6,2011-03-11 08:59:00,1.65,17076.0,United Kingdom
546317,22030,SWALLOWS GREETING CARD,12,2011-03-11 09:07:00,0.42,14913.0,United Kingdom
546317,84249A,"GREETING CARD,SQUARE, DOUGHNUTS",12,2011-03-11 09:07:00,0.42,14913.0,United Kingdom
546317,21506,"FANCY FONT BIRTHDAY CARD, ",12,2011-03-11 09:07:00,0.42,14913.0,United Kingdom
546317,22983,CARD BILLBOARD FONT,12,2011-03-11 09:07:00,0.42,14913.0,United Kingdom
546317,22819,"BIRTHDAY CARD, RETRO SPOT",12,2011-03-11 09:07:00,0.42,14913.0,United Kingdom
546317,21062,PARTY INVITES SPACEMAN,12,2011-03-11 09:07:00,0.85,14913.0,United Kingdom
546317,21063,PARTY INVITES JAZZ HEARTS,12,2011-03-11 09:07:00,0.85,14913.0,United Kingdom
546317,21060,PARTY INVITES BALLOON GIRL,12,2011-03-11 09:07:00,0.85,14913.0,United Kingdom
546317,16235,RECYCLED PENCIL WITH RABBIT ERASER,60,2011-03-11 09:07:00,0.21,14913.0,United Kingdom
546317,16237,SLEEPING CAT ERASERS,30,2011-03-11 09:07:00,0.21,14913.0,United Kingdom
546317,16161P,WRAP ENGLISH ROSE ,25,2011-03-11 09:07:00,0.42,14913.0,United Kingdom
546317,23230,WRAP ALPHABET DESIGN,25,2011-03-11 09:07:00,0.42,14913.0,United Kingdom
546317,21500,PINK POLKADOT WRAP ,25,2011-03-11 09:07:00,0.42,14913.0,United Kingdom
546317,22197,SMALL POPCORN HOLDER,24,2011-03-11 09:07:00,0.85,14913.0,United Kingdom
546317,84375,SET OF 20 KIDS COOKIE CUTTERS,12,2011-03-11 09:07:00,2.1,14913.0,United Kingdom
546317,22569,FELTCRAFT CUSHION BUTTERFLY,12,2011-03-11 09:07:00,3.75,14913.0,United Kingdom
546317,22570,FELTCRAFT CUSHION RABBIT,4,2011-03-11 09:07:00,3.75,14913.0,United Kingdom
546317,20972,PINK CREAM FELT CRAFT TRINKET BOX ,12,2011-03-11 09:07:00,1.25,14913.0,United Kingdom
546317,22273,FELTCRAFT DOLL MOLLY,6,2011-03-11 09:07:00,2.95,14913.0,United Kingdom
546317,16218,CARTOON  PENCIL SHARPENERS,80,2011-03-11 09:07:00,0.16,14913.0,United Kingdom
546317,21504,SKULLS GREETING CARD,12,2011-03-11 09:07:00,0.42,14913.0,United Kingdom
546317,21204,DAISIES  HONEYCOMB GARLAND ,12,2011-03-11 09:07:00,1.65,14913.0,United Kingdom
546317,21206,STRAWBERRY HONEYCOMB  GARLAND ,12,2011-03-11 09:07:00,1.65,14913.0,United Kingdom
546317,16219,HOUSE SHAPE PENCIL SHARPENER,12,2011-03-11 09:07:00,0.21,14913.0,United Kingdom
546317,21497,FANCY FONTS BIRTHDAY WRAP,25,2011-03-11 09:07:00,0.42,14913.0,United Kingdom
546318,85123A,WHITE HANGING HEART T-LIGHT HOLDER,100,2011-03-11 09:20:00,2.55,16013.0,United Kingdom
546319,22197,SMALL POPCORN HOLDER,480,2011-03-11 09:23:00,0.72,17949.0,United Kingdom
546321,22178,VICTORIAN GLASS HANGING T-LIGHT,12,2011-03-11 09:39:00,1.25,16475.0,United Kingdom
546321,85123A,WHITE HANGING HEART T-LIGHT HOLDER,6,2011-03-11 09:39:00,2.95,16475.0,United Kingdom
546321,47566,PARTY BUNTING,4,2011-03-11 09:39:00,4.95,16475.0,United Kingdom
546321,22465,HANGING METAL STAR LANTERN,12,2011-03-11 09:39:00,1.65,16475.0,United Kingdom
546321,22224,WHITE LOVEBIRD LANTERN,6,2011-03-11 09:39:00,2.95,16475.0,United Kingdom
546321,22464,HANGING METAL HEART LANTERN,12,2011-03-11 09:39:00,1.65,16475.0,United Kingdom
546321,21733,RED HANGING HEART T-LIGHT HOLDER,6,2011-03-11 09:39:00,2.95,16475.0,United Kingdom
546321,22789,T-LIGHT HOLDER SWEETHEART HANGING,8,2011-03-11 09:39:00,1.95,16475.0,United Kingdom
546321,22804,CANDLEHOLDER PINK HANGING HEART,6,2011-03-11 09:39:00,2.95,16475.0,United Kingdom
546321,71459,HANGING JAM JAR T-LIGHT HOLDER,12,2011-03-11 09:39:00,0.85,16475.0,United Kingdom
546321,84755,COLOUR GLASS T-LIGHT HOLDER HANGING,16,2011-03-11 09:39:00,0.65,16475.0,United Kingdom
546321,84970L,SINGLE HEART ZINC T-LIGHT HOLDER,12,2011-03-11 09:39:00,0.95,16475.0,United Kingdom
546321,85062,PEARL CRYSTAL PUMPKIN T-LIGHT HLDR,12,2011-03-11 09:39:00,1.65,16475.0,United Kingdom
546321,84949,SILVER HANGING T-LIGHT HOLDER,6,2011-03-11 09:39:00,1.65,16475.0,United Kingdom
546321,84950,ASSORTED COLOUR T-LIGHT HOLDER,12,2011-03-11 09:39:00,0.65,16475.0,United Kingdom
546321,21714,CITRONELLA CANDLE GARDEN POT,12,2011-03-11 09:39:00,1.25,16475.0,United Kingdom
546321,22822,CREAM WALL PLANTER HEART SHAPED,2,2011-03-11 09:39:00,5.95,16475.0,United Kingdom
546321,71101E,STANDING FAIRY POLE SUPPORT ,12,2011-03-11 09:39:00,0.85,16475.0,United Kingdom
546321,82582,AREA PATROLLED METAL SIGN,12,2011-03-11 09:39:00,2.1,16475.0,United Kingdom
546321,21172,PARTY METAL SIGN ,12,2011-03-11 09:39:00,1.45,16475.0,United Kingdom
C546320,22467,GUMBALL COAT RACK,-3,2011-03-11 09:39:00,2.55,12708.0,Germany
C546320,22243,5 HOOK HANGER RED MAGIC TOADSTOOL,-4,2011-03-11 09:39:00,1.65,12708.0,Germany
546322,23008,DOLLY GIRL BABY GIFT SET,6,2011-03-11 09:42:00,14.95,14114.0,United Kingdom
546322,23009,I LOVE LONDON BABY GIFT SET,2,2011-03-11 09:42:00,16.95,14114.0,United Kingdom
546322,23007, SPACEBOY BABY GIFT SET,2,2011-03-11 09:42:00,16.95,14114.0,United Kingdom
546322,23010,CIRCUS PARADE BABY GIFT SET,2,2011-03-11 09:42:00,16.95,14114.0,United Kingdom
C546323,22064,PINK DOUGHNUT TRINKET POT ,-2,2011-03-11 09:48:00,1.65,13975.0,United Kingdom
C546323,22722,SET OF 6 SPICE TINS PANTRY DESIGN,-5,2011-03-11 09:48:00,3.95,13975.0,United Kingdom
546324,84879,ASSORTED COLOUR BIRD ORNAMENT,16,2011-03-11 09:54:00,1.69,13265.0,United Kingdom
546324,85066,CREAM SWEETHEART MINI CHEST,3,2011-03-11 09:54:00,12.75,13265.0,United Kingdom
546324,22212,FOUR HOOK  WHITE LOVEBIRDS,12,2011-03-11 09:54:00,2.1,13265.0,United Kingdom
546324,22178,VICTORIAN GLASS HANGING T-LIGHT,12,2011-03-11 09:54:00,1.25,13265.0,United Kingdom
546324,22624,IVORY KITCHEN SCALES,2,2011-03-11 09:54:00,8.5,13265.0,United Kingdom
546324,22720,SET OF 3 CAKE TINS PANTRY DESIGN ,6,2011-03-11 09:54:00,4.95,13265.0,United Kingdom
546324,84378,SET OF 3 HEART COOKIE CUTTERS,12,2011-03-11 09:54:00,1.25,13265.0,United Kingdom
546324,84380,SET OF 3 BUTTERFLY COOKIE CUTTERS,12,2011-03-11 09:54:00,1.25,13265.0,United Kingdom
546324,22993,SET OF 4 PANTRY JELLY MOULDS,24,2011-03-11 09:54:00,1.25,13265.0,United Kingdom
546324,22966,GINGERBREAD MAN COOKIE CUTTER,12,2011-03-11 09:54:00,1.25,13265.0,United Kingdom
546324,22196,SMALL HEART MEASURING SPOONS,24,2011-03-11 09:54:00,0.85,13265.0,United Kingdom
546324,22487,WHITE WOOD GARDEN PLANT LADDER,3,2011-03-11 09:54:00,9.95,13265.0,United Kingdom
546324,21121,SET/10 RED POLKADOT PARTY CANDLES,24,2011-03-11 09:54:00,1.25,13265.0,United Kingdom
546326,85150,LADIES & GENTLEMEN METAL SIGN,48,2011-03-11 10:15:00,2.1,13798.0,United Kingdom
546326,48185,DOORMAT FAIRY CAKE,10,2011-03-11 10:15:00,6.75,13798.0,United Kingdom
546326,82580,BATHROOM METAL SIGN,250,2011-03-11 10:15:00,0.42,13798.0,United Kingdom
546326,20727,LUNCH BAG  BLACK SKULL.,100,2011-03-11 10:15:00,1.45,13798.0,United Kingdom
546326,85099F,JUMBO BAG STRAWBERRY,100,2011-03-11 10:15:00,1.65,13798.0,United Kingdom
C546325,M,Manual,-1,2011-03-11 10:15:00,1687.17,14911.0,EIRE
C546327,M,Manual,-1,2011-03-11 10:18:00,1687.17,14911.0,EIRE
546328,M,Manual,1,2011-03-11 10:19:00,1687.17,14911.0,EIRE
546329,M,Manual,1,2011-03-11 10:22:00,1687.17,14911.0,EIRE
546330,22250,DECORATION  BUTTERFLY  MAGIC GARDEN,16,2011-03-11 10:30:00,0.85,16817.0,United Kingdom
546330,85194L,HANGING SPRING FLOWER EGG LARGE,12,2011-03-11 10:30:00,0.85,16817.0,United Kingdom
546330,22148,EASTER CRAFT 4 CHICKS ,12,2011-03-11 10:30:00,1.95,16817.0,United Kingdom
546330,22722,SET OF 6 SPICE TINS PANTRY DESIGN,4,2011-03-11 10:30:00,3.95,16817.0,United Kingdom
546330,22723,SET OF 6 HERB TINS SKETCHBOOK,4,2011-03-11 10:30:00,3.95,16817.0,United Kingdom
546330,22605,WOODEN CROQUET GARDEN SET,1,2011-03-11 10:30:00,14.95,16817.0,United Kingdom
546330,21382,SET/4 SPRING FLOWER DECORATION,6,2011-03-11 10:30:00,2.95,16817.0,United Kingdom
546330,22241,GARLAND WOODEN HAPPY EASTER,12,2011-03-11 10:30:00,1.25,16817.0,United Kingdom
546330,21458,2 PICTURE BOOK EGGS EASTER BUNNY,12,2011-03-11 10:30:00,1.25,16817.0,United Kingdom
546331,22487,WHITE WOOD GARDEN PLANT LADDER,1,2011-03-11 10:31:00,9.95,13133.0,United Kingdom
546331,21391,FRENCH LAVENDER SCENT HEART,6,2011-03-11 10:31:00,2.1,13133.0,United Kingdom
546331,22796,PHOTO FRAME 3 CLASSIC HANGING,2,2011-03-11 10:31:00,9.95,13133.0,United Kingdom
546331,84978,HANGING HEART JAR T-LIGHT HOLDER,12,2011-03-11 10:31:00,1.25,13133.0,United Kingdom
C546362,22423,REGENCY CAKESTAND 3 TIER,-1,2011-03-11 11:18:00,12.75,16419.0,United Kingdom
C546363,22306,SILVER MUG BONE CHINA TREE OF LIFE,-12,2011-03-11 11:30:00,1.95,16912.0,United Kingdom
C546363,POST,POSTAGE,-1,2011-03-11 11:30:00,7.06,16912.0,United Kingdom
546364,22557,PLASTERS IN TIN VINTAGE PAISLEY ,1,2011-03-11 11:33:00,1.65,,United Kingdom
546364,22553,PLASTERS IN TIN SKULLS,1,2011-03-11 11:33:00,1.65,,United Kingdom
546364,85049D,BRIGHT BLUES RIBBONS ,1,2011-03-11 11:33:00,1.25,,United Kingdom
546364,22076,6 RIBBONS EMPIRE  ,1,2011-03-11 11:33:00,1.65,,United Kingdom
546364,22654,DELUXE SEWING KIT ,1,2011-03-11 11:33:00,5.95,,United Kingdom
546364,22607,WOODEN ROUNDERS GARDEN SET ,1,2011-03-11 11:33:00,9.95,,United Kingdom
546364,22429,ENAMEL MEASURING JUG CREAM,1,2011-03-11 11:33:00,4.25,,United Kingdom
546364,84692,BOX OF 24 COCKTAIL PARASOLS,2,2011-03-11 11:33:00,0.42,,United Kingdom
546364,21245,GREEN POLKADOT PLATE ,8,2011-03-11 11:33:00,1.69,,United Kingdom
546364,21374,MIRRORED WALL ART SKULLS,3,2011-03-11 11:33:00,3.75,,United Kingdom
546364,22052,VINTAGE CARAVAN GIFT WRAP,25,2011-03-11 11:33:00,0.42,,United Kingdom
546364,21948,SET OF 6 CAKE CHOPSTICKS,2,2011-03-11 11:33:00,1.25,,United Kingdom
546364,84199,GLOW IN DARK DOLPHINS,3,2011-03-11 11:33:00,0.21,,United Kingdom
546364,21464,DISCO BALL ROTATOR BATTERY OPERATED,1,2011-03-11 11:33:00,4.25,,United Kingdom
546364,84356,POMPOM CURTAIN,4,2011-03-11 11:33:00,6.95,,United Kingdom
546364,62018,SOMBRERO ,3,2011-03-11 11:33:00,1.95,,United Kingdom
546364,21463,MIRRORED DISCO BALL ,1,2011-03-11 11:33:00,5.95,,United Kingdom
546364,21034,REX CASH+CARRY JUMBO SHOPPER,1,2011-03-11 11:33:00,0.95,,United Kingdom
546364,22047,EMPIRE GIFT WRAP,25,2011-03-11 11:33:00,0.42,,United Kingdom
546364,22660,DOORMAT I LOVE LONDON,1,2011-03-11 11:33:00,7.95,,United Kingdom
546364,22101,MIRROR MOSAIC VOTIVE HOLDER,6,2011-03-11 11:33:00,2.1,,United Kingdom
546364,20668,DISCO BALL CHRISTMAS DECORATION,24,2011-03-11 11:33:00,0.12,,United Kingdom
546364,84792,ENCHANTED BIRD COATHANGER 5 HOOK,1,2011-03-11 11:33:00,4.65,,United Kingdom
546364,22021,BLUE FELT EASTER EGG BASKET,3,2011-03-11 11:33:00,1.65,,United Kingdom
546364,21366,MIRRORED WALL ART PHOTO FRAMES,3,2011-03-11 11:33:00,4.25,,United Kingdom
546364,48129,DOORMAT TOPIARY,1,2011-03-11 11:33:00,7.95,,United Kingdom
546364,48138,DOORMAT UNION FLAG,1,2011-03-11 11:33:00,7.95,,United Kingdom
546364,21955,DOORMAT UNION JACK GUNS AND ROSES,1,2011-03-11 11:33:00,7.95,,United Kingdom
546365,22281,EASTER TREE YELLOW BIRDS,4,2011-03-11 11:35:00,5.95,12520.0,Germany
546365,22378,WALL TIDY RETROSPOT ,5,2011-03-11 11:35:00,2.1,12520.0,Germany
546365,21058,PARTY INVITES WOODLAND,12,2011-03-11 11:35:00,0.85,12520.0,Germany
546365,22715,CARD WEDDING DAY,12,2011-03-11 11:35:00,0.42,12520.0,Germany
546365,21519,GIN & TONIC DIET GREETING CARD ,12,2011-03-11 11:35:00,0.42,12520.0,Germany
546365,22420,LIPSTICK PEN BABY PINK,12,2011-03-11 11:35:00,0.42,12520.0,Germany
546365,22422,TOOTHPASTE TUBE PEN,12,2011-03-11 11:35:00,0.65,12520.0,Germany
546365,22505,MEMO BOARD COTTAGE DESIGN,4,2011-03-11 11:35:00,4.95,12520.0,Germany
546365,22472,TV DINNER TRAY DOLLY GIRL,3,2011-03-11 11:35:00,4.95,12520.0,Germany
546365,21156,RETROSPOT CHILDRENS APRON,8,2011-03-11 11:35:00,1.95,12520.0,Germany
546365,22629,SPACEBOY LUNCH BOX ,12,2011-03-11 11:35:00,1.95,12520.0,Germany
546365,22195,LARGE HEART MEASURING SPOONS,12,2011-03-11 11:35:00,1.65,12520.0,Germany
546365,22243,5 HOOK HANGER RED MAGIC TOADSTOOL,12,2011-03-11 11:35:00,1.65,12520.0,Germany
546365,84461,12 PINK HEN+CHICKS IN BASKET,6,2011-03-11 11:35:00,2.55,12520.0,Germany
546365,20665,RED RETROSPOT PURSE ,6,2011-03-11 11:35:00,2.95,12520.0,Germany
546365,21210,SET OF 72 RETROSPOT PAPER  DOILIES,12,2011-03-11 11:35:00,1.45,12520.0,Germany
546365,21843,RED RETROSPOT CAKE STAND,1,2011-03-11 11:35:00,10.95,12520.0,Germany
546365,22423,REGENCY CAKESTAND 3 TIER,1,2011-03-11 11:35:00,12.75,12520.0,Germany
546365,22630,DOLLY GIRL LUNCH BOX,12,2011-03-11 11:35:00,1.95,12520.0,Germany
546365,22745,POPPY'S PLAYHOUSE BEDROOM ,6,2011-03-11 11:35:00,2.1,12520.0,Germany
546365,22748,POPPY'S PLAYHOUSE KITCHEN,6,2011-03-11 11:35:00,2.1,12520.0,Germany
546365,22617,BAKING SET SPACEBOY DESIGN,3,2011-03-11 11:35:00,4.95,12520.0,Germany
546365,22138,BAKING SET 9 PIECE RETROSPOT ,3,2011-03-11 11:35:00,4.95,12520.0,Germany
546365,47590A,BLUE HAPPY BIRTHDAY BUNTING,3,2011-03-11 11:35:00,5.45,12520.0,Germany
546365,47566,PARTY BUNTING,4,2011-03-11 11:35:00,4.95,12520.0,Germany
546365,22772,PINK DRAWER KNOB ACRYLIC EDWARDIAN,12,2011-03-11 11:35:00,1.25,12520.0,Germany
546365,22771,CLEAR DRAWER KNOB ACRYLIC EDWARDIAN,12,2011-03-11 11:35:00,1.25,12520.0,Germany
546365,21668,RED STRIPE CERAMIC DRAWER KNOB,24,2011-03-11 11:35:00,1.25,12520.0,Germany
546365,21669,BLUE STRIPE CERAMIC DRAWER KNOB,12,2011-03-11 11:35:00,1.25,12520.0,Germany
546365,21670,BLUE SPOT CERAMIC DRAWER KNOB,12,2011-03-11 11:35:00,1.25,12520.0,Germany
546365,21673,WHITE SPOT BLUE CERAMIC DRAWER KNOB,12,2011-03-11 11:35:00,1.25,12520.0,Germany
546365,22774,RED DRAWER KNOB ACRYLIC EDWARDIAN,12,2011-03-11 11:35:00,1.25,12520.0,Germany
546365,22775,PURPLE DRAWERKNOB ACRYLIC EDWARDIAN,12,2011-03-11 11:35:00,1.25,12520.0,Germany
546365,22805,BLUE DRAWER KNOB ACRYLIC EDWARDIAN,12,2011-03-11 11:35:00,1.25,12520.0,Germany
546365,22532,MAGIC DRAWING SLATE LEAP FROG ,24,2011-03-11 11:35:00,0.42,12520.0,Germany
546365,22533,MAGIC DRAWING SLATE BAKE A CAKE ,24,2011-03-11 11:35:00,0.42,12520.0,Germany
546365,22367,CHILDRENS APRON SPACEBOY DESIGN,8,2011-03-11 11:35:00,1.95,12520.0,Germany
546365,21212,PACK OF 72 RETROSPOT CAKE CASES,24,2011-03-11 11:35:00,0.55,12520.0,Germany
546365,22417,PACK OF 60 SPACEBOY CAKE CASES,24,2011-03-11 11:35:00,0.55,12520.0,Germany
546365,21976,PACK OF 60 MUSHROOM CAKE CASES,24,2011-03-11 11:35:00,0.55,12520.0,Germany
546365,21977,PACK OF 60 PINK PAISLEY CAKE CASES,24,2011-03-11 11:35:00,0.55,12520.0,Germany
546365,20754,RETROSPOT RED WASHING UP GLOVES,6,2011-03-11 11:35:00,2.1,12520.0,Germany
546365,21042,RED RETROSPOT APRON ,3,2011-03-11 11:35:00,5.95,12520.0,Germany
546365,22968,ROSE COTTAGE KEEPSAKE BOX ,4,2011-03-11 11:35:00,9.95,12520.0,Germany
546365,20914,SET/5 RED RETROSPOT LID GLASS BOWLS,6,2011-03-11 11:35:00,2.95,12520.0,Germany
546365,22083,PAPER CHAIN KIT RETROSPOT,6,2011-03-11 11:35:00,2.95,12520.0,Germany
546365,22027,TEA PARTY BIRTHDAY CARD,12,2011-03-11 11:35:00,0.42,12520.0,Germany
546365,22509,SEWING BOX RETROSPOT DESIGN ,1,2011-03-11 11:35:00,16.95,12520.0,Germany
546365,21080,SET/20 RED RETROSPOT PAPER NAPKINS ,12,2011-03-11 11:35:00,0.85,12520.0,Germany
546365,84988,SET OF 72 PINK HEART PAPER DOILIES,12,2011-03-11 11:35:00,1.45,12520.0,Germany
546365,22416,SET OF 36 DOILIES SPACEBOY DESIGN ,12,2011-03-11 11:35:00,1.45,12520.0,Germany
546365,22613,PACK OF 20 SPACEBOY NAPKINS,12,2011-03-11 11:35:00,0.85,12520.0,Germany
546365,22418,10 COLOUR SPACEBOY PEN,24,2011-03-11 11:35:00,0.85,12520.0,Germany
546365,51014A,"FEATHER PEN,HOT PINK",12,2011-03-11 11:35:00,0.85,12520.0,Germany
546365,22331,WOODLAND PARTY BAG + STICKER SET,8,2011-03-11 11:35:00,1.65,12520.0,Germany
546365,23052,RECYCLED ACAPULCO MAT TURQUOISE,2,2011-03-11 11:35:00,8.25,12520.0,Germany
546365,21671,RED SPOT CERAMIC DRAWER KNOB,12,2011-03-11 11:35:00,1.25,12520.0,Germany
546365,21672,WHITE SPOT RED CERAMIC DRAWER KNOB,12,2011-03-11 11:35:00,1.25,12520.0,Germany
546365,23053,RECYCLED ACAPULCO MAT PINK,2,2011-03-11 11:35:00,8.25,12520.0,Germany
546365,POST,POSTAGE,5,2011-03-11 11:35:00,18.0,12520.0,Germany
546366,48187,DOORMAT NEW ENGLAND,2,2011-03-11 11:37:00,7.95,12748.0,United Kingdom
546366,47594B,SCOTTIES DESIGN WASHBAG,1,2011-03-11 11:37:00,1.95,12748.0,United Kingdom
546366,22097,SWALLOW SQUARE TISSUE BOX,1,2011-03-11 11:37:00,1.25,12748.0,United Kingdom
546366,85187,S/12 MINI RABBIT EASTER,1,2011-03-11 11:37:00,1.65,12748.0,United Kingdom
546366,84457,SET/3 RABBITS FLOWER SKIPPPING ROPE,1,2011-03-11 11:37:00,0.85,12748.0,United Kingdom
546366,22980,PANTRY SCRUBBING BRUSH,2,2011-03-11 11:37:00,1.65,12748.0,United Kingdom
546366,22554,PLASTERS IN TIN WOODLAND ANIMALS,1,2011-03-11 11:37:00,1.65,12748.0,United Kingdom
546366,22553,PLASTERS IN TIN SKULLS,1,2011-03-11 11:37:00,1.65,12748.0,United Kingdom
546366,21509,COWBOYS AND INDIANS BIRTHDAY CARD ,12,2011-03-11 11:37:00,0.42,12748.0,United Kingdom
546366,22817,CARD SUKI BIRTHDAY,12,2011-03-11 11:37:00,0.42,12748.0,United Kingdom
546366,21504,SKULLS GREETING CARD,12,2011-03-11 11:37:00,0.42,12748.0,United Kingdom
546366,22030,SWALLOWS GREETING CARD,12,2011-03-11 11:37:00,0.42,12748.0,United Kingdom
546366,20982,12 PENCILS TALL TUBE SKULLS,3,2011-03-11 11:37:00,0.85,12748.0,United Kingdom
546366,21464,DISCO BALL ROTATOR BATTERY OPERATED,1,2011-03-11 11:37:00,4.25,12748.0,United Kingdom
546366,21463,MIRRORED DISCO BALL ,1,2011-03-11 11:37:00,5.95,12748.0,United Kingdom
546366,21374,MIRRORED WALL ART SKULLS,3,2011-03-11 11:37:00,3.75,12748.0,United Kingdom
546366,21034,REX CASH+CARRY JUMBO SHOPPER,1,2011-03-11 11:37:00,0.95,12748.0,United Kingdom
546366,20658,RED RETROSPOT LUGGAGE TAG,4,2011-03-11 11:37:00,1.25,12748.0,United Kingdom
546366,84356,POMPOM CURTAIN,4,2011-03-11 11:37:00,6.95,12748.0,United Kingdom
546367,21922,UNION STRIPE WITH FRINGE  HAMMOCK,12,2011-03-11 11:38:00,6.95,15513.0,United Kingdom
546367,22354,RETROSPOT PADDED SEAT CUSHION,5,2011-03-11 11:38:00,3.75,15513.0,United Kingdom
546367,22721,SET OF 3 CAKE TINS SKETCHBOOK,3,2011-03-11 11:38:00,4.95,15513.0,United Kingdom
546367,22666,RECIPE BOX PANTRY YELLOW DESIGN,6,2011-03-11 11:38:00,2.95,15513.0,United Kingdom
546367,22926,IVORY GIANT GARDEN THERMOMETER,2,2011-03-11 11:38:00,5.95,15513.0,United Kingdom
546367,84879,ASSORTED COLOUR BIRD ORNAMENT,160,2011-03-11 11:38:00,1.45,15513.0,United Kingdom
546367,22442,GROW YOUR OWN FLOWERS SET OF 3,2,2011-03-11 11:38:00,7.95,15513.0,United Kingdom
546367,22443,GROW YOUR OWN HERBS SET OF 3,4,2011-03-11 11:38:00,7.95,15513.0,United Kingdom
546367,22441,GROW YOUR OWN BASIL IN ENAMEL MUG,8,2011-03-11 11:38:00,2.1,15513.0,United Kingdom
546367,21201,TROPICAL  HONEYCOMB PAPER GARLAND ,48,2011-03-11 11:38:00,2.1,15513.0,United Kingdom
546367,22904,CALENDAR PAPER CUT DESIGN,12,2011-03-11 11:38:00,2.95,15513.0,United Kingdom
546367,21218,RED SPOTTY BISCUIT TIN,6,2011-03-11 11:38:00,3.75,15513.0,United Kingdom
546367,21407,BROWN CHECK CAT DOORSTOP ,16,2011-03-11 11:38:00,3.75,15513.0,United Kingdom
546367,21116,OWL DOORSTOP,16,2011-03-11 11:38:00,4.25,15513.0,United Kingdom
546367,22730,ALARM CLOCK BAKELIKE IVORY,4,2011-03-11 11:38:00,3.75,15513.0,United Kingdom
546367,22727,ALARM CLOCK BAKELIKE RED ,4,2011-03-11 11:38:00,3.75,15513.0,United Kingdom
546367,22605,WOODEN CROQUET GARDEN SET,4,2011-03-11 11:38:00,12.75,15513.0,United Kingdom
546367,22697,GREEN REGENCY TEACUP AND SAUCER,6,2011-03-11 11:38:00,2.95,15513.0,United Kingdom
546367,22698,PINK REGENCY TEACUP AND SAUCER,6,2011-03-11 11:38:00,2.95,15513.0,United Kingdom
546367,22699,ROSES REGENCY TEACUP AND SAUCER ,6,2011-03-11 11:38:00,2.95,15513.0,United Kingdom
546367,22502,PICNIC BASKET WICKER SMALL,16,2011-03-11 11:38:00,4.95,15513.0,United Kingdom
546367,22501,PICNIC BASKET WICKER LARGE,16,2011-03-11 11:38:00,8.5,15513.0,United Kingdom
546367,22423,REGENCY CAKESTAND 3 TIER,16,2011-03-11 11:38:00,10.95,15513.0,United Kingdom
546367,82484,WOOD BLACK BOARD ANT WHITE FINISH,12,2011-03-11 11:38:00,6.75,15513.0,United Kingdom
546367,21844,RED RETROSPOT MUG,6,2011-03-11 11:38:00,2.95,15513.0,United Kingdom
546367,79321,CHILLI LIGHTS,24,2011-03-11 11:38:00,4.95,15513.0,United Kingdom
546367,21187,WHITE BELL HONEYCOMB PAPER GARLAND ,12,2011-03-11 11:38:00,1.65,15513.0,United Kingdom
546367,47566,PARTY BUNTING,50,2011-03-11 11:38:00,4.15,15513.0,United Kingdom
546367,21114,LAVENDER SCENTED FABRIC HEART,10,2011-03-11 11:38:00,1.25,15513.0,United Kingdom
546367,21925,UNION STRIPE CUSHION COVER ,12,2011-03-11 11:38:00,1.25,15513.0,United Kingdom
546368,22557,PLASTERS IN TIN VINTAGE PAISLEY ,1,2011-03-11 11:38:00,1.65,,United Kingdom
546368,22553,PLASTERS IN TIN SKULLS,1,2011-03-11 11:38:00,1.65,,United Kingdom
546368,22607,WOODEN ROUNDERS GARDEN SET ,2,2011-03-11 11:38:00,9.95,,United Kingdom
546368,22138,BAKING SET 9 PIECE RETROSPOT ,5,2011-03-11 11:38:00,4.95,,United Kingdom
546368,22654,DELUXE SEWING KIT ,2,2011-03-11 11:38:00,5.95,,United Kingdom
546368,21688,SILVER PLATE CANDLE BOWL SMALL,6,2011-03-11 11:38:00,2.95,,United Kingdom
546368,21464,DISCO BALL ROTATOR BATTERY OPERATED,3,2011-03-11 11:38:00,4.25,,United Kingdom
546368,21576,LETS GO SHOPPING COTTON TOTE BAG,20,2011-03-11 11:38:00,2.25,,United Kingdom
546368,20996,JAZZ HEARTS ADDRESS BOOK,19,2011-03-11 11:38:00,0.42,,United Kingdom
546368,51014L,"FEATHER PEN,LIGHT PINK",24,2011-03-11 11:38:00,0.85,,United Kingdom
546368,22713,CARD I LOVE LONDON ,12,2011-03-11 11:38:00,0.42,,United Kingdom
546368,85206A,CREAM FELT EASTER EGG BASKET,42,2011-03-11 11:38:00,1.65,,United Kingdom
546368,21034,REX CASH+CARRY JUMBO SHOPPER,1,2011-03-11 11:38:00,0.95,,United Kingdom
546368,85135B,BLUE DRAGONFLY HELICOPTER,2,2011-03-11 11:38:00,7.95,,United Kingdom
546368,22443,GROW YOUR OWN HERBS SET OF 3,1,2011-03-11 11:38:00,7.95,,United Kingdom
546368,21463,MIRRORED DISCO BALL ,3,2011-03-11 11:38:00,5.95,,United Kingdom
546369,22691,DOORMAT WELCOME SUNRISE,10,2011-03-11 11:41:00,6.75,15513.0,United Kingdom
546372,48138,DOORMAT UNION FLAG,10,2011-03-11 11:47:00,6.75,13098.0,United Kingdom
546372,48116,DOORMAT MULTICOLOUR STRIPE,10,2011-03-11 11:47:00,6.75,13098.0,United Kingdom
546372,48111,DOORMAT 3 SMILEY CATS,10,2011-03-11 11:47:00,6.75,13098.0,United Kingdom
546372,22692,DOORMAT WELCOME TO OUR HOME,10,2011-03-11 11:47:00,6.75,13098.0,United Kingdom
546372,20728,LUNCH BAG CARS BLUE,12,2011-03-11 11:47:00,1.65,13098.0,United Kingdom
546372,20726,LUNCH BAG WOODLAND,12,2011-03-11 11:47:00,1.65,13098.0,United Kingdom
546372,20725,LUNCH BAG RED RETROSPOT,24,2011-03-11 11:47:00,1.65,13098.0,United Kingdom
546373,23007, SPACEBOY BABY GIFT SET,6,2011-03-11 12:00:00,14.95,12583.0,France
546373,23010,CIRCUS PARADE BABY GIFT SET,3,2011-03-11 12:00:00,16.95,12583.0,France
546373,21559,STRAWBERRY LUNCH BOX WITH CUTLERY,12,2011-03-11 12:00:00,2.55,12583.0,France
546373,21042,RED RETROSPOT APRON ,6,2011-03-11 12:00:00,5.95,12583.0,France
546373,21080,SET/20 RED RETROSPOT PAPER NAPKINS ,24,2011-03-11 12:00:00,0.85,12583.0,France
546373,21086,SET/6 RED SPOTTY PAPER CUPS,24,2011-03-11 12:00:00,0.65,12583.0,France
546373,21094,SET/6 RED SPOTTY PAPER PLATES,24,2011-03-11 12:00:00,0.85,12583.0,France
546373,21240,BLUE POLKADOT CUP,8,2011-03-11 12:00:00,0.85,12583.0,France
546373,21731,RED TOADSTOOL LED NIGHT LIGHT,24,2011-03-11 12:00:00,1.65,12583.0,France
546373,22333,RETROSPOT PARTY BAG + STICKER SET,24,2011-03-11 12:00:00,1.65,12583.0,France
546373,22331,WOODLAND PARTY BAG + STICKER SET,8,2011-03-11 12:00:00,1.65,12583.0,France
546373,22556,PLASTERS IN TIN CIRCUS PARADE ,24,2011-03-11 12:00:00,1.65,12583.0,France
546373,22554,PLASTERS IN TIN WOODLAND ANIMALS,24,2011-03-11 12:00:00,1.65,12583.0,France
546373,22729,ALARM CLOCK BAKELIKE ORANGE,4,2011-03-11 12:00:00,3.75,12583.0,France
546373,22197,SMALL POPCORN HOLDER,36,2011-03-11 12:00:00,0.85,12583.0,France
546373,22090,PAPER BUNTING RETROSPOT,18,2011-03-11 12:00:00,2.95,12583.0,France
546373,22492,MINI PAINT SET VINTAGE ,36,2011-03-11 12:00:00,0.65,12583.0,France
546373,POST,POSTAGE,2,2011-03-11 12:00:00,18.0,12583.0,France
546373,22991,GIRAFFE WOODEN RULER,12,2011-03-11 12:00:00,1.95,12583.0,France
546373,23009,I LOVE LONDON BABY GIFT SET,6,2011-03-11 12:00:00,14.95,12583.0,France
546374,M,Manual,1,2011-03-11 12:05:00,10.0,17194.0,United Kingdom
546375,85096,,48,2011-03-11 12:07:00,0.0,,United Kingdom
546376,22224,WHITE LOVEBIRD LANTERN,6,2011-03-11 12:11:00,2.95,13842.0,United Kingdom
546376,22789,T-LIGHT HOLDER SWEETHEART HANGING,8,2011-03-11 12:11:00,1.95,13842.0,United Kingdom
546376,22804,CANDLEHOLDER PINK HANGING HEART,6,2011-03-11 12:11:00,2.95,13842.0,United Kingdom
546376,84755,COLOUR GLASS T-LIGHT HOLDER HANGING,16,2011-03-11 12:11:00,0.65,13842.0,United Kingdom
546376,84580,MOUSE TOY WITH PINK T-SHIRT,4,2011-03-11 12:11:00,3.75,13842.0,United Kingdom
546376,85066,CREAM SWEETHEART MINI CHEST,2,2011-03-11 12:11:00,12.75,13842.0,United Kingdom
546376,22171,3 HOOK PHOTO SHELF ANTIQUE WHITE,2,2011-03-11 12:11:00,8.5,13842.0,United Kingdom
546376,21524,DOORMAT SPOTTY HOME SWEET HOME,2,2011-03-11 12:11:00,7.95,13842.0,United Kingdom
546376,22770,MIRROR CORNICE,1,2011-03-11 12:11:00,14.95,13842.0,United Kingdom
546376,22768,FAMILY PHOTO FRAME CORNICE,2,2011-03-11 12:11:00,9.95,13842.0,United Kingdom
546376,82494L,WOODEN FRAME ANTIQUE WHITE ,6,2011-03-11 12:11:00,2.95,13842.0,United Kingdom
546376,22766,PHOTO FRAME CORNICE,8,2011-03-11 12:11:00,2.95,13842.0,United Kingdom
546376,21272,SALLE DE BAIN HOOK,12,2011-03-11 12:11:00,1.25,13842.0,United Kingdom
546376,84406B,CREAM CUPID HEARTS COAT HANGER,4,2011-03-11 12:11:00,4.15,13842.0,United Kingdom
546376,85129D,BEADED CRYSTAL HEART PINK SMALL,12,2011-03-11 12:11:00,1.25,13842.0,United Kingdom
546376,20983,12 PENCILS TALL TUBE RED RETROSPOT,12,2011-03-11 12:11:00,0.85,13842.0,United Kingdom
546376,22794,SWEETHEART WIRE MAGAZINE RACK,2,2011-03-11 12:11:00,7.95,13842.0,United Kingdom
546376,84638,SMALL KITCHEN FLOWER POTS PLAQUE,2,2011-03-11 12:11:00,6.95,13842.0,United Kingdom
546376,84879,ASSORTED COLOUR BIRD ORNAMENT,8,2011-03-11 12:11:00,1.69,13842.0,United Kingdom
546377,21094,SET/6 RED SPOTTY PAPER PLATES,2,2011-03-11 12:13:00,0.85,15049.0,United Kingdom
546377,22084,PAPER CHAIN KIT EMPIRE,13,2011-03-11 12:13:00,2.95,15049.0,United Kingdom
546377,21191,LARGE WHITE HONEYCOMB PAPER BELL  ,48,2011-03-11 12:13:00,1.69,15049.0,United Kingdom
546378,21361,LOVE LARGE WOOD LETTERS ,3,2011-03-11 12:17:00,12.75,14329.0,United Kingdom
546378,20751,FUNKY WASHING UP GLOVES ASSORTED,12,2011-03-11 12:17:00,2.1,14329.0,United Kingdom
546378,21755,LOVE BUILDING BLOCK WORD,6,2011-03-11 12:17:00,5.95,14329.0,United Kingdom
546378,22212,FOUR HOOK  WHITE LOVEBIRDS,6,2011-03-11 12:17:00,2.1,14329.0,United Kingdom
546378,22220,CAKE STAND LOVEBIRD 2 TIER WHITE,2,2011-03-11 12:17:00,9.95,14329.0,United Kingdom
546378,22224,WHITE LOVEBIRD LANTERN,6,2011-03-11 12:17:00,2.95,14329.0,United Kingdom
546378,22222,CAKE PLATE LOVEBIRD WHITE,3,2011-03-11 12:17:00,4.95,14329.0,United Kingdom
546378,22236,CAKE STAND 3 TIER MAGIC GARDEN,2,2011-03-11 12:17:00,12.75,14329.0,United Kingdom
546378,21078,SET/20 STRAWBERRY PAPER NAPKINS ,12,2011-03-11 12:17:00,0.85,14329.0,United Kingdom
546378,21080,SET/20 RED RETROSPOT PAPER NAPKINS ,12,2011-03-11 12:17:00,0.85,14329.0,United Kingdom
546378,22639,SET OF 4 NAPKIN CHARMS HEARTS,6,2011-03-11 12:17:00,2.55,14329.0,United Kingdom
546378,22907,PACK OF 20 NAPKINS PANTRY DESIGN,12,2011-03-11 12:17:00,0.85,14329.0,United Kingdom
546378,22851,SET 20 NAPKINS FAIRY CAKES DESIGN ,12,2011-03-11 12:17:00,0.85,14329.0,United Kingdom
546378,22614,PACK OF 12 SPACEBOY TISSUES,24,2011-03-11 12:17:00,0.29,14329.0,United Kingdom
546378,21982,PACK OF 12 SUKI TISSUES ,24,2011-03-11 12:17:00,0.29,14329.0,United Kingdom
546378,21981,PACK OF 12 WOODLAND TISSUES ,24,2011-03-11 12:17:00,0.29,14329.0,United Kingdom
546378,22983,CARD BILLBOARD FONT,12,2011-03-11 12:17:00,0.42,14329.0,United Kingdom
546378,22967,SET 3 SONG BIRD PAPER EGGS ASSORTED,6,2011-03-11 12:17:00,2.95,14329.0,United Kingdom
546378,22957,SET 3 PAPER VINTAGE CHICK PAPER EGG,6,2011-03-11 12:17:00,2.95,14329.0,United Kingdom
546378,22287,"DECORATION , WOBBLY CHICKEN, METAL ",12,2011-03-11 12:17:00,1.65,14329.0,United Kingdom
546378,22857,ASSORTED EASTER GIFT TAGS,12,2011-03-11 12:17:00,0.85,14329.0,United Kingdom
546378,22860,EASTER TIN CHICKS PINK DAISY,6,2011-03-11 12:17:00,1.65,14329.0,United Kingdom
546378,22858,EASTER TIN KEEPSAKE,6,2011-03-11 12:17:00,1.65,14329.0,United Kingdom
546378,22241,GARLAND WOODEN HAPPY EASTER,12,2011-03-11 12:17:00,1.25,14329.0,United Kingdom
546378,21456,2 PICTURE BOOK EGGS EASTER CHICKS,12,2011-03-11 12:17:00,1.25,14329.0,United Kingdom
546378,21458,2 PICTURE BOOK EGGS EASTER BUNNY,12,2011-03-11 12:17:00,1.25,14329.0,United Kingdom
546378,22248,DECORATION  PINK CHICK MAGIC GARDEN,16,2011-03-11 12:17:00,0.85,14329.0,United Kingdom
546378,22247,BUNNY DECORATION MAGIC GARDEN,16,2011-03-11 12:17:00,0.85,14329.0,United Kingdom
546378,21389,IVORY HANGING DECORATION  BIRD,12,2011-03-11 12:17:00,0.85,14329.0,United Kingdom
546378,22265,EASTER DECORATION NATURAL CHICK,24,2011-03-11 12:17:00,0.65,14329.0,United Kingdom
546378,22250,DECORATION  BUTTERFLY  MAGIC GARDEN,16,2011-03-11 12:17:00,0.85,14329.0,United Kingdom
546378,22284,HEN HOUSE DECORATION,12,2011-03-11 12:17:00,1.65,14329.0,United Kingdom
546378,22322,BIRD DECORATION GREEN POLKADOT,12,2011-03-11 12:17:00,0.85,14329.0,United Kingdom
546378,21523,DOORMAT FANCY FONT HOME SWEET HOME,2,2011-03-11 12:17:00,7.95,14329.0,United Kingdom
546378,22690,DOORMAT HOME SWEET HOME BLUE ,2,2011-03-11 12:17:00,7.95,14329.0,United Kingdom
546378,48116,DOORMAT MULTICOLOUR STRIPE,2,2011-03-11 12:17:00,7.95,14329.0,United Kingdom
546378,48185,DOORMAT FAIRY CAKE,2,2011-03-11 12:17:00,7.95,14329.0,United Kingdom
546378,48194,DOORMAT HEARTS,2,2011-03-11 12:17:00,7.95,14329.0,United Kingdom
546379,72225C,,-82,2011-03-11 12:21:00,0.0,,United Kingdom
546380,21937,STRAWBERRY   PICNIC BAG,1,2011-03-11 12:26:00,2.95,12748.0,United Kingdom
546380,21576,LETS GO SHOPPING COTTON TOTE BAG,1,2011-03-11 12:26:00,2.25,12748.0,United Kingdom
546380,20713,JUMBO BAG OWLS,2,2011-03-11 12:26:00,1.95,12748.0,United Kingdom
546380,22386,JUMBO BAG PINK POLKADOT,2,2011-03-11 12:26:00,1.95,12748.0,United Kingdom
546381,21181,PLEASE ONE PERSON METAL SIGN,1,2011-03-11 12:29:00,2.1,12748.0,United Kingdom
546381,21169,YOU'RE CONFUSING ME METAL SIGN ,1,2011-03-11 12:29:00,1.69,12748.0,United Kingdom
546381,21363,HOME SMALL WOOD LETTERS,1,2011-03-11 12:29:00,4.95,12748.0,United Kingdom
546381,84378,SET OF 3 HEART COOKIE CUTTERS,1,2011-03-11 12:29:00,1.25,12748.0,United Kingdom
546381,35647,VINTAGE BEAD PINK SHADE ,1,2011-03-11 12:29:00,1.25,12748.0,United Kingdom
546381,22356,CHARLOTTE BAG PINK POLKADOT,1,2011-03-11 12:29:00,0.85,12748.0,United Kingdom
546381,21430,SET/3 RED GINGHAM ROSE STORAGE BOX,1,2011-03-11 12:29:00,3.75,12748.0,United Kingdom
546381,20713,JUMBO BAG OWLS,1,2011-03-11 12:29:00,1.95,12748.0,United Kingdom
546381,22386,JUMBO BAG PINK POLKADOT,1,2011-03-11 12:29:00,1.95,12748.0,United Kingdom
546382,21034,REX CASH+CARRY JUMBO SHOPPER,1,2011-03-11 12:44:00,0.95,18149.0,United Kingdom
546382,85123A,WHITE HANGING HEART T-LIGHT HOLDER,10,2011-03-11 12:44:00,2.95,18149.0,United Kingdom
546382,22487,WHITE WOOD GARDEN PLANT LADDER,2,2011-03-11 12:44:00,9.95,18149.0,United Kingdom
546382,21936,RED RETROSPOT PICNIC BAG,10,2011-03-11 12:44:00,2.95,18149.0,United Kingdom
546382,84879,ASSORTED COLOUR BIRD ORNAMENT,32,2011-03-11 12:44:00,1.69,18149.0,United Kingdom
546382,21937,STRAWBERRY   PICNIC BAG,10,2011-03-11 12:44:00,2.95,18149.0,United Kingdom
546382,47566,PARTY BUNTING,1,2011-03-11 12:44:00,4.95,18149.0,United Kingdom
546382,22295,HEART FILIGREE DOVE LARGE,24,2011-03-11 12:44:00,1.65,18149.0,United Kingdom
546382,22296,HEART IVORY TRELLIS LARGE,12,2011-03-11 12:44:00,1.65,18149.0,United Kingdom
546383,85206A,CREAM FELT EASTER EGG BASKET,6,2011-03-11 12:54:00,1.65,13654.0,United Kingdom
546383,22859,EASTER TIN BUNNY BOUQUET,6,2011-03-11 12:54:00,1.65,13654.0,United Kingdom
546383,22148,EASTER CRAFT 4 CHICKS ,12,2011-03-11 12:54:00,1.95,13654.0,United Kingdom
546383,22241,GARLAND WOODEN HAPPY EASTER,12,2011-03-11 12:54:00,1.25,13654.0,United Kingdom
546383,35922,EASTER BUNNY WREATH,5,2011-03-11 12:54:00,4.95,13654.0,United Kingdom
546383,85093,CANDY SPOT EGG WARMER HARE,48,2011-03-11 12:54:00,0.39,13654.0,United Kingdom
546383,22975,SPACEBOY CHILDRENS EGG CUP,12,2011-03-11 12:54:00,1.25,13654.0,United Kingdom
546383,22977,DOLLY GIRL CHILDRENS EGG CUP,12,2011-03-11 12:54:00,1.25,13654.0,United Kingdom
546383,22262,FELT EGG COSY CHICKEN,12,2011-03-11 12:54:00,0.85,13654.0,United Kingdom
546383,21507,"ELEPHANT, BIRTHDAY CARD, ",12,2011-03-11 12:54:00,0.42,13654.0,United Kingdom
546383,21506,"FANCY FONT BIRTHDAY CARD, ",12,2011-03-11 12:54:00,0.42,13654.0,United Kingdom
546383,22983,CARD BILLBOARD FONT,12,2011-03-11 12:54:00,0.42,13654.0,United Kingdom
546383,22029,SPACEBOY BIRTHDAY CARD,12,2011-03-11 12:54:00,0.42,13654.0,United Kingdom
546383,21063,PARTY INVITES JAZZ HEARTS,12,2011-03-11 12:54:00,0.85,13654.0,United Kingdom
546383,21062,PARTY INVITES SPACEMAN,12,2011-03-11 12:54:00,0.85,13654.0,United Kingdom
546383,21060,PARTY INVITES BALLOON GIRL,12,2011-03-11 12:54:00,0.85,13654.0,United Kingdom
546383,21832,CHOCOLATE CALCULATOR,12,2011-03-11 12:54:00,1.65,13654.0,United Kingdom
546383,85099F,JUMBO BAG STRAWBERRY,10,2011-03-11 12:54:00,1.95,13654.0,United Kingdom
546383,22385,JUMBO BAG SPACEBOY DESIGN,10,2011-03-11 12:54:00,1.95,13654.0,United Kingdom
546383,21232,STRAWBERRY CERAMIC TRINKET BOX,12,2011-03-11 12:54:00,1.25,13654.0,United Kingdom
546383,23230,WRAP ALPHABET DESIGN,25,2011-03-11 12:54:00,0.42,13654.0,United Kingdom
546383,16156S,WRAP PINK FAIRY CAKES ,25,2011-03-11 12:54:00,0.42,13654.0,United Kingdom
546383,21495,SKULLS AND CROSSBONES WRAP,25,2011-03-11 12:54:00,0.42,13654.0,United Kingdom
546383,21912,VINTAGE SNAKES & LADDERS,4,2011-03-11 12:54:00,3.75,13654.0,United Kingdom
546384,79321,CHILLI LIGHTS,33,2011-03-11 13:03:00,4.95,15311.0,United Kingdom
546384,21238,RED RETROSPOT CUP,96,2011-03-11 13:03:00,0.72,15311.0,United Kingdom
546384,84978,HANGING HEART JAR T-LIGHT HOLDER,36,2011-03-11 13:03:00,1.06,15311.0,United Kingdom
546384,22364,GLASS JAR DIGESTIVE BISCUITS,24,2011-03-11 13:03:00,2.55,15311.0,United Kingdom
546384,22845,VINTAGE CREAM CAT FOOD CONTAINER,12,2011-03-11 13:03:00,5.55,15311.0,United Kingdom
546384,22241,GARLAND WOODEN HAPPY EASTER,144,2011-03-11 13:03:00,1.06,15311.0,United Kingdom
546384,75049L,LARGE CIRCULAR MIRROR MOBILE,96,2011-03-11 13:03:00,0.85,15311.0,United Kingdom
546384,47421,ASSORTED COLOUR LIZARD SUCTION HOOK,120,2011-03-11 13:03:00,0.36,15311.0,United Kingdom
546384,47590A,BLUE HAPPY BIRTHDAY BUNTING,2,2011-03-11 13:03:00,5.45,15311.0,United Kingdom
546384,22771,CLEAR DRAWER KNOB ACRYLIC EDWARDIAN,12,2011-03-11 13:03:00,1.25,15311.0,United Kingdom
546384,22805,BLUE DRAWER KNOB ACRYLIC EDWARDIAN,12,2011-03-11 13:03:00,1.25,15311.0,United Kingdom
546384,20655,QUEEN OF SKIES LUGGAGE TAG,3,2011-03-11 13:03:00,1.25,15311.0,United Kingdom
546384,21239,PINK  POLKADOT CUP,1,2011-03-11 13:03:00,0.85,15311.0,United Kingdom
546384,22325,MOBILE VINTAGE HEARTS ,1,2011-03-11 13:03:00,4.95,15311.0,United Kingdom
546384,22262,FELT EGG COSY CHICKEN,19,2011-03-11 13:03:00,0.85,15311.0,United Kingdom
546384,82483,WOOD 2 DRAWER CABINET WHITE FINISH,2,2011-03-11 13:03:00,6.95,15311.0,United Kingdom
546384,84997A,CHILDRENS CUTLERY POLKADOT GREEN ,4,2011-03-11 13:03:00,4.15,15311.0,United Kingdom
546384,22318,FIVE HEART HANGING DECORATION,2,2011-03-11 13:03:00,2.95,15311.0,United Kingdom
546384,22788,BROCANTE COAT RACK,1,2011-03-11 13:03:00,9.95,15311.0,United Kingdom
546384,15056N,EDWARDIAN PARASOL NATURAL,3,2011-03-11 13:03:00,5.95,15311.0,United Kingdom
546384,85014A,BLACK/BLUE POLKADOT UMBRELLA,2,2011-03-11 13:03:00,5.95,15311.0,United Kingdom
546384,21470,FLOWER VINE RAFFIA FOOD COVER,2,2011-03-11 13:03:00,3.75,15311.0,United Kingdom
546385,22726,ALARM CLOCK BAKELIKE GREEN,4,2011-03-11 13:13:00,3.75,16652.0,United Kingdom
546385,22728,ALARM CLOCK BAKELIKE PINK,4,2011-03-11 13:13:00,3.75,16652.0,United Kingdom
546385,22730,ALARM CLOCK BAKELIKE IVORY,4,2011-03-11 13:13:00,3.75,16652.0,United Kingdom
546385,22727,ALARM CLOCK BAKELIKE RED ,4,2011-03-11 13:13:00,3.75,16652.0,United Kingdom
546385,48185,DOORMAT FAIRY CAKE,10,2011-03-11 13:13:00,6.75,16652.0,United Kingdom
546385,21216,"SET 3 RETROSPOT TEA,COFFEE,SUGAR",8,2011-03-11 13:13:00,4.95,16652.0,United Kingdom
546385,21535,RED RETROSPOT SMALL MILK JUG,48,2011-03-11 13:13:00,2.1,16652.0,United Kingdom
546385,21527,RED RETROSPOT TRADITIONAL TEAPOT ,12,2011-03-11 13:13:00,6.95,16652.0,United Kingdom
546385,22423,REGENCY CAKESTAND 3 TIER,16,2011-03-11 13:13:00,10.95,16652.0,United Kingdom
546385,22302,COFFEE MUG PEARS  DESIGN,36,2011-03-11 13:13:00,2.1,16652.0,United Kingdom
546385,21165,BEWARE OF THE CAT METAL SIGN ,48,2011-03-11 13:13:00,1.45,16652.0,United Kingdom
546385,21175,GIN + TONIC DIET METAL SIGN,48,2011-03-11 13:13:00,2.08,16652.0,United Kingdom
546385,21166,COOK WITH WINE METAL SIGN ,48,2011-03-11 13:13:00,1.85,16652.0,United Kingdom
546385,82600,NO SINGING METAL SIGN,48,2011-03-11 13:13:00,1.85,16652.0,United Kingdom
546385,71459,HANGING JAM JAR T-LIGHT HOLDER,96,2011-03-11 13:13:00,0.72,16652.0,United Kingdom
546385,84755,COLOUR GLASS T-LIGHT HOLDER HANGING,144,2011-03-11 13:13:00,0.55,16652.0,United Kingdom
546385,22185,SLATE TILE NATURAL HANGING,36,2011-03-11 13:13:00,1.45,16652.0,United Kingdom
546385,22488,NATURAL SLATE RECTANGLE CHALKBOARD,48,2011-03-11 13:13:00,1.45,16652.0,United Kingdom
546385,22457,NATURAL SLATE HEART CHALKBOARD ,48,2011-03-11 13:13:00,2.55,16652.0,United Kingdom
546385,22456,NATURAL SLATE CHALKBOARD LARGE ,18,2011-03-11 13:13:00,4.25,16652.0,United Kingdom
546385,22607,WOODEN ROUNDERS GARDEN SET ,8,2011-03-11 13:13:00,8.5,16652.0,United Kingdom
546385,22605,WOODEN CROQUET GARDEN SET,8,2011-03-11 13:13:00,12.75,16652.0,United Kingdom
546386,84978,HANGING HEART JAR T-LIGHT HOLDER,12,2011-03-11 13:31:00,1.25,14312.0,United Kingdom
546386,82613B,"METAL SIGN,CUPCAKE SINGLE HOOK",8,2011-03-11 13:31:00,1.25,14312.0,United Kingdom
546386,21870,I CAN ONLY PLEASE ONE PERSON MUG,12,2011-03-11 13:31:00,1.25,14312.0,United Kingdom
546386,22457,NATURAL SLATE HEART CHALKBOARD ,6,2011-03-11 13:31:00,2.95,14312.0,United Kingdom
546386,21181,PLEASE ONE PERSON METAL SIGN,12,2011-03-11 13:31:00,2.1,14312.0,United Kingdom
546386,22178,VICTORIAN GLASS HANGING T-LIGHT,12,2011-03-11 13:31:00,1.25,14312.0,United Kingdom
546386,22800,ANTIQUE TALL SWIRLGLASS TRINKET POT,4,2011-03-11 13:31:00,3.75,14312.0,United Kingdom
546386,22487,WHITE WOOD GARDEN PLANT LADDER,1,2011-03-11 13:31:00,9.95,14312.0,United Kingdom
546386,20846,ZINC HEART LATTICE T-LIGHT HOLDER,12,2011-03-11 13:31:00,1.25,14312.0,United Kingdom
546386,22296,HEART IVORY TRELLIS LARGE,12,2011-03-11 13:31:00,1.65,14312.0,United Kingdom
546387,22720,SET OF 3 CAKE TINS PANTRY DESIGN ,6,2011-03-11 13:34:00,4.95,16766.0,United Kingdom
546387,22666,RECIPE BOX PANTRY YELLOW DESIGN,12,2011-03-11 13:34:00,2.95,16766.0,United Kingdom
546387,22722,SET OF 6 SPICE TINS PANTRY DESIGN,8,2011-03-11 13:34:00,3.95,16766.0,United Kingdom
546387,22979,PANTRY WASHING UP BRUSH,24,2011-03-11 13:34:00,1.45,16766.0,United Kingdom
546387,22965,3 TRADITIONAl BISCUIT CUTTERS  SET,12,2011-03-11 13:34:00,2.1,16766.0,United Kingdom
546387,84378,SET OF 3 HEART COOKIE CUTTERS,12,2011-03-11 13:34:00,1.25,16766.0,United Kingdom
546387,84380,SET OF 3 BUTTERFLY COOKIE CUTTERS,12,2011-03-11 13:34:00,1.25,16766.0,United Kingdom
546387,22990,COTTON APRON PANTRY DESIGN,8,2011-03-11 13:34:00,4.95,16766.0,United Kingdom
546387,22989,SET 2 PANTRY DESIGN TEA TOWELS,12,2011-03-11 13:34:00,3.25,16766.0,United Kingdom
546387,22960,JAM MAKING SET WITH JARS,12,2011-03-11 13:34:00,3.75,16766.0,United Kingdom
546387,22961,JAM MAKING SET PRINTED,24,2011-03-11 13:34:00,1.45,16766.0,United Kingdom
546387,22980,PANTRY SCRUBBING BRUSH,24,2011-03-11 13:34:00,1.65,16766.0,United Kingdom
546387,22978,PANTRY ROLLING PIN,12,2011-03-11 13:34:00,3.75,16766.0,United Kingdom
546387,22907,PACK OF 20 NAPKINS PANTRY DESIGN,36,2011-03-11 13:34:00,0.85,16766.0,United Kingdom
546387,22966,GINGERBREAD MAN COOKIE CUTTER,24,2011-03-11 13:34:00,1.25,16766.0,United Kingdom
546387,21524,DOORMAT SPOTTY HOME SWEET HOME,6,2011-03-11 13:34:00,7.95,16766.0,United Kingdom
546387,84987,SET OF 36 TEATIME PAPER DOILIES,24,2011-03-11 13:34:00,1.45,16766.0,United Kingdom
546388,21244,BLUE POLKADOT PLATE ,2,2011-03-11 13:42:00,3.29,,United Kingdom
546388,21327,SKULLS WRITING SET ,1,2011-03-11 13:42:00,2.46,,United Kingdom
546388,21329,DINOSAURS  WRITING SET ,1,2011-03-11 13:42:00,3.29,,United Kingdom
546388,21424,WOODLAND STORAGE BOX LARGE ,5,2011-03-11 13:42:00,6.63,,United Kingdom
546388,21426,WOODLAND STORAGE BOX SMALL,6,2011-03-11 13:42:00,4.96,,United Kingdom
546388,21484,CHICK GREY HOT WATER BOTTLE,2,2011-03-11 13:42:00,8.29,,United Kingdom
546388,21556,CERAMIC STRAWBERRY MONEY BOX,5,2011-03-11 13:42:00,4.13,,United Kingdom
546388,21671,RED SPOT CERAMIC DRAWER KNOB,2,2011-03-11 13:42:00,3.29,,United Kingdom
546388,21672,WHITE SPOT RED CERAMIC DRAWER KNOB,4,2011-03-11 13:42:00,2.46,,United Kingdom
546388,21731,RED TOADSTOOL LED NIGHT LIGHT,13,2011-03-11 13:42:00,4.13,,United Kingdom
546388,21866,UNION JACK FLAG LUGGAGE TAG,2,2011-03-11 13:42:00,3.29,,United Kingdom
546388,21912,VINTAGE SNAKES & LADDERS,4,2011-03-11 13:42:00,7.46,,United Kingdom
546388,21929,JUMBO BAG PINK VINTAGE PAISLEY,16,2011-03-11 13:42:00,4.96,,United Kingdom
546388,21934,SKULL SHOULDER BAG,5,2011-03-11 13:42:00,3.29,,United Kingdom
546388,21972,SET OF 36 DINOSAUR PAPER DOILIES,1,2011-03-11 13:42:00,2.46,,United Kingdom
546388,21976,PACK OF 60 MUSHROOM CAKE CASES,2,2011-03-11 13:42:00,2.08,,United Kingdom
546388,21989,PACK OF 20 SKULL PAPER NAPKINS,7,2011-03-11 13:42:00,1.63,,United Kingdom
546388,22068,BLACK PIRATE TREASURE CHEST,1,2011-03-11 13:42:00,4.13,,United Kingdom
546388,22074,6 RIBBONS SHIMMERING PINKS ,4,2011-03-11 13:42:00,2.46,,United Kingdom
546388,22076,6 RIBBONS EMPIRE  ,1,2011-03-11 13:42:00,2.46,,United Kingdom
546388,22077,6 RIBBONS RUSTIC CHARM,3,2011-03-11 13:42:00,4.13,,United Kingdom
546388,22081,RIBBON REEL FLORA + FAUNA ,1,2011-03-11 13:42:00,3.29,,United Kingdom
546388,22084,PAPER CHAIN KIT EMPIRE,2,2011-03-11 13:42:00,4.96,,United Kingdom
546388,22110,BIRD HOUSE HOT WATER BOTTLE,1,2011-03-11 13:42:00,7.46,,United Kingdom
546388,22112,CHOCOLATE HOT WATER BOTTLE,4,2011-03-11 13:42:00,12.46,,United Kingdom
546388,22174,PHOTO CUBE,3,2011-03-11 13:42:00,4.13,,United Kingdom
546388,22326,ROUND SNACK BOXES SET OF4 WOODLAND ,3,2011-03-11 13:42:00,6.63,,United Kingdom
546388,22327,ROUND SNACK BOXES SET OF 4 SKULLS,2,2011-03-11 13:42:00,6.63,,United Kingdom
546388,22328,ROUND SNACK BOXES SET OF 4 FRUITS ,5,2011-03-11 13:42:00,4.13,,United Kingdom
546388,22355,CHARLOTTE BAG SUKI DESIGN,94,2011-03-11 13:42:00,2.46,,United Kingdom
546388,22356,CHARLOTTE BAG PINK POLKADOT,31,2011-03-11 13:42:00,2.46,,United Kingdom
546388,22367,CHILDRENS APRON SPACEBOY DESIGN,1,2011-03-11 13:42:00,4.96,,United Kingdom
546388,22380,TOY TIDY SPACEBOY  ,2,2011-03-11 13:42:00,4.13,,United Kingdom
546388,22384,LUNCH BAG PINK POLKADOT,2,2011-03-11 13:42:00,4.96,,United Kingdom
546388,22417,PACK OF 60 SPACEBOY CAKE CASES,3,2011-03-11 13:42:00,2.08,,United Kingdom
546388,22423,REGENCY CAKESTAND 3 TIER,14,2011-03-11 13:42:00,24.96,,United Kingdom
546388,22499,WOODEN UNION JACK BUNTING,4,2011-03-11 13:42:00,8.29,,United Kingdom
546388,22554,PLASTERS IN TIN WOODLAND ANIMALS,1,2011-03-11 13:42:00,3.29,,United Kingdom
546388,22624,IVORY KITCHEN SCALES,1,2011-03-11 13:42:00,16.63,,United Kingdom
546388,22625,RED KITCHEN SCALES,1,2011-03-11 13:42:00,16.63,,United Kingdom
546388,22631,CIRCUS PARADE LUNCH BOX ,2,2011-03-11 13:42:00,3.29,,United Kingdom
546388,22644,CERAMIC CHERRY CAKE MONEY BANK,1,2011-03-11 13:42:00,4.13,,United Kingdom
546388,22645,CERAMIC HEART FAIRY CAKE MONEY BANK,9,2011-03-11 13:42:00,4.13,,United Kingdom
546388,22646,CERAMIC STRAWBERRY CAKE MONEY BANK,3,2011-03-11 13:42:00,4.13,,United Kingdom
546388,22652,TRAVEL SEWING KIT,4,2011-03-11 13:42:00,4.13,,United Kingdom
546388,22660,DOORMAT I LOVE LONDON,1,2011-03-11 13:42:00,12.46,,United Kingdom
546388,22665,RECIPE BOX BLUE SKETCHBOOK DESIGN,3,2011-03-11 13:42:00,6.63,,United Kingdom
546388,22666,RECIPE BOX PANTRY YELLOW DESIGN,5,2011-03-11 13:42:00,6.63,,United Kingdom
546388,22694,WICKER STAR ,1,2011-03-11 13:42:00,3.29,,United Kingdom
546388,22726,ALARM CLOCK BAKELIKE GREEN,2,2011-03-11 13:42:00,8.29,,United Kingdom
546388,22727,ALARM CLOCK BAKELIKE RED ,1,2011-03-11 13:42:00,8.29,,United Kingdom
546388,22732,3D VINTAGE CHRISTMAS STICKERS ,1,2011-03-11 13:42:00,1.63,,United Kingdom
546388,22745,POPPY'S PLAYHOUSE BEDROOM ,1,2011-03-11 13:42:00,3.29,,United Kingdom
546388,22746,POPPY'S PLAYHOUSE LIVINGROOM ,1,2011-03-11 13:42:00,3.29,,United Kingdom
546388,22747,POPPY'S PLAYHOUSE BATHROOM,1,2011-03-11 13:42:00,3.29,,United Kingdom
546388,47566,PARTY BUNTING,20,2011-03-11 13:42:00,10.79,,United Kingdom
546388,47580,TEA TIME DES TEA COSY,1,2011-03-11 13:42:00,5.79,,United Kingdom
546388,48187,DOORMAT NEW ENGLAND,1,2011-03-11 13:42:00,12.46,,United Kingdom
546388,48189,DOORMAT FRIENDSHIP ,1,2011-03-11 13:42:00,16.63,,United Kingdom
546388,79321,CHILLI LIGHTS,9,2011-03-11 13:42:00,12.46,,United Kingdom
546388,82583,HOT BATHS METAL SIGN,12,2011-03-11 13:42:00,4.96,,United Kingdom
546388,84029E,RED WOOLLY HOTTIE WHITE HEART.,1,2011-03-11 13:42:00,7.46,,United Kingdom
546388,84029G,KNITTED UNION FLAG HOT WATER BOTTLE,2,2011-03-11 13:42:00,8.29,,United Kingdom
546388,84380,SET OF 3 BUTTERFLY COOKIE CUTTERS,5,2011-03-11 13:42:00,3.29,,United Kingdom
546388,84692,BOX OF 24 COCKTAIL PARASOLS,8,2011-03-11 13:42:00,1.63,,United Kingdom
546388,84991,60 TEATIME FAIRY CAKE CASES,3,2011-03-11 13:42:00,1.25,,United Kingdom
546388,84997b,CHILDRENS CUTLERY RETROSPOT RED ,5,2011-03-11 13:42:00,8.29,,United Kingdom
546388,84997c,CHILDRENS CUTLERY POLKADOT BLUE,6,2011-03-11 13:42:00,8.29,,United Kingdom
546388,84997d,CHILDRENS CUTLERY POLKADOT PINK,3,2011-03-11 13:42:00,8.29,,United Kingdom
546388,20675,BLUE POLKADOT BOWL,2,2011-03-11 13:42:00,2.46,,United Kingdom
546388,20677,PINK POLKADOT BOWL,5,2011-03-11 13:42:00,2.46,,United Kingdom
546388,20717,STRAWBERRY SHOPPER BAG,9,2011-03-11 13:42:00,2.46,,United Kingdom
546388,20719,WOODLAND CHARLOTTE BAG,69,2011-03-11 13:42:00,2.46,,United Kingdom
546388,20723,STRAWBERRY CHARLOTTE BAG,35,2011-03-11 13:42:00,2.46,,United Kingdom
546388,20724,RED RETROSPOT CHARLOTTE BAG,44,2011-03-11 13:42:00,2.46,,United Kingdom
546388,20728,LUNCH BAG CARS BLUE,9,2011-03-11 13:42:00,4.13,,United Kingdom
546388,20734,SILVER MINI TAPE MEASURE ,2,2011-03-11 13:43:00,1.63,,United Kingdom
546388,21041,RED RETROSPOT OVEN GLOVE DOUBLE,1,2011-03-11 13:43:00,6.63,,United Kingdom
546388,21082,SET/20 FRUIT SALAD PAPER NAPKINS ,2,2011-03-11 13:43:00,1.63,,United Kingdom
546388,21154,RED RETROSPOT OVEN GLOVE ,12,2011-03-11 13:43:00,3.29,,United Kingdom
546388,21155,RED RETROSPOT PEG BAG,3,2011-03-11 13:43:00,4.96,,United Kingdom
546388,21211,SET OF 72 SKULL PAPER  DOILIES,2,2011-03-11 13:43:00,3.75,,United Kingdom
546388,21212,PACK OF 72 RETROSPOT CAKE CASES,16,2011-03-11 13:43:00,2.08,,United Kingdom
546388,21213,PACK OF 72 SKULL CAKE CASES,6,2011-03-11 13:43:00,2.08,,United Kingdom
546388,21215,IVORY PAPER CUP CAKE CASES ,7,2011-03-11 13:43:00,1.25,,United Kingdom
546388,21232,STRAWBERRY CERAMIC TRINKET BOX,15,2011-03-11 13:43:00,3.29,,United Kingdom
546388,21239,PINK  POLKADOT CUP,1,2011-03-11 13:43:00,1.63,,United Kingdom
546388,21240,BLUE POLKADOT CUP,2,2011-03-11 13:43:00,1.63,,United Kingdom
546388,21242,RED RETROSPOT PLATE ,2,2011-03-11 13:43:00,3.29,,United Kingdom
546388,21243,PINK  POLKADOT PLATE ,4,2011-03-11 13:43:00,3.29,,United Kingdom
546389,48184,DOORMAT ENGLISH ROSE ,2,2011-03-11 13:56:00,7.95,16801.0,United Kingdom
546389,22690,DOORMAT HOME SWEET HOME BLUE ,2,2011-03-11 13:56:00,7.95,16801.0,United Kingdom
546389,48129,DOORMAT TOPIARY,2,2011-03-11 13:56:00,7.95,16801.0,United Kingdom
546389,48111,DOORMAT 3 SMILEY CATS,2,2011-03-11 13:56:00,7.95,16801.0,United Kingdom
546389,22365,DOORMAT RESPECTABLE HOUSE,2,2011-03-11 13:56:00,7.95,16801.0,United Kingdom
546389,48138,DOORMAT UNION FLAG,2,2011-03-11 13:56:00,7.95,16801.0,United Kingdom
546389,48185,DOORMAT FAIRY CAKE,2,2011-03-11 13:56:00,7.95,16801.0,United Kingdom
546389,48194,DOORMAT HEARTS,2,2011-03-11 13:56:00,7.95,16801.0,United Kingdom
546389,48187,DOORMAT NEW ENGLAND,2,2011-03-11 13:56:00,7.95,16801.0,United Kingdom
546389,22366,DOORMAT AIRMAIL ,2,2011-03-11 13:56:00,7.95,16801.0,United Kingdom
546389,22691,DOORMAT WELCOME SUNRISE,2,2011-03-11 13:56:00,7.95,16801.0,United Kingdom
546389,21523,DOORMAT FANCY FONT HOME SWEET HOME,2,2011-03-11 13:56:00,7.95,16801.0,United Kingdom
546389,48188,DOORMAT WELCOME PUPPIES,2,2011-03-11 13:56:00,7.95,16801.0,United Kingdom
546389,22692,DOORMAT WELCOME TO OUR HOME,2,2011-03-11 13:56:00,7.95,16801.0,United Kingdom
546389,22456,NATURAL SLATE CHALKBOARD LARGE ,3,2011-03-11 13:56:00,4.95,16801.0,United Kingdom
546389,22457,NATURAL SLATE HEART CHALKBOARD ,6,2011-03-11 13:56:00,2.95,16801.0,United Kingdom
546389,21745,GAOLERS KEYS DECORATIVE GARDEN ,4,2011-03-11 13:56:00,3.75,16801.0,United Kingdom
546389,22760,"TRAY, BREAKFAST IN BED",1,2011-03-11 13:56:00,12.75,16801.0,United Kingdom
546389,22425,ENAMEL COLANDER CREAM,3,2011-03-11 13:56:00,4.95,16801.0,United Kingdom
546389,22427,ENAMEL FLOWER JUG CREAM,3,2011-03-11 13:56:00,5.95,16801.0,United Kingdom
546389,22430,ENAMEL WATERING CAN CREAM,4,2011-03-11 13:56:00,4.95,16801.0,United Kingdom
546389,22429,ENAMEL MEASURING JUG CREAM,4,2011-03-11 13:56:00,4.25,16801.0,United Kingdom
546389,22426,ENAMEL WASH BOWL CREAM,4,2011-03-11 13:56:00,3.75,16801.0,United Kingdom
546389,22193,RED DINER WALL CLOCK,2,2011-03-11 13:56:00,8.5,16801.0,United Kingdom
546389,22192,BLUE DINER WALL CLOCK,2,2011-03-11 13:56:00,8.5,16801.0,United Kingdom
546389,22191,IVORY DINER WALL CLOCK,2,2011-03-11 13:56:00,8.5,16801.0,United Kingdom
546389,22846,BREAD BIN DINER STYLE RED ,1,2011-03-11 13:56:00,16.95,16801.0,United Kingdom
546389,22624,IVORY KITCHEN SCALES,2,2011-03-11 13:56:00,8.5,16801.0,United Kingdom
546389,22626,BLACK KITCHEN SCALES,2,2011-03-11 13:56:00,8.5,16801.0,United Kingdom
546389,22625,RED KITCHEN SCALES,2,2011-03-11 13:56:00,8.5,16801.0,United Kingdom
546389,22842,BISCUIT TIN VINTAGE RED,2,2011-03-11 13:56:00,6.75,16801.0,United Kingdom
546389,22840,ROUND CAKE TIN VINTAGE RED,2,2011-03-11 13:56:00,7.95,16801.0,United Kingdom
546389,22979,PANTRY WASHING UP BRUSH,12,2011-03-11 13:56:00,1.45,16801.0,United Kingdom
546389,22990,COTTON APRON PANTRY DESIGN,2,2011-03-11 13:56:00,4.95,16801.0,United Kingdom
546389,22720,SET OF 3 CAKE TINS PANTRY DESIGN ,3,2011-03-11 13:56:00,4.95,16801.0,United Kingdom
546389,22722,SET OF 6 SPICE TINS PANTRY DESIGN,4,2011-03-11 13:56:00,3.95,16801.0,United Kingdom
546389,22960,JAM MAKING SET WITH JARS,6,2011-03-11 13:56:00,4.25,16801.0,United Kingdom
546389,22980,PANTRY SCRUBBING BRUSH,12,2011-03-11 13:56:00,1.65,16801.0,United Kingdom
546389,21868,POTTING SHED TEA MUG,12,2011-03-11 13:56:00,1.25,16801.0,United Kingdom
546389,21877,HOME SWEET HOME MUG,12,2011-03-11 13:56:00,1.25,16801.0,United Kingdom
546389,21873,IF YOU CAN'T STAND THE HEAT MUG,12,2011-03-11 13:56:00,1.25,16801.0,United Kingdom
546389,22413,METAL SIGN TAKE IT OR LEAVE IT ,6,2011-03-11 13:56:00,2.95,16801.0,United Kingdom
546389,21903,MAN FLU METAL SIGN,12,2011-03-11 13:56:00,2.1,16801.0,United Kingdom
546389,21908,CHOCOLATE THIS WAY METAL SIGN,12,2011-03-11 13:56:00,2.1,16801.0,United Kingdom
546389,21622,VINTAGE UNION JACK CUSHION COVER,4,2011-03-11 13:56:00,4.95,16801.0,United Kingdom
546390,20668,DISCO BALL CHRISTMAS DECORATION,120,2011-03-11 14:03:00,0.12,14083.0,United Kingdom
546391,22568,FELTCRAFT CUSHION OWL,1,2011-03-11 14:06:00,3.75,17800.0,United Kingdom
546391,20971,PINK BLUE FELT CRAFT TRINKET BOX,1,2011-03-11 14:06:00,1.25,17800.0,United Kingdom
546391,21380,WOODEN HAPPY BIRTHDAY GARLAND,4,2011-03-11 14:06:00,2.95,17800.0,United Kingdom
546391,22147,FELTCRAFT BUTTERFLY HEARTS,3,2011-03-11 14:06:00,1.45,17800.0,United Kingdom
546391,22149,FELTCRAFT 6 FLOWER FRIENDS,6,2011-03-11 14:06:00,2.1,17800.0,United Kingdom
546391,22693,GROW A FLYTRAP OR SUNFLOWER IN TIN,48,2011-03-11 14:06:00,1.25,17800.0,United Kingdom
546391,21448,12 DAISY PEGS IN WOOD BOX,6,2011-03-11 14:06:00,1.65,17800.0,United Kingdom
546392,22382,LUNCH BAG SPACEBOY DESIGN ,1,2011-03-11 14:15:00,1.65,14587.0,United Kingdom
546392,22139,RETROSPOT TEA SET CERAMIC 11 PC ,6,2011-03-11 14:15:00,4.95,14587.0,United Kingdom
546392,82494L,WOODEN FRAME ANTIQUE WHITE ,4,2011-03-11 14:15:00,2.95,14587.0,United Kingdom
546392,35961,FOLKART ZINC HEART CHRISTMAS DEC,5,2011-03-11 14:15:00,0.85,14587.0,United Kingdom
546392,21900,"KEY FOB , SHED",4,2011-03-11 14:15:00,0.65,14587.0,United Kingdom
546392,21899,"KEY FOB , GARAGE DESIGN",3,2011-03-11 14:15:00,0.65,14587.0,United Kingdom
546392,21901,"KEY FOB , BACK DOOR ",4,2011-03-11 14:15:00,0.65,14587.0,United Kingdom
546392,22524,CHILDRENS GARDEN GLOVES BLUE,2,2011-03-11 14:15:00,1.25,14587.0,United Kingdom
546392,85123A,WHITE HANGING HEART T-LIGHT HOLDER,3,2011-03-11 14:15:00,2.95,14587.0,United Kingdom
546392,47591D,PINK FAIRY CAKE CHILDRENS APRON,2,2011-03-11 14:15:00,1.95,14587.0,United Kingdom
546392,22367,CHILDRENS APRON SPACEBOY DESIGN,1,2011-03-11 14:15:00,1.95,14587.0,United Kingdom
546392,47559B,TEA TIME OVEN GLOVE,3,2011-03-11 14:15:00,1.25,14587.0,United Kingdom
546392,21213,PACK OF 72 SKULL CAKE CASES,1,2011-03-11 14:15:00,0.55,14587.0,United Kingdom
546392,21918,SET 12 KIDS COLOUR  CHALK STICKS,1,2011-03-11 14:15:00,0.42,14587.0,United Kingdom
546392,84991,60 TEATIME FAIRY CAKE CASES,2,2011-03-11 14:15:00,0.55,14587.0,United Kingdom
546392,84992,72 SWEETHEART FAIRY CAKE CASES,2,2011-03-11 14:15:00,0.55,14587.0,United Kingdom
546392,21975,PACK OF 60 DINOSAUR CAKE CASES,2,2011-03-11 14:15:00,0.55,14587.0,United Kingdom
546392,21561,DINOSAUR LUNCH BOX WITH CUTLERY,1,2011-03-11 14:15:00,2.55,14587.0,United Kingdom
546392,84375,SET OF 20 KIDS COOKIE CUTTERS,1,2011-03-11 14:15:00,2.1,14587.0,United Kingdom
546392,21154,RED RETROSPOT OVEN GLOVE ,2,2011-03-11 14:15:00,1.25,14587.0,United Kingdom
546392,21080,SET/20 RED RETROSPOT PAPER NAPKINS ,1,2011-03-11 14:15:00,0.85,14587.0,United Kingdom
546392,21363,HOME SMALL WOOD LETTERS,1,2011-03-11 14:15:00,4.95,14587.0,United Kingdom
546392,84510A,SET OF 4 ENGLISH ROSE COASTERS,1,2011-03-11 14:15:00,1.25,14587.0,United Kingdom
546392,21754,HOME BUILDING BLOCK WORD,1,2011-03-11 14:15:00,5.95,14587.0,United Kingdom
546392,84510C,SET OF 4 POLKADOT COASTERS,1,2011-03-11 14:15:00,1.25,14587.0,United Kingdom
546392,84510A,SET OF 4 ENGLISH ROSE COASTERS,1,2011-03-11 14:15:00,1.25,14587.0,United Kingdom
546392,84509C,SET OF 4 POLKADOT PLACEMATS ,1,2011-03-11 14:15:00,3.75,14587.0,United Kingdom
546392,84509A,SET OF 4 ENGLISH ROSE PLACEMATS,2,2011-03-11 14:15:00,3.75,14587.0,United Kingdom
546392,82484,WOOD BLACK BOARD ANT WHITE FINISH,2,2011-03-11 14:15:00,7.9,14587.0,United Kingdom
546392,21561,DINOSAUR LUNCH BOX WITH CUTLERY,3,2011-03-11 14:15:00,2.55,14587.0,United Kingdom
546392,21559,STRAWBERRY LUNCH BOX WITH CUTLERY,6,2011-03-11 14:15:00,2.55,14587.0,United Kingdom
546392,22352,LUNCH BOX WITH CUTLERY RETROSPOT ,6,2011-03-11 14:15:00,2.55,14587.0,United Kingdom
546392,21558,SKULL LUNCH BOX WITH CUTLERY ,6,2011-03-11 14:15:00,2.55,14587.0,United Kingdom
546392,22333,RETROSPOT PARTY BAG + STICKER SET,1,2011-03-11 14:15:00,1.65,14587.0,United Kingdom
546392,22332,SKULLS PARTY BAG + STICKER SET,1,2011-03-11 14:15:00,1.65,14587.0,United Kingdom
546392,22334,DINOSAUR PARTY BAG + STICKER SET,1,2011-03-11 14:15:00,1.65,14587.0,United Kingdom
546392,20675,BLUE POLKADOT BOWL,1,2011-03-11 14:15:00,1.25,14587.0,United Kingdom
546392,20674,GREEN POLKADOT BOWL,1,2011-03-11 14:15:00,1.25,14587.0,United Kingdom
546392,20677,PINK POLKADOT BOWL,1,2011-03-11 14:15:00,1.25,14587.0,United Kingdom
546392,20676,RED RETROSPOT BOWL,2,2011-03-11 14:15:00,1.25,14587.0,United Kingdom
546392,22645,CERAMIC HEART FAIRY CAKE MONEY BANK,1,2011-03-11 14:15:00,1.45,14587.0,United Kingdom
546392,82482,WOODEN PICTURE FRAME WHITE FINISH,1,2011-03-11 14:15:00,2.55,14587.0,United Kingdom
546392,22470,HEART OF WICKER LARGE,1,2011-03-11 14:15:00,2.95,14587.0,United Kingdom
546392,20725,LUNCH BAG RED RETROSPOT,1,2011-03-11 14:15:00,1.65,14587.0,United Kingdom
546393,85159A,"BLACK TEA,COFFEE,SUGAR JARS",1,2011-03-11 14:21:00,1.95,,United Kingdom
546394,84380,SET OF 3 BUTTERFLY COOKIE CUTTERS,12,2011-03-11 14:26:00,1.25,17164.0,United Kingdom
546394,84378,SET OF 3 HEART COOKIE CUTTERS,12,2011-03-11 14:26:00,1.25,17164.0,United Kingdom
546394,22720,SET OF 3 CAKE TINS PANTRY DESIGN ,3,2011-03-11 14:26:00,4.95,17164.0,United Kingdom
546394,22666,RECIPE BOX PANTRY YELLOW DESIGN,6,2011-03-11 14:26:00,2.95,17164.0,United Kingdom
546394,22961,JAM MAKING SET PRINTED,12,2011-03-11 14:26:00,1.45,17164.0,United Kingdom
546394,22966,GINGERBREAD MAN COOKIE CUTTER,12,2011-03-11 14:26:00,1.25,17164.0,United Kingdom
546394,22993,SET OF 4 PANTRY JELLY MOULDS,12,2011-03-11 14:26:00,1.25,17164.0,United Kingdom
546394,84375,SET OF 20 KIDS COOKIE CUTTERS,12,2011-03-11 14:26:00,2.1,17164.0,United Kingdom
546394,22960,JAM MAKING SET WITH JARS,6,2011-03-11 14:26:00,4.25,17164.0,United Kingdom
546394,22907,PACK OF 20 NAPKINS PANTRY DESIGN,12,2011-03-11 14:26:00,0.85,17164.0,United Kingdom
546394,21210,SET OF 72 RETROSPOT PAPER  DOILIES,12,2011-03-11 14:26:00,1.45,17164.0,United Kingdom
546394,22083,PAPER CHAIN KIT RETROSPOT,6,2011-03-11 14:26:00,2.95,17164.0,United Kingdom
546394,22090,PAPER BUNTING RETROSPOT,6,2011-03-11 14:26:00,2.95,17164.0,United Kingdom
546394,21121,SET/10 RED POLKADOT PARTY CANDLES,24,2011-03-11 14:26:00,1.25,17164.0,United Kingdom
546394,21124,SET/10 BLUE POLKADOT PARTY CANDLES,24,2011-03-11 14:26:00,1.25,17164.0,United Kingdom
546394,21212,PACK OF 72 RETROSPOT CAKE CASES,24,2011-03-11 14:26:00,0.55,17164.0,United Kingdom
546394,84991,60 TEATIME FAIRY CAKE CASES,24,2011-03-11 14:26:00,0.55,17164.0,United Kingdom
546394,21975,PACK OF 60 DINOSAUR CAKE CASES,24,2011-03-11 14:26:00,0.55,17164.0,United Kingdom
546394,22303,COFFEE MUG APPLES DESIGN,6,2011-03-11 14:26:00,2.55,17164.0,United Kingdom
546394,22301,COFFEE MUG CAT + BIRD DESIGN,6,2011-03-11 14:26:00,2.55,17164.0,United Kingdom
546394,22898,CHILDRENS APRON APPLES DESIGN,8,2011-03-11 14:26:00,1.95,17164.0,United Kingdom
546394,22908,PACK OF 20 NAPKINS RED APPLES,12,2011-03-11 14:26:00,0.85,17164.0,United Kingdom
546394,22558,CLOTHES PEGS RETROSPOT PACK 24 ,12,2011-03-11 14:26:00,1.49,17164.0,United Kingdom
546394,22139,RETROSPOT TEA SET CERAMIC 11 PC ,3,2011-03-11 14:26:00,4.95,17164.0,United Kingdom
546394,20972,PINK CREAM FELT CRAFT TRINKET BOX ,12,2011-03-11 14:26:00,1.25,17164.0,United Kingdom
546394,22150,3 STRIPEY MICE FELTCRAFT,6,2011-03-11 14:26:00,1.95,17164.0,United Kingdom
546394,22147,FELTCRAFT BUTTERFLY HEARTS,12,2011-03-11 14:26:00,1.45,17164.0,United Kingdom
546394,22743,MAKE YOUR OWN FLOWERPOWER CARD KIT,6,2011-03-11 14:26:00,2.95,17164.0,United Kingdom
546394,22569,FELTCRAFT CUSHION BUTTERFLY,4,2011-03-11 14:26:00,3.75,17164.0,United Kingdom
546394,22148,EASTER CRAFT 4 CHICKS ,12,2011-03-11 14:26:00,1.95,17164.0,United Kingdom
546394,22026,BANQUET BIRTHDAY  CARD  ,12,2011-03-11 14:26:00,0.42,17164.0,United Kingdom
546394,21519,GIN & TONIC DIET GREETING CARD ,12,2011-03-11 14:26:00,0.42,17164.0,United Kingdom
546394,22814,CARD PARTY GAMES ,12,2011-03-11 14:26:00,0.42,17164.0,United Kingdom
546394,22716,CARD CIRCUS PARADE,12,2011-03-11 14:26:00,0.42,17164.0,United Kingdom
546394,22815,CARD PSYCHEDELIC APPLES,12,2011-03-11 14:26:00,0.42,17164.0,United Kingdom
546394,22077,6 RIBBONS RUSTIC CHARM,12,2011-03-11 14:26:00,1.65,17164.0,United Kingdom
546394,22084,PAPER CHAIN KIT EMPIRE,6,2011-03-11 14:26:00,2.95,17164.0,United Kingdom
546394,22499,WOODEN UNION JACK BUNTING,3,2011-03-11 14:26:00,5.95,17164.0,United Kingdom
546394,21621,VINTAGE UNION JACK BUNTING,4,2011-03-11 14:26:00,8.5,17164.0,United Kingdom
C546395,21871,SAVE THE PLANET MUG,-1,2011-03-11 14:29:00,1.25,14214.0,United Kingdom
546396,22768,FAMILY PHOTO FRAME CORNICE,1,2011-03-11 14:35:00,9.95,13226.0,United Kingdom
546396,21361,LOVE LARGE WOOD LETTERS ,1,2011-03-11 14:35:00,12.75,13226.0,United Kingdom
546396,84559A,3D SHEET OF DOG STICKERS,1,2011-03-11 14:35:00,0.85,13226.0,United Kingdom
546396,20971,PINK BLUE FELT CRAFT TRINKET BOX,2,2011-03-11 14:35:00,1.25,13226.0,United Kingdom
546396,20972,PINK CREAM FELT CRAFT TRINKET BOX ,2,2011-03-11 14:35:00,1.25,13226.0,United Kingdom
546396,22147,FELTCRAFT BUTTERFLY HEARTS,2,2011-03-11 14:35:00,1.45,13226.0,United Kingdom
546396,22149,FELTCRAFT 6 FLOWER FRIENDS,4,2011-03-11 14:35:00,2.1,13226.0,United Kingdom
546396,22083,PAPER CHAIN KIT RETROSPOT,1,2011-03-11 14:35:00,2.95,13226.0,United Kingdom
546396,22128,PARTY CONES CANDY ASSORTED,12,2011-03-11 14:35:00,1.25,13226.0,United Kingdom
546396,72351A,SET/6 TURQUOISE BUTTERFLY T-LIGHTS,4,2011-03-11 14:35:00,2.1,13226.0,United Kingdom
546396,72349B,SET/6 PURPLE BUTTERFLY T-LIGHTS,4,2011-03-11 14:35:00,2.1,13226.0,United Kingdom
546396,85061W,WHITE JEWELLED HEART DECORATION,10,2011-03-11 14:35:00,0.85,13226.0,United Kingdom
546396,72351B,SET/6 PINK  BUTTERFLY T-LIGHTS,4,2011-03-11 14:35:00,2.1,13226.0,United Kingdom
546396,21209,MULTICOLOUR HONEYCOMB FAN,5,2011-03-11 14:35:00,1.65,13226.0,United Kingdom
546396,21985,PACK OF 12 HEARTS DESIGN TISSUES ,24,2011-03-11 14:35:00,0.29,13226.0,United Kingdom
546396,16202A,PASTEL PINK PHOTO ALBUM ,3,2011-03-11 14:35:00,0.5,13226.0,United Kingdom
546397,47590A,BLUE HAPPY BIRTHDAY BUNTING,3,2011-03-11 14:37:00,5.45,12971.0,United Kingdom
546397,21626,VINTAGE UNION JACK PENNANT,12,2011-03-11 14:37:00,1.95,12971.0,United Kingdom
546397,22090,PAPER BUNTING RETROSPOT,6,2011-03-11 14:37:00,2.95,12971.0,United Kingdom
546397,22499,WOODEN UNION JACK BUNTING,12,2011-03-11 14:37:00,5.95,12971.0,United Kingdom
546397,85206A,CREAM FELT EASTER EGG BASKET,6,2011-03-11 14:37:00,1.65,12971.0,United Kingdom
546397,22241,GARLAND WOODEN HAPPY EASTER,12,2011-03-11 14:37:00,1.25,12971.0,United Kingdom
546398,22849,BREAD BIN DINER STYLE MINT,4,2011-03-11 14:52:00,14.95,13043.0,United Kingdom
546398,22846,BREAD BIN DINER STYLE RED ,4,2011-03-11 14:52:00,14.95,13043.0,United Kingdom
546398,22191,IVORY DINER WALL CLOCK,4,2011-03-11 14:52:00,8.5,13043.0,United Kingdom
546398,22192,BLUE DINER WALL CLOCK,2,2011-03-11 14:52:00,8.5,13043.0,United Kingdom
546398,22193,RED DINER WALL CLOCK,2,2011-03-11 14:52:00,8.5,13043.0,United Kingdom
546398,22666,RECIPE BOX PANTRY YELLOW DESIGN,6,2011-03-11 14:52:00,2.95,13043.0,United Kingdom
546398,22722,SET OF 6 SPICE TINS PANTRY DESIGN,4,2011-03-11 14:52:00,3.95,13043.0,United Kingdom
546398,22961,JAM MAKING SET PRINTED,96,2011-03-11 14:52:00,1.25,13043.0,United Kingdom
546398,22960,JAM MAKING SET WITH JARS,12,2011-03-11 14:52:00,3.75,13043.0,United Kingdom
546398,22962,JAM JAR WITH PINK LID,48,2011-03-11 14:52:00,0.72,13043.0,United Kingdom
546398,22963,JAM JAR WITH GREEN LID,48,2011-03-11 14:52:00,0.72,13043.0,United Kingdom
546398,22301,COFFEE MUG CAT + BIRD DESIGN,12,2011-03-11 14:52:00,2.55,13043.0,United Kingdom
546398,22302,COFFEE MUG PEARS  DESIGN,12,2011-03-11 14:52:00,2.55,13043.0,United Kingdom
546399,22084,PAPER CHAIN KIT EMPIRE,24,2011-03-11 14:58:00,2.95,14352.0,United Kingdom
546399,21878,PACK OF 6 SANDCASTLE FLAGS ASSORTED,24,2011-03-11 14:58:00,0.85,14352.0,United Kingdom
546399,22083,PAPER CHAIN KIT RETROSPOT,12,2011-03-11 14:58:00,2.95,14352.0,United Kingdom
546399,22089,PAPER BUNTING VINTAGE PAISLEY,6,2011-03-11 14:58:00,2.95,14352.0,United Kingdom
546399,22464,HANGING METAL HEART LANTERN,12,2011-03-11 14:58:00,1.65,14352.0,United Kingdom
546399,85123A,WHITE HANGING HEART T-LIGHT HOLDER,6,2011-03-11 14:58:00,2.95,14352.0,United Kingdom
546399,21733,RED HANGING HEART T-LIGHT HOLDER,6,2011-03-11 14:58:00,2.95,14352.0,United Kingdom
546399,48138,DOORMAT UNION FLAG,2,2011-03-11 14:58:00,7.95,14352.0,United Kingdom
546399,22365,DOORMAT RESPECTABLE HOUSE,2,2011-03-11 14:58:00,7.95,14352.0,United Kingdom
C546400,21042,RED RETROSPOT APRON ,-2,2011-03-11 15:02:00,5.95,17994.0,United Kingdom
C546400,47567B,TEA TIME KITCHEN APRON,-2,2011-03-11 15:02:00,5.95,17994.0,United Kingdom
546401,20726,LUNCH BAG WOODLAND,5,2011-03-11 15:14:00,1.65,17994.0,United Kingdom
546401,47591D,PINK FAIRY CAKE CHILDRENS APRON,3,2011-03-11 15:14:00,1.95,17994.0,United Kingdom
546401,22367,CHILDRENS APRON SPACEBOY DESIGN,4,2011-03-11 15:14:00,1.95,17994.0,United Kingdom
546402,48138,DOORMAT UNION FLAG,2,2011-03-11 15:22:00,7.95,13305.0,United Kingdom
546402,21523,DOORMAT FANCY FONT HOME SWEET HOME,8,2011-03-11 15:22:00,7.95,13305.0,United Kingdom
546402,21524,DOORMAT SPOTTY HOME SWEET HOME,2,2011-03-11 15:22:00,7.95,13305.0,United Kingdom
546402,22740,POLKADOT PEN,48,2011-03-11 15:22:00,0.85,13305.0,United Kingdom
546402,85061W,WHITE JEWELLED HEART DECORATION,24,2011-03-11 15:22:00,0.85,13305.0,United Kingdom
546403,22965,3 TRADITIONAl BISCUIT CUTTERS  SET,12,2011-03-11 15:22:00,2.1,16766.0,United Kingdom
546403,84378,SET OF 3 HEART COOKIE CUTTERS,12,2011-03-11 15:22:00,1.25,16766.0,United Kingdom
546403,84380,SET OF 3 BUTTERFLY COOKIE CUTTERS,12,2011-03-11 15:22:00,1.25,16766.0,United Kingdom
546403,22990,COTTON APRON PANTRY DESIGN,8,2011-03-11 15:22:00,4.95,16766.0,United Kingdom
546403,22989,SET 2 PANTRY DESIGN TEA TOWELS,12,2011-03-11 15:22:00,3.25,16766.0,United Kingdom
546403,22960,JAM MAKING SET WITH JARS,12,2011-03-11 15:22:00,3.75,16766.0,United Kingdom
546403,22961,JAM MAKING SET PRINTED,24,2011-03-11 15:22:00,1.45,16766.0,United Kingdom
546403,22980,PANTRY SCRUBBING BRUSH,24,2011-03-11 15:22:00,1.65,16766.0,United Kingdom
546403,22978,PANTRY ROLLING PIN,12,2011-03-11 15:22:00,3.75,16766.0,United Kingdom
546403,22907,PACK OF 20 NAPKINS PANTRY DESIGN,36,2011-03-11 15:22:00,0.85,16766.0,United Kingdom
546403,22966,GINGERBREAD MAN COOKIE CUTTER,24,2011-03-11 15:22:00,1.25,16766.0,United Kingdom
546403,21524,DOORMAT SPOTTY HOME SWEET HOME,6,2011-03-11 15:22:00,7.95,16766.0,United Kingdom
546403,84987,SET OF 36 TEATIME PAPER DOILIES,24,2011-03-11 15:22:00,1.45,16766.0,United Kingdom
546403,22720,SET OF 3 CAKE TINS PANTRY DESIGN ,6,2011-03-11 15:22:00,4.95,16766.0,United Kingdom
546403,22666,RECIPE BOX PANTRY YELLOW DESIGN,12,2011-03-11 15:22:00,2.95,16766.0,United Kingdom
546403,22722,SET OF 6 SPICE TINS PANTRY DESIGN,8,2011-03-11 15:22:00,3.95,16766.0,United Kingdom
546403,22979,PANTRY WASHING UP BRUSH,24,2011-03-11 15:22:00,1.45,16766.0,United Kingdom
546404,22128,PARTY CONES CANDY ASSORTED,120,2011-03-11 15:42:00,1.06,13509.0,United Kingdom
546405,20685,DOORMAT RED RETROSPOT,3,2011-03-11 16:05:00,7.95,17351.0,United Kingdom
546405,48111,DOORMAT 3 SMILEY CATS,5,2011-03-11 16:05:00,7.95,17351.0,United Kingdom
546405,48138,DOORMAT UNION FLAG,20,2011-03-11 16:05:00,6.75,17351.0,United Kingdom
546406,20619,TROPICAL PASSPORT COVER ,2,2011-03-11 16:21:00,1.63,,United Kingdom
546406,20676,RED RETROSPOT BOWL,1,2011-03-11 16:21:00,2.46,,United Kingdom
546406,20707,CRAZY DAISY HEART DECORATION,1,2011-03-11 16:21:00,0.83,,United Kingdom
546406,20717,STRAWBERRY SHOPPER BAG,1,2011-03-11 16:21:00,2.46,,United Kingdom
546406,20718,RED RETROSPOT SHOPPER BAG,1,2011-03-11 16:21:00,2.46,,United Kingdom
546406,20724,RED RETROSPOT CHARLOTTE BAG,1,2011-03-11 16:21:00,1.63,,United Kingdom
546406,20751,FUNKY WASHING UP GLOVES ASSORTED,1,2011-03-11 16:21:00,4.13,,United Kingdom
546406,20754,RETROSPOT RED WASHING UP GLOVES,1,2011-03-11 16:21:00,4.13,,United Kingdom
546406,20972,PINK CREAM FELT CRAFT TRINKET BOX ,1,2011-03-11 16:21:00,2.46,,United Kingdom
546406,20998,ROSE DU SUD OVEN GLOVE,1,2011-03-11 16:21:00,1.63,,United Kingdom
546406,21012,ANTIQUE ALL GLASS CANDLESTICK,2,2011-03-11 16:21:00,2.46,,United Kingdom
546406,21090,SET/6 COLLAGE PAPER PLATES,10,2011-03-11 16:21:00,0.83,,United Kingdom
546406,21094,SET/6 RED SPOTTY PAPER PLATES,70,2011-03-11 16:21:00,0.85,,United Kingdom
546406,21096,SET/6 FRUIT SALAD  PAPER PLATES,5,2011-03-11 16:21:00,0.83,,United Kingdom
546406,21121,SET/10 RED POLKADOT PARTY CANDLES,1,2011-03-11 16:21:00,2.46,,United Kingdom
546406,21129,SILVER FISHING GNOME ,1,2011-03-11 16:21:00,12.46,,United Kingdom
546406,21154,RED RETROSPOT OVEN GLOVE ,2,2011-03-11 16:21:00,2.46,,United Kingdom
546406,21169,YOU'RE CONFUSING ME METAL SIGN ,1,2011-03-11 16:21:00,4.13,,United Kingdom
546406,21181,PLEASE ONE PERSON METAL SIGN,1,2011-03-11 16:21:00,4.13,,United Kingdom
546406,21217,RED RETROSPOT ROUND CAKE TINS,1,2011-03-11 16:21:00,20.79,,United Kingdom
546406,21232,STRAWBERRY CERAMIC TRINKET BOX,2,2011-03-11 16:21:00,2.46,,United Kingdom
546406,21272,SALLE DE BAIN HOOK,1,2011-03-11 16:21:00,2.46,,United Kingdom
546406,21375,LARGE CAMPHOR WOOD FIELD MUSHROOM ,1,2011-03-11 16:21:00,10.79,,United Kingdom
546406,21394,RED POLKADOT BEAKER ,1,2011-03-11 16:21:00,1.63,,United Kingdom
546406,21395,BLUE POLKADOT BEAKER ,1,2011-03-11 16:21:00,1.63,,United Kingdom
546406,21400,RED PUDDING SPOON,1,2011-03-11 16:21:00,0.42,,United Kingdom
546406,21401,BLUE PUDDING SPOON,1,2011-03-11 16:21:00,0.42,,United Kingdom
546406,21402,RED  EGG  SPOON,2,2011-03-11 16:21:00,0.42,,United Kingdom
546406,21403,BLUE EGG  SPOON,1,2011-03-11 16:21:00,0.42,,United Kingdom
546406,21452,TOADSTOOL MONEY BOX,1,2011-03-11 16:21:00,5.79,,United Kingdom
546406,21524,DOORMAT SPOTTY HOME SWEET HOME,1,2011-03-11 16:21:00,15.79,,United Kingdom
546406,21531,RED RETROSPOT SUGAR JAM BOWL,1,2011-03-11 16:21:00,4.96,,United Kingdom
546406,21534,DAIRY MAID LARGE MILK JUG,1,2011-03-11 16:21:00,9.96,,United Kingdom
546406,21535,RED RETROSPOT SMALL MILK JUG,1,2011-03-11 16:21:00,4.96,,United Kingdom
546406,21618,4 WILDFLOWER BOTANICAL CANDLES,1,2011-03-11 16:21:00,7.46,,United Kingdom
546406,21641,ASSORTED TUTTI FRUTTI KEYRING BALL,1,2011-03-11 16:21:00,1.63,,United Kingdom
546406,21731,RED TOADSTOOL LED NIGHT LIGHT,5,2011-03-11 16:21:00,3.29,,United Kingdom
546406,21775,DECORATIVE FLORE BATHROOM BOTTLE,1,2011-03-11 16:21:00,2.46,,United Kingdom
546406,21811,HANGING HEART WITH BELL,1,2011-03-11 16:21:00,2.46,,United Kingdom
546406,21846,PINK DIAMANTE PEN IN GIFT BOX,1,2011-03-11 16:21:00,4.13,,United Kingdom
546406,21878,PACK OF 6 SANDCASTLE FLAGS ASSORTED,1,2011-03-11 16:21:00,1.63,,United Kingdom
546406,21898,POTTING SHED ROSE CANDLE,1,2011-03-11 16:21:00,2.46,,United Kingdom
546406,21908,CHOCOLATE THIS WAY METAL SIGN,2,2011-03-11 16:21:00,4.13,,United Kingdom
546406,21928,JUMBO BAG SCANDINAVIAN BLUE PAISLEY,2,2011-03-11 16:21:00,4.13,,United Kingdom
546406,21930,JUMBO STORAGE BAG SKULLS,2,2011-03-11 16:21:00,4.13,,United Kingdom
546406,21931,JUMBO STORAGE BAG SUKI,6,2011-03-11 16:21:00,4.13,,United Kingdom
546406,21936,RED RETROSPOT PICNIC BAG,1,2011-03-11 16:21:00,5.79,,United Kingdom
546406,21942,SKULLS DESIGN FLANNEL,1,2011-03-11 16:21:00,1.63,,United Kingdom
546406,22087,PAPER BUNTING WHITE LACE,30,2011-03-11 16:21:00,4.95,,United Kingdom
546406,22114,HOT WATER BOTTLE TEA AND SYMPATHY,1,2011-03-11 16:21:00,3.95,,United Kingdom
546406,22135,MINI LADLE LOVE HEART PINK,1,2011-03-11 16:21:00,0.83,,United Kingdom
546406,22136,LOVE HEART SOCK HANGER,1,2011-03-11 16:21:00,3.29,,United Kingdom
546406,22148,EASTER CRAFT 4 CHICKS ,2,2011-03-11 16:21:00,4.13,,United Kingdom
546406,22149,FELTCRAFT 6 FLOWER FRIENDS,1,2011-03-11 16:21:00,4.13,,United Kingdom
546406,22169,FAMILY ALBUM WHITE PICTURE FRAME,1,2011-03-11 16:21:00,16.63,,United Kingdom
546406,22173,METAL 4 HOOK HANGER FRENCH CHATEAU,1,2011-03-11 16:21:00,5.79,,United Kingdom
546406,22178,VICTORIAN GLASS HANGING T-LIGHT,3,2011-03-11 16:21:00,2.46,,United Kingdom
546406,22183,CAKE STAND VICTORIAN FILIGREE MED,1,2011-03-11 16:21:00,5.79,,United Kingdom
546406,22197,SMALL POPCORN HOLDER,2,2011-03-11 16:21:00,1.63,,United Kingdom
546406,22199,FRYING PAN RED RETROSPOT,1,2011-03-11 16:21:00,8.29,,United Kingdom
546406,22206,"MUG , DOTCOMGIFTSHOP.COM ",1,2011-03-11 16:21:00,0.83,,United Kingdom
546406,22224,WHITE LOVEBIRD LANTERN,1,2011-03-11 16:21:00,5.79,,United Kingdom
546406,22241,GARLAND WOODEN HAPPY EASTER,2,2011-03-11 16:21:00,2.46,,United Kingdom
546406,22245,"HOOK, 1 HANGER ,MAGIC GARDEN",1,2011-03-11 16:21:00,1.63,,United Kingdom
546406,22310,IVORY KNITTED MUG COSY ,1,2011-03-11 16:21:00,3.29,,United Kingdom
546406,22322,BIRD DECORATION GREEN POLKADOT,1,2011-03-11 16:21:00,1.63,,United Kingdom
546406,22348,TEA BAG PLATE RED RETROSPOT,1,2011-03-11 16:21:00,1.63,,United Kingdom
546406,22355,CHARLOTTE BAG SUKI DESIGN,1,2011-03-11 16:21:00,1.63,,United Kingdom
546406,22366,DOORMAT AIRMAIL ,1,2011-03-11 16:21:00,15.79,,United Kingdom
546406,22414,DOORMAT NEIGHBOURHOOD WITCH ,1,2011-03-11 16:21:00,15.79,,United Kingdom
546406,22423,REGENCY CAKESTAND 3 TIER,1,2011-03-11 16:21:00,24.96,,United Kingdom
546406,22457,NATURAL SLATE HEART CHALKBOARD ,1,2011-03-11 16:21:00,5.79,,United Kingdom
546406,22469,HEART OF WICKER SMALL,1,2011-03-11 16:21:00,1.65,,United Kingdom
546406,22650,CERAMIC PIRATE CHEST MONEY BANK,1,2011-03-11 16:21:00,3.29,,United Kingdom
546406,22653,BUTTON BOX ,1,2011-03-11 16:21:00,4.13,,United Kingdom
546406,22654,DELUXE SEWING KIT ,1,2011-03-11 16:21:00,11.63,,United Kingdom
546406,22676,FRENCH BLUE METAL DOOR SIGN 1,1,2011-03-11 16:21:00,2.46,,United Kingdom
546406,22680,FRENCH BLUE METAL DOOR SIGN 5,1,2011-03-11 16:21:00,2.46,,United Kingdom
546406,22691,DOORMAT WELCOME SUNRISE,1,2011-03-11 16:21:00,15.79,,United Kingdom
546406,22692,DOORMAT WELCOME TO OUR HOME,1,2011-03-11 16:21:00,15.79,,United Kingdom
546406,22698,PINK REGENCY TEACUP AND SAUCER,1,2011-03-11 16:21:00,5.79,,United Kingdom
546406,22720,SET OF 3 CAKE TINS PANTRY DESIGN ,2,2011-03-11 16:21:00,10.79,,United Kingdom
546406,22722,SET OF 6 SPICE TINS PANTRY DESIGN,1,2011-03-11 16:21:00,8.29,,United Kingdom
546406,22757,LARGE RED BABUSHKA NOTEBOOK ,1,2011-03-11 16:21:00,2.46,,United Kingdom
546406,22771,CLEAR DRAWER KNOB ACRYLIC EDWARDIAN,2,2011-03-11 16:21:00,2.5,,United Kingdom
546406,22817,CARD SUKI BIRTHDAY,1,2011-03-11 16:21:00,0.83,,United Kingdom
546406,22891,TEA FOR ONE POLKADOT,1,2011-03-11 16:21:00,8.29,,United Kingdom
546406,22893,MINI CAKE STAND T-LIGHT HOLDER,4,2011-03-11 16:21:00,0.83,,United Kingdom
546406,22961,JAM MAKING SET PRINTED,1,2011-03-11 16:21:00,3.29,,United Kingdom
546406,22968,ROSE COTTAGE KEEPSAKE BOX ,3,2011-03-11 16:21:00,19.96,,United Kingdom
546406,22970,LONDON BUS COFFEE MUG,1,2011-03-11 16:21:00,4.96,,United Kingdom
546406,22993,SET OF 4 PANTRY JELLY MOULDS,3,2011-03-11 16:21:00,2.46,,United Kingdom
546406,22994,TRAVEL CARD WALLET RETROSPOT,5,2011-03-11 16:21:00,0.83,,United Kingdom
546406,22995,TRAVEL CARD WALLET SUKI,1,2011-03-11 16:21:00,0.83,,United Kingdom
546406,22998,TRAVEL CARD WALLET KEEP CALM,5,2011-03-11 16:21:00,0.83,,United Kingdom
546406,22999,TRAVEL CARD WALLET RETRO PETALS,5,2011-03-11 16:21:00,0.83,,United Kingdom
546406,23006,TRAVEL CARD WALLET FLOWER MEADOW,5,2011-03-11 16:21:00,0.83,,United Kingdom
546406,35471D,SET OF 3 BIRD LIGHT PINK FEATHER ,2,2011-03-11 16:21:00,2.46,,United Kingdom
546406,35915B,BLUE KNITTED HEN ,8,2011-03-11 16:21:00,0.83,,United Kingdom
546406,35915C,PEACH KNITTED HEN ,10,2011-03-11 16:21:00,0.83,,United Kingdom
546406,35961,FOLKART ZINC HEART CHRISTMAS DEC,1,2011-03-11 16:21:00,1.63,,United Kingdom
546406,47566,PARTY BUNTING,11,2011-03-11 16:21:00,10.79,,United Kingdom
546406,47574A,ENGLISH ROSE SCENTED HANGING FLOWER,1,2011-03-11 16:21:00,2.46,,United Kingdom
546406,47591D,PINK FAIRY CAKE CHILDRENS APRON,1,2011-03-11 16:21:00,4.13,,United Kingdom
546406,48188,DOORMAT WELCOME PUPPIES,1,2011-03-11 16:21:00,15.79,,United Kingdom
546406,48194,DOORMAT HEARTS,3,2011-03-11 16:21:00,15.79,,United Kingdom
546406,72351B,SET/6 PINK  BUTTERFLY T-LIGHTS,1,2011-03-11 16:21:00,4.13,,United Kingdom
546406,82095,HEART BUTTONS JEWELLERY BOX,2,2011-03-11 16:21:00,4.96,,United Kingdom
546406,82551,LAUNDRY 15C METAL SIGN,1,2011-03-11 16:21:00,2.46,,United Kingdom
546406,82567,"AIRLINE LOUNGE,METAL SIGN",1,2011-03-11 16:21:00,1.63,,United Kingdom
546406,82580,BATHROOM METAL SIGN,2,2011-03-11 16:21:00,1.25,,United Kingdom
546406,82613B,"METAL SIGN,CUPCAKE SINGLE HOOK",1,2011-03-11 16:21:00,2.46,,United Kingdom
546406,82613C,"METAL SIGN,CUPCAKE SINGLE HOOK",1,2011-03-11 16:21:00,2.46,,United Kingdom
546406,84030E,ENGLISH ROSE HOT WATER BOTTLE,1,2011-03-11 16:21:00,8.29,,United Kingdom
546406,84535A,ENGLISH ROSE NOTEBOOK A6 SIZE,1,2011-03-11 16:21:00,1.46,,United Kingdom
546406,84536A,ENGLISH ROSE NOTEBOOK A7 SIZE,2,2011-03-11 16:21:00,0.83,,United Kingdom
546406,84637,KITCHEN FLOWER POTS WALL PLAQUE,1,2011-03-11 16:21:00,4.96,,United Kingdom
546406,84692,BOX OF 24 COCKTAIL PARASOLS,1,2011-03-11 16:21:00,0.83,,United Kingdom
546406,84796B,BLUE SAVANNAH PICNIC HAMPER FOR 2,1,2011-03-11 16:21:00,8.29,,United Kingdom
546406,84832,ZINC WILLIE WINKIE  CANDLE STICK,2,2011-03-11 16:21:00,1.63,,United Kingdom
546406,84836,ZINC METAL HEART DECORATION,1,2011-03-11 16:21:00,2.46,,United Kingdom
546406,84923,PINK BUTTERFLY HANDBAG W BOBBLES,4,2011-03-11 16:21:00,4.13,,United Kingdom
546406,84978,HANGING HEART JAR T-LIGHT HOLDER,2,2011-03-11 16:21:00,2.46,,United Kingdom
546406,84988,SET OF 72 PINK HEART PAPER DOILIES,1,2011-03-11 16:21:00,2.92,,United Kingdom
546406,85039C,S/4 BLACK MINI ROSE CANDLE IN BOWL,1,2011-03-11 16:21:00,1.63,,United Kingdom
546406,85049F,BABY BOOM RIBBONS ,1,2011-03-11 16:21:00,2.46,,United Kingdom
546406,85053,FRENCH ENAMEL CANDLEHOLDER,1,2011-03-11 16:21:00,4.13,,United Kingdom
546406,85061W,WHITE JEWELLED HEART DECORATION,1,2011-03-11 16:21:00,1.63,,United Kingdom
546406,85078,SCANDINAVIAN 3 HEARTS NAPKIN RING,1,2011-03-11 16:21:00,1.63,,United Kingdom
546406,85099B,JUMBO BAG RED RETROSPOT,1,2011-03-11 16:21:00,4.13,,United Kingdom
546406,85099C,JUMBO  BAG BAROQUE BLACK WHITE,2,2011-03-11 16:21:00,4.13,,United Kingdom
546406,85099F,JUMBO BAG STRAWBERRY,2,2011-03-11 16:21:00,4.13,,United Kingdom
546406,85116,BLACK CANDELABRA T-LIGHT HOLDER,1,2011-03-11 16:21:00,1.63,,United Kingdom
546406,85131A,BEADED PEARL HEART WHITE ON STICK,3,2011-03-11 16:21:00,0.83,,United Kingdom
546406,85131D,BEADED CRYSTAL HEART PINK ON STICK,5,2011-03-11 16:21:00,0.83,,United Kingdom
546406,85180A,RED HEARTS LIGHT CHAIN ,1,2011-03-11 16:21:00,9.13,,United Kingdom
546406,85186A,EASTER BUNNY GARLAND OF FLOWERS,4,2011-03-11 16:21:00,0.83,,United Kingdom
546406,85186C,BUNNY EGG GARLAND,1,2011-03-11 16:21:00,0.83,,United Kingdom
546406,85202,HANGING WOOD AND FELT HEART,2,2011-03-11 16:21:00,0.79,,United Kingdom
546406,85203,HANGING WOOD AND FELT BUTTERFLY ,2,2011-03-11 16:21:00,0.79,,United Kingdom
546406,85204,HANGING WOOD AND FELT FLOWER,2,2011-03-11 16:21:00,0.42,,United Kingdom
546406,90028,NEW BAROQUE LARGE NECKLACE BLK/WHIT,1,2011-03-11 16:21:00,8.32,,United Kingdom
546406,90115,SUMMER BUTTERFLIES BAG CHARM,4,2011-03-11 16:21:00,2.46,,United Kingdom
546406,90214F,"LETTER ""F"" BLING KEY RING",1,2011-03-11 16:21:00,0.83,,United Kingdom
546406,90214J,"LETTER ""J"" BLING KEY RING",2,2011-03-11 16:21:00,0.83,,United Kingdom
546406,90214L,"LETTER ""L"" BLING KEY RING",2,2011-03-11 16:21:00,0.83,,United Kingdom
546406,90214N,"LETTER ""N"" BLING KEY RING",1,2011-03-11 16:21:00,0.83,,United Kingdom
546406,90214R,"LETTER ""R"" BLING KEY RING",1,2011-03-11 16:21:00,0.83,,United Kingdom
546406,90214S,"LETTER ""S"" BLING KEY RING",2,2011-03-11 16:21:00,0.83,,United Kingdom
546406,90214W,"LETTER ""W"" BLING KEY RING",1,2011-03-11 16:21:00,0.83,,United Kingdom
546406,DOT,DOTCOM POSTAGE,1,2011-03-11 16:21:00,201.37,,United Kingdom
546406,21790,VINTAGE SNAP CARDS,3,2011-03-11 16:21:00,0.85,,United Kingdom
546406,22548,HEADS AND TAILS SPORTING FUN,3,2011-03-11 16:21:00,1.25,,United Kingdom
546406,15056BL,EDWARDIAN PARASOL BLACK,2,2011-03-11 16:21:00,5.95,,United Kingdom
546406,20679,EDWARDIAN PARASOL RED,2,2011-03-11 16:21:00,5.95,,United Kingdom
546406,22804,CANDLEHOLDER PINK HANGING HEART,2,2011-03-11 16:21:00,2.95,,United Kingdom
546406,46000S,POLYESTER FILLER PAD 40x40cm,70,2011-03-11 16:21:00,0.0,,United Kingdom
546406,46000M,POLYESTER FILLER PAD 45x45cm,60,2011-03-11 16:21:00,0.0,,United Kingdom
546407,22719,wrong barcode (22467),-178,2011-03-11 16:24:00,0.0,,United Kingdom
546408,22467,wrongly sold (22719) barcode,170,2011-03-11 16:25:00,0.0,,United Kingdom
546409,21833,damages,-110,2011-03-11 16:27:00,0.0,,United Kingdom
546411,20712,JUMBO BAG WOODLAND ANIMALS,300,2011-03-11 16:43:00,1.95,12939.0,United Kingdom
546411,85099B,JUMBO BAG RED RETROSPOT,100,2011-03-11 16:43:00,1.95,12939.0,United Kingdom
546411,22570,FELTCRAFT CUSHION RABBIT,144,2011-03-11 16:43:00,3.39,12939.0,United Kingdom
546411,22568,FELTCRAFT CUSHION OWL,48,2011-03-11 16:43:00,3.39,12939.0,United Kingdom
546411,22569,FELTCRAFT CUSHION BUTTERFLY,144,2011-03-11 16:43:00,3.39,12939.0,United Kingdom
546412,84993A,75 GREEN PETIT FOUR CASES,2,2011-03-11 16:50:00,0.42,12748.0,United Kingdom
546412,22776,SWEETHEART CAKESTAND 3 TIER,1,2011-03-11 16:50:00,9.95,12748.0,United Kingdom
546412,85014A,BLACK/BLUE POLKADOT UMBRELLA,3,2011-03-11 16:50:00,5.95,12748.0,United Kingdom
546412,15056BL,EDWARDIAN PARASOL BLACK,2,2011-03-11 16:50:00,5.95,12748.0,United Kingdom
546412,15056N,EDWARDIAN PARASOL NATURAL,5,2011-03-11 16:50:00,5.95,12748.0,United Kingdom
546413,22980,PANTRY SCRUBBING BRUSH,1,2011-03-11 16:54:00,1.65,17961.0,United Kingdom
546413,22979,PANTRY WASHING UP BRUSH,1,2011-03-11 16:54:00,1.45,17961.0,United Kingdom
