InvoiceNo,StockCode,Description,Quantity,InvoiceDate,UnitPrice,CustomerID,Country
545579,85187,S/12 MINI RABBIT EASTER,6,2011-03-04 08:10:00,1.65,17508.0,Greece
545579,22270,HAPPY EASTER HANGING DECORATION,4,2011-03-04 08:10:00,3.75,17508.0,Greece
545579,85211,S/4 GROOVY CAT MAGNETS,12,2011-03-04 08:10:00,1.65,17508.0,Greece
545579,22908,PACK OF 20 NAPKINS RED APPLES,12,2011-03-04 08:10:00,0.85,17508.0,Greece
545579,21936,RED RETROSPOT PICNIC BAG,5,2011-03-04 08:10:00,2.95,17508.0,Greece
545579,21932,SCANDINAVIAN PAISLEY PICNIC BAG,5,2011-03-04 08:10:00,2.95,17508.0,Greece
545579,20717,STRAWBERRY SHOPPER BAG,10,2011-03-04 08:10:00,1.25,17508.0,Greece
545579,21937,STRAWBERRY   PICNIC BAG,15,2011-03-04 08:10:00,2.95,17508.0,Greece
545579,21078,SET/20 STRAWBERRY PAPER NAPKINS ,24,2011-03-04 08:10:00,0.85,17508.0,Greece
545579,20723,STRAWBERRY CHARLOTTE BAG,10,2011-03-04 08:10:00,0.85,17508.0,Greece
545579,85099C,JUMBO  BAG BAROQUE BLACK WHITE,10,2011-03-04 08:10:00,1.95,17508.0,Greece
545579,22411,JUMBO SHOPPER VINTAGE RED PAISLEY,10,2011-03-04 08:10:00,1.95,17508.0,Greece
545579,85099F,JUMBO BAG STRAWBERRY,10,2011-03-04 08:10:00,1.95,17508.0,Greece
545579,35915B,BLUE KNITTED HEN ,6,2011-03-04 08:10:00,1.65,17508.0,Greece
545579,35915C,PEACH KNITTED HEN ,6,2011-03-04 08:10:00,1.65,17508.0,Greece
545579,22293,HANGING CHICK GREEN DECORATION,24,2011-03-04 08:10:00,1.45,17508.0,Greece
545579,35912B,WHITE/PINK CHICK DECORATION,12,2011-03-04 08:10:00,1.25,17508.0,Greece
545579,22268,EASTER DECORATION SITTING BUNNY,12,2011-03-04 08:10:00,0.85,17508.0,Greece
545579,22289,HANGING METAL CHICKEN DECORATION,24,2011-03-04 08:10:00,1.25,17508.0,Greece
545579,22288,HANGING METAL RABBIT DECORATION,24,2011-03-04 08:10:00,1.25,17508.0,Greece
545579,22266,EASTER DECORATION HANGING BUNNY,24,2011-03-04 08:10:00,0.65,17508.0,Greece
545579,15034,PAPER POCKET TRAVELING FAN ,24,2011-03-04 08:10:00,0.14,17508.0,Greece
545580,20711,JUMBO BAG TOYS ,10,2011-03-04 08:43:00,1.95,13931.0,United Kingdom
545580,21929,JUMBO BAG PINK VINTAGE PAISLEY,10,2011-03-04 08:43:00,1.95,13931.0,United Kingdom
545580,21033,JUMBO BAG CHARLIE AND LOLA TOYS,10,2011-03-04 08:43:00,2.95,13931.0,United Kingdom
545580,85099B,JUMBO BAG RED RETROSPOT,10,2011-03-04 08:43:00,1.95,13931.0,United Kingdom
545580,85099C,JUMBO  BAG BAROQUE BLACK WHITE,10,2011-03-04 08:43:00,1.95,13931.0,United Kingdom
545580,85099F,JUMBO BAG STRAWBERRY,10,2011-03-04 08:43:00,1.95,13931.0,United Kingdom
545580,22661,CHARLOTTE BAG DOLLY GIRL DESIGN,10,2011-03-04 08:43:00,0.85,13931.0,United Kingdom
545580,20719,WOODLAND CHARLOTTE BAG,10,2011-03-04 08:43:00,0.85,13931.0,United Kingdom
545580,20724,RED RETROSPOT CHARLOTTE BAG,10,2011-03-04 08:43:00,0.85,13931.0,United Kingdom
545580,22721,SET OF 3 CAKE TINS SKETCHBOOK,3,2011-03-04 08:43:00,4.95,13931.0,United Kingdom
545580,22993,SET OF 4 PANTRY JELLY MOULDS,12,2011-03-04 08:43:00,1.25,13931.0,United Kingdom
545580,84992,72 SWEETHEART FAIRY CAKE CASES,24,2011-03-04 08:43:00,0.55,13931.0,United Kingdom
545580,21380,WOODEN HAPPY BIRTHDAY GARLAND,6,2011-03-04 08:43:00,2.95,13931.0,United Kingdom
545580,21381,MINI WOODEN HAPPY BIRTHDAY GARLAND,24,2011-03-04 08:43:00,1.69,13931.0,United Kingdom
545580,22499,WOODEN UNION JACK BUNTING,3,2011-03-04 08:43:00,5.95,13931.0,United Kingdom
545580,22668,PINK BABY BUNTING,5,2011-03-04 08:43:00,2.95,13931.0,United Kingdom
545580,21626,VINTAGE UNION JACK PENNANT,12,2011-03-04 08:43:00,1.95,13931.0,United Kingdom
545580,22084,PAPER CHAIN KIT EMPIRE,12,2011-03-04 08:43:00,2.95,13931.0,United Kingdom
545580,22382,LUNCH BAG SPACEBOY DESIGN ,10,2011-03-04 08:43:00,1.65,13931.0,United Kingdom
545580,22383,LUNCH BAG SUKI DESIGN ,10,2011-03-04 08:43:00,1.65,13931.0,United Kingdom
545581,22421,LIPSTICK PEN FUSCHIA,12,2011-03-04 09:03:00,0.42,,United Kingdom
545581,22419,LIPSTICK PEN RED,12,2011-03-04 09:03:00,0.42,,United Kingdom
545581,21109,LARGE CAKE TOWEL CHOCOLATE SPOTS,12,2011-03-04 09:03:00,6.75,,United Kingdom
545581,21110,LARGE CAKE TOWEL PINK SPOTS,12,2011-03-04 09:03:00,6.75,,United Kingdom
545581,21112,SWISS ROLL TOWEL PINK  SPOTS,24,2011-03-04 09:03:00,2.55,,United Kingdom
545581,21111,"SWISS ROLL TOWEL, CHOCOLATE  SPOTS",24,2011-03-04 09:03:00,2.55,,United Kingdom
545581,21108,FAIRY CAKE FLANNEL ASSORTED COLOUR,18,2011-03-04 09:03:00,2.55,,United Kingdom
545581,21107,CREAM SLICE FLANNEL PINK SPOT ,24,2011-03-04 09:03:00,2.55,,United Kingdom
545581,21106,CREAM SLICE FLANNEL CHOCOLATE SPOT ,24,2011-03-04 09:03:00,2.55,,United Kingdom
545581,48138,DOORMAT UNION FLAG,10,2011-03-04 09:03:00,6.75,,United Kingdom
545581,22084,PAPER CHAIN KIT EMPIRE,40,2011-03-04 09:03:00,2.55,,United Kingdom
545581,21586,KINGS CHOICE GIANT TUBE MATCHES,12,2011-03-04 09:03:00,2.55,,United Kingdom
545581,21623,VINTAGE UNION JACK MEMOBOARD,2,2011-03-04 09:03:00,9.95,,United Kingdom
545581,21621,VINTAGE UNION JACK BUNTING,6,2011-03-04 09:03:00,8.5,,United Kingdom
545582,22083,PAPER CHAIN KIT RETROSPOT,40,2011-03-04 09:05:00,2.55,13694.0,United Kingdom
545582,21213,PACK OF 72 SKULL CAKE CASES,120,2011-03-04 09:05:00,0.42,13694.0,United Kingdom
545582,21873,IF YOU CAN'T STAND THE HEAT MUG,72,2011-03-04 09:05:00,1.06,13694.0,United Kingdom
545582,15044D,RED PAPER PARASOL,50,2011-03-04 09:05:00,2.55,13694.0,United Kingdom
545582,15044B,BLUE PAPER PARASOL ,50,2011-03-04 09:05:00,2.55,13694.0,United Kingdom
545582,15044A,PINK PAPER PARASOL ,50,2011-03-04 09:05:00,2.55,13694.0,United Kingdom
545582,15044C,PURPLE PAPER PARASOL,50,2011-03-04 09:05:00,2.55,13694.0,United Kingdom
545582,22367,CHILDRENS APRON SPACEBOY DESIGN,50,2011-03-04 09:05:00,1.65,13694.0,United Kingdom
545582,20676,RED RETROSPOT BOWL,72,2011-03-04 09:05:00,1.06,13694.0,United Kingdom
545582,20754,RETROSPOT RED WASHING UP GLOVES,72,2011-03-04 09:05:00,1.69,13694.0,United Kingdom
545582,20914,SET/5 RED RETROSPOT LID GLASS BOWLS,32,2011-03-04 09:05:00,2.55,13694.0,United Kingdom
545582,21035,SET/2 RED RETROSPOT TEA TOWELS ,100,2011-03-04 09:05:00,2.75,13694.0,United Kingdom
545582,21039,RED RETROSPOT SHOPPING BAG,100,2011-03-04 09:05:00,2.1,13694.0,United Kingdom
545582,21154,RED RETROSPOT OVEN GLOVE ,200,2011-03-04 09:05:00,1.06,13694.0,United Kingdom
545582,21155,RED RETROSPOT PEG BAG,250,2011-03-04 09:05:00,2.1,13694.0,United Kingdom
545582,21156,RETROSPOT CHILDRENS APRON,60,2011-03-04 09:05:00,1.65,13694.0,United Kingdom
545582,21210,SET OF 72 RETROSPOT PAPER  DOILIES,96,2011-03-04 09:05:00,1.25,13694.0,United Kingdom
545582,21212,PACK OF 72 RETROSPOT CAKE CASES,120,2011-03-04 09:05:00,0.42,13694.0,United Kingdom
545582,85014B,RED RETROSPOT UMBRELLA,96,2011-03-04 09:05:00,4.95,13694.0,United Kingdom
545582,79160,HEART SHAPE WIRELESS DOORBELL,48,2011-03-04 09:05:00,1.69,13694.0,United Kingdom
545582,21929,JUMBO BAG PINK VINTAGE PAISLEY,100,2011-03-04 09:05:00,1.65,13694.0,United Kingdom
545582,22384,LUNCH BAG PINK POLKADOT,100,2011-03-04 09:05:00,1.45,13694.0,United Kingdom
545582,21903,MAN FLU METAL SIGN,48,2011-03-04 09:05:00,1.85,13694.0,United Kingdom
545583,85099B,JUMBO BAG RED RETROSPOT,30,2011-03-04 09:08:00,1.95,12553.0,France
545583,21931,JUMBO STORAGE BAG SUKI,10,2011-03-04 09:08:00,1.95,12553.0,France
545583,22139,RETROSPOT TEA SET CERAMIC 11 PC ,3,2011-03-04 09:08:00,4.95,12553.0,France
545583,22617,BAKING SET SPACEBOY DESIGN,3,2011-03-04 09:08:00,4.95,12553.0,France
545583,22138,BAKING SET 9 PIECE RETROSPOT ,3,2011-03-04 09:08:00,4.95,12553.0,France
545583,21891,TRADITIONAL WOODEN SKIPPING ROPE,12,2011-03-04 09:08:00,1.25,12553.0,France
545583,22090,PAPER BUNTING RETROSPOT,6,2011-03-04 09:08:00,2.95,12553.0,France
545583,21731,RED TOADSTOOL LED NIGHT LIGHT,12,2011-03-04 09:08:00,1.65,12553.0,France
545583,21559,STRAWBERRY LUNCH BOX WITH CUTLERY,6,2011-03-04 09:08:00,2.55,12553.0,France
545583,22435,SET OF 9 HEART SHAPED BALLOONS,12,2011-03-04 09:08:00,1.25,12553.0,France
545583,20749,ASSORTED COLOUR MINI CASES,2,2011-03-04 09:08:00,7.95,12553.0,France
545583,20971,PINK BLUE FELT CRAFT TRINKET BOX,12,2011-03-04 09:08:00,1.25,12553.0,France
545583,22749,FELTCRAFT PRINCESS CHARLOTTE DOLL,4,2011-03-04 09:08:00,3.75,12553.0,France
545583,22570,FELTCRAFT CUSHION RABBIT,4,2011-03-04 09:08:00,3.75,12553.0,France
545583,22568,FELTCRAFT CUSHION OWL,4,2011-03-04 09:08:00,3.75,12553.0,France
545583,POST,POSTAGE,2,2011-03-04 09:08:00,18.0,12553.0,France
545584,85135C,RED DRAGONFLY HELICOPTER,1,2011-03-04 09:11:00,7.95,,United Kingdom
545585,22090,PAPER BUNTING RETROSPOT,6,2011-03-04 09:32:00,2.95,12541.0,Spain
545585,21121,SET/10 RED POLKADOT PARTY CANDLES,24,2011-03-04 09:32:00,1.25,12541.0,Spain
545585,21122,SET/10 PINK POLKADOT PARTY CANDLES,24,2011-03-04 09:32:00,1.25,12541.0,Spain
545585,21124,SET/10 BLUE POLKADOT PARTY CANDLES,24,2011-03-04 09:32:00,1.25,12541.0,Spain
545585,21499,BLUE POLKADOT WRAP,25,2011-03-04 09:32:00,0.42,12541.0,Spain
545585,21500,PINK POLKADOT WRAP ,25,2011-03-04 09:32:00,0.42,12541.0,Spain
545585,22381,TOY TIDY PINK POLKADOT,5,2011-03-04 09:32:00,2.1,12541.0,Spain
545585,22386,JUMBO BAG PINK POLKADOT,10,2011-03-04 09:32:00,1.95,12541.0,Spain
545585,21212,PACK OF 72 RETROSPOT CAKE CASES,24,2011-03-04 09:32:00,0.55,12541.0,Spain
545585,22197,SMALL POPCORN HOLDER,36,2011-03-04 09:32:00,0.85,12541.0,Spain
545585,21213,PACK OF 72 SKULL CAKE CASES,24,2011-03-04 09:32:00,0.55,12541.0,Spain
545585,21975,PACK OF 60 DINOSAUR CAKE CASES,24,2011-03-04 09:32:00,0.55,12541.0,Spain
545585,22417,PACK OF 60 SPACEBOY CAKE CASES,24,2011-03-04 09:32:00,0.55,12541.0,Spain
545585,22138,BAKING SET 9 PIECE RETROSPOT ,3,2011-03-04 09:32:00,4.95,12541.0,Spain
545585,22617,BAKING SET SPACEBOY DESIGN,3,2011-03-04 09:32:00,4.95,12541.0,Spain
545585,22955,36 FOIL STAR CAKE CASES ,6,2011-03-04 09:32:00,2.1,12541.0,Spain
545585,POST,POSTAGE,1,2011-03-04 09:32:00,28.0,12541.0,Spain
545586,21455,PAINTED YELLOW WOODEN DAISY,8,2011-03-04 09:44:00,0.85,,United Kingdom
545586,21448,12 DAISY PEGS IN WOOD BOX,1,2011-03-04 09:44:00,1.65,,United Kingdom
545586,21460,GREEN EASTER EGG HUNT START POST,1,2011-03-04 09:44:00,1.95,,United Kingdom
545586,84212,"ASSORTED FLOWER COLOUR ""LEIS""",6,2011-03-04 09:44:00,0.65,,United Kingdom
545586,85186A,EASTER BUNNY GARLAND OF FLOWERS,4,2011-03-04 09:44:00,0.42,,United Kingdom
545586,21562,HAWAIIAN GRASS SKIRT ,3,2011-03-04 09:44:00,1.25,,United Kingdom
545586,22421,LIPSTICK PEN FUSCHIA,2,2011-03-04 09:44:00,0.42,,United Kingdom
545586,22021,BLUE FELT EASTER EGG BASKET,6,2011-03-04 09:44:00,1.65,,United Kingdom
545586,84459B,YELLOW METAL CHICKEN HEART ,4,2011-03-04 09:44:00,1.49,,United Kingdom
545586,85204,HANGING WOOD AND FELT FLOWER,6,2011-03-04 09:44:00,0.42,,United Kingdom
545586,21382,SET/4 SPRING FLOWER DECORATION,2,2011-03-04 09:44:00,2.95,,United Kingdom
545587,21868,POTTING SHED TEA MUG,2,2011-03-04 09:46:00,1.25,14796.0,United Kingdom
545587,21873,IF YOU CAN'T STAND THE HEAT MUG,1,2011-03-04 09:46:00,1.25,14796.0,United Kingdom
545587,37370,RETRO COFFEE MUGS ASSORTED,1,2011-03-04 09:46:00,1.25,14796.0,United Kingdom
545587,21871,SAVE THE PLANET MUG,2,2011-03-04 09:46:00,1.25,14796.0,United Kingdom
545587,21875,KINGS CHOICE MUG,2,2011-03-04 09:46:00,1.25,14796.0,United Kingdom
545587,21877,HOME SWEET HOME MUG,2,2011-03-04 09:46:00,1.25,14796.0,United Kingdom
545587,21870,I CAN ONLY PLEASE ONE PERSON MUG,1,2011-03-04 09:46:00,1.25,14796.0,United Kingdom
545587,21874,GIN AND TONIC MUG,3,2011-03-04 09:46:00,1.25,14796.0,United Kingdom
545587,21870,I CAN ONLY PLEASE ONE PERSON MUG,2,2011-03-04 09:46:00,1.25,14796.0,United Kingdom
545587,21982,PACK OF 12 SUKI TISSUES ,12,2011-03-04 09:46:00,0.29,14796.0,United Kingdom
545587,21981,PACK OF 12 WOODLAND TISSUES ,12,2011-03-04 09:46:00,0.29,14796.0,United Kingdom
545587,22615,PACK OF 12 CIRCUS PARADE TISSUES ,12,2011-03-04 09:46:00,0.29,14796.0,United Kingdom
545587,22614,PACK OF 12 SPACEBOY TISSUES,12,2011-03-04 09:46:00,0.29,14796.0,United Kingdom
545587,22616,PACK OF 12 LONDON TISSUES ,12,2011-03-04 09:46:00,0.29,14796.0,United Kingdom
545587,84380,SET OF 3 BUTTERFLY COOKIE CUTTERS,3,2011-03-04 09:46:00,1.25,14796.0,United Kingdom
545587,21700,BIG DOUGHNUT FRIDGE MAGNETS,5,2011-03-04 09:46:00,0.85,14796.0,United Kingdom
545587,22417,PACK OF 60 SPACEBOY CAKE CASES,1,2011-03-04 09:46:00,0.55,14796.0,United Kingdom
545587,21977,PACK OF 60 PINK PAISLEY CAKE CASES,2,2011-03-04 09:46:00,0.55,14796.0,United Kingdom
545587,21976,PACK OF 60 MUSHROOM CAKE CASES,1,2011-03-04 09:46:00,0.55,14796.0,United Kingdom
545587,21213,PACK OF 72 SKULL CAKE CASES,2,2011-03-04 09:46:00,0.55,14796.0,United Kingdom
545587,84991,60 TEATIME FAIRY CAKE CASES,3,2011-03-04 09:46:00,0.55,14796.0,United Kingdom
545587,22966,GINGERBREAD MAN COOKIE CUTTER,2,2011-03-04 09:46:00,1.25,14796.0,United Kingdom
545587,22063,CERAMIC BOWL WITH STRAWBERRY DESIGN,2,2011-03-04 09:46:00,2.95,14796.0,United Kingdom
545587,22067,CHOC TRUFFLE GOLD TRINKET POT ,2,2011-03-04 09:46:00,1.65,14796.0,United Kingdom
545587,37450,CERAMIC CAKE BOWL + HANGING CAKES,2,2011-03-04 09:46:00,2.95,14796.0,United Kingdom
545587,37446,MINI CAKE STAND WITH HANGING CAKES,3,2011-03-04 09:46:00,1.45,14796.0,United Kingdom
545587,22055,MINI CAKE STAND  HANGING STRAWBERY,2,2011-03-04 09:46:00,1.65,14796.0,United Kingdom
545587,84596E,SMALL LICORICE DES PINK BOWL,2,2011-03-04 09:46:00,1.25,14796.0,United Kingdom
545587,84596B,SMALL DOLLY MIX DESIGN ORANGE BOWL,2,2011-03-04 09:46:00,1.25,14796.0,United Kingdom
545587,84596F,SMALL MARSHMALLOWS PINK BOWL,1,2011-03-04 09:46:00,1.25,14796.0,United Kingdom
545587,84596F,SMALL MARSHMALLOWS PINK BOWL,1,2011-03-04 09:46:00,1.25,14796.0,United Kingdom
545587,84596G,SMALL CHOCOLATES PINK BOWL,1,2011-03-04 09:46:00,1.25,14796.0,United Kingdom
545587,84596L,BISCUITS SMALL BOWL LIGHT BLUE,1,2011-03-04 09:46:00,1.25,14796.0,United Kingdom
545587,21231,SWEETHEART CERAMIC TRINKET BOX,8,2011-03-04 09:46:00,1.25,14796.0,United Kingdom
545587,21232,STRAWBERRY CERAMIC TRINKET BOX,20,2011-03-04 09:46:00,1.25,14796.0,United Kingdom
545587,22890,NOVELTY BISCUITS CAKE STAND 3 TIER,2,2011-03-04 09:46:00,9.95,14796.0,United Kingdom
545587,22059,CERAMIC STRAWBERRY DESIGN MUG,9,2011-03-04 09:46:00,1.49,14796.0,United Kingdom
545587,37448,CERAMIC CAKE DESIGN SPOTTED MUG,8,2011-03-04 09:46:00,1.49,14796.0,United Kingdom
545587,85152,HAND OVER THE CHOCOLATE   SIGN ,4,2011-03-04 09:46:00,2.1,14796.0,United Kingdom
545587,82600,NO SINGING METAL SIGN,3,2011-03-04 09:46:00,2.1,14796.0,United Kingdom
545587,82583,HOT BATHS METAL SIGN,3,2011-03-04 09:46:00,2.1,14796.0,United Kingdom
545587,82582,AREA PATROLLED METAL SIGN,2,2011-03-04 09:46:00,2.1,14796.0,United Kingdom
545587,21165,BEWARE OF THE CAT METAL SIGN ,4,2011-03-04 09:46:00,1.69,14796.0,United Kingdom
545587,21172,PARTY METAL SIGN ,3,2011-03-04 09:46:00,1.45,14796.0,United Kingdom
545587,21166,COOK WITH WINE METAL SIGN ,2,2011-03-04 09:46:00,2.08,14796.0,United Kingdom
545587,21907,I'M ON HOLIDAY METAL SIGN,1,2011-03-04 09:46:00,2.1,14796.0,United Kingdom
545587,21181,PLEASE ONE PERSON METAL SIGN,3,2011-03-04 09:46:00,2.1,14796.0,United Kingdom
545587,21175,GIN + TONIC DIET METAL SIGN,3,2011-03-04 09:46:00,2.55,14796.0,United Kingdom
545587,47503A,ASS FLORAL PRINT MULTI SCREWDRIVER,1,2011-03-04 09:46:00,1.25,14796.0,United Kingdom
545587,84974,S/2 ZINC HEART DESIGN PLANTERS,1,2011-03-04 09:46:00,9.95,14796.0,United Kingdom
545587,47503H,ASS FLORAL PRINT SPIRIT LEVEL ,1,2011-03-04 09:46:00,1.95,14796.0,United Kingdom
545587,37423,WHITE WITH BLACK CATS PLATE,6,2011-03-04 09:46:00,0.85,14796.0,United Kingdom
545587,23178,JAM CLOCK MAGNET,2,2011-03-04 09:46:00,2.89,14796.0,United Kingdom
545587,23180,MUM'S KITCHEN CLOCK,1,2011-03-04 09:46:00,4.95,14796.0,United Kingdom
545587,47580,TEA TIME DES TEA COSY,2,2011-03-04 09:46:00,2.55,14796.0,United Kingdom
545587,21070,VINTAGE BILLBOARD MUG ,2,2011-03-04 09:46:00,1.25,14796.0,United Kingdom
545587,21071,VINTAGE BILLBOARD DRINK ME MUG,2,2011-03-04 09:46:00,1.25,14796.0,United Kingdom
545587,47559B,TEA TIME OVEN GLOVE,7,2011-03-04 09:46:00,1.25,14796.0,United Kingdom
545587,37447,CERAMIC CAKE DESIGN SPOTTED PLATE,4,2011-03-04 09:46:00,1.49,14796.0,United Kingdom
545587,22064,PINK DOUGHNUT TRINKET POT ,4,2011-03-04 09:46:00,1.65,14796.0,United Kingdom
545588,22791,T-LIGHT GLASS FLUTED ANTIQUE,12,2011-03-04 10:03:00,1.25,13382.0,United Kingdom
545588,85053,FRENCH ENAMEL CANDLEHOLDER,6,2011-03-04 10:03:00,2.1,13382.0,United Kingdom
545588,84795B,SUNSET CHECK HAMMOCK,2,2011-03-04 10:03:00,7.95,13382.0,United Kingdom
545588,22487,WHITE WOOD GARDEN PLANT LADDER,1,2011-03-04 10:03:00,9.95,13382.0,United Kingdom
545588,21668,RED STRIPE CERAMIC DRAWER KNOB,12,2011-03-04 10:03:00,1.25,13382.0,United Kingdom
545588,22771,CLEAR DRAWER KNOB ACRYLIC EDWARDIAN,12,2011-03-04 10:03:00,1.25,13382.0,United Kingdom
545588,22772,PINK DRAWER KNOB ACRYLIC EDWARDIAN,12,2011-03-04 10:03:00,1.25,13382.0,United Kingdom
545588,21673,WHITE SPOT BLUE CERAMIC DRAWER KNOB,12,2011-03-04 10:03:00,1.25,13382.0,United Kingdom
545588,22773,GREEN DRAWER KNOB ACRYLIC EDWARDIAN,12,2011-03-04 10:03:00,1.25,13382.0,United Kingdom
545588,22774,RED DRAWER KNOB ACRYLIC EDWARDIAN,12,2011-03-04 10:03:00,1.25,13382.0,United Kingdom
545588,22805,BLUE DRAWER KNOB ACRYLIC EDWARDIAN,12,2011-03-04 10:03:00,1.25,13382.0,United Kingdom
545588,21136,PAINTED METAL PEARS ASSORTED,8,2011-03-04 10:03:00,1.69,13382.0,United Kingdom
545588,84879,ASSORTED COLOUR BIRD ORNAMENT,8,2011-03-04 10:03:00,1.69,13382.0,United Kingdom
545588,21682,LARGE MEDINA STAMPED METAL BOWL ,4,2011-03-04 10:03:00,4.95,13382.0,United Kingdom
545588,85123A,WHITE HANGING HEART T-LIGHT HOLDER,6,2011-03-04 10:03:00,2.95,13382.0,United Kingdom
545589,84755,COLOUR GLASS T-LIGHT HOLDER HANGING,16,2011-03-04 10:21:00,0.65,17001.0,United Kingdom
545589,84945,MULTI COLOUR SILVER T-LIGHT HOLDER,12,2011-03-04 10:21:00,0.85,17001.0,United Kingdom
545589,21051,RIBBONS PURSE ,6,2011-03-04 10:21:00,2.1,17001.0,United Kingdom
545589,22846,BREAD BIN DINER STYLE RED ,2,2011-03-04 10:21:00,16.95,17001.0,United Kingdom
545589,22173,METAL 4 HOOK HANGER FRENCH CHATEAU,8,2011-03-04 10:21:00,2.95,17001.0,United Kingdom
545589,84978,HANGING HEART JAR T-LIGHT HOLDER,12,2011-03-04 10:21:00,1.25,17001.0,United Kingdom
545589,22727,ALARM CLOCK BAKELIKE RED ,4,2011-03-04 10:21:00,3.75,17001.0,United Kingdom
545589,22730,ALARM CLOCK BAKELIKE IVORY,8,2011-03-04 10:21:00,3.75,17001.0,United Kingdom
545589,21668,RED STRIPE CERAMIC DRAWER KNOB,12,2011-03-04 10:21:00,1.25,17001.0,United Kingdom
545589,22467,GUMBALL COAT RACK,6,2011-03-04 10:21:00,2.55,17001.0,United Kingdom
545589,85099B,JUMBO BAG RED RETROSPOT,20,2011-03-04 10:21:00,1.95,17001.0,United Kingdom
545589,21586,KINGS CHOICE GIANT TUBE MATCHES,12,2011-03-04 10:21:00,2.55,17001.0,United Kingdom
545589,21422,PORCELAIN ROSE SMALL,16,2011-03-04 10:21:00,0.85,17001.0,United Kingdom
545589,21928,JUMBO BAG SCANDINAVIAN BLUE PAISLEY,20,2011-03-04 10:21:00,1.95,17001.0,United Kingdom
545589,21634,ASSORTED MINI MADRAS NOTEBOOK,24,2011-03-04 10:21:00,1.25,17001.0,United Kingdom
545590,22254,FELT TOADSTOOL LARGE,12,2011-03-04 10:24:00,1.25,15220.0,United Kingdom
545590,22255,FELT TOADSTOOL  SMALL,12,2011-03-04 10:24:00,0.85,15220.0,United Kingdom
545590,22264,FELT FARM ANIMAL WHITE BUNNY ,12,2011-03-04 10:24:00,0.85,15220.0,United Kingdom
545590,85015,SET OF 12  VINTAGE POSTCARD SET,6,2011-03-04 10:24:00,2.55,15220.0,United Kingdom
545590,21745,GAOLERS KEYS DECORATIVE GARDEN ,4,2011-03-04 10:24:00,3.75,15220.0,United Kingdom
545590,21731,RED TOADSTOOL LED NIGHT LIGHT,12,2011-03-04 10:24:00,1.65,15220.0,United Kingdom
545590,22231,JIGSAW TREE WITH BIRDHOUSE,12,2011-03-04 10:24:00,1.45,15220.0,United Kingdom
545590,84279P,CHERRY BLOSSOM  DECORATIVE FLASK,4,2011-03-04 10:24:00,3.75,15220.0,United Kingdom
545590,85032B,BLOSSOM IMAGES GIFT WRAP SET,6,2011-03-04 10:24:00,2.1,15220.0,United Kingdom
545590,18007,ESSENTIAL BALM 3.5g TIN IN ENVELOPE,24,2011-03-04 10:24:00,0.18,15220.0,United Kingdom
545590,22535,MAGIC DRAWING SLATE BUNNIES ,24,2011-03-04 10:24:00,0.42,15220.0,United Kingdom
545590,21703,BAG 125g SWIRLY MARBLES,12,2011-03-04 10:24:00,0.42,15220.0,United Kingdom
545590,21790,VINTAGE SNAP CARDS,12,2011-03-04 10:24:00,0.85,15220.0,United Kingdom
545590,21892,TRADITIONAL WOODEN CATCH CUP GAME ,12,2011-03-04 10:24:00,1.25,15220.0,United Kingdom
545590,22619,SET OF 6 SOLDIER SKITTLES,4,2011-03-04 10:24:00,3.75,15220.0,United Kingdom
545590,22620,4 TRADITIONAL SPINNING TOPS,12,2011-03-04 10:24:00,1.25,15220.0,United Kingdom
545590,22148,EASTER CRAFT 4 CHICKS ,12,2011-03-04 10:24:00,1.95,15220.0,United Kingdom
545590,22858,EASTER TIN KEEPSAKE,6,2011-03-04 10:24:00,1.65,15220.0,United Kingdom
545590,22957,SET 3 PAPER VINTAGE CHICK PAPER EGG,6,2011-03-04 10:24:00,2.95,15220.0,United Kingdom
545590,22654,DELUXE SEWING KIT ,3,2011-03-04 10:24:00,5.95,15220.0,United Kingdom
545590,85177,BASKET OF FLOWERS SEWING KIT,12,2011-03-04 10:24:00,0.85,15220.0,United Kingdom
545590,84077,WORLD WAR 2 GLIDERS ASSTD DESIGNS,48,2011-03-04 10:24:00,0.29,15220.0,United Kingdom
545590,23193,BUFFALO BILL TREASURE BOOK BOX,8,2011-03-04 10:24:00,2.25,15220.0,United Kingdom
545591,20723,STRAWBERRY CHARLOTTE BAG,10,2011-03-04 10:28:00,0.85,17581.0,United Kingdom
545591,20724,RED RETROSPOT CHARLOTTE BAG,10,2011-03-04 10:28:00,0.85,17581.0,United Kingdom
545591,20717,STRAWBERRY SHOPPER BAG,10,2011-03-04 10:28:00,1.25,17581.0,United Kingdom
545591,20718,RED RETROSPOT SHOPPER BAG,10,2011-03-04 10:28:00,1.25,17581.0,United Kingdom
545591,20716,PARTY FOOD SHOPPER BAG,10,2011-03-04 10:28:00,1.25,17581.0,United Kingdom
545591,22383,LUNCH BAG SUKI DESIGN ,10,2011-03-04 10:28:00,1.65,17581.0,United Kingdom
545591,22662,LUNCH BAG DOLLY GIRL DESIGN,10,2011-03-04 10:28:00,1.65,17581.0,United Kingdom
545591,21035,SET/2 RED RETROSPOT TEA TOWELS ,6,2011-03-04 10:28:00,3.25,17581.0,United Kingdom
545591,22197,SMALL POPCORN HOLDER,24,2011-03-04 10:28:00,0.85,17581.0,United Kingdom
545591,20725,LUNCH BAG RED RETROSPOT,10,2011-03-04 10:28:00,1.65,17581.0,United Kingdom
545591,20712,JUMBO BAG WOODLAND ANIMALS,10,2011-03-04 10:28:00,1.95,17581.0,United Kingdom
545591,20713,JUMBO BAG OWLS,10,2011-03-04 10:28:00,1.95,17581.0,United Kingdom
545591,21929,JUMBO BAG PINK VINTAGE PAISLEY,10,2011-03-04 10:28:00,1.95,17581.0,United Kingdom
545591,22379,RECYCLING BAG RETROSPOT ,5,2011-03-04 10:28:00,2.1,17581.0,United Kingdom
545591,85099B,JUMBO BAG RED RETROSPOT,20,2011-03-04 10:28:00,1.95,17581.0,United Kingdom
545591,85099F,JUMBO BAG STRAWBERRY,20,2011-03-04 10:28:00,1.95,17581.0,United Kingdom
545591,22381,TOY TIDY PINK POLKADOT,5,2011-03-04 10:28:00,2.1,17581.0,United Kingdom
545591,22411,JUMBO SHOPPER VINTAGE RED PAISLEY,10,2011-03-04 10:28:00,1.95,17581.0,United Kingdom
545591,22356,CHARLOTTE BAG PINK POLKADOT,10,2011-03-04 10:28:00,0.85,17581.0,United Kingdom
545591,22661,CHARLOTTE BAG DOLLY GIRL DESIGN,10,2011-03-04 10:28:00,0.85,17581.0,United Kingdom
545591,22664,TOY TIDY DOLLY GIRL DESIGN,5,2011-03-04 10:28:00,2.1,17581.0,United Kingdom
545591,20719,WOODLAND CHARLOTTE BAG,10,2011-03-04 10:28:00,0.85,17581.0,United Kingdom
545592,22989,SET 2 PANTRY DESIGN TEA TOWELS,6,2011-03-04 10:30:00,2.95,17581.0,United Kingdom
545592,22993,SET OF 4 PANTRY JELLY MOULDS,12,2011-03-04 10:30:00,1.25,17581.0,United Kingdom
545592,22722,SET OF 6 SPICE TINS PANTRY DESIGN,4,2011-03-04 10:30:00,3.95,17581.0,United Kingdom
545592,22720,SET OF 3 CAKE TINS PANTRY DESIGN ,3,2011-03-04 10:30:00,4.95,17581.0,United Kingdom
545592,84375,SET OF 20 KIDS COOKIE CUTTERS,12,2011-03-04 10:30:00,2.1,17581.0,United Kingdom
545592,22978,PANTRY ROLLING PIN,6,2011-03-04 10:30:00,3.75,17581.0,United Kingdom
545592,22980,PANTRY SCRUBBING BRUSH,12,2011-03-04 10:30:00,1.65,17581.0,United Kingdom
545592,22911,PAPER CHAIN KIT LONDON,6,2011-03-04 10:30:00,2.95,17581.0,United Kingdom
545592,22992,REVOLVER WOODEN RULER ,12,2011-03-04 10:30:00,1.95,17581.0,United Kingdom
545592,48194,DOORMAT HEARTS,5,2011-03-04 10:30:00,7.95,17581.0,United Kingdom
545592,48187,DOORMAT NEW ENGLAND,5,2011-03-04 10:30:00,7.95,17581.0,United Kingdom
545592,22932,BAKING MOULD TOFFEE CUP CHOCOLATE,6,2011-03-04 10:30:00,2.55,17581.0,United Kingdom
545592,22931,BAKING MOULD HEART WHITE CHOCOLATE,6,2011-03-04 10:30:00,2.55,17581.0,United Kingdom
545592,22933,BAKING MOULD EASTER EGG MILK CHOC,6,2011-03-04 10:30:00,2.95,17581.0,United Kingdom
545592,22936,BAKING MOULD ROSE WHITE CHOCOLATE,6,2011-03-04 10:30:00,3.25,17581.0,United Kingdom
545592,22937,BAKING MOULD CHOCOLATE CUPCAKES,6,2011-03-04 10:30:00,2.55,17581.0,United Kingdom
545592,22967,SET 3 SONG BIRD PAPER EGGS ASSORTED,6,2011-03-04 10:30:00,2.95,17581.0,United Kingdom
545592,22957,SET 3 PAPER VINTAGE CHICK PAPER EGG,6,2011-03-04 10:30:00,2.95,17581.0,United Kingdom
545593,22776,SWEETHEART CAKESTAND 3 TIER,2,2011-03-04 10:31:00,9.95,17581.0,United Kingdom
545593,22727,ALARM CLOCK BAKELIKE RED ,4,2011-03-04 10:31:00,3.75,17581.0,United Kingdom
545593,48138,DOORMAT UNION FLAG,10,2011-03-04 10:31:00,6.75,17581.0,United Kingdom
545595,M,Manual,1,2011-03-04 10:39:00,0.85,14570.0,United Kingdom
545595,84536B,FAIRY CAKES NOTEBOOK A7 SIZE,12,2011-03-04 10:39:00,0.42,14570.0,United Kingdom
545595,22665,RECIPE BOX BLUE SKETCHBOOK DESIGN,3,2011-03-04 10:39:00,2.95,14570.0,United Kingdom
545595,22414,DOORMAT NEIGHBOURHOOD WITCH ,1,2011-03-04 10:39:00,7.95,14570.0,United Kingdom
545595,21738,COSY SLIPPER SHOES SMALL  RED ,1,2011-03-04 10:39:00,2.95,14570.0,United Kingdom
545595,21983,PACK OF 12 BLUE PAISLEY TISSUES ,12,2011-03-04 10:39:00,0.29,14570.0,United Kingdom
545595,22311,OFFICE MUG WARMER BLACK+SILVER ,1,2011-03-04 10:39:00,2.95,14570.0,United Kingdom
545595,20666,ECONOMY HOLIDAY PURSE,1,2011-03-04 10:39:00,2.95,14570.0,United Kingdom
545595,21986,PACK OF 12 PINK POLKADOT TISSUES,12,2011-03-04 10:39:00,0.29,14570.0,United Kingdom
545595,20686,DOLLY MIXTURE CHILDREN'S UMBRELLA,2,2011-03-04 10:39:00,3.25,14570.0,United Kingdom
545595,15056N,EDWARDIAN PARASOL NATURAL,13,2011-03-04 10:39:00,5.95,14570.0,United Kingdom
545595,15056BL,EDWARDIAN PARASOL BLACK,1,2011-03-04 10:39:00,5.95,14570.0,United Kingdom
545595,22178,VICTORIAN GLASS HANGING T-LIGHT,6,2011-03-04 10:39:00,1.25,14570.0,United Kingdom
545595,37448,CERAMIC CAKE DESIGN SPOTTED MUG,4,2011-03-04 10:39:00,1.49,14570.0,United Kingdom
545595,21232,STRAWBERRY CERAMIC TRINKET BOX,4,2011-03-04 10:39:00,1.25,14570.0,United Kingdom
545595,37446,MINI CAKE STAND WITH HANGING CAKES,3,2011-03-04 10:39:00,1.45,14570.0,United Kingdom
545595,22747,POPPY'S PLAYHOUSE BATHROOM,2,2011-03-04 10:39:00,2.1,14570.0,United Kingdom
545595,22745,POPPY'S PLAYHOUSE BEDROOM ,2,2011-03-04 10:39:00,2.1,14570.0,United Kingdom
545595,22748,POPPY'S PLAYHOUSE KITCHEN,2,2011-03-04 10:39:00,2.1,14570.0,United Kingdom
545595,22746,POPPY'S PLAYHOUSE LIVINGROOM ,2,2011-03-04 10:39:00,2.1,14570.0,United Kingdom
545596,22291,HANGING CHICK CREAM DECORATION,24,2011-03-04 10:49:00,1.45,14447.0,United Kingdom
545596,22267,EASTER DECORATION EGG BUNNY ,12,2011-03-04 10:49:00,1.25,14447.0,United Kingdom
545596,22248,DECORATION  PINK CHICK MAGIC GARDEN,16,2011-03-04 10:49:00,0.85,14447.0,United Kingdom
545596,22551,PLASTERS IN TIN SPACEBOY,12,2011-03-04 10:49:00,1.65,14447.0,United Kingdom
545596,22557,PLASTERS IN TIN VINTAGE PAISLEY ,12,2011-03-04 10:49:00,1.65,14447.0,United Kingdom
545596,84997B,RED 3 PIECE RETROSPOT CUTLERY SET,4,2011-03-04 10:49:00,4.15,14447.0,United Kingdom
545596,84997A,GREEN 3 PIECE POLKADOT CUTLERY SET,4,2011-03-04 10:49:00,4.15,14447.0,United Kingdom
545596,20970,PINK FLORAL FELTCRAFT SHOULDER BAG,4,2011-03-04 10:49:00,3.75,14447.0,United Kingdom
545596,20969,RED FLORAL FELTCRAFT SHOULDER BAG,4,2011-03-04 10:49:00,3.75,14447.0,United Kingdom
545596,22148,EASTER CRAFT 4 CHICKS ,12,2011-03-04 10:49:00,1.95,14447.0,United Kingdom
545596,84997C,BLUE 3 PIECE POLKADOT CUTLERY SET,4,2011-03-04 10:49:00,4.15,14447.0,United Kingdom
545596,22365,DOORMAT RESPECTABLE HOUSE,2,2011-03-04 10:49:00,7.95,14447.0,United Kingdom
545596,85206A,CREAM FELT EASTER EGG BASKET,6,2011-03-04 10:49:00,1.65,14447.0,United Kingdom
545596,22383,LUNCH BAG SUKI  DESIGN ,10,2011-03-04 10:49:00,1.65,14447.0,United Kingdom
545596,20728,LUNCH BAG CARS BLUE,10,2011-03-04 10:49:00,1.65,14447.0,United Kingdom
545597,90129C,GREEN GLASS TASSLE BAG CHARM,2,2011-03-04 10:58:00,2.95,14570.0,United Kingdom
545597,90141C,TURQ PENDANT TRIPLE SHELL NECKLACE,1,2011-03-04 10:58:00,4.95,14570.0,United Kingdom
545597,90141A,GREEN PENDANT TRIPLE SHELL NECKLACE,1,2011-03-04 10:58:00,4.95,14570.0,United Kingdom
545597,90185A,AMBER DIAMANTE EXPANDABLE RING,1,2011-03-04 10:58:00,4.25,14570.0,United Kingdom
545597,90183C,BLACK DROP EARRINGS W LONG BEADS,1,2011-03-04 10:58:00,2.95,14570.0,United Kingdom
545597,90022,EDWARDIAN DROP EARRINGS JET BLACK,1,2011-03-04 10:58:00,3.75,14570.0,United Kingdom
545597,90180A,BLACK+WHITE NECKLACE W TASSEL,1,2011-03-04 10:58:00,9.95,14570.0,United Kingdom
545597,90040B,MURANO STYLE GLASS BRACELET BLACK,1,2011-03-04 10:58:00,3.5,14570.0,United Kingdom
545597,90124B,BLUE MURANO TWIST NECKLACE,1,2011-03-04 10:58:00,9.95,14570.0,United Kingdom
545598,22080,,-278,2011-03-04 11:16:00,0.0,,United Kingdom
545599,22272,,-140,2011-03-04 11:17:00,0.0,,United Kingdom
545600,85160A,,-21,2011-03-04 11:45:00,0.0,,United Kingdom
545601,22667,RECIPE BOX RETROSPOT ,6,2011-03-04 11:49:00,2.95,15827.0,United Kingdom
545601,22699,ROSES REGENCY TEACUP AND SAUCER ,6,2011-03-04 11:49:00,2.95,15827.0,United Kingdom
545601,22904,CALENDAR PAPER CUT DESIGN,6,2011-03-04 11:49:00,2.95,15827.0,United Kingdom
545601,47567B,TEA TIME KITCHEN APRON,3,2011-03-04 11:49:00,5.95,15827.0,United Kingdom
545601,20914,SET/5 RED RETROSPOT LID GLASS BOWLS,6,2011-03-04 11:49:00,2.95,15827.0,United Kingdom
545601,22720,SET OF 3 CAKE TINS PANTRY DESIGN ,3,2011-03-04 11:49:00,4.95,15827.0,United Kingdom
545601,22722,SET OF 6 SPICE TINS PANTRY DESIGN,4,2011-03-04 11:49:00,3.95,15827.0,United Kingdom
545601,22966,GINGERBREAD MAN COOKIE CUTTER,12,2011-03-04 11:49:00,1.25,15827.0,United Kingdom
545601,22666,RECIPE BOX PANTRY YELLOW DESIGN,6,2011-03-04 11:49:00,2.95,15827.0,United Kingdom
545602,22386,JUMBO BAG PINK POLKADOT,1,2011-03-04 11:49:00,1.95,17315.0,United Kingdom
545602,21929,JUMBO BAG PINK VINTAGE PAISLEY,1,2011-03-04 11:49:00,1.95,17315.0,United Kingdom
545602,85099C,JUMBO  BAG BAROQUE BLACK WHITE,1,2011-03-04 11:49:00,1.95,17315.0,United Kingdom
545602,85099B,JUMBO BAG RED RETROSPOT,1,2011-03-04 11:49:00,1.95,17315.0,United Kingdom
545602,22411,JUMBO SHOPPER VINTAGE RED PAISLEY,1,2011-03-04 11:49:00,1.95,17315.0,United Kingdom
545602,22456,NATURAL SLATE CHALKBOARD LARGE ,1,2011-03-04 11:49:00,4.95,17315.0,United Kingdom
545602,21916,SET 12 RETRO WHITE CHALK STICKS,3,2011-03-04 11:49:00,0.42,17315.0,United Kingdom
545602,84970S,HANGING HEART ZINC T-LIGHT HOLDER,29,2011-03-04 11:49:00,0.85,17315.0,United Kingdom
545602,84970L,SINGLE HEART ZINC T-LIGHT HOLDER,27,2011-03-04 11:49:00,0.95,17315.0,United Kingdom
545602,71459,HANGING JAM JAR T-LIGHT HOLDER,12,2011-03-04 11:49:00,0.85,17315.0,United Kingdom
545602,21531,RED RETROSPOT SUGAR JAM BOWL,2,2011-03-04 11:49:00,2.55,17315.0,United Kingdom
545602,21533,RETROSPOT LARGE MILK JUG,2,2011-03-04 11:49:00,4.95,17315.0,United Kingdom
545602,22457,NATURAL SLATE HEART CHALKBOARD ,6,2011-03-04 11:49:00,2.95,17315.0,United Kingdom
545603,47591D,PINK FAIRY CAKE CHILDRENS APRON,8,2011-03-04 11:49:00,1.95,15827.0,United Kingdom
545603,22978,PANTRY ROLLING PIN,6,2011-03-04 11:49:00,3.75,15827.0,United Kingdom
545630,21156,RETROSPOT CHILDRENS APRON,60,2011-03-04 12:06:00,1.65,14466.0,United Kingdom
545630,21042,RED RETROSPOT APRON ,9,2011-03-04 12:06:00,5.95,14466.0,United Kingdom
545630,22667,RECIPE BOX RETROSPOT ,6,2011-03-04 12:06:00,2.95,14466.0,United Kingdom
545630,21843,RED RETROSPOT CAKE STAND,3,2011-03-04 12:06:00,10.95,14466.0,United Kingdom
545630,22665,RECIPE BOX BLUE SKETCHBOOK DESIGN,6,2011-03-04 12:06:00,2.95,14466.0,United Kingdom
545630,22666,RECIPE BOX PANTRY YELLOW DESIGN,6,2011-03-04 12:06:00,2.95,14466.0,United Kingdom
545630,22423,REGENCY CAKESTAND 3 TIER,6,2011-03-04 12:06:00,12.75,14466.0,United Kingdom
545630,84988,SET OF 72 PINK HEART PAPER DOILIES,12,2011-03-04 12:06:00,1.45,14466.0,United Kingdom
545634,85053,FRENCH ENAMEL CANDLEHOLDER,6,2011-03-04 12:12:00,2.1,14911.0,EIRE
545634,22178,VICTORIAN GLASS HANGING T-LIGHT,12,2011-03-04 12:12:00,1.25,14911.0,EIRE
545634,22556,PLASTERS IN TIN CIRCUS PARADE ,12,2011-03-04 12:12:00,1.65,14911.0,EIRE
545634,21790,VINTAGE SNAP CARDS,12,2011-03-04 12:12:00,0.85,14911.0,EIRE
545634,21915,RED  HARMONICA IN BOX ,12,2011-03-04 12:12:00,1.25,14911.0,EIRE
545634,22620,4 TRADITIONAL SPINNING TOPS,12,2011-03-04 12:12:00,1.25,14911.0,EIRE
545634,22492,MINI PAINT SET VINTAGE ,36,2011-03-04 12:12:00,0.65,14911.0,EIRE
545634,21656,RIDGED GLASS POSY VASE ,6,2011-03-04 12:12:00,1.45,14911.0,EIRE
545634,22726,ALARM CLOCK BAKELIKE GREEN,4,2011-03-04 12:12:00,3.75,14911.0,EIRE
545634,22729,ALARM CLOCK BAKELIKE ORANGE,4,2011-03-04 12:12:00,3.75,14911.0,EIRE
545634,22966,GINGERBREAD MAN COOKIE CUTTER,12,2011-03-04 12:12:00,1.25,14911.0,EIRE
545634,22846,BREAD BIN DINER STYLE RED ,2,2011-03-04 12:12:00,16.95,14911.0,EIRE
545634,22099,CARAVAN SQUARE TISSUE BOX,12,2011-03-04 12:12:00,1.25,14911.0,EIRE
545634,84077,WORLD WAR 2 GLIDERS ASSTD DESIGNS,48,2011-03-04 12:12:00,0.29,14911.0,EIRE
545634,22489,PACK OF 12 TRADITIONAL CRAYONS,24,2011-03-04 12:12:00,0.42,14911.0,EIRE
545634,23232,WRAP VINTAGE PETALS  DESIGN,25,2011-03-04 12:12:00,0.42,14911.0,EIRE
545634,21506,"FANCY FONT BIRTHDAY CARD, ",12,2011-03-04 12:12:00,0.42,14911.0,EIRE
545634,22030,SWALLOWS GREETING CARD,12,2011-03-04 12:12:00,0.42,14911.0,EIRE
545634,C2,CARRIAGE,1,2011-03-04 12:12:00,50.0,14911.0,EIRE
545635,21232,STRAWBERRY CERAMIC TRINKET BOX,24,2011-03-04 12:14:00,1.25,13557.0,United Kingdom
545635,37446,MINI CAKE STAND WITH HANGING CAKES,8,2011-03-04 12:14:00,1.45,13557.0,United Kingdom
545635,16156S,WRAP PINK FAIRY CAKES ,25,2011-03-04 12:14:00,0.42,13557.0,United Kingdom
545635,22646,CERAMIC STRAWBERRY CAKE MONEY BANK,12,2011-03-04 12:14:00,1.45,13557.0,United Kingdom
545635,22851,SET 20 NAPKINS FAIRY CAKES DESIGN ,12,2011-03-04 12:14:00,0.85,13557.0,United Kingdom
545635,37448,CERAMIC CAKE DESIGN SPOTTED MUG,12,2011-03-04 12:14:00,1.49,13557.0,United Kingdom
545635,16161U,WRAP SUKI AND FRIENDS,25,2011-03-04 12:14:00,0.42,13557.0,United Kingdom
545635,21519,GIN & TONIC DIET GREETING CARD ,24,2011-03-04 12:14:00,0.42,13557.0,United Kingdom
545635,21867,PINK UNION JACK  LUGGAGE TAG,12,2011-03-04 12:14:00,1.25,13557.0,United Kingdom
545635,21865,PINK UNION JACK  PASSPORT COVER ,6,2011-03-04 12:14:00,2.1,13557.0,United Kingdom
545635,22998,TRAVEL CARD WALLET KEEP CALM,24,2011-03-04 12:14:00,0.42,13557.0,United Kingdom
545635,23179,CLOCK MAGNET MUM'S KITCHEN,6,2011-03-04 12:14:00,2.89,13557.0,United Kingdom
545635,22645,CERAMIC HEART FAIRY CAKE MONEY BANK,12,2011-03-04 12:14:00,1.45,13557.0,United Kingdom
545635,22644,CERAMIC CHERRY CAKE MONEY BANK,12,2011-03-04 12:14:00,1.45,13557.0,United Kingdom
545635,22806,SET OF 6 T-LIGHTS WEDDING CAKE ,6,2011-03-04 12:14:00,2.95,13557.0,United Kingdom
545635,84509G,SET OF 4 FAIRY CAKE PLACEMATS ,4,2011-03-04 12:14:00,3.75,13557.0,United Kingdom
545636,84879,ASSORTED COLOUR BIRD ORNAMENT,16,2011-03-04 12:15:00,1.69,16449.0,United Kingdom
545636,22502,PICNIC BASKET WICKER SMALL,4,2011-03-04 12:15:00,5.95,16449.0,United Kingdom
545636,22241,GARLAND WOODEN HAPPY EASTER,12,2011-03-04 12:15:00,1.25,16449.0,United Kingdom
545636,22856,ASSORTED EASTER DECORATIONS  BELLS,12,2011-03-04 12:15:00,1.25,16449.0,United Kingdom
545636,22292,HANGING CHICK  YELLOW DECORATION,24,2011-03-04 12:15:00,1.45,16449.0,United Kingdom
545636,22288,HANGING METAL RABBIT DECORATION,24,2011-03-04 12:15:00,1.25,16449.0,United Kingdom
545636,22251,BIRDHOUSE DECORATION MAGIC GARDEN,12,2011-03-04 12:15:00,1.25,16449.0,United Kingdom
545636,22286,"DECORATION , WOBBLY RABBIT , METAL ",12,2011-03-04 12:15:00,1.65,16449.0,United Kingdom
545636,22249,DECORATION WHITE CHICK MAGIC GARDEN,16,2011-03-04 12:15:00,0.85,16449.0,United Kingdom
545636,22295,HEART FILIGREE DOVE LARGE,12,2011-03-04 12:15:00,1.65,16449.0,United Kingdom
545636,84978,HANGING HEART JAR T-LIGHT HOLDER,12,2011-03-04 12:15:00,1.25,16449.0,United Kingdom
545636,22789,T-LIGHT HOLDER SWEETHEART HANGING,8,2011-03-04 12:15:00,1.95,16449.0,United Kingdom
545636,22776,SWEETHEART CAKESTAND 3 TIER,1,2011-03-04 12:15:00,9.95,16449.0,United Kingdom
545636,22854,CREAM SWEETHEART EGG HOLDER,4,2011-03-04 12:15:00,4.95,16449.0,United Kingdom
545636,22189,CREAM HEART CARD HOLDER,4,2011-03-04 12:15:00,3.95,16449.0,United Kingdom
545636,22169,FAMILY ALBUM WHITE PICTURE FRAME,2,2011-03-04 12:15:00,8.5,16449.0,United Kingdom
545636,22969,HOMEMADE JAM SCENTED CANDLES,12,2011-03-04 12:15:00,1.45,16449.0,United Kingdom
545636,22907,PACK OF 20 NAPKINS PANTRY DESIGN,12,2011-03-04 12:15:00,0.85,16449.0,United Kingdom
545636,84836,ZINC METAL HEART DECORATION,12,2011-03-04 12:15:00,1.25,16449.0,United Kingdom
545636,84970S,HANGING HEART ZINC T-LIGHT HOLDER,12,2011-03-04 12:15:00,0.85,16449.0,United Kingdom
545636,22832,BROCANTE SHELF WITH HOOKS,2,2011-03-04 12:15:00,10.75,16449.0,United Kingdom
545636,22457,NATURAL SLATE HEART CHALKBOARD ,6,2011-03-04 12:15:00,2.95,16449.0,United Kingdom
545636,22957,SET 3 PAPER VINTAGE CHICK PAPER EGG,6,2011-03-04 12:15:00,2.95,16449.0,United Kingdom
545637,21915,RED  HARMONICA IN BOX ,12,2011-03-04 12:16:00,1.25,15514.0,United Kingdom
545637,21096,SET/6 FRUIT SALAD  PAPER PLATES,5,2011-03-04 12:16:00,0.85,15514.0,United Kingdom
545637,22439,6 ROCKET BALLOONS ,10,2011-03-04 12:16:00,0.65,15514.0,United Kingdom
545637,22489,PACK OF 12 TRADITIONAL CRAYONS,12,2011-03-04 12:16:00,0.42,15514.0,United Kingdom
545637,22436,12 COLOURED PARTY BALLOONS,10,2011-03-04 12:16:00,0.65,15514.0,United Kingdom
545637,15034,PAPER POCKET TRAVELING FAN ,12,2011-03-04 12:16:00,0.14,15514.0,United Kingdom
545637,10002,INFLATABLE POLITICAL GLOBE ,2,2011-03-04 12:16:00,0.85,15514.0,United Kingdom
545637,16258A,SWIRLY CIRCULAR RUBBERS IN BAG,12,2011-03-04 12:16:00,0.42,15514.0,United Kingdom
545637,21826,EIGHT PIECE DINOSAUR SET,2,2011-03-04 12:16:00,1.25,15514.0,United Kingdom
545637,21829,DINOSAUR KEYRINGS ASSORTED,36,2011-03-04 12:16:00,0.21,15514.0,United Kingdom
545637,10120,DOGGY RUBBER,11,2011-03-04 12:16:00,0.21,15514.0,United Kingdom
545637,22908,PACK OF 20 NAPKINS RED APPLES,4,2011-03-04 12:16:00,0.85,15514.0,United Kingdom
545637,21088,SET/6 FRUIT SALAD PAPER CUPS,6,2011-03-04 12:16:00,0.65,15514.0,United Kingdom
545637,22726,ALARM CLOCK BAKELIKE GREEN,6,2011-03-04 12:16:00,3.75,15514.0,United Kingdom
545637,22727,ALARM CLOCK BAKELIKE RED ,7,2011-03-04 12:16:00,3.75,15514.0,United Kingdom
545637,22729,ALARM CLOCK BAKELIKE ORANGE,6,2011-03-04 12:16:00,3.75,15514.0,United Kingdom
545637,22970,LONDON BUS COFFEE MUG,12,2011-03-04 12:16:00,2.55,15514.0,United Kingdom
545637,22973,CHILDREN'S CIRCUS PARADE MUG,12,2011-03-04 12:16:00,1.65,15514.0,United Kingdom
545637,22988,SOLDIERS EGG CUP ,48,2011-03-04 12:16:00,1.25,15514.0,United Kingdom
545637,22976,CIRCUS PARADE CHILDRENS EGG CUP ,36,2011-03-04 12:16:00,1.25,15514.0,United Kingdom
545638,21430,SET/3 RED GINGHAM ROSE STORAGE BOX,24,2011-03-04 12:26:00,3.39,13113.0,United Kingdom
545638,22087,PAPER BUNTING WHITE LACE,40,2011-03-04 12:26:00,2.55,13113.0,United Kingdom
545638,22980,PANTRY SCRUBBING BRUSH,2,2011-03-04 12:26:00,1.65,13113.0,United Kingdom
545638,22723,SET OF 6 HERB TINS SKETCHBOOK,1,2011-03-04 12:26:00,3.95,13113.0,United Kingdom
545638,22981,PANTRY APPLE CORER,2,2011-03-04 12:26:00,1.45,13113.0,United Kingdom
545638,22982,PANTRY PASTRY BRUSH,2,2011-03-04 12:26:00,1.25,13113.0,United Kingdom
545638,22979,PANTRY WASHING UP BRUSH,2,2011-03-04 12:26:00,1.45,13113.0,United Kingdom
545638,22978,PANTRY ROLLING PIN,2,2011-03-04 12:26:00,3.75,13113.0,United Kingdom
545638,22457,NATURAL SLATE HEART CHALKBOARD ,10,2011-03-04 12:26:00,2.95,13113.0,United Kingdom
C545639,22423,REGENCY CAKESTAND 3 TIER,-1,2011-03-04 12:28:00,10.95,13113.0,United Kingdom
545644,22440,BALLOON WATER BOMB PACK OF 35,1200,2011-03-04 12:37:00,0.36,16333.0,United Kingdom
545644,21891,TRADITIONAL WOODEN SKIPPING ROPE,576,2011-03-04 12:37:00,1.06,16333.0,United Kingdom
545644,84077,WORLD WAR 2 GLIDERS ASSTD DESIGNS,1152,2011-03-04 12:37:00,0.21,16333.0,United Kingdom
545644,21915,RED  HARMONICA IN BOX ,280,2011-03-04 12:37:00,1.06,16333.0,United Kingdom
545644,22620,4 TRADITIONAL SPINNING TOPS,320,2011-03-04 12:37:00,1.06,16333.0,United Kingdom
545645,22654,DELUXE SEWING KIT ,1,2011-03-04 12:42:00,5.95,12755.0,Japan
545645,22968,ROSE COTTAGE KEEPSAKE BOX ,1,2011-03-04 12:42:00,9.95,12755.0,Japan
545645,22652,TRAVEL SEWING KIT,1,2011-03-04 12:42:00,1.65,12755.0,Japan
545646,20762,GREEN FERN SKETCHBOOK ,6,2011-03-04 12:42:00,3.75,14779.0,United Kingdom
545646,20775,DAISY NOTEBOOK ,3,2011-03-04 12:42:00,1.65,14779.0,United Kingdom
545646,10133,COLOURING PENCILS BROWN TUBE,1,2011-03-04 12:42:00,0.85,14779.0,United Kingdom
545646,10135,COLOURING PENCILS BROWN TUBE,1,2011-03-04 12:42:00,1.25,14779.0,United Kingdom
545646,37479B,CUBIC MUG FLOCK BLUE ON BROWN,1,2011-03-04 12:42:00,2.55,14779.0,United Kingdom
545646,22698,PINK REGENCY TEACUP AND SAUCER,2,2011-03-04 12:42:00,2.95,14779.0,United Kingdom
545647,22128,PARTY CONES CANDY ASSORTED,24,2011-03-04 12:46:00,1.25,12547.0,Spain
545647,22127,PARTY CONES CARNIVAL ASSORTED,24,2011-03-04 12:46:00,1.25,12547.0,Spain
545647,22583,PACK OF 6 HANDBAG GIFT BOXES,12,2011-03-04 12:46:00,2.55,12547.0,Spain
545647,22133,PINK LOVE HEART SHAPE CUP,24,2011-03-04 12:46:00,0.85,12547.0,Spain
545647,22132,RED LOVE HEART SHAPE CUP,24,2011-03-04 12:46:00,0.85,12547.0,Spain
545647,POST,POSTAGE,1,2011-03-04 12:46:00,28.0,12547.0,Spain
545648,22131,FOOD CONTAINER SET 3 LOVE HEART ,6,2011-03-04 13:09:00,1.95,17325.0,United Kingdom
545648,21114,LAVENDER SCENTED FABRIC HEART,10,2011-03-04 13:09:00,1.25,17325.0,United Kingdom
545648,20725,LUNCH BAG RED RETROSPOT,10,2011-03-04 13:09:00,1.65,17325.0,United Kingdom
545648,22759,SET OF 3 NOTEBOOKS IN PARCEL,12,2011-03-04 13:09:00,1.65,17325.0,United Kingdom
545648,22195,LARGE HEART MEASURING SPOONS,12,2011-03-04 13:09:00,1.65,17325.0,United Kingdom
545648,22384,LUNCH BAG PINK POLKADOT,10,2011-03-04 13:09:00,1.65,17325.0,United Kingdom
545649,84836,ZINC METAL HEART DECORATION,2,2011-03-04 13:14:00,1.25,14995.0,United Kingdom
545649,20982,12 PENCILS TALL TUBE SKULLS,2,2011-03-04 13:14:00,0.85,14995.0,United Kingdom
545649,84509A,SET OF 4 ENGLISH ROSE PLACEMATS,1,2011-03-04 13:14:00,3.75,14995.0,United Kingdom
545649,84509C,SET OF 4 POLKADOT PLACEMATS ,1,2011-03-04 13:14:00,3.75,14995.0,United Kingdom
545649,72802B,OCEAN SCENT CANDLE IN JEWELLED BOX,1,2011-03-04 13:14:00,4.25,14995.0,United Kingdom
545649,72802C,VANILLA SCENT CANDLE JEWELLED BOX,1,2011-03-04 13:14:00,4.25,14995.0,United Kingdom
545649,72802A,ROSE SCENT CANDLE IN JEWELLED BOX,1,2011-03-04 13:14:00,4.25,14995.0,United Kingdom
545649,47570B,TEA TIME TABLE CLOTH,1,2011-03-04 13:14:00,10.65,14995.0,United Kingdom
545649,21870,I CAN ONLY PLEASE ONE PERSON MUG,1,2011-03-04 13:14:00,1.25,14995.0,United Kingdom
545649,22460,EMBOSSED GLASS TEALIGHT HOLDER,2,2011-03-04 13:14:00,1.25,14995.0,United Kingdom
545649,72807A,SET/3 ROSE CANDLE IN JEWELLED BOX,1,2011-03-04 13:14:00,4.25,14995.0,United Kingdom
545649,72807B,SET/3 OCEAN SCENT CANDLE JEWEL BOX,1,2011-03-04 13:14:00,4.25,14995.0,United Kingdom
545649,72807C,SET/3 VANILLA SCENTED CANDLE IN BOX,1,2011-03-04 13:14:00,4.25,14995.0,United Kingdom
545649,21931,JUMBO STORAGE BAG SUKI,1,2011-03-04 13:14:00,1.95,14995.0,United Kingdom
545649,22900, SET 2 TEA TOWELS I LOVE LONDON ,1,2011-03-04 13:14:00,2.95,14995.0,United Kingdom
545649,22295,HEART FILIGREE DOVE LARGE,2,2011-03-04 13:14:00,1.65,14995.0,United Kingdom
545649,37495,FAIRY CAKE BIRTHDAY CANDLE SET,2,2011-03-04 13:14:00,3.75,14995.0,United Kingdom
545649,84519A,TOMATO CHARLIE+LOLA COASTER SET,1,2011-03-04 13:14:00,2.95,14995.0,United Kingdom
545649,22197,SMALL POPCORN HOLDER,3,2011-03-04 13:14:00,0.85,14995.0,United Kingdom
545649,20981,12 PENCILS TALL TUBE WOODLAND,2,2011-03-04 13:14:00,0.85,14995.0,United Kingdom
545649,21155,RED RETROSPOT PEG BAG,1,2011-03-04 13:14:00,2.55,14995.0,United Kingdom
545649,22231,JIGSAW TREE WITH BIRDHOUSE,1,2011-03-04 13:14:00,1.45,14995.0,United Kingdom
545649,85186C,BUNNY EGG GARLAND,1,2011-03-04 13:14:00,0.42,14995.0,United Kingdom
545649,85186A,EASTER BUNNY GARLAND OF FLOWERS,1,2011-03-04 13:14:00,0.42,14995.0,United Kingdom
545649,22156,HEART DECORATION WITH PEARLS ,1,2011-03-04 13:14:00,0.85,14995.0,United Kingdom
545649,22614,PACK OF 12 SPACEBOY TISSUES,2,2011-03-04 13:14:00,0.29,14995.0,United Kingdom
545649,21983,PACK OF 12 BLUE PAISLEY TISSUES ,1,2011-03-04 13:14:00,0.29,14995.0,United Kingdom
545649,22267,EASTER DECORATION EGG BUNNY ,2,2011-03-04 13:14:00,1.25,14995.0,United Kingdom
545649,22251,BIRDHOUSE DECORATION MAGIC GARDEN,1,2011-03-04 13:14:00,1.25,14995.0,United Kingdom
545649,22241,GARLAND WOODEN HAPPY EASTER,1,2011-03-04 13:14:00,1.25,14995.0,United Kingdom
545649,82494L,WOODEN FRAME ANTIQUE WHITE ,3,2011-03-04 13:14:00,2.95,14995.0,United Kingdom
545649,85123A,WHITE HANGING HEART T-LIGHT HOLDER,1,2011-03-04 13:14:00,2.95,14995.0,United Kingdom
545649,82482,WOODEN PICTURE FRAME WHITE FINISH,3,2011-03-04 13:14:00,2.55,14995.0,United Kingdom
545649,22411,JUMBO SHOPPER VINTAGE RED PAISLEY,1,2011-03-04 13:14:00,1.95,14995.0,United Kingdom
545649,20712,JUMBO BAG WOODLAND ANIMALS,1,2011-03-04 13:14:00,1.95,14995.0,United Kingdom
545649,21523,DOORMAT FANCY FONT HOME SWEET HOME,1,2011-03-04 13:14:00,7.95,14995.0,United Kingdom
545649,85099C,JUMBO  BAG BAROQUE BLACK WHITE,1,2011-03-04 13:14:00,1.95,14995.0,United Kingdom
545651,21973,,140,2011-03-04 13:14:00,0.0,,United Kingdom
C545650,40001,WHITE BAMBOO RIBS LAMPSHADE,-1,2011-03-04 13:14:00,0.64,15311.0,United Kingdom
C545650,22778,GLASS CLOCHE SMALL,-6,2011-03-04 13:14:00,3.39,15311.0,United Kingdom
545652,20750,RED RETROSPOT MINI CASES,2,2011-03-04 13:27:00,7.95,16414.0,United Kingdom
545652,84946,ANTIQUE SILVER TEA GLASS ETCHED,12,2011-03-04 13:27:00,1.25,16414.0,United Kingdom
545652,21217,RED RETROSPOT ROUND CAKE TINS,2,2011-03-04 13:27:00,9.95,16414.0,United Kingdom
545653,84946,ANTIQUE SILVER TEA GLASS ETCHED,1,2011-03-04 13:39:00,1.25,15311.0,United Kingdom
545653,21240,BLUE POLKADOT CUP,2,2011-03-04 13:39:00,0.85,15311.0,United Kingdom
545653,20675,BLUE POLKADOT BOWL,2,2011-03-04 13:39:00,1.25,15311.0,United Kingdom
545653,21244,BLUE POLKADOT PLATE ,2,2011-03-04 13:39:00,1.69,15311.0,United Kingdom
545653,21033,JUMBO BAG CHARLIE AND LOLA TOYS,2,2011-03-04 13:39:00,2.95,15311.0,United Kingdom
545653,21931,JUMBO STORAGE BAG SUKI,100,2011-03-04 13:39:00,1.65,15311.0,United Kingdom
545653,82001S,VINYL RECORD FRAME SILVER,24,2011-03-04 13:39:00,3.39,15311.0,United Kingdom
545653,85099B,JUMBO BAG RED RETROSPOT,100,2011-03-04 13:39:00,1.65,15311.0,United Kingdom
545653,82482,WOODEN PICTURE FRAME WHITE FINISH,36,2011-03-04 13:39:00,2.1,15311.0,United Kingdom
545653,21313,GLASS HEART T-LIGHT HOLDER ,96,2011-03-04 13:39:00,0.64,15311.0,United Kingdom
545653,84978,HANGING HEART JAR T-LIGHT HOLDER,36,2011-03-04 13:39:00,1.06,15311.0,United Kingdom
545653,21314,SMALL GLASS HEART TRINKET POT,48,2011-03-04 13:39:00,1.85,15311.0,United Kingdom
545653,22663,JUMBO BAG DOLLY GIRL DESIGN,4,2011-03-04 13:39:00,1.95,15311.0,United Kingdom
545653,22411,JUMBO SHOPPER VINTAGE RED PAISLEY,10,2011-03-04 13:39:00,1.95,15311.0,United Kingdom
545653,22385,JUMBO BAG SPACEBOY DESIGN,10,2011-03-04 13:39:00,1.95,15311.0,United Kingdom
545653,22281,EASTER TREE YELLOW BIRDS,2,2011-03-04 13:39:00,5.95,15311.0,United Kingdom
545653,21110,LARGE CAKE TOWEL PINK SPOTS,1,2011-03-04 13:39:00,6.75,15311.0,United Kingdom
545653,22613,PACK OF 20 SPACEBOY NAPKINS,5,2011-03-04 13:39:00,0.85,15311.0,United Kingdom
545653,22088,PAPER BUNTING COLOURED LACE,2,2011-03-04 13:39:00,2.95,15311.0,United Kingdom
545653,22908,PACK OF 20 NAPKINS RED APPLES,3,2011-03-04 13:39:00,0.85,15311.0,United Kingdom
545653,22805,BLUE DRAWER KNOB ACRYLIC EDWARDIAN,24,2011-03-04 13:39:00,1.25,15311.0,United Kingdom
545653,22773,GREEN DRAWER KNOB ACRYLIC EDWARDIAN,24,2011-03-04 13:39:00,1.25,15311.0,United Kingdom
545653,21755,LOVE BUILDING BLOCK WORD,2,2011-03-04 13:39:00,5.95,15311.0,United Kingdom
545653,15056N,EDWARDIAN PARASOL NATURAL,3,2011-03-04 13:39:00,5.95,15311.0,United Kingdom
545653,82583,HOT BATHS METAL SIGN,4,2011-03-04 13:39:00,2.1,15311.0,United Kingdom
545653,20829,GLITTER HANGING BUTTERFLY STRING,2,2011-03-04 13:39:00,2.1,15311.0,United Kingdom
545653,47590A,BLUE HAPPY BIRTHDAY BUNTING,2,2011-03-04 13:39:00,5.45,15311.0,United Kingdom
545653,20665,RED RETROSPOT PURSE ,3,2011-03-04 13:39:00,2.95,15311.0,United Kingdom
545653,85071D,CHARLIE+LOLA MY ROOM DOOR SIGN,2,2011-03-04 13:39:00,2.55,15311.0,United Kingdom
545653,85071A,BLUE CHARLIE+LOLA PERSONAL DOORSIGN,2,2011-03-04 13:39:00,2.95,15311.0,United Kingdom
545653,84849D,HOT BATHS SOAP HOLDER,5,2011-03-04 13:39:00,1.69,15311.0,United Kingdom
545653,22418,10 COLOUR SPACEBOY PEN,12,2011-03-04 13:39:00,0.85,15311.0,United Kingdom
545653,22420,LIPSTICK PEN BABY PINK,5,2011-03-04 13:39:00,0.42,15311.0,United Kingdom
545653,84563A,PINK & WHITE BREAKFAST TRAY,1,2011-03-04 13:39:00,5.95,15311.0,United Kingdom
545653,21470,FLOWER VINE RAFFIA FOOD COVER,2,2011-03-04 13:39:00,3.75,15311.0,United Kingdom
545654,22919,HERB MARKER MINT,12,2011-03-04 13:46:00,0.65,15681.0,United Kingdom
545654,22921,HERB MARKER CHIVES ,12,2011-03-04 13:46:00,0.65,15681.0,United Kingdom
545654,22917,HERB MARKER ROSEMARY,12,2011-03-04 13:46:00,0.65,15681.0,United Kingdom
545654,22920,HERB MARKER BASIL,12,2011-03-04 13:46:00,0.65,15681.0,United Kingdom
545654,22918,HERB MARKER PARSLEY,12,2011-03-04 13:46:00,0.65,15681.0,United Kingdom
545654,22916,HERB MARKER THYME,12,2011-03-04 13:46:00,0.65,15681.0,United Kingdom
545654,22863,SOAP DISH BROCANTE,8,2011-03-04 13:46:00,2.95,15681.0,United Kingdom
545654,22961,JAM MAKING SET PRINTED,24,2011-03-04 13:46:00,1.45,15681.0,United Kingdom
545654,22980,PANTRY SCRUBBING BRUSH,12,2011-03-04 13:46:00,1.65,15681.0,United Kingdom
545654,22979,PANTRY WASHING UP BRUSH,24,2011-03-04 13:46:00,1.45,15681.0,United Kingdom
545654,22992,REVOLVER WOODEN RULER ,24,2011-03-04 13:46:00,1.95,15681.0,United Kingdom
545654,23194,GYMKHANNA TREASURE BOOK BOX,8,2011-03-04 13:46:00,2.08,15681.0,United Kingdom
545654,23193,BUFFALO BILL TREASURE BOOK BOX,8,2011-03-04 13:46:00,2.08,15681.0,United Kingdom
545654,22087,PAPER BUNTING WHITE LACE,12,2011-03-04 13:46:00,2.95,15681.0,United Kingdom
545654,20979,36 PENCILS TUBE RED RETROSPOT,16,2011-03-04 13:46:00,1.25,15681.0,United Kingdom
545654,21313,GLASS HEART T-LIGHT HOLDER ,24,2011-03-04 13:46:00,0.85,15681.0,United Kingdom
545654,84978,HANGING HEART JAR T-LIGHT HOLDER,24,2011-03-04 13:46:00,1.25,15681.0,United Kingdom
545655,21922,UNION STRIPE WITH FRINGE  HAMMOCK,1,2011-03-04 13:58:00,7.95,14670.0,United Kingdom
545655,22967,SET 3 SONG BIRD PAPER EGGS ASSORTED,1,2011-03-04 13:58:00,2.95,14670.0,United Kingdom
545655,22804,CANDLEHOLDER PINK HANGING HEART,1,2011-03-04 13:58:00,2.95,14670.0,United Kingdom
545655,22577,WOODEN HEART CHRISTMAS SCANDINAVIAN,2,2011-03-04 13:58:00,0.85,14670.0,United Kingdom
545655,22335,HEART DECORATION PAINTED ZINC ,1,2011-03-04 13:58:00,0.65,14670.0,United Kingdom
545655,22318,FIVE HEART HANGING DECORATION,1,2011-03-04 13:58:00,2.95,14670.0,United Kingdom
545655,20998,ROSE DU SUD OVEN GLOVE,1,2011-03-04 13:58:00,2.95,14670.0,United Kingdom
545655,22964,3 PIECE SPACEBOY COOKIE CUTTER SET,1,2011-03-04 13:58:00,2.1,14670.0,United Kingdom
545655,22314,OFFICE MUG WARMER CHOC+BLUE,1,2011-03-04 13:58:00,2.95,14670.0,United Kingdom
545655,21232,STRAWBERRY CERAMIC TRINKET BOX,1,2011-03-04 13:58:00,1.25,14670.0,United Kingdom
545655,21389,IVORY HANGING DECORATION  BIRD,2,2011-03-04 13:58:00,0.85,14670.0,United Kingdom
545655,22874,NUMBER TILE COTTAGE GARDEN 6,1,2011-03-04 13:58:00,1.95,14670.0,United Kingdom
545655,22961,JAM MAKING SET PRINTED,1,2011-03-04 13:58:00,1.45,14670.0,United Kingdom
545655,21244,BLUE POLKADOT PLATE ,3,2011-03-04 13:58:00,1.69,14670.0,United Kingdom
545655,22384,LUNCH BAG PINK POLKADOT,1,2011-03-04 13:58:00,1.65,14670.0,United Kingdom
545655,22202,MILK PAN PINK POLKADOT,1,2011-03-04 13:58:00,3.75,14670.0,United Kingdom
545655,22384,LUNCH BAG PINK POLKADOT,1,2011-03-04 13:58:00,1.65,14670.0,United Kingdom
545655,22382,LUNCH BAG SPACEBOY DESIGN ,1,2011-03-04 13:58:00,1.65,14670.0,United Kingdom
545655,23000,TRAVEL CARD WALLET TRANSPORT,1,2011-03-04 13:58:00,0.42,14670.0,United Kingdom
545655,20856,DENIM PATCH PURSE PINK BUTTERFLY,2,2011-03-04 13:58:00,1.65,14670.0,United Kingdom
545655,35924,HANGING FAIRY CAKE DECORATION,1,2011-03-04 13:58:00,2.1,14670.0,United Kingdom
545655,20674,GREEN POLKADOT BOWL,2,2011-03-04 13:58:00,1.25,14670.0,United Kingdom
545655,85123A,WHITE HANGING HEART T-LIGHT HOLDER,1,2011-03-04 13:58:00,2.95,14670.0,United Kingdom
545655,10123C,HEARTS WRAPPING TAPE ,3,2011-03-04 13:58:00,0.65,14670.0,United Kingdom
545655,84836,ZINC METAL HEART DECORATION,1,2011-03-04 13:58:00,1.25,14670.0,United Kingdom
545655,84692,BOX OF 24 COCKTAIL PARASOLS,1,2011-03-04 13:58:00,0.42,14670.0,United Kingdom
545655,22057,CERAMIC PLATE STRAWBERRY DESIGN,1,2011-03-04 13:58:00,1.49,14670.0,United Kingdom
545655,20707,CRAZY DAISY HEART DECORATION,2,2011-03-04 13:58:00,1.25,14670.0,United Kingdom
545655,22517,CHILDS GARDEN RAKE PINK,1,2011-03-04 13:58:00,2.1,14670.0,United Kingdom
545655,22525,CHILDRENS GARDEN GLOVES PINK,2,2011-03-04 13:58:00,1.25,14670.0,United Kingdom
545655,22524,CHILDRENS GARDEN GLOVES BLUE,1,2011-03-04 13:58:00,1.25,14670.0,United Kingdom
545655,21733,RED HANGING HEART T-LIGHT HOLDER,1,2011-03-04 13:58:00,2.95,14670.0,United Kingdom
545655,22514,CHILDS GARDEN SPADE BLUE,1,2011-03-04 13:58:00,2.1,14670.0,United Kingdom
545655,22523,CHILDS GARDEN FORK PINK,1,2011-03-04 13:58:00,0.85,14670.0,United Kingdom
545655,22520,CHILDS GARDEN TROWEL BLUE ,1,2011-03-04 13:58:00,0.85,14670.0,United Kingdom
545655,22614,PACK OF 12 SPACEBOY TISSUES,1,2011-03-04 13:58:00,0.29,14670.0,United Kingdom
545655,21212,PACK OF 72 RETROSPOT CAKE CASES,2,2011-03-04 13:58:00,0.55,14670.0,United Kingdom
545655,85214,TUB 24 PINK FLOWER PEGS,1,2011-03-04 13:58:00,1.65,14670.0,United Kingdom
545655,84459B,YELLOW METAL CHICKEN HEART ,2,2011-03-04 13:58:00,1.49,14670.0,United Kingdom
545655,22341,LOVE GARLAND PAINTED ZINC ,1,2011-03-04 13:58:00,1.65,14670.0,United Kingdom
545655,21389,IVORY HANGING DECORATION  BIRD,2,2011-03-04 13:58:00,0.85,14670.0,United Kingdom
545655,21986,PACK OF 12 PINK POLKADOT TISSUES,3,2011-03-04 13:58:00,0.29,14670.0,United Kingdom
545655,22614,PACK OF 12 SPACEBOY TISSUES,2,2011-03-04 13:58:00,0.29,14670.0,United Kingdom
545655,85187,S/12 MINI RABBIT EASTER,1,2011-03-04 13:58:00,1.65,14670.0,United Kingdom
545655,21983,PACK OF 12 BLUE PAISLEY TISSUES ,3,2011-03-04 13:58:00,0.29,14670.0,United Kingdom
545655,22256,FELT FARM ANIMAL CHICKEN,6,2011-03-04 13:58:00,1.25,14670.0,United Kingdom
545656,23049,RECYCLED ACAPULCO MAT RED,2,2011-03-04 13:58:00,8.25,14057.0,United Kingdom
545656,23053,RECYCLED ACAPULCO MAT PINK,2,2011-03-04 13:58:00,8.25,14057.0,United Kingdom
545656,23054,RECYCLED ACAPULCO MAT LAVENDER,2,2011-03-04 13:58:00,8.25,14057.0,United Kingdom
545656,23050,RECYCLED ACAPULCO MAT GREEN,2,2011-03-04 13:58:00,8.25,14057.0,United Kingdom
545656,23052,RECYCLED ACAPULCO MAT TURQUOISE,2,2011-03-04 13:58:00,8.25,14057.0,United Kingdom
545656,23051,RECYCLED ACAPULCO MAT BLUE,2,2011-03-04 13:58:00,8.25,14057.0,United Kingdom
545657,22501,PICNIC BASKET WICKER LARGE,2,2011-03-04 14:02:00,9.95,14911.0,EIRE
545657,48188,DOORMAT WELCOME PUPPIES,2,2011-03-04 14:02:00,7.95,14911.0,EIRE
545657,48187,DOORMAT NEW ENGLAND,2,2011-03-04 14:02:00,7.95,14911.0,EIRE
545657,84879,ASSORTED COLOUR BIRD ORNAMENT,16,2011-03-04 14:02:00,1.69,14911.0,EIRE
545657,84978,HANGING HEART JAR T-LIGHT HOLDER,12,2011-03-04 14:02:00,1.25,14911.0,EIRE
545657,22469,HEART OF WICKER SMALL,12,2011-03-04 14:02:00,1.65,14911.0,EIRE
545657,22189,CREAM HEART CARD HOLDER,4,2011-03-04 14:02:00,3.95,14911.0,EIRE
545657,85123A,WHITE HANGING HEART T-LIGHT HOLDER,6,2011-03-04 14:02:00,2.95,14911.0,EIRE
545657,71053,WHITE METAL LANTERN,4,2011-03-04 14:02:00,3.75,14911.0,EIRE
545657,22840,ROUND CAKE TIN VINTAGE RED,2,2011-03-04 14:02:00,7.95,14911.0,EIRE
545657,22841,ROUND CAKE TIN VINTAGE GREEN,2,2011-03-04 14:02:00,7.95,14911.0,EIRE
545657,22726,ALARM CLOCK BAKELIKE GREEN,4,2011-03-04 14:02:00,3.75,14911.0,EIRE
545657,84378,SET OF 3 HEART COOKIE CUTTERS,12,2011-03-04 14:02:00,1.25,14911.0,EIRE
545657,84380,SET OF 3 BUTTERFLY COOKIE CUTTERS,12,2011-03-04 14:02:00,1.25,14911.0,EIRE
545657,22720,SET OF 3 CAKE TINS PANTRY DESIGN ,3,2011-03-04 14:02:00,4.95,14911.0,EIRE
545657,22969,HOMEMADE JAM SCENTED CANDLES,12,2011-03-04 14:02:00,1.45,14911.0,EIRE
545657,22990,COTTON APRON PANTRY DESIGN,4,2011-03-04 14:02:00,4.95,14911.0,EIRE
545657,22989,SET 2 PANTRY DESIGN TEA TOWELS,6,2011-03-04 14:02:00,3.25,14911.0,EIRE
545657,22666,RECIPE BOX PANTRY YELLOW DESIGN,6,2011-03-04 14:02:00,2.95,14911.0,EIRE
545657,22960,JAM MAKING SET WITH JARS,6,2011-03-04 14:02:00,3.75,14911.0,EIRE
545657,22961,JAM MAKING SET PRINTED,12,2011-03-04 14:02:00,1.45,14911.0,EIRE
545657,84375,SET OF 20 KIDS COOKIE CUTTERS,12,2011-03-04 14:02:00,2.1,14911.0,EIRE
545657,21790,VINTAGE SNAP CARDS,12,2011-03-04 14:02:00,0.85,14911.0,EIRE
545657,22492,MINI PAINT SET VINTAGE ,36,2011-03-04 14:02:00,0.65,14911.0,EIRE
545657,21981,PACK OF 12 WOODLAND TISSUES ,24,2011-03-04 14:02:00,0.29,14911.0,EIRE
545657,22614,PACK OF 12 SPACEBOY TISSUES,24,2011-03-04 14:02:00,0.29,14911.0,EIRE
545657,84077,WORLD WAR 2 GLIDERS ASSTD DESIGNS,48,2011-03-04 14:02:00,0.29,14911.0,EIRE
545657,22197,SMALL POPCORN HOLDER,12,2011-03-04 14:02:00,0.85,14911.0,EIRE
545657,21892,TRADITIONAL WOODEN CATCH CUP GAME ,12,2011-03-04 14:02:00,1.25,14911.0,EIRE
545657,22620,4 TRADITIONAL SPINNING TOPS,12,2011-03-04 14:02:00,1.25,14911.0,EIRE
545657,22561,WOODEN SCHOOL COLOURING SET,12,2011-03-04 14:02:00,1.65,14911.0,EIRE
545657,15056N,EDWARDIAN PARASOL NATURAL,3,2011-03-04 14:02:00,5.95,14911.0,EIRE
545657,22382,LUNCH BAG SPACEBOY DESIGN ,10,2011-03-04 14:02:00,1.65,14911.0,EIRE
545657,22662,LUNCH BAG DOLLY GIRL DESIGN,10,2011-03-04 14:02:00,1.65,14911.0,EIRE
545657,85099F,JUMBO BAG STRAWBERRY,10,2011-03-04 14:02:00,1.95,14911.0,EIRE
545657,22748,POPPY'S PLAYHOUSE KITCHEN,6,2011-03-04 14:02:00,2.1,14911.0,EIRE
545657,22746,POPPY'S PLAYHOUSE LIVINGROOM ,6,2011-03-04 14:02:00,2.1,14911.0,EIRE
545657,22629,SPACEBOY LUNCH BOX ,12,2011-03-04 14:02:00,1.95,14911.0,EIRE
545657,22551,PLASTERS IN TIN SPACEBOY,12,2011-03-04 14:02:00,1.65,14911.0,EIRE
545657,22972,CHILDREN'S SPACEBOY MUG,12,2011-03-04 14:02:00,1.65,14911.0,EIRE
545657,22975,SPACEBOY CHILDRENS EGG CUP,12,2011-03-04 14:02:00,1.25,14911.0,EIRE
545657,22974,CHILDRENS DOLLY GIRL MUG,12,2011-03-04 14:02:00,1.65,14911.0,EIRE
545657,22977,DOLLY GIRL CHILDRENS EGG CUP,12,2011-03-04 14:02:00,1.25,14911.0,EIRE
545657,22630,DOLLY GIRL LUNCH BOX,12,2011-03-04 14:02:00,1.95,14911.0,EIRE
545657,22029,SPACEBOY BIRTHDAY CARD,12,2011-03-04 14:02:00,0.42,14911.0,EIRE
545657,21507,"ELEPHANT, BIRTHDAY CARD, ",12,2011-03-04 14:02:00,0.42,14911.0,EIRE
545657,22028,PENNY FARTHING BIRTHDAY CARD,12,2011-03-04 14:02:00,0.42,14911.0,EIRE
545657,21519,GIN & TONIC DIET GREETING CARD ,12,2011-03-04 14:02:00,0.42,14911.0,EIRE
545657,22714,CARD BIRTHDAY COWBOY,12,2011-03-04 14:02:00,0.42,14911.0,EIRE
545657,22260,FELT EGG COSY BLUE RABBIT ,12,2011-03-04 14:02:00,0.85,14911.0,EIRE
545657,22261,FELT EGG COSY WHITE RABBIT ,12,2011-03-04 14:02:00,0.85,14911.0,EIRE
545657,22967,SET 3 SONG BIRD PAPER EGGS ASSORTED,6,2011-03-04 14:02:00,2.95,14911.0,EIRE
545657,84946,ANTIQUE SILVER TEA GLASS ETCHED,12,2011-03-04 14:02:00,1.25,14911.0,EIRE
545657,22456,NATURAL SLATE CHALKBOARD LARGE ,3,2011-03-04 14:02:00,4.95,14911.0,EIRE
545657,22607,WOODEN ROUNDERS GARDEN SET ,2,2011-03-04 14:02:00,9.95,14911.0,EIRE
545657,22558,CLOTHES PEGS RETROSPOT PACK 24 ,12,2011-03-04 14:02:00,1.49,14911.0,EIRE
545658,21094,SET/6 RED SPOTTY PAPER PLATES,7,2011-03-04 14:13:00,0.85,14670.0,United Kingdom
545658,21080,SET/20 RED RETROSPOT PAPER NAPKINS ,2,2011-03-04 14:13:00,0.85,14670.0,United Kingdom
545658,85032C,CURIOUS IMAGES GIFT WRAP SET,2,2011-03-04 14:13:00,2.1,14670.0,United Kingdom
545658,85017C,ENVELOPE 50 CURIOUS IMAGES,2,2011-03-04 14:13:00,0.85,14670.0,United Kingdom
545658,22077,6 RIBBONS RUSTIC CHARM,1,2011-03-04 14:13:00,1.65,14670.0,United Kingdom
545658,21244,BLUE POLKADOT PLATE ,2,2011-03-04 14:13:00,1.69,14670.0,United Kingdom
545658,21245,GREEN POLKADOT PLATE ,2,2011-03-04 14:13:00,1.69,14670.0,United Kingdom
545658,21243,PINK  POLKADOT PLATE ,4,2011-03-04 14:13:00,1.69,14670.0,United Kingdom
545658,16237,SLEEPING CAT ERASERS,1,2011-03-04 14:13:00,0.21,14670.0,United Kingdom
545658,47566B,TEA TIME PARTY BUNTING,1,2011-03-04 14:13:00,4.95,14670.0,United Kingdom
545658,47590B,PINK HAPPY BIRTHDAY BUNTING,2,2011-03-04 14:13:00,5.45,14670.0,United Kingdom
545658,16237,SLEEPING CAT ERASERS,2,2011-03-04 14:13:00,0.21,14670.0,United Kingdom
545658,16236,KITTY PENCIL ERASERS,8,2011-03-04 14:13:00,0.21,14670.0,United Kingdom
545658,79071B,ENGLISH ROSE METAL WASTE BIN,1,2011-03-04 14:13:00,2.95,14670.0,United Kingdom
545658,85040A,S/4 PINK FLOWER CANDLES IN BOWL,1,2011-03-04 14:13:00,1.65,14670.0,United Kingdom
545658,22989,SET 2 PANTRY DESIGN TEA TOWELS,2,2011-03-04 14:13:00,3.25,14670.0,United Kingdom
545658,85040B,SET/4 BLUE FLOWER CANDLES IN BOWL,2,2011-03-04 14:13:00,1.65,14670.0,United Kingdom
545658,22545,MINI JIGSAW BUNNIES,12,2011-03-04 14:13:00,0.42,14670.0,United Kingdom
545658,22544,MINI JIGSAW SPACEBOY,12,2011-03-04 14:13:00,0.42,14670.0,United Kingdom
545658,16237,SLEEPING CAT ERASERS,1,2011-03-04 14:13:00,0.21,14670.0,United Kingdom
545658,21828,EIGHT PIECE SNAKE  SET,1,2011-03-04 14:13:00,1.25,14670.0,United Kingdom
545658,84199,GLOW IN DARK DOLPHINS,4,2011-03-04 14:13:00,0.21,14670.0,United Kingdom
545658,22548,HEADS AND TAILS SPORTING FUN,1,2011-03-04 14:13:00,1.25,14670.0,United Kingdom
545658,21791,VINTAGE HEADS AND TAILS CARD GAME ,1,2011-03-04 14:13:00,1.25,14670.0,United Kingdom
545658,22858,EASTER TIN KEEPSAKE,2,2011-03-04 14:13:00,1.65,14670.0,United Kingdom
545658,21210,SET OF 72 RETROSPOT PAPER  DOILIES,1,2011-03-04 14:13:00,1.45,14670.0,United Kingdom
545658,85178,VICTORIAN SEWING KIT,2,2011-03-04 14:13:00,1.25,14670.0,United Kingdom
545658,10125,MINI FUNKY DESIGN TAPES,2,2011-03-04 14:13:00,0.85,14670.0,United Kingdom
545658,22301,COFFEE MUG CAT + BIRD DESIGN,2,2011-03-04 14:13:00,2.55,14670.0,United Kingdom
545658,21086,SET/6 RED SPOTTY PAPER CUPS,8,2011-03-04 14:13:00,0.65,14670.0,United Kingdom
545658,22259,FELT FARM ANIMAL HEN,2,2011-03-04 14:13:00,1.25,14670.0,United Kingdom
545658,22264,FELT FARM ANIMAL WHITE BUNNY ,1,2011-03-04 14:13:00,0.85,14670.0,United Kingdom
545658,22440,BALLOON WATER BOMB PACK OF 35,2,2011-03-04 14:13:00,0.42,14670.0,United Kingdom
545658,22264,FELT FARM ANIMAL WHITE BUNNY ,1,2011-03-04 14:13:00,0.85,14670.0,United Kingdom
545658,22439,6 ROCKET BALLOONS ,2,2011-03-04 14:13:00,0.65,14670.0,United Kingdom
545658,85206A,CREAM FELT EASTER EGG BASKET,1,2011-03-04 14:13:00,1.65,14670.0,United Kingdom
545658,22252,BIRDCAGE DECORATION TEALIGHT HOLDER,5,2011-03-04 14:13:00,1.25,14670.0,United Kingdom
545658,21246,RED RETROSPOT BIG BOWL,2,2011-03-04 14:13:00,4.95,14670.0,United Kingdom
545658,22133,PINK LOVE HEART SHAPE CUP,1,2011-03-04 14:13:00,0.85,14670.0,United Kingdom
545658,21212,PACK OF 72 RETROSPOT CAKE CASES,4,2011-03-04 14:13:00,0.55,14670.0,United Kingdom
545658,20675,BLUE POLKADOT BOWL,4,2011-03-04 14:13:00,1.25,14670.0,United Kingdom
545658,16237,SLEEPING CAT ERASERS,3,2011-03-04 14:13:00,0.21,14670.0,United Kingdom
545658,84459B,YELLOW METAL CHICKEN HEART ,1,2011-03-04 14:13:00,1.49,14670.0,United Kingdom
545658,47599A,PINK PARTY BAGS,2,2011-03-04 14:13:00,2.1,14670.0,United Kingdom
545658,22334,DINOSAUR PARTY BAG + STICKER SET,2,2011-03-04 14:13:00,1.65,14670.0,United Kingdom
545658,85015,SET OF 12  VINTAGE POSTCARD SET,1,2011-03-04 14:13:00,2.55,14670.0,United Kingdom
545658,85016,SET OF 6 VINTAGE NOTELETS KIT,1,2011-03-04 14:13:00,2.55,14670.0,United Kingdom
545658,21448,12 DAISY PEGS IN WOOD BOX,2,2011-03-04 14:13:00,1.65,14670.0,United Kingdom
545658,84836,ZINC METAL HEART DECORATION,4,2011-03-04 14:13:00,1.25,14670.0,United Kingdom
545658,16237,SLEEPING CAT ERASERS,1,2011-03-04 14:13:00,0.21,14670.0,United Kingdom
545658,22517,CHILDS GARDEN RAKE PINK,1,2011-03-04 14:13:00,2.1,14670.0,United Kingdom
545658,22521,CHILDS GARDEN TROWEL PINK,1,2011-03-04 14:13:00,0.85,14670.0,United Kingdom
545658,22523,CHILDS GARDEN FORK PINK,1,2011-03-04 14:13:00,0.85,14670.0,United Kingdom
545658,22525,CHILDRENS GARDEN GLOVES PINK,1,2011-03-04 14:13:00,1.25,14670.0,United Kingdom
545658,22439,6 ROCKET BALLOONS ,2,2011-03-04 14:13:00,0.65,14670.0,United Kingdom
545658,22906,12 MESSAGE CARDS WITH ENVELOPES,3,2011-03-04 14:13:00,1.65,14670.0,United Kingdom
545658,21221,SET/4 BADGES CUTE CREATURES,10,2011-03-04 14:13:00,1.25,14670.0,United Kingdom
545658,21222,SET/4 BADGES BEETLES,15,2011-03-04 14:13:00,1.25,14670.0,United Kingdom
545658,21219,SET/4 BADGES BALLOON GIRL,10,2011-03-04 14:13:00,1.25,14670.0,United Kingdom
545658,85227,SET OF 6 3D KIT CARDS FOR KIDS,3,2011-03-04 14:13:00,0.85,14670.0,United Kingdom
545658,23193,BUFFALO BILL TREASURE BOOK BOX,1,2011-03-04 14:13:00,2.25,14670.0,United Kingdom
545658,23177,TREASURE ISLAND BOOK BOX,2,2011-03-04 14:13:00,2.25,14670.0,United Kingdom
545658,22587,FELTCRAFT HAIRBAND RED AND BLUE,12,2011-03-04 14:13:00,0.85,14670.0,United Kingdom
545658,21122,SET/10 PINK POLKADOT PARTY CANDLES,1,2011-03-04 14:13:00,1.25,14670.0,United Kingdom
545658,21126,SET OF 6 GIRLS CELEBRATION CANDLES,2,2011-03-04 14:13:00,1.25,14670.0,United Kingdom
545658,85187,S/12 MINI RABBIT EASTER,2,2011-03-04 14:13:00,1.65,14670.0,United Kingdom
545658,22418,10 COLOUR SPACEBOY PEN,5,2011-03-04 14:13:00,0.85,14670.0,United Kingdom
545658,47566B,TEA TIME PARTY BUNTING,1,2011-03-04 14:13:00,4.95,14670.0,United Kingdom
545658,22264,FELT FARM ANIMAL WHITE BUNNY ,1,2011-03-04 14:13:00,0.85,14670.0,United Kingdom
545658,22259,FELT FARM ANIMAL HEN,3,2011-03-04 14:13:00,1.25,14670.0,United Kingdom
545658,22264,FELT FARM ANIMAL WHITE BUNNY ,7,2011-03-04 14:13:00,0.85,14670.0,United Kingdom
545658,21625,VINTAGE UNION JACK APRON,1,2011-03-04 14:13:00,6.95,14670.0,United Kingdom
545658,21625,VINTAGE UNION JACK APRON,1,2011-03-04 14:13:00,6.95,14670.0,United Kingdom
545658,85123A,WHITE HANGING HEART T-LIGHT HOLDER,2,2011-03-04 14:13:00,2.95,14670.0,United Kingdom
545658,21733,RED HANGING HEART T-LIGHT HOLDER,1,2011-03-04 14:13:00,2.95,14670.0,United Kingdom
545658,20932,PINK POT PLANT CANDLE,1,2011-03-04 14:13:00,3.75,14670.0,United Kingdom
545658,21985,PACK OF 12 HEARTS DESIGN TISSUES ,12,2011-03-04 14:13:00,0.29,14670.0,United Kingdom
545658,22614,PACK OF 12 SPACEBOY TISSUES,12,2011-03-04 14:13:00,0.29,14670.0,United Kingdom
545658,22748,POPPY'S PLAYHOUSE KITCHEN,1,2011-03-04 14:13:00,2.1,14670.0,United Kingdom
545658,85114B,IVORY ENCHANTED FOREST PLACEMAT,4,2011-03-04 14:13:00,1.65,14670.0,United Kingdom
545658,20677,PINK POLKADOT BOWL,4,2011-03-04 14:13:00,1.25,14670.0,United Kingdom
545658,84596F,SMALL MARSHMALLOWS PINK BOWL,1,2011-03-04 14:13:00,1.25,14670.0,United Kingdom
545658,84596E,SMALL LICORICE DES PINK BOWL,1,2011-03-04 14:13:00,1.25,14670.0,United Kingdom
545658,20676,RED RETROSPOT BOWL,4,2011-03-04 14:13:00,1.25,14670.0,United Kingdom
545658,22197,SMALL POPCORN HOLDER,3,2011-03-04 14:13:00,0.85,14670.0,United Kingdom
545658,22907,PACK OF 20 NAPKINS PANTRY DESIGN,3,2011-03-04 14:13:00,0.85,14670.0,United Kingdom
545659,21889,WOODEN BOX OF DOMINOES,12,2011-03-04 14:21:00,1.25,15675.0,United Kingdom
545659,37370,RETRO COFFEE MUGS ASSORTED,12,2011-03-04 14:21:00,1.25,15675.0,United Kingdom
545659,84978,HANGING HEART JAR T-LIGHT HOLDER,12,2011-03-04 14:21:00,1.25,15675.0,United Kingdom
545660,82583,HOT BATHS METAL SIGN,3,2011-03-04 14:28:00,2.1,17191.0,United Kingdom
545660,21165,BEWARE OF THE CAT METAL SIGN ,1,2011-03-04 14:28:00,1.69,17191.0,United Kingdom
545660,82552,WASHROOM METAL SIGN,3,2011-03-04 14:28:00,1.45,17191.0,United Kingdom
545660,21896,POTTING SHED TWINE,1,2011-03-04 14:28:00,2.1,17191.0,United Kingdom
545660,85123A,WHITE HANGING HEART T-LIGHT HOLDER,11,2011-03-04 14:28:00,2.95,17191.0,United Kingdom
545660,84763,ZINC FINISH 15CM PLANTER POTS,6,2011-03-04 14:28:00,1.25,17191.0,United Kingdom
545660,85008,SET OF 3 CONEY ISLAND OVAL BOXES,2,2011-03-04 14:28:00,4.95,17191.0,United Kingdom
545660,22500,SET OF 2 TINS JARDIN DE PROVENCE,3,2011-03-04 14:28:00,4.95,17191.0,United Kingdom
545660,22969,HOMEMADE JAM SCENTED CANDLES,12,2011-03-04 14:28:00,1.45,17191.0,United Kingdom
545660,22413,METAL SIGN TAKE IT OR LEAVE IT ,2,2011-03-04 14:28:00,2.95,17191.0,United Kingdom
545660,21911,GARDEN METAL SIGN ,2,2011-03-04 14:28:00,1.65,17191.0,United Kingdom
545660,21171,BATHROOM METAL SIGN ,1,2011-03-04 14:28:00,1.45,17191.0,United Kingdom
545660,22212,FOUR HOOK  WHITE LOVEBIRDS,2,2011-03-04 14:28:00,2.1,17191.0,United Kingdom
545660,46115B,GREEN POP ART MAO CUSHION COVER ,6,2011-03-04 14:28:00,0.19,17191.0,United Kingdom
545660,47566,PARTY BUNTING,2,2011-03-04 14:28:00,4.95,17191.0,United Kingdom
545660,22173,METAL 4 HOOK HANGER FRENCH CHATEAU,1,2011-03-04 14:28:00,2.95,17191.0,United Kingdom
545660,35961,FOLKART ZINC HEART CHRISTMAS DEC,6,2011-03-04 14:28:00,0.85,17191.0,United Kingdom
545660,21132,SILVER STANDING GNOME   ,2,2011-03-04 14:28:00,4.25,17191.0,United Kingdom
545660,22771,CLEAR DRAWER KNOB ACRYLIC EDWARDIAN,12,2011-03-04 14:28:00,1.25,17191.0,United Kingdom
545660,22773,GREEN DRAWER KNOB ACRYLIC EDWARDIAN,12,2011-03-04 14:28:00,1.25,17191.0,United Kingdom
545660,21390,FILIGRIS HEART WITH BUTTERFLY,6,2011-03-04 14:28:00,1.25,17191.0,United Kingdom
545660,21272,SALLE DE BAIN HOOK,5,2011-03-04 14:28:00,1.25,17191.0,United Kingdom
545660,22095,LADS ONLY TISSUE BOX,6,2011-03-04 14:28:00,1.25,17191.0,United Kingdom
545660,22093,MOTORING TISSUE BOX,6,2011-03-04 14:28:00,1.25,17191.0,United Kingdom
545660,22099,CARAVAN SQUARE TISSUE BOX,7,2011-03-04 14:28:00,1.25,17191.0,United Kingdom
545660,85124C,GREEN JUICY FRUIT PHOTO FRAME,2,2011-03-04 14:28:00,2.55,17191.0,United Kingdom
545660,22425,ENAMEL COLANDER CREAM,3,2011-03-04 14:28:00,4.95,17191.0,United Kingdom
545660,22908,PACK OF 20 NAPKINS RED APPLES,2,2011-03-04 14:28:00,0.85,17191.0,United Kingdom
545660,84406B,CREAM CUPID HEARTS COAT HANGER,4,2011-03-04 14:28:00,4.15,17191.0,United Kingdom
545660,22173,METAL 4 HOOK HANGER FRENCH CHATEAU,2,2011-03-04 14:28:00,2.95,17191.0,United Kingdom
545660,84849B,FAIRY SOAP SOAP HOLDER,6,2011-03-04 14:28:00,1.69,17191.0,United Kingdom
545660,22294,HEART FILIGREE DOVE  SMALL,6,2011-03-04 14:28:00,1.25,17191.0,United Kingdom
545660,22961,JAM MAKING SET PRINTED,6,2011-03-04 14:28:00,1.45,17191.0,United Kingdom
545660,22853,CAT BOWL VINTAGE CREAM,1,2011-03-04 14:28:00,3.25,17191.0,United Kingdom
545660,79026B,"S/4 ICON COASTER,ELVIS LIVES",1,2011-03-04 14:28:00,1.25,17191.0,United Kingdom
545660,22423,REGENCY CAKESTAND 3 TIER,2,2011-03-04 14:28:00,12.75,17191.0,United Kingdom
545660,21034,REX CASH+CARRY JUMBO SHOPPER,4,2011-03-04 14:28:00,0.95,17191.0,United Kingdom
545661,22436,12 COLOURED PARTY BALLOONS,20,2011-03-04 14:41:00,0.65,15358.0,United Kingdom
545661,22491,PACK OF 12 COLOURED PENCILS,12,2011-03-04 14:41:00,0.85,15358.0,United Kingdom
545661,84375,SET OF 20 KIDS COOKIE CUTTERS,24,2011-03-04 14:41:00,2.1,15358.0,United Kingdom
545661,85049F,BABY BOOM RIBBONS ,12,2011-03-04 14:41:00,1.25,15358.0,United Kingdom
545661,22932,BAKING MOULD TOFFEE CUP CHOCOLATE,6,2011-03-04 14:41:00,2.55,15358.0,United Kingdom
545661,21918,SET 12 KIDS COLOUR  CHALK STICKS,24,2011-03-04 14:41:00,0.42,15358.0,United Kingdom
545661,84378,SET OF 3 HEART COOKIE CUTTERS,12,2011-03-04 14:41:00,1.25,15358.0,United Kingdom
545661,22076,6 RIBBONS EMPIRE  ,12,2011-03-04 14:41:00,1.65,15358.0,United Kingdom
545661,84536A,ENGLISH ROSE NOTEBOOK A7 SIZE,16,2011-03-04 14:41:00,0.42,15358.0,United Kingdom
545661,22271,FELTCRAFT DOLL ROSIE,6,2011-03-04 14:41:00,2.95,15358.0,United Kingdom
545661,20969,RED FLORAL FELTCRAFT SHOULDER BAG,8,2011-03-04 14:41:00,3.75,15358.0,United Kingdom
545661,20971,PINK BLUE FELT CRAFT TRINKET BOX,12,2011-03-04 14:41:00,1.25,15358.0,United Kingdom
545661,20972,PINK CREAM FELT CRAFT TRINKET BOX ,24,2011-03-04 14:41:00,1.25,15358.0,United Kingdom
545661,10133,COLOURING PENCILS BROWN TUBE,20,2011-03-04 14:41:00,0.85,15358.0,United Kingdom
545661,16161P,WRAP ENGLISH ROSE ,25,2011-03-04 14:41:00,0.42,15358.0,United Kingdom
545661,21506,"FANCY FONT BIRTHDAY CARD, ",12,2011-03-04 14:41:00,0.42,15358.0,United Kingdom
545661,22028,PENNY FARTHING BIRTHDAY CARD,12,2011-03-04 14:41:00,0.42,15358.0,United Kingdom
545661,22560,TRADITIONAL MODELLING CLAY,24,2011-03-04 14:41:00,1.25,15358.0,United Kingdom
545661,22088,PAPER BUNTING COLOURED LACE,6,2011-03-04 14:41:00,2.95,15358.0,United Kingdom
545661,22087,PAPER BUNTING WHITE LACE,6,2011-03-04 14:41:00,2.95,15358.0,United Kingdom
545661,21212,PACK OF 72 RETROSPOT CAKE CASES,48,2011-03-04 14:41:00,0.55,15358.0,United Kingdom
545661,22906,12 MESSAGE CARDS WITH ENVELOPES,12,2011-03-04 14:41:00,1.65,15358.0,United Kingdom
545661,22567,20 DOLLY PEGS RETROSPOT,12,2011-03-04 14:41:00,1.25,15358.0,United Kingdom
545661,22951,60 CAKE CASES DOLLY GIRL DESIGN,24,2011-03-04 14:41:00,0.55,15358.0,United Kingdom
545661,21977,PACK OF 60 PINK PAISLEY CAKE CASES,24,2011-03-04 14:41:00,0.55,15358.0,United Kingdom
545661,84992,72 SWEETHEART FAIRY CAKE CASES,24,2011-03-04 14:41:00,0.55,15358.0,United Kingdom
545661,22435,SET OF 9 HEART SHAPED BALLOONS,12,2011-03-04 14:41:00,1.25,15358.0,United Kingdom
545661,22653,BUTTON BOX ,10,2011-03-04 14:41:00,1.95,15358.0,United Kingdom
545661,22714,CARD BIRTHDAY COWBOY,12,2011-03-04 14:41:00,0.42,15358.0,United Kingdom
545661,22403,MAGNETS PACK OF 4 VINTAGE LABELS ,12,2011-03-04 14:41:00,1.25,15358.0,United Kingdom
545661,22743,MAKE YOUR OWN FLOWERPOWER CARD KIT,6,2011-03-04 14:41:00,2.95,15358.0,United Kingdom
545661,21975,PACK OF 60 DINOSAUR CAKE CASES,24,2011-03-04 14:41:00,0.55,15358.0,United Kingdom
545661,22089,PAPER BUNTING VINTAGE PAISLEY,6,2011-03-04 14:41:00,2.95,15358.0,United Kingdom
545661,21500,PINK POLKADOT WRAP ,25,2011-03-04 14:41:00,0.42,15358.0,United Kingdom
545661,22745,POPPY'S PLAYHOUSE BEDROOM ,6,2011-03-04 14:41:00,2.1,15358.0,United Kingdom
545661,22423,REGENCY CAKESTAND 3 TIER,2,2011-03-04 14:41:00,12.75,15358.0,United Kingdom
545661,21916,SET 12 RETRO WHITE CHALK STICKS,24,2011-03-04 14:41:00,0.42,15358.0,United Kingdom
545661,22851,SET 20 NAPKINS FAIRY CAKES DESIGN ,12,2011-03-04 14:41:00,0.85,15358.0,United Kingdom
545661,84987,SET OF 36 TEATIME PAPER DOILIES,12,2011-03-04 14:41:00,1.45,15358.0,United Kingdom
545661,21882,SKULLS TAPE,12,2011-03-04 14:41:00,0.65,15358.0,United Kingdom
545661,22196,SMALL HEART MEASURING SPOONS,12,2011-03-04 14:41:00,0.85,15358.0,United Kingdom
545661,85049C,ROMANTIC PINKS RIBBONS ,12,2011-03-04 14:41:00,1.25,15358.0,United Kingdom
545661,22077,6 RIBBONS RUSTIC CHARM,12,2011-03-04 14:41:00,1.65,15358.0,United Kingdom
545661,85049E,SCANDINAVIAN REDS RIBBONS,12,2011-03-04 14:41:00,1.25,15358.0,United Kingdom
545661,21679,SKULLS  STICKERS,12,2011-03-04 14:41:00,0.85,15358.0,United Kingdom
545661,22617,BAKING SET SPACEBOY DESIGN,3,2011-03-04 14:41:00,4.95,15358.0,United Kingdom
545661,85178,VICTORIAN SEWING KIT,12,2011-03-04 14:41:00,1.25,15358.0,United Kingdom
545661,10125,MINI FUNKY DESIGN TAPES,20,2011-03-04 14:41:00,0.85,15358.0,United Kingdom
545661,22621,TRADITIONAL KNITTING NANCY,12,2011-03-04 14:41:00,1.45,15358.0,United Kingdom
545661,85049H,URBAN BLACK RIBBONS ,12,2011-03-04 14:41:00,1.25,15358.0,United Kingdom
545661,21257,VICTORIAN SEWING BOX MEDIUM,2,2011-03-04 14:41:00,7.95,15358.0,United Kingdom
545661,22931,BAKING MOULD HEART WHITE CHOCOLATE,6,2011-03-04 14:41:00,2.55,15358.0,United Kingdom
545662,23176,ABC TREASURE BOOK BOX ,8,2011-03-04 14:42:00,2.25,15358.0,United Kingdom
545662,23177,TREASURE ISLAND BOOK BOX,8,2011-03-04 14:42:00,2.25,15358.0,United Kingdom
545662,23194,GYMKHANNA TREASURE BOOK BOX,8,2011-03-04 14:42:00,2.25,15358.0,United Kingdom
545662,23193,BUFFALO BILL TREASURE BOOK BOX,8,2011-03-04 14:42:00,2.25,15358.0,United Kingdom
545662,22992,REVOLVER WOODEN RULER ,12,2011-03-04 14:42:00,1.95,15358.0,United Kingdom
545662,22991,GIRAFFE WOODEN RULER,12,2011-03-04 14:42:00,1.95,15358.0,United Kingdom
545662,23127,DOLLCRAFT GIRL NICOLE,4,2011-03-04 14:42:00,4.95,15358.0,United Kingdom
545662,23126,DOLLCRAFT GIRL AMELIE KIT,4,2011-03-04 14:42:00,4.95,15358.0,United Kingdom
545662,23128,DOLLCRAFT BOY JEAN-PAUL ,4,2011-03-04 14:42:00,4.95,15358.0,United Kingdom
545662,23185,FRENCH STYLE STORAGE JAR JAM,12,2011-03-04 14:42:00,1.25,15358.0,United Kingdom
545662,22993,SET OF 4 PANTRY JELLY MOULDS,12,2011-03-04 14:42:00,1.25,15358.0,United Kingdom
545663,22420,LIPSTICK PEN BABY PINK,12,2011-03-04 14:52:00,0.42,13491.0,United Kingdom
545663,21874,GIN AND TONIC MUG,12,2011-03-04 14:52:00,1.25,13491.0,United Kingdom
545663,21495,SKULLS AND CROSSBONES WRAP,25,2011-03-04 14:52:00,0.42,13491.0,United Kingdom
545663,15060B,FAIRY CAKE DESIGN UMBRELLA,4,2011-03-04 14:52:00,3.75,13491.0,United Kingdom
545663,21892,TRADITIONAL WOODEN CATCH CUP GAME ,12,2011-03-04 14:52:00,1.25,13491.0,United Kingdom
545663,17084P,DRAGONS BLOOD INCENSE,25,2011-03-04 14:52:00,0.21,13491.0,United Kingdom
545663,17084N,FAIRY DREAMS INCENSE ,25,2011-03-04 14:52:00,0.21,13491.0,United Kingdom
545663,79321,CHILLI LIGHTS,4,2011-03-04 14:52:00,5.75,13491.0,United Kingdom
545663,22646,CERAMIC STRAWBERRY CAKE MONEY BANK,12,2011-03-04 14:52:00,1.45,13491.0,United Kingdom
545663,22494,EMERGENCY FIRST AID TIN ,12,2011-03-04 14:52:00,1.25,13491.0,United Kingdom
545663,22268,EASTER DECORATION SITTING BUNNY,12,2011-03-04 14:52:00,0.85,13491.0,United Kingdom
545663,21829,DINOSAUR KEYRINGS ASSORTED,36,2011-03-04 14:52:00,0.21,13491.0,United Kingdom
545663,37448,CERAMIC CAKE DESIGN SPOTTED MUG,12,2011-03-04 14:52:00,1.49,13491.0,United Kingdom
545664,21754,HOME BUILDING BLOCK WORD,3,2011-03-04 15:15:00,5.95,12584.0,Italy
545664,21260,FIRST AID TIN,6,2011-03-04 15:15:00,3.25,12584.0,Italy
545664,22848,BREAD BIN DINER STYLE PINK,1,2011-03-04 15:15:00,16.95,12584.0,Italy
545664,84849B,FAIRY SOAP SOAP HOLDER,12,2011-03-04 15:15:00,1.69,12584.0,Italy
545664,21624,VINTAGE UNION JACK DOORSTOP,3,2011-03-04 15:15:00,5.95,12584.0,Italy
545664,21623,VINTAGE UNION JACK MEMOBOARD,2,2011-03-04 15:15:00,9.95,12584.0,Italy
545664,48138,DOORMAT UNION FLAG,2,2011-03-04 15:15:00,7.95,12584.0,Italy
545664,21622,VINTAGE UNION JACK CUSHION COVER,12,2011-03-04 15:15:00,4.95,12584.0,Italy
545664,21524,DOORMAT SPOTTY HOME SWEET HOME,2,2011-03-04 15:15:00,7.95,12584.0,Italy
545664,22366,DOORMAT AIRMAIL ,2,2011-03-04 15:15:00,7.95,12584.0,Italy
545664,22692,DOORMAT WELCOME TO OUR HOME,2,2011-03-04 15:15:00,7.95,12584.0,Italy
545664,22722,SET OF 6 SPICE TINS PANTRY DESIGN,8,2011-03-04 15:15:00,3.95,12584.0,Italy
545664,22720,SET OF 3 CAKE TINS PANTRY DESIGN ,6,2011-03-04 15:15:00,4.95,12584.0,Italy
545664,21756,BATH BUILDING BLOCK WORD,3,2011-03-04 15:15:00,5.95,12584.0,Italy
545664,22667,RECIPE BOX RETROSPOT ,12,2011-03-04 15:15:00,2.95,12584.0,Italy
545664,21217,RED RETROSPOT ROUND CAKE TINS,1,2011-03-04 15:15:00,9.95,12584.0,Italy
545664,21216,"SET 3 RETROSPOT TEA,COFFEE,SUGAR",4,2011-03-04 15:15:00,4.95,12584.0,Italy
545664,POST,POSTAGE,3,2011-03-04 15:15:00,28.0,12584.0,Italy
545665,21386,IVORY HANGING DECORATION  EGG,12,2011-03-04 15:20:00,0.85,17535.0,United Kingdom
545665,21389,IVORY HANGING DECORATION  BIRD,12,2011-03-04 15:20:00,0.85,17535.0,United Kingdom
545665,22214,CANDLE PLATE LACE WHITE,6,2011-03-04 15:20:00,2.55,17535.0,United Kingdom
545665,84978,HANGING HEART JAR T-LIGHT HOLDER,12,2011-03-04 15:20:00,1.25,17535.0,United Kingdom
545665,84755,COLOUR GLASS T-LIGHT HOLDER HANGING,16,2011-03-04 15:20:00,0.65,17535.0,United Kingdom
545665,21739,COSY SLIPPER SHOES SMALL GREEN,6,2011-03-04 15:20:00,2.95,17535.0,United Kingdom
545665,22262,FELT EGG COSY CHICKEN,12,2011-03-04 15:20:00,0.85,17535.0,United Kingdom
545665,85093,CANDY SPOT EGG WARMER HARE,12,2011-03-04 15:20:00,1.25,17535.0,United Kingdom
545665,22525,CHILDRENS GARDEN GLOVES PINK,10,2011-03-04 15:20:00,1.25,17535.0,United Kingdom
545665,22521,CHILDS GARDEN TROWEL PINK,12,2011-03-04 15:20:00,0.85,17535.0,United Kingdom
545665,20847,ZINC HEART LATTICE CHARGER LARGE,4,2011-03-04 15:20:00,3.75,17535.0,United Kingdom
545665,22524,CHILDRENS GARDEN GLOVES BLUE,10,2011-03-04 15:20:00,1.25,17535.0,United Kingdom
545665,22522,CHILDS GARDEN FORK BLUE ,12,2011-03-04 15:20:00,0.85,17535.0,United Kingdom
545666,37468,,67,2011-03-04 15:33:00,0.0,,United Kingdom
545667,84692,BOX OF 24 COCKTAIL PARASOLS,2,2011-03-04 16:07:00,0.83,,United Kingdom
545667,84796A,PINK HAWAIIAN PICNIC HAMPER FOR 2,1,2011-03-04 16:07:00,8.29,,United Kingdom
545667,84796B,BLUE SAVANNAH PICNIC HAMPER FOR 2,2,2011-03-04 16:07:00,8.29,,United Kingdom
545667,84913B,MINT GREEN ROSE TOWEL,1,2011-03-04 16:07:00,3.29,,United Kingdom
545667,84923,PINK BUTTERFLY HANDBAG W BOBBLES,1,2011-03-04 16:07:00,4.13,,United Kingdom
545667,84946,ANTIQUE SILVER TEA GLASS ETCHED,10,2011-03-04 16:07:00,2.46,,United Kingdom
545667,84969,BOX OF 6 ASSORTED COLOUR TEASPOONS,4,2011-03-04 16:07:00,3.29,,United Kingdom
545667,85016,SET OF 6 VINTAGE NOTELETS KIT,1,2011-03-04 16:07:00,2.46,,United Kingdom
545667,85017B,ENVELOPE 50 BLOSSOM IMAGES,1,2011-03-04 16:07:00,0.83,,United Kingdom
545667,85039A,SET/4 RED MINI ROSE CANDLE IN BOWL,1,2011-03-04 16:07:00,1.63,,United Kingdom
545667,85039B,S/4 IVORY MINI ROSE CANDLE IN BOWL,1,2011-03-04 16:07:00,1.63,,United Kingdom
545667,85039C,S/4 BLACK MINI ROSE CANDLE IN BOWL,1,2011-03-04 16:07:00,1.63,,United Kingdom
545667,85040A,S/4 PINK FLOWER CANDLES IN BOWL,2,2011-03-04 16:07:00,3.29,,United Kingdom
545667,85099F,JUMBO BAG STRAWBERRY,1,2011-03-04 16:07:00,4.13,,United Kingdom
545667,85116,BLACK CANDELABRA T-LIGHT HOLDER,1,2011-03-04 16:07:00,1.63,,United Kingdom
545667,85130D,BEADED CRYSTAL HEART PINK LARGE,1,2011-03-04 16:07:00,3.29,,United Kingdom
545667,85131B,BEADED CRYSTAL HEART GREEN ON STICK,1,2011-03-04 16:07:00,0.83,,United Kingdom
545667,85131D,BEADED CRYSTAL HEART PINK ON STICK,1,2011-03-04 16:07:00,0.83,,United Kingdom
545667,85150,LADIES & GENTLEMEN METAL SIGN,2,2011-03-04 16:07:00,4.96,,United Kingdom
545667,85169B,BLACK LOVE BIRD CANDLE,1,2011-03-04 16:07:00,2.46,,United Kingdom
545667,85186C,BUNNY EGG GARLAND,1,2011-03-04 16:07:00,0.83,,United Kingdom
545667,85187,S/12 MINI RABBIT EASTER,1,2011-03-04 16:07:00,3.29,,United Kingdom
545667,85204,HANGING WOOD AND FELT FLOWER,1,2011-03-04 16:07:00,0.42,,United Kingdom
545667,90161A,ANT COPPER RED BOUDICCA BRACELET,1,2011-03-04 16:07:00,4.98,,United Kingdom
545667,90184C,BLACK CHUNKY BEAD BRACELET W STRAP,1,2011-03-04 16:07:00,9.15,,United Kingdom
545667,DOT,DOTCOM POSTAGE,1,2011-03-04 16:07:00,176.48,,United Kingdom
545667,22423,REGENCY CAKESTAND 3 TIER,1,2011-03-04 16:07:00,12.75,,United Kingdom
545667,21843,RED RETROSPOT CAKE STAND,4,2011-03-04 16:07:00,10.95,,United Kingdom
545667,15036,ASSORTED COLOURS SILK FAN,30,2011-03-04 16:07:00,1.63,,United Kingdom
545667,15044C,PURPLE PAPER PARASOL,1,2011-03-04 16:07:00,5.79,,United Kingdom
545667,15056N,EDWARDIAN PARASOL NATURAL,1,2011-03-04 16:07:00,12.46,,United Kingdom
545667,15058B,PINK POLKADOT GARDEN PARASOL,1,2011-03-04 16:07:00,24.96,,United Kingdom
545667,17084N,FAIRY DREAMS INCENSE ,1,2011-03-04 16:07:00,0.42,,United Kingdom
545667,20619,TROPICAL PASSPORT COVER ,11,2011-03-04 16:07:00,1.63,,United Kingdom
545667,20707,CRAZY DAISY HEART DECORATION,2,2011-03-04 16:07:00,0.83,,United Kingdom
545667,20713,JUMBO BAG OWLS,1,2011-03-04 16:07:00,4.13,,United Kingdom
545667,20718,RED RETROSPOT SHOPPER BAG,1,2011-03-04 16:07:00,2.46,,United Kingdom
545667,20724,RED RETROSPOT CHARLOTTE BAG,2,2011-03-04 16:07:00,1.63,,United Kingdom
545667,20733,GOLD MINI TAPE MEASURE ,1,2011-03-04 16:07:00,0.83,,United Kingdom
545667,20735,BLACK MINI TAPE MEASURE ,2,2011-03-04 16:07:00,0.83,,United Kingdom
545667,20902,VINTAGE KEEPSAKE BOX PARIS DAYS,1,2011-03-04 16:07:00,12.46,,United Kingdom
545667,20971,PINK BLUE FELT CRAFT TRINKET BOX,1,2011-03-04 16:07:00,2.46,,United Kingdom
545667,21035,SET/2 RED RETROSPOT TEA TOWELS ,1,2011-03-04 16:07:00,6.63,,United Kingdom
545667,21068,VINTAGE BILLBOARD LOVE/HATE MUG,1,2011-03-04 16:07:00,2.46,,United Kingdom
545667,21069,VINTAGE BILLBOARD TEA MUG,1,2011-03-04 16:07:00,2.46,,United Kingdom
545667,21070,VINTAGE BILLBOARD MUG ,1,2011-03-04 16:07:00,2.46,,United Kingdom
545667,21071,VINTAGE BILLBOARD DRINK ME MUG,1,2011-03-04 16:07:00,2.46,,United Kingdom
545667,21154,RED RETROSPOT OVEN GLOVE ,1,2011-03-04 16:07:00,2.46,,United Kingdom
545667,21155,RED RETROSPOT PEG BAG,1,2011-03-04 16:07:00,4.96,,United Kingdom
545667,21165,BEWARE OF THE CAT METAL SIGN ,1,2011-03-04 16:07:00,4.13,,United Kingdom
545667,21167,WHITE SAGE INCENSE,1,2011-03-04 16:07:00,0.42,,United Kingdom
545667,21174,POTTERING IN THE SHED METAL SIGN,1,2011-03-04 16:07:00,4.13,,United Kingdom
545667,21179,NO JUNK MAIL METAL SIGN,2,2011-03-04 16:07:00,1.63,,United Kingdom
545667,21195,PINK  HONEYCOMB PAPER BALL ,2,2011-03-04 16:07:00,4.13,,United Kingdom
545667,21208,PASTEL COLOUR HONEYCOMB FAN,3,2011-03-04 16:07:00,3.29,,United Kingdom
545667,21212,PACK OF 72 RETROSPOT CAKE CASES,1,2011-03-04 16:07:00,1.25,,United Kingdom
545667,21288,STRIPEY CHOCOLATE NESTING BOXES,3,2011-03-04 16:07:00,3.29,,United Kingdom
545667,21289,LARGE STRIPES CHOCOLATE GIFT BAG,1,2011-03-04 16:07:00,1.25,,United Kingdom
545667,21380,WOODEN HAPPY BIRTHDAY GARLAND,1,2011-03-04 16:07:00,5.79,,United Kingdom
545667,21385,IVORY HANGING DECORATION  HEART,1,2011-03-04 16:07:00,1.63,,United Kingdom
545667,21386,IVORY HANGING DECORATION  EGG,1,2011-03-04 16:07:00,1.63,,United Kingdom
545667,21454,PAINTED PINK RABBIT ,2,2011-03-04 16:07:00,0.83,,United Kingdom
545667,21455,PAINTED YELLOW WOODEN DAISY,2,2011-03-04 16:07:00,0.83,,United Kingdom
545667,21506,"FANCY FONT BIRTHDAY CARD, ",1,2011-03-04 16:07:00,0.83,,United Kingdom
545667,21507,"ELEPHANT, BIRTHDAY CARD, ",1,2011-03-04 16:07:00,0.83,,United Kingdom
545667,21559,STRAWBERRY LUNCH BOX WITH CUTLERY,1,2011-03-04 16:07:00,4.96,,United Kingdom
545667,21658,GLASS  BEURRE DISH,1,2011-03-04 16:07:00,8.29,,United Kingdom
545667,21669,BLUE STRIPE CERAMIC DRAWER KNOB,8,2011-03-04 16:07:00,3.33,,United Kingdom
545667,21731,RED TOADSTOOL LED NIGHT LIGHT,1,2011-03-04 16:07:00,3.29,,United Kingdom
545667,21754,HOME BUILDING BLOCK WORD,1,2011-03-04 16:07:00,11.63,,United Kingdom
545667,21755,LOVE BUILDING BLOCK WORD,1,2011-03-04 16:07:00,11.63,,United Kingdom
545667,21773,DECORATIVE ROSE BATHROOM BOTTLE,4,2011-03-04 16:07:00,2.46,,United Kingdom
545667,21774,DECORATIVE CATS BATHROOM BOTTLE,3,2011-03-04 16:07:00,2.46,,United Kingdom
545667,21790,VINTAGE SNAP CARDS,1,2011-03-04 16:07:00,1.63,,United Kingdom
545667,21811,HANGING HEART WITH BELL,1,2011-03-04 16:07:00,2.46,,United Kingdom
545667,21874,GIN AND TONIC MUG,1,2011-03-04 16:07:00,3.29,,United Kingdom
545667,21905,MORE BUTTER METAL SIGN ,2,2011-03-04 16:07:00,1.63,,United Kingdom
545667,21935,SUKI  SHOULDER BAG,1,2011-03-04 16:07:00,3.29,,United Kingdom
545667,21974,SET OF 36 PAISLEY FLOWER DOILIES,2,2011-03-04 16:07:00,2.92,,United Kingdom
545667,21977,PACK OF 60 PINK PAISLEY CAKE CASES,1,2011-03-04 16:07:00,1.25,,United Kingdom
545667,21992,VINTAGE PAISLEY STATIONERY SET,1,2011-03-04 16:07:00,2.46,,United Kingdom
545667,21993,FLORAL FOLK STATIONERY SET,1,2011-03-04 16:07:00,2.46,,United Kingdom
545667,22023,EMPIRE BIRTHDAY CARD,2,2011-03-04 16:07:00,0.83,,United Kingdom
545667,22026,BANQUET BIRTHDAY  CARD  ,1,2011-03-04 16:07:00,0.83,,United Kingdom
545667,22029,SPACEBOY BIRTHDAY CARD,1,2011-03-04 16:07:00,0.83,,United Kingdom
545667,22037,ROBOT BIRTHDAY CARD,1,2011-03-04 16:07:00,0.83,,United Kingdom
545667,22084,PAPER CHAIN KIT EMPIRE,1,2011-03-04 16:07:00,5.79,,United Kingdom
545667,22110,BIRD HOUSE HOT WATER BOTTLE,1,2011-03-04 16:07:00,7.46,,United Kingdom
545667,22116,METAL SIGN HIS DINNER IS SERVED,1,2011-03-04 16:07:00,1.63,,United Kingdom
545667,22138,BAKING SET 9 PIECE RETROSPOT ,1,2011-03-04 16:07:00,10.79,,United Kingdom
545667,22171,3 HOOK PHOTO SHELF ANTIQUE WHITE,1,2011-03-04 16:07:00,16.63,,United Kingdom
545667,22174,PHOTO CUBE,1,2011-03-04 16:07:00,3.29,,United Kingdom
545667,22178,VICTORIAN GLASS HANGING T-LIGHT,1,2011-03-04 16:07:00,2.46,,United Kingdom
545667,22183,CAKE STAND VICTORIAN FILIGREE MED,2,2011-03-04 16:07:00,5.79,,United Kingdom
545667,22219,LOVEBIRD HANGING DECORATION WHITE ,3,2011-03-04 16:07:00,1.63,,United Kingdom
545667,22227,HANGING HEART MIRROR DECORATION ,2,2011-03-04 16:07:00,1.25,,United Kingdom
545667,22233,JIGSAW RABBIT AND BIRDHOUSE,1,2011-03-04 16:07:00,3.29,,United Kingdom
545667,22241,GARLAND WOODEN HAPPY EASTER,1,2011-03-04 16:07:00,2.46,,United Kingdom
545667,22247,BUNNY DECORATION MAGIC GARDEN,1,2011-03-04 16:07:00,1.63,,United Kingdom
545667,22249,DECORATION WHITE CHICK MAGIC GARDEN,1,2011-03-04 16:07:00,1.63,,United Kingdom
545667,22251,BIRDHOUSE DECORATION MAGIC GARDEN,1,2011-03-04 16:07:00,2.46,,United Kingdom
545667,22283,6 EGG HOUSE PAINTED WOOD,1,2011-03-04 16:07:00,15.79,,United Kingdom
545667,22286,"DECORATION , WOBBLY RABBIT , METAL ",1,2011-03-04 16:07:00,3.29,,United Kingdom
545667,22294,HEART FILIGREE DOVE  SMALL,1,2011-03-04 16:07:00,2.46,,United Kingdom
545667,22296,HEART IVORY TRELLIS LARGE,2,2011-03-04 16:07:00,3.29,,United Kingdom
545667,22328,ROUND SNACK BOXES SET OF 4 FRUITS ,1,2011-03-04 16:07:00,5.79,,United Kingdom
545667,22335,HEART DECORATION PAINTED ZINC ,1,2011-03-04 16:07:00,1.25,,United Kingdom
545667,22342,HOME GARLAND PAINTED ZINC ,1,2011-03-04 16:07:00,3.29,,United Kingdom
545667,22355,CHARLOTTE BAG SUKI DESIGN,2,2011-03-04 16:07:00,1.63,,United Kingdom
545667,22356,CHARLOTTE BAG PINK POLKADOT,1,2011-03-04 16:07:00,1.63,,United Kingdom
545667,22360,GLASS JAR ENGLISH CONFECTIONERY,1,2011-03-04 16:07:00,5.79,,United Kingdom
545667,22361,GLASS JAR DAISY FRESH COTTON WOOL,1,2011-03-04 16:07:00,5.79,,United Kingdom
545667,22364,GLASS JAR DIGESTIVE BISCUITS,1,2011-03-04 16:07:00,5.79,,United Kingdom
545667,22367,CHILDRENS APRON SPACEBOY DESIGN,1,2011-03-04 16:07:00,4.13,,United Kingdom
545667,22378,WALL TIDY RETROSPOT ,1,2011-03-04 16:07:00,4.13,,United Kingdom
545667,22456,NATURAL SLATE CHALKBOARD LARGE ,3,2011-03-04 16:07:00,9.96,,United Kingdom
545667,22457,NATURAL SLATE HEART CHALKBOARD ,1,2011-03-04 16:07:00,5.79,,United Kingdom
545667,22464,HANGING METAL HEART LANTERN,1,2011-03-04 16:07:00,3.29,,United Kingdom
545667,22469,HEART OF WICKER SMALL,4,2011-03-04 16:07:00,1.65,,United Kingdom
545667,22470,HEART OF WICKER LARGE,1,2011-03-04 16:07:00,2.95,,United Kingdom
545667,22582,PACK OF 6 SWEETIE GIFT BOXES,1,2011-03-04 16:07:00,4.96,,United Kingdom
545667,22583,PACK OF 6 HANDBAG GIFT BOXES,1,2011-03-04 16:07:00,4.96,,United Kingdom
545667,22610,PENS ASSORTED FUNNY FACE,1,2011-03-04 16:07:00,1.63,,United Kingdom
545667,22661,CHARLOTTE BAG DOLLY GIRL DESIGN,2,2011-03-04 16:07:00,1.63,,United Kingdom
545667,22663,JUMBO BAG DOLLY GIRL DESIGN,1,2011-03-04 16:07:00,4.13,,United Kingdom
545667,22681,FRENCH BLUE METAL DOOR SIGN 6,1,2011-03-04 16:07:00,2.46,,United Kingdom
545667,22686,FRENCH BLUE METAL DOOR SIGN No,1,2011-03-04 16:07:00,2.46,,United Kingdom
545667,22692,DOORMAT WELCOME TO OUR HOME,1,2011-03-04 16:07:00,15.79,,United Kingdom
545667,22697,GREEN REGENCY TEACUP AND SAUCER,4,2011-03-04 16:07:00,5.79,,United Kingdom
545667,22698,PINK REGENCY TEACUP AND SAUCER,4,2011-03-04 16:07:00,5.79,,United Kingdom
545667,22699,ROSES REGENCY TEACUP AND SAUCER ,2,2011-03-04 16:07:00,5.79,,United Kingdom
545667,22716,CARD CIRCUS PARADE,1,2011-03-04 16:07:00,0.83,,United Kingdom
545667,22717,CARD DOG AND BALL ,1,2011-03-04 16:07:00,0.83,,United Kingdom
545667,22718,CARD CAT AND TREE ,1,2011-03-04 16:07:00,0.83,,United Kingdom
545667,22720,SET OF 3 CAKE TINS PANTRY DESIGN ,1,2011-03-04 16:07:00,10.79,,United Kingdom
545667,22722,SET OF 6 SPICE TINS PANTRY DESIGN,1,2011-03-04 16:07:00,8.29,,United Kingdom
545667,22726,ALARM CLOCK BAKELIKE GREEN,1,2011-03-04 16:07:00,7.46,,United Kingdom
545667,22745,POPPY'S PLAYHOUSE BEDROOM ,3,2011-03-04 16:07:00,4.13,,United Kingdom
545667,22746,POPPY'S PLAYHOUSE LIVINGROOM ,4,2011-03-04 16:07:00,4.13,,United Kingdom
545667,22748,POPPY'S PLAYHOUSE KITCHEN,3,2011-03-04 16:07:00,4.13,,United Kingdom
545667,22771,CLEAR DRAWER KNOB ACRYLIC EDWARDIAN,11,2011-03-04 16:07:00,2.5,,United Kingdom
545667,22772,PINK DRAWER KNOB ACRYLIC EDWARDIAN,3,2011-03-04 16:07:00,2.5,,United Kingdom
545667,22774,RED DRAWER KNOB ACRYLIC EDWARDIAN,3,2011-03-04 16:07:00,2.5,,United Kingdom
545667,22775,PURPLE DRAWERKNOB ACRYLIC EDWARDIAN,3,2011-03-04 16:07:00,2.5,,United Kingdom
545667,22805,BLUE DRAWER KNOB ACRYLIC EDWARDIAN,3,2011-03-04 16:07:00,2.5,,United Kingdom
545667,22813,PACK 3 BOXES BIRD PANNETONE ,1,2011-03-04 16:07:00,4.13,,United Kingdom
545667,22819,"BIRTHDAY CARD, RETRO SPOT",2,2011-03-04 16:07:00,0.83,,United Kingdom
545667,22837,HOT WATER BOTTLE BABUSHKA ,1,2011-03-04 16:07:00,9.13,,United Kingdom
545667,22851,SET 20 NAPKINS FAIRY CAKES DESIGN ,1,2011-03-04 16:07:00,1.63,,United Kingdom
545667,22869,NUMBER TILE COTTAGE GARDEN 1,1,2011-03-04 16:07:00,4.13,,United Kingdom
545667,22872,NUMBER TILE COTTAGE GARDEN 4,1,2011-03-04 16:07:00,4.13,,United Kingdom
545667,22893,MINI CAKE STAND T-LIGHT HOLDER,1,2011-03-04 16:07:00,0.83,,United Kingdom
545667,22939,APRON APPLE DELIGHT,1,2011-03-04 16:07:00,10.79,,United Kingdom
545667,22960,JAM MAKING SET WITH JARS,1,2011-03-04 16:07:00,8.29,,United Kingdom
545667,22972,CHILDREN'S SPACEBOY MUG,2,2011-03-04 16:07:00,3.29,,United Kingdom
545667,22975,SPACEBOY CHILDRENS EGG CUP,2,2011-03-04 16:07:00,2.46,,United Kingdom
545667,22983,CARD BILLBOARD FONT,2,2011-03-04 16:07:00,0.83,,United Kingdom
545667,22993,SET OF 4 PANTRY JELLY MOULDS,3,2011-03-04 16:07:00,2.46,,United Kingdom
545667,22994,TRAVEL CARD WALLET RETROSPOT,1,2011-03-04 16:07:00,0.83,,United Kingdom
545667,23126,FELTCRAFT GIRL AMELIE KIT,1,2011-03-04 16:07:00,9.96,,United Kingdom
545667,23127,FELTCRAFT GIRL NICOLE KIT,1,2011-03-04 16:07:00,9.96,,United Kingdom
545667,23128,FELTCRAFT BOY JEAN-PAUL KIT,1,2011-03-04 16:07:00,9.96,,United Kingdom
545667,23177,TREASURE ISLAND BOOK BOX,1,2011-03-04 16:07:00,4.58,,United Kingdom
545667,35915B,BLUE KNITTED HEN ,2,2011-03-04 16:07:00,0.83,,United Kingdom
545667,35915C,PEACH KNITTED HEN ,2,2011-03-04 16:07:00,0.83,,United Kingdom
545667,40001,WHITE BAMBOO RIBS LAMPSHADE,1,2011-03-04 16:07:00,1.63,,United Kingdom
545667,40003,WHITE BAMBOO RIBS LAMPSHADE,1,2011-03-04 16:07:00,3.29,,United Kingdom
545667,47566,PARTY BUNTING,13,2011-03-04 16:07:00,4.96,,United Kingdom
545667,47574A,ENGLISH ROSE SCENTED HANGING FLOWER,4,2011-03-04 16:07:00,2.46,,United Kingdom
545667,47593B,SCOTTIE DOGS BABY BIB,1,2011-03-04 16:07:00,0.83,,United Kingdom
545667,79000,MOROCCAN TEA GLASS,3,2011-03-04 16:07:00,1.65,,United Kingdom
545667,79406,FROSTED WHITE BASE ,1,2011-03-04 16:07:00,0.83,,United Kingdom
545667,82482,WOODEN PICTURE FRAME WHITE FINISH,2,2011-03-04 16:07:00,4.96,,United Kingdom
545667,82494L,WOODEN FRAME ANTIQUE WHITE ,1,2011-03-04 16:07:00,7.46,,United Kingdom
545667,82552,WASHROOM METAL SIGN,1,2011-03-04 16:07:00,2.46,,United Kingdom
545667,82567,"AIRLINE LOUNGE,METAL SIGN",2,2011-03-04 16:07:00,1.63,,United Kingdom
545667,82578,KITCHEN METAL SIGN,2,2011-03-04 16:07:00,1.25,,United Kingdom
545667,82580,BATHROOM METAL SIGN,2,2011-03-04 16:07:00,1.25,,United Kingdom
545667,82581,TOILET METAL SIGN,2,2011-03-04 16:07:00,1.25,,United Kingdom
545667,82582,AREA PATROLLED METAL SIGN,1,2011-03-04 16:07:00,4.13,,United Kingdom
545667,82583,HOT BATHS METAL SIGN,1,2011-03-04 16:07:00,4.13,,United Kingdom
545667,84279B,CHERRY BLOSSOM DECORATIVE FLASK,2,2011-03-04 16:07:00,8.29,,United Kingdom
545667,84306,S/3 PINK SQUARE PLANTERS ROSES,1,2011-03-04 16:07:00,8.29,,United Kingdom
545667,84375,SET OF 20 KIDS COOKIE CUTTERS,1,2011-03-04 16:07:00,4.13,,United Kingdom
545667,84509A,SET OF 4 ENGLISH ROSE PLACEMATS,2,2011-03-04 16:07:00,7.46,,United Kingdom
545667,84568,GIRLS ALPHABET IRON ON PATCHES ,8,2011-03-04 16:07:00,0.42,,United Kingdom
545667,84625A,PINK NEW BAROQUECANDLESTICK CANDLE,1,2011-03-04 16:07:00,5.79,,United Kingdom
545668,22998,TRAVEL CARD WALLET KEEP CALM,48,2011-03-04 17:02:00,0.42,14031.0,United Kingdom
545668,15056BL,EDWARDIAN PARASOL BLACK,10,2011-03-04 17:02:00,5.95,14031.0,United Kingdom
545668,20679,EDWARDIAN PARASOL RED,6,2011-03-04 17:02:00,5.95,14031.0,United Kingdom
545668,84879,ASSORTED COLOUR BIRD ORNAMENT,32,2011-03-04 17:02:00,1.69,14031.0,United Kingdom
545668,22988,SOLDIERS EGG CUP ,48,2011-03-04 17:02:00,1.25,14031.0,United Kingdom
545668,22606,WOODEN SKITTLES GARDEN SET,4,2011-03-04 17:02:00,12.75,14031.0,United Kingdom
545668,22607,WOODEN ROUNDERS GARDEN SET ,4,2011-03-04 17:02:00,9.95,14031.0,United Kingdom
545668,22605,WOODEN CROQUET GARDEN SET,4,2011-03-04 17:02:00,12.75,14031.0,United Kingdom
545668,23052,RECYCLED ACAPULCO MAT TURQUOISE,1,2011-03-04 17:02:00,8.25,14031.0,United Kingdom
545668,37370,RETRO COFFEE MUGS ASSORTED,144,2011-03-04 17:02:00,1.06,14031.0,United Kingdom
