InvoiceNo,StockCode,Description,Quantity,InvoiceDate,UnitPrice,CustomerID,Country
543797,22241,GARLAND WOODEN HAPPY EASTER,24,2011-02-13 10:24:00,1.25,15465.0,United Kingdom
543797,48185,DOORMAT FAIRY CAKE,3,2011-02-13 10:24:00,7.95,15465.0,United Kingdom
543797,21623,VINTAGE UNION JACK MEMOBOARD,2,2011-02-13 10:24:00,9.95,15465.0,United Kingdom
543797,22507,MEMO BOARD RETROSPOT  DESIGN,3,2011-02-13 10:24:00,4.95,15465.0,United Kingdom
543797,22505,MEMO BOARD COTTAGE DESIGN,3,2011-02-13 10:24:00,4.95,15465.0,United Kingdom
543797,21621,VINTAGE UNION JACK BUNTING,3,2011-02-13 10:24:00,8.5,15465.0,United Kingdom
543797,21754,HOME BUILDING BLOCK WORD,3,2011-02-13 10:24:00,5.95,15465.0,United Kingdom
543797,72760B,VINTAGE CREAM 3 BASKET CAKE STAND,3,2011-02-13 10:24:00,9.95,15465.0,United Kingdom
543797,22776,SWEETHEART CAKESTAND 3 TIER,12,2011-02-13 10:24:00,8.5,15465.0,United Kingdom
543798,20972,PINK CREAM FELT CRAFT TRINKET BOX ,12,2011-02-13 11:13:00,1.25,15058.0,United Kingdom
543798,20971,PINK BLUE FELT CRAFT TRINKET BOX,12,2011-02-13 11:13:00,1.25,15058.0,United Kingdom
543798,22241,GARLAND WOODEN HAPPY EASTER,2,2011-02-13 11:13:00,1.25,15058.0,United Kingdom
543798,84840,SWEETHEART CARRY-ALL BASKET,1,2011-02-13 11:13:00,8.5,15058.0,United Kingdom
543798,85066,CREAM SWEETHEART MINI CHEST,1,2011-02-13 11:13:00,12.75,15058.0,United Kingdom
543798,22021,BLUE FELT EASTER EGG BASKET,1,2011-02-13 11:13:00,1.65,15058.0,United Kingdom
543798,22147,FELTCRAFT BUTTERFLY HEARTS,12,2011-02-13 11:13:00,1.45,15058.0,United Kingdom
543798,22568,FELTCRAFT CUSHION OWL,3,2011-02-13 11:13:00,3.75,15058.0,United Kingdom
543798,22569,FELTCRAFT CUSHION BUTTERFLY,2,2011-02-13 11:13:00,3.75,15058.0,United Kingdom
543798,22149,FELTCRAFT 6 FLOWER FRIENDS,14,2011-02-13 11:13:00,2.1,15058.0,United Kingdom
543798,22149,FELTCRAFT 6 FLOWER FRIENDS,10,2011-02-13 11:13:00,2.1,15058.0,United Kingdom
543798,22150,3 STRIPEY MICE FELTCRAFT,9,2011-02-13 11:13:00,1.95,15058.0,United Kingdom
543798,21034,REX CASH+CARRY JUMBO SHOPPER,1,2011-02-13 11:13:00,0.95,15058.0,United Kingdom
543798,85206A,CREAM FELT EASTER EGG BASKET,2,2011-02-13 11:13:00,1.65,15058.0,United Kingdom
543798,22570,FELTCRAFT CUSHION RABBIT,3,2011-02-13 11:13:00,3.75,15058.0,United Kingdom
543798,22569,FELTCRAFT CUSHION BUTTERFLY,1,2011-02-13 11:13:00,3.75,15058.0,United Kingdom
543799,21754,HOME BUILDING BLOCK WORD,8,2011-02-13 11:22:00,5.95,17236.0,United Kingdom
543799,21755,LOVE BUILDING BLOCK WORD,4,2011-02-13 11:22:00,5.95,17236.0,United Kingdom
543799,21136,PAINTED METAL PEARS ASSORTED,8,2011-02-13 11:22:00,1.69,17236.0,United Kingdom
543799,84879,ASSORTED COLOUR BIRD ORNAMENT,16,2011-02-13 11:22:00,1.69,17236.0,United Kingdom
543799,21928,JUMBO BAG SCANDINAVIAN PAISLEY,4,2011-02-13 11:22:00,1.95,17236.0,United Kingdom
543800,22694,WICKER STAR ,1,2011-02-13 11:36:00,2.1,17282.0,United Kingdom
543800,22082,RIBBON REEL STRIPES DESIGN ,10,2011-02-13 11:36:00,1.65,17282.0,United Kingdom
543800,22934,BAKING MOULD EASTER EGG WHITE CHOC,2,2011-02-13 11:36:00,2.95,17282.0,United Kingdom
543800,22293,HANGING CHICK GREEN DECORATION,1,2011-02-13 11:36:00,1.45,17282.0,United Kingdom
543800,22291,HANGING CHICK CREAM DECORATION,2,2011-02-13 11:36:00,1.45,17282.0,United Kingdom
543800,22469,HEART OF WICKER SMALL,5,2011-02-13 11:36:00,1.65,17282.0,United Kingdom
543800,22247,BUNNY DECORATION MAGIC GARDEN,2,2011-02-13 11:36:00,0.85,17282.0,United Kingdom
543800,22292,HANGING CHICK  YELLOW DECORATION,1,2011-02-13 11:36:00,1.45,17282.0,United Kingdom
543800,22250,DECORATION  BUTTERFLY  MAGIC GARDEN,2,2011-02-13 11:36:00,0.85,17282.0,United Kingdom
543800,21975,PACK OF 60 DINOSAUR CAKE CASES,1,2011-02-13 11:36:00,0.55,17282.0,United Kingdom
543800,21975,PACK OF 60 DINOSAUR CAKE CASES,1,2011-02-13 11:36:00,0.55,17282.0,United Kingdom
543800,22293,HANGING CHICK GREEN DECORATION,1,2011-02-13 11:36:00,1.45,17282.0,United Kingdom
543800,22241,GARLAND WOODEN HAPPY EASTER,1,2011-02-13 11:36:00,1.25,17282.0,United Kingdom
543800,85205B,PINK FELT EASTER RABBIT GARLAND,2,2011-02-13 11:36:00,2.55,17282.0,United Kingdom
543800,85186A,EASTER BUNNY GARLAND OF FLOWERS,2,2011-02-13 11:36:00,0.42,17282.0,United Kingdom
543800,22523,CHILDS GARDEN FORK PINK,1,2011-02-13 11:36:00,0.85,17282.0,United Kingdom
543800,22521,CHILDS GARDEN TROWEL PINK,1,2011-02-13 11:36:00,0.85,17282.0,United Kingdom
543800,22520,CHILDS GARDEN TROWEL BLUE ,1,2011-02-13 11:36:00,0.85,17282.0,United Kingdom
543800,22522,CHILDS GARDEN FORK BLUE ,1,2011-02-13 11:36:00,0.85,17282.0,United Kingdom
543800,20773,BLUE PAISLEY NOTEBOOK,2,2011-02-13 11:36:00,1.65,17282.0,United Kingdom
543800,20774,GREEN FERN NOTEBOOK,2,2011-02-13 11:36:00,1.65,17282.0,United Kingdom
543800,22291,HANGING CHICK CREAM DECORATION,1,2011-02-13 11:36:00,1.45,17282.0,United Kingdom
543800,85186C,BUNNY EGG GARLAND,2,2011-02-13 11:36:00,0.42,17282.0,United Kingdom
543800,21808,"CHRISTMAS GARLAND STARS,TREES",1,2011-02-13 11:36:00,3.75,17282.0,United Kingdom
543800,21588,RETROSPOT GIANT TUBE MATCHES,2,2011-02-13 11:36:00,2.55,17282.0,United Kingdom
543800,85206A,CREAM FELT EASTER EGG BASKET,2,2011-02-13 11:36:00,1.65,17282.0,United Kingdom
543800,22021,BLUE FELT EASTER EGG BASKET,1,2011-02-13 11:36:00,1.65,17282.0,United Kingdom
543800,22961,JAM MAKING SET PRINTED,6,2011-02-13 11:36:00,1.45,17282.0,United Kingdom
543800,22367,CHILDRENS APRON SPACEBOY DESIGN,1,2011-02-13 11:36:00,1.95,17282.0,United Kingdom
543800,22989,SET 2 PANTRY DESIGN TEA TOWELS,3,2011-02-13 11:36:00,3.25,17282.0,United Kingdom
543800,22990,COTTON APRON PANTRY DESIGN,2,2011-02-13 11:36:00,4.95,17282.0,United Kingdom
543800,20752,BLUE POLKADOT WASHING UP GLOVES,2,2011-02-13 11:36:00,2.1,17282.0,United Kingdom
543800,22558,CLOTHES PEGS RETROSPOT PACK 24 ,1,2011-02-13 11:36:00,1.49,17282.0,United Kingdom
543800,35095A,BLUE VICTORIAN FABRIC OVAL BOX,6,2011-02-13 11:36:00,0.42,17282.0,United Kingdom
543800,22551,PLASTERS IN TIN SPACEBOY,2,2011-02-13 11:36:00,1.65,17282.0,United Kingdom
543800,22554,PLASTERS IN TIN WOODLAND ANIMALS,2,2011-02-13 11:36:00,1.65,17282.0,United Kingdom
543800,22556,PLASTERS IN TIN CIRCUS PARADE ,1,2011-02-13 11:36:00,1.65,17282.0,United Kingdom
543800,84380,SET OF 3 BUTTERFLY COOKIE CUTTERS,2,2011-02-13 11:36:00,1.25,17282.0,United Kingdom
543800,84378,SET OF 3 HEART COOKIE CUTTERS,1,2011-02-13 11:36:00,1.25,17282.0,United Kingdom
543800,20979,36 PENCILS TUBE RED RETROSPOT,2,2011-02-13 11:36:00,1.25,17282.0,United Kingdom
543800,20675,BLUE POLKADOT BOWL,4,2011-02-13 11:36:00,1.25,17282.0,United Kingdom
543800,84380,SET OF 3 BUTTERFLY COOKIE CUTTERS,2,2011-02-13 11:36:00,1.25,17282.0,United Kingdom
543800,22652,TRAVEL SEWING KIT,3,2011-02-13 11:36:00,1.65,17282.0,United Kingdom
543800,20977,36 PENCILS TUBE WOODLAND,1,2011-02-13 11:36:00,1.25,17282.0,United Kingdom
543800,22482,BLUE TEA TOWEL CLASSIC DESIGN,4,2011-02-13 11:36:00,1.25,17282.0,United Kingdom
543800,22957,SET 3 PAPER VINTAGE CHICK PAPER EGG,1,2011-02-13 11:36:00,2.95,17282.0,United Kingdom
543800,21609,SET 12 LAVENDER  BOTANICAL T-LIGHTS,2,2011-02-13 11:36:00,2.95,17282.0,United Kingdom
543800,21669,BLUE STRIPE CERAMIC DRAWER KNOB,6,2011-02-13 11:36:00,1.25,17282.0,United Kingdom
543800,21669,BLUE STRIPE CERAMIC DRAWER KNOB,6,2011-02-13 11:36:00,1.25,17282.0,United Kingdom
543800,21244,BLUE POLKADOT PLATE ,4,2011-02-13 11:36:00,1.69,17282.0,United Kingdom
543800,21240,BLUE POLKADOT CUP,4,2011-02-13 11:36:00,0.85,17282.0,United Kingdom
543800,20725,LUNCH BAG RED RETROSPOT,2,2011-02-13 11:36:00,1.65,17282.0,United Kingdom
543800,21927,BLUE/CREAM STRIPE CUSHION COVER ,2,2011-02-13 11:36:00,1.25,17282.0,United Kingdom
543800,22130,PARTY CONE CHRISTMAS DECORATION ,6,2011-02-13 11:36:00,0.85,17282.0,United Kingdom
543800,21411,GINGHAM HEART  DOORSTOP RED,1,2011-02-13 11:36:00,4.25,17282.0,United Kingdom
543800,21115,ROSE CARAVAN DOORSTOP,1,2011-02-13 11:36:00,6.75,17282.0,United Kingdom
543800,21918,SET 12 KIDS COLOUR  CHALK STICKS,144,2011-02-13 11:36:00,0.42,17282.0,United Kingdom
543800,22121,NOEL WOODEN BLOCK LETTERS ,1,2011-02-13 11:36:00,5.95,17282.0,United Kingdom
543800,21754,HOME BUILDING BLOCK WORD,1,2011-02-13 11:36:00,5.95,17282.0,United Kingdom
543800,22606,WOODEN SKITTLES GARDEN SET,1,2011-02-13 11:36:00,15.95,17282.0,United Kingdom
543800,21791,VINTAGE HEADS AND TAILS CARD GAME ,48,2011-02-13 11:36:00,1.25,17282.0,United Kingdom
543800,21754,HOME BUILDING BLOCK WORD,1,2011-02-13 11:36:00,5.95,17282.0,United Kingdom
543800,21756,BATH BUILDING BLOCK WORD,3,2011-02-13 11:36:00,5.95,17282.0,United Kingdom
543800,21912,VINTAGE SNAKES & LADDERS,1,2011-02-13 11:36:00,3.75,17282.0,United Kingdom
543800,22170,PICTURE FRAME WOOD TRIPLE PORTRAIT,2,2011-02-13 11:36:00,6.75,17282.0,United Kingdom
543800,21078,SET/20 STRAWBERRY PAPER NAPKINS ,2,2011-02-13 11:36:00,0.85,17282.0,United Kingdom
543800,22720,SET OF 3 CAKE TINS PANTRY DESIGN ,1,2011-02-13 11:36:00,4.95,17282.0,United Kingdom
543800,85035A,GARDENIA 3 WICK MORRIS BOXED CANDLE,2,2011-02-13 11:36:00,4.25,17282.0,United Kingdom
543800,21889,WOODEN BOX OF DOMINOES,1,2011-02-13 11:36:00,1.25,17282.0,United Kingdom
543800,22766,PHOTO FRAME CORNICE,1,2011-02-13 11:36:00,2.95,17282.0,United Kingdom
543800,82494L,WOODEN FRAME ANTIQUE WHITE ,1,2011-02-13 11:36:00,2.95,17282.0,United Kingdom
543800,82482,WOODEN PICTURE FRAME WHITE FINISH,2,2011-02-13 11:36:00,2.55,17282.0,United Kingdom
543800,22629,SPACEBOY LUNCH BOX ,2,2011-02-13 11:36:00,1.95,17282.0,United Kingdom
543800,22722,SET OF 6 SPICE TINS PANTRY DESIGN,2,2011-02-13 11:36:00,3.95,17282.0,United Kingdom
543800,22333,RETROSPOT PARTY BAG + STICKER SET,15,2011-02-13 11:36:00,1.65,17282.0,United Kingdom
543800,22796,PHOTO FRAME 3 CLASSIC HANGING,2,2011-02-13 11:36:00,9.95,17282.0,United Kingdom
543800,22518,CHILDS GARDEN BRUSH BLUE,1,2011-02-13 11:36:00,2.1,17282.0,United Kingdom
543800,22760,"TRAY, BREAKFAST IN BED",1,2011-02-13 11:36:00,12.75,17282.0,United Kingdom
543800,22692,DOORMAT WELCOME TO OUR HOME,1,2011-02-13 11:36:00,7.95,17282.0,United Kingdom
543800,22538,MINI JIGSAW GO TO THE FAIR,96,2011-02-13 11:36:00,0.42,17282.0,United Kingdom
543800,20718,RED RETROSPOT SHOPPER BAG,100,2011-02-13 11:36:00,1.06,17282.0,United Kingdom
543800,22620,4 TRADITIONAL SPINNING TOPS,16,2011-02-13 11:36:00,1.25,17282.0,United Kingdom
543800,21928,JUMBO BAG SCANDINAVIAN PAISLEY,8,2011-02-13 11:36:00,1.95,17282.0,United Kingdom
543800,85099B,JUMBO BAG RED RETROSPOT,30,2011-02-13 11:36:00,1.95,17282.0,United Kingdom
543801,21588,RETROSPOT GIANT TUBE MATCHES,4,2011-02-13 11:52:00,2.55,17811.0,United Kingdom
543801,79066K,RETRO MOD TRAY,3,2011-02-13 11:52:00,0.85,17811.0,United Kingdom
543801,22358,KINGS CHOICE TEA CADDY ,1,2011-02-13 11:52:00,2.95,17811.0,United Kingdom
543801,21878,PACK OF 6 SANDCASTLE FLAGS ASSORTED,8,2011-02-13 11:52:00,0.85,17811.0,United Kingdom
543801,21260,FIRST AID TIN,1,2011-02-13 11:52:00,3.25,17811.0,United Kingdom
543801,77101A,UNION FLAG WINDSOCK,7,2011-02-13 11:52:00,1.25,17811.0,United Kingdom
543801,22849,BREAD BIN DINER STYLE MINT,4,2011-02-13 11:52:00,14.95,17811.0,United Kingdom
543801,21533,RETROSPOT LARGE MILK JUG,12,2011-02-13 11:52:00,4.25,17811.0,United Kingdom
543801,22427,ENAMEL FLOWER JUG CREAM,12,2011-02-13 11:52:00,5.45,17811.0,United Kingdom
543802,21317,GLASS SPHERE CANDLE STAND MEDIUM,7,2011-02-13 12:03:00,5.45,13742.0,United Kingdom
543802,85053,FRENCH ENAMEL CANDLEHOLDER,2,2011-02-13 12:03:00,2.1,13742.0,United Kingdom
543802,22723,SET OF 6 HERB TINS SKETCHBOOK,2,2011-02-13 12:03:00,3.95,13742.0,United Kingdom
543802,22960,JAM MAKING SET WITH JARS,1,2011-02-13 12:03:00,4.25,13742.0,United Kingdom
543802,20725,LUNCH BAG RED RETROSPOT,1,2011-02-13 12:03:00,1.65,13742.0,United Kingdom
543802,82484,WOOD BLACK BOARD ANT WHITE FINISH,2,2011-02-13 12:03:00,7.95,13742.0,United Kingdom
543802,21068,VINTAGE BILLBOARD LOVE/HATE MUG,2,2011-02-13 12:03:00,1.25,13742.0,United Kingdom
543802,22720,SET OF 3 CAKE TINS PANTRY DESIGN ,2,2011-02-13 12:03:00,4.95,13742.0,United Kingdom
543802,20914,SET/5 RED RETROSPOT LID GLASS BOWLS,2,2011-02-13 12:03:00,2.95,13742.0,United Kingdom
543802,22196,SMALL HEART MEASURING SPOONS,1,2011-02-13 12:03:00,0.85,13742.0,United Kingdom
543802,22195,LARGE HEART MEASURING SPOONS,1,2011-02-13 12:03:00,1.65,13742.0,United Kingdom
543802,22628,PICNIC BOXES SET OF 3 RETROSPOT ,1,2011-02-13 12:03:00,4.95,13742.0,United Kingdom
543802,22630,DOLLY GIRL LUNCH BOX,1,2011-02-13 12:03:00,1.95,13742.0,United Kingdom
543802,21781,MA CAMPAGNE CUTLERY BOX,2,2011-02-13 12:03:00,14.95,13742.0,United Kingdom
543802,22722,SET OF 6 SPICE TINS PANTRY DESIGN,1,2011-02-13 12:03:00,3.95,13742.0,United Kingdom
543802,22829,SWEETHEART WIRE WALL TIDY,1,2011-02-13 12:03:00,9.95,13742.0,United Kingdom
543802,22846,BREAD BIN DINER STYLE RED ,1,2011-02-13 12:03:00,16.95,13742.0,United Kingdom
543802,21034,REX CASH+CARRY JUMBO SHOPPER,2,2011-02-13 12:03:00,0.95,13742.0,United Kingdom
543802,22759,SET OF 3 NOTEBOOKS IN PARCEL,1,2011-02-13 12:03:00,1.65,13742.0,United Kingdom
543802,21485,RETROSPOT HEART HOT WATER BOTTLE,1,2011-02-13 12:03:00,4.95,13742.0,United Kingdom
543802,22554,PLASTERS IN TIN WOODLAND ANIMALS,1,2011-02-13 12:03:00,1.65,13742.0,United Kingdom
543802,22551,PLASTERS IN TIN SPACEBOY,2,2011-02-13 12:03:00,1.65,13742.0,United Kingdom
543802,22553,PLASTERS IN TIN SKULLS,4,2011-02-13 12:03:00,1.65,13742.0,United Kingdom
543802,21363,HOME SMALL WOOD LETTERS,3,2011-02-13 12:03:00,4.95,13742.0,United Kingdom
543802,84949,SILVER HANGING T-LIGHT HOLDER,1,2011-02-13 12:03:00,1.65,13742.0,United Kingdom
543802,20983,12 PENCILS TALL TUBE RED RETROSPOT,1,2011-02-13 12:03:00,0.85,13742.0,United Kingdom
543802,20979,36 PENCILS TUBE RED RETROSPOT,1,2011-02-13 12:03:00,1.25,13742.0,United Kingdom
543802,22197,SMALL POPCORN HOLDER,5,2011-02-13 12:03:00,0.85,13742.0,United Kingdom
543802,22329,ROUND CONTAINER SET OF 5 RETROSPOT,4,2011-02-13 12:03:00,1.65,13742.0,United Kingdom
543802,21926,RED/CREAM STRIPE CUSHION COVER ,4,2011-02-13 12:03:00,1.25,13742.0,United Kingdom
543802,21901,"KEY FOB , BACK DOOR ",6,2011-02-13 12:03:00,0.65,13742.0,United Kingdom
543802,22470,HEART OF WICKER LARGE,3,2011-02-13 12:03:00,2.95,13742.0,United Kingdom
543802,82482,WOODEN PICTURE FRAME WHITE FINISH,1,2011-02-13 12:03:00,2.55,13742.0,United Kingdom
543802,82494L,WOODEN FRAME ANTIQUE WHITE ,1,2011-02-13 12:03:00,2.95,13742.0,United Kingdom
543802,21755,LOVE BUILDING BLOCK WORD,2,2011-02-13 12:03:00,5.95,13742.0,United Kingdom
543802,21754,HOME BUILDING BLOCK WORD,8,2011-02-13 12:03:00,5.95,13742.0,United Kingdom
543802,84836,ZINC METAL HEART DECORATION,2,2011-02-13 12:03:00,1.25,13742.0,United Kingdom
543802,84050,PINK HEART SHAPE EGG FRYING PAN,4,2011-02-13 12:03:00,1.65,13742.0,United Kingdom
543802,22487,WHITE WOOD GARDEN PLANT LADDER,1,2011-02-13 12:03:00,9.95,13742.0,United Kingdom
543802,22171,3 HOOK PHOTO SHELF ANTIQUE WHITE,1,2011-02-13 12:03:00,8.5,13742.0,United Kingdom
543802,22464,HANGING METAL HEART LANTERN,1,2011-02-13 12:03:00,1.65,13742.0,United Kingdom
543802,21317,GLASS SPHERE CANDLE STAND MEDIUM,1,2011-02-13 12:03:00,5.45,13742.0,United Kingdom
543802,22728,ALARM CLOCK BAKELIKE PINK,1,2011-02-13 12:03:00,3.75,13742.0,United Kingdom
543802,22804,CANDLEHOLDER PINK HANGING HEART,1,2011-02-13 12:03:00,2.95,13742.0,United Kingdom
543802,85123A,WHITE HANGING HEART T-LIGHT HOLDER,4,2011-02-13 12:03:00,2.95,13742.0,United Kingdom
543802,21733,RED HANGING HEART T-LIGHT HOLDER,6,2011-02-13 12:03:00,2.95,13742.0,United Kingdom
543802,22379,RECYCLING BAG RETROSPOT ,1,2011-02-13 12:03:00,2.1,13742.0,United Kingdom
543802,21906,PHARMACIE FIRST AID TIN,1,2011-02-13 12:03:00,6.75,13742.0,United Kingdom
543802,84978,HANGING HEART JAR T-LIGHT HOLDER,6,2011-02-13 12:03:00,1.25,13742.0,United Kingdom
543802,21034,REX CASH+CARRY JUMBO SHOPPER,1,2011-02-13 12:03:00,0.95,13742.0,United Kingdom
543802,21745,GAOLERS KEYS DECORATIVE GARDEN ,3,2011-02-13 12:03:00,3.75,13742.0,United Kingdom
543802,20982,12 PENCILS TALL TUBE SKULLS,1,2011-02-13 12:03:00,0.85,13742.0,United Kingdom
543802,20975,12 PENCILS SMALL TUBE RED RETROSPOT,1,2011-02-13 12:03:00,0.65,13742.0,United Kingdom
543802,20978,36 PENCILS TUBE SKULLS,2,2011-02-13 12:03:00,1.25,13742.0,United Kingdom
543802,22551,PLASTERS IN TIN SPACEBOY,1,2011-02-13 12:03:00,1.65,13742.0,United Kingdom
543802,22554,PLASTERS IN TIN WOODLAND ANIMALS,2,2011-02-13 12:03:00,1.65,13742.0,United Kingdom
543802,22557,PLASTERS IN TIN VINTAGE PAISLEY ,2,2011-02-13 12:03:00,1.65,13742.0,United Kingdom
543802,22926,IVORY GIANT GARDEN THERMOMETER,2,2011-02-13 12:03:00,5.95,13742.0,United Kingdom
543802,22863,SOAP DISH BROCANTE,1,2011-02-13 12:03:00,2.95,13742.0,United Kingdom
543802,21658,GLASS  BEURRE DISH,5,2011-02-13 12:03:00,3.95,13742.0,United Kingdom
543802,22168,ORGANISER WOOD ANTIQUE WHITE ,1,2011-02-13 12:03:00,8.5,13742.0,United Kingdom
543802,22193,RED DINER WALL CLOCK,2,2011-02-13 12:03:00,8.5,13742.0,United Kingdom
543802,21260,FIRST AID TIN,6,2011-02-13 12:03:00,3.25,13742.0,United Kingdom
543802,21658,GLASS  BEURRE DISH,2,2011-02-13 12:03:00,3.95,13742.0,United Kingdom
543802,22666,RECIPE BOX PANTRY YELLOW DESIGN,1,2011-02-13 12:03:00,2.95,13742.0,United Kingdom
543802,22722,SET OF 6 SPICE TINS PANTRY DESIGN,1,2011-02-13 12:03:00,3.95,13742.0,United Kingdom
543802,22428,ENAMEL FIRE BUCKET CREAM,1,2011-02-13 12:03:00,6.95,13742.0,United Kingdom
543802,22070,SMALL RED RETROSPOT MUG IN BOX ,1,2011-02-13 12:03:00,3.75,13742.0,United Kingdom
543802,22071,SMALL WHITE RETROSPOT MUG IN BOX ,1,2011-02-13 12:03:00,3.75,13742.0,United Kingdom
543802,20914,SET/5 RED RETROSPOT LID GLASS BOWLS,1,2011-02-13 12:03:00,2.95,13742.0,United Kingdom
543802,85062,PEARL CRYSTAL PUMPKIN T-LIGHT HLDR,6,2011-02-13 12:03:00,1.65,13742.0,United Kingdom
543803,22957,SET 3 PAPER VINTAGE CHICK PAPER EGG,1,2011-02-13 12:05:00,2.95,17126.0,United Kingdom
543803,21826,EIGHT PIECE DINOSAUR SET,1,2011-02-13 12:05:00,1.25,17126.0,United Kingdom
543803,22522,CHILDS GARDEN FORK BLUE ,1,2011-02-13 12:05:00,0.85,17126.0,United Kingdom
543803,22524,CHILDRENS GARDEN GLOVES BLUE,1,2011-02-13 12:05:00,1.25,17126.0,United Kingdom
543803,22520,CHILDS GARDEN TROWEL BLUE ,1,2011-02-13 12:05:00,0.85,17126.0,United Kingdom
543803,22957,SET 3 PAPER VINTAGE CHICK PAPER EGG,1,2011-02-13 12:05:00,2.95,17126.0,United Kingdom
543803,22138,BAKING SET 9 PIECE RETROSPOT ,1,2011-02-13 12:05:00,4.95,17126.0,United Kingdom
543803,22617,BAKING SET SPACEBOY DESIGN,1,2011-02-13 12:05:00,4.95,17126.0,United Kingdom
543803,35912B,WHITE/PINK CHICK DECORATION,2,2011-02-13 12:05:00,1.25,17126.0,United Kingdom
543803,84231,EASTER BUNNY WITH BASKET ON BACK,1,2011-02-13 12:05:00,0.65,17126.0,United Kingdom
543803,85214,TUB 24 PINK FLOWER PEGS,1,2011-02-13 12:05:00,1.65,17126.0,United Kingdom
543803,79071B,ENGLISH ROSE METAL WASTE BIN,1,2011-02-13 12:05:00,2.95,17126.0,United Kingdom
543803,85017B,ENVELOPE 50 BLOSSOM IMAGES,2,2011-02-13 12:05:00,0.85,17126.0,United Kingdom
543803,21454,PAINTED PINK RABBIT ,1,2011-02-13 12:05:00,0.85,17126.0,United Kingdom
543803,22621,TRADITIONAL KNITTING NANCY,1,2011-02-13 12:05:00,1.45,17126.0,United Kingdom
543803,84279B,CHERRY BLOSSOM DECORATIVE FLASK,1,2011-02-13 12:05:00,3.75,17126.0,United Kingdom
543803,84997D,PINK 3 PIECE POLKADOT CUTLERY SET,1,2011-02-13 12:05:00,4.15,17126.0,United Kingdom
543803,22021,BLUE FELT EASTER EGG BASKET,6,2011-02-13 12:05:00,1.65,17126.0,United Kingdom
543803,85206A,CREAM FELT EASTER EGG BASKET,12,2011-02-13 12:05:00,1.65,17126.0,United Kingdom
543803,22233,JIGSAW RABBIT AND BIRDHOUSE,8,2011-02-13 12:05:00,1.65,17126.0,United Kingdom
543803,22231,JIGSAW TREE WITH BIRDHOUSE,3,2011-02-13 12:05:00,1.45,17126.0,United Kingdom
543803,22230,JIGSAW TREE WITH WATERING CAN,5,2011-02-13 12:05:00,0.85,17126.0,United Kingdom
543803,85203,HANGING WOOD AND FELT BUTTERFLY ,5,2011-02-13 12:05:00,0.42,17126.0,United Kingdom
543803,22245,"HOOK, 1 HANGER ,MAGIC GARDEN",3,2011-02-13 12:05:00,0.85,17126.0,United Kingdom
543803,22251,BIRDHOUSE DECORATION MAGIC GARDEN,6,2011-02-13 12:05:00,1.25,17126.0,United Kingdom
543803,22244,3 HOOK HANGER MAGIC GARDEN,3,2011-02-13 12:05:00,1.95,17126.0,United Kingdom
543803,22470,HEART OF WICKER LARGE,3,2011-02-13 12:05:00,2.95,17126.0,United Kingdom
543803,84879,ASSORTED COLOUR BIRD ORNAMENT,8,2011-02-13 12:05:00,1.69,17126.0,United Kingdom
543803,22110,BIRD HOUSE HOT WATER BOTTLE,2,2011-02-13 12:05:00,2.55,17126.0,United Kingdom
543803,22726,ALARM CLOCK BAKELIKE GREEN,1,2011-02-13 12:05:00,3.75,17126.0,United Kingdom
543803,22524,CHILDRENS GARDEN GLOVES BLUE,5,2011-02-13 12:05:00,1.25,17126.0,United Kingdom
543803,22525,CHILDRENS GARDEN GLOVES PINK,5,2011-02-13 12:05:00,1.25,17126.0,United Kingdom
543803,21894,POTTING SHED SEED ENVELOPES,2,2011-02-13 12:05:00,1.25,17126.0,United Kingdom
543803,22523,CHILDS GARDEN FORK PINK,5,2011-02-13 12:05:00,0.85,17126.0,United Kingdom
543803,22522,CHILDS GARDEN FORK BLUE ,5,2011-02-13 12:05:00,0.85,17126.0,United Kingdom
543803,22520,CHILDS GARDEN TROWEL BLUE ,5,2011-02-13 12:05:00,0.85,17126.0,United Kingdom
543803,22521,CHILDS GARDEN TROWEL PINK,5,2011-02-13 12:05:00,0.85,17126.0,United Kingdom
543803,22470,HEART OF WICKER LARGE,1,2011-02-13 12:05:00,2.95,17126.0,United Kingdom
543803,22469,HEART OF WICKER SMALL,2,2011-02-13 12:05:00,1.65,17126.0,United Kingdom
543803,22467,GUMBALL COAT RACK,2,2011-02-13 12:05:00,2.55,17126.0,United Kingdom
543803,22719,GUMBALL MONOCHROME COAT RACK,2,2011-02-13 12:05:00,1.25,17126.0,United Kingdom
543803,22173,METAL 4 HOOK HANGER FRENCH CHATEAU,2,2011-02-13 12:05:00,2.95,17126.0,United Kingdom
543803,84789,ENCHANTED BIRD PLANT CAGE,2,2011-02-13 12:05:00,3.75,17126.0,United Kingdom
543803,84792,ENCHANTED BIRD COATHANGER 5 HOOK,1,2011-02-13 12:05:00,4.65,17126.0,United Kingdom
543803,21754,HOME BUILDING BLOCK WORD,1,2011-02-13 12:05:00,5.95,17126.0,United Kingdom
543803,85123A,WHITE HANGING HEART T-LIGHT HOLDER,2,2011-02-13 12:05:00,2.95,17126.0,United Kingdom
543803,82578,KITCHEN METAL SIGN,1,2011-02-13 12:05:00,0.55,17126.0,United Kingdom
543803,82581,TOILET METAL SIGN,2,2011-02-13 12:05:00,0.55,17126.0,United Kingdom
543803,82580,BATHROOM METAL SIGN,2,2011-02-13 12:05:00,0.55,17126.0,United Kingdom
543803,22178,VICTORIAN GLASS HANGING T-LIGHT,6,2011-02-13 12:05:00,1.25,17126.0,United Kingdom
543803,21272,SALLE DE BAIN HOOK,2,2011-02-13 12:05:00,1.25,17126.0,United Kingdom
543803,22331,WOODLAND PARTY BAG + STICKER SET,2,2011-02-13 12:05:00,1.65,17126.0,United Kingdom
543803,21058,PARTY INVITES WOODLAND,4,2011-02-13 12:05:00,0.85,17126.0,United Kingdom
543803,21062,PARTY INVITES SPACEMAN,2,2011-02-13 12:05:00,0.85,17126.0,United Kingdom
543803,22156,HEART DECORATION WITH PEARLS ,6,2011-02-13 12:05:00,0.85,17126.0,United Kingdom
543803,22924,FRIDGE MAGNETS LA VIE EN ROSE,12,2011-02-13 12:05:00,0.85,17126.0,United Kingdom
543803,84380,SET OF 3 BUTTERFLY COOKIE CUTTERS,3,2011-02-13 12:05:00,1.25,17126.0,United Kingdom
543803,84378,SET OF 3 HEART COOKIE CUTTERS,3,2011-02-13 12:05:00,1.25,17126.0,United Kingdom
543803,21259,VICTORIAN SEWING BOX SMALL ,1,2011-02-13 12:05:00,5.95,17126.0,United Kingdom
543803,47566B,TEA TIME PARTY BUNTING,3,2011-02-13 12:05:00,4.95,17126.0,United Kingdom
543803,47590A,BLUE HAPPY BIRTHDAY BUNTING,2,2011-02-13 12:05:00,5.45,17126.0,United Kingdom
543803,47590B,PINK HAPPY BIRTHDAY BUNTING,2,2011-02-13 12:05:00,5.45,17126.0,United Kingdom
543804,21621,VINTAGE UNION JACK BUNTING,2,2011-02-13 12:17:00,8.5,16434.0,United Kingdom
543804,22722,SET OF 6 SPICE TINS PANTRY DESIGN,3,2011-02-13 12:17:00,3.95,16434.0,United Kingdom
543804,21527,RED RETROSPOT TRADITIONAL TEAPOT ,2,2011-02-13 12:17:00,7.95,16434.0,United Kingdom
543804,22791,T-LIGHT GLASS FLUTED ANTIQUE,12,2011-02-13 12:17:00,1.25,16434.0,United Kingdom
543804,22720,SET OF 3 CAKE TINS PANTRY DESIGN ,3,2011-02-13 12:17:00,4.95,16434.0,United Kingdom
543804,22775,PURPLE DRAWERKNOB ACRYLIC EDWARDIAN,12,2011-02-13 12:17:00,1.25,16434.0,United Kingdom
543804,22773,GREEN DRAWER KNOB ACRYLIC EDWARDIAN,12,2011-02-13 12:17:00,1.25,16434.0,United Kingdom
543804,22798,ANTIQUE GLASS DRESSING TABLE POT,4,2011-02-13 12:17:00,2.95,16434.0,United Kingdom
543804,22078,RIBBON REEL LACE DESIGN ,5,2011-02-13 12:17:00,2.1,16434.0,United Kingdom
543804,22624,IVORY KITCHEN SCALES,2,2011-02-13 12:17:00,8.5,16434.0,United Kingdom
543804,22800,ANTIQUE TALL SWIRLGLASS TRINKET POT,4,2011-02-13 12:17:00,3.75,16434.0,United Kingdom
543804,22805,BLUE DRAWER KNOB ACRYLIC EDWARDIAN,12,2011-02-13 12:17:00,1.25,16434.0,United Kingdom
543804,22771,CLEAR DRAWER KNOB ACRYLIC EDWARDIAN,12,2011-02-13 12:17:00,1.25,16434.0,United Kingdom
543804,22774,RED DRAWER KNOB ACRYLIC EDWARDIAN,12,2011-02-13 12:17:00,1.25,16434.0,United Kingdom
543804,22772,PINK DRAWER KNOB ACRYLIC EDWARDIAN,12,2011-02-13 12:17:00,1.25,16434.0,United Kingdom
543804,22178,VICTORIAN GLASS HANGING T-LIGHT,6,2011-02-13 12:17:00,1.25,16434.0,United Kingdom
543804,22178,VICTORIAN GLASS HANGING T-LIGHT,6,2011-02-13 12:17:00,1.25,16434.0,United Kingdom
543804,22914,BLUE COAT RACK PARIS FASHION,6,2011-02-13 12:17:00,4.95,16434.0,United Kingdom
543804,22173,METAL 4 HOOK HANGER FRENCH CHATEAU,8,2011-02-13 12:17:00,2.95,16434.0,United Kingdom
543804,22822,CREAM WALL PLANTER HEART SHAPED,4,2011-02-13 12:17:00,5.95,16434.0,United Kingdom
543804,21669,BLUE STRIPE CERAMIC DRAWER KNOB,12,2011-02-13 12:17:00,1.25,16434.0,United Kingdom
543804,21671,RED SPOT CERAMIC DRAWER KNOB,12,2011-02-13 12:17:00,1.25,16434.0,United Kingdom
543804,21668,RED STRIPE CERAMIC DRAWER KNOB,12,2011-02-13 12:17:00,1.25,16434.0,United Kingdom
543804,21670,BLUE SPOT CERAMIC DRAWER KNOB,12,2011-02-13 12:17:00,1.25,16434.0,United Kingdom
543804,21673,WHITE SPOT BLUE CERAMIC DRAWER KNOB,12,2011-02-13 12:17:00,1.25,16434.0,United Kingdom
543804,21672,WHITE SPOT RED CERAMIC DRAWER KNOB,12,2011-02-13 12:17:00,1.25,16434.0,United Kingdom
543805,47566,PARTY BUNTING,3,2011-02-13 12:41:00,4.95,17050.0,United Kingdom
543805,21894,POTTING SHED SEED ENVELOPES,3,2011-02-13 12:41:00,1.25,17050.0,United Kingdom
543805,22966,GINGERBREAD MAN COOKIE CUTTER,1,2011-02-13 12:41:00,1.25,17050.0,United Kingdom
543805,22907,PACK OF 20 NAPKINS PANTRY DESIGN,2,2011-02-13 12:41:00,0.85,17050.0,United Kingdom
543805,22557,PLASTERS IN TIN VINTAGE PAISLEY ,4,2011-02-13 12:41:00,1.65,17050.0,United Kingdom
543805,84380,SET OF 3 BUTTERFLY COOKIE CUTTERS,2,2011-02-13 12:41:00,1.25,17050.0,United Kingdom
543805,22965,3 TRADITIONAl BISCUIT CUTTERS  SET,2,2011-02-13 12:41:00,2.1,17050.0,United Kingdom
543805,47503A,ASS FLORAL PRINT MULTI SCREWDRIVER,12,2011-02-13 12:41:00,1.25,17050.0,United Kingdom
543805,22652,TRAVEL SEWING KIT,6,2011-02-13 12:41:00,1.65,17050.0,United Kingdom
543805,22624,IVORY KITCHEN SCALES,1,2011-02-13 12:41:00,8.5,17050.0,United Kingdom
543805,22989,SET 2 PANTRY DESIGN TEA TOWELS,2,2011-02-13 12:41:00,3.25,17050.0,United Kingdom
543805,22990,COTTON APRON PANTRY DESIGN,2,2011-02-13 12:41:00,4.95,17050.0,United Kingdom
543805,22966,GINGERBREAD MAN COOKIE CUTTER,1,2011-02-13 12:41:00,1.25,17050.0,United Kingdom
543805,20996,JAZZ HEARTS ADDRESS BOOK,6,2011-02-13 12:41:00,0.42,17050.0,United Kingdom
543805,21984,PACK OF 12 PINK PAISLEY TISSUES ,12,2011-02-13 12:41:00,0.29,17050.0,United Kingdom
543805,22722,SET OF 6 SPICE TINS PANTRY DESIGN,2,2011-02-13 12:41:00,3.95,17050.0,United Kingdom
543805,21382,SET/4 SPRING FLOWER DECORATION,4,2011-02-13 12:41:00,2.95,17050.0,United Kingdom
543805,22720,SET OF 3 CAKE TINS PANTRY DESIGN ,2,2011-02-13 12:41:00,4.95,17050.0,United Kingdom
543805,85232A,SET/3 POLKADOT STACKING TINS,2,2011-02-13 12:41:00,4.95,17050.0,United Kingdom
543806,21174,POTTERING IN THE SHED METAL SIGN,2,2011-02-13 12:48:00,2.08,17085.0,United Kingdom
543806,21175,GIN + TONIC DIET METAL SIGN,2,2011-02-13 12:48:00,2.55,17085.0,United Kingdom
543806,22413,METAL SIGN TAKE IT OR LEAVE IT ,2,2011-02-13 12:48:00,2.95,17085.0,United Kingdom
543806,21181,PLEASE ONE PERSON METAL SIGN,3,2011-02-13 12:48:00,2.1,17085.0,United Kingdom
543806,22412,METAL SIGN NEIGHBOURHOOD WITCH ,1,2011-02-13 12:48:00,2.1,17085.0,United Kingdom
543806,85150,LADIES & GENTLEMEN METAL SIGN,2,2011-02-13 12:48:00,2.55,17085.0,United Kingdom
543806,85152,HAND OVER THE CHOCOLATE   SIGN ,2,2011-02-13 12:48:00,2.1,17085.0,United Kingdom
543806,82583,HOT BATHS METAL SIGN,2,2011-02-13 12:48:00,2.1,17085.0,United Kingdom
543806,21908,CHOCOLATE THIS WAY METAL SIGN,1,2011-02-13 12:48:00,2.1,17085.0,United Kingdom
543806,82582,AREA PATROLLED METAL SIGN,2,2011-02-13 12:48:00,2.1,17085.0,United Kingdom
543806,21907,I'M ON HOLIDAY METAL SIGN,2,2011-02-13 12:48:00,2.1,17085.0,United Kingdom
543806,22457,NATURAL SLATE HEART CHALKBOARD ,3,2011-02-13 12:48:00,2.95,17085.0,United Kingdom
543806,10002,INFLATABLE POLITICAL GLOBE ,1,2011-02-13 12:48:00,0.85,17085.0,United Kingdom
543806,22193,RED DINER WALL CLOCK,1,2011-02-13 12:48:00,8.5,17085.0,United Kingdom
543806,22192,BLUE DINER WALL CLOCK,1,2011-02-13 12:48:00,8.5,17085.0,United Kingdom
543806,22191,IVORY DINER WALL CLOCK,1,2011-02-13 12:48:00,8.5,17085.0,United Kingdom
543806,22813,PACK 3 BOXES BIRD PANNETONE ,4,2011-02-13 12:48:00,1.95,17085.0,United Kingdom
543806,21733,RED HANGING HEART T-LIGHT HOLDER,4,2011-02-13 12:48:00,2.95,17085.0,United Kingdom
543806,22470,HEART OF WICKER LARGE,4,2011-02-13 12:48:00,2.95,17085.0,United Kingdom
543806,22469,HEART OF WICKER SMALL,4,2011-02-13 12:48:00,1.65,17085.0,United Kingdom
543806,71477,COLOUR GLASS. STAR T-LIGHT HOLDER,1,2011-02-13 12:48:00,3.25,17085.0,United Kingdom
543806,22371,AIRLINE BAG VINTAGE TOKYO 78,2,2011-02-13 12:48:00,4.25,17085.0,United Kingdom
543806,85104,SILVER GLASS T-LIGHT SET,3,2011-02-13 12:48:00,2.95,17085.0,United Kingdom
543806,84949,SILVER HANGING T-LIGHT HOLDER,6,2011-02-13 12:48:00,1.65,17085.0,United Kingdom
543806,22502,PICNIC BASKET WICKER SMALL,2,2011-02-13 12:48:00,5.95,17085.0,United Kingdom
543806,22501,PICNIC BASKET WICKER LARGE,2,2011-02-13 12:48:00,9.95,17085.0,United Kingdom
543806,20966,SANDWICH BATH SPONGE,5,2011-02-13 12:48:00,1.25,17085.0,United Kingdom
543806,79321,CHILLI LIGHTS,3,2011-02-13 12:48:00,5.75,17085.0,United Kingdom
543806,21324,HANGING MEDINA LANTERN SMALL,3,2011-02-13 12:48:00,2.95,17085.0,United Kingdom
543806,20679,EDWARDIAN PARASOL RED,1,2011-02-13 12:48:00,5.95,17085.0,United Kingdom
543806,17021,NAMASTE SWAGAT INCENSE,42,2011-02-13 12:48:00,0.3,17085.0,United Kingdom
543807,22470,HEART OF WICKER LARGE,3,2011-02-13 13:15:00,2.95,14692.0,United Kingdom
543807,20971,PINK BLUE FELT CRAFT TRINKET BOX,3,2011-02-13 13:15:00,1.25,14692.0,United Kingdom
543807,22147,FELTCRAFT BUTTERFLY HEARTS,3,2011-02-13 13:15:00,1.45,14692.0,United Kingdom
543807,22296,HEART IVORY TRELLIS LARGE,12,2011-02-13 13:15:00,1.65,14692.0,United Kingdom
543807,22557,PLASTERS IN TIN VINTAGE PAISLEY ,12,2011-02-13 13:15:00,1.65,14692.0,United Kingdom
543807,22241,GARLAND WOODEN HAPPY EASTER,12,2011-02-13 13:15:00,1.25,14692.0,United Kingdom
543807,20854,BLUE PATCH PURSE PINK HEART,3,2011-02-13 13:15:00,1.65,14692.0,United Kingdom
543807,21992,VINTAGE PAISLEY STATIONERY SET,3,2011-02-13 13:15:00,2.95,14692.0,United Kingdom
543807,20969,RED FLORAL FELTCRAFT SHOULDER BAG,2,2011-02-13 13:15:00,3.75,14692.0,United Kingdom
543807,22271,FELTCRAFT DOLL ROSIE,2,2011-02-13 13:15:00,2.95,14692.0,United Kingdom
543807,22749,FELTCRAFT PRINCESS CHARLOTTE DOLL,3,2011-02-13 13:15:00,3.75,14692.0,United Kingdom
543807,20970,PINK FLORAL FELTCRAFT SHOULDER BAG,3,2011-02-13 13:15:00,3.75,14692.0,United Kingdom
543808,21987,PACK OF 6 SKULL PAPER CUPS,4,2011-02-13 13:22:00,0.65,17454.0,United Kingdom
543808,21086,SET/6 RED SPOTTY PAPER CUPS,4,2011-02-13 13:22:00,0.65,17454.0,United Kingdom
543808,21988,PACK OF 6 SKULL PAPER PLATES,4,2011-02-13 13:22:00,0.85,17454.0,United Kingdom
543808,21989,PACK OF 20 SKULL PAPER NAPKINS,2,2011-02-13 13:22:00,0.85,17454.0,United Kingdom
543808,21213,PACK OF 72 SKULL CAKE CASES,2,2011-02-13 13:22:00,0.55,17454.0,United Kingdom
543808,21212,PACK OF 72 RETROSPOT CAKE CASES,2,2011-02-13 13:22:00,0.55,17454.0,United Kingdom
543808,22551,PLASTERS IN TIN SPACEBOY,1,2011-02-13 13:22:00,1.65,17454.0,United Kingdom
543808,22557,PLASTERS IN TIN VINTAGE PAISLEY ,1,2011-02-13 13:22:00,1.65,17454.0,United Kingdom
543808,22556,PLASTERS IN TIN CIRCUS PARADE ,1,2011-02-13 13:22:00,1.65,17454.0,United Kingdom
543808,22554,PLASTERS IN TIN WOODLAND ANIMALS,1,2011-02-13 13:22:00,1.65,17454.0,United Kingdom
543808,22553,PLASTERS IN TIN SKULLS,1,2011-02-13 13:22:00,1.65,17454.0,United Kingdom
543808,21094,SET/6 RED SPOTTY PAPER PLATES,4,2011-02-13 13:22:00,0.85,17454.0,United Kingdom
543808,21080,SET/20 RED RETROSPOT PAPER NAPKINS ,2,2011-02-13 13:22:00,0.85,17454.0,United Kingdom
543808,22469,HEART OF WICKER SMALL,2,2011-02-13 13:22:00,1.65,17454.0,United Kingdom
543808,22470,HEART OF WICKER LARGE,2,2011-02-13 13:22:00,2.95,17454.0,United Kingdom
543808,79321,CHILLI LIGHTS,1,2011-02-13 13:22:00,5.75,17454.0,United Kingdom
543808,22179,SET 10 LIGHTS NIGHT OWL,1,2011-02-13 13:22:00,6.75,17454.0,United Kingdom
543808,82494L,WOODEN FRAME ANTIQUE WHITE ,2,2011-02-13 13:22:00,2.95,17454.0,United Kingdom
543808,82482,WOODEN PICTURE FRAME WHITE FINISH,2,2011-02-13 13:22:00,2.55,17454.0,United Kingdom
543808,22719,GUMBALL MONOCHROME COAT RACK,2,2011-02-13 13:22:00,1.25,17454.0,United Kingdom
543808,47590B,PINK HAPPY BIRTHDAY BUNTING,1,2011-02-13 13:22:00,5.45,17454.0,United Kingdom
543808,47590A,BLUE HAPPY BIRTHDAY BUNTING,1,2011-02-13 13:22:00,5.45,17454.0,United Kingdom
543808,47566,PARTY BUNTING,1,2011-02-13 13:22:00,4.95,17454.0,United Kingdom
543808,22721,SET OF 3 CAKE TINS SKETCHBOOK,1,2011-02-13 13:22:00,4.95,17454.0,United Kingdom
543808,22720,SET OF 3 CAKE TINS PANTRY DESIGN ,1,2011-02-13 13:22:00,4.95,17454.0,United Kingdom
543808,20725,LUNCH BAG RED RETROSPOT,10,2011-02-13 13:22:00,1.65,17454.0,United Kingdom
543808,85099B,JUMBO BAG RED RETROSPOT,10,2011-02-13 13:22:00,1.95,17454.0,United Kingdom
543808,20724,RED RETROSPOT CHARLOTTE BAG,10,2011-02-13 13:22:00,0.85,17454.0,United Kingdom
543808,21034,REX CASH+CARRY JUMBO SHOPPER,1,2011-02-13 13:22:00,0.95,17454.0,United Kingdom
543809,44089C,LILAC GAUZE BUTTERFLY LAMPSHADE,8,2011-02-13 13:52:00,0.42,17095.0,United Kingdom
543809,44236,PINK/PURPLE CIRCLE CURTAIN,4,2011-02-13 13:52:00,4.65,17095.0,United Kingdom
543809,71038,WHITE HANGING BEADS CANDLE HOLDER,4,2011-02-13 13:52:00,5.45,17095.0,United Kingdom
543809,22507,MEMO BOARD RETROSPOT  DESIGN,2,2011-02-13 13:52:00,4.95,17095.0,United Kingdom
543809,51008,AFGHAN SLIPPER SOCK PAIR,10,2011-02-13 13:52:00,3.45,17095.0,United Kingdom
543809,22505,MEMO BOARD COTTAGE DESIGN,2,2011-02-13 13:52:00,4.95,17095.0,United Kingdom
543809,84029G,KNITTED UNION FLAG HOT WATER BOTTLE,4,2011-02-13 13:52:00,3.75,17095.0,United Kingdom
543809,22835,HOT WATER BOTTLE I AM SO POORLY,2,2011-02-13 13:52:00,4.65,17095.0,United Kingdom
543809,22925,BLUE GIANT GARDEN THERMOMETER,2,2011-02-13 13:52:00,5.95,17095.0,United Kingdom
543809,22926,IVORY GIANT GARDEN THERMOMETER,2,2011-02-13 13:52:00,5.95,17095.0,United Kingdom
543809,22927,GREEN GIANT GARDEN THERMOMETER,2,2011-02-13 13:52:00,5.95,17095.0,United Kingdom
543809,47504K,ENGLISH ROSE GARDEN SECATEURS,2,2011-02-13 13:52:00,1.95,17095.0,United Kingdom
543809,15036,ASSORTED COLOURS SILK FAN,36,2011-02-13 13:52:00,0.75,17095.0,United Kingdom
543809,21465,PINK FLOWER CROCHET FOOD COVER,2,2011-02-13 13:52:00,3.75,17095.0,United Kingdom
543809,21466,RED FLOWER CROCHET FOOD COVER,2,2011-02-13 13:52:00,3.75,17095.0,United Kingdom
543809,21467,CHERRY CROCHET FOOD COVER,2,2011-02-13 13:52:00,3.75,17095.0,United Kingdom
543809,22424,ENAMEL BREAD BIN CREAM,1,2011-02-13 13:52:00,12.75,17095.0,United Kingdom
543809,22561,WOODEN SCHOOL COLOURING SET,4,2011-02-13 13:52:00,1.65,17095.0,United Kingdom
543810,21781,MA CAMPAGNE CUTLERY BOX,1,2011-02-13 14:16:00,14.95,13171.0,United Kingdom
543810,20717,STRAWBERRY SHOPPER BAG,2,2011-02-13 14:16:00,1.25,13171.0,United Kingdom
543810,22843,BISCUIT TIN VINTAGE GREEN,1,2011-02-13 14:16:00,6.75,13171.0,United Kingdom
543810,22720,SET OF 3 CAKE TINS PANTRY DESIGN ,1,2011-02-13 14:16:00,4.95,13171.0,United Kingdom
543810,22841,ROUND CAKE TIN VINTAGE GREEN,1,2011-02-13 14:16:00,7.95,13171.0,United Kingdom
543810,22825,DECORATIVE PLANT POT WITH FRIEZE,2,2011-02-13 14:16:00,7.95,13171.0,United Kingdom
543810,22469,HEART OF WICKER SMALL,1,2011-02-13 14:16:00,1.65,13171.0,United Kingdom
543810,22470,HEART OF WICKER LARGE,1,2011-02-13 14:16:00,2.95,13171.0,United Kingdom
543810,22457,NATURAL SLATE HEART CHALKBOARD ,2,2011-02-13 14:16:00,2.95,13171.0,United Kingdom
543810,84509A,SET OF 4 ENGLISH ROSE PLACEMATS,1,2011-02-13 14:16:00,3.75,13171.0,United Kingdom
543810,84510A,SET OF 4 ENGLISH ROSE COASTERS,1,2011-02-13 14:16:00,1.25,13171.0,United Kingdom
543810,22722,SET OF 6 SPICE TINS PANTRY DESIGN,2,2011-02-13 14:16:00,3.95,13171.0,United Kingdom
543810,22831,WHITE BROCANTE SOAP DISH,2,2011-02-13 14:16:00,2.95,13171.0,United Kingdom
543810,21756,BATH BUILDING BLOCK WORD,1,2011-02-13 14:16:00,5.95,13171.0,United Kingdom
543810,21533,RETROSPOT LARGE MILK JUG,1,2011-02-13 14:16:00,4.95,13171.0,United Kingdom
543810,21260,FIRST AID TIN,1,2011-02-13 14:16:00,3.25,13171.0,United Kingdom
543810,22426,ENAMEL WASH BOWL CREAM,2,2011-02-13 14:16:00,3.75,13171.0,United Kingdom
543810,22494,EMERGENCY FIRST AID TIN ,1,2011-02-13 14:16:00,1.25,13171.0,United Kingdom
543810,21534,DAIRY MAID LARGE MILK JUG,1,2011-02-13 14:16:00,4.95,13171.0,United Kingdom
543810,21385,IVORY HANGING DECORATION  HEART,24,2011-02-13 14:16:00,0.85,13171.0,United Kingdom
543810,21363,HOME SMALL WOOD LETTERS,1,2011-02-13 14:16:00,4.95,13171.0,United Kingdom
543810,22496,SET OF 2 ROUND TINS DUTCH CHEESE,1,2011-02-13 14:16:00,2.95,13171.0,United Kingdom
543810,21034,REX CASH+CARRY JUMBO SHOPPER,2,2011-02-13 14:16:00,0.95,13171.0,United Kingdom
C543811,22423,REGENCY CAKESTAND 3 TIER,-1,2011-02-13 14:28:00,12.75,15640.0,United Kingdom
C543811,22634,CHILDS BREAKFAST SET SPACEBOY ,-1,2011-02-13 14:28:00,9.95,15640.0,United Kingdom
543812,22948,METAL DECORATION NAUGHTY CHILDREN ,24,2011-02-13 14:40:00,0.85,17472.0,United Kingdom
543812,71459,HANGING JAM JAR T-LIGHT HOLDER,12,2011-02-13 14:40:00,0.85,17472.0,United Kingdom
543812,22457,NATURAL SLATE HEART CHALKBOARD ,3,2011-02-13 14:40:00,2.95,17472.0,United Kingdom
543812,22488,NATURAL SLATE RECTANGLE CHALKBOARD,8,2011-02-13 14:40:00,1.65,17472.0,United Kingdom
543812,79321,CHILLI LIGHTS,1,2011-02-13 14:40:00,5.75,17472.0,United Kingdom
543812,21889,WOODEN BOX OF DOMINOES,1,2011-02-13 14:40:00,1.25,17472.0,United Kingdom
543812,22530,MAGIC DRAWING SLATE DOLLY GIRL ,4,2011-02-13 14:40:00,0.42,17472.0,United Kingdom
543812,22285,HANGING HEN ON NEST DECORATION,1,2011-02-13 14:40:00,1.65,17472.0,United Kingdom
543812,85049H,URBAN BLACK RIBBONS ,1,2011-02-13 14:40:00,1.25,17472.0,United Kingdom
543812,21061,PARTY INVITES FOOTBALL,2,2011-02-13 14:40:00,0.85,17472.0,United Kingdom
543812,21058,PARTY INVITES WOODLAND,1,2011-02-13 14:40:00,0.85,17472.0,United Kingdom
543812,22083,PAPER CHAIN KIT RETROSPOT,1,2011-02-13 14:40:00,2.95,17472.0,United Kingdom
543812,22085,PAPER CHAIN KIT SKULLS ,1,2011-02-13 14:40:00,2.95,17472.0,United Kingdom
543812,21584,RETROSPOT SMALL TUBE MATCHES,1,2011-02-13 14:40:00,1.65,17472.0,United Kingdom
543812,21592,RETROSPOT CIGAR BOX MATCHES ,1,2011-02-13 14:40:00,1.25,17472.0,United Kingdom
543812,21164,HOME SWEET HOME METAL SIGN ,1,2011-02-13 14:40:00,2.95,17472.0,United Kingdom
543812,21790,VINTAGE SNAP CARDS,1,2011-02-13 14:40:00,0.85,17472.0,United Kingdom
543812,21868,POTTING SHED TEA MUG,3,2011-02-13 14:40:00,1.25,17472.0,United Kingdom
543812,22948,METAL DECORATION NAUGHTY CHILDREN ,1,2011-02-13 14:40:00,0.85,17472.0,United Kingdom
543812,22914,BLUE COAT RACK PARIS FASHION,1,2011-02-13 14:40:00,4.95,17472.0,United Kingdom
543812,22250,DECORATION  BUTTERFLY  MAGIC GARDEN,2,2011-02-13 14:40:00,0.85,17472.0,United Kingdom
543812,22249,DECORATION WHITE CHICK MAGIC GARDEN,2,2011-02-13 14:40:00,0.85,17472.0,United Kingdom
543812,22242,5 HOOK HANGER MAGIC TOADSTOOL,1,2011-02-13 14:40:00,1.65,17472.0,United Kingdom
543812,22243,5 HOOK HANGER RED MAGIC TOADSTOOL,1,2011-02-13 14:40:00,1.65,17472.0,United Kingdom
543812,47590B,PINK HAPPY BIRTHDAY BUNTING,1,2011-02-13 14:40:00,5.45,17472.0,United Kingdom
543812,47590A,BLUE HAPPY BIRTHDAY BUNTING,1,2011-02-13 14:40:00,5.45,17472.0,United Kingdom
543812,22410,MONEY BOX HOUSEKEEPING DESIGN,4,2011-02-13 14:40:00,1.25,17472.0,United Kingdom
543812,22956,36 FOIL HEART CAKE CASES,1,2011-02-13 14:40:00,2.1,17472.0,United Kingdom
543812,21896,POTTING SHED TWINE,2,2011-02-13 14:40:00,2.1,17472.0,United Kingdom
543812,84978,HANGING HEART JAR T-LIGHT HOLDER,6,2011-02-13 14:40:00,1.25,17472.0,United Kingdom
543812,22667,RECIPE BOX RETROSPOT ,1,2011-02-13 14:40:00,2.95,17472.0,United Kingdom
543812,22722,SET OF 6 SPICE TINS PANTRY DESIGN,1,2011-02-13 14:40:00,3.95,17472.0,United Kingdom
543812,22241,GARLAND WOODEN HAPPY EASTER,2,2011-02-13 14:40:00,1.25,17472.0,United Kingdom
543812,22720,SET OF 3 CAKE TINS PANTRY DESIGN ,2,2011-02-13 14:40:00,4.95,17472.0,United Kingdom
543812,22666,RECIPE BOX PANTRY YELLOW DESIGN,3,2011-02-13 14:40:00,2.95,17472.0,United Kingdom
543812,22477,WATERING CAN GARDEN MARKER,10,2011-02-13 14:40:00,1.25,17472.0,United Kingdom
543812,22456,NATURAL SLATE CHALKBOARD LARGE ,1,2011-02-13 14:40:00,4.95,17472.0,United Kingdom
543812,22488,NATURAL SLATE RECTANGLE CHALKBOARD,2,2011-02-13 14:40:00,1.65,17472.0,United Kingdom
543812,22470,HEART OF WICKER LARGE,1,2011-02-13 14:40:00,2.95,17472.0,United Kingdom
543812,20984,12 PENCILS TALL TUBE POSY,1,2011-02-13 14:40:00,0.85,17472.0,United Kingdom
543812,22555,PLASTERS IN TIN STRONGMAN,1,2011-02-13 14:40:00,1.65,17472.0,United Kingdom
543812,22557,PLASTERS IN TIN VINTAGE PAISLEY ,1,2011-02-13 14:40:00,1.65,17472.0,United Kingdom
543812,21790,VINTAGE SNAP CARDS,1,2011-02-13 14:40:00,0.85,17472.0,United Kingdom
543812,22558,CLOTHES PEGS RETROSPOT PACK 24 ,1,2011-02-13 14:40:00,1.49,17472.0,United Kingdom
543812,22280,POCKET BAG PINK PAISELY BROWN SPOT,2,2011-02-13 14:40:00,1.25,17472.0,United Kingdom
543812,22099,CARAVAN SQUARE TISSUE BOX,1,2011-02-13 14:40:00,1.25,17472.0,United Kingdom
543812,22960,JAM MAKING SET WITH JARS,1,2011-02-13 14:40:00,4.25,17472.0,United Kingdom
543812,82600,NO SINGING METAL SIGN,1,2011-02-13 14:40:00,2.1,17472.0,United Kingdom
543812,21430,SET/3 RED GINGHAM ROSE STORAGE BOX,1,2011-02-13 14:40:00,3.75,17472.0,United Kingdom
543812,84763,ZINC FINISH 15CM PLANTER POTS,4,2011-02-13 14:40:00,1.25,17472.0,United Kingdom
543812,85049E,SCANDINAVIAN REDS RIBBONS,1,2011-02-13 14:40:00,1.25,17472.0,United Kingdom
543812,85049D,BRIGHT BLUES RIBBONS ,1,2011-02-13 14:40:00,1.25,17472.0,United Kingdom
543812,22077,6 RIBBONS RUSTIC CHARM,1,2011-02-13 14:40:00,1.65,17472.0,United Kingdom
543812,85049G,CHOCOLATE BOX RIBBONS ,1,2011-02-13 14:40:00,1.25,17472.0,United Kingdom
543812,85049A,TRADITIONAL CHRISTMAS RIBBONS,1,2011-02-13 14:40:00,1.25,17472.0,United Kingdom
543812,22284,HEN HOUSE DECORATION,1,2011-02-13 14:40:00,1.65,17472.0,United Kingdom
543812,22674,FRENCH TOILET SIGN BLUE METAL,1,2011-02-13 14:40:00,1.25,17472.0,United Kingdom
543812,85214,TUB 24 PINK FLOWER PEGS,2,2011-02-13 14:40:00,1.65,17472.0,United Kingdom
543812,21106,CREAM SLICE FLANNEL CHOCOLATE SPOT ,1,2011-02-13 14:40:00,2.95,17472.0,United Kingdom
543812,84849B,FAIRY SOAP SOAP HOLDER,1,2011-02-13 14:40:00,1.69,17472.0,United Kingdom
543812,22268,EASTER DECORATION SITTING BUNNY,1,2011-02-13 14:40:00,0.85,17472.0,United Kingdom
543812,22925,BLUE GIANT GARDEN THERMOMETER,3,2011-02-13 14:40:00,5.95,17472.0,United Kingdom
543812,22667,RECIPE BOX RETROSPOT ,1,2011-02-13 14:40:00,2.95,17472.0,United Kingdom
543812,22666,RECIPE BOX PANTRY YELLOW DESIGN,1,2011-02-13 14:40:00,2.95,17472.0,United Kingdom
543812,22722,SET OF 6 SPICE TINS PANTRY DESIGN,2,2011-02-13 14:40:00,3.95,17472.0,United Kingdom
543813,21038,SET/4 MODERN VINTAGE COTTON NAPKINS,2,2011-02-13 15:02:00,2.95,16897.0,United Kingdom
543813,22138,BAKING SET 9 PIECE RETROSPOT ,2,2011-02-13 15:02:00,4.95,16897.0,United Kingdom
543813,21876,POTTERING MUG,3,2011-02-13 15:02:00,1.25,16897.0,United Kingdom
543813,85071B,RED CHARLIE+LOLA PERSONAL DOORSIGN,2,2011-02-13 15:02:00,2.95,16897.0,United Kingdom
543813,85071A,BLUE CHARLIE+LOLA PERSONAL DOORSIGN,2,2011-02-13 15:02:00,2.95,16897.0,United Kingdom
543813,22622,BOX OF VINTAGE ALPHABET BLOCKS,2,2011-02-13 15:02:00,9.95,16897.0,United Kingdom
543813,22423,REGENCY CAKESTAND 3 TIER,2,2011-02-13 15:02:00,12.75,16897.0,United Kingdom
543814,21875,KINGS CHOICE MUG,6,2011-02-13 15:17:00,1.25,15640.0,United Kingdom
543814,84987,SET OF 36 TEATIME PAPER DOILIES,24,2011-02-13 15:17:00,1.45,15640.0,United Kingdom
543814,21383,PACK OF 12 STICKY BUNNIES,48,2011-02-13 15:17:00,0.65,15640.0,United Kingdom
543814,20751,FUNKY WASHING UP GLOVES ASSORTED,12,2011-02-13 15:17:00,2.1,15640.0,United Kingdom
543814,22281,EASTER TREE YELLOW BIRDS,4,2011-02-13 15:17:00,5.95,15640.0,United Kingdom
543814,22957,SET 3 PAPER VINTAGE CHICK PAPER EGG,10,2011-02-13 15:17:00,2.95,15640.0,United Kingdom
543814,84991,60 TEATIME FAIRY CAKE CASES,24,2011-02-13 15:17:00,0.55,15640.0,United Kingdom
543814,21212,PACK OF 72 RETROSPOT CAKE CASES,24,2011-02-13 15:17:00,0.55,15640.0,United Kingdom
543814,22971,QUEENS GUARD COFFEE MUG,12,2011-02-13 15:17:00,2.55,15640.0,United Kingdom
543814,22636,CHILDS BREAKFAST SET CIRCUS PARADE,4,2011-02-13 15:17:00,8.5,15640.0,United Kingdom
543814,22084,PAPER CHAIN KIT EMPIRE,6,2011-02-13 15:17:00,2.95,15640.0,United Kingdom
543814,21457,2 PICTURE BOOK EGGS EASTER DUCKS,24,2011-02-13 15:17:00,1.25,15640.0,United Kingdom
543814,22988,SOLDIERS EGG CUP ,6,2011-02-13 15:17:00,1.25,15640.0,United Kingdom
543814,22972,CHILDREN'S SPACEBOY MUG,6,2011-02-13 15:17:00,1.65,15640.0,United Kingdom
543814,21975,PACK OF 60 DINOSAUR CAKE CASES,48,2011-02-13 15:17:00,0.55,15640.0,United Kingdom
543814,22241,GARLAND WOODEN HAPPY EASTER,24,2011-02-13 15:17:00,1.25,15640.0,United Kingdom
543814,21843,RED RETROSPOT CAKE STAND,24,2011-02-13 15:17:00,9.95,15640.0,United Kingdom
543814,22423,REGENCY CAKESTAND 3 TIER,16,2011-02-13 15:17:00,10.95,15640.0,United Kingdom
543814,22585,PACK OF 6 BIRDY GIFT TAGS,12,2011-02-13 15:17:00,1.25,15640.0,United Kingdom
543814,48184,DOORMAT ENGLISH ROSE ,6,2011-02-13 15:17:00,7.95,15640.0,United Kingdom
543814,79321,CHILLI LIGHTS,6,2011-02-13 15:17:00,5.75,15640.0,United Kingdom
543814,22089,PAPER BUNTING VINTAGE PAISLEY,6,2011-02-13 15:17:00,2.95,15640.0,United Kingdom
543814,22088,PAPER BUNTING COLOURED LACE,12,2011-02-13 15:17:00,2.95,15640.0,United Kingdom
543814,22084,PAPER CHAIN KIT EMPIRE,6,2011-02-13 15:17:00,2.95,15640.0,United Kingdom
543814,22087,PAPER BUNTING WHITE LACE,12,2011-02-13 15:17:00,2.95,15640.0,United Kingdom
543815,22443,GROW YOUR OWN HERBS SET OF 3,1,2011-02-13 15:18:00,7.95,17255.0,United Kingdom
543815,21896,POTTING SHED TWINE,2,2011-02-13 15:18:00,2.1,17255.0,United Kingdom
543815,21894,POTTING SHED SEED ENVELOPES,4,2011-02-13 15:18:00,1.25,17255.0,United Kingdom
543815,21709,FOLDING UMBRELLA CHOCOLATE POLKADOT,1,2011-02-13 15:18:00,4.95,17255.0,United Kingdom
543815,22488,NATURAL SLATE RECTANGLE CHALKBOARD,3,2011-02-13 15:18:00,1.65,17255.0,United Kingdom
543815,22185,SLATE TILE NATURAL HANGING,3,2011-02-13 15:18:00,1.65,17255.0,United Kingdom
543815,21900,"KEY FOB , SHED",3,2011-02-13 15:18:00,0.65,17255.0,United Kingdom
543815,82600,NO SINGING METAL SIGN,1,2011-02-13 15:18:00,2.1,17255.0,United Kingdom
543815,82583,HOT BATHS METAL SIGN,1,2011-02-13 15:18:00,2.1,17255.0,United Kingdom
543815,21181,PLEASE ONE PERSON METAL SIGN,1,2011-02-13 15:18:00,2.1,17255.0,United Kingdom
543815,82551,LAUNDRY 15C METAL SIGN,2,2011-02-13 15:18:00,1.45,17255.0,United Kingdom
543815,82580,BATHROOM METAL SIGN,2,2011-02-13 15:18:00,0.55,17255.0,United Kingdom
543815,82578,KITCHEN METAL SIGN,2,2011-02-13 15:18:00,0.55,17255.0,United Kingdom
543815,82581,TOILET METAL SIGN,2,2011-02-13 15:18:00,0.55,17255.0,United Kingdom
543815,21894,POTTING SHED SEED ENVELOPES,2,2011-02-13 15:18:00,1.25,17255.0,United Kingdom
543815,22916,HERB MARKER THYME,2,2011-02-13 15:18:00,0.65,17255.0,United Kingdom
543815,21124,SET/10 BLUE POLKADOT PARTY CANDLES,2,2011-02-13 15:18:00,1.25,17255.0,United Kingdom
543815,21123,SET/10 IVORY POLKADOT PARTY CANDLES,2,2011-02-13 15:18:00,1.25,17255.0,United Kingdom
543815,21122,SET/10 PINK POLKADOT PARTY CANDLES,2,2011-02-13 15:18:00,1.25,17255.0,United Kingdom
543815,22938,CUPCAKE LACE PAPER SET 6,1,2011-02-13 15:18:00,1.95,17255.0,United Kingdom
543815,22919,HERB MARKER MINT,2,2011-02-13 15:18:00,0.65,17255.0,United Kingdom
543815,22917,HERB MARKER ROSEMARY,2,2011-02-13 15:18:00,0.65,17255.0,United Kingdom
543815,22918,HERB MARKER PARSLEY,2,2011-02-13 15:18:00,0.65,17255.0,United Kingdom
543815,22921,HERB MARKER CHIVES ,2,2011-02-13 15:18:00,0.65,17255.0,United Kingdom
543815,22920,HERB MARKER BASIL,2,2011-02-13 15:18:00,0.65,17255.0,United Kingdom
543815,21896,POTTING SHED TWINE,2,2011-02-13 15:18:00,2.1,17255.0,United Kingdom
543815,22231,JIGSAW TREE WITH BIRDHOUSE,2,2011-02-13 15:18:00,1.45,17255.0,United Kingdom
543815,22230,JIGSAW TREE WITH WATERING CAN,2,2011-02-13 15:18:00,0.85,17255.0,United Kingdom
543815,22233,JIGSAW RABBIT AND BIRDHOUSE,2,2011-02-13 15:18:00,1.65,17255.0,United Kingdom
543815,22283,6 EGG HOUSE PAINTED WOOD,1,2011-02-13 15:18:00,7.95,17255.0,United Kingdom
543815,21383,PACK OF 12 STICKY BUNNIES,3,2011-02-13 15:18:00,0.65,17255.0,United Kingdom
543815,22148,EASTER CRAFT 4 CHICKS ,2,2011-02-13 15:18:00,1.95,17255.0,United Kingdom
543815,84459A,PINK METAL CHICKEN HEART ,2,2011-02-13 15:18:00,1.49,17255.0,United Kingdom
543815,84531B,BLUE KNITTED EGG COSY,2,2011-02-13 15:18:00,1.95,17255.0,United Kingdom
543815,84531A,PINK KNITTED EGG COSY,2,2011-02-13 15:18:00,1.95,17255.0,United Kingdom
543815,84459B,YELLOW METAL CHICKEN HEART ,2,2011-02-13 15:18:00,1.49,17255.0,United Kingdom
543815,22861,EASTER TIN CHICKS IN GARDEN,2,2011-02-13 15:18:00,1.65,17255.0,United Kingdom
543815,22860,EASTER TIN CHICKS PINK DAISY,2,2011-02-13 15:18:00,1.65,17255.0,United Kingdom
543816,47422,ASSORTED MONKEY SUCTION CUP HOOK,12,2011-02-13 15:26:00,0.42,17841.0,United Kingdom
543816,22131,FOOD CONTAINER SET 3 LOVE HEART ,2,2011-02-13 15:26:00,1.95,17841.0,United Kingdom
543816,20829,GLITTER HANGING BUTTERFLY STRING,1,2011-02-13 15:26:00,2.1,17841.0,United Kingdom
543816,22087,PAPER BUNTING WHITE LACE,3,2011-02-13 15:26:00,2.95,17841.0,United Kingdom
543816,22087,PAPER BUNTING WHITE LACE,3,2011-02-13 15:26:00,2.95,17841.0,United Kingdom
543816,47590A,BLUE HAPPY BIRTHDAY BUNTING,1,2011-02-13 15:26:00,5.45,17841.0,United Kingdom
543816,47480,HANGING PHOTO CLIP ROPE LADDER,1,2011-02-13 15:26:00,1.65,17841.0,United Kingdom
543816,21670,BLUE SPOT CERAMIC DRAWER KNOB,1,2011-02-13 15:26:00,1.25,17841.0,United Kingdom
543816,21672,WHITE SPOT RED CERAMIC DRAWER KNOB,1,2011-02-13 15:26:00,1.25,17841.0,United Kingdom
543816,21673,WHITE SPOT BLUE CERAMIC DRAWER KNOB,4,2011-02-13 15:26:00,1.25,17841.0,United Kingdom
543816,85038,6 CHOCOLATE LOVE HEART T-LIGHTS,1,2011-02-13 15:26:00,2.1,17841.0,United Kingdom
543816,72800E,4 IVORY DINNER CANDLES SILVER FLOCK,2,2011-02-13 15:26:00,2.55,17841.0,United Kingdom
543816,84849D,HOT BATHS SOAP HOLDER,1,2011-02-13 15:26:00,1.69,17841.0,United Kingdom
543816,22954,HEN PARTY CORDON BARRIER TAPE,5,2011-02-13 15:26:00,1.25,17841.0,United Kingdom
543816,22953,BIRTHDAY PARTY CORDON BARRIER TAPE,3,2011-02-13 15:26:00,1.25,17841.0,United Kingdom
543816,22677,FRENCH BLUE METAL DOOR SIGN 2,3,2011-02-13 15:26:00,1.25,17841.0,United Kingdom
543816,22672,FRENCH BATHROOM SIGN BLUE METAL,1,2011-02-13 15:26:00,1.65,17841.0,United Kingdom
543816,22680,FRENCH BLUE METAL DOOR SIGN 5,1,2011-02-13 15:26:00,1.25,17841.0,United Kingdom
543816,22676,FRENCH BLUE METAL DOOR SIGN 1,1,2011-02-13 15:26:00,1.25,17841.0,United Kingdom
543816,21041,RED RETROSPOT OVEN GLOVE DOUBLE,1,2011-02-13 15:26:00,2.95,17841.0,United Kingdom
543816,21035,SET/2 RED RETROSPOT TEA TOWELS ,2,2011-02-13 15:26:00,3.25,17841.0,United Kingdom
543816,22475,SKULL DESIGN TV DINNER TRAY,5,2011-02-13 15:26:00,4.95,17841.0,United Kingdom
C543817,22179,SET 10 LIGHTS NIGHT OWL,-1,2011-02-13 15:28:00,6.75,17841.0,United Kingdom
C543817,22558,CLOTHES PEGS RETROSPOT PACK 24 ,-2,2011-02-13 15:28:00,1.49,17841.0,United Kingdom
C543817,79160,HEART SHAPE WIRELESS DOORBELL,-2,2011-02-13 15:28:00,2.1,17841.0,United Kingdom
C543818,21038,SET/4 MODERN VINTAGE COTTON NAPKINS,-2,2011-02-13 15:45:00,2.95,16897.0,United Kingdom
C543818,85071B,RED CHARLIE+LOLA PERSONAL DOORSIGN,-2,2011-02-13 15:45:00,2.95,16897.0,United Kingdom
C543818,85071A,BLUE CHARLIE+LOLA PERSONAL DOORSIGN,-2,2011-02-13 15:45:00,2.95,16897.0,United Kingdom
C543818,22622,BOX OF VINTAGE ALPHABET BLOCKS,-2,2011-02-13 15:45:00,9.95,16897.0,United Kingdom
C543818,22423,REGENCY CAKESTAND 3 TIER,-2,2011-02-13 15:45:00,12.75,16897.0,United Kingdom
C543818,22138,BAKING SET 9 PIECE RETROSPOT ,-2,2011-02-13 15:45:00,4.95,16897.0,United Kingdom
C543818,21876,POTTERING MUG,-3,2011-02-13 15:45:00,1.25,16897.0,United Kingdom
C543819,21289,LARGE STRIPES CHOCOLATE GIFT BAG,-16,2011-02-13 16:04:00,1.25,16928.0,United Kingdom
C543819,22839,3 TIER CAKE TIN GREEN AND CREAM,-2,2011-02-13 16:04:00,14.95,16928.0,United Kingdom
C543819,22838,3 TIER CAKE TIN RED AND CREAM,-1,2011-02-13 16:04:00,14.95,16928.0,United Kingdom
543820,22520,CHILDS GARDEN TROWEL BLUE ,1,2011-02-13 16:05:00,0.85,16084.0,United Kingdom
543820,22934,BAKING MOULD EASTER EGG WHITE CHOC,2,2011-02-13 16:05:00,2.95,16084.0,United Kingdom
543820,72351B,SET/6 PINK  BUTTERFLY T-LIGHTS,2,2011-02-13 16:05:00,2.1,16084.0,United Kingdom
543820,85049F,BABY BOOM RIBBONS ,2,2011-02-13 16:05:00,1.25,16084.0,United Kingdom
543820,22521,CHILDS GARDEN TROWEL PINK,1,2011-02-13 16:05:00,0.85,16084.0,United Kingdom
543820,22523,CHILDS GARDEN FORK PINK,1,2011-02-13 16:05:00,0.85,16084.0,United Kingdom
543820,22522,CHILDS GARDEN FORK BLUE ,1,2011-02-13 16:05:00,0.85,16084.0,United Kingdom
543820,22249,DECORATION WHITE CHICK MAGIC GARDEN,12,2011-02-13 16:05:00,0.85,16084.0,United Kingdom
543820,22251,BIRDHOUSE DECORATION MAGIC GARDEN,6,2011-02-13 16:05:00,1.25,16084.0,United Kingdom
543820,85194L,HANGING SPRING FLOWER EGG LARGE,12,2011-02-13 16:05:00,0.85,16084.0,United Kingdom
543820,22241,GARLAND WOODEN HAPPY EASTER,6,2011-02-13 16:05:00,1.25,16084.0,United Kingdom
543820,22487,WHITE WOOD GARDEN PLANT LADDER,1,2011-02-13 16:05:00,9.95,16084.0,United Kingdom
543820,22208,WOOD STAMP SET THANK YOU,8,2011-02-13 16:05:00,1.65,16084.0,United Kingdom
543820,84375,SET OF 20 KIDS COOKIE CUTTERS,4,2011-02-13 16:05:00,2.1,16084.0,United Kingdom
543820,22148,EASTER CRAFT 4 CHICKS ,2,2011-02-13 16:05:00,1.95,16084.0,United Kingdom
543820,21975,PACK OF 60 DINOSAUR CAKE CASES,1,2011-02-13 16:05:00,0.55,16084.0,United Kingdom
543820,21716,BOYS VINTAGE TIN SEASIDE BUCKET,4,2011-02-13 16:05:00,2.55,16084.0,United Kingdom
543820,22860,EASTER TIN CHICKS PINK DAISY,12,2011-02-13 16:05:00,1.65,16084.0,United Kingdom
543820,22858,EASTER TIN KEEPSAKE,12,2011-02-13 16:05:00,1.65,16084.0,United Kingdom
543820,22423,REGENCY CAKESTAND 3 TIER,1,2011-02-13 16:05:00,12.75,16084.0,United Kingdom
543820,84459B,YELLOW METAL CHICKEN HEART ,12,2011-02-13 16:05:00,1.49,16084.0,United Kingdom
543820,21232,STRAWBERRY CERAMIC TRINKET BOX,4,2011-02-13 16:05:00,1.25,16084.0,United Kingdom
543820,22795,SWEETHEART RECIPE BOOK STAND,4,2011-02-13 16:05:00,6.75,16084.0,United Kingdom
543820,22515,CHILDS GARDEN SPADE PINK,1,2011-02-13 16:05:00,2.1,16084.0,United Kingdom
543820,22514,CHILDS GARDEN SPADE BLUE,1,2011-02-13 16:05:00,2.1,16084.0,United Kingdom
543820,21108,FAIRY CAKE FLANNEL ASSORTED COLOUR,18,2011-02-13 16:05:00,2.55,16084.0,United Kingdom
543820,21415,CLAM SHELL SMALL ,4,2011-02-13 16:05:00,2.1,16084.0,United Kingdom
543820,21257,VICTORIAN SEWING BOX MEDIUM,2,2011-02-13 16:05:00,7.95,16084.0,United Kingdom
543820,21259,VICTORIAN SEWING BOX SMALL ,2,2011-02-13 16:05:00,5.95,16084.0,United Kingdom
543820,85034C,3 ROSE MORRIS BOXED CANDLES,6,2011-02-13 16:05:00,4.25,16084.0,United Kingdom
543820,72807B,SET/3 OCEAN SCENT CANDLE JEWEL BOX,6,2011-02-13 16:05:00,4.25,16084.0,United Kingdom
543820,84806B,WHITE CANDYSTUFT ARTIFICIAL FLOWER,12,2011-02-13 16:05:00,1.45,16084.0,United Kingdom
543820,84806A,PINK CANDYSTUFT ARTIFICIAL FLOWER,12,2011-02-13 16:05:00,1.45,16084.0,United Kingdom
543820,22149,FELTCRAFT 6 FLOWER FRIENDS,6,2011-02-13 16:05:00,2.1,16084.0,United Kingdom
543820,22147,FELTCRAFT BUTTERFLY HEARTS,6,2011-02-13 16:05:00,1.45,16084.0,United Kingdom
543820,84826,ASSTD DESIGN 3D PAPER STICKERS,6,2011-02-13 16:05:00,0.85,16084.0,United Kingdom
543820,22444,GROW YOUR OWN PLANT IN A CAN ,16,2011-02-13 16:05:00,1.25,16084.0,United Kingdom
543820,22642,SET OF 4 NAPKIN CHARMS STARS   ,7,2011-02-13 16:05:00,2.55,16084.0,United Kingdom
