InvoiceNo,StockCode,Description,Quantity,InvoiceDate,UnitPrice,CustomerID,Country
564558,15056BL,EDWARDIAN PARASOL BLACK,3,2011-08-26 08:59:00,5.95,12704.0,Finland
564558,15056P,EDWARDIAN PARASOL PINK,3,2011-08-26 08:59:00,5.95,12704.0,Finland
564558,85099B,JUMBO BAG RED RETROSPOT,10,2011-08-26 08:59:00,2.08,12704.0,Finland
564558,21731,RED TOADSTOOL LED NIGHT LIGHT,12,2011-08-26 08:59:00,1.65,12704.0,Finland
564558,84970S,HANGING HEART ZINC T-LIGHT HOLDER,24,2011-08-26 08:59:00,0.85,12704.0,Finland
564558,23203,JUMBO BAG VINTAGE DOILY ,10,2011-08-26 08:59:00,2.08,12704.0,Finland
564558,21080,SET/20 RED RETROSPOT PAPER NAPKINS ,12,2011-08-26 08:59:00,0.85,12704.0,Finland
564558,23145,ZINC T-LIGHT HOLDER STAR LARGE,12,2011-08-26 08:59:00,0.95,12704.0,Finland
564558,20977,36 PENCILS TUBE WOODLAND,16,2011-08-26 08:59:00,1.25,12704.0,Finland
564558,20979,36 PENCILS TUBE RED RETROSPOT,16,2011-08-26 08:59:00,1.25,12704.0,Finland
564558,22414,DOORMAT NEIGHBOURHOOD WITCH ,2,2011-08-26 08:59:00,7.95,12704.0,Finland
564558,20685,DOORMAT RED RETROSPOT,2,2011-08-26 08:59:00,7.95,12704.0,Finland
564558,22487,WHITE WOOD GARDEN PLANT LADDER,1,2011-08-26 08:59:00,9.95,12704.0,Finland
564558,20750,RED RETROSPOT MINI CASES,2,2011-08-26 08:59:00,7.95,12704.0,Finland
564558,23322,LARGE WHITE HEART OF WICKER,12,2011-08-26 08:59:00,2.95,12704.0,Finland
564558,21430,SET/3 RED GINGHAM ROSE STORAGE BOX,4,2011-08-26 08:59:00,3.75,12704.0,Finland
564558,22779,WOODEN OWLS LIGHT GARLAND ,4,2011-08-26 08:59:00,4.25,12704.0,Finland
564558,23328,SET 6 SCHOOL MILK BOTTLES IN CRATE,4,2011-08-26 08:59:00,3.75,12704.0,Finland
564558,84970L,SINGLE HEART ZINC T-LIGHT HOLDER,12,2011-08-26 08:59:00,0.95,12704.0,Finland
564558,POST,POSTAGE,2,2011-08-26 08:59:00,40.0,12704.0,Finland
564559,20969,RED FLORAL FELTCRAFT SHOULDER BAG,4,2011-08-26 09:37:00,3.75,15811.0,United Kingdom
564559,22147,FELTCRAFT BUTTERFLY HEARTS,12,2011-08-26 09:37:00,1.45,15811.0,United Kingdom
564559,22568,FELTCRAFT CUSHION OWL,4,2011-08-26 09:37:00,3.75,15811.0,United Kingdom
564559,85014A,BLACK/BLUE POLKADOT UMBRELLA,3,2011-08-26 09:37:00,5.95,15811.0,United Kingdom
564559,15056BL,EDWARDIAN PARASOL BLACK,3,2011-08-26 09:37:00,5.95,15811.0,United Kingdom
564559,15056P,EDWARDIAN PARASOL PINK,3,2011-08-26 09:37:00,5.95,15811.0,United Kingdom
564559,22983,CARD BILLBOARD FONT,12,2011-08-26 09:37:00,0.42,15811.0,United Kingdom
564559,22452,MEASURING TAPE BABUSHKA PINK,6,2011-08-26 09:37:00,2.95,15811.0,United Kingdom
564559,22271,FELTCRAFT DOLL ROSIE,12,2011-08-26 09:37:00,2.95,15811.0,United Kingdom
564559,22749,FELTCRAFT PRINCESS CHARLOTTE DOLL,4,2011-08-26 09:37:00,3.75,15811.0,United Kingdom
564559,22411,JUMBO SHOPPER VINTAGE RED PAISLEY,10,2011-08-26 09:37:00,2.08,15811.0,United Kingdom
564559,23202,JUMBO BAG VINTAGE LEAF,10,2011-08-26 09:37:00,2.08,15811.0,United Kingdom
564559,22423,REGENCY CAKESTAND 3 TIER,2,2011-08-26 09:37:00,12.75,15811.0,United Kingdom
564559,20970,PINK FLORAL FELTCRAFT SHOULDER BAG,4,2011-08-26 09:37:00,3.75,15811.0,United Kingdom
564559,22570,FELTCRAFT CUSHION RABBIT,4,2011-08-26 09:37:00,3.75,15811.0,United Kingdom
564559,22569,FELTCRAFT CUSHION BUTTERFLY,4,2011-08-26 09:37:00,3.75,15811.0,United Kingdom
564559,21982,PACK OF 12 SUKI TISSUES ,24,2011-08-26 09:37:00,0.29,15811.0,United Kingdom
564559,22113,GREY HEART HOT WATER BOTTLE,4,2011-08-26 09:37:00,3.75,15811.0,United Kingdom
564559,22111,SCOTTIE DOG HOT WATER BOTTLE,3,2011-08-26 09:37:00,4.95,15811.0,United Kingdom
564559,22210,WOOD STAMP SET BEST WISHES,12,2011-08-26 09:37:00,0.83,15811.0,United Kingdom
564559,22208,WOOD STAMP SET THANK YOU,12,2011-08-26 09:37:00,0.83,15811.0,United Kingdom
564559,22209,WOOD STAMP SET HAPPY BIRTHDAY,12,2011-08-26 09:37:00,0.83,15811.0,United Kingdom
564559,37327,ASSTD MULTICOLOUR CIRCLES MUG,48,2011-08-26 09:37:00,0.39,15811.0,United Kingdom
564559,85017B,ENVELOPE 50 BLOSSOM IMAGES,12,2011-08-26 09:37:00,0.42,15811.0,United Kingdom
564559,85032A,ROMANTIC IMAGES GIFT WRAP SET,12,2011-08-26 09:37:00,0.65,15811.0,United Kingdom
564559,85032B,BLOSSOM IMAGES GIFT WRAP SET,24,2011-08-26 09:37:00,0.65,15811.0,United Kingdom
564559,85014B,RED RETROSPOT UMBRELLA,3,2011-08-26 09:37:00,5.95,15811.0,United Kingdom
564559,84879,ASSORTED COLOUR BIRD ORNAMENT,8,2011-08-26 09:37:00,1.69,15811.0,United Kingdom
564559,22333,RETROSPOT PARTY BAG + STICKER SET,8,2011-08-26 09:37:00,1.65,15811.0,United Kingdom
564559,15056N,EDWARDIAN PARASOL NATURAL,3,2011-08-26 09:37:00,5.95,15811.0,United Kingdom
564559,21932,SCANDINAVIAN PAISLEY PICNIC BAG,10,2011-08-26 09:37:00,1.65,15811.0,United Kingdom
564560,22460,EMBOSSED GLASS TEALIGHT HOLDER,24,2011-08-26 09:55:00,1.25,16184.0,United Kingdom
564560,22178,VICTORIAN GLASS HANGING T-LIGHT,36,2011-08-26 09:55:00,1.25,16184.0,United Kingdom
564560,84946,ANTIQUE SILVER T-LIGHT GLASS,24,2011-08-26 09:55:00,1.25,16184.0,United Kingdom
564561,23354,6 GIFT TAGS 50'S CHRISTMAS ,36,2011-08-26 09:55:00,0.83,13340.0,United Kingdom
564561,23350,ROLL WRAP VINTAGE SPOT ,72,2011-08-26 09:55:00,1.04,13340.0,United Kingdom
564561,23351,ROLL WRAP 50'S CHRISTMAS,72,2011-08-26 09:55:00,1.04,13340.0,United Kingdom
564561,23352,ROLL WRAP 50'S RED CHRISTMAS ,72,2011-08-26 09:55:00,1.04,13340.0,United Kingdom
564561,23355,HOT WATER BOTTLE KEEP CALM,48,2011-08-26 09:55:00,4.15,13340.0,United Kingdom
564561,23431,NATURAL HANGING QUILTED HEARTS ,576,2011-08-26 09:55:00,0.72,13340.0,United Kingdom
564561,23324,RUSTIC STRAWBERRY JAMPOT LARGE ,48,2011-08-26 09:55:00,1.85,13340.0,United Kingdom
564562,23263,SET OF 3 WOODEN HEART DECORATIONS,12,2011-08-26 09:58:00,1.25,15203.0,United Kingdom
564562,23322,LARGE WHITE HEART OF WICKER,6,2011-08-26 09:58:00,2.95,15203.0,United Kingdom
564562,22233,JIGSAW RABBIT AND BIRDHOUSE,12,2011-08-26 09:58:00,0.59,15203.0,United Kingdom
564562,22231,JIGSAW TREE WITH BIRDHOUSE,12,2011-08-26 09:58:00,0.59,15203.0,United Kingdom
564562,85132C,CHARLIE AND LOLA FIGURES TINS,12,2011-08-26 09:58:00,1.95,15203.0,United Kingdom
564562,23199,JUMBO BAG APPLES,10,2011-08-26 09:58:00,2.08,15203.0,United Kingdom
564562,23200,JUMBO BAG PEARS,10,2011-08-26 09:58:00,2.08,15203.0,United Kingdom
564562,23202,JUMBO BAG VINTAGE LEAF,10,2011-08-26 09:58:00,2.08,15203.0,United Kingdom
564562,23203,JUMBO BAG VINTAGE DOILY ,10,2011-08-26 09:58:00,2.08,15203.0,United Kingdom
564562,85099F,JUMBO BAG STRAWBERRY,10,2011-08-26 09:58:00,2.08,15203.0,United Kingdom
564562,23344,JUMBO BAG 50'S CHRISTMAS ,10,2011-08-26 09:58:00,2.08,15203.0,United Kingdom
564562,22661,CHARLOTTE BAG DOLLY GIRL DESIGN,10,2011-08-26 09:58:00,0.85,15203.0,United Kingdom
564562,22355,CHARLOTTE BAG SUKI DESIGN,10,2011-08-26 09:58:00,0.85,15203.0,United Kingdom
564562,22356,CHARLOTTE BAG PINK POLKADOT,10,2011-08-26 09:58:00,0.85,15203.0,United Kingdom
564562,23204,CHARLOTTE BAG APPLES DESIGN,10,2011-08-26 09:58:00,0.85,15203.0,United Kingdom
564562,23205,CHARLOTTE BAG VINTAGE ALPHABET ,10,2011-08-26 09:58:00,0.85,15203.0,United Kingdom
564562,22384,LUNCH BAG PINK POLKADOT,10,2011-08-26 09:58:00,1.65,15203.0,United Kingdom
564562,23206,LUNCH BAG APPLE DESIGN,10,2011-08-26 09:58:00,1.65,15203.0,United Kingdom
564562,23208,LUNCH BAG VINTAGE LEAF DESIGN,10,2011-08-26 09:58:00,1.65,15203.0,United Kingdom
564562,22662,LUNCH BAG DOLLY GIRL DESIGN,10,2011-08-26 09:58:00,1.65,15203.0,United Kingdom
564562,22712,CARD DOLLY GIRL ,12,2011-08-26 09:58:00,0.42,15203.0,United Kingdom
564562,22815,CARD PSYCHEDELIC APPLES,12,2011-08-26 09:58:00,0.42,15203.0,United Kingdom
564562,23329,DECORATIVE WICKER HEART LARGE,12,2011-08-26 09:58:00,1.65,15203.0,United Kingdom
564563,84946,ANTIQUE SILVER T-LIGHT GLASS,144,2011-08-26 10:32:00,1.06,13630.0,United Kingdom
564563,21012,ANTIQUE ALL GLASS CANDLESTICK,30,2011-08-26 10:32:00,2.1,13630.0,United Kingdom
564563,22791,T-LIGHT GLASS FLUTED ANTIQUE,72,2011-08-26 10:32:00,1.06,13630.0,United Kingdom
564563,23221,REINDEER HEART DECORATION SILVER,12,2011-08-26 10:32:00,0.83,13630.0,United Kingdom
564564,21232,STRAWBERRY CERAMIC TRINKET BOX,48,2011-08-26 10:50:00,1.25,13003.0,United Kingdom
564565,21888,BINGO SET,4,2011-08-26 10:50:00,3.75,14911.0,EIRE
564565,85053,FRENCH ENAMEL CANDLEHOLDER,12,2011-08-26 10:50:00,2.1,14911.0,EIRE
564565,21212,PACK OF 72 RETROSPOT CAKE CASES,48,2011-08-26 10:50:00,0.55,14911.0,EIRE
564565,21975,PACK OF 60 DINOSAUR CAKE CASES,24,2011-08-26 10:50:00,0.55,14911.0,EIRE
564565,22417,PACK OF 60 SPACEBOY CAKE CASES,24,2011-08-26 10:50:00,0.55,14911.0,EIRE
564565,84992,72 SWEETHEART FAIRY CAKE CASES,48,2011-08-26 10:50:00,0.55,14911.0,EIRE
564565,84991,60 TEATIME FAIRY CAKE CASES,24,2011-08-26 10:50:00,0.55,14911.0,EIRE
564565,23245,SET OF 3 REGENCY CAKE TINS,8,2011-08-26 10:50:00,4.95,14911.0,EIRE
564565,22196,SMALL HEART MEASURING SPOONS,12,2011-08-26 10:50:00,0.85,14911.0,EIRE
564565,22195,LARGE HEART MEASURING SPOONS,12,2011-08-26 10:50:00,1.65,14911.0,EIRE
564565,23302,KNEELING MAT HOUSEWORK  DESIGN,12,2011-08-26 10:50:00,1.65,14911.0,EIRE
564565,22423,REGENCY CAKESTAND 3 TIER,4,2011-08-26 10:50:00,12.75,14911.0,EIRE
564565,20914,SET/5 RED RETROSPOT LID GLASS BOWLS,12,2011-08-26 10:50:00,2.95,14911.0,EIRE
564565,21408,SPOTTY PINK DUCK DOORSTOP,3,2011-08-26 10:50:00,4.25,14911.0,EIRE
564565,22558,CLOTHES PEGS RETROSPOT PACK 24 ,12,2011-08-26 10:50:00,1.65,14911.0,EIRE
564565,21524,DOORMAT SPOTTY HOME SWEET HOME,2,2011-08-26 10:50:00,7.95,14911.0,EIRE
564565,48184,DOORMAT ENGLISH ROSE ,2,2011-08-26 10:50:00,7.95,14911.0,EIRE
564565,22197,POPCORN HOLDER,12,2011-08-26 10:50:00,0.85,14911.0,EIRE
564565,22595,GINGHAM HEART DECORATION,12,2011-08-26 10:50:00,0.85,14911.0,EIRE
564565,22796,PHOTO FRAME 3 CLASSIC HANGING,4,2011-08-26 10:50:00,9.95,14911.0,EIRE
564565,84849A,HELLO SAILOR BLUE SOAP HOLDER,12,2011-08-26 10:50:00,1.69,14911.0,EIRE
564565,22907,PACK OF 20 NAPKINS PANTRY DESIGN,36,2011-08-26 10:50:00,0.85,14911.0,EIRE
564565,22851,SET 20 NAPKINS FAIRY CAKES DESIGN ,36,2011-08-26 10:50:00,0.85,14911.0,EIRE
564565,21080,SET/20 RED RETROSPOT PAPER NAPKINS ,24,2011-08-26 10:50:00,0.85,14911.0,EIRE
564565,22794,SWEETHEART WIRE MAGAZINE RACK,2,2011-08-26 10:50:00,7.95,14911.0,EIRE
564565,21114,LAVENDER SCENTED FABRIC HEART,10,2011-08-26 10:50:00,1.25,14911.0,EIRE
564565,23226,FILIGREE HEART DAISY WHITE,24,2011-08-26 10:50:00,1.25,14911.0,EIRE
564565,22426,ENAMEL WASH BOWL CREAM,4,2011-08-26 10:50:00,3.75,14911.0,EIRE
564565,85059,FRENCH ENAMEL WATER BASIN,4,2011-08-26 10:50:00,3.75,14911.0,EIRE
564565,23168,CLASSIC CAFE SUGAR DISPENSER,12,2011-08-26 10:50:00,1.25,14911.0,EIRE
564565,21356,TOAST ITS - FAIRY FLOWER,12,2011-08-26 10:50:00,1.25,14911.0,EIRE
564565,23133,LARGE IVORY HEART WALL ORGANISER,2,2011-08-26 10:50:00,8.25,14911.0,EIRE
564565,22557,PLASTERS IN TIN VINTAGE PAISLEY ,12,2011-08-26 10:50:00,1.65,14911.0,EIRE
564565,22623,BOX OF VINTAGE JIGSAW BLOCKS ,3,2011-08-26 10:50:00,5.95,14911.0,EIRE
564565,23110,PARISIENNE KEY CABINET ,2,2011-08-26 10:50:00,5.75,14911.0,EIRE
564565,22173,METAL 4 HOOK HANGER FRENCH CHATEAU,8,2011-08-26 10:50:00,2.95,14911.0,EIRE
564565,47503A,ASS FLORAL PRINT MULTI SCREWDRIVER,24,2011-08-26 10:50:00,0.42,14911.0,EIRE
564565,84926A,WAKE UP COCKEREL TILE COASTER,24,2011-08-26 10:50:00,0.29,14911.0,EIRE
564565,22312,OFFICE MUG WARMER POLKADOT,6,2011-08-26 10:50:00,2.95,14911.0,EIRE
564565,22556,PLASTERS IN TIN CIRCUS PARADE ,12,2011-08-26 10:50:00,1.65,14911.0,EIRE
564565,21098,CHRISTMAS TOILET ROLL,12,2011-08-26 10:50:00,1.25,14911.0,EIRE
C564571,22505,MEMO BOARD COTTAGE DESIGN,-1,2011-08-26 11:14:00,4.95,14606.0,United Kingdom
564572,23240,SET OF 4 KNICK KNACK TINS DOILY ,6,2011-08-26 11:18:00,4.15,15078.0,United Kingdom
564572,23236,STORAGE TIN VINTAGE DOILY ,6,2011-08-26 11:18:00,2.89,15078.0,United Kingdom
564572,23209,LUNCH BAG VINTAGE DOILY ,10,2011-08-26 11:18:00,1.65,15078.0,United Kingdom
564572,23207,LUNCH BAG ALPHABET DESIGN,10,2011-08-26 11:18:00,1.65,15078.0,United Kingdom
564572,23203,JUMBO BAG VINTAGE DOILY ,20,2011-08-26 11:18:00,2.08,15078.0,United Kingdom
564572,23202,JUMBO BAG VINTAGE LEAF,20,2011-08-26 11:18:00,2.08,15078.0,United Kingdom
564572,22993,SET OF 4 PANTRY JELLY MOULDS,12,2011-08-26 11:18:00,1.25,15078.0,United Kingdom
564572,22961,JAM MAKING SET PRINTED,12,2011-08-26 11:18:00,1.45,15078.0,United Kingdom
564572,22662,LUNCH BAG DOLLY GIRL DESIGN,10,2011-08-26 11:18:00,1.65,15078.0,United Kingdom
564572,22383,LUNCH BAG SUKI DESIGN ,10,2011-08-26 11:18:00,1.65,15078.0,United Kingdom
564572,22382,LUNCH BAG SPACEBOY DESIGN ,10,2011-08-26 11:18:00,1.65,15078.0,United Kingdom
564572,22384,LUNCH BAG PINK POLKADOT,10,2011-08-26 11:18:00,1.65,15078.0,United Kingdom
564572,22379,RECYCLING BAG RETROSPOT ,10,2011-08-26 11:18:00,2.1,15078.0,United Kingdom
564572,22411,JUMBO SHOPPER VINTAGE RED PAISLEY,10,2011-08-26 11:18:00,2.08,15078.0,United Kingdom
564572,22386,JUMBO BAG PINK POLKADOT,10,2011-08-26 11:18:00,2.08,15078.0,United Kingdom
564572,21931,JUMBO STORAGE BAG SUKI,20,2011-08-26 11:18:00,2.08,15078.0,United Kingdom
564572,21928,JUMBO BAG SCANDINAVIAN BLUE PAISLEY,10,2011-08-26 11:18:00,2.08,15078.0,United Kingdom
564572,21212,PACK OF 72 RETROSPOT CAKE CASES,24,2011-08-26 11:18:00,0.55,15078.0,United Kingdom
564572,20713,JUMBO BAG OWLS,20,2011-08-26 11:18:00,2.08,15078.0,United Kingdom
564572,20711,JUMBO BAG TOYS ,10,2011-08-26 11:18:00,2.08,15078.0,United Kingdom
564572,20725,LUNCH BAG RED RETROSPOT,10,2011-08-26 11:18:00,1.65,15078.0,United Kingdom
564572,85099F,JUMBO BAG STRAWBERRY,20,2011-08-26 11:18:00,2.08,15078.0,United Kingdom
564572,20712,JUMBO BAG WOODLAND ANIMALS,10,2011-08-26 11:18:00,2.08,15078.0,United Kingdom
564572,85099B,JUMBO BAG RED RETROSPOT,20,2011-08-26 11:18:00,2.08,15078.0,United Kingdom
564573,84849D,HOT BATHS SOAP HOLDER,2,2011-08-26 11:19:00,1.69,14606.0,United Kingdom
564573,21216,"SET 3 RETROSPOT TEA,COFFEE,SUGAR",1,2011-08-26 11:19:00,4.95,14606.0,United Kingdom
564573,21528,DAIRY MAID TRADITIONAL TEAPOT ,1,2011-08-26 11:19:00,6.95,14606.0,United Kingdom
564573,22379,RECYCLING BAG RETROSPOT ,4,2011-08-26 11:19:00,2.1,14606.0,United Kingdom
564573,20728,LUNCH BAG CARS BLUE,1,2011-08-26 11:19:00,1.65,14606.0,United Kingdom
564573,20717,STRAWBERRY SHOPPER BAG,1,2011-08-26 11:19:00,1.25,14606.0,United Kingdom
564573,21935,SUKI  SHOULDER BAG,1,2011-08-26 11:19:00,1.65,14606.0,United Kingdom
564573,21539,RED RETROSPOT BUTTER DISH,1,2011-08-26 11:19:00,4.95,14606.0,United Kingdom
564573,47566,PARTY BUNTING,1,2011-08-26 11:19:00,4.95,14606.0,United Kingdom
564573,21481,FAWN BLUE HOT WATER BOTTLE,2,2011-08-26 11:19:00,2.95,14606.0,United Kingdom
564573,22466,FAIRY TALE COTTAGE NIGHTLIGHT,1,2011-08-26 11:19:00,1.95,14606.0,United Kingdom
564573,21381,MINI WOODEN HAPPY BIRTHDAY GARLAND,2,2011-08-26 11:19:00,1.69,14606.0,United Kingdom
564573,22996,TRAVEL CARD WALLET VINTAGE TICKET,1,2011-08-26 11:19:00,0.42,14606.0,United Kingdom
564573,23002,TRAVEL CARD WALLET SKULLS,1,2011-08-26 11:19:00,0.42,14606.0,United Kingdom
564573,20718,RED RETROSPOT SHOPPER BAG,1,2011-08-26 11:19:00,1.25,14606.0,United Kingdom
564573,21154,RED RETROSPOT OVEN GLOVE ,1,2011-08-26 11:19:00,1.25,14606.0,United Kingdom
564573,84971S,SMALL HEART FLOWERS HOOK ,1,2011-08-26 11:19:00,0.85,14606.0,United Kingdom
564573,20985,HEART CALCULATOR,1,2011-08-26 11:19:00,1.25,14606.0,United Kingdom
564573,22200,FRYING PAN PINK POLKADOT,1,2011-08-26 11:19:00,4.25,14606.0,United Kingdom
564573,85176,SEWING SUSAN 21 NEEDLE SET,1,2011-08-26 11:19:00,0.85,14606.0,United Kingdom
564573,22201,FRYING PAN BLUE POLKADOT,1,2011-08-26 11:19:00,4.25,14606.0,United Kingdom
564573,22207,FRYING PAN UNION FLAG,1,2011-08-26 11:19:00,4.25,14606.0,United Kingdom
564573,82580,BATHROOM METAL SIGN,3,2011-08-26 11:19:00,0.55,14606.0,United Kingdom
564573,21901,"KEY FOB , BACK DOOR ",1,2011-08-26 11:19:00,0.65,14606.0,United Kingdom
564573,85129D,BEADED CRYSTAL HEART PINK SMALL,1,2011-08-26 11:19:00,1.25,14606.0,United Kingdom
564573,22348,TEA BAG PLATE RED RETROSPOT,2,2011-08-26 11:19:00,0.85,14606.0,United Kingdom
564573,22302,COFFEE MUG PEARS  DESIGN,1,2011-08-26 11:19:00,2.55,14606.0,United Kingdom
564573,22227,HANGING HEART MIRROR DECORATION ,5,2011-08-26 11:19:00,0.65,14606.0,United Kingdom
564573,22196,SMALL HEART MEASURING SPOONS,2,2011-08-26 11:19:00,0.85,14606.0,United Kingdom
564573,48111,DOORMAT 3 SMILEY CATS,1,2011-08-26 11:19:00,7.95,14606.0,United Kingdom
564573,21293,MIRRORED DOVE WALL DECORATION,2,2011-08-26 11:19:00,2.1,14606.0,United Kingdom
564573,20749,ASSORTED COLOUR MINI CASES,2,2011-08-26 11:19:00,7.95,14606.0,United Kingdom
564573,22069,BROWN  PIRATE TREASURE CHEST ,1,2011-08-26 11:19:00,1.65,14606.0,United Kingdom
564574,22966,GINGERBREAD MAN COOKIE CUTTER,12,2011-08-26 11:19:00,1.25,15078.0,United Kingdom
564583,22197,POPCORN HOLDER,600,2011-08-26 11:24:00,0.72,17949.0,United Kingdom
C564592,23082,SET 6 PAPER TABLE LANTERN HEARTS ,-4,2011-08-26 11:27:00,3.29,13408.0,United Kingdom
564614,23313,VINTAGE CHRISTMAS BUNTING,10,2011-08-26 11:35:00,4.95,13994.0,United Kingdom
564614,47566,PARTY BUNTING,8,2011-08-26 11:35:00,4.95,13994.0,United Kingdom
564614,23298,SPOTTY BUNTING,3,2011-08-26 11:35:00,4.95,13994.0,United Kingdom
564614,84879,ASSORTED COLOUR BIRD ORNAMENT,16,2011-08-26 11:35:00,1.69,13994.0,United Kingdom
564626,85123A,WHITE HANGING HEART T-LIGHT HOLDER,12,2011-08-26 11:40:00,2.95,18167.0,United Kingdom
564626,85066,CREAM SWEETHEART MINI CHEST,6,2011-08-26 11:40:00,10.95,18167.0,United Kingdom
564626,22795,SWEETHEART RECIPE BOOK STAND,6,2011-08-26 11:40:00,5.95,18167.0,United Kingdom
564626,22637,PIGGY BANK RETROSPOT ,12,2011-08-26 11:40:00,2.1,18167.0,United Kingdom
564626,22070,SMALL RED RETROSPOT MUG IN BOX ,12,2011-08-26 11:40:00,3.39,18167.0,United Kingdom
564626,21844,RED RETROSPOT MUG,12,2011-08-26 11:40:00,2.55,18167.0,United Kingdom
564626,21843,RED RETROSPOT CAKE STAND,6,2011-08-26 11:40:00,9.95,18167.0,United Kingdom
564626,21539,RED RETROSPOT BUTTER DISH,12,2011-08-26 11:40:00,4.25,18167.0,United Kingdom
564626,21533,RETROSPOT LARGE MILK JUG,12,2011-08-26 11:40:00,4.25,18167.0,United Kingdom
564626,21531,RED RETROSPOT SUGAR JAM BOWL,6,2011-08-26 11:40:00,2.1,18167.0,United Kingdom
564626,21216,"SET 3 RETROSPOT TEA,COFFEE,SUGAR",12,2011-08-26 11:40:00,4.25,18167.0,United Kingdom
564626,20914,SET/5 RED RETROSPOT LID GLASS BOWLS,8,2011-08-26 11:40:00,2.55,18167.0,United Kingdom
564626,21218,RED SPOTTY BISCUIT TIN,6,2011-08-26 11:40:00,3.25,18167.0,United Kingdom
564627,22910,PAPER CHAIN KIT VINTAGE CHRISTMAS,6,2011-08-26 11:47:00,2.95,15132.0,United Kingdom
564627,23217,LAUREL HEART ANTIQUE SILVER,12,2011-08-26 11:47:00,1.25,15132.0,United Kingdom
564627,23216,LAUREL HEART ANTIQUE GOLD,12,2011-08-26 11:47:00,1.25,15132.0,United Kingdom
564627,23224,CHERUB HEART DECORATION GOLD,12,2011-08-26 11:47:00,0.83,15132.0,United Kingdom
564627,23225,CHERUB HEART DECORATION SILVER ,12,2011-08-26 11:47:00,0.83,15132.0,United Kingdom
564627,23220,REINDEER HEART DECORATION GOLD,12,2011-08-26 11:47:00,0.83,15132.0,United Kingdom
564627,23221,REINDEER HEART DECORATION SILVER,12,2011-08-26 11:47:00,0.83,15132.0,United Kingdom
564627,23222,CHRISTMAS TREE HANGING GOLD,12,2011-08-26 11:47:00,0.83,15132.0,United Kingdom
564627,23223,CHRISTMAS TREE HANGING SILVER ,12,2011-08-26 11:47:00,0.83,15132.0,United Kingdom
564627,23274,STAR T-LIGHT HOLDER WILLIE WINKIE,12,2011-08-26 11:47:00,1.65,15132.0,United Kingdom
564627,23272,TREE T-LIGHT HOLDER WILLIE WINKIE,12,2011-08-26 11:47:00,1.65,15132.0,United Kingdom
564627,35970,ZINC FOLKART SLEIGH BELLS,12,2011-08-26 11:47:00,1.69,15132.0,United Kingdom
564627,22113,GREY HEART HOT WATER BOTTLE,4,2011-08-26 11:47:00,3.75,15132.0,United Kingdom
564627,22111,SCOTTIE DOG HOT WATER BOTTLE,3,2011-08-26 11:47:00,4.95,15132.0,United Kingdom
564627,21485,RETROSPOT HEART HOT WATER BOTTLE,3,2011-08-26 11:47:00,4.95,15132.0,United Kingdom
564627,84406B,CREAM CUPID HEARTS COAT HANGER,4,2011-08-26 11:47:00,4.15,15132.0,United Kingdom
564627,23310,BUBBLEGUM RING ASSORTED,36,2011-08-26 11:47:00,0.42,15132.0,United Kingdom
564627,22866,HAND WARMER SCOTTY DOG DESIGN,12,2011-08-26 11:47:00,2.1,15132.0,United Kingdom
564627,22865,HAND WARMER OWL DESIGN,12,2011-08-26 11:47:00,2.1,15132.0,United Kingdom
564627,20728,LUNCH BAG CARS BLUE,10,2011-08-26 11:47:00,1.65,15132.0,United Kingdom
564627,20726,LUNCH BAG WOODLAND,10,2011-08-26 11:47:00,1.65,15132.0,United Kingdom
564627,21791,VINTAGE HEADS AND TAILS CARD GAME ,12,2011-08-26 11:47:00,1.25,15132.0,United Kingdom
564627,21790,VINTAGE SNAP CARDS,12,2011-08-26 11:47:00,0.85,15132.0,United Kingdom
564628,90143,SILVER BRACELET W PASTEL FLOWER,1,2011-08-26 11:47:00,7.5,,United Kingdom
564629,22427,ENAMEL FLOWER JUG CREAM,96,2011-08-26 11:48:00,5.45,14866.0,United Kingdom
564629,21192,WHITE BELL HONEYCOMB PAPER ,288,2011-08-26 11:48:00,1.45,14866.0,United Kingdom
564630,84924A,WAKE UP COCKEREL CALENDAR SIGN ,4,2011-08-26 11:53:00,3.75,13644.0,United Kingdom
564630,22115,METAL SIGN EMPIRE TEA,12,2011-08-26 11:53:00,0.79,13644.0,United Kingdom
564630,20795,LARGE BLUE PROVENCAL CERAMIC BALL,6,2011-08-26 11:53:00,2.1,13644.0,United Kingdom
564630,23096,PETIT TRAY CHIC,12,2011-08-26 11:53:00,1.65,13644.0,United Kingdom
564630,21770,OPEN CLOSED METAL SIGN,2,2011-08-26 11:53:00,4.95,13644.0,United Kingdom
564630,21164,HOME SWEET HOME METAL SIGN ,6,2011-08-26 11:53:00,2.95,13644.0,United Kingdom
564630,21114,LAVENDER SCENTED FABRIC HEART,10,2011-08-26 11:53:00,1.25,13644.0,United Kingdom
564630,21390,FILIGRIS HEART WITH BUTTERFLY,24,2011-08-26 11:53:00,1.25,13644.0,United Kingdom
564630,22595,GINGHAM HEART DECORATION,12,2011-08-26 11:53:00,0.85,13644.0,United Kingdom
564630,22297,HEART IVORY TRELLIS SMALL,24,2011-08-26 11:53:00,1.25,13644.0,United Kingdom
564630,23322,LARGE WHITE HEART OF WICKER,12,2011-08-26 11:53:00,2.95,13644.0,United Kingdom
564630,23333,IVORY WICKER HEART MEDIUM,12,2011-08-26 11:53:00,1.25,13644.0,United Kingdom
564630,23332,IVORY WICKER HEART LARGE,12,2011-08-26 11:53:00,1.65,13644.0,United Kingdom
564630,23329,DECORATIVE WICKER HEART LARGE,12,2011-08-26 11:53:00,1.65,13644.0,United Kingdom
564630,23330,DECORATIVE WICKER HEART MEDIUM,12,2011-08-26 11:53:00,1.25,13644.0,United Kingdom
564630,23331,DECORATIVE WICKER HEART SMALL,48,2011-08-26 11:53:00,0.63,13644.0,United Kingdom
564630,23334,IVORY WICKER HEART SMALL,48,2011-08-26 11:53:00,0.63,13644.0,United Kingdom
564630,23313,VINTAGE CHRISTMAS BUNTING,5,2011-08-26 11:53:00,4.95,13644.0,United Kingdom
564630,47566,PARTY BUNTING,4,2011-08-26 11:53:00,4.95,13644.0,United Kingdom
564630,23298,SPOTTY BUNTING,3,2011-08-26 11:53:00,4.95,13644.0,United Kingdom
564630,21135,VICTORIAN  METAL POSTCARD SPRING,8,2011-08-26 11:53:00,1.69,13644.0,United Kingdom
564630,23323,WHITE WICKER STAR ,6,2011-08-26 11:53:00,2.1,13644.0,United Kingdom
564630,23165,LARGE CERAMIC TOP STORAGE JAR,12,2011-08-26 11:53:00,1.65,13644.0,United Kingdom
564630,23167,SMALL CERAMIC TOP STORAGE JAR ,12,2011-08-26 11:53:00,0.83,13644.0,United Kingdom
564630,23166,MEDIUM CERAMIC TOP STORAGE JAR,12,2011-08-26 11:53:00,1.25,13644.0,United Kingdom
564630,22427,ENAMEL FLOWER JUG CREAM,3,2011-08-26 11:53:00,5.95,13644.0,United Kingdom
564630,23300,GARDENERS KNEELING PAD CUP OF TEA ,12,2011-08-26 11:53:00,1.65,13644.0,United Kingdom
564630,23301,GARDENERS KNEELING PAD KEEP CALM ,12,2011-08-26 11:53:00,1.65,13644.0,United Kingdom
564630,22457,NATURAL SLATE HEART CHALKBOARD ,6,2011-08-26 11:53:00,2.95,13644.0,United Kingdom
564630,23328,SET 6 SCHOOL MILK BOTTLES IN CRATE,4,2011-08-26 11:53:00,3.75,13644.0,United Kingdom
564630,23355,HOT WATER BOTTLE KEEP CALM,4,2011-08-26 11:53:00,4.95,13644.0,United Kingdom
564630,23326,HANGING MINI COLOURED BOTTLES,48,2011-08-26 11:53:00,0.63,13644.0,United Kingdom
564630,23356,LOVE HOT WATER BOTTLE,3,2011-08-26 11:53:00,5.95,13644.0,United Kingdom
564630,23130,MISTLETOE HEART WREATH GREEN,4,2011-08-26 11:53:00,4.15,13644.0,United Kingdom
564630,35961,FOLKART ZINC HEART CHRISTMAS DEC,12,2011-08-26 11:53:00,0.85,13644.0,United Kingdom
564630,84352,SILVER CHRISTMAS TREE BAUBLE STAND ,2,2011-08-26 11:53:00,16.95,13644.0,United Kingdom
564630,22574,HEART WOODEN CHRISTMAS DECORATION,12,2011-08-26 11:53:00,0.85,13644.0,United Kingdom
564630,22577,WOODEN HEART CHRISTMAS SCANDINAVIAN,12,2011-08-26 11:53:00,0.85,13644.0,United Kingdom
564630,22593,CHRISTMAS GINGHAM STAR,12,2011-08-26 11:53:00,0.85,13644.0,United Kingdom
564630,22594,CHRISTMAS GINGHAM TREE,12,2011-08-26 11:53:00,0.85,13644.0,United Kingdom
564630,21802,CHRISTMAS TREE HEART DECORATION,36,2011-08-26 11:53:00,0.42,13644.0,United Kingdom
564630,21803,CHRISTMAS TREE STAR DECORATION,36,2011-08-26 11:53:00,0.42,13644.0,United Kingdom
564630,21801,CHRISTMAS TREE DECORATION WITH BELL,36,2011-08-26 11:53:00,0.42,13644.0,United Kingdom
564630,22572,ROCKING HORSE GREEN CHRISTMAS ,12,2011-08-26 11:53:00,0.85,13644.0,United Kingdom
564630,22571,ROCKING HORSE RED CHRISTMAS ,12,2011-08-26 11:53:00,0.85,13644.0,United Kingdom
564630,23210,WHITE ROCKING HORSE HAND PAINTED,24,2011-08-26 11:53:00,1.25,13644.0,United Kingdom
564630,20956,PORCELAIN T-LIGHT HOLDERS ASSORTED,12,2011-08-26 11:53:00,1.25,13644.0,United Kingdom
564630,22580,ADVENT CALENDAR GINGHAM SACK,3,2011-08-26 11:53:00,5.95,13644.0,United Kingdom
564631,23312,VINTAGE CHRISTMAS GIFT SACK,4,2011-08-26 11:54:00,4.15,17451.0,United Kingdom
564631,22114,HOT WATER BOTTLE TEA AND SYMPATHY,4,2011-08-26 11:54:00,3.95,17451.0,United Kingdom
564631,23313,VINTAGE CHRISTMAS BUNTING,5,2011-08-26 11:54:00,4.95,17451.0,United Kingdom
564631,20728,LUNCH BAG CARS BLUE,10,2011-08-26 11:54:00,1.65,17451.0,United Kingdom
564631,23206,LUNCH BAG APPLE DESIGN,10,2011-08-26 11:54:00,1.65,17451.0,United Kingdom
564631,23209,LUNCH BAG DOILEY PATTERN ,10,2011-08-26 11:54:00,1.65,17451.0,United Kingdom
564631,23208,LUNCH BAG VINTAGE LEAF DESIGN,10,2011-08-26 11:54:00,1.65,17451.0,United Kingdom
564631,23197,SKETCHBOOK MAGNETIC SHOPPING LIST,12,2011-08-26 11:54:00,1.45,17451.0,United Kingdom
564631,23431,NATURAL HANGING QUILTED HEARTS ,12,2011-08-26 11:54:00,0.83,17451.0,United Kingdom
564631,22189,CREAM HEART CARD HOLDER,4,2011-08-26 11:54:00,3.95,17451.0,United Kingdom
564631,23196,VINTAGE LEAF MAGNETIC NOTEPAD,12,2011-08-26 11:54:00,1.45,17451.0,United Kingdom
564631,23308,SET OF 60 VINTAGE LEAF CAKE CASES ,24,2011-08-26 11:54:00,0.55,17451.0,United Kingdom
564631,23239,SET OF 4 KNICK KNACK TINS POPPIES,6,2011-08-26 11:54:00,4.15,17451.0,United Kingdom
564631,23191,BUNDLE OF 3 RETRO NOTE BOOKS,12,2011-08-26 11:54:00,1.65,17451.0,United Kingdom
564631,22086,PAPER CHAIN KIT 50'S CHRISTMAS ,6,2011-08-26 11:54:00,2.95,17451.0,United Kingdom
564631,23353,6 GIFT TAGS VINTAGE CHRISTMAS ,12,2011-08-26 11:54:00,0.83,17451.0,United Kingdom
564631,22952,60 CAKE CASES VINTAGE CHRISTMAS,24,2011-08-26 11:54:00,0.55,17451.0,United Kingdom
564631,22909,SET OF 20 VINTAGE CHRISTMAS NAPKINS,12,2011-08-26 11:54:00,0.85,17451.0,United Kingdom
564631,22588,CARD HOLDER GINGHAM HEART,6,2011-08-26 11:54:00,2.89,17451.0,United Kingdom
564631,21096,SET/6 FRUIT SALAD  PAPER PLATES,12,2011-08-26 11:54:00,0.39,17451.0,United Kingdom
564631,21088,SET/6 FRUIT SALAD PAPER CUPS,24,2011-08-26 11:54:00,0.19,17451.0,United Kingdom
564631,21985,PACK OF 12 HEARTS DESIGN TISSUES ,24,2011-08-26 11:54:00,0.29,17451.0,United Kingdom
564631,22469,HEART OF WICKER SMALL,12,2011-08-26 11:54:00,1.65,17451.0,United Kingdom
564632,72801C,4 ROSE PINK DINNER CANDLES,12,2011-08-26 11:58:00,1.25,16556.0,United Kingdom
564632,22847,BREAD BIN DINER STYLE IVORY,1,2011-08-26 11:58:00,16.95,16556.0,United Kingdom
564632,22427,ENAMEL FLOWER JUG CREAM,3,2011-08-26 11:58:00,5.95,16556.0,United Kingdom
564632,21340,CLASSIC METAL BIRDCAGE PLANT HOLDER,1,2011-08-26 11:58:00,12.75,16556.0,United Kingdom
564632,84879,ASSORTED COLOUR BIRD ORNAMENT,16,2011-08-26 11:58:00,1.69,16556.0,United Kingdom
564632,22028,PENNY FARTHING BIRTHDAY CARD,12,2011-08-26 11:58:00,0.42,16556.0,United Kingdom
564632,21500,PINK POLKADOT WRAP ,25,2011-08-26 11:58:00,0.42,16556.0,United Kingdom
564632,22715,CARD WEDDING DAY,12,2011-08-26 11:58:00,0.42,16556.0,United Kingdom
564632,22192,BLUE DINER WALL CLOCK,2,2011-08-26 11:58:00,8.5,16556.0,United Kingdom
564632,23316,RED REFECTORY CLOCK ,2,2011-08-26 11:58:00,9.95,16556.0,United Kingdom
564632,23315,IVORY REFECTORY CLOCK,2,2011-08-26 11:58:00,9.95,16556.0,United Kingdom
564632,23317,BLUE REFECTORY CLOCK ,2,2011-08-26 11:58:00,9.95,16556.0,United Kingdom
564632,23111,PARISIENNE SEWING BOX,1,2011-08-26 11:58:00,12.5,16556.0,United Kingdom
564632,22090,PAPER BUNTING RETROSPOT,6,2011-08-26 11:58:00,2.95,16556.0,United Kingdom
564632,47566,PARTY BUNTING,12,2011-08-26 11:58:00,4.95,16556.0,United Kingdom
564632,22984,CARD GINGHAM ROSE ,12,2011-08-26 11:58:00,0.42,16556.0,United Kingdom
564632,22714,CARD BIRTHDAY COWBOY,12,2011-08-26 11:58:00,0.42,16556.0,United Kingdom
564632,22030,SWALLOWS GREETING CARD,12,2011-08-26 11:58:00,0.42,16556.0,United Kingdom
564632,21519,GIN & TONIC DIET GREETING CARD ,12,2011-08-26 11:58:00,0.42,16556.0,United Kingdom
564632,23298,SPOTTY BUNTING,6,2011-08-26 11:58:00,4.95,16556.0,United Kingdom
564632,85123A,WHITE HANGING HEART T-LIGHT HOLDER,12,2011-08-26 11:58:00,2.95,16556.0,United Kingdom
564632,20685,DOORMAT RED RETROSPOT,2,2011-08-26 11:58:00,7.95,16556.0,United Kingdom
564632,21524,DOORMAT SPOTTY HOME SWEET HOME,2,2011-08-26 11:58:00,7.95,16556.0,United Kingdom
564632,48184,DOORMAT ENGLISH ROSE ,2,2011-08-26 11:58:00,7.95,16556.0,United Kingdom
564632,48194,DOORMAT HEARTS,2,2011-08-26 11:58:00,7.95,16556.0,United Kingdom
564632,82484,WOOD BLACK BOARD ANT WHITE FINISH,2,2011-08-26 11:58:00,7.95,16556.0,United Kingdom
564632,84836,ZINC METAL HEART DECORATION,12,2011-08-26 11:58:00,1.25,16556.0,United Kingdom
564632,22692,DOORMAT WELCOME TO OUR HOME,2,2011-08-26 11:58:00,7.95,16556.0,United Kingdom
564633,23084,,400,2011-08-26 12:14:00,0.0,,United Kingdom
564634,82567,"AIRLINE LOUNGE,METAL SIGN",6,2011-08-26 12:36:00,2.1,14210.0,United Kingdom
564634,82578,KITCHEN METAL SIGN,12,2011-08-26 12:36:00,0.55,14210.0,United Kingdom
564634,82551,LAUNDRY 15C METAL SIGN,12,2011-08-26 12:36:00,1.45,14210.0,United Kingdom
564634,21217,RED RETROSPOT ROUND CAKE TINS,1,2011-08-26 12:36:00,9.95,14210.0,United Kingdom
564634,21535,RED RETROSPOT SMALL MILK JUG,6,2011-08-26 12:36:00,2.55,14210.0,United Kingdom
564634,20718,RED RETROSPOT SHOPPER BAG,10,2011-08-26 12:36:00,1.25,14210.0,United Kingdom
564634,23298,SPOTTY BUNTING,6,2011-08-26 12:36:00,4.95,14210.0,United Kingdom
564634,82484,WOOD BLACK BOARD ANT WHITE FINISH,2,2011-08-26 12:36:00,7.95,14210.0,United Kingdom
564634,22457,NATURAL SLATE HEART CHALKBOARD ,6,2011-08-26 12:36:00,2.95,14210.0,United Kingdom
564634,22115,METAL SIGN EMPIRE TEA,12,2011-08-26 12:36:00,0.79,14210.0,United Kingdom
564634,22116,METAL SIGN HIS DINNER IS SERVED,12,2011-08-26 12:36:00,0.79,14210.0,United Kingdom
564634,21905,MORE BUTTER METAL SIGN ,12,2011-08-26 12:36:00,0.79,14210.0,United Kingdom
564634,23245,SET OF 3 REGENCY CAKE TINS,4,2011-08-26 12:36:00,4.95,14210.0,United Kingdom
564634,47566,PARTY BUNTING,8,2011-08-26 12:36:00,4.95,14210.0,United Kingdom
564634,22423,REGENCY CAKESTAND 3 TIER,4,2011-08-26 12:36:00,12.75,14210.0,United Kingdom
564634,21539,RED RETROSPOT BUTTER DISH,6,2011-08-26 12:36:00,4.95,14210.0,United Kingdom
564635,20724,RED RETROSPOT CHARLOTTE BAG,10,2011-08-26 12:41:00,0.85,15615.0,United Kingdom
564635,85099B,JUMBO BAG RED RETROSPOT,20,2011-08-26 12:41:00,2.08,15615.0,United Kingdom
564635,23298,SPOTTY BUNTING,3,2011-08-26 12:41:00,4.95,15615.0,United Kingdom
564635,84991,60 TEATIME FAIRY CAKE CASES,24,2011-08-26 12:41:00,0.55,15615.0,United Kingdom
564635,23199,JUMBO BAG APPLES,10,2011-08-26 12:41:00,2.08,15615.0,United Kingdom
564635,23204,CHARLOTTE BAG APPLES DESIGN,10,2011-08-26 12:41:00,0.85,15615.0,United Kingdom
564635,23182,TOILET SIGN OCCUPIED OR VACANT,24,2011-08-26 12:41:00,0.83,15615.0,United Kingdom
564635,22185,SLATE TILE NATURAL HANGING,12,2011-08-26 12:41:00,1.65,15615.0,United Kingdom
564635,22488,NATURAL SLATE RECTANGLE CHALKBOARD,12,2011-08-26 12:41:00,1.65,15615.0,United Kingdom
564635,22457,NATURAL SLATE HEART CHALKBOARD ,6,2011-08-26 12:41:00,2.95,15615.0,United Kingdom
564635,23300,GARDENERS KNEELING PAD CUP OF TEA ,24,2011-08-26 12:41:00,1.65,15615.0,United Kingdom
564635,23301,GARDENERS KNEELING PAD KEEP CALM ,24,2011-08-26 12:41:00,1.65,15615.0,United Kingdom
564635,47566,PARTY BUNTING,4,2011-08-26 12:41:00,4.95,15615.0,United Kingdom
564635,82552,WASHROOM METAL SIGN,12,2011-08-26 12:41:00,1.45,15615.0,United Kingdom
564635,84978,HANGING HEART JAR T-LIGHT HOLDER,12,2011-08-26 12:41:00,1.25,15615.0,United Kingdom
564635,23061,VINTAGE EMBOSSED HEART,12,2011-08-26 12:41:00,1.25,15615.0,United Kingdom
564635,21918,SET 12 KIDS COLOUR  CHALK STICKS,24,2011-08-26 12:41:00,0.42,15615.0,United Kingdom
564635,21917,SET 12 KIDS  WHITE CHALK STICKS,24,2011-08-26 12:41:00,0.42,15615.0,United Kingdom
564635,23201,JUMBO BAG ALPHABET,10,2011-08-26 12:41:00,2.08,15615.0,United Kingdom
564635,22355,CHARLOTTE BAG SUKI DESIGN,10,2011-08-26 12:41:00,0.85,15615.0,United Kingdom
564635,22383,LUNCH BAG SUKI DESIGN ,10,2011-08-26 12:41:00,1.65,15615.0,United Kingdom
564635,20723,STRAWBERRY CHARLOTTE BAG,10,2011-08-26 12:41:00,0.85,15615.0,United Kingdom
564635,22411,JUMBO SHOPPER VINTAGE RED PAISLEY,10,2011-08-26 12:41:00,2.08,15615.0,United Kingdom
564635,85099C,JUMBO  BAG BAROQUE BLACK WHITE,20,2011-08-26 12:41:00,2.08,15615.0,United Kingdom
564635,21929,JUMBO BAG PINK VINTAGE PAISLEY,10,2011-08-26 12:41:00,2.08,15615.0,United Kingdom
564635,22384,LUNCH BAG PINK POLKADOT,10,2011-08-26 12:41:00,1.65,15615.0,United Kingdom
564635,22386,JUMBO BAG PINK POLKADOT,10,2011-08-26 12:41:00,2.08,15615.0,United Kingdom
564635,20719,WOODLAND CHARLOTTE BAG,10,2011-08-26 12:41:00,0.85,15615.0,United Kingdom
564635,20725,LUNCH BAG RED RETROSPOT,10,2011-08-26 12:41:00,1.65,15615.0,United Kingdom
564636,22826,LOVE SEAT ANTIQUE WHITE METAL,2,2011-08-26 12:44:00,85.0,17146.0,United Kingdom
564636,22689,DOORMAT MERRY CHRISTMAS RED ,2,2011-08-26 12:44:00,7.95,17146.0,United Kingdom
564637,22457,NATURAL SLATE HEART CHALKBOARD ,6,2011-08-26 12:49:00,2.95,16641.0,United Kingdom
564637,21136,PAINTED METAL PEARS ASSORTED,8,2011-08-26 12:49:00,1.69,16641.0,United Kingdom
564637,22154,ANGEL DECORATION 3 BUTTONS ,48,2011-08-26 12:49:00,0.42,16641.0,United Kingdom
564637,22153,ANGEL DECORATION STARS ON DRESS,48,2011-08-26 12:49:00,0.42,16641.0,United Kingdom
564637,22155,STAR DECORATION RUSTIC,48,2011-08-26 12:49:00,0.42,16641.0,United Kingdom
564637,22752,SET 7 BABUSHKA NESTING BOXES,2,2011-08-26 12:49:00,8.5,16641.0,United Kingdom
564637,23326,HANGING MINI COLOURED BOTTLES,48,2011-08-26 12:49:00,0.63,16641.0,United Kingdom
564637,23433,HANGING QUILTED PATCHWORK APPLES,12,2011-08-26 12:49:00,0.83,16641.0,United Kingdom
564637,21265,PINK GOOSE FEATHER TREE 60CM,12,2011-08-26 12:49:00,1.95,16641.0,United Kingdom
564637,21261,GREEN GOOSE FEATHER CHRISTMAS TREE ,6,2011-08-26 12:49:00,2.95,16641.0,United Kingdom
564637,21264,WHITE GOOSE FEATHER TREE 60CM ,12,2011-08-26 12:49:00,1.95,16641.0,United Kingdom
564637,21262,WHITE GOOSE FEATHER CHRISTMAS TREE ,6,2011-08-26 12:49:00,2.95,16641.0,United Kingdom
564638,22980,PANTRY SCRUBBING BRUSH,12,2011-08-26 12:54:00,1.65,13812.0,Germany
564638,22138,BAKING SET 9 PIECE RETROSPOT ,3,2011-08-26 12:54:00,4.95,13812.0,Germany
564638,22739,RIBBON REEL CHRISTMAS SOCK BAUBLE,10,2011-08-26 12:54:00,1.65,13812.0,Germany
564638,23285,PINK VINTAGE SPOT BEAKER,8,2011-08-26 12:54:00,0.85,13812.0,Germany
564638,22326,ROUND SNACK BOXES SET OF4 WOODLAND ,6,2011-08-26 12:54:00,2.95,13812.0,Germany
564638,20963,APPLE BATH SPONGE,10,2011-08-26 12:54:00,1.25,13812.0,Germany
564638,85014B,RED RETROSPOT UMBRELLA,3,2011-08-26 12:54:00,5.95,13812.0,Germany
564638,21739,COSY SLIPPER SHOES SMALL GREEN,6,2011-08-26 12:54:00,2.95,13812.0,Germany
564638,21125,SET 6 FOOTBALL CELEBRATION CANDLES,12,2011-08-26 12:54:00,1.25,13812.0,Germany
564638,22452,MEASURING TAPE BABUSHKA PINK,6,2011-08-26 12:54:00,2.95,13812.0,Germany
564638,22080,RIBBON REEL POLKADOTS ,10,2011-08-26 12:54:00,1.65,13812.0,Germany
564638,23293,SET OF 12 FAIRY CAKE BAKING CASES,8,2011-08-26 12:54:00,0.83,13812.0,Germany
564638,21976,PACK OF 60 MUSHROOM CAKE CASES,24,2011-08-26 12:54:00,0.55,13812.0,Germany
564638,23247,BISCUIT TIN 50'S CHRISTMAS,6,2011-08-26 12:54:00,2.89,13812.0,Germany
564638,23286,BLUE VINTAGE SPOT BEAKER,8,2011-08-26 12:54:00,0.85,13812.0,Germany
564638,21981,PACK OF 12 WOODLAND TISSUES ,24,2011-08-26 12:54:00,0.29,13812.0,Germany
564638,20983,12 PENCILS TALL TUBE RED RETROSPOT,12,2011-08-26 12:54:00,0.85,13812.0,Germany
564638,20981,12 PENCILS TALL TUBE WOODLAND,12,2011-08-26 12:54:00,0.85,13812.0,Germany
564638,22737,RIBBON REEL CHRISTMAS PRESENT ,10,2011-08-26 12:54:00,1.65,13812.0,Germany
564638,POST,POSTAGE,1,2011-08-26 12:54:00,18.0,13812.0,Germany
564639,20974,12 PENCILS SMALL TUBE SKULL,3,2011-08-26 12:55:00,0.65,18036.0,United Kingdom
564639,20981,12 PENCILS TALL TUBE WOODLAND,3,2011-08-26 12:55:00,0.85,18036.0,United Kingdom
564639,22909,SET OF 20 VINTAGE CHRISTMAS NAPKINS,4,2011-08-26 12:55:00,0.85,18036.0,United Kingdom
564639,21733,RED HANGING HEART T-LIGHT HOLDER,4,2011-08-26 12:55:00,2.95,18036.0,United Kingdom
564639,21592,RETROSPOT CIGAR BOX MATCHES ,2,2011-08-26 12:55:00,1.25,18036.0,United Kingdom
564639,84347,ROTATING SILVER ANGELS T-LIGHT HLDR,12,2011-08-26 12:55:00,2.55,18036.0,United Kingdom
564639,22749,FELTCRAFT PRINCESS CHARLOTTE DOLL,1,2011-08-26 12:55:00,3.75,18036.0,United Kingdom
564639,22751,FELTCRAFT PRINCESS OLIVIA DOLL,1,2011-08-26 12:55:00,3.75,18036.0,United Kingdom
564639,23355,HOT WATER BOTTLE KEEP CALM,1,2011-08-26 12:55:00,4.95,18036.0,United Kingdom
564639,84032B,CHARLIE + LOLA RED HOT WATER BOTTLE,2,2011-08-26 12:55:00,2.95,18036.0,United Kingdom
564639,21931,JUMBO STORAGE BAG SUKI,5,2011-08-26 12:55:00,2.08,18036.0,United Kingdom
564639,23202,JUMBO BAG VINTAGE LEAF,5,2011-08-26 12:55:00,2.08,18036.0,United Kingdom
564639,23199,JUMBO BAG APPLES,2,2011-08-26 12:55:00,2.08,18036.0,United Kingdom
564639,22382,LUNCH BAG SPACEBOY DESIGN ,4,2011-08-26 12:55:00,1.65,18036.0,United Kingdom
564639,23208,LUNCH BAG VINTAGE LEAF DESIGN,3,2011-08-26 12:55:00,1.65,18036.0,United Kingdom
564639,85099C,JUMBO  BAG BAROQUE BLACK WHITE,6,2011-08-26 12:55:00,2.08,18036.0,United Kingdom
564639,22385,JUMBO BAG SPACEBOY DESIGN,3,2011-08-26 12:55:00,2.08,18036.0,United Kingdom
564639,22383,LUNCH BAG SUKI DESIGN ,4,2011-08-26 12:55:00,1.65,18036.0,United Kingdom
564639,23207,LUNCH BAG ALPHABET DESIGN,4,2011-08-26 12:55:00,1.65,18036.0,United Kingdom
564639,85099C,JUMBO  BAG BAROQUE BLACK WHITE,2,2011-08-26 12:55:00,2.08,18036.0,United Kingdom
564640,23301,GARDENERS KNEELING PAD KEEP CALM ,12,2011-08-26 13:00:00,1.65,14837.0,United Kingdom
564640,23300,GARDENERS KNEELING PAD CUP OF TEA ,12,2011-08-26 13:00:00,1.65,14837.0,United Kingdom
564640,20979,36 PENCILS TUBE RED RETROSPOT,16,2011-08-26 13:00:00,1.25,14837.0,United Kingdom
564640,23148,MINIATURE ANTIQUE ROSE HOOK IVORY,12,2011-08-26 13:00:00,0.83,14837.0,United Kingdom
564640,22759,SET OF 3 NOTEBOOKS IN PARCEL,12,2011-08-26 13:00:00,1.65,14837.0,United Kingdom
564640,84536A,ENGLISH ROSE NOTEBOOK A7 SIZE,16,2011-08-26 13:00:00,0.42,14837.0,United Kingdom
564640,84536B,FAIRY CAKES NOTEBOOK A7 SIZE,16,2011-08-26 13:00:00,0.42,14837.0,United Kingdom
564640,21984,PACK OF 12 PINK PAISLEY TISSUES ,24,2011-08-26 13:00:00,0.29,14837.0,United Kingdom
564640,23188,VINTAGE  2 METER FOLDING RULER,12,2011-08-26 13:00:00,1.65,14837.0,United Kingdom
564640,23436,VINTAGE CHRISTMAS GIFT BAG LARGE ,12,2011-08-26 13:00:00,1.25,14837.0,United Kingdom
564640,23439,HAND WARMER RED LOVE HEART,12,2011-08-26 13:00:00,2.1,14837.0,United Kingdom
564640,23353,6 GIFT TAGS VINTAGE CHRISTMAS ,12,2011-08-26 13:00:00,0.83,14837.0,United Kingdom
564640,23373,VINTAGE CHRISTMAS PAPER GIFT BAG,20,2011-08-26 13:00:00,0.82,14837.0,United Kingdom
564640,21985,PACK OF 12 HEARTS DESIGN TISSUES ,24,2011-08-26 13:00:00,0.29,14837.0,United Kingdom
564640,85175,CACTI T-LIGHT CANDLES,16,2011-08-26 13:00:00,0.42,14837.0,United Kingdom
564640,22734,SET OF 6 RIBBONS VINTAGE CHRISTMAS,6,2011-08-26 13:00:00,2.89,14837.0,United Kingdom
564640,22078,RIBBON REEL LACE DESIGN ,10,2011-08-26 13:00:00,2.1,14837.0,United Kingdom
564640,22082,RIBBON REEL STRIPES DESIGN ,10,2011-08-26 13:00:00,1.65,14837.0,United Kingdom
564640,22867,HAND WARMER BIRD DESIGN,12,2011-08-26 13:00:00,2.1,14837.0,United Kingdom
564640,22865,HAND WARMER OWL DESIGN,12,2011-08-26 13:00:00,2.1,14837.0,United Kingdom
564640,23306,SET OF 36 DOILIES PANTRY DESIGN,12,2011-08-26 13:00:00,1.45,14837.0,United Kingdom
564640,22576,SWALLOW WOODEN CHRISTMAS DECORATION,12,2011-08-26 13:00:00,0.85,14837.0,United Kingdom
564640,23263,SET OF 3 WOODEN HEART DECORATIONS,12,2011-08-26 13:00:00,1.25,14837.0,United Kingdom
564640,21015,DARK BIRD HOUSE TREE DECORATION,12,2011-08-26 13:00:00,0.85,14837.0,United Kingdom
564640,35970,ZINC FOLKART SLEIGH BELLS,12,2011-08-26 13:00:00,1.69,14837.0,United Kingdom
564641,23145,ZINC T-LIGHT HOLDER STAR LARGE,96,2011-08-26 13:16:00,0.79,13489.0,United Kingdom
564641,23144,ZINC T-LIGHT HOLDER STARS SMALL,48,2011-08-26 13:16:00,0.83,13489.0,United Kingdom
564641,23359,SET OF 12 T-LIGHTS VINTAGE DOILY,24,2011-08-26 13:16:00,1.95,13489.0,United Kingdom
564642,22608,PENS ASSORTED FUNKY JEWELED ,36,2011-08-26 13:22:00,0.19,13527.0,United Kingdom
564642,22610,PENS ASSORTED FUNNY FACE,36,2011-08-26 13:22:00,0.19,13527.0,United Kingdom
564642,16048,TEATIME ROUND PENCIL SHARPENER ,24,2011-08-26 13:22:00,0.12,13527.0,United Kingdom
564642,16011,ANIMAL STICKERS,24,2011-08-26 13:22:00,0.21,13527.0,United Kingdom
564642,16236,KITTY PENCIL ERASERS,28,2011-08-26 13:22:00,0.21,13527.0,United Kingdom
564642,22531,MAGIC DRAWING SLATE CIRCUS PARADE  ,24,2011-08-26 13:22:00,0.42,13527.0,United Kingdom
564642,22540,MINI JIGSAW CIRCUS PARADE ,24,2011-08-26 13:22:00,0.42,13527.0,United Kingdom
564642,22546,MINI JIGSAW PURDEY,24,2011-08-26 13:22:00,0.42,13527.0,United Kingdom
564642,21829,DINOSAUR KEYRINGS ASSORTED,36,2011-08-26 13:22:00,0.21,13527.0,United Kingdom
564642,21544,SKULLS  WATER TRANSFER TATTOOS ,24,2011-08-26 13:22:00,0.85,13527.0,United Kingdom
564642,21830,ASSORTED CREEPY CRAWLIES,24,2011-08-26 13:22:00,0.42,13527.0,United Kingdom
564642,23158,SET OF 5 LUCKY CAT MAGNETS ,12,2011-08-26 13:22:00,2.08,13527.0,United Kingdom
564642,15034,PAPER POCKET TRAVELING FAN ,24,2011-08-26 13:22:00,0.14,13527.0,United Kingdom
564642,21224,SET/4 SKULL BADGES,10,2011-08-26 13:22:00,1.25,13527.0,United Kingdom
564642,22615,PACK OF 12 CIRCUS PARADE TISSUES ,24,2011-08-26 13:22:00,0.29,13527.0,United Kingdom
564642,22536,MAGIC DRAWING SLATE PURDEY,24,2011-08-26 13:22:00,0.42,13527.0,United Kingdom
564642,23295,SET OF 12 MINI LOAF BAKING CASES,8,2011-08-26 13:22:00,0.83,13527.0,United Kingdom
564642,23293,SET OF 12 FAIRY CAKE BAKING CASES,8,2011-08-26 13:22:00,0.83,13527.0,United Kingdom
564642,16169E,WRAP 50'S  CHRISTMAS,25,2011-08-26 13:22:00,0.42,13527.0,United Kingdom
564642,22959,WRAP CHRISTMAS VILLAGE,25,2011-08-26 13:22:00,0.42,13527.0,United Kingdom
564642,20984,12 PENCILS TALL TUBE POSY,24,2011-08-26 13:22:00,0.29,13527.0,United Kingdom
564642,22995,TRAVEL CARD WALLET SUKI,24,2011-08-26 13:22:00,0.42,13527.0,United Kingdom
564642,23002,TRAVEL CARD WALLET SKULLS,24,2011-08-26 13:22:00,0.42,13527.0,United Kingdom
564642,21982,PACK OF 12 SUKI TISSUES ,24,2011-08-26 13:22:00,0.29,13527.0,United Kingdom
564642,84077,WORLD WAR 2 GLIDERS ASSTD DESIGNS,48,2011-08-26 13:22:00,0.29,13527.0,United Kingdom
564642,10133,COLOURING PENCILS BROWN TUBE,20,2011-08-26 13:22:00,0.42,13527.0,United Kingdom
564642,22161,HEART DECORATION RUSTIC HANGING ,24,2011-08-26 13:22:00,0.19,13527.0,United Kingdom
564642,23187,FRENCH STYLE STORAGE JAR BONBONS,48,2011-08-26 13:22:00,0.29,13527.0,United Kingdom
564642,21650,ASSORTED TUTTI FRUTTI BRACELET,24,2011-08-26 13:22:00,0.19,13527.0,United Kingdom
564642,22492,MINI PAINT SET VINTAGE ,36,2011-08-26 13:22:00,0.65,13527.0,United Kingdom
564642,22562,MONSTERS STENCIL CRAFT,24,2011-08-26 13:22:00,1.25,13527.0,United Kingdom
564642,22439,6 ROCKET BALLOONS ,24,2011-08-26 13:22:00,0.65,13527.0,United Kingdom
564643,22456,NATURAL SLATE CHALKBOARD LARGE ,1,2011-08-26 13:25:00,4.95,15356.0,United Kingdom
564643,23298,SPOTTY BUNTING,2,2011-08-26 13:25:00,4.95,15356.0,United Kingdom
564643,23209,LUNCH BAG VINTAGE DOILY ,4,2011-08-26 13:25:00,1.65,15356.0,United Kingdom
564643,23206,LUNCH BAG APPLE DESIGN,5,2011-08-26 13:25:00,1.65,15356.0,United Kingdom
564643,20728,LUNCH BAG CARS BLUE,4,2011-08-26 13:25:00,1.65,15356.0,United Kingdom
564643,23208,LUNCH BAG VINTAGE LEAF DESIGN,5,2011-08-26 13:25:00,1.65,15356.0,United Kingdom
564643,22384,LUNCH BAG PINK POLKADOT,2,2011-08-26 13:25:00,1.65,15356.0,United Kingdom
564643,20723,STRAWBERRY CHARLOTTE BAG,6,2011-08-26 13:25:00,0.85,15356.0,United Kingdom
564643,23204,CHARLOTTE BAG APPLES DESIGN,7,2011-08-26 13:25:00,0.85,15356.0,United Kingdom
564643,22356,CHARLOTTE BAG PINK POLKADOT,4,2011-08-26 13:25:00,0.85,15356.0,United Kingdom
564643,20724,RED RETROSPOT CHARLOTTE BAG,5,2011-08-26 13:25:00,0.85,15356.0,United Kingdom
564643,20713,JUMBO BAG OWLS,6,2011-08-26 13:25:00,2.08,15356.0,United Kingdom
564643,21930,JUMBO STORAGE BAG SKULLS,4,2011-08-26 13:25:00,2.08,15356.0,United Kingdom
564643,23202,JUMBO BAG VINTAGE LEAF,6,2011-08-26 13:25:00,2.08,15356.0,United Kingdom
564643,23201,JUMBO BAG ALPHABET,5,2011-08-26 13:25:00,2.08,15356.0,United Kingdom
564643,21931,JUMBO STORAGE BAG SUKI,5,2011-08-26 13:25:00,2.08,15356.0,United Kingdom
564643,22385,JUMBO BAG SPACEBOY DESIGN,4,2011-08-26 13:25:00,2.08,15356.0,United Kingdom
564643,23202,JUMBO BAG VINTAGE LEAF,2,2011-08-26 13:25:00,2.08,15356.0,United Kingdom
564643,22663,JUMBO BAG DOLLY GIRL DESIGN,5,2011-08-26 13:25:00,2.08,15356.0,United Kingdom
564643,23203,JUMBO BAG VINTAGE DOILY ,4,2011-08-26 13:25:00,2.08,15356.0,United Kingdom
564643,23200,JUMBO BAG PEARS,9,2011-08-26 13:25:00,2.08,15356.0,United Kingdom
564643,21901,"KEY FOB , BACK DOOR ",5,2011-08-26 13:25:00,0.65,15356.0,United Kingdom
564643,21900,"KEY FOB , SHED",4,2011-08-26 13:25:00,0.65,15356.0,United Kingdom
564643,21899,GARAGE KEY FOB,3,2011-08-26 13:25:00,0.65,15356.0,United Kingdom
564643,21902,"KEY FOB , FRONT  DOOR ",7,2011-08-26 13:25:00,0.65,15356.0,United Kingdom
564643,22727,ALARM CLOCK BAKELIKE RED ,1,2011-08-26 13:25:00,3.75,15356.0,United Kingdom
564643,22726,ALARM CLOCK BAKELIKE GREEN,4,2011-08-26 13:25:00,3.75,15356.0,United Kingdom
564643,22729,ALARM CLOCK BAKELIKE ORANGE,1,2011-08-26 13:25:00,3.75,15356.0,United Kingdom
564643,84849D,HOT BATHS SOAP HOLDER,5,2011-08-26 13:25:00,1.69,15356.0,United Kingdom
564643,82600,NO SINGING METAL SIGN,4,2011-08-26 13:25:00,2.1,15356.0,United Kingdom
564643,82567,"AIRLINE LOUNGE,METAL SIGN",4,2011-08-26 13:25:00,2.1,15356.0,United Kingdom
564643,22413,METAL SIGN TAKE IT OR LEAVE IT ,1,2011-08-26 13:25:00,2.95,15356.0,United Kingdom
564643,82551,LAUNDRY 15C METAL SIGN,5,2011-08-26 13:25:00,1.45,15356.0,United Kingdom
564643,82552,WASHROOM METAL SIGN,4,2011-08-26 13:25:00,1.45,15356.0,United Kingdom
564643,21770,OPEN CLOSED METAL SIGN,1,2011-08-26 13:25:00,4.95,15356.0,United Kingdom
564643,21907,I'M ON HOLIDAY METAL SIGN,2,2011-08-26 13:25:00,2.1,15356.0,United Kingdom
564643,82578,KITCHEN METAL SIGN,5,2011-08-26 13:25:00,0.55,15356.0,United Kingdom
564643,82580,BATHROOM METAL SIGN,4,2011-08-26 13:25:00,0.55,15356.0,United Kingdom
564643,82581,TOILET METAL SIGN,4,2011-08-26 13:25:00,0.55,15356.0,United Kingdom
564643,22413,METAL SIGN TAKE IT OR LEAVE IT ,2,2011-08-26 13:25:00,2.95,15356.0,United Kingdom
564643,23242,TREASURE TIN BUFFALO BILL ,2,2011-08-26 13:25:00,2.08,15356.0,United Kingdom
564643,23241,TREASURE TIN GYMKHANA DESIGN,2,2011-08-26 13:25:00,2.08,15356.0,United Kingdom
564643,23300,GARDENERS KNEELING PAD CUP OF TEA ,5,2011-08-26 13:25:00,1.65,15356.0,United Kingdom
564643,23302,KNEELING MAT HOUSEWORK  DESIGN,4,2011-08-26 13:25:00,1.65,15356.0,United Kingdom
564643,23301,GARDENERS KNEELING PAD KEEP CALM ,6,2011-08-26 13:25:00,1.65,15356.0,United Kingdom
564644,82583,,5,2011-08-26 13:35:00,0.0,,United Kingdom
564645,82583,amazon,44,2011-08-26 13:38:00,0.0,,United Kingdom
564646,22079,RIBBON REEL HEARTS DESIGN ,2,2011-08-26 13:39:00,2.46,,United Kingdom
564646,22110,BIRD HOUSE HOT WATER BOTTLE,1,2011-08-26 13:39:00,7.46,,United Kingdom
564646,22174,PHOTO CUBE,1,2011-08-26 13:39:00,4.13,,United Kingdom
564646,22197,POPCORN HOLDER,1,2011-08-26 13:39:00,1.63,,United Kingdom
564646,22327,ROUND SNACK BOXES SET OF 4 SKULLS,1,2011-08-26 13:39:00,6.63,,United Kingdom
564646,22355,CHARLOTTE BAG SUKI DESIGN,53,2011-08-26 13:39:00,2.46,,United Kingdom
564646,22356,CHARLOTTE BAG PINK POLKADOT,14,2011-08-26 13:39:00,2.46,,United Kingdom
564646,22382,LUNCH BAG SPACEBOY DESIGN ,7,2011-08-26 13:39:00,4.96,,United Kingdom
564646,22383,LUNCH BAG SUKI DESIGN ,13,2011-08-26 13:39:00,4.96,,United Kingdom
564646,22423,REGENCY CAKESTAND 3 TIER,2,2011-08-26 13:39:00,24.96,,United Kingdom
564646,22645,CERAMIC HEART FAIRY CAKE MONEY BANK,4,2011-08-26 13:39:00,4.13,,United Kingdom
564646,22666,RECIPE BOX PANTRY YELLOW DESIGN,4,2011-08-26 13:39:00,6.63,,United Kingdom
564646,22725,ALARM CLOCK BAKELIKE CHOCOLATE,1,2011-08-26 13:39:00,8.29,,United Kingdom
564646,22726,ALARM CLOCK BAKELIKE GREEN,2,2011-08-26 13:39:00,8.29,,United Kingdom
564646,22727,ALARM CLOCK BAKELIKE RED ,1,2011-08-26 13:39:00,8.29,,United Kingdom
564646,22728,ALARM CLOCK BAKELIKE PINK,3,2011-08-26 13:39:00,8.29,,United Kingdom
564646,22732,3D VINTAGE CHRISTMAS STICKERS ,3,2011-08-26 13:39:00,1.63,,United Kingdom
564646,22733,3D TRADITIONAL CHRISTMAS STICKERS,1,2011-08-26 13:39:00,1.63,,United Kingdom
564646,22747,POPPY'S PLAYHOUSE BATHROOM,1,2011-08-26 13:39:00,3.29,,United Kingdom
564646,22775,PURPLE DRAWERKNOB ACRYLIC EDWARDIAN,6,2011-08-26 13:39:00,2.46,,United Kingdom
564646,23168,CLASSIC CAFE SUGAR DISPENSER,10,2011-08-26 13:39:00,3.29,,United Kingdom
564646,23204,CHARLOTTE BAG APPLES DESIGN,10,2011-08-26 13:39:00,2.46,,United Kingdom
564646,23205,CHARLOTTE BAG VINTAGE ALPHABET ,6,2011-08-26 13:39:00,2.46,,United Kingdom
564646,23206,LUNCH BAG APPLE DESIGN,6,2011-08-26 13:39:00,4.96,,United Kingdom
564646,23207,LUNCH BAG ALPHABET DESIGN,3,2011-08-26 13:39:00,4.96,,United Kingdom
564646,23208,LUNCH BAG VINTAGE LEAF DESIGN,1,2011-08-26 13:39:00,4.96,,United Kingdom
564646,23298,SPOTTY BUNTING,14,2011-08-26 13:39:00,10.79,,United Kingdom
564646,35970,ZINC FOLKART SLEIGH BELLS,2,2011-08-26 13:39:00,8.33,,United Kingdom
564646,47566,PARTY BUNTING,11,2011-08-26 13:39:00,10.79,,United Kingdom
564646,47566,PARTY BUNTING,2,2011-08-26 13:39:00,15.79,,United Kingdom
564646,79321,CHILLI LIGHTS,3,2011-08-26 13:39:00,12.46,,United Kingdom
564646,82583,HOT BATHS METAL SIGN,5,2011-08-26 13:39:00,4.96,,United Kingdom
564646,84029E,RED WOOLLY HOTTIE WHITE HEART.,1,2011-08-26 13:39:00,7.46,,United Kingdom
564646,84692,BOX OF 24 COCKTAIL PARASOLS,9,2011-08-26 13:39:00,1.63,,United Kingdom
564646,84997b,CHILDRENS CUTLERY RETROSPOT RED ,3,2011-08-26 13:39:00,8.29,,United Kingdom
564646,84997c,CHILDRENS CUTLERY POLKADOT BLUE,1,2011-08-26 13:39:00,8.29,,United Kingdom
564646,84997d,CHILDRENS CUTLERY POLKADOT PINK,2,2011-08-26 13:39:00,8.29,,United Kingdom
564646,20719,WOODLAND CHARLOTTE BAG,23,2011-08-26 13:39:00,2.46,,United Kingdom
564646,20723,STRAWBERRY CHARLOTTE BAG,19,2011-08-26 13:39:00,2.46,,United Kingdom
564646,20724,RED RETROSPOT CHARLOTTE BAG,22,2011-08-26 13:39:00,2.46,,United Kingdom
564646,20726,LUNCH BAG WOODLAND,5,2011-08-26 13:39:00,4.96,,United Kingdom
564646,20727,LUNCH BAG  BLACK SKULL.,11,2011-08-26 13:39:00,4.96,,United Kingdom
564646,20728,LUNCH BAG CARS BLUE,7,2011-08-26 13:39:00,4.96,,United Kingdom
564646,21041,RED RETROSPOT OVEN GLOVE DOUBLE,6,2011-08-26 13:39:00,6.63,,United Kingdom
564646,21154,RED RETROSPOT OVEN GLOVE ,1,2011-08-26 13:39:00,6.54,,United Kingdom
564646,21155,RED RETROSPOT PEG BAG,2,2011-08-26 13:39:00,4.96,,United Kingdom
564646,21212,PACK OF 72 RETROSPOT CAKE CASES,5,2011-08-26 13:39:00,2.08,,United Kingdom
564646,21213,PACK OF 72 SKULL CAKE CASES,2,2011-08-26 13:39:00,2.08,,United Kingdom
564646,21232,STRAWBERRY CERAMIC TRINKET BOX,3,2011-08-26 13:39:00,3.29,,United Kingdom
564646,21238,RED RETROSPOT CUP,7,2011-08-26 13:39:00,1.63,,United Kingdom
564646,21239,PINK  POLKADOT CUP,8,2011-08-26 13:39:00,1.63,,United Kingdom
564646,21240,BLUE POLKADOT CUP,10,2011-08-26 13:39:00,1.63,,United Kingdom
564646,21242,RED RETROSPOT PLATE ,2,2011-08-26 13:39:00,3.29,,United Kingdom
564646,21670,BLUE SPOT CERAMIC DRAWER KNOB,3,2011-08-26 13:39:00,3.29,,United Kingdom
564646,21714,CITRONELLA CANDLE GARDEN POT,9,2011-08-26 13:39:00,3.29,,United Kingdom
564646,22041,"RECORD FRAME 7"" SINGLE SIZE ",5,2011-08-26 13:39:00,5.79,,United Kingdom
564647,22659,LUNCH BOX I LOVE LONDON,5,2011-08-26 13:56:00,1.95,17920.0,United Kingdom
564647,22890,NOVELTY BISCUITS CAKE STAND 3 TIER,1,2011-08-26 13:56:00,9.95,17920.0,United Kingdom
564647,23282,FOLDING BUTTERFLY MIRROR IVORY ,1,2011-08-26 13:56:00,0.83,17920.0,United Kingdom
564647,23280,FOLDING BUTTERFLY MIRROR HOT PINK ,2,2011-08-26 13:56:00,0.83,17920.0,United Kingdom
564647,23281,FOLDING BUTTERFLY MIRROR RED  ,2,2011-08-26 13:56:00,0.83,17920.0,United Kingdom
564647,23240,SET OF 4 KNICK KNACK TINS DOILY ,1,2011-08-26 13:56:00,4.15,17920.0,United Kingdom
564647,23192,BUNDLE OF 3 ALPHABET EXERCISE BOOKS,3,2011-08-26 13:56:00,1.65,17920.0,United Kingdom
564647,23190,BUNDLE OF 3 SCHOOL EXERCISE BOOKS  ,1,2011-08-26 13:56:00,1.65,17920.0,United Kingdom
564647,23009,I LOVE LONDON BABY GIFT SET,4,2011-08-26 13:56:00,16.95,17920.0,United Kingdom
564647,23327,HANGING CLEAR MINI BOTTLE,3,2011-08-26 13:56:00,0.63,17920.0,United Kingdom
564647,22453,MEASURING TAPE BABUSHKA BLUE,1,2011-08-26 13:56:00,2.95,17920.0,United Kingdom
564647,23156,SET OF 5 MINI GROCERY MAGNETS,1,2011-08-26 13:56:00,2.08,17920.0,United Kingdom
564647,23154,SET OF 4 JAM JAR MAGNETS,1,2011-08-26 13:56:00,2.08,17920.0,United Kingdom
564647,23238,SET OF 4 KNICK KNACK TINS LONDON ,1,2011-08-26 13:56:00,4.15,17920.0,United Kingdom
564647,22713,CARD I LOVE LONDON ,12,2011-08-26 13:56:00,0.42,17920.0,United Kingdom
564647,22616,PACK OF 12 LONDON TISSUES ,12,2011-08-26 13:56:00,0.29,17920.0,United Kingdom
564647,21789,KIDS RAIN MAC PINK,3,2011-08-26 13:56:00,0.85,17920.0,United Kingdom
564647,21788,KIDS RAIN MAC BLUE,3,2011-08-26 13:56:00,0.85,17920.0,United Kingdom
564647,46118,FUNKY MONKEY CUSHION COVER,3,2011-08-26 13:56:00,0.85,17920.0,United Kingdom
564647,84846A,SCENTED CANDLE IN DIGITALIS TIN,1,2011-08-26 13:56:00,2.1,17920.0,United Kingdom
564647,22453,MEASURING TAPE BABUSHKA BLUE,1,2011-08-26 13:56:00,2.95,17920.0,United Kingdom
564647,22452,MEASURING TAPE BABUSHKA PINK,1,2011-08-26 13:56:00,2.95,17920.0,United Kingdom
564647,22454,MEASURING TAPE BABUSHKA RED,2,2011-08-26 13:56:00,2.95,17920.0,United Kingdom
564647,22210,WOOD STAMP SET BEST WISHES,2,2011-08-26 13:56:00,0.83,17920.0,United Kingdom
564647,22211,WOOD STAMP SET FLOWERS,2,2011-08-26 13:56:00,0.83,17920.0,United Kingdom
564647,22209,WOOD STAMP SET HAPPY BIRTHDAY,2,2011-08-26 13:56:00,0.83,17920.0,United Kingdom
564647,22208,WOOD STAMP SET THANK YOU,6,2011-08-26 13:56:00,0.83,17920.0,United Kingdom
564647,84580,MOUSE TOY WITH PINK T-SHIRT,3,2011-08-26 13:56:00,3.75,17920.0,United Kingdom
564647,22077,6 RIBBONS RUSTIC CHARM,5,2011-08-26 13:56:00,1.65,17920.0,United Kingdom
564647,23309,SET OF 60 I LOVE LONDON CAKE CASES ,6,2011-08-26 13:56:00,0.55,17920.0,United Kingdom
564647,23188,VINTAGE  2 METER FOLDING RULER,3,2011-08-26 13:56:00,1.65,17920.0,United Kingdom
564647,23328,SET 6 SCHOOL MILK BOTTLES IN CRATE,1,2011-08-26 13:56:00,3.75,17920.0,United Kingdom
564647,23347,I LOVE LONDON BEAKER,9,2011-08-26 13:56:00,1.25,17920.0,United Kingdom
564647,21034,REX CASH+CARRY JUMBO SHOPPER,1,2011-08-26 13:56:00,0.95,17920.0,United Kingdom
564648,20996,JAZZ HEARTS ADDRESS BOOK,24,2011-08-26 14:04:00,0.19,15641.0,United Kingdom
564648,21373,MIRRORED WALL ART SNOWFLAKES,24,2011-08-26 14:04:00,0.75,15641.0,United Kingdom
564648,22400,MAGNETS PACK OF 4 HOME SWEET HOME,12,2011-08-26 14:04:00,0.39,15641.0,United Kingdom
564648,47504H,ENGLISH ROSE SPIRIT LEVEL ,12,2011-08-26 14:04:00,0.79,15641.0,United Kingdom
564648,84926E,FLOWERS TILE COASTER,24,2011-08-26 14:04:00,0.29,15641.0,United Kingdom
564648,84929,ASSTD FRUIT+FLOWERS FRIDGE MAGNETS,24,2011-08-26 14:04:00,0.19,15641.0,United Kingdom
564648,20719,WOODLAND CHARLOTTE BAG,10,2011-08-26 14:04:00,0.85,15641.0,United Kingdom
564648,22355,CHARLOTTE BAG SUKI DESIGN,10,2011-08-26 14:04:00,0.85,15641.0,United Kingdom
564648,20723,STRAWBERRY CHARLOTTE BAG,10,2011-08-26 14:04:00,0.85,15641.0,United Kingdom
564648,22356,CHARLOTTE BAG PINK POLKADOT,10,2011-08-26 14:04:00,0.85,15641.0,United Kingdom
564648,23204,CHARLOTTE BAG APPLES DESIGN,10,2011-08-26 14:04:00,0.85,15641.0,United Kingdom
564648,20724,RED RETROSPOT CHARLOTTE BAG,10,2011-08-26 14:04:00,0.85,15641.0,United Kingdom
564648,22661,CHARLOTTE BAG DOLLY GIRL DESIGN,10,2011-08-26 14:04:00,0.85,15641.0,United Kingdom
564648,23205,CHARLOTTE BAG VINTAGE ALPHABET ,10,2011-08-26 14:04:00,0.85,15641.0,United Kingdom
564648,23329,DECORATIVE WICKER HEART LARGE,12,2011-08-26 14:04:00,1.65,15641.0,United Kingdom
564648,84987,SET OF 36 TEATIME PAPER DOILIES,12,2011-08-26 14:04:00,1.45,15641.0,United Kingdom
564648,22950,36 DOILIES VINTAGE CHRISTMAS,24,2011-08-26 14:04:00,1.45,15641.0,United Kingdom
564648,22989,SET 2 PANTRY DESIGN TEA TOWELS,6,2011-08-26 14:04:00,3.25,15641.0,United Kingdom
564648,84991,60 TEATIME FAIRY CAKE CASES,24,2011-08-26 14:04:00,0.55,15641.0,United Kingdom
564648,23196,VINTAGE LEAF MAGNETIC NOTEPAD,12,2011-08-26 14:04:00,1.45,15641.0,United Kingdom
564648,23220,REINDEER HEART DECORATION GOLD,24,2011-08-26 14:04:00,0.83,15641.0,United Kingdom
564648,23264,SET OF 3 WOODEN SLEIGH DECORATIONS,12,2011-08-26 14:04:00,1.25,15641.0,United Kingdom
564648,23245,SET OF 3 REGENCY CAKE TINS,4,2011-08-26 14:04:00,4.95,15641.0,United Kingdom
564648,23296,SET OF 6 TEA TIME BAKING CASES,8,2011-08-26 14:04:00,1.25,15641.0,United Kingdom
564648,23328,SET 6 SCHOOL MILK BOTTLES IN CRATE,4,2011-08-26 14:04:00,3.75,15641.0,United Kingdom
564648,23343,JUMBO BAG VINTAGE CHRISTMAS ,20,2011-08-26 14:04:00,2.08,15641.0,United Kingdom
564648,23344,JUMBO BAG 50'S CHRISTMAS ,20,2011-08-26 14:04:00,2.08,15641.0,United Kingdom
564648,23355,HOT WATER BOTTLE KEEP CALM,8,2011-08-26 14:04:00,4.95,15641.0,United Kingdom
564648,22596,CHRISTMAS STAR WISH LIST CHALKBOARD,12,2011-08-26 14:04:00,1.25,15641.0,United Kingdom
564648,21164,HOME SWEET HOME METAL SIGN ,6,2011-08-26 14:04:00,2.95,15641.0,United Kingdom
564648,21174,POTTERING IN THE SHED METAL SIGN,12,2011-08-26 14:04:00,2.08,15641.0,United Kingdom
564648,22196,SMALL HEART MEASURING SPOONS,12,2011-08-26 14:04:00,0.85,15641.0,United Kingdom
564648,47599A,PINK PARTY BAGS,6,2011-08-26 14:04:00,2.1,15641.0,United Kingdom
564648,47599B,BLUE PARTY BAGS ,6,2011-08-26 14:04:00,2.1,15641.0,United Kingdom
564648,47559B,TEA TIME OVEN GLOVE,10,2011-08-26 14:04:00,1.25,15641.0,United Kingdom
564648,22175,PINK OWL SOFT TOY,6,2011-08-26 14:04:00,2.95,15641.0,United Kingdom
564648,22176,BLUE OWL SOFT TOY,6,2011-08-26 14:04:00,2.95,15641.0,United Kingdom
564649,POST,POSTAGE,1,2011-08-26 14:13:00,15.0,15611.0,United Kingdom
564650,22236,CAKE STAND 3 TIER MAGIC GARDEN,24,2011-08-26 14:17:00,10.95,14646.0,Netherlands
564650,22437,SET OF 9 BLACK SKULL BALLOONS,200,2011-08-26 14:17:00,0.72,14646.0,Netherlands
564650,22895,SET OF 2 TEA TOWELS APPLE AND PEARS,100,2011-08-26 14:17:00,2.75,14646.0,Netherlands
564650,21218,RED SPOTTY BISCUIT TIN,48,2011-08-26 14:17:00,3.25,14646.0,Netherlands
564650,84997D,CHILDRENS CUTLERY POLKADOT PINK,72,2011-08-26 14:17:00,3.75,14646.0,Netherlands
564650,21787,RAIN PONCHO RETROSPOT,144,2011-08-26 14:17:00,0.65,14646.0,Netherlands
564650,21975,PACK OF 60 DINOSAUR CAKE CASES,120,2011-08-26 14:17:00,0.42,14646.0,Netherlands
564650,21976,PACK OF 60 MUSHROOM CAKE CASES,240,2011-08-26 14:17:00,0.42,14646.0,Netherlands
564650,21212,PACK OF 72 RETROSPOT CAKE CASES,120,2011-08-26 14:17:00,0.42,14646.0,Netherlands
564650,20724,RED RETROSPOT CHARLOTTE BAG,200,2011-08-26 14:17:00,0.72,14646.0,Netherlands
564650,22553,PLASTERS IN TIN SKULLS,96,2011-08-26 14:17:00,1.45,14646.0,Netherlands
564650,21561,DINOSAUR LUNCH BOX WITH CUTLERY,60,2011-08-26 14:17:00,2.1,14646.0,Netherlands
564650,21672,WHITE SPOT RED CERAMIC DRAWER KNOB,96,2011-08-26 14:17:00,1.06,14646.0,Netherlands
564650,21671,RED SPOT CERAMIC DRAWER KNOB,96,2011-08-26 14:17:00,1.06,14646.0,Netherlands
564650,22846,BREAD BIN DINER STYLE RED ,8,2011-08-26 14:17:00,14.95,14646.0,Netherlands
564650,22847,BREAD BIN DINER STYLE IVORY,8,2011-08-26 14:17:00,14.95,14646.0,Netherlands
564650,22193,RED DINER WALL CLOCK,12,2011-08-26 14:17:00,7.65,14646.0,Netherlands
564650,23316,RED REFECTORY CLOCK ,12,2011-08-26 14:17:00,8.15,14646.0,Netherlands
564650,23020,GLASS  SONGBIRD STORAGE JAR,8,2011-08-26 14:17:00,11.15,14646.0,Netherlands
564650,21668,RED STRIPE CERAMIC DRAWER KNOB,96,2011-08-26 14:17:00,1.06,14646.0,Netherlands
564650,84406B,CREAM CUPID HEARTS COAT HANGER,64,2011-08-26 14:17:00,3.75,14646.0,Netherlands
564650,22326,ROUND SNACK BOXES SET OF4 WOODLAND ,48,2011-08-26 14:17:00,2.55,14646.0,Netherlands
564650,22328,ROUND SNACK BOXES SET OF 4 FRUITS ,48,2011-08-26 14:17:00,2.55,14646.0,Netherlands
564650,22629,SPACEBOY LUNCH BOX ,448,2011-08-26 14:17:00,1.65,14646.0,Netherlands
564650,22630,DOLLY GIRL LUNCH BOX,448,2011-08-26 14:17:00,1.65,14646.0,Netherlands
564650,22984,CARD GINGHAM ROSE ,72,2011-08-26 14:17:00,0.36,14646.0,Netherlands
564650,23192,BUNDLE OF 3 ALPHABET EXERCISE BOOKS,48,2011-08-26 14:17:00,1.45,14646.0,Netherlands
564650,23240,SET OF 4 KNICK KNACK TINS DOILY ,48,2011-08-26 14:17:00,3.75,14646.0,Netherlands
564650,23245,SET OF 3 REGENCY CAKE TINS,48,2011-08-26 14:17:00,4.15,14646.0,Netherlands
564650,23280,FOLDING BUTTERFLY MIRROR HOT PINK ,192,2011-08-26 14:17:00,0.72,14646.0,Netherlands
564650,23281,FOLDING BUTTERFLY MIRROR RED  ,192,2011-08-26 14:17:00,0.72,14646.0,Netherlands
564650,23289,DOLLY GIRL CHILDRENS BOWL,144,2011-08-26 14:17:00,1.05,14646.0,Netherlands
564650,23290,SPACEBOY CHILDRENS BOWL,144,2011-08-26 14:17:00,1.05,14646.0,Netherlands
564650,23307,SET OF 60 PANTRY DESIGN CAKE CASES ,120,2011-08-26 14:17:00,0.42,14646.0,Netherlands
564650,35961,FOLKART ZINC HEART CHRISTMAS DEC,288,2011-08-26 14:17:00,0.72,14646.0,Netherlands
564650,23190,BUNDLE OF 3 SCHOOL EXERCISE BOOKS  ,48,2011-08-26 14:17:00,1.45,14646.0,Netherlands
564650,22029,SPACEBOY BIRTHDAY CARD,72,2011-08-26 14:17:00,0.36,14646.0,Netherlands
564650,22712,CARD DOLLY GIRL ,72,2011-08-26 14:17:00,0.36,14646.0,Netherlands
564650,84978,HANGING HEART JAR T-LIGHT HOLDER,36,2011-08-26 14:17:00,1.06,14646.0,Netherlands
564650,23268,SET OF 2 CERAMIC CHRISTMAS REINDEER,192,2011-08-26 14:17:00,1.25,14646.0,Netherlands
564650,23270,SET OF 2 CERAMIC PAINTED HEARTS ,96,2011-08-26 14:17:00,1.25,14646.0,Netherlands
564651,23270,SET OF 2 CERAMIC PAINTED HEARTS ,96,2011-08-26 14:19:00,0.0,14646.0,Netherlands
564651,23268,SET OF 2 CERAMIC CHRISTMAS REINDEER,192,2011-08-26 14:19:00,0.0,14646.0,Netherlands
564651,22955,36 FOIL STAR CAKE CASES ,144,2011-08-26 14:19:00,0.0,14646.0,Netherlands
564651,21786,POLKADOT RAIN HAT ,144,2011-08-26 14:19:00,0.0,14646.0,Netherlands
564652,23084,RABBIT NIGHT LIGHT,480,2011-08-26 14:20:00,2.08,14646.0,Netherlands
564653,22431,WATERING CAN BLUE ELEPHANT,6,2011-08-26 14:23:00,1.95,14776.0,United Kingdom
564653,22432,WATERING CAN PINK BUNNY,6,2011-08-26 14:23:00,1.95,14776.0,United Kingdom
564653,22433,WATERING CAN GREEN DINOSAUR,6,2011-08-26 14:23:00,1.95,14776.0,United Kingdom
564653,21829,DINOSAUR KEYRINGS ASSORTED,72,2011-08-26 14:23:00,0.21,14776.0,United Kingdom
564653,23078,ICE CREAM PEN LIP GLOSS ,48,2011-08-26 14:23:00,1.25,14776.0,United Kingdom
564653,21915,RED  HARMONICA IN BOX ,12,2011-08-26 14:23:00,1.25,14776.0,United Kingdom
564653,21914,BLUE HARMONICA IN BOX ,12,2011-08-26 14:23:00,1.25,14776.0,United Kingdom
564653,21703,BAG 125g SWIRLY MARBLES,24,2011-08-26 14:23:00,0.42,14776.0,United Kingdom
564653,22741,FUNKY DIVA PEN,48,2011-08-26 14:23:00,0.85,14776.0,United Kingdom
564654,22601,CHRISTMAS RETROSPOT ANGEL WOOD,12,2011-08-26 14:29:00,0.85,14911.0,EIRE
564654,23264,SET OF 3 WOODEN SLEIGH DECORATIONS,12,2011-08-26 14:29:00,1.25,14911.0,EIRE
564654,23263,SET OF 3 WOODEN HEART DECORATIONS,12,2011-08-26 14:29:00,1.25,14911.0,EIRE
564654,23266,SET OF 3 WOODEN STOCKING DECORATION,12,2011-08-26 14:29:00,1.25,14911.0,EIRE
564654,22572,ROCKING HORSE GREEN CHRISTMAS ,12,2011-08-26 14:29:00,0.85,14911.0,EIRE
564654,22161,HEART DECORATION RUSTIC HANGING ,24,2011-08-26 14:29:00,0.19,14911.0,EIRE
564654,22694,WICKER STAR ,6,2011-08-26 14:29:00,2.1,14911.0,EIRE
564654,22580,ADVENT CALENDAR GINGHAM SACK,3,2011-08-26 14:29:00,5.95,14911.0,EIRE
564654,22946,WOODEN ADVENT CALENDAR CREAM,2,2011-08-26 14:29:00,16.95,14911.0,EIRE
564654,22947,WOODEN ADVENT CALENDAR RED,2,2011-08-26 14:29:00,16.95,14911.0,EIRE
564654,22735,RIBBON REEL SOCKS AND MITTENS,10,2011-08-26 14:29:00,1.65,14911.0,EIRE
564654,22592,CARDHOLDER HOLLY WREATH METAL,4,2011-08-26 14:29:00,3.75,14911.0,EIRE
564654,22596,CHRISTMAS STAR WISH LIST CHALKBOARD,12,2011-08-26 14:29:00,1.25,14911.0,EIRE
564654,22689,DOORMAT MERRY CHRISTMAS RED ,10,2011-08-26 14:29:00,6.75,14911.0,EIRE
564654,22687,DOORMAT CHRISTMAS VILLAGE,6,2011-08-26 14:29:00,7.95,14911.0,EIRE
564654,21351,CINAMMON & ORANGE WREATH,4,2011-08-26 14:29:00,6.75,14911.0,EIRE
564654,23129,HEART SHAPED HOLLY WREATH,8,2011-08-26 14:29:00,4.15,14911.0,EIRE
564654,21352,EUCALYPTUS & PINECONE  WREATH,2,2011-08-26 14:29:00,6.75,14911.0,EIRE
564654,23131,MISTLETOE HEART WREATH CREAM,4,2011-08-26 14:29:00,4.15,14911.0,EIRE
564654,22119,PEACE WOODEN BLOCK LETTERS,3,2011-08-26 14:29:00,6.95,14911.0,EIRE
564654,21494,ROTATING LEAVES T-LIGHT HOLDER,12,2011-08-26 14:29:00,1.25,14911.0,EIRE
564654,22141,CHRISTMAS CRAFT TREE TOP ANGEL,6,2011-08-26 14:29:00,2.1,14911.0,EIRE
564654,35970,ZINC FOLKART SLEIGH BELLS,12,2011-08-26 14:29:00,1.69,14911.0,EIRE
564654,21098,CHRISTMAS TOILET ROLL,12,2011-08-26 14:29:00,1.25,14911.0,EIRE
564654,22576,SWALLOW WOODEN CHRISTMAS DECORATION,24,2011-08-26 14:29:00,0.85,14911.0,EIRE
564654,22573,STAR WOODEN CHRISTMAS DECORATION,24,2011-08-26 14:29:00,0.85,14911.0,EIRE
564654,22574,HEART WOODEN CHRISTMAS DECORATION,24,2011-08-26 14:29:00,0.85,14911.0,EIRE
564654,23314,VINTAGE CHRISTMAS TABLECLOTH,2,2011-08-26 14:29:00,12.5,14911.0,EIRE
564654,C2,CARRIAGE,1,2011-08-26 14:29:00,50.0,14911.0,EIRE
C564655,23075,PARLOUR CERAMIC WALL HOOK,-14,2011-08-26 14:35:00,4.15,13159.0,United Kingdom
564656,23263,SET OF 3 WOODEN HEART DECORATIONS,24,2011-08-26 14:40:00,1.25,14141.0,United Kingdom
564656,21485,RETROSPOT HEART HOT WATER BOTTLE,3,2011-08-26 14:40:00,4.95,14141.0,United Kingdom
564656,22112,CHOCOLATE HOT WATER BOTTLE,3,2011-08-26 14:40:00,4.95,14141.0,United Kingdom
564656,22508,DOORSTOP RETROSPOT HEART,4,2011-08-26 14:40:00,3.75,14141.0,United Kingdom
564656,20707,CRAZY DAISY HEART DECORATION,12,2011-08-26 14:40:00,1.25,14141.0,United Kingdom
564656,21114,LAVENDER SCENTED FABRIC HEART,10,2011-08-26 14:40:00,1.25,14141.0,United Kingdom
564656,22602,RETROSPOT WOODEN HEART DECORATION,12,2011-08-26 14:40:00,0.85,14141.0,United Kingdom
564656,82600,NO SINGING METAL SIGN,12,2011-08-26 14:40:00,2.1,14141.0,United Kingdom
564656,21174,POTTERING IN THE SHED METAL SIGN,12,2011-08-26 14:40:00,2.08,14141.0,United Kingdom
564656,21907,I'M ON HOLIDAY METAL SIGN,12,2011-08-26 14:40:00,2.1,14141.0,United Kingdom
564656,23243,SET OF TEA COFFEE SUGAR TINS PANTRY,4,2011-08-26 14:40:00,4.95,14141.0,United Kingdom
564656,23168,CLASSIC CAFE SUGAR DISPENSER,12,2011-08-26 14:40:00,1.25,14141.0,United Kingdom
564656,21218,RED SPOTTY BISCUIT TIN,6,2011-08-26 14:40:00,3.75,14141.0,United Kingdom
564656,22424,ENAMEL BREAD BIN CREAM,1,2011-08-26 14:40:00,12.75,14141.0,United Kingdom
564656,22720,SET OF 3 CAKE TINS PANTRY DESIGN ,3,2011-08-26 14:40:00,4.95,14141.0,United Kingdom
564656,10135,COLOURING PENCILS BROWN TUBE,10,2011-08-26 14:40:00,1.25,14141.0,United Kingdom
564657,23547,WRAP FLOWER SHOP  ,25,2011-08-26 14:44:00,0.42,14135.0,United Kingdom
564657,23546,WRAP PAISLEY PARK ,25,2011-08-26 14:44:00,0.42,14135.0,United Kingdom
564657,22045,SPACEBOY GIFT WRAP,25,2011-08-26 14:44:00,0.42,14135.0,United Kingdom
564657,23232,WRAP VINTAGE LEAF DESIGN,25,2011-08-26 14:44:00,0.42,14135.0,United Kingdom
564657,23230,WRAP ALPHABET DESIGN,25,2011-08-26 14:44:00,0.42,14135.0,United Kingdom
564657,21121,SET/10 RED POLKADOT PARTY CANDLES,24,2011-08-26 14:44:00,1.25,14135.0,United Kingdom
564657,22696,WICKER WREATH LARGE,48,2011-08-26 14:44:00,1.65,14135.0,United Kingdom
564657,21206,STRAWBERRY HONEYCOMB  GARLAND ,48,2011-08-26 14:44:00,1.45,14135.0,United Kingdom
564657,21201,TROPICAL  HONEYCOMB PAPER GARLAND ,48,2011-08-26 14:44:00,2.1,14135.0,United Kingdom
564657,79321,CHILLI LIGHTS,24,2011-08-26 14:44:00,4.95,14135.0,United Kingdom
564657,23100,SILVER BELLS TABLE DECORATION,72,2011-08-26 14:44:00,1.04,14135.0,United Kingdom
564657,23102,SILVER HEARTS TABLE DECORATION,72,2011-08-26 14:44:00,0.72,14135.0,United Kingdom
564657,23101,SILVER STARS TABLE DECORATION,72,2011-08-26 14:44:00,0.72,14135.0,United Kingdom
564657,85049E,SCANDINAVIAN REDS RIBBONS,24,2011-08-26 14:44:00,1.25,14135.0,United Kingdom
564657,22076,6 RIBBONS EMPIRE  ,12,2011-08-26 14:44:00,1.65,14135.0,United Kingdom
564657,85049A,TRADITIONAL CHRISTMAS RIBBONS,24,2011-08-26 14:44:00,1.25,14135.0,United Kingdom
564657,22077,6 RIBBONS RUSTIC CHARM,24,2011-08-26 14:44:00,1.65,14135.0,United Kingdom
564660,23320,GIANT 50'S CHRISTMAS CRACKER,12,2011-08-26 14:45:00,2.89,15074.0,United Kingdom
564660,23319,BOX OF 6 MINI 50'S CRACKERS,6,2011-08-26 14:45:00,2.49,15074.0,United Kingdom
564660,22086,PAPER CHAIN KIT 50'S CHRISTMAS ,6,2011-08-26 14:45:00,2.95,15074.0,United Kingdom
564660,23211,RED ROCKING HORSE HAND PAINTED,24,2011-08-26 14:45:00,1.25,15074.0,United Kingdom
564660,23210,WHITE ROCKING HORSE HAND PAINTED,24,2011-08-26 14:45:00,1.25,15074.0,United Kingdom
564660,23213,STAR WREATH DECORATION WITH BELL,24,2011-08-26 14:45:00,1.25,15074.0,United Kingdom
564660,23212,HEART WREATH DECORATION WITH BELL,24,2011-08-26 14:45:00,1.25,15074.0,United Kingdom
564660,22367,CHILDRENS APRON SPACEBOY DESIGN,8,2011-08-26 14:45:00,1.95,15074.0,United Kingdom
564660,22899,CHILDREN'S APRON DOLLY GIRL ,6,2011-08-26 14:45:00,2.1,15074.0,United Kingdom
564660,22951,60 CAKE CASES DOLLY GIRL DESIGN,24,2011-08-26 14:45:00,0.55,15074.0,United Kingdom
564660,22383,LUNCH BAG SUKI DESIGN ,10,2011-08-26 14:45:00,1.65,15074.0,United Kingdom
564660,20728,LUNCH BAG CARS BLUE,10,2011-08-26 14:45:00,1.65,15074.0,United Kingdom
564660,23206,LUNCH BAG APPLE DESIGN,10,2011-08-26 14:45:00,1.65,15074.0,United Kingdom
564660,22303,COFFEE MUG APPLES DESIGN,6,2011-08-26 14:45:00,2.55,15074.0,United Kingdom
564660,22302,COFFEE MUG PEARS  DESIGN,6,2011-08-26 14:45:00,2.55,15074.0,United Kingdom
564660,22300,COFFEE MUG DOG + BALL DESIGN,6,2011-08-26 14:45:00,2.55,15074.0,United Kingdom
564660,22301,COFFEE MUG CAT + BIRD DESIGN,6,2011-08-26 14:45:00,2.55,15074.0,United Kingdom
564660,23201,JUMBO BAG ALPHABET,10,2011-08-26 14:45:00,2.08,15074.0,United Kingdom
564660,23199,JUMBO BAG APPLES,10,2011-08-26 14:45:00,2.08,15074.0,United Kingdom
564660,22569,FELTCRAFT CUSHION BUTTERFLY,4,2011-08-26 14:45:00,3.75,15074.0,United Kingdom
564660,22570,FELTCRAFT CUSHION RABBIT,4,2011-08-26 14:45:00,3.75,15074.0,United Kingdom
564660,22940,FELTCRAFT CHRISTMAS FAIRY,4,2011-08-26 14:45:00,4.25,15074.0,United Kingdom
564660,22749,FELTCRAFT PRINCESS CHARLOTTE DOLL,4,2011-08-26 14:45:00,3.75,15074.0,United Kingdom
564660,22271,FELTCRAFT DOLL ROSIE,6,2011-08-26 14:45:00,2.95,15074.0,United Kingdom
564660,22751,FELTCRAFT PRINCESS OLIVIA DOLL,4,2011-08-26 14:45:00,3.75,15074.0,United Kingdom
564660,20972,PINK CREAM FELT CRAFT TRINKET BOX ,12,2011-08-26 14:45:00,1.25,15074.0,United Kingdom
564660,20969,RED FLORAL FELTCRAFT SHOULDER BAG,4,2011-08-26 14:45:00,3.75,15074.0,United Kingdom
564660,20970,PINK FLORAL FELTCRAFT SHOULDER BAG,4,2011-08-26 14:45:00,3.75,15074.0,United Kingdom
564660,22748,POPPY'S PLAYHOUSE KITCHEN,6,2011-08-26 14:45:00,2.1,15074.0,United Kingdom
564660,22147,FELTCRAFT BUTTERFLY HEARTS,12,2011-08-26 14:45:00,1.45,15074.0,United Kingdom
564660,22150,3 STRIPEY MICE FELTCRAFT,12,2011-08-26 14:45:00,1.95,15074.0,United Kingdom
564660,22149,FELTCRAFT 6 FLOWER FRIENDS,12,2011-08-26 14:45:00,2.1,15074.0,United Kingdom
564660,84991,60 TEATIME FAIRY CAKE CASES,24,2011-08-26 14:45:00,0.55,15074.0,United Kingdom
564660,23307,SET OF 60 PANTRY DESIGN CAKE CASES ,24,2011-08-26 14:45:00,0.55,15074.0,United Kingdom
564660,22951,60 CAKE CASES DOLLY GIRL DESIGN,24,2011-08-26 14:45:00,0.55,15074.0,United Kingdom
564660,22666,RECIPE BOX PANTRY YELLOW DESIGN,6,2011-08-26 14:45:00,2.95,15074.0,United Kingdom
564660,22965,3 TRADITIONAl BISCUIT CUTTERS  SET,6,2011-08-26 14:45:00,2.1,15074.0,United Kingdom
564660,22993,SET OF 4 PANTRY JELLY MOULDS,12,2011-08-26 14:45:00,1.25,15074.0,United Kingdom
564660,23166,MEDIUM CERAMIC TOP STORAGE JAR,12,2011-08-26 14:45:00,1.25,15074.0,United Kingdom
564660,23165,LARGE CERAMIC TOP STORAGE JAR,12,2011-08-26 14:45:00,1.65,15074.0,United Kingdom
564660,22966,GINGERBREAD MAN COOKIE CUTTER,12,2011-08-26 14:45:00,1.25,15074.0,United Kingdom
564660,22720,SET OF 3 CAKE TINS PANTRY DESIGN ,3,2011-08-26 14:45:00,4.95,15074.0,United Kingdom
564661,22149,FELTCRAFT 6 FLOWER FRIENDS,18,2011-08-26 14:45:00,2.1,12948.0,United Kingdom
564661,22150,3 STRIPEY MICE FELTCRAFT,12,2011-08-26 14:45:00,1.95,12948.0,United Kingdom
564661,20969,RED FLORAL FELTCRAFT SHOULDER BAG,8,2011-08-26 14:45:00,3.75,12948.0,United Kingdom
564661,22273,FELTCRAFT DOLL MOLLY,6,2011-08-26 14:45:00,2.95,12948.0,United Kingdom
564661,22271,FELTCRAFT DOLL ROSIE,6,2011-08-26 14:45:00,2.95,12948.0,United Kingdom
564661,22274,FELTCRAFT DOLL EMILY,6,2011-08-26 14:45:00,2.95,12948.0,United Kingdom
564661,22569,FELTCRAFT CUSHION BUTTERFLY,8,2011-08-26 14:45:00,3.75,12948.0,United Kingdom
564661,22749,FELTCRAFT PRINCESS CHARLOTTE DOLL,4,2011-08-26 14:45:00,3.75,12948.0,United Kingdom
564661,22750,FELTCRAFT PRINCESS LOLA DOLL,4,2011-08-26 14:45:00,3.75,12948.0,United Kingdom
564661,22751,FELTCRAFT PRINCESS OLIVIA DOLL,4,2011-08-26 14:45:00,3.75,12948.0,United Kingdom
564661,23128,FELTCRAFT BOY JEAN-PAUL KIT,4,2011-08-26 14:45:00,4.95,12948.0,United Kingdom
564661,23126,FELTCRAFT GIRL AMELIE KIT,4,2011-08-26 14:45:00,4.95,12948.0,United Kingdom
564661,22621,TRADITIONAL KNITTING NANCY,12,2011-08-26 14:45:00,1.65,12948.0,United Kingdom
564661,22080,RIBBON REEL POLKADOTS ,10,2011-08-26 14:45:00,1.65,12948.0,United Kingdom
564661,22078,RIBBON REEL LACE DESIGN ,10,2011-08-26 14:45:00,2.1,12948.0,United Kingdom
564661,84077,WORLD WAR 2 GLIDERS ASSTD DESIGNS,48,2011-08-26 14:45:00,0.29,12948.0,United Kingdom
564661,22634,CHILDS BREAKFAST SET SPACEBOY ,2,2011-08-26 14:45:00,9.95,12948.0,United Kingdom
564661,21915,RED  HARMONICA IN BOX ,12,2011-08-26 14:45:00,1.25,12948.0,United Kingdom
564661,20727,LUNCH BAG  BLACK SKULL.,10,2011-08-26 14:45:00,1.65,12948.0,United Kingdom
564661,21892,TRADITIONAL WOODEN CATCH CUP GAME ,12,2011-08-26 14:45:00,1.25,12948.0,United Kingdom
564661,21703,BAG 125g SWIRLY MARBLES,12,2011-08-26 14:45:00,0.42,12948.0,United Kingdom
564661,22820,GIFT BAG BIRTHDAY,12,2011-08-26 14:45:00,0.65,12948.0,United Kingdom
564661,22037,ROBOT BIRTHDAY CARD,12,2011-08-26 14:45:00,0.42,12948.0,United Kingdom
564661,21509,COWBOYS AND INDIANS BIRTHDAY CARD ,12,2011-08-26 14:45:00,0.42,12948.0,United Kingdom
564661,47593B,SCOTTIE DOGS BABY BIB,48,2011-08-26 14:45:00,0.39,12948.0,United Kingdom
564661,16169E,WRAP 50'S  CHRISTMAS,25,2011-08-26 14:45:00,0.42,12948.0,United Kingdom
564661,22707,WRAP MONSTER FUN ,25,2011-08-26 14:45:00,0.42,12948.0,United Kingdom
564661,23547,WRAP FLOWER SHOP  ,25,2011-08-26 14:45:00,0.42,12948.0,United Kingdom
564661,23209,LUNCH BAG VINTAGE DOILY ,10,2011-08-26 14:45:00,1.65,12948.0,United Kingdom
564661,22382,LUNCH BAG SPACEBOY DESIGN ,10,2011-08-26 14:45:00,1.65,12948.0,United Kingdom
564661,22814,CARD PARTY GAMES ,12,2011-08-26 14:45:00,0.42,12948.0,United Kingdom
564661,20970,PINK FLORAL FELTCRAFT SHOULDER BAG,8,2011-08-26 14:45:00,3.75,12948.0,United Kingdom
564665,POST,POSTAGE,1,2011-08-26 14:48:00,1.1,,United Kingdom
564666,21578,WOODLAND DESIGN  COTTON TOTE BAG,6,2011-08-26 14:51:00,2.25,12492.0,Germany
564666,16169E,WRAP 50'S  CHRISTMAS,25,2011-08-26 14:51:00,0.42,12492.0,Germany
564666,22815,CARD PSYCHEDELIC APPLES,12,2011-08-26 14:51:00,0.42,12492.0,Germany
564666,84931B,BLUE SCOTTIE DOG W FLOWER PATTERN,6,2011-08-26 14:51:00,2.55,12492.0,Germany
564666,22445,PENCIL CASE LIFE IS BEAUTIFUL,6,2011-08-26 14:51:00,2.95,12492.0,Germany
564666,21481,FAWN BLUE HOT WATER BOTTLE,6,2011-08-26 14:51:00,2.95,12492.0,Germany
564666,22111,SCOTTIE DOG HOT WATER BOTTLE,3,2011-08-26 14:51:00,4.95,12492.0,Germany
564666,21484,CHICK GREY HOT WATER BOTTLE,4,2011-08-26 14:51:00,3.45,12492.0,Germany
564666,POST,POSTAGE,1,2011-08-26 14:51:00,18.0,12492.0,Germany
564667,23084,,-400,2011-08-26 15:08:00,0.0,,United Kingdom
564668,23188,VINTAGE  2 METER FOLDING RULER,12,2011-08-26 15:25:00,1.65,17183.0,United Kingdom
564668,47504H,ENGLISH ROSE SPIRIT LEVEL ,12,2011-08-26 15:25:00,0.79,17183.0,United Kingdom
564668,47504K,ENGLISH ROSE GARDEN SECATEURS,12,2011-08-26 15:25:00,0.79,17183.0,United Kingdom
564668,47503A,ASS FLORAL PRINT MULTI SCREWDRIVER,24,2011-08-26 15:25:00,0.42,17183.0,United Kingdom
564668,23189,SET OF 12 FORK CANDLES,18,2011-08-26 15:25:00,2.89,17183.0,United Kingdom
564668,22111,SCOTTIE DOG HOT WATER BOTTLE,24,2011-08-26 15:25:00,4.25,17183.0,United Kingdom
564668,84029G,KNITTED UNION FLAG HOT WATER BOTTLE,24,2011-08-26 15:25:00,3.39,17183.0,United Kingdom
564668,21586,KINGS CHOICE GIANT TUBE MATCHES,12,2011-08-26 15:25:00,2.55,17183.0,United Kingdom
564668,22112,CHOCOLATE HOT WATER BOTTLE,3,2011-08-26 15:25:00,4.95,17183.0,United Kingdom
564669,84947,ANTIQUE SILVER TEA GLASS ENGRAVED,72,2011-08-26 15:38:00,1.06,16872.0,United Kingdom
564670,21086,SET/6 RED SPOTTY PAPER CUPS,12,2011-08-26 15:44:00,0.65,12683.0,France
564670,21988,PACK OF 6 SKULL PAPER PLATES,12,2011-08-26 15:44:00,0.85,12683.0,France
564670,21094,SET/6 RED SPOTTY PAPER PLATES,12,2011-08-26 15:44:00,0.85,12683.0,France
564670,21080,SET/20 RED RETROSPOT PAPER NAPKINS ,12,2011-08-26 15:44:00,0.85,12683.0,France
564670,21989,PACK OF 20 SKULL PAPER NAPKINS,12,2011-08-26 15:44:00,0.85,12683.0,France
564670,22908,PACK OF 20 NAPKINS RED APPLES,12,2011-08-26 15:44:00,0.85,12683.0,France
564670,22895,SET OF 2 TEA TOWELS APPLE AND PEARS,6,2011-08-26 15:44:00,3.25,12683.0,France
564670,22437,SET OF 9 BLACK SKULL BALLOONS,20,2011-08-26 15:44:00,0.85,12683.0,France
564670,22435,SET OF 9 HEART SHAPED BALLOONS,90,2011-08-26 15:44:00,1.06,12683.0,France
564670,23159,SET OF 5 PANCAKE DAY MAGNETS,36,2011-08-26 15:44:00,2.08,12683.0,France
564670,23298,SPOTTY BUNTING,3,2011-08-26 15:44:00,4.95,12683.0,France
564670,47566,PARTY BUNTING,4,2011-08-26 15:44:00,4.95,12683.0,France
564670,22974,CHILDRENS DOLLY GIRL MUG,12,2011-08-26 15:44:00,1.65,12683.0,France
564670,84375,SET OF 20 KIDS COOKIE CUTTERS,12,2011-08-26 15:44:00,2.1,12683.0,France
564670,21719,LOVELY BONBON STICKER SHEET,12,2011-08-26 15:44:00,0.85,12683.0,France
564670,23293,SET OF 12 FAIRY CAKE BAKING CASES,8,2011-08-26 15:44:00,0.83,12683.0,France
564670,23296,SET OF 6 TEA TIME BAKING CASES,8,2011-08-26 15:44:00,1.25,12683.0,France
564670,23297,SET 40 HEART SHAPE PETIT FOUR CASES,16,2011-08-26 15:44:00,1.65,12683.0,France
564670,23325,RUSTIC STRAWBERRY JAM POT SMALL,12,2011-08-26 15:44:00,1.65,12683.0,France
564670,23348,CHILDRENS TOY COOKING UTENSIL SET,6,2011-08-26 15:44:00,2.08,12683.0,France
564670,23346,SPACEBOY BEAKER,12,2011-08-26 15:44:00,1.25,12683.0,France
564670,23345, DOLLY GIRL BEAKER,12,2011-08-26 15:44:00,1.25,12683.0,France
564670,23156,SET OF 5 MINI GROCERY MAGNETS,12,2011-08-26 15:44:00,2.08,12683.0,France
564670,21196,ROUND WHITE CONFETTI IN TUBE,12,2011-08-26 15:44:00,1.65,12683.0,France
564670,21197,MULTICOLOUR  CONFETTI IN TUBE,12,2011-08-26 15:44:00,1.65,12683.0,France
564670,21198,WHITE HEART CONFETTI IN TUBE,12,2011-08-26 15:44:00,1.65,12683.0,France
564670,21199,PINK  HEART CONFETTI IN TUBE,12,2011-08-26 15:44:00,1.65,12683.0,France
564670,22631,CIRCUS PARADE LUNCH BOX ,12,2011-08-26 15:44:00,1.95,12683.0,France
564670,23252,VINTAGE RED ENAMEL TRIM JUG ,4,2011-08-26 15:44:00,3.75,12683.0,France
564670,23251,VINTAGE RED ENAMEL TRIM MUG ,12,2011-08-26 15:44:00,1.25,12683.0,France
564670,23250,VINTAGE RED TRIM ENAMEL BOWL ,12,2011-08-26 15:44:00,1.25,12683.0,France
564670,23249,VINTAGE RED ENAMEL TRIM PLATE,12,2011-08-26 15:44:00,1.65,12683.0,France
564670,22842,BISCUIT TIN VINTAGE RED,2,2011-08-26 15:44:00,6.75,12683.0,France
564670,22843,BISCUIT TIN VINTAGE GREEN,2,2011-08-26 15:44:00,6.75,12683.0,France
564670,22262,FELT EGG COSY CHICKEN,24,2011-08-26 15:44:00,0.85,12683.0,France
564670,23236,STORAGE TIN VINTAGE DOILY ,6,2011-08-26 15:44:00,2.89,12683.0,France
564670,22972,CHILDREN'S SPACEBOY MUG,12,2011-08-26 15:44:00,1.65,12683.0,France
564670,22973,CHILDREN'S CIRCUS PARADE MUG,12,2011-08-26 15:44:00,1.65,12683.0,France
564670,22976,CIRCUS PARADE CHILDRENS EGG CUP ,12,2011-08-26 15:44:00,1.25,12683.0,France
564670,22975,SPACEBOY CHILDRENS EGG CUP,12,2011-08-26 15:44:00,1.25,12683.0,France
564670,22046,TEA PARTY  WRAPPING PAPER ,25,2011-08-26 15:44:00,0.42,12683.0,France
564670,22708,WRAP DOLLY GIRL,25,2011-08-26 15:44:00,0.42,12683.0,France
564670,23231,WRAP  VINTAGE DOILY ,25,2011-08-26 15:44:00,0.42,12683.0,France
564670,22704,WRAP RED APPLES ,25,2011-08-26 15:44:00,0.42,12683.0,France
564670,22705,WRAP GREEN PEARS ,25,2011-08-26 15:44:00,0.42,12683.0,France
564670,22423,REGENCY CAKESTAND 3 TIER,16,2011-08-26 15:44:00,10.95,12683.0,France
564670,21987,PACK OF 6 SKULL PAPER CUPS,12,2011-08-26 15:44:00,0.65,12683.0,France
564670,POST,POSTAGE,6,2011-08-26 15:44:00,18.0,12683.0,France
