InvoiceNo,StockCode,Description,Quantity,InvoiceDate,UnitPrice,CustomerID,Country
558077,21917,SET 12 KIDS  WHITE CHALK STICKS,48,2011-06-26 10:59:00,0.42,13408.0,United Kingdom
558077,20725,LUNCH BAG RED RETROSPOT,20,2011-06-26 10:59:00,1.65,13408.0,United Kingdom
558077,20972,PINK CREAM FELT CRAFT TRINKET BOX ,36,2011-06-26 10:59:00,1.25,13408.0,United Kingdom
558077,20983,12 PENCILS TALL TUBE RED RETROSPOT,24,2011-06-26 10:59:00,0.85,13408.0,United Kingdom
558077,21504,SKULLS GREETING CARD,24,2011-06-26 10:59:00,0.42,13408.0,United Kingdom
558077,21506,"FANCY FONT BIRTHDAY CARD, ",24,2011-06-26 10:59:00,0.42,13408.0,United Kingdom
558077,21673,WHITE SPOT BLUE CERAMIC DRAWER KNOB,24,2011-06-26 10:59:00,1.25,13408.0,United Kingdom
558077,21700,BIG DOUGHNUT FRIDGE MAGNETS,12,2011-06-26 10:59:00,0.85,13408.0,United Kingdom
558077,22355,CHARLOTTE BAG SUKI DESIGN,30,2011-06-26 10:59:00,0.85,13408.0,United Kingdom
558077,22726,ALARM CLOCK BAKELIKE GREEN,24,2011-06-26 10:59:00,3.75,13408.0,United Kingdom
558077,47590A,BLUE HAPPY BIRTHDAY BUNTING,12,2011-06-26 10:59:00,5.45,13408.0,United Kingdom
558077,82600,NO SINGING METAL SIGN,12,2011-06-26 10:59:00,2.1,13408.0,United Kingdom
558077,85123A,WHITE HANGING HEART T-LIGHT HOLDER,32,2011-06-26 10:59:00,2.55,13408.0,United Kingdom
558077,22746,POPPY'S PLAYHOUSE LIVINGROOM ,12,2011-06-26 10:59:00,2.1,13408.0,United Kingdom
558077,23251,VINTAGE RED ENAMEL TRIM MUG ,12,2011-06-26 10:59:00,1.25,13408.0,United Kingdom
558077,23252,VINTAGE RED ENAMEL TRIM JUG ,12,2011-06-26 10:59:00,3.75,13408.0,United Kingdom
558077,22431,WATERING CAN BLUE ELEPHANT,24,2011-06-26 10:59:00,1.95,13408.0,United Kingdom
558077,22740,POLKADOT PEN,96,2011-06-26 10:59:00,0.85,13408.0,United Kingdom
558077,85230G,ORANGE VOTIVE CANDLE,48,2011-06-26 10:59:00,0.29,13408.0,United Kingdom
558077,85230E,STRAWBRY SCENTED VOTIVE CANDLE,48,2011-06-26 10:59:00,0.29,13408.0,United Kingdom
558078,22667,RECIPE BOX RETROSPOT ,12,2011-06-26 11:00:00,2.95,13408.0,United Kingdom
558079,22619,SET OF 6 SOLDIER SKITTLES,12,2011-06-26 11:01:00,3.75,17402.0,United Kingdom
558079,22622,BOX OF VINTAGE ALPHABET BLOCKS,2,2011-06-26 11:01:00,11.95,17402.0,United Kingdom
558079,23084,RABBIT NIGHT LIGHT,24,2011-06-26 11:01:00,1.79,17402.0,United Kingdom
558079,22635,CHILDS BREAKFAST SET DOLLY GIRL ,4,2011-06-26 11:01:00,9.95,17402.0,United Kingdom
C558080,22847,BREAD BIN DINER STYLE IVORY,-1,2011-06-26 11:35:00,16.95,15104.0,United Kingdom
C558080,22840,ROUND CAKE TIN VINTAGE RED,-1,2011-06-26 11:35:00,7.95,15104.0,United Kingdom
C558081,22838,3 TIER CAKE TIN RED AND CREAM,-3,2011-06-26 11:42:00,14.95,18172.0,United Kingdom
C558082,84945,MULTI COLOUR SILVER T-LIGHT HOLDER,-2,2011-06-26 11:43:00,0.85,16239.0,United Kingdom
C558082,22430,ENAMEL WATERING CAN CREAM,-8,2011-06-26 11:43:00,4.95,16239.0,United Kingdom
558083,21830,ASSORTED CREEPY CRAWLIES,24,2011-06-26 11:47:00,0.42,17284.0,United Kingdom
558083,21219,SET/4 BADGES BALLOON GIRL,2,2011-06-26 11:47:00,1.25,17284.0,United Kingdom
558083,21220,SET/4 BADGES DOGS,2,2011-06-26 11:47:00,1.25,17284.0,United Kingdom
558083,21175,GIN + TONIC DIET METAL SIGN,1,2011-06-26 11:47:00,2.55,17284.0,United Kingdom
558083,21907,I'M ON HOLIDAY METAL SIGN,1,2011-06-26 11:47:00,2.1,17284.0,United Kingdom
558083,85152,HAND OVER THE CHOCOLATE   SIGN ,1,2011-06-26 11:47:00,2.1,17284.0,United Kingdom
558083,23309,SET OF 60 I LOVE LONDON CAKE CASES ,24,2011-06-26 11:47:00,0.55,17284.0,United Kingdom
558083,21828,EIGHT PIECE SNAKE  SET,3,2011-06-26 11:47:00,1.25,17284.0,United Kingdom
558083,22900,SET 2 TEA TOWELS I LOVE LONDON ,15,2011-06-26 11:47:00,3.25,17284.0,United Kingdom
558083,22902,TOTE BAG I LOVE LONDON,10,2011-06-26 11:47:00,2.1,17284.0,United Kingdom
558084,23110,PARISIENNE KEY CABINET ,2,2011-06-26 11:47:00,5.75,14837.0,United Kingdom
558084,23212,HEART WREATH DECORATION WITH BELL,12,2011-06-26 11:47:00,1.25,14837.0,United Kingdom
558084,23236,DOILEY STORAGE TIN,6,2011-06-26 11:47:00,2.89,14837.0,United Kingdom
558084,23234,BISCUIT TIN VINTAGE CHRISTMAS,6,2011-06-26 11:47:00,2.89,14837.0,United Kingdom
558084,23241,TREASURE TIN GYMKHANA DESIGN,6,2011-06-26 11:47:00,2.08,14837.0,United Kingdom
558084,23307,SET OF 60 PANTRY DESIGN CAKE CASES ,24,2011-06-26 11:47:00,0.55,14837.0,United Kingdom
558084,79321,CHILLI LIGHTS,4,2011-06-26 11:47:00,5.75,14837.0,United Kingdom
558084,23084,RABBIT NIGHT LIGHT,6,2011-06-26 11:47:00,2.08,14837.0,United Kingdom
558084,23108,SET OF 10 LED DOLLY LIGHTS,2,2011-06-26 11:47:00,6.25,14837.0,United Kingdom
558084,22650,CERAMIC PIRATE CHEST MONEY BANK,12,2011-06-26 11:47:00,1.45,14837.0,United Kingdom
558084,23177,TREASURE ISLAND BOOK BOX,8,2011-06-26 11:47:00,2.25,14837.0,United Kingdom
558084,23194,GYMKHANA TREASURE BOOK BOX,8,2011-06-26 11:47:00,2.25,14837.0,United Kingdom
558084,21914,BLUE HARMONICA IN BOX ,12,2011-06-26 11:47:00,1.25,14837.0,United Kingdom
558084,23229,VINTAGE DONKEY TAIL GAME ,6,2011-06-26 11:47:00,3.75,14837.0,United Kingdom
558084,22585,PACK OF 6 BIRDY GIFT TAGS,12,2011-06-26 11:47:00,1.25,14837.0,United Kingdom
558084,23233,WRAP POPPIES  DESIGN,25,2011-06-26 11:47:00,0.42,14837.0,United Kingdom
558084,23231,WRAP DOILEY DESIGN,25,2011-06-26 11:47:00,0.42,14837.0,United Kingdom
558084,23048,SET OF 10 LANTERNS FAIRY LIGHT STAR,4,2011-06-26 11:47:00,4.15,14837.0,United Kingdom
558084,23041,PAPER LANTERN 9 POINT SNOW STAR,4,2011-06-26 11:47:00,4.15,14837.0,United Kingdom
558084,23148,MINIATURE ANTIQUE ROSE HOOK IVORY,12,2011-06-26 11:47:00,0.83,14837.0,United Kingdom
558084,85170B,SET/6 BLACK BIRD T-LIGHT CANDLES,6,2011-06-26 11:47:00,2.1,14837.0,United Kingdom
558084,22969,HOMEMADE JAM SCENTED CANDLES,12,2011-06-26 11:47:00,1.45,14837.0,United Kingdom
558084,21544,SKULLS  WATER TRANSFER TATTOOS ,12,2011-06-26 11:47:00,0.85,14837.0,United Kingdom
558084,22437,SET OF 9 BLACK SKULL BALLOONS,20,2011-06-26 11:47:00,0.85,14837.0,United Kingdom
558084,20984,12 PENCILS TALL TUBE POSY,24,2011-06-26 11:47:00,0.29,14837.0,United Kingdom
558084,22230,JIGSAW TREE WITH WATERING CAN,48,2011-06-26 11:47:00,0.29,14837.0,United Kingdom
558084,22269,EGG CUP NATURAL CHICKEN,16,2011-06-26 11:47:00,0.39,14837.0,United Kingdom
558084,85212,MINI PAINTED GARDEN DECORATION ,24,2011-06-26 11:47:00,0.29,14837.0,United Kingdom
558084,22595,GINGHAM HEART DECORATION,12,2011-06-26 11:47:00,0.85,14837.0,United Kingdom
558084,22178,VICTORIAN GLASS HANGING T-LIGHT,12,2011-06-26 11:47:00,1.25,14837.0,United Kingdom
558084,16259,PIECE OF CAMO STATIONERY SET,108,2011-06-26 11:47:00,0.08,14837.0,United Kingdom
558084,22792,FLUTED ANTIQUE CANDLE HOLDER,12,2011-06-26 11:47:00,0.85,14837.0,United Kingdom
558084,20996,JAZZ HEARTS ADDRESS BOOK,24,2011-06-26 11:47:00,0.19,14837.0,United Kingdom
558084,22754,SMALL RED BABUSHKA NOTEBOOK ,12,2011-06-26 11:47:00,0.85,14837.0,United Kingdom
558084,22755,SMALL PURPLE BABUSHKA NOTEBOOK ,12,2011-06-26 11:47:00,0.85,14837.0,United Kingdom
558085,20749,ASSORTED COLOUR MINI CASES,2,2011-06-26 11:53:00,7.95,13021.0,United Kingdom
558085,21242,RED RETROSPOT PLATE ,8,2011-06-26 11:53:00,1.69,13021.0,United Kingdom
558085,21936,RED RETROSPOT PICNIC BAG,5,2011-06-26 11:53:00,2.95,13021.0,United Kingdom
558085,85099B,JUMBO BAG RED RETROSPOT,30,2011-06-26 11:53:00,2.08,13021.0,United Kingdom
558085,22411,JUMBO SHOPPER VINTAGE RED PAISLEY,20,2011-06-26 11:53:00,2.08,13021.0,United Kingdom
558085,23034,DRAWER KNOB CERAMIC BLACK,6,2011-06-26 11:53:00,1.45,13021.0,United Kingdom
558085,21673,WHITE SPOT BLUE CERAMIC DRAWER KNOB,12,2011-06-26 11:53:00,1.25,13021.0,United Kingdom
558085,23145,ZINC T-LIGHT HOLDER STAR LARGE,12,2011-06-26 11:53:00,0.95,13021.0,United Kingdom
558085,85066,CREAM SWEETHEART MINI CHEST,2,2011-06-26 11:53:00,12.75,13021.0,United Kingdom
558085,23108,SET OF 10 LED DOLLY LIGHTS,2,2011-06-26 11:53:00,6.25,13021.0,United Kingdom
558085,20750,RED RETROSPOT MINI CASES,2,2011-06-26 11:53:00,7.95,13021.0,United Kingdom
558085,21238,RED RETROSPOT CUP,8,2011-06-26 11:53:00,0.85,13021.0,United Kingdom
558085,20725,LUNCH BAG RED RETROSPOT,10,2011-06-26 11:53:00,1.65,13021.0,United Kingdom
558085,85099C,JUMBO  BAG BAROQUE BLACK WHITE,20,2011-06-26 11:53:00,2.08,13021.0,United Kingdom
558085,22840,ROUND CAKE TIN VINTAGE RED,2,2011-06-26 11:53:00,7.95,13021.0,United Kingdom
558085,22771,CLEAR DRAWER KNOB ACRYLIC EDWARDIAN,12,2011-06-26 11:53:00,1.25,13021.0,United Kingdom
558085,22465,HANGING METAL STAR LANTERN,12,2011-06-26 11:53:00,1.65,13021.0,United Kingdom
558085,22457,NATURAL SLATE HEART CHALKBOARD ,6,2011-06-26 11:53:00,2.95,13021.0,United Kingdom
558085,22169,FAMILY ALBUM WHITE PICTURE FRAME,2,2011-06-26 11:53:00,8.5,13021.0,United Kingdom
558086,21907,I'M ON HOLIDAY METAL SIGN,1,2011-06-26 11:58:00,2.1,16728.0,United Kingdom
558086,21174,POTTERING IN THE SHED METAL SIGN,1,2011-06-26 11:58:00,2.08,16728.0,United Kingdom
558086,21908,CHOCOLATE THIS WAY METAL SIGN,1,2011-06-26 11:58:00,2.1,16728.0,United Kingdom
558086,21169,YOU'RE CONFUSING ME METAL SIGN ,1,2011-06-26 11:58:00,1.69,16728.0,United Kingdom
558086,22117,METAL SIGN HER DINNER IS SERVED ,1,2011-06-26 11:58:00,2.95,16728.0,United Kingdom
558086,21165,BEWARE OF THE CAT METAL SIGN ,2,2011-06-26 11:58:00,1.69,16728.0,United Kingdom
558086,21171,BATHROOM METAL SIGN ,1,2011-06-26 11:58:00,1.45,16728.0,United Kingdom
558086,82578,KITCHEN METAL SIGN,2,2011-06-26 11:58:00,0.55,16728.0,United Kingdom
558086,82580,BATHROOM METAL SIGN,3,2011-06-26 11:58:00,0.55,16728.0,United Kingdom
558086,82581,TOILET METAL SIGN,2,2011-06-26 11:58:00,0.55,16728.0,United Kingdom
558086,21169,YOU'RE CONFUSING ME METAL SIGN ,1,2011-06-26 11:58:00,1.69,16728.0,United Kingdom
558086,85152,HAND OVER THE CHOCOLATE   SIGN ,1,2011-06-26 11:58:00,2.1,16728.0,United Kingdom
558086,82552,WASHROOM METAL SIGN,1,2011-06-26 11:58:00,1.45,16728.0,United Kingdom
558086,22625,RED KITCHEN SCALES,2,2011-06-26 11:59:00,8.5,16728.0,United Kingdom
558086,82486,WOOD S/3 CABINET ANT WHITE FINISH,2,2011-06-26 11:59:00,8.95,16728.0,United Kingdom
558086,23112,PARISIENNE CURIO CABINET,1,2011-06-26 11:59:00,7.5,16728.0,United Kingdom
558086,22487,WHITE WOOD GARDEN PLANT LADDER,1,2011-06-26 11:59:00,9.95,16728.0,United Kingdom
558086,22171,3 HOOK PHOTO SHELF ANTIQUE WHITE,1,2011-06-26 11:59:00,8.5,16728.0,United Kingdom
558086,21403,BLUE EGG  SPOON,16,2011-06-26 11:59:00,0.12,16728.0,United Kingdom
558086,21876,POTTERING MUG,1,2011-06-26 11:59:00,1.25,16728.0,United Kingdom
558086,21872,GLAMOROUS  MUG,1,2011-06-26 11:59:00,1.25,16728.0,United Kingdom
558086,21868,POTTING SHED TEA MUG,2,2011-06-26 11:59:00,1.25,16728.0,United Kingdom
558086,22362,GLASS JAR PEACOCK BATH SALTS,1,2011-06-26 11:59:00,2.95,16728.0,United Kingdom
558086,22360,GLASS JAR ENGLISH CONFECTIONERY,1,2011-06-26 11:59:00,2.95,16728.0,United Kingdom
558086,22361,GLASS JAR DAISY FRESH COTTON WOOL,1,2011-06-26 11:59:00,2.95,16728.0,United Kingdom
558086,22364,GLASS JAR DIGESTIVE BISCUITS,1,2011-06-26 11:59:00,2.95,16728.0,United Kingdom
558086,22359,GLASS JAR KINGS CHOICE,1,2011-06-26 11:59:00,2.95,16728.0,United Kingdom
558086,22363,GLASS JAR MARMALADE ,1,2011-06-26 11:59:00,2.95,16728.0,United Kingdom
558086,23286,BLUE VINTAGE SPOT BEAKER,6,2011-06-26 11:59:00,0.85,16728.0,United Kingdom
558086,35004B,SET OF 3 BLACK FLYING DUCKS,1,2011-06-26 11:59:00,5.45,16728.0,United Kingdom
558086,21896,POTTING SHED TWINE,1,2011-06-26 11:59:00,2.1,16728.0,United Kingdom
558086,22441,GROW YOUR OWN BASIL IN ENAMEL MUG,1,2011-06-26 11:59:00,2.1,16728.0,United Kingdom
558086,21745,GAOLERS KEYS DECORATIVE GARDEN ,6,2011-06-26 11:59:00,3.75,16728.0,United Kingdom
558086,23342,MINT DINER WALL CLOCK,1,2011-06-26 11:59:00,8.5,16728.0,United Kingdom
558086,23147,SINGLE ANTIQUE ROSE HOOK IVORY,6,2011-06-26 11:59:00,1.45,16728.0,United Kingdom
558086,84828,JUNGLE POPSICLES ICE LOLLY MOULDS,1,2011-06-26 11:59:00,1.25,16728.0,United Kingdom
558086,15036,ASSORTED COLOURS SILK FAN,12,2011-06-26 11:59:00,0.83,16728.0,United Kingdom
558086,85059,FRENCH ENAMEL WATER BASIN,1,2011-06-26 11:59:00,3.75,16728.0,United Kingdom
558086,22434,BALLOON PUMP WITH 10 BALLOONS,1,2011-06-26 11:59:00,1.95,16728.0,United Kingdom
558086,22286,DECORATION WOBBLY RABBIT METAL ,1,2011-06-26 11:59:00,0.39,16728.0,United Kingdom
558086,23252,VINTAGE RED ENAMEL TRIM JUG ,1,2011-06-26 11:59:00,3.75,16728.0,United Kingdom
558086,23239,SET OF 4 KNICK KNACK TINS POPPIES,1,2011-06-26 11:59:00,4.15,16728.0,United Kingdom
558086,47574A,ENGLISH ROSE SCENTED HANGING FLOWER,4,2011-06-26 11:59:00,0.75,16728.0,United Kingdom
558086,23242,TREASURE TIN BUFFALO BILL ,1,2011-06-26 11:59:00,2.08,16728.0,United Kingdom
558086,21990,MODERN FLORAL STATIONERY SET,2,2011-06-26 11:59:00,1.25,16728.0,United Kingdom
558086,22287,DECORATION WOBBLY CHICKEN,1,2011-06-26 11:59:00,0.39,16728.0,United Kingdom
558086,84536A,ENGLISH ROSE NOTEBOOK A7 SIZE,2,2011-06-26 11:59:00,0.42,16728.0,United Kingdom
558086,22467,GUMBALL COAT RACK,8,2011-06-26 11:59:00,2.55,16728.0,United Kingdom
558086,23244,ROUND STORAGE TIN VINTAGE LEAF,2,2011-06-26 11:59:00,1.95,16728.0,United Kingdom
558087,85212,MINI PAINTED GARDEN DECORATION ,12,2011-06-26 12:04:00,0.29,17323.0,United Kingdom
558087,21713,CITRONELLA CANDLE FLOWERPOT,1,2011-06-26 12:04:00,2.1,17323.0,United Kingdom
558087,22268,DECORATION SITTING BUNNY,6,2011-06-26 12:04:00,0.19,17323.0,United Kingdom
558087,20735,BLACK MINI TAPE MEASURE ,3,2011-06-26 12:04:00,0.85,17323.0,United Kingdom
558087,21884,CAKES AND BOWS GIFT  TAPE,3,2011-06-26 12:04:00,0.65,17323.0,United Kingdom
558087,21880,RED RETROSPOT TAPE,3,2011-06-26 12:04:00,0.65,17323.0,United Kingdom
558087,21722,SWEET PUDDING STICKER SHEET,6,2011-06-26 12:04:00,0.85,17323.0,United Kingdom
558087,21724,PANDA AND BUNNIES STICKER SHEET,6,2011-06-26 12:04:00,0.85,17323.0,United Kingdom
558087,21725,SWEETIES  STICKERS,6,2011-06-26 12:04:00,0.85,17323.0,United Kingdom
558087,21726,MULTI HEARTS  STICKERS,6,2011-06-26 12:04:00,0.85,17323.0,United Kingdom
558087,23308,SET OF 60 VINTAGE LEAF CAKE CASES ,3,2011-06-26 12:04:00,0.55,17323.0,United Kingdom
558087,20733,GOLD MINI TAPE MEASURE ,3,2011-06-26 12:04:00,0.85,17323.0,United Kingdom
558087,21675,BUTTERFLIES STICKERS,6,2011-06-26 12:04:00,0.85,17323.0,United Kingdom
558087,21676,FLOWERS  STICKERS,6,2011-06-26 12:04:00,0.85,17323.0,United Kingdom
558087,21121,SET/10 RED POLKADOT PARTY CANDLES,3,2011-06-26 12:04:00,1.25,17323.0,United Kingdom
558087,21122,SET/10 PINK POLKADOT PARTY CANDLES,2,2011-06-26 12:04:00,1.25,17323.0,United Kingdom
558087,21086,SET/6 RED SPOTTY PAPER CUPS,3,2011-06-26 12:04:00,0.65,17323.0,United Kingdom
558087,21094,SET/6 RED SPOTTY PAPER PLATES,3,2011-06-26 12:04:00,0.85,17323.0,United Kingdom
558087,21080,SET/20 RED RETROSPOT PAPER NAPKINS ,3,2011-06-26 12:04:00,0.85,17323.0,United Kingdom
558087,23198,PANTRY MAGNETIC  SHOPPING LIST,3,2011-06-26 12:04:00,1.45,17323.0,United Kingdom
558087,23196,RETRO LEAVES MAGNETIC NOTEPAD,3,2011-06-26 12:04:00,1.45,17323.0,United Kingdom
558087,22418,10 COLOUR SPACEBOY PEN,12,2011-06-26 12:04:00,0.85,17323.0,United Kingdom
558087,23205,CHARLOTTE BAG VINTAGE ALPHABET ,3,2011-06-26 12:04:00,0.85,17323.0,United Kingdom
558087,20724,RED RETROSPOT CHARLOTTE BAG,6,2011-06-26 12:04:00,0.85,17323.0,United Kingdom
558087,22820,GIFT BAG BIRTHDAY,12,2011-06-26 12:04:00,0.65,17323.0,United Kingdom
558087,22821,GIFT BAG PSYCHEDELIC APPLES,12,2011-06-26 12:04:00,0.65,17323.0,United Kingdom
558087,22564,ALPHABET STENCIL CRAFT,3,2011-06-26 12:04:00,1.25,17323.0,United Kingdom
558087,22563,HAPPY STENCIL CRAFT,3,2011-06-26 12:04:00,1.25,17323.0,United Kingdom
558087,22562,MONSTERS STENCIL CRAFT,3,2011-06-26 12:04:00,1.25,17323.0,United Kingdom
558087,21993,FLORAL FOLK STATIONERY SET,3,2011-06-26 12:04:00,1.25,17323.0,United Kingdom
558087,16254,TRANSPARENT ACRYLIC TAPE DISPENSER,12,2011-06-26 12:04:00,0.85,17323.0,United Kingdom
558087,21382,SET/4 SPRING FLOWER DECORATION,4,2011-06-26 12:04:00,0.75,17323.0,United Kingdom
558087,21430,SET/3 RED GINGHAM ROSE STORAGE BOX,1,2011-06-26 12:04:00,3.75,17323.0,United Kingdom
C558088,22767,TRIPLE PHOTO FRAME CORNICE ,-10,2011-06-26 12:08:00,9.95,14475.0,United Kingdom
558089,22699,ROSES REGENCY TEACUP AND SAUCER ,18,2011-06-26 12:36:00,2.95,13505.0,Switzerland
558089,23164,REGENCY CAKE SLICE,4,2011-06-26 12:36:00,4.95,13505.0,Switzerland
558089,23163,REGENCY SUGAR TONGS,8,2011-06-26 12:36:00,2.49,13505.0,Switzerland
558089,23161,REGENCY CAKE FORK,24,2011-06-26 12:36:00,1.25,13505.0,Switzerland
558089,22423,REGENCY CAKESTAND 3 TIER,7,2011-06-26 12:36:00,12.75,13505.0,Switzerland
558089,23245,SET OF 3 REGENCY CAKE TINS,4,2011-06-26 12:36:00,4.95,13505.0,Switzerland
558089,21498,RED RETROSPOT WRAP ,50,2011-06-26 12:36:00,0.42,13505.0,Switzerland
558089,16161U,WRAP SUKI AND FRIENDS,50,2011-06-26 12:36:00,0.42,13505.0,Switzerland
558089,21499,BLUE POLKADOT WRAP,25,2011-06-26 12:36:00,0.42,13505.0,Switzerland
558089,21500,PINK POLKADOT WRAP ,25,2011-06-26 12:36:00,0.42,13505.0,Switzerland
558089,22046,TEA PARTY  WRAPPING PAPER ,25,2011-06-26 12:36:00,0.42,13505.0,Switzerland
558089,22045,SPACEBOY GIFT WRAP,25,2011-06-26 12:36:00,0.42,13505.0,Switzerland
558089,22743,MAKE YOUR OWN FLOWERPOWER CARD KIT,6,2011-06-26 12:36:00,2.95,13505.0,Switzerland
558089,23031,DRAWER KNOB CRACKLE GLAZE PINK,12,2011-06-26 12:36:00,1.65,13505.0,Switzerland
558089,23298,SPOTTY BUNTING,6,2011-06-26 12:36:00,4.95,13505.0,Switzerland
558089,21243,PINK  POLKADOT PLATE ,8,2011-06-26 12:36:00,1.69,13505.0,Switzerland
558089,21244,BLUE POLKADOT PLATE ,8,2011-06-26 12:36:00,1.69,13505.0,Switzerland
558089,21245,GREEN POLKADOT PLATE ,8,2011-06-26 12:36:00,1.69,13505.0,Switzerland
558089,21239,PINK  POLKADOT CUP,16,2011-06-26 12:36:00,0.85,13505.0,Switzerland
558089,20677,PINK POLKADOT BOWL,8,2011-06-26 12:36:00,1.25,13505.0,Switzerland
558089,20719,WOODLAND CHARLOTTE BAG,10,2011-06-26 12:36:00,0.85,13505.0,Switzerland
558089,22324,BLUE POLKADOT KIDS BAG,12,2011-06-26 12:36:00,1.95,13505.0,Switzerland
558089,22661,CHARLOTTE BAG DOLLY GIRL DESIGN,10,2011-06-26 12:36:00,0.85,13505.0,Switzerland
558089,23028,DRAWER KNOB CRACKLE GLAZE BLUE,12,2011-06-26 12:36:00,1.65,13505.0,Switzerland
558089,23029,DRAWER KNOB CRACKLE GLAZE GREEN,12,2011-06-26 12:36:00,1.65,13505.0,Switzerland
558089,23032,DRAWER KNOB CRACKLE GLAZE IVORY,12,2011-06-26 12:36:00,1.65,13505.0,Switzerland
558089,POST,POSTAGE,3,2011-06-26 12:36:00,40.0,13505.0,Switzerland
558090,84078A,SET/4 WHITE RETRO STORAGE CUBES ,2,2011-06-26 12:51:00,39.95,14808.0,United Kingdom
C558091,22929,SCHOOL DESK AND CHAIR ,-1,2011-06-26 12:52:00,65.0,14808.0,United Kingdom
558092,72802A,ROSE SCENT CANDLE IN JEWELLED BOX,1,2011-06-26 12:54:00,4.25,14808.0,United Kingdom
558092,21591,COSY HOUR CIGAR BOX MATCHES ,2,2011-06-26 12:54:00,1.25,14808.0,United Kingdom
558092,84969,BOX OF 6 ASSORTED COLOUR TEASPOONS,1,2011-06-26 12:54:00,4.25,14808.0,United Kingdom
558092,21090,SET/6 COLLAGE PAPER PLATES,2,2011-06-26 12:54:00,0.39,14808.0,United Kingdom
558092,21084,SET/6 COLLAGE PAPER CUPS,2,2011-06-26 12:54:00,0.19,14808.0,United Kingdom
558092,21369,MIRRORED WALL ART SPLODGES,1,2011-06-26 12:54:00,1.25,14808.0,United Kingdom
558092,22846,BREAD BIN DINER STYLE RED ,1,2011-06-26 12:54:00,16.95,14808.0,United Kingdom
558092,20828,GLITTER BUTTERFLY CLIPS,2,2011-06-26 12:54:00,2.55,14808.0,United Kingdom
558092,20829,GLITTER HANGING BUTTERFLY STRING,2,2011-06-26 12:54:00,2.1,14808.0,United Kingdom
558092,47504K,ENGLISH ROSE GARDEN SECATEURS,1,2011-06-26 12:54:00,1.95,14808.0,United Kingdom
558092,20986,BLUE CALCULATOR RULER,1,2011-06-26 12:54:00,1.25,14808.0,United Kingdom
558092,21832,CHOCOLATE CALCULATOR,1,2011-06-26 12:54:00,1.65,14808.0,United Kingdom
558092,21833,CAMOUFLAGE LED TORCH,2,2011-06-26 12:54:00,1.69,14808.0,United Kingdom
558092,22656,VINTAGE BLUE KITCHEN CABINET,1,2011-06-26 12:54:00,125.0,14808.0,United Kingdom
558093,23050,RECYCLED ACAPULCO MAT GREEN,1,2011-06-26 13:00:00,8.25,17969.0,United Kingdom
558093,21627,ELEPHANT CARNIVAL POUFFE,2,2011-06-26 13:00:00,14.95,17969.0,United Kingdom
558093,21630,FLOOR CUSHION ELEPHANT CARNIVAL,2,2011-06-26 13:00:00,8.95,17969.0,United Kingdom
558093,21034,REX CASH+CARRY JUMBO SHOPPER,1,2011-06-26 13:00:00,0.95,17969.0,United Kingdom
558093,22752,SET 7 BABUSHKA NESTING BOXES,1,2011-06-26 13:00:00,8.5,17969.0,United Kingdom
558093,71053,WHITE METAL LANTERN,8,2011-06-26 13:00:00,3.75,17969.0,United Kingdom
558093,84946,ANTIQUE SILVER T-LIGHT GLASS,6,2011-06-26 13:00:00,1.25,17969.0,United Kingdom
558094,23284,DOORMAT KEEP CALM AND COME IN,4,2011-06-26 13:04:00,7.95,14795.0,United Kingdom
558094,21955,DOORMAT UNION JACK GUNS AND ROSES,3,2011-06-26 13:04:00,7.95,14795.0,United Kingdom
558094,48138,DOORMAT UNION FLAG,3,2011-06-26 13:04:00,7.95,14795.0,United Kingdom
558094,48188,DOORMAT WELCOME PUPPIES,3,2011-06-26 13:04:00,7.95,14795.0,United Kingdom
558094,48111,DOORMAT 3 SMILEY CATS,3,2011-06-26 13:04:00,7.95,14795.0,United Kingdom
558094,22371,AIRLINE BAG VINTAGE TOKYO 78,1,2011-06-26 13:04:00,4.25,14795.0,United Kingdom
C558095,23210,WHITE ROCKING HORSE HAND PAINTED,-144,2011-06-26 13:13:00,1.04,15046.0,United Kingdom
558096,21794,CLASSIC FRENCH STYLE BASKET NATURAL,3,2011-06-26 13:24:00,3.95,15532.0,United Kingdom
558096,22620,4 TRADITIONAL SPINNING TOPS,2,2011-06-26 13:24:00,1.45,15532.0,United Kingdom
558096,21890,S/6 WOODEN SKITTLES IN COTTON BAG,1,2011-06-26 13:24:00,3.25,15532.0,United Kingdom
558096,21891,TRADITIONAL WOODEN SKIPPING ROPE,1,2011-06-26 13:24:00,1.45,15532.0,United Kingdom
558096,84920,PINK FLOWER FABRIC PONY,1,2011-06-26 13:24:00,3.75,15532.0,United Kingdom
558096,22273,FELTCRAFT DOLL MOLLY,1,2011-06-26 13:24:00,2.95,15532.0,United Kingdom
558096,22749,FELTCRAFT PRINCESS CHARLOTTE DOLL,1,2011-06-26 13:24:00,3.75,15532.0,United Kingdom
558096,21916,SET 12 RETRO WHITE CHALK STICKS,3,2011-06-26 13:24:00,0.42,15532.0,United Kingdom
558096,22906,12 MESSAGE CARDS WITH ENVELOPES,2,2011-06-26 13:24:00,1.65,15532.0,United Kingdom
558096,22320,BIRDS MOBILE VINTAGE DESIGN,1,2011-06-26 13:24:00,5.95,15532.0,United Kingdom
558096,20702,PINK PADDED MOBILE,1,2011-06-26 13:24:00,4.25,15532.0,United Kingdom
558096,20836,FRENCH PAISLEY CUSHION COVER,2,2011-06-26 13:24:00,0.83,15532.0,United Kingdom
558096,22464,HANGING METAL HEART LANTERN,2,2011-06-26 13:24:00,1.65,15532.0,United Kingdom
558096,21106,CREAM SLICE FLANNEL CHOCOLATE SPOT ,3,2011-06-26 13:24:00,2.95,15532.0,United Kingdom
558096,23198,PANTRY MAGNETIC  SHOPPING LIST,3,2011-06-26 13:24:00,1.45,15532.0,United Kingdom
558096,85039B,S/4 IVORY MINI ROSE CANDLE IN BOWL,1,2011-06-26 13:24:00,1.65,15532.0,United Kingdom
558096,22759,SET OF 3 NOTEBOOKS IN PARCEL,3,2011-06-26 13:24:00,1.65,15532.0,United Kingdom
558096,21851,LILAC DIAMANTE PEN IN GIFT BOX,2,2011-06-26 13:24:00,4.95,15532.0,United Kingdom
558096,21992,VINTAGE PAISLEY STATIONERY SET,1,2011-06-26 13:24:00,1.25,15532.0,United Kingdom
558096,21991,BOHEMIAN COLLAGE STATIONERY SET,1,2011-06-26 13:24:00,1.25,15532.0,United Kingdom
558096,84497,BUTTONS AND STRIPES NOTEBOOK ,1,2011-06-26 13:24:00,3.75,15532.0,United Kingdom
558096,20972,PINK CREAM FELT CRAFT TRINKET BOX ,2,2011-06-26 13:24:00,1.25,15532.0,United Kingdom
558096,21647,ASSORTED TUTTI FRUTTI LARGE PURSE,1,2011-06-26 13:24:00,2.1,15532.0,United Kingdom
558096,21648,ASSORTED TUTTI FRUTTI SMALL PURSE,1,2011-06-26 13:24:00,1.25,15532.0,United Kingdom
558096,21993,FLORAL FOLK STATIONERY SET,1,2011-06-26 13:24:00,1.25,15532.0,United Kingdom
558096,23245,SET OF 3 REGENCY CAKE TINS,2,2011-06-26 13:24:00,4.95,15532.0,United Kingdom
558096,22604,SET OF 4 NAPKIN CHARMS CUTLERY,2,2011-06-26 13:24:00,2.55,15532.0,United Kingdom
558096,22643,SET OF 4 NAPKIN CHARMS LEAVES   ,2,2011-06-26 13:24:00,2.55,15532.0,United Kingdom
558096,21391,FRENCH LAVENDER SCENT HEART,3,2011-06-26 13:24:00,0.75,15532.0,United Kingdom
558096,22701,PINK DOG BOWL,1,2011-06-26 13:24:00,2.95,15532.0,United Kingdom
558096,84692,BOX OF 24 COCKTAIL PARASOLS,6,2011-06-26 13:24:00,0.42,15532.0,United Kingdom
558096,22989,SET 2 PANTRY DESIGN TEA TOWELS,2,2011-06-26 13:24:00,3.25,15532.0,United Kingdom
558096,21974,SET OF 36 PAISLEY FLOWER DOILIES,1,2011-06-26 13:24:00,1.45,15532.0,United Kingdom
558096,23306,SET OF 36 DOILIES PANTRY DESIGN,2,2011-06-26 13:24:00,1.45,15532.0,United Kingdom
558096,23299,FOOD COVER WITH BEADS SET 2 ,2,2011-06-26 13:24:00,3.75,15532.0,United Kingdom
558096,22907,PACK OF 20 NAPKINS PANTRY DESIGN,2,2011-06-26 13:24:00,0.85,15532.0,United Kingdom
558096,22800,ANTIQUE TALL SWIRLGLASS TRINKET POT,1,2011-06-26 13:24:00,3.75,15532.0,United Kingdom
558096,23298,SPOTTY BUNTING,3,2011-06-26 13:24:00,4.95,15532.0,United Kingdom
558096,23299,FOOD COVER WITH BEADS SET 2 ,2,2011-06-26 13:24:00,3.75,15532.0,United Kingdom
558096,21108,FAIRY CAKE FLANNEL ASSORTED COLOUR,9,2011-06-26 13:24:00,2.55,15532.0,United Kingdom
558096,21110,LARGE CAKE TOWEL PINK SPOTS,1,2011-06-26 13:24:00,6.75,15532.0,United Kingdom
558096,22251,BIRDHOUSE DECORATION MAGIC GARDEN,2,2011-06-26 13:24:00,1.25,15532.0,United Kingdom
558096,21112,SWISS ROLL TOWEL PINK  SPOTS,2,2011-06-26 13:24:00,2.95,15532.0,United Kingdom
558096,22456,NATURAL SLATE CHALKBOARD LARGE ,1,2011-06-26 13:24:00,4.95,15532.0,United Kingdom
558096,22457,NATURAL SLATE HEART CHALKBOARD ,2,2011-06-26 13:24:00,2.95,15532.0,United Kingdom
558096,84913B,MINT GREEN ROSE TOWEL,1,2011-06-26 13:24:00,4.65,15532.0,United Kingdom
558096,84912B,GREEN ROSE WASHBAG,1,2011-06-26 13:24:00,3.75,15532.0,United Kingdom
558096,22960,JAM MAKING SET WITH JARS,1,2011-06-26 13:24:00,4.25,15532.0,United Kingdom
558096,20748,KENSINGTON COFFEE SET,2,2011-06-26 13:24:00,12.75,15532.0,United Kingdom
558096,21992,VINTAGE PAISLEY STATIONERY SET,1,2011-06-26 13:24:00,1.25,15532.0,United Kingdom
558096,21900,"KEY FOB , SHED",4,2011-06-26 13:24:00,0.65,15532.0,United Kingdom
558096,21447,12 IVORY ROSE PEG PLACE SETTINGS,2,2011-06-26 13:24:00,1.25,15532.0,United Kingdom
558096,21382,SET/4 SPRING FLOWER DECORATION,1,2011-06-26 13:24:00,0.75,15532.0,United Kingdom
558096,21714,CITRONELLA CANDLE GARDEN POT,6,2011-06-26 13:24:00,1.25,15532.0,United Kingdom
558096,22173,METAL 4 HOOK HANGER FRENCH CHATEAU,2,2011-06-26 13:24:00,2.95,15532.0,United Kingdom
558096,22766,PHOTO FRAME CORNICE,1,2011-06-26 13:24:00,2.95,15532.0,United Kingdom
558096,22796,PHOTO FRAME 3 CLASSIC HANGING,1,2011-06-26 13:24:00,9.95,15532.0,United Kingdom
558096,82482,WOODEN PICTURE FRAME WHITE FINISH,2,2011-06-26 13:24:00,2.55,15532.0,United Kingdom
558096,22780,LIGHT GARLAND BUTTERFILES PINK,1,2011-06-26 13:24:00,4.25,15532.0,United Kingdom
558096,72741,GRAND CHOCOLATECANDLE,9,2011-06-26 13:24:00,1.45,15532.0,United Kingdom
558096,21613,S/12 VANILLA  BOTANICAL T-LIGHTS,1,2011-06-26 13:24:00,2.95,15532.0,United Kingdom
558096,21609,SET 12 LAVENDER  BOTANICAL T-LIGHTS,1,2011-06-26 13:24:00,2.95,15532.0,United Kingdom
558096,21865,PINK UNION JACK  PASSPORT COVER ,1,2011-06-26 13:24:00,2.1,15532.0,United Kingdom
558096,21867,PINK UNION JACK  LUGGAGE TAG,1,2011-06-26 13:24:00,1.25,15532.0,United Kingdom
558096,20616,CHERRY BLOSSOM PASSPORT COVER,1,2011-06-26 13:24:00,0.75,15532.0,United Kingdom
558096,20653,CHERRY BLOSSOM LUGGAGE TAG,1,2011-06-26 13:24:00,1.25,15532.0,United Kingdom
558096,20654,FIRST CLASS LUGGAGE TAG ,1,2011-06-26 13:24:00,1.25,15532.0,United Kingdom
558096,20617,FIRST CLASS PASSPORT COVER ,1,2011-06-26 13:24:00,2.1,15532.0,United Kingdom
558096,22969,HOMEMADE JAM SCENTED CANDLES,12,2011-06-26 13:24:00,1.45,15532.0,United Kingdom
558096,22666,RECIPE BOX PANTRY YELLOW DESIGN,2,2011-06-26 13:24:00,2.95,15532.0,United Kingdom
558096,22667,RECIPE BOX RETROSPOT ,1,2011-06-26 13:24:00,2.95,15532.0,United Kingdom
558096,22665,RECIPE BOX BLUE SKETCHBOOK DESIGN,1,2011-06-26 13:24:00,2.95,15532.0,United Kingdom
558096,17012F,ORIGAMI SANDLEWOOD INCENSE/CAND SET,1,2011-06-26 13:24:00,0.85,15532.0,United Kingdom
558096,17012D,ORIGAMI ROSE INCENSE/CANDLE SET ,1,2011-06-26 13:24:00,2.55,15532.0,United Kingdom
558096,17012C,ORIGAMI LAVENDER INCENSE/CANDL SET ,2,2011-06-26 13:24:00,0.85,15532.0,United Kingdom
558096,22768,FAMILY PHOTO FRAME CORNICE,1,2011-06-26 13:24:00,9.95,15532.0,United Kingdom
558096,22770,MIRROR CORNICE,1,2011-06-26 13:24:00,14.95,15532.0,United Kingdom
558096,23072,MARIE ANTOINETTE TRINKET BOX SILVER,1,2011-06-26 13:24:00,12.5,15532.0,United Kingdom
558096,23091,ZINC HERB GARDEN CONTAINER,2,2011-06-26 13:24:00,6.25,15532.0,United Kingdom
558096,21713,CITRONELLA CANDLE FLOWERPOT,2,2011-06-26 13:24:00,2.1,15532.0,United Kingdom
558096,22776,SWEETHEART CAKESTAND 3 TIER,2,2011-06-26 13:24:00,9.95,15532.0,United Kingdom
558096,22795,SWEETHEART RECIPE BOOK STAND,2,2011-06-26 13:24:00,6.75,15532.0,United Kingdom
558096,22794,SWEETHEART WIRE MAGAZINE RACK,1,2011-06-26 13:24:00,7.95,15532.0,United Kingdom
558096,21259,VICTORIAN SEWING BOX SMALL ,1,2011-06-26 13:24:00,5.95,15532.0,United Kingdom
558096,22654,DELUXE SEWING KIT ,1,2011-06-26 13:24:00,5.95,15532.0,United Kingdom
558096,23300,GARDENERS KNEELING PAD CUP OF TEA ,1,2011-06-26 13:24:00,1.65,15532.0,United Kingdom
558096,23301,GARDENERS KNEELING PAD KEEP CALM ,1,2011-06-26 13:24:00,1.65,15532.0,United Kingdom
558096,22443,GROW YOUR OWN HERBS SET OF 3,1,2011-06-26 13:24:00,7.95,15532.0,United Kingdom
558096,22442,GROW YOUR OWN FLOWERS SET OF 3,1,2011-06-26 13:24:00,7.95,15532.0,United Kingdom
558096,23111,PARISIENNE SEWING BOX,1,2011-06-26 13:24:00,12.5,15532.0,United Kingdom
558096,21277,FRENCH STYLE EMBOSSED HEART CABINET,1,2011-06-26 13:24:00,21.95,15532.0,United Kingdom
558096,22607,WOODEN ROUNDERS GARDEN SET ,1,2011-06-26 13:24:00,9.95,15532.0,United Kingdom
558096,22606,WOODEN SKITTLES GARDEN SET,1,2011-06-26 13:24:00,15.95,15532.0,United Kingdom
C558097,22167, OVAL WALL MIRROR DIAMANTE ,-2,2011-06-26 13:29:00,9.95,15532.0,United Kingdom
C558097,22796,PHOTO FRAME 3 CLASSIC HANGING,-1,2011-06-26 13:29:00,9.95,15532.0,United Kingdom
C558097,85040A,S/4 PINK FLOWER CANDLES IN BOWL,-1,2011-06-26 13:29:00,1.65,15532.0,United Kingdom
C558097,22167, OVAL WALL MIRROR DIAMANTE ,-1,2011-06-26 13:29:00,9.95,15532.0,United Kingdom
C558097,22891,TEA FOR ONE POLKADOT,-1,2011-06-26 13:29:00,4.25,15532.0,United Kingdom
C558097,82483,WOOD 2 DRAWER CABINET WHITE FINISH,-2,2011-06-26 13:29:00,6.95,15532.0,United Kingdom
558098,22616,PACK OF 12 LONDON TISSUES ,24,2011-06-26 13:31:00,0.29,18044.0,United Kingdom
558098,22082,RIBBON REEL STRIPES DESIGN ,10,2011-06-26 13:31:00,1.65,18044.0,United Kingdom
558098,22109,FULL ENGLISH BREAKFAST PLATE,16,2011-06-26 13:31:00,3.39,18044.0,United Kingdom
558098,22030,SWALLOWS GREETING CARD,12,2011-06-26 13:31:00,0.42,18044.0,United Kingdom
558098,22028,PENNY FARTHING BIRTHDAY CARD,12,2011-06-26 13:31:00,0.42,18044.0,United Kingdom
558098,22037,ROBOT BIRTHDAY CARD,12,2011-06-26 13:31:00,0.42,18044.0,United Kingdom
558098,22988,SOLDIERS EGG CUP ,12,2011-06-26 13:31:00,1.25,18044.0,United Kingdom
558098,22971,QUEENS GUARD COFFEE MUG,6,2011-06-26 13:31:00,2.55,18044.0,United Kingdom
558098,22970,LONDON BUS COFFEE MUG,6,2011-06-26 13:31:00,2.55,18044.0,United Kingdom
558098,22081,RIBBON REEL FLORA + FAUNA ,10,2011-06-26 13:31:00,1.65,18044.0,United Kingdom
558098,21232,STRAWBERRY CERAMIC TRINKET BOX,12,2011-06-26 13:31:00,1.25,18044.0,United Kingdom
558098,23175,REGENCY MILK JUG PINK ,6,2011-06-26 13:31:00,3.25,18044.0,United Kingdom
558098,23342,MINT DINER WALL CLOCK,2,2011-06-26 13:31:00,8.5,18044.0,United Kingdom
558098,23284,DOORMAT KEEP CALM AND COME IN,2,2011-06-26 13:31:00,7.95,18044.0,United Kingdom
558099,90160D,PINK BOUDICCA LARGE BRACELET,1,2011-06-26 13:45:00,6.95,17593.0,United Kingdom
558099,90176D,DIAMANTE NECKLACE PURPLE,2,2011-06-26 13:45:00,7.5,17593.0,United Kingdom
558099,90177D,DROP DIAMANTE EARRINGS PURPLE,2,2011-06-26 13:45:00,2.95,17593.0,United Kingdom
558099,90067A,PINK VINTAGE VICTORIAN EARRINGS,3,2011-06-26 13:45:00,2.95,17593.0,United Kingdom
558099,90000A,RASPBERRY ANT COPPER FLOWER NECKLAC,3,2011-06-26 13:45:00,5.95,17593.0,United Kingdom
558099,90147,CHUNKY SILVER NECKLACE PASTEL FLOWE,3,2011-06-26 13:45:00,9.95,17593.0,United Kingdom
558099,90073,VINTAGE ENAMEL & CRYSTAL EARRINGS,3,2011-06-26 13:45:00,4.95,17593.0,United Kingdom
558099,90160C,TURQ+RED BOUDICCA LARGE BRACELET,1,2011-06-26 13:45:00,6.95,17593.0,United Kingdom
558099,90160A,PURPLE BOUDICCA LARGE BRACELET,1,2011-06-26 13:45:00,6.95,17593.0,United Kingdom
558099,90170,DAISY HAIR BAND,6,2011-06-26 13:45:00,1.65,17593.0,United Kingdom
558099,90200E,GREEN SWEETHEART BRACELET,3,2011-06-26 13:45:00,4.25,17593.0,United Kingdom
558099,90200D,PINK SWEETHEART BRACELET,3,2011-06-26 13:45:00,4.25,17593.0,United Kingdom
558099,90200A,PURPLE SWEETHEART BRACELET,3,2011-06-26 13:45:00,4.25,17593.0,United Kingdom
558099,90201C,RED ENAMEL FLOWER RING,3,2011-06-26 13:45:00,2.95,17593.0,United Kingdom
558099,90201D,GREEN ENAMEL FLOWER RING,3,2011-06-26 13:45:00,2.95,17593.0,United Kingdom
558099,90201A,PURPLE ENAMEL FLOWER RING,3,2011-06-26 13:45:00,2.95,17593.0,United Kingdom
558099,90129F,RED GLASS TASSLE BAG CHARM,3,2011-06-26 13:45:00,2.95,17593.0,United Kingdom
558099,90129C,GREEN GLASS TASSLE BAG CHARM,3,2011-06-26 13:45:00,2.95,17593.0,United Kingdom
558099,90129B,TURQUOISE GLASS TASSLE BAG CHARM ,3,2011-06-26 13:45:00,2.95,17593.0,United Kingdom
558099,90129A,PINK GLASS TASSLE BAG CHARM ,3,2011-06-26 13:45:00,2.95,17593.0,United Kingdom
558099,90065A,WHITE VINTAGE CRYSTAL BRACELET,3,2011-06-26 13:45:00,6.75,17593.0,United Kingdom
558099,22778,GLASS CLOCHE SMALL,1,2011-06-26 13:45:00,3.95,17593.0,United Kingdom
558099,35649,VINTAGE BEAD COSMETIC BAG ,1,2011-06-26 13:45:00,3.35,17593.0,United Kingdom
558099,22821,GIFT BAG PSYCHEDELIC APPLES,12,2011-06-26 13:45:00,0.65,17593.0,United Kingdom
558099,35651,VINTAGE BEAD PINK SCARF ,1,2011-06-26 13:45:00,1.65,17593.0,United Kingdom
558099,35648,VINTAGE BEAD PINK PURSE ,7,2011-06-26 13:45:00,0.83,17593.0,United Kingdom
558099,35649,VINTAGE BEAD COSMETIC BAG ,3,2011-06-26 13:45:00,3.35,17593.0,United Kingdom
558099,35651,VINTAGE BEAD PINK SCARF ,3,2011-06-26 13:45:00,1.65,17593.0,United Kingdom
558099,22621,TRADITIONAL KNITTING NANCY,7,2011-06-26 13:45:00,1.65,17593.0,United Kingdom
558099,35648,VINTAGE BEAD PINK PURSE ,3,2011-06-26 13:45:00,0.83,17593.0,United Kingdom
558099,21618,4 WILDFLOWER BOTANICAL CANDLES,4,2011-06-26 13:45:00,3.75,17593.0,United Kingdom
558099,21616,4 PEAR BOTANICAL DINNER CANDLES,4,2011-06-26 13:45:00,3.75,17593.0,United Kingdom
558099,21617,4 LILY  BOTANICAL DINNER CANDLES,4,2011-06-26 13:45:00,3.75,17593.0,United Kingdom
558099,85014A,BLACK/BLUE POLKADOT UMBRELLA,1,2011-06-26 13:45:00,5.95,17593.0,United Kingdom
558099,84821,DANISH ROSE DELUXE COASTER,12,2011-06-26 13:45:00,0.85,17593.0,United Kingdom
558099,22583,PACK OF 6 HANDBAG GIFT BOXES,3,2011-06-26 13:45:00,2.55,17593.0,United Kingdom
558099,22584,PACK OF 6 PANNETONE GIFT BOXES,3,2011-06-26 13:45:00,2.55,17593.0,United Kingdom
558099,22585,PACK OF 6 BIRDY GIFT TAGS,3,2011-06-26 13:45:00,1.25,17593.0,United Kingdom
558099,23182,TOILET SIGN OCCUPIED OR VACANT,5,2011-06-26 13:45:00,0.83,17593.0,United Kingdom
558099,22604,SET OF 4 NAPKIN CHARMS CUTLERY,4,2011-06-26 13:45:00,2.55,17593.0,United Kingdom
558099,22643,SET OF 4 NAPKIN CHARMS LEAVES   ,3,2011-06-26 13:45:00,2.55,17593.0,United Kingdom
558099,22641,SET OF 4 NAPKIN CHARMS INSTRUMENT,3,2011-06-26 13:45:00,2.55,17593.0,United Kingdom
558099,22639,SET OF 4 NAPKIN CHARMS HEARTS,4,2011-06-26 13:45:00,2.55,17593.0,United Kingdom
558099,21212,PACK OF 72 RETROSPOT CAKE CASES,1,2011-06-26 13:45:00,0.55,17593.0,United Kingdom
558099,22162,HEART GARLAND RUSTIC PADDED,8,2011-06-26 13:45:00,2.95,17593.0,United Kingdom
558099,22161,HEART DECORATION RUSTIC HANGING ,48,2011-06-26 13:45:00,0.19,17593.0,United Kingdom
558099,21034,REX CASH+CARRY JUMBO SHOPPER,3,2011-06-26 13:45:00,0.95,17593.0,United Kingdom
558099,21136,PAINTED METAL PEARS ASSORTED,16,2011-06-26 13:45:00,1.69,17593.0,United Kingdom
558099,23061,VINTAGE EMBOSSED HEART,6,2011-06-26 13:45:00,1.25,17593.0,United Kingdom
558099,21314,SMALL GLASS HEART TRINKET POT,4,2011-06-26 13:45:00,2.1,17593.0,United Kingdom
558099,23060,HEART BEADED TRELLIS DECORATION,12,2011-06-26 13:45:00,2.08,17593.0,United Kingdom
558099,71038,WHITE HANGING BEADS CANDLE HOLDER,4,2011-06-26 13:45:00,5.45,17593.0,United Kingdom
558099,23067,HANGING ENGRAVED METAL HEART,4,2011-06-26 13:45:00,4.15,17593.0,United Kingdom
558099,23068,ALUMINIUM STAMPED HEART,4,2011-06-26 13:45:00,2.49,17593.0,United Kingdom
558099,22986,WRAP GINGHAM ROSE ,25,2011-06-26 13:45:00,0.42,17593.0,United Kingdom
558099,21983,PACK OF 12 BLUE PAISLEY TISSUES ,24,2011-06-26 13:45:00,0.29,17593.0,United Kingdom
558099,21984,PACK OF 12 PINK PAISLEY TISSUES ,12,2011-06-26 13:45:00,0.29,17593.0,United Kingdom
558099,21984,PACK OF 12 PINK PAISLEY TISSUES ,12,2011-06-26 13:45:00,0.29,17593.0,United Kingdom
558099,84609,TALL ROCOCO CANDLE HOLDER,2,2011-06-26 13:45:00,8.5,17593.0,United Kingdom
558099,21619,4 VANILLA BOTANICAL CANDLES,4,2011-06-26 13:45:00,3.75,17593.0,United Kingdom
558099,85104,SILVER GLASS T-LIGHT SET,4,2011-06-26 13:45:00,2.95,17593.0,United Kingdom
558099,84709B,PINK OVAL JEWELLED MIRROR,4,2011-06-26 13:45:00,5.95,17593.0,United Kingdom
558099,21135,VICTORIAN  METAL POSTCARD SPRING,16,2011-06-26 13:45:00,1.69,17593.0,United Kingdom
558099,84821,DANISH ROSE DELUXE COASTER,24,2011-06-26 13:45:00,0.85,17593.0,United Kingdom
558099,85125,SMALL ROUND CUT GLASS CANDLESTICK,4,2011-06-26 13:45:00,4.95,17593.0,United Kingdom
558099,22794,SWEETHEART WIRE MAGAZINE RACK,3,2011-06-26 13:45:00,7.95,17593.0,United Kingdom
558099,22795,SWEETHEART RECIPE BOOK STAND,4,2011-06-26 13:45:00,6.75,17593.0,United Kingdom
558099,22156,HEART DECORATION WITH PEARLS ,24,2011-06-26 13:45:00,0.85,17593.0,United Kingdom
558099,22778,GLASS CLOCHE SMALL,2,2011-06-26 13:45:00,3.95,17593.0,United Kingdom
558099,82483,WOOD 2 DRAWER CABINET WHITE FINISH,2,2011-06-26 13:45:00,6.95,17593.0,United Kingdom
558099,23066,SMALL DECO JEWELLERY STAND,4,2011-06-26 13:45:00,8.25,17593.0,United Kingdom
558100,21500,PINK POLKADOT WRAP ,25,2011-06-26 13:46:00,0.42,17768.0,United Kingdom
558100,21499,BLUE POLKADOT WRAP,25,2011-06-26 13:46:00,0.42,17768.0,United Kingdom
558100,21955,DOORMAT UNION JACK GUNS AND ROSES,1,2011-06-26 13:46:00,7.95,17768.0,United Kingdom
558100,48194,DOORMAT HEARTS,1,2011-06-26 13:46:00,7.95,17768.0,United Kingdom
558100,20685,DOORMAT RED RETROSPOT,1,2011-06-26 13:46:00,7.95,17768.0,United Kingdom
558100,48184,DOORMAT ENGLISH ROSE ,1,2011-06-26 13:46:00,7.95,17768.0,United Kingdom
558100,48138,DOORMAT UNION FLAG,1,2011-06-26 13:46:00,7.95,17768.0,United Kingdom
558100,21524,DOORMAT SPOTTY HOME SWEET HOME,1,2011-06-26 13:46:00,7.95,17768.0,United Kingdom
558100,22690,DOORMAT HOME SWEET HOME BLUE ,1,2011-06-26 13:46:00,7.95,17768.0,United Kingdom
558100,23284,DOORMAT KEEP CALM AND COME IN,1,2011-06-26 13:46:00,7.95,17768.0,United Kingdom
558100,21754,HOME BUILDING BLOCK WORD,8,2011-06-26 13:46:00,5.95,17768.0,United Kingdom
558100,23144,ZINC T-LIGHT HOLDER STARS SMALL,12,2011-06-26 13:46:00,0.83,17768.0,United Kingdom
558100,22217,T-LIGHT HOLDER HANGING LACE,14,2011-06-26 13:46:00,1.25,17768.0,United Kingdom
558100,21756,BATH BUILDING BLOCK WORD,6,2011-06-26 13:46:00,5.95,17768.0,United Kingdom
558100,85066,CREAM SWEETHEART MINI CHEST,2,2011-06-26 13:46:00,12.75,17768.0,United Kingdom
558100,21034,REX CASH+CARRY JUMBO SHOPPER,1,2011-06-26 13:46:00,0.95,17768.0,United Kingdom
558100,21476,STEEL SWEETHEART ROUND TABLE CREAM,3,2011-06-26 13:46:00,14.95,17768.0,United Kingdom
558100,23315,IVORY REFECTORY CLOCK,2,2011-06-26 13:46:00,9.95,17768.0,United Kingdom
558100,23317,BLUE REFECTORY CLOCK ,2,2011-06-26 13:46:00,9.95,17768.0,United Kingdom
558100,22606,WOODEN SKITTLES GARDEN SET,3,2011-06-26 13:46:00,15.95,17768.0,United Kingdom
558100,85066,CREAM SWEETHEART MINI CHEST,2,2011-06-26 13:46:00,12.75,17768.0,United Kingdom
558100,21713,CITRONELLA CANDLE FLOWERPOT,4,2011-06-26 13:46:00,2.1,17768.0,United Kingdom
558100,23106,ZINC HEARTS PLANT POT HOLDER,8,2011-06-26 13:46:00,2.89,17768.0,United Kingdom
558101,23017,APOTHECARY MEASURING JAR,2,2011-06-26 13:56:00,12.5,18112.0,United Kingdom
558101,23252,VINTAGE RED ENAMEL TRIM JUG ,4,2011-06-26 13:56:00,3.75,18112.0,United Kingdom
558101,23019,SMALL APOTHECARY MEASURING JAR ,2,2011-06-26 13:56:00,8.25,18112.0,United Kingdom
558101,23012,GLASS APOTHECARY BOTTLE PERFUME,2,2011-06-26 13:56:00,3.95,18112.0,United Kingdom
558101,23091,ZINC HERB GARDEN CONTAINER,5,2011-06-26 13:56:00,6.25,18112.0,United Kingdom
558101,23079,TOADSTOOL BEDSIDE LIGHT ,1,2011-06-26 13:56:00,8.95,18112.0,United Kingdom
558101,23014,GLASS APOTHECARY BOTTLE ELIXIR,2,2011-06-26 13:56:00,3.95,18112.0,United Kingdom
558101,23018,LARGE APOTHECARY MEASURING JAR ,2,2011-06-26 13:56:00,12.5,18112.0,United Kingdom
558101,21773,DECORATIVE ROSE BATHROOM BOTTLE,12,2011-06-26 13:56:00,1.25,18112.0,United Kingdom
558101,23015,CORDIAL GLASS JUG,2,2011-06-26 13:56:00,8.25,18112.0,United Kingdom
558101,79406,FROSTED WHITE BASE ,72,2011-06-26 13:56:00,0.22,18112.0,United Kingdom
558101,22360,GLASS JAR ENGLISH CONFECTIONERY,4,2011-06-26 13:56:00,2.95,18112.0,United Kingdom
558102,21121,SET/10 RED POLKADOT PARTY CANDLES,3,2011-06-26 14:06:00,1.25,17372.0,United Kingdom
558102,84997D,CHILDRENS CUTLERY POLKADOT PINK,4,2011-06-26 14:06:00,4.15,17372.0,United Kingdom
558102,84997B,CHILDRENS CUTLERY RETROSPOT RED ,3,2011-06-26 14:06:00,4.15,17372.0,United Kingdom
558102,22960,JAM MAKING SET WITH JARS,1,2011-06-26 14:06:00,4.25,17372.0,United Kingdom
558102,21034,REX CASH+CARRY JUMBO SHOPPER,1,2011-06-26 14:06:00,0.95,17372.0,United Kingdom
558102,48188,DOORMAT WELCOME PUPPIES,1,2011-06-26 14:06:00,7.95,17372.0,United Kingdom
558102,23284,DOORMAT KEEP CALM AND COME IN,2,2011-06-26 14:06:00,7.95,17372.0,United Kingdom
558102,22890,NOVELTY BISCUITS CAKE STAND 3 TIER,1,2011-06-26 14:06:00,9.95,17372.0,United Kingdom
558102,22720,SET OF 3 CAKE TINS PANTRY DESIGN ,2,2011-06-26 14:06:00,4.95,17372.0,United Kingdom
558102,23243,SET OF TEA COFFEE SUGAR TINS PANTRY,1,2011-06-26 14:06:00,4.95,17372.0,United Kingdom
558102,23321,SMALL WHITE HEART OF WICKER,2,2011-06-26 14:06:00,1.65,17372.0,United Kingdom
558102,23322,LARGE WHITE HEART OF WICKER,2,2011-06-26 14:06:00,2.95,17372.0,United Kingdom
558102,10133,COLOURING PENCILS BROWN TUBE,2,2011-06-26 14:06:00,0.42,17372.0,United Kingdom
558102,20981,12 PENCILS TALL TUBE WOODLAND,2,2011-06-26 14:06:00,0.85,17372.0,United Kingdom
558102,10135,COLOURING PENCILS BROWN TUBE,2,2011-06-26 14:06:00,1.25,17372.0,United Kingdom
558102,20977,36 PENCILS TUBE WOODLAND,2,2011-06-26 14:06:00,1.25,17372.0,United Kingdom
558102,23166,MEDIUM CERAMIC TOP STORAGE JAR,2,2011-06-26 14:06:00,1.25,17372.0,United Kingdom
558102,23238,SET OF 4 KNICK KNACK TINS LONDON ,1,2011-06-26 14:06:00,4.15,17372.0,United Kingdom
558102,23239,SET OF 4 KNICK KNACK TINS POPPIES,1,2011-06-26 14:06:00,4.15,17372.0,United Kingdom
558102,23237,SET OF 4 KNICK KNACK TINS LEAVES ,1,2011-06-26 14:06:00,4.15,17372.0,United Kingdom
558102,23245,SET OF 3 REGENCY CAKE TINS,1,2011-06-26 14:06:00,4.95,17372.0,United Kingdom
558102,84828,JUNGLE POPSICLES ICE LOLLY MOULDS,1,2011-06-26 14:06:00,1.25,17372.0,United Kingdom
558102,23308,SET OF 60 VINTAGE LEAF CAKE CASES ,4,2011-06-26 14:06:00,0.55,17372.0,United Kingdom
558102,22659,LUNCH BOX I LOVE LONDON,2,2011-06-26 14:06:00,1.95,17372.0,United Kingdom
558102,22423,REGENCY CAKESTAND 3 TIER,1,2011-06-26 14:06:00,12.75,17372.0,United Kingdom
558102,22628,PICNIC BOXES SET OF 3 RETROSPOT ,1,2011-06-26 14:06:00,4.95,17372.0,United Kingdom
558102,22329,ROUND CONTAINER SET OF 5 RETROSPOT,1,2011-06-26 14:06:00,1.65,17372.0,United Kingdom
558102,23005,TRAVEL CARD WALLET I LOVE LONDON,2,2011-06-26 14:06:00,0.42,17372.0,United Kingdom
558102,22996,TRAVEL CARD WALLET VINTAGE TICKET,2,2011-06-26 14:06:00,0.42,17372.0,United Kingdom
558102,84828,JUNGLE POPSICLES ICE LOLLY MOULDS,1,2011-06-26 14:06:00,1.25,17372.0,United Kingdom
558102,23198,PANTRY MAGNETIC  SHOPPING LIST,2,2011-06-26 14:06:00,1.45,17372.0,United Kingdom
558102,23197,SKETCHBOOK MAGNETIC SHOPPING LIST,2,2011-06-26 14:06:00,1.45,17372.0,United Kingdom
558102,23196,RETRO LEAVES MAGNETIC NOTEPAD,2,2011-06-26 14:06:00,1.45,17372.0,United Kingdom
558102,84997D,CHILDRENS CUTLERY POLKADOT PINK,2,2011-06-26 14:06:00,4.15,17372.0,United Kingdom
558102,22553,PLASTERS IN TIN SKULLS,1,2011-06-26 14:06:00,1.65,17372.0,United Kingdom
558102,22554,PLASTERS IN TIN WOODLAND ANIMALS,1,2011-06-26 14:06:00,1.65,17372.0,United Kingdom
558102,22556,PLASTERS IN TIN CIRCUS PARADE ,1,2011-06-26 14:06:00,1.65,17372.0,United Kingdom
558102,22623,BOX OF VINTAGE JIGSAW BLOCKS ,1,2011-06-26 14:06:00,5.95,17372.0,United Kingdom
558102,21124,SET/10 BLUE POLKADOT PARTY CANDLES,3,2011-06-26 14:06:00,1.25,17372.0,United Kingdom
558102,21122,SET/10 PINK POLKADOT PARTY CANDLES,2,2011-06-26 14:06:00,1.25,17372.0,United Kingdom
558103,22090,PAPER BUNTING RETROSPOT,6,2011-06-26 14:08:00,2.95,13767.0,United Kingdom
558103,15044D,RED PAPER PARASOL,6,2011-06-26 14:08:00,2.95,13767.0,United Kingdom
558103,15044A,PINK PAPER PARASOL ,6,2011-06-26 14:08:00,2.95,13767.0,United Kingdom
558103,23284,DOORMAT KEEP CALM AND COME IN,4,2011-06-26 14:08:00,7.95,13767.0,United Kingdom
558103,22728,ALARM CLOCK BAKELIKE PINK,6,2011-06-26 14:08:00,3.75,13767.0,United Kingdom
558103,22729,ALARM CLOCK BAKELIKE ORANGE,6,2011-06-26 14:08:00,3.75,13767.0,United Kingdom
558103,22726,ALARM CLOCK BAKELIKE GREEN,8,2011-06-26 14:08:00,3.75,13767.0,United Kingdom
558103,22699,ROSES REGENCY TEACUP AND SAUCER ,6,2011-06-26 14:08:00,2.95,13767.0,United Kingdom
558103,22698,PINK REGENCY TEACUP AND SAUCER,6,2011-06-26 14:08:00,2.95,13767.0,United Kingdom
558103,22697,GREEN REGENCY TEACUP AND SAUCER,6,2011-06-26 14:08:00,2.95,13767.0,United Kingdom
558103,22423,REGENCY CAKESTAND 3 TIER,12,2011-06-26 14:08:00,12.75,13767.0,United Kingdom
558103,15056BL,EDWARDIAN PARASOL BLACK,8,2011-06-26 14:08:00,5.95,13767.0,United Kingdom
558104,22352,LUNCH BOX WITH CUTLERY RETROSPOT ,4,2011-06-26 14:28:00,2.55,13668.0,United Kingdom
558104,82600,NO SINGING METAL SIGN,4,2011-06-26 14:28:00,2.1,13668.0,United Kingdom
558104,21174,POTTERING IN THE SHED METAL SIGN,4,2011-06-26 14:28:00,2.08,13668.0,United Kingdom
558104,22953,BIRTHDAY PARTY CORDON BARRIER TAPE,4,2011-06-26 14:28:00,1.25,13668.0,United Kingdom
558104,22352,LUNCH BOX WITH CUTLERY RETROSPOT ,2,2011-06-26 14:28:00,2.55,13668.0,United Kingdom
558104,22567,20 DOLLY PEGS RETROSPOT,2,2011-06-26 14:28:00,1.45,13668.0,United Kingdom
558104,21754,HOME BUILDING BLOCK WORD,2,2011-06-26 14:28:00,5.95,13668.0,United Kingdom
558104,21755,LOVE BUILDING BLOCK WORD,2,2011-06-26 14:28:00,5.95,13668.0,United Kingdom
558104,23245,SET OF 3 REGENCY CAKE TINS,2,2011-06-26 14:28:00,4.95,13668.0,United Kingdom
558104,84375,SET OF 20 KIDS COOKIE CUTTERS,2,2011-06-26 14:28:00,2.1,13668.0,United Kingdom
558104,22469,HEART OF WICKER SMALL,3,2011-06-26 14:28:00,1.65,13668.0,United Kingdom
558104,22077,6 RIBBONS RUSTIC CHARM,1,2011-06-26 14:28:00,1.65,13668.0,United Kingdom
558104,72351A,SET/6 TURQUOISE BUTTERFLY T-LIGHTS,2,2011-06-26 14:28:00,2.1,13668.0,United Kingdom
558104,72351B,SET/6 PINK  BUTTERFLY T-LIGHTS,2,2011-06-26 14:28:00,2.1,13668.0,United Kingdom
558104,85039C,S/4 BLACK MINI ROSE CANDLE IN BOWL,2,2011-06-26 14:28:00,1.65,13668.0,United Kingdom
558104,85039B,S/4 IVORY MINI ROSE CANDLE IN BOWL,2,2011-06-26 14:28:00,1.65,13668.0,United Kingdom
558104,85039A,SET/4 RED MINI ROSE CANDLE IN BOWL,2,2011-06-26 14:28:00,1.65,13668.0,United Kingdom
558104,21257,VICTORIAN SEWING BOX MEDIUM,1,2011-06-26 14:28:00,7.95,13668.0,United Kingdom
558104,21259,VICTORIAN SEWING BOX SMALL ,2,2011-06-26 14:28:00,5.95,13668.0,United Kingdom
558104,22487,WHITE WOOD GARDEN PLANT LADDER,1,2011-06-26 14:28:00,9.95,13668.0,United Kingdom
558104,23321,SMALL WHITE HEART OF WICKER,4,2011-06-26 14:28:00,1.65,13668.0,United Kingdom
558104,23322,LARGE WHITE HEART OF WICKER,4,2011-06-26 14:28:00,2.95,13668.0,United Kingdom
558104,22846,BREAD BIN DINER STYLE RED ,1,2011-06-26 14:28:00,16.95,13668.0,United Kingdom
558104,22847,BREAD BIN DINER STYLE IVORY,1,2011-06-26 14:28:00,16.95,13668.0,United Kingdom
558105,22569,FELTCRAFT CUSHION BUTTERFLY,1,2011-06-26 14:54:00,3.75,15644.0,United Kingdom
558105,22570,FELTCRAFT CUSHION RABBIT,1,2011-06-26 14:54:00,3.75,15644.0,United Kingdom
558105,22568,FELTCRAFT CUSHION OWL,1,2011-06-26 14:54:00,3.75,15644.0,United Kingdom
558105,20971,PINK BLUE FELT CRAFT TRINKET BOX,1,2011-06-26 14:54:00,1.25,15644.0,United Kingdom
558105,20972,PINK CREAM FELT CRAFT TRINKET BOX ,1,2011-06-26 14:54:00,1.25,15644.0,United Kingdom
558105,84951A,SET OF 4 PISTACHIO LOVEBIRD COASTER,1,2011-06-26 14:54:00,0.79,15644.0,United Kingdom
558105,84692,BOX OF 24 COCKTAIL PARASOLS,1,2011-06-26 14:54:00,0.42,15644.0,United Kingdom
558105,22196,SMALL HEART MEASURING SPOONS,1,2011-06-26 14:54:00,0.85,15644.0,United Kingdom
558105,22195,LARGE HEART MEASURING SPOONS,1,2011-06-26 14:54:00,1.65,15644.0,United Kingdom
558105,85045,GREEN CHRISTMAS TREE STRING 20LIGHT,1,2011-06-26 14:54:00,4.95,15644.0,United Kingdom
558105,21787,RAIN PONCHO RETROSPOT,4,2011-06-26 14:54:00,0.85,15644.0,United Kingdom
558105,22621,TRADITIONAL KNITTING NANCY,2,2011-06-26 14:54:00,1.65,15644.0,United Kingdom
558105,21786,POLKADOT RAIN HAT ,4,2011-06-26 14:54:00,0.42,15644.0,United Kingdom
558105,22553,PLASTERS IN TIN SKULLS,2,2011-06-26 14:54:00,1.65,15644.0,United Kingdom
558105,85116,BLACK CANDELABRA T-LIGHT HOLDER,2,2011-06-26 14:54:00,0.65,15644.0,United Kingdom
558105,22652,TRAVEL SEWING KIT,3,2011-06-26 14:54:00,1.65,15644.0,United Kingdom
558105,22554,PLASTERS IN TIN WOODLAND ANIMALS,2,2011-06-26 14:54:00,1.65,15644.0,United Kingdom
558105,22555,PLASTERS IN TIN STRONGMAN,2,2011-06-26 14:54:00,1.65,15644.0,United Kingdom
558105,22551,PLASTERS IN TIN SPACEBOY,1,2011-06-26 14:54:00,1.65,15644.0,United Kingdom
558105,22367,CHILDRENS APRON SPACEBOY DESIGN,1,2011-06-26 14:54:00,1.95,15644.0,United Kingdom
558105,21156,RETROSPOT CHILDRENS APRON,1,2011-06-26 14:54:00,1.95,15644.0,United Kingdom
558105,47591D,PINK FAIRY CAKE CHILDRENS APRON,1,2011-06-26 14:54:00,1.95,15644.0,United Kingdom
558105,22899,CHILDREN'S APRON DOLLY GIRL ,1,2011-06-26 14:54:00,2.1,15644.0,United Kingdom
558105,22898,CHILDRENS APRON APPLES DESIGN,1,2011-06-26 14:54:00,1.95,15644.0,United Kingdom
558105,22123,PING MICROWAVE APRON,2,2011-06-26 14:54:00,1.95,15644.0,United Kingdom
558105,23124,18PC WOODEN CUTLERY SET DISPOSABLE,2,2011-06-26 14:54:00,1.25,15644.0,United Kingdom
558105,84692,BOX OF 24 COCKTAIL PARASOLS,1,2011-06-26 14:54:00,0.42,15644.0,United Kingdom
558105,21558,SKULL LUNCH BOX WITH CUTLERY ,1,2011-06-26 14:54:00,2.55,15644.0,United Kingdom
558105,84692,BOX OF 24 COCKTAIL PARASOLS,2,2011-06-26 14:54:00,0.42,15644.0,United Kingdom
558105,22417,PACK OF 60 SPACEBOY CAKE CASES,2,2011-06-26 14:54:00,0.55,15644.0,United Kingdom
558105,84992,72 SWEETHEART FAIRY CAKE CASES,2,2011-06-26 14:54:00,0.55,15644.0,United Kingdom
558105,21213,PACK OF 72 SKULL CAKE CASES,2,2011-06-26 14:54:00,0.55,15644.0,United Kingdom
558105,21832,CHOCOLATE CALCULATOR,1,2011-06-26 14:54:00,1.65,15644.0,United Kingdom
558105,84951A,SET OF 4 PISTACHIO LOVEBIRD COASTER,1,2011-06-26 14:54:00,0.79,15644.0,United Kingdom
558105,22196,SMALL HEART MEASURING SPOONS,2,2011-06-26 14:54:00,0.85,15644.0,United Kingdom
558105,21832,CHOCOLATE CALCULATOR,1,2011-06-26 14:54:00,1.65,15644.0,United Kingdom
558105,21976,PACK OF 60 MUSHROOM CAKE CASES,2,2011-06-26 14:54:00,0.55,15644.0,United Kingdom
558105,22551,PLASTERS IN TIN SPACEBOY,1,2011-06-26 14:54:00,1.65,15644.0,United Kingdom
558105,21975,PACK OF 60 DINOSAUR CAKE CASES,2,2011-06-26 14:54:00,0.55,15644.0,United Kingdom
558105,22952,60 CAKE CASES VINTAGE CHRISTMAS,2,2011-06-26 14:54:00,0.55,15644.0,United Kingdom
558105,22907,PACK OF 20 NAPKINS PANTRY DESIGN,1,2011-06-26 14:54:00,0.85,15644.0,United Kingdom
558105,35965,FOLKART HEART NAPKIN RINGS,3,2011-06-26 14:54:00,0.79,15644.0,United Kingdom
558105,84991,60 TEATIME FAIRY CAKE CASES,2,2011-06-26 14:54:00,0.55,15644.0,United Kingdom
558105,22897,OVEN MITT APPLES DESIGN,1,2011-06-26 14:54:00,1.45,15644.0,United Kingdom
558105,21154,RED RETROSPOT OVEN GLOVE ,1,2011-06-26 14:54:00,1.25,15644.0,United Kingdom
558105,21212,PACK OF 72 RETROSPOT CAKE CASES,2,2011-06-26 14:54:00,0.55,15644.0,United Kingdom
558105,22989,SET 2 PANTRY DESIGN TEA TOWELS,1,2011-06-26 14:54:00,3.25,15644.0,United Kingdom
558105,22895,SET OF 2 TEA TOWELS APPLE AND PEARS,1,2011-06-26 14:54:00,3.25,15644.0,United Kingdom
558105,22961,JAM MAKING SET PRINTED,4,2011-06-26 14:54:00,1.45,15644.0,United Kingdom
558105,21035,SET/2 RED RETROSPOT TEA TOWELS ,1,2011-06-26 14:54:00,3.25,15644.0,United Kingdom
558105,47559B,TEA TIME OVEN GLOVE,1,2011-06-26 14:54:00,1.25,15644.0,United Kingdom
558105,22908,PACK OF 20 NAPKINS RED APPLES,1,2011-06-26 14:54:00,0.85,15644.0,United Kingdom
558105,22382,LUNCH BAG SPACEBOY DESIGN ,3,2011-06-26 14:54:00,1.65,15644.0,United Kingdom
558105,20726,LUNCH BAG WOODLAND,1,2011-06-26 14:54:00,1.65,15644.0,United Kingdom
558105,23206,LUNCH BAG APPLE DESIGN,1,2011-06-26 14:54:00,1.65,15644.0,United Kingdom
558105,23168,CLASSIC CAFE SUGAR DISPENSER,3,2011-06-26 14:54:00,1.25,15644.0,United Kingdom
558105,84378,SET OF 3 HEART COOKIE CUTTERS,1,2011-06-26 14:54:00,1.25,15644.0,United Kingdom
558105,84380,SET OF 3 BUTTERFLY COOKIE CUTTERS,1,2011-06-26 14:54:00,1.25,15644.0,United Kingdom
558105,23084,RABBIT NIGHT LIGHT,3,2011-06-26 14:54:00,2.08,15644.0,United Kingdom
558105,22174,PHOTO CUBE,2,2011-06-26 14:54:00,1.65,15644.0,United Kingdom
558105,79051A,SMOKEY GREY COLOUR D.O.F. GLASS,16,2011-06-26 14:54:00,0.29,15644.0,United Kingdom
558105,85032D,YULETIDE IMAGES GIFT WRAP SET,3,2011-06-26 14:54:00,0.65,15644.0,United Kingdom
558105,85032B,BLOSSOM IMAGES GIFT WRAP SET,3,2011-06-26 14:54:00,0.65,15644.0,United Kingdom
558105,85032A,ROMANTIC IMAGES GIFT WRAP SET,3,2011-06-26 14:54:00,0.65,15644.0,United Kingdom
558105,85032C,CURIOUS IMAGES GIFT WRAP SET,4,2011-06-26 14:54:00,0.65,15644.0,United Kingdom
558105,22383,LUNCH BAG SUKI DESIGN ,3,2011-06-26 14:54:00,1.65,15644.0,United Kingdom
558105,23079,TOADSTOOL BEDSIDE LIGHT ,2,2011-06-26 14:54:00,8.95,15644.0,United Kingdom
558105,22960,JAM MAKING SET WITH JARS,3,2011-06-26 14:54:00,4.25,15644.0,United Kingdom
558105,84596F,SMALL MARSHMALLOWS PINK BOWL,8,2011-06-26 14:54:00,0.42,15644.0,United Kingdom
558105,84596B,SMALL DOLLY MIX DESIGN ORANGE BOWL,8,2011-06-26 14:54:00,0.42,15644.0,United Kingdom
558105,20914,SET/5 RED RETROSPOT LID GLASS BOWLS,2,2011-06-26 14:54:00,2.95,15644.0,United Kingdom
558105,22531,MAGIC DRAWING SLATE CIRCUS PARADE  ,1,2011-06-26 14:54:00,0.42,15644.0,United Kingdom
558105,21559,STRAWBERRY LUNCH BOX WITH CUTLERY,1,2011-06-26 14:54:00,2.55,15644.0,United Kingdom
558105,20718,RED RETROSPOT SHOPPER BAG,2,2011-06-26 14:54:00,1.25,15644.0,United Kingdom
558105,21988,PACK OF 6 SKULL PAPER PLATES,2,2011-06-26 14:54:00,0.85,15644.0,United Kingdom
558105,21987,PACK OF 6 SKULL PAPER CUPS,2,2011-06-26 14:54:00,0.65,15644.0,United Kingdom
558105,21090,SET/6 COLLAGE PAPER PLATES,4,2011-06-26 14:54:00,0.39,15644.0,United Kingdom
558105,21084,SET/6 COLLAGE PAPER CUPS,4,2011-06-26 14:54:00,0.19,15644.0,United Kingdom
558105,22727,ALARM CLOCK BAKELIKE RED ,1,2011-06-26 14:54:00,3.75,15644.0,United Kingdom
558105,20974,12 PENCILS SMALL TUBE SKULL,3,2011-06-26 14:54:00,0.65,15644.0,United Kingdom
558105,84828,JUNGLE POPSICLES ICE LOLLY MOULDS,2,2011-06-26 14:54:00,1.25,15644.0,United Kingdom
558105,23208,LUNCH BAG VINTAGE LEAF DESIGN,2,2011-06-26 14:54:00,1.65,15644.0,United Kingdom
558105,21372,MIRRORED WALL ART TABLE LAMP,2,2011-06-26 14:54:00,0.75,15644.0,United Kingdom
558105,21368,MIRRORED WALL ART LADIES,2,2011-06-26 14:54:00,0.75,15644.0,United Kingdom
558105,21367,MIRRORED WALL ART GENTS,2,2011-06-26 14:54:00,0.75,15644.0,United Kingdom
558105,20716,PARTY FOOD SHOPPER BAG,2,2011-06-26 14:54:00,1.25,15644.0,United Kingdom
558105,21096,SET/6 FRUIT SALAD  PAPER PLATES,4,2011-06-26 14:54:00,0.39,15644.0,United Kingdom
558105,21088,SET/6 FRUIT SALAD PAPER CUPS,4,2011-06-26 14:54:00,0.19,15644.0,United Kingdom
558105,21789,KIDS RAIN MAC PINK,2,2011-06-26 14:54:00,0.85,15644.0,United Kingdom
558105,22537,MAGIC DRAWING SLATE DINOSAUR,1,2011-06-26 14:54:00,0.42,15644.0,United Kingdom
558105,22534,MAGIC DRAWING SLATE SPACEBOY ,1,2011-06-26 14:54:00,0.42,15644.0,United Kingdom
558105,21788,KIDS RAIN MAC BLUE,2,2011-06-26 14:54:00,0.85,15644.0,United Kingdom
558105,20725,LUNCH BAG RED RETROSPOT,3,2011-06-26 14:54:00,1.65,15644.0,United Kingdom
558105,22384,LUNCH BAG PINK POLKADOT,2,2011-06-26 14:54:00,1.65,15644.0,United Kingdom
558105,22560,TRADITIONAL MODELLING CLAY,2,2011-06-26 14:54:00,1.25,15644.0,United Kingdom
558105,23301,GARDENERS KNEELING PAD KEEP CALM ,3,2011-06-26 14:54:00,1.65,15644.0,United Kingdom
558105,22508,DOORSTOP RETROSPOT HEART,2,2011-06-26 14:54:00,3.75,15644.0,United Kingdom
558105,22730,ALARM CLOCK BAKELIKE IVORY,3,2011-06-26 14:54:00,3.75,15644.0,United Kingdom
558105,22467,GUMBALL COAT RACK,3,2011-06-26 14:54:00,2.55,15644.0,United Kingdom
558105,23196,RETRO LEAVES MAGNETIC NOTEPAD,2,2011-06-26 14:54:00,1.45,15644.0,United Kingdom
558105,23198,PANTRY MAGNETIC  SHOPPING LIST,2,2011-06-26 14:54:00,1.45,15644.0,United Kingdom
558105,22749,FELTCRAFT PRINCESS CHARLOTTE DOLL,2,2011-06-26 14:54:00,3.75,15644.0,United Kingdom
558105,22751,FELTCRAFT PRINCESS OLIVIA DOLL,1,2011-06-26 14:54:00,3.75,15644.0,United Kingdom
558105,22379,RECYCLING BAG RETROSPOT ,2,2011-06-26 14:54:00,2.1,15644.0,United Kingdom
558105,21989,PACK OF 20 SKULL PAPER NAPKINS,1,2011-06-26 14:54:00,0.85,15644.0,United Kingdom
558105,23148,MINIATURE ANTIQUE ROSE HOOK IVORY,4,2011-06-26 14:54:00,0.83,15644.0,United Kingdom
558105,21832,CHOCOLATE CALCULATOR,1,2011-06-26 14:54:00,1.65,15644.0,United Kingdom
558105,21558,SKULL LUNCH BOX WITH CUTLERY ,2,2011-06-26 14:54:00,2.55,15644.0,United Kingdom
558105,22352,LUNCH BOX WITH CUTLERY RETROSPOT ,1,2011-06-26 14:54:00,2.55,15644.0,United Kingdom
558105,21934,SKULL SHOULDER BAG,1,2011-06-26 14:54:00,1.65,15644.0,United Kingdom
558105,22993,SET OF 4 PANTRY JELLY MOULDS,2,2011-06-26 14:54:00,1.25,15644.0,United Kingdom
558105,21559,STRAWBERRY LUNCH BOX WITH CUTLERY,2,2011-06-26 14:54:00,2.55,15644.0,United Kingdom
558105,23207,LUNCH BAG ALPHABET DESIGN,1,2011-06-26 14:54:00,1.65,15644.0,United Kingdom
558105,20726,LUNCH BAG WOODLAND,2,2011-06-26 14:54:00,1.65,15644.0,United Kingdom
558105,20728,LUNCH BAG CARS BLUE,2,2011-06-26 14:54:00,1.65,15644.0,United Kingdom
558105,23208,LUNCH BAG VINTAGE LEAF DESIGN,2,2011-06-26 14:54:00,1.65,15644.0,United Kingdom
558105,21935,SUKI  SHOULDER BAG,3,2011-06-26 14:54:00,1.65,15644.0,United Kingdom
558105,85017B,ENVELOPE 50 BLOSSOM IMAGES,4,2011-06-26 14:54:00,0.42,15644.0,United Kingdom
558105,23147,SINGLE ANTIQUE ROSE HOOK IVORY,4,2011-06-26 14:54:00,1.45,15644.0,United Kingdom
558105,23207,LUNCH BAG ALPHABET DESIGN,2,2011-06-26 14:54:00,1.65,15644.0,United Kingdom
558105,20727,LUNCH BAG  BLACK SKULL.,4,2011-06-26 14:54:00,1.65,15644.0,United Kingdom
558105,22558,CLOTHES PEGS RETROSPOT PACK 24 ,4,2011-06-26 14:54:00,1.65,15644.0,United Kingdom
558105,84988,SET OF 72 PINK HEART PAPER DOILIES,2,2011-06-26 14:54:00,1.45,15644.0,United Kingdom
558105,22781,GUMBALL MAGAZINE RACK,3,2011-06-26 14:54:00,7.65,15644.0,United Kingdom
558105,21034,REX CASH+CARRY JUMBO SHOPPER,4,2011-06-26 14:54:00,0.95,15644.0,United Kingdom
558105,85132C,CHARLIE AND LOLA FIGURES TINS,2,2011-06-26 14:54:00,1.95,15644.0,United Kingdom
C558106,21669,BLUE STRIPE CERAMIC DRAWER KNOB,-1,2011-06-26 14:59:00,1.25,13668.0,United Kingdom
C558106,22427,ENAMEL FLOWER JUG CREAM,-1,2011-06-26 14:59:00,5.95,13668.0,United Kingdom
C558106,21181,PLEASE ONE PERSON METAL SIGN,-1,2011-06-26 14:59:00,2.1,13668.0,United Kingdom
C558106,22433,WATERING CAN GREEN DINOSAUR,-1,2011-06-26 14:59:00,1.95,13668.0,United Kingdom
C558106,21467,CHERRY CROCHET FOOD COVER,-1,2011-06-26 14:59:00,3.75,13668.0,United Kingdom
558107,23091,ZINC HERB GARDEN CONTAINER,2,2011-06-26 15:09:00,6.25,17811.0,United Kingdom
558107,21988,PACK OF 6 SKULL PAPER PLATES,1,2011-06-26 15:09:00,0.85,17811.0,United Kingdom
558107,21975,PACK OF 60 DINOSAUR CAKE CASES,2,2011-06-26 15:09:00,0.55,17811.0,United Kingdom
558107,21987,PACK OF 6 SKULL PAPER CUPS,2,2011-06-26 15:09:00,0.65,17811.0,United Kingdom
558107,22204,MILK PAN BLUE POLKADOT,2,2011-06-26 15:09:00,3.75,17811.0,United Kingdom
558107,22844,VINTAGE CREAM DOG FOOD CONTAINER,2,2011-06-26 15:09:00,8.5,17811.0,United Kingdom
558107,23310,BUBBLEGUM RING ASSORTED,36,2011-06-26 15:09:00,0.42,17811.0,United Kingdom
558107,47566B,TEA TIME PARTY BUNTING,1,2011-06-26 15:09:00,4.95,17811.0,United Kingdom
558107,20727,LUNCH BAG  BLACK SKULL.,5,2011-06-26 15:09:00,1.65,17811.0,United Kingdom
558107,22200,FRYING PAN PINK POLKADOT,4,2011-06-26 15:09:00,4.25,17811.0,United Kingdom
558107,22204,MILK PAN BLUE POLKADOT,1,2011-06-26 15:09:00,3.75,17811.0,United Kingdom
558107,22381,TOY TIDY PINK POLKADOT,4,2011-06-26 15:09:00,2.1,17811.0,United Kingdom
558107,22386,JUMBO BAG PINK POLKADOT,10,2011-06-26 15:09:00,2.08,17811.0,United Kingdom
558107,23202,JUMBO BAG VINTAGE LEAF,3,2011-06-26 15:09:00,2.08,17811.0,United Kingdom
558108,21210,SET OF 72 RETROSPOT PAPER  DOILIES,12,2011-06-26 15:35:00,1.45,12548.0,Spain
558108,84988,SET OF 72 PINK HEART PAPER DOILIES,12,2011-06-26 15:35:00,1.45,12548.0,Spain
558108,21211,SET OF 72 SKULL PAPER  DOILIES,12,2011-06-26 15:35:00,1.45,12548.0,Spain
558108,84380,SET OF 3 BUTTERFLY COOKIE CUTTERS,12,2011-06-26 15:35:00,1.25,12548.0,Spain
558108,POST,POSTAGE,1,2011-06-26 15:35:00,28.0,12548.0,Spain
558109,21936,RED RETROSPOT PICNIC BAG,15,2011-06-26 15:36:00,2.95,12474.0,Germany
C558110,47599A,PINK PARTY BAGS,-6,2011-06-26 15:47:00,2.1,17731.0,United Kingdom
C558110,47566,PARTY BUNTING,-8,2011-06-26 15:47:00,4.95,17731.0,United Kingdom
C558110,23108,SET OF 10 LED DOLLY LIGHTS,-2,2011-06-26 15:47:00,6.25,17731.0,United Kingdom
C558110,23084,RABBIT NIGHT LIGHT,-12,2011-06-26 15:47:00,2.08,17731.0,United Kingdom
C558110,23079,TOADSTOOL BEDSIDE LIGHT ,-2,2011-06-26 15:47:00,8.95,17731.0,United Kingdom
C558110,23010,CIRCUS PARADE BABY GIFT SET,-2,2011-06-26 15:47:00,16.95,17731.0,United Kingdom
C558110,23008,DOLLY GIRL BABY GIFT SET,-2,2011-06-26 15:47:00,16.95,17731.0,United Kingdom
C558110,22969,HOMEMADE JAM SCENTED CANDLES,-12,2011-06-26 15:47:00,1.45,17731.0,United Kingdom
C558110,22951,60 CAKE CASES DOLLY GIRL DESIGN,-24,2011-06-26 15:47:00,0.55,17731.0,United Kingdom
C558110,22768,FAMILY PHOTO FRAME CORNICE,-2,2011-06-26 15:47:00,9.95,17731.0,United Kingdom
C558110,22767,TRIPLE PHOTO FRAME CORNICE ,-2,2011-06-26 15:47:00,9.95,17731.0,United Kingdom
C558110,22427,ENAMEL FLOWER JUG CREAM,-3,2011-06-26 15:47:00,5.95,17731.0,United Kingdom
C558110,22169,FAMILY ALBUM WHITE PICTURE FRAME,-2,2011-06-26 15:47:00,8.5,17731.0,United Kingdom
C558110,22128,PARTY CONES CANDY ASSORTED,-12,2011-06-26 15:47:00,1.25,17731.0,United Kingdom
C558110,84507C,BLUE CIRCLES DESIGN MONKEY DOLL,-6,2011-06-26 15:47:00,2.55,17731.0,United Kingdom
C558110,22423,REGENCY CAKESTAND 3 TIER,-4,2011-06-26 15:47:00,12.75,17731.0,United Kingdom
558111,22796,PHOTO FRAME 3 CLASSIC HANGING,1,2011-06-26 16:06:00,9.95,17114.0,United Kingdom
558111,22171,3 HOOK PHOTO SHELF ANTIQUE WHITE,1,2011-06-26 16:06:00,8.5,17114.0,United Kingdom
558111,22170,PICTURE FRAME WOOD TRIPLE PORTRAIT,1,2011-06-26 16:06:00,6.75,17114.0,United Kingdom
558111,82486,WOOD S/3 CABINET ANT WHITE FINISH,1,2011-06-26 16:06:00,8.95,17114.0,United Kingdom
558111,23091,ZINC HERB GARDEN CONTAINER,1,2011-06-26 16:06:00,6.25,17114.0,United Kingdom
558111,82482,WOODEN PICTURE FRAME WHITE FINISH,2,2011-06-26 16:06:00,2.55,17114.0,United Kingdom
C558112,82486,WOOD S/3 CABINET ANT WHITE FINISH,-1,2011-06-26 16:08:00,8.95,17114.0,United Kingdom
C558112,82482,WOODEN PICTURE FRAME WHITE FINISH,-2,2011-06-26 16:08:00,2.55,17114.0,United Kingdom
C558112,23091,ZINC HERB GARDEN CONTAINER,-1,2011-06-26 16:08:00,6.25,17114.0,United Kingdom
C558112,22796,PHOTO FRAME 3 CLASSIC HANGING,-1,2011-06-26 16:08:00,9.95,17114.0,United Kingdom
C558112,22171,3 HOOK PHOTO SHELF ANTIQUE WHITE,-1,2011-06-26 16:08:00,8.5,17114.0,United Kingdom
C558112,22170,PICTURE FRAME WOOD TRIPLE PORTRAIT,-1,2011-06-26 16:08:00,6.75,17114.0,United Kingdom
