InvoiceNo,StockCode,Description,Quantity,InvoiceDate,UnitPrice,CustomerID,Country
563740,22106,MIRROR MOSAIC HURRICANE LAMP ,12,2011-08-19 08:13:00,5.95,17747.0,United Kingdom
563741,22180,RETROSPOT LAMP,2,2011-08-19 08:57:00,9.95,14759.0,United Kingdom
563741,21080,SET/20 RED RETROSPOT PAPER NAPKINS ,12,2011-08-19 08:57:00,0.85,14759.0,United Kingdom
563741,20755,BLUE PAISLEY POCKET BOOK,12,2011-08-19 08:57:00,0.85,14759.0,United Kingdom
563741,22759,SET OF 3 NOTEBOOKS IN PARCEL,12,2011-08-19 08:57:00,1.65,14759.0,United Kingdom
563741,22791,T-LIGHT GLASS FLUTED ANTIQUE,12,2011-08-19 08:57:00,1.25,14759.0,United Kingdom
563741,84945,MULTI COLOUR SILVER T-LIGHT HOLDER,12,2011-08-19 08:57:00,0.85,14759.0,United Kingdom
563741,23099,FRENCH CARRIAGE LANTERN,2,2011-08-19 08:57:00,6.65,14759.0,United Kingdom
563741,84609,TALL ROCOCO CANDLE HOLDER,4,2011-08-19 08:57:00,8.5,14759.0,United Kingdom
563741,23359,SET OF 12 T-LIGHTS VINTAGE DOILY,12,2011-08-19 08:57:00,1.95,14759.0,United Kingdom
563741,23108,SET OF 10 LED DOLLY LIGHTS,2,2011-08-19 08:57:00,6.25,14759.0,United Kingdom
563741,22296,HEART IVORY TRELLIS LARGE,12,2011-08-19 08:57:00,1.65,14759.0,United Kingdom
563741,21844,RED RETROSPOT MUG,12,2011-08-19 08:57:00,2.95,14759.0,United Kingdom
563741,21531,RED RETROSPOT SUGAR JAM BOWL,6,2011-08-19 08:57:00,2.55,14759.0,United Kingdom
563741,21535,RED RETROSPOT SMALL MILK JUG,6,2011-08-19 08:57:00,2.55,14759.0,United Kingdom
563741,21539,RED RETROSPOT BUTTER DISH,3,2011-08-19 08:57:00,4.95,14759.0,United Kingdom
563741,21035,SET/2 RED RETROSPOT TEA TOWELS ,6,2011-08-19 08:57:00,3.25,14759.0,United Kingdom
563741,21217,RED RETROSPOT ROUND CAKE TINS,1,2011-08-19 08:57:00,9.95,14759.0,United Kingdom
563742,22634,CHILDS BREAKFAST SET SPACEBOY ,32,2011-08-19 08:57:00,8.5,17929.0,United Kingdom
563743,22969,HOMEMADE JAM SCENTED CANDLES,12,2011-08-19 09:23:00,1.45,12828.0,United Kingdom
563743,20970,PINK FLORAL FELTCRAFT SHOULDER BAG,4,2011-08-19 09:23:00,3.75,12828.0,United Kingdom
563743,22483,RED GINGHAM TEDDY BEAR ,6,2011-08-19 09:23:00,2.95,12828.0,United Kingdom
563743,21408,SPOTTY PINK DUCK DOORSTOP,3,2011-08-19 09:23:00,4.25,12828.0,United Kingdom
563743,46776F,WOVEN ROSE GARDEN CUSHION COVER ,2,2011-08-19 09:23:00,4.95,12828.0,United Kingdom
563743,20934,SET/3 POT PLANT CANDLES,2,2011-08-19 09:23:00,5.45,12828.0,United Kingdom
563743,72741,GRAND CHOCOLATECANDLE,9,2011-08-19 09:23:00,1.45,12828.0,United Kingdom
563743,37446,MINI CAKE STAND WITH HANGING CAKES,8,2011-08-19 09:23:00,1.45,12828.0,United Kingdom
563743,46000S,POLYESTER FILLER PAD 40x40cm,2,2011-08-19 09:23:00,1.45,12828.0,United Kingdom
563744,21394,RED POLKADOT BEAKER ,48,2011-08-19 09:35:00,0.39,13266.0,United Kingdom
563744,21395,BLUE POLKADOT BEAKER ,48,2011-08-19 09:35:00,0.39,13266.0,United Kingdom
563744,22209,WOOD STAMP SET HAPPY BIRTHDAY,12,2011-08-19 09:35:00,0.83,13266.0,United Kingdom
563744,22402,MAGNETS PACK OF 4 VINTAGE COLLAGE,12,2011-08-19 09:35:00,0.39,13266.0,United Kingdom
563744,85132C,CHARLIE AND LOLA FIGURES TINS,48,2011-08-19 09:35:00,1.95,13266.0,United Kingdom
563744,22993,SET OF 4 PANTRY JELLY MOULDS,36,2011-08-19 09:35:00,1.25,13266.0,United Kingdom
563744,10125,MINI FUNKY DESIGN TAPES,20,2011-08-19 09:35:00,0.85,13266.0,United Kingdom
563744,23286,BLUE VINTAGE SPOT BEAKER,8,2011-08-19 09:35:00,0.85,13266.0,United Kingdom
563744,22083,PAPER CHAIN KIT RETROSPOT,6,2011-08-19 09:35:00,2.95,13266.0,United Kingdom
563744,23298,SPOTTY BUNTING,3,2011-08-19 09:35:00,4.95,13266.0,United Kingdom
563744,22629,SPACEBOY LUNCH BOX ,12,2011-08-19 09:35:00,1.95,13266.0,United Kingdom
563744,22383,LUNCH BAG SUKI DESIGN ,20,2011-08-19 09:35:00,1.65,13266.0,United Kingdom
563744,23289,DOLLY GIRL CHILDRENS BOWL,8,2011-08-19 09:35:00,1.25,13266.0,United Kingdom
563744,23291,DOLLY GIRL CHILDRENS CUP,8,2011-08-19 09:35:00,1.25,13266.0,United Kingdom
563744,23550,WRAP ALPHABET POSTER  ,25,2011-08-19 09:35:00,0.42,13266.0,United Kingdom
563745,21391,FRENCH LAVENDER SCENT HEART,12,2011-08-19 09:38:00,0.75,15159.0,United Kingdom
563745,21394,RED POLKADOT BEAKER ,48,2011-08-19 09:38:00,0.39,15159.0,United Kingdom
563745,21395,BLUE POLKADOT BEAKER ,48,2011-08-19 09:38:00,0.39,15159.0,United Kingdom
563745,21636,MADRAS NOTEBOOK MEDIUM,12,2011-08-19 09:38:00,0.75,15159.0,United Kingdom
563745,22094,RED RETROSPOT TISSUE BOX,36,2011-08-19 09:38:00,0.39,15159.0,United Kingdom
563745,22091,EMPIRE TISSUE BOX,36,2011-08-19 09:38:00,0.39,15159.0,United Kingdom
563745,22097,SWALLOW SQUARE TISSUE BOX,36,2011-08-19 09:38:00,0.39,15159.0,United Kingdom
563745,22115,METAL SIGN EMPIRE TEA,12,2011-08-19 09:38:00,0.79,15159.0,United Kingdom
563745,22610,PENS ASSORTED FUNNY FACE,72,2011-08-19 09:38:00,0.19,15159.0,United Kingdom
563745,22608,PENS ASSORTED FUNKY JEWELED ,72,2011-08-19 09:38:00,0.19,15159.0,United Kingdom
563745,47503A,ASS FLORAL PRINT MULTI SCREWDRIVER,24,2011-08-19 09:38:00,0.42,15159.0,United Kingdom
563745,47504K,ENGLISH ROSE GARDEN SECATEURS,12,2011-08-19 09:38:00,0.79,15159.0,United Kingdom
563745,84596F,SMALL MARSHMALLOWS PINK BOWL,32,2011-08-19 09:38:00,0.42,15159.0,United Kingdom
563745,84596G,SMALL CHOCOLATES PINK BOWL,16,2011-08-19 09:38:00,0.42,15159.0,United Kingdom
563745,84596B,SMALL DOLLY MIX DESIGN ORANGE BOWL,32,2011-08-19 09:38:00,0.42,15159.0,United Kingdom
563745,85132C,CHARLIE AND LOLA FIGURES TINS,36,2011-08-19 09:38:00,1.95,15159.0,United Kingdom
563745,23245,SET OF 3 REGENCY CAKE TINS,4,2011-08-19 09:38:00,4.95,15159.0,United Kingdom
563745,23293,SET OF 12 FAIRY CAKE BAKING CASES,16,2011-08-19 09:38:00,0.83,15159.0,United Kingdom
563745,23296,SET OF 6 TEA TIME BAKING CASES,16,2011-08-19 09:38:00,1.25,15159.0,United Kingdom
563745,23294,SET OF 6 SNACK LOAF BAKING CASES,16,2011-08-19 09:38:00,0.83,15159.0,United Kingdom
563745,23308,SET OF 60 VINTAGE LEAF CAKE CASES ,24,2011-08-19 09:38:00,0.55,15159.0,United Kingdom
563745,23309,SET OF 60 I LOVE LONDON CAKE CASES ,24,2011-08-19 09:38:00,0.55,15159.0,United Kingdom
563745,23333,IVORY WICKER HEART MEDIUM,12,2011-08-19 09:38:00,1.25,15159.0,United Kingdom
563745,23334,IVORY WICKER HEART SMALL,48,2011-08-19 09:38:00,0.63,15159.0,United Kingdom
563745,23332,IVORY WICKER HEART LARGE,12,2011-08-19 09:38:00,1.65,15159.0,United Kingdom
563745,20719,WOODLAND CHARLOTTE BAG,20,2011-08-19 09:38:00,0.85,15159.0,United Kingdom
563745,22661,CHARLOTTE BAG DOLLY GIRL DESIGN,20,2011-08-19 09:38:00,0.85,15159.0,United Kingdom
563745,20723,STRAWBERRY CHARLOTTE BAG,20,2011-08-19 09:38:00,0.85,15159.0,United Kingdom
563745,20724,RED RETROSPOT CHARLOTTE BAG,20,2011-08-19 09:38:00,0.85,15159.0,United Kingdom
563745,22356,CHARLOTTE BAG PINK POLKADOT,20,2011-08-19 09:38:00,0.85,15159.0,United Kingdom
563745,23204,CHARLOTTE BAG APPLES DESIGN,20,2011-08-19 09:38:00,0.85,15159.0,United Kingdom
563745,22379,RECYCLING BAG RETROSPOT ,10,2011-08-19 09:38:00,2.1,15159.0,United Kingdom
563745,71053,WHITE METAL LANTERN,4,2011-08-19 09:38:00,3.75,15159.0,United Kingdom
563745,22464,HANGING METAL HEART LANTERN,12,2011-08-19 09:38:00,1.65,15159.0,United Kingdom
563745,21326,AGED GLASS SILVER T-LIGHT HOLDER,12,2011-08-19 09:38:00,0.65,15159.0,United Kingdom
563745,84946,ANTIQUE SILVER T-LIGHT GLASS,12,2011-08-19 09:38:00,1.25,15159.0,United Kingdom
563745,84947,ANTIQUE SILVER TEA GLASS ENGRAVED,12,2011-08-19 09:38:00,1.25,15159.0,United Kingdom
563745,82483,WOOD 2 DRAWER CABINET WHITE FINISH,10,2011-08-19 09:38:00,6.95,15159.0,United Kingdom
563745,82486,WOOD S/3 CABINET ANT WHITE FINISH,10,2011-08-19 09:38:00,8.95,15159.0,United Kingdom
563745,22173,METAL 4 HOOK HANGER FRENCH CHATEAU,8,2011-08-19 09:38:00,2.95,15159.0,United Kingdom
563745,48187,DOORMAT NEW ENGLAND,10,2011-08-19 09:38:00,6.75,15159.0,United Kingdom
563745,20685,DOORMAT RED RETROSPOT,10,2011-08-19 09:38:00,6.75,15159.0,United Kingdom
563745,21523,DOORMAT FANCY FONT HOME SWEET HOME,10,2011-08-19 09:38:00,6.75,15159.0,United Kingdom
563745,23300,GARDENERS KNEELING PAD CUP OF TEA ,12,2011-08-19 09:38:00,1.65,15159.0,United Kingdom
563745,23301,GARDENERS KNEELING PAD KEEP CALM ,12,2011-08-19 09:38:00,1.65,15159.0,United Kingdom
563745,22041,"RECORD FRAME 7"" SINGLE SIZE ",6,2011-08-19 09:38:00,2.55,15159.0,United Kingdom
563745,22766,PHOTO FRAME CORNICE,8,2011-08-19 09:38:00,2.95,15159.0,United Kingdom
563745,82482,WOODEN PICTURE FRAME WHITE FINISH,12,2011-08-19 09:38:00,2.55,15159.0,United Kingdom
563745,82494L,WOODEN FRAME ANTIQUE WHITE ,12,2011-08-19 09:38:00,2.95,15159.0,United Kingdom
563745,47566,PARTY BUNTING,16,2011-08-19 09:38:00,4.95,15159.0,United Kingdom
563745,23298,SPOTTY BUNTING,6,2011-08-19 09:38:00,4.95,15159.0,United Kingdom
563745,22728,ALARM CLOCK BAKELIKE PINK,4,2011-08-19 09:38:00,3.75,15159.0,United Kingdom
563745,22729,ALARM CLOCK BAKELIKE ORANGE,4,2011-08-19 09:38:00,3.75,15159.0,United Kingdom
563745,22727,ALARM CLOCK BAKELIKE RED ,4,2011-08-19 09:38:00,3.75,15159.0,United Kingdom
563745,23146,TRIPLE HOOK ANTIQUE IVORY ROSE,4,2011-08-19 09:38:00,3.29,15159.0,United Kingdom
563745,23147,SINGLE ANTIQUE ROSE HOOK IVORY,12,2011-08-19 09:38:00,1.45,15159.0,United Kingdom
563745,23148,MINIATURE ANTIQUE ROSE HOOK IVORY,12,2011-08-19 09:38:00,0.83,15159.0,United Kingdom
563745,21933,PINK VINTAGE PAISLEY PICNIC BAG,10,2011-08-19 09:38:00,1.65,15159.0,United Kingdom
563745,21932,SCANDINAVIAN PAISLEY PICNIC BAG,10,2011-08-19 09:38:00,1.65,15159.0,United Kingdom
563745,21212,PACK OF 72 RETROSPOT CAKE CASES,24,2011-08-19 09:38:00,0.55,15159.0,United Kingdom
563745,22951,60 CAKE CASES DOLLY GIRL DESIGN,24,2011-08-19 09:38:00,0.55,15159.0,United Kingdom
563746,23300,GARDENERS KNEELING PAD CUP OF TEA ,12,2011-08-19 10:05:00,1.65,14745.0,United Kingdom
563746,20981,12 PENCILS TALL TUBE WOODLAND,12,2011-08-19 10:05:00,0.85,14745.0,United Kingdom
563746,20983,12 PENCILS TALL TUBE RED RETROSPOT,12,2011-08-19 10:05:00,0.85,14745.0,United Kingdom
563746,84077,WORLD WAR 2 GLIDERS ASSTD DESIGNS,96,2011-08-19 10:05:00,0.29,14745.0,United Kingdom
563746,20750,RED RETROSPOT MINI CASES,2,2011-08-19 10:05:00,7.95,14745.0,United Kingdom
563746,22386,JUMBO BAG PINK POLKADOT,10,2011-08-19 10:05:00,2.08,14745.0,United Kingdom
563746,20713,JUMBO BAG OWLS,10,2011-08-19 10:05:00,2.08,14745.0,United Kingdom
563746,22356,CHARLOTTE BAG PINK POLKADOT,10,2011-08-19 10:05:00,0.85,14745.0,United Kingdom
563746,20723,STRAWBERRY CHARLOTTE BAG,10,2011-08-19 10:05:00,0.85,14745.0,United Kingdom
563746,20724,RED RETROSPOT CHARLOTTE BAG,10,2011-08-19 10:05:00,0.85,14745.0,United Kingdom
563746,20725,LUNCH BAG RED RETROSPOT,10,2011-08-19 10:05:00,1.65,14745.0,United Kingdom
563746,22382,LUNCH BAG SPACEBOY DESIGN ,10,2011-08-19 10:05:00,1.65,14745.0,United Kingdom
563746,20728,LUNCH BAG CARS BLUE,10,2011-08-19 10:05:00,1.65,14745.0,United Kingdom
563746,22384,LUNCH BAG PINK POLKADOT,10,2011-08-19 10:05:00,1.65,14745.0,United Kingdom
563746,23197,SKETCHBOOK MAGNETIC SHOPPING LIST,12,2011-08-19 10:05:00,1.45,14745.0,United Kingdom
563746,23148,MINIATURE ANTIQUE ROSE HOOK IVORY,24,2011-08-19 10:05:00,0.83,14745.0,United Kingdom
563746,22178,VICTORIAN GLASS HANGING T-LIGHT,12,2011-08-19 10:05:00,1.25,14745.0,United Kingdom
563746,84755,COLOUR GLASS T-LIGHT HOLDER HANGING,16,2011-08-19 10:05:00,0.65,14745.0,United Kingdom
563747,23170,REGENCY TEA PLATE ROSES ,12,2011-08-19 10:05:00,1.65,13089.0,United Kingdom
563747,23171,REGENCY TEA PLATE GREEN ,12,2011-08-19 10:05:00,1.65,13089.0,United Kingdom
563747,22364,GLASS JAR DIGESTIVE BISCUITS,12,2011-08-19 10:05:00,2.95,13089.0,United Kingdom
563747,22360,GLASS JAR ENGLISH CONFECTIONERY,12,2011-08-19 10:05:00,2.95,13089.0,United Kingdom
563747,84949,SILVER HANGING T-LIGHT HOLDER,96,2011-08-19 10:05:00,1.45,13089.0,United Kingdom
563747,84879,ASSORTED COLOUR BIRD ORNAMENT,160,2011-08-19 10:05:00,1.45,13089.0,United Kingdom
563748,22179,SET 10 NIGHT OWL LIGHTS,2,2011-08-19 10:06:00,6.75,16170.0,United Kingdom
563748,23235,STORAGE TIN VINTAGE LEAF,6,2011-08-19 10:06:00,2.89,16170.0,United Kingdom
563748,23244,ROUND STORAGE TIN VINTAGE LEAF,6,2011-08-19 10:06:00,1.95,16170.0,United Kingdom
563748,22973,CHILDREN'S CIRCUS PARADE MUG,12,2011-08-19 10:06:00,1.65,16170.0,United Kingdom
563748,85199L,LARGE HANGING IVORY & RED WOOD BIRD,12,2011-08-19 10:06:00,0.65,16170.0,United Kingdom
563748,22602,RETROSPOT WOODEN HEART DECORATION,12,2011-08-19 10:06:00,0.85,16170.0,United Kingdom
563748,23329,DECORATIVE WICKER HEART LARGE,12,2011-08-19 10:06:00,1.65,16170.0,United Kingdom
563748,84078A,SET/4 WHITE RETRO STORAGE CUBES ,1,2011-08-19 10:06:00,39.95,16170.0,United Kingdom
563748,23079,TOADSTOOL BEDSIDE LIGHT ,2,2011-08-19 10:06:00,8.95,16170.0,United Kingdom
563748,21238,RED RETROSPOT CUP,8,2011-08-19 10:06:00,0.85,16170.0,United Kingdom
563748,23286,BLUE VINTAGE SPOT BEAKER,8,2011-08-19 10:06:00,0.85,16170.0,United Kingdom
563748,23287,RED VINTAGE SPOT BEAKER,8,2011-08-19 10:06:00,0.85,16170.0,United Kingdom
563748,22974,CHILDRENS DOLLY GIRL MUG,12,2011-08-19 10:06:00,1.65,16170.0,United Kingdom
563748,23289,DOLLY GIRL CHILDRENS BOWL,8,2011-08-19 10:06:00,1.25,16170.0,United Kingdom
563748,23291,DOLLY GIRL CHILDRENS CUP,8,2011-08-19 10:06:00,1.25,16170.0,United Kingdom
563748,23310,BUBBLEGUM RING ASSORTED,72,2011-08-19 10:06:00,0.42,16170.0,United Kingdom
563748,22964,3 PIECE SPACEBOY COOKIE CUTTER SET,6,2011-08-19 10:06:00,2.1,16170.0,United Kingdom
563748,21705,BAG 500g SWIRLY MARBLES,12,2011-08-19 10:06:00,1.65,16170.0,United Kingdom
563748,23270,SET OF 2 CERAMIC PAINTED HEARTS ,12,2011-08-19 10:06:00,1.45,16170.0,United Kingdom
563748,23288,GREEN VINTAGE SPOT BEAKER,8,2011-08-19 10:06:00,0.85,16170.0,United Kingdom
563748,21403,BLUE EGG  SPOON,24,2011-08-19 10:06:00,0.12,16170.0,United Kingdom
563748,21401,BLUE PUDDING SPOON,24,2011-08-19 10:06:00,0.12,16170.0,United Kingdom
563749,23199,JUMBO BAG APPLES,10,2011-08-19 10:10:00,2.08,12360.0,Austria
563749,22385,JUMBO BAG SPACEBOY DESIGN,10,2011-08-19 10:10:00,2.08,12360.0,Austria
563749,22742,MAKE YOUR OWN PLAYTIME CARD KIT,6,2011-08-19 10:10:00,2.95,12360.0,Austria
563749,21578,WOODLAND DESIGN  COTTON TOTE BAG,6,2011-08-19 10:10:00,2.25,12360.0,Austria
563749,21579,LOLITA  DESIGN  COTTON TOTE BAG,6,2011-08-19 10:10:00,2.25,12360.0,Austria
563749,21576,LETS GO SHOPPING COTTON TOTE BAG,6,2011-08-19 10:10:00,2.25,12360.0,Austria
563749,21561,DINOSAUR LUNCH BOX WITH CUTLERY,6,2011-08-19 10:10:00,2.55,12360.0,Austria
563749,21559,STRAWBERRY LUNCH BOX WITH CUTLERY,6,2011-08-19 10:10:00,2.55,12360.0,Austria
563749,22326,ROUND SNACK BOXES SET OF4 WOODLAND ,6,2011-08-19 10:10:00,2.95,12360.0,Austria
563749,22328,ROUND SNACK BOXES SET OF 4 FRUITS ,6,2011-08-19 10:10:00,2.95,12360.0,Austria
563749,22352,LUNCH BOX WITH CUTLERY RETROSPOT ,6,2011-08-19 10:10:00,2.55,12360.0,Austria
563749,23008,DOLLY GIRL BABY GIFT SET,4,2011-08-19 10:10:00,16.95,12360.0,Austria
563749,21242,RED RETROSPOT PLATE ,8,2011-08-19 10:10:00,1.69,12360.0,Austria
563749,23286,BLUE VINTAGE SPOT BEAKER,8,2011-08-19 10:10:00,0.85,12360.0,Austria
563749,23285,PINK VINTAGE SPOT BEAKER,8,2011-08-19 10:10:00,0.85,12360.0,Austria
563749,23287,RED VINTAGE SPOT BEAKER,8,2011-08-19 10:10:00,0.85,12360.0,Austria
563749,23288,GREEN VINTAGE SPOT BEAKER,8,2011-08-19 10:10:00,0.85,12360.0,Austria
563749,21244,BLUE POLKADOT PLATE ,8,2011-08-19 10:10:00,1.69,12360.0,Austria
563749,20674,GREEN POLKADOT BOWL,8,2011-08-19 10:10:00,1.25,12360.0,Austria
563749,20676,RED RETROSPOT BOWL,8,2011-08-19 10:10:00,1.25,12360.0,Austria
563749,20677,PINK POLKADOT BOWL,8,2011-08-19 10:10:00,1.25,12360.0,Austria
563749,20675,BLUE POLKADOT BOWL,8,2011-08-19 10:10:00,1.25,12360.0,Austria
563749,84997D,CHILDRENS CUTLERY POLKADOT PINK,12,2011-08-19 10:10:00,4.15,12360.0,Austria
563749,22027,TEA PARTY BIRTHDAY CARD,12,2011-08-19 10:10:00,0.42,12360.0,Austria
563749,22029,SPACEBOY BIRTHDAY CARD,12,2011-08-19 10:10:00,0.42,12360.0,Austria
563749,22819,"BIRTHDAY CARD, RETRO SPOT",12,2011-08-19 10:10:00,0.42,12360.0,Austria
563749,22814,CARD PARTY GAMES ,12,2011-08-19 10:10:00,0.42,12360.0,Austria
563749,21929,JUMBO BAG PINK VINTAGE PAISLEY,10,2011-08-19 10:10:00,2.08,12360.0,Austria
563749,20713,JUMBO BAG OWLS,10,2011-08-19 10:10:00,2.08,12360.0,Austria
563749,POST,POSTAGE,2,2011-08-19 10:10:00,40.0,12360.0,Austria
563750,21650,ASSORTED TUTTI FRUTTI BRACELET,96,2011-08-19 10:18:00,0.19,16122.0,United Kingdom
563750,22610,PENS ASSORTED FUNNY FACE,36,2011-08-19 10:18:00,0.19,16122.0,United Kingdom
563750,10133,COLOURING PENCILS BROWN TUBE,80,2011-08-19 10:18:00,0.42,16122.0,United Kingdom
563750,17091J,VANILLA INCENSE IN TIN,36,2011-08-19 10:18:00,0.38,16122.0,United Kingdom
563750,21829,DINOSAUR KEYRINGS ASSORTED,72,2011-08-19 10:18:00,0.21,16122.0,United Kingdom
563750,20972,PINK CREAM FELT CRAFT TRINKET BOX ,24,2011-08-19 10:18:00,1.25,16122.0,United Kingdom
563750,22150,3 STRIPEY MICE FELTCRAFT,12,2011-08-19 10:18:00,1.95,16122.0,United Kingdom
563750,22149,FELTCRAFT 6 FLOWER FRIENDS,12,2011-08-19 10:18:00,2.1,16122.0,United Kingdom
563750,22568,FELTCRAFT CUSHION OWL,4,2011-08-19 10:18:00,3.75,16122.0,United Kingdom
563750,22569,FELTCRAFT CUSHION BUTTERFLY,4,2011-08-19 10:18:00,3.75,16122.0,United Kingdom
563750,22749,FELTCRAFT PRINCESS CHARLOTTE DOLL,4,2011-08-19 10:18:00,3.75,16122.0,United Kingdom
563750,22750,FELTCRAFT PRINCESS LOLA DOLL,4,2011-08-19 10:18:00,3.75,16122.0,United Kingdom
563750,23126,FELTCRAFT GIRL AMELIE KIT,4,2011-08-19 10:18:00,4.95,16122.0,United Kingdom
563750,23127,FELTCRAFT GIRL NICOLE KIT,4,2011-08-19 10:18:00,4.95,16122.0,United Kingdom
563750,16237,SLEEPING CAT ERASERS,30,2011-08-19 10:18:00,0.21,16122.0,United Kingdom
563750,84536B,FAIRY CAKES NOTEBOOK A7 SIZE,32,2011-08-19 10:18:00,0.42,16122.0,United Kingdom
563750,21791,VINTAGE HEADS AND TAILS CARD GAME ,12,2011-08-19 10:18:00,1.25,16122.0,United Kingdom
C563751,21232,STRAWBERRY CERAMIC TRINKET BOX,-4,2011-08-19 10:37:00,1.25,12528.0,Germany
C563752,22891,TEA FOR ONE POLKADOT,-1,2011-08-19 10:38:00,4.25,12362.0,Belgium
C563752,22659,LUNCH BOX I LOVE LONDON,-6,2011-08-19 10:38:00,1.95,12362.0,Belgium
C563752,22630,DOLLY GIRL LUNCH BOX,-1,2011-08-19 10:38:00,1.95,12362.0,Belgium
563753,20719,WOODLAND CHARLOTTE BAG,10,2011-08-19 10:51:00,0.85,12513.0,France
563753,22355,CHARLOTTE BAG SUKI DESIGN,10,2011-08-19 10:51:00,0.85,12513.0,France
563753,22356,CHARLOTTE BAG PINK POLKADOT,10,2011-08-19 10:51:00,0.85,12513.0,France
563753,21930,JUMBO STORAGE BAG SKULLS,10,2011-08-19 10:51:00,2.08,12513.0,France
563753,20712,JUMBO BAG WOODLAND ANIMALS,10,2011-08-19 10:51:00,2.08,12513.0,France
563753,21121,SET/10 RED POLKADOT PARTY CANDLES,24,2011-08-19 10:51:00,1.25,12513.0,France
563753,21122,SET/10 PINK POLKADOT PARTY CANDLES,24,2011-08-19 10:51:00,1.25,12513.0,France
563753,21126,SET OF 6 GIRLS CELEBRATION CANDLES,12,2011-08-19 10:51:00,1.25,12513.0,France
563753,21495,SKULLS AND CROSSBONES WRAP,25,2011-08-19 10:51:00,0.42,12513.0,France
563753,16161U,WRAP SUKI AND FRIENDS,25,2011-08-19 10:51:00,0.42,12513.0,France
563753,21497,FANCY FONTS BIRTHDAY WRAP,25,2011-08-19 10:51:00,0.42,12513.0,France
563753,21500,PINK POLKADOT WRAP ,25,2011-08-19 10:51:00,0.42,12513.0,France
563753,21987,PACK OF 6 SKULL PAPER CUPS,12,2011-08-19 10:51:00,0.65,12513.0,France
563753,21988,PACK OF 6 SKULL PAPER PLATES,12,2011-08-19 10:51:00,0.85,12513.0,France
563753,22554,PLASTERS IN TIN WOODLAND ANIMALS,12,2011-08-19 10:51:00,1.65,12513.0,France
563753,22557,PLASTERS IN TIN VINTAGE PAISLEY ,12,2011-08-19 10:51:00,1.65,12513.0,France
563753,22553,PLASTERS IN TIN SKULLS,12,2011-08-19 10:51:00,1.65,12513.0,France
563753,21882,SKULLS TAPE,12,2011-08-19 10:51:00,0.65,12513.0,France
563753,22437,SET OF 9 BLACK SKULL BALLOONS,20,2011-08-19 10:51:00,0.85,12513.0,France
563753,22435,SET OF 9 HEART SHAPED BALLOONS,12,2011-08-19 10:51:00,1.25,12513.0,France
563753,20727,LUNCH BAG  BLACK SKULL.,10,2011-08-19 10:51:00,1.65,12513.0,France
563753,20726,LUNCH BAG WOODLAND,20,2011-08-19 10:51:00,1.65,12513.0,France
563753,22384,LUNCH BAG PINK POLKADOT,10,2011-08-19 10:51:00,1.65,12513.0,France
563753,22383,LUNCH BAG SUKI DESIGN ,10,2011-08-19 10:51:00,1.65,12513.0,France
563753,21558,SKULL LUNCH BOX WITH CUTLERY ,6,2011-08-19 10:51:00,2.55,12513.0,France
563753,21559,STRAWBERRY LUNCH BOX WITH CUTLERY,6,2011-08-19 10:51:00,2.55,12513.0,France
563753,21469,POLKA DOT RAFFIA FOOD COVER,6,2011-08-19 10:51:00,3.75,12513.0,France
563753,22236,CAKE STAND 3 TIER MAGIC GARDEN,3,2011-08-19 10:51:00,12.75,12513.0,France
563753,21989,PACK OF 20 SKULL PAPER NAPKINS,12,2011-08-19 10:51:00,0.85,12513.0,France
563753,21080,SET/20 RED RETROSPOT PAPER NAPKINS ,12,2011-08-19 10:51:00,0.85,12513.0,France
563753,22961,JAM MAKING SET PRINTED,12,2011-08-19 10:51:00,1.45,12513.0,France
563753,22960,JAM MAKING SET WITH JARS,6,2011-08-19 10:51:00,4.25,12513.0,France
563753,21213,PACK OF 72 SKULL CAKE CASES,24,2011-08-19 10:51:00,0.55,12513.0,France
563753,23295,SET OF 12 MINI LOAF BAKING CASES,8,2011-08-19 10:51:00,0.83,12513.0,France
563753,POST,POSTAGE,3,2011-08-19 10:51:00,18.0,12513.0,France
563754,21621,VINTAGE UNION JACK BUNTING,8,2011-08-19 10:56:00,8.5,15396.0,United Kingdom
563754,22207,FRYING PAN UNION FLAG,12,2011-08-19 10:56:00,4.25,15396.0,United Kingdom
563754,20682,RED RETROSPOT CHILDRENS UMBRELLA,6,2011-08-19 10:56:00,3.25,15396.0,United Kingdom
563754,23099,FRENCH CARRIAGE LANTERN,2,2011-08-19 10:56:00,6.65,15396.0,United Kingdom
563754,22028,PENNY FARTHING BIRTHDAY CARD,12,2011-08-19 10:56:00,0.42,15396.0,United Kingdom
563754,22037,ROBOT BIRTHDAY CARD,12,2011-08-19 10:56:00,0.42,15396.0,United Kingdom
563754,22906,12 MESSAGE CARDS WITH ENVELOPES,12,2011-08-19 10:56:00,1.65,15396.0,United Kingdom
563754,22749,FELTCRAFT PRINCESS CHARLOTTE DOLL,4,2011-08-19 10:56:00,3.75,15396.0,United Kingdom
563754,22565,FELTCRAFT HAIRBANDS PINK AND WHITE ,12,2011-08-19 10:56:00,0.85,15396.0,United Kingdom
563754,21463,MIRRORED DISCO BALL ,2,2011-08-19 10:56:00,5.95,15396.0,United Kingdom
563754,21464,DISCO BALL ROTATOR BATTERY OPERATED,2,2011-08-19 10:56:00,4.25,15396.0,United Kingdom
563754,20972,PINK CREAM FELT CRAFT TRINKET BOX ,12,2011-08-19 10:56:00,1.25,15396.0,United Kingdom
563754,23076,ICE CREAM SUNDAE LIP GLOSS,24,2011-08-19 10:56:00,1.25,15396.0,United Kingdom
563754,21922,UNION STRIPE WITH FRINGE  HAMMOCK,2,2011-08-19 10:56:00,7.95,15396.0,United Kingdom
563755,21391,FRENCH LAVENDER SCENT HEART,12,2011-08-19 10:58:00,0.75,17612.0,United Kingdom
563755,22396,MAGNETS PACK OF 4 RETRO PHOTO,12,2011-08-19 10:58:00,0.39,17612.0,United Kingdom
563755,22229,BUNNY WOODEN PAINTED WITH FLOWER ,12,2011-08-19 10:58:00,0.39,17612.0,United Kingdom
563755,22231,JIGSAW TREE WITH BIRDHOUSE,12,2011-08-19 10:58:00,0.59,17612.0,United Kingdom
563755,22398,MAGNETS PACK OF 4 SWALLOWS,12,2011-08-19 10:58:00,0.39,17612.0,United Kingdom
563755,22402,MAGNETS PACK OF 4 VINTAGE COLLAGE,12,2011-08-19 10:58:00,0.39,17612.0,United Kingdom
563755,22609,PENS ASSORTED SPACEBALL,36,2011-08-19 10:58:00,0.19,17612.0,United Kingdom
563755,47504K,ENGLISH ROSE GARDEN SECATEURS,12,2011-08-19 10:58:00,0.79,17612.0,United Kingdom
563755,16161U,WRAP SUKI AND FRIENDS,25,2011-08-19 10:58:00,0.42,17612.0,United Kingdom
563755,21137,BLACK RECORD COVER FRAME,4,2011-08-19 10:58:00,3.75,17612.0,United Kingdom
563755,47590A,BLUE HAPPY BIRTHDAY BUNTING,3,2011-08-19 10:58:00,5.45,17612.0,United Kingdom
563755,47590B,PINK HAPPY BIRTHDAY BUNTING,3,2011-08-19 10:58:00,5.45,17612.0,United Kingdom
563755,23298,SPOTTY BUNTING,3,2011-08-19 10:58:00,4.95,17612.0,United Kingdom
563755,20685,DOORMAT RED RETROSPOT,2,2011-08-19 10:58:00,7.95,17612.0,United Kingdom
563755,48187,DOORMAT NEW ENGLAND,2,2011-08-19 10:58:00,7.95,17612.0,United Kingdom
563755,48188,DOORMAT WELCOME PUPPIES,2,2011-08-19 10:58:00,7.95,17612.0,United Kingdom
563755,22037,ROBOT BIRTHDAY CARD,12,2011-08-19 10:58:00,0.42,17612.0,United Kingdom
563755,22029,SPACEBOY BIRTHDAY CARD,12,2011-08-19 10:58:00,0.42,17612.0,United Kingdom
563755,85049C,ROMANTIC PINKS RIBBONS ,12,2011-08-19 10:58:00,1.25,17612.0,United Kingdom
563755,22082,RIBBON REEL STRIPES DESIGN ,10,2011-08-19 10:58:00,1.65,17612.0,United Kingdom
563755,22080,RIBBON REEL POLKADOTS ,10,2011-08-19 10:58:00,1.65,17612.0,United Kingdom
563755,85049G,CHOCOLATE BOX RIBBONS ,12,2011-08-19 10:58:00,1.25,17612.0,United Kingdom
563755,21982,PACK OF 12 SUKI TISSUES ,24,2011-08-19 10:58:00,0.29,17612.0,United Kingdom
563755,23300,GARDENERS KNEELING PAD CUP OF TEA ,12,2011-08-19 10:58:00,1.65,17612.0,United Kingdom
563755,23301,GARDENERS KNEELING PAD KEEP CALM ,12,2011-08-19 10:58:00,1.65,17612.0,United Kingdom
563755,21155,RED RETROSPOT PEG BAG,6,2011-08-19 10:58:00,2.55,17612.0,United Kingdom
563756,22547,MINI JIGSAW DINOSAUR ,24,2011-08-19 11:08:00,0.42,12418.0,Switzerland
563756,22635,CHILDS BREAKFAST SET DOLLY GIRL ,8,2011-08-19 11:08:00,8.5,12418.0,Switzerland
563756,22634,CHILDS BREAKFAST SET SPACEBOY ,8,2011-08-19 11:08:00,8.5,12418.0,Switzerland
563756,22669,RED BABY BUNTING ,5,2011-08-19 11:08:00,2.95,12418.0,Switzerland
563756,23298,SPOTTY BUNTING,9,2011-08-19 11:08:00,4.95,12418.0,Switzerland
563756,47566,PARTY BUNTING,12,2011-08-19 11:08:00,4.95,12418.0,Switzerland
563756,47590A,BLUE HAPPY BIRTHDAY BUNTING,6,2011-08-19 11:08:00,5.45,12418.0,Switzerland
563756,21524,DOORMAT SPOTTY HOME SWEET HOME,2,2011-08-19 11:08:00,7.95,12418.0,Switzerland
563756,48138,DOORMAT UNION FLAG,2,2011-08-19 11:08:00,7.95,12418.0,Switzerland
563756,22692,DOORMAT WELCOME TO OUR HOME,2,2011-08-19 11:08:00,7.95,12418.0,Switzerland
563756,22691,DOORMAT WELCOME SUNRISE,2,2011-08-19 11:08:00,7.95,12418.0,Switzerland
563756,23184,BULL DOG BOTTLE OPENER,4,2011-08-19 11:08:00,4.95,12418.0,Switzerland
563756,22915,ASSORTED BOTTLE TOP  MAGNETS ,12,2011-08-19 11:08:00,0.42,12418.0,Switzerland
563756,22029,SPACEBOY BIRTHDAY CARD,12,2011-08-19 11:08:00,0.42,12418.0,Switzerland
563756,22045,SPACEBOY GIFT WRAP,25,2011-08-19 11:08:00,0.42,12418.0,Switzerland
563756,23196,VINTAGE LEAF MAGNETIC NOTEPAD,12,2011-08-19 11:08:00,1.45,12418.0,Switzerland
563756,23229,VINTAGE DONKEY TAIL GAME ,6,2011-08-19 11:08:00,3.75,12418.0,Switzerland
563756,22537,MAGIC DRAWING SLATE DINOSAUR,24,2011-08-19 11:08:00,0.42,12418.0,Switzerland
563756,22534,MAGIC DRAWING SLATE SPACEBOY ,24,2011-08-19 11:08:00,0.42,12418.0,Switzerland
563756,22544,MINI JIGSAW SPACEBOY,24,2011-08-19 11:08:00,0.42,12418.0,Switzerland
563756,22539,MINI JIGSAW DOLLY GIRL,24,2011-08-19 11:08:00,0.42,12418.0,Switzerland
563756,22531,MAGIC DRAWING SLATE CIRCUS PARADE  ,24,2011-08-19 11:08:00,0.42,12418.0,Switzerland
563756,22440,BALLOON WATER BOMB PACK OF 35,20,2011-08-19 11:08:00,0.42,12418.0,Switzerland
563756,21878,PACK OF 6 SANDCASTLE FLAGS ASSORTED,12,2011-08-19 11:08:00,0.85,12418.0,Switzerland
563756,22607,WOODEN ROUNDERS GARDEN SET ,2,2011-08-19 11:08:00,9.95,12418.0,Switzerland
563756,22549,PICTURE DOMINOES,12,2011-08-19 11:08:00,1.45,12418.0,Switzerland
563756,21791,VINTAGE HEADS AND TAILS CARD GAME ,12,2011-08-19 11:08:00,1.25,12418.0,Switzerland
563756,21888,BINGO SET,4,2011-08-19 11:08:00,3.75,12418.0,Switzerland
563756,84077,WORLD WAR 2 GLIDERS ASSTD DESIGNS,48,2011-08-19 11:08:00,0.29,12418.0,Switzerland
563756,22138,BAKING SET 9 PIECE RETROSPOT ,3,2011-08-19 11:08:00,4.95,12418.0,Switzerland
563756,22636,CHILDS BREAKFAST SET CIRCUS PARADE,2,2011-08-19 11:08:00,8.5,12418.0,Switzerland
563756,22971,QUEENS GUARD COFFEE MUG,6,2011-08-19 11:08:00,2.55,12418.0,Switzerland
563756,22988,SOLDIERS EGG CUP ,12,2011-08-19 11:08:00,1.25,12418.0,Switzerland
563756,22617,BAKING SET SPACEBOY DESIGN,3,2011-08-19 11:08:00,4.95,12418.0,Switzerland
563764,22329,ROUND CONTAINER SET OF 5 RETROSPOT,2,2011-08-19 11:15:00,1.65,14606.0,United Kingdom
563764,22381,TOY TIDY PINK POLKADOT,1,2011-08-19 11:15:00,2.1,14606.0,United Kingdom
563764,23000,TRAVEL CARD WALLET TRANSPORT,1,2011-08-19 11:15:00,0.42,14606.0,United Kingdom
563764,21466,RED FLOWER CROCHET FOOD COVER,3,2011-08-19 11:15:00,3.75,14606.0,United Kingdom
563764,21563,RED HEART SHAPE LOVE BUCKET ,2,2011-08-19 11:15:00,2.95,14606.0,United Kingdom
563764,21832,CHOCOLATE CALCULATOR,1,2011-08-19 11:15:00,1.65,14606.0,United Kingdom
563764,22156,HEART DECORATION WITH PEARLS ,1,2011-08-19 11:15:00,0.85,14606.0,United Kingdom
563764,21705,BAG 500g SWIRLY MARBLES,1,2011-08-19 11:15:00,1.65,14606.0,United Kingdom
563764,21238,RED RETROSPOT CUP,1,2011-08-19 11:15:00,0.85,14606.0,United Kingdom
563764,22208,WOOD STAMP SET THANK YOU,1,2011-08-19 11:15:00,0.83,14606.0,United Kingdom
563764,22407,MONEY BOX FIRST AID DESIGN,1,2011-08-19 11:15:00,1.25,14606.0,United Kingdom
563764,22410,MONEY BOX HOUSEKEEPING DESIGN,1,2011-08-19 11:15:00,1.25,14606.0,United Kingdom
563764,21463,MIRRORED DISCO BALL ,1,2011-08-19 11:15:00,5.95,14606.0,United Kingdom
563764,21539,RED RETROSPOT BUTTER DISH,1,2011-08-19 11:15:00,4.95,14606.0,United Kingdom
563764,21889,WOODEN BOX OF DOMINOES,1,2011-08-19 11:15:00,1.25,14606.0,United Kingdom
563764,21481,FAWN BLUE HOT WATER BOTTLE,1,2011-08-19 11:15:00,2.95,14606.0,United Kingdom
563764,21531,RED RETROSPOT SUGAR JAM BOWL,2,2011-08-19 11:15:00,2.55,14606.0,United Kingdom
563764,85169A,IVORY LOVE BIRD CANDLE,5,2011-08-19 11:15:00,1.25,14606.0,United Kingdom
563764,22132,RED LOVE HEART SHAPE CUP,2,2011-08-19 11:15:00,0.85,14606.0,United Kingdom
563764,22196,SMALL HEART MEASURING SPOONS,1,2011-08-19 11:15:00,0.85,14606.0,United Kingdom
563764,21864,UNION JACK FLAG PASSPORT COVER ,1,2011-08-19 11:15:00,2.1,14606.0,United Kingdom
563764,21464,DISCO BALL ROTATOR BATTERY OPERATED,1,2011-08-19 11:15:00,4.25,14606.0,United Kingdom
563764,22349,DOG BOWL CHASING BALL DESIGN,1,2011-08-19 11:15:00,3.75,14606.0,United Kingdom
563764,84507B,STRIPES DESIGN MONKEY DOLL,1,2011-08-19 11:15:00,2.55,14606.0,United Kingdom
563764,85066,CREAM SWEETHEART MINI CHEST,1,2011-08-19 11:15:00,12.75,14606.0,United Kingdom
563764,21528,DAIRY MAID TRADITIONAL TEAPOT ,1,2011-08-19 11:15:00,6.95,14606.0,United Kingdom
563764,20914,SET/5 RED RETROSPOT LID GLASS BOWLS,3,2011-08-19 11:15:00,2.95,14606.0,United Kingdom
563764,84050,PINK HEART SHAPE EGG FRYING PAN,1,2011-08-19 11:15:00,1.65,14606.0,United Kingdom
563764,21539,RED RETROSPOT BUTTER DISH,2,2011-08-19 11:15:00,4.95,14606.0,United Kingdom
563771,20970,PINK FLORAL FELTCRAFT SHOULDER BAG,1,2011-08-19 11:17:00,3.75,17841.0,United Kingdom
563771,21174,POTTERING IN THE SHED METAL SIGN,1,2011-08-19 11:17:00,2.08,17841.0,United Kingdom
563771,21925,UNION STRIPE CUSHION COVER ,4,2011-08-19 11:17:00,1.25,17841.0,United Kingdom
563771,21122,SET/10 PINK POLKADOT PARTY CANDLES,5,2011-08-19 11:17:00,1.25,17841.0,United Kingdom
563771,21260,FIRST AID TIN,1,2011-08-19 11:17:00,3.25,17841.0,United Kingdom
563771,22063,CERAMIC BOWL WITH STRAWBERRY DESIGN,1,2011-08-19 11:17:00,2.95,17841.0,United Kingdom
563771,23153,ZINC SWEETHEART WIRE LETTER RACK,1,2011-08-19 11:17:00,3.75,17841.0,United Kingdom
563771,23091,ZINC HERB GARDEN CONTAINER,1,2011-08-19 11:17:00,6.25,17841.0,United Kingdom
563771,21716,BOYS VINTAGE TIN SEASIDE BUCKET,1,2011-08-19 11:17:00,2.55,17841.0,United Kingdom
563771,22771,CLEAR DRAWER KNOB ACRYLIC EDWARDIAN,2,2011-08-19 11:17:00,1.25,17841.0,United Kingdom
563771,22134,MINI LADLE LOVE HEART RED ,1,2011-08-19 11:17:00,0.42,17841.0,United Kingdom
563771,22727,ALARM CLOCK BAKELIKE RED ,5,2011-08-19 11:17:00,3.75,17841.0,United Kingdom
563771,23201,JUMBO BAG ALPHABET,2,2011-08-19 11:17:00,2.08,17841.0,United Kingdom
563771,22355,CHARLOTTE BAG SUKI DESIGN,2,2011-08-19 11:17:00,0.85,17841.0,United Kingdom
563771,85114C,RED ENCHANTED FOREST PLACEMAT,9,2011-08-19 11:17:00,1.65,17841.0,United Kingdom
563771,23240,SET OF 4 KNICK KNACK TINS DOILY ,1,2011-08-19 11:17:00,4.15,17841.0,United Kingdom
563771,22348,TEA BAG PLATE RED RETROSPOT,1,2011-08-19 11:17:00,0.85,17841.0,United Kingdom
563771,22445,PENCIL CASE LIFE IS BEAUTIFUL,1,2011-08-19 11:17:00,2.95,17841.0,United Kingdom
563771,20754,RETROSPOT RED WASHING UP GLOVES,2,2011-08-19 11:17:00,2.1,17841.0,United Kingdom
563771,22659,LUNCH BOX I LOVE LONDON,2,2011-08-19 11:17:00,1.95,17841.0,United Kingdom
563771,23232,WRAP VINTAGE LEAF DESIGN,25,2011-08-19 11:17:00,0.42,17841.0,United Kingdom
563771,48185,DOORMAT FAIRY CAKE,1,2011-08-19 11:17:00,7.95,17841.0,United Kingdom
563771,48111,DOORMAT 3 SMILEY CATS,1,2011-08-19 11:17:00,7.95,17841.0,United Kingdom
563771,21524,DOORMAT SPOTTY HOME SWEET HOME,1,2011-08-19 11:17:00,7.95,17841.0,United Kingdom
563771,48184,DOORMAT ENGLISH ROSE ,1,2011-08-19 11:17:00,7.95,17841.0,United Kingdom
563771,21137,BLACK RECORD COVER FRAME,1,2011-08-19 11:17:00,3.75,17841.0,United Kingdom
563771,22674,FRENCH TOILET SIGN BLUE METAL,7,2011-08-19 11:17:00,1.25,17841.0,United Kingdom
C563773,22730,ALARM CLOCK BAKELIKE IVORY,-8,2011-08-19 11:18:00,3.75,13048.0,United Kingdom
563776,POST,POSTAGE,2,2011-08-19 11:23:00,18.0,12600.0,Germany
563776,20679,EDWARDIAN PARASOL RED,15,2011-08-19 11:23:00,5.95,12600.0,Germany
563776,22211,WOOD STAMP SET FLOWERS,12,2011-08-19 11:23:00,0.83,12600.0,Germany
563776,21642,ASSORTED TUTTI FRUTTI PEN,24,2011-08-19 11:23:00,0.29,12600.0,Germany
563776,21731,RED TOADSTOOL LED NIGHT LIGHT,12,2011-08-19 11:23:00,1.65,12600.0,Germany
563776,20719,WOODLAND CHARLOTTE BAG,10,2011-08-19 11:23:00,0.85,12600.0,Germany
563776,20726,LUNCH BAG WOODLAND,10,2011-08-19 11:23:00,1.65,12600.0,Germany
563776,22374,AIRLINE BAG VINTAGE JET SET RED,4,2011-08-19 11:23:00,4.25,12600.0,Germany
563776,85014B,RED RETROSPOT UMBRELLA,12,2011-08-19 11:23:00,5.95,12600.0,Germany
563808,20725,LUNCH BAG RED RETROSPOT,10,2011-08-19 11:46:00,1.65,12626.0,Germany
563808,21156,RETROSPOT CHILDRENS APRON,8,2011-08-19 11:46:00,1.95,12626.0,Germany
563808,22321,BIRD DECORATION RED RETROSPOT,12,2011-08-19 11:46:00,0.85,12626.0,Germany
563808,22507,MEMO BOARD RETROSPOT  DESIGN,8,2011-08-19 11:46:00,4.95,12626.0,Germany
563808,85099B,JUMBO BAG RED RETROSPOT,20,2011-08-19 11:46:00,2.08,12626.0,Germany
563808,20712,JUMBO BAG WOODLAND ANIMALS,10,2011-08-19 11:46:00,2.08,12626.0,Germany
563808,21928,JUMBO BAG SCANDINAVIAN BLUE PAISLEY,10,2011-08-19 11:46:00,2.08,12626.0,Germany
563808,23202,JUMBO BAG VINTAGE LEAF,10,2011-08-19 11:46:00,2.08,12626.0,Germany
563808,23203,JUMBO BAG VINTAGE DOILY ,10,2011-08-19 11:46:00,2.08,12626.0,Germany
563808,23343,JUMBO BAG VINTAGE CHRISTMAS ,10,2011-08-19 11:46:00,2.08,12626.0,Germany
563808,20713,JUMBO BAG OWLS,20,2011-08-19 11:46:00,2.08,12626.0,Germany
563808,23344,JUMBO BAG 50'S CHRISTMAS ,10,2011-08-19 11:46:00,2.08,12626.0,Germany
563808,22431,WATERING CAN BLUE ELEPHANT,6,2011-08-19 11:46:00,1.95,12626.0,Germany
563808,22432,WATERING CAN PINK BUNNY,6,2011-08-19 11:46:00,1.95,12626.0,Germany
563808,23176,ABC TREASURE BOOK BOX ,8,2011-08-19 11:46:00,2.25,12626.0,Germany
563808,22175,PINK OWL SOFT TOY,6,2011-08-19 11:46:00,2.95,12626.0,Germany
563808,22176,BLUE OWL SOFT TOY,6,2011-08-19 11:46:00,2.95,12626.0,Germany
563808,22483,RED GINGHAM TEDDY BEAR ,6,2011-08-19 11:46:00,2.95,12626.0,Germany
563808,21055,TOOL BOX SOFT TOY ,2,2011-08-19 11:46:00,8.95,12626.0,Germany
563808,22716,CARD CIRCUS PARADE,12,2011-08-19 11:46:00,0.42,12626.0,Germany
563808,23353,6 GIFT TAGS VINTAGE CHRISTMAS ,12,2011-08-19 11:46:00,0.83,12626.0,Germany
563808,23354,6 GIFT TAGS 50'S CHRISTMAS ,12,2011-08-19 11:46:00,0.83,12626.0,Germany
563808,POST,POSTAGE,2,2011-08-19 11:46:00,18.0,12626.0,Germany
563812,21391,FRENCH LAVENDER SCENT HEART,48,2011-08-19 11:47:00,0.75,16249.0,United Kingdom
563812,23322,LARGE WHITE HEART OF WICKER,6,2011-08-19 11:47:00,2.95,16249.0,United Kingdom
563812,23333,IVORY WICKER HEART MEDIUM,12,2011-08-19 11:47:00,1.25,16249.0,United Kingdom
563812,23332,IVORY WICKER HEART LARGE,12,2011-08-19 11:47:00,1.65,16249.0,United Kingdom
563818,21928,JUMBO BAG SCANDINAVIAN BLUE PAISLEY,40,2011-08-19 11:55:00,2.08,13327.0,United Kingdom
563818,23199,JUMBO BAG APPLES,40,2011-08-19 11:55:00,2.08,13327.0,United Kingdom
563818,23203,JUMBO BAG VINTAGE DOILY ,40,2011-08-19 11:55:00,2.08,13327.0,United Kingdom
563818,85099B,JUMBO BAG RED RETROSPOT,40,2011-08-19 11:55:00,2.08,13327.0,United Kingdom
563818,23206,LUNCH BAG APPLE DESIGN,10,2011-08-19 11:55:00,1.65,13327.0,United Kingdom
563818,23209,LUNCH BAG VINTAGE DOILY ,10,2011-08-19 11:55:00,1.65,13327.0,United Kingdom
563818,20728,LUNCH BAG CARS BLUE,10,2011-08-19 11:55:00,1.65,13327.0,United Kingdom
563819,23168,CLASSIC CAFE SUGAR DISPENSER,72,2011-08-19 11:56:00,1.04,14062.0,United Kingdom
563819,48138,DOORMAT UNION FLAG,20,2011-08-19 11:56:00,6.75,14062.0,United Kingdom
563819,82582,AREA PATROLLED METAL SIGN,72,2011-08-19 11:56:00,1.85,14062.0,United Kingdom
563819,82600,NO SINGING METAL SIGN,48,2011-08-19 11:56:00,1.85,14062.0,United Kingdom
563819,21908,CHOCOLATE THIS WAY METAL SIGN,48,2011-08-19 11:56:00,1.85,14062.0,United Kingdom
563819,15056BL,EDWARDIAN PARASOL BLACK,60,2011-08-19 11:56:00,4.95,14062.0,United Kingdom
563819,15056N,EDWARDIAN PARASOL NATURAL,60,2011-08-19 11:56:00,4.95,14062.0,United Kingdom
563819,20679,EDWARDIAN PARASOL RED,120,2011-08-19 11:56:00,4.95,14062.0,United Kingdom
563820,M,Manual,1,2011-08-19 11:57:00,10.0,,United Kingdom
563821,21650,ASSORTED TUTTI FRUTTI BRACELET,192,2011-08-19 12:06:00,0.19,14533.0,United Kingdom
563821,22331,WOODLAND PARTY BAG + STICKER SET,8,2011-08-19 12:06:00,1.65,14533.0,United Kingdom
563821,21731,RED TOADSTOOL LED NIGHT LIGHT,12,2011-08-19 12:06:00,1.65,14533.0,United Kingdom
563821,23328,SET 6 SCHOOL MILK BOTTLES IN CRATE,12,2011-08-19 12:06:00,3.75,14533.0,United Kingdom
563821,22326,ROUND SNACK BOXES SET OF4 WOODLAND ,6,2011-08-19 12:06:00,2.95,14533.0,United Kingdom
563821,23209,LUNCH BAG VINTAGE DOILY ,10,2011-08-19 12:06:00,1.65,14533.0,United Kingdom
563821,22483,RED GINGHAM TEDDY BEAR ,6,2011-08-19 12:06:00,2.95,14533.0,United Kingdom
563821,21891,TRADITIONAL WOODEN SKIPPING ROPE,36,2011-08-19 12:06:00,1.45,14533.0,United Kingdom
563821,22951,60 CAKE CASES DOLLY GIRL DESIGN,24,2011-08-19 12:06:00,0.55,14533.0,United Kingdom
563821,22972,CHILDREN'S SPACEBOY MUG,12,2011-08-19 12:06:00,1.65,14533.0,United Kingdom
563821,22974,CHILDRENS DOLLY GIRL MUG,12,2011-08-19 12:06:00,1.65,14533.0,United Kingdom
563821,20984,12 PENCILS TALL TUBE POSY,24,2011-08-19 12:06:00,0.29,14533.0,United Kingdom
563821,23294,SET OF 6 SNACK LOAF BAKING CASES,8,2011-08-19 12:06:00,0.83,14533.0,United Kingdom
563821,23207,LUNCH BAG ALPHABET DESIGN,10,2011-08-19 12:06:00,1.65,14533.0,United Kingdom
563822,71477,COLOUR GLASS. STAR T-LIGHT HOLDER,8,2011-08-19 12:13:00,3.25,16184.0,United Kingdom
563822,22923,FRIDGE MAGNETS LES ENFANTS ASSORTED,12,2011-08-19 12:13:00,0.85,16184.0,United Kingdom
563822,22948,METAL DECORATION NAUGHTY CHILDREN ,24,2011-08-19 12:13:00,0.85,16184.0,United Kingdom
563822,21908,CHOCOLATE THIS WAY METAL SIGN,12,2011-08-19 12:13:00,2.1,16184.0,United Kingdom
563822,21174,POTTERING IN THE SHED METAL SIGN,12,2011-08-19 12:13:00,2.08,16184.0,United Kingdom
563822,82600,NO SINGING METAL SIGN,12,2011-08-19 12:13:00,2.1,16184.0,United Kingdom
563822,22413,METAL SIGN TAKE IT OR LEAVE IT ,12,2011-08-19 12:13:00,2.95,16184.0,United Kingdom
563822,82484,WOOD BLACK BOARD ANT WHITE FINISH,4,2011-08-19 12:13:00,7.95,16184.0,United Kingdom
563822,21136,PAINTED METAL PEARS ASSORTED,16,2011-08-19 12:13:00,1.69,16184.0,United Kingdom
563822,84879,ASSORTED COLOUR BIRD ORNAMENT,32,2011-08-19 12:13:00,1.69,16184.0,United Kingdom
563822,21755,LOVE BUILDING BLOCK WORD,3,2011-08-19 12:13:00,5.95,16184.0,United Kingdom
563822,21754,HOME BUILDING BLOCK WORD,3,2011-08-19 12:13:00,5.95,16184.0,United Kingdom
563830,21391,FRENCH LAVENDER SCENT HEART,24,2011-08-19 12:20:00,0.75,16638.0,United Kingdom
563830,22608,PENS ASSORTED FUNKY JEWELED ,36,2011-08-19 12:20:00,0.19,16638.0,United Kingdom
563830,22609,PENS ASSORTED SPACEBALL,36,2011-08-19 12:20:00,0.19,16638.0,United Kingdom
563830,47348A,FUSCHIA VOILE POINTY SHOE DEC,12,2011-08-19 12:20:00,0.39,16638.0,United Kingdom
563830,23312,VINTAGE CHRISTMAS GIFT SACK,4,2011-08-19 12:20:00,4.15,16638.0,United Kingdom
563830,23313,VINTAGE CHRISTMAS BUNTING,5,2011-08-19 12:20:00,4.95,16638.0,United Kingdom
563830,23314,VINTAGE CHRISTMAS TABLECLOTH,2,2011-08-19 12:20:00,12.5,16638.0,United Kingdom
563830,23311,VINTAGE CHRISTMAS STOCKING ,6,2011-08-19 12:20:00,2.55,16638.0,United Kingdom
563830,23318,BOX OF 6 MINI VINTAGE CRACKERS,6,2011-08-19 12:20:00,2.49,16638.0,United Kingdom
563830,23353,6 GIFT TAGS VINTAGE CHRISTMAS ,12,2011-08-19 12:20:00,0.83,16638.0,United Kingdom
563831,23014,GLASS APOTHECARY BOTTLE ELIXIR,8,2011-08-19 12:23:00,3.95,18081.0,United Kingdom
563831,23012,GLASS APOTHECARY BOTTLE PERFUME,8,2011-08-19 12:23:00,3.95,18081.0,United Kingdom
563831,23013,GLASS APOTHECARY BOTTLE TONIC,8,2011-08-19 12:23:00,3.95,18081.0,United Kingdom
563832,47566,PARTY BUNTING,2,2011-08-19 12:33:00,4.95,16419.0,United Kingdom
563832,84879,ASSORTED COLOUR BIRD ORNAMENT,8,2011-08-19 12:33:00,1.69,16419.0,United Kingdom
563832,84879,ASSORTED COLOUR BIRD ORNAMENT,8,2011-08-19 12:33:00,1.69,16419.0,United Kingdom
563832,21034,REX CASH+CARRY JUMBO SHOPPER,1,2011-08-19 12:33:00,0.95,16419.0,United Kingdom
563832,23024,LARGE BONNE JAM JAR  T-LIGHT HOLDER,4,2011-08-19 12:33:00,2.89,16419.0,United Kingdom
563832,84947,ANTIQUE SILVER TEA GLASS ENGRAVED,48,2011-08-19 12:33:00,1.25,16419.0,United Kingdom
563833,23298,SPOTTY BUNTING,9,2011-08-19 12:49:00,4.95,14755.0,United Kingdom
563833,47566,PARTY BUNTING,12,2011-08-19 12:49:00,4.95,14755.0,United Kingdom
563833,22711,WRAP CIRCUS PARADE,25,2011-08-19 12:49:00,0.42,14755.0,United Kingdom
563833,21497,FANCY FONTS BIRTHDAY WRAP,25,2011-08-19 12:49:00,0.42,14755.0,United Kingdom
563833,22560,TRADITIONAL MODELLING CLAY,24,2011-08-19 12:49:00,1.25,14755.0,United Kingdom
563833,22139,RETROSPOT TEA SET CERAMIC 11 PC ,3,2011-08-19 12:49:00,4.95,14755.0,United Kingdom
563833,47591D,PINK FAIRY CAKE CHILDRENS APRON,8,2011-08-19 12:49:00,1.95,14755.0,United Kingdom
563833,22899,CHILDREN'S APRON DOLLY GIRL ,6,2011-08-19 12:49:00,2.1,14755.0,United Kingdom
563833,22367,CHILDRENS APRON SPACEBOY DESIGN,8,2011-08-19 12:49:00,1.95,14755.0,United Kingdom
563833,22189,CREAM HEART CARD HOLDER,4,2011-08-19 12:49:00,3.95,14755.0,United Kingdom
563833,21900,"KEY FOB , SHED",24,2011-08-19 12:49:00,0.65,14755.0,United Kingdom
563833,82582,AREA PATROLLED METAL SIGN,12,2011-08-19 12:49:00,2.1,14755.0,United Kingdom
563833,22467,GUMBALL COAT RACK,6,2011-08-19 12:49:00,2.55,14755.0,United Kingdom
563833,22771,CLEAR DRAWER KNOB ACRYLIC EDWARDIAN,12,2011-08-19 12:49:00,1.25,14755.0,United Kingdom
563833,21671,RED SPOT CERAMIC DRAWER KNOB,12,2011-08-19 12:49:00,1.25,14755.0,United Kingdom
563834,22286,DECORATION WOBBLY RABBIT METAL ,48,2011-08-19 12:50:00,0.39,14401.0,United Kingdom
563834,22268,DECORATION SITTING BUNNY,96,2011-08-19 12:50:00,0.19,14401.0,United Kingdom
563834,85071A,BLUE CHARLIE+LOLA PERSONAL DOORSIGN,24,2011-08-19 12:50:00,0.39,14401.0,United Kingdom
563834,85071B,RED CHARLIE+LOLA PERSONAL DOORSIGN,24,2011-08-19 12:50:00,0.39,14401.0,United Kingdom
563834,85183A,CHARLIE & LOLA WASTEPAPER BIN BLUE,12,2011-08-19 12:50:00,1.25,14401.0,United Kingdom
563834,85183B,CHARLIE & LOLA WASTEPAPER BIN FLORA,12,2011-08-19 12:50:00,1.25,14401.0,United Kingdom
563834,21158,MOODY GIRL DOOR HANGER ,48,2011-08-19 12:50:00,0.39,14401.0,United Kingdom
563834,21159,MOODY BOY  DOOR HANGER ,48,2011-08-19 12:50:00,0.39,14401.0,United Kingdom
563834,21163,DO NOT TOUCH MY STUFF DOOR HANGER ,48,2011-08-19 12:50:00,0.39,14401.0,United Kingdom
563834,21179,NO JUNK MAIL METAL SIGN,24,2011-08-19 12:50:00,0.39,14401.0,United Kingdom
563834,84879,ASSORTED COLOUR BIRD ORNAMENT,16,2011-08-19 12:50:00,1.69,14401.0,United Kingdom
563834,22291,HANGING CHICK CREAM DECORATION,24,2011-08-19 12:50:00,1.45,14401.0,United Kingdom
563834,22292,HANGING CHICK  YELLOW DECORATION,24,2011-08-19 12:50:00,1.45,14401.0,United Kingdom
563834,21382,SET/4 SPRING FLOWER DECORATION,12,2011-08-19 12:50:00,0.75,14401.0,United Kingdom
563834,23333,IVORY WICKER HEART MEDIUM,12,2011-08-19 12:50:00,1.25,14401.0,United Kingdom
563834,23321,SMALL WHITE HEART OF WICKER,12,2011-08-19 12:50:00,1.65,14401.0,United Kingdom
563834,22293,HANGING CHICK GREEN DECORATION,24,2011-08-19 12:50:00,1.45,14401.0,United Kingdom
563835,23203,JUMBO BAG DOILEY PATTERNS,10,2011-08-19 12:53:00,2.08,13242.0,United Kingdom
563835,23199,JUMBO BAG APPLES,10,2011-08-19 12:53:00,2.08,13242.0,United Kingdom
563835,20713,JUMBO BAG OWLS,10,2011-08-19 12:53:00,2.08,13242.0,United Kingdom
563835,23201,JUMBO BAG ALPHABET,10,2011-08-19 12:53:00,2.08,13242.0,United Kingdom
563835,21929,JUMBO BAG PINK VINTAGE PAISLEY,10,2011-08-19 12:53:00,2.08,13242.0,United Kingdom
563835,23344,JUMBO BAG 50'S CHRISTMAS ,10,2011-08-19 12:53:00,2.08,13242.0,United Kingdom
563835,85099F,JUMBO BAG STRAWBERRY,10,2011-08-19 12:53:00,2.08,13242.0,United Kingdom
563835,23343,JUMBO BAG VINTAGE CHRISTMAS ,10,2011-08-19 12:53:00,2.08,13242.0,United Kingdom
563836,22778,GLASS CLOCHE SMALL,4,2011-08-19 12:56:00,3.95,15938.0,United Kingdom
563836,84946,ANTIQUE SILVER T-LIGHT GLASS,12,2011-08-19 12:56:00,1.25,15938.0,United Kingdom
563836,22791,T-LIGHT GLASS FLUTED ANTIQUE,12,2011-08-19 12:56:00,1.25,15938.0,United Kingdom
563836,23090,VINTAGE GLASS T-LIGHT HOLDER,12,2011-08-19 12:56:00,0.83,15938.0,United Kingdom
563836,21135,VICTORIAN  METAL POSTCARD SPRING,8,2011-08-19 12:56:00,1.69,15938.0,United Kingdom
563837,23207,LUNCH BAG ALPHABET DESIGN,10,2011-08-19 13:03:00,1.65,15078.0,United Kingdom
563837,23203,JUMBO BAG VINTAGE DOILY ,10,2011-08-19 13:03:00,2.08,15078.0,United Kingdom
563837,23201,JUMBO BAG ALPHABET,10,2011-08-19 13:03:00,2.08,15078.0,United Kingdom
563837,22383,LUNCH BAG SUKI DESIGN ,10,2011-08-19 13:03:00,1.65,15078.0,United Kingdom
563837,22652,TRAVEL SEWING KIT,10,2011-08-19 13:03:00,1.65,15078.0,United Kingdom
563837,22384,LUNCH BAG PINK POLKADOT,10,2011-08-19 13:03:00,1.65,15078.0,United Kingdom
563837,22386,JUMBO BAG PINK POLKADOT,10,2011-08-19 13:03:00,2.08,15078.0,United Kingdom
563837,21931,JUMBO STORAGE BAG SUKI,10,2011-08-19 13:03:00,2.08,15078.0,United Kingdom
563837,21928,JUMBO BAG SCANDINAVIAN BLUE PAISLEY,10,2011-08-19 13:03:00,2.08,15078.0,United Kingdom
563837,82600,NO SINGING METAL SIGN,6,2011-08-19 13:03:00,2.1,15078.0,United Kingdom
563837,20713,JUMBO BAG OWLS,10,2011-08-19 13:03:00,2.08,15078.0,United Kingdom
563837,85014A,BLACK/BLUE POLKADOT UMBRELLA,4,2011-08-19 13:03:00,5.95,15078.0,United Kingdom
563837,20711,JUMBO BAG TOYS ,10,2011-08-19 13:03:00,2.08,15078.0,United Kingdom
563837,20725,LUNCH BAG RED RETROSPOT,10,2011-08-19 13:03:00,1.65,15078.0,United Kingdom
563837,85099B,JUMBO BAG RED RETROSPOT,20,2011-08-19 13:03:00,2.08,15078.0,United Kingdom
C563838,37495,FAIRY CAKE BIRTHDAY CANDLE SET,-4,2011-08-19 13:13:00,3.75,18241.0,United Kingdom
563839,21415,CLAM SHELL SMALL ,6,2011-08-19 13:24:00,2.1,16828.0,United Kingdom
563839,21420,OYSTER TRINKET BOX,4,2011-08-19 13:24:00,3.25,16828.0,United Kingdom
563839,21417,COCKLE SHELL DISH,6,2011-08-19 13:24:00,2.1,16828.0,United Kingdom
563839,21418,STARFISH SOAP DISH,6,2011-08-19 13:24:00,2.55,16828.0,United Kingdom
563839,22672,FRENCH BATHROOM SIGN BLUE METAL,12,2011-08-19 13:24:00,1.65,16828.0,United Kingdom
563839,21907,I'M ON HOLIDAY METAL SIGN,12,2011-08-19 13:24:00,2.1,16828.0,United Kingdom
563839,22674,FRENCH TOILET SIGN BLUE METAL,12,2011-08-19 13:24:00,1.25,16828.0,United Kingdom
563840,22989,SET 2 PANTRY DESIGN TEA TOWELS,1,2011-08-19 13:33:00,3.25,14712.0,United Kingdom
563840,22906,12 MESSAGE CARDS WITH ENVELOPES,2,2011-08-19 13:33:00,1.65,14712.0,United Kingdom
563840,22423,REGENCY CAKESTAND 3 TIER,2,2011-08-19 13:33:00,12.75,14712.0,United Kingdom
563840,22801,ANTIQUE GLASS PEDESTAL BOWL,1,2011-08-19 13:33:00,3.75,14712.0,United Kingdom
563840,84993A,75 GREEN PETIT FOUR CASES,24,2011-08-19 13:33:00,0.42,14712.0,United Kingdom
563840,23166,MEDIUM CERAMIC TOP STORAGE JAR,24,2011-08-19 13:33:00,1.25,14712.0,United Kingdom
563840,23167,SMALL CERAMIC TOP STORAGE JAR ,48,2011-08-19 13:33:00,0.83,14712.0,United Kingdom
563841,84580,MOUSE TOY WITH PINK T-SHIRT,4,2011-08-19 13:35:00,3.75,17402.0,United Kingdom
563841,22619,SET OF 6 SOLDIER SKITTLES,12,2011-08-19 13:35:00,3.75,17402.0,United Kingdom
563841,22635,CHILDS BREAKFAST SET DOLLY GIRL ,8,2011-08-19 13:35:00,8.5,17402.0,United Kingdom
563841,22636,CHILDS BREAKFAST SET CIRCUS PARADE,8,2011-08-19 13:35:00,7.65,17402.0,United Kingdom
563841,23009,I LOVE LONDON BABY GIFT SET,6,2011-08-19 13:35:00,14.95,17402.0,United Kingdom
563842,82484,WOOD BLACK BOARD ANT WHITE FINISH,4,2011-08-19 13:54:00,7.95,13871.0,United Kingdom
563842,22366,DOORMAT AIRMAIL ,2,2011-08-19 13:54:00,7.95,13871.0,United Kingdom
563842,71459,HANGING JAM JAR T-LIGHT HOLDER,12,2011-08-19 13:54:00,0.85,13871.0,United Kingdom
563842,22178,VICTORIAN GLASS HANGING T-LIGHT,12,2011-08-19 13:54:00,1.25,13871.0,United Kingdom
563842,22192,BLUE DINER WALL CLOCK,2,2011-08-19 13:54:00,8.5,13871.0,United Kingdom
563842,22193,RED DINER WALL CLOCK,2,2011-08-19 13:54:00,8.5,13871.0,United Kingdom
563842,23342,MINT DINER WALL CLOCK,2,2011-08-19 13:54:00,8.5,13871.0,United Kingdom
563842,22427,ENAMEL FLOWER JUG CREAM,6,2011-08-19 13:54:00,5.95,13871.0,United Kingdom
563842,23245,SET OF 3 REGENCY CAKE TINS,4,2011-08-19 13:54:00,4.95,13871.0,United Kingdom
563842,23285,PINK VINTAGE SPOT BEAKER,8,2011-08-19 13:54:00,0.85,13871.0,United Kingdom
563842,23286,BLUE VINTAGE SPOT BEAKER,8,2011-08-19 13:54:00,0.85,13871.0,United Kingdom
563842,23287,RED VINTAGE SPOT BEAKER,8,2011-08-19 13:54:00,0.85,13871.0,United Kingdom
563842,23288,GREEN VINTAGE SPOT BEAKER,8,2011-08-19 13:54:00,0.85,13871.0,United Kingdom
563842,22720,SET OF 3 CAKE TINS PANTRY DESIGN ,3,2011-08-19 13:54:00,4.95,13871.0,United Kingdom
563842,23243,SET OF TEA COFFEE SUGAR TINS PANTRY,4,2011-08-19 13:54:00,4.95,13871.0,United Kingdom
563842,21155,RED RETROSPOT PEG BAG,6,2011-08-19 13:54:00,2.55,13871.0,United Kingdom
563842,23203,JUMBO BAG VINTAGE DOILY ,10,2011-08-19 13:54:00,2.08,13871.0,United Kingdom
563842,22411,JUMBO SHOPPER VINTAGE RED PAISLEY,10,2011-08-19 13:54:00,2.08,13871.0,United Kingdom
563842,22382,LUNCH BAG SPACEBOY DESIGN ,10,2011-08-19 13:54:00,1.65,13871.0,United Kingdom
563842,22798,ANTIQUE GLASS DRESSING TABLE POT,8,2011-08-19 13:54:00,2.95,13871.0,United Kingdom
563842,21452,TOADSTOOL MONEY BOX,6,2011-08-19 13:54:00,2.95,13871.0,United Kingdom
563842,21430,SET/3 RED GINGHAM ROSE STORAGE BOX,8,2011-08-19 13:54:00,3.75,13871.0,United Kingdom
563842,21428,SET3 BOOK BOX GREEN GINGHAM FLOWER ,4,2011-08-19 13:54:00,4.25,13871.0,United Kingdom
563842,48187,DOORMAT NEW ENGLAND,2,2011-08-19 13:54:00,7.95,13871.0,United Kingdom
563842,23110,PARISIENNE KEY CABINET ,2,2011-08-19 13:54:00,5.75,13871.0,United Kingdom
563843,22844,VINTAGE CREAM DOG FOOD CONTAINER,1,2011-08-19 14:02:00,8.5,17811.0,United Kingdom
563843,20914,SET/5 RED RETROSPOT LID GLASS BOWLS,2,2011-08-19 14:02:00,2.95,17811.0,United Kingdom
563843,21519,GIN & TONIC DIET GREETING CARD ,12,2011-08-19 14:02:00,0.42,17811.0,United Kingdom
563843,22628,PICNIC BOXES SET OF 3 RETROSPOT ,4,2011-08-19 14:02:00,4.95,17811.0,United Kingdom
563843,22498,WOODEN REGATTA BUNTING,1,2011-08-19 14:02:00,5.95,17811.0,United Kingdom
563843,22334,DINOSAUR PARTY BAG + STICKER SET,2,2011-08-19 14:02:00,1.65,17811.0,United Kingdom
563843,21975,PACK OF 60 DINOSAUR CAKE CASES,2,2011-08-19 14:02:00,0.55,17811.0,United Kingdom
563843,22720,SET OF 3 CAKE TINS PANTRY DESIGN ,1,2011-08-19 14:02:00,4.95,17811.0,United Kingdom
563843,22966,GINGERBREAD MAN COOKIE CUTTER,3,2011-08-19 14:02:00,1.25,17811.0,United Kingdom
563843,21878,PACK OF 6 SANDCASTLE FLAGS ASSORTED,3,2011-08-19 14:02:00,0.85,17811.0,United Kingdom
563843,22852,DOG BOWL VINTAGE CREAM,2,2011-08-19 14:02:00,4.25,17811.0,United Kingdom
563843,21731,RED TOADSTOOL LED NIGHT LIGHT,24,2011-08-19 14:02:00,1.65,17811.0,United Kingdom
563844,22469,HEART OF WICKER SMALL,12,2011-08-19 14:04:00,1.65,17725.0,United Kingdom
563844,22156,HEART DECORATION WITH PEARLS ,12,2011-08-19 14:04:00,0.85,17725.0,United Kingdom
563844,21668,RED STRIPE CERAMIC DRAWER KNOB,12,2011-08-19 14:04:00,1.25,17725.0,United Kingdom
563844,23322,LARGE WHITE HEART OF WICKER,12,2011-08-19 14:04:00,2.95,17725.0,United Kingdom
563844,23321,SMALL WHITE HEART OF WICKER,12,2011-08-19 14:04:00,1.65,17725.0,United Kingdom
563844,23152,IVORY SWEETHEART WIRE LETTER RACK ,4,2011-08-19 14:04:00,3.75,17725.0,United Kingdom
563844,23146,TRIPLE HOOK ANTIQUE IVORY ROSE,4,2011-08-19 14:04:00,3.29,17725.0,United Kingdom
563844,23147,SINGLE ANTIQUE ROSE HOOK IVORY,12,2011-08-19 14:04:00,1.45,17725.0,United Kingdom
563844,23182,TOILET SIGN OCCUPIED OR VACANT,24,2011-08-19 14:04:00,0.83,17725.0,United Kingdom
563844,84970S,HANGING HEART ZINC T-LIGHT HOLDER,12,2011-08-19 14:04:00,0.85,17725.0,United Kingdom
563844,23068,ALUMINIUM STAMPED HEART,8,2011-08-19 14:04:00,2.49,17725.0,United Kingdom
563844,23067,HANGING ENGRAVED METAL HEART,2,2011-08-19 14:04:00,4.15,17725.0,United Kingdom
563844,23075,PARLOUR CERAMIC WALL HOOK,4,2011-08-19 14:04:00,4.15,17725.0,United Kingdom
563844,22772,PINK DRAWER KNOB ACRYLIC EDWARDIAN,12,2011-08-19 14:04:00,1.25,17725.0,United Kingdom
563844,84600,NEW BAROQUE JEWELLERY BOX ,2,2011-08-19 14:04:00,7.95,17725.0,United Kingdom
563844,84945,MULTI COLOUR SILVER T-LIGHT HOLDER,12,2011-08-19 14:04:00,0.85,17725.0,United Kingdom
563844,84347,ROTATING SILVER ANGELS T-LIGHT HLDR,6,2011-08-19 14:04:00,2.55,17725.0,United Kingdom
563844,20838,FRENCH LATTICE CUSHION COVER ,12,2011-08-19 14:04:00,0.85,17725.0,United Kingdom
563844,22161,HEART DECORATION RUSTIC HANGING ,24,2011-08-19 14:04:00,0.19,17725.0,United Kingdom
563844,84818,DANISH ROSE PHOTO FRAME,24,2011-08-19 14:04:00,0.79,17725.0,United Kingdom
563845,22197,POPCORN HOLDER,50,2011-08-19 14:39:00,0.85,12991.0,United Kingdom
563845,22709,WRAP WEDDING DAY,25,2011-08-19 14:39:00,0.42,12991.0,United Kingdom
563845,22959,WRAP CHRISTMAS VILLAGE,25,2011-08-19 14:39:00,0.42,12991.0,United Kingdom
563845,22046,TEA PARTY  WRAPPING PAPER ,25,2011-08-19 14:39:00,0.42,12991.0,United Kingdom
563845,22818,CARD CHRISTMAS VILLAGE,12,2011-08-19 14:39:00,0.42,12991.0,United Kingdom
563845,22027,TEA PARTY BIRTHDAY CARD,12,2011-08-19 14:39:00,0.42,12991.0,United Kingdom
563845,22715,CARD WEDDING DAY,12,2011-08-19 14:39:00,0.42,12991.0,United Kingdom
563845,23311,VINTAGE CHRISTMAS STOCKING ,6,2011-08-19 14:39:00,2.55,12991.0,United Kingdom
563845,22950,36 DOILIES VINTAGE CHRISTMAS,12,2011-08-19 14:39:00,1.45,12991.0,United Kingdom
563845,22952,60 CAKE CASES VINTAGE CHRISTMAS,24,2011-08-19 14:39:00,0.55,12991.0,United Kingdom
563845,23318,BOX OF 6 MINI VINTAGE CRACKERS,6,2011-08-19 14:39:00,2.49,12991.0,United Kingdom
563845,22909,SET OF 20 VINTAGE CHRISTMAS NAPKINS,12,2011-08-19 14:39:00,0.85,12991.0,United Kingdom
563845,22910,PAPER CHAIN KIT VINTAGE CHRISTMAS,6,2011-08-19 14:39:00,2.95,12991.0,United Kingdom
563845,21791,VINTAGE HEADS AND TAILS CARD GAME ,12,2011-08-19 14:39:00,1.25,12991.0,United Kingdom
563845,21790,VINTAGE SNAP CARDS,12,2011-08-19 14:39:00,0.85,12991.0,United Kingdom
563845,21912,VINTAGE SNAKES & LADDERS,4,2011-08-19 14:39:00,3.75,12991.0,United Kingdom
563845,21888,BINGO SET,4,2011-08-19 14:39:00,3.75,12991.0,United Kingdom
563845,21212,PACK OF 72 RETROSPOT CAKE CASES,24,2011-08-19 14:39:00,0.55,12991.0,United Kingdom
563845,22417,PACK OF 60 SPACEBOY CAKE CASES,24,2011-08-19 14:39:00,0.55,12991.0,United Kingdom
563845,22951,60 CAKE CASES DOLLY GIRL DESIGN,24,2011-08-19 14:39:00,0.55,12991.0,United Kingdom
563845,23308,SET OF 60 VINTAGE LEAF CAKE CASES ,24,2011-08-19 14:39:00,0.55,12991.0,United Kingdom
563845,22086,PAPER CHAIN KIT 50'S CHRISTMAS ,6,2011-08-19 14:39:00,2.95,12991.0,United Kingdom
563846,22467,GUMBALL COAT RACK,24,2011-08-19 14:43:00,2.55,16672.0,United Kingdom
563846,22726,ALARM CLOCK BAKELIKE GREEN,36,2011-08-19 14:43:00,3.75,16672.0,United Kingdom
563846,22727,ALARM CLOCK BAKELIKE RED ,36,2011-08-19 14:43:00,3.75,16672.0,United Kingdom
563846,22729,ALARM CLOCK BAKELIKE ORANGE,18,2011-08-19 14:43:00,3.75,16672.0,United Kingdom
563847,23293,SET OF 12 FAIRY CAKE BAKING CASES,24,2011-08-19 14:49:00,0.83,16139.0,United Kingdom
563847,23296,SET OF 6 TEA TIME BAKING CASES,8,2011-08-19 14:49:00,1.25,16139.0,United Kingdom
563847,22720,SET OF 3 CAKE TINS PANTRY DESIGN ,3,2011-08-19 14:49:00,4.95,16139.0,United Kingdom
563847,22558,CLOTHES PEGS RETROSPOT PACK 24 ,12,2011-08-19 14:49:00,1.65,16139.0,United Kingdom
563847,23328,SET 6 SCHOOL MILK BOTTLES IN CRATE,4,2011-08-19 14:49:00,3.75,16139.0,United Kingdom
563847,23126,FELTCRAFT GIRL AMELIE KIT,4,2011-08-19 14:49:00,4.95,16139.0,United Kingdom
563847,23127,FELTCRAFT GIRL NICOLE KIT,4,2011-08-19 14:49:00,4.95,16139.0,United Kingdom
563847,23298,SPOTTY BUNTING,6,2011-08-19 14:49:00,4.95,16139.0,United Kingdom
563847,22271,FELTCRAFT DOLL ROSIE,6,2011-08-19 14:49:00,2.95,16139.0,United Kingdom
563848,23226,FILIGREE HEART DAISY WHITE,24,2011-08-19 14:57:00,1.25,14911.0,EIRE
563848,23227,FILIGREE HEART BUTTERFLY WHITE ,24,2011-08-19 14:57:00,1.25,14911.0,EIRE
563848,22294,HEART FILIGREE DOVE  SMALL,24,2011-08-19 14:57:00,1.25,14911.0,EIRE
563848,22297,HEART IVORY TRELLIS SMALL,24,2011-08-19 14:57:00,1.25,14911.0,EIRE
563848,22464,HANGING METAL HEART LANTERN,12,2011-08-19 14:57:00,1.65,14911.0,EIRE
563848,22178,VICTORIAN GLASS HANGING T-LIGHT,12,2011-08-19 14:57:00,1.25,14911.0,EIRE
563848,84949,SILVER HANGING T-LIGHT HOLDER,6,2011-08-19 14:57:00,1.65,14911.0,EIRE
563848,22671,FRENCH LAUNDRY SIGN BLUE METAL,12,2011-08-19 14:57:00,1.65,14911.0,EIRE
563848,23155,KNICKERBOCKERGLORY MAGNET ASSORTED ,12,2011-08-19 14:57:00,0.83,14911.0,EIRE
563848,23148,MINIATURE ANTIQUE ROSE HOOK IVORY,12,2011-08-19 14:57:00,0.83,14911.0,EIRE
563848,23050,RECYCLED ACAPULCO MAT GREEN,2,2011-08-19 14:57:00,8.25,14911.0,EIRE
563848,21672,WHITE SPOT RED CERAMIC DRAWER KNOB,24,2011-08-19 14:57:00,1.25,14911.0,EIRE
563848,23035,DRAWER KNOB CERAMIC IVORY,24,2011-08-19 14:57:00,1.45,14911.0,EIRE
563848,22624,IVORY KITCHEN SCALES,4,2011-08-19 14:57:00,8.5,14911.0,EIRE
563848,84991,60 TEATIME FAIRY CAKE CASES,24,2011-08-19 14:57:00,0.55,14911.0,EIRE
563848,23297,SET 40 HEART SHAPE PETIT FOUR CASES,16,2011-08-19 14:57:00,1.65,14911.0,EIRE
563848,22978,PANTRY ROLLING PIN,6,2011-08-19 14:57:00,3.75,14911.0,EIRE
563848,23298,SPOTTY BUNTING,3,2011-08-19 14:57:00,4.95,14911.0,EIRE
563848,21485,RETROSPOT HEART HOT WATER BOTTLE,3,2011-08-19 14:57:00,4.95,14911.0,EIRE
563848,16161P,WRAP ENGLISH ROSE ,25,2011-08-19 14:57:00,0.42,14911.0,EIRE
563848,22753,SMALL YELLOW BABUSHKA NOTEBOOK ,12,2011-08-19 14:57:00,0.85,14911.0,EIRE
563848,22757,LARGE RED BABUSHKA NOTEBOOK ,12,2011-08-19 14:57:00,1.25,14911.0,EIRE
563848,22759,SET OF 3 NOTEBOOKS IN PARCEL,12,2011-08-19 14:57:00,1.65,14911.0,EIRE
563848,22149,FELTCRAFT 6 FLOWER FRIENDS,12,2011-08-19 14:57:00,2.1,14911.0,EIRE
563848,23126,FELTCRAFT GIRL AMELIE KIT,4,2011-08-19 14:57:00,4.95,14911.0,EIRE
563848,23127,FELTCRAFT GIRL NICOLE KIT,4,2011-08-19 14:57:00,4.95,14911.0,EIRE
563848,23128,FELTCRAFT BOY JEAN-PAUL KIT,4,2011-08-19 14:57:00,4.95,14911.0,EIRE
563848,22621,TRADITIONAL KNITTING NANCY,12,2011-08-19 14:57:00,1.65,14911.0,EIRE
563848,23076,ICE CREAM SUNDAE LIP GLOSS,24,2011-08-19 14:57:00,1.25,14911.0,EIRE
563848,23310,BUBBLEGUM RING ASSORTED,36,2011-08-19 14:57:00,0.42,14911.0,EIRE
563848,22197,POPCORN HOLDER,48,2011-08-19 14:57:00,0.85,14911.0,EIRE
563848,22750,FELTCRAFT PRINCESS LOLA DOLL,4,2011-08-19 14:57:00,3.75,14911.0,EIRE
563848,22751,FELTCRAFT PRINCESS OLIVIA DOLL,4,2011-08-19 14:57:00,3.75,14911.0,EIRE
563848,22561,WOODEN SCHOOL COLOURING SET,12,2011-08-19 14:57:00,1.65,14911.0,EIRE
563848,21429,RED GINGHAM ROSE JEWELLERY BOX,8,2011-08-19 14:57:00,1.95,14911.0,EIRE
563848,21430,SET/3 RED GINGHAM ROSE STORAGE BOX,4,2011-08-19 14:57:00,3.75,14911.0,EIRE
563848,22139,RETROSPOT TEA SET CERAMIC 11 PC ,3,2011-08-19 14:57:00,4.95,14911.0,EIRE
563848,23243,SET OF TEA COFFEE SUGAR TINS PANTRY,4,2011-08-19 14:57:00,4.95,14911.0,EIRE
563848,84969,BOX OF 6 ASSORTED COLOUR TEASPOONS,6,2011-08-19 14:57:00,4.25,14911.0,EIRE
563848,22169,FAMILY ALBUM WHITE PICTURE FRAME,2,2011-08-19 14:57:00,8.5,14911.0,EIRE
563848,22170,PICTURE FRAME WOOD TRIPLE PORTRAIT,4,2011-08-19 14:57:00,6.75,14911.0,EIRE
563848,23210,WHITE ROCKING HORSE HAND PAINTED,24,2011-08-19 14:57:00,1.25,14911.0,EIRE
563848,23211,RED ROCKING HORSE HAND PAINTED,24,2011-08-19 14:57:00,1.25,14911.0,EIRE
563848,23264,SET OF 3 WOODEN SLEIGH DECORATIONS,12,2011-08-19 14:57:00,1.25,14911.0,EIRE
563848,23266,SET OF 3 WOODEN STOCKING DECORATION,12,2011-08-19 14:57:00,1.25,14911.0,EIRE
563848,23269,SET OF 2 CERAMIC CHRISTMAS TREES,12,2011-08-19 14:57:00,1.45,14911.0,EIRE
563848,23285,PINK VINTAGE SPOT BEAKER,8,2011-08-19 14:57:00,0.85,14911.0,EIRE
563848,23286,BLUE VINTAGE SPOT BEAKER,16,2011-08-19 14:57:00,0.85,14911.0,EIRE
563848,23332,IVORY WICKER HEART LARGE,12,2011-08-19 14:57:00,1.65,14911.0,EIRE
563849,22644,CERAMIC CHERRY CAKE MONEY BANK,12,2011-08-19 15:04:00,1.45,14772.0,United Kingdom
563849,22784,LANTERN CREAM GAZEBO ,3,2011-08-19 15:04:00,4.95,14772.0,United Kingdom
563849,84755,COLOUR GLASS T-LIGHT HOLDER HANGING,16,2011-08-19 15:04:00,0.65,14772.0,United Kingdom
563849,84946,ANTIQUE SILVER T-LIGHT GLASS,12,2011-08-19 15:04:00,1.25,14772.0,United Kingdom
563849,23158,SET OF 5 LUCKY CAT MAGNETS ,12,2011-08-19 15:04:00,2.08,14772.0,United Kingdom
563849,22423,REGENCY CAKESTAND 3 TIER,1,2011-08-19 15:04:00,12.75,14772.0,United Kingdom
563849,22969,HOMEMADE JAM SCENTED CANDLES,12,2011-08-19 15:04:00,1.45,14772.0,United Kingdom
563849,21232,STRAWBERRY CERAMIC TRINKET BOX,12,2011-08-19 15:04:00,1.25,14772.0,United Kingdom
563849,23047,PAPER LANTERN 5 POINT SEQUIN STAR,2,2011-08-19 15:04:00,5.75,14772.0,United Kingdom
563850,22134,MINI LADLE LOVE HEART RED ,1,2011-08-19 15:06:00,0.42,15311.0,United Kingdom
563850,23154,SET OF 4 JAM JAR MAGNETS,2,2011-08-19 15:06:00,2.08,15311.0,United Kingdom
563850,22101,MIRROR MOSAIC VOTIVE HOLDER,36,2011-08-19 15:06:00,1.85,15311.0,United Kingdom
563850,48173C,DOORMAT BLACK FLOCK ,10,2011-08-19 15:06:00,6.75,15311.0,United Kingdom
563851,23328,SET 6 SCHOOL MILK BOTTLES IN CRATE,4,2011-08-19 15:06:00,3.75,14765.0,United Kingdom
563852,85066,CREAM SWEETHEART MINI CHEST,2,2011-08-19 15:18:00,12.75,12395.0,Belgium
563852,84816,DANISH ROSE BEDSIDE CABINET,1,2011-08-19 15:18:00,39.95,12395.0,Belgium
563852,22457,NATURAL SLATE HEART CHALKBOARD ,6,2011-08-19 15:18:00,2.95,12395.0,Belgium
563852,22326,ROUND SNACK BOXES SET OF4 WOODLAND ,6,2011-08-19 15:18:00,2.95,12395.0,Belgium
563852,22352,LUNCH BOX WITH CUTLERY RETROSPOT ,6,2011-08-19 15:18:00,2.55,12395.0,Belgium
563852,22329,ROUND CONTAINER SET OF 5 RETROSPOT,12,2011-08-19 15:18:00,1.65,12395.0,Belgium
563852,POST,POSTAGE,2,2011-08-19 15:18:00,15.0,12395.0,Belgium
563853,POST,POSTAGE,8,2011-08-19 15:22:00,18.0,12560.0,Germany
563854,POST,POSTAGE,3,2011-08-19 15:24:00,15.0,12364.0,Belgium
563854,22090,PAPER BUNTING RETROSPOT,6,2011-08-19 15:24:00,2.95,12364.0,Belgium
563854,23298,SPOTTY BUNTING,3,2011-08-19 15:24:00,4.95,12364.0,Belgium
563854,47566,PARTY BUNTING,4,2011-08-19 15:24:00,4.95,12364.0,Belgium
563854,22668,PINK BABY BUNTING,5,2011-08-19 15:24:00,2.95,12364.0,Belgium
563854,23310,BUBBLEGUM RING ASSORTED,36,2011-08-19 15:24:00,0.42,12364.0,Belgium
563854,22992,REVOLVER WOODEN RULER ,12,2011-08-19 15:24:00,1.95,12364.0,Belgium
563854,84991,60 TEATIME FAIRY CAKE CASES,24,2011-08-19 15:24:00,0.55,12364.0,Belgium
563854,23308,SET OF 60 VINTAGE LEAF CAKE CASES ,24,2011-08-19 15:24:00,0.55,12364.0,Belgium
563854,23307,SET OF 60 PANTRY DESIGN CAKE CASES ,24,2011-08-19 15:24:00,0.55,12364.0,Belgium
563854,22951,60 CAKE CASES DOLLY GIRL DESIGN,24,2011-08-19 15:24:00,0.55,12364.0,Belgium
563854,21977,PACK OF 60 PINK PAISLEY CAKE CASES,24,2011-08-19 15:24:00,0.55,12364.0,Belgium
563854,21976,PACK OF 60 MUSHROOM CAKE CASES,24,2011-08-19 15:24:00,0.55,12364.0,Belgium
563854,20977,36 PENCILS TUBE WOODLAND,16,2011-08-19 15:24:00,1.25,12364.0,Belgium
563854,21123,SET/10 IVORY POLKADOT PARTY CANDLES,24,2011-08-19 15:24:00,1.25,12364.0,Belgium
563854,21122,SET/10 PINK POLKADOT PARTY CANDLES,24,2011-08-19 15:24:00,1.25,12364.0,Belgium
563854,21124,SET/10 BLUE POLKADOT PARTY CANDLES,24,2011-08-19 15:24:00,1.25,12364.0,Belgium
563854,21121,SET/10 RED POLKADOT PARTY CANDLES,24,2011-08-19 15:24:00,1.25,12364.0,Belgium
563854,22437,SET OF 9 BLACK SKULL BALLOONS,20,2011-08-19 15:24:00,0.85,12364.0,Belgium
563854,22332,SKULLS PARTY BAG + STICKER SET,16,2011-08-19 15:24:00,1.65,12364.0,Belgium
563854,21327,SKULLS WRITING SET ,12,2011-08-19 15:24:00,1.65,12364.0,Belgium
563854,21207,SKULL AND CROSSBONES  GARLAND ,12,2011-08-19 15:24:00,1.65,12364.0,Belgium
563854,21213,PACK OF 72 SKULL CAKE CASES,24,2011-08-19 15:24:00,0.55,12364.0,Belgium
563854,20978,36 PENCILS TUBE SKULLS,16,2011-08-19 15:24:00,1.25,12364.0,Belgium
563854,21987,PACK OF 6 SKULL PAPER CUPS,12,2011-08-19 15:24:00,0.65,12364.0,Belgium
563854,21989,PACK OF 20 SKULL PAPER NAPKINS,12,2011-08-19 15:24:00,0.85,12364.0,Belgium
563854,21988,PACK OF 6 SKULL PAPER PLATES,12,2011-08-19 15:24:00,0.85,12364.0,Belgium
563854,22333,RETROSPOT PARTY BAG + STICKER SET,16,2011-08-19 15:24:00,1.65,12364.0,Belgium
563854,21843,RED RETROSPOT CAKE STAND,2,2011-08-19 15:24:00,10.95,12364.0,Belgium
563854,21212,PACK OF 72 RETROSPOT CAKE CASES,24,2011-08-19 15:24:00,0.55,12364.0,Belgium
563854,21080,SET/20 RED RETROSPOT PAPER NAPKINS ,12,2011-08-19 15:24:00,0.85,12364.0,Belgium
563854,21094,SET/6 RED SPOTTY PAPER PLATES,12,2011-08-19 15:24:00,0.85,12364.0,Belgium
563854,20979,36 PENCILS TUBE RED RETROSPOT,16,2011-08-19 15:24:00,1.25,12364.0,Belgium
563854,21086,SET/6 RED SPOTTY PAPER CUPS,12,2011-08-19 15:24:00,0.65,12364.0,Belgium
563855,22813,PACK 3 BOXES BIRD PANNETONE ,12,2011-08-19 15:29:00,1.95,14709.0,United Kingdom
563855,20728,LUNCH BAG CARS BLUE,10,2011-08-19 15:29:00,1.65,14709.0,United Kingdom
563855,23206,LUNCH BAG APPLE DESIGN,10,2011-08-19 15:29:00,1.65,14709.0,United Kingdom
563855,23209,LUNCH BAG VINTAGE DOILY ,10,2011-08-19 15:29:00,1.65,14709.0,United Kingdom
563855,20724,RED RETROSPOT CHARLOTTE BAG,10,2011-08-19 15:29:00,0.85,14709.0,United Kingdom
563855,20727,LUNCH BAG  BLACK SKULL.,10,2011-08-19 15:29:00,1.65,14709.0,United Kingdom
563855,23207,LUNCH BAG ALPHABET DESIGN,10,2011-08-19 15:29:00,1.65,14709.0,United Kingdom
563855,23208,LUNCH BAG VINTAGE LEAF DESIGN,10,2011-08-19 15:29:00,1.65,14709.0,United Kingdom
563855,23203,JUMBO BAG VINTAGE DOILY ,20,2011-08-19 15:29:00,2.08,14709.0,United Kingdom
563855,23200,JUMBO BAG PEARS,20,2011-08-19 15:29:00,2.08,14709.0,United Kingdom
563855,21930,JUMBO STORAGE BAG SKULLS,10,2011-08-19 15:29:00,2.08,14709.0,United Kingdom
563855,22411,JUMBO SHOPPER VINTAGE RED PAISLEY,10,2011-08-19 15:29:00,2.08,14709.0,United Kingdom
563855,23202,JUMBO BAG VINTAGE LEAF,20,2011-08-19 15:29:00,2.08,14709.0,United Kingdom
563855,85099B,JUMBO BAG RED RETROSPOT,20,2011-08-19 15:29:00,2.08,14709.0,United Kingdom
563855,22663,JUMBO BAG DOLLY GIRL DESIGN,20,2011-08-19 15:29:00,2.08,14709.0,United Kingdom
563855,21928,JUMBO BAG SCANDINAVIAN BLUE PAISLEY,10,2011-08-19 15:29:00,2.08,14709.0,United Kingdom
563855,21929,JUMBO BAG PINK VINTAGE PAISLEY,10,2011-08-19 15:29:00,2.08,14709.0,United Kingdom
563855,85099C,JUMBO  BAG BAROQUE BLACK WHITE,20,2011-08-19 15:29:00,2.08,14709.0,United Kingdom
563855,23199,JUMBO BAG APPLES,20,2011-08-19 15:29:00,2.08,14709.0,United Kingdom
563855,21931,JUMBO STORAGE BAG SUKI,10,2011-08-19 15:29:00,2.08,14709.0,United Kingdom
563855,22386,JUMBO BAG PINK POLKADOT,10,2011-08-19 15:29:00,2.08,14709.0,United Kingdom
C563856,21789,KIDS RAIN MAC PINK,-19,2011-08-19 15:39:00,0.85,13090.0,United Kingdom
C563856,21788,KIDS RAIN MAC BLUE,-20,2011-08-19 15:39:00,0.85,13090.0,United Kingdom
563857,21927,BLUE/CREAM STRIPE CUSHION COVER ,12,2011-08-19 15:44:00,1.25,12968.0,United Kingdom
563857,46000S,POLYESTER FILLER PAD 40x40cm,24,2011-08-19 15:44:00,1.45,12968.0,United Kingdom
563857,22110,BIRD HOUSE HOT WATER BOTTLE,24,2011-08-19 15:44:00,2.55,12968.0,United Kingdom
563857,22487,WHITE WOOD GARDEN PLANT LADDER,1,2011-08-19 15:44:00,9.95,12968.0,United Kingdom
563857,21925,UNION STRIPE CUSHION COVER ,12,2011-08-19 15:44:00,1.25,12968.0,United Kingdom
563858,71053,WHITE METAL LANTERN,4,2011-08-19 16:04:00,3.75,18170.0,United Kingdom
563858,22804,CANDLEHOLDER PINK HANGING HEART,6,2011-08-19 16:04:00,2.95,18170.0,United Kingdom
563858,21733,RED HANGING HEART T-LIGHT HOLDER,6,2011-08-19 16:04:00,2.95,18170.0,United Kingdom
563858,85123A,WHITE HANGING HEART T-LIGHT HOLDER,6,2011-08-19 16:04:00,2.95,18170.0,United Kingdom
563858,82483,WOOD 2 DRAWER CABINET WHITE FINISH,4,2011-08-19 16:04:00,6.95,18170.0,United Kingdom
563858,82486,WOOD S/3 CABINET ANT WHITE FINISH,4,2011-08-19 16:04:00,8.95,18170.0,United Kingdom
563858,85066,CREAM SWEETHEART MINI CHEST,2,2011-08-19 16:04:00,12.75,18170.0,United Kingdom
563858,22457,NATURAL SLATE HEART CHALKBOARD ,6,2011-08-19 16:04:00,2.95,18170.0,United Kingdom
563858,82484,WOOD BLACK BOARD ANT WHITE FINISH,2,2011-08-19 16:04:00,7.95,18170.0,United Kingdom
563858,82494L,WOODEN FRAME ANTIQUE WHITE ,6,2011-08-19 16:04:00,2.95,18170.0,United Kingdom
563858,21908,CHOCOLATE THIS WAY METAL SIGN,12,2011-08-19 16:04:00,2.1,18170.0,United Kingdom
563858,22914,BLUE COAT RACK PARIS FASHION,3,2011-08-19 16:04:00,4.95,18170.0,United Kingdom
563858,22913,RED COAT RACK PARIS FASHION,3,2011-08-19 16:04:00,4.95,18170.0,United Kingdom
563858,23322,LARGE WHITE HEART OF WICKER,6,2011-08-19 16:04:00,2.95,18170.0,United Kingdom
563858,23329,DECORATIVE WICKER HEART LARGE,12,2011-08-19 16:04:00,1.65,18170.0,United Kingdom
563858,23332,IVORY WICKER HEART LARGE,12,2011-08-19 16:04:00,1.65,18170.0,United Kingdom
563858,21078,SET/20 STRAWBERRY PAPER NAPKINS ,12,2011-08-19 16:04:00,0.85,18170.0,United Kingdom
563858,22851,SET 20 NAPKINS FAIRY CAKES DESIGN ,12,2011-08-19 16:04:00,0.85,18170.0,United Kingdom
563858,22908,PACK OF 20 NAPKINS RED APPLES,12,2011-08-19 16:04:00,0.85,18170.0,United Kingdom
563890,21326,AGED GLASS SILVER T-LIGHT HOLDER,48,2011-08-19 16:34:00,0.65,15862.0,United Kingdom
563890,40001,WHITE BAMBOO RIBS LAMPSHADE,12,2011-08-19 16:34:00,0.85,15862.0,United Kingdom
563890,85107,CUT GLASS T-LIGHT HOLDER OCTAGON,24,2011-08-19 16:34:00,1.69,15862.0,United Kingdom
563890,23322,LARGE WHITE HEART OF WICKER,3,2011-08-19 16:34:00,2.95,15862.0,United Kingdom
563890,23321,SMALL WHITE HEART OF WICKER,4,2011-08-19 16:34:00,1.65,15862.0,United Kingdom
563890,23333,IVORY WICKER HEART MEDIUM,6,2011-08-19 16:34:00,1.25,15862.0,United Kingdom
563890,23334,IVORY WICKER HEART SMALL,6,2011-08-19 16:34:00,0.63,15862.0,United Kingdom
563890,23332,IVORY WICKER HEART LARGE,6,2011-08-19 16:34:00,1.65,15862.0,United Kingdom
563890,22460,EMBOSSED GLASS TEALIGHT HOLDER,9,2011-08-19 16:34:00,1.25,15862.0,United Kingdom
563890,22983,CARD BILLBOARD FONT,12,2011-08-19 16:34:00,0.42,15862.0,United Kingdom
563890,23109,PACK OF SIX LED TEA LIGHTS,1,2011-08-19 16:34:00,2.89,15862.0,United Kingdom
563890,23082,SET 6 PAPER TABLE LANTERN HEARTS ,8,2011-08-19 16:34:00,3.75,15862.0,United Kingdom
563890,21034,REX CASH+CARRY JUMBO SHOPPER,1,2011-08-19 16:34:00,0.95,15862.0,United Kingdom
563891,22423,REGENCY CAKESTAND 3 TIER,4,2011-08-19 17:02:00,12.75,14500.0,United Kingdom
563892,90205A,LARGE MINT DIAMANTE HAIRSLIDE,1,2011-08-19 17:08:00,1.65,16330.0,United Kingdom
563892,90158,ST TROPEZ NECKLACE,1,2011-08-19 17:08:00,4.95,16330.0,United Kingdom
563892,22897,OVEN MITT APPLES DESIGN,2,2011-08-19 17:08:00,1.45,16330.0,United Kingdom
563892,22896,PEG BAG APPLES DESIGN,1,2011-08-19 17:08:00,2.55,16330.0,United Kingdom
563892,22900,SET 2 TEA TOWELS I LOVE LONDON ,1,2011-08-19 17:08:00,3.25,16330.0,United Kingdom
563892,22895,SET OF 2 TEA TOWELS APPLE AND PEARS,1,2011-08-19 17:08:00,3.25,16330.0,United Kingdom
563892,22367,CHILDRENS APRON SPACEBOY DESIGN,1,2011-08-19 17:08:00,1.95,16330.0,United Kingdom
563892,21975,PACK OF 60 DINOSAUR CAKE CASES,1,2011-08-19 17:08:00,0.55,16330.0,United Kingdom
563892,22417,PACK OF 60 SPACEBOY CAKE CASES,1,2011-08-19 17:08:00,0.55,16330.0,United Kingdom
563893,16054,POPART RECT PENCIL SHARPENER ASST,2,2011-08-19 17:10:00,0.12,16330.0,United Kingdom
563893,21042,RED RETROSPOT APRON ,2,2011-08-19 17:10:00,5.95,16330.0,United Kingdom
563893,21156,RETROSPOT CHILDRENS APRON,2,2011-08-19 17:10:00,1.95,16330.0,United Kingdom
563893,47593B,SCOTTIE DOGS BABY BIB,1,2011-08-19 17:10:00,0.39,16330.0,United Kingdom
563893,90064B,BLACK VINTAGE  CRYSTAL EARRINGS,1,2011-08-19 17:10:00,3.75,16330.0,United Kingdom
563893,21244,BLUE POLKADOT PLATE ,2,2011-08-19 17:10:00,1.69,16330.0,United Kingdom
563893,22702,BLACK AND WHITE CAT BOWL,1,2011-08-19 17:10:00,2.1,16330.0,United Kingdom
563893,21240,BLUE POLKADOT CUP,2,2011-08-19 17:10:00,0.85,16330.0,United Kingdom
