InvoiceNo,StockCode,Description,Quantity,InvoiceDate,UnitPrice,CustomerID,Country
543648,22934,BAKING MOULD EASTER EGG WHITE CHOC,6,2011-02-11 08:45:00,2.95,15114.0,United Kingdom
543648,22967,SET 3 SONG BIRD PAPER EGGS ASSORTED,6,2011-02-11 08:45:00,2.95,15114.0,United Kingdom
543648,22148,EASTER CRAFT 4 CHICKS ,12,2011-02-11 08:45:00,1.95,15114.0,United Kingdom
543648,22585,PACK OF 6 BIRDY GIFT TAGS,12,2011-02-11 08:45:00,1.25,15114.0,United Kingdom
543648,22241,GARLAND WOODEN HAPPY EASTER,12,2011-02-11 08:45:00,1.25,15114.0,United Kingdom
543648,22251,BIRDHOUSE DECORATION MAGIC GARDEN,12,2011-02-11 08:45:00,1.25,15114.0,United Kingdom
543648,22261,FELT EGG COSY WHITE RABBIT ,12,2011-02-11 08:45:00,0.85,15114.0,United Kingdom
543648,22262,FELT EGG COSY CHICKEN,12,2011-02-11 08:45:00,0.85,15114.0,United Kingdom
543648,22488,NATURAL SLATE RECTANGLE CHALKBOARD,12,2011-02-11 08:45:00,1.65,15114.0,United Kingdom
543648,21456,2 PICTURE BOOK EGGS EASTER CHICKS,12,2011-02-11 08:45:00,1.25,15114.0,United Kingdom
543648,21457,2 PICTURE BOOK EGGS EASTER DUCKS,12,2011-02-11 08:45:00,1.25,15114.0,United Kingdom
543648,21458,2 PICTURE BOOK EGGS EASTER BUNNY,12,2011-02-11 08:45:00,1.25,15114.0,United Kingdom
543648,22228,BUNNY WOODEN PAINTED WITH BIRD ,12,2011-02-11 08:45:00,0.85,15114.0,United Kingdom
543648,22229,BUNNY WOODEN PAINTED WITH FLOWER ,12,2011-02-11 08:45:00,0.85,15114.0,United Kingdom
543648,35922,EASTER BUNNY WREATH,5,2011-02-11 08:45:00,4.95,15114.0,United Kingdom
543648,85093,CANDY SPOT EGG WARMER HARE,12,2011-02-11 08:45:00,1.25,15114.0,United Kingdom
543648,85187,S/12 MINI RABBIT EASTER,6,2011-02-11 08:45:00,1.65,15114.0,United Kingdom
543649,21523,DOORMAT FANCY FONT HOME SWEET HOME,36,2011-02-11 09:11:00,6.75,17809.0,United Kingdom
543649,22624,IVORY KITCHEN SCALES,48,2011-02-11 09:11:00,7.65,17809.0,United Kingdom
543650,22041,"RECORD FRAME 7"" SINGLE SIZE ",36,2011-02-11 09:17:00,2.55,12980.0,United Kingdom
543650,84078A,SET/4 WHITE RETRO STORAGE CUBES ,20,2011-02-11 09:17:00,34.95,12980.0,United Kingdom
543651,22644,CERAMIC CHERRY CAKE MONEY BANK,12,2011-02-11 10:06:00,1.45,16306.0,United Kingdom
543651,22637,PIGGY BANK RETROSPOT ,4,2011-02-11 10:06:00,2.55,16306.0,United Kingdom
543651,21891,TRADITIONAL WOODEN SKIPPING ROPE,12,2011-02-11 10:06:00,1.25,16306.0,United Kingdom
543651,21790,VINTAGE SNAP CARDS,12,2011-02-11 10:06:00,0.85,16306.0,United Kingdom
543651,22499,WOODEN UNION JACK BUNTING,6,2011-02-11 10:06:00,5.95,16306.0,United Kingdom
543651,20979,36 PENCILS TUBE RED RETROSPOT,16,2011-02-11 10:06:00,1.25,16306.0,United Kingdom
543651,16219,HOUSE SHAPE PENCIL SHARPENER,12,2011-02-11 10:06:00,0.21,16306.0,United Kingdom
543651,20757,RED DAISY POCKET BOOK ,12,2011-02-11 10:06:00,0.85,16306.0,United Kingdom
543651,22741,FUNKY DIVA PEN,48,2011-02-11 10:06:00,0.85,16306.0,United Kingdom
543651,21830,ASSORTED CREEPY CRAWLIES,24,2011-02-11 10:06:00,0.42,16306.0,United Kingdom
543651,21746,SMALL RED RETROSPOT WINDMILL,12,2011-02-11 10:06:00,1.25,16306.0,United Kingdom
543651,22148,EASTER CRAFT 4 CHICKS ,12,2011-02-11 10:06:00,1.95,16306.0,United Kingdom
543651,21915,RED  HARMONICA IN BOX ,12,2011-02-11 10:06:00,1.25,16306.0,United Kingdom
543651,22559,SEASIDE FLYING DISC,12,2011-02-11 10:06:00,1.25,16306.0,United Kingdom
543651,21705,BAG 500g SWIRLY MARBLES,12,2011-02-11 10:06:00,1.65,16306.0,United Kingdom
543651,21892,TRADITIONAL WOODEN CATCH CUP GAME ,12,2011-02-11 10:06:00,1.25,16306.0,United Kingdom
543651,22560,TRADITIONAL MODELLING CLAY,24,2011-02-11 10:06:00,1.25,16306.0,United Kingdom
543651,22147,FELTCRAFT BUTTERFLY HEARTS,12,2011-02-11 10:06:00,1.45,16306.0,United Kingdom
543651,22149,FELTCRAFT 6 FLOWER FRIENDS,6,2011-02-11 10:06:00,2.1,16306.0,United Kingdom
543652,20674,GREEN POLKADOT BOWL,8,2011-02-11 10:15:00,1.25,15544.0,United Kingdom
543652,20675,BLUE POLKADOT BOWL,8,2011-02-11 10:15:00,1.25,15544.0,United Kingdom
543652,20677,PINK POLKADOT BOWL,8,2011-02-11 10:15:00,1.25,15544.0,United Kingdom
543652,21239,PINK  POLKADOT CUP,8,2011-02-11 10:15:00,0.85,15544.0,United Kingdom
543652,21240,BLUE POLKADOT CUP,8,2011-02-11 10:15:00,0.85,15544.0,United Kingdom
543652,21243,PINK  POLKADOT PLATE ,8,2011-02-11 10:15:00,1.69,15544.0,United Kingdom
543652,21244,BLUE POLKADOT PLATE ,8,2011-02-11 10:15:00,1.69,15544.0,United Kingdom
543652,21245,GREEN POLKADOT PLATE ,8,2011-02-11 10:15:00,1.69,15544.0,United Kingdom
543652,84997A,GREEN 3 PIECE POLKADOT CUTLERY SET,8,2011-02-11 10:15:00,4.15,15544.0,United Kingdom
543652,84997C,BLUE 3 PIECE POLKADOT CUTLERY SET,8,2011-02-11 10:15:00,4.15,15544.0,United Kingdom
543652,84997D,PINK 3 PIECE POLKADOT CUTLERY SET,8,2011-02-11 10:15:00,4.15,15544.0,United Kingdom
543652,22637,PIGGY BANK RETROSPOT ,4,2011-02-11 10:15:00,2.55,15544.0,United Kingdom
543652,84997B,RED 3 PIECE RETROSPOT CUTLERY SET,8,2011-02-11 10:15:00,4.15,15544.0,United Kingdom
543652,20676,RED RETROSPOT BOWL,8,2011-02-11 10:15:00,1.25,15544.0,United Kingdom
543652,21242,RED RETROSPOT PLATE ,8,2011-02-11 10:15:00,1.69,15544.0,United Kingdom
543652,21238,RED RETROSPOT CUP,8,2011-02-11 10:15:00,0.85,15544.0,United Kingdom
543652,20726,LUNCH BAG WOODLAND,10,2011-02-11 10:15:00,1.65,15544.0,United Kingdom
543652,20728,LUNCH BAG CARS BLUE,10,2011-02-11 10:15:00,1.65,15544.0,United Kingdom
543652,22045,SPACEBOY GIFT WRAP,25,2011-02-11 10:15:00,0.42,15544.0,United Kingdom
543652,22367,CHILDRENS APRON SPACEBOY DESIGN,8,2011-02-11 10:15:00,1.95,15544.0,United Kingdom
543652,22382,LUNCH BAG SPACEBOY DESIGN ,10,2011-02-11 10:15:00,1.65,15544.0,United Kingdom
543652,21062,PARTY INVITES SPACEMAN,12,2011-02-11 10:15:00,0.85,15544.0,United Kingdom
543652,21063,PARTY INVITES JAZZ HEARTS,12,2011-02-11 10:15:00,0.85,15544.0,United Kingdom
543652,21059,PARTY INVITES DINOSAURS,12,2011-02-11 10:15:00,0.85,15544.0,United Kingdom
543652,16161U,WRAP SUKI AND FRIENDS,25,2011-02-11 10:15:00,0.42,15544.0,United Kingdom
543652,16156S,WRAP PINK FAIRY CAKES ,25,2011-02-11 10:15:00,0.42,15544.0,United Kingdom
543652,21495,SKULLS AND CROSSBONES WRAP,25,2011-02-11 10:15:00,0.42,15544.0,United Kingdom
543652,22706,WRAP COWBOYS  ,25,2011-02-11 10:15:00,0.42,15544.0,United Kingdom
543652,22707,WRAP MONSTER FUN ,25,2011-02-11 10:15:00,0.42,15544.0,United Kingdom
543652,23230,WRAP ALPHABET DESIGN,25,2011-02-11 10:15:00,0.42,15544.0,United Kingdom
543652,22333,RETROSPOT PARTY BAG + STICKER SET,8,2011-02-11 10:15:00,1.65,15544.0,United Kingdom
543652,22331,WOODLAND PARTY BAG + STICKER SET,8,2011-02-11 10:15:00,1.65,15544.0,United Kingdom
543652,22334,DINOSAUR PARTY BAG + STICKER SET,8,2011-02-11 10:15:00,1.65,15544.0,United Kingdom
543652,22332,SKULLS PARTY BAG + STICKER SET,8,2011-02-11 10:15:00,1.65,15544.0,United Kingdom
543653,21232,STRAWBERRY CERAMIC TRINKET BOX,16,2011-02-11 10:26:00,1.25,14796.0,United Kingdom
543653,21231,SWEETHEART CERAMIC TRINKET BOX,16,2011-02-11 10:26:00,1.25,14796.0,United Kingdom
543653,22059,CERAMIC STRAWBERRY DESIGN MUG,2,2011-02-11 10:26:00,1.49,14796.0,United Kingdom
543653,21070,VINTAGE BILLBOARD MUG ,6,2011-02-11 10:26:00,1.25,14796.0,United Kingdom
543653,37448,CERAMIC CAKE DESIGN SPOTTED MUG,4,2011-02-11 10:26:00,1.49,14796.0,United Kingdom
543653,22649,STRAWBERRY FAIRY CAKE TEAPOT,1,2011-02-11 10:26:00,4.95,14796.0,United Kingdom
543653,22064,PINK DOUGHNUT TRINKET POT ,4,2011-02-11 10:26:00,1.65,14796.0,United Kingdom
543653,37447,CERAMIC CAKE DESIGN SPOTTED PLATE,4,2011-02-11 10:26:00,1.49,14796.0,United Kingdom
543653,22057,CERAMIC PLATE STRAWBERRY DESIGN,4,2011-02-11 10:26:00,1.49,14796.0,United Kingdom
543653,37446,MINI CAKE STAND WITH HANGING CAKES,1,2011-02-11 10:26:00,1.45,14796.0,United Kingdom
543653,22423,REGENCY CAKESTAND 3 TIER,1,2011-02-11 10:26:00,12.75,14796.0,United Kingdom
543653,21166,COOK WITH WINE METAL SIGN ,4,2011-02-11 10:26:00,2.08,14796.0,United Kingdom
543653,21907,I'M ON HOLIDAY METAL SIGN,1,2011-02-11 10:26:00,2.1,14796.0,United Kingdom
543653,21181,PLEASE ONE PERSON METAL SIGN,2,2011-02-11 10:26:00,2.1,14796.0,United Kingdom
543653,21165,BEWARE OF THE CAT METAL SIGN ,4,2011-02-11 10:26:00,1.69,14796.0,United Kingdom
543653,82583,HOT BATHS METAL SIGN,2,2011-02-11 10:26:00,2.1,14796.0,United Kingdom
543653,82567,"AIRLINE LOUNGE,METAL SIGN",3,2011-02-11 10:26:00,2.1,14796.0,United Kingdom
543653,21175,GIN + TONIC DIET METAL SIGN,1,2011-02-11 10:26:00,2.55,14796.0,United Kingdom
543653,21874,GIN AND TONIC MUG,2,2011-02-11 10:26:00,1.25,14796.0,United Kingdom
543653,21870,I CAN ONLY PLEASE ONE PERSON MUG,2,2011-02-11 10:26:00,1.25,14796.0,United Kingdom
543653,21700,BIG DOUGHNUT FRIDGE MAGNETS,7,2011-02-11 10:26:00,0.85,14796.0,United Kingdom
543653,85216,ASSORTED CAKES FRIDGE MAGNETS,6,2011-02-11 10:26:00,0.65,14796.0,United Kingdom
543653,22357,KINGS CHOICE BISCUIT TIN,1,2011-02-11 10:26:00,4.25,14796.0,United Kingdom
543653,47559B,TEA TIME OVEN GLOVE,2,2011-02-11 10:26:00,1.25,14796.0,United Kingdom
543653,22360,GLASS JAR ENGLISH CONFECTIONERY,2,2011-02-11 10:26:00,2.95,14796.0,United Kingdom
543653,22358,KINGS CHOICE TEA CADDY ,2,2011-02-11 10:26:00,2.95,14796.0,United Kingdom
543653,84596G,SMALL CHOCOLATES PINK BOWL,2,2011-02-11 10:26:00,1.25,14796.0,United Kingdom
543653,84596B,SMALL DOLLY MIX DESIGN ORANGE BOWL,1,2011-02-11 10:26:00,1.25,14796.0,United Kingdom
543653,22966,GINGERBREAD MAN COOKIE CUTTER,4,2011-02-11 10:26:00,1.25,14796.0,United Kingdom
543653,22900, SET 2 TEA TOWELS I LOVE LONDON ,3,2011-02-11 10:26:00,2.95,14796.0,United Kingdom
543653,21877,HOME SWEET HOME MUG,1,2011-02-11 10:26:00,1.25,14796.0,United Kingdom
543653,21872,GLAMOROUS  MUG,1,2011-02-11 10:26:00,1.25,14796.0,United Kingdom
543653,22472,TV DINNER TRAY DOLLY GIRL,1,2011-02-11 10:26:00,4.95,14796.0,United Kingdom
543653,22474,SPACEBOY TV DINNER TRAY,1,2011-02-11 10:26:00,4.95,14796.0,United Kingdom
543653,37500,TEA TIME TEAPOT IN GIFT BOX,1,2011-02-11 10:26:00,9.95,14796.0,United Kingdom
543653,22131,FOOD CONTAINER SET 3 LOVE HEART ,2,2011-02-11 10:26:00,1.95,14796.0,United Kingdom
543653,22629,SPACEBOY LUNCH BOX ,2,2011-02-11 10:26:00,1.95,14796.0,United Kingdom
543653,22630,DOLLY GIRL LUNCH BOX,4,2011-02-11 10:26:00,1.95,14796.0,United Kingdom
543653,22659,LUNCH BOX I LOVE LONDON,4,2011-02-11 10:26:00,1.95,14796.0,United Kingdom
543653,22644,CERAMIC CHERRY CAKE MONEY BANK,4,2011-02-11 10:26:00,1.45,14796.0,United Kingdom
543653,22646,CERAMIC STRAWBERRY CAKE MONEY BANK,4,2011-02-11 10:26:00,1.45,14796.0,United Kingdom
543653,22645,CERAMIC HEART FAIRY CAKE MONEY BANK,4,2011-02-11 10:26:00,1.45,14796.0,United Kingdom
543653,22631,CIRCUS PARADE LUNCH BOX ,2,2011-02-11 10:26:00,1.95,14796.0,United Kingdom
543653,82482,WOODEN PICTURE FRAME WHITE FINISH,2,2011-02-11 10:26:00,2.55,14796.0,United Kingdom
543653,85124B,BLUE JUICY FRUIT PHOTO FRAME,1,2011-02-11 10:26:00,2.55,14796.0,United Kingdom
543653,85124C,GREEN JUICY FRUIT PHOTO FRAME,1,2011-02-11 10:26:00,2.55,14796.0,United Kingdom
543653,20830,SILVER PHOTO FRAME,1,2011-02-11 10:26:00,2.1,14796.0,United Kingdom
543653,22948,METAL DECORATION NAUGHTY CHILDREN ,8,2011-02-11 10:26:00,0.85,14796.0,United Kingdom
543653,84836,ZINC METAL HEART DECORATION,2,2011-02-11 10:26:00,1.25,14796.0,United Kingdom
543653,35961,FOLKART ZINC HEART CHRISTMAS DEC,4,2011-02-11 10:26:00,0.85,14796.0,United Kingdom
543653,22294,HEART FILIGREE DOVE  SMALL,2,2011-02-11 10:26:00,1.25,14796.0,United Kingdom
543653,22297,HEART IVORY TRELLIS SMALL,2,2011-02-11 10:26:00,1.25,14796.0,United Kingdom
543653,22174,PHOTO CUBE,1,2011-02-11 10:26:00,1.65,14796.0,United Kingdom
543653,21135,VICTORIAN  METAL POSTCARD SPRING,8,2011-02-11 10:26:00,1.69,14796.0,United Kingdom
543653,22174,PHOTO CUBE,1,2011-02-11 10:26:00,1.65,14796.0,United Kingdom
543653,22913,RED COAT RACK PARIS FASHION,1,2011-02-11 10:26:00,4.95,14796.0,United Kingdom
543653,22912,YELLOW COAT RACK PARIS FASHION,1,2011-02-11 10:26:00,4.95,14796.0,United Kingdom
543653,22914,BLUE COAT RACK PARIS FASHION,1,2011-02-11 10:26:00,4.95,14796.0,United Kingdom
543653,20832,RED FLOCK LOVE HEART PHOTO FRAME,4,2011-02-11 10:26:00,0.85,14796.0,United Kingdom
543653,22362,GLASS JAR PEACOCK BATH SALTS,1,2011-02-11 10:26:00,2.95,14796.0,United Kingdom
543653,22361,GLASS JAR DAISY FRESH COTTON WOOL,1,2011-02-11 10:26:00,2.95,14796.0,United Kingdom
543653,21340,CLASSIC METAL BIRDCAGE PLANT HOLDER,1,2011-02-11 10:26:00,12.75,14796.0,United Kingdom
543653,15056N,EDWARDIAN PARASOL NATURAL,2,2011-02-11 10:26:00,5.95,14796.0,United Kingdom
543653,15056BL,EDWARDIAN PARASOL BLACK,2,2011-02-11 10:26:00,5.95,14796.0,United Kingdom
543654,22525,,-57,2011-02-11 10:29:00,0.0,,United Kingdom
543655,21717,,-42,2011-02-11 10:30:00,0.0,,United Kingdom
543656,84801B,,-44,2011-02-11 10:30:00,0.0,,United Kingdom
543657,21621,VINTAGE UNION JACK BUNTING,2,2011-02-11 10:38:00,8.5,15133.0,United Kingdom
543657,22499,WOODEN UNION JACK BUNTING,12,2011-02-11 10:38:00,5.95,15133.0,United Kingdom
543657,21865,PINK UNION JACK  PASSPORT COVER ,6,2011-02-11 10:38:00,2.1,15133.0,United Kingdom
543657,22748,POPPY'S PLAYHOUSE KITCHEN,6,2011-02-11 10:38:00,2.1,15133.0,United Kingdom
543657,85114A,BLACK ENCHANTED FOREST PLACEMAT,24,2011-02-11 10:38:00,1.65,15133.0,United Kingdom
543657,84509B,SET OF 4 FAIRY CAKE PLACEMATS,4,2011-02-11 10:38:00,3.75,15133.0,United Kingdom
543657,84509A,SET OF 4 ENGLISH ROSE PLACEMATS,12,2011-02-11 10:38:00,3.75,15133.0,United Kingdom
543657,84509C,SET OF 4 POLKADOT PLACEMATS ,4,2011-02-11 10:38:00,3.75,15133.0,United Kingdom
543657,21888,BINGO SET,24,2011-02-11 10:38:00,3.75,15133.0,United Kingdom
543657,21889,WOODEN BOX OF DOMINOES,12,2011-02-11 10:38:00,1.25,15133.0,United Kingdom
543658,20711,JUMBO BAG TOYS ,10,2011-02-11 10:38:00,1.95,13819.0,United Kingdom
543658,21931,JUMBO STORAGE BAG SUKI,10,2011-02-11 10:38:00,1.95,13819.0,United Kingdom
543658,22411,JUMBO SHOPPER VINTAGE RED PAISLEY,10,2011-02-11 10:38:00,1.95,13819.0,United Kingdom
543658,22111,SCOTTIE DOG HOT WATER BOTTLE,3,2011-02-11 10:38:00,4.95,13819.0,United Kingdom
543658,84029G,KNITTED UNION FLAG HOT WATER BOTTLE,4,2011-02-11 10:38:00,3.75,13819.0,United Kingdom
543658,84997B,RED 3 PIECE RETROSPOT CUTLERY SET,12,2011-02-11 10:38:00,4.15,13819.0,United Kingdom
543658,21731,RED TOADSTOOL LED NIGHT LIGHT,30,2011-02-11 10:38:00,1.65,13819.0,United Kingdom
543658,21212,PACK OF 72 RETROSPOT CAKE CASES,120,2011-02-11 10:38:00,0.42,13819.0,United Kingdom
543658,20727,LUNCH BAG  BLACK SKULL.,20,2011-02-11 10:38:00,1.65,13819.0,United Kingdom
543658,20725,LUNCH BAG RED RETROSPOT,40,2011-02-11 10:38:00,1.65,13819.0,United Kingdom
543658,20723,STRAWBERRY CHARLOTTE BAG,30,2011-02-11 10:38:00,0.85,13819.0,United Kingdom
543658,20718,RED RETROSPOT SHOPPER BAG,50,2011-02-11 10:38:00,1.25,13819.0,United Kingdom
543660,21204,DAISIES  HONEYCOMB GARLAND ,1,2011-02-11 10:40:00,3.29,,United Kingdom
543660,21243,PINK  POLKADOT PLATE ,2,2011-02-11 10:40:00,3.29,,United Kingdom
543660,21326,AGED GLASS SILVER T-LIGHT HOLDER,1,2011-02-11 10:40:00,1.63,,United Kingdom
543660,21329,DINOSAURS  WRITING SET ,1,2011-02-11 10:40:00,3.29,,United Kingdom
543660,21397,BLUE POLKADOT EGG CUP ,1,2011-02-11 10:40:00,3.29,,United Kingdom
543660,21454,PAINTED PINK RABBIT ,1,2011-02-11 10:40:00,0.83,,United Kingdom
543660,21455,PAINTED YELLOW WOODEN DAISY,1,2011-02-11 10:40:00,0.83,,United Kingdom
543660,21506,"FANCY FONT BIRTHDAY CARD, ",1,2011-02-11 10:40:00,0.83,,United Kingdom
543660,21509,COWBOYS AND INDIANS BIRTHDAY CARD ,1,2011-02-11 10:40:00,0.83,,United Kingdom
543660,21544,SKULLS  WATER TRANSFER TATTOOS ,1,2011-02-11 10:40:00,1.63,,United Kingdom
543660,21670,BLUE SPOT CERAMIC DRAWER KNOB,1,2011-02-11 10:40:00,2.46,,United Kingdom
543660,21703,BAG 125g SWIRLY MARBLES,1,2011-02-11 10:40:00,0.83,,United Kingdom
543660,21731,RED TOADSTOOL LED NIGHT LIGHT,4,2011-02-11 10:40:00,3.29,,United Kingdom
543660,21755,LOVE BUILDING BLOCK WORD,1,2011-02-11 10:40:00,11.63,,United Kingdom
543660,21790,VINTAGE SNAP CARDS,1,2011-02-11 10:40:00,1.63,,United Kingdom
543660,21829,DINOSAUR KEYRINGS ASSORTED,2,2011-02-11 10:40:00,0.42,,United Kingdom
543660,21880,RED RETROSPOT TAPE,7,2011-02-11 10:40:00,0.42,,United Kingdom
543660,21889,WOODEN BOX OF DOMINOES,1,2011-02-11 10:40:00,2.46,,United Kingdom
543660,21899,"KEY FOB , GARAGE DESIGN",1,2011-02-11 10:40:00,1.63,,United Kingdom
543660,21906,PHARMACIE FIRST AID TIN,1,2011-02-11 10:40:00,13.29,,United Kingdom
543660,21934,SKULL SHOULDER BAG,1,2011-02-11 10:40:00,3.29,,United Kingdom
543660,21935,SUKI  SHOULDER BAG,2,2011-02-11 10:40:00,3.29,,United Kingdom
543660,21948,SET OF 6 CAKE CHOPSTICKS,1,2011-02-11 10:40:00,2.46,,United Kingdom
543660,21990,MODERN FLORAL STATIONERY SET,1,2011-02-11 10:40:00,2.46,,United Kingdom
543660,22026,BANQUET BIRTHDAY  CARD  ,1,2011-02-11 10:40:00,0.83,,United Kingdom
543660,22027,TEA PARTY BIRTHDAY CARD,2,2011-02-11 10:40:00,0.83,,United Kingdom
543660,22087,PAPER BUNTING WHITE LACE,1,2011-02-11 10:40:00,5.79,,United Kingdom
543660,22106,MIRROR MOSAIC HURRICANE LAMP ,1,2011-02-11 10:40:00,4.96,,United Kingdom
543660,22112,CHOCOLATE HOT WATER BOTTLE,1,2011-02-11 10:40:00,10.79,,United Kingdom
543660,22131,FOOD CONTAINER SET 3 LOVE HEART ,1,2011-02-11 10:40:00,4.13,,United Kingdom
543660,22133,PINK LOVE HEART SHAPE CUP,1,2011-02-11 10:40:00,1.63,,United Kingdom
543660,22134,MINI LADLE LOVE HEART RED ,1,2011-02-11 10:40:00,0.83,,United Kingdom
543660,22142,CHRISTMAS CRAFT WHITE FAIRY ,4,2011-02-11 10:40:00,3.29,,United Kingdom
543660,22144,CHRISTMAS CRAFT LITTLE FRIENDS,2,2011-02-11 10:40:00,4.13,,United Kingdom
543660,22149,FELTCRAFT 6 FLOWER FRIENDS,1,2011-02-11 10:40:00,4.13,,United Kingdom
543660,22161,HEART DECORATION RUSTIC HANGING ,5,2011-02-11 10:40:00,0.79,,United Kingdom
543660,22933,BAKING MOULD EASTER EGG MILK CHOC,1,2011-02-11 10:40:00,5.79,,United Kingdom
543660,22934,BAKING MOULD EASTER EGG WHITE CHOC,1,2011-02-11 10:40:00,5.79,,United Kingdom
543660,22939,APRON APPLE DELIGHT,1,2011-02-11 10:40:00,10.79,,United Kingdom
543660,22961,JAM MAKING SET PRINTED,2,2011-02-11 10:40:00,3.29,,United Kingdom
543660,22966,GINGERBREAD MAN COOKIE CUTTER,1,2011-02-11 10:40:00,2.46,,United Kingdom
543660,22983,CARD BILLBOARD FONT,3,2011-02-11 10:40:00,0.83,,United Kingdom
543660,22984,CARD GINGHAM ROSE ,1,2011-02-11 10:40:00,0.83,,United Kingdom
543660,35915B,BLUE KNITTED HEN ,3,2011-02-11 10:40:00,0.83,,United Kingdom
543660,48184,DOORMAT ENGLISH ROSE ,1,2011-02-11 10:40:00,14.13,,United Kingdom
543660,51014C,"FEATHER PEN,COAL BLACK",1,2011-02-11 10:40:00,1.63,,United Kingdom
543660,71270,PHOTO CLIP LINE,1,2011-02-11 10:40:00,2.46,,United Kingdom
543660,22163,HEART STRING MEMO HOLDER HANGING,1,2011-02-11 10:40:00,3.29,,United Kingdom
543660,22174,PHOTO CUBE,2,2011-02-11 10:40:00,3.29,,United Kingdom
543660,22178,VICTORIAN GLASS HANGING T-LIGHT,2,2011-02-11 10:40:00,2.46,,United Kingdom
543660,22183,CAKE STAND VICTORIAN FILIGREE MED,2,2011-02-11 10:40:00,5.79,,United Kingdom
543660,22196,SMALL HEART MEASURING SPOONS,1,2011-02-11 10:40:00,1.63,,United Kingdom
543660,22199,FRYING PAN RED RETROSPOT,1,2011-02-11 10:40:00,8.29,,United Kingdom
543660,22209,WOOD STAMP SET HAPPY BIRTHDAY,1,2011-02-11 10:40:00,3.29,,United Kingdom
543660,22219,LOVEBIRD HANGING DECORATION WHITE ,1,2011-02-11 10:40:00,1.63,,United Kingdom
543660,22220,CAKE STAND LOVEBIRD 2 TIER WHITE,1,2011-02-11 10:40:00,19.96,,United Kingdom
543660,22224,WHITE LOVEBIRD LANTERN,2,2011-02-11 10:40:00,5.79,,United Kingdom
543660,22229,BUNNY WOODEN PAINTED WITH FLOWER ,1,2011-02-11 10:40:00,1.63,,United Kingdom
543660,22241,GARLAND WOODEN HAPPY EASTER,1,2011-02-11 10:40:00,2.46,,United Kingdom
543660,22250,DECORATION  BUTTERFLY  MAGIC GARDEN,2,2011-02-11 10:40:00,1.63,,United Kingdom
543660,22255,FELT TOADSTOOL  SMALL,2,2011-02-11 10:40:00,1.63,,United Kingdom
543660,22260,FELT EGG COSY BLUE RABBIT ,6,2011-02-11 10:40:00,1.63,,United Kingdom
543660,22261,FELT EGG COSY WHITE RABBIT ,2,2011-02-11 10:40:00,1.63,,United Kingdom
543660,22262,FELT EGG COSY CHICKEN,10,2011-02-11 10:40:00,1.63,,United Kingdom
543660,22271,FELTCRAFT DOLL ROSIE,2,2011-02-11 10:40:00,5.79,,United Kingdom
543660,22273,FELTCRAFT DOLL MOLLY,1,2011-02-11 10:40:00,5.79,,United Kingdom
543660,22274,FELTCRAFT DOLL EMILY,1,2011-02-11 10:40:00,5.79,,United Kingdom
543660,22286,"DECORATION , WOBBLY RABBIT , METAL ",2,2011-02-11 10:40:00,3.29,,United Kingdom
543660,22287,"DECORATION , WOBBLY CHICKEN, METAL ",1,2011-02-11 10:40:00,3.29,,United Kingdom
543660,22288,HANGING METAL RABBIT DECORATION,1,2011-02-11 10:40:00,2.46,,United Kingdom
543660,22289,HANGING METAL CHICKEN DECORATION,1,2011-02-11 10:40:00,2.46,,United Kingdom
543660,22296,HEART IVORY TRELLIS LARGE,3,2011-02-11 10:40:00,3.29,,United Kingdom
543660,22297,HEART IVORY TRELLIS SMALL,2,2011-02-11 10:40:00,2.46,,United Kingdom
543660,22310,IVORY KNITTED MUG COSY ,1,2011-02-11 10:40:00,3.29,,United Kingdom
543660,22318,FIVE HEART HANGING DECORATION,2,2011-02-11 10:40:00,5.79,,United Kingdom
543660,22326,ROUND SNACK BOXES SET OF4 WOODLAND ,1,2011-02-11 10:40:00,5.79,,United Kingdom
543660,22355,CHARLOTTE BAG SUKI DESIGN,5,2011-02-11 10:40:00,1.63,,United Kingdom
543660,22356,CHARLOTTE BAG PINK POLKADOT,1,2011-02-11 10:40:00,1.63,,United Kingdom
543660,82494L,WOODEN FRAME ANTIQUE WHITE ,2,2011-02-11 10:40:00,7.46,,United Kingdom
543660,82567,"AIRLINE LOUNGE,METAL SIGN",2,2011-02-11 10:40:00,1.63,,United Kingdom
543660,84031B,CHARLIE LOLA BLUE HOT WATER BOTTLE ,1,2011-02-11 10:40:00,4.13,,United Kingdom
543660,84032A,CHARLIE+LOLA PINK HOT WATER BOTTLE,1,2011-02-11 10:40:00,3.29,,United Kingdom
543660,84050,PINK HEART SHAPE EGG FRYING PAN,2,2011-02-11 10:40:00,4.13,,United Kingdom
543660,84247L,FAWN AND MUSHROOM GREETING CARD,4,2011-02-11 10:40:00,0.83,,United Kingdom
543660,84422,PINK/BLUE DISC/MIRROR STRING,3,2011-02-11 10:40:00,1.63,,United Kingdom
543660,84459B,YELLOW METAL CHICKEN HEART ,2,2011-02-11 10:40:00,3.29,,United Kingdom
543660,84569B,PACK 3 FIRE ENGINE/CAR PATCHES,3,2011-02-11 10:40:00,2.46,,United Kingdom
543660,84755,COLOUR GLASS T-LIGHT HOLDER HANGING,4,2011-02-11 10:40:00,1.24,,United Kingdom
543660,84913A,SOFT PINK ROSE TOWEL ,1,2011-02-11 10:40:00,3.29,,United Kingdom
543660,84946,ANTIQUE SILVER TEA GLASS ETCHED,1,2011-02-11 10:40:00,2.46,,United Kingdom
543660,84947,ANTIQUE SILVER TEA GLASS ENGRAVED,1,2011-02-11 10:40:00,2.46,,United Kingdom
543660,84970S,HANGING HEART ZINC T-LIGHT HOLDER,1,2011-02-11 10:40:00,2.08,,United Kingdom
543660,84978,HANGING HEART JAR T-LIGHT HOLDER,2,2011-02-11 10:40:00,2.46,,United Kingdom
543660,84997D,PINK 3 PIECE POLKADOT CUTLERY SET,1,2011-02-11 10:40:00,8.29,,United Kingdom
543660,85014B,RED RETROSPOT UMBRELLA,1,2011-02-11 10:40:00,12.46,,United Kingdom
543660,85053,FRENCH ENAMEL CANDLEHOLDER,2,2011-02-11 10:40:00,4.13,,United Kingdom
543660,85066,CREAM SWEETHEART MINI CHEST,1,2011-02-11 10:40:00,24.96,,United Kingdom
543660,85116,BLACK CANDELABRA T-LIGHT HOLDER,4,2011-02-11 10:40:00,1.63,,United Kingdom
543660,85129D,BEADED CRYSTAL HEART PINK SMALL,2,2011-02-11 10:40:00,2.46,,United Kingdom
543660,85131A,BEADED PEARL HEART WHITE ON STICK,1,2011-02-11 10:40:00,0.83,,United Kingdom
543660,85132A,CHARLIE + LOLA BISCUITS TINS,1,2011-02-11 10:40:00,8.29,,United Kingdom
543660,85152,HAND OVER THE CHOCOLATE   SIGN ,1,2011-02-11 10:40:00,4.13,,United Kingdom
543660,85203,HANGING WOOD AND FELT BUTTERFLY ,2,2011-02-11 10:40:00,0.79,,United Kingdom
543660,85204,HANGING WOOD AND FELT FLOWER,2,2011-02-11 10:40:00,0.42,,United Kingdom
543660,85213,MINI  ZINC GARDEN DECORATIONS ,5,2011-02-11 10:40:00,1.63,,United Kingdom
543660,90164B,WHITE  ROSEBUD PEARL BRACELET,1,2011-02-11 10:40:00,7.48,,United Kingdom
543660,90202D,PINK ENAMEL FLOWER HAIR TIE,1,2011-02-11 10:40:00,2.9,,United Kingdom
543660,DOT,DOTCOM POSTAGE,1,2011-02-11 10:40:00,248.48,,United Kingdom
543660,22360,GLASS JAR ENGLISH CONFECTIONERY,2,2011-02-11 10:40:00,5.79,,United Kingdom
543660,22379,RECYCLING BAG RETROSPOT ,1,2011-02-11 10:40:00,4.13,,United Kingdom
543660,22383,LUNCH BAG SUKI  DESIGN ,1,2011-02-11 10:40:00,4.13,,United Kingdom
543660,22384,LUNCH BAG PINK POLKADOT,2,2011-02-11 10:40:00,2.46,,United Kingdom
543660,22423,REGENCY CAKESTAND 3 TIER,2,2011-02-11 10:40:00,24.96,,United Kingdom
543660,22469,HEART OF WICKER SMALL,6,2011-02-11 10:40:00,3.29,,United Kingdom
543660,22474,SPACEBOY TV DINNER TRAY,1,2011-02-11 10:40:00,10.79,,United Kingdom
543660,22493,PAINT YOUR OWN CANVAS SET,2,2011-02-11 10:40:00,3.29,,United Kingdom
543660,22502,PICNIC BASKET WICKER SMALL,1,2011-02-11 10:40:00,8.29,,United Kingdom
543660,22570,FELTCRAFT CUSHION RABBIT,1,2011-02-11 10:40:00,7.46,,United Kingdom
543660,22602,RETROSPOT WOODEN HEART DECORATION,2,2011-02-11 10:40:00,1.63,,United Kingdom
543660,22624,IVORY KITCHEN SCALES,1,2011-02-11 10:40:00,16.63,,United Kingdom
543660,22625,RED KITCHEN SCALES,1,2011-02-11 10:40:00,16.63,,United Kingdom
543660,22660,DOORMAT I LOVE LONDON,1,2011-02-11 10:40:00,14.13,,United Kingdom
543660,22697,GREEN REGENCY TEACUP AND SAUCER,1,2011-02-11 10:40:00,5.79,,United Kingdom
543660,22698,PINK REGENCY TEACUP AND SAUCER,1,2011-02-11 10:40:00,5.79,,United Kingdom
543660,22699,ROSES REGENCY TEACUP AND SAUCER ,2,2011-02-11 10:40:00,5.79,,United Kingdom
543660,22720,SET OF 3 CAKE TINS PANTRY DESIGN ,1,2011-02-11 10:40:00,10.79,,United Kingdom
543660,22722,SET OF 6 SPICE TINS PANTRY DESIGN,3,2011-02-11 10:40:00,8.29,,United Kingdom
543660,22723,SET OF 6 HERB TINS SKETCHBOOK,1,2011-02-11 10:40:00,8.29,,United Kingdom
543660,22758,LARGE PURPLE BABUSHKA NOTEBOOK  ,1,2011-02-11 10:40:00,2.46,,United Kingdom
543660,22771,CLEAR DRAWER KNOB ACRYLIC EDWARDIAN,10,2011-02-11 10:40:00,2.46,,United Kingdom
543660,22791,T-LIGHT GLASS FLUTED ANTIQUE,1,2011-02-11 10:40:00,2.46,,United Kingdom
543660,22814,CARD PARTY GAMES ,1,2011-02-11 10:40:00,0.83,,United Kingdom
543660,22815,CARD PSYCHEDELIC APPLES,3,2011-02-11 10:40:00,0.83,,United Kingdom
543660,22819,"BIRTHDAY CARD, RETRO SPOT",3,2011-02-11 10:40:00,0.83,,United Kingdom
543660,22837,HOT WATER BOTTLE BABUSHKA ,1,2011-02-11 10:40:00,9.13,,United Kingdom
543660,22855,FINE WICKER HEART ,1,2011-02-11 10:40:00,2.46,,United Kingdom
543660,22891,TEA FOR ONE POLKADOT,1,2011-02-11 10:40:00,8.29,,United Kingdom
543660,22895,SET OF 2 TEA TOWELS APPLE AND PEARS,1,2011-02-11 10:40:00,5.79,,United Kingdom
543660,22897,OVEN MITT APPLES DESIGN,1,2011-02-11 10:40:00,2.92,,United Kingdom
543660,22907,PACK OF 20 NAPKINS PANTRY DESIGN,1,2011-02-11 10:40:00,1.63,,United Kingdom
543660,15034,PAPER POCKET TRAVELING FAN ,2,2011-02-11 10:40:00,0.83,,United Kingdom
543660,16168M,FUNKY MONKEY GIFT BAG MEDIUM,1,2011-02-11 10:40:00,0.83,,United Kingdom
543660,16235,RECYCLED PENCIL WITH RABBIT ERASER,15,2011-02-11 10:40:00,0.42,,United Kingdom
543660,16237,SLEEPING CAT ERASERS,1,2011-02-11 10:40:00,0.42,,United Kingdom
543660,17084P,DRAGONS BLOOD INCENSE,5,2011-02-11 10:40:00,0.42,,United Kingdom
543660,20619,TROPICAL PASSPORT COVER ,1,2011-02-11 10:40:00,1.63,,United Kingdom
543660,20653,CHERRY BLOSSOM LUGGAGE TAG,1,2011-02-11 10:40:00,2.46,,United Kingdom
543660,20677,PINK POLKADOT BOWL,1,2011-02-11 10:40:00,2.46,,United Kingdom
543660,20685,DOORMAT RED RETROSPOT,1,2011-02-11 10:40:00,14.13,,United Kingdom
543660,20707,CRAZY DAISY HEART DECORATION,3,2011-02-11 10:40:00,0.83,,United Kingdom
543660,20718,RED RETROSPOT SHOPPER BAG,1,2011-02-11 10:40:00,2.46,,United Kingdom
543660,20719,WOODLAND CHARLOTTE BAG,4,2011-02-11 10:40:00,1.63,,United Kingdom
543660,20723,STRAWBERRY CHARLOTTE BAG,1,2011-02-11 10:40:00,1.63,,United Kingdom
543660,20725,LUNCH BAG RED RETROSPOT,2,2011-02-11 10:40:00,4.13,,United Kingdom
543660,21001,ROSE DU SUD WASHBAG ,1,2011-02-11 10:40:00,4.13,,United Kingdom
543660,21002,ROSE DU SUD DRAWSTRING BAG,1,2011-02-11 10:40:00,3.29,,United Kingdom
543660,21035,SET/2 RED RETROSPOT TEA TOWELS ,1,2011-02-11 10:40:00,6.25,,United Kingdom
543660,21068,VINTAGE BILLBOARD LOVE/HATE MUG,2,2011-02-11 10:40:00,2.46,,United Kingdom
543660,21080,SET/20 RED RETROSPOT PAPER NAPKINS ,1,2011-02-11 10:40:00,1.63,,United Kingdom
543660,21086,SET/6 RED SPOTTY PAPER CUPS,2,2011-02-11 10:40:00,1.63,,United Kingdom
543660,21094,SET/6 RED SPOTTY PAPER PLATES,5,2011-02-11 10:40:00,0.83,,United Kingdom
543660,21114,LAVENDER SCENTED FABRIC HEART,1,2011-02-11 10:40:00,10.79,,United Kingdom
543660,21143,ANTIQUE GLASS HEART DECORATION ,1,2011-02-11 10:40:00,4.13,,United Kingdom
543660,21154,RED RETROSPOT OVEN GLOVE ,1,2011-02-11 10:40:00,2.46,,United Kingdom
543660,21167,WHITE SAGE INCENSE,2,2011-02-11 10:40:00,0.42,,United Kingdom
543660,21175,GIN + TONIC DIET METAL SIGN,1,2011-02-11 10:40:00,4.96,,United Kingdom
C543659,21198,WHITE HEART CONFETTI IN TUBE,-48,2011-02-11 10:40:00,0.42,16730.0,United Kingdom
C543659,21199,PINK  HEART CONFETTI IN TUBE,-48,2011-02-11 10:40:00,0.42,16730.0,United Kingdom
C543661,22752,SET 7 BABUSHKA NESTING BOXES,-1,2011-02-11 10:41:00,8.5,12471.0,Germany
C543661,22720,SET OF 3 CAKE TINS PANTRY DESIGN ,-3,2011-02-11 10:41:00,4.95,12471.0,Germany
C543661,22649,STRAWBERRY FAIRY CAKE TEAPOT,-4,2011-02-11 10:41:00,4.95,12471.0,Germany
C543661,22423,REGENCY CAKESTAND 3 TIER,-7,2011-02-11 10:41:00,10.95,12471.0,Germany
C543661,21232,STRAWBERRY CERAMIC TRINKET BOX,-2,2011-02-11 10:41:00,1.25,12471.0,Germany
C543661,21231,SWEETHEART CERAMIC TRINKET BOX,-2,2011-02-11 10:41:00,1.25,12471.0,Germany
C543662,22423,REGENCY CAKESTAND 3 TIER,-5,2011-02-11 10:49:00,10.95,14441.0,United Kingdom
C543663,22846,BREAD BIN DINER STYLE RED ,-1,2011-02-11 10:50:00,16.95,18118.0,United Kingdom
543664,22728,ALARM CLOCK BAKELIKE PINK,4,2011-02-11 10:57:00,3.75,17705.0,United Kingdom
543664,22727,ALARM CLOCK BAKELIKE RED ,4,2011-02-11 10:57:00,3.75,17705.0,United Kingdom
543664,22726,ALARM CLOCK BAKELIKE GREEN,4,2011-02-11 10:57:00,3.75,17705.0,United Kingdom
543664,20727,LUNCH BAG  BLACK SKULL.,10,2011-02-11 10:57:00,1.65,17705.0,United Kingdom
543664,22704,WRAP RED APPLES ,25,2011-02-11 10:57:00,0.42,17705.0,United Kingdom
543664,22986,GINGHAM ROSE WRAP,25,2011-02-11 10:57:00,0.42,17705.0,United Kingdom
543664,22859,EASTER TIN BUNNY BOUQUET,6,2011-02-11 10:57:00,1.65,17705.0,United Kingdom
543664,22858,EASTER TIN KEEPSAKE,6,2011-02-11 10:57:00,1.65,17705.0,United Kingdom
543664,22192,BLUE DINER WALL CLOCK,2,2011-02-11 10:57:00,8.5,17705.0,United Kingdom
543664,22193,RED DINER WALL CLOCK,2,2011-02-11 10:57:00,8.5,17705.0,United Kingdom
543668,22846,BREAD BIN DINER STYLE RED ,4,2011-02-11 11:17:00,14.95,18118.0,United Kingdom
543668,22666,RECIPE BOX PANTRY YELLOW DESIGN,2,2011-02-11 11:17:00,2.95,18118.0,United Kingdom
543668,22667,RECIPE BOX RETROSPOT ,2,2011-02-11 11:17:00,2.95,18118.0,United Kingdom
543668,22665,RECIPE BOX BLUE SKETCHBOOK DESIGN,1,2011-02-11 11:17:00,2.95,18118.0,United Kingdom
543668,22476,EMPIRE UNION JACK TV DINNER TRAY,1,2011-02-11 11:17:00,4.95,18118.0,United Kingdom
543668,85123A,WHITE HANGING HEART T-LIGHT HOLDER,3,2011-02-11 11:17:00,2.95,18118.0,United Kingdom
543668,15056BL,EDWARDIAN PARASOL BLACK,2,2011-02-11 11:17:00,5.95,18118.0,United Kingdom
543668,20679,EDWARDIAN PARASOL RED,1,2011-02-11 11:17:00,5.95,18118.0,United Kingdom
543668,21430,SET/3 RED GINGHAM ROSE STORAGE BOX,1,2011-02-11 11:17:00,3.75,18118.0,United Kingdom
543668,22084,PAPER CHAIN KIT EMPIRE,1,2011-02-11 11:17:00,2.95,18118.0,United Kingdom
543668,22751,FELTCRAFT PRINCESS OLIVIA DOLL,1,2011-02-11 11:17:00,3.75,18118.0,United Kingdom
543668,22750,FELTCRAFT PRINCESS LOLA DOLL,1,2011-02-11 11:17:00,3.75,18118.0,United Kingdom
543668,22273,FELTCRAFT DOLL MOLLY,1,2011-02-11 11:17:00,2.95,18118.0,United Kingdom
543668,22749,FELTCRAFT PRINCESS CHARLOTTE DOLL,1,2011-02-11 11:17:00,3.75,18118.0,United Kingdom
543668,22272,FELTCRAFT DOLL MARIA,1,2011-02-11 11:17:00,2.95,18118.0,United Kingdom
543668,22271,FELTCRAFT DOLL ROSIE,1,2011-02-11 11:17:00,2.95,18118.0,United Kingdom
543669,22693,GROW A FLYTRAP OR SUNFLOWER IN TIN,2400,2011-02-11 11:22:00,0.94,16029.0,United Kingdom
543670,79321,CHILLI LIGHTS,48,2011-02-11 11:23:00,4.25,16013.0,United Kingdom
543670,71477,COLOUR GLASS. STAR T-LIGHT HOLDER,96,2011-02-11 11:23:00,2.75,16013.0,United Kingdom
C543671,22602,RETROSPOT WOODEN HEART DECORATION,-36,2011-02-11 11:24:00,0.85,18087.0,United Kingdom
C543671,22600,CHRISTMAS RETROSPOT STAR WOOD,-12,2011-02-11 11:24:00,0.85,18087.0,United Kingdom
543672,79321,CHILLI LIGHTS,72,2011-02-11 11:25:00,4.25,16013.0,United Kingdom
543673,22423,REGENCY CAKESTAND 3 TIER,32,2011-02-11 11:28:00,10.95,16013.0,United Kingdom
543673,22507,MEMO BOARD RETROSPOT  DESIGN,48,2011-02-11 11:28:00,4.25,16013.0,United Kingdom
543674,21471,STRAWBERRY RAFFIA FOOD COVER,96,2011-02-11 11:28:00,2.95,16013.0,United Kingdom
543674,47566,PARTY BUNTING,100,2011-02-11 11:28:00,3.75,16013.0,United Kingdom
543674,15056N,EDWARDIAN PARASOL NATURAL,120,2011-02-11 11:28:00,4.95,16013.0,United Kingdom
543675,85123A,WHITE HANGING HEART T-LIGHT HOLDER,150,2011-02-11 11:31:00,2.55,16013.0,United Kingdom
543688,22156,HEART DECORATION WITH PEARLS ,48,2011-02-11 11:36:00,0.85,15270.0,United Kingdom
543688,22828,REGENCY MIRROR WITH SHUTTERS,2,2011-02-11 11:36:00,145.0,15270.0,United Kingdom
543691,35004B,SET OF 3 BLACK FLYING DUCKS,48,2011-02-11 11:38:00,4.65,17924.0,United Kingdom
543693,22469,HEART OF WICKER SMALL,40,2011-02-11 11:40:00,1.45,12897.0,United Kingdom
543693,22470,HEART OF WICKER LARGE,24,2011-02-11 11:40:00,2.95,12897.0,United Kingdom
C543706,22423,REGENCY CAKESTAND 3 TIER,-1,2011-02-11 11:44:00,12.75,15044.0,United Kingdom
543713,20728,LUNCH BAG CARS BLUE,5,2011-02-11 11:46:00,4.13,,United Kingdom
543713,20734,SILVER MINI TAPE MEASURE ,3,2011-02-11 11:46:00,1.63,,United Kingdom
543713,21078,SET/20 STRAWBERRY PAPER NAPKINS ,2,2011-02-11 11:46:00,2.46,,United Kingdom
543713,21154,RED RETROSPOT OVEN GLOVE ,2,2011-02-11 11:46:00,3.29,,United Kingdom
543713,21155,RED RETROSPOT PEG BAG,3,2011-02-11 11:46:00,4.96,,United Kingdom
543713,21212,PACK OF 72 RETROSPOT CAKE CASES,14,2011-02-11 11:46:00,2.08,,United Kingdom
543713,21213,PACK OF 72 SKULL CAKE CASES,5,2011-02-11 11:46:00,2.08,,United Kingdom
543713,21215,IVORY PAPER CUP CAKE CASES ,8,2011-02-11 11:46:00,1.25,,United Kingdom
543713,21232,STRAWBERRY CERAMIC TRINKET BOX,23,2011-02-11 11:46:00,3.29,,United Kingdom
543713,21238,RED RETROSPOT CUP,2,2011-02-11 11:46:00,1.63,,United Kingdom
543713,21239,PINK  POLKADOT CUP,3,2011-02-11 11:46:00,1.63,,United Kingdom
543713,21240,BLUE POLKADOT CUP,4,2011-02-11 11:46:00,1.63,,United Kingdom
543713,21327,SKULLS WRITING SET ,4,2011-02-11 11:46:00,2.46,,United Kingdom
543713,21329,DINOSAURS  WRITING SET ,2,2011-02-11 11:46:00,3.29,,United Kingdom
543713,21424,WOODLAND STORAGE BOX LARGE ,2,2011-02-11 11:46:00,6.63,,United Kingdom
543713,21426,WOODLAND STORAGE BOX SMALL,1,2011-02-11 11:46:00,4.96,,United Kingdom
543713,21479,WHITE SKULL HOT WATER BOTTLE ,2,2011-02-11 11:46:00,8.29,,United Kingdom
543713,21481,FAWN BLUE HOT WATER BOTTLE,2,2011-02-11 11:46:00,6.63,,United Kingdom
543713,21484,CHICK GREY HOT WATER BOTTLE,3,2011-02-11 11:46:00,8.29,,United Kingdom
543713,21485,RETROSPOT HEART HOT WATER BOTTLE,3,2011-02-11 11:46:00,7.46,,United Kingdom
543713,21523,DOORMAT FANCY FONT HOME SWEET HOME,2,2011-02-11 11:46:00,16.63,,United Kingdom
543713,21556,CERAMIC STRAWBERRY MONEY BOX,2,2011-02-11 11:46:00,4.13,,United Kingdom
543713,21621,VINTAGE UNION JACK BUNTING,4,2011-02-11 11:46:00,12.46,,United Kingdom
543713,21668,RED STRIPE CERAMIC DRAWER KNOB,10,2011-02-11 11:46:00,2.46,,United Kingdom
543713,21671,RED SPOT CERAMIC DRAWER KNOB,2,2011-02-11 11:46:00,3.29,,United Kingdom
543713,21672,WHITE SPOT RED CERAMIC DRAWER KNOB,4,2011-02-11 11:46:00,2.46,,United Kingdom
543713,21673,WHITE SPOT BLUE CERAMIC DRAWER KNOB,3,2011-02-11 11:46:00,2.46,,United Kingdom
543713,21731,RED TOADSTOOL LED NIGHT LIGHT,10,2011-02-11 11:46:00,4.13,,United Kingdom
543713,21864,UNION JACK FLAG PASSPORT COVER ,2,2011-02-11 11:46:00,4.13,,United Kingdom
543713,21866,UNION JACK FLAG LUGGAGE TAG,5,2011-02-11 11:46:00,3.29,,United Kingdom
543713,21912,VINTAGE SNAKES & LADDERS,2,2011-02-11 11:46:00,7.46,,United Kingdom
543713,21929,JUMBO BAG PINK VINTAGE PAISLEY,9,2011-02-11 11:46:00,4.96,,United Kingdom
543713,21976,PACK OF 60 MUSHROOM CAKE CASES,2,2011-02-11 11:46:00,2.08,,United Kingdom
543713,21989,PACK OF 20 SKULL PAPER NAPKINS,3,2011-02-11 11:46:00,1.63,,United Kingdom
543713,22069,BROWN  PIRATE TREASURE CHEST ,1,2011-02-11 11:46:00,4.13,,United Kingdom
543713,22077,6 RIBBONS RUSTIC CHARM,3,2011-02-11 11:46:00,4.13,,United Kingdom
543713,22079,RIBBON REEL HEARTS DESIGN ,3,2011-02-11 11:46:00,2.46,,United Kingdom
543713,22080,RIBBON REEL POLKADOTS ,1,2011-02-11 11:46:00,4.13,,United Kingdom
543713,22083,PAPER CHAIN KIT RETROSPOT,1,2011-02-11 11:46:00,6.63,,United Kingdom
543713,22084,PAPER CHAIN KIT EMPIRE,2,2011-02-11 11:46:00,4.96,,United Kingdom
543713,22088,PAPER BUNTING COLOURED LACE,14,2011-02-11 11:46:00,4.13,,United Kingdom
543713,22089,PAPER BUNTING VINTAGE PAISLEY,10,2011-02-11 11:46:00,4.13,,United Kingdom
543713,22110,BIRD HOUSE HOT WATER BOTTLE,1,2011-02-11 11:46:00,7.46,,United Kingdom
543713,22725,ALARM CLOCK BAKELIKE CHOCOLATE,1,2011-02-11 11:46:00,8.29,,United Kingdom
543713,22726,ALARM CLOCK BAKELIKE GREEN,1,2011-02-11 11:46:00,8.29,,United Kingdom
543713,22727,ALARM CLOCK BAKELIKE RED ,3,2011-02-11 11:46:00,8.29,,United Kingdom
543713,22728,ALARM CLOCK BAKELIKE PINK,1,2011-02-11 11:46:00,8.29,,United Kingdom
543713,22729,ALARM CLOCK BAKELIKE ORANGE,1,2011-02-11 11:46:00,8.29,,United Kingdom
543713,22734,SET OF 6 RIBBONS VINTAGE CHRISTMAS,1,2011-02-11 11:46:00,5.79,,United Kingdom
543713,22835,HOT WATER BOTTLE I AM SO POORLY,1,2011-02-11 11:46:00,7.46,,United Kingdom
543713,22896,PEG BAG APPLES DESIGN,1,2011-02-11 11:46:00,5.79,,United Kingdom
543713,35970,ZINC FOLKART SLEIGH BELLS,2,2011-02-11 11:46:00,4.13,,United Kingdom
543713,47559b,TEA TIME OVEN GLOVE,3,2011-02-11 11:46:00,3.29,,United Kingdom
543713,47566,PARTY BUNTING,6,2011-02-11 11:46:00,10.79,,United Kingdom
543713,79321,CHILLI LIGHTS,5,2011-02-11 11:46:00,12.46,,United Kingdom
543713,82583,HOT BATHS METAL SIGN,1,2011-02-11 11:46:00,4.13,,United Kingdom
543713,20675,BLUE POLKADOT BOWL,3,2011-02-11 11:46:00,2.46,,United Kingdom
543713,20677,PINK POLKADOT BOWL,3,2011-02-11 11:46:00,2.46,,United Kingdom
543713,20717,STRAWBERRY SHOPPER BAG,3,2011-02-11 11:46:00,2.46,,United Kingdom
543713,20719,WOODLAND CHARLOTTE BAG,28,2011-02-11 11:46:00,2.46,,United Kingdom
543713,20723,STRAWBERRY CHARLOTTE BAG,27,2011-02-11 11:46:00,2.46,,United Kingdom
543713,20724,RED RETROSPOT CHARLOTTE BAG,18,2011-02-11 11:46:00,2.46,,United Kingdom
543713,20727,LUNCH BAG  BLACK SKULL.,2,2011-02-11 11:46:00,4.96,,United Kingdom
543713,22111,SCOTTIE DOG HOT WATER BOTTLE,2,2011-02-11 11:46:00,12.46,,United Kingdom
543713,22112,CHOCOLATE HOT WATER BOTTLE,2,2011-02-11 11:46:00,12.46,,United Kingdom
543713,22151,PLACE SETTING WHITE HEART,11,2011-02-11 11:46:00,1.63,,United Kingdom
543713,22174,PHOTO CUBE,2,2011-02-11 11:46:00,4.13,,United Kingdom
543713,22326,ROUND SNACK BOXES SET OF4 WOODLAND ,3,2011-02-11 11:46:00,6.63,,United Kingdom
543713,22327,ROUND SNACK BOXES SET OF 4 SKULLS,1,2011-02-11 11:46:00,6.63,,United Kingdom
543713,22328,ROUND SNACK BOXES SET OF 4 FRUITS ,2,2011-02-11 11:46:00,4.13,,United Kingdom
543713,22355,CHARLOTTE BAG SUKI DESIGN,50,2011-02-11 11:46:00,2.46,,United Kingdom
543713,22356,CHARLOTTE BAG PINK POLKADOT,14,2011-02-11 11:46:00,2.46,,United Kingdom
543713,22367,CHILDRENS APRON SPACEBOY DESIGN,2,2011-02-11 11:46:00,4.96,,United Kingdom
543713,22380,TOY TIDY SPACEBOY  ,1,2011-02-11 11:46:00,4.13,,United Kingdom
543713,22417,PACK OF 60 SPACEBOY CAKE CASES,1,2011-02-11 11:46:00,2.08,,United Kingdom
543713,22423,REGENCY CAKESTAND 3 TIER,3,2011-02-11 11:46:00,24.96,,United Kingdom
543713,22491,PACK OF 12 COLOURED PENCILS,1,2011-02-11 11:46:00,1.63,,United Kingdom
543713,22499,WOODEN UNION JACK BUNTING,1,2011-02-11 11:46:00,8.29,,United Kingdom
543713,22549,PICTURE DOMINOES,1,2011-02-11 11:46:00,2.46,,United Kingdom
543713,22553,PLASTERS IN TIN SKULLS,1,2011-02-11 11:46:00,3.29,,United Kingdom
543713,22555,PLASTERS IN TIN STRONGMAN,2,2011-02-11 11:46:00,3.29,,United Kingdom
543713,22560,TRADITIONAL MODELLING CLAY,2,2011-02-11 11:46:00,2.46,,United Kingdom
543713,22624,IVORY KITCHEN SCALES,1,2011-02-11 11:46:00,16.63,,United Kingdom
543713,22631,CIRCUS PARADE LUNCH BOX ,4,2011-02-11 11:46:00,3.29,,United Kingdom
543713,22637,PIGGY BANK RETROSPOT ,3,2011-02-11 11:46:00,5.79,,United Kingdom
543713,22644,CERAMIC CHERRY CAKE MONEY BANK,1,2011-02-11 11:46:00,4.13,,United Kingdom
543713,22645,CERAMIC HEART FAIRY CAKE MONEY BANK,8,2011-02-11 11:46:00,4.13,,United Kingdom
543713,22646,CERAMIC STRAWBERRY CAKE MONEY BANK,1,2011-02-11 11:46:00,4.13,,United Kingdom
543713,22652,TRAVEL SEWING KIT,2,2011-02-11 11:46:00,4.13,,United Kingdom
543713,22665,RECIPE BOX BLUE SKETCHBOOK DESIGN,2,2011-02-11 11:46:00,6.63,,United Kingdom
543713,22666,RECIPE BOX PANTRY YELLOW DESIGN,8,2011-02-11 11:46:00,6.63,,United Kingdom
543713,22690,DOORMAT HOME SWEET HOME BLUE ,1,2011-02-11 11:46:00,12.46,,United Kingdom
543713,22694,WICKER STAR ,2,2011-02-11 11:46:00,3.29,,United Kingdom
543713,82583,HOT BATHS METAL SIGN,7,2011-02-11 11:46:00,4.96,,United Kingdom
543713,84029E,RED WOOLLY HOTTIE WHITE HEART.,6,2011-02-11 11:46:00,7.46,,United Kingdom
543713,84029G,KNITTED UNION FLAG HOT WATER BOTTLE,7,2011-02-11 11:46:00,8.29,,United Kingdom
543713,84030e,ENGLISH ROSE HOT WATER BOTTLE,1,2011-02-11 11:46:00,8.29,,United Kingdom
543713,84692,BOX OF 24 COCKTAIL PARASOLS,11,2011-02-11 11:46:00,1.63,,United Kingdom
543713,84989a,75 GREEN FAIRY CAKE CASES,1,2011-02-11 11:46:00,2.08,,United Kingdom
543713,84991,60 TEATIME FAIRY CAKE CASES,2,2011-02-11 11:46:00,1.25,,United Kingdom
543713,84997b,RED 3 PIECE RETROSPOT CUTLERY SET,8,2011-02-11 11:46:00,8.29,,United Kingdom
543713,84997c,BLUE 3 PIECE POLKADOT CUTLERY SET,3,2011-02-11 11:46:00,8.29,,United Kingdom
543713,84997d,PINK 3 PIECE POLKADOT CUTLERY SET,5,2011-02-11 11:46:00,8.29,,United Kingdom
543713,21930,JUMBO STORAGE BAG SKULLS,2,2011-02-11 11:46:00,4.96,,United Kingdom
543713,21934,SKULL SHOULDER BAG,2,2011-02-11 11:46:00,3.29,,United Kingdom
C543729,22698,PINK REGENCY TEACUP AND SAUCER,-1,2011-02-11 11:55:00,2.95,15796.0,United Kingdom
543730,22771,CLEAR DRAWER KNOB ACRYLIC EDWARDIAN,30,2011-02-11 11:57:00,1.25,16928.0,United Kingdom
543730,22775,PURPLE DRAWERKNOB ACRYLIC EDWARDIAN,25,2011-02-11 11:57:00,1.25,16928.0,United Kingdom
543730,22772,PINK DRAWER KNOB ACRYLIC EDWARDIAN,25,2011-02-11 11:57:00,1.25,16928.0,United Kingdom
543730,22774,RED DRAWER KNOB ACRYLIC EDWARDIAN,10,2011-02-11 11:57:00,1.25,16928.0,United Kingdom
543731,21731,RED TOADSTOOL LED NIGHT LIGHT,12,2011-02-11 11:57:00,1.65,17677.0,United Kingdom
543731,21452,TOADSTOOL MONEY BOX,6,2011-02-11 11:57:00,2.95,17677.0,United Kingdom
543731,20713,JUMBO BAG OWLS,100,2011-02-11 11:57:00,1.65,17677.0,United Kingdom
543731,21931,JUMBO STORAGE BAG SUKI,100,2011-02-11 11:57:00,1.65,17677.0,United Kingdom
543731,21498,RED RETROSPOT WRAP ,25,2011-02-11 11:57:00,0.42,17677.0,United Kingdom
543731,84212,"ASSORTED FLOWER COLOUR ""LEIS""",24,2011-02-11 11:57:00,0.65,17677.0,United Kingdom
543731,75049L,LARGE CIRCULAR MIRROR MOBILE,96,2011-02-11 11:57:00,0.85,17677.0,United Kingdom
543731,22087,PAPER BUNTING WHITE LACE,6,2011-02-11 11:57:00,2.95,17677.0,United Kingdom
543731,22846,BREAD BIN DINER STYLE RED ,1,2011-02-11 11:57:00,16.95,17677.0,United Kingdom
543731,84997C,BLUE 3 PIECE POLKADOT CUTLERY SET,4,2011-02-11 11:57:00,4.15,17677.0,United Kingdom
543731,21121,SET/10 RED POLKADOT PARTY CANDLES,24,2011-02-11 11:57:00,1.25,17677.0,United Kingdom
543731,15056N,EDWARDIAN PARASOL NATURAL,3,2011-02-11 11:57:00,5.95,17677.0,United Kingdom
543731,15056N,EDWARDIAN PARASOL NATURAL,3,2011-02-11 11:57:00,5.95,17677.0,United Kingdom
543731,22859,EASTER TIN BUNNY BOUQUET,6,2011-02-11 11:57:00,1.65,17677.0,United Kingdom
543731,22264,FELT FARM ANIMAL WHITE BUNNY ,12,2011-02-11 11:57:00,0.85,17677.0,United Kingdom
543732,15056bl,EDWARDIAN PARASOL BLACK,1,2011-02-11 12:02:00,12.46,,United Kingdom
543732,15056n,EDWARDIAN PARASOL NATURAL,1,2011-02-11 12:02:00,12.46,,United Kingdom
543732,20679,EDWARDIAN PARASOL RED,1,2011-02-11 12:02:00,12.46,,United Kingdom
543732,20681,PINK POLKADOT CHILDRENS UMBRELLA,1,2011-02-11 12:02:00,6.63,,United Kingdom
543732,20682,RED RETROSPOT CHILDRENS UMBRELLA,1,2011-02-11 12:02:00,6.63,,United Kingdom
543732,20711,JUMBO BAG TOYS ,52,2011-02-11 12:02:00,4.13,,United Kingdom
543732,20712,JUMBO BAG WOODLAND ANIMALS,3,2011-02-11 12:02:00,4.13,,United Kingdom
543732,20713,JUMBO BAG OWLS,4,2011-02-11 12:02:00,4.13,,United Kingdom
543732,20998,ROSE DU SUD OVEN GLOVE,1,2011-02-11 12:02:00,5.79,,United Kingdom
543732,21100,CHARLIE AND LOLA CHARLOTTE BAG,1,2011-02-11 12:02:00,4.13,,United Kingdom
543732,21157,RED RETROSPOT WASHBAG,1,2011-02-11 12:02:00,4.13,,United Kingdom
543732,21216,"SET 3 RETROSPOT TEA,COFFEE,SUGAR",1,2011-02-11 12:02:00,10.79,,United Kingdom
543732,21218,RED SPOTTY BISCUIT TIN,2,2011-02-11 12:02:00,8.29,,United Kingdom
543732,21257,VICTORIAN SEWING BOX MEDIUM,2,2011-02-11 12:02:00,15.79,,United Kingdom
543732,21328,BALLOONS  WRITING SET ,1,2011-02-11 12:02:00,3.29,,United Kingdom
543732,21411,GINGHAM HEART  DOORSTOP RED,1,2011-02-11 12:02:00,8.29,,United Kingdom
543732,21428,SET3 BOOK BOX GREEN GINGHAM FLOWER ,1,2011-02-11 12:02:00,8.29,,United Kingdom
543732,21557,SET OF 6 FUNKY BEAKERS,3,2011-02-11 12:02:00,5.63,,United Kingdom
543732,21658,GLASS  BEURRE DISH,1,2011-02-11 12:02:00,8.29,,United Kingdom
543732,21843,RED RETROSPOT CAKE STAND,1,2011-02-11 12:02:00,20.79,,United Kingdom
543732,21931,JUMBO STORAGE BAG SUKI,3,2011-02-11 12:02:00,4.13,,United Kingdom
543732,21974,SET OF 36 PAISLEY FLOWER DOILIES,1,2011-02-11 12:02:00,3.75,,United Kingdom
543732,22041,"RECORD FRAME 7"" SINGLE SIZE ",2,2011-02-11 12:02:00,4.96,,United Kingdom
543732,22055,MINI CAKE STAND  HANGING STRAWBERY,1,2011-02-11 12:02:00,3.29,,United Kingdom
543732,22173,METAL 4 HOOK HANGER FRENCH CHATEAU,1,2011-02-11 12:02:00,5.79,,United Kingdom
543732,22196,SMALL HEART MEASURING SPOONS,2,2011-02-11 12:02:00,1.63,,United Kingdom
543732,22197,SMALL POPCORN HOLDER,2,2011-02-11 12:02:00,1.63,,United Kingdom
543732,22301,COFFEE MUG CAT + BIRD DESIGN,1,2011-02-11 12:02:00,4.96,,United Kingdom
543732,22383,LUNCH BAG SUKI  DESIGN ,1,2011-02-11 12:02:00,4.96,,United Kingdom
543732,22429,ENAMEL MEASURING JUG CREAM,1,2011-02-11 12:02:00,8.29,,United Kingdom
543732,22457,NATURAL SLATE HEART CHALKBOARD ,2,2011-02-11 12:02:00,5.79,,United Kingdom
543732,22469,HEART OF WICKER SMALL,1,2011-02-11 12:02:00,4.13,,United Kingdom
543732,22470,HEART OF WICKER LARGE,5,2011-02-11 12:02:00,5.79,,United Kingdom
543732,22474,SPACEBOY TV DINNER TRAY,1,2011-02-11 12:02:00,10.79,,United Kingdom
543732,22507,MEMO BOARD RETROSPOT  DESIGN,1,2011-02-11 12:02:00,10.79,,United Kingdom
543732,22629,SPACEBOY LUNCH BOX ,1,2011-02-11 12:02:00,2.46,,United Kingdom
543732,22669,RED BABY BUNTING ,1,2011-02-11 12:02:00,5.79,,United Kingdom
543732,22670,FRENCH WC SIGN BLUE METAL,1,2011-02-11 12:02:00,2.46,,United Kingdom
543732,22697,GREEN REGENCY TEACUP AND SAUCER,1,2011-02-11 12:02:00,5.79,,United Kingdom
543732,22758,LARGE PURPLE BABUSHKA NOTEBOOK  ,1,2011-02-11 12:02:00,2.46,,United Kingdom
543732,22778,GLASS CLOCHE SMALL,2,2011-02-11 12:02:00,8.29,,United Kingdom
543732,22781,GUMBALL MAGAZINE RACK,1,2011-02-11 12:02:00,14.96,,United Kingdom
543732,22795,SWEETHEART RECIPE BOOK STAND,1,2011-02-11 12:02:00,13.29,,United Kingdom
543732,22807,SET OF 6 T-LIGHTS TOADSTOOLS,1,2011-02-11 12:02:00,5.79,,United Kingdom
543732,22960,JAM MAKING SET WITH JARS,1,2011-02-11 12:02:00,8.29,,United Kingdom
543732,48138,DOORMAT UNION FLAG,2,2011-02-11 12:02:00,14.13,,United Kingdom
543732,48185,DOORMAT FAIRY CAKE,1,2011-02-11 12:02:00,14.13,,United Kingdom
543732,82494l,WOODEN FRAME ANTIQUE WHITE ,2,2011-02-11 12:02:00,8.29,,United Kingdom
543732,82580,BATHROOM METAL SIGN,2,2011-02-11 12:02:00,1.25,,United Kingdom
543732,84347,ROTATING SILVER ANGELS T-LIGHT HLDR,1,2011-02-11 12:02:00,5.79,,United Kingdom
543732,84378,SET OF 3 HEART COOKIE CUTTERS,3,2011-02-11 12:02:00,3.29,,United Kingdom
543732,84509a,SET OF 4 ENGLISH ROSE PLACEMATS,2,2011-02-11 12:02:00,7.46,,United Kingdom
543732,84510a,SET OF 4 ENGLISH ROSE COASTERS,1,2011-02-11 12:02:00,2.46,,United Kingdom
543732,84970l,SINGLE HEART ZINC T-LIGHT HOLDER,1,2011-02-11 12:02:00,2.08,,United Kingdom
543732,84970s,HANGING HEART ZINC T-LIGHT HOLDER,1,2011-02-11 12:02:00,2.08,,United Kingdom
543732,84988,SET OF 72 PINK HEART PAPER DOILIES,1,2011-02-11 12:02:00,3.75,,United Kingdom
543732,84997a,GREEN 3 PIECE POLKADOT CUTLERY SET,1,2011-02-11 12:02:00,8.29,,United Kingdom
543732,85150,LADIES & GENTLEMEN METAL SIGN,1,2011-02-11 12:02:00,4.96,,United Kingdom
543732,DOT,DOTCOM POSTAGE,1,2011-02-11 12:02:00,198.21,,United Kingdom
543733,22539,MINI JIGSAW DOLLY GIRL,24,2011-02-11 12:16:00,0.42,12395.0,Belgium
543733,22544,MINI JIGSAW SPACEBOY,24,2011-02-11 12:16:00,0.42,12395.0,Belgium
543733,22545,MINI JIGSAW BUNNIES,24,2011-02-11 12:16:00,0.42,12395.0,Belgium
543733,22540,MINI JIGSAW CIRCUS PARADE ,48,2011-02-11 12:16:00,0.42,12395.0,Belgium
543733,22547,MINI JIGSAW DINOSAUR ,24,2011-02-11 12:16:00,0.42,12395.0,Belgium
543733,22556,PLASTERS IN TIN CIRCUS PARADE ,12,2011-02-11 12:16:00,1.65,12395.0,Belgium
543733,22147,FELTCRAFT BUTTERFLY HEARTS,12,2011-02-11 12:16:00,1.45,12395.0,Belgium
543733,22352,LUNCH BOX WITH CUTLERY RETROSPOT ,6,2011-02-11 12:16:00,2.55,12395.0,Belgium
543733,21559,STRAWBERRY LUNCH BOX WITH CUTLERY,6,2011-02-11 12:16:00,2.55,12395.0,Belgium
543733,85232A,SET/3 POLKADOT STACKING TINS,3,2011-02-11 12:16:00,4.95,12395.0,Belgium
543733,21218,RED SPOTTY BISCUIT TIN,6,2011-02-11 12:16:00,3.75,12395.0,Belgium
543733,22740,POLKADOT PEN,48,2011-02-11 12:16:00,0.85,12395.0,Belgium
543733,22531,MAGIC DRAWING SLATE CIRCUS PARADE  ,24,2011-02-11 12:16:00,0.42,12395.0,Belgium
543733,POST,POSTAGE,1,2011-02-11 12:16:00,15.0,12395.0,Belgium
543734,22926,IVORY GIANT GARDEN THERMOMETER,6,2011-02-11 12:22:00,5.95,17512.0,United Kingdom
543734,22917,HERB MARKER ROSEMARY,12,2011-02-11 12:22:00,0.65,17512.0,United Kingdom
543734,22921,HERB MARKER CHIVES ,12,2011-02-11 12:22:00,0.65,17512.0,United Kingdom
543734,22920,HERB MARKER BASIL,12,2011-02-11 12:22:00,0.65,17512.0,United Kingdom
543734,22919,HERB MARKER MINT,12,2011-02-11 12:22:00,0.65,17512.0,United Kingdom
543734,22916,HERB MARKER THYME,12,2011-02-11 12:22:00,0.65,17512.0,United Kingdom
543734,22488,NATURAL SLATE RECTANGLE CHALKBOARD,12,2011-02-11 12:22:00,1.65,17512.0,United Kingdom
543734,22457,NATURAL SLATE HEART CHALKBOARD ,6,2011-02-11 12:22:00,2.95,17512.0,United Kingdom
543734,21745,GAOLERS KEYS DECORATIVE GARDEN ,8,2011-02-11 12:22:00,3.75,17512.0,United Kingdom
543734,22456,NATURAL SLATE CHALKBOARD LARGE ,9,2011-02-11 12:22:00,4.95,17512.0,United Kingdom
543734,84755,COLOUR GLASS T-LIGHT HOLDER HANGING,144,2011-02-11 12:22:00,0.55,17512.0,United Kingdom
543734,22676,FRENCH BLUE METAL DOOR SIGN 1,10,2011-02-11 12:22:00,1.25,17512.0,United Kingdom
543734,21166,COOK WITH WINE METAL SIGN ,12,2011-02-11 12:22:00,2.08,17512.0,United Kingdom
543734,21181,PLEASE ONE PERSON METAL SIGN,12,2011-02-11 12:22:00,2.1,17512.0,United Kingdom
543734,82582,AREA PATROLLED METAL SIGN,12,2011-02-11 12:22:00,2.1,17512.0,United Kingdom
543734,21175,GIN + TONIC DIET METAL SIGN,6,2011-02-11 12:22:00,2.55,17512.0,United Kingdom
543734,82551,LAUNDRY 15C METAL SIGN,12,2011-02-11 12:22:00,1.45,17512.0,United Kingdom
543734,22690,DOORMAT HOME SWEET HOME BLUE ,4,2011-02-11 12:22:00,7.95,17512.0,United Kingdom
543734,85123A,WHITE HANGING HEART T-LIGHT HOLDER,12,2011-02-11 12:22:00,2.95,17512.0,United Kingdom
543734,21080,SET/20 RED RETROSPOT PAPER NAPKINS ,12,2011-02-11 12:22:00,0.85,17512.0,United Kingdom
543734,22907,PACK OF 20 NAPKINS PANTRY DESIGN,12,2011-02-11 12:22:00,0.85,17512.0,United Kingdom
543734,84520B,PACK 20 ENGLISH ROSE PAPER NAPKINS,12,2011-02-11 12:22:00,0.85,17512.0,United Kingdom
543734,22851,SET 20 NAPKINS FAIRY CAKES DESIGN ,12,2011-02-11 12:22:00,0.85,17512.0,United Kingdom
543735,22720,SET OF 3 CAKE TINS PANTRY DESIGN ,24,2011-02-11 12:32:00,4.25,16191.0,United Kingdom
543735,84375,SET OF 20 KIDS COOKIE CUTTERS,12,2011-02-11 12:32:00,2.1,16191.0,United Kingdom
543735,22971,QUEENS GUARD COFFEE MUG,12,2011-02-11 12:32:00,2.55,16191.0,United Kingdom
543735,22988,SOLDIERS EGG CUP ,24,2011-02-11 12:32:00,1.25,16191.0,United Kingdom
543735,22178,VICTORIAN GLASS HANGING T-LIGHT,96,2011-02-11 12:32:00,1.06,16191.0,United Kingdom
543735,22727,ALARM CLOCK BAKELIKE RED ,12,2011-02-11 12:32:00,3.75,16191.0,United Kingdom
543735,22729,ALARM CLOCK BAKELIKE ORANGE,12,2011-02-11 12:32:00,3.75,16191.0,United Kingdom
543735,22726,ALARM CLOCK BAKELIKE GREEN,12,2011-02-11 12:32:00,3.75,16191.0,United Kingdom
543735,22728,ALARM CLOCK BAKELIKE PINK,12,2011-02-11 12:32:00,3.75,16191.0,United Kingdom
543735,22725,ALARM CLOCK BAKELIKE CHOCOLATE,12,2011-02-11 12:32:00,3.75,16191.0,United Kingdom
543736,22710,WRAP I LOVE LONDON ,25,2011-02-11 12:36:00,0.42,15044.0,United Kingdom
543736,22986,GINGHAM ROSE WRAP,25,2011-02-11 12:36:00,0.42,15044.0,United Kingdom
543736,23231,WRAP DOILEY DESIGN,25,2011-02-11 12:36:00,0.42,15044.0,United Kingdom
543736,23230,WRAP ALPHABET DESIGN,25,2011-02-11 12:36:00,0.42,15044.0,United Kingdom
543736,21500,PINK POLKADOT WRAP ,25,2011-02-11 12:36:00,0.42,15044.0,United Kingdom
543736,22471,TV DINNER TRAY AIR HOSTESS ,1,2011-02-11 12:36:00,4.95,15044.0,United Kingdom
543736,22794,SWEETHEART WIRE MAGAZINE RACK,3,2011-02-11 12:36:00,7.95,15044.0,United Kingdom
543736,22784,LANTERN CREAM GAZEBO ,6,2011-02-11 12:36:00,4.95,15044.0,United Kingdom
543736,84050,PINK HEART SHAPE EGG FRYING PAN,8,2011-02-11 12:36:00,1.65,15044.0,United Kingdom
543736,84406B,CREAM CUPID HEARTS COAT HANGER,12,2011-02-11 12:36:00,4.15,15044.0,United Kingdom
543736,21166,COOK WITH WINE METAL SIGN ,8,2011-02-11 12:36:00,2.08,15044.0,United Kingdom
543736,85123A,WHITE HANGING HEART T-LIGHT HOLDER,12,2011-02-11 12:36:00,2.95,15044.0,United Kingdom
543736,82482,WOODEN PICTURE FRAME WHITE FINISH,6,2011-02-11 12:36:00,2.55,15044.0,United Kingdom
543736,82494L,WOODEN FRAME ANTIQUE WHITE ,6,2011-02-11 12:36:00,2.95,15044.0,United Kingdom
543736,22508,DOORSTOP RETROSPOT HEART,3,2011-02-11 12:36:00,3.75,15044.0,United Kingdom
543736,21755,LOVE BUILDING BLOCK WORD,12,2011-02-11 12:36:00,5.95,15044.0,United Kingdom
543736,22698,PINK REGENCY TEACUP AND SAUCER,6,2011-02-11 12:36:00,2.95,15044.0,United Kingdom
543736,20711,JUMBO BAG TOYS ,10,2011-02-11 12:36:00,1.95,15044.0,United Kingdom
543736,85066,CREAM SWEETHEART MINI CHEST,2,2011-02-11 12:36:00,12.75,15044.0,United Kingdom
543736,48187,DOORMAT NEW ENGLAND,2,2011-02-11 12:36:00,7.95,15044.0,United Kingdom
543736,48194,DOORMAT HEARTS,4,2011-02-11 12:36:00,7.95,15044.0,United Kingdom
543736,21955,DOORMAT UNION JACK GUNS AND ROSES,3,2011-02-11 12:36:00,7.95,15044.0,United Kingdom
543736,48138,DOORMAT UNION FLAG,3,2011-02-11 12:36:00,7.95,15044.0,United Kingdom
543736,21524,DOORMAT SPOTTY HOME SWEET HOME,2,2011-02-11 12:36:00,7.95,15044.0,United Kingdom
543736,20971,PINK BLUE FELT CRAFT TRINKET BOX,8,2011-02-11 12:36:00,1.25,15044.0,United Kingdom
543736,21677,HEARTS  STICKERS,6,2011-02-11 12:36:00,0.85,15044.0,United Kingdom
543736,22829,SWEETHEART WIRE WALL TIDY,2,2011-02-11 12:36:00,9.95,15044.0,United Kingdom
543736,22832,BROCANTE SHELF WITH HOOKS,4,2011-02-11 12:36:00,10.75,15044.0,United Kingdom
543736,22179,SET 10 LIGHTS NIGHT OWL,2,2011-02-11 12:36:00,6.75,15044.0,United Kingdom
543736,21916,SET 12 RETRO WHITE CHALK STICKS,8,2011-02-11 12:36:00,0.42,15044.0,United Kingdom
543737,21484,CHICK GREY HOT WATER BOTTLE,8,2011-02-11 12:45:00,3.45,12477.0,Germany
543737,21441,BLUE BIRDHOUSE DECORATION,12,2011-02-11 12:45:00,0.85,12477.0,Germany
543737,21523,DOORMAT FANCY FONT HOME SWEET HOME,8,2011-02-11 12:45:00,7.95,12477.0,Germany
543737,22365,DOORMAT RESPECTABLE HOUSE,8,2011-02-11 12:45:00,7.95,12477.0,Germany
543737,22366,DOORMAT AIRMAIL ,8,2011-02-11 12:45:00,7.95,12477.0,Germany
543737,22414,DOORMAT NEIGHBOURHOOD WITCH ,4,2011-02-11 12:45:00,7.95,12477.0,Germany
543737,22690,DOORMAT HOME SWEET HOME BLUE ,4,2011-02-11 12:45:00,7.95,12477.0,Germany
543737,48187,DOORMAT NEW ENGLAND,10,2011-02-11 12:45:00,6.75,12477.0,Germany
543737,22431,WATERING CAN BLUE ELEPHANT,6,2011-02-11 12:45:00,1.95,12477.0,Germany
543737,22354,RETROSPOT PADDED SEAT CUSHION,5,2011-02-11 12:45:00,3.75,12477.0,Germany
543737,21672,WHITE SPOT RED CERAMIC DRAWER KNOB,12,2011-02-11 12:45:00,1.25,12477.0,Germany
543737,22805,BLUE DRAWER KNOB ACRYLIC EDWARDIAN,12,2011-02-11 12:45:00,1.25,12477.0,Germany
543737,22511,RETROSPOT BABUSHKA DOORSTOP,4,2011-02-11 12:45:00,3.75,12477.0,Germany
543737,21116,OWL DOORSTOP,3,2011-02-11 12:45:00,4.95,12477.0,Germany
543737,22508,DOORSTOP RETROSPOT HEART,4,2011-02-11 12:45:00,3.75,12477.0,Germany
543737,21411,GINGHAM HEART  DOORSTOP RED,3,2011-02-11 12:45:00,4.25,12477.0,Germany
543737,20794,BLUE  TILE HOOK,8,2011-02-11 12:45:00,2.55,12477.0,Germany
543737,22212,FOUR HOOK  WHITE LOVEBIRDS,12,2011-02-11 12:45:00,2.1,12477.0,Germany
543737,22243,5 HOOK HANGER RED MAGIC TOADSTOOL,12,2011-02-11 12:45:00,1.65,12477.0,Germany
543737,22244,3 HOOK HANGER MAGIC GARDEN,36,2011-02-11 12:45:00,1.95,12477.0,Germany
543737,22912,YELLOW COAT RACK PARIS FASHION,3,2011-02-11 12:45:00,4.95,12477.0,Germany
543737,84406B,CREAM CUPID HEARTS COAT HANGER,16,2011-02-11 12:45:00,3.25,12477.0,Germany
543737,21218,RED SPOTTY BISCUIT TIN,120,2011-02-11 12:45:00,3.25,12477.0,Germany
543737,35241,ENAMEL BLUE RIM BISCUIT BIN,24,2011-02-11 12:45:00,4.25,12477.0,Germany
543737,21217,RED RETROSPOT ROUND CAKE TINS,10,2011-02-11 12:45:00,9.95,12477.0,Germany
543737,22720,SET OF 3 CAKE TINS PANTRY DESIGN ,12,2011-02-11 12:45:00,4.95,12477.0,Germany
543737,22721,SET OF 3 CAKE TINS SKETCHBOOK,6,2011-02-11 12:45:00,4.95,12477.0,Germany
543737,22199,FRYING PAN RED RETROSPOT,12,2011-02-11 12:45:00,4.25,12477.0,Germany
543737,22723,SET OF 6 HERB TINS SKETCHBOOK,4,2011-02-11 12:45:00,3.95,12477.0,Germany
543737,22722,SET OF 6 SPICE TINS PANTRY DESIGN,12,2011-02-11 12:45:00,3.95,12477.0,Germany
543737,22896,PEG BAG APPLES DESIGN,6,2011-02-11 12:45:00,2.55,12477.0,Germany
543737,22203,MILK PAN RED RETROSPOT,16,2011-02-11 12:45:00,3.75,12477.0,Germany
543737,22897,OVEN MITT APPLES DESIGN,10,2011-02-11 12:45:00,1.45,12477.0,Germany
543737,21216,"SET 3 RETROSPOT TEA,COFFEE,SUGAR",20,2011-02-11 12:45:00,4.95,12477.0,Germany
543737,35810B,ENAMEL BLUE RIM COFFEE CONTAINER,6,2011-02-11 12:45:00,2.1,12477.0,Germany
543737,22482,BLUE TEA TOWEL CLASSIC DESIGN,12,2011-02-11 12:45:00,1.25,12477.0,Germany
543737,22900, SET 2 TEA TOWELS I LOVE LONDON ,6,2011-02-11 12:45:00,2.95,12477.0,Germany
543737,84968A,SET OF 16 VINTAGE ROSE CUTLERY,5,2011-02-11 12:45:00,12.75,12477.0,Germany
543737,84968D,SET OF 16 VINTAGE RED CUTLERY,10,2011-02-11 12:45:00,12.75,12477.0,Germany
543737,84968F,SET OF 16 VINTAGE SKY BLUE CUTLERY,5,2011-02-11 12:45:00,12.75,12477.0,Germany
543737,84997B,RED 3 PIECE RETROSPOT CUTLERY SET,6,2011-02-11 12:45:00,3.75,12477.0,Germany
543737,22260,FELT EGG COSY BLUE RABBIT ,12,2011-02-11 12:45:00,0.85,12477.0,Germany
543737,22262,FELT EGG COSY CHICKEN,12,2011-02-11 12:45:00,0.85,12477.0,Germany
543737,21564,PINK  HEART SHAPE LOVE BUCKET ,36,2011-02-11 12:45:00,2.95,12477.0,Germany
543737,21563,RED HEART SHAPE LOVE BUCKET ,12,2011-02-11 12:45:00,2.95,12477.0,Germany
543737,21485,RETROSPOT HEART HOT WATER BOTTLE,21,2011-02-11 12:45:00,4.95,12477.0,Germany
543737,21935,SUKI  SHOULDER BAG,10,2011-02-11 12:45:00,1.65,12477.0,Germany
543737,22449,SILK PURSE BABUSHKA PINK,6,2011-02-11 12:45:00,3.35,12477.0,Germany
543737,21706,FOLDING UMBRELLA RED/WHITE POLKADOT,4,2011-02-11 12:45:00,4.95,12477.0,Germany
543737,22168,ORGANISER WOOD ANTIQUE WHITE ,2,2011-02-11 12:45:00,8.5,12477.0,Germany
543737,21668,RED STRIPE CERAMIC DRAWER KNOB,12,2011-02-11 12:45:00,1.25,12477.0,Germany
543737,21669,BLUE STRIPE CERAMIC DRAWER KNOB,12,2011-02-11 12:45:00,1.25,12477.0,Germany
543738,22791,T-LIGHT GLASS FLUTED ANTIQUE,72,2011-02-11 12:48:00,1.06,13094.0,United Kingdom
543739,72131,COLUMBIAN CANDLE RECTANGLE,6,2011-02-11 12:49:00,1.95,15550.0,United Kingdom
543739,21012,ANTIQUE ALL GLASS CANDLESTICK,6,2011-02-11 12:49:00,2.1,15550.0,United Kingdom
543739,22662,LUNCH BAG DOLLY GIRL DESIGN,4,2011-02-11 12:49:00,1.65,15550.0,United Kingdom
543739,20726,LUNCH BAG WOODLAND,2,2011-02-11 12:49:00,1.65,15550.0,United Kingdom
543739,22383,LUNCH BAG SUKI  DESIGN ,2,2011-02-11 12:49:00,1.65,15550.0,United Kingdom
543739,79000,MOROCCAN TEA GLASS,12,2011-02-11 12:49:00,0.85,15550.0,United Kingdom
543739,20828,GLITTER BUTTERFLY CLIPS,6,2011-02-11 12:49:00,2.55,15550.0,United Kingdom
543739,85062,PEARL CRYSTAL PUMPKIN T-LIGHT HLDR,6,2011-02-11 12:49:00,1.65,15550.0,United Kingdom
543739,84755,COLOUR GLASS T-LIGHT HOLDER HANGING,16,2011-02-11 12:49:00,0.65,15550.0,United Kingdom
543739,85040B,SET/4 BLUE FLOWER CANDLES IN BOWL,12,2011-02-11 12:49:00,1.65,15550.0,United Kingdom
543739,85040A,S/4 PINK FLOWER CANDLES IN BOWL,12,2011-02-11 12:49:00,1.65,15550.0,United Kingdom
543739,22178,VICTORIAN GLASS HANGING T-LIGHT,12,2011-02-11 12:49:00,1.25,15550.0,United Kingdom
543740,22774,RED DRAWER KNOB ACRYLIC EDWARDIAN,192,2011-02-11 13:36:00,1.06,15311.0,United Kingdom
543740,82486,WOOD S/3 CABINET ANT WHITE FINISH,2,2011-02-11 13:36:00,8.95,15311.0,United Kingdom
543740,21928,JUMBO BAG SCANDINAVIAN PAISLEY,10,2011-02-11 13:36:00,1.95,15311.0,United Kingdom
543740,20713,JUMBO BAG OWLS,1,2011-02-11 13:36:00,1.95,15311.0,United Kingdom
543740,20712,JUMBO BAG WOODLAND ANIMALS,1,2011-02-11 13:36:00,1.95,15311.0,United Kingdom
543740,21931,JUMBO STORAGE BAG SUKI,1,2011-02-11 13:36:00,1.95,15311.0,United Kingdom
543740,37444B,BLUE BREAKFAST CUP AND SAUCER ,1,2011-02-11 13:36:00,2.95,15311.0,United Kingdom
543740,37444A,YELLOW BREAKFAST CUP AND SAUCER,3,2011-02-11 13:36:00,2.95,15311.0,United Kingdom
543740,84849D,HOT BATHS SOAP HOLDER,2,2011-02-11 13:36:00,1.69,15311.0,United Kingdom
543740,22262,FELT EGG COSY CHICKEN,2,2011-02-11 13:36:00,0.85,15311.0,United Kingdom
543740,22620,4 TRADITIONAL SPINNING TOPS,2,2011-02-11 13:36:00,1.25,15311.0,United Kingdom
543740,85187,S/12 MINI RABBIT EASTER,2,2011-02-11 13:36:00,1.65,15311.0,United Kingdom
543740,21456,2 PICTURE BOOK EGGS EASTER CHICKS,6,2011-02-11 13:36:00,1.25,15311.0,United Kingdom
543740,47590A,BLUE HAPPY BIRTHDAY BUNTING,1,2011-02-11 13:36:00,5.45,15311.0,United Kingdom
543740,22318,FIVE HEART HANGING DECORATION,1,2011-02-11 13:36:00,2.95,15311.0,United Kingdom
543740,85205B,PINK FELT EASTER RABBIT GARLAND,2,2011-02-11 13:36:00,2.55,15311.0,United Kingdom
543740,35920,FOUR RABBIT EASTER DECORATIONS,3,2011-02-11 13:36:00,1.25,15311.0,United Kingdom
543740,84836,ZINC METAL HEART DECORATION,12,2011-02-11 13:36:00,1.25,15311.0,United Kingdom
543740,21389,IVORY HANGING DECORATION  BIRD,24,2011-02-11 13:36:00,0.85,15311.0,United Kingdom
543740,17136A,BLUE STONES ON WIRE FOR CANDLE,2,2011-02-11 13:36:00,0.21,15311.0,United Kingdom
543740,84997A,GREEN 3 PIECE POLKADOT CUTLERY SET,2,2011-02-11 13:36:00,4.15,15311.0,United Kingdom
543740,22284,HEN HOUSE DECORATION,4,2011-02-11 13:36:00,1.65,15311.0,United Kingdom
543740,21563,RED HEART SHAPE LOVE BUCKET ,2,2011-02-11 13:36:00,2.95,15311.0,United Kingdom
C543741,22179,SET 10 LIGHTS NIGHT OWL,-1,2011-02-11 13:37:00,6.75,13021.0,United Kingdom
C543742,20985,HEART CALCULATOR,-1,2011-02-11 13:38:00,1.25,14676.0,United Kingdom
C543743,M,Manual,-1,2011-02-11 13:39:00,4.5,12505.0,Italy
C543744,85232B,SET OF 3 BABUSHKA STACKING TINS,-3,2011-02-11 13:43:00,4.95,13672.0,United Kingdom
C543744,21655,HANGING RIDGE GLASS T-LIGHT HOLDER,-12,2011-02-11 13:43:00,1.69,13672.0,United Kingdom
C543744,79323P,PINK CHERRY LIGHTS,-4,2011-02-11 13:43:00,6.75,13672.0,United Kingdom
C543745,79323B,BLACK CHERRY LIGHTS,-4,2011-02-11 13:46:00,6.75,13672.0,United Kingdom
C543745,85232B,SET OF 3 BABUSHKA STACKING TINS,-3,2011-02-11 13:46:00,4.95,13672.0,United Kingdom
C543745,21655,HANGING RIDGE GLASS T-LIGHT HOLDER,-12,2011-02-11 13:46:00,1.69,13672.0,United Kingdom
543746,22625,RED KITCHEN SCALES,2,2011-02-11 13:50:00,8.5,17675.0,United Kingdom
543746,22720,SET OF 3 CAKE TINS PANTRY DESIGN ,3,2011-02-11 13:50:00,4.95,17675.0,United Kingdom
543746,22191,IVORY DINER WALL CLOCK,4,2011-02-11 13:50:00,8.5,17675.0,United Kingdom
543746,22193,RED DINER WALL CLOCK,4,2011-02-11 13:50:00,8.5,17675.0,United Kingdom
543746,21754,HOME BUILDING BLOCK WORD,6,2011-02-11 13:50:00,5.95,17675.0,United Kingdom
543746,47566,PARTY BUNTING,8,2011-02-11 13:50:00,4.95,17675.0,United Kingdom
543746,85099B,JUMBO BAG RED RETROSPOT,10,2011-02-11 13:50:00,1.95,17675.0,United Kingdom
543746,22726,ALARM CLOCK BAKELIKE GREEN,8,2011-02-11 13:50:00,3.75,17675.0,United Kingdom
543746,22727,ALARM CLOCK BAKELIKE RED ,8,2011-02-11 13:50:00,3.75,17675.0,United Kingdom
543746,85174,S/4 CACTI CANDLES,8,2011-02-11 13:50:00,4.95,17675.0,United Kingdom
543746,21668,RED STRIPE CERAMIC DRAWER KNOB,24,2011-02-11 13:50:00,1.25,17675.0,United Kingdom
543747,79323B,BLACK CHERRY LIGHTS,8,2011-02-11 13:53:00,6.75,13672.0,United Kingdom
543747,85232B,SET OF 3 BABUSHKA STACKING TINS,6,2011-02-11 13:53:00,4.95,13672.0,United Kingdom
543747,21655,HANGING RIDGE GLASS T-LIGHT HOLDER,24,2011-02-11 13:53:00,1.69,13672.0,United Kingdom
543748,21462,"NURSERY A,B,C PAINTED LETTERS",6,2011-02-11 13:54:00,6.75,12913.0,United Kingdom
543748,90057,DIAMANTE RING ASSORTED IN BOX.,48,2011-02-11 13:54:00,1.25,12913.0,United Kingdom
543748,90185D,CRYSTAL DIAMANTE EXPANDABLE RING,6,2011-02-11 13:54:00,4.25,12913.0,United Kingdom
543748,21754,HOME BUILDING BLOCK WORD,12,2011-02-11 13:54:00,5.95,12913.0,United Kingdom
543748,21755,LOVE BUILDING BLOCK WORD,12,2011-02-11 13:54:00,5.95,12913.0,United Kingdom
543748,84946,ANTIQUE SILVER TEA GLASS ETCHED,24,2011-02-11 13:54:00,1.25,12913.0,United Kingdom
543748,71053,WHITE METAL LANTERN,4,2011-02-11 13:54:00,3.75,12913.0,United Kingdom
C543749,M,Manual,-1,2011-02-11 13:55:00,71.46,13672.0,United Kingdom
C543750,22845,VINTAGE CREAM CAT FOOD CONTAINER,-1,2011-02-11 13:59:00,6.35,18250.0,United Kingdom
543751,22607,WOODEN ROUNDERS GARDEN SET ,1,2011-02-11 14:00:00,9.95,,United Kingdom
543751,40003,WHITE BAMBOO RIBS LAMPSHADE,1,2011-02-11 14:00:00,1.25,,United Kingdom
C543752,D,Discount,-1,2011-02-11 14:12:00,64.27,14031.0,United Kingdom
543753,84596L,BISCUITS SMALL BOWL LIGHT BLUE,6,2011-02-11 14:15:00,1.25,,United Kingdom
543754,22423,REGENCY CAKESTAND 3 TIER,16,2011-02-11 14:26:00,10.95,18159.0,United Kingdom
543754,22698,PINK REGENCY TEACUP AND SAUCER,6,2011-02-11 14:26:00,2.95,18159.0,United Kingdom
543754,22697,GREEN REGENCY TEACUP AND SAUCER,6,2011-02-11 14:26:00,2.95,18159.0,United Kingdom
543754,22699,ROSES REGENCY TEACUP AND SAUCER ,6,2011-02-11 14:26:00,2.95,18159.0,United Kingdom
543754,22692,DOORMAT WELCOME TO OUR HOME,2,2011-02-11 14:26:00,7.95,18159.0,United Kingdom
543754,22846,BREAD BIN DINER STYLE RED ,1,2011-02-11 14:26:00,16.95,18159.0,United Kingdom
543754,22193,RED DINER WALL CLOCK,2,2011-02-11 14:26:00,8.5,18159.0,United Kingdom
543754,22191,IVORY DINER WALL CLOCK,2,2011-02-11 14:26:00,8.5,18159.0,United Kingdom
543754,21922,UNION STRIPE WITH FRINGE  HAMMOCK,2,2011-02-11 14:26:00,7.95,18159.0,United Kingdom
543754,22878,NUMBER TILE COTTAGE GARDEN No,6,2011-02-11 14:26:00,2.1,18159.0,United Kingdom
543754,22868,NUMBER TILE COTTAGE GARDEN 0 ,8,2011-02-11 14:26:00,1.95,18159.0,United Kingdom
543754,22877,NUMBER TILE COTTAGE GARDEN 9,8,2011-02-11 14:26:00,1.95,18159.0,United Kingdom
543754,22876,NUMBER TILE COTTAGE GARDEN 8,8,2011-02-11 14:26:00,1.95,18159.0,United Kingdom
543754,22875,NUMBER TILE COTTAGE GARDEN 7,8,2011-02-11 14:26:00,1.95,18159.0,United Kingdom
543754,22874,NUMBER TILE COTTAGE GARDEN 6,8,2011-02-11 14:26:00,1.95,18159.0,United Kingdom
543754,22873,NUMBER TILE COTTAGE GARDEN 5,8,2011-02-11 14:26:00,1.95,18159.0,United Kingdom
543754,22872,NUMBER TILE COTTAGE GARDEN 4,8,2011-02-11 14:26:00,1.95,18159.0,United Kingdom
543754,22871,NUMBER TILE COTTAGE GARDEN 3 ,8,2011-02-11 14:26:00,1.95,18159.0,United Kingdom
543754,22870,NUMBER TILE COTTAGE GARDEN 2,8,2011-02-11 14:26:00,1.95,18159.0,United Kingdom
543754,22869,NUMBER TILE COTTAGE GARDEN 1,8,2011-02-11 14:26:00,1.95,18159.0,United Kingdom
543754,22839,3 TIER CAKE TIN GREEN AND CREAM,1,2011-02-11 14:26:00,14.95,18159.0,United Kingdom
543754,22084,PAPER CHAIN KIT EMPIRE,6,2011-02-11 14:26:00,2.95,18159.0,United Kingdom
543754,22499,WOODEN UNION JACK BUNTING,3,2011-02-11 14:26:00,5.95,18159.0,United Kingdom
C543755,85049G,CHOCOLATE BOX RIBBONS ,-12,2011-02-11 14:48:00,1.25,14304.0,United Kingdom
C543755,22311,OFFICE MUG WARMER BLACK+SILVER ,-6,2011-02-11 14:48:00,2.95,14304.0,United Kingdom
C543755,21591,COSY HOUR CIGAR BOX MATCHES ,-24,2011-02-11 14:48:00,1.25,14304.0,United Kingdom
C543755,85045,GREEN CHRISTMAS TREE STRING 20LIGHT,-4,2011-02-11 14:48:00,4.95,14304.0,United Kingdom
C543755,22087,PAPER BUNTING WHITE LACE,-6,2011-02-11 14:48:00,2.95,14304.0,United Kingdom
C543755,21915,RED  HARMONICA IN BOX ,-12,2011-02-11 14:48:00,1.25,14304.0,United Kingdom
C543755,22617,BAKING SET SPACEBOY DESIGN,-3,2011-02-11 14:48:00,4.95,14304.0,United Kingdom
C543755,22158,3 HEARTS HANGING DECORATION RUSTIC,-8,2011-02-11 14:48:00,2.95,14304.0,United Kingdom
C543755,22568,FELTCRAFT CUSHION OWL,-4,2011-02-11 14:48:00,3.75,14304.0,United Kingdom
C543755,22743,MAKE YOUR OWN FLOWERPOWER CARD KIT,-6,2011-02-11 14:48:00,2.95,14304.0,United Kingdom
C543756,22364,GLASS JAR DIGESTIVE BISCUITS,-7,2011-02-11 14:50:00,2.55,13089.0,United Kingdom
C543756,22360,GLASS JAR ENGLISH CONFECTIONERY,-11,2011-02-11 14:50:00,2.55,13089.0,United Kingdom
C543756,84949,SILVER HANGING T-LIGHT HOLDER,-6,2011-02-11 14:50:00,1.45,13089.0,United Kingdom
C543757,22068,BLACK PIRATE TREASURE CHEST,-1,2011-02-11 15:05:00,1.65,13115.0,United Kingdom
C543758,D,Discount,-1,2011-02-11 15:07:00,65.91,15299.0,United Kingdom
543759,84879,ASSORTED COLOUR BIRD ORNAMENT,32,2011-02-11 15:12:00,1.69,12921.0,United Kingdom
543759,85099B,JUMBO BAG RED RETROSPOT,30,2011-02-11 15:12:00,1.95,12921.0,United Kingdom
543759,21928,JUMBO BAG SCANDINAVIAN PAISLEY,20,2011-02-11 15:12:00,1.95,12921.0,United Kingdom
543759,22386,JUMBO BAG PINK POLKADOT,20,2011-02-11 15:12:00,1.95,12921.0,United Kingdom
543759,22385,JUMBO BAG SPACEBOY DESIGN,30,2011-02-11 15:12:00,1.95,12921.0,United Kingdom
543759,21666,RIDGED GLASS T-LIGHT HOLDER,12,2011-02-11 15:12:00,0.65,12921.0,United Kingdom
543759,22791,T-LIGHT GLASS FLUTED ANTIQUE,24,2011-02-11 15:12:00,1.25,12921.0,United Kingdom
543759,84945,MULTI COLOUR SILVER T-LIGHT HOLDER,12,2011-02-11 15:12:00,0.85,12921.0,United Kingdom
543759,84946,ANTIQUE SILVER TEA GLASS ETCHED,12,2011-02-11 15:12:00,1.25,12921.0,United Kingdom
543759,22178,VICTORIAN GLASS HANGING T-LIGHT,12,2011-02-11 15:12:00,1.25,12921.0,United Kingdom
543759,71459,HANGING JAM JAR T-LIGHT HOLDER,36,2011-02-11 15:12:00,0.85,12921.0,United Kingdom
543759,85062,PEARL CRYSTAL PUMPKIN T-LIGHT HLDR,12,2011-02-11 15:12:00,1.65,12921.0,United Kingdom
C543760,37446,MINI CAKE STAND WITH HANGING CAKES,-48,2011-02-11 15:12:00,1.25,15638.0,United Kingdom
C543760,37449,CERAMIC CAKE STAND + HANGING CAKES,-4,2011-02-11 15:12:00,8.5,15638.0,United Kingdom
C543761,22569,FELTCRAFT CUSHION BUTTERFLY,-1,2011-02-11 15:13:00,3.75,12943.0,United Kingdom
543762,22457,NATURAL SLATE HEART CHALKBOARD ,1,2011-02-11 15:14:00,2.95,,United Kingdom
543762,22227,HANGING HEART MIRROR DECORATION ,1,2011-02-11 15:14:00,0.65,,United Kingdom
543762,22766,PHOTO FRAME CORNICE,1,2011-02-11 15:14:00,2.95,,United Kingdom
C543763,22770,MIRROR CORNICE,-1,2011-02-11 15:14:00,14.95,13050.0,United Kingdom
C543763,22767,TRIPLE PHOTO FRAME CORNICE ,-2,2011-02-11 15:14:00,9.95,13050.0,United Kingdom
C543764,79191C,RETRO PLASTIC ELEPHANT TRAY,-12,2011-02-11 15:16:00,0.85,17035.0,United Kingdom
C543764,79191D,RETRO PLASTIC DAISY TRAY,-12,2011-02-11 15:16:00,0.85,17035.0,United Kingdom
C543764,22767,TRIPLE PHOTO FRAME CORNICE ,-1,2011-02-11 15:16:00,9.95,17035.0,United Kingdom
C543764,85232D,SET/3 DECOUPAGE STACKING TINS,-3,2011-02-11 15:16:00,4.95,17035.0,United Kingdom
C543765,79191C,RETRO PLASTIC ELEPHANT TRAY,-12,2011-02-11 15:16:00,0.85,16265.0,United Kingdom
C543766,22943,CHRISTMAS LIGHTS 10 VINTAGE BAUBLES,-1,2011-02-11 15:18:00,4.25,13319.0,United Kingdom
C543767,22726,ALARM CLOCK BAKELIKE GREEN,-1,2011-02-11 15:19:00,3.75,13767.0,United Kingdom
C543767,22727,ALARM CLOCK BAKELIKE RED ,-1,2011-02-11 15:19:00,3.75,13767.0,United Kingdom
C543768,37500,TEA TIME TEAPOT IN GIFT BOX,-1,2011-02-11 15:20:00,9.95,14497.0,United Kingdom
C543768,22794,SWEETHEART WIRE MAGAZINE RACK,-1,2011-02-11 15:20:00,7.95,14497.0,United Kingdom
C543769,72807C,SET/3 VANILLA SCENTED CANDLE IN BOX,-1,2011-02-11 15:22:00,4.25,17213.0,United Kingdom
543770,21495,SKULLS AND CROSSBONES WRAP,25,2011-02-11 15:39:00,0.42,13875.0,United Kingdom
543770,21240,BLUE POLKADOT CUP,8,2011-02-11 15:39:00,0.85,13875.0,United Kingdom
543770,21232,STRAWBERRY CERAMIC TRINKET BOX,12,2011-02-11 15:39:00,1.25,13875.0,United Kingdom
543770,22383,LUNCH BAG SUKI  DESIGN ,10,2011-02-11 15:39:00,1.65,13875.0,United Kingdom
543770,22281,EASTER TREE YELLOW BIRDS,2,2011-02-11 15:39:00,5.95,13875.0,United Kingdom
543770,22286,"DECORATION , WOBBLY RABBIT , METAL ",12,2011-02-11 15:39:00,1.65,13875.0,United Kingdom
543770,22241,GARLAND WOODEN HAPPY EASTER,12,2011-02-11 15:39:00,1.25,13875.0,United Kingdom
543770,85194L,HANGING SPRING FLOWER EGG LARGE,12,2011-02-11 15:39:00,0.85,13875.0,United Kingdom
543770,85188A,GREEN METAL SWINGING BUNNY,24,2011-02-11 15:39:00,0.85,13875.0,United Kingdom
543770,22288,HANGING METAL RABBIT DECORATION,24,2011-02-11 15:39:00,1.25,13875.0,United Kingdom
543770,22957,SET 3 PAPER VINTAGE CHICK PAPER EGG,6,2011-02-11 15:39:00,2.95,13875.0,United Kingdom
543770,16161U,WRAP SUKI AND FRIENDS,50,2011-02-11 15:39:00,0.42,13875.0,United Kingdom
543770,22060,LARGE CAKE STAND HANGING HEARTS,2,2011-02-11 15:39:00,9.95,13875.0,United Kingdom
543770,22355,CHARLOTTE BAG SUKI DESIGN,10,2011-02-11 15:39:00,0.85,13875.0,United Kingdom
543770,20724,RED RETROSPOT CHARLOTTE BAG,10,2011-02-11 15:39:00,0.85,13875.0,United Kingdom
543770,20718,RED RETROSPOT SHOPPER BAG,10,2011-02-11 15:39:00,1.25,13875.0,United Kingdom
543770,22519,CHILDS GARDEN BRUSH PINK,6,2011-02-11 15:39:00,2.1,13875.0,United Kingdom
543770,20727,LUNCH BAG  BLACK SKULL.,10,2011-02-11 15:39:00,1.65,13875.0,United Kingdom
543770,22661,CHARLOTTE BAG DOLLY GIRL DESIGN,10,2011-02-11 15:39:00,0.85,13875.0,United Kingdom
543770,16156S,WRAP PINK FAIRY CAKES ,25,2011-02-11 15:39:00,0.42,13875.0,United Kingdom
543770,22518,CHILDS GARDEN BRUSH BLUE,6,2011-02-11 15:39:00,2.1,13875.0,United Kingdom
543770,22526,WHEELBARROW FOR CHILDREN ,1,2011-02-11 15:39:00,12.75,13875.0,United Kingdom
543770,20716,PARTY FOOD SHOPPER BAG,10,2011-02-11 15:39:00,1.25,13875.0,United Kingdom
543770,22379,RECYCLING BAG RETROSPOT ,5,2011-02-11 15:39:00,2.1,13875.0,United Kingdom
C543771,22423,REGENCY CAKESTAND 3 TIER,-1,2011-02-11 15:43:00,12.75,15658.0,United Kingdom
C543771,22627,MINT KITCHEN SCALES,-1,2011-02-11 15:43:00,8.5,15658.0,United Kingdom
C543772,22355,CHARLOTTE BAG SUKI DESIGN,-1,2011-02-11 15:43:00,0.85,13534.0,United Kingdom
C543773,21218,RED SPOTTY BISCUIT TIN,-1,2011-02-11 15:47:00,3.75,12410.0,Switzerland
C543773,22626,BLACK KITCHEN SCALES,-1,2011-02-11 15:47:00,8.5,12410.0,Switzerland
543774,85123A,WHITE HANGING HEART T-LIGHT HOLDER,32,2011-02-11 15:56:00,2.55,15856.0,United Kingdom
543774,82484,WOOD BLACK BOARD ANT WHITE FINISH,12,2011-02-11 15:56:00,6.75,15856.0,United Kingdom
543774,82483,WOOD 2 DRAWER CABINET WHITE FINISH,16,2011-02-11 15:56:00,5.95,15856.0,United Kingdom
543774,79321,CHILLI LIGHTS,24,2011-02-11 15:56:00,4.95,15856.0,United Kingdom
543774,84050,PINK HEART SHAPE EGG FRYING PAN,72,2011-02-11 15:56:00,1.25,15856.0,United Kingdom
543774,82600,NO SINGING METAL SIGN,48,2011-02-11 15:56:00,1.85,15856.0,United Kingdom
543774,22197,SMALL POPCORN HOLDER,100,2011-02-11 15:56:00,0.72,15856.0,United Kingdom
543774,79190B,RETRO PLASTIC POLKA TRAY,15,2011-02-11 15:56:00,0.42,15856.0,United Kingdom
543774,79190D,RETRO PLASTIC DAISY TRAY,15,2011-02-11 15:56:00,0.42,15856.0,United Kingdom
543774,79190A,RETRO PLASTIC 70'S TRAY,15,2011-02-11 15:56:00,0.42,15856.0,United Kingdom
543774,84596F,SMALL MARSHMALLOWS PINK BOWL,8,2011-02-11 15:56:00,1.25,15856.0,United Kingdom
543774,20676,RED RETROSPOT BOWL,8,2011-02-11 15:56:00,1.25,15856.0,United Kingdom
543774,84596E,SMALL LICORICE DES PINK BOWL,8,2011-02-11 15:56:00,1.25,15856.0,United Kingdom
543774,84596B,SMALL DOLLY MIX DESIGN ORANGE BOWL,8,2011-02-11 15:56:00,1.25,15856.0,United Kingdom
543774,82583,HOT BATHS METAL SIGN,72,2011-02-11 15:56:00,1.85,15856.0,United Kingdom
543774,20966,SANDWICH BATH SPONGE,200,2011-02-11 15:56:00,1.06,15856.0,United Kingdom
543774,48138,DOORMAT UNION FLAG,2,2011-02-11 15:56:00,7.95,15856.0,United Kingdom
543774,22986,GINGHAM ROSE WRAP,25,2011-02-11 15:56:00,0.42,15856.0,United Kingdom
543774,22710,WRAP I LOVE LONDON ,25,2011-02-11 15:56:00,0.42,15856.0,United Kingdom
543774,22985,"WRAP, BILLBOARD FONTS DESIGN",25,2011-02-11 15:56:00,0.42,15856.0,United Kingdom
C543775,21871,SAVE THE PLANET MUG,-6,2011-02-11 16:10:00,1.25,13102.0,United Kingdom
C543776,22962,JAM JAR WITH PINK LID,-3,2011-02-11 16:12:00,0.85,14133.0,United Kingdom
543777,90055,CRACKED GLAZE EARRINGS BROWN,1,2011-02-11 16:19:00,2.55,15406.0,United Kingdom
543777,90064B,BLACK VINTAGE  CRYSTAL EARRINGS,1,2011-02-11 16:19:00,3.75,15406.0,United Kingdom
543777,90011B,BLACK CRYSTAL DROP EARRINGS,1,2011-02-11 16:19:00,2.95,15406.0,United Kingdom
543777,90064A,WHITE VINTAGE CRYSTAL EARRINGS,1,2011-02-11 16:20:00,3.75,15406.0,United Kingdom
543777,90063A,WHITE VINT ART DECO CRYSTAL NECKLAC,1,2011-02-11 16:20:00,8.5,15406.0,United Kingdom
543777,90063B,BLACK VINT ART DEC CRYSTAL NECKLACE,1,2011-02-11 16:20:00,8.5,15406.0,United Kingdom
543777,90029,NEW BAROQUE SMALL NECKLACE BLACK,1,2011-02-11 16:20:00,8.5,15406.0,United Kingdom
543777,90180A,BLACK+WHITE NECKLACE W TASSEL,1,2011-02-11 16:20:00,9.95,15406.0,United Kingdom
543777,90147,CHUNKY SILVER NECKLACE PASTEL FLOWE,1,2011-02-11 16:20:00,9.95,15406.0,United Kingdom
543777,85099C,JUMBO  BAG BAROQUE BLACK WHITE,3,2011-02-11 16:20:00,1.95,15406.0,United Kingdom
543777,21929,JUMBO BAG PINK VINTAGE PAISLEY,3,2011-02-11 16:20:00,1.95,15406.0,United Kingdom
543777,85099B,JUMBO BAG RED RETROSPOT,3,2011-02-11 16:20:00,1.95,15406.0,United Kingdom
543777,21928,JUMBO BAG SCANDINAVIAN PAISLEY,3,2011-02-11 16:20:00,1.95,15406.0,United Kingdom
543777,22379,RECYCLING BAG RETROSPOT ,5,2011-02-11 16:20:00,2.1,15406.0,United Kingdom
543777,22386,JUMBO BAG PINK POLKADOT,3,2011-02-11 16:20:00,1.95,15406.0,United Kingdom
543777,20941,FROG CANDLE,1,2011-02-11 16:20:00,1.25,15406.0,United Kingdom
543777,22110,BIRD HOUSE HOT WATER BOTTLE,1,2011-02-11 16:20:00,2.55,15406.0,United Kingdom
543777,22178,VICTORIAN GLASS HANGING T-LIGHT,6,2011-02-11 16:20:00,1.25,15406.0,United Kingdom
543777,22285,HANGING HEN ON NEST DECORATION,2,2011-02-11 16:20:00,1.65,15406.0,United Kingdom
543777,22284,HEN HOUSE DECORATION,2,2011-02-11 16:20:00,1.65,15406.0,United Kingdom
543777,22523,CHILDS GARDEN FORK PINK,6,2011-02-11 16:20:00,0.85,15406.0,United Kingdom
543777,22520,CHILDS GARDEN TROWEL BLUE ,6,2011-02-11 16:20:00,0.85,15406.0,United Kingdom
543777,82578,KITCHEN METAL SIGN,11,2011-02-11 16:20:00,0.55,15406.0,United Kingdom
543777,82580,BATHROOM METAL SIGN,7,2011-02-11 16:20:00,0.55,15406.0,United Kingdom
543777,21175,GIN + TONIC DIET METAL SIGN,3,2011-02-11 16:20:00,2.55,15406.0,United Kingdom
543777,21908,CHOCOLATE THIS WAY METAL SIGN,3,2011-02-11 16:20:00,2.1,15406.0,United Kingdom
543777,21181,PLEASE ONE PERSON METAL SIGN,3,2011-02-11 16:20:00,2.1,15406.0,United Kingdom
543777,22192,BLUE DINER WALL CLOCK,1,2011-02-11 16:20:00,8.5,15406.0,United Kingdom
543777,22191,IVORY DINER WALL CLOCK,1,2011-02-11 16:20:00,8.5,15406.0,United Kingdom
543777,85199S,SMALL HANGING IVORY/RED WOOD BIRD,5,2011-02-11 16:20:00,0.42,15406.0,United Kingdom
543777,22217,T-LIGHT HOLDER HANGING LACE,6,2011-02-11 16:20:00,1.25,15406.0,United Kingdom
543777,21034,REX CASH+CARRY JUMBO SHOPPER,1,2011-02-11 16:20:00,0.95,15406.0,United Kingdom
543777,22567,20 DOLLY PEGS RETROSPOT,2,2011-02-11 16:20:00,1.25,15406.0,United Kingdom
543777,22558,CLOTHES PEGS RETROSPOT PACK 24 ,2,2011-02-11 16:20:00,1.49,15406.0,United Kingdom
543777,21592,RETROSPOT CIGAR BOX MATCHES ,3,2011-02-11 16:20:00,1.25,15406.0,United Kingdom
543777,22224,WHITE LOVEBIRD LANTERN,1,2011-02-11 16:20:00,2.95,15406.0,United Kingdom
543777,22224,WHITE LOVEBIRD LANTERN,3,2011-02-11 16:20:00,2.95,15406.0,United Kingdom
543777,84970S,HANGING HEART ZINC T-LIGHT HOLDER,12,2011-02-11 16:20:00,0.85,15406.0,United Kingdom
543777,22297,HEART IVORY TRELLIS SMALL,3,2011-02-11 16:20:00,1.25,15406.0,United Kingdom
543777,22269,EGG CUP NATURAL CHICKEN,3,2011-02-11 16:20:00,1.25,15406.0,United Kingdom
543777,22796,PHOTO FRAME 3 CLASSIC HANGING,2,2011-02-11 16:20:00,9.95,15406.0,United Kingdom
543777,20914,SET/5 RED RETROSPOT LID GLASS BOWLS,1,2011-02-11 16:20:00,2.95,15406.0,United Kingdom
543777,21169,YOU'RE CONFUSING ME METAL SIGN ,4,2011-02-11 16:20:00,1.69,15406.0,United Kingdom
C543778,22698,PINK REGENCY TEACUP AND SAUCER,-1,2011-02-11 16:30:00,2.95,18084.0,United Kingdom
C543779,22083,PAPER CHAIN KIT RETROSPOT,-4,2011-02-11 16:32:00,2.95,15240.0,United Kingdom
C543779,21218,RED SPOTTY BISCUIT TIN,-1,2011-02-11 16:32:00,3.75,15240.0,United Kingdom
C543780,22712,CARD DOLLY GIRL ,-1,2011-02-11 16:34:00,0.42,17334.0,United Kingdom
543781,21655,,19,2011-02-11 16:36:00,0.0,,United Kingdom
543782,85232B,,6,2011-02-11 16:36:00,0.0,,United Kingdom
543783,20966,,-41,2011-02-11 16:45:00,0.0,,United Kingdom
C543784,22169,FAMILY ALBUM WHITE PICTURE FRAME,-4,2011-02-11 16:59:00,7.65,13089.0,United Kingdom
C543785,22846,BREAD BIN DINER STYLE RED ,-2,2011-02-11 17:01:00,14.95,13098.0,United Kingdom
C543786,22191,IVORY DINER WALL CLOCK,-1,2011-02-11 17:01:00,8.5,13078.0,United Kingdom
C543787,85178,VICTORIAN SEWING KIT,-48,2011-02-11 17:05:00,0.85,15061.0,United Kingdom
543788,22467,GUMBALL COAT RACK,1,2011-02-11 17:06:00,2.1,15061.0,United Kingdom
543788,22543,MINI JIGSAW BAKE A CAKE ,1,2011-02-11 17:06:00,0.32,15061.0,United Kingdom
C543789,M,Manual,-1,2011-02-11 17:10:00,856.48,17450.0,United Kingdom
C543789,D,Discount,-1,2011-02-11 17:10:00,84.8,17450.0,United Kingdom
C543789,M,Manual,-1,2011-02-11 17:10:00,190.8,17450.0,United Kingdom
C543790,21232,STRAWBERRY CERAMIC TRINKET BOX,-5,2011-02-11 17:12:00,1.25,17071.0,United Kingdom
C543790,22467,GUMBALL COAT RACK,-1,2011-02-11 17:12:00,2.55,17071.0,United Kingdom
C543791,75049L,LARGE CIRCULAR MIRROR MOBILE,-13,2011-02-11 17:13:00,0.85,15270.0,United Kingdom
C543791,85123A,WHITE HANGING HEART T-LIGHT HOLDER,-1,2011-02-11 17:13:00,2.55,15270.0,United Kingdom
C543791,21733,RED HANGING HEART T-LIGHT HOLDER,-2,2011-02-11 17:13:00,2.95,15270.0,United Kingdom
C543791,21735,TWO DOOR CURIO CABINET,-2,2011-02-11 17:13:00,10.95,15270.0,United Kingdom
C543792,22176,BLUE OWL SOFT TOY,-1,2011-02-11 17:14:00,2.95,13725.0,United Kingdom
C543792,20749,ASSORTED COLOUR MINI CASES,-1,2011-02-11 17:14:00,7.95,13725.0,United Kingdom
C543792,22849,BREAD BIN DINER STYLE MINT,-1,2011-02-11 17:14:00,16.95,13725.0,United Kingdom
543796,22222,CAKE PLATE LOVEBIRD WHITE,1,2011-02-11 17:31:00,4.95,,United Kingdom
