InvoiceNo,StockCode,Description,Quantity,InvoiceDate,UnitPrice,CustomerID,Country
550656,22457,NATURAL SLATE HEART CHALKBOARD ,6,2011-04-20 08:07:00,2.95,17652.0,United Kingdom
550656,47590B,PINK HAPPY BIRTHDAY BUNTING,3,2011-04-20 08:07:00,5.45,17652.0,United Kingdom
550656,47590A,BLUE HAPPY BIRTHDAY BUNTING,3,2011-04-20 08:07:00,5.45,17652.0,United Kingdom
550656,21204,DAISIES  HONEYCOMB GARLAND ,12,2011-04-20 08:07:00,1.65,17652.0,United Kingdom
550656,84971S,SMALL HEART FLOWERS HOOK ,24,2011-04-20 08:07:00,0.85,17652.0,United Kingdom
550656,23182,TOILET SIGN OCCUPIED OR VACANT,24,2011-04-20 08:07:00,0.83,17652.0,United Kingdom
550656,21394,RED POLKADOT BEAKER ,48,2011-04-20 08:07:00,0.39,17652.0,United Kingdom
550656,21395,BLUE POLKADOT BEAKER ,48,2011-04-20 08:07:00,0.39,17652.0,United Kingdom
550656,20727,LUNCH BAG  BLACK SKULL.,10,2011-04-20 08:07:00,1.65,17652.0,United Kingdom
550656,22197,SMALL POPCORN HOLDER,24,2011-04-20 08:07:00,0.85,17652.0,United Kingdom
550656,84596B,SMALL DOLLY MIX DESIGN ORANGE BOWL,24,2011-04-20 08:07:00,0.42,17652.0,United Kingdom
550656,20749,ASSORTED COLOUR MINI CASES,2,2011-04-20 08:07:00,7.95,17652.0,United Kingdom
550656,21216,"SET 3 RETROSPOT TEA,COFFEE,SUGAR",4,2011-04-20 08:07:00,4.95,17652.0,United Kingdom
550656,22139,RETROSPOT TEA SET CERAMIC 11 PC ,3,2011-04-20 08:07:00,4.95,17652.0,United Kingdom
550656,22822,CREAM WALL PLANTER HEART SHAPED,4,2011-04-20 08:07:00,5.95,17652.0,United Kingdom
550656,20914,SET/5 RED RETROSPOT LID GLASS BOWLS,6,2011-04-20 08:07:00,2.95,17652.0,United Kingdom
550656,21936,RED RETROSPOT PICNIC BAG,5,2011-04-20 08:07:00,2.95,17652.0,United Kingdom
550656,85123A,WHITE HANGING HEART T-LIGHT HOLDER,6,2011-04-20 08:07:00,2.95,17652.0,United Kingdom
550656,20973,12 PENCIL SMALL TUBE WOODLAND,24,2011-04-20 08:07:00,0.65,17652.0,United Kingdom
550656,22326,ROUND SNACK BOXES SET OF4 WOODLAND ,6,2011-04-20 08:07:00,2.95,17652.0,United Kingdom
550656,22554,PLASTERS IN TIN WOODLAND ANIMALS,12,2011-04-20 08:07:00,1.65,17652.0,United Kingdom
550656,85099B,JUMBO BAG RED RETROSPOT,10,2011-04-20 08:07:00,2.08,17652.0,United Kingdom
550656,23075,PARLOUR CERAMIC WALL HOOK,4,2011-04-20 08:07:00,4.15,17652.0,United Kingdom
550657,22178,VICTORIAN GLASS HANGING T-LIGHT,192,2011-04-20 08:24:00,1.06,18198.0,United Kingdom
550657,21313,GLASS HEART T-LIGHT HOLDER ,96,2011-04-20 08:24:00,0.64,18198.0,United Kingdom
550657,22457,NATURAL SLATE HEART CHALKBOARD ,6,2011-04-20 08:24:00,2.95,18198.0,United Kingdom
550657,22501,PICNIC BASKET WICKER LARGE,2,2011-04-20 08:24:00,9.95,18198.0,United Kingdom
550658,82001S,VINYL RECORD FRAME SILVER,24,2011-04-20 09:01:00,3.39,13576.0,United Kingdom
550658,21137,BLACK RECORD COVER FRAME,72,2011-04-20 09:01:00,3.39,13576.0,United Kingdom
550658,22041,"RECORD FRAME 7"" SINGLE SIZE ",48,2011-04-20 09:01:00,2.1,13576.0,United Kingdom
550659,21533,RETROSPOT LARGE MILK JUG,3,2011-04-20 09:02:00,4.95,17730.0,United Kingdom
550659,20914,SET/5 RED RETROSPOT LID GLASS BOWLS,12,2011-04-20 09:02:00,2.95,17730.0,United Kingdom
550659,21870,I CAN ONLY PLEASE ONE PERSON MUG,24,2011-04-20 09:02:00,1.25,17730.0,United Kingdom
550659,21874,GIN AND TONIC MUG,12,2011-04-20 09:02:00,1.25,17730.0,United Kingdom
550659,21519,GIN & TONIC DIET GREETING CARD ,12,2011-04-20 09:02:00,0.42,17730.0,United Kingdom
550659,22028,PENNY FARTHING BIRTHDAY CARD,24,2011-04-20 09:02:00,0.42,17730.0,United Kingdom
550659,22984,CARD GINGHAM ROSE ,12,2011-04-20 09:02:00,0.42,17730.0,United Kingdom
550659,22050,PINK PAISLEY ROSE GIFT WRAP,25,2011-04-20 09:02:00,0.42,17730.0,United Kingdom
550659,84795B,SUNSET CHECK HAMMOCK,4,2011-04-20 09:02:00,7.95,17730.0,United Kingdom
550659,21922,UNION STRIPE WITH FRINGE  HAMMOCK,4,2011-04-20 09:02:00,7.95,17730.0,United Kingdom
550659,22776,SWEETHEART CAKESTAND 3 TIER,2,2011-04-20 09:02:00,9.95,17730.0,United Kingdom
550659,22212,FOUR HOOK  WHITE LOVEBIRDS,6,2011-04-20 09:02:00,2.1,17730.0,United Kingdom
550659,20972,PINK CREAM FELT CRAFT TRINKET BOX ,12,2011-04-20 09:02:00,1.25,17730.0,United Kingdom
550659,15036,ASSORTED COLOURS SILK FAN,12,2011-04-20 09:02:00,0.83,17730.0,United Kingdom
550659,21544,SKULLS  WATER TRANSFER TATTOOS ,12,2011-04-20 09:02:00,0.85,17730.0,United Kingdom
550659,84212,"ASSORTED FLOWER COLOUR ""LEIS""",48,2011-04-20 09:02:00,0.65,17730.0,United Kingdom
550659,21790,VINTAGE SNAP CARDS,24,2011-04-20 09:02:00,0.85,17730.0,United Kingdom
550659,90108,BLUE BLOSSOM HAIR CLIP,24,2011-04-20 09:02:00,1.05,17730.0,United Kingdom
550659,84991,60 TEATIME FAIRY CAKE CASES,24,2011-04-20 09:02:00,0.55,17730.0,United Kingdom
550660,48138,DOORMAT UNION FLAG,10,2011-04-20 09:03:00,6.75,15179.0,United Kingdom
550661,22989,SET 2 PANTRY DESIGN TEA TOWELS,6,2011-04-20 09:20:00,3.25,12656.0,France
550661,23052,RECYCLED ACAPULCO MAT TURQUOISE,2,2011-04-20 09:20:00,8.25,12656.0,France
550661,23053,RECYCLED ACAPULCO MAT PINK,2,2011-04-20 09:20:00,8.25,12656.0,France
550661,22376,AIRLINE BAG VINTAGE JET SET WHITE,4,2011-04-20 09:20:00,4.25,12656.0,France
550661,22374,AIRLINE BAG VINTAGE JET SET RED,4,2011-04-20 09:20:00,4.25,12656.0,France
550661,22371,AIRLINE BAG VINTAGE TOKYO 78,4,2011-04-20 09:20:00,4.25,12656.0,France
550661,21936,RED RETROSPOT PICNIC BAG,30,2011-04-20 09:20:00,2.95,12656.0,France
550661,22629,SPACEBOY LUNCH BOX ,12,2011-04-20 09:20:00,1.95,12656.0,France
550661,22382,LUNCH BAG SPACEBOY DESIGN ,20,2011-04-20 09:20:00,1.65,12656.0,France
550661,22662,LUNCH BAG DOLLY GIRL DESIGN,20,2011-04-20 09:20:00,1.65,12656.0,France
550661,20725,LUNCH BAG RED RETROSPOT,20,2011-04-20 09:20:00,1.65,12656.0,France
550661,22384,LUNCH BAG PINK POLKADOT,20,2011-04-20 09:20:00,1.65,12656.0,France
550661,22326,ROUND SNACK BOXES SET OF4 WOODLAND ,12,2011-04-20 09:20:00,2.95,12656.0,France
550661,84279P,CHERRY BLOSSOM  DECORATIVE FLASK,4,2011-04-20 09:20:00,3.75,12656.0,France
550661,84279B,CHERRY BLOSSOM DECORATIVE FLASK,4,2011-04-20 09:20:00,3.75,12656.0,France
550661,20726,LUNCH BAG WOODLAND,20,2011-04-20 09:20:00,1.65,12656.0,France
550661,22630,DOLLY GIRL LUNCH BOX,12,2011-04-20 09:20:00,1.95,12656.0,France
550661,POST,POSTAGE,4,2011-04-20 09:20:00,18.0,12656.0,France
550662,47590B,PINK HAPPY BIRTHDAY BUNTING,3,2011-04-20 09:29:00,5.45,15078.0,United Kingdom
550662,47590A,BLUE HAPPY BIRTHDAY BUNTING,3,2011-04-20 09:29:00,5.45,15078.0,United Kingdom
550662,22951,60 CAKE CASES DOLLY GIRL DESIGN,24,2011-04-20 09:29:00,0.55,15078.0,United Kingdom
550662,22663,JUMBO BAG DOLLY GIRL DESIGN,10,2011-04-20 09:29:00,2.08,15078.0,United Kingdom
550662,22662,LUNCH BAG DOLLY GIRL DESIGN,10,2011-04-20 09:29:00,1.65,15078.0,United Kingdom
550662,22385,JUMBO BAG SPACEBOY DESIGN,10,2011-04-20 09:29:00,2.08,15078.0,United Kingdom
550662,22090,PAPER BUNTING RETROSPOT,6,2011-04-20 09:29:00,2.95,15078.0,United Kingdom
550662,22084,PAPER CHAIN KIT EMPIRE,12,2011-04-20 09:29:00,2.95,15078.0,United Kingdom
550662,21878,PACK OF 6 SANDCASTLE FLAGS ASSORTED,24,2011-04-20 09:29:00,0.85,15078.0,United Kingdom
550662,22652,TRAVEL SEWING KIT,10,2011-04-20 09:29:00,1.65,15078.0,United Kingdom
550662,22381,TOY TIDY PINK POLKADOT,10,2011-04-20 09:29:00,2.1,15078.0,United Kingdom
550662,22379,RECYCLING BAG RETROSPOT ,10,2011-04-20 09:29:00,2.1,15078.0,United Kingdom
550662,22378,WALL TIDY RETROSPOT ,10,2011-04-20 09:29:00,2.1,15078.0,United Kingdom
550662,22411,JUMBO SHOPPER VINTAGE RED PAISLEY,10,2011-04-20 09:29:00,2.08,15078.0,United Kingdom
550662,22386,JUMBO BAG PINK POLKADOT,10,2011-04-20 09:29:00,2.08,15078.0,United Kingdom
550662,21931,JUMBO STORAGE BAG SUKI,10,2011-04-20 09:29:00,2.08,15078.0,United Kingdom
550662,21928,JUMBO BAG SCANDINAVIAN BLUE PAISLEY,10,2011-04-20 09:29:00,2.08,15078.0,United Kingdom
550662,84991,60 TEATIME FAIRY CAKE CASES,24,2011-04-20 09:29:00,0.55,15078.0,United Kingdom
550662,21212,PACK OF 72 RETROSPOT CAKE CASES,24,2011-04-20 09:29:00,0.55,15078.0,United Kingdom
550662,21175,GIN + TONIC DIET METAL SIGN,12,2011-04-20 09:29:00,2.55,15078.0,United Kingdom
550662,21166,COOK WITH WINE METAL SIGN ,12,2011-04-20 09:29:00,2.08,15078.0,United Kingdom
550662,21181,PLEASE ONE PERSON METAL SIGN,12,2011-04-20 09:29:00,2.1,15078.0,United Kingdom
550662,20711,JUMBO BAG TOYS ,10,2011-04-20 09:29:00,2.08,15078.0,United Kingdom
550662,20725,LUNCH BAG RED RETROSPOT,10,2011-04-20 09:29:00,1.65,15078.0,United Kingdom
550662,85014B,RED RETROSPOT UMBRELLA,4,2011-04-20 09:29:00,5.95,15078.0,United Kingdom
550662,20712,JUMBO BAG WOODLAND ANIMALS,10,2011-04-20 09:29:00,2.08,15078.0,United Kingdom
550662,20658,RED RETROSPOT LUGGAGE TAG,12,2011-04-20 09:29:00,1.25,15078.0,United Kingdom
550663,23201,JUMBO BAG ALPHABET,10,2011-04-20 09:30:00,1.95,15078.0,United Kingdom
550663,23207,LUNCH BAG ALPHABET DESIGN,10,2011-04-20 09:30:00,1.65,15078.0,United Kingdom
550665,20685,DOORMAT RED RETROSPOT,2,2011-04-20 09:31:00,7.95,12530.0,Germany
550665,22740,POLKADOT PEN,48,2011-04-20 09:31:00,0.85,12530.0,Germany
550665,23256,CHILDRENS CUTLERY SPACEBOY ,8,2011-04-20 09:31:00,4.15,12530.0,Germany
550665,23199,JUMBO BAG APPLES,30,2011-04-20 09:31:00,2.08,12530.0,Germany
550665,23204,CHARLOTTE BAG APPLES DESIGN,50,2011-04-20 09:31:00,0.85,12530.0,Germany
550665,23255,CHILDRENS CUTLERY CIRCUS PARADE,4,2011-04-20 09:31:00,4.15,12530.0,Germany
550665,84997D,CHILDRENS CUTLERY POLKADOT PINK,8,2011-04-20 09:31:00,4.15,12530.0,Germany
550665,84997C,CHILDRENS CUTLERY POLKADOT BLUE,4,2011-04-20 09:31:00,4.15,12530.0,Germany
550665,20723,STRAWBERRY CHARLOTTE BAG,10,2011-04-20 09:31:00,0.85,12530.0,Germany
550665,20724,RED RETROSPOT CHARLOTTE BAG,20,2011-04-20 09:31:00,0.85,12530.0,Germany
550665,22385,JUMBO BAG SPACEBOY DESIGN,10,2011-04-20 09:31:00,2.08,12530.0,Germany
550665,85099B,JUMBO BAG RED RETROSPOT,30,2011-04-20 09:31:00,2.08,12530.0,Germany
550665,22432,WATERING CAN PINK BUNNY,6,2011-04-20 09:31:00,1.95,12530.0,Germany
550665,POST,POSTAGE,2,2011-04-20 09:31:00,18.0,12530.0,Germany
C550664,22699,ROSES REGENCY TEACUP AND SAUCER ,-1,2011-04-20 09:31:00,2.95,16923.0,United Kingdom
550666,22722,SET OF 6 SPICE TINS PANTRY DESIGN,4,2011-04-20 09:35:00,3.95,17719.0,United Kingdom
550666,22626,BLACK KITCHEN SCALES,2,2011-04-20 09:35:00,8.5,17719.0,United Kingdom
550666,22729,ALARM CLOCK BAKELIKE ORANGE,8,2011-04-20 09:35:00,3.75,17719.0,United Kingdom
550666,22727,ALARM CLOCK BAKELIKE RED ,4,2011-04-20 09:35:00,3.75,17719.0,United Kingdom
550666,22192,BLUE DINER WALL CLOCK,2,2011-04-20 09:35:00,8.5,17719.0,United Kingdom
550666,22191,IVORY DINER WALL CLOCK,2,2011-04-20 09:35:00,8.5,17719.0,United Kingdom
550666,21534,DAIRY MAID LARGE MILK JUG,3,2011-04-20 09:35:00,4.95,17719.0,United Kingdom
550666,21528,DAIRY MAID TRADITIONAL TEAPOT ,4,2011-04-20 09:35:00,6.95,17719.0,United Kingdom
550666,21537,RED RETROSPOT PUDDING BOWL,4,2011-04-20 09:35:00,4.25,17719.0,United Kingdom
550666,22723,SET OF 6 HERB TINS SKETCHBOOK,4,2011-04-20 09:35:00,3.95,17719.0,United Kingdom
550666,21845,DAIRY MAID STRIPE MUG,72,2011-04-20 09:35:00,0.79,17719.0,United Kingdom
550666,35810B,ENAMEL BLUE RIM COFFEE CONTAINER,12,2011-04-20 09:35:00,0.83,17719.0,United Kingdom
550666,21530,DAIRY MAID TOASTRACK,18,2011-04-20 09:35:00,0.79,17719.0,United Kingdom
550666,21403,BLUE EGG  SPOON,24,2011-04-20 09:35:00,0.12,17719.0,United Kingdom
550666,21402,RED  EGG  SPOON,24,2011-04-20 09:35:00,0.12,17719.0,United Kingdom
550666,21395,BLUE POLKADOT BEAKER ,96,2011-04-20 09:35:00,0.39,17719.0,United Kingdom
550666,21399,BLUE POLKADOT COFFEE MUG,96,2011-04-20 09:35:00,0.39,17719.0,United Kingdom
550666,21394,RED POLKADOT BEAKER ,96,2011-04-20 09:35:00,0.39,17719.0,United Kingdom
550666,22430,ENAMEL WATERING CAN CREAM,4,2011-04-20 09:35:00,4.95,17719.0,United Kingdom
550666,22781,GUMBALL MAGAZINE RACK,2,2011-04-20 09:35:00,7.65,17719.0,United Kingdom
550666,21868,POTTING SHED TEA MUG,12,2011-04-20 09:35:00,1.25,17719.0,United Kingdom
550666,22441,GROW YOUR OWN BASIL IN ENAMEL MUG,8,2011-04-20 09:35:00,2.1,17719.0,United Kingdom
550666,22443,GROW YOUR OWN HERBS SET OF 3,2,2011-04-20 09:35:00,7.95,17719.0,United Kingdom
550667,84992,72 SWEETHEART FAIRY CAKE CASES,480,2011-04-20 09:48:00,0.4,13027.0,United Kingdom
550667,84991,60 TEATIME FAIRY CAKE CASES,960,2011-04-20 09:48:00,0.4,13027.0,United Kingdom
550667,21977,PACK OF 60 PINK PAISLEY CAKE CASES,960,2011-04-20 09:48:00,0.4,13027.0,United Kingdom
550667,21975,PACK OF 60 DINOSAUR CAKE CASES,720,2011-04-20 09:48:00,0.4,13027.0,United Kingdom
550667,21213,PACK OF 72 SKULL CAKE CASES,960,2011-04-20 09:48:00,0.4,13027.0,United Kingdom
550667,21212,PACK OF 72 RETROSPOT CAKE CASES,960,2011-04-20 09:48:00,0.4,13027.0,United Kingdom
C550668,22636,CHILDS BREAKFAST SET CIRCUS PARADE,-6,2011-04-20 09:49:00,7.65,12457.0,Switzerland
550669,22423,REGENCY CAKESTAND 3 TIER,8,2011-04-20 10:04:00,12.75,16837.0,United Kingdom
550670,22712,CARD DOLLY GIRL ,12,2011-04-20 10:04:00,0.42,17734.0,United Kingdom
550670,22037,ROBOT BIRTHDAY CARD,12,2011-04-20 10:04:00,0.42,17734.0,United Kingdom
550670,84945,MULTI COLOUR SILVER T-LIGHT HOLDER,12,2011-04-20 10:04:00,0.85,17734.0,United Kingdom
550670,23052,RECYCLED ACAPULCO MAT TURQUOISE,2,2011-04-20 10:04:00,8.25,17734.0,United Kingdom
550670,23051,RECYCLED ACAPULCO MAT BLUE,2,2011-04-20 10:04:00,8.25,17734.0,United Kingdom
550670,23049,RECYCLED ACAPULCO MAT RED,2,2011-04-20 10:04:00,8.25,17734.0,United Kingdom
550670,22432,WATERING CAN PINK BUNNY,6,2011-04-20 10:04:00,1.95,17734.0,United Kingdom
550670,22431,WATERING CAN BLUE ELEPHANT,6,2011-04-20 10:04:00,1.95,17734.0,United Kingdom
550670,22621,TRADITIONAL KNITTING NANCY,12,2011-04-20 10:04:00,1.65,17734.0,United Kingdom
550671,23199,JUMBO BAG APPLES,100,2011-04-20 10:10:00,1.79,12457.0,Switzerland
C550672,23199,JUMBO BAG APPLES,-100,2011-04-20 10:10:00,1.79,12457.0,Switzerland
550673,21463,MIRRORED DISCO BALL ,16,2011-04-20 10:28:00,4.95,12971.0,United Kingdom
550673,21464,DISCO BALL ROTATOR BATTERY OPERATED,2,2011-04-20 10:28:00,4.25,12971.0,United Kingdom
550673,22911,PAPER CHAIN KIT LONDON,6,2011-04-20 10:28:00,2.95,12971.0,United Kingdom
550673,21212,PACK OF 72 RETROSPOT CAKE CASES,24,2011-04-20 10:28:00,0.55,12971.0,United Kingdom
550673,85194L,HANGING SPRING FLOWER EGG LARGE,24,2011-04-20 10:28:00,0.85,12971.0,United Kingdom
550673,22499,WOODEN UNION JACK BUNTING,12,2011-04-20 10:28:00,5.95,12971.0,United Kingdom
550673,22284,HEN HOUSE DECORATION,12,2011-04-20 10:28:00,1.65,12971.0,United Kingdom
550673,21626,VINTAGE UNION JACK PENNANT,24,2011-04-20 10:28:00,1.95,12971.0,United Kingdom
550673,22084,PAPER CHAIN KIT EMPIRE,40,2011-04-20 10:28:00,2.55,12971.0,United Kingdom
550674,22499,WOODEN UNION JACK BUNTING,24,2011-04-20 10:29:00,5.95,12971.0,United Kingdom
550674,22087,PAPER BUNTING WHITE LACE,40,2011-04-20 10:29:00,2.55,12971.0,United Kingdom
550675,84978,HANGING HEART JAR T-LIGHT HOLDER,24,2011-04-20 10:39:00,1.25,15260.0,United Kingdom
550675,84970L,SINGLE HEART ZINC T-LIGHT HOLDER,12,2011-04-20 10:39:00,0.95,15260.0,United Kingdom
550675,84970S,HANGING HEART ZINC T-LIGHT HOLDER,12,2011-04-20 10:39:00,0.85,15260.0,United Kingdom
550675,20914,SET/5 RED RETROSPOT LID GLASS BOWLS,12,2011-04-20 10:39:00,2.95,15260.0,United Kingdom
550675,21535,RED RETROSPOT SMALL MILK JUG,6,2011-04-20 10:39:00,2.55,15260.0,United Kingdom
550675,21539,RED RETROSPOT BUTTER DISH,6,2011-04-20 10:39:00,4.95,15260.0,United Kingdom
550675,22548,HEADS AND TAILS SPORTING FUN,12,2011-04-20 10:39:00,1.25,15260.0,United Kingdom
550675,85150,LADIES & GENTLEMEN METAL SIGN,12,2011-04-20 10:39:00,2.55,15260.0,United Kingdom
550675,21181,PLEASE ONE PERSON METAL SIGN,12,2011-04-20 10:39:00,2.1,15260.0,United Kingdom
550675,21907,I'M ON HOLIDAY METAL SIGN,12,2011-04-20 10:39:00,2.1,15260.0,United Kingdom
550675,23184,BULL DOG BOTTLE OPENER,4,2011-04-20 10:39:00,4.95,15260.0,United Kingdom
550675,22607,WOODEN ROUNDERS GARDEN SET ,2,2011-04-20 10:39:00,9.95,15260.0,United Kingdom
550701,21733,RED HANGING HEART T-LIGHT HOLDER,32,2011-04-20 10:48:00,2.55,14905.0,United Kingdom
550701,85123A,WHITE HANGING HEART T-LIGHT HOLDER,32,2011-04-20 10:48:00,2.55,14905.0,United Kingdom
550701,21181,PLEASE ONE PERSON METAL SIGN,12,2011-04-20 10:48:00,2.1,14905.0,United Kingdom
550701,21868,POTTING SHED TEA MUG,12,2011-04-20 10:48:00,1.25,14905.0,United Kingdom
550701,21533,RETROSPOT LARGE MILK JUG,3,2011-04-20 10:48:00,4.95,14905.0,United Kingdom
550701,21080,SET/20 RED RETROSPOT PAPER NAPKINS ,24,2011-04-20 10:48:00,0.85,14905.0,United Kingdom
550701,47566,PARTY BUNTING,8,2011-04-20 10:48:00,4.95,14905.0,United Kingdom
550701,21714,CITRONELLA CANDLE GARDEN POT,12,2011-04-20 10:48:00,1.25,14905.0,United Kingdom
550701,82482,WOODEN PICTURE FRAME WHITE FINISH,6,2011-04-20 10:48:00,2.55,14905.0,United Kingdom
C550709,22212,FOUR HOOK  WHITE LOVEBIRDS,-1,2011-04-20 10:53:00,2.1,12997.0,United Kingdom
C550709,21231,SWEETHEART CERAMIC TRINKET BOX,-3,2011-04-20 10:53:00,1.25,12997.0,United Kingdom
C550709,21232,STRAWBERRY CERAMIC TRINKET BOX,-1,2011-04-20 10:53:00,1.25,12997.0,United Kingdom
550710,21259,VICTORIAN SEWING BOX SMALL ,48,2011-04-20 11:05:00,6.0,17450.0,United Kingdom
550710,22458,CAST IRON HOOK GARDEN FORK,128,2011-04-20 11:05:00,2.69,17450.0,United Kingdom
550710,21876,POTTERING MUG,144,2011-04-20 11:05:00,1.48,17450.0,United Kingdom
550710,21896,POTTING SHED TWINE,144,2011-04-20 11:05:00,2.35,17450.0,United Kingdom
550710,82551,LAUNDRY 15C METAL SIGN,96,2011-04-20 11:05:00,1.7,17450.0,United Kingdom
550710,82552,WASHROOM METAL SIGN,96,2011-04-20 11:05:00,1.7,17450.0,United Kingdom
550710,22479,DAISY GARDEN MARKER,360,2011-04-20 11:05:00,1.48,17450.0,United Kingdom
550710,22478,BIRDHOUSE GARDEN MARKER ,360,2011-04-20 11:05:00,1.48,17450.0,United Kingdom
550710,22477,WATERING CAN GARDEN MARKER,360,2011-04-20 11:05:00,1.48,17450.0,United Kingdom
550711,82484,WOOD BLACK BOARD ANT WHITE FINISH,108,2011-04-20 11:06:00,4.77,18102.0,United Kingdom
550711,22507,MEMO BOARD RETROSPOT  DESIGN,112,2011-04-20 11:06:00,3.86,18102.0,United Kingdom
550711,22189,CREAM HEART CARD HOLDER,108,2011-04-20 11:06:00,2.31,18102.0,United Kingdom
550712,85132C,CHARLIE AND LOLA FIGURES TINS,12,2011-04-20 11:06:00,1.95,15159.0,United Kingdom
550712,85132A,CHARLIE + LOLA BISCUITS TINS,12,2011-04-20 11:06:00,1.95,15159.0,United Kingdom
550712,84313C,ORANGE TV TRAY TABLE ,12,2011-04-20 11:06:00,1.95,15159.0,United Kingdom
550712,21578,WOODLAND DESIGN  COTTON TOTE BAG,6,2011-04-20 11:06:00,2.25,15159.0,United Kingdom
550712,21580,RABBIT  DESIGN  COTTON TOTE BAG,6,2011-04-20 11:06:00,2.25,15159.0,United Kingdom
550712,21577,SAVE THE PLANET COTTON TOTE BAG,6,2011-04-20 11:06:00,2.25,15159.0,United Kingdom
550712,21579,LOLITA  DESIGN  COTTON TOTE BAG,6,2011-04-20 11:06:00,2.25,15159.0,United Kingdom
550712,22379,RECYCLING BAG RETROSPOT ,10,2011-04-20 11:06:00,2.1,15159.0,United Kingdom
550712,20724,RED RETROSPOT CHARLOTTE BAG,10,2011-04-20 11:06:00,0.85,15159.0,United Kingdom
550712,22356,CHARLOTTE BAG PINK POLKADOT,10,2011-04-20 11:06:00,0.85,15159.0,United Kingdom
550712,23204,CHARLOTTE BAG APPLES DESIGN,10,2011-04-20 11:06:00,0.85,15159.0,United Kingdom
550712,23205,CHARLOTTE BAG VINTAGE ALPHABET ,10,2011-04-20 11:06:00,0.85,15159.0,United Kingdom
550712,22355,CHARLOTTE BAG SUKI DESIGN,10,2011-04-20 11:06:00,0.85,15159.0,United Kingdom
550712,22661,CHARLOTTE BAG DOLLY GIRL DESIGN,10,2011-04-20 11:06:00,0.85,15159.0,United Kingdom
550712,20725,LUNCH BAG RED RETROSPOT,10,2011-04-20 11:06:00,1.65,15159.0,United Kingdom
550712,22384,LUNCH BAG PINK POLKADOT,10,2011-04-20 11:06:00,1.65,15159.0,United Kingdom
550712,22382,LUNCH BAG SPACEBOY DESIGN ,10,2011-04-20 11:06:00,1.65,15159.0,United Kingdom
550712,23206,LUNCH BAG APPLE DESIGN,10,2011-04-20 11:06:00,1.65,15159.0,United Kingdom
550712,23207,LUNCH BAG ALPHABET DESIGN,10,2011-04-20 11:06:00,1.65,15159.0,United Kingdom
550712,23208,LUNCH BAG VINTAGE LEAF DESIGN,10,2011-04-20 11:06:00,1.65,15159.0,United Kingdom
550712,22964,3 PIECE SPACEBOY COOKIE CUTTER SET,6,2011-04-20 11:06:00,2.1,15159.0,United Kingdom
550712,22629,SPACEBOY LUNCH BOX ,12,2011-04-20 11:06:00,1.95,15159.0,United Kingdom
550712,22972,CHILDREN'S SPACEBOY MUG,12,2011-04-20 11:06:00,1.65,15159.0,United Kingdom
550712,22975,SPACEBOY CHILDRENS EGG CUP,12,2011-04-20 11:06:00,1.25,15159.0,United Kingdom
550712,82486,WOOD S/3 CABINET ANT WHITE FINISH,6,2011-04-20 11:06:00,8.95,15159.0,United Kingdom
550712,82483,WOOD 2 DRAWER CABINET WHITE FINISH,6,2011-04-20 11:06:00,6.95,15159.0,United Kingdom
550712,48187,DOORMAT NEW ENGLAND,10,2011-04-20 11:06:00,6.75,15159.0,United Kingdom
550712,48185,DOORMAT FAIRY CAKE,10,2011-04-20 11:06:00,6.75,15159.0,United Kingdom
550712,21137,BLACK RECORD COVER FRAME,8,2011-04-20 11:06:00,3.75,15159.0,United Kingdom
550712,22041,"RECORD FRAME 7"" SINGLE SIZE ",6,2011-04-20 11:06:00,2.55,15159.0,United Kingdom
550712,22766,PHOTO FRAME CORNICE,8,2011-04-20 11:06:00,2.95,15159.0,United Kingdom
550712,22087,PAPER BUNTING WHITE LACE,12,2011-04-20 11:06:00,2.95,15159.0,United Kingdom
550712,22088,PAPER BUNTING COLOURED LACE,12,2011-04-20 11:06:00,2.95,15159.0,United Kingdom
550712,22729,ALARM CLOCK BAKELIKE ORANGE,4,2011-04-20 11:06:00,3.75,15159.0,United Kingdom
550712,22727,ALARM CLOCK BAKELIKE RED ,4,2011-04-20 11:06:00,3.75,15159.0,United Kingdom
550712,22728,ALARM CLOCK BAKELIKE PINK,4,2011-04-20 11:06:00,3.75,15159.0,United Kingdom
550712,22973,CHILDREN'S CIRCUS PARADE MUG,12,2011-04-20 11:06:00,1.65,15159.0,United Kingdom
550712,22974,CHILDRENS DOLLY GIRL MUG,12,2011-04-20 11:06:00,1.65,15159.0,United Kingdom
550712,22976,CIRCUS PARADE CHILDRENS EGG CUP ,12,2011-04-20 11:06:00,1.25,15159.0,United Kingdom
550712,22977,DOLLY GIRL CHILDRENS EGG CUP,12,2011-04-20 11:06:00,1.25,15159.0,United Kingdom
550713,23071,MARIE ANTOIENETT TRINKET BOX GOLD,1,2011-04-20 11:11:00,12.5,15159.0,United Kingdom
550714,21756,BATH BUILDING BLOCK WORD,3,2011-04-20 11:12:00,5.95,15249.0,United Kingdom
550714,21754,HOME BUILDING BLOCK WORD,3,2011-04-20 11:12:00,5.95,15249.0,United Kingdom
550714,20974,12 PENCILS SMALL TUBE SKULL,24,2011-04-20 11:12:00,0.65,15249.0,United Kingdom
550714,20975,12 PENCILS SMALL TUBE RED RETROSPOT,24,2011-04-20 11:12:00,0.65,15249.0,United Kingdom
550714,22502,PICNIC BASKET WICKER SMALL,4,2011-04-20 11:12:00,5.95,15249.0,United Kingdom
550714,22383,LUNCH BAG SUKI DESIGN ,20,2011-04-20 11:12:00,1.65,15249.0,United Kingdom
550714,22384,LUNCH BAG PINK POLKADOT,20,2011-04-20 11:12:00,1.65,15249.0,United Kingdom
550714,47566,PARTY BUNTING,8,2011-04-20 11:12:00,4.95,15249.0,United Kingdom
550714,22595,GINGHAM HEART DECORATION,24,2011-04-20 11:12:00,0.85,15249.0,United Kingdom
550714,21069,VINTAGE BILLBOARD TEA MUG,24,2011-04-20 11:12:00,1.25,15249.0,United Kingdom
550714,21067,VINTAGE RED TEATIME MUG,24,2011-04-20 11:12:00,1.25,15249.0,United Kingdom
550714,21070,VINTAGE BILLBOARD MUG ,24,2011-04-20 11:12:00,1.25,15249.0,United Kingdom
550714,84030E,ENGLISH ROSE HOT WATER BOTTLE,4,2011-04-20 11:12:00,4.25,15249.0,United Kingdom
550714,37370,RETRO COFFEE MUGS ASSORTED,24,2011-04-20 11:12:00,1.25,15249.0,United Kingdom
550714,22652,TRAVEL SEWING KIT,10,2011-04-20 11:12:00,1.65,15249.0,United Kingdom
550714,22294,HEART FILIGREE DOVE  SMALL,24,2011-04-20 11:12:00,1.25,15249.0,United Kingdom
550714,22740,POLKADOT PEN,48,2011-04-20 11:12:00,0.85,15249.0,United Kingdom
550714,84913B,MINT GREEN ROSE TOWEL,4,2011-04-20 11:12:00,4.65,15249.0,United Kingdom
550714,84913A,SOFT PINK ROSE TOWEL ,4,2011-04-20 11:12:00,4.65,15249.0,United Kingdom
550723,20728,LUNCH BAG CARS BLUE,4,2011-04-20 11:19:00,1.65,17454.0,United Kingdom
550723,22179,SET 10 LIGHTS NIGHT OWL,1,2011-04-20 11:19:00,6.75,17454.0,United Kingdom
550723,23152,IVORY SWEETHEART WIRE LETTER RACK ,2,2011-04-20 11:19:00,3.75,17454.0,United Kingdom
550723,23206,LUNCH BAG APPLE DESIGN,4,2011-04-20 11:19:00,1.65,17454.0,United Kingdom
550723,23207,LUNCH BAG ALPHABET DESIGN,4,2011-04-20 11:19:00,1.65,17454.0,United Kingdom
550723,23146,TRIPLE HOOK ANTIQUE IVORY ROSE,1,2011-04-20 11:19:00,3.29,17454.0,United Kingdom
550723,51020A,SUMMER FUN DESIGN SHOWER CAP,1,2011-04-20 11:19:00,0.29,17454.0,United Kingdom
550723,20914,SET/5 RED RETROSPOT LID GLASS BOWLS,1,2011-04-20 11:19:00,2.95,17454.0,United Kingdom
550723,20727,LUNCH BAG  BLACK SKULL.,4,2011-04-20 11:19:00,1.65,17454.0,United Kingdom
550723,22384,LUNCH BAG PINK POLKADOT,4,2011-04-20 11:19:00,1.65,17454.0,United Kingdom
550723,22865,HAND WARMER OWL DESIGN,1,2011-04-20 11:19:00,2.1,17454.0,United Kingdom
550723,22930,BAKING MOULD HEART MILK CHOCOLATE,1,2011-04-20 11:19:00,2.55,17454.0,United Kingdom
550723,20676,RED RETROSPOT BOWL,2,2011-04-20 11:19:00,1.25,17454.0,United Kingdom
550723,20677,PINK POLKADOT BOWL,2,2011-04-20 11:19:00,1.25,17454.0,United Kingdom
550723,23199,JUMBO BAG APPLES,10,2011-04-20 11:19:00,2.08,17454.0,United Kingdom
550723,22386,JUMBO BAG PINK POLKADOT,10,2011-04-20 11:19:00,2.08,17454.0,United Kingdom
550723,21930,JUMBO STORAGE BAG SKULLS,2,2011-04-20 11:19:00,2.08,17454.0,United Kingdom
550723,21928,JUMBO BAG SCANDINAVIAN BLUE PAISLEY,3,2011-04-20 11:19:00,2.08,17454.0,United Kingdom
550740,21242,RED RETROSPOT PLATE ,1,2011-04-20 11:33:00,3.29,,United Kingdom
550740,21244,BLUE POLKADOT PLATE ,1,2011-04-20 11:33:00,3.29,,United Kingdom
550740,21484,CHICK GREY HOT WATER BOTTLE,1,2011-04-20 11:33:00,8.29,,United Kingdom
550740,21556,CERAMIC STRAWBERRY MONEY BOX,2,2011-04-20 11:33:00,4.13,,United Kingdom
550740,21668,RED STRIPE CERAMIC DRAWER KNOB,1,2011-04-20 11:33:00,2.46,,United Kingdom
550740,21669,BLUE STRIPE CERAMIC DRAWER KNOB,1,2011-04-20 11:33:00,2.46,,United Kingdom
550740,21912,VINTAGE SNAKES & LADDERS,2,2011-04-20 11:33:00,7.46,,United Kingdom
550740,21929,JUMBO BAG PINK VINTAGE PAISLEY,2,2011-04-20 11:33:00,4.96,,United Kingdom
550740,21934,SKULL SHOULDER BAG,1,2011-04-20 11:33:00,3.29,,United Kingdom
550740,21989,PACK OF 20 SKULL PAPER NAPKINS,4,2011-04-20 11:33:00,1.63,,United Kingdom
550740,22074,6 RIBBONS SHIMMERING PINKS ,1,2011-04-20 11:33:00,2.46,,United Kingdom
550740,22076,6 RIBBONS EMPIRE  ,2,2011-04-20 11:33:00,2.46,,United Kingdom
550740,22077,6 RIBBONS RUSTIC CHARM,3,2011-04-20 11:33:00,4.13,,United Kingdom
550740,22081,RIBBON REEL FLORA + FAUNA ,1,2011-04-20 11:33:00,3.29,,United Kingdom
550740,22083,PAPER CHAIN KIT RETROSPOT,1,2011-04-20 11:33:00,6.63,,United Kingdom
550740,22112,CHOCOLATE HOT WATER BOTTLE,2,2011-04-20 11:33:00,12.46,,United Kingdom
550740,22174,PHOTO CUBE,1,2011-04-20 11:33:00,4.13,,United Kingdom
550740,22326,ROUND SNACK BOXES SET OF4 WOODLAND ,5,2011-04-20 11:33:00,6.63,,United Kingdom
550740,22327,ROUND SNACK BOXES SET OF 4 SKULLS,2,2011-04-20 11:33:00,6.63,,United Kingdom
550740,22328,ROUND SNACK BOXES SET OF 4 FRUITS ,2,2011-04-20 11:33:00,4.13,,United Kingdom
550740,22355,CHARLOTTE BAG SUKI DESIGN,42,2011-04-20 11:33:00,2.46,,United Kingdom
550740,22356,CHARLOTTE BAG PINK POLKADOT,17,2011-04-20 11:33:00,2.46,,United Kingdom
550740,22380,TOY TIDY SPACEBOY  ,1,2011-04-20 11:33:00,4.13,,United Kingdom
550740,22382,LUNCH BAG SPACEBOY DESIGN ,3,2011-04-20 11:33:00,4.96,,United Kingdom
550740,22384,LUNCH BAG PINK POLKADOT,1,2011-04-20 11:33:00,4.96,,United Kingdom
550740,22417,PACK OF 60 SPACEBOY CAKE CASES,1,2011-04-20 11:33:00,2.08,,United Kingdom
550740,22423,REGENCY CAKESTAND 3 TIER,14,2011-04-20 11:33:00,24.96,,United Kingdom
550740,22426,ENAMEL WASH BOWL CREAM,1,2011-04-20 11:33:00,8.29,,United Kingdom
550740,22491,PACK OF 12 COLOURED PENCILS,1,2011-04-20 11:33:00,1.63,,United Kingdom
550740,22499,WOODEN UNION JACK BUNTING,36,2011-04-20 11:33:00,8.29,,United Kingdom
550740,22551,PLASTERS IN TIN SPACEBOY,1,2011-04-20 11:33:00,3.29,,United Kingdom
550740,20675,BLUE POLKADOT BOWL,5,2011-04-20 11:33:00,2.46,,United Kingdom
550740,20677,PINK POLKADOT BOWL,7,2011-04-20 11:33:00,2.46,,United Kingdom
550740,20719,WOODLAND CHARLOTTE BAG,38,2011-04-20 11:33:00,2.46,,United Kingdom
550740,20723,STRAWBERRY CHARLOTTE BAG,1,2011-04-20 11:33:00,2.46,,United Kingdom
550740,20724,RED RETROSPOT CHARLOTTE BAG,32,2011-04-20 11:33:00,2.46,,United Kingdom
550740,20725,LUNCH BAG RED RETROSPOT,20,2011-04-20 11:33:00,4.96,,United Kingdom
550740,20726,LUNCH BAG WOODLAND,8,2011-04-20 11:33:00,4.96,,United Kingdom
550740,20727,LUNCH BAG  BLACK SKULL.,9,2011-04-20 11:33:00,4.96,,United Kingdom
550740,20728,LUNCH BAG CARS BLUE,8,2011-04-20 11:33:00,4.96,,United Kingdom
550740,21082,SET/20 FRUIT SALAD PAPER NAPKINS ,5,2011-04-20 11:33:00,1.63,,United Kingdom
550740,21154,RED RETROSPOT OVEN GLOVE ,7,2011-04-20 11:33:00,3.29,,United Kingdom
550740,21155,RED RETROSPOT PEG BAG,11,2011-04-20 11:33:00,4.96,,United Kingdom
550740,21211,SET OF 72 SKULL PAPER  DOILIES,1,2011-04-20 11:33:00,3.75,,United Kingdom
550740,21212,PACK OF 72 RETROSPOT CAKE CASES,28,2011-04-20 11:33:00,2.08,,United Kingdom
550740,21213,PACK OF 72 SKULL CAKE CASES,6,2011-04-20 11:33:00,2.08,,United Kingdom
550740,21238,RED RETROSPOT CUP,1,2011-04-20 11:33:00,1.63,,United Kingdom
550740,21239,PINK  POLKADOT CUP,4,2011-04-20 11:33:00,1.63,,United Kingdom
550740,21240,BLUE POLKADOT CUP,6,2011-04-20 11:33:00,1.63,,United Kingdom
550740,22555,PLASTERS IN TIN STRONGMAN,1,2011-04-20 11:33:00,3.29,,United Kingdom
550740,22556,PLASTERS IN TIN CIRCUS PARADE ,1,2011-04-20 11:33:00,3.29,,United Kingdom
550740,22557,PLASTERS IN TIN VINTAGE PAISLEY ,1,2011-04-20 11:33:00,3.29,,United Kingdom
550740,22631,CIRCUS PARADE LUNCH BOX ,3,2011-04-20 11:33:00,3.29,,United Kingdom
550740,22645,CERAMIC HEART FAIRY CAKE MONEY BANK,7,2011-04-20 11:33:00,4.13,,United Kingdom
550740,22646,CERAMIC STRAWBERRY CAKE MONEY BANK,1,2011-04-20 11:33:00,4.13,,United Kingdom
550740,22665,RECIPE BOX BLUE SKETCHBOOK DESIGN,3,2011-04-20 11:33:00,6.63,,United Kingdom
550740,22666,RECIPE BOX PANTRY YELLOW DESIGN,12,2011-04-20 11:33:00,6.63,,United Kingdom
550740,22726,ALARM CLOCK BAKELIKE GREEN,3,2011-04-20 11:33:00,8.29,,United Kingdom
550740,22727,ALARM CLOCK BAKELIKE RED ,3,2011-04-20 11:33:00,8.29,,United Kingdom
550740,22730,ALARM CLOCK BAKELIKE IVORY,1,2011-04-20 11:33:00,8.29,,United Kingdom
550740,22745,POPPY'S PLAYHOUSE BEDROOM ,1,2011-04-20 11:33:00,3.29,,United Kingdom
550740,22746,POPPY'S PLAYHOUSE LIVINGROOM ,1,2011-04-20 11:33:00,3.29,,United Kingdom
550740,22747,POPPY'S PLAYHOUSE BATHROOM,1,2011-04-20 11:33:00,3.29,,United Kingdom
550740,22774,RED DRAWER KNOB ACRYLIC EDWARDIAN,2,2011-04-20 11:33:00,2.46,,United Kingdom
550740,22775,PURPLE DRAWERKNOB ACRYLIC EDWARDIAN,6,2011-04-20 11:33:00,2.46,,United Kingdom
550740,22894,TABLECLOTH RED APPLES DESIGN ,1,2011-04-20 11:33:00,20.79,,United Kingdom
550740,22895,SET OF 2 TEA TOWELS APPLE AND PEARS,1,2011-04-20 11:33:00,6.63,,United Kingdom
550740,22896,PEG BAG APPLES DESIGN,1,2011-04-20 11:33:00,5.79,,United Kingdom
550740,47566,PARTY BUNTING,69,2011-04-20 11:33:00,10.79,,United Kingdom
550740,48187,DOORMAT NEW ENGLAND,2,2011-04-20 11:33:00,12.46,,United Kingdom
550740,48189,DOORMAT FRIENDSHIP ,1,2011-04-20 11:33:00,16.63,,United Kingdom
550740,79321,CHILLI LIGHTS,4,2011-04-20 11:33:00,12.46,,United Kingdom
550740,84692,BOX OF 24 COCKTAIL PARASOLS,5,2011-04-20 11:33:00,1.63,,United Kingdom
550740,84989a,75 GREEN FAIRY CAKE CASES,2,2011-04-20 11:33:00,2.08,,United Kingdom
550740,84991,60 TEATIME FAIRY CAKE CASES,10,2011-04-20 11:33:00,1.25,,United Kingdom
550740,84997b,CHILDRENS CUTLERY RETROSPOT RED ,9,2011-04-20 11:33:00,8.29,,United Kingdom
550740,84997c,CHILDRENS CUTLERY POLKADOT BLUE,11,2011-04-20 11:33:00,8.29,,United Kingdom
550740,84997d,CHILDRENS CUTLERY POLKADOT PINK,4,2011-04-20 11:33:00,8.29,,United Kingdom
550740,85049g,CHOCOLATE BOX RIBBONS ,2,2011-04-20 11:33:00,2.46,,United Kingdom
550750,21733,RED HANGING HEART T-LIGHT HOLDER,12,2011-04-20 11:45:00,2.95,13632.0,United Kingdom
550750,21730,GLASS STAR FROSTED T-LIGHT HOLDER,6,2011-04-20 11:45:00,4.95,13632.0,United Kingdom
550750,85123A,WHITE HANGING HEART T-LIGHT HOLDER,12,2011-04-20 11:45:00,2.95,13632.0,United Kingdom
550750,23206,LUNCH BAG APPLE DESIGN,10,2011-04-20 11:45:00,1.65,13632.0,United Kingdom
550750,21559,STRAWBERRY LUNCH BOX WITH CUTLERY,6,2011-04-20 11:45:00,2.55,13632.0,United Kingdom
550750,21561,DINOSAUR LUNCH BOX WITH CUTLERY,6,2011-04-20 11:45:00,2.55,13632.0,United Kingdom
550750,22382,LUNCH BAG SPACEBOY DESIGN ,10,2011-04-20 11:45:00,1.65,13632.0,United Kingdom
550750,47566,PARTY BUNTING,4,2011-04-20 11:45:00,4.95,13632.0,United Kingdom
550750,20969,RED FLORAL FELTCRAFT SHOULDER BAG,4,2011-04-20 11:45:00,3.75,13632.0,United Kingdom
550750,22566,FELTCRAFT HAIRBAND PINK AND PURPLE,12,2011-04-20 11:45:00,0.85,13632.0,United Kingdom
550750,22149,FELTCRAFT 6 FLOWER FRIENDS,6,2011-04-20 11:45:00,2.1,13632.0,United Kingdom
550750,48116,DOORMAT MULTICOLOUR STRIPE,2,2011-04-20 11:45:00,7.95,13632.0,United Kingdom
550750,21745,GAOLERS KEYS DECORATIVE GARDEN ,4,2011-04-20 11:45:00,3.75,13632.0,United Kingdom
550750,82484,WOOD BLACK BOARD ANT WHITE FINISH,2,2011-04-20 11:45:00,7.95,13632.0,United Kingdom
550750,22457,NATURAL SLATE HEART CHALKBOARD ,6,2011-04-20 11:45:00,2.95,13632.0,United Kingdom
550750,84836,ZINC METAL HEART DECORATION,12,2011-04-20 11:45:00,1.25,13632.0,United Kingdom
550750,22427,ENAMEL FLOWER JUG CREAM,3,2011-04-20 11:45:00,5.95,13632.0,United Kingdom
550750,21889,WOODEN BOX OF DOMINOES,12,2011-04-20 11:45:00,1.25,13632.0,United Kingdom
550750,21891,TRADITIONAL WOODEN SKIPPING ROPE,12,2011-04-20 11:45:00,1.45,13632.0,United Kingdom
C550751,22423,REGENCY CAKESTAND 3 TIER,-2,2011-04-20 11:48:00,12.75,15465.0,United Kingdom
C550752,22801,ANTIQUE GLASS PEDESTAL BOWL,-1,2011-04-20 11:49:00,3.75,13089.0,United Kingdom
550753,84763,Display,-150,2011-04-20 11:53:00,0.0,,United Kingdom
550754,22423,REGENCY CAKESTAND 3 TIER,48,2011-04-20 11:57:00,10.95,15465.0,United Kingdom
550754,22499,WOODEN UNION JACK BUNTING,12,2011-04-20 11:57:00,5.95,15465.0,United Kingdom
550755,22585,PACK OF 6 BIRDY GIFT TAGS,24,2011-04-20 12:01:00,1.25,17548.0,United Kingdom
550755,22082,RIBBON REEL STRIPES DESIGN ,10,2011-04-20 12:01:00,1.65,17548.0,United Kingdom
550755,22081,RIBBON REEL FLORA + FAUNA ,10,2011-04-20 12:01:00,1.65,17548.0,United Kingdom
550755,22079,RIBBON REEL HEARTS DESIGN ,10,2011-04-20 12:01:00,1.65,17548.0,United Kingdom
550755,22926,IVORY GIANT GARDEN THERMOMETER,4,2011-04-20 12:01:00,5.95,17548.0,United Kingdom
550756,22423,REGENCY CAKESTAND 3 TIER,10,2011-04-20 12:02:00,12.75,14148.0,United Kingdom
550756,22617,BAKING SET SPACEBOY DESIGN,3,2011-04-20 12:02:00,4.95,14148.0,United Kingdom
550756,22138,BAKING SET 9 PIECE RETROSPOT ,3,2011-04-20 12:02:00,4.95,14148.0,United Kingdom
550757,16202B,,-9,2011-04-20 12:08:00,0.0,,United Kingdom
550758,85017A,,-8,2011-04-20 12:09:00,0.0,,United Kingdom
550759,21087,,-7,2011-04-20 12:09:00,0.0,,United Kingdom
550760,84750B,,-4,2011-04-20 12:09:00,0.0,,United Kingdom
550761,84388,,6,2011-04-20 12:10:00,0.0,,United Kingdom
550762,85030,,-9,2011-04-20 12:10:00,0.0,,United Kingdom
550763,84666,,-5,2011-04-20 12:11:00,0.0,,United Kingdom
550764,21922,UNION STRIPE WITH FRINGE  HAMMOCK,1,2011-04-20 12:26:00,7.95,14527.0,United Kingdom
550764,22427,ENAMEL FLOWER JUG CREAM,1,2011-04-20 12:26:00,5.95,14527.0,United Kingdom
550764,20803,SMALL PINK GLASS SUNDAE DISH,1,2011-04-20 12:26:00,0.39,14527.0,United Kingdom
550764,20801,LARGE PINK GLASS SUNDAE DISH,1,2011-04-20 12:26:00,0.79,14527.0,United Kingdom
550764,22282,12 EGG HOUSE PAINTED WOOD,1,2011-04-20 12:26:00,12.75,14527.0,United Kingdom
550764,21524,DOORMAT SPOTTY HOME SWEET HOME,1,2011-04-20 12:26:00,7.95,14527.0,United Kingdom
550764,85099C,JUMBO  BAG BAROQUE BLACK WHITE,5,2011-04-20 12:26:00,2.08,14527.0,United Kingdom
550764,20711,JUMBO BAG TOYS ,1,2011-04-20 12:26:00,2.08,14527.0,United Kingdom
550764,23199,JUMBO BAG APPLES,3,2011-04-20 12:26:00,2.08,14527.0,United Kingdom
550764,21625,VINTAGE UNION JACK APRON,1,2011-04-20 12:26:00,6.95,14527.0,United Kingdom
550764,22171,3 HOOK PHOTO SHELF ANTIQUE WHITE,1,2011-04-20 12:26:00,8.5,14527.0,United Kingdom
550764,23075,PARLOUR CERAMIC WALL HOOK,8,2011-04-20 12:26:00,4.15,14527.0,United Kingdom
550765,23052,RECYCLED ACAPULCO MAT TURQUOISE,2,2011-04-20 12:28:00,8.25,16103.0,United Kingdom
550765,23050,RECYCLED ACAPULCO MAT GREEN,2,2011-04-20 12:28:00,8.25,16103.0,United Kingdom
550765,22766,PHOTO FRAME CORNICE,8,2011-04-20 12:28:00,2.95,16103.0,United Kingdom
550765,23053,RECYCLED ACAPULCO MAT PINK,2,2011-04-20 12:28:00,8.25,16103.0,United Kingdom
550765,23051,RECYCLED ACAPULCO MAT BLUE,2,2011-04-20 12:28:00,8.25,16103.0,United Kingdom
550765,21654,RIDGED GLASS FINGER BOWL,36,2011-04-20 12:28:00,0.39,16103.0,United Kingdom
550765,22087,PAPER BUNTING WHITE LACE,18,2011-04-20 12:28:00,2.95,16103.0,United Kingdom
550765,22677,FRENCH BLUE METAL DOOR SIGN 2,10,2011-04-20 12:28:00,1.25,16103.0,United Kingdom
550765,79030G,TUMBLER NEW ENGLAND,48,2011-04-20 12:28:00,0.39,16103.0,United Kingdom
550765,23054,RECYCLED ACAPULCO MAT LAVENDER,2,2011-04-20 12:28:00,8.25,16103.0,United Kingdom
550766,22969,HOMEMADE JAM SCENTED CANDLES,12,2011-04-20 12:30:00,1.45,17463.0,United Kingdom
550766,22149,FELTCRAFT 6 FLOWER FRIENDS,6,2011-04-20 12:30:00,2.1,17463.0,United Kingdom
550766,20972,PINK CREAM FELT CRAFT TRINKET BOX ,12,2011-04-20 12:30:00,1.25,17463.0,United Kingdom
550766,22147,FELTCRAFT BUTTERFLY HEARTS,12,2011-04-20 12:30:00,1.45,17463.0,United Kingdom
550766,84978,HANGING HEART JAR T-LIGHT HOLDER,12,2011-04-20 12:30:00,1.25,17463.0,United Kingdom
550766,21754,HOME BUILDING BLOCK WORD,6,2011-04-20 12:30:00,5.95,17463.0,United Kingdom
550766,21756,BATH BUILDING BLOCK WORD,3,2011-04-20 12:30:00,5.95,17463.0,United Kingdom
550766,22432,WATERING CAN PINK BUNNY,6,2011-04-20 12:30:00,1.95,17463.0,United Kingdom
550766,22433,WATERING CAN GREEN DINOSAUR,6,2011-04-20 12:30:00,1.95,17463.0,United Kingdom
550766,82486,WOOD S/3 CABINET ANT WHITE FINISH,2,2011-04-20 12:30:00,8.95,17463.0,United Kingdom
550766,85066,CREAM SWEETHEART MINI CHEST,2,2011-04-20 12:30:00,12.75,17463.0,United Kingdom
550766,84755,COLOUR GLASS T-LIGHT HOLDER HANGING,16,2011-04-20 12:30:00,0.65,17463.0,United Kingdom
550766,84970S,HANGING HEART ZINC T-LIGHT HOLDER,12,2011-04-20 12:30:00,0.85,17463.0,United Kingdom
550766,22841,ROUND CAKE TIN VINTAGE GREEN,2,2011-04-20 12:30:00,7.95,17463.0,United Kingdom
550767,22741,FUNKY DIVA PEN,48,2011-04-20 12:32:00,0.85,14776.0,United Kingdom
550767,20975,12 PENCILS SMALL TUBE RED RETROSPOT,24,2011-04-20 12:32:00,0.65,14776.0,United Kingdom
550767,20974,12 PENCILS SMALL TUBE SKULL,24,2011-04-20 12:32:00,0.65,14776.0,United Kingdom
550767,23000,TRAVEL CARD WALLET TRANSPORT,24,2011-04-20 12:32:00,0.42,14776.0,United Kingdom
550767,23006,TRAVEL CARD WALLET FLOWER MEADOW,24,2011-04-20 12:32:00,0.42,14776.0,United Kingdom
550767,23002,TRAVEL CARD WALLET SKULLS,24,2011-04-20 12:32:00,0.42,14776.0,United Kingdom
550767,22998,TRAVEL CARD WALLET KEEP CALM,24,2011-04-20 12:32:00,0.42,14776.0,United Kingdom
550767,22432,WATERING CAN PINK BUNNY,6,2011-04-20 12:32:00,1.95,14776.0,United Kingdom
550767,22431,WATERING CAN BLUE ELEPHANT,6,2011-04-20 12:32:00,1.95,14776.0,United Kingdom
550767,22524,CHILDRENS GARDEN GLOVES BLUE,12,2011-04-20 12:32:00,1.25,14776.0,United Kingdom
550767,22521,CHILDS GARDEN TROWEL PINK,12,2011-04-20 12:32:00,0.85,14776.0,United Kingdom
550767,22520,CHILDS GARDEN TROWEL BLUE ,12,2011-04-20 12:32:00,0.85,14776.0,United Kingdom
550767,23078,ICE CREAM PEN LIP GLOSS ,48,2011-04-20 12:32:00,1.25,14776.0,United Kingdom
550767,21914,BLUE HARMONICA IN BOX ,12,2011-04-20 12:32:00,1.25,14776.0,United Kingdom
550767,21915,RED  HARMONICA IN BOX ,12,2011-04-20 12:32:00,1.25,14776.0,United Kingdom
550767,21703,BAG 125g SWIRLY MARBLES,48,2011-04-20 12:32:00,0.42,14776.0,United Kingdom
550767,21878,PACK OF 6 SANDCASTLE FLAGS ASSORTED,24,2011-04-20 12:32:00,0.85,14776.0,United Kingdom
550768,82486,WOOD S/3 CABINET ANT WHITE FINISH,12,2011-04-20 12:44:00,8.15,15039.0,United Kingdom
550768,84406B,CREAM CUPID HEARTS COAT HANGER,1,2011-04-20 12:44:00,4.15,15039.0,United Kingdom
550768,23060,HEART BEADED TRELLIS DECORATION,2,2011-04-20 12:44:00,2.08,15039.0,United Kingdom
550768,22673,FRENCH GARDEN SIGN BLUE METAL,1,2011-04-20 12:44:00,1.25,15039.0,United Kingdom
550768,22676,FRENCH BLUE METAL DOOR SIGN 1,2,2011-04-20 12:44:00,1.25,15039.0,United Kingdom
550768,21080,SET/20 RED RETROSPOT PAPER NAPKINS ,4,2011-04-20 12:44:00,0.85,15039.0,United Kingdom
550768,21094,SET/6 RED SPOTTY PAPER PLATES,4,2011-04-20 12:44:00,0.85,15039.0,United Kingdom
550768,47599B,BLUE PARTY BAGS ,6,2011-04-20 12:44:00,2.1,15039.0,United Kingdom
550768,21907,I'M ON HOLIDAY METAL SIGN,1,2011-04-20 12:44:00,2.1,15039.0,United Kingdom
550768,21908,CHOCOLATE THIS WAY METAL SIGN,6,2011-04-20 12:44:00,2.1,15039.0,United Kingdom
550768,35914,PINK CHICK EGG WARMER + EGG CUP,4,2011-04-20 12:44:00,0.85,15039.0,United Kingdom
550768,23199,JUMBO BAG APPLES,10,2011-04-20 12:44:00,2.08,15039.0,United Kingdom
550768,21936,RED RETROSPOT PICNIC BAG,1,2011-04-20 12:44:00,2.95,15039.0,United Kingdom
550768,23201,JUMBO BAG ALPHABET,10,2011-04-20 12:44:00,2.08,15039.0,United Kingdom
550768,85099B,JUMBO BAG RED RETROSPOT,10,2011-04-20 12:44:00,2.08,15039.0,United Kingdom
550768,85099C,JUMBO  BAG BAROQUE BLACK WHITE,20,2011-04-20 12:44:00,2.08,15039.0,United Kingdom
550768,21428,SET3 BOOK BOX GREEN GINGHAM FLOWER ,2,2011-04-20 12:44:00,4.25,15039.0,United Kingdom
550768,22692,DOORMAT WELCOME TO OUR HOME,1,2011-04-20 12:44:00,7.95,15039.0,United Kingdom
550768,15058A,BLUE POLKADOT GARDEN PARASOL,1,2011-04-20 12:44:00,7.95,15039.0,United Kingdom
550768,82483,WOOD 2 DRAWER CABINET WHITE FINISH,6,2011-04-20 12:44:00,6.95,15039.0,United Kingdom
550768,84988,SET OF 72 PINK HEART PAPER DOILIES,24,2011-04-20 12:44:00,1.45,15039.0,United Kingdom
550768,22386,JUMBO BAG PINK POLKADOT,20,2011-04-20 12:44:00,2.08,15039.0,United Kingdom
550768,47566,PARTY BUNTING,60,2011-04-20 12:44:00,4.15,15039.0,United Kingdom
550768,22411,JUMBO SHOPPER VINTAGE RED PAISLEY,26,2011-04-20 12:44:00,2.08,15039.0,United Kingdom
550768,21340,CLASSIC METAL BIRDCAGE PLANT HOLDER,1,2011-04-20 12:44:00,12.75,15039.0,United Kingdom
550769,22084,PAPER CHAIN KIT EMPIRE,10,2011-04-20 12:56:00,2.95,15984.0,United Kingdom
550769,23066,SMALL DECO JEWELLERY STAND,2,2011-04-20 12:56:00,8.25,15984.0,United Kingdom
550769,22357,KINGS CHOICE BISCUIT TIN,2,2011-04-20 12:56:00,4.25,15984.0,United Kingdom
550769,20985,HEART CALCULATOR,6,2011-04-20 12:56:00,1.25,15984.0,United Kingdom
550769,22358,KINGS CHOICE TEA CADDY ,4,2011-04-20 12:56:00,2.95,15984.0,United Kingdom
550769,22926,IVORY GIANT GARDEN THERMOMETER,4,2011-04-20 12:56:00,5.95,15984.0,United Kingdom
550769,85123A,WHITE HANGING HEART T-LIGHT HOLDER,5,2011-04-20 12:56:00,2.95,15984.0,United Kingdom
550769,23068,ALUMINIUM STAMPED HEART,48,2011-04-20 12:56:00,2.08,15984.0,United Kingdom
C550770,84947,ANTIQUE SILVER TEA GLASS ENGRAVED,-9,2011-04-20 12:59:00,1.06,17856.0,United Kingdom
C550771,21320,GLASS CHALICE GREEN  LARGE ,-7,2011-04-20 13:11:00,2.1,17856.0,United Kingdom
550772,22800,ANTIQUE TALL SWIRLGLASS TRINKET POT,12,2011-04-20 13:13:00,3.75,17856.0,United Kingdom
550772,20802,SMALL GLASS SUNDAE DISH CLEAR,18,2011-04-20 13:13:00,1.65,17856.0,United Kingdom
550773,84879,ASSORTED COLOUR BIRD ORNAMENT,16,2011-04-20 13:15:00,1.69,17567.0,United Kingdom
550773,22377,BOTTLE BAG RETROSPOT ,8,2011-04-20 13:15:00,2.1,17567.0,United Kingdom
550773,22478,BIRDHOUSE GARDEN MARKER ,10,2011-04-20 13:15:00,1.25,17567.0,United Kingdom
550773,22457,NATURAL SLATE HEART CHALKBOARD ,6,2011-04-20 13:15:00,2.95,17567.0,United Kingdom
550773,21260,FIRST AID TIN,6,2011-04-20 13:15:00,3.25,17567.0,United Kingdom
550773,22197,SMALL POPCORN HOLDER,12,2011-04-20 13:15:00,0.85,17567.0,United Kingdom
550773,21937,STRAWBERRY   PICNIC BAG,5,2011-04-20 13:15:00,2.95,17567.0,United Kingdom
550773,22386,JUMBO BAG PINK POLKADOT,10,2011-04-20 13:15:00,2.08,17567.0,United Kingdom
550773,22381,TOY TIDY PINK POLKADOT,6,2011-04-20 13:15:00,2.1,17567.0,United Kingdom
550773,21936,RED RETROSPOT PICNIC BAG,6,2011-04-20 13:15:00,2.95,17567.0,United Kingdom
550773,20725,LUNCH BAG RED RETROSPOT,10,2011-04-20 13:15:00,1.65,17567.0,United Kingdom
550773,22379,RECYCLING BAG RETROSPOT ,10,2011-04-20 13:15:00,2.1,17567.0,United Kingdom
550773,20750,RED RETROSPOT MINI CASES,12,2011-04-20 13:15:00,6.35,17567.0,United Kingdom
550773,22805,BLUE DRAWER KNOB ACRYLIC EDWARDIAN,12,2011-04-20 13:15:00,1.25,17567.0,United Kingdom
550773,22771,CLEAR DRAWER KNOB ACRYLIC EDWARDIAN,12,2011-04-20 13:15:00,1.25,17567.0,United Kingdom
550773,21672,WHITE SPOT RED CERAMIC DRAWER KNOB,12,2011-04-20 13:15:00,1.25,17567.0,United Kingdom
550773,21670,BLUE SPOT CERAMIC DRAWER KNOB,12,2011-04-20 13:15:00,1.25,17567.0,United Kingdom
550773,21669,BLUE STRIPE CERAMIC DRAWER KNOB,12,2011-04-20 13:15:00,1.25,17567.0,United Kingdom
550773,21671,RED SPOT CERAMIC DRAWER KNOB,12,2011-04-20 13:15:00,1.25,17567.0,United Kingdom
550773,21668,RED STRIPE CERAMIC DRAWER KNOB,18,2011-04-20 13:15:00,1.25,17567.0,United Kingdom
550774,23205,CHARLOTTE BAG VINTAGE ALPHABET ,10,2011-04-20 13:18:00,0.85,14626.0,United Kingdom
550774,23201,JUMBO BAG ALPHABET,10,2011-04-20 13:18:00,2.08,14626.0,United Kingdom
550774,85123A,WHITE HANGING HEART T-LIGHT HOLDER,12,2011-04-20 13:18:00,2.95,14626.0,United Kingdom
550774,21985,PACK OF 12 HEARTS DESIGN TISSUES ,24,2011-04-20 13:18:00,0.29,14626.0,United Kingdom
550774,21212,PACK OF 72 RETROSPOT CAKE CASES,24,2011-04-20 13:18:00,0.55,14626.0,United Kingdom
550774,22178,VICTORIAN GLASS HANGING T-LIGHT,12,2011-04-20 13:18:00,1.25,14626.0,United Kingdom
550774,21314,SMALL GLASS HEART TRINKET POT,8,2011-04-20 13:18:00,2.1,14626.0,United Kingdom
550774,22457,NATURAL SLATE HEART CHALKBOARD ,6,2011-04-20 13:18:00,2.95,14626.0,United Kingdom
550774,22969,HOMEMADE JAM SCENTED CANDLES,12,2011-04-20 13:18:00,1.45,14626.0,United Kingdom
550774,72741,GRAND CHOCOLATECANDLE,72,2011-04-20 13:18:00,1.25,14626.0,United Kingdom
550774,85169A,IVORY LOVE BIRD CANDLE,12,2011-04-20 13:18:00,1.25,14626.0,United Kingdom
550774,21122,SET/10 PINK POLKADOT PARTY CANDLES,24,2011-04-20 13:18:00,1.25,14626.0,United Kingdom
550774,21124,SET/10 BLUE POLKADOT PARTY CANDLES,24,2011-04-20 13:18:00,1.25,14626.0,United Kingdom
550774,21986,PACK OF 12 PINK POLKADOT TISSUES,24,2011-04-20 13:18:00,0.29,14626.0,United Kingdom
550774,21385,IVORY HANGING DECORATION  HEART,24,2011-04-20 13:18:00,0.85,14626.0,United Kingdom
550774,85066,CREAM SWEETHEART MINI CHEST,2,2011-04-20 13:18:00,12.75,14626.0,United Kingdom
550774,21714,CITRONELLA CANDLE GARDEN POT,12,2011-04-20 13:18:00,1.25,14626.0,United Kingdom
550774,21381,MINI WOODEN HAPPY BIRTHDAY GARLAND,12,2011-04-20 13:18:00,1.69,14626.0,United Kingdom
550774,22499,WOODEN UNION JACK BUNTING,3,2011-04-20 13:18:00,5.95,14626.0,United Kingdom
550774,79302M,"ART LIGHTS,FUNK MONKEY",6,2011-04-20 13:18:00,2.95,14626.0,United Kingdom
550774,84755,COLOUR GLASS T-LIGHT HOLDER HANGING,16,2011-04-20 13:18:00,0.65,14626.0,United Kingdom
550774,22413,METAL SIGN TAKE IT OR LEAVE IT ,6,2011-04-20 13:18:00,2.95,14626.0,United Kingdom
550774,21181,PLEASE ONE PERSON METAL SIGN,12,2011-04-20 13:18:00,2.1,14626.0,United Kingdom
550774,21977,PACK OF 60 PINK PAISLEY CAKE CASES,24,2011-04-20 13:18:00,0.55,14626.0,United Kingdom
550774,21870,I CAN ONLY PLEASE ONE PERSON MUG,12,2011-04-20 13:18:00,1.25,14626.0,United Kingdom
550774,21874,GIN AND TONIC MUG,12,2011-04-20 13:18:00,1.25,14626.0,United Kingdom
550774,22652,TRAVEL SEWING KIT,10,2011-04-20 13:18:00,1.65,14626.0,United Kingdom
550774,22835,HOT WATER BOTTLE I AM SO POORLY,4,2011-04-20 13:18:00,4.65,14626.0,United Kingdom
550774,22112,CHOCOLATE HOT WATER BOTTLE,3,2011-04-20 13:18:00,4.95,14626.0,United Kingdom
550775,15036,ASSORTED COLOURS SILK FAN,12,2011-04-20 13:18:00,0.83,15805.0,United Kingdom
550775,22041,"RECORD FRAME 7"" SINGLE SIZE ",6,2011-04-20 13:18:00,2.55,15805.0,United Kingdom
550775,21137,BLACK RECORD COVER FRAME,4,2011-04-20 13:18:00,3.75,15805.0,United Kingdom
550775,22084,PAPER CHAIN KIT EMPIRE,12,2011-04-20 13:18:00,2.95,15805.0,United Kingdom
550775,47590B,PINK HAPPY BIRTHDAY BUNTING,4,2011-04-20 13:18:00,5.45,15805.0,United Kingdom
550775,47590A,BLUE HAPPY BIRTHDAY BUNTING,4,2011-04-20 13:18:00,5.45,15805.0,United Kingdom
550775,47566,PARTY BUNTING,4,2011-04-20 13:18:00,4.95,15805.0,United Kingdom
550775,23008,DOLLY GIRL BABY GIFT SET,1,2011-04-20 13:18:00,16.95,15805.0,United Kingdom
550775,21914,BLUE HARMONICA IN BOX ,12,2011-04-20 13:18:00,1.25,15805.0,United Kingdom
550775,21915,RED  HARMONICA IN BOX ,12,2011-04-20 13:18:00,1.25,15805.0,United Kingdom
550775,21704,BAG 250g SWIRLY MARBLES,12,2011-04-20 13:18:00,0.85,15805.0,United Kingdom
550775,22436,12 COLOURED PARTY BALLOONS,20,2011-04-20 13:18:00,0.65,15805.0,United Kingdom
550775,23135,SMALL ZINC HEART WALL ORGANISER,12,2011-04-20 13:18:00,5.75,15805.0,United Kingdom
550775,23132,SMALL IVORY HEART WALL ORGANISER,12,2011-04-20 13:18:00,4.95,15805.0,United Kingdom
550775,23134,LARGE ZINC HEART WALL ORGANISER,8,2011-04-20 13:18:00,7.05,15805.0,United Kingdom
550775,23133,LARGE IVORY HEART WALL ORGANISER,8,2011-04-20 13:18:00,7.05,15805.0,United Kingdom
550775,20972,PINK CREAM FELT CRAFT TRINKET BOX ,12,2011-04-20 13:18:00,1.25,15805.0,United Kingdom
550775,22904,CALENDAR PAPER CUT DESIGN,6,2011-04-20 13:18:00,2.95,15805.0,United Kingdom
550775,22564,ALPHABET STENCIL CRAFT,12,2011-04-20 13:18:00,1.25,15805.0,United Kingdom
550775,22563,HAPPY STENCIL CRAFT,12,2011-04-20 13:18:00,1.25,15805.0,United Kingdom
550775,22562,MONSTERS STENCIL CRAFT,12,2011-04-20 13:18:00,1.25,15805.0,United Kingdom
550775,21498,RED RETROSPOT WRAP ,25,2011-04-20 13:18:00,0.42,15805.0,United Kingdom
550775,20727,LUNCH BAG  BLACK SKULL.,10,2011-04-20 13:18:00,1.65,15805.0,United Kingdom
550775,23201,JUMBO BAG ALPHABET,10,2011-04-20 13:18:00,2.08,15805.0,United Kingdom
550775,23207,LUNCH BAG ALPHABET DESIGN,10,2011-04-20 13:18:00,1.65,15805.0,United Kingdom
550775,22355,CHARLOTTE BAG SUKI DESIGN,10,2011-04-20 13:18:00,0.85,15805.0,United Kingdom
550775,20717,STRAWBERRY SHOPPER BAG,10,2011-04-20 13:18:00,1.25,15805.0,United Kingdom
550775,21928,JUMBO BAG SCANDINAVIAN BLUE PAISLEY,10,2011-04-20 13:18:00,2.08,15805.0,United Kingdom
550775,21929,JUMBO BAG PINK VINTAGE PAISLEY,10,2011-04-20 13:18:00,2.08,15805.0,United Kingdom
550775,22386,JUMBO BAG PINK POLKADOT,10,2011-04-20 13:18:00,2.08,15805.0,United Kingdom
550775,21232,STRAWBERRY CERAMIC TRINKET BOX,12,2011-04-20 13:18:00,1.25,15805.0,United Kingdom
550775,21231,SWEETHEART CERAMIC TRINKET BOX,12,2011-04-20 13:18:00,1.25,15805.0,United Kingdom
550775,20718,RED RETROSPOT SHOPPER BAG,10,2011-04-20 13:18:00,1.25,15805.0,United Kingdom
550775,85099B,JUMBO BAG RED RETROSPOT,10,2011-04-20 13:18:00,2.08,15805.0,United Kingdom
550775,22558,CLOTHES PEGS RETROSPOT PACK 24 ,12,2011-04-20 13:18:00,1.65,15805.0,United Kingdom
550775,22507,MEMO BOARD RETROSPOT  DESIGN,4,2011-04-20 13:18:00,4.95,15805.0,United Kingdom
550775,22892,SET OF SALT AND PEPPER TOADSTOOLS,12,2011-04-20 13:18:00,1.25,15805.0,United Kingdom
550775,21843,RED RETROSPOT CAKE STAND,1,2011-04-20 13:18:00,10.95,15805.0,United Kingdom
550775,22090,PAPER BUNTING RETROSPOT,6,2011-04-20 13:18:00,2.95,15805.0,United Kingdom
550775,22935,BAKING MOULD ROSE MILK CHOCOLATE,6,2011-04-20 13:18:00,3.25,15805.0,United Kingdom
550775,21240,BLUE POLKADOT CUP,8,2011-04-20 13:18:00,0.85,15805.0,United Kingdom
550775,20675,BLUE POLKADOT BOWL,8,2011-04-20 13:18:00,1.25,15805.0,United Kingdom
550775,21244,BLUE POLKADOT PLATE ,8,2011-04-20 13:18:00,1.69,15805.0,United Kingdom
550775,84380,SET OF 3 BUTTERFLY COOKIE CUTTERS,12,2011-04-20 13:18:00,1.25,15805.0,United Kingdom
550775,22666,RECIPE BOX PANTRY YELLOW DESIGN,6,2011-04-20 13:18:00,2.95,15805.0,United Kingdom
550775,21874,GIN AND TONIC MUG,12,2011-04-20 13:18:00,1.25,15805.0,United Kingdom
550775,21870,I CAN ONLY PLEASE ONE PERSON MUG,12,2011-04-20 13:18:00,1.25,15805.0,United Kingdom
550775,23199,JUMBO BAG APPLES,10,2011-04-20 13:18:00,2.08,15805.0,United Kingdom
550775,23204,CHARLOTTE BAG APPLES DESIGN,10,2011-04-20 13:18:00,0.85,15805.0,United Kingdom
550775,21181,PLEASE ONE PERSON METAL SIGN,12,2011-04-20 13:18:00,2.1,15805.0,United Kingdom
550775,21169,YOU'RE CONFUSING ME METAL SIGN ,12,2011-04-20 13:18:00,1.69,15805.0,United Kingdom
550775,82600,NO SINGING METAL SIGN,12,2011-04-20 13:18:00,2.1,15805.0,United Kingdom
550775,22457,NATURAL SLATE HEART CHALKBOARD ,6,2011-04-20 13:18:00,2.95,15805.0,United Kingdom
550776,23008,DOLLY GIRL BABY GIFT SET,1,2011-04-20 13:19:00,16.95,15805.0,United Kingdom
550776,82001S,VINYL RECORD FRAME SILVER,4,2011-04-20 13:19:00,3.75,15805.0,United Kingdom
550776,21137,BLACK RECORD COVER FRAME,4,2011-04-20 13:19:00,3.75,15805.0,United Kingdom
550776,22041,"RECORD FRAME 7"" SINGLE SIZE ",6,2011-04-20 13:19:00,2.55,15805.0,United Kingdom
550776,22666,RECIPE BOX PANTRY YELLOW DESIGN,6,2011-04-20 13:19:00,2.95,15805.0,United Kingdom
550776,21039,RED RETROSPOT SHOPPING BAG,6,2011-04-20 13:19:00,2.55,15805.0,United Kingdom
550776,84212,"ASSORTED FLOWER COLOUR ""LEIS""",24,2011-04-20 13:19:00,0.65,15805.0,United Kingdom
550776,22892,SET OF SALT AND PEPPER TOADSTOOLS,12,2011-04-20 13:19:00,1.25,15805.0,United Kingdom
550776,22727,ALARM CLOCK BAKELIKE RED ,4,2011-04-20 13:19:00,3.75,15805.0,United Kingdom
550777,23073,GEORGIAN TRINKET BOX,1,2011-04-20 13:35:00,12.5,16558.0,United Kingdom
550777,23204,CHARLOTTE BAG APPLES DESIGN,10,2011-04-20 13:35:00,0.85,16558.0,United Kingdom
550777,23199,JUMBO BAG APPLES,10,2011-04-20 13:35:00,2.08,16558.0,United Kingdom
550777,23065,LARGE DECO JEWELLERY STAND,1,2011-04-20 13:35:00,12.5,16558.0,United Kingdom
550777,47566,PARTY BUNTING,4,2011-04-20 13:35:00,4.95,16558.0,United Kingdom
550777,22960,JAM MAKING SET WITH JARS,6,2011-04-20 13:35:00,4.25,16558.0,United Kingdom
550777,84077,WORLD WAR 2 GLIDERS ASSTD DESIGNS,48,2011-04-20 13:35:00,0.29,16558.0,United Kingdom
550777,21058,PARTY INVITES WOODLAND,12,2011-04-20 13:35:00,0.85,16558.0,United Kingdom
550777,21062,PARTY INVITES SPACEMAN,12,2011-04-20 13:35:00,0.85,16558.0,United Kingdom
550777,16161P,WRAP ENGLISH ROSE ,25,2011-04-20 13:35:00,0.42,16558.0,United Kingdom
550777,22704,WRAP RED APPLES ,25,2011-04-20 13:35:00,0.42,16558.0,United Kingdom
550777,23233,WRAP POPPIES  DESIGN,25,2011-04-20 13:35:00,0.42,16558.0,United Kingdom
550777,22027,TEA PARTY BIRTHDAY CARD,12,2011-04-20 13:35:00,0.42,16558.0,United Kingdom
550777,22712,CARD DOLLY GIRL ,12,2011-04-20 13:35:00,0.42,16558.0,United Kingdom
550777,22029,SPACEBOY BIRTHDAY CARD,12,2011-04-20 13:35:00,0.42,16558.0,United Kingdom
550777,22030,SWALLOWS GREETING CARD,12,2011-04-20 13:35:00,0.42,16558.0,United Kingdom
550777,22715,CARD WEDDING DAY,12,2011-04-20 13:35:00,0.42,16558.0,United Kingdom
550777,22693,GROW A FLYTRAP OR SUNFLOWER IN TIN,24,2011-04-20 13:35:00,1.25,16558.0,United Kingdom
550777,21090,SET/6 COLLAGE PAPER PLATES,12,2011-04-20 13:35:00,0.39,16558.0,United Kingdom
550777,21084,SET/6 COLLAGE PAPER CUPS,24,2011-04-20 13:35:00,0.19,16558.0,United Kingdom
550777,22907,PACK OF 20 NAPKINS PANTRY DESIGN,12,2011-04-20 13:35:00,0.85,16558.0,United Kingdom
550777,21977,PACK OF 60 PINK PAISLEY CAKE CASES,48,2011-04-20 13:35:00,0.55,16558.0,United Kingdom
550777,22501,PICNIC BASKET WICKER LARGE,2,2011-04-20 13:35:00,9.95,16558.0,United Kingdom
550777,85099B,JUMBO BAG RED RETROSPOT,10,2011-04-20 13:35:00,2.08,16558.0,United Kingdom
550778,22349,DOG BOWL CHASING BALL DESIGN,6,2011-04-20 13:36:00,3.75,14868.0,United Kingdom
550778,22301,COFFEE MUG CAT + BIRD DESIGN,6,2011-04-20 13:36:00,2.55,14868.0,United Kingdom
550778,22300,COFFEE MUG DOG + BALL DESIGN,6,2011-04-20 13:36:00,2.55,14868.0,United Kingdom
550778,22749,FELTCRAFT PRINCESS CHARLOTTE DOLL,4,2011-04-20 13:36:00,3.75,14868.0,United Kingdom
550778,22606,WOODEN SKITTLES GARDEN SET,1,2011-04-20 13:36:00,15.95,14868.0,United Kingdom
550778,22620,4 TRADITIONAL SPINNING TOPS,12,2011-04-20 13:36:00,1.45,14868.0,United Kingdom
550778,22607,WOODEN ROUNDERS GARDEN SET ,2,2011-04-20 13:36:00,9.95,14868.0,United Kingdom
550778,22605,WOODEN CROQUET GARDEN SET,4,2011-04-20 13:36:00,12.75,14868.0,United Kingdom
550778,22998,TRAVEL CARD WALLET KEEP CALM,24,2011-04-20 13:36:00,0.42,14868.0,United Kingdom
550778,22899,CHILDREN'S APRON DOLLY GIRL ,6,2011-04-20 13:36:00,2.1,14868.0,United Kingdom
550778,22904,CALENDAR PAPER CUT DESIGN,6,2011-04-20 13:36:00,2.95,14868.0,United Kingdom
550778,22741,FUNKY DIVA PEN,48,2011-04-20 13:36:00,0.85,14868.0,United Kingdom
550778,22752,SET 7 BABUSHKA NESTING BOXES,2,2011-04-20 13:36:00,8.5,14868.0,United Kingdom
550778,20977,36 PENCILS TUBE WOODLAND,16,2011-04-20 13:36:00,1.25,14868.0,United Kingdom
550778,22821,GIFT BAG PSYCHEDELIC APPLES,12,2011-04-20 13:36:00,0.65,14868.0,United Kingdom
550778,22384,LUNCH BAG PINK POLKADOT,10,2011-04-20 13:36:00,1.65,14868.0,United Kingdom
550778,20728,LUNCH BAG CARS BLUE,10,2011-04-20 13:36:00,1.65,14868.0,United Kingdom
550778,22728,ALARM CLOCK BAKELIKE PINK,4,2011-04-20 13:36:00,3.75,14868.0,United Kingdom
550778,22730,ALARM CLOCK BAKELIKE IVORY,4,2011-04-20 13:36:00,3.75,14868.0,United Kingdom
550778,22969,HOMEMADE JAM SCENTED CANDLES,12,2011-04-20 13:36:00,1.45,14868.0,United Kingdom
550778,22993,SET OF 4 PANTRY JELLY MOULDS,12,2011-04-20 13:36:00,1.25,14868.0,United Kingdom
550778,22907,PACK OF 20 NAPKINS PANTRY DESIGN,12,2011-04-20 13:36:00,0.85,14868.0,United Kingdom
550778,22905,CALENDAR IN SEASON DESIGN,6,2011-04-20 13:36:00,2.95,14868.0,United Kingdom
550778,22665,RECIPE BOX BLUE SKETCHBOOK DESIGN,6,2011-04-20 13:36:00,2.95,14868.0,United Kingdom
550779,84970S,HANGING HEART ZINC T-LIGHT HOLDER,144,2011-04-20 13:36:00,0.64,17511.0,United Kingdom
550779,22908,PACK OF 20 NAPKINS RED APPLES,96,2011-04-20 13:36:00,0.72,17511.0,United Kingdom
550779,23206,LUNCH BAG APPLE DESIGN,100,2011-04-20 13:36:00,1.45,17511.0,United Kingdom
550779,20750,RED RETROSPOT MINI CASES,12,2011-04-20 13:36:00,6.35,17511.0,United Kingdom
550779,23207,LUNCH BAG ALPHABET DESIGN,100,2011-04-20 13:36:00,1.45,17511.0,United Kingdom
550779,20749,ASSORTED COLOUR MINI CASES,12,2011-04-20 13:36:00,6.35,17511.0,United Kingdom
550779,21121,SET/10 RED POLKADOT PARTY CANDLES,24,2011-04-20 13:36:00,1.25,17511.0,United Kingdom
550779,21122,SET/10 PINK POLKADOT PARTY CANDLES,24,2011-04-20 13:36:00,1.25,17511.0,United Kingdom
550779,21123,SET/10 IVORY POLKADOT PARTY CANDLES,24,2011-04-20 13:36:00,1.25,17511.0,United Kingdom
550779,21124,SET/10 BLUE POLKADOT PARTY CANDLES,24,2011-04-20 13:36:00,1.25,17511.0,United Kingdom
550779,22083,PAPER CHAIN KIT RETROSPOT,40,2011-04-20 13:36:00,2.55,17511.0,United Kingdom
550779,47566,PARTY BUNTING,50,2011-04-20 13:36:00,4.15,17511.0,United Kingdom
550779,21430,SET/3 RED GINGHAM ROSE STORAGE BOX,24,2011-04-20 13:36:00,3.39,17511.0,United Kingdom
550779,21428,SET3 BOOK BOX GREEN GINGHAM FLOWER ,16,2011-04-20 13:36:00,3.75,17511.0,United Kingdom
550779,22722,SET OF 6 SPICE TINS PANTRY DESIGN,24,2011-04-20 13:36:00,3.45,17511.0,United Kingdom
550779,22077,6 RIBBONS RUSTIC CHARM,144,2011-04-20 13:36:00,1.45,17511.0,United Kingdom
C550780,84507C,BLUE CIRCLES DESIGN MONKEY DOLL,-1,2011-04-20 13:39:00,2.55,17211.0,United Kingdom
C550780,22178,VICTORIAN GLASS HANGING T-LIGHT,-12,2011-04-20 13:39:00,1.25,17211.0,United Kingdom
550781,47566,PARTY BUNTING,12,2011-04-20 13:43:00,4.95,13097.0,United Kingdom
550781,22423,REGENCY CAKESTAND 3 TIER,4,2011-04-20 13:43:00,12.75,13097.0,United Kingdom
550781,22848,BREAD BIN DINER STYLE PINK,2,2011-04-20 13:43:00,16.95,13097.0,United Kingdom
550781,22849,BREAD BIN DINER STYLE MINT,2,2011-04-20 13:43:00,16.95,13097.0,United Kingdom
550781,21658,GLASS  BEURRE DISH,4,2011-04-20 13:43:00,3.95,13097.0,United Kingdom
550781,21868,POTTING SHED TEA MUG,12,2011-04-20 13:43:00,1.25,13097.0,United Kingdom
550781,37370,RETRO COFFEE MUGS ASSORTED,12,2011-04-20 13:43:00,1.25,13097.0,United Kingdom
550781,84358,FLOOR LAMP SHADE WOOD BASE,4,2011-04-20 13:43:00,8.49,13097.0,United Kingdom
550781,79066K,RETRO MOD TRAY,20,2011-04-20 13:43:00,0.85,13097.0,United Kingdom
550781,84563B,BLUE & WHITE BREAKFAST TRAY,8,2011-04-20 13:43:00,2.95,13097.0,United Kingdom
550781,84313C,ORANGE TV TRAY TABLE ,6,2011-04-20 13:43:00,1.95,13097.0,United Kingdom
550781,84563A,PINK & WHITE BREAKFAST TRAY,8,2011-04-20 13:43:00,2.95,13097.0,United Kingdom
550781,37327,ASSTD MULTICOLOUR CIRCLES MUG,48,2011-04-20 13:43:00,0.39,13097.0,United Kingdom
550781,22719,GUMBALL MONOCHROME COAT RACK,12,2011-04-20 13:43:00,1.25,13097.0,United Kingdom
550781,22781,GUMBALL MAGAZINE RACK,4,2011-04-20 13:43:00,7.65,13097.0,United Kingdom
550781,85159B,"WHITE TEA,COFFEE,SUGAR JARS",12,2011-04-20 13:43:00,1.95,13097.0,United Kingdom
550781,79030G,TUMBLER NEW ENGLAND,24,2011-04-20 13:43:00,0.39,13097.0,United Kingdom
550781,84597C,RETRO PINK BALL ASHTRAY ,12,2011-04-20 13:43:00,1.25,13097.0,United Kingdom
550781,84597B,RETRO BROWN BALL ASHTRAY ,12,2011-04-20 13:43:00,1.25,13097.0,United Kingdom
550782,71053,WHITE METAL LANTERN,60,2011-04-20 13:55:00,3.39,18246.0,United Kingdom
550782,22087,PAPER BUNTING WHITE LACE,10,2011-04-20 13:55:00,2.95,18246.0,United Kingdom
550783,20718,RED RETROSPOT SHOPPER BAG,10,2011-04-20 13:58:00,1.25,13485.0,United Kingdom
550783,21936,RED RETROSPOT PICNIC BAG,5,2011-04-20 13:58:00,2.95,13485.0,United Kingdom
550783,22379,RECYCLING BAG RETROSPOT ,5,2011-04-20 13:58:00,2.1,13485.0,United Kingdom
550783,21212,PACK OF 72 RETROSPOT CAKE CASES,24,2011-04-20 13:58:00,0.55,13485.0,United Kingdom
550783,21175,GIN + TONIC DIET METAL SIGN,12,2011-04-20 13:58:00,2.55,13485.0,United Kingdom
550783,23207,LUNCH BAG ALPHABET DESIGN,10,2011-04-20 13:58:00,1.65,13485.0,United Kingdom
550783,23201,JUMBO BAG ALPHABET,10,2011-04-20 13:58:00,1.95,13485.0,United Kingdom
550783,22622,BOX OF VINTAGE ALPHABET BLOCKS,2,2011-04-20 13:58:00,9.95,13485.0,United Kingdom
550783,23194,GYMKHANNA TREASURE BOOK BOX,8,2011-04-20 13:58:00,2.08,13485.0,United Kingdom
550783,22492,MINI PAINT SET VINTAGE ,36,2011-04-20 13:58:00,0.65,13485.0,United Kingdom
550783,21790,VINTAGE SNAP CARDS,12,2011-04-20 13:58:00,0.85,13485.0,United Kingdom
550783,23133,LARGE IVORY HEART WALL ORGANISER,2,2011-04-20 13:58:00,8.25,13485.0,United Kingdom
550783,22979,PANTRY WASHING UP BRUSH,12,2011-04-20 13:58:00,1.45,13485.0,United Kingdom
550783,22993,SET OF 4 PANTRY JELLY MOULDS,12,2011-04-20 13:58:00,1.25,13485.0,United Kingdom
550783,21718,RED METAL BEACH SPADE ,12,2011-04-20 13:58:00,1.25,13485.0,United Kingdom
550783,21896,POTTING SHED TWINE,6,2011-04-20 13:58:00,2.1,13485.0,United Kingdom
550783,21192,WHITE BELL HONEYCOMB PAPER ,24,2011-04-20 13:58:00,1.65,13485.0,United Kingdom
550783,21187,WHITE BELL HONEYCOMB PAPER GARLAND ,12,2011-04-20 13:58:00,1.65,13485.0,United Kingdom
550783,22084,PAPER CHAIN KIT EMPIRE,24,2011-04-20 13:58:00,2.95,13485.0,United Kingdom
550783,21915,RED  HARMONICA IN BOX ,12,2011-04-20 13:58:00,1.25,13485.0,United Kingdom
550783,21889,WOODEN BOX OF DOMINOES,12,2011-04-20 13:58:00,1.25,13485.0,United Kingdom
550783,22139,RETROSPOT TEA SET CERAMIC 11 PC ,3,2011-04-20 13:58:00,4.95,13485.0,United Kingdom
550783,21791,VINTAGE HEADS AND TAILS CARD GAME ,12,2011-04-20 13:58:00,1.25,13485.0,United Kingdom
550784,23201,JUMBO BAG ALPHABET,10,2011-04-20 13:59:00,2.08,13269.0,United Kingdom
550784,22411,JUMBO SHOPPER VINTAGE RED PAISLEY,10,2011-04-20 13:59:00,2.08,13269.0,United Kingdom
550784,85099B,JUMBO BAG RED RETROSPOT,10,2011-04-20 13:59:00,2.08,13269.0,United Kingdom
550784,22379,RECYCLING BAG RETROSPOT ,5,2011-04-20 13:59:00,2.1,13269.0,United Kingdom
550784,22859,EASTER TIN BUNNY BOUQUET,6,2011-04-20 13:59:00,1.65,13269.0,United Kingdom
550784,84461,12 PINK HEN+CHICKS IN BASKET,6,2011-04-20 13:59:00,2.55,13269.0,United Kingdom
550784,47566,PARTY BUNTING,8,2011-04-20 13:59:00,4.95,13269.0,United Kingdom
550784,22084,PAPER CHAIN KIT EMPIRE,6,2011-04-20 13:59:00,2.95,13269.0,United Kingdom
550784,21172,PARTY METAL SIGN ,12,2011-04-20 13:59:00,1.45,13269.0,United Kingdom
550784,84313C,ORANGE TV TRAY TABLE ,6,2011-04-20 13:59:00,1.95,13269.0,United Kingdom
550784,21137,BLACK RECORD COVER FRAME,8,2011-04-20 13:59:00,3.75,13269.0,United Kingdom
550784,22966,GINGERBREAD MAN COOKIE CUTTER,12,2011-04-20 13:59:00,1.25,13269.0,United Kingdom
550784,21257,VICTORIAN SEWING BOX MEDIUM,2,2011-04-20 13:59:00,7.95,13269.0,United Kingdom
550784,21918,SET 12 KIDS COLOUR  CHALK STICKS,24,2011-04-20 13:59:00,0.42,13269.0,United Kingdom
550784,23184,BULL DOG BOTTLE OPENER,4,2011-04-20 13:59:00,4.95,13269.0,United Kingdom
550784,22359,GLASS JAR KINGS CHOICE,6,2011-04-20 13:59:00,2.95,13269.0,United Kingdom
550784,22197,SMALL POPCORN HOLDER,12,2011-04-20 13:59:00,0.85,13269.0,United Kingdom
550784,22963,JAM JAR WITH GREEN LID,12,2011-04-20 13:59:00,0.85,13269.0,United Kingdom
550784,22710,WRAP I LOVE LONDON ,25,2011-04-20 13:59:00,0.42,13269.0,United Kingdom
550784,22431,WATERING CAN BLUE ELEPHANT,12,2011-04-20 13:59:00,1.95,13269.0,United Kingdom
550784,22432,WATERING CAN PINK BUNNY,12,2011-04-20 13:59:00,1.95,13269.0,United Kingdom
550785,21829,DINOSAUR KEYRINGS ASSORTED,36,2011-04-20 14:02:00,0.21,15517.0,United Kingdom
550785,22423,REGENCY CAKESTAND 3 TIER,1,2011-04-20 14:02:00,12.75,15517.0,United Kingdom
550785,22548,HEADS AND TAILS SPORTING FUN,1,2011-04-20 14:02:00,1.25,15517.0,United Kingdom
550785,84988,SET OF 72 PINK HEART PAPER DOILIES,1,2011-04-20 14:02:00,1.45,15517.0,United Kingdom
550785,22949,36 DOILIES DOLLY GIRL,1,2011-04-20 14:02:00,1.45,15517.0,United Kingdom
550785,22995,TRAVEL CARD WALLET SUKI,24,2011-04-20 14:02:00,0.42,15517.0,United Kingdom
550785,22996,TRAVEL CARD WALLET VINTAGE TICKET,24,2011-04-20 14:02:00,0.42,15517.0,United Kingdom
550785,21888,BINGO SET,2,2011-04-20 14:02:00,3.75,15517.0,United Kingdom
550785,21561,DINOSAUR LUNCH BOX WITH CUTLERY,6,2011-04-20 14:02:00,2.55,15517.0,United Kingdom
550785,22900, SET 2 TEA TOWELS I LOVE LONDON ,2,2011-04-20 14:02:00,3.25,15517.0,United Kingdom
550785,22550,HOLIDAY FUN LUDO,2,2011-04-20 14:02:00,3.75,15517.0,United Kingdom
550785,17084J,LOVE POTION MASALA INCENSE,25,2011-04-20 14:02:00,0.21,15517.0,United Kingdom
550785,47593B,SCOTTIE DOGS BABY BIB,6,2011-04-20 14:02:00,0.39,15517.0,United Kingdom
550785,11001,ASSTD DESIGN RACING CAR PEN,16,2011-04-20 14:02:00,1.69,15517.0,United Kingdom
550785,84692,BOX OF 24 COCKTAIL PARASOLS,6,2011-04-20 14:02:00,0.42,15517.0,United Kingdom
550785,51020A,SUMMER FUN DESIGN SHOWER CAP,12,2011-04-20 14:02:00,0.29,15517.0,United Kingdom
550785,72741,GRAND CHOCOLATECANDLE,9,2011-04-20 14:02:00,1.45,15517.0,United Kingdom
550785,20963,APPLE BATH SPONGE,10,2011-04-20 14:02:00,1.25,15517.0,United Kingdom
550785,84991,60 TEATIME FAIRY CAKE CASES,24,2011-04-20 14:02:00,0.55,15517.0,United Kingdom
550785,37413,ICON MUG REVOLUTIONARY,6,2011-04-20 14:02:00,0.39,15517.0,United Kingdom
550785,15036,ASSORTED COLOURS SILK FAN,12,2011-04-20 14:02:00,0.83,15517.0,United Kingdom
550785,23076,ICE CREAM SUNDAE LIP GLOSS,24,2011-04-20 14:02:00,1.25,15517.0,United Kingdom
550785,72819,CUPID DESIGN SCENTED CANDLES,12,2011-04-20 14:02:00,2.55,15517.0,United Kingdom
550785,62018,SOMBRERO ,4,2011-04-20 14:02:00,1.95,15517.0,United Kingdom
550785,21643,ASSORTED TUTTI FRUTTI MIRROR,12,2011-04-20 14:02:00,1.25,15517.0,United Kingdom
550785,15034,PAPER POCKET TRAVELING FAN ,12,2011-04-20 14:02:00,0.14,15517.0,United Kingdom
550785,85184C,S/4 VALENTINE DECOUPAGE HEART BOX,3,2011-04-20 14:02:00,2.95,15517.0,United Kingdom
550786,21718,RED METAL BEACH SPADE ,48,2011-04-20 14:06:00,1.25,16672.0,United Kingdom
C550787,POST,POSTAGE,-1,2011-04-20 14:08:00,21.78,17450.0,United Kingdom
C550787,POST,POSTAGE,-1,2011-04-20 14:08:00,3.96,17450.0,United Kingdom
550796,22963,JAM JAR WITH GREEN LID,2,2011-04-20 14:38:00,0.85,17211.0,United Kingdom
550796,22962,JAM JAR WITH PINK LID,2,2011-04-20 14:38:00,0.85,17211.0,United Kingdom
550796,22982,PANTRY PASTRY BRUSH,1,2011-04-20 14:38:00,1.25,17211.0,United Kingdom
550796,22993,SET OF 4 PANTRY JELLY MOULDS,16,2011-04-20 14:38:00,1.25,17211.0,United Kingdom
550796,22997,TRAVEL CARD WALLET UNION JACK,7,2011-04-20 14:38:00,0.42,17211.0,United Kingdom
550796,22998,TRAVEL CARD WALLET KEEP CALM,6,2011-04-20 14:38:00,0.42,17211.0,United Kingdom
550796,22082,RIBBON REEL STRIPES DESIGN ,5,2011-04-20 14:38:00,1.65,17211.0,United Kingdom
550796,22081,RIBBON REEL FLORA + FAUNA ,5,2011-04-20 14:38:00,1.65,17211.0,United Kingdom
550796,22966,GINGERBREAD MAN COOKIE CUTTER,5,2011-04-20 14:38:00,1.25,17211.0,United Kingdom
550796,20751,FUNKY WASHING UP GLOVES ASSORTED,6,2011-04-20 14:38:00,2.1,17211.0,United Kingdom
550796,22628,PICNIC BOXES SET OF 3 RETROSPOT ,2,2011-04-20 14:38:00,4.95,17211.0,United Kingdom
550796,22382,LUNCH BAG SPACEBOY DESIGN ,3,2011-04-20 14:38:00,1.65,17211.0,United Kingdom
550796,22383,LUNCH BAG SUKI DESIGN ,3,2011-04-20 14:38:00,1.65,17211.0,United Kingdom
550796,84507C,BLUE CIRCLES DESIGN MONKEY DOLL,2,2011-04-20 14:38:00,2.55,17211.0,United Kingdom
550796,84507B,STRIPES DESIGN MONKEY DOLL,2,2011-04-20 14:38:00,2.55,17211.0,United Kingdom
550796,22851,SET 20 NAPKINS FAIRY CAKES DESIGN ,3,2011-04-20 14:38:00,0.85,17211.0,United Kingdom
550796,21080,SET/20 RED RETROSPOT PAPER NAPKINS ,3,2011-04-20 14:38:00,0.85,17211.0,United Kingdom
550796,21217,RED RETROSPOT ROUND CAKE TINS,2,2011-04-20 14:38:00,9.95,17211.0,United Kingdom
550796,48138,DOORMAT UNION FLAG,1,2011-04-20 14:38:00,7.95,17211.0,United Kingdom
550797,22988,SOLDIERS EGG CUP ,12,2011-04-20 14:40:00,1.06,12901.0,United Kingdom
550797,22713,CARD I LOVE LONDON ,16,2011-04-20 14:40:00,0.36,12901.0,United Kingdom
550797,21977,PACK OF 60 PINK PAISLEY CAKE CASES,12,2011-04-20 14:40:00,0.42,12901.0,United Kingdom
550797,21787,RAIN PONCHO RETROSPOT,48,2011-04-20 14:40:00,0.65,12901.0,United Kingdom
550798,22285,HANGING HEN ON NEST DECORATION,24,2011-04-20 14:41:00,1.65,15290.0,United Kingdom
550798,22084,PAPER CHAIN KIT EMPIRE,6,2011-04-20 14:41:00,2.95,15290.0,United Kingdom
550798,21080,SET/20 RED RETROSPOT PAPER NAPKINS ,24,2011-04-20 14:41:00,0.85,15290.0,United Kingdom
550798,22894,TABLECLOTH RED APPLES DESIGN ,6,2011-04-20 14:41:00,9.95,15290.0,United Kingdom
550798,22302,COFFEE MUG PEARS  DESIGN,24,2011-04-20 14:41:00,2.55,15290.0,United Kingdom
550798,22303,COFFEE MUG APPLES DESIGN,36,2011-04-20 14:41:00,2.55,15290.0,United Kingdom
550799,22501,PICNIC BASKET WICKER LARGE,2,2011-04-20 14:46:00,9.95,17115.0,United Kingdom
550799,22776,SWEETHEART CAKESTAND 3 TIER,2,2011-04-20 14:46:00,9.95,17115.0,United Kingdom
550799,21340,CLASSIC METAL BIRDCAGE PLANT HOLDER,1,2011-04-20 14:46:00,12.75,17115.0,United Kingdom
550799,48138,DOORMAT UNION FLAG,2,2011-04-20 14:46:00,7.95,17115.0,United Kingdom
550799,71459,HANGING JAM JAR T-LIGHT HOLDER,12,2011-04-20 14:46:00,0.85,17115.0,United Kingdom
550799,84755,COLOUR GLASS T-LIGHT HOLDER HANGING,16,2011-04-20 14:46:00,0.65,17115.0,United Kingdom
550799,22427,ENAMEL FLOWER JUG CREAM,3,2011-04-20 14:46:00,5.95,17115.0,United Kingdom
550799,22844,VINTAGE CREAM DOG FOOD CONTAINER,2,2011-04-20 14:46:00,8.5,17115.0,United Kingdom
550799,22423,REGENCY CAKESTAND 3 TIER,2,2011-04-20 14:46:00,12.75,17115.0,United Kingdom
550799,47566,PARTY BUNTING,4,2011-04-20 14:46:00,4.95,17115.0,United Kingdom
550799,22382,LUNCH BAG SPACEBOY DESIGN ,10,2011-04-20 14:46:00,1.65,17115.0,United Kingdom
550799,22384,LUNCH BAG PINK POLKADOT,10,2011-04-20 14:46:00,1.65,17115.0,United Kingdom
550799,22386,JUMBO BAG PINK POLKADOT,10,2011-04-20 14:46:00,2.08,17115.0,United Kingdom
550799,85099C,JUMBO  BAG BAROQUE BLACK WHITE,10,2011-04-20 14:46:00,2.08,17115.0,United Kingdom
550799,20725,LUNCH BAG RED RETROSPOT,10,2011-04-20 14:46:00,1.65,17115.0,United Kingdom
550799,85099B,JUMBO BAG RED RETROSPOT,10,2011-04-20 14:46:00,2.08,17115.0,United Kingdom
550799,22907,PACK OF 20 NAPKINS PANTRY DESIGN,12,2011-04-20 14:46:00,0.85,17115.0,United Kingdom
550799,21294,ETCHED GLASS COASTER,48,2011-04-20 14:46:00,0.39,17115.0,United Kingdom
550800,22458,Missing,-65,2011-04-20 14:48:00,0.0,,United Kingdom
550801,23009,I LOVE LONDON BABY GIFT SET,6,2011-04-20 15:04:00,14.95,17402.0,United Kingdom
550801,22619,SET OF 6 SOLDIER SKITTLES,20,2011-04-20 15:04:00,3.75,17402.0,United Kingdom
550801,22622,BOX OF VINTAGE ALPHABET BLOCKS,4,2011-04-20 15:04:00,11.95,17402.0,United Kingdom
550802,22384,LUNCH BAG PINK POLKADOT,10,2011-04-20 15:21:00,1.65,17120.0,United Kingdom
550802,20728,LUNCH BAG CARS BLUE,10,2011-04-20 15:21:00,1.65,17120.0,United Kingdom
550802,84946,ANTIQUE SILVER T-LIGHT GLASS,12,2011-04-20 15:21:00,1.25,17120.0,United Kingdom
550802,85066,CREAM SWEETHEART MINI CHEST,2,2011-04-20 15:21:00,12.75,17120.0,United Kingdom
550802,15036,ASSORTED COLOURS SILK FAN,12,2011-04-20 15:21:00,0.83,17120.0,United Kingdom
550802,22800,ANTIQUE TALL SWIRLGLASS TRINKET POT,4,2011-04-20 15:21:00,3.75,17120.0,United Kingdom
550802,22801,ANTIQUE GLASS PEDESTAL BOWL,4,2011-04-20 15:21:00,3.75,17120.0,United Kingdom
550802,47566,PARTY BUNTING,4,2011-04-20 15:21:00,4.95,17120.0,United Kingdom
550802,22382,LUNCH BAG SPACEBOY DESIGN ,10,2011-04-20 15:21:00,1.65,17120.0,United Kingdom
550802,22138,BAKING SET 9 PIECE RETROSPOT ,3,2011-04-20 15:21:00,4.95,17120.0,United Kingdom
550802,22139,RETROSPOT TEA SET CERAMIC 11 PC ,3,2011-04-20 15:21:00,4.95,17120.0,United Kingdom
550802,22621,TRADITIONAL KNITTING NANCY,12,2011-04-20 15:21:00,1.65,17120.0,United Kingdom
550802,20972,PINK CREAM FELT CRAFT TRINKET BOX ,12,2011-04-20 15:21:00,1.25,17120.0,United Kingdom
550802,22383,LUNCH BAG SUKI DESIGN ,10,2011-04-20 15:21:00,1.65,17120.0,United Kingdom
550802,22423,REGENCY CAKESTAND 3 TIER,2,2011-04-20 15:21:00,12.75,17120.0,United Kingdom
550802,85123A,WHITE HANGING HEART T-LIGHT HOLDER,6,2011-04-20 15:21:00,2.95,17120.0,United Kingdom
550802,22171,3 HOOK PHOTO SHELF ANTIQUE WHITE,2,2011-04-20 15:21:00,8.5,17120.0,United Kingdom
550802,23133,LARGE IVORY HEART WALL ORGANISER,2,2011-04-20 15:21:00,8.25,17120.0,United Kingdom
550803,21213,PACK OF 72 SKULL CAKE CASES,1,2011-04-20 15:25:00,0.55,18177.0,United Kingdom
550803,84991,60 TEATIME FAIRY CAKE CASES,1,2011-04-20 15:25:00,0.55,18177.0,United Kingdom
550803,84992,72 SWEETHEART FAIRY CAKE CASES,1,2011-04-20 15:25:00,0.55,18177.0,United Kingdom
550803,84990,60 GOLD AND SILVER FAIRY CAKE CASES,1,2011-04-20 15:25:00,0.55,18177.0,United Kingdom
550803,21977,PACK OF 60 PINK PAISLEY CAKE CASES,1,2011-04-20 15:25:00,0.55,18177.0,United Kingdom
550803,21975,PACK OF 60 DINOSAUR CAKE CASES,1,2011-04-20 15:25:00,0.55,18177.0,United Kingdom
550803,22090,PAPER BUNTING RETROSPOT,4,2011-04-20 15:25:00,2.95,18177.0,United Kingdom
550803,23199,JUMBO BAG APPLES,20,2011-04-20 15:25:00,2.08,18177.0,United Kingdom
550803,23201,JUMBO BAG ALPHABET,10,2011-04-20 15:25:00,2.08,18177.0,United Kingdom
550803,21935,SUKI  SHOULDER BAG,5,2011-04-20 15:25:00,1.65,18177.0,United Kingdom
550803,20934,SET/3 POT PLANT CANDLES,5,2011-04-20 15:25:00,5.45,18177.0,United Kingdom
550803,21933,PINK VINTAGE PAISLEY PICNIC BAG,10,2011-04-20 15:25:00,1.65,18177.0,United Kingdom
550803,20725,LUNCH BAG RED RETROSPOT,5,2011-04-20 15:25:00,1.65,18177.0,United Kingdom
550803,20727,LUNCH BAG  BLACK SKULL.,5,2011-04-20 15:25:00,1.65,18177.0,United Kingdom
550803,20728,LUNCH BAG CARS BLUE,10,2011-04-20 15:25:00,1.65,18177.0,United Kingdom
550803,23206,LUNCH BAG APPLE DESIGN,10,2011-04-20 15:25:00,1.65,18177.0,United Kingdom
550803,23207,LUNCH BAG ALPHABET DESIGN,10,2011-04-20 15:25:00,1.65,18177.0,United Kingdom
550803,23208,LUNCH BAG VINTAGE LEAF DESIGN,10,2011-04-20 15:25:00,1.65,18177.0,United Kingdom
550803,20717,STRAWBERRY SHOPPER BAG,5,2011-04-20 15:25:00,1.25,18177.0,United Kingdom
550803,20718,RED RETROSPOT SHOPPER BAG,5,2011-04-20 15:25:00,1.25,18177.0,United Kingdom
550803,84992,72 SWEETHEART FAIRY CAKE CASES,1,2011-04-20 15:25:00,0.55,18177.0,United Kingdom
550804,21664,RIDGED GLASS STORAGE JAR CREAM LID,4,2011-04-20 15:32:00,3.75,16676.0,United Kingdom
550804,22939,APRON APPLE DELIGHT,4,2011-04-20 15:32:00,4.95,16676.0,United Kingdom
550804,22427,ENAMEL FLOWER JUG CREAM,3,2011-04-20 15:32:00,5.95,16676.0,United Kingdom
550804,22896,PEG BAG APPLES DESIGN,6,2011-04-20 15:32:00,2.55,16676.0,United Kingdom
550804,21217,RED RETROSPOT ROUND CAKE TINS,2,2011-04-20 15:32:00,9.95,16676.0,United Kingdom
550804,21080,SET/20 RED RETROSPOT PAPER NAPKINS ,12,2011-04-20 15:32:00,0.85,16676.0,United Kingdom
550804,22659,LUNCH BOX I LOVE LONDON,12,2011-04-20 15:32:00,1.95,16676.0,United Kingdom
550804,22636,CHILDS BREAKFAST SET CIRCUS PARADE,2,2011-04-20 15:32:00,8.5,16676.0,United Kingdom
550804,21658,GLASS  BEURRE DISH,4,2011-04-20 15:32:00,3.95,16676.0,United Kingdom
550804,21714,CITRONELLA CANDLE GARDEN POT,12,2011-04-20 15:32:00,1.25,16676.0,United Kingdom
550804,22660,DOORMAT I LOVE LONDON,2,2011-04-20 15:32:00,7.95,16676.0,United Kingdom
550804,22691,DOORMAT WELCOME SUNRISE,2,2011-04-20 15:32:00,7.95,16676.0,United Kingdom
550804,22499,WOODEN UNION JACK BUNTING,3,2011-04-20 15:32:00,5.95,16676.0,United Kingdom
550804,21592,RETROSPOT CIGAR BOX MATCHES ,24,2011-04-20 15:32:00,1.25,16676.0,United Kingdom
550804,22716,CARD CIRCUS PARADE,12,2011-04-20 15:32:00,0.42,16676.0,United Kingdom
550804,21559,STRAWBERRY LUNCH BOX WITH CUTLERY,6,2011-04-20 15:32:00,2.55,16676.0,United Kingdom
550804,21561,DINOSAUR LUNCH BOX WITH CUTLERY,6,2011-04-20 15:32:00,2.55,16676.0,United Kingdom
550804,22900, SET 2 TEA TOWELS I LOVE LONDON ,6,2011-04-20 15:32:00,3.25,16676.0,United Kingdom
550804,22902,TOTE BAG I LOVE LONDON,12,2011-04-20 15:32:00,2.1,16676.0,United Kingdom
550805,37327,ASSTD MULTICOLOUR CIRCLES MUG,48,2011-04-20 15:38:00,0.39,13162.0,United Kingdom
550805,85078,SCANDINAVIAN 3 HEARTS NAPKIN RING,24,2011-04-20 15:38:00,0.19,13162.0,United Kingdom
550805,47566,PARTY BUNTING,12,2011-04-20 15:38:00,4.95,13162.0,United Kingdom
550805,47590A,BLUE HAPPY BIRTHDAY BUNTING,3,2011-04-20 15:38:00,5.45,13162.0,United Kingdom
550805,47590B,PINK HAPPY BIRTHDAY BUNTING,6,2011-04-20 15:38:00,5.45,13162.0,United Kingdom
550805,71053,WHITE METAL LANTERN,12,2011-04-20 15:38:00,3.75,13162.0,United Kingdom
550805,47310M,"SMALL POP BOX,FUNKY MONKEY",24,2011-04-20 15:38:00,1.25,13162.0,United Kingdom
550805,22355,CHARLOTTE BAG SUKI DESIGN,30,2011-04-20 15:38:00,0.85,13162.0,United Kingdom
550805,20723,STRAWBERRY CHARLOTTE BAG,30,2011-04-20 15:38:00,0.85,13162.0,United Kingdom
550805,20727,LUNCH BAG  BLACK SKULL.,20,2011-04-20 15:38:00,1.65,13162.0,United Kingdom
550805,22383,LUNCH BAG SUKI DESIGN ,30,2011-04-20 15:38:00,1.65,13162.0,United Kingdom
550805,85099B,JUMBO BAG RED RETROSPOT,20,2011-04-20 15:38:00,2.08,13162.0,United Kingdom
550805,22411,JUMBO SHOPPER VINTAGE RED PAISLEY,20,2011-04-20 15:38:00,2.08,13162.0,United Kingdom
550805,21033,JUMBO BAG CHARLIE AND LOLA TOYS,10,2011-04-20 15:38:00,2.08,13162.0,United Kingdom
550805,84992,72 SWEETHEART FAIRY CAKE CASES,24,2011-04-20 15:38:00,0.55,13162.0,United Kingdom
550805,84991,60 TEATIME FAIRY CAKE CASES,24,2011-04-20 15:38:00,0.55,13162.0,United Kingdom
550805,21976,PACK OF 60 MUSHROOM CAKE CASES,24,2011-04-20 15:38:00,0.55,13162.0,United Kingdom
550805,21213,PACK OF 72 SKULL CAKE CASES,24,2011-04-20 15:38:00,0.55,13162.0,United Kingdom
550805,21212,PACK OF 72 RETROSPOT CAKE CASES,24,2011-04-20 15:38:00,0.55,13162.0,United Kingdom
550805,21975,PACK OF 60 DINOSAUR CAKE CASES,24,2011-04-20 15:38:00,0.55,13162.0,United Kingdom
550805,23206,LUNCH BAG APPLE DESIGN,10,2011-04-20 15:38:00,1.65,13162.0,United Kingdom
550805,23204,CHARLOTTE BAG APPLES DESIGN,10,2011-04-20 15:38:00,0.85,13162.0,United Kingdom
550806,22171,3 HOOK PHOTO SHELF ANTIQUE WHITE,2,2011-04-20 15:44:00,8.5,14334.0,United Kingdom
550806,22457,NATURAL SLATE HEART CHALKBOARD ,6,2011-04-20 15:44:00,2.95,14334.0,United Kingdom
550806,48187,DOORMAT NEW ENGLAND,4,2011-04-20 15:44:00,7.95,14334.0,United Kingdom
550806,21524,DOORMAT SPOTTY HOME SWEET HOME,2,2011-04-20 15:44:00,7.95,14334.0,United Kingdom
550806,84946,ANTIQUE SILVER T-LIGHT GLASS,12,2011-04-20 15:44:00,1.25,14334.0,United Kingdom
550806,47591D,PINK FAIRY CAKE CHILDRENS APRON,8,2011-04-20 15:44:00,1.95,14334.0,United Kingdom
550806,22845,VINTAGE CREAM CAT FOOD CONTAINER,2,2011-04-20 15:44:00,6.35,14334.0,United Kingdom
550806,22077,6 RIBBONS RUSTIC CHARM,12,2011-04-20 15:44:00,1.65,14334.0,United Kingdom
550806,21984,PACK OF 12 PINK PAISLEY TISSUES ,24,2011-04-20 15:44:00,0.29,14334.0,United Kingdom
550806,21982,PACK OF 12 SUKI TISSUES ,24,2011-04-20 15:44:00,0.29,14334.0,United Kingdom
550806,21980,PACK OF 12 RED RETROSPOT TISSUES ,24,2011-04-20 15:44:00,0.29,14334.0,United Kingdom
550806,22621,TRADITIONAL KNITTING NANCY,12,2011-04-20 15:44:00,1.65,14334.0,United Kingdom
550806,84945,MULTI COLOUR SILVER T-LIGHT HOLDER,24,2011-04-20 15:44:00,0.85,14334.0,United Kingdom
550806,22367,CHILDRENS APRON SPACEBOY DESIGN,8,2011-04-20 15:44:00,1.95,14334.0,United Kingdom
550806,48188,DOORMAT WELCOME PUPPIES,2,2011-04-20 15:44:00,7.95,14334.0,United Kingdom
550806,21155,RED RETROSPOT PEG BAG,6,2011-04-20 15:44:00,2.55,14334.0,United Kingdom
550806,22896,PEG BAG APPLES DESIGN,6,2011-04-20 15:44:00,2.55,14334.0,United Kingdom
C550807,22423,REGENCY CAKESTAND 3 TIER,-1,2011-04-20 15:56:00,12.75,13717.0,United Kingdom
C550808,22960,JAM MAKING SET WITH JARS,-1,2011-04-20 15:57:00,4.25,14323.0,United Kingdom
C550808,22699,ROSES REGENCY TEACUP AND SAUCER ,-1,2011-04-20 15:57:00,2.95,14323.0,United Kingdom
C550808,22698,PINK REGENCY TEACUP AND SAUCER,-1,2011-04-20 15:57:00,2.95,14323.0,United Kingdom
C550808,22697,GREEN REGENCY TEACUP AND SAUCER,-1,2011-04-20 15:57:00,2.95,14323.0,United Kingdom
C550809,22728,ALARM CLOCK BAKELIKE PINK,-1,2011-04-20 15:58:00,3.75,14189.0,United Kingdom
C550810,22654,DELUXE SEWING KIT ,-2,2011-04-20 15:58:00,5.95,15135.0,United Kingdom
550811,84947,ANTIQUE SILVER TEA GLASS ENGRAVED,6,2011-04-20 16:04:00,1.25,16011.0,United Kingdom
550811,22300,COFFEE MUG DOG + BALL DESIGN,12,2011-04-20 16:04:00,2.55,16011.0,United Kingdom
550811,22301,COFFEE MUG CAT + BIRD DESIGN,12,2011-04-20 16:04:00,2.55,16011.0,United Kingdom
550811,21669,BLUE STRIPE CERAMIC DRAWER KNOB,24,2011-04-20 16:04:00,1.25,16011.0,United Kingdom
550811,84970S,HANGING HEART ZINC T-LIGHT HOLDER,24,2011-04-20 16:04:00,0.85,16011.0,United Kingdom
C550812,22180,RETROSPOT LAMP,-1,2011-04-20 16:28:00,9.95,15655.0,United Kingdom
C550812,85066,CREAM SWEETHEART MINI CHEST,-2,2011-04-20 16:28:00,12.75,15655.0,United Kingdom
C550812,82483,WOOD 2 DRAWER CABINET WHITE FINISH,-2,2011-04-20 16:28:00,6.95,15655.0,United Kingdom
C550814,22191,IVORY DINER WALL CLOCK,-1,2011-04-20 16:41:00,8.5,16611.0,United Kingdom
550815,85027L,,8,2011-04-20 16:42:00,0.0,,United Kingdom
550817,21986,PACK OF 12 PINK POLKADOT TISSUES,12,2011-04-20 17:00:00,0.29,17946.0,United Kingdom
550817,21034,REX CASH+CARRY JUMBO SHOPPER,4,2011-04-20 17:00:00,0.95,17946.0,United Kingdom
550817,20751,FUNKY WASHING UP GLOVES ASSORTED,1,2011-04-20 17:00:00,2.1,17946.0,United Kingdom
550817,22288,HANGING METAL RABBIT DECORATION,1,2011-04-20 17:00:00,1.25,17946.0,United Kingdom
550817,21389,IVORY HANGING DECORATION  BIRD,2,2011-04-20 17:00:00,0.85,17946.0,United Kingdom
550817,21385,IVORY HANGING DECORATION  HEART,6,2011-04-20 17:00:00,0.85,17946.0,United Kingdom
550817,85194L,HANGING SPRING FLOWER EGG LARGE,10,2011-04-20 17:00:00,0.85,17946.0,United Kingdom
550817,21386,IVORY HANGING DECORATION  EGG,6,2011-04-20 17:00:00,0.85,17946.0,United Kingdom
550817,21389,IVORY HANGING DECORATION  BIRD,6,2011-04-20 17:00:00,0.85,17946.0,United Kingdom
550817,22288,HANGING METAL RABBIT DECORATION,3,2011-04-20 17:00:00,1.25,17946.0,United Kingdom
550817,21383,PACK OF 12 STICKY BUNNIES,2,2011-04-20 17:00:00,0.65,17946.0,United Kingdom
550817,22782,SET 3 WICKER STORAGE BASKETS ,2,2011-04-20 17:00:00,24.95,17946.0,United Kingdom
550817,21428,SET3 BOOK BOX GREEN GINGHAM FLOWER ,1,2011-04-20 17:00:00,4.25,17946.0,United Kingdom
550817,22089,PAPER BUNTING VINTAGE PAISLEY,2,2011-04-20 17:00:00,2.95,17946.0,United Kingdom
550817,22090,PAPER BUNTING RETROSPOT,2,2011-04-20 17:00:00,2.95,17946.0,United Kingdom
550817,22096,PINK PAISLEY SQUARE TISSUE BOX ,4,2011-04-20 17:00:00,1.25,17946.0,United Kingdom
550817,22829,SWEETHEART WIRE WALL TIDY,2,2011-04-20 17:00:00,9.95,17946.0,United Kingdom
550818,84993A,75 GREEN PETIT FOUR CASES,1,2011-04-20 17:10:00,0.42,15912.0,United Kingdom
550818,84378,SET OF 3 HEART COOKIE CUTTERS,1,2011-04-20 17:10:00,1.25,15912.0,United Kingdom
550818,17107D,"FLOWER FAIRY,5 SUMMER B'DRAW LINERS",2,2011-04-20 17:10:00,2.55,15912.0,United Kingdom
550818,22300,COFFEE MUG DOG + BALL DESIGN,6,2011-04-20 17:10:00,2.55,15912.0,United Kingdom
550818,84993B,75 BLACK PETIT FOUR CASES,1,2011-04-20 17:10:00,0.42,15912.0,United Kingdom
550818,84595E,LARGE TORTILLA DESIGN RED BOWL,1,2011-04-20 17:10:00,3.75,15912.0,United Kingdom
550818,22964,3 PIECE SPACEBOY COOKIE CUTTER SET,1,2011-04-20 17:10:00,2.1,15912.0,United Kingdom
550818,47471,RAINBOW PEGS PHOTO CLIP STRING,4,2011-04-20 17:10:00,0.65,15912.0,United Kingdom
550818,20829,GLITTER HANGING BUTTERFLY STRING,8,2011-04-20 17:10:00,2.1,15912.0,United Kingdom
550818,21696,SMALL SILVER TRELLIS CANDLEPOT,12,2011-04-20 17:10:00,2.95,15912.0,United Kingdom
550818,21713,CITRONELLA CANDLE FLOWERPOT,8,2011-04-20 17:10:00,2.1,15912.0,United Kingdom
550818,21714,CITRONELLA CANDLE GARDEN POT,12,2011-04-20 17:10:00,1.25,15912.0,United Kingdom
550818,84804A,CREAM DELPHINIUM ARTIFICIAL FLOWER,9,2011-04-20 17:10:00,2.95,15912.0,United Kingdom
550819,22761,CHEST 7 DRAWER MA CAMPAGNE,1,2011-04-20 17:37:00,24.95,17530.0,United Kingdom
550819,22839,3 TIER CAKE TIN GREEN AND CREAM,1,2011-04-20 17:37:00,14.95,17530.0,United Kingdom
550819,22841,ROUND CAKE TIN VINTAGE GREEN,1,2011-04-20 17:37:00,7.95,17530.0,United Kingdom
550819,22840,ROUND CAKE TIN VINTAGE RED,1,2011-04-20 17:37:00,7.95,17530.0,United Kingdom
550819,22842,BISCUIT TIN VINTAGE RED,1,2011-04-20 17:37:00,6.75,17530.0,United Kingdom
550819,22243,5 HOOK HANGER RED MAGIC TOADSTOOL,4,2011-04-20 17:37:00,1.65,17530.0,United Kingdom
550819,22265,EASTER DECORATION NATURAL CHICK,4,2011-04-20 17:37:00,0.65,17530.0,United Kingdom
550819,22269,EGG CUP NATURAL CHICKEN,5,2011-04-20 17:37:00,1.25,17530.0,United Kingdom
550819,22266,EASTER DECORATION HANGING BUNNY,10,2011-04-20 17:37:00,0.65,17530.0,United Kingdom
550819,22265,EASTER DECORATION NATURAL CHICK,4,2011-04-20 17:37:00,0.65,17530.0,United Kingdom
550819,21875,KINGS CHOICE MUG,2,2011-04-20 17:37:00,1.25,17530.0,United Kingdom
550819,21871,SAVE THE PLANET MUG,2,2011-04-20 17:37:00,1.25,17530.0,United Kingdom
550819,21877,HOME SWEET HOME MUG,2,2011-04-20 17:37:00,1.25,17530.0,United Kingdom
550819,22853,CAT BOWL VINTAGE CREAM,4,2011-04-20 17:37:00,3.25,17530.0,United Kingdom
550819,22956,36 FOIL HEART CAKE CASES,3,2011-04-20 17:37:00,2.1,17530.0,United Kingdom
550819,21977,PACK OF 60 PINK PAISLEY CAKE CASES,1,2011-04-20 17:37:00,0.55,17530.0,United Kingdom
550819,22951,60 CAKE CASES DOLLY GIRL DESIGN,1,2011-04-20 17:37:00,0.55,17530.0,United Kingdom
550819,21213,PACK OF 72 SKULL CAKE CASES,2,2011-04-20 17:37:00,0.55,17530.0,United Kingdom
550819,84991,60 TEATIME FAIRY CAKE CASES,2,2011-04-20 17:37:00,0.55,17530.0,United Kingdom
550819,22916,HERB MARKER THYME,2,2011-04-20 17:37:00,0.65,17530.0,United Kingdom
550819,22917,HERB MARKER ROSEMARY,2,2011-04-20 17:37:00,0.65,17530.0,United Kingdom
550819,22918,HERB MARKER PARSLEY,2,2011-04-20 17:37:00,0.65,17530.0,United Kingdom
550819,22919,HERB MARKER MINT,2,2011-04-20 17:37:00,0.65,17530.0,United Kingdom
550819,22921,HERB MARKER CHIVES ,2,2011-04-20 17:37:00,0.65,17530.0,United Kingdom
550819,22920,HERB MARKER BASIL,2,2011-04-20 17:37:00,0.65,17530.0,United Kingdom
550819,22619,SET OF 6 SOLDIER SKITTLES,1,2011-04-20 17:37:00,3.75,17530.0,United Kingdom
550819,21974,SET OF 36 PAISLEY FLOWER DOILIES,6,2011-04-20 17:37:00,1.45,17530.0,United Kingdom
550819,21211,SET OF 72 SKULL PAPER  DOILIES,1,2011-04-20 17:37:00,1.45,17530.0,United Kingdom
550819,21327,SKULLS WRITING SET ,3,2011-04-20 17:37:00,1.65,17530.0,United Kingdom
550819,21329,DINOSAURS  WRITING SET ,4,2011-04-20 17:37:00,1.65,17530.0,United Kingdom
550819,22776,SWEETHEART CAKESTAND 3 TIER,1,2011-04-20 17:37:00,9.95,17530.0,United Kingdom
550819,85019A,ROMANTIC IMAGES NOTEBOOK SET,1,2011-04-20 17:37:00,4.25,17530.0,United Kingdom
550819,85019C,CURIOUS  IMAGES NOTEBOOK SET,2,2011-04-20 17:37:00,4.25,17530.0,United Kingdom
550819,85197,SET OF 12 MINI BUNNIES IN A BUCKET,2,2011-04-20 17:37:00,2.1,17530.0,United Kingdom
550819,85017C,ENVELOPE 50 CURIOUS IMAGES,8,2011-04-20 17:37:00,0.42,17530.0,United Kingdom
550819,22759,SET OF 3 NOTEBOOKS IN PARCEL,5,2011-04-20 17:37:00,1.65,17530.0,United Kingdom
550819,21531,RED RETROSPOT SUGAR JAM BOWL,4,2011-04-20 17:37:00,2.55,17530.0,United Kingdom
550819,21883,STARS GIFT TAPE ,3,2011-04-20 17:37:00,0.65,17530.0,United Kingdom
550819,21884,CAKES AND BOWS GIFT  TAPE,3,2011-04-20 17:37:00,0.65,17530.0,United Kingdom
550819,21889,WOODEN BOX OF DOMINOES,2,2011-04-20 17:37:00,1.25,17530.0,United Kingdom
550819,22554,PLASTERS IN TIN WOODLAND ANIMALS,2,2011-04-20 17:37:00,1.65,17530.0,United Kingdom
550819,84806B,WHITE CANDYSTUFT ARTIFICIAL FLOWER,9,2011-04-20 17:37:00,1.45,17530.0,United Kingdom
550819,22694,WICKER STAR ,3,2011-04-20 17:37:00,2.1,17530.0,United Kingdom
550819,22557,PLASTERS IN TIN VINTAGE PAISLEY ,7,2011-04-20 17:37:00,1.65,17530.0,United Kingdom
550819,21677,HEARTS  STICKERS,12,2011-04-20 17:37:00,0.85,17530.0,United Kingdom
550819,21675,BUTTERFLIES STICKERS,6,2011-04-20 17:37:00,0.85,17530.0,United Kingdom
550819,21678,PAISLEY PATTERN  STICKERS,6,2011-04-20 17:37:00,0.85,17530.0,United Kingdom
550819,21679,SKULLS  STICKERS,12,2011-04-20 17:37:00,0.85,17530.0,United Kingdom
550819,22565,FELTCRAFT HAIRBANDS PINK AND WHITE ,4,2011-04-20 17:37:00,0.85,17530.0,United Kingdom
550819,22566,FELTCRAFT HAIRBAND PINK AND PURPLE,4,2011-04-20 17:37:00,0.85,17530.0,United Kingdom
550819,22587,FELTCRAFT HAIRBAND RED AND BLUE,4,2011-04-20 17:37:00,0.85,17530.0,United Kingdom
550819,82482,WOODEN PICTURE FRAME WHITE FINISH,4,2011-04-20 17:37:00,2.55,17530.0,United Kingdom
550819,21327,SKULLS WRITING SET ,1,2011-04-20 17:37:00,1.65,17530.0,United Kingdom
550819,21061,PARTY INVITES FOOTBALL,4,2011-04-20 17:37:00,0.85,17530.0,United Kingdom
550819,21060,PARTY INVITES BALLOON GIRL,6,2011-04-20 17:37:00,0.85,17530.0,United Kingdom
550819,21063,PARTY INVITES JAZZ HEARTS,8,2011-04-20 17:37:00,0.85,17530.0,United Kingdom
550819,21062,PARTY INVITES SPACEMAN,4,2011-04-20 17:37:00,0.85,17530.0,United Kingdom
550819,21059,PARTY INVITES DINOSAURS,6,2011-04-20 17:37:00,0.85,17530.0,United Kingdom
550819,21328,BALLOONS  WRITING SET ,2,2011-04-20 17:37:00,1.65,17530.0,United Kingdom
550819,23126,FELTCRAFT GIRL AMELIE KIT,2,2011-04-20 17:37:00,4.95,17530.0,United Kingdom
550819,23127,FELTCRAFT GIRL NICOLE KIT,1,2011-04-20 17:37:00,4.95,17530.0,United Kingdom
550819,23128,FELTCRAFT BOY JEAN-PAUL KIT,1,2011-04-20 17:37:00,4.95,17530.0,United Kingdom
550819,22974,CHILDRENS DOLLY GIRL MUG,6,2011-04-20 17:37:00,1.65,17530.0,United Kingdom
550819,22301,COFFEE MUG CAT + BIRD DESIGN,6,2011-04-20 17:37:00,2.55,17530.0,United Kingdom
550819,22300,COFFEE MUG DOG + BALL DESIGN,12,2011-04-20 17:37:00,2.55,17530.0,United Kingdom
550819,22835,HOT WATER BOTTLE I AM SO POORLY,3,2011-04-20 17:37:00,4.65,17530.0,United Kingdom
550819,21034,REX CASH+CARRY JUMBO SHOPPER,2,2011-04-20 17:37:00,0.95,17530.0,United Kingdom
550819,22383,LUNCH BAG SUKI DESIGN ,2,2011-04-20 17:37:00,1.65,17530.0,United Kingdom
550819,23208,LUNCH BAG VINTAGE LEAF DESIGN,2,2011-04-20 17:37:00,1.65,17530.0,United Kingdom
550819,22662,LUNCH BAG DOLLY GIRL DESIGN,2,2011-04-20 17:37:00,1.65,17530.0,United Kingdom
550819,22854,CREAM SWEETHEART EGG HOLDER,2,2011-04-20 17:37:00,4.95,17530.0,United Kingdom
