InvoiceNo,StockCode,Description,Quantity,InvoiceDate,UnitPrice,CustomerID,Country
563095,23209,LUNCH BAG VINTAGE DOILY ,20,2011-08-12 09:04:00,1.65,13158.0,United Kingdom
563095,23207,LUNCH BAG ALPHABET DESIGN,20,2011-08-12 09:04:00,1.65,13158.0,United Kingdom
563095,20728,LUNCH BAG CARS BLUE,20,2011-08-12 09:04:00,1.65,13158.0,United Kingdom
563095,22383,LUNCH BAG SUKI DESIGN ,20,2011-08-12 09:04:00,1.65,13158.0,United Kingdom
563095,22328,ROUND SNACK BOXES SET OF 4 FRUITS ,6,2011-08-12 09:04:00,2.95,13158.0,United Kingdom
563095,22728,ALARM CLOCK BAKELIKE PINK,4,2011-08-12 09:04:00,3.75,13158.0,United Kingdom
563095,22726,ALARM CLOCK BAKELIKE GREEN,4,2011-08-12 09:04:00,3.75,13158.0,United Kingdom
563095,21429,RED GINGHAM ROSE JEWELLERY BOX,8,2011-08-12 09:04:00,1.95,13158.0,United Kingdom
563095,21703,BAG 125g SWIRLY MARBLES,12,2011-08-12 09:04:00,0.42,13158.0,United Kingdom
563095,22197,POPCORN HOLDER,12,2011-08-12 09:04:00,0.85,13158.0,United Kingdom
563095,21369,MIRRORED WALL ART SPLODGES,12,2011-08-12 09:04:00,1.25,13158.0,United Kingdom
563095,21365,MIRRORED WALL ART STARS,12,2011-08-12 09:04:00,0.75,13158.0,United Kingdom
563095,21371,MIRRORED WALL ART POPPIES,12,2011-08-12 09:04:00,0.75,13158.0,United Kingdom
563095,22334,DINOSAUR PARTY BAG + STICKER SET,8,2011-08-12 09:04:00,1.65,13158.0,United Kingdom
563095,22331,WOODLAND PARTY BAG + STICKER SET,8,2011-08-12 09:04:00,1.65,13158.0,United Kingdom
563095,21249,WOODLAND  HEIGHT CHART STICKERS ,6,2011-08-12 09:04:00,2.95,13158.0,United Kingdom
563095,21251,DINOSAUR HEIGHT CHART STICKER SET,6,2011-08-12 09:04:00,2.95,13158.0,United Kingdom
563096,20677,PINK POLKADOT BOWL,8,2011-08-12 09:10:00,1.25,15544.0,United Kingdom
563096,21245,GREEN POLKADOT PLATE ,8,2011-08-12 09:10:00,1.69,15544.0,United Kingdom
563096,21239,PINK  POLKADOT CUP,8,2011-08-12 09:10:00,0.85,15544.0,United Kingdom
563096,84997C,CHILDRENS CUTLERY POLKADOT BLUE,8,2011-08-12 09:10:00,4.15,15544.0,United Kingdom
563096,23255,CHILDRENS CUTLERY CIRCUS PARADE,4,2011-08-12 09:10:00,4.15,15544.0,United Kingdom
563096,84997B,CHILDRENS CUTLERY RETROSPOT RED ,4,2011-08-12 09:10:00,4.15,15544.0,United Kingdom
563096,84997D,CHILDRENS CUTLERY POLKADOT PINK,4,2011-08-12 09:10:00,4.15,15544.0,United Kingdom
563096,23256,CHILDRENS CUTLERY SPACEBOY ,4,2011-08-12 09:10:00,4.15,15544.0,United Kingdom
563096,22332,SKULLS PARTY BAG + STICKER SET,8,2011-08-12 09:10:00,1.65,15544.0,United Kingdom
563096,22333,RETROSPOT PARTY BAG + STICKER SET,8,2011-08-12 09:10:00,1.65,15544.0,United Kingdom
563096,22331,WOODLAND PARTY BAG + STICKER SET,8,2011-08-12 09:10:00,1.65,15544.0,United Kingdom
563096,22334,DINOSAUR PARTY BAG + STICKER SET,8,2011-08-12 09:10:00,1.65,15544.0,United Kingdom
563096,20726,LUNCH BAG WOODLAND,10,2011-08-12 09:10:00,1.65,15544.0,United Kingdom
563096,20727,LUNCH BAG  BLACK SKULL.,10,2011-08-12 09:10:00,1.65,15544.0,United Kingdom
563096,20728,LUNCH BAG CARS BLUE,10,2011-08-12 09:10:00,1.65,15544.0,United Kingdom
563096,22382,LUNCH BAG SPACEBOY DESIGN ,10,2011-08-12 09:10:00,1.65,15544.0,United Kingdom
563096,22662,LUNCH BAG DOLLY GIRL DESIGN,10,2011-08-12 09:10:00,1.65,15544.0,United Kingdom
563096,23205,CHARLOTTE BAG VINTAGE ALPHABET ,10,2011-08-12 09:10:00,0.85,15544.0,United Kingdom
563096,23207,LUNCH BAG ALPHABET DESIGN,10,2011-08-12 09:10:00,1.65,15544.0,United Kingdom
563096,23206,LUNCH BAG APPLE DESIGN,10,2011-08-12 09:10:00,1.65,15544.0,United Kingdom
563096,21989,PACK OF 20 SKULL PAPER NAPKINS,12,2011-08-12 09:10:00,0.85,15544.0,United Kingdom
563096,21987,PACK OF 6 SKULL PAPER CUPS,12,2011-08-12 09:10:00,0.65,15544.0,United Kingdom
563097,22984,CARD GINGHAM ROSE ,12,2011-08-12 09:11:00,0.42,17642.0,United Kingdom
563097,22986,WRAP GINGHAM ROSE ,25,2011-08-12 09:11:00,0.42,17642.0,United Kingdom
563097,23203,JUMBO BAG VINTAGE DOILY ,20,2011-08-12 09:11:00,2.08,17642.0,United Kingdom
563097,22386,JUMBO BAG PINK POLKADOT,10,2011-08-12 09:11:00,2.08,17642.0,United Kingdom
563097,22381,TOY TIDY PINK POLKADOT,5,2011-08-12 09:11:00,2.1,17642.0,United Kingdom
563097,85099B,JUMBO BAG RED RETROSPOT,10,2011-08-12 09:11:00,2.08,17642.0,United Kingdom
563097,22379,RECYCLING BAG RETROSPOT ,5,2011-08-12 09:11:00,2.1,17642.0,United Kingdom
563097,22430,ENAMEL WATERING CAN CREAM,4,2011-08-12 09:11:00,4.95,17642.0,United Kingdom
563097,22427,ENAMEL FLOWER JUG CREAM,3,2011-08-12 09:11:00,5.95,17642.0,United Kingdom
563097,22426,ENAMEL WASH BOWL CREAM,8,2011-08-12 09:11:00,3.75,17642.0,United Kingdom
563097,23252,VINTAGE RED ENAMEL TRIM JUG ,4,2011-08-12 09:11:00,3.75,17642.0,United Kingdom
563097,23251,VINTAGE RED ENAMEL TRIM MUG ,36,2011-08-12 09:11:00,1.25,17642.0,United Kingdom
563097,23250,VINTAGE RED TRIM ENAMEL BOWL ,24,2011-08-12 09:11:00,1.25,17642.0,United Kingdom
563097,23249,VINTAGE RED ENAMEL TRIM PLATE,24,2011-08-12 09:11:00,1.65,17642.0,United Kingdom
563098,22425,ENAMEL COLANDER CREAM,12,2011-08-12 09:14:00,4.95,14911.0,EIRE
563098,23247,BISCUIT TIN 50'S CHRISTMAS,24,2011-08-12 09:14:00,2.89,14911.0,EIRE
563098,23320,GIANT 50'S CHRISTMAS CRACKER,48,2011-08-12 09:14:00,2.49,14911.0,EIRE
563098,23192,BUNDLE OF 3 ALPHABET EXERCISE BOOKS,24,2011-08-12 09:14:00,1.65,14911.0,EIRE
563098,23188,VINTAGE  2 METER FOLDING RULER,12,2011-08-12 09:14:00,1.65,14911.0,EIRE
563098,22384,LUNCH BAG PINK POLKADOT,10,2011-08-12 09:14:00,1.65,14911.0,EIRE
563098,23209,LUNCH BAG DOILEY PATTERN ,10,2011-08-12 09:14:00,1.65,14911.0,EIRE
563098,23207,LUNCH BAG ALPHABET DESIGN,10,2011-08-12 09:14:00,1.65,14911.0,EIRE
563098,20727,LUNCH BAG  BLACK SKULL.,10,2011-08-12 09:14:00,1.65,14911.0,EIRE
563098,23308,SET OF 60 VINTAGE LEAF CAKE CASES ,24,2011-08-12 09:14:00,0.55,14911.0,EIRE
563098,23307,SET OF 60 PANTRY DESIGN CAKE CASES ,24,2011-08-12 09:14:00,0.55,14911.0,EIRE
563098,21977,PACK OF 60 PINK PAISLEY CAKE CASES,24,2011-08-12 09:14:00,0.55,14911.0,EIRE
563098,84991,60 TEATIME FAIRY CAKE CASES,24,2011-08-12 09:14:00,0.55,14911.0,EIRE
563098,21975,PACK OF 60 DINOSAUR CAKE CASES,24,2011-08-12 09:14:00,0.55,14911.0,EIRE
563098,21212,PACK OF 72 RETROSPOT CAKE CASES,24,2011-08-12 09:14:00,0.55,14911.0,EIRE
563098,20914,SET/5 RED RETROSPOT LID GLASS BOWLS,32,2011-08-12 09:14:00,2.55,14911.0,EIRE
563098,23168,CLASSIC CAFE SUGAR DISPENSER,24,2011-08-12 09:14:00,1.25,14911.0,EIRE
563098,23245,SET OF 3 REGENCY CAKE TINS,12,2011-08-12 09:14:00,4.95,14911.0,EIRE
563098,22963,JAM JAR WITH GREEN LID,12,2011-08-12 09:14:00,0.85,14911.0,EIRE
563098,22960,JAM MAKING SET WITH JARS,6,2011-08-12 09:14:00,4.25,14911.0,EIRE
563098,23253,16 PIECE CUTLERY SET PANTRY DESIGN,6,2011-08-12 09:14:00,15.95,14911.0,EIRE
563098,22978,PANTRY ROLLING PIN,12,2011-08-12 09:14:00,3.75,14911.0,EIRE
563098,22729,ALARM CLOCK BAKELIKE ORANGE,12,2011-08-12 09:14:00,3.75,14911.0,EIRE
563098,23012,GLASS APOTHECARY BOTTLE PERFUME,8,2011-08-12 09:14:00,3.95,14911.0,EIRE
563098,22624,IVORY KITCHEN SCALES,4,2011-08-12 09:14:00,8.5,14911.0,EIRE
563098,22625,RED KITCHEN SCALES,4,2011-08-12 09:14:00,8.5,14911.0,EIRE
563098,22692,DOORMAT WELCOME TO OUR HOME,4,2011-08-12 09:14:00,7.95,14911.0,EIRE
563098,21523,DOORMAT FANCY FONT HOME SWEET HOME,4,2011-08-12 09:14:00,7.95,14911.0,EIRE
563098,48187,DOORMAT NEW ENGLAND,4,2011-08-12 09:14:00,7.95,14911.0,EIRE
563098,23236,DOILEY STORAGE TIN,12,2011-08-12 09:14:00,2.89,14911.0,EIRE
563098,84030E,ENGLISH ROSE HOT WATER BOTTLE,8,2011-08-12 09:14:00,4.25,14911.0,EIRE
563098,22113,GREY HEART HOT WATER BOTTLE,8,2011-08-12 09:14:00,3.75,14911.0,EIRE
563098,21485,RETROSPOT HEART HOT WATER BOTTLE,6,2011-08-12 09:14:00,4.95,14911.0,EIRE
563098,22835,HOT WATER BOTTLE I AM SO POORLY,8,2011-08-12 09:14:00,4.65,14911.0,EIRE
563098,22112,CHOCOLATE HOT WATER BOTTLE,6,2011-08-12 09:14:00,4.95,14911.0,EIRE
563098,23172,REGENCY TEA PLATE PINK,12,2011-08-12 09:14:00,1.65,14911.0,EIRE
563098,23170,REGENCY TEA PLATE ROSES ,12,2011-08-12 09:14:00,1.65,14911.0,EIRE
563098,23171,REGENCY TEA PLATE GREEN ,12,2011-08-12 09:14:00,1.65,14911.0,EIRE
563098,22727,ALARM CLOCK BAKELIKE RED ,12,2011-08-12 09:14:00,3.75,14911.0,EIRE
563098,22428,ENAMEL FIRE BUCKET CREAM,6,2011-08-12 09:14:00,6.95,14911.0,EIRE
563098,23328,SET 6 SCHOOL MILK BOTTLES IN CRATE,4,2011-08-12 09:14:00,3.75,14911.0,EIRE
563099,23328,SET 6 SCHOOL MILK BOTTLES IN CRATE,8,2011-08-12 09:37:00,3.75,15689.0,United Kingdom
563099,22781,GUMBALL MAGAZINE RACK,12,2011-08-12 09:37:00,6.75,15689.0,United Kingdom
563099,22507,MEMO BOARD RETROSPOT  DESIGN,8,2011-08-12 09:37:00,4.95,15689.0,United Kingdom
563100,22635,CHILDS BREAKFAST SET DOLLY GIRL ,2,2011-08-12 09:57:00,9.95,12381.0,Norway
563100,22634,CHILDS BREAKFAST SET SPACEBOY ,2,2011-08-12 09:57:00,9.95,12381.0,Norway
563100,21340,CLASSIC METAL BIRDCAGE PLANT HOLDER,1,2011-08-12 09:57:00,12.75,12381.0,Norway
563100,22492,MINI PAINT SET VINTAGE ,36,2011-08-12 09:57:00,0.65,12381.0,Norway
563100,47566,PARTY BUNTING,4,2011-08-12 09:57:00,4.95,12381.0,Norway
563100,16169E,WRAP 50'S  CHRISTMAS,25,2011-08-12 09:57:00,0.42,12381.0,Norway
563100,22894,TABLECLOTH RED APPLES DESIGN ,2,2011-08-12 09:57:00,9.95,12381.0,Norway
563100,21481,FAWN BLUE HOT WATER BOTTLE,6,2011-08-12 09:57:00,2.95,12381.0,Norway
563100,22945,CHRISTMAS METAL TAGS ASSORTED ,12,2011-08-12 09:57:00,0.85,12381.0,Norway
563100,22720,SET OF 3 CAKE TINS PANTRY DESIGN ,3,2011-08-12 09:57:00,4.95,12381.0,Norway
563100,22621,TRADITIONAL KNITTING NANCY,12,2011-08-12 09:57:00,1.65,12381.0,Norway
563100,23199,JUMBO BAG APPLES,10,2011-08-12 09:57:00,2.08,12381.0,Norway
563100,23048,SET OF 10 LANTERNS FAIRY LIGHT STAR,4,2011-08-12 09:57:00,4.15,12381.0,Norway
563100,21791,VINTAGE HEADS AND TAILS CARD GAME ,12,2011-08-12 09:57:00,1.25,12381.0,Norway
563100,21912,VINTAGE SNAKES & LADDERS,4,2011-08-12 09:57:00,3.75,12381.0,Norway
563100,22596,CHRISTMAS STAR WISH LIST CHALKBOARD,12,2011-08-12 09:57:00,1.25,12381.0,Norway
563100,22418,10 COLOUR SPACEBOY PEN,24,2011-08-12 09:57:00,0.85,12381.0,Norway
563100,23108,SET OF 10 LED DOLLY LIGHTS,2,2011-08-12 09:57:00,6.25,12381.0,Norway
563100,22630,DOLLY GIRL LUNCH BOX,12,2011-08-12 09:57:00,1.95,12381.0,Norway
563100,22629,SPACEBOY LUNCH BOX ,12,2011-08-12 09:57:00,1.95,12381.0,Norway
563100,23243,SET OF TEA COFFEE SUGAR TINS PANTRY,4,2011-08-12 09:57:00,4.95,12381.0,Norway
563100,22895,SET OF 2 TEA TOWELS APPLE AND PEARS,6,2011-08-12 09:57:00,3.25,12381.0,Norway
563100,22955,36 FOIL STAR CAKE CASES ,6,2011-08-12 09:57:00,2.1,12381.0,Norway
563100,84380,SET OF 3 BUTTERFLY COOKIE CUTTERS,12,2011-08-12 09:57:00,1.25,12381.0,Norway
563100,22932,BAKING MOULD TOFFEE CUP CHOCOLATE,6,2011-08-12 09:57:00,2.55,12381.0,Norway
563100,23346,SPACEBOY BEAKER,12,2011-08-12 09:57:00,1.25,12381.0,Norway
563100,23345, DOLLY GIRL BEAKER,12,2011-08-12 09:57:00,1.25,12381.0,Norway
563100,23319,BOX OF 6 MINI 50'S CRACKERS,6,2011-08-12 09:57:00,2.49,12381.0,Norway
563100,23293,SET OF 12 FAIRY CAKE BAKING CASES,8,2011-08-12 09:57:00,0.83,12381.0,Norway
563100,22979,PANTRY WASHING UP BRUSH,12,2011-08-12 09:57:00,1.45,12381.0,Norway
563100,22982,PANTRY PASTRY BRUSH,12,2011-08-12 09:57:00,1.25,12381.0,Norway
563100,22807,SET OF 6 T-LIGHTS TOADSTOOLS,6,2011-08-12 09:57:00,2.95,12381.0,Norway
563100,22966,GINGERBREAD MAN COOKIE CUTTER,12,2011-08-12 09:57:00,1.25,12381.0,Norway
563100,23308,SET OF 60 VINTAGE LEAF CAKE CASES ,24,2011-08-12 09:57:00,0.55,12381.0,Norway
563100,22535,MAGIC DRAWING SLATE BUNNIES ,24,2011-08-12 09:57:00,0.42,12381.0,Norway
563100,22898,CHILDRENS APRON APPLES DESIGN,8,2011-08-12 09:57:00,1.95,12381.0,Norway
563100,22179,SET 10 NIGHT OWL LIGHTS,2,2011-08-12 09:57:00,6.75,12381.0,Norway
563100,22938,CUPCAKE LACE PAPER SET 6,12,2011-08-12 09:57:00,1.95,12381.0,Norway
563100,35471D,SET OF 3 BIRD LIGHT PINK FEATHER ,24,2011-08-12 09:57:00,0.39,12381.0,Norway
563100,84347,ROTATING SILVER ANGELS T-LIGHT HLDR,6,2011-08-12 09:57:00,2.55,12381.0,Norway
563100,85132C,CHARLIE AND LOLA FIGURES TINS,12,2011-08-12 09:57:00,1.95,12381.0,Norway
563100,22964,3 PIECE SPACEBOY COOKIE CUTTER SET,12,2011-08-12 09:57:00,2.1,12381.0,Norway
563100,21731,RED TOADSTOOL LED NIGHT LIGHT,12,2011-08-12 09:57:00,1.65,12381.0,Norway
563100,22937,BAKING MOULD CHOCOLATE CUPCAKES,6,2011-08-12 09:57:00,2.55,12381.0,Norway
563100,85159B,"WHITE TEA,COFFEE,SUGAR JARS",12,2011-08-12 09:57:00,1.95,12381.0,Norway
563100,22723,SET OF 6 HERB TINS SKETCHBOOK,4,2011-08-12 09:57:00,3.95,12381.0,Norway
563100,22965,3 TRADITIONAl BISCUIT CUTTERS  SET,6,2011-08-12 09:57:00,2.1,12381.0,Norway
563100,22139,RETROSPOT TEA SET CERAMIC 11 PC ,3,2011-08-12 09:57:00,4.95,12381.0,Norway
563100,21314,SMALL GLASS HEART TRINKET POT,8,2011-08-12 09:57:00,2.1,12381.0,Norway
563100,84356,POMPOM CURTAIN,2,2011-08-12 09:57:00,6.95,12381.0,Norway
563100,21115,ROSE CARAVAN DOORSTOP,2,2011-08-12 09:57:00,6.75,12381.0,Norway
563100,21249,WOODLAND  HEIGHT CHART STICKERS ,6,2011-08-12 09:57:00,2.95,12381.0,Norway
563100,21251,DINOSAUR HEIGHT CHART STICKER SET,6,2011-08-12 09:57:00,2.95,12381.0,Norway
563100,22423,REGENCY CAKESTAND 3 TIER,1,2011-08-12 09:57:00,12.75,12381.0,Norway
563100,23163,REGENCY SUGAR TONGS,8,2011-08-12 09:57:00,2.49,12381.0,Norway
563100,84880,WHITE WIRE EGG HOLDER,3,2011-08-12 09:57:00,7.5,12381.0,Norway
563100,23297,SET 40 HEART SHAPE PETIT FOUR CASES,16,2011-08-12 09:57:00,1.65,12381.0,Norway
563100,22666,RECIPE BOX PANTRY YELLOW DESIGN,6,2011-08-12 09:57:00,2.95,12381.0,Norway
563100,22993,SET OF 4 PANTRY JELLY MOULDS,12,2011-08-12 09:57:00,1.25,12381.0,Norway
563100,23198,PANTRY MAGNETIC  SHOPPING LIST,12,2011-08-12 09:57:00,1.45,12381.0,Norway
563100,22941,CHRISTMAS LIGHTS 10 REINDEER,2,2011-08-12 09:57:00,8.5,12381.0,Norway
563100,POST,POSTAGE,6,2011-08-12 09:57:00,40.0,12381.0,Norway
563101,22084,,1,2011-08-12 10:07:00,0.0,,United Kingdom
563102,21359,,1,2011-08-12 10:07:00,0.0,,United Kingdom
563103,23112,PARISIENNE CURIO CABINET,4,2011-08-12 10:08:00,7.5,13873.0,United Kingdom
563103,82494L,WOODEN FRAME ANTIQUE WHITE ,6,2011-08-12 10:08:00,2.95,13873.0,United Kingdom
563103,23118,PARISIENNE JEWELLERY DRAWER ,2,2011-08-12 10:08:00,7.5,13873.0,United Kingdom
563103,23093,SMALL PARISIENNE HEART PHOTO FRAME ,8,2011-08-12 10:08:00,2.49,13873.0,United Kingdom
563103,23106,ZINC HEARTS PLANT POT HOLDER,8,2011-08-12 10:08:00,2.89,13873.0,United Kingdom
563103,23243,SET OF TEA COFFEE SUGAR TINS PANTRY,4,2011-08-12 10:08:00,4.95,13873.0,United Kingdom
563103,23322,LARGE WHITE HEART OF WICKER,6,2011-08-12 10:08:00,2.95,13873.0,United Kingdom
563103,21391,FRENCH LAVENDER SCENT HEART,12,2011-08-12 10:08:00,0.75,13873.0,United Kingdom
563103,84926E,FLOWERS TILE COASTER,24,2011-08-12 10:08:00,0.29,13873.0,United Kingdom
563104,23322,LARGE WHITE HEART OF WICKER,6,2011-08-12 10:13:00,2.95,13888.0,United Kingdom
563104,23321,SMALL WHITE HEART OF WICKER,12,2011-08-12 10:13:00,1.65,13888.0,United Kingdom
563104,23332,IVORY WICKER HEART LARGE,12,2011-08-12 10:13:00,1.65,13888.0,United Kingdom
563104,23333,IVORY WICKER HEART MEDIUM,12,2011-08-12 10:13:00,1.25,13888.0,United Kingdom
563104,22470,HEART OF WICKER LARGE,6,2011-08-12 10:13:00,2.95,13888.0,United Kingdom
563104,23329,DECORATIVE WICKER HEART LARGE,12,2011-08-12 10:13:00,1.65,13888.0,United Kingdom
563104,23330,DECORATIVE WICKER HEART MEDIUM,12,2011-08-12 10:13:00,1.25,13888.0,United Kingdom
563104,23147,SINGLE ANTIQUE ROSE HOOK IVORY,12,2011-08-12 10:13:00,1.45,13888.0,United Kingdom
563104,23146,TRIPLE HOOK ANTIQUE IVORY ROSE,4,2011-08-12 10:13:00,3.29,13888.0,United Kingdom
563104,23133,LARGE IVORY HEART WALL ORGANISER,2,2011-08-12 10:13:00,8.25,13888.0,United Kingdom
563104,22296,HEART IVORY TRELLIS LARGE,12,2011-08-12 10:13:00,1.65,13888.0,United Kingdom
563104,22297,HEART IVORY TRELLIS SMALL,24,2011-08-12 10:13:00,1.25,13888.0,United Kingdom
563104,21385,IVORY HANGING DECORATION  HEART,24,2011-08-12 10:13:00,0.85,13888.0,United Kingdom
563104,23094,LE GRAND TRAY CHIC SET,1,2011-08-12 10:13:00,12.5,13888.0,United Kingdom
563104,82483,WOOD 2 DRAWER CABINET WHITE FINISH,2,2011-08-12 10:13:00,6.95,13888.0,United Kingdom
563104,21340,CLASSIC METAL BIRDCAGE PLANT HOLDER,2,2011-08-12 10:13:00,12.75,13888.0,United Kingdom
563104,85123A,WHITE HANGING HEART T-LIGHT HOLDER,6,2011-08-12 10:13:00,2.95,13888.0,United Kingdom
563104,22465,HANGING METAL STAR LANTERN,12,2011-08-12 10:13:00,1.65,13888.0,United Kingdom
563104,23243,SET OF TEA COFFEE SUGAR TINS PANTRY,4,2011-08-12 10:13:00,4.95,13888.0,United Kingdom
563104,22720,SET OF 3 CAKE TINS PANTRY DESIGN ,3,2011-08-12 10:13:00,4.95,13888.0,United Kingdom
563105,22194,,2,2011-08-12 10:15:00,0.0,,United Kingdom
563106,21658,,3,2011-08-12 10:15:00,0.0,,United Kingdom
C563107,22965,3 TRADITIONAl BISCUIT CUTTERS  SET,-12,2011-08-12 10:17:00,2.1,12709.0,Germany
C563107,23169,CLASSIC GLASS COOKIE JAR,-1,2011-08-12 10:17:00,4.15,12709.0,Germany
C563107,22960,JAM MAKING SET WITH JARS,-1,2011-08-12 10:17:00,3.75,12709.0,Germany
C563107,21452,TOADSTOOL MONEY BOX,-1,2011-08-12 10:17:00,2.95,12709.0,Germany
563108,21033,,37,2011-08-12 10:18:00,0.0,,United Kingdom
C563109,21936,RED RETROSPOT PICNIC BAG,-4,2011-08-12 10:31:00,2.95,12656.0,France
C563109,20725,LUNCH BAG RED RETROSPOT,-6,2011-08-12 10:31:00,1.65,12656.0,France
563110,23052,RECYCLED ACAPULCO MAT TURQUOISE,2,2011-08-12 11:07:00,8.25,14849.0,United Kingdom
563110,23050,RECYCLED ACAPULCO MAT GREEN,2,2011-08-12 11:07:00,8.25,14849.0,United Kingdom
563110,23051,RECYCLED ACAPULCO MAT BLUE,2,2011-08-12 11:07:00,8.25,14849.0,United Kingdom
563110,23209,LUNCH BAG VINTAGE DOILY ,20,2011-08-12 11:07:00,1.65,14849.0,United Kingdom
563110,23236,STORAGE TIN VINTAGE DOILY ,6,2011-08-12 11:07:00,2.89,14849.0,United Kingdom
563110,23173,REGENCY TEAPOT ROSES ,2,2011-08-12 11:07:00,9.95,14849.0,United Kingdom
563110,22417,PACK OF 60 SPACEBOY CAKE CASES,24,2011-08-12 11:07:00,0.55,14849.0,United Kingdom
563110,23308,SET OF 60 VINTAGE LEAF CAKE CASES ,24,2011-08-12 11:07:00,0.55,14849.0,United Kingdom
563110,23307,SET OF 60 PANTRY DESIGN CAKE CASES ,24,2011-08-12 11:07:00,0.55,14849.0,United Kingdom
563110,23202,JUMBO BAG VINTAGE LEAF,10,2011-08-12 11:07:00,2.08,14849.0,United Kingdom
563110,23203,JUMBO BAG VINTAGE DOILY ,10,2011-08-12 11:07:00,2.08,14849.0,United Kingdom
563110,22670,FRENCH WC SIGN BLUE METAL,12,2011-08-12 11:07:00,1.25,14849.0,United Kingdom
563110,22925,BLUE GIANT GARDEN THERMOMETER,4,2011-08-12 11:07:00,5.95,14849.0,United Kingdom
563110,22927,GREEN GIANT GARDEN THERMOMETER,4,2011-08-12 11:07:00,5.95,14849.0,United Kingdom
563110,21977,PACK OF 60 PINK PAISLEY CAKE CASES,24,2011-08-12 11:07:00,0.55,14849.0,United Kingdom
563110,21975,PACK OF 60 DINOSAUR CAKE CASES,24,2011-08-12 11:07:00,0.55,14849.0,United Kingdom
563110,21916,SET 12 RETRO WHITE CHALK STICKS,24,2011-08-12 11:07:00,0.42,14849.0,United Kingdom
563110,21929,JUMBO BAG PINK VINTAGE PAISLEY,20,2011-08-12 11:07:00,2.08,14849.0,United Kingdom
563110,84692,BOX OF 24 COCKTAIL PARASOLS,25,2011-08-12 11:07:00,0.42,14849.0,United Kingdom
563110,84991,60 TEATIME FAIRY CAKE CASES,24,2011-08-12 11:07:00,0.55,14849.0,United Kingdom
563110,21124,SET/10 BLUE POLKADOT PARTY CANDLES,24,2011-08-12 11:07:00,1.25,14849.0,United Kingdom
563110,21122,SET/10 PINK POLKADOT PARTY CANDLES,24,2011-08-12 11:07:00,1.25,14849.0,United Kingdom
563110,21121,SET/10 RED POLKADOT PARTY CANDLES,24,2011-08-12 11:07:00,1.25,14849.0,United Kingdom
563110,84879,ASSORTED COLOUR BIRD ORNAMENT,24,2011-08-12 11:07:00,1.69,14849.0,United Kingdom
563110,21212,PACK OF 72 RETROSPOT CAKE CASES,24,2011-08-12 11:07:00,0.55,14849.0,United Kingdom
563111,20725,LUNCH BAG RED RETROSPOT,20,2011-08-12 11:08:00,1.65,15249.0,United Kingdom
563111,22384,LUNCH BAG PINK POLKADOT,20,2011-08-12 11:08:00,1.65,15249.0,United Kingdom
563111,23204,CHARLOTTE BAG APPLES DESIGN,20,2011-08-12 11:08:00,0.85,15249.0,United Kingdom
563111,22383,LUNCH BAG SUKI DESIGN ,20,2011-08-12 11:08:00,1.65,15249.0,United Kingdom
563111,23209,LUNCH BAG VINTAGE DOILEY ,10,2011-08-12 11:08:00,1.65,15249.0,United Kingdom
563111,21668,RED STRIPE CERAMIC DRAWER KNOB,12,2011-08-12 11:08:00,1.25,15249.0,United Kingdom
563111,21671,RED SPOT CERAMIC DRAWER KNOB,12,2011-08-12 11:08:00,1.25,15249.0,United Kingdom
563111,21672,WHITE SPOT RED CERAMIC DRAWER KNOB,12,2011-08-12 11:08:00,1.25,15249.0,United Kingdom
563111,21669,BLUE STRIPE CERAMIC DRAWER KNOB,12,2011-08-12 11:08:00,1.25,15249.0,United Kingdom
563111,21670,BLUE SPOT CERAMIC DRAWER KNOB,12,2011-08-12 11:08:00,1.25,15249.0,United Kingdom
563111,21070,VINTAGE BILLBOARD MUG ,12,2011-08-12 11:08:00,1.25,15249.0,United Kingdom
563111,21071,VINTAGE BILLBOARD DRINK ME MUG,12,2011-08-12 11:08:00,1.25,15249.0,United Kingdom
563111,21877,HOME SWEET HOME MUG,12,2011-08-12 11:08:00,1.25,15249.0,United Kingdom
563111,23321,SMALL WHITE HEART OF WICKER,12,2011-08-12 11:08:00,1.65,15249.0,United Kingdom
563111,23322,LARGE WHITE HEART OF WICKER,6,2011-08-12 11:08:00,2.95,15249.0,United Kingdom
563111,23344,JUMBO BAG 50'S CHRISTMAS ,10,2011-08-12 11:08:00,2.08,15249.0,United Kingdom
563111,23359,SET OF 12 T-LIGHTS VINTAGE DOILEY,12,2011-08-12 11:08:00,1.95,15249.0,United Kingdom
563111,23350,ROLL WRAP VINTAGE SPOT ,12,2011-08-12 11:08:00,1.25,15249.0,United Kingdom
563111,20914,SET/5 RED RETROSPOT LID GLASS BOWLS,12,2011-08-12 11:08:00,2.95,15249.0,United Kingdom
563112,84077,WORLD WAR 2 GLIDERS ASSTD DESIGNS,48,2011-08-12 11:09:00,0.29,14849.0,United Kingdom
563112,22551,PLASTERS IN TIN SPACEBOY,12,2011-08-12 11:09:00,1.65,14849.0,United Kingdom
563112,22418,10 COLOUR SPACEBOY PEN,24,2011-08-12 11:09:00,0.85,14849.0,United Kingdom
563112,22629,SPACEBOY LUNCH BOX ,12,2011-08-12 11:09:00,1.95,14849.0,United Kingdom
563112,23256,CHILDRENS CUTLERY SPACEBOY ,4,2011-08-12 11:09:00,4.15,14849.0,United Kingdom
563112,22899,CHILDREN'S APRON DOLLY GIRL ,6,2011-08-12 11:09:00,2.1,14849.0,United Kingdom
563112,22367,CHILDRENS APRON SPACEBOY DESIGN,8,2011-08-12 11:09:00,1.95,14849.0,United Kingdom
563112,47591D,PINK FAIRY CAKE CHILDRENS APRON,8,2011-08-12 11:09:00,1.95,14849.0,United Kingdom
563112,22138,BAKING SET 9 PIECE RETROSPOT ,3,2011-08-12 11:09:00,4.95,14849.0,United Kingdom
563112,22489,PACK OF 12 TRADITIONAL CRAYONS,24,2011-08-12 11:09:00,0.42,14849.0,United Kingdom
563112,22491,PACK OF 12 COLOURED PENCILS,12,2011-08-12 11:09:00,0.85,14849.0,United Kingdom
563112,21918,SET 12 KIDS COLOUR  CHALK STICKS,24,2011-08-12 11:09:00,0.42,14849.0,United Kingdom
563112,22437,SET OF 9 BLACK SKULL BALLOONS,20,2011-08-12 11:09:00,0.85,14849.0,United Kingdom
563112,22440,BALLOON WATER BOMB PACK OF 35,20,2011-08-12 11:09:00,0.42,14849.0,United Kingdom
563112,22149,FELTCRAFT 6 FLOWER FRIENDS,6,2011-08-12 11:09:00,2.1,14849.0,United Kingdom
563112,23192,BUNDLE OF 3 ALPHABET EXERCISE BOOKS,12,2011-08-12 11:09:00,1.65,14849.0,United Kingdom
563112,23230,WRAP ALPHABET DESIGN,25,2011-08-12 11:09:00,0.42,14849.0,United Kingdom
563112,22090,PAPER BUNTING RETROSPOT,6,2011-08-12 11:09:00,2.95,14849.0,United Kingdom
563112,22898,CHILDRENS APRON APPLES DESIGN,8,2011-08-12 11:09:00,1.95,14849.0,United Kingdom
563112,22607,WOODEN ROUNDERS GARDEN SET ,2,2011-08-12 11:09:00,9.95,14849.0,United Kingdom
563137,23050,RECYCLED ACAPULCO MAT GREEN,1,2011-08-12 11:22:00,8.25,14534.0,United Kingdom
563137,23051,RECYCLED ACAPULCO MAT BLUE,1,2011-08-12 11:22:00,8.25,14534.0,United Kingdom
563137,20754,RETROSPOT RED WASHING UP GLOVES,1,2011-08-12 11:22:00,2.1,14534.0,United Kingdom
563137,20751,FUNKY WASHING UP GLOVES ASSORTED,1,2011-08-12 11:22:00,2.1,14534.0,United Kingdom
563137,20752,BLUE POLKADOT WASHING UP GLOVES,1,2011-08-12 11:22:00,2.1,14534.0,United Kingdom
563137,21621,VINTAGE UNION JACK BUNTING,2,2011-08-12 11:22:00,8.5,14534.0,United Kingdom
563137,22785,SQUARECUSHION COVER PINK UNION JACK,1,2011-08-12 11:22:00,6.75,14534.0,United Kingdom
563137,22192,BLUE DINER WALL CLOCK,1,2011-08-12 11:22:00,8.5,14534.0,United Kingdom
563137,22193,RED DINER WALL CLOCK,1,2011-08-12 11:22:00,8.5,14534.0,United Kingdom
563137,23341,PINK DINER WALL CLOCK,1,2011-08-12 11:22:00,8.5,14534.0,United Kingdom
563137,22470,HEART OF WICKER LARGE,1,2011-08-12 11:22:00,2.95,14534.0,United Kingdom
563137,22427,ENAMEL FLOWER JUG CREAM,1,2011-08-12 11:22:00,5.95,14534.0,United Kingdom
563137,23165,LARGE CERAMIC TOP STORAGE JAR,2,2011-08-12 11:22:00,1.65,14534.0,United Kingdom
563137,84519B,CARROT CHARLIE+LOLA COASTER SET,1,2011-08-12 11:22:00,1.25,14534.0,United Kingdom
563137,84519A,TOMATO CHARLIE+LOLA COASTER SET,1,2011-08-12 11:22:00,1.25,14534.0,United Kingdom
563137,M,Manual,1,2011-08-12 11:22:00,1.65,14534.0,United Kingdom
563137,23166,MEDIUM CERAMIC TOP STORAGE JAR,4,2011-08-12 11:22:00,1.25,14534.0,United Kingdom
563137,22961,JAM MAKING SET PRINTED,1,2011-08-12 11:22:00,1.45,14534.0,United Kingdom
563137,22328,ROUND SNACK BOXES SET OF 4 FRUITS ,1,2011-08-12 11:22:00,2.95,14534.0,United Kingdom
563137,22326,ROUND SNACK BOXES SET OF4 WOODLAND ,1,2011-08-12 11:22:00,2.95,14534.0,United Kingdom
563137,22128,PARTY CONES CANDY ASSORTED,24,2011-08-12 11:22:00,1.25,14534.0,United Kingdom
563137,22907,PACK OF 20 NAPKINS PANTRY DESIGN,4,2011-08-12 11:22:00,0.85,14534.0,United Kingdom
563137,22428,ENAMEL FIRE BUCKET CREAM,1,2011-08-12 11:22:00,6.95,14534.0,United Kingdom
563137,22423,REGENCY CAKESTAND 3 TIER,1,2011-08-12 11:22:00,12.75,14534.0,United Kingdom
563147,84945,MULTI COLOUR SILVER T-LIGHT HOLDER,48,2011-08-12 11:29:00,0.85,13695.0,United Kingdom
563147,22945,CHRISTMAS METAL TAGS ASSORTED ,24,2011-08-12 11:29:00,0.85,13695.0,United Kingdom
563147,23332,IVORY WICKER HEART LARGE,12,2011-08-12 11:29:00,1.65,13695.0,United Kingdom
563148,21033,,-37,2011-08-12 11:35:00,0.0,,United Kingdom
563149,22178,VICTORIAN GLASS HANGING T-LIGHT,96,2011-08-12 11:41:00,1.06,13695.0,United Kingdom
563150,21462,"NURSERY A,B,C PAINTED LETTERS",2,2011-08-12 11:41:00,6.75,15192.0,United Kingdom
563150,21829,DINOSAUR KEYRINGS ASSORTED,72,2011-08-12 11:41:00,0.21,15192.0,United Kingdom
563150,22333,RETROSPOT PARTY BAG + STICKER SET,48,2011-08-12 11:41:00,1.45,15192.0,United Kingdom
563150,47590A,BLUE HAPPY BIRTHDAY BUNTING,3,2011-08-12 11:41:00,5.45,15192.0,United Kingdom
563150,20749,ASSORTED COLOUR MINI CASES,6,2011-08-12 11:41:00,7.95,15192.0,United Kingdom
563150,20750,RED RETROSPOT MINI CASES,6,2011-08-12 11:41:00,7.95,15192.0,United Kingdom
563150,20983,12 PENCILS TALL TUBE RED RETROSPOT,24,2011-08-12 11:41:00,0.85,15192.0,United Kingdom
563150,17003,BROCADE RING PURSE ,72,2011-08-12 11:41:00,0.29,15192.0,United Kingdom
563150,47599A,PINK PARTY BAGS,6,2011-08-12 11:41:00,2.1,15192.0,United Kingdom
563150,47599B,BLUE PARTY BAGS ,6,2011-08-12 11:41:00,2.1,15192.0,United Kingdom
563150,15036,ASSORTED COLOURS SILK FAN,36,2011-08-12 11:41:00,0.83,15192.0,United Kingdom
563155,21244,BLUE POLKADOT PLATE ,5,2011-08-12 11:48:00,1.69,13069.0,United Kingdom
563155,20674,GREEN POLKADOT BOWL,10,2011-08-12 11:48:00,1.25,13069.0,United Kingdom
563155,20676,RED RETROSPOT BOWL,10,2011-08-12 11:48:00,1.25,13069.0,United Kingdom
563155,21245,GREEN POLKADOT PLATE ,5,2011-08-12 11:48:00,1.69,13069.0,United Kingdom
563155,21243,PINK  POLKADOT PLATE ,5,2011-08-12 11:48:00,1.69,13069.0,United Kingdom
563155,20675,BLUE POLKADOT BOWL,10,2011-08-12 11:48:00,1.25,13069.0,United Kingdom
563155,21240,BLUE POLKADOT CUP,5,2011-08-12 11:48:00,0.85,13069.0,United Kingdom
563155,21239,PINK  POLKADOT CUP,10,2011-08-12 11:48:00,0.85,13069.0,United Kingdom
563155,21172,PARTY METAL SIGN ,20,2011-08-12 11:48:00,1.45,13069.0,United Kingdom
563155,21179,NO JUNK MAIL METAL SIGN,20,2011-08-12 11:48:00,0.39,13069.0,United Kingdom
563155,23326,HANGING MINI COLOURED BOTTLES,12,2011-08-12 11:48:00,0.63,13069.0,United Kingdom
563155,85099B,JUMBO BAG RED RETROSPOT,2,2011-08-12 11:48:00,2.08,13069.0,United Kingdom
563155,20712,JUMBO BAG WOODLAND ANIMALS,2,2011-08-12 11:48:00,2.08,13069.0,United Kingdom
563155,21931,JUMBO STORAGE BAG SUKI,5,2011-08-12 11:48:00,2.08,13069.0,United Kingdom
563160,22803,IVORY EMBROIDERED QUILT ,1,2011-08-12 12:03:00,39.95,,United Kingdom
563161,21208,PASTEL COLOUR HONEYCOMB FAN,12,2011-08-12 12:15:00,0.39,14790.0,United Kingdom
563161,21209,MULTICOLOUR HONEYCOMB FAN,12,2011-08-12 12:15:00,0.39,14790.0,United Kingdom
563161,84927F,PSYCHEDELIC TILE HOOK,12,2011-08-12 12:15:00,0.39,14790.0,United Kingdom
563161,85175,CACTI T-LIGHT CANDLES,32,2011-08-12 12:15:00,0.42,14790.0,United Kingdom
563161,22383,LUNCH BAG SUKI DESIGN ,10,2011-08-12 12:15:00,1.65,14790.0,United Kingdom
563161,22355,CHARLOTTE BAG SUKI DESIGN,10,2011-08-12 12:15:00,0.85,14790.0,United Kingdom
563161,20727,LUNCH BAG  BLACK SKULL.,10,2011-08-12 12:15:00,1.65,14790.0,United Kingdom
563161,20981,12 PENCILS TALL TUBE WOODLAND,12,2011-08-12 12:15:00,0.85,14790.0,United Kingdom
563161,20719,WOODLAND CHARLOTTE BAG,10,2011-08-12 12:15:00,0.85,14790.0,United Kingdom
563161,20726,LUNCH BAG WOODLAND,10,2011-08-12 12:15:00,1.65,14790.0,United Kingdom
563161,20725,LUNCH BAG RED RETROSPOT,10,2011-08-12 12:15:00,1.65,14790.0,United Kingdom
563161,20983,12 PENCILS TALL TUBE RED RETROSPOT,12,2011-08-12 12:15:00,0.85,14790.0,United Kingdom
563161,21731,RED TOADSTOOL LED NIGHT LIGHT,12,2011-08-12 12:15:00,1.65,14790.0,United Kingdom
563161,21311,SET/4 BIRD MIRROR MAGNETS ,24,2011-08-12 12:15:00,0.29,14790.0,United Kingdom
563161,85170D,SET/6 PINK BIRD T-LIGHT CANDLES,6,2011-08-12 12:15:00,2.1,14790.0,United Kingdom
563161,85170C,SET/6 EAU DE NIL BIRD T-LIGHTS,6,2011-08-12 12:15:00,2.1,14790.0,United Kingdom
563161,22098,BOUDOIR SQUARE TISSUE BOX,36,2011-08-12 12:15:00,0.39,14790.0,United Kingdom
563161,22252,BIRDCAGE DECORATION TEALIGHT HOLDER,12,2011-08-12 12:15:00,1.25,14790.0,United Kingdom
563162,22684,FRENCH BLUE METAL DOOR SIGN 9,20,2011-08-12 12:15:00,1.25,16013.0,United Kingdom
563162,22683,FRENCH BLUE METAL DOOR SIGN 8,20,2011-08-12 12:15:00,1.25,16013.0,United Kingdom
563162,22682,FRENCH BLUE METAL DOOR SIGN 7,20,2011-08-12 12:15:00,1.25,16013.0,United Kingdom
563162,22681,FRENCH BLUE METAL DOOR SIGN 6,20,2011-08-12 12:15:00,1.25,16013.0,United Kingdom
563162,22680,FRENCH BLUE METAL DOOR SIGN 5,20,2011-08-12 12:15:00,1.25,16013.0,United Kingdom
563162,22679,FRENCH BLUE METAL DOOR SIGN 4,20,2011-08-12 12:15:00,1.25,16013.0,United Kingdom
563162,22678,FRENCH BLUE METAL DOOR SIGN 3,20,2011-08-12 12:15:00,1.25,16013.0,United Kingdom
563162,22677,FRENCH BLUE METAL DOOR SIGN 2,20,2011-08-12 12:15:00,1.25,16013.0,United Kingdom
563162,22676,FRENCH BLUE METAL DOOR SIGN 1,20,2011-08-12 12:15:00,1.25,16013.0,United Kingdom
563162,22685,FRENCH BLUE METAL DOOR SIGN 0,10,2011-08-12 12:15:00,1.25,16013.0,United Kingdom
563162,22686,FRENCH BLUE METAL DOOR SIGN No,96,2011-08-12 12:15:00,1.06,16013.0,United Kingdom
563163,22811,SET OF 6 T-LIGHTS CACTI ,96,2011-08-12 12:16:00,2.55,16013.0,United Kingdom
563163,22197,SMALL POPCORN HOLDER,100,2011-08-12 12:16:00,0.72,16013.0,United Kingdom
563163,71477,COLOUR GLASS. STAR T-LIGHT HOLDER,144,2011-08-12 12:16:00,2.75,16013.0,United Kingdom
563163,79321,CHILLI LIGHTS,72,2011-08-12 12:16:00,4.95,16013.0,United Kingdom
563164,23089,GLASS BON BON JAR,144,2011-08-12 12:18:00,1.45,16013.0,United Kingdom
563164,23132,SMALL IVORY HEART WALL ORGANISER,60,2011-08-12 12:18:00,4.95,16013.0,United Kingdom
563165,22355,CHARLOTTE BAG SUKI DESIGN,100,2011-08-12 12:36:00,0.72,14646.0,Netherlands
563165,23345, DOLLY GIRL BEAKER,200,2011-08-12 12:36:00,1.08,14646.0,Netherlands
563165,23346,SPACEBOY BEAKER,200,2011-08-12 12:36:00,1.08,14646.0,Netherlands
563165,23326,HANGING MINI COLOURED BOTTLES,192,2011-08-12 12:36:00,0.55,14646.0,Netherlands
563165,20723,STRAWBERRY CHARLOTTE BAG,100,2011-08-12 12:36:00,0.72,14646.0,Netherlands
563165,22356,CHARLOTTE BAG PINK POLKADOT,100,2011-08-12 12:36:00,0.72,14646.0,Netherlands
563165,22661,CHARLOTTE BAG DOLLY GIRL DESIGN,100,2011-08-12 12:36:00,0.72,14646.0,Netherlands
563166,84029G,KNITTED UNION FLAG HOT WATER BOTTLE,24,2011-08-12 12:37:00,3.39,18092.0,United Kingdom
563166,15036,ASSORTED COLOURS SILK FAN,96,2011-08-12 12:37:00,0.83,18092.0,United Kingdom
563166,22423,REGENCY CAKESTAND 3 TIER,16,2011-08-12 12:37:00,10.95,18092.0,United Kingdom
563166,22697,GREEN REGENCY TEACUP AND SAUCER,24,2011-08-12 12:37:00,2.55,18092.0,United Kingdom
563166,22699,ROSES REGENCY TEACUP AND SAUCER ,24,2011-08-12 12:37:00,2.55,18092.0,United Kingdom
563166,23173,REGENCY TEAPOT ROSES ,6,2011-08-12 12:37:00,9.95,18092.0,United Kingdom
563166,23174,REGENCY SUGAR BOWL GREEN,4,2011-08-12 12:37:00,4.15,18092.0,United Kingdom
563166,23245,SET OF 3 REGENCY CAKE TINS,8,2011-08-12 12:37:00,4.95,18092.0,United Kingdom
563166,22309,TEA COSY RED  STRIPE,6,2011-08-12 12:37:00,2.55,18092.0,United Kingdom
563166,23162,REGENCY TEA STRAINER,16,2011-08-12 12:37:00,3.75,18092.0,United Kingdom
563166,23170,REGENCY TEA PLATE ROSES ,24,2011-08-12 12:37:00,1.65,18092.0,United Kingdom
563166,22112,CHOCOLATE HOT WATER BOTTLE,24,2011-08-12 12:37:00,4.25,18092.0,United Kingdom
563166,79000,MOROCCAN TEA GLASS,600,2011-08-12 12:37:00,0.65,18092.0,United Kingdom
563167,15039,SANDALWOOD FAN,10,2011-08-12 12:37:00,0.85,14696.0,United Kingdom
563167,81952V,ROUND PURPLE CLOCK WITH SUCKER,10,2011-08-12 12:37:00,0.19,14696.0,United Kingdom
563167,21238,RED RETROSPOT CUP,8,2011-08-12 12:37:00,0.85,14696.0,United Kingdom
563167,21208,PASTEL COLOUR HONEYCOMB FAN,12,2011-08-12 12:37:00,0.39,14696.0,United Kingdom
563167,21179,NO JUNK MAIL METAL SIGN,24,2011-08-12 12:37:00,0.39,14696.0,United Kingdom
563167,23326,HANGING MINI COLOURED BOTTLES,48,2011-08-12 12:37:00,0.63,14696.0,United Kingdom
563167,21261,GREEN GOOSE FEATHER CHRISTMAS TREE ,6,2011-08-12 12:37:00,2.95,14696.0,United Kingdom
563167,21561,DINOSAUR LUNCH BOX WITH CUTLERY,6,2011-08-12 12:37:00,2.55,14696.0,United Kingdom
563167,21794,CLASSIC FRENCH STYLE BASKET NATURAL,8,2011-08-12 12:37:00,3.95,14696.0,United Kingdom
563167,85032B,BLOSSOM IMAGES GIFT WRAP SET,12,2011-08-12 12:37:00,0.65,14696.0,United Kingdom
563167,85099C,JUMBO  BAG BAROQUE BLACK WHITE,10,2011-08-12 12:37:00,2.08,14696.0,United Kingdom
563167,47503A,ASS FLORAL PRINT MULTI SCREWDRIVER,24,2011-08-12 12:37:00,0.42,14696.0,United Kingdom
563167,35817P,PINK ACRYLIC JEWEL SNOWFLAKE,12,2011-08-12 12:37:00,0.38,14696.0,United Kingdom
563167,35816P,"ACRYLIC JEWEL ANGEL,PINK",48,2011-08-12 12:37:00,0.38,14696.0,United Kingdom
563167,21790,VINTAGE SNAP CARDS,12,2011-08-12 12:37:00,0.85,14696.0,United Kingdom
563167,21559,STRAWBERRY LUNCH BOX WITH CUTLERY,6,2011-08-12 12:37:00,2.55,14696.0,United Kingdom
563167,21558,SKULL LUNCH BOX WITH CUTLERY ,6,2011-08-12 12:37:00,2.55,14696.0,United Kingdom
563167,21096,SET/6 FRUIT SALAD  PAPER PLATES,12,2011-08-12 12:37:00,0.39,14696.0,United Kingdom
563167,21088,SET/6 FRUIT SALAD PAPER CUPS,24,2011-08-12 12:37:00,0.19,14696.0,United Kingdom
563167,84375,SET OF 20 KIDS COOKIE CUTTERS,12,2011-08-12 12:37:00,2.1,14696.0,United Kingdom
563167,21078,SET/20 STRAWBERRY PAPER NAPKINS ,12,2011-08-12 12:37:00,0.85,14696.0,United Kingdom
563167,21080,SET/20 RED RETROSPOT PAPER NAPKINS ,12,2011-08-12 12:37:00,0.85,14696.0,United Kingdom
563167,22461,SAVOY ART DECO CLOCK,1,2011-08-12 12:37:00,3.95,14696.0,United Kingdom
563168,22666,RECIPE BOX PANTRY YELLOW DESIGN,6,2011-08-12 12:41:00,2.95,16045.0,United Kingdom
563168,22720,SET OF 3 CAKE TINS PANTRY DESIGN ,3,2011-08-12 12:41:00,4.95,16045.0,United Kingdom
563168,22960,JAM MAKING SET WITH JARS,12,2011-08-12 12:41:00,3.75,16045.0,United Kingdom
563168,22993,SET OF 4 PANTRY JELLY MOULDS,12,2011-08-12 12:41:00,1.25,16045.0,United Kingdom
563168,23243,SET OF TEA COFFEE SUGAR TINS PANTRY,4,2011-08-12 12:41:00,4.95,16045.0,United Kingdom
563168,22625,RED KITCHEN SCALES,2,2011-08-12 12:41:00,8.5,16045.0,United Kingdom
563168,21499,BLUE POLKADOT WRAP,25,2011-08-12 12:41:00,0.42,16045.0,United Kingdom
563168,23547,WRAP FLOWER SHOP  ,25,2011-08-12 12:41:00,0.42,16045.0,United Kingdom
563168,22985,WRAP BILLBOARD FONTS DESIGN,25,2011-08-12 12:41:00,0.42,16045.0,United Kingdom
563168,23545,WRAP RED VINTAGE DOILY,25,2011-08-12 12:41:00,0.42,16045.0,United Kingdom
563168,21498,RED RETROSPOT WRAP ,25,2011-08-12 12:41:00,0.42,16045.0,United Kingdom
563168,23550,WRAP ALPHABET POSTER  ,25,2011-08-12 12:41:00,0.42,16045.0,United Kingdom
563168,22090,PAPER BUNTING RETROSPOT,6,2011-08-12 12:41:00,2.95,16045.0,United Kingdom
563169,85123A,WHITE HANGING HEART T-LIGHT HOLDER,12,2011-08-12 12:42:00,2.95,14911.0,EIRE
563169,22197,POPCORN HOLDER,48,2011-08-12 12:42:00,0.85,14911.0,EIRE
563169,21523,DOORMAT FANCY FONT HOME SWEET HOME,2,2011-08-12 12:42:00,7.95,14911.0,EIRE
563169,48188,DOORMAT WELCOME PUPPIES,2,2011-08-12 12:42:00,7.95,14911.0,EIRE
563169,23208,LUNCH BAG VINTAGE LEAF DESIGN,20,2011-08-12 12:42:00,1.65,14911.0,EIRE
563169,23207,LUNCH BAG ALPHABET DESIGN,10,2011-08-12 12:42:00,1.65,14911.0,EIRE
563169,23209,LUNCH BAG VINTAGE DOILY ,20,2011-08-12 12:42:00,1.65,14911.0,EIRE
563169,20751,FUNKY WASHING UP GLOVES ASSORTED,24,2011-08-12 12:42:00,2.1,14911.0,EIRE
563169,22993,SET OF 4 PANTRY JELLY MOULDS,12,2011-08-12 12:42:00,1.25,14911.0,EIRE
563169,21467,CHERRY CROCHET FOOD COVER,6,2011-08-12 12:42:00,3.75,14911.0,EIRE
563169,23201,JUMBO BAG ALPHABET,10,2011-08-12 12:42:00,2.08,14911.0,EIRE
563169,48187,DOORMAT NEW ENGLAND,2,2011-08-12 12:42:00,7.95,14911.0,EIRE
563169,21754,HOME BUILDING BLOCK WORD,3,2011-08-12 12:42:00,5.95,14911.0,EIRE
563169,22279,POCKET BAG BLUE PAISLEY RED SPOT,12,2011-08-12 12:42:00,1.25,14911.0,EIRE
563169,20726,LUNCH BAG WOODLAND,10,2011-08-12 12:42:00,1.65,14911.0,EIRE
563169,23202,JUMBO BAG VINTAGE LEAF,20,2011-08-12 12:42:00,2.08,14911.0,EIRE
563169,23203,JUMBO BAG VINTAGE DOILY ,20,2011-08-12 12:42:00,2.08,14911.0,EIRE
563169,22381,TOY TIDY PINK POLKADOT,5,2011-08-12 12:42:00,2.1,14911.0,EIRE
563169,22380,TOY TIDY SPACEBOY  ,5,2011-08-12 12:42:00,2.1,14911.0,EIRE
563169,23245,SET OF 3 REGENCY CAKE TINS,4,2011-08-12 12:42:00,4.95,14911.0,EIRE
563169,23296,SET OF 6 TEA TIME BAKING CASES,16,2011-08-12 12:42:00,1.25,14911.0,EIRE
563169,23294,SET OF 6 SNACK LOAF BAKING CASES,16,2011-08-12 12:42:00,0.83,14911.0,EIRE
563169,23297,SET 40 HEART SHAPE PETIT FOUR CASES,16,2011-08-12 12:42:00,1.65,14911.0,EIRE
563169,23308,SET OF 60 VINTAGE LEAF CAKE CASES ,48,2011-08-12 12:42:00,0.55,14911.0,EIRE
563169,23306,SET OF 36 DOILIES PANTRY DESIGN,12,2011-08-12 12:42:00,1.45,14911.0,EIRE
563169,84509B,SET OF 4 FAIRY CAKE PLACEMATS,4,2011-08-12 12:42:00,3.75,14911.0,EIRE
563169,22697,GREEN REGENCY TEACUP AND SAUCER,6,2011-08-12 12:42:00,2.95,14911.0,EIRE
563169,22698,PINK REGENCY TEACUP AND SAUCER,6,2011-08-12 12:42:00,2.95,14911.0,EIRE
563169,22699,ROSES REGENCY TEACUP AND SAUCER ,12,2011-08-12 12:42:00,2.95,14911.0,EIRE
563169,22907,PACK OF 20 NAPKINS PANTRY DESIGN,12,2011-08-12 12:42:00,0.85,14911.0,EIRE
563169,22966,GINGERBREAD MAN COOKIE CUTTER,12,2011-08-12 12:42:00,1.25,14911.0,EIRE
563169,23243,SET OF TEA COFFEE SUGAR TINS PANTRY,4,2011-08-12 12:42:00,4.95,14911.0,EIRE
563169,23307,SET OF 60 PANTRY DESIGN CAKE CASES ,48,2011-08-12 12:42:00,0.55,14911.0,EIRE
563169,23293,SET OF 12 FAIRY CAKE BAKING CASES,8,2011-08-12 12:42:00,0.83,14911.0,EIRE
563169,21212,PACK OF 72 RETROSPOT CAKE CASES,24,2011-08-12 12:42:00,0.55,14911.0,EIRE
563170,23298,SPOTTY BUNTING,3,2011-08-12 12:44:00,4.95,18237.0,United Kingdom
563170,82483,WOOD 2 DRAWER CABINET WHITE FINISH,2,2011-08-12 12:44:00,6.95,18237.0,United Kingdom
563170,23035,DRAWER KNOB CERAMIC IVORY,24,2011-08-12 12:44:00,1.45,18237.0,United Kingdom
563170,22773,GREEN DRAWER KNOB ACRYLIC EDWARDIAN,12,2011-08-12 12:44:00,1.25,18237.0,United Kingdom
563170,23031,DRAWER KNOB CRACKLE GLAZE PINK,6,2011-08-12 12:44:00,1.65,18237.0,United Kingdom
563170,23028,DRAWER KNOB CRACKLE GLAZE BLUE,6,2011-08-12 12:44:00,1.65,18237.0,United Kingdom
563170,23029,DRAWER KNOB CRACKLE GLAZE GREEN,6,2011-08-12 12:44:00,1.65,18237.0,United Kingdom
563170,84976,RECTANGULAR SHAPED MIRROR,12,2011-08-12 12:44:00,0.79,18237.0,United Kingdom
563170,23315,IVORY REFECTORY CLOCK,2,2011-08-12 12:44:00,9.95,18237.0,United Kingdom
563170,23317,BLUE REFECTORY CLOCK ,2,2011-08-12 12:44:00,9.95,18237.0,United Kingdom
563170,22595,GINGHAM HEART DECORATION,12,2011-08-12 12:44:00,0.85,18237.0,United Kingdom
563170,23331,DECORATIVE WICKER HEART SMALL,48,2011-08-12 12:44:00,0.63,18237.0,United Kingdom
563170,23334,IVORY WICKER HEART SMALL,48,2011-08-12 12:44:00,0.63,18237.0,United Kingdom
563170,84836,ZINC METAL HEART DECORATION,12,2011-08-12 12:44:00,1.25,18237.0,United Kingdom
563171,23228,FILIGREE HEART BIRD WHITE ,24,2011-08-12 12:46:00,1.25,16317.0,United Kingdom
563171,71459,HANGING JAM JAR T-LIGHT HOLDER,96,2011-08-12 12:46:00,0.72,16317.0,United Kingdom
563171,22090,PAPER BUNTING RETROSPOT,6,2011-08-12 12:46:00,2.95,16317.0,United Kingdom
563171,22727,ALARM CLOCK BAKELIKE RED ,4,2011-08-12 12:46:00,3.75,16317.0,United Kingdom
563171,22898,CHILDRENS APRON APPLES DESIGN,8,2011-08-12 12:46:00,1.95,16317.0,United Kingdom
563171,22894,TABLECLOTH RED APPLES DESIGN ,4,2011-08-12 12:46:00,9.95,16317.0,United Kingdom
563171,22896,PEG BAG APPLES DESIGN,6,2011-08-12 12:46:00,2.55,16317.0,United Kingdom
563171,22895,SET OF 2 TEA TOWELS APPLE AND PEARS,6,2011-08-12 12:46:00,3.25,16317.0,United Kingdom
563171,16161P,WRAP ENGLISH ROSE ,25,2011-08-12 12:46:00,0.42,16317.0,United Kingdom
563171,84380,SET OF 3 BUTTERFLY COOKIE CUTTERS,12,2011-08-12 12:46:00,1.25,16317.0,United Kingdom
563171,23121,PACK OF 6 COCKTAIL PARASOL STRAWS,24,2011-08-12 12:46:00,0.42,16317.0,United Kingdom
563171,15036,ASSORTED COLOURS SILK FAN,12,2011-08-12 12:46:00,0.83,16317.0,United Kingdom
563171,23204,CHARLOTTE BAG APPLES DESIGN,10,2011-08-12 12:46:00,0.85,16317.0,United Kingdom
563171,23306,SET OF 36 DOILIES PANTRY DESIGN,12,2011-08-12 12:46:00,1.45,16317.0,United Kingdom
563171,22138,BAKING SET 9 PIECE RETROSPOT ,3,2011-08-12 12:46:00,4.95,16317.0,United Kingdom
563172,23297,SET 40 HEART SHAPE PETIT FOUR CASES,16,2011-08-12 13:15:00,1.65,12399.0,Belgium
563172,23293,SET OF 12 FAIRY CAKE BAKING CASES,16,2011-08-12 13:15:00,0.83,12399.0,Belgium
563172,23295,SET OF 12 MINI LOAF BAKING CASES,16,2011-08-12 13:15:00,0.83,12399.0,Belgium
563172,23353,6 GIFT TAGS VINTAGE CHRISTMAS ,12,2011-08-12 13:15:00,0.83,12399.0,Belgium
563172,22544,MINI JIGSAW SPACEBOY,24,2011-08-12 13:15:00,0.42,12399.0,Belgium
563172,20725,LUNCH BAG RED RETROSPOT,30,2011-08-12 13:15:00,1.65,12399.0,Belgium
563172,23281,FOLDING BUTTERFLY MIRROR RED  ,12,2011-08-12 13:15:00,0.83,12399.0,Belgium
563172,23282,FOLDING BUTTERFLY MIRROR IVORY ,12,2011-08-12 13:15:00,0.83,12399.0,Belgium
563172,22077,6 RIBBONS RUSTIC CHARM,12,2011-08-12 13:15:00,1.65,12399.0,Belgium
563172,85049E,SCANDINAVIAN REDS RIBBONS,12,2011-08-12 13:15:00,1.25,12399.0,Belgium
563172,21172,PARTY METAL SIGN ,12,2011-08-12 13:15:00,1.45,12399.0,Belgium
563172,POST,POSTAGE,1,2011-08-12 13:15:00,15.0,12399.0,Belgium
563173,22659,LUNCH BOX I LOVE LONDON,320,2011-08-12 13:27:00,1.65,17381.0,United Kingdom
563174,23188,VINTAGE  2 METER FOLDING RULER,12,2011-08-12 13:40:00,1.65,16746.0,United Kingdom
563174,23289,DOLLY GIRL CHILDRENS BOWL,8,2011-08-12 13:40:00,1.25,16746.0,United Kingdom
563174,23291,DOLLY GIRL CHILDRENS CUP,8,2011-08-12 13:40:00,1.25,16746.0,United Kingdom
563174,23345, DOLLY GIRL BEAKER,12,2011-08-12 13:40:00,1.25,16746.0,United Kingdom
563174,22945,CHRISTMAS METAL TAGS ASSORTED ,12,2011-08-12 13:40:00,0.85,16746.0,United Kingdom
563174,22607,WOODEN ROUNDERS GARDEN SET ,2,2011-08-12 13:40:00,9.95,16746.0,United Kingdom
563174,23209,LUNCH BAG VINTAGE DOILY ,10,2011-08-12 13:40:00,1.65,16746.0,United Kingdom
563174,22383,LUNCH BAG SUKI DESIGN ,10,2011-08-12 13:40:00,1.65,16746.0,United Kingdom
563174,23245,SET OF 3 REGENCY CAKE TINS,4,2011-08-12 13:40:00,4.95,16746.0,United Kingdom
563174,22755,SMALL PURPLE BABUSHKA NOTEBOOK ,12,2011-08-12 13:40:00,0.85,16746.0,United Kingdom
563174,22939,ADULT APRON APPLE DELIGHT,4,2011-08-12 13:40:00,4.95,16746.0,United Kingdom
563174,20723,STRAWBERRY CHARLOTTE BAG,10,2011-08-12 13:40:00,0.85,16746.0,United Kingdom
563174,22355,CHARLOTTE BAG SUKI DESIGN,10,2011-08-12 13:40:00,0.85,16746.0,United Kingdom
563174,20719,WOODLAND CHARLOTTE BAG,10,2011-08-12 13:40:00,0.85,16746.0,United Kingdom
563174,22621,TRADITIONAL KNITTING NANCY,12,2011-08-12 13:40:00,1.65,16746.0,United Kingdom
563174,22662,LUNCH BAG DOLLY GIRL DESIGN,10,2011-08-12 13:40:00,1.65,16746.0,United Kingdom
563174,22779,WOODEN OWLS LIGHT GARLAND ,4,2011-08-12 13:40:00,4.25,16746.0,United Kingdom
563174,22780,LIGHT GARLAND BUTTERFILES PINK,4,2011-08-12 13:40:00,4.25,16746.0,United Kingdom
563174,23108,SET OF 10 LED DOLLY LIGHTS,2,2011-08-12 13:40:00,6.25,16746.0,United Kingdom
563174,23053,RECYCLED ACAPULCO MAT PINK,2,2011-08-12 13:40:00,8.25,16746.0,United Kingdom
563174,22900,SET 2 TEA TOWELS I LOVE LONDON ,6,2011-08-12 13:40:00,3.25,16746.0,United Kingdom
563174,20728,LUNCH BAG CARS BLUE,10,2011-08-12 13:40:00,1.65,16746.0,United Kingdom
563174,23204,CHARLOTTE BAG APPLES DESIGN,10,2011-08-12 13:40:00,0.85,16746.0,United Kingdom
563175,23286,BLUE VINTAGE SPOT BEAKER,36,2011-08-12 14:02:00,0.85,14855.0,United Kingdom
563175,23287,RED VINTAGE SPOT BEAKER,36,2011-08-12 14:02:00,0.85,14855.0,United Kingdom
563175,23288,GREEN VINTAGE SPOT BEAKER,36,2011-08-12 14:02:00,0.85,14855.0,United Kingdom
563175,23054,RECYCLED ACAPULCO MAT LAVENDER,6,2011-08-12 14:02:00,8.25,14855.0,United Kingdom
563175,23052,RECYCLED ACAPULCO MAT TURQUOISE,6,2011-08-12 14:02:00,8.25,14855.0,United Kingdom
563175,23051,RECYCLED ACAPULCO MAT BLUE,6,2011-08-12 14:02:00,8.25,14855.0,United Kingdom
563175,23050,RECYCLED ACAPULCO MAT GREEN,6,2011-08-12 14:02:00,8.25,14855.0,United Kingdom
563175,23049,RECYCLED ACAPULCO MAT RED,6,2011-08-12 14:02:00,8.25,14855.0,United Kingdom
563176,22076,6 RIBBONS EMPIRE  ,10,2011-08-12 14:02:00,1.65,17293.0,United Kingdom
563176,85049A,TRADITIONAL CHRISTMAS RIBBONS,10,2011-08-12 14:02:00,1.25,17293.0,United Kingdom
563176,22075,6 RIBBONS ELEGANT CHRISTMAS ,10,2011-08-12 14:02:00,1.65,17293.0,United Kingdom
563176,22377,BOTTLE BAG RETROSPOT ,3,2011-08-12 14:02:00,2.1,17293.0,United Kingdom
563176,23083,SET 6 PAPER TABLE LANTERN STARS ,1,2011-08-12 14:02:00,3.75,17293.0,United Kingdom
563176,23082,SET 6 PAPER TABLE LANTERN HEARTS ,3,2011-08-12 14:02:00,3.75,17293.0,United Kingdom
563176,23090,VINTAGE GLASS T-LIGHT HOLDER,12,2011-08-12 14:02:00,0.83,17293.0,United Kingdom
563176,85107,CUT GLASS T-LIGHT HOLDER OCTAGON,1,2011-08-12 14:02:00,2.55,17293.0,United Kingdom
563176,85106,CUT GLASS HEXAGON T-LIGHT HOLDER,1,2011-08-12 14:02:00,2.55,17293.0,United Kingdom
563176,84947,ANTIQUE SILVER TEA GLASS ENGRAVED,12,2011-08-12 14:02:00,1.25,17293.0,United Kingdom
563177,22929,SCHOOL DESK AND CHAIR ,1,2011-08-12 14:03:00,65.0,17293.0,United Kingdom
563178,23025,DRAWER KNOB VINTAGE GLASS BALL,12,2011-08-12 14:12:00,2.08,16011.0,United Kingdom
563178,23028,DRAWER KNOB CRACKLE GLAZE BLUE,6,2011-08-12 14:12:00,1.65,16011.0,United Kingdom
563178,23029,DRAWER KNOB CRACKLE GLAZE GREEN,6,2011-08-12 14:12:00,1.65,16011.0,United Kingdom
563178,23031,DRAWER KNOB CRACKLE GLAZE PINK,6,2011-08-12 14:12:00,1.65,16011.0,United Kingdom
563178,23032,DRAWER KNOB CRACKLE GLAZE IVORY,6,2011-08-12 14:12:00,1.65,16011.0,United Kingdom
563178,23033,DRAWER KNOB CERAMIC RED,6,2011-08-12 14:12:00,1.45,16011.0,United Kingdom
563178,23035,DRAWER KNOB CERAMIC IVORY,6,2011-08-12 14:12:00,1.45,16011.0,United Kingdom
563178,23034,DRAWER KNOB CERAMIC BLACK,6,2011-08-12 14:12:00,1.45,16011.0,United Kingdom
563178,22805,BLUE DRAWER KNOB ACRYLIC EDWARDIAN,12,2011-08-12 14:12:00,1.25,16011.0,United Kingdom
563178,22775,PURPLE DRAWERKNOB ACRYLIC EDWARDIAN,12,2011-08-12 14:12:00,1.25,16011.0,United Kingdom
563178,22774,RED DRAWER KNOB ACRYLIC EDWARDIAN,12,2011-08-12 14:12:00,1.25,16011.0,United Kingdom
563178,22467,GUMBALL COAT RACK,6,2011-08-12 14:12:00,2.55,16011.0,United Kingdom
563178,23075,PARLOUR CERAMIC WALL HOOK,4,2011-08-12 14:12:00,4.15,16011.0,United Kingdom
563178,22456,NATURAL SLATE CHALKBOARD LARGE ,3,2011-08-12 14:12:00,4.95,16011.0,United Kingdom
563178,82484,WOOD BLACK BOARD ANT WHITE FINISH,2,2011-08-12 14:12:00,7.95,16011.0,United Kingdom
563178,21917,SET 12 KIDS  WHITE CHALK STICKS,24,2011-08-12 14:12:00,0.42,16011.0,United Kingdom
563179,23268,SET OF 2 CERAMIC CHRISTMAS REINDEER,12,2011-08-12 14:19:00,1.45,12431.0,Australia
563179,23344,JUMBO BAG 50'S CHRISTMAS ,10,2011-08-12 14:19:00,2.08,12431.0,Australia
563179,21164,HOME SWEET HOME METAL SIGN ,6,2011-08-12 14:19:00,2.95,12431.0,Australia
563179,21731,RED TOADSTOOL LED NIGHT LIGHT,288,2011-08-12 14:19:00,1.45,12431.0,Australia
563179,23158,SET OF 5 LUCKY CAT MAGNETS ,12,2011-08-12 14:19:00,2.08,12431.0,Australia
563179,22090,PAPER BUNTING RETROSPOT,12,2011-08-12 14:19:00,2.95,12431.0,Australia
563179,20725,LUNCH BAG RED RETROSPOT,10,2011-08-12 14:19:00,1.65,12431.0,Australia
563179,22383,LUNCH BAG SUKI DESIGN ,10,2011-08-12 14:19:00,1.65,12431.0,Australia
563179,35004G,SET OF 3 GOLD FLYING DUCKS,4,2011-08-12 14:19:00,6.35,12431.0,Australia
563179,20726,LUNCH BAG WOODLAND,10,2011-08-12 14:19:00,1.65,12431.0,Australia
563180,84978,HANGING HEART JAR T-LIGHT HOLDER,12,2011-08-12 14:25:00,1.25,16209.0,United Kingdom
563180,22178,VICTORIAN GLASS HANGING T-LIGHT,12,2011-08-12 14:25:00,1.25,16209.0,United Kingdom
563180,22498,WOODEN REGATTA BUNTING,6,2011-08-12 14:25:00,5.95,16209.0,United Kingdom
563180,75049L,LARGE CIRCULAR MIRROR MOBILE,24,2011-08-12 14:25:00,1.25,16209.0,United Kingdom
563180,44234,ASSORTED CIRCULAR MOBILE,48,2011-08-12 14:25:00,0.21,16209.0,United Kingdom
563180,44235,ASSORTED COLOURED CIRCLE MOBILE ,24,2011-08-12 14:25:00,0.42,16209.0,United Kingdom
563180,22464,HANGING METAL HEART LANTERN,12,2011-08-12 14:25:00,1.65,16209.0,United Kingdom
563180,22224,WHITE LOVEBIRD LANTERN,6,2011-08-12 14:25:00,2.95,16209.0,United Kingdom
563180,22465,HANGING METAL STAR LANTERN,12,2011-08-12 14:25:00,1.65,16209.0,United Kingdom
563180,71053,WHITE METAL LANTERN,8,2011-08-12 14:25:00,3.75,16209.0,United Kingdom
563180,47504K,ENGLISH ROSE GARDEN SECATEURS,12,2011-08-12 14:25:00,0.79,16209.0,United Kingdom
563181,23110,PARISIENNE KEY CABINET ,2,2011-08-12 14:32:00,5.75,16612.0,United Kingdom
563181,22112,CHOCOLATE HOT WATER BOTTLE,4,2011-08-12 14:32:00,4.95,16612.0,United Kingdom
563181,22111,SCOTTIE DOG HOT WATER BOTTLE,4,2011-08-12 14:32:00,4.95,16612.0,United Kingdom
563181,85123A,WHITE HANGING HEART T-LIGHT HOLDER,6,2011-08-12 14:32:00,2.95,16612.0,United Kingdom
563181,20717,STRAWBERRY SHOPPER BAG,10,2011-08-12 14:32:00,1.25,16612.0,United Kingdom
563181,23199,JUMBO BAG APPLES,10,2011-08-12 14:32:00,2.08,16612.0,United Kingdom
563181,22470,HEART OF WICKER LARGE,6,2011-08-12 14:32:00,2.95,16612.0,United Kingdom
563181,22411,JUMBO SHOPPER VINTAGE RED PAISLEY,10,2011-08-12 14:32:00,2.08,16612.0,United Kingdom
563181,21931,JUMBO STORAGE BAG SUKI,10,2011-08-12 14:32:00,2.08,16612.0,United Kingdom
563182,23329,DECORATIVE WICKER HEART LARGE,12,2011-08-12 14:33:00,1.65,17122.0,United Kingdom
563182,23332,IVORY WICKER HEART LARGE,12,2011-08-12 14:33:00,1.65,17122.0,United Kingdom
563182,23061,VINTAGE EMBOSSED HEART,24,2011-08-12 14:33:00,1.25,17122.0,United Kingdom
563182,22469,HEART OF WICKER SMALL,12,2011-08-12 14:33:00,1.65,17122.0,United Kingdom
563182,23322,LARGE WHITE HEART OF WICKER,6,2011-08-12 14:33:00,2.95,17122.0,United Kingdom
563182,84879,ASSORTED COLOUR BIRD ORNAMENT,8,2011-08-12 14:33:00,1.69,17122.0,United Kingdom
563182,22470,HEART OF WICKER LARGE,6,2011-08-12 14:33:00,2.95,17122.0,United Kingdom
563183,21175,GIN + TONIC DIET METAL SIGN,48,2011-08-12 14:47:00,2.08,14110.0,United Kingdom
563183,21907,I'M ON HOLIDAY METAL SIGN,12,2011-08-12 14:47:00,2.1,14110.0,United Kingdom
563183,21137,BLACK RECORD COVER FRAME,48,2011-08-12 14:47:00,3.39,14110.0,United Kingdom
563183,22041,"RECORD FRAME 7"" SINGLE SIZE ",48,2011-08-12 14:47:00,2.1,14110.0,United Kingdom
563183,82582,AREA PATROLLED METAL SIGN,12,2011-08-12 14:47:00,2.1,14110.0,United Kingdom
563183,82600,NO SINGING METAL SIGN,48,2011-08-12 14:47:00,1.85,14110.0,United Kingdom
563183,20713,JUMBO BAG OWLS,10,2011-08-12 14:47:00,2.08,14110.0,United Kingdom
563183,23201,JUMBO BAG ALPHABET,10,2011-08-12 14:47:00,2.08,14110.0,United Kingdom
563183,22356,CHARLOTTE BAG PINK POLKADOT,10,2011-08-12 14:47:00,0.85,14110.0,United Kingdom
563183,23204,CHARLOTTE BAG APPLES DESIGN,10,2011-08-12 14:47:00,0.85,14110.0,United Kingdom
563183,20726,LUNCH BAG WOODLAND,10,2011-08-12 14:47:00,1.65,14110.0,United Kingdom
563183,23206,LUNCH BAG APPLE DESIGN,10,2011-08-12 14:47:00,1.65,14110.0,United Kingdom
563183,23207,LUNCH BAG ALPHABET DESIGN,10,2011-08-12 14:47:00,1.65,14110.0,United Kingdom
563183,23182,TOILET SIGN OCCUPIED OR VACANT,24,2011-08-12 14:47:00,0.83,14110.0,United Kingdom
563183,22670,FRENCH WC SIGN BLUE METAL,12,2011-08-12 14:47:00,1.25,14110.0,United Kingdom
563183,82552,WASHROOM METAL SIGN,12,2011-08-12 14:47:00,1.45,14110.0,United Kingdom
563183,82581,TOILET METAL SIGN,12,2011-08-12 14:47:00,0.55,14110.0,United Kingdom
563183,22674,FRENCH TOILET SIGN BLUE METAL,12,2011-08-12 14:47:00,1.25,14110.0,United Kingdom
563183,22413,METAL SIGN TAKE IT OR LEAVE IT ,48,2011-08-12 14:47:00,2.55,14110.0,United Kingdom
563183,22673,FRENCH GARDEN SIGN BLUE METAL,12,2011-08-12 14:47:00,1.25,14110.0,United Kingdom
563183,22675,FRENCH KITCHEN SIGN BLUE METAL,12,2011-08-12 14:47:00,1.25,14110.0,United Kingdom
563183,82578,KITCHEN METAL SIGN,12,2011-08-12 14:47:00,0.55,14110.0,United Kingdom
563183,82551,LAUNDRY 15C METAL SIGN,12,2011-08-12 14:47:00,1.45,14110.0,United Kingdom
563184,20981,12 PENCILS TALL TUBE WOODLAND,2,2011-08-12 14:50:00,0.85,17516.0,United Kingdom
563184,20983,12 PENCILS TALL TUBE RED RETROSPOT,2,2011-08-12 14:50:00,0.85,17516.0,United Kingdom
563184,20982,12 PENCILS TALL TUBE SKULLS,2,2011-08-12 14:50:00,0.85,17516.0,United Kingdom
563184,20984,12 PENCILS TALL TUBE POSY,2,2011-08-12 14:50:00,0.29,17516.0,United Kingdom
563184,85123A,WHITE HANGING HEART T-LIGHT HOLDER,4,2011-08-12 14:50:00,2.95,17516.0,United Kingdom
563184,20727,LUNCH BAG  BLACK SKULL.,2,2011-08-12 14:50:00,1.65,17516.0,United Kingdom
563184,23209,LUNCH BAG VINTAGE DOILY ,4,2011-08-12 14:50:00,1.65,17516.0,United Kingdom
563184,20726,LUNCH BAG WOODLAND,2,2011-08-12 14:50:00,1.65,17516.0,United Kingdom
563184,22384,LUNCH BAG PINK POLKADOT,2,2011-08-12 14:50:00,1.65,17516.0,United Kingdom
563184,22662,LUNCH BAG DOLLY GIRL DESIGN,2,2011-08-12 14:50:00,1.65,17516.0,United Kingdom
563184,23093,SMALL PARISIENNE HEART PHOTO FRAME ,4,2011-08-12 14:50:00,2.49,17516.0,United Kingdom
563184,22720,SET OF 3 CAKE TINS PANTRY DESIGN ,2,2011-08-12 14:50:00,4.95,17516.0,United Kingdom
563184,23110,PARISIENNE KEY CABINET ,3,2011-08-12 14:50:00,5.75,17516.0,United Kingdom
563184,84522,PINK PARTY SUNGLASSES,1,2011-08-12 14:50:00,1.95,17516.0,United Kingdom
563184,22961,JAM MAKING SET PRINTED,3,2011-08-12 14:50:00,1.45,17516.0,United Kingdom
563184,22303,COFFEE MUG APPLES DESIGN,2,2011-08-12 14:50:00,2.55,17516.0,United Kingdom
563184,22302,COFFEE MUG PEARS  DESIGN,2,2011-08-12 14:50:00,2.55,17516.0,United Kingdom
563184,22969,HOMEMADE JAM SCENTED CANDLES,12,2011-08-12 14:50:00,1.45,17516.0,United Kingdom
563184,23079,TOADSTOOL BEDSIDE LIGHT ,1,2011-08-12 14:50:00,8.95,17516.0,United Kingdom
563184,22960,JAM MAKING SET WITH JARS,2,2011-08-12 14:50:00,4.25,17516.0,United Kingdom
563184,22063,CERAMIC BOWL WITH STRAWBERRY DESIGN,1,2011-08-12 14:50:00,2.95,17516.0,United Kingdom
563184,37450,CERAMIC CAKE BOWL + HANGING CAKES,1,2011-08-12 14:50:00,2.95,17516.0,United Kingdom
563184,82494L,WOODEN FRAME ANTIQUE WHITE ,4,2011-08-12 14:50:00,2.95,17516.0,United Kingdom
563184,82482,WOODEN PICTURE FRAME WHITE FINISH,4,2011-08-12 14:50:00,2.55,17516.0,United Kingdom
A563185,B,Adjust bad debt,1,2011-08-12 14:50:00,11062.06,,United Kingdom
A563186,B,Adjust bad debt,1,2011-08-12 14:51:00,-11062.06,,United Kingdom
A563187,B,Adjust bad debt,1,2011-08-12 14:52:00,-11062.06,,United Kingdom
563188,79160,HEART SHAPE WIRELESS DOORBELL,48,2011-08-12 15:00:00,1.69,15606.0,United Kingdom
563188,22728,ALARM CLOCK BAKELIKE PINK,12,2011-08-12 15:00:00,3.75,15606.0,United Kingdom
563188,23108,SET OF 10 LED DOLLY LIGHTS,4,2011-08-12 15:00:00,6.25,15606.0,United Kingdom
563188,23321,SMALL WHITE HEART OF WICKER,12,2011-08-12 15:00:00,1.65,15606.0,United Kingdom
563188,23322,LARGE WHITE HEART OF WICKER,6,2011-08-12 15:00:00,2.95,15606.0,United Kingdom
563188,21731,RED TOADSTOOL LED NIGHT LIGHT,12,2011-08-12 15:00:00,1.65,15606.0,United Kingdom
563188,22371,AIRLINE BAG VINTAGE TOKYO 78,12,2011-08-12 15:00:00,3.95,15606.0,United Kingdom
563188,22374,AIRLINE BAG VINTAGE JET SET RED,12,2011-08-12 15:00:00,3.95,15606.0,United Kingdom
563189,23295,SET OF 12 MINI LOAF BAKING CASES,8,2011-08-12 15:22:00,0.83,12682.0,France
563189,23296,SET OF 6 TEA TIME BAKING CASES,8,2011-08-12 15:22:00,1.25,12682.0,France
563189,23307,SET OF 60 PANTRY DESIGN CAKE CASES ,24,2011-08-12 15:22:00,0.55,12682.0,France
563189,23297,SET 40 HEART SHAPE PETIT FOUR CASES,16,2011-08-12 15:22:00,1.65,12682.0,France
563189,23317,BLUE REFECTORY CLOCK ,2,2011-08-12 15:22:00,9.95,12682.0,France
563189,47566,PARTY BUNTING,4,2011-08-12 15:22:00,4.95,12682.0,France
563189,23298,SPOTTY BUNTING,3,2011-08-12 15:22:00,4.95,12682.0,France
563189,23240,SET OF 4 KNICK KNACK TINS DOILY ,6,2011-08-12 15:22:00,4.15,12682.0,France
563189,23209,LUNCH BAG VINTAGE DOILY ,10,2011-08-12 15:22:00,1.65,12682.0,France
563189,23203,JUMBO BAG VINTAGE DOILY ,10,2011-08-12 15:22:00,2.08,12682.0,France
563189,20750,RED RETROSPOT MINI CASES,2,2011-08-12 15:22:00,7.95,12682.0,France
563189,21039,RED RETROSPOT SHOPPING BAG,6,2011-08-12 15:22:00,2.55,12682.0,France
563189,22859,EASTER TIN BUNNY BOUQUET,6,2011-08-12 15:22:00,1.65,12682.0,France
563189,22432,WATERING CAN PINK BUNNY,6,2011-08-12 15:22:00,1.95,12682.0,France
563189,20749,ASSORTED COLOUR MINI CASES,2,2011-08-12 15:22:00,7.95,12682.0,France
563189,23293,SET OF 12 FAIRY CAKE BAKING CASES,8,2011-08-12 15:22:00,0.83,12682.0,France
563189,22467,GUMBALL COAT RACK,6,2011-08-12 15:22:00,2.55,12682.0,France
563189,22961,JAM MAKING SET PRINTED,12,2011-08-12 15:22:00,1.45,12682.0,France
563189,22912,YELLOW COAT RACK PARIS FASHION,3,2011-08-12 15:22:00,4.95,12682.0,France
563189,22352,LUNCH BOX WITH CUTLERY RETROSPOT ,6,2011-08-12 15:22:00,2.55,12682.0,France
563189,21559,STRAWBERRY LUNCH BOX WITH CUTLERY,6,2011-08-12 15:22:00,2.55,12682.0,France
563189,22326,ROUND SNACK BOXES SET OF4 WOODLAND ,6,2011-08-12 15:22:00,2.95,12682.0,France
563189,22328,ROUND SNACK BOXES SET OF 4 FRUITS ,6,2011-08-12 15:22:00,2.95,12682.0,France
563189,22966,GINGERBREAD MAN COOKIE CUTTER,12,2011-08-12 15:22:00,1.25,12682.0,France
563189,POST,POSTAGE,2,2011-08-12 15:22:00,18.0,12682.0,France
563190,22481,BLACK TEA TOWEL CLASSIC DESIGN,5,2011-08-12 15:41:00,1.25,,United Kingdom
563191,22966,GINGERBREAD MAN COOKIE CUTTER,12,2011-08-12 16:07:00,1.25,16678.0,United Kingdom
563191,23263,SET OF 3 WOODEN HEART DECORATIONS,12,2011-08-12 16:07:00,1.25,16678.0,United Kingdom
563191,23130,MISTLETOE HEART WREATH GREEN,8,2011-08-12 16:07:00,4.15,16678.0,United Kingdom
563191,35970,ZINC FOLKART SLEIGH BELLS,12,2011-08-12 16:07:00,1.69,16678.0,United Kingdom
563191,22141,CHRISTMAS CRAFT TREE TOP ANGEL,12,2011-08-12 16:07:00,2.1,16678.0,United Kingdom
563191,22144,CHRISTMAS CRAFT LITTLE FRIENDS,6,2011-08-12 16:07:00,2.1,16678.0,United Kingdom
563191,20956,PORCELAIN T-LIGHT HOLDERS ASSORTED,24,2011-08-12 16:07:00,1.25,16678.0,United Kingdom
563191,85049A,TRADITIONAL CHRISTMAS RIBBONS,36,2011-08-12 16:07:00,1.25,16678.0,United Kingdom
563191,84978,HANGING HEART JAR T-LIGHT HOLDER,36,2011-08-12 16:07:00,1.06,16678.0,United Kingdom
563191,71459,HANGING JAM JAR T-LIGHT HOLDER,12,2011-08-12 16:07:00,0.85,16678.0,United Kingdom
563191,22616,PACK OF 12 LONDON TISSUES ,24,2011-08-12 16:07:00,0.29,16678.0,United Kingdom
563191,22993,SET OF 4 PANTRY JELLY MOULDS,12,2011-08-12 16:07:00,1.25,16678.0,United Kingdom
563191,22577,WOODEN HEART CHRISTMAS SCANDINAVIAN,12,2011-08-12 16:07:00,0.85,16678.0,United Kingdom
563191,22578,WOODEN STAR CHRISTMAS SCANDINAVIAN,12,2011-08-12 16:07:00,0.85,16678.0,United Kingdom
563191,23313,VINTAGE CHRISTMAS BUNTING,5,2011-08-12 16:07:00,4.95,16678.0,United Kingdom
563191,85049E,SCANDINAVIAN REDS RIBBONS,12,2011-08-12 16:07:00,1.25,16678.0,United Kingdom
563192,23321,SMALL WHITE HEART OF WICKER,40,2011-08-12 16:10:00,1.45,16745.0,United Kingdom
563192,22961,JAM MAKING SET PRINTED,24,2011-08-12 16:10:00,1.45,16745.0,United Kingdom
563192,23243,SET OF TEA COFFEE SUGAR TINS PANTRY,24,2011-08-12 16:10:00,4.15,16745.0,United Kingdom
563192,22720,SET OF 3 CAKE TINS PANTRY DESIGN ,24,2011-08-12 16:10:00,4.95,16745.0,United Kingdom
563193,10133,COLOURING PENCILS BROWN TUBE,70,2011-08-12 16:30:00,0.83,,United Kingdom
563193,15036,ASSORTED COLOURS SILK FAN,6,2011-08-12 16:30:00,1.63,,United Kingdom
563193,15058B,PINK POLKADOT GARDEN PARASOL,1,2011-08-12 16:30:00,10.79,,United Kingdom
563193,17012B,ORIGAMI JASMINE INCENSE/CANDLE SET,1,2011-08-12 16:30:00,2.46,,United Kingdom
563193,17012D,ORIGAMI ROSE INCENSE/CANDLE SET ,1,2011-08-12 16:30:00,2.46,,United Kingdom
563193,17038,PORCELAIN BUDAH INCENSE HOLDER,1,2011-08-12 16:30:00,0.83,,United Kingdom
563193,17091J,VANILLA INCENSE IN TIN,1,2011-08-12 16:30:00,2.46,,United Kingdom
563193,17129F,BLUE GLASS GEMS IN BAG,1,2011-08-12 16:30:00,1.63,,United Kingdom
563193,20685,DOORMAT RED RETROSPOT,1,2011-08-12 16:30:00,15.79,,United Kingdom
563193,20712,JUMBO BAG WOODLAND ANIMALS,3,2011-08-12 16:30:00,4.13,,United Kingdom
563193,20719,WOODLAND CHARLOTTE BAG,1,2011-08-12 16:30:00,1.63,,United Kingdom
563193,20725,LUNCH BAG RED RETROSPOT,1,2011-08-12 16:30:00,4.13,,United Kingdom
563193,20726,LUNCH BAG WOODLAND,1,2011-08-12 16:30:00,4.13,,United Kingdom
563193,20728,LUNCH BAG CARS BLUE,1,2011-08-12 16:30:00,4.13,,United Kingdom
563193,20977,36 PENCILS TUBE WOODLAND,1,2011-08-12 16:30:00,2.46,,United Kingdom
563193,20978,36 PENCILS TUBE SKULLS,1,2011-08-12 16:30:00,2.46,,United Kingdom
563193,20998,ROSE DU SUD OVEN GLOVE,2,2011-08-12 16:30:00,1.63,,United Kingdom
563193,21035,SET/2 RED RETROSPOT TEA TOWELS ,1,2011-08-12 16:30:00,6.63,,United Kingdom
563193,21068,VINTAGE BILLBOARD LOVE/HATE MUG,5,2011-08-12 16:30:00,2.46,,United Kingdom
563193,21070,VINTAGE BILLBOARD MUG ,1,2011-08-12 16:30:00,2.46,,United Kingdom
563193,21080,SET/20 RED RETROSPOT PAPER NAPKINS ,3,2011-08-12 16:30:00,1.63,,United Kingdom
563193,21086,SET/6 RED SPOTTY PAPER CUPS,3,2011-08-12 16:30:00,1.63,,United Kingdom
563193,21088,SET/6 FRUIT SALAD PAPER CUPS,12,2011-08-12 16:30:00,0.83,,United Kingdom
563193,21094,SET/6 RED SPOTTY PAPER PLATES,6,2011-08-12 16:30:00,0.83,,United Kingdom
563193,21096,SET/6 FRUIT SALAD  PAPER PLATES,10,2011-08-12 16:30:00,0.83,,United Kingdom
563193,21179,NO JUNK MAIL METAL SIGN,1,2011-08-12 16:30:00,1.63,,United Kingdom
563193,21201,TROPICAL  HONEYCOMB PAPER GARLAND ,1,2011-08-12 16:30:00,4.96,,United Kingdom
563193,21204,DAISIES  HONEYCOMB GARLAND ,1,2011-08-12 16:30:00,3.29,,United Kingdom
563193,21206,STRAWBERRY HONEYCOMB  GARLAND ,1,2011-08-12 16:30:00,3.29,,United Kingdom
563193,21231,SWEETHEART CERAMIC TRINKET BOX,1,2011-08-12 16:30:00,2.46,,United Kingdom
563193,21246,RED RETROSPOT BIG BOWL,2,2011-08-12 16:30:00,4.13,,United Kingdom
563193,21311,SET/4 BIRD MIRROR MAGNETS ,1,2011-08-12 16:30:00,3.29,,United Kingdom
563193,21417,COCKLE SHELL DISH,1,2011-08-12 16:30:00,4.13,,United Kingdom
563193,21471,STRAWBERRY RAFFIA FOOD COVER,3,2011-08-12 16:30:00,3.29,,United Kingdom
563193,21479,WHITE SKULL HOT WATER BOTTLE ,2,2011-08-12 16:30:00,7.46,,United Kingdom
563193,21506,"FANCY FONT BIRTHDAY CARD, ",1,2011-08-12 16:30:00,0.83,,United Kingdom
563193,21519,GIN & TONIC DIET GREETING CARD ,1,2011-08-12 16:30:00,0.83,,United Kingdom
563193,21530,DAIRY MAID TOASTRACK,1,2011-08-12 16:30:00,3.29,,United Kingdom
563193,21544,SKULLS  WATER TRANSFER TATTOOS ,1,2011-08-12 16:30:00,1.63,,United Kingdom
563193,21623,VINTAGE UNION JACK MEMOBOARD,1,2011-08-12 16:30:00,19.96,,United Kingdom
563193,21641,ASSORTED TUTTI FRUTTI KEYRING BALL,1,2011-08-12 16:30:00,1.63,,United Kingdom
563193,21670,BLUE SPOT CERAMIC DRAWER KNOB,4,2011-08-12 16:30:00,3.29,,United Kingdom
563193,21672,WHITE SPOT RED CERAMIC DRAWER KNOB,4,2011-08-12 16:30:00,3.29,,United Kingdom
563193,21688,SILVER PLATE CANDLE BOWL SMALL,1,2011-08-12 16:30:00,5.79,,United Kingdom
563193,21811,HANGING HEART WITH BELL,1,2011-08-12 16:30:00,2.46,,United Kingdom
563193,21875,KINGS CHOICE MUG,1,2011-08-12 16:30:00,3.29,,United Kingdom
563193,21891,TRADITIONAL WOODEN SKIPPING ROPE,1,2011-08-12 16:30:00,2.46,,United Kingdom
563193,21900,"KEY FOB , SHED",1,2011-08-12 16:30:00,1.63,,United Kingdom
563193,21931,JUMBO STORAGE BAG SUKI,3,2011-08-12 16:30:00,4.13,,United Kingdom
563193,21935,SUKI  SHOULDER BAG,1,2011-08-12 16:30:00,3.29,,United Kingdom
563193,21982,PACK OF 12 SUKI TISSUES ,2,2011-08-12 16:30:00,0.83,,United Kingdom
563193,22028,PENNY FARTHING BIRTHDAY CARD,1,2011-08-12 16:30:00,0.83,,United Kingdom
563193,22078,RIBBON REEL LACE DESIGN ,3,2011-08-12 16:30:00,4.13,,United Kingdom
563193,22083,PAPER CHAIN KIT RETROSPOT,3,2011-08-12 16:30:00,5.79,,United Kingdom
563193,22090,PAPER BUNTING RETROSPOT,8,2011-08-12 16:30:00,2.95,,United Kingdom
563193,22098,BOUDOIR SQUARE TISSUE BOX,1,2011-08-12 16:30:00,2.46,,United Kingdom
563193,22099,CARAVAN SQUARE TISSUE BOX,1,2011-08-12 16:30:00,2.46,,United Kingdom
563193,22121,NOEL WOODEN BLOCK LETTERS ,1,2011-08-12 16:30:00,11.63,,United Kingdom
563193,22134,MINI LADLE LOVE HEART RED ,2,2011-08-12 16:30:00,0.83,,United Kingdom
563193,22138,BAKING SET 9 PIECE RETROSPOT ,1,2011-08-12 16:30:00,10.79,,United Kingdom
563193,22139,RETROSPOT TEA SET CERAMIC 11 PC ,1,2011-08-12 16:30:00,10.79,,United Kingdom
563193,22178,VICTORIAN GLASS HANGING T-LIGHT,3,2011-08-12 16:30:00,2.46,,United Kingdom
563193,22179,SET 10 NIGHT OWL LIGHTS,1,2011-08-12 16:30:00,13.29,,United Kingdom
563193,22195,LARGE HEART MEASURING SPOONS,1,2011-08-12 16:30:00,3.29,,United Kingdom
563193,22227,HANGING HEART MIRROR DECORATION ,1,2011-08-12 16:30:00,1.25,,United Kingdom
563193,22304,COFFEE MUG BLUE PAISLEY DESIGN,1,2011-08-12 16:30:00,4.96,,United Kingdom
563193,22348,TEA BAG PLATE RED RETROSPOT,1,2011-08-12 16:30:00,1.63,,United Kingdom
563193,22356,CHARLOTTE BAG PINK POLKADOT,1,2011-08-12 16:30:00,1.63,,United Kingdom
563193,22379,RECYCLING BAG RETROSPOT ,1,2011-08-12 16:30:00,4.13,,United Kingdom
563193,22382,LUNCH BAG SPACEBOY DESIGN ,1,2011-08-12 16:30:00,4.13,,United Kingdom
563193,22384,LUNCH BAG PINK POLKADOT,1,2011-08-12 16:30:00,4.13,,United Kingdom
563193,22386,JUMBO BAG PINK POLKADOT,1,2011-08-12 16:30:00,4.13,,United Kingdom
563193,22398,MAGNETS PACK OF 4 SWALLOWS,1,2011-08-12 16:30:00,2.46,,United Kingdom
563193,22399,MAGNETS PACK OF 4 CHILDHOOD MEMORY,2,2011-08-12 16:30:00,2.46,,United Kingdom
563193,22400,MAGNETS PACK OF 4 HOME SWEET HOME,1,2011-08-12 16:30:00,2.46,,United Kingdom
563193,22436,12 COLOURED PARTY BALLOONS,1,2011-08-12 16:30:00,1.25,,United Kingdom
563193,22439,6 ROCKET BALLOONS ,1,2011-08-12 16:30:00,1.25,,United Kingdom
563193,22457,NATURAL SLATE HEART CHALKBOARD ,1,2011-08-12 16:30:00,5.79,,United Kingdom
563193,22469,HEART OF WICKER SMALL,1,2011-08-12 16:30:00,3.29,,United Kingdom
563193,22494,EMERGENCY FIRST AID TIN ,1,2011-08-12 16:30:00,2.46,,United Kingdom
563193,22508,DOORSTOP RETROSPOT HEART,1,2011-08-12 16:30:00,7.46,,United Kingdom
563193,22537,MAGIC DRAWING SLATE DINOSAUR,3,2011-08-12 16:30:00,0.83,,United Kingdom
563193,22538,MINI JIGSAW GO TO THE FAIR,1,2011-08-12 16:30:00,0.83,,United Kingdom
563193,22539,MINI JIGSAW DOLLY GIRL,1,2011-08-12 16:30:00,0.83,,United Kingdom
563193,22540,MINI JIGSAW CIRCUS PARADE ,1,2011-08-12 16:30:00,0.83,,United Kingdom
563193,22541,MINI JIGSAW LEAP FROG,1,2011-08-12 16:30:00,0.83,,United Kingdom
563193,22543,MINI JIGSAW BAKE A CAKE ,1,2011-08-12 16:30:00,0.83,,United Kingdom
563193,22544,MINI JIGSAW SPACEBOY,2,2011-08-12 16:30:00,0.83,,United Kingdom
563193,22545,MINI JIGSAW BUNNIES,1,2011-08-12 16:30:00,0.83,,United Kingdom
563193,22546,MINI JIGSAW PURDEY,1,2011-08-12 16:30:00,0.83,,United Kingdom
563193,22547,MINI JIGSAW DINOSAUR ,1,2011-08-12 16:30:00,0.83,,United Kingdom
563193,22567,20 DOLLY PEGS RETROSPOT,1,2011-08-12 16:30:00,2.92,,United Kingdom
563193,22587,FELTCRAFT HAIRBAND RED AND BLUE,1,2011-08-12 16:30:00,1.63,,United Kingdom
563193,22629,SPACEBOY LUNCH BOX ,1,2011-08-12 16:30:00,4.13,,United Kingdom
563193,22630,DOLLY GIRL LUNCH BOX,1,2011-08-12 16:30:00,4.13,,United Kingdom
563193,22650,CERAMIC PIRATE CHEST MONEY BANK,5,2011-08-12 16:30:00,3.29,,United Kingdom
563193,22664,TOY TIDY DOLLY GIRL DESIGN,1,2011-08-12 16:30:00,4.13,,United Kingdom
563193,22665,RECIPE BOX BLUE SKETCHBOOK DESIGN,1,2011-08-12 16:30:00,5.79,,United Kingdom
563193,22670,FRENCH WC SIGN BLUE METAL,1,2011-08-12 16:30:00,2.46,,United Kingdom
563193,22697,GREEN REGENCY TEACUP AND SAUCER,1,2011-08-12 16:30:00,5.79,,United Kingdom
563193,22698,PINK REGENCY TEACUP AND SAUCER,2,2011-08-12 16:30:00,5.79,,United Kingdom
563193,22699,ROSES REGENCY TEACUP AND SAUCER ,3,2011-08-12 16:30:00,5.79,,United Kingdom
563193,22716,CARD CIRCUS PARADE,1,2011-08-12 16:30:00,0.83,,United Kingdom
563193,22720,SET OF 3 CAKE TINS PANTRY DESIGN ,1,2011-08-12 16:30:00,10.79,,United Kingdom
563193,22723,SET OF 6 HERB TINS SKETCHBOOK,1,2011-08-12 16:30:00,8.29,,United Kingdom
563193,22734,SET OF 6 RIBBONS VINTAGE CHRISTMAS,1,2011-08-12 16:30:00,5.79,,United Kingdom
563193,22736,RIBBON REEL MAKING SNOWMEN ,1,2011-08-12 16:30:00,3.29,,United Kingdom
563193,22745,POPPY'S PLAYHOUSE BEDROOM ,4,2011-08-12 16:30:00,4.13,,United Kingdom
563193,22746,POPPY'S PLAYHOUSE LIVINGROOM ,1,2011-08-12 16:30:00,4.13,,United Kingdom
563193,22748,POPPY'S PLAYHOUSE KITCHEN,1,2011-08-12 16:30:00,4.13,,United Kingdom
563193,22801,ANTIQUE GLASS PEDESTAL BOWL,10,2011-08-12 16:30:00,7.46,,United Kingdom
563193,22817,CARD SUKI BIRTHDAY,1,2011-08-12 16:30:00,0.83,,United Kingdom
563193,22961,JAM MAKING SET PRINTED,1,2011-08-12 16:30:00,3.29,,United Kingdom
563193,22962,JAM JAR WITH PINK LID,1,2011-08-12 16:30:00,1.63,,United Kingdom
563193,22964,3 PIECE SPACEBOY COOKIE CUTTER SET,1,2011-08-12 16:30:00,4.13,,United Kingdom
563193,22979,PANTRY WASHING UP BRUSH,1,2011-08-12 16:30:00,3.29,,United Kingdom
563193,22994,TRAVEL CARD WALLET RETROSPOT,1,2011-08-12 16:30:00,0.83,,United Kingdom
563193,23050,RECYCLED ACAPULCO MAT GREEN,1,2011-08-12 16:30:00,16.63,,United Kingdom
563193,23051,RECYCLED ACAPULCO MAT BLUE,1,2011-08-12 16:30:00,16.63,,United Kingdom
563193,23082,SET 6 PAPER TABLE LANTERN HEARTS ,3,2011-08-12 16:30:00,7.46,,United Kingdom
563193,23103,JINGLE BELL HEART DECORATION,1,2011-08-12 16:30:00,3.29,,United Kingdom
563193,23111,PARISIENNE SEWING BOX,1,2011-08-12 16:30:00,24.96,,United Kingdom
563193,23119,PACK OF 6 LARGE FRUIT STRAWS ,5,2011-08-12 16:30:00,1.25,,United Kingdom
563193,23124,18PC WOODEN CUTLERY SET DISPOSABLE,1,2011-08-12 16:30:00,2.46,,United Kingdom
563193,23144,ZINC T-LIGHT HOLDER STARS SMALL,2,2011-08-12 16:30:00,1.63,,United Kingdom
563193,23145,ZINC T-LIGHT HOLDER STAR LARGE,2,2011-08-12 16:30:00,2.08,,United Kingdom
563193,23161,REGENCY CAKE FORK,2,2011-08-12 16:30:00,2.46,,United Kingdom
563193,23165,LARGE CERAMIC TOP STORAGE JAR,1,2011-08-12 16:30:00,3.29,,United Kingdom
563193,23166,MEDIUM CERAMIC TOP STORAGE JAR,1,2011-08-12 16:30:00,2.46,,United Kingdom
563193,23167,SMALL CERAMIC TOP STORAGE JAR ,1,2011-08-12 16:30:00,1.63,,United Kingdom
563193,23169,CLASSIC GLASS COOKIE JAR,1,2011-08-12 16:30:00,8.29,,United Kingdom
563193,23170,REGENCY TEA PLATE ROSES ,1,2011-08-12 16:30:00,3.29,,United Kingdom
563193,23171,REGENCY TEA PLATE GREEN ,1,2011-08-12 16:30:00,3.29,,United Kingdom
563193,23181,BULL DOG BOTTLE TOP WALL CLOCK,1,2011-08-12 16:30:00,16.63,,United Kingdom
563193,23182,TOILET SIGN OCCUPIED OR VACANT,1,2011-08-12 16:30:00,2.46,,United Kingdom
563193,23183,MOTHER'S KITCHEN SPOON REST ,1,2011-08-12 16:30:00,7.46,,United Kingdom
563193,23197,SKETCHBOOK MAGNETIC SHOPPING LIST,1,2011-08-12 16:30:00,3.29,,United Kingdom
563193,23200,JUMBO BAG PEARS,1,2011-08-12 16:30:00,4.13,,United Kingdom
563193,23203,JUMBO BAG VINTAGE DOILY ,1,2011-08-12 16:30:00,4.13,,United Kingdom
563193,23206,LUNCH BAG APPLE DESIGN,1,2011-08-12 16:30:00,4.13,,United Kingdom
563193,23227,FILIGREE HEART BUTTERFLY WHITE ,1,2011-08-12 16:30:00,2.46,,United Kingdom
563193,23241,TREASURE TIN GYMKHANA DESIGN,1,2011-08-12 16:30:00,4.13,,United Kingdom
563193,23245,SET OF 3 REGENCY CAKE TINS,13,2011-08-12 16:30:00,5.79,,United Kingdom
563193,23293,SET OF 12 FAIRY CAKE BAKING CASES,1,2011-08-12 16:30:00,2.46,,United Kingdom
563193,23295,SET OF 12 MINI LOAF BAKING CASES,2,2011-08-12 16:30:00,2.46,,United Kingdom
563193,23296,SET OF 6 TEA TIME BAKING CASES,1,2011-08-12 16:30:00,3.29,,United Kingdom
563193,23298,SPOTTY BUNTING,2,2011-08-12 16:30:00,10.79,,United Kingdom
563193,23300,GARDENERS KNEELING PAD CUP OF TEA ,1,2011-08-12 16:30:00,3.29,,United Kingdom
563193,23306,SET OF 36 DOILIES PANTRY DESIGN,1,2011-08-12 16:30:00,2.92,,United Kingdom
563193,23321,SMALL WHITE HEART OF WICKER,2,2011-08-12 16:30:00,3.29,,United Kingdom
563193,23328,SET 6 SCHOOL MILK BOTTLES IN CRATE,3,2011-08-12 16:30:00,7.46,,United Kingdom
563193,35095A,BLUE VICTORIAN FABRIC OVAL BOX,1,2011-08-12 16:30:00,0.83,,United Kingdom
563193,35916A,YELLOW FELT HANGING HEART W FLOWER,3,2011-08-12 16:30:00,0.63,,United Kingdom
563193,35916B,BLUE FELT HANGING HEART WITH FLOWER,6,2011-08-12 16:30:00,0.63,,United Kingdom
563193,35916C,PINK FELT HANGING HEART W FLOWER,4,2011-08-12 16:30:00,0.63,,United Kingdom
563193,46776A,WOVEN BUBBLE GUM CUSHION COVER,1,2011-08-12 16:30:00,4.13,,United Kingdom
563193,46776E,WOVEN CANDY CUSHION COVER ,1,2011-08-12 16:30:00,4.13,,United Kingdom
563193,47367B,PAIR PADDED HANGERS PINK CHECK,1,2011-08-12 16:30:00,3.29,,United Kingdom
563193,47566,PARTY BUNTING,1,2011-08-12 16:30:00,10.79,,United Kingdom
563193,47593B,SCOTTIE DOGS BABY BIB,5,2011-08-12 16:30:00,0.83,,United Kingdom
563193,48129,DOORMAT TOPIARY,1,2011-08-12 16:30:00,15.79,,United Kingdom
563193,51014L,"FEATHER PEN,LIGHT PINK",1,2011-08-12 16:30:00,0.83,,United Kingdom
563193,79066K,RETRO MOD TRAY,1,2011-08-12 16:30:00,1.63,,United Kingdom
563193,82494L,WOODEN FRAME ANTIQUE WHITE ,1,2011-08-12 16:30:00,7.46,,United Kingdom
563193,82580,BATHROOM METAL SIGN,1,2011-08-12 16:30:00,1.25,,United Kingdom
563193,82613D,METAL SIGN CUPCAKE SINGLE HOOK,1,2011-08-12 16:30:00,2.46,,United Kingdom
563193,84031B,CHARLIE LOLA BLUE HOT WATER BOTTLE ,1,2011-08-12 16:30:00,4.13,,United Kingdom
563193,84032A,CHARLIE+LOLA PINK HOT WATER BOTTLE,2,2011-08-12 16:30:00,3.29,,United Kingdom
563193,84507B,STRIPES DESIGN MONKEY DOLL,1,2011-08-12 16:30:00,4.96,,United Kingdom
563193,84568,GIRLS ALPHABET IRON ON PATCHES ,16,2011-08-12 16:30:00,0.42,,United Kingdom
563193,84580,MOUSE TOY WITH PINK T-SHIRT,1,2011-08-12 16:30:00,4.13,,United Kingdom
563193,84598,BOYS ALPHABET IRON ON PATCHES,12,2011-08-12 16:30:00,0.42,,United Kingdom
563193,84674,FLYING PIG WATERING CAN,1,2011-08-12 16:30:00,5.79,,United Kingdom
563193,84692,BOX OF 24 COCKTAIL PARASOLS,1,2011-08-12 16:30:00,0.83,,United Kingdom
563193,84755,COLOUR GLASS T-LIGHT HOLDER HANGING,4,2011-08-12 16:30:00,1.24,,United Kingdom
563193,84849A,HELLO SAILOR BLUE SOAP HOLDER,1,2011-08-12 16:30:00,3.29,,United Kingdom
563193,84912A,PINK ROSE WASHBAG,1,2011-08-12 16:30:00,3.29,,United Kingdom
563193,84919,BLUE CUSHION COVER WITH FLOWER,2,2011-08-12 16:30:00,5.79,,United Kingdom
563193,84923,PINK BUTTERFLY HANDBAG W BOBBLES,2,2011-08-12 16:30:00,4.13,,United Kingdom
563193,84945,MULTI COLOUR SILVER T-LIGHT HOLDER,6,2011-08-12 16:30:00,1.8,,United Kingdom
563193,84970L,SINGLE HEART ZINC T-LIGHT HOLDER,1,2011-08-12 16:30:00,2.08,,United Kingdom
563193,85017B,ENVELOPE 50 BLOSSOM IMAGES,1,2011-08-12 16:30:00,0.83,,United Kingdom
563193,85032A,ROMANTIC IMAGES GIFT WRAP SET,1,2011-08-12 16:30:00,1.63,,United Kingdom
563193,85032B,BLOSSOM IMAGES GIFT WRAP SET,1,2011-08-12 16:30:00,1.63,,United Kingdom
563193,85032C,CURIOUS IMAGES GIFT WRAP SET,1,2011-08-12 16:30:00,1.63,,United Kingdom
563193,85039A,SET/4 RED MINI ROSE CANDLE IN BOWL,1,2011-08-12 16:30:00,1.63,,United Kingdom
563193,85061W,WHITE JEWELLED HEART DECORATION,12,2011-08-12 16:30:00,1.63,,United Kingdom
563193,85086A,CANDY SPOT HEART DECORATION,4,2011-08-12 16:30:00,0.83,,United Kingdom
563193,85099C,JUMBO  BAG BAROQUE BLACK WHITE,1,2011-08-12 16:30:00,4.13,,United Kingdom
563193,85131B,BEADED CRYSTAL HEART GREEN ON STICK,6,2011-08-12 16:30:00,0.83,,United Kingdom
563193,85131C,BEADED CRYSTAL HEART BLUE ON STICK,7,2011-08-12 16:30:00,0.83,,United Kingdom
563193,85131D,BEADED CRYSTAL HEART PINK ON STICK,9,2011-08-12 16:30:00,0.83,,United Kingdom
563193,85169A,IVORY LOVE BIRD CANDLE,2,2011-08-12 16:30:00,2.46,,United Kingdom
563193,85227,SET OF 6 3D KIT CARDS FOR KIDS,4,2011-08-12 16:30:00,1.63,,United Kingdom
563193,90019C,SILVER BLACK ORBIT BRACELET,1,2011-08-12 16:30:00,5.4,,United Kingdom
563193,90052,CRACKED GLAZE NECKLACE BROWN,1,2011-08-12 16:30:00,7.07,,United Kingdom
563193,90114,SUMMER DAISIES BAG CHARM,1,2011-08-12 16:30:00,2.46,,United Kingdom
563193,90129A,PINK GLASS TASSLE BAG CHARM ,1,2011-08-12 16:30:00,1.63,,United Kingdom
563193,90214J,"LETTER ""J"" BLING KEY RING",1,2011-08-12 16:30:00,0.83,,United Kingdom
563193,90214R,"LETTER ""R"" BLING KEY RING",1,2011-08-12 16:30:00,0.83,,United Kingdom
563193,DOT,DOTCOM POSTAGE,1,2011-08-12 16:30:00,199.89,,United Kingdom
563193,20982,12 PENCILS TALL TUBE SKULLS,22,2011-08-12 16:30:00,1.42,,United Kingdom
563193,23120,PACK OF 6 SMALL FRUIT STRAWS,14,2011-08-12 16:30:00,0.42,,United Kingdom
563193,21915,RED  HARMONICA IN BOX ,11,2011-08-12 16:30:00,1.25,,United Kingdom
563193,22100,SKULLS SQUARE TISSUE BOX,3,2011-08-12 16:30:00,0.39,,United Kingdom
563193,85183B,CHARLIE & LOLA WASTEPAPER BIN FLORA,2,2011-08-12 16:30:00,1.25,,United Kingdom
563193,21207,SKULL AND CROSSBONES  GARLAND ,6,2011-08-12 16:30:00,1.65,,United Kingdom
563194,85066,CREAM SWEETHEART MINI CHEST,2,2011-08-12 16:36:00,12.75,17858.0,United Kingdom
563194,23111,PARISIENNE SEWING BOX,2,2011-08-12 16:36:00,12.5,17858.0,United Kingdom
563194,21755,LOVE BUILDING BLOCK WORD,2,2011-08-12 16:36:00,5.95,17858.0,United Kingdom
563194,82486,WOOD S/3 CABINET ANT WHITE FINISH,4,2011-08-12 16:36:00,8.95,17858.0,United Kingdom
563194,82483,WOOD 2 DRAWER CABINET WHITE FINISH,2,2011-08-12 16:36:00,6.95,17858.0,United Kingdom
563194,23096,PETIT TRAY CHIC,2,2011-08-12 16:36:00,1.65,17858.0,United Kingdom
563194,23110,PARISIENNE KEY CABINET ,2,2011-08-12 16:36:00,5.75,17858.0,United Kingdom
563194,23112,PARISIENNE CURIO CABINET,2,2011-08-12 16:36:00,7.5,17858.0,United Kingdom
563194,84356,POMPOM CURTAIN,2,2011-08-12 16:36:00,6.95,17858.0,United Kingdom
563194,82582,AREA PATROLLED METAL SIGN,2,2011-08-12 16:36:00,2.1,17858.0,United Kingdom
563194,82484,WOOD BLACK BOARD ANT WHITE FINISH,2,2011-08-12 16:36:00,7.95,17858.0,United Kingdom
563194,21164,HOME SWEET HOME METAL SIGN ,2,2011-08-12 16:36:00,2.95,17858.0,United Kingdom
563194,22429,ENAMEL MEASURING JUG CREAM,3,2011-08-12 16:36:00,4.25,17858.0,United Kingdom
563194,21794,CLASSIC FRENCH STYLE BASKET NATURAL,10,2011-08-12 16:36:00,2.0,17858.0,United Kingdom
563194,82581,TOILET METAL SIGN,2,2011-08-12 16:36:00,0.55,17858.0,United Kingdom
563194,82578,KITCHEN METAL SIGN,3,2011-08-12 16:36:00,0.55,17858.0,United Kingdom
563194,82580,BATHROOM METAL SIGN,4,2011-08-12 16:36:00,0.55,17858.0,United Kingdom
563194,23118,PARISIENNE JEWELLERY DRAWER ,1,2011-08-12 16:36:00,7.5,17858.0,United Kingdom
563194,22840,ROUND CAKE TIN VINTAGE RED,2,2011-08-12 16:36:00,7.95,17858.0,United Kingdom
563194,22426,ENAMEL WASH BOWL CREAM,4,2011-08-12 16:36:00,3.75,17858.0,United Kingdom
563194,23322,LARGE WHITE HEART OF WICKER,2,2011-08-12 16:36:00,2.95,17858.0,United Kingdom
563194,22470,HEART OF WICKER LARGE,1,2011-08-12 16:36:00,2.95,17858.0,United Kingdom
563194,22424,ENAMEL BREAD BIN CREAM,1,2011-08-12 16:36:00,12.75,17858.0,United Kingdom
563194,21463,MIRRORED DISCO BALL ,4,2011-08-12 16:36:00,5.95,17858.0,United Kingdom
563194,22844,VINTAGE CREAM DOG FOOD CONTAINER,2,2011-08-12 16:36:00,8.5,17858.0,United Kingdom
563195,23052,RECYCLED ACAPULCO MAT TURQUOISE,1,2011-08-12 16:36:00,16.63,,United Kingdom
563195,23089,GLASS BON BON JAR,1,2011-08-12 16:36:00,3.29,,United Kingdom
563195,23123,COCKTAIL SWORDS 50 PIECES,1,2011-08-12 16:36:00,1.67,,United Kingdom
563195,23182,TOILET SIGN OCCUPIED OR VACANT,1,2011-08-12 16:36:00,2.46,,United Kingdom
563195,23199,JUMBO BAG APPLES,1,2011-08-12 16:36:00,4.13,,United Kingdom
563195,23202,JUMBO BAG VINTAGE LEAF,1,2011-08-12 16:36:00,4.13,,United Kingdom
563195,23203,JUMBO BAG VINTAGE DOILY ,6,2011-08-12 16:36:00,4.13,,United Kingdom
563195,23206,LUNCH BAG APPLE DESIGN,1,2011-08-12 16:36:00,4.13,,United Kingdom
563195,23207,LUNCH BAG ALPHABET DESIGN,1,2011-08-12 16:36:00,4.13,,United Kingdom
563195,23209,LUNCH BAG VINTAGE DOILY ,1,2011-08-12 16:36:00,4.13,,United Kingdom
563195,23238,SET OF 4 KNICK KNACK TINS LONDON ,1,2011-08-12 16:36:00,8.29,,United Kingdom
563195,23245,SET OF 3 REGENCY CAKE TINS,6,2011-08-12 16:36:00,5.79,,United Kingdom
563195,23250,VINTAGE RED TRIM ENAMEL BOWL ,1,2011-08-12 16:36:00,2.46,,United Kingdom
563195,23256,CHILDRENS CUTLERY SPACEBOY ,1,2011-08-12 16:36:00,8.29,,United Kingdom
563195,23286,BLUE VINTAGE SPOT BEAKER,1,2011-08-12 16:36:00,1.63,,United Kingdom
563195,23291,DOLLY GIRL CHILDRENS CUP,2,2011-08-12 16:36:00,2.46,,United Kingdom
563195,23292,SPACEBOY CHILDRENS CUP,1,2011-08-12 16:36:00,2.46,,United Kingdom
563195,23293,SET OF 12 FAIRY CAKE BAKING CASES,1,2011-08-12 16:36:00,2.46,,United Kingdom
563195,23294,SET OF 6 SNACK LOAF BAKING CASES,1,2011-08-12 16:36:00,2.46,,United Kingdom
563195,23295,SET OF 12 MINI LOAF BAKING CASES,1,2011-08-12 16:36:00,2.46,,United Kingdom
563195,23296,SET OF 6 TEA TIME BAKING CASES,2,2011-08-12 16:36:00,3.29,,United Kingdom
563195,23298,SPOTTY BUNTING,1,2011-08-12 16:36:00,10.79,,United Kingdom
563195,23306,SET OF 36 DOILIES PANTRY DESIGN,1,2011-08-12 16:36:00,2.92,,United Kingdom
563195,23307,SET OF 60 PANTRY DESIGN CAKE CASES ,2,2011-08-12 16:36:00,1.25,,United Kingdom
563195,23309,SET OF 60 I LOVE LONDON CAKE CASES ,1,2011-08-12 16:36:00,1.25,,United Kingdom
563195,23328,SET 6 SCHOOL MILK BOTTLES IN CRATE,3,2011-08-12 16:36:00,7.46,,United Kingdom
563195,23336,EGG FRYING PAN PINK ,1,2011-08-12 16:36:00,4.13,,United Kingdom
563195,23341,PINK DINER WALL CLOCK,1,2011-08-12 16:36:00,16.63,,United Kingdom
563195,23344,JUMBO BAG 50'S CHRISTMAS ,1,2011-08-12 16:36:00,4.13,,United Kingdom
563195,23345, DOLLY GIRL BEAKER,1,2011-08-12 16:36:00,2.46,,United Kingdom
563195,23346,SPACEBOY BEAKER,1,2011-08-12 16:36:00,2.46,,United Kingdom
563195,23360,SET 8 CANDLES VINTAGE DOILY,1,2011-08-12 16:36:00,4.13,,United Kingdom
563195,23374,RED SPOT PAPER GIFT BAG,3,2011-08-12 16:36:00,1.63,,United Kingdom
563195,23438, RED SPOT GIFT BAG LARGE,3,2011-08-12 16:36:00,2.46,,United Kingdom
563195,35916A,YELLOW FELT HANGING HEART W FLOWER,1,2011-08-12 16:36:00,0.63,,United Kingdom
563195,35916B,BLUE FELT HANGING HEART WITH FLOWER,1,2011-08-12 16:36:00,0.63,,United Kingdom
563195,35971,ROSE FOLKART HEART DECORATIONS,1,2011-08-12 16:36:00,2.46,,United Kingdom
563195,37450,CERAMIC CAKE BOWL + HANGING CAKES,1,2011-08-12 16:36:00,5.79,,United Kingdom
563195,37500,TEA TIME TEAPOT IN GIFT BOX,1,2011-08-12 16:36:00,8.29,,United Kingdom
563195,71459,HANGING JAM JAR T-LIGHT HOLDER,8,2011-08-12 16:36:00,1.66,,United Kingdom
563195,72586,SET OF 6 HALLOWEEN GHOST T-LIGHTS,1,2011-08-12 16:36:00,0.83,,United Kingdom
563195,79066K,RETRO MOD TRAY,1,2011-08-12 16:36:00,1.63,,United Kingdom
563195,82482,WOODEN PICTURE FRAME WHITE FINISH,10,2011-08-12 16:36:00,5.79,,United Kingdom
563195,82494L,WOODEN FRAME ANTIQUE WHITE ,4,2011-08-12 16:36:00,7.46,,United Kingdom
563195,82567,"AIRLINE LOUNGE,METAL SIGN",1,2011-08-12 16:36:00,1.63,,United Kingdom
563195,84375,SET OF 20 KIDS COOKIE CUTTERS,1,2011-08-12 16:36:00,4.13,,United Kingdom
563195,84508C,BLUE CIRCLES DESIGN TEDDY,1,2011-08-12 16:36:00,4.96,,United Kingdom
563195,84510E,SET OF 4 GREEN CAROUSEL COASTERS,2,2011-08-12 16:36:00,2.46,,United Kingdom
563195,84568,GIRLS ALPHABET IRON ON PATCHES ,15,2011-08-12 16:36:00,0.42,,United Kingdom
563195,84580,MOUSE TOY WITH PINK T-SHIRT,1,2011-08-12 16:36:00,4.13,,United Kingdom
563195,84598,BOYS ALPHABET IRON ON PATCHES,5,2011-08-12 16:36:00,0.42,,United Kingdom
563195,84637,KITCHEN FLOWER POTS WALL PLAQUE,1,2011-08-12 16:36:00,4.96,,United Kingdom
563195,84913A,SOFT PINK ROSE TOWEL ,2,2011-08-12 16:36:00,3.29,,United Kingdom
563195,84946,ANTIQUE SILVER T-LIGHT GLASS,8,2011-08-12 16:36:00,2.46,,United Kingdom
563195,84947,ANTIQUE SILVER TEA GLASS ENGRAVED,14,2011-08-12 16:36:00,2.46,,United Kingdom
563195,84992,72 SWEETHEART FAIRY CAKE CASES,1,2011-08-12 16:36:00,1.25,,United Kingdom
563195,85093,CANDY SPOT EGG WARMER HARE,2,2011-08-12 16:36:00,0.83,,United Kingdom
563195,85094,CANDY SPOT EGG WARMER RABBIT,2,2011-08-12 16:36:00,0.83,,United Kingdom
563195,85099B,JUMBO BAG RED RETROSPOT,14,2011-08-12 16:36:00,4.13,,United Kingdom
563195,85099F,JUMBO BAG STRAWBERRY,2,2011-08-12 16:36:00,4.13,,United Kingdom
563195,85129D,BEADED CRYSTAL HEART PINK SMALL,1,2011-08-12 16:36:00,2.46,,United Kingdom
563195,85131D,BEADED CRYSTAL HEART PINK ON STICK,4,2011-08-12 16:36:00,0.83,,United Kingdom
563195,85132C,CHARLIE AND LOLA FIGURES TINS,1,2011-08-12 16:36:00,5.79,,United Kingdom
563195,85185B,PINK HORSE SOCK PUPPET,1,2011-08-12 16:36:00,5.79,,United Kingdom
563195,DOT,DOTCOM POSTAGE,1,2011-08-12 16:36:00,222.49,,United Kingdom
563195,15058C,ICE CREAM DESIGN GARDEN PARASOL,1,2011-08-12 16:36:00,10.79,,United Kingdom
563195,16254,TRANSPARENT ACRYLIC TAPE DISPENSER,1,2011-08-12 16:36:00,1.63,,United Kingdom
563195,17129F,BLUE GLASS GEMS IN BAG,6,2011-08-12 16:36:00,1.63,,United Kingdom
563195,20667,CHERRY BLOSSOM PURSE,1,2011-08-12 16:36:00,2.46,,United Kingdom
563195,20711,JUMBO BAG TOYS ,1,2011-08-12 16:36:00,4.13,,United Kingdom
563195,20712,JUMBO BAG WOODLAND ANIMALS,1,2011-08-12 16:36:00,4.13,,United Kingdom
563195,20713,JUMBO BAG OWLS,1,2011-08-12 16:36:00,4.13,,United Kingdom
563195,20726,LUNCH BAG WOODLAND,3,2011-08-12 16:36:00,4.13,,United Kingdom
563195,20727,LUNCH BAG  BLACK SKULL.,1,2011-08-12 16:36:00,4.13,,United Kingdom
563195,20914,SET/5 RED RETROSPOT LID GLASS BOWLS,1,2011-08-12 16:36:00,5.79,,United Kingdom
563195,20961,STRAWBERRY BATH SPONGE ,2,2011-08-12 16:36:00,2.46,,United Kingdom
563195,20963,APPLE BATH SPONGE,1,2011-08-12 16:36:00,2.46,,United Kingdom
563195,21035,SET/2 RED RETROSPOT TEA TOWELS ,1,2011-08-12 16:36:00,6.63,,United Kingdom
563195,21068,VINTAGE BILLBOARD LOVE/HATE MUG,3,2011-08-12 16:36:00,2.46,,United Kingdom
563195,21080,SET/20 RED RETROSPOT PAPER NAPKINS ,2,2011-08-12 16:36:00,0.83,,United Kingdom
563195,21080,SET/20 RED RETROSPOT PAPER NAPKINS ,3,2011-08-12 16:36:00,1.63,,United Kingdom
563195,21086,SET/6 RED SPOTTY PAPER CUPS,7,2011-08-12 16:36:00,1.63,,United Kingdom
563195,21094,SET/6 RED SPOTTY PAPER PLATES,7,2011-08-12 16:36:00,0.83,,United Kingdom
563195,21116,OWL DOORSTOP,1,2011-08-12 16:36:00,8.29,,United Kingdom
563195,21174,POTTERING IN THE SHED METAL SIGN,1,2011-08-12 16:36:00,4.13,,United Kingdom
563195,21212,PACK OF 72 RETROSPOT CAKE CASES,2,2011-08-12 16:36:00,1.25,,United Kingdom
563195,21232,STRAWBERRY CERAMIC TRINKET BOX,2,2011-08-12 16:36:00,2.46,,United Kingdom
563195,21242,RED RETROSPOT PLATE ,2,2011-08-12 16:36:00,3.29,,United Kingdom
563195,21279,VINTAGE KITCHEN PRINT FRUITS,1,2011-08-12 16:36:00,4.96,,United Kingdom
563195,21314,SMALL GLASS HEART TRINKET POT,2,2011-08-12 16:36:00,4.13,,United Kingdom
563195,21328,BALLOONS  WRITING SET ,1,2011-08-12 16:36:00,3.29,,United Kingdom
563195,21340,CLASSIC METAL BIRDCAGE PLANT HOLDER,1,2011-08-12 16:36:00,24.96,,United Kingdom
563195,21385,IVORY HANGING DECORATION  HEART,2,2011-08-12 16:36:00,1.63,,United Kingdom
563195,21400,RED PUDDING SPOON,2,2011-08-12 16:36:00,0.42,,United Kingdom
563195,21401,BLUE PUDDING SPOON,2,2011-08-12 16:36:00,0.42,,United Kingdom
563195,21561,DINOSAUR LUNCH BOX WITH CUTLERY,1,2011-08-12 16:36:00,4.96,,United Kingdom
563195,21625,VINTAGE UNION JACK APRON,2,2011-08-12 16:36:00,14.13,,United Kingdom
563195,21680,WOODLAND  STICKERS,2,2011-08-12 16:36:00,1.63,,United Kingdom
563195,21715,GIRLS VINTAGE TIN SEASIDE BUCKET,2,2011-08-12 16:36:00,4.96,,United Kingdom
563195,21786,POLKADOT RAIN HAT ,1,2011-08-12 16:36:00,0.83,,United Kingdom
563195,21832,CHOCOLATE CALCULATOR,1,2011-08-12 16:36:00,3.29,,United Kingdom
563195,21906,PHARMACIE FIRST AID TIN,1,2011-08-12 16:36:00,13.29,,United Kingdom
563195,21907,I'M ON HOLIDAY METAL SIGN,1,2011-08-12 16:36:00,4.13,,United Kingdom
563195,21908,CHOCOLATE THIS WAY METAL SIGN,1,2011-08-12 16:36:00,4.13,,United Kingdom
563195,21918,SET 12 KIDS COLOUR  CHALK STICKS,1,2011-08-12 16:36:00,0.83,,United Kingdom
563195,21930,JUMBO STORAGE BAG SKULLS,2,2011-08-12 16:36:00,4.13,,United Kingdom
563195,21932,SCANDINAVIAN PAISLEY PICNIC BAG,1,2011-08-12 16:36:00,2.46,,United Kingdom
563195,21936,RED RETROSPOT PICNIC BAG,2,2011-08-12 16:36:00,5.79,,United Kingdom
563195,21955,DOORMAT UNION JACK GUNS AND ROSES,1,2011-08-12 16:36:00,15.79,,United Kingdom
563195,21975,PACK OF 60 DINOSAUR CAKE CASES,2,2011-08-12 16:36:00,1.25,,United Kingdom
563195,21976,PACK OF 60 MUSHROOM CAKE CASES,1,2011-08-12 16:36:00,1.25,,United Kingdom
563195,21992,VINTAGE PAISLEY STATIONERY SET,1,2011-08-12 16:36:00,2.46,,United Kingdom
563195,21993,FLORAL FOLK STATIONERY SET,1,2011-08-12 16:36:00,2.46,,United Kingdom
563195,22025,RING OF ROSES BIRTHDAY CARD,1,2011-08-12 16:36:00,0.83,,United Kingdom
563195,22027,TEA PARTY BIRTHDAY CARD,1,2011-08-12 16:36:00,0.83,,United Kingdom
563195,22029,SPACEBOY BIRTHDAY CARD,2,2011-08-12 16:36:00,0.83,,United Kingdom
563195,22035,VINTAGE CARAVAN GREETING CARD ,1,2011-08-12 16:36:00,0.83,,United Kingdom
563195,22037,ROBOT BIRTHDAY CARD,1,2011-08-12 16:36:00,0.83,,United Kingdom
563195,22062,CERAMIC BOWL WITH LOVE HEART DESIGN,1,2011-08-12 16:36:00,2.46,,United Kingdom
563195,22063,CERAMIC BOWL WITH STRAWBERRY DESIGN,1,2011-08-12 16:36:00,5.79,,United Kingdom
563195,22077,6 RIBBONS RUSTIC CHARM,1,2011-08-12 16:36:00,3.29,,United Kingdom
563195,22078,RIBBON REEL LACE DESIGN ,1,2011-08-12 16:36:00,4.13,,United Kingdom
563195,22090,PAPER BUNTING RETROSPOT,7,2011-08-12 16:36:00,5.79,,United Kingdom
563195,22103,MIRROR MOSAIC T-LIGHT HOLDER ROUND,10,2011-08-12 16:36:00,3.29,,United Kingdom
563195,22112,CHOCOLATE HOT WATER BOTTLE,1,2011-08-12 16:36:00,10.79,,United Kingdom
563195,22132,RED LOVE HEART SHAPE CUP,1,2011-08-12 16:36:00,1.63,,United Kingdom
563195,22133,PINK LOVE HEART SHAPE CUP,1,2011-08-12 16:36:00,1.63,,United Kingdom
563195,22134,MINI LADLE LOVE HEART RED ,1,2011-08-12 16:36:00,0.83,,United Kingdom
563195,22135,MINI LADLE LOVE HEART PINK,1,2011-08-12 16:36:00,0.83,,United Kingdom
563195,22139,RETROSPOT TEA SET CERAMIC 11 PC ,1,2011-08-12 16:36:00,10.79,,United Kingdom
563195,22158,3 HEARTS HANGING DECORATION RUSTIC,1,2011-08-12 16:36:00,5.79,,United Kingdom
563195,22169,FAMILY ALBUM WHITE PICTURE FRAME,1,2011-08-12 16:36:00,16.63,,United Kingdom
563195,22178,VICTORIAN GLASS HANGING T-LIGHT,4,2011-08-12 16:36:00,2.46,,United Kingdom
563195,22185,SLATE TILE NATURAL HANGING,1,2011-08-12 16:36:00,3.29,,United Kingdom
563195,22244,3 HOOK HANGER MAGIC GARDEN,1,2011-08-12 16:36:00,4.13,,United Kingdom
563195,22260,FELT EGG COSY BLUE RABBIT ,1,2011-08-12 16:36:00,1.63,,United Kingdom
563195,22268,DECORATION SITTING BUNNY,1,2011-08-12 16:36:00,0.63,,United Kingdom
563195,22321,BIRD DECORATION RED RETROSPOT,3,2011-08-12 16:36:00,1.63,,United Kingdom
563195,22326,ROUND SNACK BOXES SET OF4 WOODLAND ,1,2011-08-12 16:36:00,5.79,,United Kingdom
563195,22328,ROUND SNACK BOXES SET OF 4 FRUITS ,1,2011-08-12 16:36:00,5.79,,United Kingdom
563195,22348,TEA BAG PLATE RED RETROSPOT,1,2011-08-12 16:36:00,1.63,,United Kingdom
563195,22367,CHILDRENS APRON SPACEBOY DESIGN,1,2011-08-12 16:36:00,4.13,,United Kingdom
563195,22378,WALL TIDY RETROSPOT ,1,2011-08-12 16:36:00,4.13,,United Kingdom
563195,22379,RECYCLING BAG RETROSPOT ,2,2011-08-12 16:36:00,4.13,,United Kingdom
563195,22382,LUNCH BAG SPACEBOY DESIGN ,1,2011-08-12 16:36:00,4.13,,United Kingdom
563195,22386,JUMBO BAG PINK POLKADOT,1,2011-08-12 16:36:00,4.13,,United Kingdom
563195,22417,PACK OF 60 SPACEBOY CAKE CASES,1,2011-08-12 16:36:00,1.25,,United Kingdom
563195,22457,NATURAL SLATE HEART CHALKBOARD ,1,2011-08-12 16:36:00,5.79,,United Kingdom
563195,22460,EMBOSSED GLASS TEALIGHT HOLDER,4,2011-08-12 16:36:00,2.46,,United Kingdom
563195,22464,HANGING METAL HEART LANTERN,1,2011-08-12 16:36:00,3.29,,United Kingdom
563195,22477,WATERING CAN GARDEN MARKER,1,2011-08-12 16:36:00,2.46,,United Kingdom
563195,22478,BIRDHOUSE GARDEN MARKER ,2,2011-08-12 16:36:00,2.46,,United Kingdom
563195,22487,WHITE WOOD GARDEN PLANT LADDER,2,2011-08-12 16:36:00,19.96,,United Kingdom
563195,22501,PICNIC BASKET WICKER LARGE,1,2011-08-12 16:36:00,20.79,,United Kingdom
563195,22507,MEMO BOARD RETROSPOT  DESIGN,1,2011-08-12 16:36:00,10.79,,United Kingdom
563195,22545,MINI JIGSAW BUNNIES,2,2011-08-12 16:36:00,0.83,,United Kingdom
563195,22551,PLASTERS IN TIN SPACEBOY,1,2011-08-12 16:36:00,3.29,,United Kingdom
563195,22558,CLOTHES PEGS RETROSPOT PACK 24 ,1,2011-08-12 16:36:00,3.29,,United Kingdom
563195,22595,GINGHAM HEART DECORATION,4,2011-08-12 16:36:00,1.63,,United Kingdom
563195,22602,RETROSPOT WOODEN HEART DECORATION,1,2011-08-12 16:36:00,1.63,,United Kingdom
563195,22607,WOODEN ROUNDERS GARDEN SET ,1,2011-08-12 16:36:00,16.63,,United Kingdom
563195,22616,PACK OF 12 LONDON TISSUES ,2,2011-08-12 16:36:00,0.83,,United Kingdom
563195,22652,TRAVEL SEWING KIT,1,2011-08-12 16:36:00,3.29,,United Kingdom
563195,22662,LUNCH BAG DOLLY GIRL DESIGN,1,2011-08-12 16:36:00,4.13,,United Kingdom
563195,22664,TOY TIDY DOLLY GIRL DESIGN,1,2011-08-12 16:36:00,4.13,,United Kingdom
563195,22665,RECIPE BOX BLUE SKETCHBOOK DESIGN,1,2011-08-12 16:36:00,5.79,,United Kingdom
563195,22669,RED BABY BUNTING ,1,2011-08-12 16:36:00,5.79,,United Kingdom
563195,22670,FRENCH WC SIGN BLUE METAL,1,2011-08-12 16:36:00,2.46,,United Kingdom
563195,22712,CARD DOLLY GIRL ,1,2011-08-12 16:36:00,0.83,,United Kingdom
563195,22713,CARD I LOVE LONDON ,1,2011-08-12 16:36:00,0.83,,United Kingdom
563195,22714,CARD BIRTHDAY COWBOY,1,2011-08-12 16:36:00,0.83,,United Kingdom
563195,22738,RIBBON REEL SNOWY VILLAGE,1,2011-08-12 16:36:00,3.29,,United Kingdom
563195,22744,MAKE YOUR OWN MONSOON CARD KIT,1,2011-08-12 16:36:00,5.79,,United Kingdom
563195,22745,POPPY'S PLAYHOUSE BEDROOM ,1,2011-08-12 16:36:00,4.13,,United Kingdom
563195,22798,ANTIQUE GLASS DRESSING TABLE POT,1,2011-08-12 16:36:00,5.79,,United Kingdom
563195,22800,ANTIQUE TALL SWIRLGLASS TRINKET POT,1,2011-08-12 16:36:00,7.46,,United Kingdom
563195,22801,ANTIQUE GLASS PEDESTAL BOWL,1,2011-08-12 16:36:00,7.46,,United Kingdom
563195,22814,CARD PARTY GAMES ,1,2011-08-12 16:36:00,0.83,,United Kingdom
563195,22815,CARD PSYCHEDELIC APPLES,1,2011-08-12 16:36:00,0.83,,United Kingdom
563195,22835,HOT WATER BOTTLE I AM SO POORLY,1,2011-08-12 16:36:00,9.13,,United Kingdom
563195,22880,NUMBER TILE VINTAGE FONT 1,1,2011-08-12 16:36:00,4.13,,United Kingdom
563195,22881,NUMBER TILE VINTAGE FONT 2,1,2011-08-12 16:36:00,4.13,,United Kingdom
563195,22886,NUMBER TILE VINTAGE FONT 7,1,2011-08-12 16:36:00,4.13,,United Kingdom
563195,22900,SET 2 TEA TOWELS I LOVE LONDON ,1,2011-08-12 16:36:00,6.63,,United Kingdom
563195,22907,PACK OF 20 NAPKINS PANTRY DESIGN,10,2011-08-12 16:36:00,1.63,,United Kingdom
563195,22930,BAKING MOULD HEART MILK CHOCOLATE,1,2011-08-12 16:36:00,4.96,,United Kingdom
563195,22960,JAM MAKING SET WITH JARS,3,2011-08-12 16:36:00,8.29,,United Kingdom
563195,22961,JAM MAKING SET PRINTED,3,2011-08-12 16:36:00,3.29,,United Kingdom
563195,22962,JAM JAR WITH PINK LID,4,2011-08-12 16:36:00,1.63,,United Kingdom
563195,22963,JAM JAR WITH GREEN LID,4,2011-08-12 16:36:00,1.63,,United Kingdom
563195,22979,PANTRY WASHING UP BRUSH,1,2011-08-12 16:36:00,3.29,,United Kingdom
563195,22980,PANTRY SCRUBBING BRUSH,1,2011-08-12 16:36:00,3.29,,United Kingdom
563195,22983,CARD BILLBOARD FONT,1,2011-08-12 16:36:00,0.83,,United Kingdom
563195,22990,COTTON APRON PANTRY DESIGN,1,2011-08-12 16:36:00,10.79,,United Kingdom
563195,22993,SET OF 4 PANTRY JELLY MOULDS,2,2011-08-12 16:36:00,2.46,,United Kingdom
563195,23005,TRAVEL CARD WALLET I LOVE LONDON,1,2011-08-12 16:36:00,0.83,,United Kingdom
563195,23029,DRAWER KNOB CRACKLE GLAZE GREEN,6,2011-08-12 16:36:00,3.29,,United Kingdom
563196,23203,JUMBO BAG VINTAGE DOILY ,10,2011-08-12 16:54:00,2.08,14406.0,United Kingdom
563196,85099C,JUMBO  BAG BAROQUE BLACK WHITE,10,2011-08-12 16:54:00,2.08,14406.0,United Kingdom
563196,22778,GLASS CLOCHE SMALL,5,2011-08-12 16:54:00,3.95,14406.0,United Kingdom
563196,22487,WHITE WOOD GARDEN PLANT LADDER,2,2011-08-12 16:54:00,9.95,14406.0,United Kingdom
563196,21742,LARGE ROUND WICKER PLATTER ,2,2011-08-12 16:54:00,5.95,14406.0,United Kingdom
563196,22130,PARTY CONE CHRISTMAS DECORATION ,36,2011-08-12 16:54:00,0.85,14406.0,United Kingdom
563196,82494L,WOODEN FRAME ANTIQUE WHITE ,6,2011-08-12 16:54:00,2.95,14406.0,United Kingdom
563196,82482,WOODEN PICTURE FRAME WHITE FINISH,6,2011-08-12 16:54:00,2.55,14406.0,United Kingdom
