InvoiceNo,StockCode,Description,Quantity,InvoiceDate,UnitPrice,CustomerID,Country
545669,22112,CHOCOLATE HOT WATER BOTTLE,2,2011-03-06 10:05:00,4.95,17243.0,United Kingdom
545669,22835,HOT WATER BOTTLE I AM SO POORLY,2,2011-03-06 10:05:00,4.65,17243.0,United Kingdom
545669,23184,BULL DOG BOTTLE OPENER,5,2011-03-06 10:05:00,4.95,17243.0,United Kingdom
545669,22112,CHOCOLATE HOT WATER BOTTLE,4,2011-03-06 10:05:00,4.95,17243.0,United Kingdom
545669,22835,HOT WATER BOTTLE I AM SO POORLY,2,2011-03-06 10:05:00,4.65,17243.0,United Kingdom
545669,22753,SMALL YELLOW BABUSHKA NOTEBOOK ,12,2011-03-06 10:05:00,0.85,17243.0,United Kingdom
545669,22976,CIRCUS PARADE CHILDRENS EGG CUP ,12,2011-03-06 10:05:00,1.25,17243.0,United Kingdom
545669,21613,S/12 VANILLA  BOTANICAL T-LIGHTS,12,2011-03-06 10:05:00,2.95,17243.0,United Kingdom
545669,21609,SET 12 LAVENDER  BOTANICAL T-LIGHTS,12,2011-03-06 10:05:00,2.95,17243.0,United Kingdom
545669,21755,LOVE BUILDING BLOCK WORD,3,2011-03-06 10:05:00,5.95,17243.0,United Kingdom
545670,22423,REGENCY CAKESTAND 3 TIER,16,2011-03-06 10:07:00,10.95,15465.0,United Kingdom
545670,22666,RECIPE BOX PANTRY YELLOW DESIGN,5,2011-03-06 10:07:00,2.95,15465.0,United Kingdom
545670,21754,HOME BUILDING BLOCK WORD,4,2011-03-06 10:07:00,5.95,15465.0,United Kingdom
545670,22241,GARLAND WOODEN HAPPY EASTER,36,2011-03-06 10:07:00,1.25,15465.0,United Kingdom
545670,21621,VINTAGE UNION JACK BUNTING,4,2011-03-06 10:07:00,8.5,15465.0,United Kingdom
C545671,22423,REGENCY CAKESTAND 3 TIER,-7,2011-03-06 10:08:00,10.95,15465.0,United Kingdom
C545672,22784,LANTERN CREAM GAZEBO ,-1,2011-03-06 10:13:00,4.95,15304.0,United Kingdom
C545673,22808,SET OF 6 T-LIGHTS EASTER CHICKS,-18,2011-03-06 10:14:00,2.95,14745.0,United Kingdom
C545674,22666,RECIPE BOX PANTRY YELLOW DESIGN,-1,2011-03-06 10:25:00,2.95,18223.0,United Kingdom
C545674,22892,SET OF SALT AND PEPPER TOADSTOOLS,-1,2011-03-06 10:25:00,1.25,18223.0,United Kingdom
C545674,85099C,JUMBO  BAG BAROQUE BLACK WHITE,-1,2011-03-06 10:25:00,1.95,18223.0,United Kingdom
545675,22993,SET OF 4 PANTRY JELLY MOULDS,12,2011-03-06 10:26:00,1.25,18223.0,United Kingdom
545676,21918,SET 12 KIDS COLOUR  CHALK STICKS,24,2011-03-06 10:26:00,0.42,15034.0,United Kingdom
545676,21916,SET 12 RETRO WHITE CHALK STICKS,24,2011-03-06 10:26:00,0.42,15034.0,United Kingdom
545676,22192,BLUE DINER WALL CLOCK,2,2011-03-06 10:26:00,8.5,15034.0,United Kingdom
545676,22193,RED DINER WALL CLOCK,2,2011-03-06 10:26:00,8.5,15034.0,United Kingdom
545676,21713,CITRONELLA CANDLE FLOWERPOT,96,2011-03-06 10:26:00,1.85,15034.0,United Kingdom
545676,21888,BINGO SET,4,2011-03-06 10:26:00,3.75,15034.0,United Kingdom
C545677,M,Manual,-2,2011-03-06 10:48:00,10.65,14543.0,United Kingdom
C545677,M,Manual,-1,2011-03-06 10:48:00,12.75,14543.0,United Kingdom
C545677,21258,VICTORIAN SEWING BOX LARGE,-4,2011-03-06 10:48:00,12.75,14543.0,United Kingdom
C545677,22207,FRYING PAN UNION FLAG,-1,2011-03-06 10:48:00,4.25,14543.0,United Kingdom
C545677,22625,RED KITCHEN SCALES,-2,2011-03-06 10:48:00,7.65,14543.0,United Kingdom
C545677,22627,MINT KITCHEN SCALES,-1,2011-03-06 10:48:00,7.65,14543.0,United Kingdom
C545677,22624,IVORY KITCHEN SCALES,-4,2011-03-06 10:48:00,7.65,14543.0,United Kingdom
C545677,21528,DAIRY MAID TRADITIONAL TEAPOT ,-2,2011-03-06 10:48:00,5.95,14543.0,United Kingdom
C545677,21534,DAIRY MAID LARGE MILK JUG,-1,2011-03-06 10:48:00,4.95,14543.0,United Kingdom
C545677,21781,MA CAMPAGNE CUTLERY BOX,-7,2011-03-06 10:48:00,12.75,14543.0,United Kingdom
C545677,21843,RED RETROSPOT CAKE STAND,-1,2011-03-06 10:48:00,9.95,14543.0,United Kingdom
C545678,22098,BOUDOIR SQUARE TISSUE BOX,-1,2011-03-06 10:49:00,1.25,16678.0,United Kingdom
C545678,84978,HANGING HEART JAR T-LIGHT HOLDER,-1,2011-03-06 10:49:00,1.25,16678.0,United Kingdom
C545679,22494,EMERGENCY FIRST AID TIN ,-1,2011-03-06 11:07:00,1.25,16923.0,United Kingdom
545680,21793,CLASSIC FRENCH STYLE BASKET BROWN,16,2011-03-06 11:27:00,5.95,15400.0,United Kingdom
545680,21878,PACK OF 6 SANDCASTLE FLAGS ASSORTED,72,2011-03-06 11:27:00,0.85,15400.0,United Kingdom
545680,21718,RED METAL BEACH SPADE ,20,2011-03-06 11:27:00,1.25,15400.0,United Kingdom
545680,21715,GIRLS VINTAGE TIN SEASIDE BUCKET,32,2011-03-06 11:27:00,2.1,15400.0,United Kingdom
545680,85099F,JUMBO BAG STRAWBERRY,50,2011-03-06 11:27:00,1.95,15400.0,United Kingdom
545681,85150,LADIES & GENTLEMEN METAL SIGN,12,2011-03-06 11:28:00,2.55,16923.0,United Kingdom
545681,21870,I CAN ONLY PLEASE ONE PERSON MUG,6,2011-03-06 11:28:00,1.25,16923.0,United Kingdom
545681,22640,SET OF 4 NAPKIN CHARMS 3 KEYS ,9,2011-03-06 11:28:00,2.55,16923.0,United Kingdom
545681,22266,EASTER DECORATION HANGING BUNNY,5,2011-03-06 11:28:00,0.65,16923.0,United Kingdom
545681,22293,HANGING CHICK GREEN DECORATION,3,2011-03-06 11:28:00,1.45,16923.0,United Kingdom
545681,22292,HANGING CHICK  YELLOW DECORATION,3,2011-03-06 11:28:00,1.45,16923.0,United Kingdom
545681,85188A,GREEN METAL SWINGING BUNNY,6,2011-03-06 11:28:00,0.85,16923.0,United Kingdom
545681,21383,PACK OF 12 STICKY BUNNIES,6,2011-03-06 11:28:00,0.65,16923.0,United Kingdom
545681,21390,FILIGRIS HEART WITH BUTTERFLY,6,2011-03-06 11:28:00,1.25,16923.0,United Kingdom
545681,22251,BIRDHOUSE DECORATION MAGIC GARDEN,2,2011-03-06 11:28:00,1.25,16923.0,United Kingdom
545681,22079,RIBBON REEL HEARTS DESIGN ,3,2011-03-06 11:28:00,1.65,16923.0,United Kingdom
545681,22078,RIBBON REEL LACE DESIGN ,3,2011-03-06 11:28:00,2.1,16923.0,United Kingdom
545681,47567B,TEA TIME KITCHEN APRON,3,2011-03-06 11:28:00,5.95,16923.0,United Kingdom
545681,21155,RED RETROSPOT PEG BAG,3,2011-03-06 11:28:00,2.55,16923.0,United Kingdom
545681,21156,RETROSPOT CHILDRENS APRON,3,2011-03-06 11:28:00,1.95,16923.0,United Kingdom
545681,21390,FILIGRIS HEART WITH BUTTERFLY,5,2011-03-06 11:28:00,1.25,16923.0,United Kingdom
545681,22224,WHITE LOVEBIRD LANTERN,5,2011-03-06 11:28:00,2.95,16923.0,United Kingdom
545681,85123A,WHITE HANGING HEART T-LIGHT HOLDER,10,2011-03-06 11:28:00,2.95,16923.0,United Kingdom
545681,85152,HAND OVER THE CHOCOLATE   SIGN ,12,2011-03-06 11:28:00,2.1,16923.0,United Kingdom
545681,21166,COOK WITH WINE METAL SIGN ,8,2011-03-06 11:28:00,2.08,16923.0,United Kingdom
545681,82494L,WOODEN FRAME ANTIQUE WHITE ,6,2011-03-06 11:28:00,2.95,16923.0,United Kingdom
545681,21181,PLEASE ONE PERSON METAL SIGN,12,2011-03-06 11:28:00,2.1,16923.0,United Kingdom
545681,21174,POTTERING IN THE SHED METAL SIGN,6,2011-03-06 11:28:00,2.08,16923.0,United Kingdom
545681,22138,BAKING SET 9 PIECE RETROSPOT ,2,2011-03-06 11:28:00,4.95,16923.0,United Kingdom
545681,21257,VICTORIAN SEWING BOX MEDIUM,2,2011-03-06 11:28:00,7.95,16923.0,United Kingdom
545681,22624,IVORY KITCHEN SCALES,1,2011-03-06 11:28:00,8.5,16923.0,United Kingdom
545681,22625,RED KITCHEN SCALES,1,2011-03-06 11:28:00,8.5,16923.0,United Kingdom
545681,22626,BLACK KITCHEN SCALES,1,2011-03-06 11:28:00,8.5,16923.0,United Kingdom
545681,22766,PHOTO FRAME CORNICE,2,2011-03-06 11:28:00,2.95,16923.0,United Kingdom
545681,22982,PANTRY PASTRY BRUSH,1,2011-03-06 11:28:00,1.25,16923.0,United Kingdom
545681,21107,CREAM SLICE FLANNEL PINK SPOT ,1,2011-03-06 11:28:00,2.95,16923.0,United Kingdom
545681,21754,HOME BUILDING BLOCK WORD,1,2011-03-06 11:28:00,5.95,16923.0,United Kingdom
545681,21664,RIDGED GLASS STORAGE JAR CREAM LID,1,2011-03-06 11:28:00,3.75,16923.0,United Kingdom
545681,85066,CREAM SWEETHEART MINI CHEST,2,2011-03-06 11:28:00,12.75,16923.0,United Kingdom
545681,22149,FELTCRAFT 6 FLOWER FRIENDS,3,2011-03-06 11:28:00,2.1,16923.0,United Kingdom
545681,22148,EASTER CRAFT 4 CHICKS ,2,2011-03-06 11:28:00,1.95,16923.0,United Kingdom
545681,21244,BLUE POLKADOT PLATE ,2,2011-03-06 11:28:00,1.69,16923.0,United Kingdom
545681,21242,RED RETROSPOT PLATE ,2,2011-03-06 11:28:00,1.69,16923.0,United Kingdom
545681,21243,PINK  POLKADOT PLATE ,4,2011-03-06 11:28:00,1.69,16923.0,United Kingdom
545681,21755,LOVE BUILDING BLOCK WORD,4,2011-03-06 11:28:00,5.95,16923.0,United Kingdom
545681,20724,RED RETROSPOT CHARLOTTE BAG,4,2011-03-06 11:28:00,0.85,16923.0,United Kingdom
545681,22661,CHARLOTTE BAG DOLLY GIRL DESIGN,3,2011-03-06 11:28:00,0.85,16923.0,United Kingdom
545681,22355,CHARLOTTE BAG SUKI DESIGN,5,2011-03-06 11:28:00,0.85,16923.0,United Kingdom
545681,20724,RED RETROSPOT CHARLOTTE BAG,10,2011-03-06 11:28:00,0.85,16923.0,United Kingdom
545681,22697,GREEN REGENCY TEACUP AND SAUCER,4,2011-03-06 11:28:00,2.95,16923.0,United Kingdom
545681,22383,LUNCH BAG SUKI DESIGN ,10,2011-03-06 11:28:00,1.65,16923.0,United Kingdom
545681,84978,HANGING HEART JAR T-LIGHT HOLDER,12,2011-03-06 11:28:00,1.25,16923.0,United Kingdom
545681,22384,LUNCH BAG PINK POLKADOT,10,2011-03-06 11:28:00,1.65,16923.0,United Kingdom
545681,22698,PINK REGENCY TEACUP AND SAUCER,16,2011-03-06 11:28:00,2.95,16923.0,United Kingdom
545681,22697,GREEN REGENCY TEACUP AND SAUCER,10,2011-03-06 11:28:00,2.95,16923.0,United Kingdom
545681,22699,ROSES REGENCY TEACUP AND SAUCER ,10,2011-03-06 11:28:00,2.95,16923.0,United Kingdom
545681,22356,CHARLOTTE BAG PINK POLKADOT,7,2011-03-06 11:28:00,0.85,16923.0,United Kingdom
545681,23003,TRAVEL CARD WALLET VINTAGE ROSE ,2,2011-03-06 11:28:00,0.42,16923.0,United Kingdom
545681,84559B,3D SHEET OF CAT STICKERS,1,2011-03-06 11:28:00,0.85,16923.0,United Kingdom
545681,84559A,3D SHEET OF DOG STICKERS,1,2011-03-06 11:28:00,0.85,16923.0,United Kingdom
545681,22168,ORGANISER WOOD ANTIQUE WHITE ,1,2011-03-06 11:28:00,8.5,16923.0,United Kingdom
545681,22178,VICTORIAN GLASS HANGING T-LIGHT,12,2011-03-06 11:28:00,1.25,16923.0,United Kingdom
545681,21259,VICTORIAN SEWING BOX SMALL ,2,2011-03-06 11:28:00,5.95,16923.0,United Kingdom
545682,20785,FUSCHIA RETRO BAR STOOL,2,2011-03-06 11:39:00,39.95,14701.0,United Kingdom
545682,90084,PINK CRYSTAL GUITAR PHONE CHARM,1,2011-03-06 11:39:00,0.85,14701.0,United Kingdom
545682,90003B,ROSE COLOUR PAIR HEART HAIR SLIDES,1,2011-03-06 11:39:00,3.75,14701.0,United Kingdom
545682,90003C,MIDNIGHT BLUE PAIR HEART HAIR SLIDE,1,2011-03-06 11:39:00,3.75,14701.0,United Kingdom
545682,90190C,SILVER/AMETHYST DROP EARRINGS LEAF,1,2011-03-06 11:39:00,2.95,14701.0,United Kingdom
545682,22262,FELT EGG COSY CHICKEN,6,2011-03-06 11:39:00,0.85,14701.0,United Kingdom
545682,22261,FELT EGG COSY WHITE RABBIT ,6,2011-03-06 11:39:00,0.85,14701.0,United Kingdom
545682,22268,EASTER DECORATION SITTING BUNNY,8,2011-03-06 11:39:00,0.85,14701.0,United Kingdom
545682,22999,TRAVEL CARD WALLET RETRO PETALS,2,2011-03-06 11:39:00,0.42,14701.0,United Kingdom
545682,23006,TRAVEL CARD WALLET FLOWER MEADOW,1,2011-03-06 11:39:00,0.42,14701.0,United Kingdom
545682,23000,TRAVEL CARD WALLET TRANSPORT,5,2011-03-06 11:39:00,0.42,14701.0,United Kingdom
545682,22998,TRAVEL CARD WALLET KEEP CALM,3,2011-03-06 11:39:00,0.42,14701.0,United Kingdom
545682,22999,TRAVEL CARD WALLET RETRO PETALS,1,2011-03-06 11:39:00,0.42,14701.0,United Kingdom
545682,22972,CHILDREN'S SPACEBOY MUG,2,2011-03-06 11:39:00,1.65,14701.0,United Kingdom
545682,22974,CHILDRENS DOLLY GIRL MUG,2,2011-03-06 11:39:00,1.65,14701.0,United Kingdom
545682,22971,QUEENS GUARD COFFEE MUG,2,2011-03-06 11:39:00,2.55,14701.0,United Kingdom
545682,22979,PANTRY WASHING UP BRUSH,2,2011-03-06 11:39:00,1.45,14701.0,United Kingdom
545682,22980,PANTRY SCRUBBING BRUSH,2,2011-03-06 11:39:00,1.65,14701.0,United Kingdom
545682,22859,EASTER TIN BUNNY BOUQUET,4,2011-03-06 11:39:00,1.65,14701.0,United Kingdom
545682,22858,EASTER TIN KEEPSAKE,5,2011-03-06 11:39:00,1.65,14701.0,United Kingdom
545682,84459B,YELLOW METAL CHICKEN HEART ,3,2011-03-06 11:39:00,1.49,14701.0,United Kingdom
545682,84459A,PINK METAL CHICKEN HEART ,2,2011-03-06 11:39:00,1.49,14701.0,United Kingdom
545682,23193,BUFFALO BILL TREASURE BOOK BOX,1,2011-03-06 11:39:00,2.25,14701.0,United Kingdom
545682,23176,ABC TREASURE BOOK BOX ,1,2011-03-06 11:39:00,2.25,14701.0,United Kingdom
545682,23194,GYMKHANA TREASURE BOOK BOX,1,2011-03-06 11:39:00,2.25,14701.0,United Kingdom
545682,23177,TREASURE ISLAND BOOK BOX,1,2011-03-06 11:39:00,2.25,14701.0,United Kingdom
545682,23183,MOTHER'S KITCHEN SPOON REST ,3,2011-03-06 11:39:00,3.75,14701.0,United Kingdom
545682,22781,GUMBALL MAGAZINE RACK,1,2011-03-06 11:39:00,7.65,14701.0,United Kingdom
545682,22174,PHOTO CUBE,2,2011-03-06 11:39:00,1.65,14701.0,United Kingdom
545682,22962,JAM JAR WITH PINK LID,3,2011-03-06 11:39:00,0.85,14701.0,United Kingdom
545682,22963,JAM JAR WITH GREEN LID,3,2011-03-06 11:39:00,0.85,14701.0,United Kingdom
545682,22982,PANTRY PASTRY BRUSH,2,2011-03-06 11:39:00,1.25,14701.0,United Kingdom
545682,23184,BULL DOG BOTTLE OPENER,2,2011-03-06 11:39:00,4.95,14701.0,United Kingdom
545682,22977,DOLLY GIRL CHILDRENS EGG CUP,3,2011-03-06 11:39:00,1.25,14701.0,United Kingdom
545682,22988,SOLDIERS EGG CUP ,3,2011-03-06 11:39:00,1.25,14701.0,United Kingdom
545682,22976,CIRCUS PARADE CHILDRENS EGG CUP ,3,2011-03-06 11:39:00,1.25,14701.0,United Kingdom
545682,22975,SPACEBOY CHILDRENS EGG CUP,3,2011-03-06 11:39:00,1.25,14701.0,United Kingdom
545682,22269,EGG CUP NATURAL CHICKEN,13,2011-03-06 11:39:00,1.25,14701.0,United Kingdom
545682,22960,JAM MAKING SET WITH JARS,2,2011-03-06 11:39:00,4.25,14701.0,United Kingdom
545682,84575A,PINK DOG CANNISTER,2,2011-03-06 11:39:00,5.95,14701.0,United Kingdom
545683,22168,ORGANISER WOOD ANTIQUE WHITE ,2,2011-03-06 11:50:00,8.5,14903.0,United Kingdom
545683,22829,SWEETHEART WIRE WALL TIDY,1,2011-03-06 11:50:00,9.95,14903.0,United Kingdom
545683,22763,KEY CABINET MA CAMPAGNE,2,2011-03-06 11:50:00,9.95,14903.0,United Kingdom
545683,22171,3 HOOK PHOTO SHELF ANTIQUE WHITE,2,2011-03-06 11:50:00,8.5,14903.0,United Kingdom
545683,22832,BROCANTE SHELF WITH HOOKS,2,2011-03-06 11:50:00,10.75,14903.0,United Kingdom
545683,22760,"TRAY, BREAKFAST IN BED",1,2011-03-06 11:50:00,12.75,14903.0,United Kingdom
545683,22189,CREAM HEART CARD HOLDER,2,2011-03-06 11:50:00,3.95,14903.0,United Kingdom
545683,22188,BLACK HEART CARD HOLDER,1,2011-03-06 11:50:00,3.95,14903.0,United Kingdom
545683,21314,SMALL GLASS HEART TRINKET POT,4,2011-03-06 11:50:00,2.1,14903.0,United Kingdom
545683,22797,CHEST OF DRAWERS GINGHAM HEART ,1,2011-03-06 11:50:00,16.95,14903.0,United Kingdom
545683,22800,ANTIQUE TALL SWIRLGLASS TRINKET POT,4,2011-03-06 11:50:00,3.75,14903.0,United Kingdom
545683,21108,FAIRY CAKE FLANNEL ASSORTED COLOUR,9,2011-03-06 11:50:00,2.55,14903.0,United Kingdom
545683,84836,ZINC METAL HEART DECORATION,6,2011-03-06 11:50:00,1.25,14903.0,United Kingdom
545683,22791,T-LIGHT GLASS FLUTED ANTIQUE,12,2011-03-06 11:50:00,1.25,14903.0,United Kingdom
545683,21430,SET/3 RED GINGHAM ROSE STORAGE BOX,2,2011-03-06 11:50:00,3.75,14903.0,United Kingdom
545683,21654,RIDGED GLASS FINGER BOWL,6,2011-03-06 11:50:00,1.45,14903.0,United Kingdom
545683,82494L,WOODEN FRAME ANTIQUE WHITE ,3,2011-03-06 11:50:00,2.95,14903.0,United Kingdom
545683,84946,ANTIQUE SILVER TEA GLASS ETCHED,6,2011-03-06 11:50:00,1.25,14903.0,United Kingdom
545683,22844,VINTAGE CREAM DOG FOOD CONTAINER,1,2011-03-06 11:50:00,8.5,14903.0,United Kingdom
545683,84945,MULTI COLOUR SILVER T-LIGHT HOLDER,24,2011-03-06 11:50:00,0.85,14903.0,United Kingdom
545683,22863,SOAP DISH BROCANTE,4,2011-03-06 11:50:00,2.95,14903.0,United Kingdom
545683,21899,"KEY FOB , GARAGE DESIGN",48,2011-03-06 11:50:00,0.65,14903.0,United Kingdom
545683,22854,CREAM SWEETHEART EGG HOLDER,2,2011-03-06 11:50:00,4.95,14903.0,United Kingdom
545683,21745,GAOLERS KEYS DECORATIVE GARDEN ,6,2011-03-06 11:50:00,3.75,14903.0,United Kingdom
545683,22499,WOODEN UNION JACK BUNTING,2,2011-03-06 11:50:00,5.95,14903.0,United Kingdom
545683,22328,ROUND SNACK BOXES SET OF 4 FRUITS ,3,2011-03-06 11:50:00,2.95,14903.0,United Kingdom
545683,22079,RIBBON REEL HEARTS DESIGN ,1,2011-03-06 11:50:00,1.65,14903.0,United Kingdom
545683,22727,ALARM CLOCK BAKELIKE RED ,2,2011-03-06 11:50:00,3.75,14903.0,United Kingdom
545683,22726,ALARM CLOCK BAKELIKE GREEN,2,2011-03-06 11:50:00,3.75,14903.0,United Kingdom
545683,22728,ALARM CLOCK BAKELIKE PINK,2,2011-03-06 11:50:00,3.75,14903.0,United Kingdom
545683,22730,ALARM CLOCK BAKELIKE IVORY,2,2011-03-06 11:50:00,3.75,14903.0,United Kingdom
545683,21389,IVORY HANGING DECORATION  BIRD,4,2011-03-06 11:50:00,0.85,14903.0,United Kingdom
545683,22285,HANGING HEN ON NEST DECORATION,2,2011-03-06 11:50:00,1.65,14903.0,United Kingdom
545683,22266,EASTER DECORATION HANGING BUNNY,4,2011-03-06 11:50:00,0.65,14903.0,United Kingdom
545683,22267,EASTER DECORATION EGG BUNNY ,2,2011-03-06 11:50:00,1.25,14903.0,United Kingdom
545683,22269,EGG CUP NATURAL CHICKEN,5,2011-03-06 11:50:00,1.25,14903.0,United Kingdom
545683,22268,EASTER DECORATION SITTING BUNNY,2,2011-03-06 11:50:00,0.85,14903.0,United Kingdom
545683,21584,RETROSPOT SMALL TUBE MATCHES,1,2011-03-06 11:50:00,1.65,14903.0,United Kingdom
545683,22284,HEN HOUSE DECORATION,2,2011-03-06 11:50:00,1.65,14903.0,United Kingdom
545683,22469,HEART OF WICKER SMALL,4,2011-03-06 11:50:00,1.65,14903.0,United Kingdom
545683,21591,COSY HOUR CIGAR BOX MATCHES ,2,2011-03-06 11:50:00,1.25,14903.0,United Kingdom
545683,22558,CLOTHES PEGS RETROSPOT PACK 24 ,2,2011-03-06 11:50:00,1.49,14903.0,United Kingdom
545683,21584,RETROSPOT SMALL TUBE MATCHES,1,2011-03-06 11:50:00,1.65,14903.0,United Kingdom
545683,22079,RIBBON REEL HEARTS DESIGN ,1,2011-03-06 11:50:00,1.65,14903.0,United Kingdom
545683,21078,SET/20 STRAWBERRY PAPER NAPKINS ,6,2011-03-06 11:50:00,0.85,14903.0,United Kingdom
545683,22804,CANDLEHOLDER PINK HANGING HEART,2,2011-03-06 11:50:00,2.95,14903.0,United Kingdom
545683,85123A,WHITE HANGING HEART T-LIGHT HOLDER,4,2011-03-06 11:50:00,2.95,14903.0,United Kingdom
545683,21428,SET3 BOOK BOX GREEN GINGHAM FLOWER ,1,2011-03-06 11:50:00,4.25,14903.0,United Kingdom
545683,82581,TOILET METAL SIGN,3,2011-03-06 11:50:00,0.55,14903.0,United Kingdom
545683,22831,WHITE BROCANTE SOAP DISH,4,2011-03-06 11:50:00,2.95,14903.0,United Kingdom
545683,85150,LADIES & GENTLEMEN METAL SIGN,1,2011-03-06 11:50:00,2.55,14903.0,United Kingdom
545683,85152,HAND OVER THE CHOCOLATE   SIGN ,1,2011-03-06 11:50:00,2.1,14903.0,United Kingdom
545683,22469,HEART OF WICKER SMALL,2,2011-03-06 11:50:00,1.65,14903.0,United Kingdom
545683,22470,HEART OF WICKER LARGE,4,2011-03-06 11:50:00,2.95,14903.0,United Kingdom
545683,22776,SWEETHEART CAKESTAND 3 TIER,2,2011-03-06 11:50:00,9.95,14903.0,United Kingdom
545683,47590B,PINK HAPPY BIRTHDAY BUNTING,1,2011-03-06 11:50:00,5.45,14903.0,United Kingdom
545683,47566B,TEA TIME PARTY BUNTING,2,2011-03-06 11:50:00,4.95,14903.0,United Kingdom
545683,82482,WOODEN PICTURE FRAME WHITE FINISH,3,2011-03-06 11:50:00,2.55,14903.0,United Kingdom
545683,21363,HOME SMALL WOOD LETTERS,1,2011-03-06 11:50:00,4.95,14903.0,United Kingdom
545684,22968,ROSE COTTAGE KEEPSAKE BOX ,8,2011-03-06 11:52:00,8.5,15606.0,United Kingdom
545684,22960,JAM MAKING SET WITH JARS,12,2011-03-06 11:52:00,3.75,15606.0,United Kingdom
545684,21731,RED TOADSTOOL LED NIGHT LIGHT,12,2011-03-06 11:52:00,1.65,15606.0,United Kingdom
545684,21558,SKULL LUNCH BOX WITH CUTLERY ,12,2011-03-06 11:52:00,2.55,15606.0,United Kingdom
545684,21559,STRAWBERRY LUNCH BOX WITH CUTLERY,12,2011-03-06 11:52:00,2.55,15606.0,United Kingdom
545684,35004B,SET OF 3 BLACK FLYING DUCKS,12,2011-03-06 11:52:00,4.65,15606.0,United Kingdom
545684,22729,ALARM CLOCK BAKELIKE ORANGE,8,2011-03-06 11:52:00,3.75,15606.0,United Kingdom
545685,22507,MEMO BOARD RETROSPOT  DESIGN,1,2011-03-06 11:55:00,4.95,14499.0,United Kingdom
545685,20967,GREY FLORAL FELTCRAFT SHOULDER BAG,1,2011-03-06 11:55:00,3.75,14499.0,United Kingdom
545685,85203,HANGING WOOD AND FELT BUTTERFLY ,2,2011-03-06 11:55:00,0.42,14499.0,United Kingdom
545685,22293,HANGING CHICK GREEN DECORATION,1,2011-03-06 11:55:00,1.45,14499.0,United Kingdom
545685,22292,HANGING CHICK  YELLOW DECORATION,1,2011-03-06 11:55:00,1.45,14499.0,United Kingdom
545685,20972,PINK CREAM FELT CRAFT TRINKET BOX ,1,2011-03-06 11:55:00,1.25,14499.0,United Kingdom
545685,22895,SET OF 2 TEA TOWELS APPLE AND PEARS,1,2011-03-06 11:55:00,2.95,14499.0,United Kingdom
545685,22896,PEG BAG APPLES DESIGN,1,2011-03-06 11:55:00,2.55,14499.0,United Kingdom
545685,22897,OVEN MITT APPLES DESIGN,1,2011-03-06 11:55:00,1.45,14499.0,United Kingdom
545685,22979,PANTRY WASHING UP BRUSH,1,2011-03-06 11:55:00,1.45,14499.0,United Kingdom
545685,21592,RETROSPOT CIGAR BOX MATCHES ,1,2011-03-06 11:55:00,1.25,14499.0,United Kingdom
545685,20981,12 PENCILS TALL TUBE WOODLAND,1,2011-03-06 11:55:00,0.85,14499.0,United Kingdom
545685,20658,RED RETROSPOT LUGGAGE TAG,1,2011-03-06 11:55:00,1.25,14499.0,United Kingdom
545685,16235,RECYCLED PENCIL WITH RABBIT ERASER,4,2011-03-06 11:55:00,0.21,14499.0,United Kingdom
545685,22457,NATURAL SLATE HEART CHALKBOARD ,3,2011-03-06 11:55:00,2.95,14499.0,United Kingdom
545685,22228,BUNNY WOODEN PAINTED WITH BIRD ,3,2011-03-06 11:55:00,0.85,14499.0,United Kingdom
545685,85197,SET OF 12 MINI BUNNIES IN A BUCKET,1,2011-03-06 11:55:00,2.1,14499.0,United Kingdom
545685,84970S,HANGING HEART ZINC T-LIGHT HOLDER,2,2011-03-06 11:55:00,0.85,14499.0,United Kingdom
545685,22555,PLASTERS IN TIN STRONGMAN,1,2011-03-06 11:55:00,1.65,14499.0,United Kingdom
545685,22556,PLASTERS IN TIN CIRCUS PARADE ,1,2011-03-06 11:55:00,1.65,14499.0,United Kingdom
545685,22557,PLASTERS IN TIN VINTAGE PAISLEY ,1,2011-03-06 11:55:00,1.65,14499.0,United Kingdom
545685,85123A,WHITE HANGING HEART T-LIGHT HOLDER,3,2011-03-06 11:55:00,2.95,14499.0,United Kingdom
545685,22328,ROUND SNACK BOXES SET OF 4 FRUITS ,2,2011-03-06 11:55:00,2.95,14499.0,United Kingdom
545685,85203,HANGING WOOD AND FELT BUTTERFLY ,3,2011-03-06 11:55:00,0.42,14499.0,United Kingdom
545685,22962,JAM JAR WITH PINK LID,1,2011-03-06 11:55:00,0.85,14499.0,United Kingdom
545685,22963,JAM JAR WITH GREEN LID,1,2011-03-06 11:55:00,0.85,14499.0,United Kingdom
545685,47578A,ENGLISH ROSE SMALL SCENTED FLOWER,2,2011-03-06 11:55:00,0.85,14499.0,United Kingdom
545685,47578A,ENGLISH ROSE SMALL SCENTED FLOWER,2,2011-03-06 11:55:00,0.85,14499.0,United Kingdom
545685,22996,TRAVEL CARD WALLET VINTAGE TICKET,1,2011-03-06 11:55:00,0.42,14499.0,United Kingdom
545685,23000,TRAVEL CARD WALLET TRANSPORT,2,2011-03-06 11:55:00,0.42,14499.0,United Kingdom
545685,23003,TRAVEL CARD WALLET VINTAGE ROSE ,1,2011-03-06 11:55:00,0.42,14499.0,United Kingdom
545685,85131A,BEADED PEARL HEART WHITE ON STICK,3,2011-03-06 11:55:00,1.25,14499.0,United Kingdom
545685,22979,PANTRY WASHING UP BRUSH,1,2011-03-06 11:55:00,1.45,14499.0,United Kingdom
545685,21421,PORCELAIN ROSE LARGE ,2,2011-03-06 11:55:00,1.25,14499.0,United Kingdom
545685,21422,PORCELAIN ROSE SMALL,3,2011-03-06 11:55:00,0.85,14499.0,United Kingdom
545685,22993,SET OF 4 PANTRY JELLY MOULDS,2,2011-03-06 11:55:00,1.25,14499.0,United Kingdom
545685,21314,SMALL GLASS HEART TRINKET POT,4,2011-03-06 11:55:00,2.1,14499.0,United Kingdom
545685,82483,WOOD 2 DRAWER CABINET WHITE FINISH,2,2011-03-06 11:55:00,6.95,14499.0,United Kingdom
545685,82484,WOOD BLACK BOARD ANT WHITE FINISH,1,2011-03-06 11:55:00,7.9,14499.0,United Kingdom
545685,22662,LUNCH BAG DOLLY GIRL DESIGN,1,2011-03-06 11:55:00,1.65,14499.0,United Kingdom
545685,22356,CHARLOTTE BAG PINK POLKADOT,1,2011-03-06 11:55:00,0.85,14499.0,United Kingdom
545685,20724,RED RETROSPOT CHARLOTTE BAG,1,2011-03-06 11:55:00,0.85,14499.0,United Kingdom
545685,20728,LUNCH BAG CARS BLUE,1,2011-03-06 11:55:00,1.65,14499.0,United Kingdom
545685,22470,HEART OF WICKER LARGE,3,2011-03-06 11:55:00,2.95,14499.0,United Kingdom
545686,82484,WOOD BLACK BOARD ANT WHITE FINISH,2,2011-03-06 12:09:00,7.9,18211.0,United Kingdom
545686,84949,SILVER HANGING T-LIGHT HOLDER,12,2011-03-06 12:09:00,1.65,18211.0,United Kingdom
545686,21755,LOVE BUILDING BLOCK WORD,2,2011-03-06 12:09:00,5.95,18211.0,United Kingdom
545686,22460,EMBOSSED GLASS TEALIGHT HOLDER,12,2011-03-06 12:09:00,1.25,18211.0,United Kingdom
545686,82482,WOODEN PICTURE FRAME WHITE FINISH,6,2011-03-06 12:09:00,2.55,18211.0,United Kingdom
545686,22178,VICTORIAN GLASS HANGING T-LIGHT,12,2011-03-06 12:09:00,1.25,18211.0,United Kingdom
545686,22766,PHOTO FRAME CORNICE,8,2011-03-06 12:09:00,2.95,18211.0,United Kingdom
545686,85141,JARDIN ETCHED GLASS FRUITBOWL,2,2011-03-06 12:09:00,10.75,18211.0,United Kingdom
545687,48187,DOORMAT NEW ENGLAND,1,2011-03-06 12:20:00,7.95,17769.0,United Kingdom
545687,48184,DOORMAT ENGLISH ROSE ,1,2011-03-06 12:20:00,7.95,17769.0,United Kingdom
545687,20685,DOORMAT RED RETROSPOT,2,2011-03-06 12:20:00,7.95,17769.0,United Kingdom
545687,85206A,CREAM FELT EASTER EGG BASKET,7,2011-03-06 12:20:00,1.65,17769.0,United Kingdom
545687,85194L,HANGING SPRING FLOWER EGG LARGE,6,2011-03-06 12:20:00,0.85,17769.0,United Kingdom
545687,85188A,GREEN METAL SWINGING BUNNY,12,2011-03-06 12:20:00,0.85,17769.0,United Kingdom
545687,21454,PAINTED PINK RABBIT ,8,2011-03-06 12:20:00,0.85,17769.0,United Kingdom
545687,22228,BUNNY WOODEN PAINTED WITH BIRD ,4,2011-03-06 12:20:00,0.85,17769.0,United Kingdom
545687,22957,SET 3 PAPER VINTAGE CHICK PAPER EGG,3,2011-03-06 12:20:00,2.95,17769.0,United Kingdom
545687,22933,BAKING MOULD EASTER EGG MILK CHOC,3,2011-03-06 12:20:00,2.95,17769.0,United Kingdom
545687,22932,BAKING MOULD TOFFEE CUP CHOCOLATE,2,2011-03-06 12:20:00,2.55,17769.0,United Kingdom
545687,84997C,CHILDRENS CUTLERY POLKADOT BLUE,1,2011-03-06 12:20:00,4.15,17769.0,United Kingdom
545687,22966,GINGERBREAD MAN COOKIE CUTTER,2,2011-03-06 12:20:00,1.25,17769.0,United Kingdom
545687,21985,PACK OF 12 HEARTS DESIGN TISSUES ,6,2011-03-06 12:20:00,0.29,17769.0,United Kingdom
545687,22905,CALENDAR IN SEASON DESIGN,4,2011-03-06 12:20:00,2.95,17769.0,United Kingdom
545687,22983,CARD BILLBOARD FONT,12,2011-03-06 12:20:00,0.42,17769.0,United Kingdom
545687,21172,PARTY METAL SIGN ,3,2011-03-06 12:20:00,1.45,17769.0,United Kingdom
545687,22563,HAPPY STENCIL CRAFT,4,2011-03-06 12:20:00,1.25,17769.0,United Kingdom
545687,85197,SET OF 12 MINI BUNNIES IN A BUCKET,1,2011-03-06 12:20:00,2.1,17769.0,United Kingdom
545687,21383,PACK OF 12 STICKY BUNNIES,9,2011-03-06 12:20:00,0.65,17769.0,United Kingdom
545687,21891,TRADITIONAL WOODEN SKIPPING ROPE,1,2011-03-06 12:20:00,1.25,17769.0,United Kingdom
545687,22620,4 TRADITIONAL SPINNING TOPS,2,2011-03-06 12:20:00,1.25,17769.0,United Kingdom
545687,21034,REX CASH+CARRY JUMBO SHOPPER,1,2011-03-06 12:20:00,0.95,17769.0,United Kingdom
545687,23182,TOILET SIGN OCCUPIED OR VACANT,2,2011-03-06 12:20:00,0.83,17769.0,United Kingdom
545687,85197,SET OF 12 MINI BUNNIES IN A BUCKET,1,2011-03-06 12:20:00,2.1,17769.0,United Kingdom
545687,23003,TRAVEL CARD WALLET VINTAGE ROSE ,5,2011-03-06 12:20:00,0.42,17769.0,United Kingdom
545687,23000,TRAVEL CARD WALLET TRANSPORT,5,2011-03-06 12:20:00,0.42,17769.0,United Kingdom
545687,84879,ASSORTED COLOUR BIRD ORNAMENT,3,2011-03-06 12:20:00,1.69,17769.0,United Kingdom
545687,22989,SET 2 PANTRY DESIGN TEA TOWELS,3,2011-03-06 12:20:00,3.25,17769.0,United Kingdom
545687,22241,GARLAND WOODEN HAPPY EASTER,12,2011-03-06 12:20:00,1.25,17769.0,United Kingdom
545687,21743,STAR PORTABLE TABLE LIGHT ,2,2011-03-06 12:20:00,2.95,17769.0,United Kingdom
545687,22621,TRADITIONAL KNITTING NANCY,3,2011-03-06 12:20:00,1.45,17769.0,United Kingdom
545687,22149,FELTCRAFT 6 FLOWER FRIENDS,3,2011-03-06 12:20:00,2.1,17769.0,United Kingdom
545687,85099B,JUMBO BAG RED RETROSPOT,5,2011-03-06 12:20:00,1.95,17769.0,United Kingdom
545687,85099F,JUMBO BAG STRAWBERRY,3,2011-03-06 12:20:00,1.95,17769.0,United Kingdom
545687,20711,JUMBO BAG TOYS ,2,2011-03-06 12:20:00,1.95,17769.0,United Kingdom
545687,20726,LUNCH BAG WOODLAND,4,2011-03-06 12:20:00,1.65,17769.0,United Kingdom
545687,20728,LUNCH BAG CARS BLUE,1,2011-03-06 12:20:00,1.65,17769.0,United Kingdom
545687,22382,LUNCH BAG SPACEBOY DESIGN ,2,2011-03-06 12:20:00,1.65,17769.0,United Kingdom
545687,20727,LUNCH BAG  BLACK SKULL.,2,2011-03-06 12:20:00,1.65,17769.0,United Kingdom
545687,22384,LUNCH BAG PINK POLKADOT,2,2011-03-06 12:20:00,1.65,17769.0,United Kingdom
545687,20724,RED RETROSPOT CHARLOTTE BAG,2,2011-03-06 12:20:00,0.85,17769.0,United Kingdom
545687,20723,STRAWBERRY CHARLOTTE BAG,3,2011-03-06 12:20:00,0.85,17769.0,United Kingdom
545687,20719,WOODLAND CHARLOTTE BAG,2,2011-03-06 12:20:00,0.85,17769.0,United Kingdom
545687,84375,SET OF 20 KIDS COOKIE CUTTERS,2,2011-03-06 12:20:00,2.1,17769.0,United Kingdom
545687,84378,SET OF 3 HEART COOKIE CUTTERS,2,2011-03-06 12:20:00,1.25,17769.0,United Kingdom
545687,22993,SET OF 4 PANTRY JELLY MOULDS,2,2011-03-06 12:20:00,1.25,17769.0,United Kingdom
545687,84879,ASSORTED COLOUR BIRD ORNAMENT,16,2011-03-06 12:20:00,1.69,17769.0,United Kingdom
545687,84991,60 TEATIME FAIRY CAKE CASES,3,2011-03-06 12:20:00,0.55,17769.0,United Kingdom
545687,21975,PACK OF 60 DINOSAUR CAKE CASES,2,2011-03-06 12:20:00,0.55,17769.0,United Kingdom
545687,22919,HERB MARKER MINT,1,2011-03-06 12:20:00,0.65,17769.0,United Kingdom
545687,22918,HERB MARKER PARSLEY,3,2011-03-06 12:20:00,0.65,17769.0,United Kingdom
545687,22916,HERB MARKER THYME,4,2011-03-06 12:20:00,0.65,17769.0,United Kingdom
545687,22917,HERB MARKER ROSEMARY,3,2011-03-06 12:20:00,0.65,17769.0,United Kingdom
545687,21977,PACK OF 60 PINK PAISLEY CAKE CASES,3,2011-03-06 12:20:00,0.55,17769.0,United Kingdom
545687,22348,TEA BAG PLATE RED RETROSPOT,4,2011-03-06 12:20:00,0.85,17769.0,United Kingdom
545687,22744,MAKE YOUR OWN MONSOON CARD KIT,3,2011-03-06 12:20:00,2.95,17769.0,United Kingdom
545687,22742,MAKE YOUR OWN PLAYTIME CARD KIT,2,2011-03-06 12:20:00,2.95,17769.0,United Kingdom
545687,22859,EASTER TIN BUNNY BOUQUET,6,2011-03-06 12:20:00,1.65,17769.0,United Kingdom
545687,22138,BAKING SET 9 PIECE RETROSPOT ,1,2011-03-06 12:20:00,4.95,17769.0,United Kingdom
545687,22665,RECIPE BOX BLUE SKETCHBOOK DESIGN,3,2011-03-06 12:20:00,2.95,17769.0,United Kingdom
545687,22659,LUNCH BOX I LOVE LONDON,2,2011-03-06 12:20:00,1.95,17769.0,United Kingdom
545687,22988,SOLDIERS EGG CUP ,24,2011-03-06 12:20:00,1.25,17769.0,United Kingdom
545687,22720,SET OF 3 CAKE TINS PANTRY DESIGN ,4,2011-03-06 12:20:00,4.95,17769.0,United Kingdom
545687,84755,COLOUR GLASS T-LIGHT HOLDER HANGING,8,2011-03-06 12:20:00,0.65,17769.0,United Kingdom
545687,84947,ANTIQUE SILVER TEA GLASS ENGRAVED,12,2011-03-06 12:20:00,1.25,17769.0,United Kingdom
545687,22792,FLUTED ANTIQUE CANDLE HOLDER,24,2011-03-06 12:20:00,0.85,17769.0,United Kingdom
545687,22791,T-LIGHT GLASS FLUTED ANTIQUE,12,2011-03-06 12:20:00,1.25,17769.0,United Kingdom
545687,21754,HOME BUILDING BLOCK WORD,3,2011-03-06 12:20:00,5.95,17769.0,United Kingdom
545687,22623,BOX OF VINTAGE JIGSAW BLOCKS ,4,2011-03-06 12:20:00,4.95,17769.0,United Kingdom
545687,21340,CLASSIC METAL BIRDCAGE PLANT HOLDER,1,2011-03-06 12:20:00,12.75,17769.0,United Kingdom
545687,23230,WRAP ALPHABET DESIGN,25,2011-03-06 12:20:00,0.42,17769.0,United Kingdom
545687,22798,ANTIQUE GLASS DRESSING TABLE POT,4,2011-03-06 12:20:00,2.95,17769.0,United Kingdom
545688,22800,ANTIQUE TALL SWIRLGLASS TRINKET POT,2,2011-03-06 12:42:00,3.75,16033.0,United Kingdom
545688,22469,HEART OF WICKER SMALL,4,2011-03-06 12:42:00,1.65,16033.0,United Kingdom
545688,22607,WOODEN ROUNDERS GARDEN SET ,1,2011-03-06 12:42:00,9.95,16033.0,United Kingdom
545688,22722,SET OF 6 SPICE TINS PANTRY DESIGN,3,2011-03-06 12:42:00,3.95,16033.0,United Kingdom
545688,85232A,SET/3 POLKADOT STACKING TINS,3,2011-03-06 12:42:00,4.95,16033.0,United Kingdom
545688,22720,SET OF 3 CAKE TINS PANTRY DESIGN ,4,2011-03-06 12:42:00,4.95,16033.0,United Kingdom
545688,22993,SET OF 4 PANTRY JELLY MOULDS,2,2011-03-06 12:42:00,1.25,16033.0,United Kingdom
545688,22960,JAM MAKING SET WITH JARS,3,2011-03-06 12:42:00,4.25,16033.0,United Kingdom
545688,22667,RECIPE BOX RETROSPOT ,4,2011-03-06 12:42:00,2.95,16033.0,United Kingdom
545688,22666,RECIPE BOX PANTRY YELLOW DESIGN,4,2011-03-06 12:42:00,2.95,16033.0,United Kingdom
545688,22366,DOORMAT AIRMAIL ,2,2011-03-06 12:42:00,7.95,16033.0,United Kingdom
545688,48129,DOORMAT TOPIARY,3,2011-03-06 12:42:00,7.95,16033.0,United Kingdom
545688,48111,DOORMAT 3 SMILEY CATS,3,2011-03-06 12:42:00,7.95,16033.0,United Kingdom
545688,48187,DOORMAT NEW ENGLAND,3,2011-03-06 12:42:00,7.95,16033.0,United Kingdom
545688,22470,HEART OF WICKER LARGE,3,2011-03-06 12:42:00,2.95,16033.0,United Kingdom
545688,21340,CLASSIC METAL BIRDCAGE PLANT HOLDER,1,2011-03-06 12:42:00,12.75,16033.0,United Kingdom
545688,22637,PIGGY BANK RETROSPOT ,2,2011-03-06 12:42:00,2.55,16033.0,United Kingdom
545688,84763,ZINC FINISH 15CM PLANTER POTS,2,2011-03-06 12:42:00,1.25,16033.0,United Kingdom
545688,84949,SILVER HANGING T-LIGHT HOLDER,2,2011-03-06 12:42:00,1.65,16033.0,United Kingdom
545688,21175,GIN + TONIC DIET METAL SIGN,3,2011-03-06 12:42:00,2.55,16033.0,United Kingdom
545688,21174,POTTERING IN THE SHED METAL SIGN,3,2011-03-06 12:42:00,2.08,16033.0,United Kingdom
545688,85152,HAND OVER THE CHOCOLATE   SIGN ,2,2011-03-06 12:42:00,2.1,16033.0,United Kingdom
545688,82599,FANNY'S REST STOPMETAL SIGN,4,2011-03-06 12:42:00,2.1,16033.0,United Kingdom
545688,21166,COOK WITH WINE METAL SIGN ,2,2011-03-06 12:42:00,2.08,16033.0,United Kingdom
545688,82583,HOT BATHS METAL SIGN,4,2011-03-06 12:42:00,2.1,16033.0,United Kingdom
545688,22805,BLUE DRAWER KNOB ACRYLIC EDWARDIAN,12,2011-03-06 12:42:00,1.25,16033.0,United Kingdom
545688,22771,CLEAR DRAWER KNOB ACRYLIC EDWARDIAN,12,2011-03-06 12:42:00,1.25,16033.0,United Kingdom
545688,22773,GREEN DRAWER KNOB ACRYLIC EDWARDIAN,12,2011-03-06 12:42:00,1.25,16033.0,United Kingdom
545688,22774,RED DRAWER KNOB ACRYLIC EDWARDIAN,12,2011-03-06 12:42:00,1.25,16033.0,United Kingdom
545688,22775,PURPLE DRAWERKNOB ACRYLIC EDWARDIAN,12,2011-03-06 12:42:00,1.25,16033.0,United Kingdom
545688,22772,PINK DRAWER KNOB ACRYLIC EDWARDIAN,12,2011-03-06 12:42:00,1.25,16033.0,United Kingdom
545688,22907,PACK OF 20 NAPKINS PANTRY DESIGN,4,2011-03-06 12:42:00,0.85,16033.0,United Kingdom
545688,22989,SET 2 PANTRY DESIGN TEA TOWELS,2,2011-03-06 12:42:00,3.25,16033.0,United Kingdom
545688,22829,SWEETHEART WIRE WALL TIDY,1,2011-03-06 12:42:00,9.95,16033.0,United Kingdom
545688,22763,KEY CABINET MA CAMPAGNE,2,2011-03-06 12:42:00,9.95,16033.0,United Kingdom
545688,22120,WELCOME  WOODEN BLOCK LETTERS,1,2011-03-06 12:42:00,9.95,16033.0,United Kingdom
545688,22192,BLUE DINER WALL CLOCK,1,2011-03-06 12:42:00,8.5,16033.0,United Kingdom
545688,35004C,SET OF 3 COLOURED  FLYING DUCKS,2,2011-03-06 12:42:00,5.45,16033.0,United Kingdom
545688,22193,RED DINER WALL CLOCK,3,2011-03-06 12:42:00,8.5,16033.0,United Kingdom
545688,79071B,ENGLISH ROSE METAL WASTE BIN,5,2011-03-06 12:42:00,2.95,16033.0,United Kingdom
545688,22725,ALARM CLOCK BAKELIKE CHOCOLATE,4,2011-03-06 12:42:00,3.75,16033.0,United Kingdom
545688,22729,ALARM CLOCK BAKELIKE ORANGE,2,2011-03-06 12:42:00,3.75,16033.0,United Kingdom
545688,22727,ALARM CLOCK BAKELIKE RED ,4,2011-03-06 12:42:00,3.75,16033.0,United Kingdom
545688,22730,ALARM CLOCK BAKELIKE IVORY,4,2011-03-06 12:42:00,3.75,16033.0,United Kingdom
545688,22726,ALARM CLOCK BAKELIKE GREEN,4,2011-03-06 12:42:00,3.75,16033.0,United Kingdom
545688,21534,DAIRY MAID LARGE MILK JUG,1,2011-03-06 12:42:00,4.95,16033.0,United Kingdom
545688,22188,BLACK HEART CARD HOLDER,1,2011-03-06 12:42:00,3.95,16033.0,United Kingdom
545688,22189,CREAM HEART CARD HOLDER,2,2011-03-06 12:42:00,3.95,16033.0,United Kingdom
545688,22173,METAL 4 HOOK HANGER FRENCH CHATEAU,2,2011-03-06 12:42:00,2.95,16033.0,United Kingdom
545688,22212,FOUR HOOK  WHITE LOVEBIRDS,2,2011-03-06 12:42:00,2.1,16033.0,United Kingdom
545688,22443,GROW YOUR OWN HERBS SET OF 3,1,2011-03-06 12:42:00,7.95,16033.0,United Kingdom
545688,82482,WOODEN PICTURE FRAME WHITE FINISH,1,2011-03-06 12:42:00,2.55,16033.0,United Kingdom
545688,82494L,WOODEN FRAME ANTIQUE WHITE ,1,2011-03-06 12:42:00,2.95,16033.0,United Kingdom
545688,22479,DAISY GARDEN MARKER,6,2011-03-06 12:42:00,1.25,16033.0,United Kingdom
545688,84879,ASSORTED COLOUR BIRD ORNAMENT,8,2011-03-06 12:42:00,1.69,16033.0,United Kingdom
545688,21534,DAIRY MAID LARGE MILK JUG,1,2011-03-06 12:42:00,4.95,16033.0,United Kingdom
545688,82484,WOOD BLACK BOARD ANT WHITE FINISH,2,2011-03-06 12:42:00,7.9,16033.0,United Kingdom
545688,22485,SET OF 2 WOODEN MARKET CRATES,1,2011-03-06 12:42:00,12.75,16033.0,United Kingdom
545688,21894,POTTING SHED SEED ENVELOPES,1,2011-03-06 12:42:00,1.25,16033.0,United Kingdom
545688,21715,GIRLS VINTAGE TIN SEASIDE BUCKET,1,2011-03-06 12:42:00,2.55,16033.0,United Kingdom
545688,21718,RED METAL BEACH SPADE ,1,2011-03-06 12:42:00,1.25,16033.0,United Kingdom
C545689,84849D,HOT BATHS SOAP HOLDER,-1,2011-03-06 12:43:00,1.69,16033.0,United Kingdom
C545689,21658,GLASS  BEURRE DISH,-1,2011-03-06 12:43:00,3.95,16033.0,United Kingdom
545690,21260,FIRST AID TIN,1,2011-03-06 12:46:00,3.25,13263.0,United Kingdom
545690,21407,BROWN CHECK CAT DOORSTOP ,1,2011-03-06 12:46:00,4.25,13263.0,United Kingdom
545690,22487,WHITE WOOD GARDEN PLANT LADDER,1,2011-03-06 12:46:00,9.95,13263.0,United Kingdom
545690,15056N,EDWARDIAN PARASOL NATURAL,1,2011-03-06 12:46:00,5.95,13263.0,United Kingdom
545690,20893,HANGING BAUBLE T-LIGHT HOLDER SMALL,1,2011-03-06 12:46:00,2.55,13263.0,United Kingdom
545690,22219,LOVEBIRD HANGING DECORATION WHITE ,1,2011-03-06 12:46:00,0.85,13263.0,United Kingdom
545690,22488,NATURAL SLATE RECTANGLE CHALKBOARD,1,2011-03-06 12:46:00,1.65,13263.0,United Kingdom
545690,22457,NATURAL SLATE HEART CHALKBOARD ,1,2011-03-06 12:46:00,2.95,13263.0,United Kingdom
545690,22640,SET OF 4 NAPKIN CHARMS 3 KEYS ,1,2011-03-06 12:46:00,2.55,13263.0,United Kingdom
545690,22227,HANGING HEART MIRROR DECORATION ,1,2011-03-06 12:46:00,0.65,13263.0,United Kingdom
545690,22156,HEART DECORATION WITH PEARLS ,1,2011-03-06 12:46:00,0.85,13263.0,United Kingdom
545690,22078,RIBBON REEL LACE DESIGN ,1,2011-03-06 12:46:00,2.1,13263.0,United Kingdom
545690,22295,HEART FILIGREE DOVE LARGE,1,2011-03-06 12:46:00,1.65,13263.0,United Kingdom
545690,22336,DOVE DECORATION PAINTED ZINC ,1,2011-03-06 12:46:00,0.65,13263.0,United Kingdom
545690,22335,HEART DECORATION PAINTED ZINC ,1,2011-03-06 12:46:00,0.65,13263.0,United Kingdom
545690,22296,HEART IVORY TRELLIS LARGE,1,2011-03-06 12:46:00,1.65,13263.0,United Kingdom
545690,22297,HEART IVORY TRELLIS SMALL,1,2011-03-06 12:46:00,1.25,13263.0,United Kingdom
545690,35607B,BLACK FEATHER CHRISTMAS DECORATION,1,2011-03-06 12:46:00,0.19,13263.0,United Kingdom
545690,21445,12 PINK ROSE PEG PLACE SETTINGS,1,2011-03-06 12:46:00,1.25,13263.0,United Kingdom
545690,22151,PLACE SETTING WHITE HEART,2,2011-03-06 12:46:00,0.42,13263.0,United Kingdom
545690,22916,HERB MARKER THYME,1,2011-03-06 12:46:00,0.65,13263.0,United Kingdom
545690,84978,HANGING HEART JAR T-LIGHT HOLDER,1,2011-03-06 12:46:00,1.25,13263.0,United Kingdom
545690,84970S,HANGING HEART ZINC T-LIGHT HOLDER,1,2011-03-06 12:46:00,0.85,13263.0,United Kingdom
545690,84970L,SINGLE HEART ZINC T-LIGHT HOLDER,1,2011-03-06 12:46:00,0.95,13263.0,United Kingdom
545690,22178,VICTORIAN GLASS HANGING T-LIGHT,1,2011-03-06 12:46:00,1.25,13263.0,United Kingdom
545690,85062,PEARL CRYSTAL PUMPKIN T-LIGHT HLDR,1,2011-03-06 12:46:00,1.65,13263.0,United Kingdom
545690,22217,T-LIGHT HOLDER HANGING LACE,1,2011-03-06 12:46:00,1.25,13263.0,United Kingdom
545690,22460,EMBOSSED GLASS TEALIGHT HOLDER,1,2011-03-06 12:46:00,1.25,13263.0,United Kingdom
545690,22499,WOODEN UNION JACK BUNTING,1,2011-03-06 12:46:00,5.95,13263.0,United Kingdom
545690,47590A,BLUE HAPPY BIRTHDAY BUNTING,1,2011-03-06 12:46:00,5.45,13263.0,United Kingdom
545690,47566,PARTY BUNTING,1,2011-03-06 12:46:00,4.95,13263.0,United Kingdom
545690,21430,SET/3 RED GINGHAM ROSE STORAGE BOX,1,2011-03-06 12:46:00,3.75,13263.0,United Kingdom
545690,21902,"KEY FOB , FRONT  DOOR ",2,2011-03-06 12:46:00,0.65,13263.0,United Kingdom
545690,21901,"KEY FOB , BACK DOOR ",2,2011-03-06 12:46:00,0.65,13263.0,United Kingdom
545690,21899,"KEY FOB , GARAGE DESIGN",2,2011-03-06 12:46:00,0.65,13263.0,United Kingdom
545690,21900,"KEY FOB , SHED",2,2011-03-06 12:46:00,0.65,13263.0,United Kingdom
545690,21524,DOORMAT SPOTTY HOME SWEET HOME,1,2011-03-06 12:46:00,7.95,13263.0,United Kingdom
545690,22500,SET OF 2 TINS JARDIN DE PROVENCE,1,2011-03-06 12:46:00,4.95,13263.0,United Kingdom
545690,22168,ORGANISER WOOD ANTIQUE WHITE ,1,2011-03-06 12:46:00,8.5,13263.0,United Kingdom
545690,22110,BIRD HOUSE HOT WATER BOTTLE,1,2011-03-06 12:46:00,2.55,13263.0,United Kingdom
545690,21484,CHICK GREY HOT WATER BOTTLE,1,2011-03-06 12:46:00,3.45,13263.0,United Kingdom
545690,22114,HOT WATER BOTTLE TEA AND SYMPATHY,2,2011-03-06 12:46:00,3.95,13263.0,United Kingdom
545690,22112,CHOCOLATE HOT WATER BOTTLE,2,2011-03-06 12:46:00,4.95,13263.0,United Kingdom
545690,85123A,WHITE HANGING HEART T-LIGHT HOLDER,3,2011-03-06 12:46:00,2.95,13263.0,United Kingdom
545690,21733,RED HANGING HEART T-LIGHT HOLDER,3,2011-03-06 12:46:00,2.95,13263.0,United Kingdom
545690,22804,CANDLEHOLDER PINK HANGING HEART,3,2011-03-06 12:46:00,2.95,13263.0,United Kingdom
545690,21070,VINTAGE BILLBOARD MUG ,2,2011-03-06 12:46:00,1.25,13263.0,United Kingdom
545690,21069,VINTAGE BILLBOARD TEA MUG,2,2011-03-06 12:46:00,1.25,13263.0,United Kingdom
545690,21071,VINTAGE BILLBOARD DRINK ME MUG,2,2011-03-06 12:46:00,1.25,13263.0,United Kingdom
545690,21868,POTTING SHED TEA MUG,2,2011-03-06 12:46:00,1.25,13263.0,United Kingdom
545690,21877,HOME SWEET HOME MUG,2,2011-03-06 12:46:00,1.25,13263.0,United Kingdom
545690,21876,POTTERING MUG,2,2011-03-06 12:46:00,1.25,13263.0,United Kingdom
545690,22694,WICKER STAR ,2,2011-03-06 12:46:00,2.1,13263.0,United Kingdom
545690,22441,GROW YOUR OWN BASIL IN ENAMEL MUG,1,2011-03-06 12:46:00,2.1,13263.0,United Kingdom
545690,72819,CUPID DESIGN SCENTED CANDLES,1,2011-03-06 12:46:00,2.55,13263.0,United Kingdom
545690,85008,SET OF 3 CONEY ISLAND OVAL BOXES,1,2011-03-06 12:46:00,4.95,13263.0,United Kingdom
545690,85184C,S/4 VALENTINE DECOUPAGE HEART BOX,1,2011-03-06 12:46:00,2.95,13263.0,United Kingdom
545690,85231B,CINAMMON SET OF 9 T-LIGHTS,5,2011-03-06 12:46:00,0.85,13263.0,United Kingdom
545690,85231G,ORANGE SCENTED SET/9 T-LIGHTS,4,2011-03-06 12:46:00,0.85,13263.0,United Kingdom
545690,22077,6 RIBBONS RUSTIC CHARM,3,2011-03-06 12:46:00,1.65,13263.0,United Kingdom
545690,22082,RIBBON REEL STRIPES DESIGN ,1,2011-03-06 12:46:00,1.65,13263.0,United Kingdom
545690,22079,RIBBON REEL HEARTS DESIGN ,1,2011-03-06 12:46:00,1.65,13263.0,United Kingdom
545690,82582,AREA PATROLLED METAL SIGN,1,2011-03-06 12:46:00,2.1,13263.0,United Kingdom
545690,21174,POTTERING IN THE SHED METAL SIGN,2,2011-03-06 12:46:00,2.08,13263.0,United Kingdom
545690,21175,GIN + TONIC DIET METAL SIGN,1,2011-03-06 12:46:00,2.55,13263.0,United Kingdom
545690,21166,COOK WITH WINE METAL SIGN ,2,2011-03-06 12:46:00,2.08,13263.0,United Kingdom
545690,22413,METAL SIGN TAKE IT OR LEAVE IT ,1,2011-03-06 12:46:00,2.95,13263.0,United Kingdom
545690,21181,PLEASE ONE PERSON METAL SIGN,1,2011-03-06 12:46:00,2.1,13263.0,United Kingdom
545690,21181,PLEASE ONE PERSON METAL SIGN,2,2011-03-06 12:46:00,2.1,13263.0,United Kingdom
545690,21903,MAN FLU METAL SIGN,2,2011-03-06 12:46:00,2.1,13263.0,United Kingdom
545690,85152,HAND OVER THE CHOCOLATE   SIGN ,2,2011-03-06 12:46:00,2.1,13263.0,United Kingdom
545690,85150,LADIES & GENTLEMEN METAL SIGN,1,2011-03-06 12:46:00,2.55,13263.0,United Kingdom
545690,22699,ROSES REGENCY TEACUP AND SAUCER ,1,2011-03-06 12:46:00,2.95,13263.0,United Kingdom
545690,22698,PINK REGENCY TEACUP AND SAUCER,1,2011-03-06 12:46:00,2.95,13263.0,United Kingdom
545690,22697,GREEN REGENCY TEACUP AND SAUCER,1,2011-03-06 12:46:00,2.95,13263.0,United Kingdom
545690,22120,WELCOME  WOODEN BLOCK LETTERS,1,2011-03-06 12:46:00,9.95,13263.0,United Kingdom
545690,21755,LOVE BUILDING BLOCK WORD,1,2011-03-06 12:46:00,5.95,13263.0,United Kingdom
545690,21754,HOME BUILDING BLOCK WORD,1,2011-03-06 12:46:00,5.95,13263.0,United Kingdom
545690,22822,CREAM WALL PLANTER HEART SHAPED,1,2011-03-06 12:46:00,5.95,13263.0,United Kingdom
545690,84884A,ANT WHITE WIRE HEART SPIRAL,1,2011-03-06 12:46:00,3.95,13263.0,United Kingdom
545690,22920,HERB MARKER BASIL,3,2011-03-06 12:46:00,0.65,13263.0,United Kingdom
545690,22921,HERB MARKER CHIVES ,3,2011-03-06 12:46:00,0.65,13263.0,United Kingdom
545690,22918,HERB MARKER PARSLEY,3,2011-03-06 12:46:00,0.65,13263.0,United Kingdom
545690,22919,HERB MARKER MINT,3,2011-03-06 12:46:00,0.65,13263.0,United Kingdom
545690,22917,HERB MARKER ROSEMARY,3,2011-03-06 12:46:00,0.65,13263.0,United Kingdom
545690,22916,HERB MARKER THYME,2,2011-03-06 12:46:00,0.65,13263.0,United Kingdom
545690,21658,GLASS  BEURRE DISH,1,2011-03-06 12:46:00,3.95,13263.0,United Kingdom
545690,84978,HANGING HEART JAR T-LIGHT HOLDER,6,2011-03-06 12:46:00,1.25,13263.0,United Kingdom
545690,84968C,SET OF 16 VINTAGE PISTACHIO CUTLERY,1,2011-03-06 12:46:00,12.75,13263.0,United Kingdom
545690,22361,GLASS JAR DAISY FRESH COTTON WOOL,1,2011-03-06 12:46:00,2.95,13263.0,United Kingdom
545690,22363,GLASS JAR MARMALADE ,1,2011-03-06 12:46:00,2.95,13263.0,United Kingdom
545690,22364,GLASS JAR DIGESTIVE BISCUITS,1,2011-03-06 12:46:00,2.95,13263.0,United Kingdom
545690,22969,HOMEMADE JAM SCENTED CANDLES,12,2011-03-06 12:46:00,1.45,13263.0,United Kingdom
545690,85232A,SET/3 POLKADOT STACKING TINS,1,2011-03-06 12:46:00,4.95,13263.0,United Kingdom
545690,72741,GRAND CHOCOLATECANDLE,9,2011-03-06 12:46:00,1.45,13263.0,United Kingdom
545690,22890,NOVELTY BISCUITS CAKE STAND 3 TIER,1,2011-03-06 12:46:00,9.95,13263.0,United Kingdom
545690,22907,PACK OF 20 NAPKINS PANTRY DESIGN,2,2011-03-06 12:46:00,0.85,13263.0,United Kingdom
545690,20914,SET/5 RED RETROSPOT LID GLASS BOWLS,1,2011-03-06 12:46:00,2.95,13263.0,United Kingdom
545690,22558,CLOTHES PEGS RETROSPOT PACK 24 ,2,2011-03-06 12:46:00,1.49,13263.0,United Kingdom
545690,84375,SET OF 20 KIDS COOKIE CUTTERS,1,2011-03-06 12:46:00,2.1,13263.0,United Kingdom
545690,22722,SET OF 6 SPICE TINS PANTRY DESIGN,2,2011-03-06 12:46:00,3.95,13263.0,United Kingdom
545690,22723,SET OF 6 HERB TINS SKETCHBOOK,2,2011-03-06 12:46:00,3.95,13263.0,United Kingdom
545690,22666,RECIPE BOX PANTRY YELLOW DESIGN,1,2011-03-06 12:46:00,2.95,13263.0,United Kingdom
545690,22667,RECIPE BOX RETROSPOT ,1,2011-03-06 12:46:00,2.95,13263.0,United Kingdom
545690,22665,RECIPE BOX BLUE SKETCHBOOK DESIGN,1,2011-03-06 12:46:00,2.95,13263.0,United Kingdom
545690,22087,PAPER BUNTING WHITE LACE,1,2011-03-06 12:46:00,2.95,13263.0,United Kingdom
545690,22089,PAPER BUNTING VINTAGE PAISLEY,1,2011-03-06 12:46:00,2.95,13263.0,United Kingdom
545690,22960,JAM MAKING SET WITH JARS,1,2011-03-06 12:46:00,4.25,13263.0,United Kingdom
545690,22720,SET OF 3 CAKE TINS PANTRY DESIGN ,2,2011-03-06 12:46:00,4.95,13263.0,United Kingdom
545690,22721,SET OF 3 CAKE TINS SKETCHBOOK,2,2011-03-06 12:46:00,4.95,13263.0,United Kingdom
545691,72741,GRAND CHOCOLATECANDLE,18,2011-03-06 12:52:00,1.45,14161.0,United Kingdom
545691,22957,SET 3 PAPER VINTAGE CHICK PAPER EGG,4,2011-03-06 12:52:00,2.95,14161.0,United Kingdom
545691,21181,PLEASE ONE PERSON METAL SIGN,6,2011-03-06 12:52:00,2.1,14161.0,United Kingdom
545691,21907,I'M ON HOLIDAY METAL SIGN,4,2011-03-06 12:52:00,2.1,14161.0,United Kingdom
545691,21307,SET/4 BUTTERFLY MIRROR MAGNETS,1,2011-03-06 12:52:00,2.1,14161.0,United Kingdom
545691,22904,CALENDAR PAPER CUT DESIGN,2,2011-03-06 12:52:00,2.95,14161.0,United Kingdom
545691,20829,GLITTER HANGING BUTTERFLY STRING,4,2011-03-06 12:52:00,2.1,14161.0,United Kingdom
545691,85014A,BLACK/BLUE POLKADOT UMBRELLA,2,2011-03-06 12:52:00,5.95,14161.0,United Kingdom
545691,84580,MOUSE TOY WITH PINK T-SHIRT,2,2011-03-06 12:52:00,3.75,14161.0,United Kingdom
545691,35961,FOLKART ZINC HEART CHRISTMAS DEC,12,2011-03-06 12:52:00,0.85,14161.0,United Kingdom
545691,16156S,WRAP PINK FAIRY CAKES ,25,2011-03-06 12:52:00,0.42,14161.0,United Kingdom
545691,21381,MINI WOODEN HAPPY BIRTHDAY GARLAND,4,2011-03-06 12:52:00,1.69,14161.0,United Kingdom
545691,22557,PLASTERS IN TIN VINTAGE PAISLEY ,3,2011-03-06 12:52:00,1.65,14161.0,United Kingdom
545691,22553,PLASTERS IN TIN SKULLS,3,2011-03-06 12:52:00,1.65,14161.0,United Kingdom
545691,85123A,WHITE HANGING HEART T-LIGHT HOLDER,4,2011-03-06 12:52:00,2.95,14161.0,United Kingdom
545691,85025C,PINK HEART SHAPE PHOTO FRAME,6,2011-03-06 12:52:00,1.65,14161.0,United Kingdom
545691,22084,PAPER CHAIN KIT EMPIRE,4,2011-03-06 12:52:00,2.95,14161.0,United Kingdom
545691,21985,PACK OF 12 HEARTS DESIGN TISSUES ,12,2011-03-06 12:52:00,0.29,14161.0,United Kingdom
545691,22296,HEART IVORY TRELLIS LARGE,6,2011-03-06 12:52:00,1.65,14161.0,United Kingdom
545691,22297,HEART IVORY TRELLIS SMALL,6,2011-03-06 12:52:00,1.25,14161.0,United Kingdom
545691,84997C,CHILDRENS CUTLERY POLKADOT BLUE,3,2011-03-06 12:52:00,4.15,14161.0,United Kingdom
545691,84997D,CHILDRENS CUTLERY POLKADOT PINK,3,2011-03-06 12:52:00,4.15,14161.0,United Kingdom
545691,22167, OVAL WALL MIRROR DIAMANTE ,2,2011-03-06 12:52:00,9.95,14161.0,United Kingdom
545691,21754,HOME BUILDING BLOCK WORD,2,2011-03-06 12:52:00,5.95,14161.0,United Kingdom
545691,22220,CAKE STAND LOVEBIRD 2 TIER WHITE,2,2011-03-06 12:52:00,9.95,14161.0,United Kingdom
545692,20754,RETROSPOT RED WASHING UP GLOVES,6,2011-03-06 12:58:00,2.1,17428.0,United Kingdom
545692,21527,RED RETROSPOT TRADITIONAL TEAPOT ,2,2011-03-06 12:58:00,7.95,17428.0,United Kingdom
545692,21539,RED RETROSPOT BUTTER DISH,3,2011-03-06 12:58:00,4.95,17428.0,United Kingdom
545692,21843,RED RETROSPOT CAKE STAND,1,2011-03-06 12:58:00,10.95,17428.0,United Kingdom
545692,22073,RED RETROSPOT STORAGE JAR,4,2011-03-06 12:58:00,3.75,17428.0,United Kingdom
545692,22072,RED RETROSPOT TEA CUP AND SAUCER ,12,2011-03-06 12:58:00,3.75,17428.0,United Kingdom
545692,22554,PLASTERS IN TIN WOODLAND ANIMALS,12,2011-03-06 12:58:00,1.65,17428.0,United Kingdom
545692,22556,PLASTERS IN TIN CIRCUS PARADE ,12,2011-03-06 12:58:00,1.65,17428.0,United Kingdom
545692,22555,PLASTERS IN TIN STRONGMAN,12,2011-03-06 12:58:00,1.65,17428.0,United Kingdom
545692,22631,CIRCUS PARADE LUNCH BOX ,12,2011-03-06 12:58:00,1.95,17428.0,United Kingdom
545692,22629,SPACEBOY LUNCH BOX ,12,2011-03-06 12:58:00,1.95,17428.0,United Kingdom
545692,22328,ROUND SNACK BOXES SET OF 4 FRUITS ,48,2011-03-06 12:58:00,2.55,17428.0,United Kingdom
545692,22326,ROUND SNACK BOXES SET OF4 WOODLAND ,48,2011-03-06 12:58:00,2.55,17428.0,United Kingdom
545692,22423,REGENCY CAKESTAND 3 TIER,2,2011-03-06 12:58:00,12.75,17428.0,United Kingdom
545692,22890,NOVELTY BISCUITS CAKE STAND 3 TIER,2,2011-03-06 12:58:00,9.95,17428.0,United Kingdom
545693,21244,BLUE POLKADOT PLATE ,96,2011-03-06 14:09:00,1.45,16422.0,United Kingdom
545693,21242,RED RETROSPOT PLATE ,96,2011-03-06 14:09:00,1.45,16422.0,United Kingdom
545693,20677,PINK POLKADOT BOWL,72,2011-03-06 14:09:00,1.06,16422.0,United Kingdom
545693,21094,SET/6 RED SPOTTY PAPER PLATES,96,2011-03-06 14:09:00,0.64,16422.0,United Kingdom
545693,22333,RETROSPOT PARTY BAG + STICKER SET,48,2011-03-06 14:09:00,1.45,16422.0,United Kingdom
545693,21213,PACK OF 72 SKULL CAKE CASES,120,2011-03-06 14:09:00,0.42,16422.0,United Kingdom
545693,20974,12 PENCILS SMALL TUBE SKULL,24,2011-03-06 14:09:00,0.65,16422.0,United Kingdom
545693,21380,WOODEN HAPPY BIRTHDAY GARLAND,12,2011-03-06 14:09:00,2.95,16422.0,United Kingdom
545693,22090,PAPER BUNTING RETROSPOT,40,2011-03-06 14:09:00,2.55,16422.0,United Kingdom
545693,47566B,TEA TIME PARTY BUNTING,10,2011-03-06 14:09:00,4.95,16422.0,United Kingdom
545693,21212,PACK OF 72 RETROSPOT CAKE CASES,120,2011-03-06 14:09:00,0.42,16422.0,United Kingdom
545693,21326,AGED GLASS SILVER T-LIGHT HOLDER,12,2011-03-06 14:09:00,0.65,16422.0,United Kingdom
545694,21172,PARTY METAL SIGN ,96,2011-03-06 14:10:00,1.25,16422.0,United Kingdom
545695,47599B,BLUE PARTY BAGS ,5,2011-03-06 14:15:00,2.1,17050.0,United Kingdom
545695,47599A,PINK PARTY BAGS,5,2011-03-06 14:15:00,2.1,17050.0,United Kingdom
545695,22652,TRAVEL SEWING KIT,2,2011-03-06 14:15:00,1.65,17050.0,United Kingdom
545695,22557,PLASTERS IN TIN VINTAGE PAISLEY ,4,2011-03-06 14:15:00,1.65,17050.0,United Kingdom
545695,47566B,TEA TIME PARTY BUNTING,3,2011-03-06 14:15:00,4.95,17050.0,United Kingdom
545695,47566,PARTY BUNTING,2,2011-03-06 14:15:00,4.95,17050.0,United Kingdom
545695,21621,VINTAGE UNION JACK BUNTING,2,2011-03-06 14:15:00,8.5,17050.0,United Kingdom
545695,22999,TRAVEL CARD WALLET RETRO PETALS,2,2011-03-06 14:15:00,0.42,17050.0,United Kingdom
545695,22280,POCKET BAG PINK PAISELY BROWN SPOT,4,2011-03-06 14:15:00,1.25,17050.0,United Kingdom
545695,22279,POCKET BAG BLUE PAISLEY RED SPOT,5,2011-03-06 14:15:00,1.25,17050.0,United Kingdom
545695,85049E,SCANDINAVIAN REDS RIBBONS,1,2011-03-06 14:15:00,1.25,17050.0,United Kingdom
545695,85049G,CHOCOLATE BOX RIBBONS ,2,2011-03-06 14:15:00,1.25,17050.0,United Kingdom
545695,21171,BATHROOM METAL SIGN ,1,2011-03-06 14:15:00,1.45,17050.0,United Kingdom
545695,22079,RIBBON REEL HEARTS DESIGN ,1,2011-03-06 14:15:00,1.65,17050.0,United Kingdom
545695,85049F,BABY BOOM RIBBONS ,4,2011-03-06 14:15:00,1.25,17050.0,United Kingdom
545695,22467,GUMBALL COAT RACK,1,2011-03-06 14:15:00,2.55,17050.0,United Kingdom
545695,22115,METAL SIGN EMPIRE TEA,4,2011-03-06 14:15:00,2.95,17050.0,United Kingdom
545695,20996,JAZZ HEARTS ADDRESS BOOK,3,2011-03-06 14:15:00,0.42,17050.0,United Kingdom
545695,84536B,FAIRY CAKES NOTEBOOK A7 SIZE,4,2011-03-06 14:15:00,0.42,17050.0,United Kingdom
545695,84536A,ENGLISH ROSE NOTEBOOK A7 SIZE,4,2011-03-06 14:15:00,0.42,17050.0,United Kingdom
545695,22196,SMALL HEART MEASURING SPOONS,4,2011-03-06 14:15:00,0.85,17050.0,United Kingdom
545695,22895,SET OF 2 TEA TOWELS APPLE AND PEARS,6,2011-03-06 14:15:00,2.95,17050.0,United Kingdom
545695,22894,TABLECLOTH RED APPLES DESIGN ,4,2011-03-06 14:15:00,9.95,17050.0,United Kingdom
545695,22897,OVEN MITT APPLES DESIGN,2,2011-03-06 14:15:00,1.45,17050.0,United Kingdom
545695,22979,PANTRY WASHING UP BRUSH,8,2011-03-06 14:15:00,1.45,17050.0,United Kingdom
545695,22980,PANTRY SCRUBBING BRUSH,6,2011-03-06 14:15:00,1.65,17050.0,United Kingdom
545695,22896,PEG BAG APPLES DESIGN,4,2011-03-06 14:15:00,2.55,17050.0,United Kingdom
545695,84380,SET OF 3 BUTTERFLY COOKIE CUTTERS,2,2011-03-06 14:15:00,1.25,17050.0,United Kingdom
545695,21354,TOAST ITS - BEST MUM,6,2011-03-06 14:15:00,1.25,17050.0,United Kingdom
545695,21356,TOAST ITS - FAIRY FLOWER,4,2011-03-06 14:15:00,1.25,17050.0,United Kingdom
545695,21358,TOAST ITS - HAPPY BIRTHDAY,4,2011-03-06 14:15:00,1.25,17050.0,United Kingdom
545695,84380,SET OF 3 BUTTERFLY COOKIE CUTTERS,6,2011-03-06 14:15:00,1.25,17050.0,United Kingdom
545695,22989,SET 2 PANTRY DESIGN TEA TOWELS,2,2011-03-06 14:15:00,3.25,17050.0,United Kingdom
545695,47567B,TEA TIME KITCHEN APRON,2,2011-03-06 14:15:00,5.95,17050.0,United Kingdom
545695,22458,CAST IRON HOOK GARDEN FORK,2,2011-03-06 14:15:00,2.55,17050.0,United Kingdom
545695,22459,CAST IRON HOOK GARDEN TROWEL,2,2011-03-06 14:15:00,2.55,17050.0,United Kingdom
545695,84378,SET OF 3 HEART COOKIE CUTTERS,6,2011-03-06 14:15:00,1.25,17050.0,United Kingdom
545695,21876,POTTERING MUG,3,2011-03-06 14:15:00,1.25,17050.0,United Kingdom
545695,22904,CALENDAR PAPER CUT DESIGN,3,2011-03-06 14:15:00,2.95,17050.0,United Kingdom
545695,84375,SET OF 20 KIDS COOKIE CUTTERS,4,2011-03-06 14:15:00,2.1,17050.0,United Kingdom
545695,22982,PANTRY PASTRY BRUSH,4,2011-03-06 14:15:00,1.25,17050.0,United Kingdom
545695,22195,LARGE HEART MEASURING SPOONS,2,2011-03-06 14:15:00,1.65,17050.0,United Kingdom
545695,22482,BLUE TEA TOWEL CLASSIC DESIGN,4,2011-03-06 14:15:00,1.25,17050.0,United Kingdom
545695,22481,BLACK TEA TOWEL CLASSIC DESIGN,2,2011-03-06 14:15:00,1.25,17050.0,United Kingdom
545695,22480,RED TEA TOWEL CLASSIC DESIGN,4,2011-03-06 14:15:00,1.25,17050.0,United Kingdom
545695,22560,TRADITIONAL MODELLING CLAY,4,2011-03-06 14:15:00,1.25,17050.0,United Kingdom
545695,22489,PACK OF 12 TRADITIONAL CRAYONS,6,2011-03-06 14:15:00,0.42,17050.0,United Kingdom
545695,22851,SET 20 NAPKINS FAIRY CAKES DESIGN ,4,2011-03-06 14:15:00,0.85,17050.0,United Kingdom
545695,22561,WOODEN SCHOOL COLOURING SET,6,2011-03-06 14:15:00,1.65,17050.0,United Kingdom
545695,21210,SET OF 72 RETROSPOT PAPER  DOILIES,2,2011-03-06 14:15:00,1.45,17050.0,United Kingdom
545695,21174,POTTERING IN THE SHED METAL SIGN,12,2011-03-06 14:15:00,2.08,17050.0,United Kingdom
545695,22993,SET OF 4 PANTRY JELLY MOULDS,12,2011-03-06 14:15:00,1.25,17050.0,United Kingdom
545695,21382,SET/4 SPRING FLOWER DECORATION,8,2011-03-06 14:15:00,2.95,17050.0,United Kingdom
545695,22993,SET OF 4 PANTRY JELLY MOULDS,12,2011-03-06 14:15:00,1.25,17050.0,United Kingdom
545695,22961,JAM MAKING SET PRINTED,24,2011-03-06 14:15:00,1.45,17050.0,United Kingdom
545695,22193,RED DINER WALL CLOCK,1,2011-03-06 14:15:00,8.5,17050.0,United Kingdom
545695,22723,SET OF 6 HERB TINS SKETCHBOOK,8,2011-03-06 14:15:00,3.95,17050.0,United Kingdom
545695,22960,JAM MAKING SET WITH JARS,4,2011-03-06 14:15:00,4.25,17050.0,United Kingdom
545695,22721,SET OF 3 CAKE TINS SKETCHBOOK,1,2011-03-06 14:15:00,4.95,17050.0,United Kingdom
545695,22841,ROUND CAKE TIN VINTAGE GREEN,1,2011-03-06 14:15:00,7.95,17050.0,United Kingdom
545695,22720,SET OF 3 CAKE TINS PANTRY DESIGN ,6,2011-03-06 14:15:00,4.95,17050.0,United Kingdom
545695,22722,SET OF 6 SPICE TINS PANTRY DESIGN,8,2011-03-06 14:15:00,3.95,17050.0,United Kingdom
545695,21231,SWEETHEART CERAMIC TRINKET BOX,8,2011-03-06 14:15:00,1.25,17050.0,United Kingdom
545695,22760,"TRAY, BREAKFAST IN BED",1,2011-03-06 14:15:00,12.75,17050.0,United Kingdom
545695,22429,ENAMEL MEASURING JUG CREAM,3,2011-03-06 14:15:00,4.25,17050.0,United Kingdom
545695,84763,ZINC FINISH 15CM PLANTER POTS,6,2011-03-06 14:15:00,1.25,17050.0,United Kingdom
545695,20914,SET/5 RED RETROSPOT LID GLASS BOWLS,2,2011-03-06 14:15:00,2.95,17050.0,United Kingdom
545695,21042,RED RETROSPOT APRON ,4,2011-03-06 14:15:00,5.95,17050.0,United Kingdom
545695,21041,RED RETROSPOT OVEN GLOVE DOUBLE,2,2011-03-06 14:15:00,2.95,17050.0,United Kingdom
545695,21035,SET/2 RED RETROSPOT TEA TOWELS ,4,2011-03-06 14:15:00,3.25,17050.0,United Kingdom
545695,20754,RETROSPOT RED WASHING UP GLOVES,3,2011-03-06 14:15:00,2.1,17050.0,United Kingdom
545695,21080,SET/20 RED RETROSPOT PAPER NAPKINS ,4,2011-03-06 14:15:00,0.85,17050.0,United Kingdom
545695,22567,20 DOLLY PEGS RETROSPOT,2,2011-03-06 14:15:00,1.25,17050.0,United Kingdom
545695,22558,CLOTHES PEGS RETROSPOT PACK 24 ,2,2011-03-06 14:15:00,1.49,17050.0,United Kingdom
545695,21216,"SET 3 RETROSPOT TEA,COFFEE,SUGAR",2,2011-03-06 14:15:00,4.95,17050.0,United Kingdom
545695,21217,RED RETROSPOT ROUND CAKE TINS,2,2011-03-06 14:15:00,9.95,17050.0,United Kingdom
545695,21155,RED RETROSPOT PEG BAG,4,2011-03-06 14:15:00,2.55,17050.0,United Kingdom
545695,22329,ROUND CONTAINER SET OF 5 RETROSPOT,3,2011-03-06 14:15:00,1.65,17050.0,United Kingdom
545695,22357,KINGS CHOICE BISCUIT TIN,4,2011-03-06 14:15:00,4.25,17050.0,United Kingdom
545695,22138,BAKING SET 9 PIECE RETROSPOT ,2,2011-03-06 14:15:00,4.95,17050.0,United Kingdom
545695,21218,RED SPOTTY BISCUIT TIN,4,2011-03-06 14:15:00,3.75,17050.0,United Kingdom
545695,22348,TEA BAG PLATE RED RETROSPOT,3,2011-03-06 14:15:00,0.85,17050.0,United Kingdom
545695,21563,RED HEART SHAPE LOVE BUCKET ,3,2011-03-06 14:15:00,2.95,17050.0,United Kingdom
545695,22358,KINGS CHOICE TEA CADDY ,2,2011-03-06 14:15:00,2.95,17050.0,United Kingdom
545695,22628,PICNIC BOXES SET OF 3 RETROSPOT ,4,2011-03-06 14:15:00,4.95,17050.0,United Kingdom
545695,22667,RECIPE BOX RETROSPOT ,2,2011-03-06 14:15:00,2.95,17050.0,United Kingdom
545695,22968,ROSE COTTAGE KEEPSAKE BOX ,2,2011-03-06 14:15:00,9.95,17050.0,United Kingdom
545696,84978,HANGING HEART JAR T-LIGHT HOLDER,6,2011-03-06 14:21:00,1.25,15696.0,United Kingdom
545696,23184,BULL DOG BOTTLE OPENER,6,2011-03-06 14:21:00,4.95,15696.0,United Kingdom
545696,21080,SET/20 RED RETROSPOT PAPER NAPKINS ,5,2011-03-06 14:21:00,0.85,15696.0,United Kingdom
545696,22023,EMPIRE BIRTHDAY CARD,24,2011-03-06 14:21:00,0.42,15696.0,United Kingdom
545696,84755,COLOUR GLASS T-LIGHT HOLDER HANGING,8,2011-03-06 14:21:00,0.65,15696.0,United Kingdom
545696,22766,PHOTO FRAME CORNICE,4,2011-03-06 14:21:00,2.95,15696.0,United Kingdom
545696,84879,ASSORTED COLOUR BIRD ORNAMENT,8,2011-03-06 14:21:00,1.69,15696.0,United Kingdom
545696,85123A,WHITE HANGING HEART T-LIGHT HOLDER,4,2011-03-06 14:21:00,2.95,15696.0,United Kingdom
545696,22969,HOMEMADE JAM SCENTED CANDLES,12,2011-03-06 14:21:00,1.45,15696.0,United Kingdom
545696,22804,CANDLEHOLDER PINK HANGING HEART,3,2011-03-06 14:21:00,2.95,15696.0,United Kingdom
545696,82494L,WOODEN FRAME ANTIQUE WHITE ,4,2011-03-06 14:21:00,2.95,15696.0,United Kingdom
545696,82483,WOOD 2 DRAWER CABINET WHITE FINISH,2,2011-03-06 14:21:00,6.95,15696.0,United Kingdom
545696,82486,WOOD S/3 CABINET ANT WHITE FINISH,2,2011-03-06 14:21:00,8.95,15696.0,United Kingdom
545696,21527,RED RETROSPOT TRADITIONAL TEAPOT ,1,2011-03-06 14:21:00,7.95,15696.0,United Kingdom
545696,21843,RED RETROSPOT CAKE STAND,1,2011-03-06 14:21:00,10.95,15696.0,United Kingdom
545696,22178,VICTORIAN GLASS HANGING T-LIGHT,12,2011-03-06 14:21:00,1.25,15696.0,United Kingdom
545696,22697,GREEN REGENCY TEACUP AND SAUCER,3,2011-03-06 14:21:00,2.95,15696.0,United Kingdom
545696,22699,ROSES REGENCY TEACUP AND SAUCER ,3,2011-03-06 14:21:00,2.95,15696.0,United Kingdom
545696,22667,RECIPE BOX RETROSPOT ,2,2011-03-06 14:21:00,2.95,15696.0,United Kingdom
545696,21527,RED RETROSPOT TRADITIONAL TEAPOT ,1,2011-03-06 14:21:00,7.95,15696.0,United Kingdom
545696,21080,SET/20 RED RETROSPOT PAPER NAPKINS ,1,2011-03-06 14:21:00,0.85,15696.0,United Kingdom
545697,84879,ASSORTED COLOUR BIRD ORNAMENT,8,2011-03-06 14:38:00,1.69,14504.0,United Kingdom
545697,21260,FIRST AID TIN,1,2011-03-06 14:38:00,3.25,14504.0,United Kingdom
545697,82494L,WOODEN FRAME ANTIQUE WHITE ,1,2011-03-06 14:38:00,2.95,14504.0,United Kingdom
545697,82482,WOODEN PICTURE FRAME WHITE FINISH,1,2011-03-06 14:38:00,2.55,14504.0,United Kingdom
545697,22791,T-LIGHT GLASS FLUTED ANTIQUE,2,2011-03-06 14:38:00,1.25,14504.0,United Kingdom
545697,84947,ANTIQUE SILVER TEA GLASS ENGRAVED,2,2011-03-06 14:38:00,1.25,14504.0,United Kingdom
545697,21993,FLORAL FOLK STATIONERY SET,1,2011-03-06 14:38:00,2.95,14504.0,United Kingdom
545697,22984,CARD GINGHAM ROSE ,12,2011-03-06 14:38:00,0.42,14504.0,United Kingdom
545697,21507,"ELEPHANT, BIRTHDAY CARD, ",12,2011-03-06 14:38:00,0.42,14504.0,United Kingdom
545697,22030,SWALLOWS GREETING CARD,12,2011-03-06 14:38:00,0.42,14504.0,United Kingdom
545697,21509,COWBOYS AND INDIANS BIRTHDAY CARD ,12,2011-03-06 14:38:00,0.42,14504.0,United Kingdom
545697,85123A,WHITE HANGING HEART T-LIGHT HOLDER,2,2011-03-06 14:38:00,2.95,14504.0,United Kingdom
545697,21899,"KEY FOB , GARAGE DESIGN",1,2011-03-06 14:38:00,0.65,14504.0,United Kingdom
545697,21900,"KEY FOB , SHED",1,2011-03-06 14:38:00,0.65,14504.0,United Kingdom
545697,21623,VINTAGE UNION JACK MEMOBOARD,1,2011-03-06 14:38:00,9.95,14504.0,United Kingdom
545697,82484,WOOD BLACK BOARD ANT WHITE FINISH,1,2011-03-06 14:38:00,7.9,14504.0,United Kingdom
545697,85150,LADIES & GENTLEMEN METAL SIGN,1,2011-03-06 14:38:00,2.55,14504.0,United Kingdom
545697,82582,AREA PATROLLED METAL SIGN,1,2011-03-06 14:38:00,2.1,14504.0,United Kingdom
545697,82583,HOT BATHS METAL SIGN,1,2011-03-06 14:38:00,2.1,14504.0,United Kingdom
545697,82551,LAUNDRY 15C METAL SIGN,1,2011-03-06 14:38:00,1.45,14504.0,United Kingdom
545697,82552,WASHROOM METAL SIGN,1,2011-03-06 14:38:00,1.45,14504.0,United Kingdom
545697,21902,"KEY FOB , FRONT  DOOR ",1,2011-03-06 14:38:00,0.65,14504.0,United Kingdom
545697,21901,"KEY FOB , BACK DOOR ",1,2011-03-06 14:38:00,0.65,14504.0,United Kingdom
545697,22171,3 HOOK PHOTO SHELF ANTIQUE WHITE,1,2011-03-06 14:38:00,8.5,14504.0,United Kingdom
545697,22169,FAMILY ALBUM WHITE PICTURE FRAME,1,2011-03-06 14:38:00,8.5,14504.0,United Kingdom
545697,22986,GINGHAM ROSE WRAP,25,2011-03-06 14:38:00,0.42,14504.0,United Kingdom
545697,22720,SET OF 3 CAKE TINS PANTRY DESIGN ,1,2011-03-06 14:38:00,4.95,14504.0,United Kingdom
545697,22170,PICTURE FRAME WOOD TRIPLE PORTRAIT,1,2011-03-06 14:38:00,6.75,14504.0,United Kingdom
545697,22495,SET OF 2 ROUND TINS CAMEMBERT ,1,2011-03-06 14:38:00,2.95,14504.0,United Kingdom
545697,21624,VINTAGE UNION JACK DOORSTOP,1,2011-03-06 14:38:00,5.95,14504.0,United Kingdom
545697,22497,SET OF 2 TINS VINTAGE BATHROOM ,1,2011-03-06 14:38:00,4.25,14504.0,United Kingdom
545697,21621,VINTAGE UNION JACK BUNTING,1,2011-03-06 14:38:00,8.5,14504.0,United Kingdom
545698,20712,JUMBO BAG WOODLAND ANIMALS,1,2011-03-06 14:44:00,1.95,15572.0,United Kingdom
545698,22663,JUMBO BAG DOLLY GIRL DESIGN,1,2011-03-06 14:44:00,1.95,15572.0,United Kingdom
545698,22553,PLASTERS IN TIN SKULLS,1,2011-03-06 14:44:00,1.65,15572.0,United Kingdom
545698,84459B,YELLOW METAL CHICKEN HEART ,1,2011-03-06 14:44:00,1.49,15572.0,United Kingdom
545698,22297,HEART IVORY TRELLIS SMALL,2,2011-03-06 14:44:00,1.25,15572.0,United Kingdom
545698,22295,HEART FILIGREE DOVE LARGE,1,2011-03-06 14:44:00,1.65,15572.0,United Kingdom
545698,22292,HANGING CHICK  YELLOW DECORATION,1,2011-03-06 14:44:00,1.45,15572.0,United Kingdom
545698,22293,HANGING CHICK GREEN DECORATION,1,2011-03-06 14:44:00,1.45,15572.0,United Kingdom
545698,21592,RETROSPOT CIGAR BOX MATCHES ,1,2011-03-06 14:44:00,1.25,15572.0,United Kingdom
545698,21389,IVORY HANGING DECORATION  BIRD,4,2011-03-06 14:44:00,0.85,15572.0,United Kingdom
545698,22556,PLASTERS IN TIN CIRCUS PARADE ,1,2011-03-06 14:44:00,1.65,15572.0,United Kingdom
545698,22907,PACK OF 20 NAPKINS PANTRY DESIGN,1,2011-03-06 14:44:00,0.85,15572.0,United Kingdom
545698,22326,ROUND SNACK BOXES SET OF4 WOODLAND ,1,2011-03-06 14:44:00,2.95,15572.0,United Kingdom
545698,22427,ENAMEL FLOWER JUG CREAM,1,2011-03-06 14:44:00,5.95,15572.0,United Kingdom
545698,22826,LOVE SEAT ANTIQUE WHITE METAL,1,2011-03-06 14:44:00,195.0,15572.0,United Kingdom
545699,22427,ENAMEL FLOWER JUG CREAM,1,2011-03-06 14:50:00,5.95,15572.0,United Kingdom
545699,21385,IVORY HANGING DECORATION  HEART,14,2011-03-06 14:50:00,0.85,15572.0,United Kingdom
545699,22292,HANGING CHICK  YELLOW DECORATION,4,2011-03-06 14:50:00,1.45,15572.0,United Kingdom
545699,22293,HANGING CHICK GREEN DECORATION,4,2011-03-06 14:50:00,1.45,15572.0,United Kingdom
545699,22219,LOVEBIRD HANGING DECORATION WHITE ,4,2011-03-06 14:50:00,0.85,15572.0,United Kingdom
545699,84459B,YELLOW METAL CHICKEN HEART ,8,2011-03-06 14:50:00,1.49,15572.0,United Kingdom
545699,21034,REX CASH+CARRY JUMBO SHOPPER,2,2011-03-06 14:50:00,0.95,15572.0,United Kingdom
545699,22052,VINTAGE CARAVAN GIFT WRAP,25,2011-03-06 14:50:00,0.42,15572.0,United Kingdom
545699,22704,WRAP RED APPLES ,25,2011-03-06 14:50:00,0.42,15572.0,United Kingdom
545699,22705,WRAP GREEN PEARS ,25,2011-03-06 14:50:00,0.42,15572.0,United Kingdom
545699,22710,WRAP I LOVE LONDON ,25,2011-03-06 14:50:00,0.42,15572.0,United Kingdom
545699,23230,WRAP ALPHABET DESIGN,25,2011-03-06 14:50:00,0.42,15572.0,United Kingdom
545699,22488,NATURAL SLATE RECTANGLE CHALKBOARD,4,2011-03-06 14:50:00,1.65,15572.0,United Kingdom
545699,82484,WOOD BLACK BOARD ANT WHITE FINISH,4,2011-03-06 14:50:00,7.9,15572.0,United Kingdom
545699,22487,WHITE WOOD GARDEN PLANT LADDER,1,2011-03-06 14:50:00,9.95,15572.0,United Kingdom
545699,22917,HERB MARKER ROSEMARY,3,2011-03-06 14:50:00,0.65,15572.0,United Kingdom
545699,22916,HERB MARKER THYME,3,2011-03-06 14:50:00,0.65,15572.0,United Kingdom
545699,22919,HERB MARKER MINT,3,2011-03-06 14:50:00,0.65,15572.0,United Kingdom
545699,22918,HERB MARKER PARSLEY,3,2011-03-06 14:50:00,0.65,15572.0,United Kingdom
545699,22926,IVORY GIANT GARDEN THERMOMETER,2,2011-03-06 14:50:00,5.95,15572.0,United Kingdom
545699,22171,3 HOOK PHOTO SHELF ANTIQUE WHITE,2,2011-03-06 14:50:00,8.5,15572.0,United Kingdom
545699,22570,FELTCRAFT CUSHION RABBIT,3,2011-03-06 14:50:00,3.75,15572.0,United Kingdom
545699,22568,FELTCRAFT CUSHION OWL,3,2011-03-06 14:50:00,3.75,15572.0,United Kingdom
545699,84792,ENCHANTED BIRD COATHANGER 5 HOOK,2,2011-03-06 14:50:00,4.65,15572.0,United Kingdom
545699,22430,ENAMEL WATERING CAN CREAM,1,2011-03-06 14:50:00,4.95,15572.0,United Kingdom
545700,22520,CHILDS GARDEN TROWEL BLUE ,33,2011-03-06 14:57:00,0.85,17811.0,United Kingdom
545700,22521,CHILDS GARDEN TROWEL PINK,17,2011-03-06 14:57:00,0.85,17811.0,United Kingdom
545700,21976,PACK OF 60 MUSHROOM CAKE CASES,3,2011-03-06 14:57:00,0.55,17811.0,United Kingdom
545700,84991,60 TEATIME FAIRY CAKE CASES,4,2011-03-06 14:57:00,0.55,17811.0,United Kingdom
545700,21975,PACK OF 60 DINOSAUR CAKE CASES,1,2011-03-06 14:57:00,0.55,17811.0,United Kingdom
545700,84218,BOX/12 CHICK & EGG IN BASKET,1,2011-03-06 14:57:00,1.95,17811.0,United Kingdom
545700,21906,PHARMACIE FIRST AID TIN,1,2011-03-06 14:57:00,6.75,17811.0,United Kingdom
545700,21260,FIRST AID TIN,1,2011-03-06 14:57:00,3.25,17811.0,United Kingdom
545700,22494,EMERGENCY FIRST AID TIN ,1,2011-03-06 14:57:00,1.25,17811.0,United Kingdom
545700,22270,HAPPY EASTER HANGING DECORATION,3,2011-03-06 14:57:00,3.75,17811.0,United Kingdom
545700,22084,PAPER CHAIN KIT EMPIRE,4,2011-03-06 14:57:00,2.95,17811.0,United Kingdom
545700,84991,60 TEATIME FAIRY CAKE CASES,1,2011-03-06 14:57:00,0.55,17811.0,United Kingdom
545700,21495,SKULLS AND CROSSBONES WRAP,25,2011-03-06 14:57:00,0.42,17811.0,United Kingdom
545700,22499,WOODEN UNION JACK BUNTING,1,2011-03-06 14:57:00,5.95,17811.0,United Kingdom
545700,22498,WOODEN REGATTA BUNTING,4,2011-03-06 14:57:00,5.95,17811.0,United Kingdom
545700,21878,PACK OF 6 SANDCASTLE FLAGS ASSORTED,50,2011-03-06 14:57:00,0.85,17811.0,United Kingdom
545701,48187,DOORMAT NEW ENGLAND,10,2011-03-06 15:17:00,6.75,17107.0,United Kingdom
545701,22692,DOORMAT WELCOME TO OUR HOME,10,2011-03-06 15:17:00,6.75,17107.0,United Kingdom
545701,48185,DOORMAT FAIRY CAKE,10,2011-03-06 15:17:00,6.75,17107.0,United Kingdom
545701,21523,DOORMAT FANCY FONT HOME SWEET HOME,10,2011-03-06 15:17:00,6.75,17107.0,United Kingdom
545701,48116,DOORMAT MULTICOLOUR STRIPE,10,2011-03-06 15:17:00,6.75,17107.0,United Kingdom
545701,48173C,DOORMAT BLACK FLOCK ,10,2011-03-06 15:17:00,6.75,17107.0,United Kingdom
545701,48138,DOORMAT UNION FLAG,10,2011-03-06 15:17:00,6.75,17107.0,United Kingdom
545701,21955,DOORMAT UNION JACK GUNS AND ROSES,10,2011-03-06 15:17:00,6.75,17107.0,United Kingdom
545701,48194,DOORMAT HEARTS,10,2011-03-06 15:17:00,6.75,17107.0,United Kingdom
545701,20685,DOORMAT RED RETROSPOT,10,2011-03-06 15:17:00,6.75,17107.0,United Kingdom
545701,22691,DOORMAT WELCOME SUNRISE,10,2011-03-06 15:17:00,6.75,17107.0,United Kingdom
545701,21232,STRAWBERRY CERAMIC TRINKET BOX,72,2011-03-06 15:17:00,1.06,17107.0,United Kingdom
545701,75049L,LARGE CIRCULAR MIRROR MOBILE,96,2011-03-06 15:17:00,0.85,17107.0,United Kingdom
545701,85123A,WHITE HANGING HEART T-LIGHT HOLDER,64,2011-03-06 15:17:00,2.55,17107.0,United Kingdom
545701,22604,SET OF 4 NAPKIN CHARMS CUTLERY,1,2011-03-06 15:17:00,2.55,17107.0,United Kingdom
545701,21931,JUMBO STORAGE BAG SUKI,20,2011-03-06 15:17:00,1.95,17107.0,United Kingdom
545701,85099C,JUMBO  BAG BAROQUE BLACK WHITE,20,2011-03-06 15:17:00,1.95,17107.0,United Kingdom
545701,85099B,JUMBO BAG RED RETROSPOT,20,2011-03-06 15:17:00,1.95,17107.0,United Kingdom
545701,22383,LUNCH BAG SUKI DESIGN ,10,2011-03-06 15:17:00,1.65,17107.0,United Kingdom
545701,20727,LUNCH BAG  BLACK SKULL.,3,2011-03-06 15:17:00,1.65,17107.0,United Kingdom
545701,20725,LUNCH BAG RED RETROSPOT,6,2011-03-06 15:17:00,1.65,17107.0,United Kingdom
545701,47566B,TEA TIME PARTY BUNTING,5,2011-03-06 15:17:00,4.95,17107.0,United Kingdom
545701,21755,LOVE BUILDING BLOCK WORD,1,2011-03-06 15:17:00,5.95,17107.0,United Kingdom
545701,21754,HOME BUILDING BLOCK WORD,4,2011-03-06 15:17:00,5.95,17107.0,United Kingdom
545701,47566,PARTY BUNTING,6,2011-03-06 15:17:00,4.95,17107.0,United Kingdom
545701,22149,FELTCRAFT 6 FLOWER FRIENDS,5,2011-03-06 15:17:00,2.1,17107.0,United Kingdom
545701,22646,CERAMIC STRAWBERRY CAKE MONEY BANK,8,2011-03-06 15:17:00,1.45,17107.0,United Kingdom
545701,22073,RED RETROSPOT STORAGE JAR,1,2011-03-06 15:17:00,3.75,17107.0,United Kingdom
545701,22189,CREAM HEART CARD HOLDER,3,2011-03-06 15:17:00,3.95,17107.0,United Kingdom
545701,20971,PINK BLUE FELT CRAFT TRINKET BOX,7,2011-03-06 15:17:00,1.25,17107.0,United Kingdom
545701,20972,PINK CREAM FELT CRAFT TRINKET BOX ,5,2011-03-06 15:17:00,1.25,17107.0,United Kingdom
545701,22865,HAND WARMER OWL DESIGN,3,2011-03-06 15:17:00,2.1,17107.0,United Kingdom
545701,22633,HAND WARMER UNION JACK,4,2011-03-06 15:17:00,2.1,17107.0,United Kingdom
545701,22867,HAND WARMER BIRD DESIGN,2,2011-03-06 15:17:00,2.1,17107.0,United Kingdom
545701,21843,RED RETROSPOT CAKE STAND,1,2011-03-06 15:17:00,10.95,17107.0,United Kingdom
545701,17084R,ASSORTED INCENSE PACK,144,2011-03-06 15:17:00,0.21,17107.0,United Kingdom
545701,22726,ALARM CLOCK BAKELIKE GREEN,1,2011-03-06 15:17:00,3.75,17107.0,United Kingdom
545701,21531,RED RETROSPOT SUGAR JAM BOWL,1,2011-03-06 15:17:00,2.55,17107.0,United Kingdom
545701,22073,RED RETROSPOT STORAGE JAR,2,2011-03-06 15:17:00,3.75,17107.0,United Kingdom
545701,47567B,TEA TIME KITCHEN APRON,3,2011-03-06 15:17:00,5.95,17107.0,United Kingdom
545701,22925,BLUE GIANT GARDEN THERMOMETER,1,2011-03-06 15:17:00,5.95,17107.0,United Kingdom
545701,22297,HEART IVORY TRELLIS SMALL,16,2011-03-06 15:17:00,1.25,17107.0,United Kingdom
545701,22938,CUPCAKE LACE PAPER SET 6,12,2011-03-06 15:17:00,1.95,17107.0,United Kingdom
545701,21167,WHITE SAGE INCENSE,25,2011-03-06 15:17:00,0.21,17107.0,United Kingdom
545701,23194,GYMKHANA TREASURE BOOK BOX,1,2011-03-06 15:17:00,2.25,17107.0,United Kingdom
545701,17084N,FAIRY DREAMS INCENSE ,50,2011-03-06 15:17:00,0.21,17107.0,United Kingdom
545701,84465,15 PINK FLUFFY CHICKS IN BOX,1,2011-03-06 15:17:00,2.95,17107.0,United Kingdom
545701,22792,FLUTED ANTIQUE CANDLE HOLDER,12,2011-03-06 15:17:00,0.85,17107.0,United Kingdom
545701,21385,IVORY HANGING DECORATION  HEART,24,2011-03-06 15:17:00,0.85,17107.0,United Kingdom
545701,22292,HANGING CHICK  YELLOW DECORATION,7,2011-03-06 15:17:00,1.45,17107.0,United Kingdom
545701,22293,HANGING CHICK GREEN DECORATION,7,2011-03-06 15:17:00,1.45,17107.0,United Kingdom
545701,22604,SET OF 4 NAPKIN CHARMS CUTLERY,5,2011-03-06 15:17:00,2.55,17107.0,United Kingdom
545701,22640,SET OF 4 NAPKIN CHARMS 3 KEYS ,1,2011-03-06 15:17:00,2.55,17107.0,United Kingdom
545701,22639,SET OF 4 NAPKIN CHARMS HEARTS,2,2011-03-06 15:17:00,2.55,17107.0,United Kingdom
545701,47570B,TEA TIME TABLE CLOTH,1,2011-03-06 15:17:00,10.65,17107.0,United Kingdom
545701,47591D,PINK FAIRY CAKE CHILDRENS APRON,3,2011-03-06 15:17:00,1.95,17107.0,United Kingdom
545701,22896,PEG BAG APPLES DESIGN,3,2011-03-06 15:17:00,2.55,17107.0,United Kingdom
545701,22899,CHILDREN'S APRON DOLLY GIRL ,3,2011-03-06 15:17:00,2.1,17107.0,United Kingdom
545701,22061,LARGE CAKE STAND  HANGING STRAWBERY,1,2011-03-06 15:17:00,9.95,17107.0,United Kingdom
545701,21527,RED RETROSPOT TRADITIONAL TEAPOT ,2,2011-03-06 15:17:00,7.95,17107.0,United Kingdom
545701,21382,SET/4 SPRING FLOWER DECORATION,4,2011-03-06 15:17:00,2.95,17107.0,United Kingdom
545701,22055,MINI CAKE STAND  HANGING STRAWBERY,6,2011-03-06 15:17:00,1.65,17107.0,United Kingdom
545701,22699,ROSES REGENCY TEACUP AND SAUCER ,4,2011-03-06 15:17:00,2.95,17107.0,United Kingdom
545701,22697,GREEN REGENCY TEACUP AND SAUCER,3,2011-03-06 15:17:00,2.95,17107.0,United Kingdom
545701,22698,PINK REGENCY TEACUP AND SAUCER,4,2011-03-06 15:17:00,2.95,17107.0,United Kingdom
545702,22776,SWEETHEART CAKESTAND 3 TIER,1,2011-03-06 15:21:00,9.95,14247.0,United Kingdom
545702,22296,HEART IVORY TRELLIS LARGE,1,2011-03-06 15:21:00,1.65,14247.0,United Kingdom
545702,22219,LOVEBIRD HANGING DECORATION WHITE ,2,2011-03-06 15:21:00,0.85,14247.0,United Kingdom
545702,22720,SET OF 3 CAKE TINS PANTRY DESIGN ,1,2011-03-06 15:21:00,4.95,14247.0,United Kingdom
545702,77101A,UNION FLAG WINDSOCK,2,2011-03-06 15:21:00,1.25,14247.0,United Kingdom
545702,84218,BOX/12 CHICK & EGG IN BASKET,1,2011-03-06 15:21:00,1.95,14247.0,United Kingdom
545702,22727,ALARM CLOCK BAKELIKE RED ,1,2011-03-06 15:21:00,3.75,14247.0,United Kingdom
545702,22728,ALARM CLOCK BAKELIKE PINK,1,2011-03-06 15:21:00,3.75,14247.0,United Kingdom
545702,22296,HEART IVORY TRELLIS LARGE,3,2011-03-06 15:21:00,1.65,14247.0,United Kingdom
545702,22464,HANGING METAL HEART LANTERN,3,2011-03-06 15:21:00,1.65,14247.0,United Kingdom
545702,22876,NUMBER TILE COTTAGE GARDEN 8,1,2011-03-06 15:21:00,1.95,14247.0,United Kingdom
545702,22423,REGENCY CAKESTAND 3 TIER,1,2011-03-06 15:21:00,12.75,14247.0,United Kingdom
545702,22784,LANTERN CREAM GAZEBO ,1,2011-03-06 15:21:00,4.95,14247.0,United Kingdom
545702,71038,WHITE HANGING BEADS CANDLE HOLDER,1,2011-03-06 15:21:00,5.45,14247.0,United Kingdom
545702,22804,CANDLEHOLDER PINK HANGING HEART,3,2011-03-06 15:21:00,2.95,14247.0,United Kingdom
545702,21135,VICTORIAN  METAL POSTCARD SPRING,8,2011-03-06 15:21:00,1.69,14247.0,United Kingdom
545702,85123A,WHITE HANGING HEART T-LIGHT HOLDER,7,2011-03-06 15:21:00,2.95,14247.0,United Kingdom
545702,85206A,CREAM FELT EASTER EGG BASKET,2,2011-03-06 15:21:00,1.65,14247.0,United Kingdom
545702,84798B,PURPLE FOXGLOVE ARTIIFCIAL FLOWER,6,2011-03-06 15:21:00,2.55,14247.0,United Kingdom
545702,22501,PICNIC BASKET WICKER LARGE,1,2011-03-06 15:21:00,9.95,14247.0,United Kingdom
545703,22690,DOORMAT HOME SWEET HOME BLUE ,1,2011-03-06 16:05:00,7.95,,United Kingdom
