InvoiceNo,StockCode,Description,Quantity,InvoiceDate,UnitPrice,CustomerID,Country
554975,23175,REGENCY MILK JUG PINK ,24,2011-05-29 10:40:00,2.75,17819.0,United Kingdom
554975,23173,REGENCY TEAPOT ROSES ,24,2011-05-29 10:40:00,8.15,17819.0,United Kingdom
554975,23174,REGENCY SUGAR BOWL GREEN,24,2011-05-29 10:40:00,3.75,17819.0,United Kingdom
554975,23170,REGENCY TEA PLATE ROSES ,48,2011-05-29 10:40:00,1.45,17819.0,United Kingdom
554975,23172,REGENCY TEA PLATE PINK,48,2011-05-29 10:40:00,1.45,17819.0,United Kingdom
554975,23171,REGENCY TEA PLATE GREEN ,48,2011-05-29 10:40:00,1.45,17819.0,United Kingdom
554975,23162,REGENCY TEA STRAINER,48,2011-05-29 10:40:00,3.29,17819.0,United Kingdom
554975,23163,REGENCY SUGAR TONGS,48,2011-05-29 10:40:00,2.08,17819.0,United Kingdom
554975,22605,WOODEN CROQUET GARDEN SET,1,2011-05-29 10:40:00,14.95,17819.0,United Kingdom
554975,22607,WOODEN ROUNDERS GARDEN SET ,1,2011-05-29 10:40:00,9.95,17819.0,United Kingdom
554976,84792,ENCHANTED BIRD COATHANGER 5 HOOK,3,2011-05-29 10:57:00,4.65,15046.0,United Kingdom
554976,84673B,BLUE FLY SWAT,1,2011-05-29 10:57:00,0.65,15046.0,United Kingdom
554976,84673A,PINK FLY SWAT,1,2011-05-29 10:57:00,0.65,15046.0,United Kingdom
554976,22219,LOVEBIRD HANGING DECORATION WHITE ,20,2011-05-29 10:57:00,0.85,15046.0,United Kingdom
554976,23148,MINIATURE ANTIQUE ROSE HOOK IVORY,2,2011-05-29 10:57:00,0.83,15046.0,United Kingdom
554976,23147,SINGLE ANTIQUE ROSE HOOK IVORY,2,2011-05-29 10:57:00,1.45,15046.0,United Kingdom
554976,23131,MISTLETOE HEART WREATH CREAM,12,2011-05-29 10:57:00,4.15,15046.0,United Kingdom
554976,23152,IVORY SWEETHEART WIRE LETTER RACK ,4,2011-05-29 10:57:00,3.75,15046.0,United Kingdom
554976,84879,ASSORTED COLOUR BIRD ORNAMENT,32,2011-05-29 10:57:00,1.69,15046.0,United Kingdom
554976,23146,TRIPLE HOOK ANTIQUE IVORY ROSE,2,2011-05-29 10:57:00,3.29,15046.0,United Kingdom
554976,22915,ASSORTED BOTTLE TOP  MAGNETS ,6,2011-05-29 10:57:00,0.42,15046.0,United Kingdom
554976,23138,SINGLE WIRE HOOK IVORY HEART,12,2011-05-29 10:57:00,1.45,15046.0,United Kingdom
554976,23154,SET OF 4 JAM JAR MAGNETS,1,2011-05-29 10:57:00,2.08,15046.0,United Kingdom
554976,23156,SET OF 5 MINI GROCERY MAGNETS,1,2011-05-29 10:57:00,2.08,15046.0,United Kingdom
554976,21272,SALLE DE BAIN HOOK,3,2011-05-29 10:57:00,1.25,15046.0,United Kingdom
554976,22189,CREAM HEART CARD HOLDER,3,2011-05-29 10:57:00,3.95,15046.0,United Kingdom
554976,21034,REX CASH+CARRY JUMBO SHOPPER,1,2011-05-29 10:57:00,0.95,15046.0,United Kingdom
554976,23132,SMALL IVORY HEART WALL ORGANISER,3,2011-05-29 10:57:00,5.75,15046.0,United Kingdom
554976,21390,FILIGRIS HEART WITH BUTTERFLY,24,2011-05-29 10:57:00,1.25,15046.0,United Kingdom
554976,21385,IVORY HANGING DECORATION  HEART,24,2011-05-29 10:57:00,0.85,15046.0,United Kingdom
554976,22295,HEART FILIGREE DOVE LARGE,12,2011-05-29 10:57:00,1.65,15046.0,United Kingdom
554976,22294,HEART FILIGREE DOVE  SMALL,24,2011-05-29 10:57:00,1.25,15046.0,United Kingdom
554977,22167, OVAL WALL MIRROR DIAMANTE ,1,2011-05-29 11:03:00,9.95,16444.0,United Kingdom
554977,84673A,PINK FLY SWAT,1,2011-05-29 11:03:00,0.65,16444.0,United Kingdom
554977,22328,ROUND SNACK BOXES SET OF 4 FRUITS ,4,2011-05-29 11:03:00,2.95,16444.0,United Kingdom
554977,21561,DINOSAUR LUNCH BOX WITH CUTLERY,2,2011-05-29 11:03:00,2.55,16444.0,United Kingdom
554977,21559,STRAWBERRY LUNCH BOX WITH CUTLERY,2,2011-05-29 11:03:00,2.55,16444.0,United Kingdom
554977,22384,LUNCH BAG PINK POLKADOT,2,2011-05-29 11:03:00,1.65,16444.0,United Kingdom
554977,20728,LUNCH BAG CARS BLUE,1,2011-05-29 11:03:00,1.65,16444.0,United Kingdom
554977,20725,LUNCH BAG RED RETROSPOT,1,2011-05-29 11:03:00,1.65,16444.0,United Kingdom
554977,20727,LUNCH BAG  BLACK SKULL.,1,2011-05-29 11:03:00,1.65,16444.0,United Kingdom
554977,85099C,JUMBO  BAG BAROQUE BLACK WHITE,2,2011-05-29 11:03:00,2.08,16444.0,United Kingdom
554977,22411,JUMBO SHOPPER VINTAGE RED PAISLEY,2,2011-05-29 11:03:00,2.08,16444.0,United Kingdom
554977,85152,HAND OVER THE CHOCOLATE   SIGN ,1,2011-05-29 11:03:00,2.1,16444.0,United Kingdom
554977,82567,"AIRLINE LOUNGE,METAL SIGN",1,2011-05-29 11:03:00,2.1,16444.0,United Kingdom
554977,21166,COOK WITH WINE METAL SIGN ,1,2011-05-29 11:03:00,2.08,16444.0,United Kingdom
554977,23298,SPOTTY BUNTING,3,2011-05-29 11:03:00,4.95,16444.0,United Kingdom
554977,22090,PAPER BUNTING RETROSPOT,3,2011-05-29 11:03:00,2.95,16444.0,United Kingdom
554977,47590A,BLUE HAPPY BIRTHDAY BUNTING,2,2011-05-29 11:03:00,5.45,16444.0,United Kingdom
554977,47590B,PINK HAPPY BIRTHDAY BUNTING,1,2011-05-29 11:03:00,5.45,16444.0,United Kingdom
554977,22197,SMALL POPCORN HOLDER,30,2011-05-29 11:03:00,0.85,16444.0,United Kingdom
554978,23102,SILVER HEARTS TABLE DECORATION,12,2011-05-29 11:05:00,0.83,16889.0,United Kingdom
554978,23299,FOOD COVER WITH BEADS SET 2 ,4,2011-05-29 11:05:00,3.75,16889.0,United Kingdom
554978,22907,PACK OF 20 NAPKINS PANTRY DESIGN,6,2011-05-29 11:05:00,0.85,16889.0,United Kingdom
554978,23300,GARDENERS KNEELING PAD CUP OF TEA ,4,2011-05-29 11:05:00,1.65,16889.0,United Kingdom
554978,23254,CHILDRENS CUTLERY DOLLY GIRL ,3,2011-05-29 11:05:00,4.15,16889.0,United Kingdom
554978,23256,CHILDRENS CUTLERY SPACEBOY ,3,2011-05-29 11:05:00,4.15,16889.0,United Kingdom
554978,21080,SET/20 RED RETROSPOT PAPER NAPKINS ,10,2011-05-29 11:05:00,0.85,16889.0,United Kingdom
554978,16236,KITTY PENCIL ERASERS,28,2011-05-29 11:05:00,0.21,16889.0,United Kingdom
554978,15036,ASSORTED COLOURS SILK FAN,12,2011-05-29 11:05:00,0.83,16889.0,United Kingdom
554978,23168,CLASSIC CAFE SUGAR DISPENSER,4,2011-05-29 11:05:00,1.25,16889.0,United Kingdom
554978,23298,SPOTTY BUNTING,6,2011-05-29 11:05:00,4.95,16889.0,United Kingdom
554978,47566,PARTY BUNTING,4,2011-05-29 11:05:00,4.95,16889.0,United Kingdom
554978,21094,SET/6 RED SPOTTY PAPER PLATES,10,2011-05-29 11:05:00,0.85,16889.0,United Kingdom
554978,22992,REVOLVER WOODEN RULER ,12,2011-05-29 11:05:00,1.95,16889.0,United Kingdom
554978,22665,RECIPE BOX BLUE SKETCHBOOK DESIGN,1,2011-05-29 11:05:00,2.95,16889.0,United Kingdom
554978,22090,PAPER BUNTING RETROSPOT,6,2011-05-29 11:05:00,2.95,16889.0,United Kingdom
554978,20677,PINK POLKADOT BOWL,8,2011-05-29 11:05:00,1.25,16889.0,United Kingdom
554978,22728,ALARM CLOCK BAKELIKE PINK,2,2011-05-29 11:05:00,3.75,16889.0,United Kingdom
554978,22727,ALARM CLOCK BAKELIKE RED ,2,2011-05-29 11:05:00,3.75,16889.0,United Kingdom
554978,21240,BLUE POLKADOT CUP,8,2011-05-29 11:05:00,0.85,16889.0,United Kingdom
554978,21239,PINK  POLKADOT CUP,8,2011-05-29 11:05:00,0.85,16889.0,United Kingdom
554978,23101,SILVER STARS TABLE DECORATION,12,2011-05-29 11:05:00,0.83,16889.0,United Kingdom
554978,21086,SET/6 RED SPOTTY PAPER CUPS,10,2011-05-29 11:05:00,0.65,16889.0,United Kingdom
554978,23209,LUNCH BAG DOILEY PATTERN ,10,2011-05-29 11:05:00,1.65,16889.0,United Kingdom
554978,22662,LUNCH BAG DOLLY GIRL DESIGN,10,2011-05-29 11:05:00,1.65,16889.0,United Kingdom
554978,22634,CHILDS BREAKFAST SET SPACEBOY ,2,2011-05-29 11:05:00,9.95,16889.0,United Kingdom
554978,22635,CHILDS BREAKFAST SET DOLLY GIRL ,2,2011-05-29 11:05:00,9.95,16889.0,United Kingdom
554978,22045,SPACEBOY GIFT WRAP,25,2011-05-29 11:05:00,0.42,16889.0,United Kingdom
554978,23231,WRAP DOILEY DESIGN,25,2011-05-29 11:05:00,0.42,16889.0,United Kingdom
554978,23052,RECYCLED ACAPULCO MAT TURQUOISE,1,2011-05-29 11:05:00,8.25,16889.0,United Kingdom
554979,23002,TRAVEL CARD WALLET SKULLS,2,2011-05-29 11:34:00,0.42,16931.0,United Kingdom
554979,23148,MINIATURE ANTIQUE ROSE HOOK IVORY,3,2011-05-29 11:34:00,0.83,16931.0,United Kingdom
554979,23147,SINGLE ANTIQUE ROSE HOOK IVORY,5,2011-05-29 11:34:00,1.45,16931.0,United Kingdom
554979,22551,PLASTERS IN TIN SPACEBOY,4,2011-05-29 11:34:00,1.65,16931.0,United Kingdom
554979,22998,TRAVEL CARD WALLET KEEP CALM,10,2011-05-29 11:34:00,0.42,16931.0,United Kingdom
554979,22999,TRAVEL CARD WALLET RETRO PETALS,2,2011-05-29 11:34:00,0.42,16931.0,United Kingdom
554979,23000,TRAVEL CARD WALLET TRANSPORT,6,2011-05-29 11:34:00,0.42,16931.0,United Kingdom
554979,22995,TRAVEL CARD WALLET SUKI,3,2011-05-29 11:34:00,0.42,16931.0,United Kingdom
554979,23003,TRAVEL CARD WALLET VINTAGE ROSE ,3,2011-05-29 11:34:00,0.42,16931.0,United Kingdom
554979,62074B,ELEPHANT CLIP W SUCTION CUP,3,2011-05-29 11:34:00,0.42,16931.0,United Kingdom
554979,23302,KNEELING MAT HOUSEWORK  DESIGN,3,2011-05-29 11:34:00,1.65,16931.0,United Kingdom
554979,23300,GARDENERS KNEELING PAD CUP OF TEA ,5,2011-05-29 11:34:00,1.65,16931.0,United Kingdom
554979,84519B,CARROT CHARLIE+LOLA COASTER SET,4,2011-05-29 11:34:00,1.25,16931.0,United Kingdom
554979,21174,POTTERING IN THE SHED METAL SIGN,1,2011-05-29 11:34:00,2.08,16931.0,United Kingdom
554979,21033,JUMBO BAG CHARLIE AND LOLA TOYS,3,2011-05-29 11:34:00,2.08,16931.0,United Kingdom
554979,20716,PARTY FOOD SHOPPER BAG,2,2011-05-29 11:34:00,1.25,16931.0,United Kingdom
554979,22568,FELTCRAFT CUSHION OWL,3,2011-05-29 11:34:00,3.75,16931.0,United Kingdom
554979,85183A,CHARLIE & LOLA WASTEPAPER BIN BLUE,1,2011-05-29 11:34:00,1.25,16931.0,United Kingdom
554979,85183B,CHARLIE & LOLA WASTEPAPER BIN FLORA,2,2011-05-29 11:34:00,1.25,16931.0,United Kingdom
554979,84828,JUNGLE POPSICLES ICE LOLLY MOULDS,3,2011-05-29 11:34:00,1.25,16931.0,United Kingdom
554979,22147,FELTCRAFT BUTTERFLY HEARTS,3,2011-05-29 11:34:00,1.45,16931.0,United Kingdom
554979,22993,SET OF 4 PANTRY JELLY MOULDS,3,2011-05-29 11:34:00,1.25,16931.0,United Kingdom
554979,85071A,BLUE CHARLIE+LOLA PERSONAL DOORSIGN,2,2011-05-29 11:34:00,2.95,16931.0,United Kingdom
554979,85071C,"CHARLIE+LOLA""EXTREMELY BUSY"" SIGN",2,2011-05-29 11:34:00,2.55,16931.0,United Kingdom
554979,85174,S/4 CACTI CANDLES,1,2011-05-29 11:34:00,4.95,16931.0,United Kingdom
554979,85123A,WHITE HANGING HEART T-LIGHT HOLDER,6,2011-05-29 11:34:00,2.95,16931.0,United Kingdom
554979,22268,DECORATION SITTING BUNNY,6,2011-05-29 11:34:00,0.85,16931.0,United Kingdom
554979,22433,WATERING CAN GREEN DINOSAUR,3,2011-05-29 11:34:00,1.95,16931.0,United Kingdom
554979,21294,ETCHED GLASS COASTER,12,2011-05-29 11:34:00,0.39,16931.0,United Kingdom
554979,22297,HEART IVORY TRELLIS SMALL,3,2011-05-29 11:34:00,1.25,16931.0,United Kingdom
554979,22295,HEART FILIGREE DOVE LARGE,3,2011-05-29 11:34:00,1.65,16931.0,United Kingdom
554979,22296,HEART IVORY TRELLIS LARGE,3,2011-05-29 11:34:00,1.65,16931.0,United Kingdom
554979,23138,SINGLE WIRE HOOK IVORY HEART,3,2011-05-29 11:34:00,1.45,16931.0,United Kingdom
554979,84971S,SMALL HEART FLOWERS HOOK ,3,2011-05-29 11:34:00,0.85,16931.0,United Kingdom
554979,22813,PACK 3 BOXES BIRD PANNETONE ,1,2011-05-29 11:34:00,1.95,16931.0,United Kingdom
554979,20716,PARTY FOOD SHOPPER BAG,1,2011-05-29 11:34:00,1.25,16931.0,United Kingdom
554979,23201,JUMBO BAG ALPHABET,2,2011-05-29 11:34:00,2.08,16931.0,United Kingdom
554980,22749,FELTCRAFT PRINCESS CHARLOTTE DOLL,1,2011-05-29 11:59:00,3.75,17613.0,United Kingdom
554980,22568,FELTCRAFT CUSHION OWL,6,2011-05-29 11:59:00,3.75,17613.0,United Kingdom
554980,22750,FELTCRAFT PRINCESS LOLA DOLL,2,2011-05-29 11:59:00,3.75,17613.0,United Kingdom
554980,22274,FELTCRAFT DOLL EMILY,1,2011-05-29 11:59:00,2.95,17613.0,United Kingdom
554980,22271,FELTCRAFT DOLL ROSIE,1,2011-05-29 11:59:00,2.95,17613.0,United Kingdom
554980,22273,FELTCRAFT DOLL MOLLY,2,2011-05-29 11:59:00,2.95,17613.0,United Kingdom
554980,22274,FELTCRAFT DOLL EMILY,1,2011-05-29 11:59:00,2.95,17613.0,United Kingdom
554980,22749,FELTCRAFT PRINCESS CHARLOTTE DOLL,1,2011-05-29 11:59:00,3.75,17613.0,United Kingdom
554980,22271,FELTCRAFT DOLL ROSIE,1,2011-05-29 11:59:00,2.95,17613.0,United Kingdom
554981,85132C,CHARLIE AND LOLA FIGURES TINS,2,2011-05-29 12:06:00,1.95,17613.0,United Kingdom
554981,85132B,CHARLIE AND LOLA TABLE TINS,2,2011-05-29 12:06:00,1.95,17613.0,United Kingdom
554981,84279P,CHERRY BLOSSOM  DECORATIVE FLASK,2,2011-05-29 12:06:00,3.75,17613.0,United Kingdom
554981,84279B,CHERRY BLOSSOM DECORATIVE FLASK,2,2011-05-29 12:06:00,3.75,17613.0,United Kingdom
554981,21068,VINTAGE BILLBOARD LOVE/HATE MUG,6,2011-05-29 12:06:00,1.25,17613.0,United Kingdom
554981,21043,APRON MODERN VINTAGE COTTON,4,2011-05-29 12:06:00,1.95,17613.0,United Kingdom
554981,20914,SET/5 RED RETROSPOT LID GLASS BOWLS,2,2011-05-29 12:06:00,2.95,17613.0,United Kingdom
554981,84429A,MEDIUM PINK BUDDHA HEAD ,3,2011-05-29 12:06:00,2.95,17613.0,United Kingdom
554981,20755,BLUE PAISLEY POCKET BOOK,3,2011-05-29 12:06:00,0.85,17613.0,United Kingdom
554981,20759,CHRYSANTHEMUM POCKET BOOK ,3,2011-05-29 12:06:00,0.85,17613.0,United Kingdom
554981,20777,CHRYSANTHEMUM NOTEBOOK,1,2011-05-29 12:06:00,1.65,17613.0,United Kingdom
554981,23147,SINGLE ANTIQUE ROSE HOOK IVORY,2,2011-05-29 12:06:00,1.45,17613.0,United Kingdom
554981,82581,TOILET METAL SIGN,2,2011-05-29 12:06:00,0.55,17613.0,United Kingdom
554981,82580,BATHROOM METAL SIGN,2,2011-05-29 12:06:00,0.55,17613.0,United Kingdom
554981,22219,LOVEBIRD HANGING DECORATION WHITE ,2,2011-05-29 12:06:00,0.85,17613.0,United Kingdom
554981,35961,FOLKART ZINC HEART CHRISTMAS DEC,2,2011-05-29 12:06:00,0.85,17613.0,United Kingdom
554981,22297,HEART IVORY TRELLIS SMALL,2,2011-05-29 12:06:00,1.25,17613.0,United Kingdom
554981,23106,ZINC HEARTS PLANT POT HOLDER,4,2011-05-29 12:06:00,2.89,17613.0,United Kingdom
554981,84725,FREESTYLE CANVAS ART PICTURE,1,2011-05-29 12:06:00,1.65,17613.0,United Kingdom
554981,22562,MONSTERS STENCIL CRAFT,5,2011-05-29 12:06:00,1.25,17613.0,United Kingdom
554981,22563,HAPPY STENCIL CRAFT,5,2011-05-29 12:06:00,1.25,17613.0,United Kingdom
554981,22564,ALPHABET STENCIL CRAFT,5,2011-05-29 12:06:00,1.25,17613.0,United Kingdom
554981,23091,ZINC HERB GARDEN CONTAINER,3,2011-05-29 12:06:00,6.25,17613.0,United Kingdom
554981,85123A,WHITE HANGING HEART T-LIGHT HOLDER,2,2011-05-29 12:06:00,2.95,17613.0,United Kingdom
554981,16248B,BLUE HOLE PUNCH,1,2011-05-29 12:06:00,1.25,17613.0,United Kingdom
554981,22382,LUNCH BAG SPACEBOY DESIGN ,1,2011-05-29 12:06:00,1.65,17613.0,United Kingdom
554981,20728,LUNCH BAG CARS BLUE,1,2011-05-29 12:06:00,1.65,17613.0,United Kingdom
554981,22383,LUNCH BAG SUKI DESIGN ,1,2011-05-29 12:06:00,1.65,17613.0,United Kingdom
554981,21990,MODERN FLORAL STATIONERY SET,3,2011-05-29 12:06:00,2.95,17613.0,United Kingdom
554981,21993,FLORAL FOLK STATIONERY SET,3,2011-05-29 12:06:00,2.95,17613.0,United Kingdom
554981,23133,LARGE IVORY HEART WALL ORGANISER,2,2011-05-29 12:06:00,8.25,17613.0,United Kingdom
554981,21933,PINK VINTAGE PAISLEY PICNIC BAG,10,2011-05-29 12:06:00,1.65,17613.0,United Kingdom
554981,22374,AIRLINE BAG VINTAGE JET SET RED,4,2011-05-29 12:06:00,4.25,17613.0,United Kingdom
554981,21932,SCANDINAVIAN PAISLEY PICNIC BAG,10,2011-05-29 12:06:00,1.65,17613.0,United Kingdom
554981,22371,AIRLINE BAG VINTAGE TOKYO 78,4,2011-05-29 12:06:00,4.25,17613.0,United Kingdom
554981,22375,AIRLINE BAG VINTAGE JET SET BROWN,4,2011-05-29 12:06:00,4.25,17613.0,United Kingdom
554981,22411,JUMBO SHOPPER VINTAGE RED PAISLEY,3,2011-05-29 12:06:00,2.08,17613.0,United Kingdom
554981,21931,JUMBO STORAGE BAG SUKI,5,2011-05-29 12:06:00,2.08,17613.0,United Kingdom
554981,22376,AIRLINE BAG VINTAGE JET SET WHITE,4,2011-05-29 12:06:00,4.25,17613.0,United Kingdom
554981,20727,LUNCH BAG  BLACK SKULL.,3,2011-05-29 12:06:00,1.65,17613.0,United Kingdom
554981,22382,LUNCH BAG SPACEBOY DESIGN ,1,2011-05-29 12:06:00,1.65,17613.0,United Kingdom
554981,22383,LUNCH BAG SUKI DESIGN ,1,2011-05-29 12:06:00,1.65,17613.0,United Kingdom
554981,20728,LUNCH BAG CARS BLUE,1,2011-05-29 12:06:00,1.65,17613.0,United Kingdom
554981,23208,LUNCH BAG VINTAGE LEAF DESIGN,3,2011-05-29 12:06:00,1.65,17613.0,United Kingdom
554981,23209,LUNCH BAG DOILEY PATTERN ,3,2011-05-29 12:06:00,1.65,17613.0,United Kingdom
554981,21028,NINJA RABBIT BLACK,12,2011-05-29 12:06:00,1.25,17613.0,United Kingdom
554981,21032,SPACE CADET WHITE,12,2011-05-29 12:06:00,1.25,17613.0,United Kingdom
554981,21030,SPACE CADET RED,12,2011-05-29 12:06:00,1.25,17613.0,United Kingdom
554981,20727,LUNCH BAG  BLACK SKULL.,10,2011-05-29 12:06:00,1.65,17613.0,United Kingdom
554981,21136,PAINTED METAL PEARS ASSORTED,8,2011-05-29 12:06:00,1.69,17613.0,United Kingdom
554981,84879,ASSORTED COLOUR BIRD ORNAMENT,8,2011-05-29 12:06:00,1.69,17613.0,United Kingdom
554981,23300,GARDENERS KNEELING PAD CUP OF TEA ,2,2011-05-29 12:06:00,1.65,17613.0,United Kingdom
554981,23301,GARDENERS KNEELING PAD KEEP CALM ,1,2011-05-29 12:06:00,1.65,17613.0,United Kingdom
554981,22383,LUNCH BAG SUKI DESIGN ,10,2011-05-29 12:06:00,1.65,17613.0,United Kingdom
554982,22128,PARTY CONES CANDY ASSORTED,30,2011-05-29 12:16:00,1.25,17152.0,United Kingdom
554982,21713,CITRONELLA CANDLE FLOWERPOT,1,2011-05-29 12:16:00,2.1,17152.0,United Kingdom
554982,47590A,BLUE HAPPY BIRTHDAY BUNTING,120,2011-05-29 12:16:00,4.65,17152.0,United Kingdom
554982,47590B,PINK HAPPY BIRTHDAY BUNTING,120,2011-05-29 12:16:00,4.65,17152.0,United Kingdom
C554983,47590B,PINK HAPPY BIRTHDAY BUNTING,-20,2011-05-29 12:18:00,4.65,17152.0,United Kingdom
C554983,47590A,BLUE HAPPY BIRTHDAY BUNTING,-20,2011-05-29 12:18:00,4.65,17152.0,United Kingdom
554984,47590B,PINK HAPPY BIRTHDAY BUNTING,20,2011-05-29 12:19:00,5.45,17152.0,United Kingdom
554984,47590A,BLUE HAPPY BIRTHDAY BUNTING,20,2011-05-29 12:19:00,5.45,17152.0,United Kingdom
554985,20665,RED RETROSPOT PURSE ,6,2011-05-29 12:26:00,2.95,12426.0,Germany
554985,20963,APPLE BATH SPONGE,10,2011-05-29 12:26:00,1.25,12426.0,Germany
554985,71459,HANGING JAM JAR T-LIGHT HOLDER,12,2011-05-29 12:26:00,0.85,12426.0,Germany
554985,22551,PLASTERS IN TIN SPACEBOY,12,2011-05-29 12:26:00,1.65,12426.0,Germany
554985,22554,PLASTERS IN TIN WOODLAND ANIMALS,12,2011-05-29 12:26:00,1.65,12426.0,Germany
554985,22555,PLASTERS IN TIN STRONGMAN,12,2011-05-29 12:26:00,1.65,12426.0,Germany
554985,22414,DOORMAT NEIGHBOURHOOD WITCH ,2,2011-05-29 12:26:00,7.95,12426.0,Germany
554985,22365,DOORMAT RESPECTABLE HOUSE,2,2011-05-29 12:26:00,7.95,12426.0,Germany
554985,22366,DOORMAT AIRMAIL ,2,2011-05-29 12:26:00,7.95,12426.0,Germany
554985,21747,SMALL SKULL WINDMILL,12,2011-05-29 12:26:00,1.25,12426.0,Germany
554985,21746,SMALL RED RETROSPOT WINDMILL,12,2011-05-29 12:26:00,1.25,12426.0,Germany
554985,22960,JAM MAKING SET WITH JARS,6,2011-05-29 12:26:00,4.25,12426.0,Germany
554985,21165,BEWARE OF THE CAT METAL SIGN ,12,2011-05-29 12:26:00,1.69,12426.0,Germany
554985,21770,OPEN CLOSED METAL SIGN,2,2011-05-29 12:26:00,4.95,12426.0,Germany
554985,82600,NO SINGING METAL SIGN,12,2011-05-29 12:26:00,2.1,12426.0,Germany
554985,22326,ROUND SNACK BOXES SET OF4 WOODLAND ,12,2011-05-29 12:26:00,2.95,12426.0,Germany
554985,22328,ROUND SNACK BOXES SET OF 4 FRUITS ,6,2011-05-29 12:26:00,2.95,12426.0,Germany
554985,22329,ROUND CONTAINER SET OF 5 RETROSPOT,12,2011-05-29 12:26:00,1.65,12426.0,Germany
554985,22629,SPACEBOY LUNCH BOX ,12,2011-05-29 12:26:00,1.95,12426.0,Germany
554985,22631,CIRCUS PARADE LUNCH BOX ,12,2011-05-29 12:26:00,1.95,12426.0,Germany
554985,22975,SPACEBOY CHILDRENS EGG CUP,12,2011-05-29 12:26:00,1.25,12426.0,Germany
554985,22976,CIRCUS PARADE CHILDRENS EGG CUP ,12,2011-05-29 12:26:00,1.25,12426.0,Germany
554985,23184,BULL DOG BOTTLE OPENER,4,2011-05-29 12:26:00,4.95,12426.0,Germany
554985,22849,BREAD BIN DINER STYLE MINT,1,2011-05-29 12:26:00,16.95,12426.0,Germany
554985,22360,GLASS JAR ENGLISH CONFECTIONERY,6,2011-05-29 12:26:00,2.95,12426.0,Germany
554985,22363,GLASS JAR MARMALADE ,6,2011-05-29 12:26:00,2.95,12426.0,Germany
554985,22350,ILLUSTRATED CAT BOWL ,6,2011-05-29 12:26:00,2.55,12426.0,Germany
554985,22845,VINTAGE CREAM CAT FOOD CONTAINER,2,2011-05-29 12:26:00,6.35,12426.0,Germany
554985,16161G,WRAP BAD HAIR DAY,25,2011-05-29 12:26:00,0.1,12426.0,Germany
554985,POST,POSTAGE,4,2011-05-29 12:26:00,18.0,12426.0,Germany
554986,22515,CHILDS GARDEN SPADE PINK,4,2011-05-29 12:35:00,2.1,14451.0,United Kingdom
554986,22514,CHILDS GARDEN SPADE BLUE,4,2011-05-29 12:35:00,2.1,14451.0,United Kingdom
554986,20725,LUNCH BAG RED RETROSPOT,5,2011-05-29 12:35:00,1.65,14451.0,United Kingdom
554986,23204,CHARLOTTE BAG APPLES DESIGN,1,2011-05-29 12:35:00,0.85,14451.0,United Kingdom
554986,23206,LUNCH BAG APPLE DESIGN,1,2011-05-29 12:35:00,1.65,14451.0,United Kingdom
554986,20727,LUNCH BAG  BLACK SKULL.,5,2011-05-29 12:35:00,1.65,14451.0,United Kingdom
554986,22662,LUNCH BAG DOLLY GIRL DESIGN,5,2011-05-29 12:35:00,1.65,14451.0,United Kingdom
554986,22383,LUNCH BAG SUKI DESIGN ,5,2011-05-29 12:35:00,1.65,14451.0,United Kingdom
554986,23205,CHARLOTTE BAG VINTAGE ALPHABET ,1,2011-05-29 12:35:00,0.85,14451.0,United Kingdom
554986,23207,LUNCH BAG ALPHABET DESIGN,6,2011-05-29 12:35:00,1.65,14451.0,United Kingdom
554986,20728,LUNCH BAG CARS BLUE,4,2011-05-29 12:35:00,1.65,14451.0,United Kingdom
554986,23209,LUNCH BAG DOILEY PATTERN ,5,2011-05-29 12:35:00,1.65,14451.0,United Kingdom
554986,21932,SCANDINAVIAN PAISLEY PICNIC BAG,2,2011-05-29 12:35:00,1.65,14451.0,United Kingdom
554986,21933,PINK VINTAGE PAISLEY PICNIC BAG,5,2011-05-29 12:35:00,1.65,14451.0,United Kingdom
554986,23255,CHILDRENS CUTLERY CIRCUS PARADE,1,2011-05-29 12:35:00,4.15,14451.0,United Kingdom
554986,23254,CHILDRENS CUTLERY DOLLY GIRL ,1,2011-05-29 12:35:00,4.15,14451.0,United Kingdom
554986,47566,PARTY BUNTING,3,2011-05-29 12:35:00,4.95,14451.0,United Kingdom
554986,22326,ROUND SNACK BOXES SET OF4 WOODLAND ,1,2011-05-29 12:35:00,2.95,14451.0,United Kingdom
554986,22328,ROUND SNACK BOXES SET OF 4 FRUITS ,5,2011-05-29 12:35:00,2.95,14451.0,United Kingdom
554986,22327,ROUND SNACK BOXES SET OF 4 SKULLS,3,2011-05-29 12:35:00,2.95,14451.0,United Kingdom
554986,22804,CANDLEHOLDER PINK HANGING HEART,3,2011-05-29 12:35:00,2.95,14451.0,United Kingdom
554986,85123A,WHITE HANGING HEART T-LIGHT HOLDER,3,2011-05-29 12:35:00,2.95,14451.0,United Kingdom
554986,21243,PINK  POLKADOT PLATE ,2,2011-05-29 12:35:00,1.69,14451.0,United Kingdom
554986,21244,BLUE POLKADOT PLATE ,2,2011-05-29 12:35:00,1.69,14451.0,United Kingdom
554986,21430,SET/3 RED GINGHAM ROSE STORAGE BOX,3,2011-05-29 12:35:00,3.75,14451.0,United Kingdom
554986,22630,DOLLY GIRL LUNCH BOX,3,2011-05-29 12:35:00,1.95,14451.0,United Kingdom
554986,22629,SPACEBOY LUNCH BOX ,3,2011-05-29 12:35:00,1.95,14451.0,United Kingdom
554986,84563B,BLUE & WHITE BREAKFAST TRAY,2,2011-05-29 12:35:00,2.95,14451.0,United Kingdom
554986,22171,3 HOOK PHOTO SHELF ANTIQUE WHITE,2,2011-05-29 12:35:00,8.5,14451.0,United Kingdom
554986,21174,POTTERING IN THE SHED METAL SIGN,2,2011-05-29 12:35:00,2.08,14451.0,United Kingdom
554986,21166,COOK WITH WINE METAL SIGN ,2,2011-05-29 12:35:00,2.08,14451.0,United Kingdom
554986,47593B,SCOTTIE DOGS BABY BIB,3,2011-05-29 12:35:00,0.39,14451.0,United Kingdom
554986,21063,PARTY INVITES JAZZ HEARTS,3,2011-05-29 12:35:00,0.85,14451.0,United Kingdom
554986,21329,DINOSAURS  WRITING SET ,3,2011-05-29 12:35:00,1.65,14451.0,United Kingdom
554986,21328,BALLOONS  WRITING SET ,3,2011-05-29 12:35:00,1.65,14451.0,United Kingdom
554986,21327,SKULLS WRITING SET ,3,2011-05-29 12:35:00,1.65,14451.0,United Kingdom
554986,22562,MONSTERS STENCIL CRAFT,2,2011-05-29 12:35:00,1.25,14451.0,United Kingdom
554986,23298,SPOTTY BUNTING,3,2011-05-29 12:35:00,4.95,14451.0,United Kingdom
554986,85152,HAND OVER THE CHOCOLATE   SIGN ,2,2011-05-29 12:35:00,2.1,14451.0,United Kingdom
554986,82567,"AIRLINE LOUNGE,METAL SIGN",2,2011-05-29 12:35:00,2.1,14451.0,United Kingdom
554986,21175,GIN + TONIC DIET METAL SIGN,2,2011-05-29 12:35:00,2.55,14451.0,United Kingdom
554986,22628,PICNIC BOXES SET OF 3 RETROSPOT ,4,2011-05-29 12:35:00,4.95,14451.0,United Kingdom
554986,84596B,SMALL DOLLY MIX DESIGN ORANGE BOWL,24,2011-05-29 12:35:00,0.42,14451.0,United Kingdom
554986,84596F,SMALL MARSHMALLOWS PINK BOWL,24,2011-05-29 12:35:00,0.42,14451.0,United Kingdom
554986,21937,STRAWBERRY   PICNIC BAG,3,2011-05-29 12:35:00,2.95,14451.0,United Kingdom
554986,22469,HEART OF WICKER SMALL,4,2011-05-29 12:35:00,1.65,14451.0,United Kingdom
554986,22470,HEART OF WICKER LARGE,5,2011-05-29 12:35:00,2.95,14451.0,United Kingdom
554986,84519B,CARROT CHARLIE+LOLA COASTER SET,6,2011-05-29 12:35:00,1.25,14451.0,United Kingdom
554986,79030G,TUMBLER NEW ENGLAND,6,2011-05-29 12:35:00,0.39,14451.0,United Kingdom
554986,85183B,CHARLIE & LOLA WASTEPAPER BIN FLORA,4,2011-05-29 12:35:00,1.25,14451.0,United Kingdom
554986,85132B,CHARLIE AND LOLA TABLE TINS,2,2011-05-29 12:35:00,1.95,14451.0,United Kingdom
554986,85132C,CHARLIE AND LOLA FIGURES TINS,2,2011-05-29 12:35:00,1.95,14451.0,United Kingdom
554987,85066,CREAM SWEETHEART MINI CHEST,1,2011-05-29 12:48:00,12.75,14823.0,United Kingdom
554987,84970L,SINGLE HEART ZINC T-LIGHT HOLDER,2,2011-05-29 12:48:00,0.95,14823.0,United Kingdom
554987,23165,LARGE CERAMIC TOP STORAGE JAR,1,2011-05-29 12:48:00,1.65,14823.0,United Kingdom
554987,22464,HANGING METAL HEART LANTERN,1,2011-05-29 12:48:00,1.65,14823.0,United Kingdom
554987,22795,SWEETHEART RECIPE BOOK STAND,1,2011-05-29 12:48:00,6.75,14823.0,United Kingdom
554987,22457,NATURAL SLATE HEART CHALKBOARD ,1,2011-05-29 12:48:00,2.95,14823.0,United Kingdom
554987,22189,CREAM HEART CARD HOLDER,1,2011-05-29 12:48:00,3.95,14823.0,United Kingdom
554987,22188,BLACK HEART CARD HOLDER,1,2011-05-29 12:48:00,3.95,14823.0,United Kingdom
554987,82484,WOOD BLACK BOARD ANT WHITE FINISH,1,2011-05-29 12:48:00,7.95,14823.0,United Kingdom
554987,22522,CHILDS GARDEN FORK BLUE ,1,2011-05-29 12:48:00,0.85,14823.0,United Kingdom
554987,22626,BLACK KITCHEN SCALES,1,2011-05-29 12:48:00,8.5,14823.0,United Kingdom
554987,20914,SET/5 RED RETROSPOT LID GLASS BOWLS,1,2011-05-29 12:48:00,2.95,14823.0,United Kingdom
554987,22617,BAKING SET SPACEBOY DESIGN,1,2011-05-29 12:48:00,4.95,14823.0,United Kingdom
554987,22723,SET OF 6 HERB TINS SKETCHBOOK,2,2011-05-29 12:48:00,3.95,14823.0,United Kingdom
554988,84563B,BLUE & WHITE BREAKFAST TRAY,1,2011-05-29 13:32:00,2.95,15897.0,United Kingdom
554988,16235,RECYCLED PENCIL WITH RABBIT ERASER,11,2011-05-29 13:32:00,0.21,15897.0,United Kingdom
554988,22558,CLOTHES PEGS RETROSPOT PACK 24 ,1,2011-05-29 13:32:00,1.65,15897.0,United Kingdom
554988,20992,JAZZ HEARTS PURSE NOTEBOOK,1,2011-05-29 13:32:00,0.85,15897.0,United Kingdom
554988,22981,PANTRY APPLE CORER,1,2011-05-29 13:32:00,1.45,15897.0,United Kingdom
554988,15039,SANDALWOOD FAN,130,2011-05-29 13:32:00,0.85,15897.0,United Kingdom
554989,22989,SET 2 PANTRY DESIGN TEA TOWELS,3,2011-05-29 13:50:00,3.25,15897.0,United Kingdom
554989,22990,COTTON APRON PANTRY DESIGN,1,2011-05-29 13:50:00,4.95,15897.0,United Kingdom
554989,84563B,BLUE & WHITE BREAKFAST TRAY,2,2011-05-29 13:50:00,2.95,15897.0,United Kingdom
554989,16235,RECYCLED PENCIL WITH RABBIT ERASER,36,2011-05-29 13:50:00,0.21,15897.0,United Kingdom
554989,20761,BLUE PAISLEY SKETCHBOOK,1,2011-05-29 13:50:00,3.75,15897.0,United Kingdom
554989,20766,GARDEN PATH SKETCHBOOK,1,2011-05-29 13:50:00,3.75,15897.0,United Kingdom
554989,22990,COTTON APRON PANTRY DESIGN,3,2011-05-29 13:50:00,4.95,15897.0,United Kingdom
554989,20992,JAZZ HEARTS PURSE NOTEBOOK,1,2011-05-29 13:50:00,0.85,15897.0,United Kingdom
554989,22429,ENAMEL MEASURING JUG CREAM,1,2011-05-29 13:50:00,4.25,15897.0,United Kingdom
554989,84563B,BLUE & WHITE BREAKFAST TRAY,2,2011-05-29 13:50:00,2.95,15897.0,United Kingdom
554989,84875D,BLUE SQUARE COMPACT MIRROR,12,2011-05-29 13:50:00,1.25,15897.0,United Kingdom
554989,22561,WOODEN SCHOOL COLOURING SET,4,2011-05-29 13:50:00,1.65,15897.0,United Kingdom
554989,20711,JUMBO BAG TOYS ,1,2011-05-29 13:50:00,2.08,15897.0,United Kingdom
554989,21033,JUMBO BAG CHARLIE AND LOLA TOYS,1,2011-05-29 13:50:00,2.08,15897.0,United Kingdom
554989,16235,RECYCLED PENCIL WITH RABBIT ERASER,36,2011-05-29 13:50:00,0.21,15897.0,United Kingdom
554989,22563,HAPPY STENCIL CRAFT,1,2011-05-29 13:50:00,1.25,15897.0,United Kingdom
554989,22981,PANTRY APPLE CORER,2,2011-05-29 13:50:00,1.45,15897.0,United Kingdom
554989,84596B,SMALL DOLLY MIX DESIGN ORANGE BOWL,8,2011-05-29 13:50:00,0.42,15897.0,United Kingdom
554990,21668,RED STRIPE CERAMIC DRAWER KNOB,12,2011-05-29 13:57:00,1.25,16567.0,United Kingdom
554990,15060B,FAIRY CAKE DESIGN UMBRELLA,8,2011-05-29 13:57:00,3.75,16567.0,United Kingdom
554990,85116,BLACK CANDELABRA T-LIGHT HOLDER,24,2011-05-29 13:57:00,0.65,16567.0,United Kingdom
554990,79163,BLACK CHAMPAGNE GLASS,144,2011-05-29 13:57:00,0.39,16567.0,United Kingdom
554990,78124,MAGAZINE RACK GEBRA ASSORTED ,24,2011-05-29 13:57:00,1.25,16567.0,United Kingdom
554990,21932,SCANDINAVIAN PAISLEY PICNIC BAG,10,2011-05-29 13:57:00,1.65,16567.0,United Kingdom
554990,21933,PINK VINTAGE PAISLEY PICNIC BAG,10,2011-05-29 13:57:00,1.65,16567.0,United Kingdom
554990,22123,PING MICROWAVE APRON,12,2011-05-29 13:57:00,1.95,16567.0,United Kingdom
554990,79337,BLUE FLOCK GLASS CANDLEHOLDER,276,2011-05-29 13:57:00,0.38,16567.0,United Kingdom
554991,23145,ZINC T-LIGHT HOLDER STAR LARGE,1,2011-05-29 14:03:00,0.95,14823.0,United Kingdom
554991,21523,DOORMAT FANCY FONT HOME SWEET HOME,1,2011-05-29 14:03:00,7.95,14823.0,United Kingdom
554991,82580,BATHROOM METAL SIGN,1,2011-05-29 14:03:00,0.55,14823.0,United Kingdom
554991,23204,CHARLOTTE BAG APPLES DESIGN,1,2011-05-29 14:03:00,0.85,14823.0,United Kingdom
554991,22149,FELTCRAFT 6 FLOWER FRIENDS,1,2011-05-29 14:03:00,2.1,14823.0,United Kingdom
554991,85062,PEARL CRYSTAL PUMPKIN T-LIGHT HLDR,1,2011-05-29 14:03:00,1.65,14823.0,United Kingdom
554991,85123A,WHITE HANGING HEART T-LIGHT HOLDER,1,2011-05-29 14:03:00,2.95,14823.0,United Kingdom
554991,84970L,SINGLE HEART ZINC T-LIGHT HOLDER,1,2011-05-29 14:03:00,0.95,14823.0,United Kingdom
554991,22112,CHOCOLATE HOT WATER BOTTLE,1,2011-05-29 14:03:00,4.95,14823.0,United Kingdom
554991,22621,TRADITIONAL KNITTING NANCY,1,2011-05-29 14:03:00,1.65,14823.0,United Kingdom
554991,23184,BULL DOG BOTTLE OPENER,1,2011-05-29 14:03:00,4.95,14823.0,United Kingdom
554991,22507,MEMO BOARD RETROSPOT  DESIGN,1,2011-05-29 14:03:00,4.95,14823.0,United Kingdom
554991,22188,BLACK HEART CARD HOLDER,1,2011-05-29 14:03:00,3.95,14823.0,United Kingdom
554991,22470,HEART OF WICKER LARGE,1,2011-05-29 14:03:00,2.95,14823.0,United Kingdom
554991,22795,SWEETHEART RECIPE BOOK STAND,1,2011-05-29 14:03:00,6.75,14823.0,United Kingdom
554991,22776,SWEETHEART CAKESTAND 3 TIER,1,2011-05-29 14:03:00,9.95,14823.0,United Kingdom
554991,84509A,SET OF 4 ENGLISH ROSE PLACEMATS,1,2011-05-29 14:03:00,3.75,14823.0,United Kingdom
554991,22617,BAKING SET SPACEBOY DESIGN,1,2011-05-29 14:03:00,4.95,14823.0,United Kingdom
554991,22138,BAKING SET 9 PIECE RETROSPOT ,1,2011-05-29 14:03:00,4.95,14823.0,United Kingdom
554991,84510A,SET OF 4 ENGLISH ROSE COASTERS,1,2011-05-29 14:03:00,1.25,14823.0,United Kingdom
554991,21754,HOME BUILDING BLOCK WORD,1,2011-05-29 14:03:00,5.95,14823.0,United Kingdom
554991,22627,MINT KITCHEN SCALES,1,2011-05-29 14:03:00,8.5,14823.0,United Kingdom
554991,22960,JAM MAKING SET WITH JARS,1,2011-05-29 14:03:00,4.25,14823.0,United Kingdom
554991,23099,FRENCH CARRIAGE LANTERN,1,2011-05-29 14:03:00,6.65,14823.0,United Kingdom
554991,20914,SET/5 RED RETROSPOT LID GLASS BOWLS,1,2011-05-29 14:03:00,2.95,14823.0,United Kingdom
554991,21411,GINGHAM HEART  DOORSTOP RED,1,2011-05-29 14:03:00,4.25,14823.0,United Kingdom
554991,85066,CREAM SWEETHEART MINI CHEST,1,2011-05-29 14:03:00,12.75,14823.0,United Kingdom
554991,22666,RECIPE BOX PANTRY YELLOW DESIGN,1,2011-05-29 14:03:00,2.95,14823.0,United Kingdom
554991,21843,RED RETROSPOT CAKE STAND,1,2011-05-29 14:03:00,10.95,14823.0,United Kingdom
554991,22723,SET OF 6 HERB TINS SKETCHBOOK,1,2011-05-29 14:03:00,3.95,14823.0,United Kingdom
554991,22766,PHOTO FRAME CORNICE,1,2011-05-29 14:03:00,2.95,14823.0,United Kingdom
554991,22457,NATURAL SLATE HEART CHALKBOARD ,1,2011-05-29 14:03:00,2.95,14823.0,United Kingdom
554992,22045,SPACEBOY GIFT WRAP,25,2011-05-29 14:08:00,0.42,16686.0,United Kingdom
554992,22710,WRAP I LOVE LONDON ,25,2011-05-29 14:08:00,0.42,16686.0,United Kingdom
554992,22704,WRAP RED APPLES ,25,2011-05-29 14:08:00,0.42,16686.0,United Kingdom
554992,16169M,WRAP DAISY CARPET ,25,2011-05-29 14:08:00,0.42,16686.0,United Kingdom
554992,16161P,WRAP ENGLISH ROSE ,25,2011-05-29 14:08:00,0.42,16686.0,United Kingdom
554992,23230,WRAP ALPHABET DESIGN,25,2011-05-29 14:08:00,0.42,16686.0,United Kingdom
554992,22779,WOODEN OWLS LIGHT GARLAND ,1,2011-05-29 14:08:00,4.25,16686.0,United Kingdom
554992,21913,VINTAGE SEASIDE JIGSAW PUZZLES,1,2011-05-29 14:08:00,3.75,16686.0,United Kingdom
554992,22550,HOLIDAY FUN LUDO,1,2011-05-29 14:08:00,3.75,16686.0,United Kingdom
554992,21790,VINTAGE SNAP CARDS,2,2011-05-29 14:08:00,0.85,16686.0,United Kingdom
554992,22621,TRADITIONAL KNITTING NANCY,2,2011-05-29 14:08:00,1.65,16686.0,United Kingdom
554992,22331,WOODLAND PARTY BAG + STICKER SET,2,2011-05-29 14:08:00,1.65,16686.0,United Kingdom
554992,22334,DINOSAUR PARTY BAG + STICKER SET,2,2011-05-29 14:08:00,1.65,16686.0,United Kingdom
554992,21328,BALLOONS  WRITING SET ,1,2011-05-29 14:08:00,1.65,16686.0,United Kingdom
554992,85227,SET OF 6 3D KIT CARDS FOR KIDS,1,2011-05-29 14:08:00,0.85,16686.0,United Kingdom
554992,23192,BUNDLE OF 3 ALPHABET EXERCISE BOOKS,2,2011-05-29 14:08:00,1.65,16686.0,United Kingdom
554992,23190,BUNDLE OF 3 SCHOOL EXERCISE BOOKS  ,2,2011-05-29 14:08:00,1.65,16686.0,United Kingdom
554992,22273,FELTCRAFT DOLL MOLLY,2,2011-05-29 14:08:00,2.95,16686.0,United Kingdom
554992,22570,FELTCRAFT CUSHION RABBIT,2,2011-05-29 14:08:00,3.75,16686.0,United Kingdom
554992,20972,PINK CREAM FELT CRAFT TRINKET BOX ,1,2011-05-29 14:08:00,1.25,16686.0,United Kingdom
554992,21328,BALLOONS  WRITING SET ,1,2011-05-29 14:08:00,1.65,16686.0,United Kingdom
554992,22754,SMALL RED BABUSHKA NOTEBOOK ,1,2011-05-29 14:08:00,0.85,16686.0,United Kingdom
554992,22758,LARGE PURPLE BABUSHKA NOTEBOOK  ,2,2011-05-29 14:08:00,1.25,16686.0,United Kingdom
554992,22753,SMALL YELLOW BABUSHKA NOTEBOOK ,2,2011-05-29 14:08:00,0.85,16686.0,United Kingdom
554992,22150,3 STRIPEY MICE FELTCRAFT,2,2011-05-29 14:08:00,1.95,16686.0,United Kingdom
554992,22328,ROUND SNACK BOXES SET OF 4 FRUITS ,1,2011-05-29 14:08:00,2.95,16686.0,United Kingdom
554992,22742,MAKE YOUR OWN PLAYTIME CARD KIT,1,2011-05-29 14:08:00,2.95,16686.0,United Kingdom
554992,22744,MAKE YOUR OWN MONSOON CARD KIT,1,2011-05-29 14:08:00,2.95,16686.0,United Kingdom
554992,22531,MAGIC DRAWING SLATE CIRCUS PARADE  ,48,2011-05-29 14:08:00,0.42,16686.0,United Kingdom
554992,20972,PINK CREAM FELT CRAFT TRINKET BOX ,1,2011-05-29 14:08:00,1.25,16686.0,United Kingdom
554992,22779,WOODEN OWLS LIGHT GARLAND ,1,2011-05-29 14:08:00,4.25,16686.0,United Kingdom
554992,22554,PLASTERS IN TIN WOODLAND ANIMALS,1,2011-05-29 14:08:00,1.65,16686.0,United Kingdom
554992,22555,PLASTERS IN TIN STRONGMAN,1,2011-05-29 14:08:00,1.65,16686.0,United Kingdom
554992,22556,PLASTERS IN TIN CIRCUS PARADE ,1,2011-05-29 14:08:00,1.65,16686.0,United Kingdom
554992,84536A,ENGLISH ROSE NOTEBOOK A7 SIZE,2,2011-05-29 14:08:00,0.42,16686.0,United Kingdom
554992,84828,JUNGLE POPSICLES ICE LOLLY MOULDS,1,2011-05-29 14:08:00,1.25,16686.0,United Kingdom
554992,22549,PICTURE DOMINOES,2,2011-05-29 14:08:00,1.45,16686.0,United Kingdom
554992,21731,RED TOADSTOOL LED NIGHT LIGHT,2,2011-05-29 14:08:00,1.65,16686.0,United Kingdom
554992,22466,FAIRY TALE COTTAGE NIGHTLIGHT,2,2011-05-29 14:08:00,1.95,16686.0,United Kingdom
554992,23127,FELTCRAFT GIRL NICOLE KIT,3,2011-05-29 14:08:00,4.95,16686.0,United Kingdom
554992,22548,HEADS AND TAILS SPORTING FUN,1,2011-05-29 14:08:00,1.25,16686.0,United Kingdom
554992,16236,KITTY PENCIL ERASERS,26,2011-05-29 14:08:00,0.21,16686.0,United Kingdom
554992,22431,WATERING CAN BLUE ELEPHANT,1,2011-05-29 14:08:00,1.95,16686.0,United Kingdom
554992,22432,WATERING CAN PINK BUNNY,1,2011-05-29 14:08:00,1.95,16686.0,United Kingdom
554992,22147,FELTCRAFT BUTTERFLY HEARTS,2,2011-05-29 14:08:00,1.45,16686.0,United Kingdom
554992,21912,VINTAGE SNAKES & LADDERS,2,2011-05-29 14:08:00,3.75,16686.0,United Kingdom
554992,23079,TOADSTOOL BEDSIDE LIGHT ,1,2011-05-29 14:08:00,8.95,16686.0,United Kingdom
554992,22138,BAKING SET 9 PIECE RETROSPOT ,3,2011-05-29 14:08:00,4.95,16686.0,United Kingdom
554992,16012,FOOD/DRINK SPONGE STICKERS,24,2011-05-29 14:08:00,0.21,16686.0,United Kingdom
554992,22211,WOOD STAMP SET FLOWERS,4,2011-05-29 14:08:00,1.65,16686.0,United Kingdom
554992,84466,TOP SECRET PEN SET,4,2011-05-29 14:08:00,1.25,16686.0,United Kingdom
554992,22747,POPPY'S PLAYHOUSE BATHROOM,2,2011-05-29 14:08:00,2.1,16686.0,United Kingdom
554992,22745,POPPY'S PLAYHOUSE BEDROOM ,2,2011-05-29 14:08:00,2.1,16686.0,United Kingdom
554992,22746,POPPY'S PLAYHOUSE LIVINGROOM ,2,2011-05-29 14:08:00,2.1,16686.0,United Kingdom
554992,22139,RETROSPOT TEA SET CERAMIC 11 PC ,4,2011-05-29 14:08:00,4.95,16686.0,United Kingdom
554992,22326,ROUND SNACK BOXES SET OF4 WOODLAND ,1,2011-05-29 14:08:00,2.95,16686.0,United Kingdom
554992,22328,ROUND SNACK BOXES SET OF 4 FRUITS ,1,2011-05-29 14:08:00,2.95,16686.0,United Kingdom
554992,22748,POPPY'S PLAYHOUSE KITCHEN,2,2011-05-29 14:08:00,2.1,16686.0,United Kingdom
554992,21832,CHOCOLATE CALCULATOR,1,2011-05-29 14:08:00,1.65,16686.0,United Kingdom
554992,22560,TRADITIONAL MODELLING CLAY,4,2011-05-29 14:08:00,1.25,16686.0,United Kingdom
554992,22563,HAPPY STENCIL CRAFT,2,2011-05-29 14:08:00,1.25,16686.0,United Kingdom
554992,22564,ALPHABET STENCIL CRAFT,3,2011-05-29 14:08:00,1.25,16686.0,United Kingdom
554992,23191,BUNDLE OF 3 RETRO NOTE BOOKS,1,2011-05-29 14:08:00,1.65,16686.0,United Kingdom
554992,20726,LUNCH BAG WOODLAND,5,2011-05-29 14:08:00,1.65,16686.0,United Kingdom
554992,22431,WATERING CAN BLUE ELEPHANT,1,2011-05-29 14:08:00,1.95,16686.0,United Kingdom
554992,22432,WATERING CAN PINK BUNNY,1,2011-05-29 14:08:00,1.95,16686.0,United Kingdom
554992,22993,SET OF 4 PANTRY JELLY MOULDS,2,2011-05-29 14:08:00,1.25,16686.0,United Kingdom
554992,23084,RABBIT NIGHT LIGHT,1,2011-05-29 14:08:00,2.08,16686.0,United Kingdom
554992,22617,BAKING SET SPACEBOY DESIGN,2,2011-05-29 14:08:00,4.95,16686.0,United Kingdom
554992,84375,SET OF 20 KIDS COOKIE CUTTERS,1,2011-05-29 14:08:00,2.1,16686.0,United Kingdom
554992,84828,JUNGLE POPSICLES ICE LOLLY MOULDS,3,2011-05-29 14:08:00,1.25,16686.0,United Kingdom
554992,84375,SET OF 20 KIDS COOKIE CUTTERS,1,2011-05-29 14:08:00,2.1,16686.0,United Kingdom
554992,22610,PENS ASSORTED FUNNY FACE,36,2011-05-29 14:08:00,0.85,16686.0,United Kingdom
554992,23084,RABBIT NIGHT LIGHT,3,2011-05-29 14:08:00,2.08,16686.0,United Kingdom
554992,22489,PACK OF 12 TRADITIONAL CRAYONS,6,2011-05-29 14:08:00,0.42,16686.0,United Kingdom
554992,21356,TOAST ITS - FAIRY FLOWER,2,2011-05-29 14:08:00,1.25,16686.0,United Kingdom
554993,21673,WHITE SPOT BLUE CERAMIC DRAWER KNOB,2,2011-05-29 14:13:00,1.25,17051.0,United Kingdom
554993,20718,RED RETROSPOT SHOPPER BAG,5,2011-05-29 14:13:00,1.25,17051.0,United Kingdom
554993,23298,SPOTTY BUNTING,1,2011-05-29 14:13:00,4.95,17051.0,United Kingdom
554993,85123A,WHITE HANGING HEART T-LIGHT HOLDER,3,2011-05-29 14:13:00,2.95,17051.0,United Kingdom
554993,17091J,VANILLA INCENSE IN TIN,2,2011-05-29 14:13:00,0.38,17051.0,United Kingdom
554993,22457,NATURAL SLATE HEART CHALKBOARD ,3,2011-05-29 14:13:00,2.95,17051.0,United Kingdom
554993,20914,SET/5 RED RETROSPOT LID GLASS BOWLS,2,2011-05-29 14:13:00,2.95,17051.0,United Kingdom
554993,22196,SMALL HEART MEASURING SPOONS,3,2011-05-29 14:13:00,0.85,17051.0,United Kingdom
554993,22195,LARGE HEART MEASURING SPOONS,3,2011-05-29 14:13:00,1.65,17051.0,United Kingdom
554993,84378,SET OF 3 HEART COOKIE CUTTERS,3,2011-05-29 14:13:00,1.25,17051.0,United Kingdom
554993,84380,SET OF 3 BUTTERFLY COOKIE CUTTERS,3,2011-05-29 14:13:00,1.25,17051.0,United Kingdom
554993,85132B,CHARLIE AND LOLA TABLE TINS,1,2011-05-29 14:13:00,1.95,17051.0,United Kingdom
554993,85132C,CHARLIE AND LOLA FIGURES TINS,3,2011-05-29 14:13:00,1.95,17051.0,United Kingdom
554993,22487,WHITE WOOD GARDEN PLANT LADDER,1,2011-05-29 14:13:00,9.95,17051.0,United Kingdom
554993,21212,PACK OF 72 RETROSPOT CAKE CASES,12,2011-05-29 14:13:00,0.55,17051.0,United Kingdom
554993,22417,PACK OF 60 SPACEBOY CAKE CASES,12,2011-05-29 14:13:00,0.55,17051.0,United Kingdom
554993,21213,PACK OF 72 SKULL CAKE CASES,12,2011-05-29 14:13:00,0.55,17051.0,United Kingdom
554993,21975,PACK OF 60 DINOSAUR CAKE CASES,12,2011-05-29 14:13:00,0.55,17051.0,United Kingdom
554993,84991,60 TEATIME FAIRY CAKE CASES,12,2011-05-29 14:13:00,0.55,17051.0,United Kingdom
554993,22469,HEART OF WICKER SMALL,4,2011-05-29 14:13:00,1.65,17051.0,United Kingdom
554993,22470,HEART OF WICKER LARGE,3,2011-05-29 14:13:00,2.95,17051.0,United Kingdom
554993,21561,DINOSAUR LUNCH BOX WITH CUTLERY,3,2011-05-29 14:13:00,2.55,17051.0,United Kingdom
554993,21558,SKULL LUNCH BOX WITH CUTLERY ,3,2011-05-29 14:13:00,2.55,17051.0,United Kingdom
554993,21559,STRAWBERRY LUNCH BOX WITH CUTLERY,3,2011-05-29 14:13:00,2.55,17051.0,United Kingdom
554993,22352,LUNCH BOX WITH CUTLERY RETROSPOT ,3,2011-05-29 14:13:00,2.55,17051.0,United Kingdom
554993,37342,POLKADOT COFFEE CUP & SAUCER PINK,2,2011-05-29 14:13:00,0.79,17051.0,United Kingdom
554993,21232,STRAWBERRY CERAMIC TRINKET BOX,4,2011-05-29 14:13:00,1.25,17051.0,United Kingdom
554993,23300,GARDENERS KNEELING PAD CUP OF TEA ,3,2011-05-29 14:13:00,1.65,17051.0,United Kingdom
554993,20724,RED RETROSPOT CHARLOTTE BAG,5,2011-05-29 14:13:00,0.85,17051.0,United Kingdom
554993,22355,CHARLOTTE BAG SUKI DESIGN,5,2011-05-29 14:13:00,0.85,17051.0,United Kingdom
554993,22383,LUNCH BAG SUKI DESIGN ,3,2011-05-29 14:13:00,1.65,17051.0,United Kingdom
554993,21043,APRON MODERN VINTAGE COTTON,15,2011-05-29 14:13:00,1.95,17051.0,United Kingdom
554993,23206,LUNCH BAG APPLE DESIGN,1,2011-05-29 14:13:00,1.65,17051.0,United Kingdom
554993,22898,CHILDRENS APRON APPLES DESIGN,2,2011-05-29 14:13:00,1.95,17051.0,United Kingdom
554993,21156,RETROSPOT CHILDRENS APRON,2,2011-05-29 14:13:00,1.95,17051.0,United Kingdom
554993,22367,CHILDRENS APRON SPACEBOY DESIGN,2,2011-05-29 14:13:00,1.95,17051.0,United Kingdom
554993,20728,LUNCH BAG CARS BLUE,3,2011-05-29 14:13:00,1.65,17051.0,United Kingdom
554993,22382,LUNCH BAG SPACEBOY DESIGN ,2,2011-05-29 14:13:00,1.65,17051.0,United Kingdom
554993,20725,LUNCH BAG RED RETROSPOT,2,2011-05-29 14:13:00,1.65,17051.0,United Kingdom
554993,20724,RED RETROSPOT CHARLOTTE BAG,2,2011-05-29 14:13:00,0.85,17051.0,United Kingdom
554993,23204,CHARLOTTE BAG APPLES DESIGN,2,2011-05-29 14:13:00,0.85,17051.0,United Kingdom
554993,20718,RED RETROSPOT SHOPPER BAG,5,2011-05-29 14:13:00,1.25,17051.0,United Kingdom
554993,20724,RED RETROSPOT CHARLOTTE BAG,10,2011-05-29 14:13:00,0.85,17051.0,United Kingdom
554994,21246,RED RETROSPOT BIG BOWL,4,2011-05-29 14:18:00,4.95,14606.0,United Kingdom
554994,21868,POTTING SHED TEA MUG,1,2011-05-29 14:18:00,1.25,14606.0,United Kingdom
554994,20979,36 PENCILS TUBE RED RETROSPOT,1,2011-05-29 14:18:00,1.25,14606.0,United Kingdom
554994,85130D,BEADED CRYSTAL HEART PINK LARGE,2,2011-05-29 14:18:00,1.65,14606.0,United Kingdom
554994,84988,SET OF 72 PINK HEART PAPER DOILIES,3,2011-05-29 14:18:00,1.45,14606.0,United Kingdom
554994,22090,PAPER BUNTING RETROSPOT,1,2011-05-29 14:18:00,2.95,14606.0,United Kingdom
554994,21035,SET/2 RED RETROSPOT TEA TOWELS ,2,2011-05-29 14:18:00,3.25,14606.0,United Kingdom
554994,21154,RED RETROSPOT OVEN GLOVE ,1,2011-05-29 14:18:00,1.25,14606.0,United Kingdom
554994,21080,SET/20 RED RETROSPOT PAPER NAPKINS ,3,2011-05-29 14:18:00,0.85,14606.0,United Kingdom
554994,21157,RED RETROSPOT WASHBAG,1,2011-05-29 14:18:00,2.1,14606.0,United Kingdom
554994,22416,SET OF 36 DOILIES SPACEBOY DESIGN ,1,2011-05-29 14:18:00,1.45,14606.0,United Kingdom
554994,22417,PACK OF 60 SPACEBOY CAKE CASES,2,2011-05-29 14:18:00,0.55,14606.0,United Kingdom
554994,21217,RED RETROSPOT ROUND CAKE TINS,1,2011-05-29 14:18:00,9.95,14606.0,United Kingdom
554994,22344,PARTY PIZZA DISH PINK POLKADOT,1,2011-05-29 14:18:00,0.85,14606.0,United Kingdom
554994,22345,PARTY PIZZA DISH BLUE POLKADOT,1,2011-05-29 14:18:00,0.85,14606.0,United Kingdom
554994,22613,PACK OF 20 SPACEBOY NAPKINS,2,2011-05-29 14:18:00,0.85,14606.0,United Kingdom
554994,21242,RED RETROSPOT PLATE ,3,2011-05-29 14:18:00,1.69,14606.0,United Kingdom
554994,21238,RED RETROSPOT CUP,3,2011-05-29 14:18:00,0.85,14606.0,United Kingdom
554994,22348,TEA BAG PLATE RED RETROSPOT,1,2011-05-29 14:18:00,0.85,14606.0,United Kingdom
554994,21669,BLUE STRIPE CERAMIC DRAWER KNOB,2,2011-05-29 14:18:00,1.25,14606.0,United Kingdom
554994,90214A,"LETTER ""A"" BLING KEY RING",1,2011-05-29 14:18:00,1.25,14606.0,United Kingdom
554994,22996,TRAVEL CARD WALLET VINTAGE TICKET,1,2011-05-29 14:18:00,0.42,14606.0,United Kingdom
554994,22998,TRAVEL CARD WALLET KEEP CALM,1,2011-05-29 14:18:00,0.42,14606.0,United Kingdom
554994,22994,TRAVEL CARD WALLET RETROSPOT,1,2011-05-29 14:18:00,0.42,14606.0,United Kingdom
554994,21985,PACK OF 12 HEARTS DESIGN TISSUES ,1,2011-05-29 14:18:00,0.29,14606.0,United Kingdom
554994,82583,HOT BATHS METAL SIGN,1,2011-05-29 14:18:00,2.1,14606.0,United Kingdom
554994,21165,BEWARE OF THE CAT METAL SIGN ,1,2011-05-29 14:18:00,1.69,14606.0,United Kingdom
554994,21307,SET/4 BUTTERFLY MIRROR MAGNETS,1,2011-05-29 14:18:00,2.1,14606.0,United Kingdom
554994,21533,RETROSPOT LARGE MILK JUG,1,2011-05-29 14:18:00,4.95,14606.0,United Kingdom
554994,22405,MONEY BOX POCKET MONEY DESIGN,1,2011-05-29 14:18:00,1.25,14606.0,United Kingdom
554994,21901,"KEY FOB , BACK DOOR ",1,2011-05-29 14:18:00,0.65,14606.0,United Kingdom
554994,21216,"SET 3 RETROSPOT TEA,COFFEE,SUGAR",1,2011-05-29 14:18:00,4.95,14606.0,United Kingdom
554994,22193,RED DINER WALL CLOCK,1,2011-05-29 14:18:00,8.5,14606.0,United Kingdom
554994,51014A,"FEATHER PEN,HOT PINK",12,2011-05-29 14:18:00,0.85,14606.0,United Kingdom
554994,22507,MEMO BOARD RETROSPOT  DESIGN,1,2011-05-29 14:18:00,4.95,14606.0,United Kingdom
554994,15044A,PINK PAPER PARASOL ,1,2011-05-29 14:18:00,2.95,14606.0,United Kingdom
554994,84031A,CHARLIE+LOLA RED HOT WATER BOTTLE ,1,2011-05-29 14:18:00,4.65,14606.0,United Kingdom
554994,84032B,CHARLIE + LOLA RED HOT WATER BOTTLE,1,2011-05-29 14:18:00,2.95,14606.0,United Kingdom
554994,21746,SMALL RED RETROSPOT WINDMILL,1,2011-05-29 14:18:00,1.25,14606.0,United Kingdom
554994,22366,DOORMAT AIRMAIL ,1,2011-05-29 14:18:00,7.95,14606.0,United Kingdom
554994,20914,SET/5 RED RETROSPOT LID GLASS BOWLS,1,2011-05-29 14:18:00,2.95,14606.0,United Kingdom
554994,21533,RETROSPOT LARGE MILK JUG,1,2011-05-29 14:18:00,4.95,14606.0,United Kingdom
554994,22467,GUMBALL COAT RACK,1,2011-05-29 14:18:00,2.55,14606.0,United Kingdom
554994,22219,LOVEBIRD HANGING DECORATION WHITE ,1,2011-05-29 14:18:00,0.85,14606.0,United Kingdom
554994,22136,LOVE HEART SOCK HANGER,1,2011-05-29 14:18:00,1.65,14606.0,United Kingdom
554995,22469,HEART OF WICKER SMALL,2,2011-05-29 14:23:00,1.65,18109.0,United Kingdom
554995,21218,RED SPOTTY BISCUIT TIN,2,2011-05-29 14:23:00,3.75,18109.0,United Kingdom
554995,23118,PARISIENNE JEWELLERY DRAWER ,3,2011-05-29 14:23:00,7.5,18109.0,United Kingdom
554995,22855,FINE WICKER HEART ,2,2011-05-29 14:23:00,1.25,18109.0,United Kingdom
554995,23110,PARISIENNE KEY CABINET ,1,2011-05-29 14:23:00,5.75,18109.0,United Kingdom
554995,22961,JAM MAKING SET PRINTED,2,2011-05-29 14:23:00,1.45,18109.0,United Kingdom
554995,22151,PLACE SETTING WHITE HEART,48,2011-05-29 14:23:00,0.42,18109.0,United Kingdom
554995,21577,SAVE THE PLANET COTTON TOTE BAG,2,2011-05-29 14:23:00,2.25,18109.0,United Kingdom
554995,23112,PARISIENNE CURIO CABINET,2,2011-05-29 14:23:00,7.5,18109.0,United Kingdom
554995,23067,HANGING ENGRAVED METAL HEART,4,2011-05-29 14:23:00,4.15,18109.0,United Kingdom
554995,84836,ZINC METAL HEART DECORATION,2,2011-05-29 14:23:00,1.25,18109.0,United Kingdom
554995,21447,12 IVORY ROSE PEG PLACE SETTINGS,1,2011-05-29 14:23:00,1.25,18109.0,United Kingdom
554995,21446,12 RED ROSE PEG PLACE SETTINGS,2,2011-05-29 14:23:00,1.25,18109.0,United Kingdom
554995,85123A,WHITE HANGING HEART T-LIGHT HOLDER,3,2011-05-29 14:23:00,2.95,18109.0,United Kingdom
554995,21259,VICTORIAN SEWING BOX SMALL ,2,2011-05-29 14:23:00,5.95,18109.0,United Kingdom
554995,22487,WHITE WOOD GARDEN PLANT LADDER,4,2011-05-29 14:23:00,8.5,18109.0,United Kingdom
554996,21742,LARGE ROUND WICKER PLATTER ,1,2011-05-29 14:28:00,5.95,16407.0,United Kingdom
554996,48138,DOORMAT UNION FLAG,1,2011-05-29 14:28:00,7.95,16407.0,United Kingdom
554996,22469,HEART OF WICKER SMALL,10,2011-05-29 14:28:00,1.65,16407.0,United Kingdom
554996,22470,HEART OF WICKER LARGE,10,2011-05-29 14:28:00,2.95,16407.0,United Kingdom
554996,85123A,WHITE HANGING HEART T-LIGHT HOLDER,2,2011-05-29 14:28:00,2.95,16407.0,United Kingdom
554996,21733,RED HANGING HEART T-LIGHT HOLDER,2,2011-05-29 14:28:00,2.95,16407.0,United Kingdom
554996,82486,WOOD S/3 CABINET ANT WHITE FINISH,4,2011-05-29 14:28:00,8.95,16407.0,United Kingdom
554996,21673,WHITE SPOT BLUE CERAMIC DRAWER KNOB,6,2011-05-29 14:28:00,1.25,16407.0,United Kingdom
554996,21670,BLUE SPOT CERAMIC DRAWER KNOB,6,2011-05-29 14:28:00,1.25,16407.0,United Kingdom
554996,21669,BLUE STRIPE CERAMIC DRAWER KNOB,6,2011-05-29 14:28:00,1.25,16407.0,United Kingdom
554996,21668,RED STRIPE CERAMIC DRAWER KNOB,6,2011-05-29 14:28:00,1.25,16407.0,United Kingdom
554996,22773,GREEN DRAWER KNOB ACRYLIC EDWARDIAN,12,2011-05-29 14:28:00,1.25,16407.0,United Kingdom
554996,22772,PINK DRAWER KNOB ACRYLIC EDWARDIAN,12,2011-05-29 14:28:00,1.25,16407.0,United Kingdom
554996,22771,CLEAR DRAWER KNOB ACRYLIC EDWARDIAN,12,2011-05-29 14:28:00,1.25,16407.0,United Kingdom
554996,21754,HOME BUILDING BLOCK WORD,1,2011-05-29 14:28:00,5.95,16407.0,United Kingdom
554996,21756,BATH BUILDING BLOCK WORD,1,2011-05-29 14:28:00,5.95,16407.0,United Kingdom
554997,22336,DOVE DECORATION PAINTED ZINC ,48,2011-05-29 15:35:00,0.65,16746.0,United Kingdom
554997,23082,SET 6 PAPER TABLE LANTERN HEARTS ,6,2011-05-29 15:35:00,3.75,16746.0,United Kingdom
554997,23084,RABBIT NIGHT LIGHT,6,2011-05-29 15:35:00,2.08,16746.0,United Kingdom
554997,23203,JUMBO BAG DOILEY PATTERNS,10,2011-05-29 15:35:00,2.08,16746.0,United Kingdom
554997,23202,JUMBO BAG VINTAGE LEAF,10,2011-05-29 15:35:00,2.08,16746.0,United Kingdom
554997,23209,LUNCH BAG DOILEY PATTERN ,10,2011-05-29 15:35:00,1.65,16746.0,United Kingdom
554997,20726,LUNCH BAG WOODLAND,10,2011-05-29 15:35:00,1.65,16746.0,United Kingdom
554997,22382,LUNCH BAG SPACEBOY DESIGN ,10,2011-05-29 15:35:00,1.65,16746.0,United Kingdom
554997,23206,LUNCH BAG APPLE DESIGN,10,2011-05-29 15:35:00,1.65,16746.0,United Kingdom
554997,20712,JUMBO BAG WOODLAND ANIMALS,10,2011-05-29 15:35:00,2.08,16746.0,United Kingdom
554997,22386,JUMBO BAG PINK POLKADOT,10,2011-05-29 15:35:00,2.08,16746.0,United Kingdom
554997,85099B,JUMBO BAG RED RETROSPOT,10,2011-05-29 15:35:00,2.08,16746.0,United Kingdom
554997,23199,JUMBO BAG APPLES,10,2011-05-29 15:35:00,2.08,16746.0,United Kingdom
554997,22027,TEA PARTY BIRTHDAY CARD,12,2011-05-29 15:35:00,0.42,16746.0,United Kingdom
554997,22712,CARD DOLLY GIRL ,12,2011-05-29 15:35:00,0.42,16746.0,United Kingdom
554997,22948,METAL DECORATION NAUGHTY CHILDREN ,24,2011-05-29 15:35:00,0.85,16746.0,United Kingdom
554997,22900, SET 2 TEA TOWELS I LOVE LONDON ,6,2011-05-29 15:35:00,3.25,16746.0,United Kingdom
554997,20971,PINK BLUE FELT CRAFT TRINKET BOX,12,2011-05-29 15:35:00,1.25,16746.0,United Kingdom
554998,22423,REGENCY CAKESTAND 3 TIER,3,2011-05-29 15:35:00,12.75,15925.0,United Kingdom
554998,84347,ROTATING SILVER ANGELS T-LIGHT HLDR,12,2011-05-29 15:35:00,2.55,15925.0,United Kingdom
554998,85152,HAND OVER THE CHOCOLATE   SIGN ,12,2011-05-29 15:35:00,2.1,15925.0,United Kingdom
554998,79000,MOROCCAN TEA GLASS,12,2011-05-29 15:35:00,0.85,15925.0,United Kingdom
554998,82482,WOODEN PICTURE FRAME WHITE FINISH,6,2011-05-29 15:35:00,2.55,15925.0,United Kingdom
554998,23170,REGENCY TEA PLATE ROSES ,12,2011-05-29 15:35:00,1.65,15925.0,United Kingdom
554998,84987,SET OF 36 TEATIME PAPER DOILIES,4,2011-05-29 15:35:00,1.45,15925.0,United Kingdom
554998,84988,SET OF 72 PINK HEART PAPER DOILIES,4,2011-05-29 15:35:00,1.45,15925.0,United Kingdom
554998,21974,SET OF 36 PAISLEY FLOWER DOILIES,4,2011-05-29 15:35:00,1.45,15925.0,United Kingdom
554998,84821,DANISH ROSE DELUXE COASTER,12,2011-05-29 15:35:00,0.85,15925.0,United Kingdom
554998,23174,REGENCY SUGAR BOWL GREEN,4,2011-05-29 15:35:00,4.15,15925.0,United Kingdom
554998,22863,SOAP DISH BROCANTE,8,2011-05-29 15:35:00,2.95,15925.0,United Kingdom
554999,21922,UNION STRIPE WITH FRINGE  HAMMOCK,1,2011-05-29 15:44:00,7.95,15547.0,United Kingdom
554999,23298,SPOTTY BUNTING,1,2011-05-29 15:44:00,4.95,15547.0,United Kingdom
554999,85123A,WHITE HANGING HEART T-LIGHT HOLDER,6,2011-05-29 15:44:00,2.95,15547.0,United Kingdom
554999,84991,60 TEATIME FAIRY CAKE CASES,1,2011-05-29 15:44:00,0.55,15547.0,United Kingdom
554999,84992,72 SWEETHEART FAIRY CAKE CASES,2,2011-05-29 15:44:00,0.55,15547.0,United Kingdom
554999,20914,SET/5 RED RETROSPOT LID GLASS BOWLS,1,2011-05-29 15:44:00,2.95,15547.0,United Kingdom
554999,23118,PARISIENNE JEWELLERY DRAWER ,2,2011-05-29 15:44:00,7.5,15547.0,United Kingdom
554999,47566,PARTY BUNTING,1,2011-05-29 15:44:00,4.95,15547.0,United Kingdom
554999,37413,ICON MUG REVOLUTIONARY,30,2011-05-29 15:44:00,0.39,15547.0,United Kingdom
554999,21217,RED RETROSPOT ROUND CAKE TINS,1,2011-05-29 15:44:00,9.95,15547.0,United Kingdom
554999,21533,RETROSPOT LARGE MILK JUG,1,2011-05-29 15:44:00,4.95,15547.0,United Kingdom
554999,21539,RED RETROSPOT BUTTER DISH,1,2011-05-29 15:44:00,4.95,15547.0,United Kingdom
554999,37413,ICON MUG REVOLUTIONARY,6,2011-05-29 15:44:00,0.39,15547.0,United Kingdom
554999,23048,SET OF 10 LANTERNS FAIRY LIGHT STAR,2,2011-05-29 15:44:00,4.15,15547.0,United Kingdom
554999,21466,RED FLOWER CROCHET FOOD COVER,1,2011-05-29 15:44:00,3.75,15547.0,United Kingdom
554999,21470,FLOWER VINE RAFFIA FOOD COVER,2,2011-05-29 15:44:00,3.75,15547.0,United Kingdom
554999,20754,RETROSPOT RED WASHING UP GLOVES,2,2011-05-29 15:44:00,2.1,15547.0,United Kingdom
554999,82600,NO SINGING METAL SIGN,2,2011-05-29 15:44:00,2.1,15547.0,United Kingdom
554999,85152,HAND OVER THE CHOCOLATE   SIGN ,2,2011-05-29 15:44:00,2.1,15547.0,United Kingdom
554999,82582,AREA PATROLLED METAL SIGN,2,2011-05-29 15:44:00,2.1,15547.0,United Kingdom
554999,21165,BEWARE OF THE CAT METAL SIGN ,2,2011-05-29 15:44:00,1.69,15547.0,United Kingdom
554999,21175,GIN + TONIC DIET METAL SIGN,2,2011-05-29 15:44:00,2.55,15547.0,United Kingdom
554999,21174,POTTERING IN THE SHED METAL SIGN,1,2011-05-29 15:44:00,2.08,15547.0,United Kingdom
554999,22413,METAL SIGN TAKE IT OR LEAVE IT ,2,2011-05-29 15:44:00,2.95,15547.0,United Kingdom
554999,21908,CHOCOLATE THIS WAY METAL SIGN,2,2011-05-29 15:44:00,2.1,15547.0,United Kingdom
554999,21166,COOK WITH WINE METAL SIGN ,3,2011-05-29 15:44:00,2.08,15547.0,United Kingdom
554999,21905,MORE BUTTER METAL SIGN ,1,2011-05-29 15:44:00,2.1,15547.0,United Kingdom
554999,84949,SILVER HANGING T-LIGHT HOLDER,6,2011-05-29 15:44:00,1.65,15547.0,United Kingdom
554999,20718,RED RETROSPOT SHOPPER BAG,2,2011-05-29 15:44:00,1.25,15547.0,United Kingdom
554999,85099B,JUMBO BAG RED RETROSPOT,2,2011-05-29 15:44:00,2.08,15547.0,United Kingdom
554999,21473,SWEETHEART CREAM STEEL TABLE RECT,1,2011-05-29 15:44:00,19.95,15547.0,United Kingdom
554999,21476,STEEL SWEETHEART ROUND TABLE CREAM,2,2011-05-29 15:44:00,14.95,15547.0,United Kingdom
554999,21843,RED RETROSPOT CAKE STAND,1,2011-05-29 15:44:00,10.95,15547.0,United Kingdom
554999,22212,FOUR HOOK  WHITE LOVEBIRDS,2,2011-05-29 15:44:00,2.1,15547.0,United Kingdom
554999,82484,WOOD BLACK BOARD ANT WHITE FINISH,1,2011-05-29 15:44:00,7.95,15547.0,United Kingdom
554999,15034,PAPER POCKET TRAVELING FAN ,24,2011-05-29 15:44:00,0.14,15547.0,United Kingdom
554999,22840,ROUND CAKE TIN VINTAGE RED,1,2011-05-29 15:44:00,7.95,15547.0,United Kingdom
554999,23158,SET OF 5 LUCKY CAT MAGNETS ,2,2011-05-29 15:44:00,2.08,15547.0,United Kingdom
554999,23156,SET OF 5 MINI GROCERY MAGNETS,2,2011-05-29 15:44:00,2.08,15547.0,United Kingdom
554999,84978,HANGING HEART JAR T-LIGHT HOLDER,6,2011-05-29 15:44:00,1.25,15547.0,United Kingdom
554999,22460,EMBOSSED GLASS TEALIGHT HOLDER,4,2011-05-29 15:44:00,1.25,15547.0,United Kingdom
554999,17021,NAMASTE SWAGAT INCENSE,6,2011-05-29 15:44:00,0.3,15547.0,United Kingdom
554999,22794,SWEETHEART WIRE MAGAZINE RACK,1,2011-05-29 15:44:00,7.95,15547.0,United Kingdom
554999,85062,PEARL CRYSTAL PUMPKIN T-LIGHT HLDR,12,2011-05-29 15:44:00,1.65,15547.0,United Kingdom
554999,23145,ZINC T-LIGHT HOLDER STAR LARGE,12,2011-05-29 15:44:00,0.95,15547.0,United Kingdom
554999,84755,COLOUR GLASS T-LIGHT HOLDER HANGING,16,2011-05-29 15:44:00,0.65,15547.0,United Kingdom
554999,82486,WOOD S/3 CABINET ANT WHITE FINISH,2,2011-05-29 15:44:00,8.95,15547.0,United Kingdom
554999,79321,CHILLI LIGHTS,2,2011-05-29 15:44:00,5.75,15547.0,United Kingdom
554999,22354,RETROSPOT PADDED SEAT CUSHION,2,2011-05-29 15:44:00,3.75,15547.0,United Kingdom
554999,21259,VICTORIAN SEWING BOX SMALL ,1,2011-05-29 15:44:00,5.95,15547.0,United Kingdom
554999,44092C,PURPLE/COPPER HANGING LAMPSHADE,3,2011-05-29 15:44:00,0.85,15547.0,United Kingdom
554999,44092B,BLUE WHITE PLASTIC RINGS LAMPSHADE,1,2011-05-29 15:44:00,0.85,15547.0,United Kingdom
554999,20685,DOORMAT RED RETROSPOT,1,2011-05-29 15:44:00,7.95,15547.0,United Kingdom
554999,48111,DOORMAT 3 SMILEY CATS,1,2011-05-29 15:44:00,7.95,15547.0,United Kingdom
554999,48185,DOORMAT FAIRY CAKE,1,2011-05-29 15:44:00,7.95,15547.0,United Kingdom
554999,84358,FLOOR LAMP SHADE WOOD BASE,1,2011-05-29 15:44:00,9.95,15547.0,United Kingdom
