InvoiceNo,StockCode,Description,Quantity,InvoiceDate,UnitPrice,CustomerID,Country
542423,22977,DOLLY GIRL CHILDRENS EGG CUP,48,2011-01-28 09:09:00,1.25,15057.0,United Kingdom
542423,22974,CHILDRENS DOLLY GIRL MUG,24,2011-01-28 09:09:00,1.65,15057.0,United Kingdom
542423,22951,60 CAKE CASES DOLLY GIRL DESIGN,48,2011-01-28 09:09:00,0.55,15057.0,United Kingdom
542423,22949,36 DOILIES DOLLY GIRL,24,2011-01-28 09:09:00,1.45,15057.0,United Kingdom
542423,22635,CHILDS BREAKFAST SET DOLLY GIRL ,8,2011-01-28 09:09:00,8.5,15057.0,United Kingdom
542423,22634,CHILDS BREAKFAST SET SPACEBOY ,8,2011-01-28 09:09:00,8.5,15057.0,United Kingdom
542423,22417,PACK OF 60 SPACEBOY CAKE CASES,24,2011-01-28 09:09:00,0.55,15057.0,United Kingdom
542423,22629,SPACEBOY LUNCH BOX ,24,2011-01-28 09:09:00,1.95,15057.0,United Kingdom
542423,22630,DOLLY GIRL LUNCH BOX,24,2011-01-28 09:09:00,1.95,15057.0,United Kingdom
542423,22988,SOLDIERS EGG CUP ,48,2011-01-28 09:09:00,1.25,15057.0,United Kingdom
542423,22659,LUNCH BOX I LOVE LONDON,24,2011-01-28 09:09:00,1.95,15057.0,United Kingdom
542423,22900, SET 2 TEA TOWELS I LOVE LONDON ,12,2011-01-28 09:09:00,2.95,15057.0,United Kingdom
542423,22970,LONDON BUS COFFEE MUG,24,2011-01-28 09:09:00,2.55,15057.0,United Kingdom
542423,22960,JAM MAKING SET WITH JARS,24,2011-01-28 09:09:00,3.75,15057.0,United Kingdom
542423,22148,EASTER CRAFT 4 CHICKS ,24,2011-01-28 09:09:00,1.95,15057.0,United Kingdom
542423,22149,FELTCRAFT 6 FLOWER FRIENDS,24,2011-01-28 09:09:00,2.1,15057.0,United Kingdom
542423,22607,WOODEN ROUNDERS GARDEN SET ,8,2011-01-28 09:09:00,8.5,15057.0,United Kingdom
542423,22692,DOORMAT WELCOME TO OUR HOME,10,2011-01-28 09:09:00,6.75,15057.0,United Kingdom
542423,48138,DOORMAT UNION FLAG,10,2011-01-28 09:09:00,6.75,15057.0,United Kingdom
542423,22457,NATURAL SLATE HEART CHALKBOARD ,24,2011-01-28 09:09:00,2.95,15057.0,United Kingdom
542423,22046,TEA PARTY  WRAPPING PAPER ,75,2011-01-28 09:09:00,0.42,15057.0,United Kingdom
542423,22710,WRAP I LOVE LONDON ,75,2011-01-28 09:09:00,0.42,15057.0,United Kingdom
C542424,22456,NATURAL SLATE CHALKBOARD LARGE ,-1,2011-01-28 09:18:00,4.95,18075.0,United Kingdom
C542424,85123A,WHITE HANGING HEART T-LIGHT HOLDER,-3,2011-01-28 09:18:00,2.95,18075.0,United Kingdom
C542424,22178,VICTORIAN GLASS HANGING T-LIGHT,-1,2011-01-28 09:18:00,1.25,18075.0,United Kingdom
C542424,22156,HEART DECORATION WITH PEARLS ,-5,2011-01-28 09:18:00,0.85,18075.0,United Kingdom
C542424,21733,RED HANGING HEART T-LIGHT HOLDER,-1,2011-01-28 09:18:00,2.95,18075.0,United Kingdom
542425,84380,SET OF 3 BUTTERFLY COOKIE CUTTERS,12,2011-01-28 09:20:00,1.25,12574.0,France
542425,22666,RECIPE BOX PANTRY YELLOW DESIGN,6,2011-01-28 09:20:00,2.95,12574.0,France
542425,22721,SET OF 3 CAKE TINS SKETCHBOOK,3,2011-01-28 09:20:00,4.95,12574.0,France
542425,22798,ANTIQUE GLASS DRESSING TABLE POT,8,2011-01-28 09:20:00,2.95,12574.0,France
542425,22801,ANTIQUE GLASS PEDESTAL BOWL,4,2011-01-28 09:20:00,3.75,12574.0,France
542425,82482,WOODEN PICTURE FRAME WHITE FINISH,6,2011-01-28 09:20:00,2.55,12574.0,France
542425,22829,SWEETHEART WIRE WALL TIDY,2,2011-01-28 09:20:00,9.95,12574.0,France
542425,22854,CREAM SWEETHEART EGG HOLDER,4,2011-01-28 09:20:00,4.95,12574.0,France
542425,22831,WHITE BROCANTE SOAP DISH,6,2011-01-28 09:20:00,2.95,12574.0,France
542425,22863,SOAP DISH BROCANTE,8,2011-01-28 09:20:00,2.95,12574.0,France
542425,POST,POSTAGE,2,2011-01-28 09:20:00,18.0,12574.0,France
C542426,85199S,SMALL HANGING IVORY/RED WOOD BIRD,-24,2011-01-28 09:32:00,0.42,14146.0,United Kingdom
C542426,85199L,LARGE HANGING IVORY & RED WOOD BIRD,-12,2011-01-28 09:32:00,0.65,14146.0,United Kingdom
C542426,85049E,SCANDINAVIAN REDS RIBBONS,-12,2011-01-28 09:32:00,1.25,14146.0,United Kingdom
C542426,84946,ANTIQUE SILVER TEA GLASS ETCHED,-12,2011-01-28 09:32:00,1.25,14146.0,United Kingdom
C542426,84945,MULTI COLOUR SILVER T-LIGHT HOLDER,-12,2011-01-28 09:32:00,0.85,14146.0,United Kingdom
C542426,22969,HOMEMADE JAM SCENTED CANDLES,-24,2011-01-28 09:32:00,1.45,14146.0,United Kingdom
C542426,22853,CAT BOWL VINTAGE CREAM,-6,2011-01-28 09:32:00,3.25,14146.0,United Kingdom
C542426,22852,DOG BOWL VINTAGE CREAM,-4,2011-01-28 09:32:00,4.25,14146.0,United Kingdom
C542426,22845,VINTAGE CREAM CAT FOOD CONTAINER,-2,2011-01-28 09:32:00,6.35,14146.0,United Kingdom
C542426,22844,VINTAGE CREAM DOG FOOD CONTAINER,-2,2011-01-28 09:32:00,8.5,14146.0,United Kingdom
C542426,22837,HOT WATER BOTTLE BABUSHKA ,-36,2011-01-28 09:32:00,4.25,14146.0,United Kingdom
C542426,22834,HAND WARMER BABUSHKA DESIGN,-48,2011-01-28 09:32:00,0.85,14146.0,United Kingdom
C542426,22810,SET OF 6 T-LIGHTS SNOWMEN,-48,2011-01-28 09:32:00,2.55,14146.0,United Kingdom
C542426,22752,SET 7 BABUSHKA NESTING BOXES,-24,2011-01-28 09:32:00,7.65,14146.0,United Kingdom
C542426,22746,POPPY'S PLAYHOUSE LIVINGROOM ,-6,2011-01-28 09:32:00,2.1,14146.0,United Kingdom
C542426,22745,POPPY'S PLAYHOUSE BEDROOM ,-6,2011-01-28 09:32:00,2.1,14146.0,United Kingdom
C542426,22654,DELUXE SEWING KIT ,-3,2011-01-28 09:32:00,5.95,14146.0,United Kingdom
C542426,22653,BUTTON BOX ,-10,2011-01-28 09:32:00,1.95,14146.0,United Kingdom
C542426,22652,TRAVEL SEWING KIT,-10,2011-01-28 09:32:00,1.65,14146.0,United Kingdom
C542426,22423,REGENCY CAKESTAND 3 TIER,-2,2011-01-28 09:32:00,12.75,14146.0,United Kingdom
C542426,22418,10 COLOUR SPACEBOY PEN,-24,2011-01-28 09:32:00,0.85,14146.0,United Kingdom
C542426,22398,MAGNETS PACK OF 4 SWALLOWS,-12,2011-01-28 09:32:00,1.25,14146.0,United Kingdom
C542426,22299,PIG KEYRING WITH LIGHT & SOUND ,-24,2011-01-28 09:32:00,1.25,14146.0,United Kingdom
C542426,22219,LOVEBIRD HANGING DECORATION WHITE ,-12,2011-01-28 09:32:00,0.85,14146.0,United Kingdom
C542426,22077,6 RIBBONS RUSTIC CHARM,-12,2011-01-28 09:32:00,1.65,14146.0,United Kingdom
C542426,22075,6 RIBBONS ELEGANT CHRISTMAS ,-12,2011-01-28 09:32:00,1.65,14146.0,United Kingdom
C542426,22074,6 RIBBONS SHIMMERING PINKS ,-12,2011-01-28 09:32:00,1.65,14146.0,United Kingdom
C542426,21874,GIN AND TONIC MUG,-12,2011-01-28 09:32:00,1.25,14146.0,United Kingdom
C542426,21677,HEARTS  STICKERS,-12,2011-01-28 09:32:00,0.85,14146.0,United Kingdom
C542426,21675,BUTTERFLIES STICKERS,-12,2011-01-28 09:32:00,0.85,14146.0,United Kingdom
C542426,21484,CHICK GREY HOT WATER BOTTLE,-36,2011-01-28 09:32:00,2.95,14146.0,United Kingdom
C542426,21481,FAWN BLUE HOT WATER BOTTLE,-36,2011-01-28 09:32:00,2.55,14146.0,United Kingdom
C542426,21340,CLASSIC METAL BIRDCAGE PLANT HOLDER,-8,2011-01-28 09:32:00,9.95,14146.0,United Kingdom
C542426,20972,PINK CREAM FELT CRAFT TRINKET BOX ,-12,2011-01-28 09:32:00,1.25,14146.0,United Kingdom
C542426,20971,PINK BLUE FELT CRAFT TRINKET BOX,-12,2011-01-28 09:32:00,1.25,14146.0,United Kingdom
C542427,85159A,"BLACK TEA,COFFEE,SUGAR JARS",-1,2011-01-28 09:34:00,6.35,14180.0,United Kingdom
542428,22530,MAGIC DRAWING SLATE DOLLY GIRL ,192,2011-01-28 10:00:00,0.42,17404.0,Sweden
542428,22720,SET OF 3 CAKE TINS PANTRY DESIGN ,72,2011-01-28 10:00:00,4.95,17404.0,Sweden
542428,21260,FIRST AID TIN,48,2011-01-28 10:00:00,3.25,17404.0,Sweden
542428,21906,PHARMACIE FIRST AID TIN,16,2011-01-28 10:00:00,6.75,17404.0,Sweden
542428,21791,VINTAGE HEADS AND TAILS CARD GAME ,144,2011-01-28 10:00:00,1.25,17404.0,Sweden
542428,21889,WOODEN BOX OF DOMINOES,144,2011-01-28 10:00:00,1.25,17404.0,Sweden
542428,22546,MINI JIGSAW PURDEY,240,2011-01-28 10:00:00,0.42,17404.0,Sweden
542428,22544,MINI JIGSAW SPACEBOY,240,2011-01-28 10:00:00,0.42,17404.0,Sweden
542428,22539,MINI JIGSAW DOLLY GIRL,240,2011-01-28 10:00:00,0.42,17404.0,Sweden
542428,21716,BOYS VINTAGE TIN SEASIDE BUCKET,64,2011-01-28 10:00:00,2.55,17404.0,Sweden
542428,85178,VICTORIAN SEWING KIT,144,2011-01-28 10:00:00,1.25,17404.0,Sweden
542428,22536,MAGIC DRAWING SLATE PURDEY,192,2011-01-28 10:00:00,0.42,17404.0,Sweden
542428,21715,GIRLS VINTAGE TIN SEASIDE BUCKET,64,2011-01-28 10:00:00,2.55,17404.0,Sweden
542428,22721,SET OF 3 CAKE TINS SKETCHBOOK,24,2011-01-28 10:00:00,4.95,17404.0,Sweden
542428,22489,PACK OF 12 TRADITIONAL CRAYONS,144,2011-01-28 10:00:00,0.42,17404.0,Sweden
542428,22758,LARGE PURPLE BABUSHKA NOTEBOOK  ,72,2011-01-28 10:00:00,1.25,17404.0,Sweden
542428,22757,LARGE RED BABUSHKA NOTEBOOK ,72,2011-01-28 10:00:00,1.25,17404.0,Sweden
542428,22756,LARGE YELLOW BABUSHKA NOTEBOOK ,72,2011-01-28 10:00:00,1.25,17404.0,Sweden
542428,22492,MINI PAINT SET VINTAGE ,576,2011-01-28 10:00:00,0.65,17404.0,Sweden
542428,22099,CARAVAN SQUARE TISSUE BOX,36,2011-01-28 10:00:00,1.25,17404.0,Sweden
542428,22838,3 TIER CAKE TIN RED AND CREAM,8,2011-01-28 10:00:00,14.95,17404.0,Sweden
542429,84077,WORLD WAR 2 GLIDERS ASSTD DESIGNS,48,2011-01-28 10:08:00,0.29,13330.0,United Kingdom
542429,20728,LUNCH BAG CARS BLUE,20,2011-01-28 10:08:00,1.65,13330.0,United Kingdom
542429,22383,LUNCH BAG SUKI  DESIGN ,20,2011-01-28 10:08:00,1.65,13330.0,United Kingdom
542429,21930,JUMBO STORAGE BAG SKULLS,10,2011-01-28 10:08:00,1.95,13330.0,United Kingdom
542429,22386,JUMBO BAG PINK POLKADOT,10,2011-01-28 10:08:00,1.95,13330.0,United Kingdom
542429,22629,SPACEBOY LUNCH BOX ,12,2011-01-28 10:08:00,1.95,13330.0,United Kingdom
542429,22382,LUNCH BAG SPACEBOY DESIGN ,10,2011-01-28 10:08:00,1.65,13330.0,United Kingdom
542429,21931,JUMBO STORAGE BAG SUKI,10,2011-01-28 10:08:00,1.95,13330.0,United Kingdom
542429,22553,PLASTERS IN TIN SKULLS,12,2011-01-28 10:08:00,1.65,13330.0,United Kingdom
542429,22554,PLASTERS IN TIN WOODLAND ANIMALS,12,2011-01-28 10:08:00,1.65,13330.0,United Kingdom
542429,22467,GUMBALL COAT RACK,6,2011-01-28 10:08:00,2.55,13330.0,United Kingdom
542429,22148,EASTER CRAFT 4 CHICKS ,12,2011-01-28 10:08:00,1.95,13330.0,United Kingdom
542429,22502,PICNIC BASKET WICKER SMALL,16,2011-01-28 10:08:00,4.95,13330.0,United Kingdom
542430,22960,JAM MAKING SET WITH JARS,6,2011-01-28 10:10:00,4.25,13552.0,United Kingdom
542430,22961,JAM MAKING SET PRINTED,12,2011-01-28 10:10:00,1.45,13552.0,United Kingdom
542430,22822,CREAM WALL PLANTER HEART SHAPED,16,2011-01-28 10:10:00,4.95,13552.0,United Kingdom
542430,22829,SWEETHEART WIRE WALL TIDY,4,2011-01-28 10:10:00,9.95,13552.0,United Kingdom
542430,22854,CREAM SWEETHEART EGG HOLDER,8,2011-01-28 10:10:00,4.95,13552.0,United Kingdom
542430,22931,BAKING MOULD HEART WHITE CHOCOLATE,6,2011-01-28 10:10:00,2.55,13552.0,United Kingdom
542430,22957,SET 3 PAPER VINTAGE CHICK PAPER EGG,6,2011-01-28 10:10:00,2.95,13552.0,United Kingdom
542430,22502,PICNIC BASKET WICKER SMALL,16,2011-01-28 10:10:00,4.95,13552.0,United Kingdom
542431,22988,SOLDIERS EGG CUP ,12,2011-01-28 10:28:00,1.25,12853.0,United Kingdom
542431,22652,TRAVEL SEWING KIT,10,2011-01-28 10:28:00,1.65,12853.0,United Kingdom
542431,84380,SET OF 3 BUTTERFLY COOKIE CUTTERS,12,2011-01-28 10:28:00,1.25,12853.0,United Kingdom
542431,84378,SET OF 3 HEART COOKIE CUTTERS,12,2011-01-28 10:28:00,1.25,12853.0,United Kingdom
542431,22966,GINGERBREAD MAN COOKIE CUTTER,12,2011-01-28 10:28:00,1.25,12853.0,United Kingdom
542431,22666,RECIPE BOX PANTRY YELLOW DESIGN,6,2011-01-28 10:28:00,2.95,12853.0,United Kingdom
542431,22170,PICTURE FRAME WOOD TRIPLE PORTRAIT,4,2011-01-28 10:28:00,6.75,12853.0,United Kingdom
542431,22169,FAMILY ALBUM WHITE PICTURE FRAME,4,2011-01-28 10:28:00,8.5,12853.0,United Kingdom
542431,22171,3 HOOK PHOTO SHELF ANTIQUE WHITE,2,2011-01-28 10:28:00,8.5,12853.0,United Kingdom
542431,22795,SWEETHEART RECIPE BOOK STAND,4,2011-01-28 10:28:00,6.75,12853.0,United Kingdom
542431,85066,CREAM SWEETHEART MINI CHEST,2,2011-01-28 10:28:00,12.75,12853.0,United Kingdom
542431,22148,EASTER CRAFT 4 CHICKS ,12,2011-01-28 10:28:00,1.95,12853.0,United Kingdom
542431,22241,GARLAND WOODEN HAPPY EASTER,12,2011-01-28 10:28:00,1.25,12853.0,United Kingdom
542431,22502,PICNIC BASKET WICKER SMALL,4,2011-01-28 10:28:00,5.95,12853.0,United Kingdom
542431,22926,IVORY GIANT GARDEN THERMOMETER,4,2011-01-28 10:28:00,5.95,12853.0,United Kingdom
542431,22933,BAKING MOULD EASTER EGG MILK CHOC,6,2011-01-28 10:28:00,2.95,12853.0,United Kingdom
542431,22934,BAKING MOULD EASTER EGG WHITE CHOC,6,2011-01-28 10:28:00,2.95,12853.0,United Kingdom
542431,22457,NATURAL SLATE HEART CHALKBOARD ,6,2011-01-28 10:28:00,2.95,12853.0,United Kingdom
542431,48138,DOORMAT UNION FLAG,4,2011-01-28 10:28:00,7.95,12853.0,United Kingdom
542431,20685,DOORMAT RED RETROSPOT,4,2011-01-28 10:28:00,7.95,12853.0,United Kingdom
542432,21523,DOORMAT FANCY FONT HOME SWEET HOME,4,2011-01-28 10:40:00,7.95,13538.0,United Kingdom
542432,21524,DOORMAT SPOTTY HOME SWEET HOME,10,2011-01-28 10:40:00,6.75,13538.0,United Kingdom
542432,48187,DOORMAT NEW ENGLAND,10,2011-01-28 10:40:00,6.75,13538.0,United Kingdom
542433,22613,PACK OF 20 SPACEBOY NAPKINS,24,2011-01-28 10:45:00,0.85,12726.0,France
542433,22908,PACK OF 20 NAPKINS RED APPLES,12,2011-01-28 10:45:00,0.85,12726.0,France
542433,22964,3 PIECE SPACEBOY COOKIE CUTTER SET,6,2011-01-28 10:45:00,2.1,12726.0,France
542433,22965,3 TRADITIONAl BISCUIT CUTTERS  SET,6,2011-01-28 10:45:00,2.1,12726.0,France
542433,84378,SET OF 3 HEART COOKIE CUTTERS,12,2011-01-28 10:45:00,1.25,12726.0,France
542433,84375,SET OF 20 KIDS COOKIE CUTTERS,12,2011-01-28 10:45:00,2.1,12726.0,France
542433,84380,SET OF 3 BUTTERFLY COOKIE CUTTERS,12,2011-01-28 10:45:00,1.25,12726.0,France
542433,22811,SET OF 6 T-LIGHTS CACTI ,18,2011-01-28 10:45:00,2.95,12726.0,France
542433,22560,TRADITIONAL MODELLING CLAY,24,2011-01-28 10:45:00,1.25,12726.0,France
542433,22440,BALLOON WATER BOMB PACK OF 35,20,2011-01-28 10:45:00,0.42,12726.0,France
542433,22531,MAGIC DRAWING SLATE CIRCUS PARADE  ,96,2011-01-28 10:45:00,0.42,12726.0,France
542433,21086,SET/6 RED SPOTTY PAPER CUPS,12,2011-01-28 10:45:00,0.65,12726.0,France
542433,21094,SET/6 RED SPOTTY PAPER PLATES,24,2011-01-28 10:45:00,0.85,12726.0,France
542433,21080,SET/20 RED RETROSPOT PAPER NAPKINS ,12,2011-01-28 10:45:00,0.85,12726.0,France
542433,21829,DINOSAUR KEYRINGS ASSORTED,36,2011-01-28 10:45:00,0.21,12726.0,France
542433,22550,HOLIDAY FUN LUDO,4,2011-01-28 10:45:00,3.75,12726.0,France
542433,21912,VINTAGE SNAKES & LADDERS,4,2011-01-28 10:45:00,3.75,12726.0,France
542433,22492,MINI PAINT SET VINTAGE ,72,2011-01-28 10:45:00,0.65,12726.0,France
542433,POST,POSTAGE,2,2011-01-28 10:45:00,18.0,12726.0,France
542434,20750,RED RETROSPOT MINI CASES,2,2011-01-28 10:47:00,7.95,16755.0,United Kingdom
542434,22147,FELTCRAFT BUTTERFLY HEARTS,12,2011-01-28 10:47:00,1.45,16755.0,United Kingdom
542434,21500,PINK POLKADOT WRAP ,25,2011-01-28 10:47:00,0.42,16755.0,United Kingdom
542434,21985,PACK OF 12 HEARTS DESIGN TISSUES ,48,2011-01-28 10:47:00,0.29,16755.0,United Kingdom
542434,22420,LIPSTICK PEN BABY PINK,12,2011-01-28 10:47:00,0.42,16755.0,United Kingdom
542434,21114,LAVENDER SCENTED FABRIC HEART,10,2011-01-28 10:47:00,1.25,16755.0,United Kingdom
542434,21313,GLASS HEART T-LIGHT HOLDER ,12,2011-01-28 10:47:00,0.85,16755.0,United Kingdom
542434,22645,CERAMIC HEART FAIRY CAKE MONEY BANK,12,2011-01-28 10:47:00,1.45,16755.0,United Kingdom
542434,22499,WOODEN UNION JACK BUNTING,6,2011-01-28 10:47:00,5.95,16755.0,United Kingdom
542434,22084,PAPER CHAIN KIT EMPIRE,6,2011-01-28 10:47:00,2.95,16755.0,United Kingdom
542434,21621,VINTAGE UNION JACK BUNTING,4,2011-01-28 10:47:00,8.5,16755.0,United Kingdom
542434,22326,ROUND SNACK BOXES SET OF4 WOODLAND ,6,2011-01-28 10:47:00,2.95,16755.0,United Kingdom
542434,22131,FOOD CONTAINER SET 3 LOVE HEART ,12,2011-01-28 10:47:00,1.95,16755.0,United Kingdom
542434,21733,RED HANGING HEART T-LIGHT HOLDER,6,2011-01-28 10:47:00,2.95,16755.0,United Kingdom
542434,85123A,WHITE HANGING HEART T-LIGHT HOLDER,12,2011-01-28 10:47:00,2.95,16755.0,United Kingdom
542434,22189,CREAM HEART CARD HOLDER,8,2011-01-28 10:47:00,3.95,16755.0,United Kingdom
542470,22197,SMALL POPCORN HOLDER,12,2011-01-28 11:27:00,0.85,14133.0,United Kingdom
542470,22988,SOLDIERS EGG CUP ,24,2011-01-28 11:27:00,1.25,14133.0,United Kingdom
542470,22971,QUEENS GUARD COFFEE MUG,6,2011-01-28 11:27:00,2.55,14133.0,United Kingdom
542470,22556,PLASTERS IN TIN CIRCUS PARADE ,12,2011-01-28 11:27:00,1.65,14133.0,United Kingdom
542470,22551,PLASTERS IN TIN SPACEBOY,12,2011-01-28 11:27:00,1.65,14133.0,United Kingdom
542470,22960,JAM MAKING SET WITH JARS,6,2011-01-28 11:27:00,4.25,14133.0,United Kingdom
542470,22961,JAM MAKING SET PRINTED,12,2011-01-28 11:27:00,1.45,14133.0,United Kingdom
542470,22963,JAM JAR WITH GREEN LID,12,2011-01-28 11:27:00,0.85,14133.0,United Kingdom
542470,22907,PACK OF 20 NAPKINS PANTRY DESIGN,12,2011-01-28 11:27:00,0.85,14133.0,United Kingdom
542470,22721,SET OF 3 CAKE TINS SKETCHBOOK,3,2011-01-28 11:27:00,4.95,14133.0,United Kingdom
542470,72760B,VINTAGE CREAM 3 BASKET CAKE STAND,2,2011-01-28 11:27:00,9.95,14133.0,United Kingdom
542470,22776,SWEETHEART CAKESTAND 3 TIER,2,2011-01-28 11:27:00,9.95,14133.0,United Kingdom
542470,22824,3 TIER SWEETHEART GARDEN SHELF,1,2011-01-28 11:27:00,35.95,14133.0,United Kingdom
542470,84970S,HANGING HEART ZINC T-LIGHT HOLDER,12,2011-01-28 11:27:00,0.85,14133.0,United Kingdom
542470,85123A,WHITE HANGING HEART T-LIGHT HOLDER,12,2011-01-28 11:27:00,2.95,14133.0,United Kingdom
542470,22938,CUPCAKE LACE PAPER SET 6,12,2011-01-28 11:27:00,1.95,14133.0,United Kingdom
542503,20724,RED RETROSPOT CHARLOTTE BAG,20,2011-01-28 11:58:00,0.85,16327.0,United Kingdom
542503,20723,STRAWBERRY CHARLOTTE BAG,10,2011-01-28 11:58:00,0.85,16327.0,United Kingdom
542503,22355,CHARLOTTE BAG SUKI DESIGN,20,2011-01-28 11:58:00,0.85,16327.0,United Kingdom
542503,20719,WOODLAND CHARLOTTE BAG,10,2011-01-28 11:58:00,0.85,16327.0,United Kingdom
542503,22379,RECYCLING BAG RETROSPOT ,25,2011-01-28 11:58:00,2.1,16327.0,United Kingdom
542503,22381,TOY TIDY PINK POLKADOT,20,2011-01-28 11:58:00,2.1,16327.0,United Kingdom
542503,84832,ZINC WILLIE WINKIE  CANDLE STICK,24,2011-01-28 11:58:00,0.85,16327.0,United Kingdom
542503,22175,PINK OWL SOFT TOY,6,2011-01-28 11:58:00,2.95,16327.0,United Kingdom
542503,22494,EMERGENCY FIRST AID TIN ,12,2011-01-28 11:58:00,1.25,16327.0,United Kingdom
542503,22219,LOVEBIRD HANGING DECORATION WHITE ,24,2011-01-28 11:58:00,0.85,16327.0,United Kingdom
542503,84879,ASSORTED COLOUR BIRD ORNAMENT,8,2011-01-28 11:58:00,1.69,16327.0,United Kingdom
542503,85061W,WHITE JEWELLED HEART DECORATION,24,2011-01-28 11:58:00,0.85,16327.0,United Kingdom
542503,85130D,BEADED CRYSTAL HEART PINK LARGE,12,2011-01-28 11:58:00,1.65,16327.0,United Kingdom
542503,84971S,SMALL HEART FLOWERS HOOK ,24,2011-01-28 11:58:00,0.85,16327.0,United Kingdom
542503,20728,LUNCH BAG CARS BLUE,10,2011-01-28 11:58:00,1.65,16327.0,United Kingdom
542503,22384,LUNCH BAG PINK POLKADOT,10,2011-01-28 11:58:00,1.65,16327.0,United Kingdom
542503,20725,LUNCH BAG RED RETROSPOT,10,2011-01-28 11:58:00,1.65,16327.0,United Kingdom
542503,20727,LUNCH BAG  BLACK SKULL.,10,2011-01-28 11:58:00,1.65,16327.0,United Kingdom
542503,22383,LUNCH BAG SUKI  DESIGN ,10,2011-01-28 11:58:00,1.65,16327.0,United Kingdom
542503,20726,LUNCH BAG WOODLAND,10,2011-01-28 11:58:00,1.65,16327.0,United Kingdom
542503,82600,NO SINGING METAL SIGN,12,2011-01-28 11:58:00,2.1,16327.0,United Kingdom
542503,82580,BATHROOM METAL SIGN,12,2011-01-28 11:58:00,0.55,16327.0,United Kingdom
542503,82581,TOILET METAL SIGN,12,2011-01-28 11:58:00,0.55,16327.0,United Kingdom
542503,35653,VINTAGE BEAD NOTEBOOK,6,2011-01-28 11:58:00,2.95,16327.0,United Kingdom
542503,21154,RED RETROSPOT OVEN GLOVE ,10,2011-01-28 11:58:00,1.25,16327.0,United Kingdom
542503,22666,RECIPE BOX PANTRY YELLOW DESIGN,6,2011-01-28 11:58:00,2.95,16327.0,United Kingdom
542503,22348,TEA BAG PLATE RED RETROSPOT,12,2011-01-28 11:58:00,0.85,16327.0,United Kingdom
542503,22863,SOAP DISH BROCANTE,8,2011-01-28 11:58:00,2.95,16327.0,United Kingdom
542503,84946,ANTIQUE SILVER TEA GLASS ETCHED,12,2011-01-28 11:58:00,1.25,16327.0,United Kingdom
542503,84978,HANGING HEART JAR T-LIGHT HOLDER,12,2011-01-28 11:58:00,1.25,16327.0,United Kingdom
542503,84970S,HANGING HEART ZINC T-LIGHT HOLDER,12,2011-01-28 11:58:00,0.85,16327.0,United Kingdom
542503,84945,MULTI COLOUR SILVER T-LIGHT HOLDER,24,2011-01-28 11:58:00,0.85,16327.0,United Kingdom
542503,21494,ROTATING LEAVES T-LIGHT HOLDER,12,2011-01-28 11:58:00,1.25,16327.0,United Kingdom
542503,22800,ANTIQUE TALL SWIRLGLASS TRINKET POT,4,2011-01-28 11:58:00,3.75,16327.0,United Kingdom
542503,22469,HEART OF WICKER SMALL,12,2011-01-28 11:58:00,1.65,16327.0,United Kingdom
542504,37413,,5568,2011-01-28 12:03:00,0.0,,United Kingdom
542505,79063D,,2560,2011-01-28 12:04:00,0.0,,United Kingdom
542506,48138,DOORMAT UNION FLAG,4,2011-01-28 12:06:00,7.95,16523.0,United Kingdom
542506,20685,DOORMAT RED RETROSPOT,4,2011-01-28 12:06:00,7.95,16523.0,United Kingdom
542506,21524,DOORMAT SPOTTY HOME SWEET HOME,4,2011-01-28 12:06:00,7.95,16523.0,United Kingdom
542506,22692,DOORMAT WELCOME TO OUR HOME,4,2011-01-28 12:06:00,7.95,16523.0,United Kingdom
542506,48187,DOORMAT NEW ENGLAND,4,2011-01-28 12:06:00,7.95,16523.0,United Kingdom
542506,48194,DOORMAT HEARTS,4,2011-01-28 12:06:00,7.95,16523.0,United Kingdom
542506,22934,BAKING MOULD EASTER EGG WHITE CHOC,6,2011-01-28 12:06:00,2.95,16523.0,United Kingdom
542506,22933,BAKING MOULD EASTER EGG MILK CHOC,6,2011-01-28 12:06:00,2.95,16523.0,United Kingdom
542506,22470,HEART OF WICKER LARGE,18,2011-01-28 12:06:00,2.95,16523.0,United Kingdom
542506,22896,PEG BAG APPLES DESIGN,12,2011-01-28 12:06:00,2.55,16523.0,United Kingdom
542506,22898,CHILDRENS APRON APPLES DESIGN,8,2011-01-28 12:06:00,1.95,16523.0,United Kingdom
542506,22847,BREAD BIN DINER STYLE IVORY,4,2011-01-28 12:06:00,14.95,16523.0,United Kingdom
542506,22848,BREAD BIN DINER STYLE PINK,4,2011-01-28 12:06:00,14.95,16523.0,United Kingdom
542506,22849,BREAD BIN DINER STYLE MINT,4,2011-01-28 12:06:00,14.95,16523.0,United Kingdom
542506,22730,ALARM CLOCK BAKELIKE IVORY,4,2011-01-28 12:06:00,3.75,16523.0,United Kingdom
542506,22624,IVORY KITCHEN SCALES,4,2011-01-28 12:06:00,8.5,16523.0,United Kingdom
542506,22626,BLACK KITCHEN SCALES,4,2011-01-28 12:06:00,8.5,16523.0,United Kingdom
542506,22627,MINT KITCHEN SCALES,2,2011-01-28 12:06:00,8.5,16523.0,United Kingdom
542506,22411,JUMBO SHOPPER VINTAGE RED PAISLEY,10,2011-01-28 12:06:00,1.95,16523.0,United Kingdom
542506,22386,JUMBO BAG PINK POLKADOT,10,2011-01-28 12:06:00,1.95,16523.0,United Kingdom
542506,22384,LUNCH BAG PINK POLKADOT,10,2011-01-28 12:06:00,1.65,16523.0,United Kingdom
542506,22383,LUNCH BAG SUKI  DESIGN ,10,2011-01-28 12:06:00,1.65,16523.0,United Kingdom
542506,22382,LUNCH BAG SPACEBOY DESIGN ,10,2011-01-28 12:06:00,1.65,16523.0,United Kingdom
542506,22193,RED DINER WALL CLOCK,2,2011-01-28 12:06:00,8.5,16523.0,United Kingdom
542506,22191,IVORY DINER WALL CLOCK,2,2011-01-28 12:06:00,8.5,16523.0,United Kingdom
542506,20728,LUNCH BAG CARS BLUE,10,2011-01-28 12:06:00,1.65,16523.0,United Kingdom
542507,20798,,5,2011-01-28 12:06:00,0.0,,United Kingdom
542508,37467,,136,2011-01-28 12:06:00,0.0,,United Kingdom
542509,85049B,,3,2011-01-28 12:07:00,0.0,,United Kingdom
542510,21667,,2,2011-01-28 12:07:00,0.0,,United Kingdom
542511,20712,JUMBO BAG WOODLAND ANIMALS,20,2011-01-28 12:07:00,1.95,15527.0,United Kingdom
542511,20726,LUNCH BAG WOODLAND,10,2011-01-28 12:07:00,1.65,15527.0,United Kingdom
542511,23232,WRAP VINTAGE PETALS  DESIGN,25,2011-01-28 12:07:00,0.42,15527.0,United Kingdom
542511,21340,CLASSIC METAL BIRDCAGE PLANT HOLDER,8,2011-01-28 12:07:00,9.95,15527.0,United Kingdom
542511,22423,REGENCY CAKESTAND 3 TIER,6,2011-01-28 12:07:00,12.75,15527.0,United Kingdom
542511,22777,GLASS CLOCHE LARGE,12,2011-01-28 12:07:00,7.65,15527.0,United Kingdom
542511,22977,DOLLY GIRL CHILDRENS EGG CUP,12,2011-01-28 12:07:00,1.25,15527.0,United Kingdom
542511,22975,SPACEBOY CHILDRENS EGG CUP,12,2011-01-28 12:07:00,1.25,15527.0,United Kingdom
542511,22988,SOLDIERS EGG CUP ,12,2011-01-28 12:07:00,1.25,15527.0,United Kingdom
542512,22830,,2,2011-01-28 12:07:00,0.0,,United Kingdom
542513,75013B,,2,2011-01-28 12:08:00,0.0,,United Kingdom
542514,22866,,1,2011-01-28 12:08:00,0.0,,United Kingdom
542515,35607A,,1,2011-01-28 12:08:00,0.0,,United Kingdom
542516,71477,,4,2011-01-28 12:08:00,0.0,,United Kingdom
542517,82484,WOOD BLACK BOARD ANT WHITE FINISH,96,2011-01-28 12:11:00,5.55,13694.0,United Kingdom
542517,22090,PAPER BUNTING RETROSPOT,40,2011-01-28 12:11:00,2.55,13694.0,United Kingdom
542517,22088,PAPER BUNTING COLOURED LACE,40,2011-01-28 12:11:00,2.55,13694.0,United Kingdom
542517,22089,PAPER BUNTING VINTAGE PAISLEY,40,2011-01-28 12:11:00,2.55,13694.0,United Kingdom
542517,47566,PARTY BUNTING,50,2011-01-28 12:11:00,3.75,13694.0,United Kingdom
542517,47566B,TEA TIME PARTY BUNTING,50,2011-01-28 12:11:00,3.75,13694.0,United Kingdom
542517,22897,OVEN MITT APPLES DESIGN,50,2011-01-28 12:11:00,1.25,13694.0,United Kingdom
542517,21733,RED HANGING HEART T-LIGHT HOLDER,96,2011-01-28 12:11:00,2.55,13694.0,United Kingdom
542518,22184,,-13,2011-01-28 12:17:00,0.0,,United Kingdom
542519,48187,DOORMAT NEW ENGLAND,10,2011-01-28 12:19:00,6.75,15159.0,United Kingdom
542519,20723,STRAWBERRY CHARLOTTE BAG,10,2011-01-28 12:19:00,0.85,15159.0,United Kingdom
542519,22661,CHARLOTTE BAG DOLLY GIRL DESIGN,10,2011-01-28 12:19:00,0.85,15159.0,United Kingdom
542519,22629,SPACEBOY LUNCH BOX ,12,2011-01-28 12:19:00,1.95,15159.0,United Kingdom
542519,22630,DOLLY GIRL LUNCH BOX,12,2011-01-28 12:19:00,1.95,15159.0,United Kingdom
542519,22964,3 PIECE SPACEBOY COOKIE CUTTER SET,6,2011-01-28 12:19:00,2.1,15159.0,United Kingdom
542519,22659,LUNCH BOX I LOVE LONDON,12,2011-01-28 12:19:00,1.95,15159.0,United Kingdom
542519,22727,ALARM CLOCK BAKELIKE RED ,8,2011-01-28 12:19:00,3.75,15159.0,United Kingdom
542519,22725,ALARM CLOCK BAKELIKE CHOCOLATE,8,2011-01-28 12:19:00,3.75,15159.0,United Kingdom
542519,22728,ALARM CLOCK BAKELIKE PINK,8,2011-01-28 12:19:00,3.75,15159.0,United Kingdom
542519,22729,ALARM CLOCK BAKELIKE ORANGE,8,2011-01-28 12:19:00,3.75,15159.0,United Kingdom
542519,82494L,WOODEN FRAME ANTIQUE WHITE ,12,2011-01-28 12:19:00,2.95,15159.0,United Kingdom
542519,82482,WOODEN PICTURE FRAME WHITE FINISH,12,2011-01-28 12:19:00,2.55,15159.0,United Kingdom
542519,82486,WOOD S/3 CABINET ANT WHITE FINISH,12,2011-01-28 12:19:00,6.95,15159.0,United Kingdom
542519,22974,CHILDRENS DOLLY GIRL MUG,12,2011-01-28 12:19:00,1.65,15159.0,United Kingdom
542519,22972,CHILDREN'S SPACEBOY MUG,12,2011-01-28 12:19:00,1.65,15159.0,United Kingdom
542519,22973,CHILDREN'S CIRCUS PARADE MUG,12,2011-01-28 12:19:00,1.65,15159.0,United Kingdom
542519,22631,CIRCUS PARADE LUNCH BOX ,12,2011-01-28 12:19:00,1.95,15159.0,United Kingdom
542519,22977,DOLLY GIRL CHILDRENS EGG CUP,12,2011-01-28 12:19:00,1.25,15159.0,United Kingdom
542519,22975,SPACEBOY CHILDRENS EGG CUP,12,2011-01-28 12:19:00,1.25,15159.0,United Kingdom
542519,22976,CIRCUS PARADE CHILDRENS EGG CUP ,12,2011-01-28 12:19:00,1.25,15159.0,United Kingdom
542520,21592,RETROSPOT CIGAR BOX MATCHES ,2,2011-01-28 12:21:00,1.25,15547.0,United Kingdom
542520,20754,RETROSPOT RED WASHING UP GLOVES,1,2011-01-28 12:21:00,2.1,15547.0,United Kingdom
542520,21035,SET/2 RED RETROSPOT TEA TOWELS ,2,2011-01-28 12:21:00,2.95,15547.0,United Kingdom
542520,21041,RED RETROSPOT OVEN GLOVE DOUBLE,1,2011-01-28 12:21:00,2.95,15547.0,United Kingdom
542520,84992,72 SWEETHEART FAIRY CAKE CASES,5,2011-01-28 12:21:00,0.55,15547.0,United Kingdom
542520,20846,ZINC HEART LATTICE T-LIGHT HOLDER,6,2011-01-28 12:21:00,1.25,15547.0,United Kingdom
542520,22470,HEART OF WICKER LARGE,2,2011-01-28 12:21:00,2.95,15547.0,United Kingdom
542520,20754,RETROSPOT RED WASHING UP GLOVES,3,2011-01-28 12:21:00,2.1,15547.0,United Kingdom
542520,21535,RED RETROSPOT SMALL MILK JUG,1,2011-01-28 12:21:00,2.55,15547.0,United Kingdom
542520,84992,72 SWEETHEART FAIRY CAKE CASES,2,2011-01-28 12:21:00,0.55,15547.0,United Kingdom
542520,21985,PACK OF 12 HEARTS DESIGN TISSUES ,24,2011-01-28 12:21:00,0.29,15547.0,United Kingdom
542520,22090,PAPER BUNTING RETROSPOT,1,2011-01-28 12:21:00,2.95,15547.0,United Kingdom
542520,22083,PAPER CHAIN KIT RETROSPOT,2,2011-01-28 12:21:00,2.95,15547.0,United Kingdom
542520,21733,RED HANGING HEART T-LIGHT HOLDER,5,2011-01-28 12:21:00,2.95,15547.0,United Kingdom
542520,22804,CANDLEHOLDER PINK HANGING HEART,3,2011-01-28 12:21:00,2.95,15547.0,United Kingdom
542520,85123A,WHITE HANGING HEART T-LIGHT HOLDER,5,2011-01-28 12:21:00,2.95,15547.0,United Kingdom
542520,17021,NAMASTE SWAGAT INCENSE,6,2011-01-28 12:21:00,0.3,15547.0,United Kingdom
542520,82600,NO SINGING METAL SIGN,2,2011-01-28 12:21:00,2.1,15547.0,United Kingdom
542520,21164,HOME SWEET HOME METAL SIGN ,1,2011-01-28 12:21:00,2.95,15547.0,United Kingdom
542520,21677,HEARTS  STICKERS,12,2011-01-28 12:21:00,0.85,15547.0,United Kingdom
542520,22333,RETROSPOT PARTY BAG + STICKER SET,2,2011-01-28 12:21:00,1.65,15547.0,United Kingdom
542520,21843,RED RETROSPOT CAKE STAND,1,2011-01-28 12:21:00,10.95,15547.0,United Kingdom
542520,21533,RETROSPOT LARGE MILK JUG,1,2011-01-28 12:21:00,4.95,15547.0,United Kingdom
542520,21527,RED RETROSPOT TRADITIONAL TEAPOT ,1,2011-01-28 12:21:00,7.95,15547.0,United Kingdom
542520,21121,SET/10 RED POLKADOT PARTY CANDLES,3,2011-01-28 12:21:00,1.25,15547.0,United Kingdom
542520,84945,MULTI COLOUR SILVER T-LIGHT HOLDER,12,2011-01-28 12:21:00,0.85,15547.0,United Kingdom
542520,85230E,STRAWBRY SCENTED VOTIVE CANDLE,24,2011-01-28 12:21:00,0.29,15547.0,United Kingdom
542520,22508,DOORSTOP RETROSPOT HEART,2,2011-01-28 12:21:00,3.75,15547.0,United Kingdom
542520,85231B,CINAMMON SET OF 9 T-LIGHTS,4,2011-01-28 12:21:00,0.85,15547.0,United Kingdom
542520,22318,FIVE HEART HANGING DECORATION,4,2011-01-28 12:21:00,2.95,15547.0,United Kingdom
542520,40003,WHITE BAMBOO RIBS LAMPSHADE,12,2011-01-28 12:21:00,1.25,15547.0,United Kingdom
542520,40001,WHITE BAMBOO RIBS LAMPSHADE,12,2011-01-28 12:21:00,0.85,15547.0,United Kingdom
542520,22796,PHOTO FRAME 3 CLASSIC HANGING,2,2011-01-28 12:21:00,9.95,15547.0,United Kingdom
542520,22768,FAMILY PHOTO FRAME CORNICE,1,2011-01-28 12:21:00,9.95,15547.0,United Kingdom
542521,22483,RED GINGHAM TEDDY BEAR ,2,2011-01-28 12:28:00,2.95,17965.0,United Kingdom
542521,22461,SAVOY ART DECO CLOCK,1,2011-01-28 12:28:00,12.75,17965.0,United Kingdom
542521,22193,RED DINER WALL CLOCK,1,2011-01-28 12:28:00,8.5,17965.0,United Kingdom
542521,22659,LUNCH BOX I LOVE LONDON,1,2011-01-28 12:28:00,1.95,17965.0,United Kingdom
542521,22631,CIRCUS PARADE LUNCH BOX ,1,2011-01-28 12:28:00,1.95,17965.0,United Kingdom
542521,22630,DOLLY GIRL LUNCH BOX,2,2011-01-28 12:28:00,1.95,17965.0,United Kingdom
542521,22327,ROUND SNACK BOXES SET OF 4 SKULLS,2,2011-01-28 12:28:00,2.95,17965.0,United Kingdom
542521,22328,ROUND SNACK BOXES SET OF 4 FRUITS ,3,2011-01-28 12:28:00,2.95,17965.0,United Kingdom
542521,22326,ROUND SNACK BOXES SET OF4 WOODLAND ,4,2011-01-28 12:28:00,2.95,17965.0,United Kingdom
542521,21985,PACK OF 12 HEARTS DESIGN TISSUES ,12,2011-01-28 12:28:00,0.29,17965.0,United Kingdom
542521,22352,LUNCH BOX WITH CUTLERY RETROSPOT ,6,2011-01-28 12:28:00,2.55,17965.0,United Kingdom
542521,22621,TRADITIONAL KNITTING NANCY,6,2011-01-28 12:28:00,1.45,17965.0,United Kingdom
542521,21563,RED HEART SHAPE LOVE BUCKET ,4,2011-01-28 12:28:00,2.95,17965.0,United Kingdom
542521,22113,GREY HEART HOT WATER BOTTLE,6,2011-01-28 12:28:00,3.75,17965.0,United Kingdom
542521,22469,HEART OF WICKER SMALL,6,2011-01-28 12:28:00,1.65,17965.0,United Kingdom
542521,22470,HEART OF WICKER LARGE,6,2011-01-28 12:28:00,2.95,17965.0,United Kingdom
542526,22617,BAKING SET SPACEBOY DESIGN,3,2011-01-28 12:43:00,4.95,14659.0,United Kingdom
542526,22586,FELTCRAFT HAIRBAND PINK AND BLUE,12,2011-01-28 12:43:00,0.85,14659.0,United Kingdom
542526,22566,FELTCRAFT HAIRBAND PINK AND PURPLE,12,2011-01-28 12:43:00,0.85,14659.0,United Kingdom
542526,22138,BAKING SET 9 PIECE RETROSPOT ,3,2011-01-28 12:43:00,4.95,14659.0,United Kingdom
542526,22505,MEMO BOARD COTTAGE DESIGN,4,2011-01-28 12:43:00,4.95,14659.0,United Kingdom
542526,20718,RED RETROSPOT SHOPPER BAG,10,2011-01-28 12:43:00,1.25,14659.0,United Kingdom
542526,48187,DOORMAT NEW ENGLAND,1,2011-01-28 12:43:00,7.95,14659.0,United Kingdom
542526,21524,DOORMAT SPOTTY HOME SWEET HOME,1,2011-01-28 12:43:00,7.95,14659.0,United Kingdom
542526,22405,MONEY BOX POCKET MONEY DESIGN,4,2011-01-28 12:43:00,1.25,14659.0,United Kingdom
542526,22410,MONEY BOX HOUSEKEEPING DESIGN,4,2011-01-28 12:43:00,1.25,14659.0,United Kingdom
542526,21389,IVORY HANGING DECORATION  BIRD,24,2011-01-28 12:43:00,0.85,14659.0,United Kingdom
542526,22296,HEART IVORY TRELLIS LARGE,12,2011-01-28 12:43:00,1.65,14659.0,United Kingdom
542526,21386,IVORY HANGING DECORATION  EGG,24,2011-01-28 12:43:00,0.85,14659.0,United Kingdom
542526,22241,GARLAND WOODEN HAPPY EASTER,12,2011-01-28 12:43:00,1.25,14659.0,United Kingdom
542526,85062,PEARL CRYSTAL PUMPKIN T-LIGHT HLDR,6,2011-01-28 12:43:00,1.65,14659.0,United Kingdom
542526,22796,PHOTO FRAME 3 CLASSIC HANGING,2,2011-01-28 12:43:00,9.95,14659.0,United Kingdom
542526,84884A,ANT WHITE WIRE HEART SPIRAL,5,2011-01-28 12:43:00,3.95,14659.0,United Kingdom
542526,21790,VINTAGE SNAP CARDS,12,2011-01-28 12:43:00,0.85,14659.0,United Kingdom
542526,22548,HEADS AND TAILS SPORTING FUN,4,2011-01-28 12:43:00,1.25,14659.0,United Kingdom
542526,22662,LUNCH BAG DOLLY GIRL DESIGN,10,2011-01-28 12:43:00,1.65,14659.0,United Kingdom
542526,20971,PINK BLUE FELT CRAFT TRINKET BOX,6,2011-01-28 12:43:00,1.25,14659.0,United Kingdom
542526,20972,PINK CREAM FELT CRAFT TRINKET BOX ,6,2011-01-28 12:43:00,1.25,14659.0,United Kingdom
542526,84879,ASSORTED COLOUR BIRD ORNAMENT,8,2011-01-28 12:43:00,1.69,14659.0,United Kingdom
542526,84459B,YELLOW METAL CHICKEN HEART ,5,2011-01-28 12:43:00,1.49,14659.0,United Kingdom
542526,22291,HANGING CHICK CREAM DECORATION,12,2011-01-28 12:43:00,1.45,14659.0,United Kingdom
542526,22382,LUNCH BAG SPACEBOY DESIGN ,10,2011-01-28 12:43:00,1.65,14659.0,United Kingdom
542526,84997C,BLUE 3 PIECE POLKADOT CUTLERY SET,6,2011-01-28 12:43:00,3.75,14659.0,United Kingdom
542526,84997D,PINK 3 PIECE POLKADOT CUTLERY SET,6,2011-01-28 12:43:00,3.75,14659.0,United Kingdom
542526,21928,JUMBO BAG SCANDINAVIAN PAISLEY,10,2011-01-28 12:43:00,1.95,14659.0,United Kingdom
542526,21900,"KEY FOB , SHED",10,2011-01-28 12:43:00,0.65,14659.0,United Kingdom
542526,21899,"KEY FOB , GARAGE DESIGN",10,2011-01-28 12:43:00,0.65,14659.0,United Kingdom
542526,22457,NATURAL SLATE HEART CHALKBOARD ,4,2011-01-28 12:43:00,2.95,14659.0,United Kingdom
542526,85014B,RED RETROSPOT UMBRELLA,2,2011-01-28 12:43:00,5.95,14659.0,United Kingdom
542526,22666,RECIPE BOX PANTRY YELLOW DESIGN,4,2011-01-28 12:43:00,2.95,14659.0,United Kingdom
542526,22667,RECIPE BOX RETROSPOT ,4,2011-01-28 12:43:00,2.95,14659.0,United Kingdom
542526,22720,SET OF 3 CAKE TINS PANTRY DESIGN ,4,2011-01-28 12:43:00,4.95,14659.0,United Kingdom
542526,22784,LANTERN CREAM GAZEBO ,3,2011-01-28 12:43:00,4.95,14659.0,United Kingdom
542526,22423,REGENCY CAKESTAND 3 TIER,2,2011-01-28 12:43:00,12.75,14659.0,United Kingdom
542526,22784,LANTERN CREAM GAZEBO ,1,2011-01-28 12:43:00,4.95,14659.0,United Kingdom
542526,22798,ANTIQUE GLASS DRESSING TABLE POT,4,2011-01-28 12:43:00,2.95,14659.0,United Kingdom
542526,22507,MEMO BOARD RETROSPOT  DESIGN,1,2011-01-28 12:43:00,4.95,14659.0,United Kingdom
542526,84218,BOX/12 CHICK & EGG IN BASKET,1,2011-01-28 12:43:00,1.95,14659.0,United Kingdom
542526,85188A,GREEN METAL SWINGING BUNNY,10,2011-01-28 12:43:00,0.85,14659.0,United Kingdom
542526,85188B,PINK METAL SWINGING BUNNY,10,2011-01-28 12:43:00,0.85,14659.0,United Kingdom
542526,21458,2 PICTURE BOOK EGGS EASTER BUNNY,6,2011-01-28 12:43:00,1.25,14659.0,United Kingdom
542526,21457,2 PICTURE BOOK EGGS EASTER DUCKS,6,2011-01-28 12:43:00,1.25,14659.0,United Kingdom
542526,21717,EASTER TIN BUCKET,2,2011-01-28 12:43:00,2.55,14659.0,United Kingdom
542526,22749,FELTCRAFT PRINCESS CHARLOTTE DOLL,1,2011-01-28 12:43:00,3.75,14659.0,United Kingdom
542526,22750,FELTCRAFT PRINCESS LOLA DOLL,1,2011-01-28 12:43:00,3.75,14659.0,United Kingdom
542526,22469,HEART OF WICKER SMALL,3,2011-01-28 12:43:00,1.65,14659.0,United Kingdom
542527,22710,WRAP I LOVE LONDON ,50,2011-01-28 12:48:00,0.42,17188.0,United Kingdom
542527,21498,RED RETROSPOT WRAP ,50,2011-01-28 12:48:00,0.42,17188.0,United Kingdom
542527,22937,BAKING MOULD CHOCOLATE CUPCAKES,12,2011-01-28 12:48:00,2.55,17188.0,United Kingdom
542527,22930,BAKING MOULD HEART MILK CHOCOLATE,6,2011-01-28 12:48:00,2.55,17188.0,United Kingdom
542527,22931,BAKING MOULD HEART WHITE CHOCOLATE,6,2011-01-28 12:48:00,2.55,17188.0,United Kingdom
542527,22822,CREAM WALL PLANTER HEART SHAPED,4,2011-01-28 12:48:00,5.95,17188.0,United Kingdom
542527,22776,SWEETHEART CAKESTAND 3 TIER,12,2011-01-28 12:48:00,8.5,17188.0,United Kingdom
542527,22799,SWEETHEART WIRE FRUIT BOWL,4,2011-01-28 12:48:00,8.5,17188.0,United Kingdom
542527,22170,PICTURE FRAME WOOD TRIPLE PORTRAIT,4,2011-01-28 12:48:00,6.75,17188.0,United Kingdom
542527,22169,FAMILY ALBUM WHITE PICTURE FRAME,2,2011-01-28 12:48:00,8.5,17188.0,United Kingdom
542527,22697,GREEN REGENCY TEACUP AND SAUCER,24,2011-01-28 12:48:00,2.55,17188.0,United Kingdom
542527,22558,CLOTHES PEGS RETROSPOT PACK 24 ,12,2011-01-28 12:48:00,1.49,17188.0,United Kingdom
542527,22895,SET OF 2 TEA TOWELS APPLE AND PEARS,6,2011-01-28 12:48:00,2.95,17188.0,United Kingdom
542527,84378,SET OF 3 HEART COOKIE CUTTERS,12,2011-01-28 12:48:00,1.25,17188.0,United Kingdom
542527,22911,PAPER CHAIN KIT LONDON,6,2011-01-28 12:48:00,2.95,17188.0,United Kingdom
542527,22971,QUEENS GUARD COFFEE MUG,6,2011-01-28 12:48:00,2.55,17188.0,United Kingdom
542527,22970,LONDON BUS COFFEE MUG,6,2011-01-28 12:48:00,2.55,17188.0,United Kingdom
542527,22988,SOLDIERS EGG CUP ,24,2011-01-28 12:48:00,1.25,17188.0,United Kingdom
542527,85059,FRENCH ENAMEL WATER BASIN,8,2011-01-28 12:48:00,1.25,17188.0,United Kingdom
542527,85054,FRENCH ENAMEL POT W LID,12,2011-01-28 12:48:00,1.25,17188.0,United Kingdom
542528,22352,LUNCH BOX WITH CUTLERY RETROSPOT ,6,2011-01-28 13:04:00,2.55,13141.0,United Kingdom
542528,21558,SKULL LUNCH BOX WITH CUTLERY ,6,2011-01-28 13:04:00,2.55,13141.0,United Kingdom
542528,21559,STRAWBERRY LUNCH BOX WITH CUTLERY,12,2011-01-28 13:04:00,2.55,13141.0,United Kingdom
542528,21561,DINOSAUR LUNCH BOX WITH CUTLERY,6,2011-01-28 13:04:00,2.55,13141.0,United Kingdom
542528,22629,SPACEBOY LUNCH BOX ,12,2011-01-28 13:04:00,1.95,13141.0,United Kingdom
542528,22630,DOLLY GIRL LUNCH BOX,12,2011-01-28 13:04:00,1.95,13141.0,United Kingdom
542528,20981,12 PENCILS TALL TUBE WOODLAND,12,2011-01-28 13:04:00,0.85,13141.0,United Kingdom
542528,22491,PACK OF 12 COLOURED PENCILS,12,2011-01-28 13:04:00,0.85,13141.0,United Kingdom
542528,22423,REGENCY CAKESTAND 3 TIER,2,2011-01-28 13:04:00,12.75,13141.0,United Kingdom
542528,22029,SPACEBOY BIRTHDAY CARD,12,2011-01-28 13:04:00,0.42,13141.0,United Kingdom
542528,22037,ROBOT BIRTHDAY CARD,12,2011-01-28 13:04:00,0.42,13141.0,United Kingdom
542528,22035,VINTAGE CARAVAN GREETING CARD ,12,2011-01-28 13:04:00,0.42,13141.0,United Kingdom
542528,22045,SPACEBOY GIFT WRAP,25,2011-01-28 13:04:00,0.42,13141.0,United Kingdom
542528,22708,WRAP DOLLY GIRL,25,2011-01-28 13:04:00,0.42,13141.0,United Kingdom
542528,22753,SMALL YELLOW BABUSHKA NOTEBOOK ,12,2011-01-28 13:04:00,0.85,13141.0,United Kingdom
542529,DCGS0055,,-1,2011-01-28 13:08:00,0.0,,United Kingdom
542530,51014A,"FEATHER PEN,HOT PINK",12,2011-01-28 13:08:00,0.85,15365.0,United Kingdom
542530,22752,SET 7 BABUSHKA NESTING BOXES,2,2011-01-28 13:08:00,8.5,15365.0,United Kingdom
542530,20679,EDWARDIAN PARASOL RED,3,2011-01-28 13:08:00,5.95,15365.0,United Kingdom
542530,22072,RED RETROSPOT TEA CUP AND SAUCER ,8,2011-01-28 13:08:00,3.75,15365.0,United Kingdom
542530,21355,TOAST ITS - I LOVE YOU ,12,2011-01-28 13:08:00,1.25,15365.0,United Kingdom
542530,22303,COFFEE MUG APPLES DESIGN,6,2011-01-28 13:08:00,2.55,15365.0,United Kingdom
542530,22727,ALARM CLOCK BAKELIKE RED ,4,2011-01-28 13:08:00,3.75,15365.0,United Kingdom
542530,22726,ALARM CLOCK BAKELIKE GREEN,4,2011-01-28 13:08:00,3.75,15365.0,United Kingdom
542530,22729,ALARM CLOCK BAKELIKE ORANGE,4,2011-01-28 13:08:00,3.75,15365.0,United Kingdom
542530,85123A,WHITE HANGING HEART T-LIGHT HOLDER,6,2011-01-28 13:08:00,2.95,15365.0,United Kingdom
542530,21136,PAINTED METAL PEARS ASSORTED,8,2011-01-28 13:08:00,1.69,15365.0,United Kingdom
542530,84879,ASSORTED COLOUR BIRD ORNAMENT,16,2011-01-28 13:08:00,1.69,15365.0,United Kingdom
542531,DCGS0072,,-1,2011-01-28 13:08:00,0.0,,United Kingdom
542532,DCGS0074,,-1,2011-01-28 13:09:00,0.0,,United Kingdom
542533,22781,GUMBALL MAGAZINE RACK,12,2011-01-28 13:18:00,6.75,16019.0,United Kingdom
542533,79321,CHILLI LIGHTS,4,2011-01-28 13:18:00,4.95,16019.0,United Kingdom
542534,21914,BLUE HARMONICA IN BOX ,12,2011-01-28 13:27:00,1.25,13707.0,United Kingdom
542534,21915,RED  HARMONICA IN BOX ,12,2011-01-28 13:27:00,1.25,13707.0,United Kingdom
542534,22620,4 TRADITIONAL SPINNING TOPS,12,2011-01-28 13:27:00,1.25,13707.0,United Kingdom
542534,22139,RETROSPOT TEA SET CERAMIC 11 PC ,3,2011-01-28 13:27:00,4.95,13707.0,United Kingdom
542534,22801,ANTIQUE GLASS PEDESTAL BOWL,4,2011-01-28 13:27:00,3.75,13707.0,United Kingdom
542534,22138,BAKING SET 9 PIECE RETROSPOT ,3,2011-01-28 13:27:00,4.95,13707.0,United Kingdom
542534,22617,BAKING SET SPACEBOY DESIGN,3,2011-01-28 13:27:00,4.95,13707.0,United Kingdom
542534,72225C,LAVENDER SCENT CAKE CANDLE,24,2011-01-28 13:27:00,0.29,13707.0,United Kingdom
542534,22499,WOODEN UNION JACK BUNTING,3,2011-01-28 13:27:00,5.95,13707.0,United Kingdom
542534,21621,VINTAGE UNION JACK BUNTING,2,2011-01-28 13:27:00,8.5,13707.0,United Kingdom
542534,22498,WOODEN REGATTA BUNTING,3,2011-01-28 13:27:00,5.95,13707.0,United Kingdom
542534,21624,VINTAGE UNION JACK DOORSTOP,3,2011-01-28 13:27:00,5.95,13707.0,United Kingdom
542534,21411,GINGHAM HEART  DOORSTOP RED,3,2011-01-28 13:27:00,4.25,13707.0,United Kingdom
542534,22693,GROW A FLYTRAP OR SUNFLOWER IN TIN,48,2011-01-28 13:27:00,1.25,13707.0,United Kingdom
542534,22442,GROW YOUR OWN FLOWERS SET OF 3,2,2011-01-28 13:27:00,7.95,13707.0,United Kingdom
542534,22443,GROW YOUR OWN HERBS SET OF 3,2,2011-01-28 13:27:00,7.95,13707.0,United Kingdom
542534,22605,WOODEN CROQUET GARDEN SET,3,2011-01-28 13:27:00,14.95,13707.0,United Kingdom
542534,85034B,3 WHITE CHOC MORRIS BOXED CANDLES,4,2011-01-28 13:27:00,4.25,13707.0,United Kingdom
542534,72807C,SET/3 VANILLA SCENTED CANDLE IN BOX,4,2011-01-28 13:27:00,4.25,13707.0,United Kingdom
542534,72807A,SET/3 ROSE CANDLE IN JEWELLED BOX,4,2011-01-28 13:27:00,4.25,13707.0,United Kingdom
542534,72802A,ROSE SCENT CANDLE IN JEWELLED BOX,6,2011-01-28 13:27:00,4.25,13707.0,United Kingdom
542534,72802B,OCEAN SCENT CANDLE IN JEWELLED BOX,6,2011-01-28 13:27:00,4.25,13707.0,United Kingdom
542534,72802C,VANILLA SCENT CANDLE JEWELLED BOX,6,2011-01-28 13:27:00,4.25,13707.0,United Kingdom
542534,72741,GRAND CHOCOLATECANDLE,9,2011-01-28 13:27:00,1.45,13707.0,United Kingdom
542534,20886,BOX OF 9 PEBBLE CANDLES,6,2011-01-28 13:27:00,1.95,13707.0,United Kingdom
542534,20931,BLUE POT PLANT CANDLE ,4,2011-01-28 13:27:00,3.75,13707.0,United Kingdom
542534,20932,PINK POT PLANT CANDLE,4,2011-01-28 13:27:00,3.75,13707.0,United Kingdom
542534,20934,SET/3 POT PLANT CANDLES,2,2011-01-28 13:27:00,5.45,13707.0,United Kingdom
542534,22969,HOMEMADE JAM SCENTED CANDLES,12,2011-01-28 13:27:00,1.45,13707.0,United Kingdom
542534,71459,HANGING JAM JAR T-LIGHT HOLDER,12,2011-01-28 13:27:00,0.85,13707.0,United Kingdom
542534,21415,CLAM SHELL SMALL ,6,2011-01-28 13:27:00,2.1,13707.0,United Kingdom
542534,22835,HOT WATER BOTTLE I AM SO POORLY,4,2011-01-28 13:27:00,4.65,13707.0,United Kingdom
542535,21054,NURSE'S BAG SOFT TOY,5,2011-01-28 13:37:00,8.95,12735.0,France
542535,21055,TOOL BOX SOFT TOY ,5,2011-01-28 13:37:00,8.95,12735.0,France
542535,21056,DOCTOR'S BAG SOFT TOY,5,2011-01-28 13:37:00,8.95,12735.0,France
542535,22502,PICNIC BASKET WICKER SMALL,4,2011-01-28 13:37:00,5.95,12735.0,France
542535,22139,RETROSPOT TEA SET CERAMIC 11 PC ,3,2011-01-28 13:37:00,4.95,12735.0,France
542535,21888,BINGO SET,4,2011-01-28 13:37:00,3.75,12735.0,France
542535,22550,HOLIDAY FUN LUDO,4,2011-01-28 13:37:00,3.75,12735.0,France
542535,22620,4 TRADITIONAL SPINNING TOPS,12,2011-01-28 13:37:00,1.25,12735.0,France
542535,20681,PINK POLKADOT CHILDRENS UMBRELLA,6,2011-01-28 13:37:00,3.25,12735.0,France
542535,20750,RED RETROSPOT MINI CASES,2,2011-01-28 13:37:00,7.95,12735.0,France
542535,22661,CHARLOTTE BAG DOLLY GIRL DESIGN,10,2011-01-28 13:37:00,0.85,12735.0,France
542535,22355,CHARLOTTE BAG SUKI DESIGN,10,2011-01-28 13:37:00,0.85,12735.0,France
542535,22356,CHARLOTTE BAG PINK POLKADOT,10,2011-01-28 13:37:00,0.85,12735.0,France
542535,20719,WOODLAND CHARLOTTE BAG,10,2011-01-28 13:37:00,0.85,12735.0,France
542535,22605,WOODEN CROQUET GARDEN SET,2,2011-01-28 13:37:00,14.95,12735.0,France
542535,22607,WOODEN ROUNDERS GARDEN SET ,2,2011-01-28 13:37:00,9.95,12735.0,France
542535,21259,VICTORIAN SEWING BOX SMALL ,2,2011-01-28 13:37:00,5.95,12735.0,France
542535,22635,CHILDS BREAKFAST SET DOLLY GIRL ,2,2011-01-28 13:37:00,9.95,12735.0,France
542535,22634,CHILDS BREAKFAST SET SPACEBOY ,2,2011-01-28 13:37:00,9.95,12735.0,France
542535,22636,CHILDS BREAKFAST SET CIRCUS PARADE,2,2011-01-28 13:37:00,8.5,12735.0,France
542535,POST,POSTAGE,3,2011-01-28 13:37:00,18.0,12735.0,France
542536,21212,PACK OF 72 RETROSPOT CAKE CASES,15,2011-01-28 13:37:00,2.08,,United Kingdom
542536,21215,IVORY PAPER CUP CAKE CASES ,4,2011-01-28 13:37:00,1.25,,United Kingdom
542536,21238,RED RETROSPOT CUP,2,2011-01-28 13:37:00,1.63,,United Kingdom
542536,21239,PINK  POLKADOT CUP,2,2011-01-28 13:37:00,1.63,,United Kingdom
542536,21240,BLUE POLKADOT CUP,4,2011-01-28 13:37:00,1.63,,United Kingdom
542536,21242,RED RETROSPOT PLATE ,5,2011-01-28 13:37:00,3.29,,United Kingdom
542536,21243,PINK  POLKADOT PLATE ,3,2011-01-28 13:37:00,3.29,,United Kingdom
542536,21244,BLUE POLKADOT PLATE ,4,2011-01-28 13:37:00,3.29,,United Kingdom
542536,21327,SKULLS WRITING SET ,3,2011-01-28 13:37:00,2.46,,United Kingdom
542536,21479,WHITE SKULL HOT WATER BOTTLE ,1,2011-01-28 13:37:00,8.29,,United Kingdom
542536,21484,CHICK GREY HOT WATER BOTTLE,1,2011-01-28 13:37:00,8.29,,United Kingdom
542536,21485,RETROSPOT HEART HOT WATER BOTTLE,1,2011-01-28 13:37:00,7.46,,United Kingdom
542536,21523,DOORMAT FANCY FONT HOME SWEET HOME,1,2011-01-28 13:37:00,16.63,,United Kingdom
542536,21621,VINTAGE UNION JACK BUNTING,3,2011-01-28 13:37:00,12.46,,United Kingdom
542536,21669,BLUE STRIPE CERAMIC DRAWER KNOB,2,2011-01-28 13:37:00,2.46,,United Kingdom
542536,21672,WHITE SPOT RED CERAMIC DRAWER KNOB,2,2011-01-28 13:37:00,2.46,,United Kingdom
542536,21673,WHITE SPOT BLUE CERAMIC DRAWER KNOB,1,2011-01-28 13:37:00,2.46,,United Kingdom
542536,21864,UNION JACK FLAG PASSPORT COVER ,3,2011-01-28 13:37:00,4.13,,United Kingdom
542536,21866,UNION JACK FLAG LUGGAGE TAG,2,2011-01-28 13:37:00,3.29,,United Kingdom
542536,21929,JUMBO BAG PINK VINTAGE PAISLEY,5,2011-01-28 13:37:00,4.13,,United Kingdom
542536,21929,JUMBO BAG PINK VINTAGE PAISLEY,3,2011-01-28 13:37:00,4.96,,United Kingdom
542536,21930,JUMBO STORAGE BAG SKULLS,3,2011-01-28 13:37:00,4.96,,United Kingdom
542536,21931,JUMBO STORAGE BAG SUKI,8,2011-01-28 13:37:00,4.96,,United Kingdom
542536,21934,SKULL SHOULDER BAG,4,2011-01-28 13:37:00,3.29,,United Kingdom
542536,21989,PACK OF 20 SKULL PAPER NAPKINS,5,2011-01-28 13:37:00,1.63,,United Kingdom
542536,22077,6 RIBBONS RUSTIC CHARM,3,2011-01-28 13:37:00,4.13,,United Kingdom
542536,22083,PAPER CHAIN KIT RETROSPOT,1,2011-01-28 13:37:00,6.63,,United Kingdom
542536,22088,PAPER BUNTING COLOURED LACE,1,2011-01-28 13:37:00,4.13,,United Kingdom
542536,22089,PAPER BUNTING VINTAGE PAISLEY,2,2011-01-28 13:37:00,4.13,,United Kingdom
542536,22110,BIRD HOUSE HOT WATER BOTTLE,1,2011-01-28 13:37:00,7.46,,United Kingdom
542536,22111,SCOTTIE DOG HOT WATER BOTTLE,1,2011-01-28 13:37:00,12.46,,United Kingdom
542536,22112,CHOCOLATE HOT WATER BOTTLE,3,2011-01-28 13:37:00,12.46,,United Kingdom
542536,22150,3 STRIPEY MICE FELTCRAFT,1,2011-01-28 13:37:00,4.96,,United Kingdom
542536,22326,ROUND SNACK BOXES SET OF4 WOODLAND ,2,2011-01-28 13:37:00,6.63,,United Kingdom
542536,22328,ROUND SNACK BOXES SET OF 4 FRUITS ,3,2011-01-28 13:37:00,4.13,,United Kingdom
542536,22355,CHARLOTTE BAG SUKI DESIGN,64,2011-01-28 13:37:00,2.46,,United Kingdom
542536,22367,CHILDRENS APRON SPACEBOY DESIGN,2,2011-01-28 13:37:00,4.96,,United Kingdom
542536,22382,LUNCH BAG SPACEBOY DESIGN ,2,2011-01-28 13:37:00,4.13,,United Kingdom
542536,22384,LUNCH BAG PINK POLKADOT,1,2011-01-28 13:37:00,4.96,,United Kingdom
542536,22411,JUMBO SHOPPER VINTAGE RED PAISLEY,11,2011-01-28 13:37:00,4.96,,United Kingdom
542536,22417,PACK OF 60 SPACEBOY CAKE CASES,1,2011-01-28 13:37:00,2.08,,United Kingdom
542536,22423,REGENCY CAKESTAND 3 TIER,3,2011-01-28 13:37:00,24.96,,United Kingdom
542536,22426,ENAMEL WASH BOWL CREAM,1,2011-01-28 13:37:00,8.29,,United Kingdom
542536,22499,WOODEN UNION JACK BUNTING,1,2011-01-28 13:37:00,8.29,,United Kingdom
542536,22631,CIRCUS PARADE LUNCH BOX ,1,2011-01-28 13:37:00,3.29,,United Kingdom
542536,22637,PIGGY BANK RETROSPOT ,3,2011-01-28 13:37:00,5.79,,United Kingdom
542536,22646,CERAMIC STRAWBERRY CAKE MONEY BANK,3,2011-01-28 13:37:00,4.13,,United Kingdom
542536,22652,TRAVEL SEWING KIT,1,2011-01-28 13:37:00,4.13,,United Kingdom
542536,22725,ALARM CLOCK BAKELIKE CHOCOLATE,3,2011-01-28 13:37:00,8.29,,United Kingdom
542536,22728,ALARM CLOCK BAKELIKE PINK,2,2011-01-28 13:37:00,8.29,,United Kingdom
542536,22729,ALARM CLOCK BAKELIKE ORANGE,2,2011-01-28 13:37:00,8.29,,United Kingdom
542536,35970,ZINC FOLKART SLEIGH BELLS,2,2011-01-28 13:37:00,4.13,,United Kingdom
542536,47559b,TEA TIME OVEN GLOVE,2,2011-01-28 13:37:00,3.29,,United Kingdom
542536,47566,PARTY BUNTING,3,2011-01-28 13:37:00,10.79,,United Kingdom
542536,47580,TEA TIME DES TEA COSY,1,2011-01-28 13:37:00,5.79,,United Kingdom
542536,48187,DOORMAT NEW ENGLAND,2,2011-01-28 13:37:00,12.46,,United Kingdom
542536,84029G,KNITTED UNION FLAG HOT WATER BOTTLE,2,2011-01-28 13:37:00,8.29,,United Kingdom
542536,84030e,ENGLISH ROSE HOT WATER BOTTLE,1,2011-01-28 13:37:00,8.29,,United Kingdom
542536,84031A,CHARLIE+LOLA RED HOT WATER BOTTLE ,2,2011-01-28 13:37:00,9.13,,United Kingdom
542536,84380,SET OF 3 BUTTERFLY COOKIE CUTTERS,5,2011-01-28 13:37:00,3.29,,United Kingdom
542536,84692,BOX OF 24 COCKTAIL PARASOLS,6,2011-01-28 13:37:00,1.63,,United Kingdom
542536,84991,60 TEATIME FAIRY CAKE CASES,2,2011-01-28 13:37:00,1.25,,United Kingdom
542536,20675,BLUE POLKADOT BOWL,5,2011-01-28 13:37:00,2.46,,United Kingdom
542536,20676,RED RETROSPOT BOWL,8,2011-01-28 13:37:00,2.46,,United Kingdom
542536,20677,PINK POLKADOT BOWL,2,2011-01-28 13:37:00,2.46,,United Kingdom
542536,20717,STRAWBERRY SHOPPER BAG,4,2011-01-28 13:37:00,2.46,,United Kingdom
542536,20719,WOODLAND CHARLOTTE BAG,3,2011-01-28 13:37:00,2.46,,United Kingdom
542536,20723,STRAWBERRY CHARLOTTE BAG,12,2011-01-28 13:37:00,2.46,,United Kingdom
542536,20724,RED RETROSPOT CHARLOTTE BAG,19,2011-01-28 13:37:00,2.46,,United Kingdom
542536,20727,LUNCH BAG  BLACK SKULL.,10,2011-01-28 13:37:00,4.96,,United Kingdom
542536,20728,LUNCH BAG CARS BLUE,7,2011-01-28 13:37:00,4.13,,United Kingdom
542536,20734,SILVER MINI TAPE MEASURE ,28,2011-01-28 13:37:00,1.63,,United Kingdom
542538,22384,LUNCH BAG PINK POLKADOT,10,2011-01-28 13:54:00,1.65,15079.0,United Kingdom
542538,22662,LUNCH BAG DOLLY GIRL DESIGN,10,2011-01-28 13:54:00,1.65,15079.0,United Kingdom
542538,20725,LUNCH BAG RED RETROSPOT,10,2011-01-28 13:54:00,1.65,15079.0,United Kingdom
542538,22383,LUNCH BAG SUKI  DESIGN ,10,2011-01-28 13:54:00,1.65,15079.0,United Kingdom
542538,22907,PACK OF 20 NAPKINS PANTRY DESIGN,12,2011-01-28 13:54:00,0.85,15079.0,United Kingdom
542538,85123A,WHITE HANGING HEART T-LIGHT HOLDER,32,2011-01-28 13:54:00,2.55,15079.0,United Kingdom
542538,22303,COFFEE MUG APPLES DESIGN,6,2011-01-28 13:54:00,2.55,15079.0,United Kingdom
542538,22302,COFFEE MUG PEARS  DESIGN,6,2011-01-28 13:54:00,2.55,15079.0,United Kingdom
542538,22930,BAKING MOULD HEART MILK CHOCOLATE,6,2011-01-28 13:54:00,2.55,15079.0,United Kingdom
542538,22937,BAKING MOULD CHOCOLATE CUPCAKES,6,2011-01-28 13:54:00,2.55,15079.0,United Kingdom
542538,22931,BAKING MOULD HEART WHITE CHOCOLATE,6,2011-01-28 13:54:00,2.55,15079.0,United Kingdom
542538,22457,NATURAL SLATE HEART CHALKBOARD ,6,2011-01-28 13:54:00,2.95,15079.0,United Kingdom
542538,22488,NATURAL SLATE RECTANGLE CHALKBOARD,12,2011-01-28 13:54:00,1.65,15079.0,United Kingdom
542538,22916,HERB MARKER THYME,12,2011-01-28 13:54:00,0.65,15079.0,United Kingdom
542538,22918,HERB MARKER PARSLEY,12,2011-01-28 13:54:00,0.65,15079.0,United Kingdom
542538,22920,HERB MARKER BASIL,12,2011-01-28 13:54:00,0.65,15079.0,United Kingdom
542538,22917,HERB MARKER ROSEMARY,12,2011-01-28 13:54:00,0.65,15079.0,United Kingdom
542538,22921,HERB MARKER CHIVES ,12,2011-01-28 13:54:00,0.65,15079.0,United Kingdom
542538,22919,HERB MARKER MINT,12,2011-01-28 13:54:00,0.65,15079.0,United Kingdom
542538,22915,ASSORTED BOTTLE TOP  MAGNETS ,12,2011-01-28 13:54:00,0.42,15079.0,United Kingdom
542538,22922,FRIDGE MAGNETS US DINER ASSORTED,12,2011-01-28 13:54:00,0.85,15079.0,United Kingdom
542538,22835,HOT WATER BOTTLE I AM SO POORLY,4,2011-01-28 13:54:00,4.65,15079.0,United Kingdom
542538,22112,CHOCOLATE HOT WATER BOTTLE,3,2011-01-28 13:54:00,4.95,15079.0,United Kingdom
C542537,22654,DELUXE SEWING KIT ,-1,2011-01-28 13:54:00,5.95,12501.0,Germany
C542537,22138,BAKING SET 9 PIECE RETROSPOT ,-1,2011-01-28 13:54:00,4.95,12501.0,Germany
C542537,22892,SET OF SALT AND PEPPER TOADSTOOLS,-3,2011-01-28 13:54:00,1.25,12501.0,Germany
C542537,21041,RED RETROSPOT OVEN GLOVE DOUBLE,-1,2011-01-28 13:54:00,2.95,12501.0,Germany
C542537,22352,LUNCH BOX WITH CUTLERY RETROSPOT ,-1,2011-01-28 13:54:00,2.55,12501.0,Germany
C542537,22195,LARGE HEART MEASURING SPOONS,-1,2011-01-28 13:54:00,1.65,12501.0,Germany
C542537,21121,SET/10 RED POLKADOT PARTY CANDLES,-24,2011-01-28 13:54:00,1.25,12501.0,Germany
C542537,21918,SET 12 KIDS COLOUR  CHALK STICKS,-12,2011-01-28 13:54:00,0.42,12501.0,Germany
C542537,21917,SET 12 KIDS  WHITE CHALK STICKS,-12,2011-01-28 13:54:00,0.42,12501.0,Germany
C542537,22558,CLOTHES PEGS RETROSPOT PACK 24 ,-2,2011-01-28 13:54:00,1.49,12501.0,Germany
C542537,21216,"SET 3 RETROSPOT TEA,COFFEE,SUGAR",-3,2011-01-28 13:54:00,4.95,12501.0,Germany
C542539,22567,20 DOLLY PEGS RETROSPOT,-12,2011-01-28 14:07:00,1.25,14229.0,United Kingdom
C542539,22423,REGENCY CAKESTAND 3 TIER,-7,2011-01-28 14:07:00,10.95,14229.0,United Kingdom
C542540,POST,POSTAGE,-1,2011-01-28 14:20:00,4.41,,United Kingdom
C542540,DOT,DOTCOM POSTAGE,-1,2011-01-28 14:20:00,3.29,,United Kingdom
C542540,21658,GLASS  BEURRE DISH,-1,2011-01-28 14:20:00,8.29,,United Kingdom
542541,84970L,SINGLE HEART ZINC T-LIGHT HOLDER,1,2011-01-28 14:25:00,2.08,,United Kingdom
542541,84970S,HANGING HEART ZINC T-LIGHT HOLDER,8,2011-01-28 14:25:00,2.08,,United Kingdom
542541,84987,SET OF 36 TEATIME PAPER DOILIES,1,2011-01-28 14:25:00,2.92,,United Kingdom
542541,84988,SET OF 72 PINK HEART PAPER DOILIES,2,2011-01-28 14:25:00,2.92,,United Kingdom
542541,84991,60 TEATIME FAIRY CAKE CASES,1,2011-01-28 14:25:00,1.25,,United Kingdom
542541,84992,72 SWEETHEART FAIRY CAKE CASES,1,2011-01-28 14:25:00,1.25,,United Kingdom
542541,84997B,RED 3 PIECE RETROSPOT CUTLERY SET,2,2011-01-28 14:25:00,7.46,,United Kingdom
542541,85026B,EAU DE NILE JEWELLED T-LIGHT HOLDER,3,2011-01-28 14:25:00,1.63,,United Kingdom
542541,85034C,3 ROSE MORRIS BOXED CANDLES,1,2011-01-28 14:25:00,8.29,,United Kingdom
542541,85039A,SET/4 RED MINI ROSE CANDLE IN BOWL,1,2011-01-28 14:25:00,1.63,,United Kingdom
542541,85093,CANDY SPOT EGG WARMER HARE,1,2011-01-28 14:25:00,2.46,,United Kingdom
542541,85094,CANDY SPOT EGG WARMER RABBIT,1,2011-01-28 14:25:00,2.46,,United Kingdom
542541,15036,ASSORTED COLOURS SILK FAN,1,2011-01-28 14:25:00,1.25,,United Kingdom
542541,15060B,FAIRY CAKE DESIGN UMBRELLA,1,2011-01-28 14:25:00,8.29,,United Kingdom
542541,17012F,ORIGAMI SANDLEWOOD INCENSE/CAND SET,1,2011-01-28 14:25:00,2.46,,United Kingdom
542541,20685,DOORMAT RED RETROSPOT,1,2011-01-28 14:25:00,7.46,,United Kingdom
542541,20719,WOODLAND CHARLOTTE BAG,2,2011-01-28 14:25:00,1.63,,United Kingdom
542541,20724,RED RETROSPOT CHARLOTTE BAG,3,2011-01-28 14:25:00,1.63,,United Kingdom
542541,20733,GOLD MINI TAPE MEASURE ,1,2011-01-28 14:25:00,0.83,,United Kingdom
542541,20754,RETROSPOT RED WASHING UP GLOVES,1,2011-01-28 14:25:00,4.13,,United Kingdom
542541,20886,BOX OF 9 PEBBLE CANDLES,1,2011-01-28 14:25:00,4.13,,United Kingdom
542541,20966,SANDWICH BATH SPONGE,2,2011-01-28 14:25:00,2.46,,United Kingdom
542541,20974,12 PENCILS SMALL TUBE SKULL,7,2011-01-28 14:25:00,1.25,,United Kingdom
542541,20975,12 PENCILS SMALL TUBE RED RETROSPOT,23,2011-01-28 14:25:00,1.25,,United Kingdom
542541,21002,ROSE DU SUD DRAWSTRING BAG,1,2011-01-28 14:25:00,3.29,,United Kingdom
542541,21033,JUMBO BAG CHARLIE AND LOLA TOYS,1,2011-01-28 14:25:00,5.79,,United Kingdom
542541,21108,FAIRY CAKE FLANNEL ASSORTED COLOUR,1,2011-01-28 14:25:00,4.96,,United Kingdom
542541,21128,GOLD FISHING GNOME,1,2011-01-28 14:25:00,12.46,,United Kingdom
542541,21212,PACK OF 72 RETROSPOT CAKE CASES,1,2011-01-28 14:25:00,1.25,,United Kingdom
542541,21213,PACK OF 72 SKULL CAKE CASES,1,2011-01-28 14:25:00,1.25,,United Kingdom
542541,21216,"SET 3 RETROSPOT TEA,COFFEE,SUGAR",1,2011-01-28 14:25:00,10.79,,United Kingdom
542541,21218,RED SPOTTY BISCUIT TIN,1,2011-01-28 14:25:00,8.29,,United Kingdom
542541,85099B,JUMBO BAG RED RETROSPOT,1,2011-01-28 14:25:00,4.13,,United Kingdom
542541,85099C,JUMBO  BAG BAROQUE BLACK WHITE,1,2011-01-28 14:25:00,4.13,,United Kingdom
542541,85123A,WHITE HANGING HEART T-LIGHT HOLDER,1,2011-01-28 14:25:00,5.79,,United Kingdom
542541,85131A,BEADED PEARL HEART WHITE ON STICK,2,2011-01-28 14:25:00,0.83,,United Kingdom
542541,85131D,BEADED CRYSTAL HEART PINK ON STICK,1,2011-01-28 14:25:00,0.83,,United Kingdom
542541,90012A,MIDNIGHT BLUE DROP CRYSTAL NECKLACE,1,2011-01-28 14:25:00,9.98,,United Kingdom
542541,90019B,GOLD M.O.P ORBIT BRACELET,1,2011-01-28 14:25:00,5.4,,United Kingdom
542541,90115,SUMMER BUTTERFLIES BAG CHARM,1,2011-01-28 14:25:00,2.46,,United Kingdom
542541,90120C,GREEN MURANO TWIST BRACELET,1,2011-01-28 14:25:00,4.15,,United Kingdom
542541,90141A,GREEN PENDANT TRIPLE SHELL NECKLACE,1,2011-01-28 14:25:00,5.4,,United Kingdom
542541,90183A,AMBER DROP EARRINGS W LONG BEADS,1,2011-01-28 14:25:00,2.9,,United Kingdom
542541,90183C,BLACK DROP EARRINGS W LONG BEADS,1,2011-01-28 14:25:00,2.9,,United Kingdom
542541,90185A,AMBER DIAMANTE EXPANDABLE RING,1,2011-01-28 14:25:00,4.15,,United Kingdom
542541,90185C,BLACK DIAMANTE EXPANDABLE RING,1,2011-01-28 14:25:00,4.15,,United Kingdom
542541,90190C,SILVER/AMETHYST DROP EARRINGS LEAF,1,2011-01-28 14:25:00,2.9,,United Kingdom
542541,DCGS0069,OOH LA LA DOGS COLLAR,1,2011-01-28 14:25:00,15.79,,United Kingdom
542541,DOT,DOTCOM POSTAGE,1,2011-01-28 14:25:00,223.89,,United Kingdom
542541,21238,RED RETROSPOT CUP,1,2011-01-28 14:25:00,1.63,,United Kingdom
542541,21239,PINK  POLKADOT CUP,2,2011-01-28 14:25:00,1.63,,United Kingdom
542541,21240,BLUE POLKADOT CUP,1,2011-01-28 14:25:00,1.63,,United Kingdom
542541,21262,WHITE GOOSE FEATHER CHRISTMAS TREE ,1,2011-01-28 14:25:00,7.46,,United Kingdom
542541,21313,GLASS HEART T-LIGHT HOLDER ,4,2011-01-28 14:25:00,1.63,,United Kingdom
542541,21354,TOAST ITS - BEST MUM,1,2011-01-28 14:25:00,2.46,,United Kingdom
542541,21355,TOAST ITS - I LOVE YOU ,1,2011-01-28 14:25:00,2.46,,United Kingdom
542541,21367,MIRRORED WALL ART GENTS,1,2011-01-28 14:25:00,4.96,,United Kingdom
542541,21368,MIRRORED WALL ART LADIES,1,2011-01-28 14:25:00,4.96,,United Kingdom
542541,21372,MIRRORED WALL ART TABLE LAMP,1,2011-01-28 14:25:00,5.79,,United Kingdom
542541,21382,SET/4 SPRING FLOWER DECORATION,2,2011-01-28 14:25:00,5.79,,United Kingdom
542541,21385,IVORY HANGING DECORATION  HEART,1,2011-01-28 14:25:00,1.63,,United Kingdom
542541,21447,12 IVORY ROSE PEG PLACE SETTINGS,1,2011-01-28 14:25:00,2.46,,United Kingdom
542541,21454,PAINTED PINK RABBIT ,1,2011-01-28 14:25:00,1.63,,United Kingdom
542541,21479,WHITE SKULL HOT WATER BOTTLE ,1,2011-01-28 14:25:00,7.46,,United Kingdom
542541,21504,SKULLS GREETING CARD,1,2011-01-28 14:25:00,0.83,,United Kingdom
542541,21656,RIDGED GLASS POSY VASE ,5,2011-01-28 14:25:00,3.29,,United Kingdom
542541,21658,GLASS  BEURRE DISH,1,2011-01-28 14:25:00,8.29,,United Kingdom
542541,21673,WHITE SPOT BLUE CERAMIC DRAWER KNOB,10,2011-01-28 14:25:00,2.46,,United Kingdom
542541,21677,HEARTS  STICKERS,1,2011-01-28 14:25:00,1.63,,United Kingdom
542541,21754,HOME BUILDING BLOCK WORD,2,2011-01-28 14:25:00,11.63,,United Kingdom
542541,21755,LOVE BUILDING BLOCK WORD,2,2011-01-28 14:25:00,11.63,,United Kingdom
542541,21773,DECORATIVE ROSE BATHROOM BOTTLE,5,2011-01-28 14:25:00,2.46,,United Kingdom
542541,21774,DECORATIVE CATS BATHROOM BOTTLE,3,2011-01-28 14:25:00,2.46,,United Kingdom
542541,21775,DECORATIVE FLORE BATHROOM BOTTLE,2,2011-01-28 14:25:00,2.46,,United Kingdom
542541,21801,CHRISTMAS TREE DECORATION WITH BELL,2,2011-01-28 14:25:00,0.42,,United Kingdom
542541,21877,HOME SWEET HOME MUG,1,2011-01-28 14:25:00,3.29,,United Kingdom
542541,21880,RED RETROSPOT TAPE,4,2011-01-28 14:25:00,0.42,,United Kingdom
542541,21906,PHARMACIE FIRST AID TIN,1,2011-01-28 14:25:00,13.29,,United Kingdom
542541,21908,CHOCOLATE THIS WAY METAL SIGN,1,2011-01-28 14:25:00,4.13,,United Kingdom
542541,21931,JUMBO STORAGE BAG SUKI,1,2011-01-28 14:25:00,4.13,,United Kingdom
542541,21934,SKULL SHOULDER BAG,2,2011-01-28 14:25:00,3.29,,United Kingdom
542541,21942,SKULLS DESIGN FLANNEL,1,2011-01-28 14:25:00,1.63,,United Kingdom
542541,21947,SET OF 6 HEART CHOPSTICKS,2,2011-01-28 14:25:00,2.46,,United Kingdom
542541,21967,PACK OF 12 SKULL TISSUES,1,2011-01-28 14:25:00,0.83,,United Kingdom
542541,21974,SET OF 36 PAISLEY FLOWER DOILIES,1,2011-01-28 14:25:00,2.92,,United Kingdom
542541,21985,PACK OF 12 HEARTS DESIGN TISSUES ,1,2011-01-28 14:25:00,0.83,,United Kingdom
542541,21990,MODERN FLORAL STATIONERY SET,1,2011-01-28 14:25:00,2.46,,United Kingdom
542541,21992,VINTAGE PAISLEY STATIONERY SET,3,2011-01-28 14:25:00,2.46,,United Kingdom
542541,22077,6 RIBBONS RUSTIC CHARM,1,2011-01-28 14:25:00,3.29,,United Kingdom
542541,22079,RIBBON REEL HEARTS DESIGN ,1,2011-01-28 14:25:00,3.29,,United Kingdom
542541,22083,PAPER CHAIN KIT RETROSPOT,1,2011-01-28 14:25:00,5.79,,United Kingdom
542541,22090,PAPER BUNTING RETROSPOT,2,2011-01-28 14:25:00,5.79,,United Kingdom
542541,22107,PIZZA PLATE IN BOX,1,2011-01-28 14:25:00,7.46,,United Kingdom
542541,22109,FULL ENGLISH BREAKFAST PLATE,1,2011-01-28 14:25:00,7.46,,United Kingdom
542541,22120,WELCOME  WOODEN BLOCK LETTERS,1,2011-01-28 14:25:00,19.96,,United Kingdom
542541,22124,SET OF 2 TEA TOWELS PING MICROWAVE,1,2011-01-28 14:25:00,2.46,,United Kingdom
542541,22131,FOOD CONTAINER SET 3 LOVE HEART ,1,2011-01-28 14:25:00,4.13,,United Kingdom
542541,22135,MINI LADLE LOVE HEART PINK,1,2011-01-28 14:25:00,0.83,,United Kingdom
542541,22148,EASTER CRAFT 4 CHICKS ,3,2011-01-28 14:25:00,4.13,,United Kingdom
542541,22149,FELTCRAFT 6 FLOWER FRIENDS,1,2011-01-28 14:25:00,4.13,,United Kingdom
542541,22161,HEART DECORATION RUSTIC HANGING ,2,2011-01-28 14:25:00,0.79,,United Kingdom
542541,22162,HEART GARLAND RUSTIC PADDED,2,2011-01-28 14:25:00,3.29,,United Kingdom
542541,22167, OVAL WALL MIRROR DIAMANTE ,1,2011-01-28 14:25:00,8.29,,United Kingdom
542541,22173,METAL 4 HOOK HANGER FRENCH CHATEAU,1,2011-01-28 14:25:00,5.79,,United Kingdom
542541,22178,VICTORIAN GLASS HANGING T-LIGHT,25,2011-01-28 14:25:00,2.46,,United Kingdom
542541,22215,CAKE STAND WHITE TWO TIER LACE,1,2011-01-28 14:25:00,16.63,,United Kingdom
542541,22219,LOVEBIRD HANGING DECORATION WHITE ,1,2011-01-28 14:25:00,1.63,,United Kingdom
542541,22229,BUNNY WOODEN PAINTED WITH FLOWER ,2,2011-01-28 14:25:00,1.63,,United Kingdom
542541,22241,GARLAND WOODEN HAPPY EASTER,3,2011-01-28 14:25:00,2.46,,United Kingdom
542541,22247,BUNNY DECORATION MAGIC GARDEN,1,2011-01-28 14:25:00,1.63,,United Kingdom
542541,22250,DECORATION  BUTTERFLY  MAGIC GARDEN,1,2011-01-28 14:25:00,1.63,,United Kingdom
542541,22268,EASTER DECORATION SITTING BUNNY,1,2011-01-28 14:25:00,1.63,,United Kingdom
542541,22270,HAPPY EASTER HANGING DECORATION,2,2011-01-28 14:25:00,7.46,,United Kingdom
542541,22273,FELTCRAFT DOLL MOLLY,1,2011-01-28 14:25:00,5.79,,United Kingdom
542541,22281,EASTER TREE YELLOW BIRDS,1,2011-01-28 14:25:00,12.46,,United Kingdom
542541,22297,HEART IVORY TRELLIS SMALL,1,2011-01-28 14:25:00,2.46,,United Kingdom
542541,22310,IVORY KNITTED MUG COSY ,4,2011-01-28 14:25:00,3.29,,United Kingdom
542541,22314,OFFICE MUG WARMER CHOC+BLUE,1,2011-01-28 14:25:00,5.79,,United Kingdom
542541,22315,200 RED + WHITE BENDY STRAWS,1,2011-01-28 14:25:00,2.46,,United Kingdom
542541,22321,BIRD DECORATION RED RETROSPOT,1,2011-01-28 14:25:00,1.63,,United Kingdom
542541,22322,BIRD DECORATION GREEN POLKADOT,1,2011-01-28 14:25:00,1.63,,United Kingdom
542541,22331,WOODLAND PARTY BAG + STICKER SET,1,2011-01-28 14:25:00,3.29,,United Kingdom
542541,22358,KINGS CHOICE TEA CADDY ,1,2011-01-28 14:25:00,5.79,,United Kingdom
542541,22361,GLASS JAR DAISY FRESH COTTON WOOL,2,2011-01-28 14:25:00,5.79,,United Kingdom
542541,22366,DOORMAT AIRMAIL ,1,2011-01-28 14:25:00,14.13,,United Kingdom
542541,22379,RECYCLING BAG RETROSPOT ,1,2011-01-28 14:25:00,4.13,,United Kingdom
542541,22409,MONEY BOX BISCUITS DESIGN,1,2011-01-28 14:25:00,2.46,,United Kingdom
542541,22426,ENAMEL WASH BOWL CREAM,1,2011-01-28 14:25:00,7.46,,United Kingdom
542541,22427,ENAMEL FLOWER JUG CREAM,1,2011-01-28 14:25:00,11.63,,United Kingdom
542541,22429,ENAMEL MEASURING JUG CREAM,1,2011-01-28 14:25:00,8.29,,United Kingdom
542541,22460,EMBOSSED GLASS TEALIGHT HOLDER,15,2011-01-28 14:25:00,2.46,,United Kingdom
542541,22464,HANGING METAL HEART LANTERN,5,2011-01-28 14:25:00,3.29,,United Kingdom
542541,22485,SET OF 2 WOODEN MARKET CRATES,1,2011-01-28 14:25:00,24.96,,United Kingdom
542541,22498,WOODEN REGATTA BUNTING,1,2011-01-28 14:25:00,12.46,,United Kingdom
542541,22553,PLASTERS IN TIN SKULLS,1,2011-01-28 14:25:00,3.29,,United Kingdom
542541,22665,RECIPE BOX BLUE SKETCHBOOK DESIGN,1,2011-01-28 14:25:00,5.79,,United Kingdom
542541,22668,PINK BABY BUNTING,2,2011-01-28 14:25:00,5.79,,United Kingdom
542541,22694,WICKER STAR ,2,2011-01-28 14:25:00,4.13,,United Kingdom
542541,22720,SET OF 3 CAKE TINS PANTRY DESIGN ,1,2011-01-28 14:25:00,10.79,,United Kingdom
542541,22726,ALARM CLOCK BAKELIKE GREEN,1,2011-01-28 14:25:00,7.46,,United Kingdom
542541,22751,FELTCRAFT PRINCESS OLIVIA DOLL,1,2011-01-28 14:25:00,7.46,,United Kingdom
542541,22752,SET 7 BABUSHKA NESTING BOXES,1,2011-01-28 14:25:00,16.63,,United Kingdom
542541,22762,CUPBOARD 3 DRAWER MA CAMPAGNE,1,2011-01-28 14:25:00,29.17,,United Kingdom
542541,22778,GLASS CLOCHE SMALL,1,2011-01-28 14:25:00,8.29,,United Kingdom
542541,22792,FLUTED ANTIQUE CANDLE HOLDER,4,2011-01-28 14:25:00,1.63,,United Kingdom
542541,22795,SWEETHEART RECIPE BOOK STAND,1,2011-01-28 14:25:00,13.29,,United Kingdom
542541,22796,PHOTO FRAME 3 CLASSIC HANGING,1,2011-01-28 14:25:00,20.79,,United Kingdom
542541,22831,WHITE BROCANTE SOAP DISH,1,2011-01-28 14:25:00,5.79,,United Kingdom
542541,22906,12 MESSAGE CARDS WITH ENVELOPES,1,2011-01-28 14:25:00,3.29,,United Kingdom
542541,35809A,ENAMEL PINK TEA CONTAINER,3,2011-01-28 14:25:00,4.13,,United Kingdom
542541,35810A,ENAMEL PINK COFFEE CONTAINER,1,2011-01-28 14:25:00,4.13,,United Kingdom
542541,35961,FOLKART ZINC HEART CHRISTMAS DEC,1,2011-01-28 14:25:00,1.63,,United Kingdom
542541,37448,CERAMIC CAKE DESIGN SPOTTED MUG,3,2011-01-28 14:25:00,3.29,,United Kingdom
542541,46776C,WOVEN FROST CUSHION COVER,2,2011-01-28 14:25:00,4.13,,United Kingdom
542541,47367B,PAIR PADDED HANGERS PINK CHECK,1,2011-01-28 14:25:00,3.29,,United Kingdom
542541,47590A,BLUE HAPPY BIRTHDAY BUNTING,1,2011-01-28 14:25:00,10.79,,United Kingdom
542541,47591B,SCOTTIES CHILDRENS APRON,2,2011-01-28 14:25:00,1.63,,United Kingdom
542541,47599A,PINK PARTY BAGS,2,2011-01-28 14:25:00,4.13,,United Kingdom
542541,47599B,BLUE PARTY BAGS ,2,2011-01-28 14:25:00,4.13,,United Kingdom
542541,48184,DOORMAT ENGLISH ROSE ,1,2011-01-28 14:25:00,14.13,,United Kingdom
542541,48194,DOORMAT HEARTS,1,2011-01-28 14:25:00,14.13,,United Kingdom
542541,71279,PINK GLASS CANDLEHOLDER,2,2011-01-28 14:25:00,5.79,,United Kingdom
542541,72800E,4 IVORY DINNER CANDLES SILVER FLOCK,1,2011-01-28 14:25:00,3.29,,United Kingdom
542541,72807A,SET/3 ROSE CANDLE IN JEWELLED BOX,1,2011-01-28 14:25:00,8.29,,United Kingdom
542541,79000,MOROCCAN TEA GLASS,3,2011-01-28 14:25:00,1.65,,United Kingdom
542541,79030D,"TUMBLER, BAROQUE",1,2011-01-28 14:25:00,12.46,,United Kingdom
542541,82551,LAUNDRY 15C METAL SIGN,3,2011-01-28 14:25:00,2.46,,United Kingdom
542541,82552,WASHROOM METAL SIGN,1,2011-01-28 14:25:00,2.46,,United Kingdom
542541,82581,TOILET METAL SIGN,1,2011-01-28 14:25:00,1.25,,United Kingdom
542541,82582,AREA PATROLLED METAL SIGN,1,2011-01-28 14:25:00,4.13,,United Kingdom
542541,84375,SET OF 20 KIDS COOKIE CUTTERS,1,2011-01-28 14:25:00,4.13,,United Kingdom
542541,84520B,PACK 20 ENGLISH ROSE PAPER NAPKINS,2,2011-01-28 14:25:00,1.63,,United Kingdom
542541,84631,FRUIT TREE AND BIRDS WALL PLAQUE,1,2011-01-28 14:25:00,15.79,,United Kingdom
542541,84661B,BLACK SQUARE TABLE CLOCK,1,2011-01-28 14:25:00,4.96,,United Kingdom
542541,84879,ASSORTED COLOUR BIRD ORNAMENT,8,2011-01-28 14:25:00,3.12,,United Kingdom
542541,84946,ANTIQUE SILVER TEA GLASS ETCHED,4,2011-01-28 14:25:00,2.46,,United Kingdom
542541,84949,SILVER HANGING T-LIGHT HOLDER,4,2011-01-28 14:25:00,3.29,,United Kingdom
542541,84969,BOX OF 6 ASSORTED COLOUR TEASPOONS,2,2011-01-28 14:25:00,3.29,,United Kingdom
542542,21115,ROSE CARAVAN DOORSTOP,4,2011-01-28 14:37:00,6.75,12431.0,Australia
542542,21524,DOORMAT SPOTTY HOME SWEET HOME,2,2011-01-28 14:37:00,7.95,12431.0,Australia
542542,22785,SQUARECUSHION COVER PINK UNION FLAG,4,2011-01-28 14:37:00,6.75,12431.0,Australia
542542,22786,CUSHION COVER PINK UNION JACK,4,2011-01-28 14:37:00,5.95,12431.0,Australia
542542,22192,BLUE DINER WALL CLOCK,4,2011-01-28 14:37:00,8.5,12431.0,Australia
542542,22193,RED DINER WALL CLOCK,4,2011-01-28 14:37:00,8.5,12431.0,Australia
542542,22191,IVORY DINER WALL CLOCK,4,2011-01-28 14:37:00,8.5,12431.0,Australia
542542,22726,ALARM CLOCK BAKELIKE GREEN,4,2011-01-28 14:37:00,3.75,12431.0,Australia
542542,22727,ALARM CLOCK BAKELIKE RED ,4,2011-01-28 14:37:00,3.75,12431.0,Australia
542542,22728,ALARM CLOCK BAKELIKE PINK,4,2011-01-28 14:37:00,3.75,12431.0,Australia
542542,22729,ALARM CLOCK BAKELIKE ORANGE,4,2011-01-28 14:37:00,3.75,12431.0,Australia
542542,22730,ALARM CLOCK BAKELIKE IVORY,4,2011-01-28 14:37:00,3.75,12431.0,Australia
542542,84988,SET OF 72 PINK HEART PAPER DOILIES,12,2011-01-28 14:37:00,1.45,12431.0,Australia
542542,22194,BLACK DINER WALL CLOCK,2,2011-01-28 14:37:00,8.5,12431.0,Australia
542542,21243,PINK  POLKADOT PLATE ,8,2011-01-28 14:37:00,1.69,12431.0,Australia
542542,21242,RED RETROSPOT PLATE ,8,2011-01-28 14:37:00,1.69,12431.0,Australia
542542,21245,GREEN POLKADOT PLATE ,8,2011-01-28 14:37:00,1.69,12431.0,Australia
542542,21244,BLUE POLKADOT PLATE ,8,2011-01-28 14:37:00,1.69,12431.0,Australia
542542,22467,GUMBALL COAT RACK,6,2011-01-28 14:37:00,2.55,12431.0,Australia
542542,21094,SET/6 RED SPOTTY PAPER PLATES,12,2011-01-28 14:37:00,0.85,12431.0,Australia
542543,22193,RED DINER WALL CLOCK,2,2011-01-28 14:42:00,8.5,13141.0,United Kingdom
542543,22403,MAGNETS PACK OF 4 VINTAGE LABELS ,12,2011-01-28 14:42:00,1.25,13141.0,United Kingdom
542543,22960,JAM MAKING SET WITH JARS,6,2011-01-28 14:42:00,4.25,13141.0,United Kingdom
542543,22720,SET OF 3 CAKE TINS PANTRY DESIGN ,3,2011-01-28 14:42:00,4.95,13141.0,United Kingdom
542543,22697,GREEN REGENCY TEACUP AND SAUCER,6,2011-01-28 14:42:00,2.95,13141.0,United Kingdom
542543,22699,ROSES REGENCY TEACUP AND SAUCER ,6,2011-01-28 14:42:00,2.95,13141.0,United Kingdom
542543,22423,REGENCY CAKESTAND 3 TIER,2,2011-01-28 14:42:00,12.75,13141.0,United Kingdom
542543,84978,HANGING HEART JAR T-LIGHT HOLDER,12,2011-01-28 14:42:00,1.25,13141.0,United Kingdom
542543,85062,PEARL CRYSTAL PUMPKIN T-LIGHT HLDR,12,2011-01-28 14:42:00,1.65,13141.0,United Kingdom
542543,22789,T-LIGHT HOLDER SWEETHEART HANGING,8,2011-01-28 14:42:00,1.95,13141.0,United Kingdom
542543,22150,3 STRIPEY MICE FELTCRAFT,12,2011-01-28 14:42:00,1.95,13141.0,United Kingdom
542543,22148,EASTER CRAFT 4 CHICKS ,12,2011-01-28 14:42:00,1.95,13141.0,United Kingdom
542543,22149,FELTCRAFT 6 FLOWER FRIENDS,6,2011-01-28 14:42:00,2.1,13141.0,United Kingdom
542543,22457,NATURAL SLATE HEART CHALKBOARD ,12,2011-01-28 14:42:00,2.95,13141.0,United Kingdom
542543,22301,COFFEE MUG CAT + BIRD DESIGN,6,2011-01-28 14:42:00,2.55,13141.0,United Kingdom
542543,22300,COFFEE MUG DOG + BALL DESIGN,6,2011-01-28 14:42:00,2.55,13141.0,United Kingdom
542544,17165D,,-10,2011-01-28 14:43:00,0.0,,United Kingdom
542545,17165D,,9,2011-01-28 14:44:00,0.0,,United Kingdom
542546,20734,,-1,2011-01-28 14:44:00,0.0,,United Kingdom
542547,20864,,-1,2011-01-28 14:45:00,0.0,,United Kingdom
542548,20892,,-1,2011-01-28 14:45:00,0.0,,United Kingdom
542549,22611,VINTAGE UNION JACK SHOPPING BAG,4,2011-01-28 14:45:00,4.95,15696.0,United Kingdom
542550,20910,,-1,2011-01-28 14:45:00,0.0,,United Kingdom
542551,21282,,-1,2011-01-28 14:46:00,0.0,,United Kingdom
542552,21645,,-1,2011-01-28 14:47:00,0.0,,United Kingdom
542553,21805,,-1,2011-01-28 14:49:00,0.0,,United Kingdom
542554,21836,,-1,2011-01-28 14:49:00,0.0,,United Kingdom
542555,21841,,-1,2011-01-28 14:50:00,0.0,,United Kingdom
542556,22143,,-1,2011-01-28 14:50:00,0.0,,United Kingdom
542557,22765,,-1,2011-01-28 14:50:00,0.0,,United Kingdom
542558,35644,,-1,2011-01-28 14:51:00,0.0,,United Kingdom
542559,35991,,-1,2011-01-28 14:51:00,0.0,,United Kingdom
542560,47579,,-1,2011-01-28 14:51:00,0.0,,United Kingdom
542561,84424A,,-1,2011-01-28 14:52:00,0.0,,United Kingdom
542562,84499,,-1,2011-01-28 14:52:00,0.0,,United Kingdom
542563,84509F,,-1,2011-01-28 14:52:00,0.0,,United Kingdom
542564,84526,,-1,2011-01-28 14:52:00,0.0,,United Kingdom
542565,84664,,-1,2011-01-28 14:52:00,0.0,,United Kingdom
542566,84964B,,-1,2011-01-28 14:53:00,0.0,,United Kingdom
542567,84975,,-1,2011-01-28 14:53:00,0.0,,United Kingdom
542568,22175,PINK OWL SOFT TOY,12,2011-01-28 14:53:00,2.95,14215.0,United Kingdom
542568,22176,BLUE OWL SOFT TOY,12,2011-01-28 14:53:00,2.95,14215.0,United Kingdom
542568,84378,SET OF 3 HEART COOKIE CUTTERS,12,2011-01-28 14:53:00,1.25,14215.0,United Kingdom
542568,84380,SET OF 3 BUTTERFLY COOKIE CUTTERS,12,2011-01-28 14:53:00,1.25,14215.0,United Kingdom
542568,21231,SWEETHEART CERAMIC TRINKET BOX,12,2011-01-28 14:53:00,1.25,14215.0,United Kingdom
542568,21539,RED RETROSPOT BUTTER DISH,3,2011-01-28 14:53:00,4.95,14215.0,United Kingdom
542568,21527,RED RETROSPOT TRADITIONAL TEAPOT ,2,2011-01-28 14:53:00,7.95,14215.0,United Kingdom
542568,21906,PHARMACIE FIRST AID TIN,2,2011-01-28 14:53:00,6.75,14215.0,United Kingdom
542569,85028L,,-1,2011-01-28 14:53:00,0.0,,United Kingdom
542570,85028S,,-1,2011-01-28 14:53:00,0.0,,United Kingdom
542571,85031C,,-1,2011-01-28 14:54:00,0.0,,United Kingdom
542572,85064,,-1,2011-01-28 14:54:00,0.0,,United Kingdom
542573,85110,,-1,2011-01-28 14:55:00,0.0,,United Kingdom
542574,85119,,-1,2011-01-28 14:55:00,0.0,,United Kingdom
542575,85126,,-1,2011-01-28 14:55:00,0.0,,United Kingdom
542576,85179B,,-1,2011-01-28 14:56:00,0.0,,United Kingdom
542577,85232B,,-1,2011-01-28 14:56:00,0.0,,United Kingdom
542578,20685,DOORMAT RED RETROSPOT,2,2011-01-28 14:57:00,7.95,13709.0,United Kingdom
542578,48194,DOORMAT HEARTS,2,2011-01-28 14:57:00,7.95,13709.0,United Kingdom
542578,22957,SET 3 PAPER VINTAGE CHICK PAPER EGG,6,2011-01-28 14:57:00,2.95,13709.0,United Kingdom
542578,22241,GARLAND WOODEN HAPPY EASTER,12,2011-01-28 14:57:00,1.25,13709.0,United Kingdom
542578,22767,TRIPLE PHOTO FRAME CORNICE ,2,2011-01-28 14:57:00,9.95,13709.0,United Kingdom
542578,84978,HANGING HEART JAR T-LIGHT HOLDER,12,2011-01-28 14:57:00,1.25,13709.0,United Kingdom
542578,22189,CREAM HEART CARD HOLDER,4,2011-01-28 14:57:00,3.95,13709.0,United Kingdom
542578,21668,RED STRIPE CERAMIC DRAWER KNOB,12,2011-01-28 14:57:00,1.25,13709.0,United Kingdom
542578,21669,BLUE STRIPE CERAMIC DRAWER KNOB,12,2011-01-28 14:57:00,1.25,13709.0,United Kingdom
542578,21671,RED SPOT CERAMIC DRAWER KNOB,12,2011-01-28 14:57:00,1.25,13709.0,United Kingdom
542578,21670,BLUE SPOT CERAMIC DRAWER KNOB,12,2011-01-28 14:57:00,1.25,13709.0,United Kingdom
542578,21673,WHITE SPOT BLUE CERAMIC DRAWER KNOB,12,2011-01-28 14:57:00,1.25,13709.0,United Kingdom
542578,21672,WHITE SPOT RED CERAMIC DRAWER KNOB,12,2011-01-28 14:57:00,1.25,13709.0,United Kingdom
542578,22771,CLEAR DRAWER KNOB ACRYLIC EDWARDIAN,12,2011-01-28 14:57:00,1.25,13709.0,United Kingdom
542578,22666,RECIPE BOX PANTRY YELLOW DESIGN,6,2011-01-28 14:57:00,2.95,13709.0,United Kingdom
542578,22907,PACK OF 20 NAPKINS PANTRY DESIGN,12,2011-01-28 14:57:00,0.85,13709.0,United Kingdom
542578,22966,GINGERBREAD MAN COOKIE CUTTER,12,2011-01-28 14:57:00,1.25,13709.0,United Kingdom
542578,22626,BLACK KITCHEN SCALES,2,2011-01-28 14:57:00,8.5,13709.0,United Kingdom
542578,22624,IVORY KITCHEN SCALES,2,2011-01-28 14:57:00,8.5,13709.0,United Kingdom
542578,21906,PHARMACIE FIRST AID TIN,2,2011-01-28 14:57:00,6.75,13709.0,United Kingdom
542578,22926,IVORY GIANT GARDEN THERMOMETER,2,2011-01-28 14:57:00,5.95,13709.0,United Kingdom
542578,22925,BLUE GIANT GARDEN THERMOMETER,2,2011-01-28 14:57:00,5.95,13709.0,United Kingdom
542578,21891,TRADITIONAL WOODEN SKIPPING ROPE,12,2011-01-28 14:57:00,1.25,13709.0,United Kingdom
542578,22047,EMPIRE GIFT WRAP,25,2011-01-28 14:57:00,0.42,13709.0,United Kingdom
542578,23232,WRAP VINTAGE PETALS  DESIGN,25,2011-01-28 14:57:00,0.42,13709.0,United Kingdom
542578,23233,WRAP POPPIES  DESIGN,25,2011-01-28 14:57:00,0.42,13709.0,United Kingdom
542578,21716,BOYS VINTAGE TIN SEASIDE BUCKET,8,2011-01-28 14:57:00,2.55,13709.0,United Kingdom
542578,21718,RED METAL BEACH SPADE ,16,2011-01-28 14:57:00,1.25,13709.0,United Kingdom
542578,21716,BOYS VINTAGE TIN SEASIDE BUCKET,8,2011-01-28 14:57:00,2.55,13709.0,United Kingdom
542578,20727,LUNCH BAG  BLACK SKULL.,10,2011-01-28 14:57:00,1.65,13709.0,United Kingdom
542578,22384,LUNCH BAG PINK POLKADOT,10,2011-01-28 14:57:00,1.65,13709.0,United Kingdom
542579,90000C,,-1,2011-01-28 14:57:00,0.0,,United Kingdom
542580,90095,,-1,2011-01-28 14:58:00,0.0,,United Kingdom
542581,90091,,-1,2011-01-28 14:58:00,0.0,,United Kingdom
542582,DCGS0057,,-6,2011-01-28 15:01:00,0.0,,United Kingdom
542583,22697,GREEN REGENCY TEACUP AND SAUCER,12,2011-01-28 15:09:00,2.95,14051.0,United Kingdom
542583,48138,DOORMAT UNION FLAG,20,2011-01-28 15:09:00,6.75,14051.0,United Kingdom
542583,21523,DOORMAT FANCY FONT HOME SWEET HOME,20,2011-01-28 15:09:00,6.75,14051.0,United Kingdom
542583,22699,ROSES REGENCY TEACUP AND SAUCER ,12,2011-01-28 15:09:00,2.95,14051.0,United Kingdom
542583,21069,VINTAGE BILLBOARD TEA MUG,24,2011-01-28 15:09:00,1.25,14051.0,United Kingdom
542583,21068,VINTAGE BILLBOARD LOVE/HATE MUG,24,2011-01-28 15:09:00,1.25,14051.0,United Kingdom
542583,22313,OFFICE MUG WARMER PINK,18,2011-01-28 15:09:00,2.95,14051.0,United Kingdom
542583,21877,HOME SWEET HOME MUG,24,2011-01-28 15:09:00,1.25,14051.0,United Kingdom
542584,22902,TOTE BAG I LOVE LONDON,3,2011-01-28 15:21:00,2.1,18016.0,United Kingdom
542584,22659,LUNCH BOX I LOVE LONDON,3,2011-01-28 15:21:00,1.95,18016.0,United Kingdom
542584,22430,ENAMEL WATERING CAN CREAM,1,2011-01-28 15:21:00,4.95,18016.0,United Kingdom
542584,21523,DOORMAT FANCY FONT HOME SWEET HOME,1,2011-01-28 15:21:00,7.95,18016.0,United Kingdom
542584,82482,WOODEN PICTURE FRAME WHITE FINISH,6,2011-01-28 15:21:00,2.55,18016.0,United Kingdom
542584,22212,FOUR HOOK  WHITE LOVEBIRDS,2,2011-01-28 15:21:00,2.1,18016.0,United Kingdom
542584,21041,RED RETROSPOT OVEN GLOVE DOUBLE,2,2011-01-28 15:21:00,2.95,18016.0,United Kingdom
542584,21041,RED RETROSPOT OVEN GLOVE DOUBLE,2,2011-01-28 15:21:00,2.95,18016.0,United Kingdom
542584,21042,RED RETROSPOT APRON ,2,2011-01-28 15:21:00,5.95,18016.0,United Kingdom
542584,21484,CHICK GREY HOT WATER BOTTLE,2,2011-01-28 15:21:00,3.45,18016.0,United Kingdom
542584,84050,PINK HEART SHAPE EGG FRYING PAN,4,2011-01-28 15:21:00,1.65,18016.0,United Kingdom
542584,22377,BOTTLE BAG RETROSPOT ,3,2011-01-28 15:21:00,2.1,18016.0,United Kingdom
542584,84378,SET OF 3 HEART COOKIE CUTTERS,4,2011-01-28 15:21:00,1.25,18016.0,United Kingdom
542584,22729,ALARM CLOCK BAKELIKE ORANGE,2,2011-01-28 15:21:00,3.75,18016.0,United Kingdom
542584,85038,6 CHOCOLATE LOVE HEART T-LIGHTS,2,2011-01-28 15:21:00,2.1,18016.0,United Kingdom
542584,20727,LUNCH BAG  BLACK SKULL.,5,2011-01-28 15:21:00,1.65,18016.0,United Kingdom
542584,22844,VINTAGE CREAM DOG FOOD CONTAINER,2,2011-01-28 15:21:00,8.5,18016.0,United Kingdom
542584,22191,IVORY DINER WALL CLOCK,1,2011-01-28 15:21:00,8.5,18016.0,United Kingdom
542584,85184C,S/4 VALENTINE DECOUPAGE HEART BOX,2,2011-01-28 15:21:00,2.95,18016.0,United Kingdom
542584,72760B,VINTAGE CREAM 3 BASKET CAKE STAND,2,2011-01-28 15:21:00,9.95,18016.0,United Kingdom
542584,21034,REX CASH+CARRY JUMBO SHOPPER,4,2011-01-28 15:21:00,0.95,18016.0,United Kingdom
542585,22688,DOORMAT PEACE ON EARTH BLUE,1,2011-01-28 15:29:00,7.95,17329.0,United Kingdom
542585,48138,DOORMAT UNION FLAG,1,2011-01-28 15:29:00,7.95,17329.0,United Kingdom
542585,48194,DOORMAT HEARTS,1,2011-01-28 15:29:00,7.95,17329.0,United Kingdom
542585,22366,DOORMAT AIRMAIL ,1,2011-01-28 15:29:00,7.95,17329.0,United Kingdom
542585,20818,GOLD TEDDY BEAR,2,2011-01-28 15:29:00,3.75,17329.0,United Kingdom
542585,20819,SILVER TEDDY BEAR,2,2011-01-28 15:29:00,3.75,17329.0,United Kingdom
542585,21864,UNION JACK FLAG PASSPORT COVER ,3,2011-01-28 15:29:00,2.1,17329.0,United Kingdom
542585,21865,PINK UNION JACK  PASSPORT COVER ,3,2011-01-28 15:29:00,2.1,17329.0,United Kingdom
542585,20622,VIPPASSPORT COVER ,3,2011-01-28 15:29:00,2.1,17329.0,United Kingdom
542585,21592,RETROSPOT CIGAR BOX MATCHES ,4,2011-01-28 15:29:00,1.25,17329.0,United Kingdom
542585,21588,RETROSPOT GIANT TUBE MATCHES,4,2011-01-28 15:29:00,2.55,17329.0,United Kingdom
542585,84029G,KNITTED UNION FLAG HOT WATER BOTTLE,2,2011-01-28 15:29:00,3.75,17329.0,United Kingdom
542585,84030E,ENGLISH ROSE HOT WATER BOTTLE,2,2011-01-28 15:29:00,4.25,17329.0,United Kingdom
542585,22837,HOT WATER BOTTLE BABUSHKA ,2,2011-01-28 15:29:00,4.65,17329.0,United Kingdom
542585,72802A,ROSE SCENT CANDLE IN JEWELLED BOX,18,2011-01-28 15:29:00,3.81,17329.0,United Kingdom
542585,72802C,VANILLA SCENT CANDLE JEWELLED BOX,18,2011-01-28 15:29:00,3.81,17329.0,United Kingdom
542586,21206,STRAWBERRY HONEYCOMB  GARLAND ,12,2011-01-28 15:45:00,1.65,12377.0,Switzerland
542586,22197,SMALL POPCORN HOLDER,12,2011-01-28 15:45:00,0.85,12377.0,Switzerland
542586,20750,RED RETROSPOT MINI CASES,2,2011-01-28 15:45:00,7.95,12377.0,Switzerland
542586,20662,FIRST CLASS HOLIDAY PURSE ,6,2011-01-28 15:45:00,2.95,12377.0,Switzerland
542586,20856,DENIM PATCH PURSE PINK BUTTERFLY,10,2011-01-28 15:45:00,1.65,12377.0,Switzerland
542586,22449,SILK PURSE BABUSHKA PINK,6,2011-01-28 15:45:00,3.35,12377.0,Switzerland
542586,37495,FAIRY CAKE BIRTHDAY CANDLE SET,4,2011-01-28 15:45:00,3.75,12377.0,Switzerland
542586,85206A,CREAM FELT EASTER EGG BASKET,6,2011-01-28 15:45:00,1.65,12377.0,Switzerland
542586,22448,PIN CUSHION BABUSHKA RED,6,2011-01-28 15:45:00,3.35,12377.0,Switzerland
542586,21380,WOODEN HAPPY BIRTHDAY GARLAND,6,2011-01-28 15:45:00,2.95,12377.0,Switzerland
542586,47590A,BLUE HAPPY BIRTHDAY BUNTING,6,2011-01-28 15:45:00,5.45,12377.0,Switzerland
542586,22090,PAPER BUNTING RETROSPOT,6,2011-01-28 15:45:00,2.95,12377.0,Switzerland
542586,21365,MIRRORED WALL ART STARS,12,2011-01-28 15:45:00,2.95,12377.0,Switzerland
542586,22367,CHILDRENS APRON SPACEBOY DESIGN,16,2011-01-28 15:45:00,1.95,12377.0,Switzerland
542586,21080,SET/20 RED RETROSPOT PAPER NAPKINS ,12,2011-01-28 15:45:00,0.85,12377.0,Switzerland
542586,21094,SET/6 RED SPOTTY PAPER PLATES,12,2011-01-28 15:45:00,0.85,12377.0,Switzerland
542586,22501,PICNIC BASKET WICKER LARGE,6,2011-01-28 15:45:00,9.95,12377.0,Switzerland
542586,84997D,PINK 3 PIECE POLKADOT CUTLERY SET,6,2011-01-28 15:45:00,3.75,12377.0,Switzerland
542586,84997C,BLUE 3 PIECE POLKADOT CUTLERY SET,6,2011-01-28 15:45:00,3.75,12377.0,Switzerland
542586,21559,STRAWBERRY LUNCH BOX WITH CUTLERY,6,2011-01-28 15:45:00,2.55,12377.0,Switzerland
542586,22326,ROUND SNACK BOXES SET OF4 WOODLAND ,6,2011-01-28 15:45:00,2.95,12377.0,Switzerland
542586,21561,DINOSAUR LUNCH BOX WITH CUTLERY,6,2011-01-28 15:45:00,2.55,12377.0,Switzerland
542586,22037,ROBOT BIRTHDAY CARD,12,2011-01-28 15:45:00,0.42,12377.0,Switzerland
542586,22029,SPACEBOY BIRTHDAY CARD,12,2011-01-28 15:45:00,0.42,12377.0,Switzerland
542586,22716,CARD CIRCUS PARADE,12,2011-01-28 15:45:00,0.42,12377.0,Switzerland
542586,16012,FOOD/DRINK SPONGE STICKERS,24,2011-01-28 15:45:00,0.21,12377.0,Switzerland
542586,21721,CANDY SHOP  STICKER SHEET,12,2011-01-28 15:45:00,0.85,12377.0,Switzerland
542586,21680,WOODLAND  STICKERS,12,2011-01-28 15:45:00,0.85,12377.0,Switzerland
542586,22540,MINI JIGSAW CIRCUS PARADE ,24,2011-01-28 15:45:00,0.42,12377.0,Switzerland
542586,22544,MINI JIGSAW SPACEBOY,24,2011-01-28 15:45:00,0.42,12377.0,Switzerland
542586,22539,MINI JIGSAW DOLLY GIRL,24,2011-01-28 15:45:00,0.42,12377.0,Switzerland
542586,22746,POPPY'S PLAYHOUSE LIVINGROOM ,6,2011-01-28 15:45:00,2.1,12377.0,Switzerland
542586,22021,BLUE FELT EASTER EGG BASKET,6,2011-01-28 15:45:00,1.65,12377.0,Switzerland
542586,POST,POSTAGE,2,2011-01-28 15:45:00,40.0,12377.0,Switzerland
542587,21165,BEWARE OF THE CAT METAL SIGN ,48,2011-01-28 15:53:00,1.45,14401.0,United Kingdom
542587,82483,WOOD 2 DRAWER CABINET WHITE FINISH,16,2011-01-28 15:53:00,4.95,14401.0,United Kingdom
542587,82486,WOOD S/3 CABINET ANT WHITE FINISH,12,2011-01-28 15:53:00,6.95,14401.0,United Kingdom
542587,21519,GIN & TONIC DIET GREETING CARD ,12,2011-01-28 15:53:00,0.42,14401.0,United Kingdom
542587,48111,DOORMAT 3 SMILEY CATS,10,2011-01-28 15:53:00,6.75,14401.0,United Kingdom
C542588,21730,GLASS STAR FROSTED T-LIGHT HOLDER,-2,2011-01-28 15:57:00,4.95,12997.0,United Kingdom
C542588,21658,GLASS  BEURRE DISH,-1,2011-01-28 15:57:00,3.95,12997.0,United Kingdom
C542588,21313,GLASS HEART T-LIGHT HOLDER ,-5,2011-01-28 15:57:00,0.85,12997.0,United Kingdom
C542589,22456,NATURAL SLATE CHALKBOARD LARGE ,-2,2011-01-28 15:58:00,4.95,14709.0,United Kingdom
542590,84218,BOX/12 CHICK & EGG IN BASKET,1,2011-01-28 16:18:00,1.95,17920.0,United Kingdom
542590,22151,PLACE SETTING WHITE HEART,10,2011-01-28 16:18:00,0.42,17920.0,United Kingdom
542590,22697,GREEN REGENCY TEACUP AND SAUCER,15,2011-01-28 16:18:00,2.95,17920.0,United Kingdom
542590,22699,ROSES REGENCY TEACUP AND SAUCER ,15,2011-01-28 16:18:00,2.95,17920.0,United Kingdom
542590,22960,JAM MAKING SET WITH JARS,2,2011-01-28 16:18:00,4.25,17920.0,United Kingdom
542590,22777,GLASS CLOCHE LARGE,1,2011-01-28 16:18:00,8.5,17920.0,United Kingdom
542590,79000,MOROCCAN TEA GLASS,24,2011-01-28 16:18:00,0.85,17920.0,United Kingdom
542590,22626,BLACK KITCHEN SCALES,1,2011-01-28 16:18:00,8.5,17920.0,United Kingdom
542590,22969,HOMEMADE JAM SCENTED CANDLES,12,2011-01-28 16:18:00,1.45,17920.0,United Kingdom
542590,21034,REX CASH+CARRY JUMBO SHOPPER,2,2011-01-28 16:18:00,0.95,17920.0,United Kingdom
542591,84078A,SET/4 WHITE RETRO STORAGE CUBES ,3,2011-01-28 16:42:00,39.95,13089.0,United Kingdom
C542593,22073,RED RETROSPOT STORAGE JAR,-10,2011-01-28 16:50:00,3.75,15549.0,United Kingdom
542594,22435,SET OF 9 HEART SHAPED BALLOONS,1,2011-01-28 17:24:00,1.25,,United Kingdom
