InvoiceNo,StockCode,Description,Quantity,InvoiceDate,UnitPrice,CustomerID,Country
C563197,23160,REGENCY TEA SPOON,-3,2011-08-14 09:57:00,1.25,13047.0,United Kingdom
563198,22457,NATURAL SLATE HEART CHALKBOARD ,12,2011-08-14 10:38:00,2.95,15270.0,United Kingdom
563198,22456,NATURAL SLATE CHALKBOARD LARGE ,18,2011-08-14 10:38:00,4.25,15270.0,United Kingdom
563198,85123A,WHITE HANGING HEART T-LIGHT HOLDER,32,2011-08-14 10:38:00,2.55,15270.0,United Kingdom
563198,22189,CREAM HEART CARD HOLDER,36,2011-08-14 10:38:00,3.39,15270.0,United Kingdom
563198,22156,HEART DECORATION WITH PEARLS ,48,2011-08-14 10:38:00,0.85,15270.0,United Kingdom
563198,75049L,LARGE CIRCULAR MIRROR MOBILE,192,2011-08-14 10:38:00,0.85,15270.0,United Kingdom
563198,22624,IVORY KITCHEN SCALES,2,2011-08-14 10:38:00,8.5,15270.0,United Kingdom
563199,23012,GLASS APOTHECARY BOTTLE PERFUME,2,2011-08-14 10:38:00,3.95,16326.0,United Kingdom
563199,48138,DOORMAT UNION FLAG,4,2011-08-14 10:38:00,7.95,16326.0,United Kingdom
563199,48188,DOORMAT WELCOME PUPPIES,2,2011-08-14 10:38:00,7.95,16326.0,United Kingdom
563199,48111,DOORMAT 3 SMILEY CATS,2,2011-08-14 10:38:00,7.95,16326.0,United Kingdom
563199,22366,DOORMAT AIRMAIL ,1,2011-08-14 10:38:00,7.95,16326.0,United Kingdom
563199,21955,DOORMAT UNION JACK GUNS AND ROSES,2,2011-08-14 10:38:00,7.95,16326.0,United Kingdom
563199,48173C,DOORMAT BLACK FLOCK ,2,2011-08-14 10:38:00,7.95,16326.0,United Kingdom
563199,48138,DOORMAT UNION FLAG,2,2011-08-14 10:38:00,7.95,16326.0,United Kingdom
563199,22692,DOORMAT WELCOME TO OUR HOME,1,2011-08-14 10:38:00,7.95,16326.0,United Kingdom
563199,48184,DOORMAT ENGLISH ROSE ,2,2011-08-14 10:38:00,7.95,16326.0,United Kingdom
563200,23328,SET 6 SCHOOL MILK BOTTLES IN CRATE,1,2011-08-14 10:49:00,3.75,13838.0,United Kingdom
563200,22723,SET OF 6 HERB TINS SKETCHBOOK,1,2011-08-14 10:49:00,3.95,13838.0,United Kingdom
563200,21754,HOME BUILDING BLOCK WORD,1,2011-08-14 10:49:00,5.95,13838.0,United Kingdom
563200,21866,UNION JACK FLAG LUGGAGE TAG,1,2011-08-14 10:49:00,1.25,13838.0,United Kingdom
563200,21864,UNION JACK FLAG PASSPORT COVER ,1,2011-08-14 10:49:00,2.1,13838.0,United Kingdom
563200,23184,BULL DOG BOTTLE OPENER,1,2011-08-14 10:49:00,4.95,13838.0,United Kingdom
563200,23293,SET OF 12 FAIRY CAKE BAKING CASES,1,2011-08-14 10:49:00,0.83,13838.0,United Kingdom
563200,23345, DOLLY GIRL BEAKER,1,2011-08-14 10:49:00,1.25,13838.0,United Kingdom
563200,22766,PHOTO FRAME CORNICE,1,2011-08-14 10:49:00,2.95,13838.0,United Kingdom
563200,22692,DOORMAT WELCOME TO OUR HOME,1,2011-08-14 10:49:00,7.95,13838.0,United Kingdom
563200,21523,DOORMAT FANCY FONT HOME SWEET HOME,1,2011-08-14 10:49:00,7.95,13838.0,United Kingdom
563200,84581,DOG TOY WITH PINK CROCHET SKIRT,1,2011-08-14 10:49:00,3.75,13838.0,United Kingdom
563200,21756,BATH BUILDING BLOCK WORD,1,2011-08-14 10:49:00,5.95,13838.0,United Kingdom
563200,22720,SET OF 3 CAKE TINS PANTRY DESIGN ,1,2011-08-14 10:49:00,4.95,13838.0,United Kingdom
563200,22721,SET OF 3 CAKE TINS SKETCHBOOK,1,2011-08-14 10:49:00,4.95,13838.0,United Kingdom
563200,21136,PAINTED METAL PEARS ASSORTED,1,2011-08-14 10:49:00,1.69,13838.0,United Kingdom
563200,23227,FILIGREE HEART BUTTERFLY WHITE ,2,2011-08-14 10:49:00,1.25,13838.0,United Kingdom
563200,21390,FILIGRIS HEART WITH BUTTERFLY,2,2011-08-14 10:49:00,1.25,13838.0,United Kingdom
563200,22723,SET OF 6 HERB TINS SKETCHBOOK,1,2011-08-14 10:49:00,3.95,13838.0,United Kingdom
563200,21175,GIN + TONIC DIET METAL SIGN,1,2011-08-14 10:49:00,2.55,13838.0,United Kingdom
563200,85099B,JUMBO BAG RED RETROSPOT,1,2011-08-14 10:49:00,2.08,13838.0,United Kingdom
563200,22386,JUMBO BAG PINK POLKADOT,1,2011-08-14 10:49:00,2.08,13838.0,United Kingdom
563200,23322,LARGE WHITE HEART OF WICKER,1,2011-08-14 10:49:00,2.95,13838.0,United Kingdom
563200,22548,HEADS AND TAILS SPORTING FUN,1,2011-08-14 10:49:00,1.25,13838.0,United Kingdom
563200,22992,REVOLVER WOODEN RULER ,3,2011-08-14 10:49:00,1.95,13838.0,United Kingdom
563200,22997,TRAVEL CARD WALLET UNION JACK,1,2011-08-14 10:49:00,0.42,13838.0,United Kingdom
563200,22998,TRAVEL CARD WALLET KEEP CALM,1,2011-08-14 10:49:00,0.42,13838.0,United Kingdom
563200,22800,ANTIQUE TALL SWIRLGLASS TRINKET POT,1,2011-08-14 10:49:00,3.75,13838.0,United Kingdom
563200,85066,CREAM SWEETHEART MINI CHEST,1,2011-08-14 10:49:00,12.75,13838.0,United Kingdom
563200,22796,PHOTO FRAME 3 CLASSIC HANGING,1,2011-08-14 10:49:00,9.95,13838.0,United Kingdom
563200,82600,NO SINGING METAL SIGN,2,2011-08-14 10:49:00,2.1,13838.0,United Kingdom
563200,21136,PAINTED METAL PEARS ASSORTED,2,2011-08-14 10:49:00,1.69,13838.0,United Kingdom
563200,84879,ASSORTED COLOUR BIRD ORNAMENT,3,2011-08-14 10:49:00,1.69,13838.0,United Kingdom
563200,21899,GARAGE KEY FOB,1,2011-08-14 10:49:00,0.65,13838.0,United Kingdom
563200,21899,GARAGE KEY FOB,1,2011-08-14 10:49:00,0.65,13838.0,United Kingdom
563200,21901,"KEY FOB , BACK DOOR ",1,2011-08-14 10:49:00,0.65,13838.0,United Kingdom
563200,23333,IVORY WICKER HEART MEDIUM,1,2011-08-14 10:49:00,1.25,13838.0,United Kingdom
563200,22798,ANTIQUE GLASS DRESSING TABLE POT,1,2011-08-14 10:49:00,2.95,13838.0,United Kingdom
563200,23329,DECORATIVE WICKER HEART LARGE,1,2011-08-14 10:49:00,1.65,13838.0,United Kingdom
563200,22493,PAINT YOUR OWN CANVAS SET,2,2011-08-14 10:49:00,1.65,13838.0,United Kingdom
563200,22993,SET OF 4 PANTRY JELLY MOULDS,1,2011-08-14 10:49:00,1.25,13838.0,United Kingdom
563200,23296,SET OF 6 TEA TIME BAKING CASES,1,2011-08-14 10:49:00,1.25,13838.0,United Kingdom
563200,22665,RECIPE BOX BLUE SKETCHBOOK DESIGN,1,2011-08-14 10:49:00,2.95,13838.0,United Kingdom
563200,22630,DOLLY GIRL LUNCH BOX,1,2011-08-14 10:49:00,1.95,13838.0,United Kingdom
563201,82494L,WOODEN FRAME ANTIQUE WHITE ,1,2011-08-14 10:52:00,2.95,13838.0,United Kingdom
563201,22996,TRAVEL CARD WALLET VINTAGE TICKET,1,2011-08-14 10:52:00,0.42,13838.0,United Kingdom
563201,22997,TRAVEL CARD WALLET UNION JACK,1,2011-08-14 10:52:00,0.42,13838.0,United Kingdom
563201,23034,DRAWER KNOB CERAMIC BLACK,4,2011-08-14 10:52:00,1.45,13838.0,United Kingdom
563201,48194,DOORMAT HEARTS,1,2011-08-14 10:52:00,7.95,13838.0,United Kingdom
563201,48129,DOORMAT TOPIARY,1,2011-08-14 10:52:00,7.95,13838.0,United Kingdom
563201,23198,PANTRY MAGNETIC  SHOPPING LIST,2,2011-08-14 10:52:00,1.45,13838.0,United Kingdom
563201,85049F,BABY BOOM RIBBONS ,1,2011-08-14 10:52:00,1.25,13838.0,United Kingdom
563201,85049C,ROMANTIC PINKS RIBBONS ,1,2011-08-14 10:52:00,1.25,13838.0,United Kingdom
563201,85049H,URBAN BLACK RIBBONS ,1,2011-08-14 10:52:00,1.25,13838.0,United Kingdom
563201,22075,6 RIBBONS ELEGANT CHRISTMAS ,1,2011-08-14 10:52:00,1.65,13838.0,United Kingdom
563201,23184,BULL DOG BOTTLE OPENER,1,2011-08-14 10:52:00,4.95,13838.0,United Kingdom
563201,22991,GIRAFFE WOODEN RULER,2,2011-08-14 10:52:00,1.95,13838.0,United Kingdom
563201,23295,SET OF 12 MINI LOAF BAKING CASES,2,2011-08-14 10:52:00,0.83,13838.0,United Kingdom
563201,23296,SET OF 6 TEA TIME BAKING CASES,2,2011-08-14 10:52:00,1.25,13838.0,United Kingdom
563201,23293,SET OF 12 FAIRY CAKE BAKING CASES,2,2011-08-14 10:52:00,0.83,13838.0,United Kingdom
563201,22173,METAL 4 HOOK HANGER FRENCH CHATEAU,1,2011-08-14 10:52:00,2.95,13838.0,United Kingdom
563201,23194,GYMKHANA TREASURE BOOK BOX,1,2011-08-14 10:52:00,2.25,13838.0,United Kingdom
563201,85049E,SCANDINAVIAN REDS RIBBONS,1,2011-08-14 10:52:00,1.25,13838.0,United Kingdom
563201,84820,DANISH ROSE TRINKET TRAYS,2,2011-08-14 10:52:00,5.95,13838.0,United Kingdom
563201,22767,TRIPLE PHOTO FRAME CORNICE ,1,2011-08-14 10:52:00,9.95,13838.0,United Kingdom
563201,23094,LE GRAND TRAY CHIC SET,1,2011-08-14 10:52:00,12.5,13838.0,United Kingdom
563201,22123,PING MICROWAVE APRON,2,2011-08-14 10:52:00,1.95,13838.0,United Kingdom
563202,85066,CREAM SWEETHEART MINI CHEST,1,2011-08-14 11:16:00,12.75,12722.0,France
563202,22797,CHEST OF DRAWERS GINGHAM HEART ,2,2011-08-14 11:16:00,16.95,12722.0,France
563203,22169,FAMILY ALBUM WHITE PICTURE FRAME,8,2011-08-14 11:31:00,7.65,16525.0,United Kingdom
563203,82494L,WOODEN FRAME ANTIQUE WHITE ,24,2011-08-14 11:31:00,2.55,16525.0,United Kingdom
563203,82482,WOODEN PICTURE FRAME WHITE FINISH,36,2011-08-14 11:31:00,2.1,16525.0,United Kingdom
563203,21524,DOORMAT SPOTTY HOME SWEET HOME,10,2011-08-14 11:31:00,6.75,16525.0,United Kingdom
563203,84947,ANTIQUE SILVER TEA GLASS ENGRAVED,12,2011-08-14 11:31:00,1.25,16525.0,United Kingdom
563203,48184,DOORMAT ENGLISH ROSE ,10,2011-08-14 11:31:00,6.75,16525.0,United Kingdom
563204,84078A,SET/4 WHITE RETRO STORAGE CUBES ,1,2011-08-14 11:49:00,39.95,17048.0,United Kingdom
563204,21928,JUMBO BAG SCANDINAVIAN BLUE PAISLEY,10,2011-08-14 11:49:00,2.08,17048.0,United Kingdom
563204,21929,JUMBO BAG PINK VINTAGE PAISLEY,10,2011-08-14 11:49:00,2.08,17048.0,United Kingdom
563204,22381,TOY TIDY PINK POLKADOT,10,2011-08-14 11:49:00,2.1,17048.0,United Kingdom
563204,22386,JUMBO BAG PINK POLKADOT,30,2011-08-14 11:49:00,2.08,17048.0,United Kingdom
563205,22662,LUNCH BAG DOLLY GIRL DESIGN,1,2011-08-14 12:03:00,1.65,14040.0,United Kingdom
563205,22271,FELTCRAFT DOLL ROSIE,1,2011-08-14 12:03:00,2.95,14040.0,United Kingdom
563205,22273,FELTCRAFT DOLL MOLLY,1,2011-08-14 12:03:00,2.95,14040.0,United Kingdom
563205,22274,FELTCRAFT DOLL EMILY,1,2011-08-14 12:03:00,2.95,14040.0,United Kingdom
563205,22749,FELTCRAFT PRINCESS CHARLOTTE DOLL,1,2011-08-14 12:03:00,3.75,14040.0,United Kingdom
563205,22273,FELTCRAFT DOLL MOLLY,1,2011-08-14 12:03:00,2.95,14040.0,United Kingdom
563205,23229,VINTAGE DONKEY TAIL GAME ,2,2011-08-14 12:03:00,3.75,14040.0,United Kingdom
563205,20972,PINK CREAM FELT CRAFT TRINKET BOX ,4,2011-08-14 12:03:00,1.25,14040.0,United Kingdom
563205,22743,MAKE YOUR OWN FLOWERPOWER CARD KIT,4,2011-08-14 12:03:00,2.95,14040.0,United Kingdom
563205,22570,FELTCRAFT CUSHION RABBIT,2,2011-08-14 12:03:00,3.75,14040.0,United Kingdom
563205,22569,FELTCRAFT CUSHION BUTTERFLY,2,2011-08-14 12:03:00,3.75,14040.0,United Kingdom
563205,20969,RED FLORAL FELTCRAFT SHOULDER BAG,1,2011-08-14 12:03:00,3.75,14040.0,United Kingdom
563205,20970,PINK FLORAL FELTCRAFT SHOULDER BAG,2,2011-08-14 12:03:00,3.75,14040.0,United Kingdom
563205,48187,DOORMAT NEW ENGLAND,1,2011-08-14 12:03:00,7.95,14040.0,United Kingdom
563205,22692,DOORMAT WELCOME TO OUR HOME,2,2011-08-14 12:03:00,7.95,14040.0,United Kingdom
563205,48185,DOORMAT FAIRY CAKE,2,2011-08-14 12:03:00,7.95,14040.0,United Kingdom
563205,20685,DOORMAT RED RETROSPOT,2,2011-08-14 12:03:00,7.95,14040.0,United Kingdom
563205,48184,DOORMAT ENGLISH ROSE ,2,2011-08-14 12:03:00,7.95,14040.0,United Kingdom
563205,22666,RECIPE BOX PANTRY YELLOW DESIGN,3,2011-08-14 12:03:00,2.95,14040.0,United Kingdom
563205,22667,RECIPE BOX RETROSPOT ,2,2011-08-14 12:03:00,2.95,14040.0,United Kingdom
563205,48129,DOORMAT TOPIARY,2,2011-08-14 12:03:00,7.95,14040.0,United Kingdom
563205,23237,SET OF 4 KNICK KNACK TINS LEAF,2,2011-08-14 12:03:00,4.15,14040.0,United Kingdom
563205,23238,SET OF 4 KNICK KNACK TINS LONDON ,2,2011-08-14 12:03:00,4.15,14040.0,United Kingdom
563205,23241,TREASURE TIN GYMKHANA DESIGN,2,2011-08-14 12:03:00,2.08,14040.0,United Kingdom
563205,23242,TREASURE TIN BUFFALO BILL ,2,2011-08-14 12:03:00,2.08,14040.0,United Kingdom
563205,23238,SET OF 4 KNICK KNACK TINS LONDON ,6,2011-08-14 12:03:00,4.15,14040.0,United Kingdom
563205,23300,GARDENERS KNEELING PAD CUP OF TEA ,4,2011-08-14 12:03:00,1.65,14040.0,United Kingdom
563205,23301,GARDENERS KNEELING PAD KEEP CALM ,4,2011-08-14 12:03:00,1.65,14040.0,United Kingdom
563205,22197,POPCORN HOLDER,24,2011-08-14 12:03:00,0.85,14040.0,United Kingdom
563205,23347,I LOVE LONDON BEAKER,1,2011-08-14 12:03:00,1.25,14040.0,United Kingdom
563205,23345, DOLLY GIRL BEAKER,2,2011-08-14 12:03:00,1.25,14040.0,United Kingdom
563205,23000,TRAVEL CARD WALLET TRANSPORT,5,2011-08-14 12:03:00,0.42,14040.0,United Kingdom
563205,22998,TRAVEL CARD WALLET KEEP CALM,48,2011-08-14 12:03:00,0.42,14040.0,United Kingdom
563205,22999,TRAVEL CARD WALLET VINTAGE LEAF,24,2011-08-14 12:03:00,0.42,14040.0,United Kingdom
563205,23005,TRAVEL CARD WALLET I LOVE LONDON,24,2011-08-14 12:03:00,0.42,14040.0,United Kingdom
563205,22996,TRAVEL CARD WALLET VINTAGE TICKET,24,2011-08-14 12:03:00,0.42,14040.0,United Kingdom
563205,23004,TRAVEL CARD WALLET PANTRY,6,2011-08-14 12:03:00,0.42,14040.0,United Kingdom
563205,22492,MINI PAINT SET VINTAGE ,36,2011-08-14 12:03:00,0.65,14040.0,United Kingdom
563205,22994,TRAVEL CARD WALLET RETROSPOT,6,2011-08-14 12:03:00,0.42,14040.0,United Kingdom
563206,23133,LARGE IVORY HEART WALL ORGANISER,4,2011-08-14 12:08:00,8.25,17613.0,United Kingdom
563206,21929,JUMBO BAG PINK VINTAGE PAISLEY,5,2011-08-14 12:08:00,2.08,17613.0,United Kingdom
563206,21928,JUMBO BAG SCANDINAVIAN BLUE PAISLEY,5,2011-08-14 12:08:00,2.08,17613.0,United Kingdom
563206,22411,JUMBO SHOPPER VINTAGE RED PAISLEY,2,2011-08-14 12:08:00,2.08,17613.0,United Kingdom
563206,85099C,JUMBO  BAG BAROQUE BLACK WHITE,3,2011-08-14 12:08:00,2.08,17613.0,United Kingdom
563206,23203,JUMBO BAG VINTAGE DOILY ,2,2011-08-14 12:08:00,2.08,17613.0,United Kingdom
563206,23199,JUMBO BAG APPLES,2,2011-08-14 12:08:00,2.08,17613.0,United Kingdom
563206,23200,JUMBO BAG PEARS,2,2011-08-14 12:08:00,2.08,17613.0,United Kingdom
563206,23201,JUMBO BAG ALPHABET,3,2011-08-14 12:08:00,2.08,17613.0,United Kingdom
563206,23202,JUMBO BAG VINTAGE LEAF,3,2011-08-14 12:08:00,2.08,17613.0,United Kingdom
563206,85123A,WHITE HANGING HEART T-LIGHT HOLDER,10,2011-08-14 12:08:00,2.95,17613.0,United Kingdom
563206,23068,ALUMINIUM STAMPED HEART,8,2011-08-14 12:08:00,2.49,17613.0,United Kingdom
563206,82581,TOILET METAL SIGN,5,2011-08-14 12:08:00,0.55,17613.0,United Kingdom
563206,82578,KITCHEN METAL SIGN,5,2011-08-14 12:08:00,0.55,17613.0,United Kingdom
563206,21794,CLASSIC FRENCH STYLE BASKET NATURAL,3,2011-08-14 12:08:00,3.95,17613.0,United Kingdom
C563207,22371,AIRLINE BAG VINTAGE TOKYO 78,-1,2011-08-14 12:10:00,4.25,17613.0,United Kingdom
C563207,84879,ASSORTED COLOUR BIRD ORNAMENT,-1,2011-08-14 12:10:00,1.69,17613.0,United Kingdom
C563207,20781,GOLD EAR MUFF HEADPHONES,-1,2011-08-14 12:10:00,5.49,17613.0,United Kingdom
C563207,21933,PINK VINTAGE PAISLEY PICNIC BAG,-1,2011-08-14 12:10:00,1.65,17613.0,United Kingdom
C563207,84279P,CHERRY BLOSSOM  DECORATIVE FLASK,-1,2011-08-14 12:10:00,3.75,17613.0,United Kingdom
563208,23234,BISCUIT TIN VINTAGE CHRISTMAS,6,2011-08-14 12:12:00,2.89,14040.0,United Kingdom
563208,22733,3D TRADITIONAL CHRISTMAS STICKERS,18,2011-08-14 12:12:00,1.25,14040.0,United Kingdom
563209,22469,HEART OF WICKER SMALL,10,2011-08-14 12:23:00,1.65,13527.0,United Kingdom
563209,22751,FELTCRAFT PRINCESS OLIVIA DOLL,2,2011-08-14 12:23:00,3.75,13527.0,United Kingdom
563209,22749,FELTCRAFT PRINCESS CHARLOTTE DOLL,2,2011-08-14 12:23:00,3.75,13527.0,United Kingdom
563209,22750,FELTCRAFT PRINCESS LOLA DOLL,2,2011-08-14 12:23:00,3.75,13527.0,United Kingdom
563209,23281,FOLDING BUTTERFLY MIRROR RED  ,3,2011-08-14 12:23:00,0.83,13527.0,United Kingdom
563209,23282,FOLDING BUTTERFLY MIRROR IVORY ,3,2011-08-14 12:23:00,0.83,13527.0,United Kingdom
563209,23280,FOLDING BUTTERFLY MIRROR HOT PINK ,3,2011-08-14 12:23:00,0.83,13527.0,United Kingdom
563209,23209,LUNCH BAG VINTAGE DOILY ,1,2011-08-14 12:23:00,1.65,13527.0,United Kingdom
563209,22188,BLACK HEART CARD HOLDER,2,2011-08-14 12:23:00,3.95,13527.0,United Kingdom
563209,22189,CREAM HEART CARD HOLDER,4,2011-08-14 12:23:00,3.95,13527.0,United Kingdom
563209,23313,VINTAGE CHRISTMAS BUNTING,1,2011-08-14 12:23:00,4.95,13527.0,United Kingdom
563209,23298,SPOTTY BUNTING,3,2011-08-14 12:23:00,4.95,13527.0,United Kingdom
563209,23332,IVORY WICKER HEART LARGE,6,2011-08-14 12:23:00,1.65,13527.0,United Kingdom
563209,23329,DECORATIVE WICKER HEART LARGE,6,2011-08-14 12:23:00,1.65,13527.0,United Kingdom
563209,84879,ASSORTED COLOUR BIRD ORNAMENT,8,2011-08-14 12:23:00,1.69,13527.0,United Kingdom
563209,22083,PAPER CHAIN KIT RETROSPOT,4,2011-08-14 12:23:00,2.95,13527.0,United Kingdom
563209,22085,PAPER CHAIN KIT SKULLS ,3,2011-08-14 12:23:00,2.95,13527.0,United Kingdom
563209,22161,HEART DECORATION RUSTIC HANGING ,21,2011-08-14 12:23:00,0.19,13527.0,United Kingdom
563209,21916,SET 12 RETRO WHITE CHALK STICKS,3,2011-08-14 12:23:00,0.42,13527.0,United Kingdom
563209,21917,SET 12 KIDS  WHITE CHALK STICKS,3,2011-08-14 12:23:00,0.42,13527.0,United Kingdom
563209,22147,FELTCRAFT BUTTERFLY HEARTS,2,2011-08-14 12:23:00,1.45,13527.0,United Kingdom
563209,20972,PINK CREAM FELT CRAFT TRINKET BOX ,3,2011-08-14 12:23:00,1.25,13527.0,United Kingdom
563209,20971,PINK BLUE FELT CRAFT TRINKET BOX,3,2011-08-14 12:23:00,1.25,13527.0,United Kingdom
563209,22297,HEART IVORY TRELLIS SMALL,6,2011-08-14 12:23:00,1.25,13527.0,United Kingdom
563209,21390,FILIGRIS HEART WITH BUTTERFLY,6,2011-08-14 12:23:00,1.25,13527.0,United Kingdom
563209,22295,HEART FILIGREE DOVE LARGE,6,2011-08-14 12:23:00,1.65,13527.0,United Kingdom
563209,22587,FELTCRAFT HAIRBAND RED AND BLUE,8,2011-08-14 12:23:00,0.85,13527.0,United Kingdom
563209,22586,FELTCRAFT HAIRBAND PINK AND BLUE,3,2011-08-14 12:23:00,0.85,13527.0,United Kingdom
563209,22565,FELTCRAFT HAIRBANDS PINK AND WHITE ,6,2011-08-14 12:23:00,0.85,13527.0,United Kingdom
563209,22150,3 STRIPEY MICE FELTCRAFT,2,2011-08-14 12:23:00,1.95,13527.0,United Kingdom
563209,22149,FELTCRAFT 6 FLOWER FRIENDS,4,2011-08-14 12:23:00,2.1,13527.0,United Kingdom
563209,22150,3 STRIPEY MICE FELTCRAFT,2,2011-08-14 12:23:00,1.95,13527.0,United Kingdom
563209,22227,HANGING HEART MIRROR DECORATION ,2,2011-08-14 12:23:00,0.65,13527.0,United Kingdom
563209,22219,LOVEBIRD HANGING DECORATION WHITE ,5,2011-08-14 12:23:00,0.85,13527.0,United Kingdom
563209,22335,HEART DECORATION PAINTED ZINC ,6,2011-08-14 12:23:00,0.65,13527.0,United Kingdom
563209,22227,HANGING HEART MIRROR DECORATION ,6,2011-08-14 12:23:00,0.65,13527.0,United Kingdom
563209,23226,FILIGREE HEART DAISY WHITE,6,2011-08-14 12:23:00,1.25,13527.0,United Kingdom
563209,23228,FILIGREE HEART BIRD WHITE ,6,2011-08-14 12:23:00,1.25,13527.0,United Kingdom
563209,23227,FILIGREE HEART BUTTERFLY WHITE ,6,2011-08-14 12:23:00,1.25,13527.0,United Kingdom
563209,22139,RETROSPOT TEA SET CERAMIC 11 PC ,2,2011-08-14 12:23:00,4.95,13527.0,United Kingdom
563209,23321,SMALL WHITE HEART OF WICKER,6,2011-08-14 12:23:00,1.65,13527.0,United Kingdom
563209,82486,WOOD S/3 CABINET ANT WHITE FINISH,4,2011-08-14 12:23:00,8.95,13527.0,United Kingdom
563209,23331,DECORATIVE WICKER HEART SMALL,14,2011-08-14 12:23:00,0.63,13527.0,United Kingdom
563209,23263,SET OF 3 WOODEN HEART DECORATIONS,6,2011-08-14 12:23:00,1.25,13527.0,United Kingdom
563209,23102,SILVER HEARTS TABLE DECORATION,4,2011-08-14 12:23:00,0.83,13527.0,United Kingdom
563209,23100,SILVER BELLS TABLE DECORATION,4,2011-08-14 12:23:00,1.25,13527.0,United Kingdom
563209,23329,DECORATIVE WICKER HEART LARGE,4,2011-08-14 12:23:00,1.65,13527.0,United Kingdom
563209,23313,VINTAGE CHRISTMAS BUNTING,3,2011-08-14 12:23:00,4.95,13527.0,United Kingdom
563209,82483,WOOD 2 DRAWER CABINET WHITE FINISH,4,2011-08-14 12:23:00,6.95,13527.0,United Kingdom
563209,21314,SMALL GLASS HEART TRINKET POT,8,2011-08-14 12:23:00,2.1,13527.0,United Kingdom
563209,22470,HEART OF WICKER LARGE,9,2011-08-14 12:23:00,2.95,13527.0,United Kingdom
563209,23322,LARGE WHITE HEART OF WICKER,6,2011-08-14 12:23:00,2.95,13527.0,United Kingdom
563210,20685,DOORMAT RED RETROSPOT,1,2011-08-14 12:27:00,7.95,16466.0,United Kingdom
563210,22746,POPPY'S PLAYHOUSE LIVINGROOM ,1,2011-08-14 12:27:00,2.1,16466.0,United Kingdom
563210,84638,SMALL KITCHEN FLOWER POTS PLAQUE,1,2011-08-14 12:27:00,6.95,16466.0,United Kingdom
563210,21900,"KEY FOB , SHED",2,2011-08-14 12:27:00,0.65,16466.0,United Kingdom
563210,82580,BATHROOM METAL SIGN,2,2011-08-14 12:27:00,0.55,16466.0,United Kingdom
563210,85123A,WHITE HANGING HEART T-LIGHT HOLDER,6,2011-08-14 12:27:00,2.95,16466.0,United Kingdom
563210,23298,SPOTTY BUNTING,6,2011-08-14 12:27:00,4.95,16466.0,United Kingdom
563210,23129,HEART SHAPED HOLLY WREATH,2,2011-08-14 12:27:00,4.15,16466.0,United Kingdom
563210,22488,NATURAL SLATE RECTANGLE CHALKBOARD,3,2011-08-14 12:27:00,1.65,16466.0,United Kingdom
563210,22457,NATURAL SLATE HEART CHALKBOARD ,2,2011-08-14 12:27:00,2.95,16466.0,United Kingdom
563210,23313,VINTAGE CHRISTMAS BUNTING,2,2011-08-14 12:27:00,4.95,16466.0,United Kingdom
563210,37340,MULTICOLOUR SPRING FLOWER MUG,6,2011-08-14 12:27:00,0.39,16466.0,United Kingdom
563210,21535,RED RETROSPOT SMALL MILK JUG,6,2011-08-14 12:27:00,2.55,16466.0,United Kingdom
563210,21533,RETROSPOT LARGE MILK JUG,6,2011-08-14 12:27:00,4.95,16466.0,United Kingdom
563210,23109,PACK OF SIX LED TEA LIGHTS,2,2011-08-14 12:27:00,2.89,16466.0,United Kingdom
563210,21534,DAIRY MAID LARGE MILK JUG,10,2011-08-14 12:27:00,4.95,16466.0,United Kingdom
563210,22144,CHRISTMAS CRAFT LITTLE FRIENDS,3,2011-08-14 12:27:00,2.1,16466.0,United Kingdom
563210,22142,CHRISTMAS CRAFT WHITE FAIRY ,4,2011-08-14 12:27:00,1.45,16466.0,United Kingdom
563210,23322,LARGE WHITE HEART OF WICKER,3,2011-08-14 12:27:00,2.95,16466.0,United Kingdom
563210,22470,HEART OF WICKER LARGE,3,2011-08-14 12:27:00,2.95,16466.0,United Kingdom
563210,23329,DECORATIVE WICKER HEART LARGE,6,2011-08-14 12:27:00,1.65,16466.0,United Kingdom
563210,23330,DECORATIVE WICKER HEART MEDIUM,6,2011-08-14 12:27:00,1.25,16466.0,United Kingdom
563211,22997,TRAVEL CARD WALLET UNION JACK,24,2011-08-14 12:33:00,0.42,17049.0,United Kingdom
563211,20711,JUMBO BAG TOYS ,10,2011-08-14 12:33:00,2.08,17049.0,United Kingdom
563211,20712,JUMBO BAG WOODLAND ANIMALS,10,2011-08-14 12:33:00,2.08,17049.0,United Kingdom
563211,23201,JUMBO BAG ALPHABET,10,2011-08-14 12:33:00,2.08,17049.0,United Kingdom
563211,85099F,JUMBO BAG STRAWBERRY,10,2011-08-14 12:33:00,2.08,17049.0,United Kingdom
563211,85099B,JUMBO BAG RED RETROSPOT,10,2011-08-14 12:33:00,2.08,17049.0,United Kingdom
563211,23203,JUMBO BAG VINTAGE DOILY ,10,2011-08-14 12:33:00,2.08,17049.0,United Kingdom
563211,20724,RED RETROSPOT CHARLOTTE BAG,10,2011-08-14 12:33:00,0.85,17049.0,United Kingdom
563211,22661,CHARLOTTE BAG DOLLY GIRL DESIGN,10,2011-08-14 12:33:00,0.85,17049.0,United Kingdom
563211,22355,CHARLOTTE BAG SUKI DESIGN,10,2011-08-14 12:33:00,0.85,17049.0,United Kingdom
563211,20723,STRAWBERRY CHARLOTTE BAG,10,2011-08-14 12:33:00,0.85,17049.0,United Kingdom
563211,48111,DOORMAT 3 SMILEY CATS,2,2011-08-14 12:33:00,7.95,17049.0,United Kingdom
563211,48194,DOORMAT HEARTS,2,2011-08-14 12:33:00,7.95,17049.0,United Kingdom
563211,48184,DOORMAT ENGLISH ROSE ,2,2011-08-14 12:33:00,7.95,17049.0,United Kingdom
563211,48129,DOORMAT TOPIARY,2,2011-08-14 12:33:00,7.95,17049.0,United Kingdom
563211,82486,WOOD S/3 CABINET ANT WHITE FINISH,2,2011-08-14 12:33:00,8.95,17049.0,United Kingdom
563211,82483,WOOD 2 DRAWER CABINET WHITE FINISH,2,2011-08-14 12:33:00,6.95,17049.0,United Kingdom
563211,20725,LUNCH BAG RED RETROSPOT,10,2011-08-14 12:33:00,1.65,17049.0,United Kingdom
563211,20728,LUNCH BAG CARS BLUE,10,2011-08-14 12:33:00,1.65,17049.0,United Kingdom
563211,20726,LUNCH BAG WOODLAND,10,2011-08-14 12:33:00,1.65,17049.0,United Kingdom
563211,23207,LUNCH BAG ALPHABET DESIGN,10,2011-08-14 12:33:00,1.65,17049.0,United Kingdom
563212,23313,VINTAGE CHRISTMAS BUNTING,3,2011-08-14 12:41:00,4.95,17800.0,United Kingdom
563212,22383,LUNCH BAG SUKI DESIGN ,4,2011-08-14 12:41:00,1.65,17800.0,United Kingdom
563212,21380,WOODEN HAPPY BIRTHDAY GARLAND,12,2011-08-14 12:41:00,2.95,17800.0,United Kingdom
563212,22693,GROW A FLYTRAP OR SUNFLOWER IN TIN,24,2011-08-14 12:41:00,1.25,17800.0,United Kingdom
563212,47599B,BLUE PARTY BAGS ,5,2011-08-14 12:41:00,2.1,17800.0,United Kingdom
563212,47566B,TEA TIME PARTY BUNTING,5,2011-08-14 12:41:00,4.95,17800.0,United Kingdom
563212,47599A,PINK PARTY BAGS,8,2011-08-14 12:41:00,2.1,17800.0,United Kingdom
563212,21621,VINTAGE UNION JACK BUNTING,2,2011-08-14 12:41:00,8.5,17800.0,United Kingdom
563212,20974,12 PENCILS SMALL TUBE SKULL,6,2011-08-14 12:41:00,0.65,17800.0,United Kingdom
563212,22488,NATURAL SLATE RECTANGLE CHALKBOARD,4,2011-08-14 12:41:00,1.65,17800.0,United Kingdom
563212,22753,SMALL YELLOW BABUSHKA NOTEBOOK ,4,2011-08-14 12:41:00,0.85,17800.0,United Kingdom
563213,22767,TRIPLE PHOTO FRAME CORNICE ,1,2011-08-14 12:55:00,9.95,16115.0,United Kingdom
563213,22795,SWEETHEART RECIPE BOOK STAND,3,2011-08-14 12:55:00,6.75,16115.0,United Kingdom
563213,23322,LARGE WHITE HEART OF WICKER,5,2011-08-14 12:55:00,2.95,16115.0,United Kingdom
563213,23296,SET OF 6 TEA TIME BAKING CASES,4,2011-08-14 12:55:00,1.25,16115.0,United Kingdom
563213,71459,HANGING JAM JAR T-LIGHT HOLDER,24,2011-08-14 12:55:00,0.85,16115.0,United Kingdom
563213,21892,TRADITIONAL WOODEN CATCH CUP GAME ,1,2011-08-14 12:55:00,1.25,16115.0,United Kingdom
563213,21704,BAG 250g SWIRLY MARBLES,1,2011-08-14 12:55:00,0.85,16115.0,United Kingdom
563213,21210,SET OF 72 RETROSPOT PAPER  DOILIES,3,2011-08-14 12:55:00,1.45,16115.0,United Kingdom
563213,23294,SET OF 6 SNACK LOAF BAKING CASES,6,2011-08-14 12:55:00,0.83,16115.0,United Kingdom
563213,23295,SET OF 12 MINI LOAF BAKING CASES,6,2011-08-14 12:55:00,0.83,16115.0,United Kingdom
563213,22720,SET OF 3 CAKE TINS PANTRY DESIGN ,2,2011-08-14 12:55:00,4.95,16115.0,United Kingdom
563213,23198,PANTRY MAGNETIC  SHOPPING LIST,3,2011-08-14 12:55:00,1.45,16115.0,United Kingdom
563213,22352,LUNCH BOX WITH CUTLERY RETROSPOT ,2,2011-08-14 12:55:00,2.55,16115.0,United Kingdom
563213,23293,SET OF 12 FAIRY CAKE BAKING CASES,1,2011-08-14 12:55:00,0.83,16115.0,United Kingdom
563213,22667,RECIPE BOX RETROSPOT ,3,2011-08-14 12:55:00,2.95,16115.0,United Kingdom
563213,23243,SET OF TEA COFFEE SUGAR TINS PANTRY,2,2011-08-14 12:55:00,4.95,16115.0,United Kingdom
563213,22620,4 TRADITIONAL SPINNING TOPS,1,2011-08-14 12:55:00,1.45,16115.0,United Kingdom
563213,22993,SET OF 4 PANTRY JELLY MOULDS,4,2011-08-14 12:55:00,1.25,16115.0,United Kingdom
563213,23307,SET OF 60 PANTRY DESIGN CAKE CASES ,8,2011-08-14 12:55:00,0.55,16115.0,United Kingdom
563213,21672,WHITE SPOT RED CERAMIC DRAWER KNOB,6,2011-08-14 12:55:00,1.25,16115.0,United Kingdom
563213,21673,WHITE SPOT BLUE CERAMIC DRAWER KNOB,6,2011-08-14 12:55:00,1.25,16115.0,United Kingdom
563213,21668,RED STRIPE CERAMIC DRAWER KNOB,6,2011-08-14 12:55:00,1.25,16115.0,United Kingdom
563213,21669,BLUE STRIPE CERAMIC DRAWER KNOB,6,2011-08-14 12:55:00,1.25,16115.0,United Kingdom
563213,22565,FELTCRAFT HAIRBANDS PINK AND WHITE ,5,2011-08-14 12:55:00,0.85,16115.0,United Kingdom
563213,22587,FELTCRAFT HAIRBAND RED AND BLUE,5,2011-08-14 12:55:00,0.85,16115.0,United Kingdom
563213,22725,ALARM CLOCK BAKELIKE CHOCOLATE,1,2011-08-14 12:55:00,3.75,16115.0,United Kingdom
563213,22726,ALARM CLOCK BAKELIKE GREEN,1,2011-08-14 12:55:00,3.75,16115.0,United Kingdom
563213,22728,ALARM CLOCK BAKELIKE PINK,1,2011-08-14 12:55:00,3.75,16115.0,United Kingdom
563213,22729,ALARM CLOCK BAKELIKE ORANGE,1,2011-08-14 12:55:00,3.75,16115.0,United Kingdom
563213,22730,ALARM CLOCK BAKELIKE IVORY,1,2011-08-14 12:55:00,3.75,16115.0,United Kingdom
563213,20971,PINK BLUE FELT CRAFT TRINKET BOX,5,2011-08-14 12:55:00,1.25,16115.0,United Kingdom
563213,20972,PINK CREAM FELT CRAFT TRINKET BOX ,5,2011-08-14 12:55:00,1.25,16115.0,United Kingdom
563213,21916,SET 12 RETRO WHITE CHALK STICKS,6,2011-08-14 12:55:00,0.42,16115.0,United Kingdom
563213,22666,RECIPE BOX PANTRY YELLOW DESIGN,3,2011-08-14 12:55:00,2.95,16115.0,United Kingdom
563213,23302,KNEELING MAT HOUSEWORK  DESIGN,3,2011-08-14 12:55:00,1.65,16115.0,United Kingdom
563213,23300,GARDENERS KNEELING PAD CUP OF TEA ,3,2011-08-14 12:55:00,1.65,16115.0,United Kingdom
563213,23301,GARDENERS KNEELING PAD KEEP CALM ,3,2011-08-14 12:55:00,1.65,16115.0,United Kingdom
563213,85099B,JUMBO BAG RED RETROSPOT,1,2011-08-14 12:55:00,2.08,16115.0,United Kingdom
563213,22411,JUMBO SHOPPER VINTAGE RED PAISLEY,2,2011-08-14 12:55:00,2.08,16115.0,United Kingdom
563213,22386,JUMBO BAG PINK POLKADOT,2,2011-08-14 12:55:00,2.08,16115.0,United Kingdom
563213,85099B,JUMBO BAG RED RETROSPOT,2,2011-08-14 12:55:00,2.08,16115.0,United Kingdom
563213,20725,LUNCH BAG RED RETROSPOT,3,2011-08-14 12:55:00,1.65,16115.0,United Kingdom
563213,21499,BLUE POLKADOT WRAP,25,2011-08-14 12:55:00,0.42,16115.0,United Kingdom
563213,21498,RED RETROSPOT WRAP ,25,2011-08-14 12:55:00,0.42,16115.0,United Kingdom
563214,22667,RECIPE BOX RETROSPOT ,1,2011-08-14 12:56:00,2.95,16370.0,United Kingdom
563214,22186,RED STAR CARD HOLDER,1,2011-08-14 12:56:00,2.95,16370.0,United Kingdom
563214,22838,3 TIER CAKE TIN RED AND CREAM,1,2011-08-14 12:56:00,14.95,16370.0,United Kingdom
563214,21212,PACK OF 72 RETROSPOT CAKE CASES,3,2011-08-14 12:56:00,0.55,16370.0,United Kingdom
563214,21213,PACK OF 72 SKULL CAKE CASES,4,2011-08-14 12:56:00,0.55,16370.0,United Kingdom
563214,23309,SET OF 60 I LOVE LONDON CAKE CASES ,3,2011-08-14 12:56:00,0.55,16370.0,United Kingdom
563214,23307,SET OF 60 PANTRY DESIGN CAKE CASES ,4,2011-08-14 12:56:00,0.55,16370.0,United Kingdom
563214,84992,72 SWEETHEART FAIRY CAKE CASES,5,2011-08-14 12:56:00,0.55,16370.0,United Kingdom
563214,22080,RIBBON REEL POLKADOTS ,5,2011-08-14 12:56:00,1.65,16370.0,United Kingdom
563214,20977,36 PENCILS TUBE WOODLAND,4,2011-08-14 12:56:00,1.25,16370.0,United Kingdom
563214,20996,JAZZ HEARTS ADDRESS BOOK,6,2011-08-14 12:56:00,0.19,16370.0,United Kingdom
563214,20979,36 PENCILS TUBE RED RETROSPOT,4,2011-08-14 12:56:00,1.25,16370.0,United Kingdom
563214,23297,SET 40 HEART SHAPE PETIT FOUR CASES,6,2011-08-14 12:56:00,1.65,16370.0,United Kingdom
563214,84380,SET OF 3 BUTTERFLY COOKIE CUTTERS,5,2011-08-14 12:56:00,1.25,16370.0,United Kingdom
563214,84378,SET OF 3 HEART COOKIE CUTTERS,4,2011-08-14 12:56:00,1.25,16370.0,United Kingdom
563214,22077,6 RIBBONS RUSTIC CHARM,1,2011-08-14 12:56:00,1.65,16370.0,United Kingdom
563214,22079,RIBBON REEL HEARTS DESIGN ,5,2011-08-14 12:56:00,1.65,16370.0,United Kingdom
563214,22759,SET OF 3 NOTEBOOKS IN PARCEL,6,2011-08-14 12:56:00,1.65,16370.0,United Kingdom
563214,20983,12 PENCILS TALL TUBE RED RETROSPOT,5,2011-08-14 12:56:00,0.85,16370.0,United Kingdom
563214,20992,JAZZ HEARTS PURSE NOTEBOOK,6,2011-08-14 12:56:00,0.39,16370.0,United Kingdom
563214,85049F,BABY BOOM RIBBONS ,3,2011-08-14 12:56:00,1.25,16370.0,United Kingdom
563214,85049E,SCANDINAVIAN REDS RIBBONS,2,2011-08-14 12:56:00,1.25,16370.0,United Kingdom
563214,22077,6 RIBBONS RUSTIC CHARM,1,2011-08-14 12:56:00,1.65,16370.0,United Kingdom
563214,22637,PIGGY BANK RETROSPOT ,2,2011-08-14 12:56:00,2.55,16370.0,United Kingdom
563214,22086,PAPER CHAIN KIT 50'S CHRISTMAS ,3,2011-08-14 12:56:00,2.95,16370.0,United Kingdom
563214,22910,PAPER CHAIN KIT VINTAGE CHRISTMAS,3,2011-08-14 12:56:00,2.95,16370.0,United Kingdom
563214,23344,JUMBO BAG 50'S CHRISTMAS ,4,2011-08-14 12:56:00,2.08,16370.0,United Kingdom
563214,22776,SWEETHEART CAKESTAND 3 TIER,1,2011-08-14 12:56:00,9.95,16370.0,United Kingdom
563214,23323,WHITE WICKER STAR ,1,2011-08-14 12:56:00,2.1,16370.0,United Kingdom
563214,23322,LARGE WHITE HEART OF WICKER,4,2011-08-14 12:56:00,2.95,16370.0,United Kingdom
563214,23321,SMALL WHITE HEART OF WICKER,3,2011-08-14 12:56:00,1.65,16370.0,United Kingdom
563214,22804,CANDLEHOLDER PINK HANGING HEART,2,2011-08-14 12:56:00,2.95,16370.0,United Kingdom
563214,85123A,WHITE HANGING HEART T-LIGHT HOLDER,4,2011-08-14 12:56:00,2.95,16370.0,United Kingdom
563214,20828,GLITTER BUTTERFLY CLIPS,3,2011-08-14 12:56:00,2.55,16370.0,United Kingdom
563214,20914,SET/5 RED RETROSPOT LID GLASS BOWLS,2,2011-08-14 12:56:00,2.95,16370.0,United Kingdom
563214,22666,RECIPE BOX PANTRY YELLOW DESIGN,1,2011-08-14 12:56:00,2.95,16370.0,United Kingdom
563214,22171,3 HOOK PHOTO SHELF ANTIQUE WHITE,1,2011-08-14 12:56:00,8.5,16370.0,United Kingdom
563214,47591D,PINK FAIRY CAKE CHILDRENS APRON,1,2011-08-14 12:56:00,1.95,16370.0,United Kingdom
563214,47591D,PINK FAIRY CAKE CHILDRENS APRON,1,2011-08-14 12:56:00,1.95,16370.0,United Kingdom
563214,22895,SET OF 2 TEA TOWELS APPLE AND PEARS,1,2011-08-14 12:56:00,3.25,16370.0,United Kingdom
563214,22989,SET 2 PANTRY DESIGN TEA TOWELS,1,2011-08-14 12:56:00,3.25,16370.0,United Kingdom
563214,22355,CHARLOTTE BAG SUKI DESIGN,4,2011-08-14 12:56:00,0.85,16370.0,United Kingdom
563214,20719,WOODLAND CHARLOTTE BAG,3,2011-08-14 12:56:00,0.85,16370.0,United Kingdom
563214,20723,STRAWBERRY CHARLOTTE BAG,2,2011-08-14 12:56:00,0.85,16370.0,United Kingdom
563214,20728,LUNCH BAG CARS BLUE,1,2011-08-14 12:56:00,1.65,16370.0,United Kingdom
563214,22383,LUNCH BAG SUKI DESIGN ,2,2011-08-14 12:56:00,1.65,16370.0,United Kingdom
563214,22356,CHARLOTTE BAG PINK POLKADOT,3,2011-08-14 12:56:00,0.85,16370.0,United Kingdom
563214,85099F,JUMBO BAG STRAWBERRY,3,2011-08-14 12:56:00,2.08,16370.0,United Kingdom
563214,21931,JUMBO STORAGE BAG SUKI,4,2011-08-14 12:56:00,2.08,16370.0,United Kingdom
563214,85099B,JUMBO BAG RED RETROSPOT,5,2011-08-14 12:56:00,2.08,16370.0,United Kingdom
563214,22386,JUMBO BAG PINK POLKADOT,5,2011-08-14 12:56:00,2.08,16370.0,United Kingdom
563214,22381,TOY TIDY PINK POLKADOT,2,2011-08-14 12:56:00,2.1,16370.0,United Kingdom
563214,23199,JUMBO BAG APPLES,7,2011-08-14 12:56:00,2.08,16370.0,United Kingdom
563214,23200,JUMBO BAG PEARS,5,2011-08-14 12:56:00,2.08,16370.0,United Kingdom
563214,20713,JUMBO BAG OWLS,3,2011-08-14 12:56:00,2.08,16370.0,United Kingdom
563214,22386,JUMBO BAG PINK POLKADOT,1,2011-08-14 12:56:00,2.08,16370.0,United Kingdom
563214,85099B,JUMBO BAG RED RETROSPOT,1,2011-08-14 12:56:00,2.08,16370.0,United Kingdom
563214,20712,JUMBO BAG WOODLAND ANIMALS,2,2011-08-14 12:56:00,2.08,16370.0,United Kingdom
563214,48188,DOORMAT WELCOME PUPPIES,1,2011-08-14 12:56:00,7.95,16370.0,United Kingdom
563214,48194,DOORMAT HEARTS,1,2011-08-14 12:56:00,7.95,16370.0,United Kingdom
563214,20685,DOORMAT RED RETROSPOT,2,2011-08-14 12:56:00,7.95,16370.0,United Kingdom
563214,22644,CERAMIC CHERRY CAKE MONEY BANK,2,2011-08-14 12:56:00,1.45,16370.0,United Kingdom
563214,22645,CERAMIC HEART FAIRY CAKE MONEY BANK,2,2011-08-14 12:56:00,1.45,16370.0,United Kingdom
563214,22646,CERAMIC STRAWBERRY CAKE MONEY BANK,4,2011-08-14 12:56:00,1.45,16370.0,United Kingdom
563214,22628,PICNIC BOXES SET OF 3 RETROSPOT ,1,2011-08-14 12:56:00,4.95,16370.0,United Kingdom
563214,21724,PANDA AND BUNNIES STICKER SHEET,2,2011-08-14 12:56:00,0.85,16370.0,United Kingdom
563214,22329,ROUND CONTAINER SET OF 5 RETROSPOT,1,2011-08-14 12:56:00,1.65,16370.0,United Kingdom
563214,22328,ROUND SNACK BOXES SET OF 4 FRUITS ,2,2011-08-14 12:56:00,2.95,16370.0,United Kingdom
563214,22329,ROUND CONTAINER SET OF 5 RETROSPOT,1,2011-08-14 12:56:00,1.65,16370.0,United Kingdom
563214,22846,BREAD BIN DINER STYLE RED ,1,2011-08-14 12:56:00,16.95,16370.0,United Kingdom
563214,22847,BREAD BIN DINER STYLE IVORY,1,2011-08-14 12:56:00,16.95,16370.0,United Kingdom
563215,23203,JUMBO BAG DOILEY PATTERNS,10,2011-08-14 12:56:00,2.08,15683.0,United Kingdom
563215,23300,GARDENERS KNEELING PAD CUP OF TEA ,12,2011-08-14 12:56:00,1.65,15683.0,United Kingdom
563215,22139,RETROSPOT TEA SET CERAMIC 11 PC ,3,2011-08-14 12:56:00,4.95,15683.0,United Kingdom
563215,23188,VINTAGE  2 METER FOLDING RULER,12,2011-08-14 12:56:00,1.65,15683.0,United Kingdom
563215,22592,CARDHOLDER HOLLY WREATH METAL,4,2011-08-14 12:56:00,3.75,15683.0,United Kingdom
563215,22086,PAPER CHAIN KIT 50'S CHRISTMAS ,6,2011-08-14 12:56:00,2.95,15683.0,United Kingdom
563215,22907,PACK OF 20 NAPKINS PANTRY DESIGN,12,2011-08-14 12:56:00,0.85,15683.0,United Kingdom
563215,22969,HOMEMADE JAM SCENTED CANDLES,12,2011-08-14 12:56:00,1.45,15683.0,United Kingdom
563215,22961,JAM MAKING SET PRINTED,12,2011-08-14 12:56:00,1.45,15683.0,United Kingdom
563215,22741,FUNKY DIVA PEN,48,2011-08-14 12:56:00,0.85,15683.0,United Kingdom
563216,85054,FRENCH ENAMEL POT W LID,1,2011-08-14 13:14:00,2.95,17841.0,United Kingdom
563216,22318,FIVE HEART HANGING DECORATION,1,2011-08-14 13:14:00,2.95,17841.0,United Kingdom
563216,23000,TRAVEL CARD WALLET TRANSPORT,1,2011-08-14 13:14:00,0.42,17841.0,United Kingdom
563216,23004,TRAVEL CARD WALLET PANTRY,1,2011-08-14 13:14:00,0.42,17841.0,United Kingdom
563216,22998,TRAVEL CARD WALLET KEEP CALM,1,2011-08-14 13:14:00,0.42,17841.0,United Kingdom
563216,22174,PHOTO CUBE,1,2011-08-14 13:14:00,1.65,17841.0,United Kingdom
563216,22041,"RECORD FRAME 7"" SINGLE SIZE ",3,2011-08-14 13:14:00,2.55,17841.0,United Kingdom
563216,21770,OPEN CLOSED METAL SIGN,1,2011-08-14 13:14:00,4.95,17841.0,United Kingdom
563216,23253,16 PIECE CUTLERY SET PANTRY DESIGN,2,2011-08-14 13:14:00,15.95,17841.0,United Kingdom
563216,22616,PACK OF 12 LONDON TISSUES ,1,2011-08-14 13:14:00,0.29,17841.0,United Kingdom
563216,23309,SET OF 60 I LOVE LONDON CAKE CASES ,1,2011-08-14 13:14:00,0.55,17841.0,United Kingdom
563216,21672,WHITE SPOT RED CERAMIC DRAWER KNOB,2,2011-08-14 13:14:00,1.25,17841.0,United Kingdom
563216,21668,RED STRIPE CERAMIC DRAWER KNOB,2,2011-08-14 13:14:00,1.25,17841.0,United Kingdom
563216,21718,RED METAL BEACH SPADE ,1,2011-08-14 13:14:00,1.25,17841.0,United Kingdom
563216,21927,BLUE/CREAM STRIPE CUSHION COVER ,4,2011-08-14 13:14:00,1.25,17841.0,United Kingdom
563216,21629,SQUARE FLOOR CUSHION VINTAGE RED,1,2011-08-14 13:14:00,7.95,17841.0,United Kingdom
563216,85114B,IVORY ENCHANTED FOREST PLACEMAT,4,2011-08-14 13:14:00,1.65,17841.0,United Kingdom
563216,22896,PEG BAG APPLES DESIGN,1,2011-08-14 13:14:00,2.55,17841.0,United Kingdom
563216,85019A,ROMANTIC IMAGES NOTEBOOK SET,1,2011-08-14 13:14:00,1.25,17841.0,United Kingdom
563216,22494,EMERGENCY FIRST AID TIN ,1,2011-08-14 13:14:00,1.25,17841.0,United Kingdom
563216,47421,ASSORTED COLOUR LIZARD SUCTION HOOK,1,2011-08-14 13:14:00,0.42,17841.0,United Kingdom
563216,23146,TRIPLE HOOK ANTIQUE IVORY ROSE,1,2011-08-14 13:14:00,3.29,17841.0,United Kingdom
563216,21975,PACK OF 60 DINOSAUR CAKE CASES,2,2011-08-14 13:14:00,0.55,17841.0,United Kingdom
563216,21439,BASKET OF TOADSTOOLS,1,2011-08-14 13:14:00,1.25,17841.0,United Kingdom
563216,21931,JUMBO STORAGE BAG SUKI,1,2011-08-14 13:14:00,2.08,17841.0,United Kingdom
563216,22385,JUMBO BAG SPACEBOY DESIGN,1,2011-08-14 13:14:00,2.08,17841.0,United Kingdom
563216,22662,LUNCH BAG DOLLY GIRL DESIGN,1,2011-08-14 13:14:00,1.65,17841.0,United Kingdom
563216,20718,RED RETROSPOT SHOPPER BAG,3,2011-08-14 13:14:00,1.25,17841.0,United Kingdom
563216,22383,LUNCH BAG SUKI DESIGN ,1,2011-08-14 13:14:00,1.65,17841.0,United Kingdom
563216,23145,ZINC T-LIGHT HOLDER STAR LARGE,1,2011-08-14 13:14:00,0.95,17841.0,United Kingdom
563216,23144,ZINC T-LIGHT HOLDER STARS SMALL,2,2011-08-14 13:14:00,0.83,17841.0,United Kingdom
563216,22467,GUMBALL COAT RACK,2,2011-08-14 13:14:00,2.55,17841.0,United Kingdom
563216,22882,NUMBER TILE VINTAGE FONT 3,3,2011-08-14 13:14:00,1.95,17841.0,United Kingdom
563216,22429,ENAMEL MEASURING JUG CREAM,1,2011-08-14 13:14:00,4.25,17841.0,United Kingdom
563216,22775,PURPLE DRAWERKNOB ACRYLIC EDWARDIAN,2,2011-08-14 13:14:00,1.25,17841.0,United Kingdom
563216,22772,PINK DRAWER KNOB ACRYLIC EDWARDIAN,1,2011-08-14 13:14:00,1.25,17841.0,United Kingdom
563216,21718,RED METAL BEACH SPADE ,2,2011-08-14 13:14:00,1.25,17841.0,United Kingdom
563216,20828,GLITTER BUTTERFLY CLIPS,1,2011-08-14 13:14:00,2.55,17841.0,United Kingdom
563216,20829,GLITTER HANGING BUTTERFLY STRING,2,2011-08-14 13:14:00,2.1,17841.0,United Kingdom
563216,72349B,SET/6 PURPLE BUTTERFLY T-LIGHTS,8,2011-08-14 13:14:00,2.1,17841.0,United Kingdom
563216,21389,IVORY HANGING DECORATION  BIRD,1,2011-08-14 13:14:00,0.85,17841.0,United Kingdom
563216,21121,SET/10 RED POLKADOT PARTY CANDLES,1,2011-08-14 13:14:00,1.25,17841.0,United Kingdom
563216,21124,SET/10 BLUE POLKADOT PARTY CANDLES,1,2011-08-14 13:14:00,1.25,17841.0,United Kingdom
563216,22756,LARGE YELLOW BABUSHKA NOTEBOOK ,1,2011-08-14 13:14:00,1.25,17841.0,United Kingdom
563216,22979,PANTRY WASHING UP BRUSH,2,2011-08-14 13:14:00,1.45,17841.0,United Kingdom
563216,22961,JAM MAKING SET PRINTED,1,2011-08-14 13:14:00,1.45,17841.0,United Kingdom
563216,21389,IVORY HANGING DECORATION  BIRD,4,2011-08-14 13:14:00,0.85,17841.0,United Kingdom
563216,22639,SET OF 4 NAPKIN CHARMS HEARTS,1,2011-08-14 13:14:00,2.55,17841.0,United Kingdom
563216,22557,PLASTERS IN TIN VINTAGE PAISLEY ,1,2011-08-14 13:14:00,1.65,17841.0,United Kingdom
563216,22553,PLASTERS IN TIN SKULLS,1,2011-08-14 13:14:00,1.65,17841.0,United Kingdom
563216,17129F,BLUE GLASS GEMS IN BAG,7,2011-08-14 13:14:00,0.85,17841.0,United Kingdom
563216,22431,WATERING CAN BLUE ELEPHANT,1,2011-08-14 13:14:00,1.95,17841.0,United Kingdom
563216,23158,SET OF 5 LUCKY CAT MAGNETS ,1,2011-08-14 13:14:00,2.08,17841.0,United Kingdom
563216,22705,WRAP GREEN PEARS ,25,2011-08-14 13:14:00,0.42,17841.0,United Kingdom
563216,79321,CHILLI LIGHTS,3,2011-08-14 13:14:00,5.75,17841.0,United Kingdom
563216,22760,"TRAY, BREAKFAST IN BED",2,2011-08-14 13:14:00,12.75,17841.0,United Kingdom
563216,22282,12 EGG HOUSE PAINTED WOOD,1,2011-08-14 13:14:00,12.75,17841.0,United Kingdom
563216,22252,BIRDCAGE DECORATION TEALIGHT HOLDER,4,2011-08-14 13:14:00,1.25,17841.0,United Kingdom
563216,22427,ENAMEL FLOWER JUG CREAM,2,2011-08-14 13:14:00,5.95,17841.0,United Kingdom
563216,21684,SMALL MEDINA STAMPED METAL BOWL ,2,2011-08-14 13:14:00,0.85,17841.0,United Kingdom
563216,21683,MEDIUM MEDINA STAMPED METAL BOWL ,2,2011-08-14 13:14:00,2.95,17841.0,United Kingdom
563216,21682,LARGE MEDINA STAMPED METAL BOWL ,2,2011-08-14 13:14:00,4.95,17841.0,United Kingdom
563217,21080,SET/20 RED RETROSPOT PAPER NAPKINS ,12,2011-08-14 13:21:00,0.85,13515.0,United Kingdom
563217,21790,VINTAGE SNAP CARDS,12,2011-08-14 13:21:00,0.85,13515.0,United Kingdom
563217,82001S,VINYL RECORD FRAME SILVER,4,2011-08-14 13:21:00,3.75,13515.0,United Kingdom
563217,21175,GIN + TONIC DIET METAL SIGN,12,2011-08-14 13:21:00,2.55,13515.0,United Kingdom
563217,20718,RED RETROSPOT SHOPPER BAG,10,2011-08-14 13:21:00,1.25,13515.0,United Kingdom
563217,22355,CHARLOTTE BAG SUKI DESIGN,10,2011-08-14 13:21:00,0.85,13515.0,United Kingdom
563217,20717,STRAWBERRY SHOPPER BAG,10,2011-08-14 13:21:00,1.25,13515.0,United Kingdom
563217,21500,PINK POLKADOT WRAP ,25,2011-08-14 13:21:00,0.42,13515.0,United Kingdom
563217,21499,BLUE POLKADOT WRAP,25,2011-08-14 13:21:00,0.42,13515.0,United Kingdom
563217,22661,CHARLOTTE BAG DOLLY GIRL DESIGN,10,2011-08-14 13:21:00,0.85,13515.0,United Kingdom
563217,23302,KNEELING MAT HOUSEWORK  DESIGN,12,2011-08-14 13:21:00,1.65,13515.0,United Kingdom
563217,23300,GARDENERS KNEELING PAD CUP OF TEA ,12,2011-08-14 13:21:00,1.65,13515.0,United Kingdom
563217,23301,GARDENERS KNEELING PAD KEEP CALM ,12,2011-08-14 13:21:00,1.65,13515.0,United Kingdom
C563218,22383,LUNCH BAG SUKI DESIGN ,-1,2011-08-14 14:15:00,1.65,16401.0,United Kingdom
C563219,22469,HEART OF WICKER SMALL,-11,2011-08-14 14:17:00,1.65,17644.0,United Kingdom
C563220,23243,SET OF TEA COFFEE SUGAR TINS PANTRY,-2,2011-08-14 14:22:00,4.95,16150.0,United Kingdom
C563220,22469,HEART OF WICKER SMALL,-6,2011-08-14 14:22:00,1.65,16150.0,United Kingdom
C563220,21289,LARGE STRIPES CHOCOLATE GIFT BAG,-4,2011-08-14 14:22:00,1.25,16150.0,United Kingdom
C563221,22780,LIGHT GARLAND BUTTERFILES PINK,-3,2011-08-14 14:23:00,4.25,17611.0,United Kingdom
C563222,22460,EMBOSSED GLASS TEALIGHT HOLDER,-3,2011-08-14 14:28:00,1.25,15660.0,United Kingdom
C563223,37446,MINI CAKE STAND WITH HANGING CAKES,-1,2011-08-14 14:30:00,1.45,16292.0,United Kingdom
C563223,37449,CERAMIC CAKE STAND + HANGING CAKES,-2,2011-08-14 14:30:00,9.95,16292.0,United Kingdom
C563224,23298,SPOTTY BUNTING,-1,2011-08-14 14:33:00,4.95,12409.0,Switzerland
C563225,D,Discount,-1,2011-08-14 14:35:00,434.51,14911.0,EIRE
C563226,23253,16 PIECE CUTLERY SET PANTRY DESIGN,-1,2011-08-14 14:36:00,15.95,13116.0,United Kingdom
563227,37447,CERAMIC CAKE DESIGN SPOTTED PLATE,48,2011-08-14 15:33:00,1.25,14301.0,United Kingdom
563227,37450,CERAMIC CAKE BOWL + HANGING CAKES,18,2011-08-14 15:33:00,2.55,14301.0,United Kingdom
563227,22063,CERAMIC BOWL WITH STRAWBERRY DESIGN,36,2011-08-14 15:33:00,2.55,14301.0,United Kingdom
563227,37446,MINI CAKE STAND WITH HANGING CAKES,32,2011-08-14 15:33:00,1.25,14301.0,United Kingdom
563227,23076,ICE CREAM SUNDAE LIP GLOSS,24,2011-08-14 15:33:00,1.25,14301.0,United Kingdom
563227,23077,DOUGHNUT LIP GLOSS ,40,2011-08-14 15:33:00,1.25,14301.0,United Kingdom
563227,21790,VINTAGE SNAP CARDS,24,2011-08-14 15:33:00,0.85,14301.0,United Kingdom
563227,21892,TRADITIONAL WOODEN CATCH CUP GAME ,12,2011-08-14 15:33:00,1.25,14301.0,United Kingdom
563227,22620,4 TRADITIONAL SPINNING TOPS,12,2011-08-14 15:33:00,1.45,14301.0,United Kingdom
563227,23310,BUBBLEGUM RING ASSORTED,180,2011-08-14 15:33:00,0.36,14301.0,United Kingdom
563227,21231,SWEETHEART CERAMIC TRINKET BOX,72,2011-08-14 15:33:00,1.06,14301.0,United Kingdom
563227,21232,STRAWBERRY CERAMIC TRINKET BOX,72,2011-08-14 15:33:00,1.06,14301.0,United Kingdom
563227,22067,CHOC TRUFFLE GOLD TRINKET POT ,36,2011-08-14 15:33:00,1.45,14301.0,United Kingdom
563228,22222,CAKE PLATE LOVEBIRD WHITE,1,2011-08-14 15:34:00,4.95,17988.0,United Kingdom
563228,22840,ROUND CAKE TIN VINTAGE RED,1,2011-08-14 15:34:00,7.95,17988.0,United Kingdom
563228,22838,3 TIER CAKE TIN RED AND CREAM,1,2011-08-14 15:34:00,14.95,17988.0,United Kingdom
563228,22624,IVORY KITCHEN SCALES,1,2011-08-14 15:34:00,8.5,17988.0,United Kingdom
563228,22842,BISCUIT TIN VINTAGE RED,1,2011-08-14 15:34:00,6.75,17988.0,United Kingdom
563228,23315,IVORY REFECTORY CLOCK,1,2011-08-14 15:34:00,9.95,17988.0,United Kingdom
563229,23173,REGENCY TEAPOT ROSES ,1,2011-08-14 15:35:00,9.95,17988.0,United Kingdom
563229,21135,VICTORIAN  METAL POSTCARD SPRING,1,2011-08-14 15:35:00,1.69,17988.0,United Kingdom
563230,22977,DOLLY GIRL CHILDRENS EGG CUP,4,2011-08-14 15:39:00,1.25,15376.0,United Kingdom
563230,23175,REGENCY MILK JUG PINK ,2,2011-08-14 15:39:00,3.25,15376.0,United Kingdom
563230,22467,GUMBALL COAT RACK,4,2011-08-14 15:39:00,2.55,15376.0,United Kingdom
563230,82567,"AIRLINE LOUNGE,METAL SIGN",3,2011-08-14 15:39:00,2.1,15376.0,United Kingdom
563230,21175,GIN + TONIC DIET METAL SIGN,2,2011-08-14 15:39:00,2.55,15376.0,United Kingdom
563230,82600,NO SINGING METAL SIGN,2,2011-08-14 15:39:00,2.1,15376.0,United Kingdom
563230,21430,SET/3 RED GINGHAM ROSE STORAGE BOX,3,2011-08-14 15:39:00,3.75,15376.0,United Kingdom
563230,84356,POMPOM CURTAIN,2,2011-08-14 15:39:00,6.95,15376.0,United Kingdom
563230,82494L,WOODEN FRAME ANTIQUE WHITE ,3,2011-08-14 15:39:00,2.95,15376.0,United Kingdom
563230,22630,DOLLY GIRL LUNCH BOX,4,2011-08-14 15:39:00,1.95,15376.0,United Kingdom
563230,22629,SPACEBOY LUNCH BOX ,2,2011-08-14 15:39:00,1.95,15376.0,United Kingdom
563230,22367,CHILDRENS APRON SPACEBOY DESIGN,2,2011-08-14 15:39:00,1.95,15376.0,United Kingdom
563230,21156,RETROSPOT CHILDRENS APRON,2,2011-08-14 15:39:00,1.95,15376.0,United Kingdom
563230,22899,CHILDREN'S APRON DOLLY GIRL ,4,2011-08-14 15:39:00,2.1,15376.0,United Kingdom
563230,22975,SPACEBOY CHILDRENS EGG CUP,4,2011-08-14 15:39:00,1.25,15376.0,United Kingdom
563230,21429,RED GINGHAM ROSE JEWELLERY BOX,4,2011-08-14 15:39:00,1.95,15376.0,United Kingdom
563230,23254,CHILDRENS CUTLERY DOLLY GIRL ,4,2011-08-14 15:39:00,4.15,15376.0,United Kingdom
563230,23256,CHILDRENS CUTLERY SPACEBOY ,4,2011-08-14 15:39:00,4.15,15376.0,United Kingdom
563230,20772,GARDEN PATH JOURNAL,4,2011-08-14 15:39:00,2.55,15376.0,United Kingdom
563230,22757,LARGE RED BABUSHKA NOTEBOOK ,4,2011-08-14 15:39:00,1.25,15376.0,United Kingdom
563230,22756,LARGE YELLOW BABUSHKA NOTEBOOK ,4,2011-08-14 15:39:00,1.25,15376.0,United Kingdom
563230,22753,SMALL YELLOW BABUSHKA NOTEBOOK ,4,2011-08-14 15:39:00,0.85,15376.0,United Kingdom
563230,22754,SMALL RED BABUSHKA NOTEBOOK ,4,2011-08-14 15:39:00,0.85,15376.0,United Kingdom
563230,23164,REGENCY CAKE SLICE,3,2011-08-14 15:39:00,4.95,15376.0,United Kingdom
563230,22726,ALARM CLOCK BAKELIKE GREEN,2,2011-08-14 15:39:00,3.75,15376.0,United Kingdom
563230,22727,ALARM CLOCK BAKELIKE RED ,2,2011-08-14 15:39:00,3.75,15376.0,United Kingdom
563230,23163,REGENCY SUGAR TONGS,4,2011-08-14 15:39:00,2.49,15376.0,United Kingdom
563230,23174,REGENCY SUGAR BOWL GREEN,2,2011-08-14 15:39:00,4.15,15376.0,United Kingdom
563230,23173,REGENCY TEAPOT ROSES ,2,2011-08-14 15:39:00,9.95,15376.0,United Kingdom
563230,21135,VICTORIAN  METAL POSTCARD SPRING,6,2011-08-14 15:39:00,1.69,15376.0,United Kingdom
563230,23346,SPACEBOY BEAKER,6,2011-08-14 15:39:00,1.25,15376.0,United Kingdom
563230,23345, DOLLY GIRL BEAKER,6,2011-08-14 15:39:00,1.25,15376.0,United Kingdom
563230,20866,BLUE ROSE FABRIC MIRROR,5,2011-08-14 15:39:00,1.25,15376.0,United Kingdom
563230,23196,VINTAGE LEAF MAGNETIC NOTEPAD,6,2011-08-14 15:39:00,1.45,15376.0,United Kingdom
563230,22195,LARGE HEART MEASURING SPOONS,4,2011-08-14 15:39:00,1.65,15376.0,United Kingdom
563230,23237,SET OF 4 KNICK KNACK TINS LEAF,2,2011-08-14 15:39:00,4.15,15376.0,United Kingdom
563230,23208,LUNCH BAG VINTAGE LEAF DESIGN,5,2011-08-14 15:39:00,1.65,15376.0,United Kingdom
563230,23289,DOLLY GIRL CHILDRENS BOWL,6,2011-08-14 15:39:00,1.25,15376.0,United Kingdom
563230,23290,SPACEBOY CHILDRENS BOWL,6,2011-08-14 15:39:00,1.25,15376.0,United Kingdom
563230,23307,SET OF 60 PANTRY DESIGN CAKE CASES ,5,2011-08-14 15:39:00,0.55,15376.0,United Kingdom
563230,84692,BOX OF 24 COCKTAIL PARASOLS,8,2011-08-14 15:39:00,0.42,15376.0,United Kingdom
563230,23122,PARTY CHARMS 50 PIECES,3,2011-08-14 15:39:00,0.83,15376.0,United Kingdom
563230,22131,FOOD CONTAINER SET 3 LOVE HEART ,4,2011-08-14 15:39:00,1.95,15376.0,United Kingdom
563231,22175,PINK OWL SOFT TOY,1,2011-08-14 15:42:00,2.95,14658.0,United Kingdom
563231,22176,BLUE OWL SOFT TOY,1,2011-08-14 15:42:00,2.95,14658.0,United Kingdom
563231,22768,FAMILY PHOTO FRAME CORNICE,1,2011-08-14 15:42:00,9.95,14658.0,United Kingdom
563231,84078A,SET/4 WHITE RETRO STORAGE CUBES ,1,2011-08-14 15:42:00,39.95,14658.0,United Kingdom
563231,82486,WOOD S/3 CABINET ANT WHITE FINISH,2,2011-08-14 15:42:00,8.95,14658.0,United Kingdom
563231,22766,PHOTO FRAME CORNICE,2,2011-08-14 15:42:00,2.95,14658.0,United Kingdom
563231,47599A,PINK PARTY BAGS,1,2011-08-14 15:42:00,2.1,14658.0,United Kingdom
563231,90098,NECKLACE+BRACELET PINK BUTTERFLY,3,2011-08-14 15:42:00,2.55,14658.0,United Kingdom
563231,22366,DOORMAT AIRMAIL ,1,2011-08-14 15:42:00,7.95,14658.0,United Kingdom
563231,20702,PINK PADDED MOBILE,1,2011-08-14 15:42:00,4.25,14658.0,United Kingdom
563231,23298,SPOTTY BUNTING,1,2011-08-14 15:42:00,4.95,14658.0,United Kingdom
563231,85099B,JUMBO BAG RED RETROSPOT,2,2011-08-14 15:42:00,2.08,14658.0,United Kingdom
563231,21929,JUMBO BAG PINK VINTAGE PAISLEY,3,2011-08-14 15:42:00,2.08,14658.0,United Kingdom
563231,21928,JUMBO BAG SCANDINAVIAN BLUE PAISLEY,3,2011-08-14 15:42:00,2.08,14658.0,United Kingdom
C563232,23173,REGENCY TEAPOT ROSES ,-1,2011-08-14 15:55:00,9.95,17988.0,United Kingdom
563233,22173,METAL 4 HOOK HANGER FRENCH CHATEAU,1,2011-08-14 15:56:00,2.95,17988.0,United Kingdom
