InvoiceNo,StockCode,Description,Quantity,InvoiceDate,UnitPrice,CustomerID,Country
544337,21080,SET/20 RED RETROSPOT PAPER NAPKINS ,12,2011-02-18 08:34:00,0.85,13425.0,United Kingdom
544337,84378,SET OF 3 HEART COOKIE CUTTERS,12,2011-02-18 08:34:00,1.25,13425.0,United Kingdom
544337,22965,3 TRADITIONAl BISCUIT CUTTERS  SET,6,2011-02-18 08:34:00,2.1,13425.0,United Kingdom
544337,84380,SET OF 3 BUTTERFLY COOKIE CUTTERS,12,2011-02-18 08:34:00,1.25,13425.0,United Kingdom
544337,22223,CAKE PLATE LOVEBIRD PINK,3,2011-02-18 08:34:00,4.95,13425.0,United Kingdom
544337,22221,CAKE STAND LOVEBIRD 2 TIER PINK,2,2011-02-18 08:34:00,9.95,13425.0,United Kingdom
544337,22222,CAKE PLATE LOVEBIRD WHITE,3,2011-02-18 08:34:00,4.95,13425.0,United Kingdom
544337,22220,CAKE STAND LOVEBIRD 2 TIER WHITE,2,2011-02-18 08:34:00,9.95,13425.0,United Kingdom
544337,84987,SET OF 36 TEATIME PAPER DOILIES,12,2011-02-18 08:34:00,1.45,13425.0,United Kingdom
544337,21212,PACK OF 72 RETROSPOT CAKE CASES,24,2011-02-18 08:34:00,0.55,13425.0,United Kingdom
544337,21976,PACK OF 60 MUSHROOM CAKE CASES,24,2011-02-18 08:34:00,0.55,13425.0,United Kingdom
544337,85123A,WHITE HANGING HEART T-LIGHT HOLDER,6,2011-02-18 08:34:00,2.95,13425.0,United Kingdom
544337,22822,CREAM WALL PLANTER HEART SHAPED,2,2011-02-18 08:34:00,5.95,13425.0,United Kingdom
544337,84879,ASSORTED COLOUR BIRD ORNAMENT,8,2011-02-18 08:34:00,1.69,13425.0,United Kingdom
544337,21987,PACK OF 6 SKULL PAPER CUPS,12,2011-02-18 08:34:00,0.65,13425.0,United Kingdom
544337,47590B,PINK HAPPY BIRTHDAY BUNTING,3,2011-02-18 08:34:00,5.45,13425.0,United Kingdom
544337,22355,CHARLOTTE BAG SUKI DESIGN,10,2011-02-18 08:34:00,0.85,13425.0,United Kingdom
544337,20727,LUNCH BAG  BLACK SKULL.,10,2011-02-18 08:34:00,1.65,13425.0,United Kingdom
544337,20728,LUNCH BAG CARS BLUE,10,2011-02-18 08:34:00,1.65,13425.0,United Kingdom
544337,22382,LUNCH BAG SPACEBOY DESIGN ,10,2011-02-18 08:34:00,1.65,13425.0,United Kingdom
544337,84997D,PINK 3 PIECE POLKADOT CUTLERY SET,4,2011-02-18 08:34:00,4.15,13425.0,United Kingdom
544337,84997C,BLUE 3 PIECE POLKADOT CUTLERY SET,4,2011-02-18 08:34:00,4.15,13425.0,United Kingdom
544337,22437,SET OF 9 BLACK SKULL BALLOONS,20,2011-02-18 08:34:00,0.85,13425.0,United Kingdom
544337,21327,SKULLS WRITING SET ,12,2011-02-18 08:34:00,1.65,13425.0,United Kingdom
544337,21495,SKULLS AND CROSSBONES WRAP,25,2011-02-18 08:34:00,0.42,13425.0,United Kingdom
544337,22384,LUNCH BAG PINK POLKADOT,10,2011-02-18 08:34:00,1.65,13425.0,United Kingdom
544337,21213,PACK OF 72 SKULL CAKE CASES,24,2011-02-18 08:34:00,0.55,13425.0,United Kingdom
544338,21210,SET OF 72 RETROSPOT PAPER  DOILIES,12,2011-02-18 08:47:00,1.45,12852.0,United Kingdom
544338,22898,CHILDRENS APRON APPLES DESIGN,8,2011-02-18 08:47:00,1.95,12852.0,United Kingdom
544338,22698,PINK REGENCY TEACUP AND SAUCER,6,2011-02-18 08:47:00,2.95,12852.0,United Kingdom
544338,21211,SET OF 72 SKULL PAPER  DOILIES,12,2011-02-18 08:47:00,1.45,12852.0,United Kingdom
544338,22367,CHILDRENS APRON SPACEBOY DESIGN,8,2011-02-18 08:47:00,1.95,12852.0,United Kingdom
544338,22720,SET OF 3 CAKE TINS PANTRY DESIGN ,3,2011-02-18 08:47:00,4.95,12852.0,United Kingdom
544338,22644,CERAMIC CHERRY CAKE MONEY BANK,24,2011-02-18 08:47:00,1.45,12852.0,United Kingdom
544338,22416,SET OF 36 DOILIES SPACEBOY DESIGN ,12,2011-02-18 08:47:00,1.45,12852.0,United Kingdom
544338,21974,SET OF 36 PAISLEY FLOWER DOILIES,12,2011-02-18 08:47:00,1.45,12852.0,United Kingdom
544338,22697,GREEN REGENCY TEACUP AND SAUCER,6,2011-02-18 08:47:00,2.95,12852.0,United Kingdom
544338,21843,RED RETROSPOT CAKE STAND,2,2011-02-18 08:47:00,10.95,12852.0,United Kingdom
544338,22699,ROSES REGENCY TEACUP AND SAUCER ,6,2011-02-18 08:47:00,2.95,12852.0,United Kingdom
544338,22138,BAKING SET 9 PIECE RETROSPOT ,3,2011-02-18 08:47:00,4.95,12852.0,United Kingdom
544338,22617,BAKING SET SPACEBOY DESIGN,3,2011-02-18 08:47:00,4.95,12852.0,United Kingdom
544338,20914,SET/5 RED RETROSPOT LID GLASS BOWLS,6,2011-02-18 08:47:00,2.95,12852.0,United Kingdom
544338,21975,PACK OF 60 DINOSAUR CAKE CASES,24,2011-02-18 08:47:00,0.55,12852.0,United Kingdom
544338,22423,REGENCY CAKESTAND 3 TIER,2,2011-02-18 08:47:00,12.75,12852.0,United Kingdom
544339,22423,REGENCY CAKESTAND 3 TIER,6,2011-02-18 09:04:00,12.75,15228.0,United Kingdom
544339,22697,GREEN REGENCY TEACUP AND SAUCER,6,2011-02-18 09:04:00,2.95,15228.0,United Kingdom
544339,22699,ROSES REGENCY TEACUP AND SAUCER ,6,2011-02-18 09:04:00,2.95,15228.0,United Kingdom
544339,22698,PINK REGENCY TEACUP AND SAUCER,6,2011-02-18 09:04:00,2.95,15228.0,United Kingdom
544339,22927,GREEN GIANT GARDEN THERMOMETER,4,2011-02-18 09:04:00,5.95,15228.0,United Kingdom
544339,22926,IVORY GIANT GARDEN THERMOMETER,4,2011-02-18 09:04:00,5.95,15228.0,United Kingdom
544339,22907,PACK OF 20 NAPKINS PANTRY DESIGN,12,2011-02-18 09:04:00,0.85,15228.0,United Kingdom
544339,22978,PANTRY ROLLING PIN,6,2011-02-18 09:04:00,3.75,15228.0,United Kingdom
544339,22980,PANTRY SCRUBBING BRUSH,12,2011-02-18 09:04:00,1.65,15228.0,United Kingdom
544339,22960,JAM MAKING SET WITH JARS,12,2011-02-18 09:04:00,3.75,15228.0,United Kingdom
544339,22966,GINGERBREAD MAN COOKIE CUTTER,12,2011-02-18 09:04:00,1.25,15228.0,United Kingdom
544339,22993,SET OF 4 PANTRY JELLY MOULDS,12,2011-02-18 09:04:00,1.25,15228.0,United Kingdom
544339,22961,JAM MAKING SET PRINTED,24,2011-02-18 09:04:00,1.45,15228.0,United Kingdom
544339,22720,SET OF 3 CAKE TINS PANTRY DESIGN ,3,2011-02-18 09:04:00,4.95,15228.0,United Kingdom
544339,22969,HOMEMADE JAM SCENTED CANDLES,24,2011-02-18 09:04:00,1.45,15228.0,United Kingdom
544339,22990,COTTON APRON PANTRY DESIGN,4,2011-02-18 09:04:00,4.95,15228.0,United Kingdom
544339,22989,SET 2 PANTRY DESIGN TEA TOWELS,12,2011-02-18 09:04:00,3.25,15228.0,United Kingdom
544339,22666,RECIPE BOX PANTRY YELLOW DESIGN,6,2011-02-18 09:04:00,2.95,15228.0,United Kingdom
544339,22508,DOORSTOP RETROSPOT HEART,4,2011-02-18 09:04:00,3.75,15228.0,United Kingdom
544339,22779,WOODEN OWLS LIGHT GARLAND ,4,2011-02-18 09:04:00,4.25,15228.0,United Kingdom
544339,22147,FELTCRAFT BUTTERFLY HEARTS,12,2011-02-18 09:04:00,1.45,15228.0,United Kingdom
544339,22750,FELTCRAFT PRINCESS LOLA DOLL,4,2011-02-18 09:04:00,3.75,15228.0,United Kingdom
544339,22749,FELTCRAFT PRINCESS CHARLOTTE DOLL,4,2011-02-18 09:04:00,3.75,15228.0,United Kingdom
544339,20972,PINK CREAM FELT CRAFT TRINKET BOX ,12,2011-02-18 09:04:00,1.25,15228.0,United Kingdom
544339,22273,FELTCRAFT DOLL MOLLY,6,2011-02-18 09:04:00,2.95,15228.0,United Kingdom
544339,20970,PINK FLORAL FELTCRAFT SHOULDER BAG,4,2011-02-18 09:04:00,3.75,15228.0,United Kingdom
544339,22951,60 CAKE CASES DOLLY GIRL DESIGN,120,2011-02-18 09:04:00,0.42,15228.0,United Kingdom
544339,22661,CHARLOTTE BAG DOLLY GIRL DESIGN,10,2011-02-18 09:04:00,0.85,15228.0,United Kingdom
544339,22083,PAPER CHAIN KIT RETROSPOT,40,2011-02-18 09:04:00,2.55,15228.0,United Kingdom
544339,84991,60 TEATIME FAIRY CAKE CASES,120,2011-02-18 09:04:00,0.42,15228.0,United Kingdom
544339,21977,PACK OF 60 PINK PAISLEY CAKE CASES,120,2011-02-18 09:04:00,0.42,15228.0,United Kingdom
544339,21212,PACK OF 72 RETROSPOT CAKE CASES,120,2011-02-18 09:04:00,0.42,15228.0,United Kingdom
544340,72351A,SET/6 TURQUOISE BUTTERFLY T-LIGHTS,24,2011-02-18 09:41:00,2.1,12527.0,Germany
544340,72351B,SET/6 PINK  BUTTERFLY T-LIGHTS,24,2011-02-18 09:41:00,2.1,12527.0,Germany
544340,85170C,SET/6 EAU DE NIL BIRD T-LIGHTS,12,2011-02-18 09:41:00,2.1,12527.0,Germany
544340,21977,PACK OF 60 PINK PAISLEY CAKE CASES,24,2011-02-18 09:41:00,0.55,12527.0,Germany
544340,84991,60 TEATIME FAIRY CAKE CASES,24,2011-02-18 09:41:00,0.55,12527.0,Germany
544341,15036,ASSORTED COLOURS SILK FAN,12,2011-02-18 09:43:00,0.75,13012.0,United Kingdom
544341,22649,STRAWBERRY FAIRY CAKE TEAPOT,8,2011-02-18 09:43:00,4.95,13012.0,United Kingdom
544341,37446,MINI CAKE STAND WITH HANGING CAKES,8,2011-02-18 09:43:00,1.45,13012.0,United Kingdom
544341,21232,STRAWBERRY CERAMIC TRINKET BOX,12,2011-02-18 09:43:00,1.25,13012.0,United Kingdom
544341,22567,20 DOLLY PEGS RETROSPOT,12,2011-02-18 09:43:00,1.25,13012.0,United Kingdom
544341,82552,WASHROOM METAL SIGN,12,2011-02-18 09:43:00,1.45,13012.0,United Kingdom
544341,85152,HAND OVER THE CHOCOLATE   SIGN ,12,2011-02-18 09:43:00,2.1,13012.0,United Kingdom
544341,21166,COOK WITH WINE METAL SIGN ,12,2011-02-18 09:43:00,2.08,13012.0,United Kingdom
544341,22413,METAL SIGN TAKE IT OR LEAVE IT ,6,2011-02-18 09:43:00,2.95,13012.0,United Kingdom
544341,21174,POTTERING IN THE SHED METAL SIGN,12,2011-02-18 09:43:00,2.08,13012.0,United Kingdom
544341,82600,NO SINGING METAL SIGN,12,2011-02-18 09:43:00,2.1,13012.0,United Kingdom
544341,82599,FANNY'S REST STOPMETAL SIGN,12,2011-02-18 09:43:00,2.1,13012.0,United Kingdom
544341,21907,I'M ON HOLIDAY METAL SIGN,12,2011-02-18 09:43:00,2.1,13012.0,United Kingdom
544341,22671,FRENCH LAUNDRY SIGN BLUE METAL,12,2011-02-18 09:43:00,1.65,13012.0,United Kingdom
544341,22427,ENAMEL FLOWER JUG CREAM,3,2011-02-18 09:43:00,5.95,13012.0,United Kingdom
544341,22501,PICNIC BASKET WICKER LARGE,2,2011-02-18 09:43:00,9.95,13012.0,United Kingdom
544341,21755,LOVE BUILDING BLOCK WORD,3,2011-02-18 09:43:00,5.95,13012.0,United Kingdom
544341,22776,SWEETHEART CAKESTAND 3 TIER,1,2011-02-18 09:43:00,9.95,13012.0,United Kingdom
544341,82484,WOOD BLACK BOARD ANT WHITE FINISH,2,2011-02-18 09:43:00,7.95,13012.0,United Kingdom
544342,22633,,-53,2011-02-18 09:44:00,0.0,,United Kingdom
544343,22867,,-99,2011-02-18 09:45:00,0.0,,United Kingdom
544344,22865,,51,2011-02-18 09:47:00,0.0,,United Kingdom
544345,22866,,1,2011-02-18 09:49:00,0.0,,United Kingdom
544346,22114,,-21,2011-02-18 09:50:00,0.0,,United Kingdom
544347,22114,,-4,2011-02-18 09:51:00,0.0,,United Kingdom
544348,84029E,,13,2011-02-18 09:52:00,0.0,,United Kingdom
544349,84836,ZINC METAL HEART DECORATION,24,2011-02-18 10:03:00,1.25,16713.0,United Kingdom
544349,21754,HOME BUILDING BLOCK WORD,9,2011-02-18 10:03:00,5.95,16713.0,United Kingdom
544349,22904,CALENDAR PAPER CUT DESIGN,6,2011-02-18 10:03:00,2.95,16713.0,United Kingdom
544349,22030,SWALLOWS GREETING CARD,12,2011-02-18 10:03:00,0.42,16713.0,United Kingdom
544349,22819,"BIRTHDAY CARD, RETRO SPOT",24,2011-02-18 10:03:00,0.42,16713.0,United Kingdom
544349,22120,WELCOME  WOODEN BLOCK LETTERS,12,2011-02-18 10:03:00,8.5,16713.0,United Kingdom
544349,21071,VINTAGE BILLBOARD DRINK ME MUG,12,2011-02-18 10:03:00,1.25,16713.0,United Kingdom
544349,21069,VINTAGE BILLBOARD TEA MUG,12,2011-02-18 10:03:00,1.25,16713.0,United Kingdom
544349,21658,GLASS  BEURRE DISH,8,2011-02-18 10:03:00,3.95,16713.0,United Kingdom
544349,82552,WASHROOM METAL SIGN,12,2011-02-18 10:03:00,1.45,16713.0,United Kingdom
544349,71053,WHITE METAL LANTERN,4,2011-02-18 10:03:00,3.75,16713.0,United Kingdom
544349,22926,IVORY GIANT GARDEN THERMOMETER,2,2011-02-18 10:03:00,5.95,16713.0,United Kingdom
544349,22424,ENAMEL BREAD BIN CREAM,3,2011-02-18 10:03:00,12.75,16713.0,United Kingdom
544349,21742,LARGE ROUND WICKER PLATTER ,6,2011-02-18 10:03:00,5.95,16713.0,United Kingdom
544350,22171,3 HOOK PHOTO SHELF ANTIQUE WHITE,6,2011-02-18 10:07:00,7.65,17389.0,United Kingdom
544350,21623,VINTAGE UNION JACK MEMOBOARD,6,2011-02-18 10:07:00,8.5,17389.0,United Kingdom
544351,85099B,JUMBO BAG RED RETROSPOT,200,2011-02-18 10:11:00,1.65,16182.0,United Kingdom
544351,21931,JUMBO STORAGE BAG SUKI,100,2011-02-18 10:11:00,1.65,16182.0,United Kingdom
544351,22411,JUMBO SHOPPER VINTAGE RED PAISLEY,100,2011-02-18 10:11:00,1.65,16182.0,United Kingdom
544351,21929,JUMBO BAG PINK VINTAGE PAISLEY,100,2011-02-18 10:11:00,1.65,16182.0,United Kingdom
544352,22622,BOX OF VINTAGE ALPHABET BLOCKS,2,2011-02-18 10:16:00,9.95,15290.0,United Kingdom
544352,22555,PLASTERS IN TIN STRONGMAN,24,2011-02-18 10:16:00,1.65,15290.0,United Kingdom
544352,22808,SET OF 6 T-LIGHTS EASTER CHICKS,12,2011-02-18 10:16:00,2.95,15290.0,United Kingdom
544352,22957,SET 3 PAPER VINTAGE CHICK PAPER EGG,12,2011-02-18 10:16:00,2.95,15290.0,United Kingdom
544352,22894,TABLECLOTH RED APPLES DESIGN ,2,2011-02-18 10:16:00,9.95,15290.0,United Kingdom
544352,22908,PACK OF 20 NAPKINS RED APPLES,12,2011-02-18 10:16:00,0.85,15290.0,United Kingdom
544352,22568,FELTCRAFT CUSHION OWL,4,2011-02-18 10:16:00,3.75,15290.0,United Kingdom
544352,22150,3 STRIPEY MICE FELTCRAFT,6,2011-02-18 10:16:00,1.95,15290.0,United Kingdom
544352,22262,FELT EGG COSY CHICKEN,12,2011-02-18 10:16:00,0.85,15290.0,United Kingdom
544352,85206A,CREAM FELT EASTER EGG BASKET,12,2011-02-18 10:16:00,1.65,15290.0,United Kingdom
544352,22973,CHILDREN'S CIRCUS PARADE MUG,12,2011-02-18 10:16:00,1.65,15290.0,United Kingdom
544352,22540,MINI JIGSAW CIRCUS PARADE ,24,2011-02-18 10:16:00,0.42,15290.0,United Kingdom
544352,22636,CHILDS BREAKFAST SET CIRCUS PARADE,2,2011-02-18 10:16:00,8.5,15290.0,United Kingdom
544352,22021,BLUE FELT EASTER EGG BASKET,12,2011-02-18 10:16:00,1.65,15290.0,United Kingdom
544352,22838,3 TIER CAKE TIN RED AND CREAM,1,2011-02-18 10:16:00,14.95,15290.0,United Kingdom
544353,22844,VINTAGE CREAM DOG FOOD CONTAINER,12,2011-02-18 10:32:00,7.65,18229.0,United Kingdom
544353,22845,VINTAGE CREAM CAT FOOD CONTAINER,12,2011-02-18 10:32:00,5.55,18229.0,United Kingdom
544353,22727,ALARM CLOCK BAKELIKE RED ,8,2011-02-18 10:32:00,3.75,18229.0,United Kingdom
544353,35004B,SET OF 3 BLACK FLYING DUCKS,24,2011-02-18 10:32:00,4.65,18229.0,United Kingdom
544353,22848,BREAD BIN DINER STYLE PINK,4,2011-02-18 10:32:00,14.95,18229.0,United Kingdom
544354,22426,ENAMEL WASH BOWL CREAM,4,2011-02-18 10:42:00,3.75,13489.0,United Kingdom
544354,84970L,SINGLE HEART ZINC T-LIGHT HOLDER,12,2011-02-18 10:42:00,0.95,13489.0,United Kingdom
544354,84970S,HANGING HEART ZINC T-LIGHT HOLDER,12,2011-02-18 10:42:00,0.85,13489.0,United Kingdom
544354,21326,AGED GLASS SILVER T-LIGHT HOLDER,12,2011-02-18 10:42:00,0.65,13489.0,United Kingdom
544354,22567,20 DOLLY PEGS RETROSPOT,12,2011-02-18 10:42:00,1.25,13489.0,United Kingdom
544354,22558,CLOTHES PEGS RETROSPOT PACK 24 ,12,2011-02-18 10:42:00,1.49,13489.0,United Kingdom
544355,22367,CHILDRENS APRON SPACEBOY DESIGN,8,2011-02-18 10:53:00,1.95,12714.0,France
544355,22898,CHILDRENS APRON APPLES DESIGN,8,2011-02-18 10:53:00,1.95,12714.0,France
544355,40016,CHINESE DRAGON PAPER LANTERNS,24,2011-02-18 10:53:00,0.42,12714.0,France
544355,22236,CAKE STAND 3 TIER MAGIC GARDEN,2,2011-02-18 10:53:00,12.75,12714.0,France
544355,21086,SET/6 RED SPOTTY PAPER CUPS,12,2011-02-18 10:53:00,0.65,12714.0,France
544355,21987,PACK OF 6 SKULL PAPER CUPS,12,2011-02-18 10:53:00,0.65,12714.0,France
544355,21078,SET/20 STRAWBERRY PAPER NAPKINS ,12,2011-02-18 10:53:00,0.85,12714.0,France
544355,21080,SET/20 RED RETROSPOT PAPER NAPKINS ,12,2011-02-18 10:53:00,0.85,12714.0,France
544355,21989,PACK OF 20 SKULL PAPER NAPKINS,12,2011-02-18 10:53:00,0.85,12714.0,France
544355,21094,SET/6 RED SPOTTY PAPER PLATES,12,2011-02-18 10:53:00,0.85,12714.0,France
544355,21988,PACK OF 6 SKULL PAPER PLATES,12,2011-02-18 10:53:00,0.85,12714.0,France
544355,21154,RED RETROSPOT OVEN GLOVE ,10,2011-02-18 10:53:00,1.25,12714.0,France
544355,22350,ILLUSTRATED CAT BOWL ,6,2011-02-18 10:53:00,2.55,12714.0,France
544355,21980,PACK OF 12 RED RETROSPOT TISSUES ,24,2011-02-18 10:53:00,0.29,12714.0,France
544355,21981,PACK OF 12 WOODLAND TISSUES ,24,2011-02-18 10:53:00,0.29,12714.0,France
544355,21982,PACK OF 12 SUKI TISSUES ,24,2011-02-18 10:53:00,0.29,12714.0,France
544355,22614,PACK OF 12 SPACEBOY TISSUES,24,2011-02-18 10:53:00,0.29,12714.0,France
544355,22615,PACK OF 12 CIRCUS PARADE TISSUES ,24,2011-02-18 10:53:00,0.29,12714.0,France
544355,21731,RED TOADSTOOL LED NIGHT LIGHT,12,2011-02-18 10:53:00,1.65,12714.0,France
544355,22466,FAIRY TALE COTTAGE NIGHTLIGHT,12,2011-02-18 10:53:00,1.95,12714.0,France
544355,22637,PIGGY BANK RETROSPOT ,8,2011-02-18 10:53:00,2.55,12714.0,France
544355,21915,RED  HARMONICA IN BOX ,12,2011-02-18 10:53:00,1.25,12714.0,France
544355,20676,RED RETROSPOT BOWL,16,2011-02-18 10:53:00,1.25,12714.0,France
544355,20677,PINK POLKADOT BOWL,8,2011-02-18 10:53:00,1.25,12714.0,France
544355,21246,RED RETROSPOT BIG BOWL,6,2011-02-18 10:53:00,4.95,12714.0,France
544355,22348,TEA BAG PLATE RED RETROSPOT,12,2011-02-18 10:53:00,0.85,12714.0,France
544355,22072,RED RETROSPOT TEA CUP AND SAUCER ,8,2011-02-18 10:53:00,3.75,12714.0,France
544355,84625A,PINK NEW BAROQUECANDLESTICK CANDLE,24,2011-02-18 10:53:00,0.85,12714.0,France
544355,20685,DOORMAT RED RETROSPOT,4,2011-02-18 10:53:00,7.95,12714.0,France
544355,22365,DOORMAT RESPECTABLE HOUSE,2,2011-02-18 10:53:00,7.95,12714.0,France
544355,21524,DOORMAT SPOTTY HOME SWEET HOME,2,2011-02-18 10:53:00,7.95,12714.0,France
544355,71101E,STANDING FAIRY POLE SUPPORT ,12,2011-02-18 10:53:00,0.85,12714.0,France
544355,21985,PACK OF 12 HEARTS DESIGN TISSUES ,24,2011-02-18 10:53:00,0.29,12714.0,France
544355,84821,DANISH ROSE DELUXE COASTER,12,2011-02-18 10:53:00,0.85,12714.0,France
544355,22567,20 DOLLY PEGS RETROSPOT,12,2011-02-18 10:53:00,1.25,12714.0,France
544355,21042,RED RETROSPOT APRON ,6,2011-02-18 10:53:00,5.95,12714.0,France
544355,21126,SET OF 6 GIRLS CELEBRATION CANDLES,12,2011-02-18 10:53:00,1.25,12714.0,France
544355,85039A,SET/4 RED MINI ROSE CANDLE IN BOWL,12,2011-02-18 10:53:00,1.65,12714.0,France
544355,85040A,S/4 PINK FLOWER CANDLES IN BOWL,12,2011-02-18 10:53:00,1.65,12714.0,France
544355,85230G,ORANGE VOTIVE CANDLE,24,2011-02-18 10:53:00,0.29,12714.0,France
544355,85230E,STRAWBRY SCENTED VOTIVE CANDLE,24,2011-02-18 10:53:00,0.29,12714.0,France
544355,22029,SPACEBOY BIRTHDAY CARD,12,2011-02-18 10:53:00,0.42,12714.0,France
544355,22904,CALENDAR PAPER CUT DESIGN,6,2011-02-18 10:53:00,2.95,12714.0,France
544355,22740,POLKADOT PEN,96,2011-02-18 10:53:00,0.85,12714.0,France
544355,22741,FUNKY DIVA PEN,48,2011-02-18 10:53:00,0.85,12714.0,France
544355,21328,BALLOONS  WRITING SET ,12,2011-02-18 10:53:00,1.65,12714.0,France
544355,20665,RED RETROSPOT PURSE ,6,2011-02-18 10:53:00,2.95,12714.0,France
544355,20686,DOLLY MIXTURE CHILDREN'S UMBRELLA,6,2011-02-18 10:53:00,3.25,12714.0,France
544355,20681,PINK POLKADOT CHILDRENS UMBRELLA,6,2011-02-18 10:53:00,3.25,12714.0,France
544355,20682,RED RETROSPOT CHILDRENS UMBRELLA,6,2011-02-18 10:53:00,3.25,12714.0,France
544355,20684,STRAWBERRY DREAM CHILDS UMBRELLA,6,2011-02-18 10:53:00,3.25,12714.0,France
544355,22899,CHILDREN'S APRON DOLLY GIRL ,6,2011-02-18 10:53:00,2.1,12714.0,France
544355,POST,POSTAGE,5,2011-02-18 10:53:00,18.0,12714.0,France
544356,22549,PICTURE DOMINOES,12,2011-02-18 11:18:00,1.45,13904.0,United Kingdom
544356,21880,RED RETROSPOT TAPE,12,2011-02-18 11:18:00,0.65,13904.0,United Kingdom
544356,21883,STARS GIFT TAPE ,12,2011-02-18 11:18:00,0.65,13904.0,United Kingdom
544356,85016,SET OF 6 VINTAGE NOTELETS KIT,6,2011-02-18 11:18:00,2.55,13904.0,United Kingdom
544356,85015,SET OF 12  VINTAGE POSTCARD SET,6,2011-02-18 11:18:00,2.55,13904.0,United Kingdom
544356,22906,12 MESSAGE CARDS WITH ENVELOPES,12,2011-02-18 11:18:00,1.65,13904.0,United Kingdom
544356,21212,PACK OF 72 RETROSPOT CAKE CASES,24,2011-02-18 11:18:00,0.55,13904.0,United Kingdom
544356,21977,PACK OF 60 PINK PAISLEY CAKE CASES,24,2011-02-18 11:18:00,0.55,13904.0,United Kingdom
544356,23230,WRAP ALPHABET DESIGN,25,2011-02-18 11:18:00,0.42,13904.0,United Kingdom
544356,22961,JAM MAKING SET PRINTED,12,2011-02-18 11:18:00,1.45,13904.0,United Kingdom
544356,22907,PACK OF 20 NAPKINS PANTRY DESIGN,12,2011-02-18 11:18:00,0.85,13904.0,United Kingdom
544356,22908,PACK OF 20 NAPKINS RED APPLES,12,2011-02-18 11:18:00,0.85,13904.0,United Kingdom
544356,21080,SET/20 RED RETROSPOT PAPER NAPKINS ,12,2011-02-18 11:18:00,0.85,13904.0,United Kingdom
544356,22904,CALENDAR PAPER CUT DESIGN,6,2011-02-18 11:18:00,2.95,13904.0,United Kingdom
544356,22027,TEA PARTY BIRTHDAY CARD,12,2011-02-18 11:18:00,0.42,13904.0,United Kingdom
544356,22715,CARD WEDDING DAY,12,2011-02-18 11:18:00,0.42,13904.0,United Kingdom
544356,22030,SWALLOWS GREETING CARD,12,2011-02-18 11:18:00,0.42,13904.0,United Kingdom
544368,22570,FELTCRAFT CUSHION RABBIT,1,2011-02-18 11:27:00,3.75,14057.0,United Kingdom
544368,22900, SET 2 TEA TOWELS I LOVE LONDON ,1,2011-02-18 11:27:00,2.95,14057.0,United Kingdom
544368,22992,REVOLVER WOODEN RULER ,1,2011-02-18 11:27:00,1.95,14057.0,United Kingdom
544368,85199L,LARGE HANGING IVORY & RED WOOD BIRD,1,2011-02-18 11:27:00,0.65,14057.0,United Kingdom
544368,21563,RED HEART SHAPE LOVE BUCKET ,1,2011-02-18 11:27:00,2.95,14057.0,United Kingdom
544368,22252,BIRDCAGE DECORATION TEALIGHT HOLDER,1,2011-02-18 11:27:00,1.25,14057.0,United Kingdom
544368,21731,RED TOADSTOOL LED NIGHT LIGHT,12,2011-02-18 11:27:00,1.65,14057.0,United Kingdom
544368,85227,SET OF 6 3D KIT CARDS FOR KIDS,8,2011-02-18 11:27:00,0.85,14057.0,United Kingdom
544368,22437,SET OF 9 BLACK SKULL BALLOONS,10,2011-02-18 11:27:00,0.85,14057.0,United Kingdom
544368,22435,SET OF 9 HEART SHAPED BALLOONS,10,2011-02-18 11:27:00,1.25,14057.0,United Kingdom
544368,22525,CHILDRENS GARDEN GLOVES PINK,10,2011-02-18 11:27:00,1.25,14057.0,United Kingdom
544368,22520,CHILDS GARDEN TROWEL BLUE ,6,2011-02-18 11:27:00,0.85,14057.0,United Kingdom
544368,22522,CHILDS GARDEN FORK BLUE ,6,2011-02-18 11:27:00,0.85,14057.0,United Kingdom
544368,22521,CHILDS GARDEN TROWEL PINK,6,2011-02-18 11:27:00,0.85,14057.0,United Kingdom
544368,22523,CHILDS GARDEN FORK PINK,6,2011-02-18 11:27:00,0.85,14057.0,United Kingdom
544368,22385,JUMBO BAG SPACEBOY DESIGN,1,2011-02-18 11:27:00,1.95,14057.0,United Kingdom
544368,22716,CARD CIRCUS PARADE,24,2011-02-18 11:27:00,0.42,14057.0,United Kingdom
544368,23230,WRAP ALPHABET DESIGN,50,2011-02-18 11:27:00,0.42,14057.0,United Kingdom
544368,22745,POPPY'S PLAYHOUSE BEDROOM ,3,2011-02-18 11:27:00,2.1,14057.0,United Kingdom
544368,22746,POPPY'S PLAYHOUSE LIVINGROOM ,3,2011-02-18 11:27:00,2.1,14057.0,United Kingdom
544368,22748,POPPY'S PLAYHOUSE KITCHEN,3,2011-02-18 11:27:00,2.1,14057.0,United Kingdom
544368,22747,POPPY'S PLAYHOUSE BATHROOM,3,2011-02-18 11:27:00,2.1,14057.0,United Kingdom
544368,22980,PANTRY SCRUBBING BRUSH,7,2011-02-18 11:27:00,1.65,14057.0,United Kingdom
544368,84199,GLOW IN DARK DOLPHINS,8,2011-02-18 11:27:00,0.21,14057.0,United Kingdom
544368,22332,SKULLS PARTY BAG + STICKER SET,6,2011-02-18 11:27:00,1.65,14057.0,United Kingdom
544368,21725,SWEETIES  STICKERS,6,2011-02-18 11:27:00,0.85,14057.0,United Kingdom
544368,21724,PANDA AND BUNNIES STICKER SHEET,6,2011-02-18 11:27:00,0.85,14057.0,United Kingdom
544368,21720,CAKE SHOP  STICKER SHEET,6,2011-02-18 11:27:00,0.85,14057.0,United Kingdom
544368,21723,ALPHABET HEARTS STICKER SHEET,6,2011-02-18 11:27:00,0.85,14057.0,United Kingdom
544368,84559B,3D SHEET OF CAT STICKERS,8,2011-02-18 11:27:00,0.85,14057.0,United Kingdom
544368,84559A,3D SHEET OF DOG STICKERS,8,2011-02-18 11:27:00,0.85,14057.0,United Kingdom
544368,22524,CHILDRENS GARDEN GLOVES BLUE,10,2011-02-18 11:27:00,1.25,14057.0,United Kingdom
544368,22971,QUEENS GUARD COFFEE MUG,6,2011-02-18 11:27:00,2.55,14057.0,United Kingdom
544368,22988,SOLDIERS EGG CUP ,12,2011-02-18 11:27:00,1.25,14057.0,United Kingdom
544368,22659,LUNCH BOX I LOVE LONDON,4,2011-02-18 11:27:00,1.95,14057.0,United Kingdom
544368,22526,WHEELBARROW FOR CHILDREN ,3,2011-02-18 11:27:00,12.75,14057.0,United Kingdom
544368,22693,GROW A FLYTRAP OR SUNFLOWER IN TIN,48,2011-02-18 11:27:00,1.25,14057.0,United Kingdom
544368,84077,WORLD WAR 2 GLIDERS ASSTD DESIGNS,48,2011-02-18 11:27:00,0.29,14057.0,United Kingdom
544368,22519,CHILDS GARDEN BRUSH PINK,3,2011-02-18 11:27:00,2.1,14057.0,United Kingdom
544368,22517,CHILDS GARDEN RAKE PINK,3,2011-02-18 11:27:00,2.1,14057.0,United Kingdom
544368,22517,CHILDS GARDEN RAKE PINK,3,2011-02-18 11:27:00,2.1,14057.0,United Kingdom
544368,22515,CHILDS GARDEN SPADE PINK,3,2011-02-18 11:27:00,2.1,14057.0,United Kingdom
544368,22514,CHILDS GARDEN SPADE BLUE,3,2011-02-18 11:27:00,2.1,14057.0,United Kingdom
544368,22432,WATERING CAN PINK BUNNY,3,2011-02-18 11:27:00,1.95,14057.0,United Kingdom
544368,22433,WATERING CAN GREEN DINOSAUR,6,2011-02-18 11:27:00,1.95,14057.0,United Kingdom
544368,22431,WATERING CAN BLUE ELEPHANT,6,2011-02-18 11:27:00,1.95,14057.0,United Kingdom
544368,22967,SET 3 SONG BIRD PAPER EGGS ASSORTED,6,2011-02-18 11:27:00,2.95,14057.0,United Kingdom
544368,22148,EASTER CRAFT 4 CHICKS ,6,2011-02-18 11:27:00,1.95,14057.0,United Kingdom
544368,22631,CIRCUS PARADE LUNCH BOX ,6,2011-02-18 11:27:00,1.95,14057.0,United Kingdom
544368,22502,PICNIC BASKET WICKER SMALL,2,2011-02-18 11:27:00,5.95,14057.0,United Kingdom
544368,21832,CHOCOLATE CALCULATOR,10,2011-02-18 11:27:00,1.65,14057.0,United Kingdom
544368,21746,SMALL RED RETROSPOT WINDMILL,10,2011-02-18 11:27:00,1.25,14057.0,United Kingdom
544368,20749,ASSORTED COLOUR MINI CASES,3,2011-02-18 11:27:00,7.95,14057.0,United Kingdom
544368,20750,RED RETROSPOT MINI CASES,3,2011-02-18 11:27:00,7.95,14057.0,United Kingdom
544368,21749,LARGE RED RETROSPOT WINDMILL,6,2011-02-18 11:27:00,2.1,14057.0,United Kingdom
544368,22264,FELT FARM ANIMAL WHITE BUNNY ,48,2011-02-18 11:27:00,0.85,14057.0,United Kingdom
544368,20712,JUMBO BAG WOODLAND ANIMALS,2,2011-02-18 11:27:00,1.95,14057.0,United Kingdom
544368,85099B,JUMBO BAG RED RETROSPOT,2,2011-02-18 11:27:00,1.95,14057.0,United Kingdom
544390,82484,WOOD BLACK BOARD ANT WHITE FINISH,2,2011-02-18 11:36:00,7.95,14911.0,EIRE
544390,22192,BLUE DINER WALL CLOCK,2,2011-02-18 11:36:00,8.5,14911.0,EIRE
544390,85206A,CREAM FELT EASTER EGG BASKET,6,2011-02-18 11:36:00,1.65,14911.0,EIRE
544390,21460,GREEN EASTER EGG HUNT START POST,6,2011-02-18 11:36:00,1.95,14911.0,EIRE
544390,21459,YELLOW EASTER EGG HUNT START POST,6,2011-02-18 11:36:00,1.95,14911.0,EIRE
544390,22228,BUNNY WOODEN PAINTED WITH BIRD ,12,2011-02-18 11:36:00,0.85,14911.0,EIRE
544390,22229,BUNNY WOODEN PAINTED WITH FLOWER ,12,2011-02-18 11:36:00,0.85,14911.0,EIRE
544390,21389,IVORY HANGING DECORATION  BIRD,12,2011-02-18 11:36:00,0.85,14911.0,EIRE
544390,22283,6 EGG HOUSE PAINTED WOOD,2,2011-02-18 11:36:00,7.95,14911.0,EIRE
544390,C2,CARRIAGE,1,2011-02-18 11:36:00,50.0,14911.0,EIRE
544391,22251,BIRDHOUSE DECORATION MAGIC GARDEN,12,2011-02-18 11:53:00,1.25,15755.0,United Kingdom
544391,22831,WHITE BROCANTE SOAP DISH,6,2011-02-18 11:53:00,2.95,15755.0,United Kingdom
544391,35241,ENAMEL BLUE RIM BISCUIT BIN,3,2011-02-18 11:53:00,4.95,15755.0,United Kingdom
544391,85099B,JUMBO BAG RED RETROSPOT,10,2011-02-18 11:53:00,1.95,15755.0,United Kingdom
544391,22249,DECORATION WHITE CHICK MAGIC GARDEN,16,2011-02-18 11:53:00,0.85,15755.0,United Kingdom
544391,85053,FRENCH ENAMEL CANDLEHOLDER,6,2011-02-18 11:53:00,2.1,15755.0,United Kingdom
544391,22507,MEMO BOARD RETROSPOT  DESIGN,4,2011-02-18 11:53:00,4.95,15755.0,United Kingdom
544391,21259,VICTORIAN SEWING BOX SMALL ,2,2011-02-18 11:53:00,5.95,15755.0,United Kingdom
544391,22607,WOODEN ROUNDERS GARDEN SET ,2,2011-02-18 11:53:00,9.95,15755.0,United Kingdom
544391,35095B,RED VICTORIAN FABRIC OVAL BOX,24,2011-02-18 11:53:00,0.42,15755.0,United Kingdom
544391,22961,JAM MAKING SET PRINTED,12,2011-02-18 11:53:00,1.45,15755.0,United Kingdom
544391,22969,HOMEMADE JAM SCENTED CANDLES,12,2011-02-18 11:53:00,1.45,15755.0,United Kingdom
544391,22720,SET OF 3 CAKE TINS PANTRY DESIGN ,3,2011-02-18 11:53:00,4.95,15755.0,United Kingdom
544391,22241,GARLAND WOODEN HAPPY EASTER,12,2011-02-18 11:53:00,1.25,15755.0,United Kingdom
544391,85194L,HANGING SPRING FLOWER EGG LARGE,12,2011-02-18 11:53:00,0.85,15755.0,United Kingdom
544391,22843,BISCUIT TIN VINTAGE GREEN,2,2011-02-18 11:53:00,6.75,15755.0,United Kingdom
544391,21212,PACK OF 72 RETROSPOT CAKE CASES,24,2011-02-18 11:53:00,0.55,15755.0,United Kingdom
544391,22148,EASTER CRAFT 4 CHICKS ,12,2011-02-18 11:53:00,1.95,15755.0,United Kingdom
544391,22292,HANGING CHICK  YELLOW DECORATION,24,2011-02-18 11:53:00,1.45,15755.0,United Kingdom
544392,84997D,PINK 3 PIECE POLKADOT CUTLERY SET,72,2011-02-18 11:54:00,3.75,14680.0,United Kingdom
544392,84997C,BLUE 3 PIECE POLKADOT CUTLERY SET,72,2011-02-18 11:54:00,3.75,14680.0,United Kingdom
544392,84997B,RED 3 PIECE RETROSPOT CUTLERY SET,72,2011-02-18 11:54:00,3.75,14680.0,United Kingdom
544392,84997A,GREEN 3 PIECE POLKADOT CUTLERY SET,72,2011-02-18 11:54:00,3.75,14680.0,United Kingdom
544392,21430,SET/3 RED GINGHAM ROSE STORAGE BOX,24,2011-02-18 11:54:00,3.39,14680.0,United Kingdom
544392,79321,CHILLI LIGHTS,72,2011-02-18 11:54:00,4.95,14680.0,United Kingdom
544392,22386,JUMBO BAG PINK POLKADOT,30,2011-02-18 11:54:00,1.95,14680.0,United Kingdom
544392,21559,STRAWBERRY LUNCH BOX WITH CUTLERY,6,2011-02-18 11:54:00,2.55,14680.0,United Kingdom
544392,22353,LUNCH BOX WITH CUTLERY FAIRY CAKES ,8,2011-02-18 11:54:00,2.55,14680.0,United Kingdom
544392,22352,LUNCH BOX WITH CUTLERY RETROSPOT ,6,2011-02-18 11:54:00,2.55,14680.0,United Kingdom
544392,20719,WOODLAND CHARLOTTE BAG,20,2011-02-18 11:54:00,0.85,14680.0,United Kingdom
544392,22356,CHARLOTTE BAG PINK POLKADOT,1,2011-02-18 11:54:00,0.85,14680.0,United Kingdom
544392,20724,RED RETROSPOT CHARLOTTE BAG,10,2011-02-18 11:54:00,0.85,14680.0,United Kingdom
544392,21731,RED TOADSTOOL LED NIGHT LIGHT,48,2011-02-18 11:54:00,1.65,14680.0,United Kingdom
544392,21035,SET/2 RED RETROSPOT TEA TOWELS ,10,2011-02-18 11:54:00,3.25,14680.0,United Kingdom
544392,22355,CHARLOTTE BAG SUKI DESIGN,100,2011-02-18 11:54:00,0.72,14680.0,United Kingdom
544392,22383,LUNCH BAG SUKI  DESIGN ,100,2011-02-18 11:54:00,1.45,14680.0,United Kingdom
544392,21931,JUMBO STORAGE BAG SUKI,100,2011-02-18 11:54:00,1.65,14680.0,United Kingdom
544392,21930,JUMBO STORAGE BAG SKULLS,100,2011-02-18 11:54:00,1.65,14680.0,United Kingdom
544392,20712,JUMBO BAG WOODLAND ANIMALS,100,2011-02-18 11:54:00,1.65,14680.0,United Kingdom
544392,20713,JUMBO BAG OWLS,100,2011-02-18 11:54:00,1.65,14680.0,United Kingdom
544392,85099B,JUMBO BAG RED RETROSPOT,100,2011-02-18 11:54:00,1.65,14680.0,United Kingdom
544393,20977,36 PENCILS TUBE WOODLAND,1,2011-02-18 11:56:00,1.25,16393.0,United Kingdom
544393,23232,WRAP VINTAGE PETALS  DESIGN,25,2011-02-18 11:56:00,0.42,16393.0,United Kingdom
544393,23230,WRAP ALPHABET DESIGN,25,2011-02-18 11:56:00,0.42,16393.0,United Kingdom
544393,85099C,JUMBO  BAG BAROQUE BLACK WHITE,5,2011-02-18 11:56:00,1.95,16393.0,United Kingdom
544393,22386,JUMBO BAG PINK POLKADOT,3,2011-02-18 11:56:00,1.95,16393.0,United Kingdom
544393,22411,JUMBO SHOPPER VINTAGE RED PAISLEY,4,2011-02-18 11:56:00,1.95,16393.0,United Kingdom
544393,21928,JUMBO BAG SCANDINAVIAN PAISLEY,3,2011-02-18 11:56:00,1.95,16393.0,United Kingdom
544393,21931,JUMBO STORAGE BAG SUKI,5,2011-02-18 11:56:00,1.95,16393.0,United Kingdom
544393,85099B,JUMBO BAG RED RETROSPOT,2,2011-02-18 11:56:00,1.95,16393.0,United Kingdom
544393,21936,RED RETROSPOT PICNIC BAG,3,2011-02-18 11:56:00,2.95,16393.0,United Kingdom
544393,22374,AIRLINE BAG VINTAGE JET SET RED,1,2011-02-18 11:56:00,4.25,16393.0,United Kingdom
544393,22371,AIRLINE BAG VINTAGE TOKYO 78,4,2011-02-18 11:56:00,4.25,16393.0,United Kingdom
544393,22892,SET OF SALT AND PEPPER TOADSTOOLS,6,2011-02-18 11:56:00,1.25,16393.0,United Kingdom
544393,21577,SAVE THE PLANET COTTON TOTE BAG,3,2011-02-18 11:56:00,2.25,16393.0,United Kingdom
544393,22367,CHILDRENS APRON SPACEBOY DESIGN,4,2011-02-18 11:56:00,1.95,16393.0,United Kingdom
544393,21156,RETROSPOT CHILDRENS APRON,2,2011-02-18 11:56:00,1.95,16393.0,United Kingdom
544393,22898,CHILDRENS APRON APPLES DESIGN,4,2011-02-18 11:56:00,1.95,16393.0,United Kingdom
544393,22902,TOTE BAG I LOVE LONDON,2,2011-02-18 11:56:00,2.1,16393.0,United Kingdom
544393,22383,LUNCH BAG SUKI  DESIGN ,5,2011-02-18 11:56:00,1.65,16393.0,United Kingdom
544393,20726,LUNCH BAG WOODLAND,3,2011-02-18 11:56:00,1.65,16393.0,United Kingdom
544393,20725,LUNCH BAG RED RETROSPOT,6,2011-02-18 11:56:00,1.65,16393.0,United Kingdom
544393,22382,LUNCH BAG SPACEBOY DESIGN ,5,2011-02-18 11:56:00,1.65,16393.0,United Kingdom
544393,22662,LUNCH BAG DOLLY GIRL DESIGN,2,2011-02-18 11:56:00,1.65,16393.0,United Kingdom
544393,20728,LUNCH BAG CARS BLUE,1,2011-02-18 11:56:00,1.65,16393.0,United Kingdom
544393,22384,LUNCH BAG PINK POLKADOT,3,2011-02-18 11:56:00,1.65,16393.0,United Kingdom
544393,21973,SET OF 36 MUSHROOM PAPER DOILIES,1,2011-02-18 11:56:00,1.45,16393.0,United Kingdom
544393,84988,SET OF 72 PINK HEART PAPER DOILIES,1,2011-02-18 11:56:00,1.45,16393.0,United Kingdom
544393,22629,SPACEBOY LUNCH BOX ,4,2011-02-18 11:56:00,1.95,16393.0,United Kingdom
544393,22659,LUNCH BOX I LOVE LONDON,5,2011-02-18 11:56:00,1.95,16393.0,United Kingdom
544393,22631,CIRCUS PARADE LUNCH BOX ,5,2011-02-18 11:56:00,1.95,16393.0,United Kingdom
544393,22993,SET OF 4 PANTRY JELLY MOULDS,6,2011-02-18 11:56:00,1.25,16393.0,United Kingdom
544393,21034,REX CASH+CARRY JUMBO SHOPPER,2,2011-02-18 11:56:00,0.95,16393.0,United Kingdom
544394,22193,RED DINER WALL CLOCK,2,2011-02-18 12:02:00,8.5,13932.0,United Kingdom
544394,22192,BLUE DINER WALL CLOCK,2,2011-02-18 12:02:00,8.5,13932.0,United Kingdom
544394,22191,IVORY DINER WALL CLOCK,4,2011-02-18 12:02:00,8.5,13932.0,United Kingdom
544394,22725,ALARM CLOCK BAKELIKE CHOCOLATE,4,2011-02-18 12:02:00,3.75,13932.0,United Kingdom
544394,22730,ALARM CLOCK BAKELIKE IVORY,4,2011-02-18 12:02:00,3.75,13932.0,United Kingdom
544394,22726,ALARM CLOCK BAKELIKE GREEN,4,2011-02-18 12:02:00,3.75,13932.0,United Kingdom
544394,22727,ALARM CLOCK BAKELIKE RED ,8,2011-02-18 12:02:00,3.75,13932.0,United Kingdom
544394,22729,ALARM CLOCK BAKELIKE ORANGE,4,2011-02-18 12:02:00,3.75,13932.0,United Kingdom
544394,22728,ALARM CLOCK BAKELIKE PINK,4,2011-02-18 12:02:00,3.75,13932.0,United Kingdom
544394,22583,PACK OF 6 HANDBAG GIFT BOXES,12,2011-02-18 12:02:00,2.55,13932.0,United Kingdom
544394,22584,PACK OF 6 PANNETONE GIFT BOXES,12,2011-02-18 12:02:00,2.55,13932.0,United Kingdom
544394,22691,DOORMAT WELCOME SUNRISE,2,2011-02-18 12:02:00,7.95,13932.0,United Kingdom
544394,22926,IVORY GIANT GARDEN THERMOMETER,2,2011-02-18 12:02:00,5.95,13932.0,United Kingdom
544394,22605,WOODEN CROQUET GARDEN SET,1,2011-02-18 12:02:00,14.95,13932.0,United Kingdom
544394,22423,REGENCY CAKESTAND 3 TIER,1,2011-02-18 12:02:00,12.75,13932.0,United Kingdom
544394,22699,ROSES REGENCY TEACUP AND SAUCER ,6,2011-02-18 12:02:00,2.95,13932.0,United Kingdom
544395,22720,SET OF 3 CAKE TINS PANTRY DESIGN ,15,2011-02-18 12:13:00,4.95,13397.0,United Kingdom
544395,22722,SET OF 6 SPICE TINS PANTRY DESIGN,16,2011-02-18 12:13:00,3.95,13397.0,United Kingdom
544395,22989,SET 2 PANTRY DESIGN TEA TOWELS,12,2011-02-18 12:13:00,3.25,13397.0,United Kingdom
544395,22666,RECIPE BOX PANTRY YELLOW DESIGN,18,2011-02-18 12:13:00,2.95,13397.0,United Kingdom
544395,22993,SET OF 4 PANTRY JELLY MOULDS,24,2011-02-18 12:13:00,1.25,13397.0,United Kingdom
544395,22980,PANTRY SCRUBBING BRUSH,12,2011-02-18 12:13:00,1.65,13397.0,United Kingdom
544395,22978,PANTRY ROLLING PIN,6,2011-02-18 12:13:00,3.75,13397.0,United Kingdom
544396,62094B,,-92,2011-02-18 12:16:00,0.0,,United Kingdom
C544397,21730,GLASS STAR FROSTED T-LIGHT HOLDER,-1,2011-02-18 12:21:00,4.95,12462.0,Spain
C544397,37450,CERAMIC CAKE BOWL + HANGING CAKES,-1,2011-02-18 12:21:00,2.95,12462.0,Spain
C544397,22063,CERAMIC BOWL WITH STRAWBERRY DESIGN,-1,2011-02-18 12:21:00,2.95,12462.0,Spain
C544397,37449,CERAMIC CAKE STAND + HANGING CAKES,-1,2011-02-18 12:21:00,9.95,12462.0,Spain
544398,22645,CERAMIC HEART FAIRY CAKE MONEY BANK,72,2011-02-18 12:27:00,1.25,15311.0,United Kingdom
544398,20725,LUNCH BAG RED RETROSPOT,100,2011-02-18 12:27:00,1.45,15311.0,United Kingdom
544398,22087,PAPER BUNTING WHITE LACE,40,2011-02-18 12:27:00,2.55,15311.0,United Kingdom
544398,35924,HANGING FAIRY CAKE DECORATION,3,2011-02-18 12:27:00,2.1,15311.0,United Kingdom
544398,21456,2 PICTURE BOOK EGGS EASTER CHICKS,12,2011-02-18 12:27:00,1.25,15311.0,United Kingdom
544398,15056N,EDWARDIAN PARASOL NATURAL,1,2011-02-18 12:27:00,5.95,15311.0,United Kingdom
544398,21755,LOVE BUILDING BLOCK WORD,2,2011-02-18 12:27:00,5.95,15311.0,United Kingdom
544398,21672,WHITE SPOT RED CERAMIC DRAWER KNOB,6,2011-02-18 12:27:00,1.25,15311.0,United Kingdom
544398,22771,CLEAR DRAWER KNOB ACRYLIC EDWARDIAN,24,2011-02-18 12:27:00,1.25,15311.0,United Kingdom
544398,22805,BLUE DRAWER KNOB ACRYLIC EDWARDIAN,12,2011-02-18 12:27:00,1.25,15311.0,United Kingdom
544398,22284,HEN HOUSE DECORATION,12,2011-02-18 12:27:00,1.65,15311.0,United Kingdom
544398,85205B,PINK FELT EASTER RABBIT GARLAND,3,2011-02-18 12:27:00,2.55,15311.0,United Kingdom
544398,21380,WOODEN HAPPY BIRTHDAY GARLAND,2,2011-02-18 12:27:00,2.95,15311.0,United Kingdom
544398,22637,PIGGY BANK RETROSPOT ,1,2011-02-18 12:27:00,2.55,15311.0,United Kingdom
544398,22262,FELT EGG COSY CHICKEN,4,2011-02-18 12:27:00,0.85,15311.0,United Kingdom
544398,84997A,GREEN 3 PIECE POLKADOT CUTLERY SET,1,2011-02-18 12:27:00,4.15,15311.0,United Kingdom
544398,84997D,PINK 3 PIECE POLKADOT CUTLERY SET,2,2011-02-18 12:27:00,4.15,15311.0,United Kingdom
544398,20829,GLITTER HANGING BUTTERFLY STRING,4,2011-02-18 12:27:00,2.1,15311.0,United Kingdom
544398,21949,SET OF 6 STRAWBERRY CHOPSTICKS,6,2011-02-18 12:27:00,1.25,15311.0,United Kingdom
544398,22411,JUMBO SHOPPER VINTAGE RED PAISLEY,1,2011-02-18 12:27:00,1.95,15311.0,United Kingdom
544398,47580,TEA TIME DES TEA COSY,4,2011-02-18 12:27:00,2.55,15311.0,United Kingdom
544398,21563,RED HEART SHAPE LOVE BUCKET ,1,2011-02-18 12:27:00,2.95,15311.0,United Kingdom
544398,84832,ZINC WILLIE WINKIE  CANDLE STICK,4,2011-02-18 12:27:00,0.85,15311.0,United Kingdom
544398,85188A,GREEN METAL SWINGING BUNNY,4,2011-02-18 12:27:00,0.85,15311.0,United Kingdom
544399,22381,TOY TIDY PINK POLKADOT,10,2011-02-18 12:28:00,2.1,12594.0,Italy
544399,84375,SET OF 20 KIDS COOKIE CUTTERS,12,2011-02-18 12:28:00,2.1,12594.0,Italy
544399,22380,TOY TIDY SPACEBOY  ,10,2011-02-18 12:28:00,2.1,12594.0,Italy
544399,22556,PLASTERS IN TIN CIRCUS PARADE ,12,2011-02-18 12:28:00,1.65,12594.0,Italy
544399,22898,CHILDRENS APRON APPLES DESIGN,8,2011-02-18 12:28:00,1.95,12594.0,Italy
544399,22379,RECYCLING BAG RETROSPOT ,10,2011-02-18 12:28:00,2.1,12594.0,Italy
544399,22584,PACK OF 6 PANNETONE GIFT BOXES,6,2011-02-18 12:28:00,2.55,12594.0,Italy
544399,22583,PACK OF 6 HANDBAG GIFT BOXES,6,2011-02-18 12:28:00,2.55,12594.0,Italy
544399,22582,PACK OF 6 SWEETIE GIFT BOXES,6,2011-02-18 12:28:00,2.55,12594.0,Italy
544399,20712,JUMBO BAG WOODLAND ANIMALS,10,2011-02-18 12:28:00,1.95,12594.0,Italy
544399,20713,JUMBO BAG OWLS,10,2011-02-18 12:28:00,1.95,12594.0,Italy
544399,20711,JUMBO BAG TOYS ,10,2011-02-18 12:28:00,1.95,12594.0,Italy
544399,POST,POSTAGE,1,2011-02-18 12:28:00,28.0,12594.0,Italy
544400,22659,LUNCH BOX I LOVE LONDON,128,2011-02-18 12:31:00,1.65,14101.0,United Kingdom
544400,22616,PACK OF 12 LONDON TISSUES ,504,2011-02-18 12:31:00,0.25,14101.0,United Kingdom
544400,22560,TRADITIONAL MODELLING CLAY,48,2011-02-18 12:31:00,1.06,14101.0,United Kingdom
544400,22190,LOCAL CAFE MUG,48,2011-02-18 12:31:00,1.85,14101.0,United Kingdom
544400,22109,FULL ENGLISH BREAKFAST PLATE,64,2011-02-18 12:31:00,3.39,14101.0,United Kingdom
544400,22082,RIBBON REEL STRIPES DESIGN ,50,2011-02-18 12:31:00,1.65,14101.0,United Kingdom
544400,21918,SET 12 KIDS COLOUR  CHALK STICKS,60,2011-02-18 12:31:00,0.42,14101.0,United Kingdom
544400,21136,PAINTED METAL PEARS ASSORTED,62,2011-02-18 12:31:00,1.69,14101.0,United Kingdom
544400,85178,VICTORIAN SEWING KIT,60,2011-02-18 12:31:00,1.25,14101.0,United Kingdom
544400,84879,ASSORTED COLOUR BIRD ORNAMENT,64,2011-02-18 12:31:00,1.69,14101.0,United Kingdom
544400,22078,RIBBON REEL LACE DESIGN ,1,2011-02-18 12:31:00,2.1,14101.0,United Kingdom
544400,85177,BASKET OF FLOWERS SEWING KIT,1,2011-02-18 12:31:00,0.85,14101.0,United Kingdom
544404,22197,SMALL POPCORN HOLDER,36,2011-02-18 12:56:00,0.85,16401.0,United Kingdom
544404,21559,STRAWBERRY LUNCH BOX WITH CUTLERY,6,2011-02-18 12:56:00,2.55,16401.0,United Kingdom
544404,22383,LUNCH BAG SUKI  DESIGN ,30,2011-02-18 12:56:00,1.65,16401.0,United Kingdom
544404,20727,LUNCH BAG  BLACK SKULL.,30,2011-02-18 12:56:00,1.65,16401.0,United Kingdom
544404,20726,LUNCH BAG WOODLAND,20,2011-02-18 12:56:00,1.65,16401.0,United Kingdom
544405,22825,DECORATIVE PLANT POT WITH FRIEZE,1,2011-02-18 13:10:00,7.95,16814.0,United Kingdom
544405,21670,BLUE SPOT CERAMIC DRAWER KNOB,12,2011-02-18 13:10:00,1.25,16814.0,United Kingdom
544405,22920,HERB MARKER BASIL,3,2011-02-18 13:10:00,0.65,16814.0,United Kingdom
544405,22916,HERB MARKER THYME,3,2011-02-18 13:10:00,0.65,16814.0,United Kingdom
544405,22921,HERB MARKER CHIVES ,3,2011-02-18 13:10:00,0.65,16814.0,United Kingdom
544405,22919,HERB MARKER MINT,3,2011-02-18 13:10:00,0.65,16814.0,United Kingdom
544405,22918,HERB MARKER PARSLEY,3,2011-02-18 13:10:00,0.65,16814.0,United Kingdom
544405,22926,IVORY GIANT GARDEN THERMOMETER,1,2011-02-18 13:10:00,5.95,16814.0,United Kingdom
544405,22925,BLUE GIANT GARDEN THERMOMETER,1,2011-02-18 13:10:00,5.95,16814.0,United Kingdom
544405,21524,DOORMAT SPOTTY HOME SWEET HOME,10,2011-02-18 13:10:00,6.75,16814.0,United Kingdom
544405,48187,DOORMAT NEW ENGLAND,10,2011-02-18 13:10:00,6.75,16814.0,United Kingdom
544406,22111,SCOTTIE DOG HOT WATER BOTTLE,1,2011-02-18 13:26:00,4.95,16726.0,United Kingdom
544406,21479,WHITE SKULL HOT WATER BOTTLE ,1,2011-02-18 13:26:00,3.75,16726.0,United Kingdom
544406,21484,CHICK GREY HOT WATER BOTTLE,1,2011-02-18 13:26:00,3.45,16726.0,United Kingdom
544406,22837,HOT WATER BOTTLE BABUSHKA ,1,2011-02-18 13:26:00,4.65,16726.0,United Kingdom
544406,47504K,ENGLISH ROSE GARDEN SECATEURS,12,2011-02-18 13:26:00,1.95,16726.0,United Kingdom
544406,84378,SET OF 3 HEART COOKIE CUTTERS,2,2011-02-18 13:26:00,1.25,16726.0,United Kingdom
544406,21894,POTTING SHED SEED ENVELOPES,3,2011-02-18 13:26:00,1.25,16726.0,United Kingdom
544406,22919,HERB MARKER MINT,5,2011-02-18 13:26:00,0.65,16726.0,United Kingdom
544406,22916,HERB MARKER THYME,5,2011-02-18 13:26:00,0.65,16726.0,United Kingdom
544406,22966,GINGERBREAD MAN COOKIE CUTTER,3,2011-02-18 13:26:00,1.25,16726.0,United Kingdom
544406,22834,HAND WARMER BABUSHKA DESIGN,1,2011-02-18 13:26:00,2.1,16726.0,United Kingdom
544406,22457,NATURAL SLATE HEART CHALKBOARD ,5,2011-02-18 13:26:00,2.95,16726.0,United Kingdom
544406,22450,SILK PURSE BABUSHKA BLUE,2,2011-02-18 13:26:00,3.35,16726.0,United Kingdom
544406,22449,SILK PURSE BABUSHKA PINK,2,2011-02-18 13:26:00,3.35,16726.0,United Kingdom
544406,84378,SET OF 3 HEART COOKIE CUTTERS,3,2011-02-18 13:26:00,1.25,16726.0,United Kingdom
544406,21896,POTTING SHED TWINE,1,2011-02-18 13:26:00,2.1,16726.0,United Kingdom
544406,18097C,WHITE TALL PORCELAIN T-LIGHT HOLDER,2,2011-02-18 13:26:00,2.55,16726.0,United Kingdom
544406,22834,HAND WARMER BABUSHKA DESIGN,3,2011-02-18 13:26:00,2.1,16726.0,United Kingdom
544406,22616,PACK OF 12 LONDON TISSUES ,6,2011-02-18 13:26:00,0.29,16726.0,United Kingdom
544406,22212,FOUR HOOK  WHITE LOVEBIRDS,9,2011-02-18 13:26:00,2.1,16726.0,United Kingdom
544406,17003,BROCADE RING PURSE ,36,2011-02-18 13:26:00,0.29,16726.0,United Kingdom
544406,21896,POTTING SHED TWINE,3,2011-02-18 13:26:00,2.1,16726.0,United Kingdom
544406,22037,ROBOT BIRTHDAY CARD,12,2011-02-18 13:26:00,0.42,16726.0,United Kingdom
544406,21955,DOORMAT UNION JACK GUNS AND ROSES,2,2011-02-18 13:26:00,7.95,16726.0,United Kingdom
544406,48111,DOORMAT 3 SMILEY CATS,3,2011-02-18 13:26:00,7.95,16726.0,United Kingdom
544406,84380,SET OF 3 BUTTERFLY COOKIE CUTTERS,5,2011-02-18 13:26:00,1.25,16726.0,United Kingdom
544406,21876,POTTERING MUG,4,2011-02-18 13:26:00,1.25,16726.0,United Kingdom
544406,84926E,FLOWERS TILE COASTER,8,2011-02-18 13:26:00,1.25,16726.0,United Kingdom
544406,22905,CALENDAR IN SEASON DESIGN,5,2011-02-18 13:26:00,2.95,16726.0,United Kingdom
544406,22966,GINGERBREAD MAN COOKIE CUTTER,2,2011-02-18 13:26:00,1.25,16726.0,United Kingdom
544406,22616,PACK OF 12 LONDON TISSUES ,1,2011-02-18 13:26:00,0.29,16726.0,United Kingdom
544406,21894,POTTING SHED SEED ENVELOPES,3,2011-02-18 13:26:00,1.25,16726.0,United Kingdom
544406,22537,MAGIC DRAWING SLATE DINOSAUR,11,2011-02-18 13:26:00,0.42,16726.0,United Kingdom
544406,22037,ROBOT BIRTHDAY CARD,12,2011-02-18 13:26:00,0.42,16726.0,United Kingdom
544406,22713,CARD I LOVE LONDON ,12,2011-02-18 13:26:00,0.42,16726.0,United Kingdom
544406,22713,CARD I LOVE LONDON ,12,2011-02-18 13:26:00,0.42,16726.0,United Kingdom
544406,21669,BLUE STRIPE CERAMIC DRAWER KNOB,6,2011-02-18 13:26:00,1.25,16726.0,United Kingdom
544406,22477,WATERING CAN GARDEN MARKER,10,2011-02-18 13:26:00,1.25,16726.0,United Kingdom
544406,22479,DAISY GARDEN MARKER,10,2011-02-18 13:26:00,1.25,16726.0,United Kingdom
544406,79191C,RETRO PLASTIC ELEPHANT TRAY,6,2011-02-18 13:26:00,0.85,16726.0,United Kingdom
544406,22900, SET 2 TEA TOWELS I LOVE LONDON ,2,2011-02-18 13:26:00,2.95,16726.0,United Kingdom
544406,22900, SET 2 TEA TOWELS I LOVE LONDON ,5,2011-02-18 13:26:00,2.95,16726.0,United Kingdom
544406,20767,BLUE PAISLEY JOURNAL ,2,2011-02-18 13:26:00,2.55,16726.0,United Kingdom
544406,21471,STRAWBERRY RAFFIA FOOD COVER,1,2011-02-18 13:26:00,3.75,16726.0,United Kingdom
544406,21465,PINK FLOWER CROCHET FOOD COVER,1,2011-02-18 13:26:00,3.75,16726.0,United Kingdom
544406,21470,FLOWER VINE RAFFIA FOOD COVER,1,2011-02-18 13:26:00,3.75,16726.0,United Kingdom
544406,21469,POLKA DOT RAFFIA FOOD COVER,1,2011-02-18 13:26:00,3.75,16726.0,United Kingdom
544406,22917,HERB MARKER ROSEMARY,5,2011-02-18 13:26:00,0.65,16726.0,United Kingdom
544406,22918,HERB MARKER PARSLEY,5,2011-02-18 13:26:00,0.65,16726.0,United Kingdom
544406,22920,HERB MARKER BASIL,5,2011-02-18 13:26:00,0.65,16726.0,United Kingdom
544406,22964,3 PIECE SPACEBOY COOKIE CUTTER SET,1,2011-02-18 13:26:00,2.1,16726.0,United Kingdom
544406,22534,MAGIC DRAWING SLATE SPACEBOY ,10,2011-02-18 13:26:00,0.42,16726.0,United Kingdom
544406,21683,MEDIUM MEDINA STAMPED METAL BOWL ,2,2011-02-18 13:26:00,2.95,16726.0,United Kingdom
544406,21896,POTTING SHED TWINE,1,2011-02-18 13:26:00,2.1,16726.0,United Kingdom
544406,22585,PACK OF 6 BIRDY GIFT TAGS,1,2011-02-18 13:26:00,1.25,16726.0,United Kingdom
544406,22548,HEADS AND TAILS SPORTING FUN,1,2011-02-18 13:26:00,1.25,16726.0,United Kingdom
544406,22537,MAGIC DRAWING SLATE DINOSAUR,1,2011-02-18 13:26:00,0.42,16726.0,United Kingdom
544406,22585,PACK OF 6 BIRDY GIFT TAGS,22,2011-02-18 13:26:00,1.25,16726.0,United Kingdom
544406,22548,HEADS AND TAILS SPORTING FUN,3,2011-02-18 13:26:00,1.25,16726.0,United Kingdom
544406,22549,PICTURE DOMINOES,4,2011-02-18 13:26:00,1.45,16726.0,United Kingdom
544406,22691,DOORMAT WELCOME SUNRISE,1,2011-02-18 13:26:00,7.95,16726.0,United Kingdom
544406,48188,DOORMAT WELCOME PUPPIES,1,2011-02-18 13:26:00,7.95,16726.0,United Kingdom
544406,22964,3 PIECE SPACEBOY COOKIE CUTTER SET,3,2011-02-18 13:26:00,2.1,16726.0,United Kingdom
544407,M,Manual,1,2011-02-18 13:26:00,15.0,14606.0,United Kingdom
544408,22051,BLUE SCANDINAVIAN PAISLEY WRAP,25,2011-02-18 13:29:00,0.42,16726.0,United Kingdom
544408,22704,WRAP RED APPLES ,25,2011-02-18 13:29:00,0.42,16726.0,United Kingdom
544408,22710,WRAP I LOVE LONDON ,25,2011-02-18 13:29:00,0.42,16726.0,United Kingdom
544408,22038,BOTANICAL LAVENDER GIFT WRAP ,25,2011-02-18 13:29:00,0.42,16726.0,United Kingdom
544408,22696,WICKER WREATH LARGE,2,2011-02-18 13:29:00,1.95,16726.0,United Kingdom
544408,22694,WICKER STAR ,1,2011-02-18 13:29:00,2.1,16726.0,United Kingdom
544408,22470,HEART OF WICKER LARGE,1,2011-02-18 13:29:00,2.95,16726.0,United Kingdom
544408,22694,WICKER STAR ,1,2011-02-18 13:29:00,2.1,16726.0,United Kingdom
544408,48194,DOORMAT HEARTS,1,2011-02-18 13:29:00,7.95,16726.0,United Kingdom
544409,21868,POTTING SHED TEA MUG,24,2011-02-18 13:32:00,1.25,16265.0,United Kingdom
544409,46775D,SUNSET COLOUR CHUNKY KNITTED THROW,6,2011-02-18 13:32:00,16.95,16265.0,United Kingdom
544409,84945,MULTI COLOUR SILVER T-LIGHT HOLDER,24,2011-02-18 13:32:00,0.85,16265.0,United Kingdom
544409,22088,PAPER BUNTING COLOURED LACE,12,2011-02-18 13:32:00,2.95,16265.0,United Kingdom
544409,47566,PARTY BUNTING,8,2011-02-18 13:32:00,4.95,16265.0,United Kingdom
544409,22726,ALARM CLOCK BAKELIKE GREEN,4,2011-02-18 13:32:00,3.75,16265.0,United Kingdom
544409,22730,ALARM CLOCK BAKELIKE IVORY,4,2011-02-18 13:32:00,3.75,16265.0,United Kingdom
544409,22084,PAPER CHAIN KIT EMPIRE,12,2011-02-18 13:32:00,2.95,16265.0,United Kingdom
544409,22911,PAPER CHAIN KIT LONDON,12,2011-02-18 13:32:00,2.95,16265.0,United Kingdom
544409,21625,VINTAGE UNION JACK APRON,3,2011-02-18 13:32:00,6.95,16265.0,United Kingdom
544409,22842,BISCUIT TIN VINTAGE RED,4,2011-02-18 13:32:00,6.75,16265.0,United Kingdom
544409,22843,BISCUIT TIN VINTAGE GREEN,4,2011-02-18 13:32:00,6.75,16265.0,United Kingdom
544409,22846,BREAD BIN DINER STYLE RED ,2,2011-02-18 13:32:00,16.95,16265.0,United Kingdom
544409,22955,36 FOIL STAR CAKE CASES ,6,2011-02-18 13:32:00,2.1,16265.0,United Kingdom
544409,22326,ROUND SNACK BOXES SET OF4 WOODLAND ,12,2011-02-18 13:32:00,2.95,16265.0,United Kingdom
544409,21949,SET OF 6 STRAWBERRY CHOPSTICKS,12,2011-02-18 13:32:00,1.25,16265.0,United Kingdom
544409,84951A,SET OF 4 PISTACHIO LOVEBIRD COASTER,6,2011-02-18 13:32:00,2.55,16265.0,United Kingdom
544409,84968C,SET OF 16 VINTAGE PISTACHIO CUTLERY,1,2011-02-18 13:32:00,12.75,16265.0,United Kingdom
544409,79030G,"TUMBLER, NEW ENGLAND",12,2011-02-18 13:32:00,1.65,16265.0,United Kingdom
544409,79000,MOROCCAN TEA GLASS,12,2011-02-18 13:32:00,0.85,16265.0,United Kingdom
544409,85093,CANDY SPOT EGG WARMER HARE,12,2011-02-18 13:32:00,1.25,16265.0,United Kingdom
544409,85094,CANDY SPOT EGG WARMER RABBIT,12,2011-02-18 13:32:00,1.25,16265.0,United Kingdom
544409,22197,SMALL POPCORN HOLDER,12,2011-02-18 13:32:00,0.85,16265.0,United Kingdom
544409,22604,SET OF 4 NAPKIN CHARMS CUTLERY,12,2011-02-18 13:32:00,2.55,16265.0,United Kingdom
544409,22638,SET OF 4 NAPKIN CHARMS CROWNS ,6,2011-02-18 13:32:00,2.55,16265.0,United Kingdom
544409,85114B,IVORY ENCHANTED FOREST PLACEMAT,12,2011-02-18 13:32:00,1.65,16265.0,United Kingdom
544409,22760,"TRAY, BREAKFAST IN BED",1,2011-02-18 13:32:00,12.75,16265.0,United Kingdom
544409,47421,ASSORTED COLOUR LIZARD SUCTION HOOK,24,2011-02-18 13:32:00,0.42,16265.0,United Kingdom
544409,85206A,CREAM FELT EASTER EGG BASKET,6,2011-02-18 13:32:00,1.65,16265.0,United Kingdom
544409,22350,ILLUSTRATED CAT BOWL ,6,2011-02-18 13:32:00,2.55,16265.0,United Kingdom
544409,22349,DOG BOWL CHASING BALL DESIGN,6,2011-02-18 13:32:00,3.75,16265.0,United Kingdom
544409,22993,SET OF 4 PANTRY JELLY MOULDS,12,2011-02-18 13:32:00,1.25,16265.0,United Kingdom
544409,21662,VINTAGE GLASS COFFEE CADDY,3,2011-02-18 13:32:00,5.95,16265.0,United Kingdom
544409,21654,RIDGED GLASS FINGER BOWL,12,2011-02-18 13:32:00,1.45,16265.0,United Kingdom
544409,21925,UNION STRIPE CUSHION COVER ,12,2011-02-18 13:32:00,1.25,16265.0,United Kingdom
544410,84997C,?,-741,2011-02-18 13:54:00,0.0,,United Kingdom
544411,20828,GLITTER BUTTERFLY CLIPS,18,2011-02-18 14:18:00,2.55,13799.0,United Kingdom
544411,20829,GLITTER HANGING BUTTERFLY STRING,24,2011-02-18 14:18:00,2.1,13799.0,United Kingdom
544411,22384,LUNCH BAG PINK POLKADOT,10,2011-02-18 14:18:00,1.65,13799.0,United Kingdom
544411,22646,CERAMIC STRAWBERRY CAKE MONEY BANK,12,2011-02-18 14:18:00,1.45,13799.0,United Kingdom
544411,21232,STRAWBERRY CERAMIC TRINKET BOX,12,2011-02-18 14:18:00,1.25,13799.0,United Kingdom
544411,22645,CERAMIC HEART FAIRY CAKE MONEY BANK,12,2011-02-18 14:18:00,1.45,13799.0,United Kingdom
544411,21231,SWEETHEART CERAMIC TRINKET BOX,12,2011-02-18 14:18:00,1.25,13799.0,United Kingdom
544411,22064,PINK DOUGHNUT TRINKET POT ,12,2011-02-18 14:18:00,1.65,13799.0,United Kingdom
544411,22055,MINI CAKE STAND  HANGING STRAWBERY,8,2011-02-18 14:18:00,1.65,13799.0,United Kingdom
544411,37446,MINI CAKE STAND WITH HANGING CAKES,8,2011-02-18 14:18:00,1.45,13799.0,United Kingdom
544411,22649,STRAWBERRY FAIRY CAKE TEAPOT,8,2011-02-18 14:18:00,4.95,13799.0,United Kingdom
544411,22351,DOTCOMGIFTSHOP TEA TOWEL,12,2011-02-18 14:18:00,1.65,13799.0,United Kingdom
544411,21927,BLUE/CREAM STRIPE CUSHION COVER ,12,2011-02-18 14:18:00,1.25,13799.0,United Kingdom
544411,21926,RED/CREAM STRIPE CUSHION COVER ,12,2011-02-18 14:18:00,1.25,13799.0,United Kingdom
544411,22890,NOVELTY BISCUITS CAKE STAND 3 TIER,2,2011-02-18 14:18:00,9.95,13799.0,United Kingdom
544411,21700,BIG DOUGHNUT FRIDGE MAGNETS,12,2011-02-18 14:18:00,0.85,13799.0,United Kingdom
544412,22518,CHILDS GARDEN BRUSH BLUE,6,2011-02-18 14:21:00,2.1,16531.0,United Kingdom
544412,22519,CHILDS GARDEN BRUSH PINK,6,2011-02-18 14:21:00,2.1,16531.0,United Kingdom
544412,22526,WHEELBARROW FOR CHILDREN ,1,2011-02-18 14:21:00,12.75,16531.0,United Kingdom
544412,21452,TOADSTOOL MONEY BOX,6,2011-02-18 14:21:00,2.95,16531.0,United Kingdom
544412,22650,CERAMIC PIRATE CHEST MONEY BANK,12,2011-02-18 14:21:00,1.45,16531.0,United Kingdom
544412,22271,FELTCRAFT DOLL ROSIE,6,2011-02-18 14:21:00,2.95,16531.0,United Kingdom
544412,16238,PARTY TIME PENCIL ERASERS,28,2011-02-18 14:21:00,0.21,16531.0,United Kingdom
544412,22438,BALLOON ART MAKE YOUR OWN FLOWERS,10,2011-02-18 14:21:00,1.95,16531.0,United Kingdom
544412,22437,SET OF 9 BLACK SKULL BALLOONS,20,2011-02-18 14:21:00,0.85,16531.0,United Kingdom
544412,22436,12 COLOURED PARTY BALLOONS,20,2011-02-18 14:21:00,0.65,16531.0,United Kingdom
544412,22332,SKULLS PARTY BAG + STICKER SET,8,2011-02-18 14:21:00,1.65,16531.0,United Kingdom
544412,22333,RETROSPOT PARTY BAG + STICKER SET,8,2011-02-18 14:21:00,1.65,16531.0,United Kingdom
544412,22331,WOODLAND PARTY BAG + STICKER SET,8,2011-02-18 14:21:00,1.65,16531.0,United Kingdom
544412,84375,SET OF 20 KIDS COOKIE CUTTERS,12,2011-02-18 14:21:00,2.1,16531.0,United Kingdom
544412,85206A,CREAM FELT EASTER EGG BASKET,6,2011-02-18 14:21:00,1.65,16531.0,United Kingdom
544412,21828,EIGHT PIECE SNAKE  SET,12,2011-02-18 14:21:00,1.25,16531.0,United Kingdom
544412,21830,ASSORTED CREEPY CRAWLIES,24,2011-02-18 14:21:00,0.42,16531.0,United Kingdom
C544413,22364,GLASS JAR DIGESTIVE BISCUITS,-6,2011-02-18 14:36:00,2.95,14760.0,United Kingdom
C544413,22363,GLASS JAR MARMALADE ,-6,2011-02-18 14:36:00,2.95,14760.0,United Kingdom
C544414,22960,JAM MAKING SET WITH JARS,-2,2011-02-18 14:54:00,3.75,13408.0,United Kingdom
C544415,22625,RED KITCHEN SCALES,-1,2011-02-18 15:04:00,8.5,16133.0,United Kingdom
C544416,15056N,EDWARDIAN PARASOL NATURAL,-2,2011-02-18 15:11:00,5.95,16713.0,United Kingdom
C544417,22456,NATURAL SLATE CHALKBOARD LARGE ,-1,2011-02-18 15:13:00,4.95,17512.0,United Kingdom
544418,22992,REVOLVER WOODEN RULER ,1,2011-02-18 15:15:00,1.95,,United Kingdom
544418,22991,GIRAFFE WOODEN RULER,1,2011-02-18 15:15:00,1.95,,United Kingdom
544418,21498,RED RETROSPOT WRAP ,4,2011-02-18 15:15:00,0.42,,United Kingdom
C544419,85232A,SET/3 POLKADOT STACKING TINS,-3,2011-02-18 15:16:00,4.95,12395.0,Belgium
C544420,71477,COLOUR GLASS. STAR T-LIGHT HOLDER,-2,2011-02-18 15:18:00,2.75,16191.0,United Kingdom
544421,22178,VICTORIAN GLASS HANGING T-LIGHT,12,2011-02-18 15:21:00,1.25,13951.0,United Kingdom
544421,84970L,SINGLE HEART ZINC T-LIGHT HOLDER,12,2011-02-18 15:21:00,0.95,13951.0,United Kingdom
544421,22698,PINK REGENCY TEACUP AND SAUCER,6,2011-02-18 15:21:00,2.95,13951.0,United Kingdom
544421,22697,GREEN REGENCY TEACUP AND SAUCER,6,2011-02-18 15:21:00,2.95,13951.0,United Kingdom
544421,22699,ROSES REGENCY TEACUP AND SAUCER ,6,2011-02-18 15:21:00,2.95,13951.0,United Kingdom
544421,22423,REGENCY CAKESTAND 3 TIER,2,2011-02-18 15:21:00,12.75,13951.0,United Kingdom
544421,84879,ASSORTED COLOUR BIRD ORNAMENT,8,2011-02-18 15:21:00,1.69,13951.0,United Kingdom
544421,84755,COLOUR GLASS T-LIGHT HOLDER HANGING,16,2011-02-18 15:21:00,0.65,13951.0,United Kingdom
544421,84978,HANGING HEART JAR T-LIGHT HOLDER,36,2011-02-18 15:21:00,1.06,13951.0,United Kingdom
544421,22893,MINI CAKE STAND T-LIGHT HOLDER,24,2011-02-18 15:21:00,0.42,13951.0,United Kingdom
544421,22806,SET OF 6 T-LIGHTS WEDDING CAKE ,6,2011-02-18 15:21:00,2.95,13951.0,United Kingdom
544421,22087,PAPER BUNTING WHITE LACE,6,2011-02-18 15:21:00,2.95,13951.0,United Kingdom
C544422,79191C,RETRO PLASTIC ELEPHANT TRAY,-12,2011-02-18 15:22:00,0.85,12553.0,France
544423,79190B,RETRO PLASTIC POLKA TRAY,15,2011-02-18 15:23:00,0.42,12553.0,France
C544424,22971,QUEENS GUARD COFFEE MUG,-5,2011-02-18 15:29:00,2.1,18093.0,United Kingdom
C544424,22970,LONDON BUS COFFEE MUG,-6,2011-02-18 15:29:00,2.1,18093.0,United Kingdom
C544425,35004B,SET OF 3 BLACK FLYING DUCKS,-1,2011-02-18 15:40:00,4.65,13078.0,United Kingdom
544426,21621,VINTAGE UNION JACK BUNTING,4,2011-02-18 15:41:00,8.5,16765.0,United Kingdom
C544427,84663A,GRASS HOPPER WOODEN WALL CLOCK ,-1,2011-02-18 15:42:00,5.95,17612.0,United Kingdom
C544428,22637,PIGGY BANK RETROSPOT ,-2,2011-02-18 15:44:00,2.55,16306.0,United Kingdom
544430,22637,PIGGY BANK RETROSPOT ,2,2011-02-18 15:45:00,2.55,16306.0,United Kingdom
C544429,22637,PIGGY BANK RETROSPOT ,-2,2011-02-18 15:45:00,2.55,16306.0,United Kingdom
544431,22991,GIRAFFE WOODEN RULER,1,2011-02-18 15:49:00,1.95,,United Kingdom
544431,22993,SET OF 4 PANTRY JELLY MOULDS,1,2011-02-18 15:49:00,1.25,,United Kingdom
C544432,22487,WHITE WOOD GARDEN PLANT LADDER,-1,2011-02-18 15:54:00,9.95,16979.0,United Kingdom
C544433,21232,STRAWBERRY CERAMIC TRINKET BOX,-1,2011-02-18 15:59:00,1.25,15601.0,United Kingdom
544434,15036,ASSORTED COLOURS SILK FAN,1,2011-02-18 16:12:00,1.63,,United Kingdom
544434,15039,SANDALWOOD FAN,4,2011-02-18 16:12:00,1.63,,United Kingdom
544434,16237,SLEEPING CAT ERASERS,2,2011-02-18 16:12:00,0.42,,United Kingdom
544434,17012C,ORIGAMI LAVENDER INCENSE/CANDL SET ,1,2011-02-18 16:12:00,2.46,,United Kingdom
544434,17084N,FAIRY DREAMS INCENSE ,2,2011-02-18 16:12:00,0.42,,United Kingdom
544434,20616,CHERRY BLOSSOM PASSPORT COVER,2,2011-02-18 16:12:00,1.63,,United Kingdom
544434,20619,TROPICAL PASSPORT COVER ,1,2011-02-18 16:12:00,1.63,,United Kingdom
544434,20707,CRAZY DAISY HEART DECORATION,3,2011-02-18 16:12:00,0.83,,United Kingdom
544434,20719,WOODLAND CHARLOTTE BAG,1,2011-02-18 16:12:00,1.63,,United Kingdom
544434,20723,STRAWBERRY CHARLOTTE BAG,1,2011-02-18 16:12:00,1.63,,United Kingdom
544434,20724,RED RETROSPOT CHARLOTTE BAG,1,2011-02-18 16:12:00,1.63,,United Kingdom
544434,20725,LUNCH BAG RED RETROSPOT,1,2011-02-18 16:12:00,4.13,,United Kingdom
544434,20726,LUNCH BAG WOODLAND,1,2011-02-18 16:12:00,4.13,,United Kingdom
544434,20803,SMALL PINK GLASS SUNDAE DISH,4,2011-02-18 16:12:00,3.29,,United Kingdom
544434,20914,SET/5 RED RETROSPOT LID GLASS BOWLS,1,2011-02-18 16:12:00,5.79,,United Kingdom
544434,20961,STRAWBERRY BATH SPONGE ,1,2011-02-18 16:12:00,2.46,,United Kingdom
544434,20963,APPLE BATH SPONGE,1,2011-02-18 16:12:00,2.46,,United Kingdom
544434,20974,12 PENCILS SMALL TUBE SKULL,24,2011-02-18 16:12:00,0.65,,United Kingdom
544434,20975,12 PENCILS SMALL TUBE RED RETROSPOT,16,2011-02-18 16:12:00,1.25,,United Kingdom
544434,21078,SET/20 STRAWBERRY PAPER NAPKINS ,1,2011-02-18 16:12:00,1.63,,United Kingdom
544434,21080,SET/20 RED RETROSPOT PAPER NAPKINS ,1,2011-02-18 16:12:00,1.63,,United Kingdom
544434,21084,SET/6 COLLAGE PAPER CUPS,4,2011-02-18 16:12:00,0.83,,United Kingdom
544434,21087,SET/6 POSIES PAPER CUPS,2,2011-02-18 16:12:00,0.83,,United Kingdom
544434,21090,SET/6 COLLAGE PAPER PLATES,2,2011-02-18 16:12:00,0.83,,United Kingdom
544434,21108,FAIRY CAKE FLANNEL ASSORTED COLOUR,1,2011-02-18 16:12:00,4.96,,United Kingdom
544434,21110,LARGE CAKE TOWEL PINK SPOTS,1,2011-02-18 16:12:00,13.29,,United Kingdom
544434,21122,SET/10 PINK POLKADOT PARTY CANDLES,2,2011-02-18 16:12:00,2.46,,United Kingdom
544434,21123,SET/10 IVORY POLKADOT PARTY CANDLES,2,2011-02-18 16:12:00,2.46,,United Kingdom
544434,21124,SET/10 BLUE POLKADOT PARTY CANDLES,2,2011-02-18 16:12:00,2.46,,United Kingdom
544434,21126,SET OF 6 GIRLS CELEBRATION CANDLES,2,2011-02-18 16:12:00,2.46,,United Kingdom
544434,21162,TOXIC AREA  DOOR HANGER ,2,2011-02-18 16:12:00,3.29,,United Kingdom
544434,21163,DO NOT TOUCH MY STUFF DOOR HANGER ,2,2011-02-18 16:12:00,3.29,,United Kingdom
544434,21179,NO JUNK MAIL METAL SIGN,1,2011-02-18 16:12:00,1.63,,United Kingdom
544434,21197,MULTICOLOUR  CONFETTI IN TUBE,14,2011-02-18 16:12:00,1.65,,United Kingdom
544434,21210,SET OF 72 RETROSPOT PAPER  DOILIES,1,2011-02-18 16:12:00,2.92,,United Kingdom
544434,21212,PACK OF 72 RETROSPOT CAKE CASES,5,2011-02-18 16:12:00,1.25,,United Kingdom
544434,21216,"SET 3 RETROSPOT TEA,COFFEE,SUGAR",1,2011-02-18 16:12:00,10.79,,United Kingdom
544434,21218,RED SPOTTY BISCUIT TIN,1,2011-02-18 16:12:00,8.29,,United Kingdom
544434,21231,SWEETHEART CERAMIC TRINKET BOX,5,2011-02-18 16:12:00,2.46,,United Kingdom
544434,21232,STRAWBERRY CERAMIC TRINKET BOX,4,2011-02-18 16:12:00,2.46,,United Kingdom
544434,21272,SALLE DE BAIN HOOK,1,2011-02-18 16:12:00,2.46,,United Kingdom
544434,21288,STRIPEY CHOCOLATE NESTING BOXES,1,2011-02-18 16:12:00,3.29,,United Kingdom
544434,21411,GINGHAM HEART  DOORSTOP RED,1,2011-02-18 16:12:00,8.29,,United Kingdom
544434,21428,SET3 BOOK BOX GREEN GINGHAM FLOWER ,1,2011-02-18 16:12:00,8.29,,United Kingdom
544434,21430,SET/3 RED GINGHAM ROSE STORAGE BOX,1,2011-02-18 16:12:00,7.46,,United Kingdom
544434,21455,PAINTED YELLOW WOODEN DAISY,40,2011-02-18 16:12:00,0.85,,United Kingdom
544434,21481,FAWN BLUE HOT WATER BOTTLE,1,2011-02-18 16:12:00,5.79,,United Kingdom
544434,21523,DOORMAT FANCY FONT HOME SWEET HOME,1,2011-02-18 16:12:00,14.13,,United Kingdom
544434,21561,DINOSAUR LUNCH BOX WITH CUTLERY,1,2011-02-18 16:12:00,4.96,,United Kingdom
544434,21671,RED SPOT CERAMIC DRAWER KNOB,3,2011-02-18 16:12:00,2.46,,United Kingdom
544434,21672,WHITE SPOT RED CERAMIC DRAWER KNOB,3,2011-02-18 16:12:00,2.46,,United Kingdom
544434,21755,LOVE BUILDING BLOCK WORD,1,2011-02-18 16:12:00,11.63,,United Kingdom
544434,21781,MA CAMPAGNE CUTLERY BOX,1,2011-02-18 16:12:00,29.13,,United Kingdom
544434,21784,SHOE SHINE BOX ,1,2011-02-18 16:12:00,20.79,,United Kingdom
544434,21801,CHRISTMAS TREE DECORATION WITH BELL,4,2011-02-18 16:12:00,0.42,,United Kingdom
544434,21802,CHRISTMAS TREE HEART DECORATION,4,2011-02-18 16:12:00,0.42,,United Kingdom
544434,21843,RED RETROSPOT CAKE STAND,1,2011-02-18 16:12:00,20.79,,United Kingdom
544434,21847,GREEN  DIAMANTE PEN IN GIFT BOX,1,2011-02-18 16:12:00,4.13,,United Kingdom
544434,21898,POTTING SHED ROSE CANDLE,6,2011-02-18 16:12:00,2.46,,United Kingdom
544434,21916,SET 12 RETRO WHITE CHALK STICKS,1,2011-02-18 16:12:00,0.83,,United Kingdom
544434,21918,SET 12 KIDS COLOUR  CHALK STICKS,11,2011-02-18 16:12:00,0.83,,United Kingdom
544434,21935,SUKI  SHOULDER BAG,1,2011-02-18 16:12:00,3.29,,United Kingdom
544434,21949,SET OF 6 STRAWBERRY CHOPSTICKS,1,2011-02-18 16:12:00,2.46,,United Kingdom
544434,21977,PACK OF 60 PINK PAISLEY CAKE CASES,3,2011-02-18 16:12:00,1.25,,United Kingdom
544434,21992,VINTAGE PAISLEY STATIONERY SET,6,2011-02-18 16:12:00,2.46,,United Kingdom
544434,21993,FLORAL FOLK STATIONERY SET,1,2011-02-18 16:12:00,2.46,,United Kingdom
544434,22021,BLUE FELT EASTER EGG BASKET,1,2011-02-18 16:12:00,3.29,,United Kingdom
544434,22026,BANQUET BIRTHDAY  CARD  ,1,2011-02-18 16:12:00,0.83,,United Kingdom
544434,22059,CERAMIC STRAWBERRY DESIGN MUG,2,2011-02-18 16:12:00,3.29,,United Kingdom
544434,22073,RED RETROSPOT STORAGE JAR,1,2011-02-18 16:12:00,7.46,,United Kingdom
544434,22077,6 RIBBONS RUSTIC CHARM,2,2011-02-18 16:12:00,3.29,,United Kingdom
544434,22087,PAPER BUNTING WHITE LACE,1,2011-02-18 16:12:00,5.79,,United Kingdom
544434,22109,FULL ENGLISH BREAKFAST PLATE,1,2011-02-18 16:12:00,7.46,,United Kingdom
544434,22138,BAKING SET 9 PIECE RETROSPOT ,1,2011-02-18 16:12:00,10.79,,United Kingdom
544434,22154,ANGEL DECORATION 3 BUTTONS ,11,2011-02-18 16:12:00,0.83,,United Kingdom
544434,22161,HEART DECORATION RUSTIC HANGING ,6,2011-02-18 16:12:00,0.79,,United Kingdom
544434,22165,"DIAMANTE HEART SHAPED WALL MIRROR, ",1,2011-02-18 16:12:00,10.79,,United Kingdom
544434,22180,RETROSPOT LAMP,1,2011-02-18 16:12:00,20.79,,United Kingdom
544434,22183,CAKE STAND VICTORIAN FILIGREE MED,2,2011-02-18 16:12:00,5.79,,United Kingdom
544434,22185,SLATE TILE NATURAL HANGING,1,2011-02-18 16:12:00,3.29,,United Kingdom
544434,22196,SMALL HEART MEASURING SPOONS,1,2011-02-18 16:12:00,1.63,,United Kingdom
544434,22212,FOUR HOOK  WHITE LOVEBIRDS,1,2011-02-18 16:12:00,4.13,,United Kingdom
544434,22215,CAKE STAND WHITE TWO TIER LACE,2,2011-02-18 16:12:00,16.63,,United Kingdom
544434,22219,LOVEBIRD HANGING DECORATION WHITE ,10,2011-02-18 16:12:00,1.63,,United Kingdom
544434,22220,CAKE STAND LOVEBIRD 2 TIER WHITE,1,2011-02-18 16:12:00,19.96,,United Kingdom
544434,22222,CAKE PLATE LOVEBIRD WHITE,1,2011-02-18 16:12:00,9.96,,United Kingdom
544434,22223,CAKE PLATE LOVEBIRD PINK,1,2011-02-18 16:12:00,9.96,,United Kingdom
544434,22227,HANGING HEART MIRROR DECORATION ,1,2011-02-18 16:12:00,1.25,,United Kingdom
544434,22281,EASTER TREE YELLOW BIRDS,1,2011-02-18 16:12:00,12.46,,United Kingdom
544434,22299,PIG KEYRING WITH LIGHT & SOUND ,2,2011-02-18 16:12:00,2.46,,United Kingdom
544434,22322,BIRD DECORATION GREEN POLKADOT,2,2011-02-18 16:12:00,1.63,,United Kingdom
544434,22326,ROUND SNACK BOXES SET OF4 WOODLAND ,1,2011-02-18 16:12:00,5.79,,United Kingdom
544434,22329,ROUND CONTAINER SET OF 5 RETROSPOT,1,2011-02-18 16:12:00,3.29,,United Kingdom
544434,22332,SKULLS PARTY BAG + STICKER SET,3,2011-02-18 16:12:00,3.29,,United Kingdom
544434,22333,RETROSPOT PARTY BAG + STICKER SET,2,2011-02-18 16:12:00,3.29,,United Kingdom
544434,22355,CHARLOTTE BAG SUKI DESIGN,2,2011-02-18 16:12:00,1.63,,United Kingdom
544434,22356,CHARLOTTE BAG PINK POLKADOT,1,2011-02-18 16:12:00,1.63,,United Kingdom
544434,22423,REGENCY CAKESTAND 3 TIER,1,2011-02-18 16:12:00,24.96,,United Kingdom
544434,22467,GUMBALL COAT RACK,1,2011-02-18 16:12:00,4.96,,United Kingdom
544434,22469,HEART OF WICKER SMALL,1,2011-02-18 16:12:00,3.29,,United Kingdom
544434,22470,HEART OF WICKER LARGE,2,2011-02-18 16:12:00,5.79,,United Kingdom
544434,22488,NATURAL SLATE RECTANGLE CHALKBOARD,1,2011-02-18 16:12:00,3.29,,United Kingdom
544434,22494,EMERGENCY FIRST AID TIN ,1,2011-02-18 16:12:00,2.46,,United Kingdom
544434,22497,SET OF 2 TINS VINTAGE BATHROOM ,2,2011-02-18 16:12:00,8.29,,United Kingdom
544434,22500,SET OF 2 TINS JARDIN DE PROVENCE,2,2011-02-18 16:12:00,10.79,,United Kingdom
544434,22507,MEMO BOARD RETROSPOT  DESIGN,1,2011-02-18 16:12:00,4.96,,United Kingdom
544434,22549,PICTURE DOMINOES,1,2011-02-18 16:12:00,3.29,,United Kingdom
544434,22569,FELTCRAFT CUSHION BUTTERFLY,1,2011-02-18 16:12:00,7.46,,United Kingdom
544434,22577,WOODEN HEART CHRISTMAS SCANDINAVIAN,1,2011-02-18 16:12:00,1.63,,United Kingdom
544434,22595,GINGHAM HEART DECORATION,3,2011-02-18 16:12:00,1.63,,United Kingdom
544434,22602,RETROSPOT WOODEN HEART DECORATION,1,2011-02-18 16:12:00,1.63,,United Kingdom
544434,22621,TRADITIONAL KNITTING NANCY,1,2011-02-18 16:12:00,3.29,,United Kingdom
544434,22625,RED KITCHEN SCALES,1,2011-02-18 16:12:00,16.63,,United Kingdom
544434,22628,PICNIC BOXES SET OF 3 RETROSPOT ,1,2011-02-18 16:12:00,9.96,,United Kingdom
544434,22644,CERAMIC CHERRY CAKE MONEY BANK,2,2011-02-18 16:12:00,3.29,,United Kingdom
544434,22645,CERAMIC HEART FAIRY CAKE MONEY BANK,3,2011-02-18 16:12:00,3.29,,United Kingdom
544434,22659,LUNCH BOX I LOVE LONDON,1,2011-02-18 16:12:00,4.13,,United Kingdom
544434,22684,FRENCH BLUE METAL DOOR SIGN 9,1,2011-02-18 16:12:00,2.46,,United Kingdom
544434,22686,FRENCH BLUE METAL DOOR SIGN No,1,2011-02-18 16:12:00,2.46,,United Kingdom
544434,22694,WICKER STAR ,1,2011-02-18 16:12:00,4.13,,United Kingdom
544434,22697,GREEN REGENCY TEACUP AND SAUCER,5,2011-02-18 16:12:00,5.79,,United Kingdom
544434,22698,PINK REGENCY TEACUP AND SAUCER,2,2011-02-18 16:12:00,5.79,,United Kingdom
544434,22699,ROSES REGENCY TEACUP AND SAUCER ,2,2011-02-18 16:12:00,5.79,,United Kingdom
544434,22720,SET OF 3 CAKE TINS PANTRY DESIGN ,1,2011-02-18 16:12:00,10.79,,United Kingdom
544434,22722,SET OF 6 SPICE TINS PANTRY DESIGN,2,2011-02-18 16:12:00,8.29,,United Kingdom
544434,22745,POPPY'S PLAYHOUSE BEDROOM ,1,2011-02-18 16:12:00,4.13,,United Kingdom
544434,22746,POPPY'S PLAYHOUSE LIVINGROOM ,1,2011-02-18 16:12:00,4.13,,United Kingdom
544434,22747,POPPY'S PLAYHOUSE BATHROOM,1,2011-02-18 16:12:00,4.13,,United Kingdom
544434,22748,POPPY'S PLAYHOUSE KITCHEN,1,2011-02-18 16:12:00,4.13,,United Kingdom
544434,22773,GREEN DRAWER KNOB ACRYLIC EDWARDIAN,2,2011-02-18 16:12:00,2.46,,United Kingdom
544434,22805,BLUE DRAWER KNOB ACRYLIC EDWARDIAN,1,2011-02-18 16:12:00,2.46,,United Kingdom
544434,22834,HAND WARMER BABUSHKA DESIGN,2,2011-02-18 16:12:00,4.13,,United Kingdom
544434,22838,3 TIER CAKE TIN RED AND CREAM,1,2011-02-18 16:12:00,29.17,,United Kingdom
544434,22867,HAND WARMER BIRD DESIGN,2,2011-02-18 16:12:00,2.1,,United Kingdom
544434,22894,TABLECLOTH RED APPLES DESIGN ,1,2011-02-18 16:12:00,8.29,,United Kingdom
544434,22895,SET OF 2 TEA TOWELS APPLE AND PEARS,1,2011-02-18 16:12:00,5.79,,United Kingdom
544434,22907,PACK OF 20 NAPKINS PANTRY DESIGN,1,2011-02-18 16:12:00,1.63,,United Kingdom
544434,22930,BAKING MOULD HEART MILK CHOCOLATE,1,2011-02-18 16:12:00,4.96,,United Kingdom
544434,22935,BAKING MOULD ROSE MILK CHOCOLATE,2,2011-02-18 16:12:00,6.63,,United Kingdom
544434,22938,CUPCAKE LACE PAPER SET 6,4,2011-02-18 16:12:00,4.13,,United Kingdom
544434,22961,JAM MAKING SET PRINTED,1,2011-02-18 16:12:00,3.29,,United Kingdom
544434,22962,JAM JAR WITH PINK LID,2,2011-02-18 16:12:00,1.63,,United Kingdom
544434,22963,JAM JAR WITH GREEN LID,2,2011-02-18 16:12:00,1.63,,United Kingdom
544434,22964,3 PIECE SPACEBOY COOKIE CUTTER SET,2,2011-02-18 16:12:00,4.13,,United Kingdom
544434,22966,GINGERBREAD MAN COOKIE CUTTER,2,2011-02-18 16:12:00,2.46,,United Kingdom
544434,22968,ROSE COTTAGE KEEPSAKE BOX ,1,2011-02-18 16:12:00,19.96,,United Kingdom
544434,22969,HOMEMADE JAM SCENTED CANDLES,1,2011-02-18 16:12:00,3.29,,United Kingdom
544434,22974,CHILDRENS DOLLY GIRL MUG,1,2011-02-18 16:12:00,3.29,,United Kingdom
544434,22996,TRAVEL CARD WALLET VINTAGE TICKET,1,2011-02-18 16:12:00,0.83,,United Kingdom
544434,23000,TRAVEL CARD WALLET TRANSPORT,1,2011-02-18 16:12:00,0.83,,United Kingdom
544434,23004,TRAVEL CARD WALLET PANTRY,1,2011-02-18 16:12:00,0.83,,United Kingdom
544434,23006,TRAVEL CARD WALLET FLOWER MEADOW,2,2011-02-18 16:12:00,0.83,,United Kingdom
544434,35961,FOLKART ZINC HEART CHRISTMAS DEC,1,2011-02-18 16:12:00,1.63,,United Kingdom
544434,37448,CERAMIC CAKE DESIGN SPOTTED MUG,2,2011-02-18 16:12:00,3.29,,United Kingdom
544434,37491A,YELLOW/PINK CERAMIC CANDLE HOLDER,2,2011-02-18 16:12:00,3.29,,United Kingdom
544434,37491D,PURPLE/BLUE CERAMIC CANDLE HOLDER,2,2011-02-18 16:12:00,3.29,,United Kingdom
544434,37495,FAIRY CAKE BIRTHDAY CANDLE SET,2,2011-02-18 16:12:00,7.46,,United Kingdom
544434,47310M,"SMALL POP BOX,FUNKY MONKEY",1,2011-02-18 16:12:00,3.29,,United Kingdom
544434,47566,PARTY BUNTING,2,2011-02-18 16:12:00,10.79,,United Kingdom
544434,47566B,TEA TIME PARTY BUNTING,1,2011-02-18 16:12:00,10.79,,United Kingdom
544434,47599A,PINK PARTY BAGS,1,2011-02-18 16:12:00,4.13,,United Kingdom
544434,48188,DOORMAT WELCOME PUPPIES,1,2011-02-18 16:12:00,14.13,,United Kingdom
544434,82580,BATHROOM METAL SIGN,1,2011-02-18 16:12:00,1.25,,United Kingdom
544434,84030E,ENGLISH ROSE HOT WATER BOTTLE,2,2011-02-18 16:12:00,8.29,,United Kingdom
544434,84031A,CHARLIE+LOLA RED HOT WATER BOTTLE ,3,2011-02-18 16:12:00,4.13,,United Kingdom
544434,84031B,CHARLIE LOLA BLUE HOT WATER BOTTLE ,2,2011-02-18 16:12:00,4.13,,United Kingdom
544434,84032A,CHARLIE+LOLA PINK HOT WATER BOTTLE,3,2011-02-18 16:12:00,3.29,,United Kingdom
544434,84032B,CHARLIE + LOLA RED HOT WATER BOTTLE,6,2011-02-18 16:12:00,3.29,,United Kingdom
544434,84050,PINK HEART SHAPE EGG FRYING PAN,2,2011-02-18 16:12:00,4.13,,United Kingdom
544434,84077,WORLD WAR 2 GLIDERS ASSTD DESIGNS,40,2011-02-18 16:12:00,0.42,,United Kingdom
544434,84380,SET OF 3 BUTTERFLY COOKIE CUTTERS,1,2011-02-18 16:12:00,2.46,,United Kingdom
544434,84596B,SMALL DOLLY MIX DESIGN ORANGE BOWL,2,2011-02-18 16:12:00,2.46,,United Kingdom
544434,84596E,SMALL LICORICE DES PINK BOWL,1,2011-02-18 16:12:00,2.46,,United Kingdom
544434,84596F,SMALL MARSHMALLOWS PINK BOWL,2,2011-02-18 16:12:00,2.46,,United Kingdom
544434,84596L,BISCUITS SMALL BOWL LIGHT BLUE,1,2011-02-18 16:12:00,2.46,,United Kingdom
544434,84843,WHITE SOAP RACK WITH 2 BOTTLES,2,2011-02-18 16:12:00,11.63,,United Kingdom
544434,84872A,TEATIME FUNKY FLOWER BACKPACK FOR 2,1,2011-02-18 16:12:00,10.79,,United Kingdom
544434,84912B,GREEN ROSE WASHBAG,2,2011-02-18 16:12:00,3.29,,United Kingdom
544434,84913B,MINT GREEN ROSE TOWEL,2,2011-02-18 16:12:00,3.29,,United Kingdom
544434,84917,WHITE HAND TOWEL WITH BUTTERFLY,2,2011-02-18 16:12:00,4.13,,United Kingdom
544434,84946,ANTIQUE SILVER TEA GLASS ETCHED,2,2011-02-18 16:12:00,2.46,,United Kingdom
544434,84971S,SMALL HEART FLOWERS HOOK ,2,2011-02-18 16:12:00,1.63,,United Kingdom
544434,84987,SET OF 36 TEATIME PAPER DOILIES,1,2011-02-18 16:12:00,2.92,,United Kingdom
544434,84991,60 TEATIME FAIRY CAKE CASES,1,2011-02-18 16:12:00,1.25,,United Kingdom
544434,84992,72 SWEETHEART FAIRY CAKE CASES,2,2011-02-18 16:12:00,1.25,,United Kingdom
544434,85032C,CURIOUS IMAGES GIFT WRAP SET,1,2011-02-18 16:12:00,4.13,,United Kingdom
544434,85095,THREE CANVAS LUGGAGE TAGS,1,2011-02-18 16:12:00,4.13,,United Kingdom
544434,85131A,BEADED PEARL HEART WHITE ON STICK,10,2011-02-18 16:12:00,0.83,,United Kingdom
544434,85131B,BEADED CRYSTAL HEART GREEN ON STICK,1,2011-02-18 16:12:00,0.83,,United Kingdom
544434,85131D,BEADED CRYSTAL HEART PINK ON STICK,2,2011-02-18 16:12:00,0.83,,United Kingdom
544434,85184C,S/4 VALENTINE DECOUPAGE HEART BOX,1,2011-02-18 16:12:00,5.79,,United Kingdom
544434,85206A,CREAM FELT EASTER EGG BASKET,1,2011-02-18 16:12:00,3.29,,United Kingdom
544434,90059A,DIAMANTE HAIR GRIP PACK/2 CRYSTAL,6,2011-02-18 16:12:00,1.65,,United Kingdom
544434,90071,RUBY GLASS CLUSTER EARRINGS,1,2011-02-18 16:12:00,1.23,,United Kingdom
544434,90134,OLD ROSE COMBO BEAD NECKLACE,1,2011-02-18 16:12:00,2.9,,United Kingdom
544434,90190A,SILVER/CRYSTAL DROP EARRINGS W LEAF,1,2011-02-18 16:12:00,2.9,,United Kingdom
544434,90214C,"LETTER ""C"" BLING KEY RING",1,2011-02-18 16:12:00,0.83,,United Kingdom
544434,90214D,"LETTER ""D"" BLING KEY RING",1,2011-02-18 16:12:00,0.83,,United Kingdom
544434,gift_0001_30,Dotcomgiftshop Gift Voucher £30.00,1,2011-02-18 16:12:00,25.0,,United Kingdom
544434,DOT,DOTCOM POSTAGE,1,2011-02-18 16:12:00,149.02,,United Kingdom
544434,85099C,JUMBO  BAG BAROQUE BLACK WHITE,3,2011-02-18 16:12:00,1.95,,United Kingdom
544434,22570,FELTCRAFT CUSHION RABBIT,3,2011-02-18 16:12:00,3.75,,United Kingdom
544434,22139,RETROSPOT TEA SET CERAMIC 11 PC ,3,2011-02-18 16:12:00,4.95,,United Kingdom
544434,22721,SET OF 3 CAKE TINS SKETCHBOOK,2,2011-02-18 16:12:00,4.95,,United Kingdom
544434,22720,SET OF 3 CAKE TINS PANTRY DESIGN ,2,2011-02-18 16:12:00,4.95,,United Kingdom
544434,21080,SET/20 RED RETROSPOT PAPER NAPKINS ,6,2011-02-18 16:12:00,0.85,,United Kingdom
544434,20914,SET/5 RED RETROSPOT LID GLASS BOWLS,2,2011-02-18 16:12:00,2.95,,United Kingdom
544434,22966,GINGERBREAD MAN COOKIE CUTTER,3,2011-02-18 16:12:00,1.25,,United Kingdom
544434,20676,RED RETROSPOT BOWL,6,2011-02-18 16:12:00,1.25,,United Kingdom
544434,22963,JAM JAR WITH GREEN LID,3,2011-02-18 16:12:00,0.85,,United Kingdom
544434,22849,BREAD BIN DINER STYLE MINT,1,2011-02-18 16:12:00,16.95,,United Kingdom
C544435,22962,JAM JAR WITH PINK LID,-4,2011-02-18 16:32:00,0.85,15122.0,United Kingdom
C544435,22960,JAM MAKING SET WITH JARS,-2,2011-02-18 16:32:00,4.25,15122.0,United Kingdom
C544436,22556,PLASTERS IN TIN CIRCUS PARADE ,-3,2011-02-18 16:52:00,1.65,18172.0,United Kingdom
C544436,22632,HAND WARMER RED RETROSPOT,-1,2011-02-18 16:52:00,2.1,18172.0,United Kingdom
C544436,22865,HAND WARMER OWL DESIGN,-2,2011-02-18 16:52:00,2.1,18172.0,United Kingdom
C544437,M,Manual,-1,2011-02-18 17:19:00,82.5,16027.0,United Kingdom
544438,44092C,PURPLE/COPPER HANGING LAMPSHADE,1,2011-02-18 17:24:00,0.85,,United Kingdom
