InvoiceNo,StockCode,Description,Quantity,InvoiceDate,UnitPrice,CustomerID,Country
544932,20970,PINK FLORAL FELTCRAFT SHOULDER BAG,4,2011-02-25 08:14:00,3.75,16133.0,United Kingdom
544932,22271,FELTCRAFT DOLL ROSIE,6,2011-02-25 08:14:00,2.95,16133.0,United Kingdom
544932,22274,FELTCRAFT DOLL EMILY,6,2011-02-25 08:14:00,2.95,16133.0,United Kingdom
544932,22570,FELTCRAFT CUSHION RABBIT,4,2011-02-25 08:14:00,3.75,16133.0,United Kingdom
544932,22754,SMALL RED BABUSHKA NOTEBOOK ,12,2011-02-25 08:14:00,0.85,16133.0,United Kingdom
544932,22139,RETROSPOT TEA SET CERAMIC 11 PC ,24,2011-02-25 08:14:00,4.25,16133.0,United Kingdom
544932,22410,MONEY BOX HOUSEKEEPING DESIGN,12,2011-02-25 08:14:00,1.25,16133.0,United Kingdom
544932,22757,LARGE RED BABUSHKA NOTEBOOK ,12,2011-02-25 08:14:00,1.25,16133.0,United Kingdom
544932,22488,NATURAL SLATE RECTANGLE CHALKBOARD,48,2011-02-25 08:14:00,1.45,16133.0,United Kingdom
544932,22939,APRON APPLE DELIGHT,4,2011-02-25 08:14:00,4.95,16133.0,United Kingdom
544932,22755,SMALL PURPLE BABUSHKA NOTEBOOK ,12,2011-02-25 08:14:00,0.85,16133.0,United Kingdom
544933,10135,COLOURING PENCILS BROWN TUBE,200,2011-02-25 08:44:00,1.06,12633.0,Germany
544933,22343,PARTY PIZZA DISH RED RETROSPOT,24,2011-02-25 08:44:00,0.85,12633.0,Germany
544933,84356,POMPOM CURTAIN,36,2011-02-25 08:44:00,5.95,12633.0,Germany
544933,22857,ASSORTED EASTER GIFT TAGS,12,2011-02-25 08:44:00,0.85,12633.0,Germany
544933,22858,EASTER TIN KEEPSAKE,6,2011-02-25 08:44:00,1.65,12633.0,Germany
544933,21731,RED TOADSTOOL LED NIGHT LIGHT,12,2011-02-25 08:44:00,1.65,12633.0,Germany
544933,22139,RETROSPOT TEA SET CERAMIC 11 PC ,3,2011-02-25 08:44:00,4.95,12633.0,Germany
544933,21915,RED  HARMONICA IN BOX ,12,2011-02-25 08:44:00,1.25,12633.0,Germany
544933,22556,PLASTERS IN TIN CIRCUS PARADE ,12,2011-02-25 08:44:00,1.65,12633.0,Germany
544933,22557,PLASTERS IN TIN VINTAGE PAISLEY ,12,2011-02-25 08:44:00,1.65,12633.0,Germany
544933,21980,PACK OF 12 RED RETROSPOT TISSUES ,24,2011-02-25 08:44:00,0.29,12633.0,Germany
544933,21985,PACK OF 12 HEARTS DESIGN TISSUES ,24,2011-02-25 08:44:00,0.29,12633.0,Germany
544933,22704,WRAP RED APPLES ,25,2011-02-25 08:44:00,0.42,12633.0,Germany
544933,22302,COFFEE MUG PEARS  DESIGN,6,2011-02-25 08:44:00,2.55,12633.0,Germany
544933,22303,COFFEE MUG APPLES DESIGN,6,2011-02-25 08:44:00,2.55,12633.0,Germany
544933,22895,SET OF 2 TEA TOWELS APPLE AND PEARS,6,2011-02-25 08:44:00,2.95,12633.0,Germany
544933,22897,OVEN MITT APPLES DESIGN,10,2011-02-25 08:44:00,1.45,12633.0,Germany
544933,22908,PACK OF 20 NAPKINS RED APPLES,12,2011-02-25 08:44:00,0.85,12633.0,Germany
544933,20718,RED RETROSPOT SHOPPER BAG,10,2011-02-25 08:44:00,1.25,12633.0,Germany
544933,20754,RETROSPOT RED WASHING UP GLOVES,6,2011-02-25 08:44:00,2.1,12633.0,Germany
544933,21041,RED RETROSPOT OVEN GLOVE DOUBLE,6,2011-02-25 08:44:00,2.95,12633.0,Germany
544933,21531,RED RETROSPOT SUGAR JAM BOWL,6,2011-02-25 08:44:00,2.55,12633.0,Germany
544933,21533,RETROSPOT LARGE MILK JUG,3,2011-02-25 08:44:00,4.95,12633.0,Germany
544933,21121,SET/10 RED POLKADOT PARTY CANDLES,24,2011-02-25 08:44:00,1.25,12633.0,Germany
544933,85099B,JUMBO BAG RED RETROSPOT,10,2011-02-25 08:44:00,1.95,12633.0,Germany
544933,21929,JUMBO BAG PINK VINTAGE PAISLEY,10,2011-02-25 08:44:00,1.95,12633.0,Germany
544933,21212,PACK OF 72 RETROSPOT CAKE CASES,24,2011-02-25 08:44:00,0.55,12633.0,Germany
544933,22326,ROUND SNACK BOXES SET OF4 WOODLAND ,6,2011-02-25 08:44:00,2.95,12633.0,Germany
544933,21559,STRAWBERRY LUNCH BOX WITH CUTLERY,6,2011-02-25 08:44:00,2.55,12633.0,Germany
544933,21558,SKULL LUNCH BOX WITH CUTLERY ,6,2011-02-25 08:44:00,2.55,12633.0,Germany
544933,22328,ROUND SNACK BOXES SET OF 4 FRUITS ,6,2011-02-25 08:44:00,2.95,12633.0,Germany
544933,22352,LUNCH BOX WITH CUTLERY RETROSPOT ,6,2011-02-25 08:44:00,2.55,12633.0,Germany
544933,22892,SET OF SALT AND PEPPER TOADSTOOLS,12,2011-02-25 08:44:00,1.25,12633.0,Germany
544933,POST,POSTAGE,6,2011-02-25 08:44:00,18.0,12633.0,Germany
544934,21890,S/6 WOODEN SKITTLES IN COTTON BAG,6,2011-02-25 09:01:00,2.95,13345.0,United Kingdom
544934,22620,4 TRADITIONAL SPINNING TOPS,12,2011-02-25 09:01:00,1.25,13345.0,United Kingdom
544934,22084,PAPER CHAIN KIT EMPIRE,6,2011-02-25 09:01:00,2.95,13345.0,United Kingdom
544934,22085,PAPER CHAIN KIT SKULLS ,6,2011-02-25 09:01:00,2.95,13345.0,United Kingdom
544934,C2,CARRIAGE,1,2011-02-25 09:01:00,50.0,13345.0,United Kingdom
544934,22083,PAPER CHAIN KIT RETROSPOT,6,2011-02-25 09:01:00,2.95,13345.0,United Kingdom
544934,22933,BAKING MOULD EASTER EGG MILK CHOC,6,2011-02-25 09:01:00,2.95,13345.0,United Kingdom
544934,21931,JUMBO STORAGE BAG SUKI,10,2011-02-25 09:01:00,1.95,13345.0,United Kingdom
544934,21930,JUMBO STORAGE BAG SKULLS,10,2011-02-25 09:01:00,1.95,13345.0,United Kingdom
544934,22663,JUMBO BAG DOLLY GIRL DESIGN,10,2011-02-25 09:01:00,1.95,13345.0,United Kingdom
544934,22634,CHILDS BREAKFAST SET SPACEBOY ,2,2011-02-25 09:01:00,9.95,13345.0,United Kingdom
544934,22635,CHILDS BREAKFAST SET DOLLY GIRL ,2,2011-02-25 09:01:00,9.95,13345.0,United Kingdom
544934,22472,TV DINNER TRAY DOLLY GIRL,3,2011-02-25 09:01:00,4.95,13345.0,United Kingdom
544934,22474,SPACEBOY TV DINNER TRAY,3,2011-02-25 09:01:00,4.95,13345.0,United Kingdom
544934,22382,LUNCH BAG SPACEBOY DESIGN ,10,2011-02-25 09:01:00,1.65,13345.0,United Kingdom
544934,22662,LUNCH BAG DOLLY GIRL DESIGN,10,2011-02-25 09:01:00,1.65,13345.0,United Kingdom
544934,22899,CHILDREN'S APRON DOLLY GIRL ,6,2011-02-25 09:01:00,2.1,13345.0,United Kingdom
544934,22367,CHILDRENS APRON SPACEBOY DESIGN,8,2011-02-25 09:01:00,1.95,13345.0,United Kingdom
544934,22629,SPACEBOY LUNCH BOX ,12,2011-02-25 09:01:00,1.95,13345.0,United Kingdom
544934,22630,DOLLY GIRL LUNCH BOX,12,2011-02-25 09:01:00,1.95,13345.0,United Kingdom
544935,22665,RECIPE BOX BLUE SKETCHBOOK DESIGN,6,2011-02-25 09:09:00,2.95,13870.0,United Kingdom
544935,22905,CALENDAR IN SEASON DESIGN,6,2011-02-25 09:09:00,2.95,13870.0,United Kingdom
544935,22721,SET OF 3 CAKE TINS SKETCHBOOK,3,2011-02-25 09:09:00,4.95,13870.0,United Kingdom
544935,22723,SET OF 6 HERB TINS SKETCHBOOK,4,2011-02-25 09:09:00,3.95,13870.0,United Kingdom
544935,22722,SET OF 6 SPICE TINS PANTRY DESIGN,4,2011-02-25 09:09:00,3.95,13870.0,United Kingdom
544935,22666,RECIPE BOX PANTRY YELLOW DESIGN,6,2011-02-25 09:09:00,2.95,13870.0,United Kingdom
544935,22302,COFFEE MUG PEARS  DESIGN,6,2011-02-25 09:09:00,2.55,13870.0,United Kingdom
544935,22303,COFFEE MUG APPLES DESIGN,6,2011-02-25 09:09:00,2.55,13870.0,United Kingdom
544935,22895,SET OF 2 TEA TOWELS APPLE AND PEARS,6,2011-02-25 09:09:00,2.95,13870.0,United Kingdom
544935,22551,PLASTERS IN TIN SPACEBOY,12,2011-02-25 09:09:00,1.65,13870.0,United Kingdom
544935,10002,INFLATABLE POLITICAL GLOBE ,24,2011-02-25 09:09:00,0.85,13870.0,United Kingdom
544935,22077,6 RIBBONS RUSTIC CHARM,24,2011-02-25 09:09:00,1.65,13870.0,United Kingdom
544935,22149,FELTCRAFT 6 FLOWER FRIENDS,6,2011-02-25 09:09:00,2.1,13870.0,United Kingdom
544935,84879,ASSORTED COLOUR BIRD ORNAMENT,8,2011-02-25 09:09:00,1.69,13870.0,United Kingdom
544935,22243,5 HOOK HANGER RED MAGIC TOADSTOOL,12,2011-02-25 09:09:00,1.65,13870.0,United Kingdom
544935,22245,"HOOK, 1 HANGER ,MAGIC GARDEN",12,2011-02-25 09:09:00,0.85,13870.0,United Kingdom
544935,22246,MAGIC GARDEN FELT GARLAND ,12,2011-02-25 09:09:00,1.95,13870.0,United Kingdom
544935,22585,PACK OF 6 BIRDY GIFT TAGS,36,2011-02-25 09:09:00,1.25,13870.0,United Kingdom
544935,23233,WRAP POPPIES  DESIGN,25,2011-02-25 09:09:00,0.42,13870.0,United Kingdom
544935,22048,BIRTHDAY BANQUET GIFT WRAP,25,2011-02-25 09:09:00,0.42,13870.0,United Kingdom
544935,23232,WRAP VINTAGE PETALS  DESIGN,25,2011-02-25 09:09:00,0.42,13870.0,United Kingdom
544935,22704,WRAP RED APPLES ,25,2011-02-25 09:09:00,0.42,13870.0,United Kingdom
544935,22705,WRAP GREEN PEARS ,25,2011-02-25 09:09:00,0.42,13870.0,United Kingdom
544935,22815,CARD PSYCHEDELIC APPLES,12,2011-02-25 09:09:00,0.42,13870.0,United Kingdom
544935,22716,CARD CIRCUS PARADE,12,2011-02-25 09:09:00,0.42,13870.0,United Kingdom
544935,22718,CARD CAT AND TREE ,12,2011-02-25 09:09:00,0.42,13870.0,United Kingdom
544935,22717,CARD DOG AND BALL ,12,2011-02-25 09:09:00,0.42,13870.0,United Kingdom
544935,22423,REGENCY CAKESTAND 3 TIER,2,2011-02-25 09:09:00,12.75,13870.0,United Kingdom
544935,22727,ALARM CLOCK BAKELIKE RED ,4,2011-02-25 09:09:00,3.75,13870.0,United Kingdom
544935,22726,ALARM CLOCK BAKELIKE GREEN,4,2011-02-25 09:09:00,3.75,13870.0,United Kingdom
544935,22624,IVORY KITCHEN SCALES,2,2011-02-25 09:09:00,8.5,13870.0,United Kingdom
544935,22844,VINTAGE CREAM DOG FOOD CONTAINER,2,2011-02-25 09:09:00,8.5,13870.0,United Kingdom
544935,22845,VINTAGE CREAM CAT FOOD CONTAINER,2,2011-02-25 09:09:00,6.35,13870.0,United Kingdom
544935,22171,3 HOOK PHOTO SHELF ANTIQUE WHITE,2,2011-02-25 09:09:00,8.5,13870.0,United Kingdom
544936,20749,ASSORTED COLOUR MINI CASES,204,2011-02-25 09:37:00,6.35,15769.0,United Kingdom
544937,20712,JUMBO BAG WOODLAND ANIMALS,10,2011-02-25 10:09:00,1.95,12839.0,United Kingdom
544937,21931,JUMBO STORAGE BAG SUKI,10,2011-02-25 10:09:00,1.95,12839.0,United Kingdom
544937,22663,JUMBO BAG DOLLY GIRL DESIGN,10,2011-02-25 10:09:00,1.95,12839.0,United Kingdom
544937,85099C,JUMBO  BAG BAROQUE BLACK WHITE,10,2011-02-25 10:09:00,1.95,12839.0,United Kingdom
544937,85099F,JUMBO BAG STRAWBERRY,10,2011-02-25 10:09:00,1.95,12839.0,United Kingdom
544937,22355,CHARLOTTE BAG SUKI DESIGN,10,2011-02-25 10:09:00,0.85,12839.0,United Kingdom
544937,20723,STRAWBERRY CHARLOTTE BAG,10,2011-02-25 10:09:00,0.85,12839.0,United Kingdom
544937,20724,RED RETROSPOT CHARLOTTE BAG,10,2011-02-25 10:09:00,0.85,12839.0,United Kingdom
544937,22661,CHARLOTTE BAG DOLLY GIRL DESIGN,10,2011-02-25 10:09:00,0.85,12839.0,United Kingdom
544937,21164,HOME SWEET HOME METAL SIGN ,6,2011-02-25 10:09:00,2.95,12839.0,United Kingdom
544937,21232,STRAWBERRY CERAMIC TRINKET BOX,12,2011-02-25 10:09:00,1.25,12839.0,United Kingdom
544937,21231,SWEETHEART CERAMIC TRINKET BOX,12,2011-02-25 10:09:00,1.25,12839.0,United Kingdom
544937,22059,CERAMIC STRAWBERRY DESIGN MUG,12,2011-02-25 10:09:00,1.49,12839.0,United Kingdom
544937,37448,CERAMIC CAKE DESIGN SPOTTED MUG,12,2011-02-25 10:09:00,1.49,12839.0,United Kingdom
544937,82482,WOODEN PICTURE FRAME WHITE FINISH,6,2011-02-25 10:09:00,2.55,12839.0,United Kingdom
544937,82483,WOOD 2 DRAWER CABINET WHITE FINISH,2,2011-02-25 10:09:00,6.95,12839.0,United Kingdom
544937,22693,GROW A FLYTRAP OR SUNFLOWER IN TIN,24,2011-02-25 10:09:00,1.25,12839.0,United Kingdom
544937,22189,CREAM HEART CARD HOLDER,12,2011-02-25 10:09:00,3.95,12839.0,United Kingdom
544937,22197,SMALL POPCORN HOLDER,12,2011-02-25 10:09:00,0.85,12839.0,United Kingdom
544937,22064,PINK DOUGHNUT TRINKET POT ,12,2011-02-25 10:09:00,1.65,12839.0,United Kingdom
544938,22659,LUNCH BOX I LOVE LONDON,1,2011-02-25 10:10:00,1.95,,United Kingdom
544938,85123A,WHITE HANGING HEART T-LIGHT HOLDER,10,2011-02-25 10:10:00,2.95,,United Kingdom
544938,21621,VINTAGE UNION JACK BUNTING,3,2011-02-25 10:10:00,8.5,,United Kingdom
544938,22791,T-LIGHT GLASS FLUTED ANTIQUE,60,2011-02-25 10:10:00,1.25,,United Kingdom
544938,84946,ANTIQUE SILVER TEA GLASS ETCHED,44,2011-02-25 10:10:00,1.25,,United Kingdom
544939,22585,PACK OF 6 BIRDY GIFT TAGS,12,2011-02-25 10:10:00,1.25,17034.0,United Kingdom
544939,85049G,CHOCOLATE BOX RIBBONS ,12,2011-02-25 10:10:00,1.25,17034.0,United Kingdom
544939,21621,VINTAGE UNION JACK BUNTING,2,2011-02-25 10:10:00,8.5,17034.0,United Kingdom
544939,85062,PEARL CRYSTAL PUMPKIN T-LIGHT HLDR,48,2011-02-25 10:10:00,1.45,17034.0,United Kingdom
544939,22178,VICTORIAN GLASS HANGING T-LIGHT,12,2011-02-25 10:10:00,1.25,17034.0,United Kingdom
544939,22219,LOVEBIRD HANGING DECORATION WHITE ,12,2011-02-25 10:10:00,0.85,17034.0,United Kingdom
544940,20725,LUNCH BAG RED RETROSPOT,10,2011-02-25 10:19:00,1.65,16592.0,United Kingdom
544940,21094,SET/6 RED SPOTTY PAPER PLATES,12,2011-02-25 10:19:00,0.85,16592.0,United Kingdom
544940,21039,RED RETROSPOT SHOPPING BAG,6,2011-02-25 10:19:00,2.55,16592.0,United Kingdom
544940,22667,RECIPE BOX RETROSPOT ,6,2011-02-25 10:19:00,2.95,16592.0,United Kingdom
544940,21212,PACK OF 72 RETROSPOT CAKE CASES,24,2011-02-25 10:19:00,0.55,16592.0,United Kingdom
544940,21156,RETROSPOT CHILDRENS APRON,8,2011-02-25 10:19:00,1.95,16592.0,United Kingdom
544940,20914,SET/5 RED RETROSPOT LID GLASS BOWLS,6,2011-02-25 10:19:00,2.95,16592.0,United Kingdom
544940,22567,20 DOLLY PEGS RETROSPOT,12,2011-02-25 10:19:00,1.25,16592.0,United Kingdom
544940,22699,ROSES REGENCY TEACUP AND SAUCER ,6,2011-02-25 10:19:00,2.95,16592.0,United Kingdom
544940,22315,200 RED + WHITE BENDY STRAWS,12,2011-02-25 10:19:00,1.25,16592.0,United Kingdom
544940,47591D,PINK FAIRY CAKE CHILDRENS APRON,8,2011-02-25 10:19:00,1.95,16592.0,United Kingdom
544940,79000,MOROCCAN TEA GLASS,12,2011-02-25 10:19:00,0.85,16592.0,United Kingdom
544940,22191,IVORY DINER WALL CLOCK,2,2011-02-25 10:19:00,8.5,16592.0,United Kingdom
544940,22624,IVORY KITCHEN SCALES,2,2011-02-25 10:19:00,8.5,16592.0,United Kingdom
544940,21621,VINTAGE UNION JACK BUNTING,2,2011-02-25 10:19:00,8.5,16592.0,United Kingdom
544940,22989,SET 2 PANTRY DESIGN TEA TOWELS,6,2011-02-25 10:19:00,3.25,16592.0,United Kingdom
544940,22990,COTTON APRON PANTRY DESIGN,2,2011-02-25 10:19:00,4.95,16592.0,United Kingdom
544940,22907,PACK OF 20 NAPKINS PANTRY DESIGN,12,2011-02-25 10:19:00,0.85,16592.0,United Kingdom
544940,22960,JAM MAKING SET WITH JARS,6,2011-02-25 10:19:00,4.25,16592.0,United Kingdom
544940,22851,SET 20 NAPKINS FAIRY CAKES DESIGN ,12,2011-02-25 10:19:00,0.85,16592.0,United Kingdom
544940,21121,SET/10 RED POLKADOT PARTY CANDLES,24,2011-02-25 10:19:00,1.25,16592.0,United Kingdom
544940,21122,SET/10 PINK POLKADOT PARTY CANDLES,24,2011-02-25 10:19:00,1.25,16592.0,United Kingdom
544940,21232,STRAWBERRY CERAMIC TRINKET BOX,12,2011-02-25 10:19:00,1.25,16592.0,United Kingdom
544940,22646,CERAMIC STRAWBERRY CAKE MONEY BANK,12,2011-02-25 10:19:00,1.45,16592.0,United Kingdom
544940,21700,BIG DOUGHNUT FRIDGE MAGNETS,12,2011-02-25 10:19:00,0.85,16592.0,United Kingdom
544940,21977,PACK OF 60 PINK PAISLEY CAKE CASES,24,2011-02-25 10:19:00,0.55,16592.0,United Kingdom
544940,84991,60 TEATIME FAIRY CAKE CASES,24,2011-02-25 10:19:00,0.55,16592.0,United Kingdom
544940,22197,SMALL POPCORN HOLDER,12,2011-02-25 10:19:00,0.85,16592.0,United Kingdom
544940,21916,SET 12 RETRO WHITE CHALK STICKS,24,2011-02-25 10:19:00,0.42,16592.0,United Kingdom
544941,47566,PARTY BUNTING,4,2011-02-25 10:25:00,4.95,12841.0,United Kingdom
544941,47590A,BLUE HAPPY BIRTHDAY BUNTING,2,2011-02-25 10:25:00,5.45,12841.0,United Kingdom
544941,22321,BIRD DECORATION RED RETROSPOT,12,2011-02-25 10:25:00,0.85,12841.0,United Kingdom
544941,22322,BIRD DECORATION GREEN POLKADOT,24,2011-02-25 10:25:00,0.85,12841.0,United Kingdom
544941,21447,12 IVORY ROSE PEG PLACE SETTINGS,12,2011-02-25 10:25:00,1.25,12841.0,United Kingdom
544941,84231,EASTER BUNNY WITH BASKET ON BACK,4,2011-02-25 10:25:00,0.65,12841.0,United Kingdom
544941,15036,ASSORTED COLOURS SILK FAN,36,2011-02-25 10:25:00,0.75,12841.0,United Kingdom
544941,84228,HEN HOUSE W CHICK STANDING,2,2011-02-25 10:25:00,0.42,12841.0,United Kingdom
544941,84378,SET OF 3 HEART COOKIE CUTTERS,2,2011-02-25 10:25:00,1.25,12841.0,United Kingdom
544941,22230,JIGSAW TREE WITH WATERING CAN,2,2011-02-25 10:25:00,0.85,12841.0,United Kingdom
544941,22087,PAPER BUNTING WHITE LACE,20,2011-02-25 10:25:00,2.95,12841.0,United Kingdom
544942,21382,SET/4 SPRING FLOWER DECORATION,6,2011-02-25 10:29:00,2.95,15544.0,United Kingdom
544942,21507,"ELEPHANT, BIRTHDAY CARD, ",12,2011-02-25 10:29:00,0.42,15544.0,United Kingdom
544942,21509,COWBOYS AND INDIANS BIRTHDAY CARD ,12,2011-02-25 10:29:00,0.42,15544.0,United Kingdom
544942,22027,TEA PARTY BIRTHDAY CARD,12,2011-02-25 10:29:00,0.42,15544.0,United Kingdom
544942,22029,SPACEBOY BIRTHDAY CARD,12,2011-02-25 10:29:00,0.42,15544.0,United Kingdom
544942,22037,ROBOT BIRTHDAY CARD,12,2011-02-25 10:29:00,0.42,15544.0,United Kingdom
544942,22714,CARD BIRTHDAY COWBOY,12,2011-02-25 10:29:00,0.42,15544.0,United Kingdom
544942,22716,CARD CIRCUS PARADE,12,2011-02-25 10:29:00,0.42,15544.0,United Kingdom
544942,22983,CARD BILLBOARD FONT,12,2011-02-25 10:29:00,0.42,15544.0,United Kingdom
544942,21495,SKULLS AND CROSSBONES WRAP,50,2011-02-25 10:29:00,0.42,15544.0,United Kingdom
544942,21504,SKULLS GREETING CARD,24,2011-02-25 10:29:00,0.42,15544.0,United Kingdom
544942,22551,PLASTERS IN TIN SPACEBOY,12,2011-02-25 10:29:00,1.65,15544.0,United Kingdom
544942,22553,PLASTERS IN TIN SKULLS,12,2011-02-25 10:29:00,1.65,15544.0,United Kingdom
544942,22554,PLASTERS IN TIN WOODLAND ANIMALS,12,2011-02-25 10:29:00,1.65,15544.0,United Kingdom
544942,22556,PLASTERS IN TIN CIRCUS PARADE ,12,2011-02-25 10:29:00,1.65,15544.0,United Kingdom
544942,84997A,CHILDRENS CUTLERY POLKADOT GREEN ,8,2011-02-25 10:29:00,4.15,15544.0,United Kingdom
544942,84997D,CHILDRENS CUTLERY POLKADOT PINK,8,2011-02-25 10:29:00,4.15,15544.0,United Kingdom
544942,84997B,CHILDRENS CUTLERY RETROSPOT RED ,8,2011-02-25 10:29:00,4.15,15544.0,United Kingdom
544942,20727,LUNCH BAG  BLACK SKULL.,10,2011-02-25 10:29:00,1.65,15544.0,United Kingdom
544942,20725,LUNCH BAG RED RETROSPOT,10,2011-02-25 10:29:00,1.65,15544.0,United Kingdom
544942,22384,LUNCH BAG PINK POLKADOT,10,2011-02-25 10:29:00,1.65,15544.0,United Kingdom
544942,22383,LUNCH BAG SUKI DESIGN ,10,2011-02-25 10:29:00,1.65,15544.0,United Kingdom
544942,21156,RETROSPOT CHILDRENS APRON,8,2011-02-25 10:29:00,1.95,15544.0,United Kingdom
544942,47591D,PINK FAIRY CAKE CHILDRENS APRON,8,2011-02-25 10:29:00,1.95,15544.0,United Kingdom
544943,22469,HEART OF WICKER SMALL,24,2011-02-25 10:39:00,1.65,15845.0,United Kingdom
544943,84978,HANGING HEART JAR T-LIGHT HOLDER,24,2011-02-25 10:39:00,1.25,15845.0,United Kingdom
544943,22470,HEART OF WICKER LARGE,24,2011-02-25 10:39:00,2.95,15845.0,United Kingdom
544943,85099B,JUMBO BAG RED RETROSPOT,20,2011-02-25 10:39:00,1.95,15845.0,United Kingdom
544943,22968,ROSE COTTAGE KEEPSAKE BOX ,8,2011-02-25 10:39:00,8.5,15845.0,United Kingdom
544943,84819,DANISH ROSE ROUND SEWING BOX,8,2011-02-25 10:39:00,3.39,15845.0,United Kingdom
544943,22570,FELTCRAFT CUSHION RABBIT,8,2011-02-25 10:39:00,3.75,15845.0,United Kingdom
544943,22150,3 STRIPEY MICE FELTCRAFT,12,2011-02-25 10:39:00,1.95,15845.0,United Kingdom
544943,22569,FELTCRAFT CUSHION BUTTERFLY,8,2011-02-25 10:39:00,3.75,15845.0,United Kingdom
544943,22568,FELTCRAFT CUSHION OWL,8,2011-02-25 10:39:00,3.75,15845.0,United Kingdom
544943,21584,RETROSPOT SMALL TUBE MATCHES,20,2011-02-25 10:39:00,1.65,15845.0,United Kingdom
544943,21198,WHITE HEART CONFETTI IN TUBE,12,2011-02-25 10:39:00,1.65,15845.0,United Kingdom
544943,21430,SET/3 RED GINGHAM ROSE STORAGE BOX,8,2011-02-25 10:39:00,3.75,15845.0,United Kingdom
544943,21890,S/6 WOODEN SKITTLES IN COTTON BAG,12,2011-02-25 10:39:00,2.95,15845.0,United Kingdom
544943,21891,TRADITIONAL WOODEN SKIPPING ROPE,12,2011-02-25 10:39:00,1.25,15845.0,United Kingdom
544943,21936,RED RETROSPOT PICNIC BAG,10,2011-02-25 10:39:00,2.95,15845.0,United Kingdom
544943,48187,DOORMAT NEW ENGLAND,6,2011-02-25 10:39:00,7.95,15845.0,United Kingdom
544943,22087,PAPER BUNTING WHITE LACE,24,2011-02-25 10:39:00,2.95,15845.0,United Kingdom
544943,47566B,TEA TIME PARTY BUNTING,8,2011-02-25 10:39:00,4.95,15845.0,United Kingdom
544943,22771,CLEAR DRAWER KNOB ACRYLIC EDWARDIAN,24,2011-02-25 10:39:00,1.25,15845.0,United Kingdom
544943,22083,PAPER CHAIN KIT RETROSPOT,12,2011-02-25 10:39:00,2.95,15845.0,United Kingdom
544943,22084,PAPER CHAIN KIT EMPIRE,12,2011-02-25 10:39:00,2.95,15845.0,United Kingdom
544943,22120,WELCOME  WOODEN BLOCK LETTERS,6,2011-02-25 10:39:00,9.95,15845.0,United Kingdom
544943,21672,WHITE SPOT RED CERAMIC DRAWER KNOB,12,2011-02-25 10:39:00,1.25,15845.0,United Kingdom
544943,21671,RED SPOT CERAMIC DRAWER KNOB,12,2011-02-25 10:39:00,1.25,15845.0,United Kingdom
544943,21673,WHITE SPOT BLUE CERAMIC DRAWER KNOB,12,2011-02-25 10:39:00,1.25,15845.0,United Kingdom
544943,21670,BLUE SPOT CERAMIC DRAWER KNOB,12,2011-02-25 10:39:00,1.25,15845.0,United Kingdom
544944,46000S,POLYESTER FILLER PAD 40x40cm,12,2011-02-25 10:46:00,1.45,14541.0,United Kingdom
544944,21559,STRAWBERRY LUNCH BOX WITH CUTLERY,3,2011-02-25 10:46:00,2.55,14541.0,United Kingdom
544944,22483,RED GINGHAM TEDDY BEAR ,5,2011-02-25 10:46:00,2.95,14541.0,United Kingdom
544944,22457,NATURAL SLATE HEART CHALKBOARD ,12,2011-02-25 10:46:00,2.95,14541.0,United Kingdom
544944,21559,STRAWBERRY LUNCH BOX WITH CUTLERY,2,2011-02-25 10:46:00,2.55,14541.0,United Kingdom
544944,84997D,CHILDRENS CUTLERY POLKADOT PINK,5,2011-02-25 10:46:00,4.15,14541.0,United Kingdom
544944,84997A,CHILDRENS CUTLERY POLKADOT GREEN ,3,2011-02-25 10:46:00,4.15,14541.0,United Kingdom
544944,84997C,CHILDRENS CUTLERY POLKADOT BLUE,4,2011-02-25 10:46:00,4.15,14541.0,United Kingdom
544944,84997B,CHILDRENS CUTLERY RETROSPOT RED ,5,2011-02-25 10:46:00,4.15,14541.0,United Kingdom
544944,85200,BUNNY EGG BOX,12,2011-02-25 10:46:00,1.25,14541.0,United Kingdom
544944,21535,RED RETROSPOT SMALL MILK JUG,5,2011-02-25 10:46:00,2.55,14541.0,United Kingdom
544944,21539,RED RETROSPOT BUTTER DISH,4,2011-02-25 10:46:00,4.95,14541.0,United Kingdom
544944,21527,RED RETROSPOT TRADITIONAL TEAPOT ,2,2011-02-25 10:46:00,7.95,14541.0,United Kingdom
544944,21034,REX CASH+CARRY JUMBO SHOPPER,2,2011-02-25 10:46:00,0.95,14541.0,United Kingdom
544944,21411,GINGHAM HEART  DOORSTOP RED,4,2011-02-25 10:46:00,4.25,14541.0,United Kingdom
544944,21937,STRAWBERRY   PICNIC BAG,10,2011-02-25 10:46:00,2.95,14541.0,United Kingdom
544944,22456,NATURAL SLATE CHALKBOARD LARGE ,6,2011-02-25 10:46:00,4.95,14541.0,United Kingdom
544945,21586,KINGS CHOICE GIANT TUBE MATCHES,12,2011-02-25 10:53:00,2.55,17735.0,United Kingdom
544945,21592,RETROSPOT CIGAR BOX MATCHES ,24,2011-02-25 10:53:00,1.25,17735.0,United Kingdom
544945,22477,WATERING CAN GARDEN MARKER,10,2011-02-25 10:53:00,1.25,17735.0,United Kingdom
544945,22980,PANTRY SCRUBBING BRUSH,12,2011-02-25 10:53:00,1.65,17735.0,United Kingdom
544945,22993,SET OF 4 PANTRY JELLY MOULDS,12,2011-02-25 10:53:00,1.25,17735.0,United Kingdom
544945,85206A,CREAM FELT EASTER EGG BASKET,6,2011-02-25 10:53:00,1.65,17735.0,United Kingdom
544945,21382,SET/4 SPRING FLOWER DECORATION,6,2011-02-25 10:53:00,2.95,17735.0,United Kingdom
544945,35910A,MULTICOLOUR EASTER RABBIT ,6,2011-02-25 10:53:00,1.95,17735.0,United Kingdom
544945,35912B,WHITE/PINK CHICK DECORATION,12,2011-02-25 10:53:00,1.25,17735.0,United Kingdom
544945,85213,MINI  ZINC GARDEN DECORATIONS ,12,2011-02-25 10:53:00,0.85,17735.0,United Kingdom
544945,85212,MINI PAINTED GARDEN DECORATION ,12,2011-02-25 10:53:00,0.85,17735.0,United Kingdom
544945,22441,GROW YOUR OWN BASIL IN ENAMEL MUG,8,2011-02-25 10:53:00,2.1,17735.0,United Kingdom
544945,84809B,PINK CHRYSANTHEMUMS ART FLOWER,18,2011-02-25 10:53:00,2.1,17735.0,United Kingdom
544945,84800L,LARGE WHITE/PINK ROSE ART FLOWER,24,2011-02-25 10:53:00,1.69,17735.0,United Kingdom
544945,84800M,MEDIUM WHITE/PINK ROSE ART FLOWER,24,2011-02-25 10:53:00,1.27,17735.0,United Kingdom
544945,84375,SET OF 20 KIDS COOKIE CUTTERS,12,2011-02-25 10:53:00,2.1,17735.0,United Kingdom
544945,22932,BAKING MOULD TOFFEE CUP CHOCOLATE,6,2011-02-25 10:53:00,2.55,17735.0,United Kingdom
544945,22501,PICNIC BASKET WICKER LARGE,2,2011-02-25 10:53:00,9.95,17735.0,United Kingdom
544945,22283,6 EGG HOUSE PAINTED WOOD,2,2011-02-25 10:53:00,7.95,17735.0,United Kingdom
544945,21397,BLUE POLKADOT EGG CUP ,12,2011-02-25 10:53:00,1.25,17735.0,United Kingdom
544945,21403,BLUE EGG  SPOON,12,2011-02-25 10:53:00,0.42,17735.0,United Kingdom
544945,22021,BLUE FELT EASTER EGG BASKET,6,2011-02-25 10:53:00,1.65,17735.0,United Kingdom
544945,22470,HEART OF WICKER LARGE,12,2011-02-25 10:53:00,2.95,17735.0,United Kingdom
544945,22694,WICKER STAR ,6,2011-02-25 10:53:00,2.1,17735.0,United Kingdom
544945,22667,RECIPE BOX RETROSPOT ,6,2011-02-25 10:53:00,2.95,17735.0,United Kingdom
544945,22933,BAKING MOULD EASTER EGG MILK CHOC,6,2011-02-25 10:53:00,2.95,17735.0,United Kingdom
544945,22326,ROUND SNACK BOXES SET OF4 WOODLAND ,6,2011-02-25 10:53:00,2.95,17735.0,United Kingdom
544945,22328,ROUND SNACK BOXES SET OF 4 FRUITS ,6,2011-02-25 10:53:00,2.95,17735.0,United Kingdom
544945,84991,60 TEATIME FAIRY CAKE CASES,24,2011-02-25 10:53:00,0.55,17735.0,United Kingdom
544945,21975,PACK OF 60 DINOSAUR CAKE CASES,24,2011-02-25 10:53:00,0.55,17735.0,United Kingdom
544945,84987,SET OF 36 TEATIME PAPER DOILIES,12,2011-02-25 10:53:00,1.45,17735.0,United Kingdom
544945,84050,PINK HEART SHAPE EGG FRYING PAN,6,2011-02-25 10:53:00,1.65,17735.0,United Kingdom
544945,22956,36 FOIL HEART CAKE CASES,6,2011-02-25 10:53:00,2.1,17735.0,United Kingdom
544945,22955,36 FOIL STAR CAKE CASES ,6,2011-02-25 10:53:00,2.1,17735.0,United Kingdom
544945,22631,CIRCUS PARADE LUNCH BOX ,12,2011-02-25 10:53:00,1.95,17735.0,United Kingdom
544945,84378,SET OF 3 HEART COOKIE CUTTERS,12,2011-02-25 10:53:00,1.25,17735.0,United Kingdom
544945,22092,BLUE PAISLEY TISSUE BOX,12,2011-02-25 10:53:00,1.25,17735.0,United Kingdom
544945,22384,LUNCH BAG PINK POLKADOT,10,2011-02-25 10:53:00,1.65,17735.0,United Kingdom
544945,22094,RED RETROSPOT TISSUE BOX,12,2011-02-25 10:53:00,1.25,17735.0,United Kingdom
544945,22554,PLASTERS IN TIN WOODLAND ANIMALS,12,2011-02-25 10:53:00,1.65,17735.0,United Kingdom
544945,20727,LUNCH BAG  BLACK SKULL.,10,2011-02-25 10:53:00,1.65,17735.0,United Kingdom
544945,20726,LUNCH BAG WOODLAND,10,2011-02-25 10:53:00,1.65,17735.0,United Kingdom
544945,22383,LUNCH BAG SUKI  DESIGN ,10,2011-02-25 10:53:00,1.65,17735.0,United Kingdom
544945,22382,LUNCH BAG SPACEBOY DESIGN ,10,2011-02-25 10:53:00,1.65,17735.0,United Kingdom
544945,21125,SET 6 FOOTBALL CELEBRATION CANDLES,12,2011-02-25 10:53:00,1.25,17735.0,United Kingdom
544945,22469,HEART OF WICKER SMALL,12,2011-02-25 10:53:00,1.65,17735.0,United Kingdom
544945,22844,VINTAGE CREAM DOG FOOD CONTAINER,2,2011-02-25 10:53:00,8.5,17735.0,United Kingdom
544945,22845,VINTAGE CREAM CAT FOOD CONTAINER,2,2011-02-25 10:53:00,6.35,17735.0,United Kingdom
544968,85053,FRENCH ENAMEL CANDLEHOLDER,6,2011-02-25 11:30:00,2.1,13458.0,United Kingdom
544968,22197,SMALL POPCORN HOLDER,48,2011-02-25 11:30:00,0.85,13458.0,United Kingdom
544968,84406B,CREAM CUPID HEARTS COAT HANGER,16,2011-02-25 11:30:00,4.15,13458.0,United Kingdom
544968,84882,GREEN WIRE STANDING CANDLE HOLDER,4,2011-02-25 11:30:00,3.75,13458.0,United Kingdom
544968,85123A,WHITE HANGING HEART T-LIGHT HOLDER,18,2011-02-25 11:30:00,2.95,13458.0,United Kingdom
544968,21916,SET 12 RETRO WHITE CHALK STICKS,24,2011-02-25 11:30:00,0.42,13458.0,United Kingdom
544968,21155,RED RETROSPOT PEG BAG,6,2011-02-25 11:30:00,2.55,13458.0,United Kingdom
544968,84509A,SET OF 4 ENGLISH ROSE PLACEMATS,8,2011-02-25 11:30:00,3.75,13458.0,United Kingdom
544968,84510A,SET OF 4 ENGLISH ROSE COASTERS,10,2011-02-25 11:30:00,1.25,13458.0,United Kingdom
544968,22151,PLACE SETTING WHITE HEART,24,2011-02-25 11:30:00,0.42,13458.0,United Kingdom
544968,21844,RED RETROSPOT MUG,6,2011-02-25 11:30:00,2.95,13458.0,United Kingdom
544968,22630,DOLLY GIRL LUNCH BOX,12,2011-02-25 11:30:00,1.95,13458.0,United Kingdom
544968,21078,SET/20 STRAWBERRY PAPER NAPKINS ,12,2011-02-25 11:30:00,0.85,13458.0,United Kingdom
544968,22766,PHOTO FRAME CORNICE,8,2011-02-25 11:30:00,2.95,13458.0,United Kingdom
544968,22470,HEART OF WICKER LARGE,24,2011-02-25 11:30:00,2.95,13458.0,United Kingdom
544968,84879,ASSORTED COLOUR BIRD ORNAMENT,16,2011-02-25 11:30:00,1.69,13458.0,United Kingdom
544968,21363,HOME SMALL WOOD LETTERS,3,2011-02-25 11:30:00,4.95,13458.0,United Kingdom
544968,21754,HOME BUILDING BLOCK WORD,6,2011-02-25 11:30:00,5.95,13458.0,United Kingdom
544968,21756,BATH BUILDING BLOCK WORD,3,2011-02-25 11:30:00,5.95,13458.0,United Kingdom
544968,21166,COOK WITH WINE METAL SIGN ,48,2011-02-25 11:30:00,1.85,13458.0,United Kingdom
544968,85152,HAND OVER THE CHOCOLATE   SIGN ,48,2011-02-25 11:30:00,1.69,13458.0,United Kingdom
544969,22138,BAKING SET 9 PIECE RETROSPOT ,3,2011-02-25 11:32:00,4.95,15712.0,United Kingdom
544969,84997B,CHILDRENS CUTLERY RETROSPOT RED ,4,2011-02-25 11:32:00,4.15,15712.0,United Kingdom
544969,21472,LADYBIRD + BEE RAFFIA FOOD COVER,6,2011-02-25 11:32:00,3.75,15712.0,United Kingdom
544969,21466,RED FLOWER CROCHET FOOD COVER,6,2011-02-25 11:32:00,3.75,15712.0,United Kingdom
544969,21465,PINK FLOWER CROCHET FOOD COVER,6,2011-02-25 11:32:00,3.75,15712.0,United Kingdom
544969,47566B,TEA TIME PARTY BUNTING,4,2011-02-25 11:32:00,4.95,15712.0,United Kingdom
544969,20685,DOORMAT RED RETROSPOT,2,2011-02-25 11:32:00,7.95,15712.0,United Kingdom
544969,48184,DOORMAT ENGLISH ROSE ,2,2011-02-25 11:32:00,7.95,15712.0,United Kingdom
544969,48185,DOORMAT FAIRY CAKE,2,2011-02-25 11:32:00,7.95,15712.0,United Kingdom
544969,22694,WICKER STAR ,6,2011-02-25 11:32:00,2.1,15712.0,United Kingdom
544969,22470,HEART OF WICKER LARGE,6,2011-02-25 11:32:00,2.95,15712.0,United Kingdom
544969,22469,HEART OF WICKER SMALL,12,2011-02-25 11:32:00,1.65,15712.0,United Kingdom
544969,22381,TOY TIDY PINK POLKADOT,5,2011-02-25 11:32:00,2.1,15712.0,United Kingdom
544969,21868,POTTING SHED TEA MUG,12,2011-02-25 11:32:00,1.25,15712.0,United Kingdom
544969,22318,FIVE HEART HANGING DECORATION,6,2011-02-25 11:32:00,2.95,15712.0,United Kingdom
544969,22139,RETROSPOT TEA SET CERAMIC 11 PC ,3,2011-02-25 11:32:00,4.95,15712.0,United Kingdom
544969,84970S,HANGING HEART ZINC T-LIGHT HOLDER,12,2011-02-25 11:32:00,0.85,15712.0,United Kingdom
544969,22178,VICTORIAN GLASS HANGING T-LIGHT,12,2011-02-25 11:32:00,1.25,15712.0,United Kingdom
544970,22469,HEART OF WICKER SMALL,12,2011-02-25 11:33:00,1.65,13362.0,United Kingdom
544970,22595,GINGHAM HEART DECORATION,12,2011-02-25 11:33:00,0.85,13362.0,United Kingdom
544970,22169,FAMILY ALBUM WHITE PICTURE FRAME,2,2011-02-25 11:33:00,8.5,13362.0,United Kingdom
544970,22170,PICTURE FRAME WOOD TRIPLE PORTRAIT,4,2011-02-25 11:33:00,6.75,13362.0,United Kingdom
544970,21164,HOME SWEET HOME METAL SIGN ,6,2011-02-25 11:33:00,2.95,13362.0,United Kingdom
544970,22844,VINTAGE CREAM DOG FOOD CONTAINER,2,2011-02-25 11:33:00,8.5,13362.0,United Kingdom
544970,22845,VINTAGE CREAM CAT FOOD CONTAINER,2,2011-02-25 11:33:00,6.35,13362.0,United Kingdom
544970,21086,SET/6 RED SPOTTY PAPER CUPS,12,2011-02-25 11:33:00,0.65,13362.0,United Kingdom
544970,21087,SET/6 POSIES PAPER CUPS,12,2011-02-25 11:33:00,0.65,13362.0,United Kingdom
544970,21094,SET/6 RED SPOTTY PAPER PLATES,12,2011-02-25 11:33:00,0.85,13362.0,United Kingdom
544970,21095,SET/6 POSIES PAPER PLATES,12,2011-02-25 11:33:00,0.85,13362.0,United Kingdom
544970,21539,RED RETROSPOT BUTTER DISH,3,2011-02-25 11:33:00,4.95,13362.0,United Kingdom
544970,84509A,SET OF 4 ENGLISH ROSE PLACEMATS,4,2011-02-25 11:33:00,3.75,13362.0,United Kingdom
544970,20767,BLUE PAISLEY JOURNAL ,6,2011-02-25 11:33:00,2.55,13362.0,United Kingdom
544970,20769,DAISY JOURNAL ,6,2011-02-25 11:33:00,2.55,13362.0,United Kingdom
544970,20981,12 PENCILS TALL TUBE WOODLAND,12,2011-02-25 11:33:00,0.85,13362.0,United Kingdom
544970,20982,12 PENCILS TALL TUBE SKULLS,12,2011-02-25 11:33:00,0.85,13362.0,United Kingdom
544970,20983,12 PENCILS TALL TUBE RED RETROSPOT,12,2011-02-25 11:33:00,0.85,13362.0,United Kingdom
544970,21675,BUTTERFLIES STICKERS,12,2011-02-25 11:33:00,0.85,13362.0,United Kingdom
544970,21680,WOODLAND  STICKERS,12,2011-02-25 11:33:00,0.85,13362.0,United Kingdom
544970,84592,CROCHET ROSE PURSE WITH SUEDE BACK,6,2011-02-25 11:33:00,2.95,13362.0,United Kingdom
544970,21415,CLAM SHELL SMALL ,6,2011-02-25 11:33:00,2.1,13362.0,United Kingdom
544970,84030E,ENGLISH ROSE HOT WATER BOTTLE,4,2011-02-25 11:33:00,4.25,13362.0,United Kingdom
544970,22112,CHOCOLATE HOT WATER BOTTLE,3,2011-02-25 11:33:00,4.95,13362.0,United Kingdom
544970,22111,SCOTTIE DOG HOT WATER BOTTLE,3,2011-02-25 11:33:00,4.95,13362.0,United Kingdom
544970,21417,COCKLE SHELL DISH,6,2011-02-25 11:33:00,2.1,13362.0,United Kingdom
544970,21418,STARFISH SOAP DISH,6,2011-02-25 11:33:00,2.55,13362.0,United Kingdom
544970,72802A,ROSE SCENT CANDLE IN JEWELLED BOX,6,2011-02-25 11:33:00,4.25,13362.0,United Kingdom
544970,72802B,OCEAN SCENT CANDLE IN JEWELLED BOX,6,2011-02-25 11:33:00,4.25,13362.0,United Kingdom
544970,85035A,GARDENIA 3 WICK MORRIS BOXED CANDLE,4,2011-02-25 11:33:00,4.25,13362.0,United Kingdom
544970,85035C,ROSE 3 WICK MORRIS BOX CANDLE,4,2011-02-25 11:33:00,4.25,13362.0,United Kingdom
544970,22969,HOMEMADE JAM SCENTED CANDLES,12,2011-02-25 11:33:00,1.45,13362.0,United Kingdom
544970,85039A,SET/4 RED MINI ROSE CANDLE IN BOWL,12,2011-02-25 11:33:00,1.65,13362.0,United Kingdom
544970,85040A,S/4 PINK FLOWER CANDLES IN BOWL,12,2011-02-25 11:33:00,1.65,13362.0,United Kingdom
544970,22637,PIGGY BANK RETROSPOT ,4,2011-02-25 11:33:00,2.55,13362.0,United Kingdom
544970,22646,CERAMIC STRAWBERRY CAKE MONEY BANK,12,2011-02-25 11:33:00,1.45,13362.0,United Kingdom
544970,21056,DOCTOR'S BAG SOFT TOY,2,2011-02-25 11:33:00,8.95,13362.0,United Kingdom
544970,21055,TOOL BOX SOFT TOY ,2,2011-02-25 11:33:00,8.95,13362.0,United Kingdom
544970,22483,RED GINGHAM TEDDY BEAR ,6,2011-02-25 11:33:00,2.95,13362.0,United Kingdom
544970,84584,PINK GINGHAM CAT WITH SCARF,6,2011-02-25 11:33:00,2.55,13362.0,United Kingdom
544970,20685,DOORMAT RED RETROSPOT,2,2011-02-25 11:33:00,7.95,13362.0,United Kingdom
544970,21523,DOORMAT FANCY FONT HOME SWEET HOME,2,2011-02-25 11:33:00,7.95,13362.0,United Kingdom
544970,22690,DOORMAT HOME SWEET HOME BLUE ,2,2011-02-25 11:33:00,7.95,13362.0,United Kingdom
544970,48184,DOORMAT ENGLISH ROSE ,2,2011-02-25 11:33:00,7.95,13362.0,United Kingdom
544970,48188,DOORMAT WELCOME PUPPIES,2,2011-02-25 11:33:00,7.95,13362.0,United Kingdom
544970,22430,ENAMEL WATERING CAN CREAM,4,2011-02-25 11:33:00,4.95,13362.0,United Kingdom
544970,22271,FELTCRAFT DOLL ROSIE,6,2011-02-25 11:33:00,2.95,13362.0,United Kingdom
544970,22273,FELTCRAFT DOLL MOLLY,6,2011-02-25 11:33:00,2.95,13362.0,United Kingdom
544970,22274,FELTCRAFT DOLL EMILY,6,2011-02-25 11:33:00,2.95,13362.0,United Kingdom
544970,84819,DANISH ROSE ROUND SEWING BOX,3,2011-02-25 11:33:00,4.25,13362.0,United Kingdom
544970,22457,NATURAL SLATE HEART CHALKBOARD ,6,2011-02-25 11:33:00,2.95,13362.0,United Kingdom
544970,22470,HEART OF WICKER LARGE,6,2011-02-25 11:33:00,2.95,13362.0,United Kingdom
544996,21456,2 PICTURE BOOK EGGS EASTER CHICKS,12,2011-02-25 11:53:00,1.25,12474.0,Germany
544996,22326,ROUND SNACK BOXES SET OF4 WOODLAND ,12,2011-02-25 11:53:00,2.95,12474.0,Germany
544996,22555,PLASTERS IN TIN STRONGMAN,12,2011-02-25 11:53:00,1.65,12474.0,Germany
544996,22556,PLASTERS IN TIN CIRCUS PARADE ,12,2011-02-25 11:53:00,1.65,12474.0,Germany
544996,22553,PLASTERS IN TIN SKULLS,12,2011-02-25 11:53:00,1.65,12474.0,Germany
544996,22716,CARD CIRCUS PARADE,12,2011-02-25 11:53:00,0.42,12474.0,Germany
544996,22814,CARD PARTY GAMES ,12,2011-02-25 11:53:00,0.42,12474.0,Germany
544996,22824,3 TIER SWEETHEART GARDEN SHELF,1,2011-02-25 11:53:00,35.95,12474.0,Germany
544996,21458,2 PICTURE BOOK EGGS EASTER BUNNY,12,2011-02-25 11:53:00,1.25,12474.0,Germany
544996,22328,ROUND SNACK BOXES SET OF 4 FRUITS ,12,2011-02-25 11:53:00,2.95,12474.0,Germany
544996,22957,SET 3 PAPER VINTAGE CHICK PAPER EGG,12,2011-02-25 11:53:00,2.95,12474.0,Germany
544996,22487,WHITE WOOD GARDEN PLANT LADDER,1,2011-02-25 11:53:00,9.95,12474.0,Germany
544996,POST,POSTAGE,2,2011-02-25 11:53:00,18.0,12474.0,Germany
544998,48138,DOORMAT UNION FLAG,1,2011-02-25 11:56:00,7.95,14470.0,United Kingdom
544998,84858C,PINK RIVIERA HANDBAG,2,2011-02-25 11:56:00,5.95,14470.0,United Kingdom
544998,22838,3 TIER CAKE TIN RED AND CREAM,1,2011-02-25 11:56:00,14.95,14470.0,United Kingdom
544998,22842,BISCUIT TIN VINTAGE RED,1,2011-02-25 11:56:00,6.75,14470.0,United Kingdom
544998,21430,SET/3 RED GINGHAM ROSE STORAGE BOX,2,2011-02-25 11:56:00,3.75,14470.0,United Kingdom
544998,84884A,ANT WHITE WIRE HEART SPIRAL,2,2011-02-25 11:56:00,3.95,14470.0,United Kingdom
544998,21913,VINTAGE SEASIDE JIGSAW PUZZLES,1,2011-02-25 11:56:00,3.75,14470.0,United Kingdom
544998,22814,CARD PARTY GAMES ,12,2011-02-25 11:56:00,0.42,14470.0,United Kingdom
544998,85049F,BABY BOOM RIBBONS ,1,2011-02-25 11:56:00,1.25,14470.0,United Kingdom
544998,85049C,ROMANTIC PINKS RIBBONS ,1,2011-02-25 11:56:00,1.25,14470.0,United Kingdom
544998,22077,6 RIBBONS RUSTIC CHARM,1,2011-02-25 11:56:00,1.65,14470.0,United Kingdom
544998,21692,SILVER LATTICE VANILLA CANDLE POT,2,2011-02-25 11:56:00,3.75,14470.0,United Kingdom
544998,22319,HAIRCLIPS FORTIES FABRIC ASSORTED,24,2011-02-25 11:56:00,0.65,14470.0,United Kingdom
544998,21054,NURSE'S BAG SOFT TOY,1,2011-02-25 11:56:00,8.95,14470.0,United Kingdom
544998,21055,TOOL BOX SOFT TOY ,1,2011-02-25 11:56:00,8.95,14470.0,United Kingdom
544998,21945,STRAWBERRIES  DESIGN FLANNEL ,12,2011-02-25 11:56:00,0.85,14470.0,United Kingdom
544998,20749,ASSORTED COLOUR MINI CASES,1,2011-02-25 11:56:00,7.95,14470.0,United Kingdom
544998,84029G,KNITTED UNION FLAG HOT WATER BOTTLE,2,2011-02-25 11:56:00,3.75,14470.0,United Kingdom
544998,22113,GREY HEART HOT WATER BOTTLE,4,2011-02-25 11:56:00,3.75,14470.0,United Kingdom
544998,22721,SET OF 3 CAKE TINS SKETCHBOOK,1,2011-02-25 11:56:00,4.95,14470.0,United Kingdom
544998,22720,SET OF 3 CAKE TINS PANTRY DESIGN ,1,2011-02-25 11:56:00,4.95,14470.0,United Kingdom
544998,22722,SET OF 6 SPICE TINS PANTRY DESIGN,1,2011-02-25 11:56:00,3.95,14470.0,United Kingdom
544998,22723,SET OF 6 HERB TINS SKETCHBOOK,1,2011-02-25 11:56:00,3.95,14470.0,United Kingdom
544998,21110,LARGE CAKE TOWEL PINK SPOTS,2,2011-02-25 11:56:00,6.75,14470.0,United Kingdom
544998,22318,FIVE HEART HANGING DECORATION,2,2011-02-25 11:56:00,2.95,14470.0,United Kingdom
544998,85035C,ROSE 3 WICK MORRIS BOX CANDLE,2,2011-02-25 11:56:00,4.25,14470.0,United Kingdom
544998,85035A,GARDENIA 3 WICK MORRIS BOXED CANDLE,2,2011-02-25 11:56:00,4.25,14470.0,United Kingdom
544998,22609,PENS ASSORTED SPACEBALL,36,2011-02-25 11:56:00,0.85,14470.0,United Kingdom
544998,22607,WOODEN ROUNDERS GARDEN SET ,1,2011-02-25 11:56:00,9.95,14470.0,United Kingdom
544998,47367B,PAIR PADDED HANGERS PINK CHECK,4,2011-02-25 11:56:00,3.75,14470.0,United Kingdom
544998,20750,RED RETROSPOT MINI CASES,1,2011-02-25 11:56:00,7.95,14470.0,United Kingdom
544998,22622,BOX OF VINTAGE ALPHABET BLOCKS,1,2011-02-25 11:56:00,9.95,14470.0,United Kingdom
544998,22386,JUMBO BAG PINK POLKADOT,3,2011-02-25 11:56:00,1.95,14470.0,United Kingdom
544998,22411,JUMBO SHOPPER VINTAGE RED PAISLEY,5,2011-02-25 11:56:00,1.95,14470.0,United Kingdom
544998,21034,REX CASH+CARRY JUMBO SHOPPER,3,2011-02-25 11:56:00,0.95,14470.0,United Kingdom
544999,84947,ANTIQUE SILVER TEA GLASS ENGRAVED,360,2011-02-25 12:28:00,1.06,17388.0,United Kingdom
545000,20914,SET/5 RED RETROSPOT LID GLASS BOWLS,6,2011-02-25 12:37:00,2.95,15281.0,United Kingdom
545000,21527,RED RETROSPOT TRADITIONAL TEAPOT ,4,2011-02-25 12:37:00,7.95,15281.0,United Kingdom
545000,21531,RED RETROSPOT SUGAR JAM BOWL,6,2011-02-25 12:37:00,2.55,15281.0,United Kingdom
545000,21533,RETROSPOT LARGE MILK JUG,3,2011-02-25 12:37:00,4.95,15281.0,United Kingdom
545000,21539,RED RETROSPOT BUTTER DISH,6,2011-02-25 12:37:00,4.95,15281.0,United Kingdom
545000,22720,SET OF 3 CAKE TINS PANTRY DESIGN ,6,2011-02-25 12:37:00,4.95,15281.0,United Kingdom
545000,22457,NATURAL SLATE HEART CHALKBOARD ,6,2011-02-25 12:37:00,2.95,15281.0,United Kingdom
545000,22469,HEART OF WICKER SMALL,12,2011-02-25 12:37:00,1.65,15281.0,United Kingdom
545000,22178,VICTORIAN GLASS HANGING T-LIGHT,12,2011-02-25 12:37:00,1.25,15281.0,United Kingdom
545000,22666,RECIPE BOX PANTRY YELLOW DESIGN,6,2011-02-25 12:37:00,2.95,15281.0,United Kingdom
545000,85206A,CREAM FELT EASTER EGG BASKET,6,2011-02-25 12:37:00,1.65,15281.0,United Kingdom
545000,22280,POCKET BAG PINK PAISELY BROWN SPOT,12,2011-02-25 12:37:00,1.25,15281.0,United Kingdom
545001,21577,SAVE THE PLANET COTTON TOTE BAG,6,2011-02-25 12:40:00,2.25,16841.0,United Kingdom
545001,21578,WOODLAND DESIGN  COTTON TOTE BAG,6,2011-02-25 12:40:00,2.25,16841.0,United Kingdom
545001,22665,RECIPE BOX BLUE SKETCHBOOK DESIGN,6,2011-02-25 12:40:00,2.95,16841.0,United Kingdom
545001,22666,RECIPE BOX PANTRY YELLOW DESIGN,6,2011-02-25 12:40:00,2.95,16841.0,United Kingdom
545001,21877,HOME SWEET HOME MUG,12,2011-02-25 12:40:00,1.25,16841.0,United Kingdom
545001,22951,60 CAKE CASES DOLLY GIRL DESIGN,24,2011-02-25 12:40:00,0.55,16841.0,United Kingdom
545001,21975,PACK OF 60 DINOSAUR CAKE CASES,24,2011-02-25 12:40:00,0.55,16841.0,United Kingdom
545001,22584,PACK OF 6 PANNETONE GIFT BOXES,6,2011-02-25 12:40:00,2.55,16841.0,United Kingdom
545001,22722,SET OF 6 SPICE TINS PANTRY DESIGN,4,2011-02-25 12:40:00,3.95,16841.0,United Kingdom
545001,22723,SET OF 6 HERB TINS SKETCHBOOK,4,2011-02-25 12:40:00,3.95,16841.0,United Kingdom
545001,21876,POTTERING MUG,24,2011-02-25 12:40:00,1.25,16841.0,United Kingdom
545001,22908,PACK OF 20 NAPKINS RED APPLES,12,2011-02-25 12:40:00,0.85,16841.0,United Kingdom
545001,22851,SET 20 NAPKINS FAIRY CAKES DESIGN ,12,2011-02-25 12:40:00,0.85,16841.0,United Kingdom
545001,22993,SET OF 4 PANTRY JELLY MOULDS,12,2011-02-25 12:40:00,1.25,16841.0,United Kingdom
545001,85206A,CREAM FELT EASTER EGG BASKET,6,2011-02-25 12:40:00,1.65,16841.0,United Kingdom
545001,22021,BLUE FELT EASTER EGG BASKET,6,2011-02-25 12:40:00,1.65,16841.0,United Kingdom
545001,85202,HANGING WOOD AND FELT HEART,24,2011-02-25 12:40:00,0.42,16841.0,United Kingdom
545001,22621,TRADITIONAL KNITTING NANCY,12,2011-02-25 12:40:00,1.45,16841.0,United Kingdom
545001,21579,LOLITA  DESIGN  COTTON TOTE BAG,6,2011-02-25 12:40:00,2.25,16841.0,United Kingdom
545001,21580,RABBIT  DESIGN  COTTON TOTE BAG,6,2011-02-25 12:40:00,2.25,16841.0,United Kingdom
545001,21581,SKULLS  DESIGN  COTTON TOTE BAG,6,2011-02-25 12:40:00,2.25,16841.0,United Kingdom
545001,21576,LETS GO SHOPPING COTTON TOTE BAG,6,2011-02-25 12:40:00,2.25,16841.0,United Kingdom
545002,22722,SET OF 6 SPICE TINS PANTRY DESIGN,4,2011-02-25 12:43:00,3.95,13001.0,United Kingdom
545002,22720,SET OF 3 CAKE TINS PANTRY DESIGN ,4,2011-02-25 12:43:00,4.95,13001.0,United Kingdom
545002,20665,RED RETROSPOT PURSE ,4,2011-02-25 12:43:00,2.95,13001.0,United Kingdom
545002,21157,RED RETROSPOT WASHBAG,10,2011-02-25 12:43:00,2.1,13001.0,United Kingdom
545002,22178,VICTORIAN GLASS HANGING T-LIGHT,198,2011-02-25 12:43:00,1.06,13001.0,United Kingdom
C545003,22149,FELTCRAFT 6 FLOWER FRIENDS,-1,2011-02-25 12:46:00,2.1,18231.0,United Kingdom
C545003,20972,PINK CREAM FELT CRAFT TRINKET BOX ,-12,2011-02-25 12:46:00,1.25,18231.0,United Kingdom
545004,21668,RED STRIPE CERAMIC DRAWER KNOB,12,2011-02-25 12:48:00,1.25,13753.0,United Kingdom
545004,21669,BLUE STRIPE CERAMIC DRAWER KNOB,12,2011-02-25 12:48:00,1.25,13753.0,United Kingdom
545004,79000,MOROCCAN TEA GLASS,12,2011-02-25 12:48:00,0.85,13753.0,United Kingdom
545004,22595,GINGHAM HEART DECORATION,12,2011-02-25 12:48:00,0.85,13753.0,United Kingdom
545004,22855,FINE WICKER HEART ,12,2011-02-25 12:48:00,1.25,13753.0,United Kingdom
545004,22469,HEART OF WICKER SMALL,12,2011-02-25 12:48:00,1.65,13753.0,United Kingdom
545004,21164,HOME SWEET HOME METAL SIGN ,6,2011-02-25 12:48:00,2.95,13753.0,United Kingdom
545004,21174,POTTERING IN THE SHED METAL SIGN,12,2011-02-25 12:48:00,2.08,13753.0,United Kingdom
545004,22674,FRENCH TOILET SIGN BLUE METAL,12,2011-02-25 12:48:00,1.25,13753.0,United Kingdom
545004,22671,FRENCH LAUNDRY SIGN BLUE METAL,12,2011-02-25 12:48:00,1.65,13753.0,United Kingdom
545004,22672,FRENCH BATHROOM SIGN BLUE METAL,12,2011-02-25 12:48:00,1.65,13753.0,United Kingdom
545004,22673,FRENCH GARDEN SIGN BLUE METAL,12,2011-02-25 12:48:00,1.25,13753.0,United Kingdom
545004,22675,FRENCH KITCHEN SIGN BLUE METAL,12,2011-02-25 12:48:00,1.25,13753.0,United Kingdom
545004,22690,DOORMAT HOME SWEET HOME BLUE ,10,2011-02-25 12:48:00,6.75,13753.0,United Kingdom
545004,22691,DOORMAT WELCOME SUNRISE,10,2011-02-25 12:48:00,6.75,13753.0,United Kingdom
545004,23230,WRAP ALPHABET DESIGN,25,2011-02-25 12:48:00,0.42,13753.0,United Kingdom
545004,23231,WRAP DOILEY DESIGN,25,2011-02-25 12:48:00,0.42,13753.0,United Kingdom
545004,23232,WRAP VINTAGE PETALS  DESIGN,25,2011-02-25 12:48:00,0.42,13753.0,United Kingdom
545004,23233,WRAP POPPIES  DESIGN,25,2011-02-25 12:48:00,0.42,13753.0,United Kingdom
545004,22991,GIRAFFE WOODEN RULER,12,2011-02-25 12:48:00,1.95,13753.0,United Kingdom
545004,22992,REVOLVER WOODEN RULER ,12,2011-02-25 12:48:00,1.95,13753.0,United Kingdom
545004,22228,BUNNY WOODEN PAINTED WITH BIRD ,36,2011-02-25 12:48:00,0.85,13753.0,United Kingdom
545004,22231,JIGSAW TREE WITH BIRDHOUSE,24,2011-02-25 12:48:00,1.45,13753.0,United Kingdom
545004,21439,BASKET OF TOADSTOOLS,12,2011-02-25 12:48:00,1.25,13753.0,United Kingdom
545004,22232,JIGSAW TOADSTOOLS 3 PIECE,8,2011-02-25 12:48:00,1.65,13753.0,United Kingdom
545004,22858,EASTER TIN KEEPSAKE,12,2011-02-25 12:48:00,1.65,13753.0,United Kingdom
545004,22860,EASTER TIN CHICKS PINK DAISY,12,2011-02-25 12:48:00,1.65,13753.0,United Kingdom
545004,22861,EASTER TIN CHICKS IN GARDEN,12,2011-02-25 12:48:00,1.65,13753.0,United Kingdom
545004,22961,JAM MAKING SET PRINTED,12,2011-02-25 12:48:00,1.45,13753.0,United Kingdom
545004,22052,VINTAGE CARAVAN GIFT WRAP,25,2011-02-25 12:48:00,0.42,13753.0,United Kingdom
545004,22986,GINGHAM ROSE WRAP,25,2011-02-25 12:48:00,0.42,13753.0,United Kingdom
545004,22585,PACK OF 6 BIRDY GIFT TAGS,12,2011-02-25 12:48:00,1.25,13753.0,United Kingdom
545004,47566,PARTY BUNTING,8,2011-02-25 12:48:00,4.95,13753.0,United Kingdom
545004,22669,RED BABY BUNTING ,10,2011-02-25 12:48:00,2.95,13753.0,United Kingdom
545004,22668,PINK BABY BUNTING,10,2011-02-25 12:48:00,2.95,13753.0,United Kingdom
545011,47590A,BLUE HAPPY BIRTHDAY BUNTING,2,2011-02-25 13:05:00,5.45,13666.0,United Kingdom
545011,47566,PARTY BUNTING,1,2011-02-25 13:05:00,4.95,13666.0,United Kingdom
545011,22669,RED BABY BUNTING ,5,2011-02-25 13:05:00,2.95,13666.0,United Kingdom
545011,22745,POPPY'S PLAYHOUSE BEDROOM ,1,2011-02-25 13:05:00,2.1,13666.0,United Kingdom
545011,22748,POPPY'S PLAYHOUSE KITCHEN,1,2011-02-25 13:05:00,2.1,13666.0,United Kingdom
545011,22090,PAPER BUNTING RETROSPOT,1,2011-02-25 13:05:00,2.95,13666.0,United Kingdom
545011,22087,PAPER BUNTING WHITE LACE,2,2011-02-25 13:05:00,2.95,13666.0,United Kingdom
545012,71459,HANGING JAM JAR T-LIGHT HOLDER,24,2011-02-25 13:08:00,0.85,13666.0,United Kingdom
545013,48184,DOORMAT ENGLISH ROSE ,10,2011-02-25 13:09:00,6.75,13093.0,United Kingdom
545013,79321,CHILLI LIGHTS,24,2011-02-25 13:09:00,4.95,13093.0,United Kingdom
545013,22402,MAGNETS PACK OF 4 VINTAGE COLLAGE,12,2011-02-25 13:09:00,1.25,13093.0,United Kingdom
545013,22399,MAGNETS PACK OF 4 CHILDHOOD MEMORY,12,2011-02-25 13:09:00,1.25,13093.0,United Kingdom
545013,22383,LUNCH BAG SUKI DESIGN ,20,2011-02-25 13:09:00,1.65,13093.0,United Kingdom
545013,22382,LUNCH BAG SPACEBOY DESIGN ,20,2011-02-25 13:09:00,1.65,13093.0,United Kingdom
545013,22136,LOVE HEART SOCK HANGER,12,2011-02-25 13:09:00,1.65,13093.0,United Kingdom
545013,22035,VINTAGE CARAVAN GREETING CARD ,12,2011-02-25 13:09:00,0.42,13093.0,United Kingdom
545013,22030,SWALLOWS GREETING CARD,12,2011-02-25 13:09:00,0.42,13093.0,United Kingdom
545013,22029,SPACEBOY BIRTHDAY CARD,12,2011-02-25 13:09:00,0.42,13093.0,United Kingdom
545013,22027,TEA PARTY BIRTHDAY CARD,12,2011-02-25 13:09:00,0.42,13093.0,United Kingdom
545013,21508,VINTAGE KID DOLLY CARD ,24,2011-02-25 13:09:00,0.42,13093.0,United Kingdom
545013,21507,"ELEPHANT, BIRTHDAY CARD, ",12,2011-02-25 13:09:00,0.42,13093.0,United Kingdom
545013,21506,"FANCY FONT BIRTHDAY CARD, ",12,2011-02-25 13:09:00,0.42,13093.0,United Kingdom
545013,21498,RED RETROSPOT WRAP ,25,2011-02-25 13:09:00,0.42,13093.0,United Kingdom
545013,20914,SET/5 RED RETROSPOT LID GLASS BOWLS,32,2011-02-25 13:09:00,2.55,13093.0,United Kingdom
545013,20725,LUNCH BAG RED RETROSPOT,20,2011-02-25 13:09:00,1.65,13093.0,United Kingdom
545014,22720,SET OF 3 CAKE TINS PANTRY DESIGN ,6,2011-02-25 13:15:00,4.95,18223.0,United Kingdom
545014,22722,SET OF 6 SPICE TINS PANTRY DESIGN,8,2011-02-25 13:15:00,3.95,18223.0,United Kingdom
545014,22666,RECIPE BOX PANTRY YELLOW DESIGN,6,2011-02-25 13:15:00,2.95,18223.0,United Kingdom
545014,22963,JAM JAR WITH GREEN LID,12,2011-02-25 13:15:00,0.85,18223.0,United Kingdom
545014,22962,JAM JAR WITH PINK LID,12,2011-02-25 13:15:00,0.85,18223.0,United Kingdom
545014,22699,ROSES REGENCY TEACUP AND SAUCER ,6,2011-02-25 13:15:00,2.95,18223.0,United Kingdom
545014,22697,GREEN REGENCY TEACUP AND SAUCER,6,2011-02-25 13:15:00,2.95,18223.0,United Kingdom
545014,22698,PINK REGENCY TEACUP AND SAUCER,6,2011-02-25 13:15:00,2.95,18223.0,United Kingdom
545014,22423,REGENCY CAKESTAND 3 TIER,3,2011-02-25 13:15:00,12.75,18223.0,United Kingdom
545014,22960,JAM MAKING SET WITH JARS,6,2011-02-25 13:15:00,4.25,18223.0,United Kingdom
545014,22969,HOMEMADE JAM SCENTED CANDLES,24,2011-02-25 13:15:00,1.45,18223.0,United Kingdom
545014,85099C,JUMBO  BAG BAROQUE BLACK WHITE,10,2011-02-25 13:15:00,1.95,18223.0,United Kingdom
545014,85099F,JUMBO BAG STRAWBERRY,10,2011-02-25 13:15:00,1.95,18223.0,United Kingdom
545014,48194,DOORMAT HEARTS,2,2011-02-25 13:15:00,7.95,18223.0,United Kingdom
545014,85152,HAND OVER THE CHOCOLATE   SIGN ,12,2011-02-25 13:15:00,2.1,18223.0,United Kingdom
545014,20724,RED RETROSPOT CHARLOTTE BAG,10,2011-02-25 13:15:00,0.85,18223.0,United Kingdom
545014,20914,SET/5 RED RETROSPOT LID GLASS BOWLS,6,2011-02-25 13:15:00,2.95,18223.0,United Kingdom
545014,21232,STRAWBERRY CERAMIC TRINKET BOX,12,2011-02-25 13:15:00,1.25,18223.0,United Kingdom
545014,21354,TOAST ITS - BEST MUM,12,2011-02-25 13:15:00,1.25,18223.0,United Kingdom
545014,22179,SET 10 LIGHTS NIGHT OWL,2,2011-02-25 13:15:00,6.75,18223.0,United Kingdom
545014,22197,SMALL POPCORN HOLDER,12,2011-02-25 13:15:00,0.85,18223.0,United Kingdom
545014,22365,DOORMAT RESPECTABLE HOUSE,2,2011-02-25 13:15:00,7.95,18223.0,United Kingdom
545014,22414,DOORMAT NEIGHBOURHOOD WITCH ,2,2011-02-25 13:15:00,7.95,18223.0,United Kingdom
545014,22725,ALARM CLOCK BAKELIKE CHOCOLATE,4,2011-02-25 13:15:00,3.75,18223.0,United Kingdom
545014,22726,ALARM CLOCK BAKELIKE GREEN,4,2011-02-25 13:15:00,3.75,18223.0,United Kingdom
545014,22727,ALARM CLOCK BAKELIKE RED ,4,2011-02-25 13:15:00,3.75,18223.0,United Kingdom
545014,22892,SET OF SALT AND PEPPER TOADSTOOLS,12,2011-02-25 13:15:00,1.25,18223.0,United Kingdom
545015,22926,IVORY GIANT GARDEN THERMOMETER,4,2011-02-25 13:40:00,5.95,13742.0,United Kingdom
545015,21755,LOVE BUILDING BLOCK WORD,3,2011-02-25 13:40:00,5.95,13742.0,United Kingdom
545015,21754,HOME BUILDING BLOCK WORD,3,2011-02-25 13:40:00,5.95,13742.0,United Kingdom
545015,22804,CANDLEHOLDER PINK HANGING HEART,6,2011-02-25 13:40:00,2.95,13742.0,United Kingdom
545015,22722,SET OF 6 SPICE TINS PANTRY DESIGN,4,2011-02-25 13:40:00,3.95,13742.0,United Kingdom
545015,82482,WOODEN PICTURE FRAME WHITE FINISH,6,2011-02-25 13:40:00,2.55,13742.0,United Kingdom
545015,82494L,WOODEN FRAME ANTIQUE WHITE ,6,2011-02-25 13:40:00,2.95,13742.0,United Kingdom
545015,21781,MA CAMPAGNE CUTLERY BOX,1,2011-02-25 13:40:00,14.95,13742.0,United Kingdom
545015,85123A,WHITE HANGING HEART T-LIGHT HOLDER,6,2011-02-25 13:40:00,2.95,13742.0,United Kingdom
545015,22969,HOMEMADE JAM SCENTED CANDLES,12,2011-02-25 13:40:00,1.45,13742.0,United Kingdom
545016,22792,FLUTED ANTIQUE CANDLE HOLDER,12,2011-02-25 13:51:00,0.85,16473.0,United Kingdom
545016,22791,T-LIGHT GLASS FLUTED ANTIQUE,12,2011-02-25 13:51:00,1.25,16473.0,United Kingdom
545016,22457,NATURAL SLATE HEART CHALKBOARD ,6,2011-02-25 13:51:00,2.95,16473.0,United Kingdom
545016,22855,FINE WICKER HEART ,12,2011-02-25 13:51:00,1.25,16473.0,United Kingdom
545016,22986,GINGHAM ROSE WRAP,25,2011-02-25 13:51:00,0.42,16473.0,United Kingdom
545017,22630,DOLLY GIRL LUNCH BOX,12,2011-02-25 13:51:00,1.95,12361.0,Belgium
545017,22326,ROUND SNACK BOXES SET OF4 WOODLAND ,6,2011-02-25 13:51:00,2.95,12361.0,Belgium
545017,20726,LUNCH BAG WOODLAND,10,2011-02-25 13:51:00,1.65,12361.0,Belgium
545017,20725,LUNCH BAG RED RETROSPOT,10,2011-02-25 13:51:00,1.65,12361.0,Belgium
545017,22328,ROUND SNACK BOXES SET OF 4 FRUITS ,6,2011-02-25 13:51:00,2.95,12361.0,Belgium
545017,22382,LUNCH BAG SPACEBOY DESIGN ,10,2011-02-25 13:51:00,1.65,12361.0,Belgium
545017,22629,SPACEBOY LUNCH BOX ,12,2011-02-25 13:51:00,1.95,12361.0,Belgium
545017,22631,CIRCUS PARADE LUNCH BOX ,12,2011-02-25 13:51:00,1.95,12361.0,Belgium
545017,22555,PLASTERS IN TIN STRONGMAN,12,2011-02-25 13:51:00,1.65,12361.0,Belgium
545017,POST,POSTAGE,1,2011-02-25 13:51:00,15.0,12361.0,Belgium
545018,22759,SET OF 3 NOTEBOOKS IN PARCEL,12,2011-02-25 13:53:00,1.65,14481.0,United Kingdom
545018,20974,12 PENCILS SMALL TUBE SKULL,24,2011-02-25 13:53:00,0.65,14481.0,United Kingdom
545018,20975,12 PENCILS SMALL TUBE RED RETROSPOT,24,2011-02-25 13:53:00,0.65,14481.0,United Kingdom
545018,22740,POLKADOT PEN,48,2011-02-25 13:53:00,0.85,14481.0,United Kingdom
545018,22906,12 MESSAGE CARDS WITH ENVELOPES,24,2011-02-25 13:53:00,1.65,14481.0,United Kingdom
545018,21833,CAMOUFLAGE LED TORCH,24,2011-02-25 13:53:00,1.69,14481.0,United Kingdom
545018,22457,NATURAL SLATE HEART CHALKBOARD ,6,2011-02-25 13:53:00,2.95,14481.0,United Kingdom
545018,22766,PHOTO FRAME CORNICE,16,2011-02-25 13:53:00,2.95,14481.0,United Kingdom
545018,85206A,CREAM FELT EASTER EGG BASKET,12,2011-02-25 13:53:00,1.65,14481.0,United Kingdom
545018,22266,EASTER DECORATION HANGING BUNNY,24,2011-02-25 13:53:00,0.65,14481.0,United Kingdom
545018,84978,HANGING HEART JAR T-LIGHT HOLDER,12,2011-02-25 13:53:00,1.25,14481.0,United Kingdom
545018,21156,RETROSPOT CHILDRENS APRON,8,2011-02-25 13:53:00,1.95,14481.0,United Kingdom
545019,22991,GIRAFFE WOODEN RULER,48,2011-02-25 13:56:00,1.95,15093.0,United Kingdom
545019,22992,REVOLVER WOODEN RULER ,48,2011-02-25 13:56:00,1.95,15093.0,United Kingdom
545019,22636,CHILDS BREAKFAST SET CIRCUS PARADE,8,2011-02-25 13:56:00,7.65,15093.0,United Kingdom
545019,21507,"ELEPHANT, BIRTHDAY CARD, ",24,2011-02-25 13:56:00,0.42,15093.0,United Kingdom
545019,21506,"FANCY FONT BIRTHDAY CARD, ",24,2011-02-25 13:56:00,0.42,15093.0,United Kingdom
545019,21509,COWBOYS AND INDIANS BIRTHDAY CARD ,24,2011-02-25 13:56:00,0.42,15093.0,United Kingdom
545019,22983,CARD BILLBOARD FONT,24,2011-02-25 13:56:00,0.42,15093.0,United Kingdom
545019,22029,SPACEBOY BIRTHDAY CARD,24,2011-02-25 13:56:00,0.42,15093.0,United Kingdom
545019,21519,GIN & TONIC DIET GREETING CARD ,24,2011-02-25 13:56:00,0.42,15093.0,United Kingdom
545019,22030,SWALLOWS GREETING CARD,36,2011-02-25 13:56:00,0.42,15093.0,United Kingdom
545019,22045,SPACEBOY GIFT WRAP,75,2011-02-25 13:56:00,0.42,15093.0,United Kingdom
545019,22046,TEA PARTY  WRAPPING PAPER ,75,2011-02-25 13:56:00,0.42,15093.0,United Kingdom
545019,22711,WRAP CIRCUS PARADE,75,2011-02-25 13:56:00,0.42,15093.0,United Kingdom
545019,22985,"WRAP, BILLBOARD FONTS DESIGN",75,2011-02-25 13:56:00,0.42,15093.0,United Kingdom
545019,23230,WRAP ALPHABET DESIGN,75,2011-02-25 13:56:00,0.42,15093.0,United Kingdom
545019,21340,CLASSIC METAL BIRDCAGE PLANT HOLDER,8,2011-02-25 13:56:00,9.95,15093.0,United Kingdom
545019,22676,FRENCH BLUE METAL DOOR SIGN 1,10,2011-02-25 13:56:00,1.25,15093.0,United Kingdom
545019,22677,FRENCH BLUE METAL DOOR SIGN 2,10,2011-02-25 13:56:00,1.25,15093.0,United Kingdom
545019,22678,FRENCH BLUE METAL DOOR SIGN 3,10,2011-02-25 13:56:00,1.25,15093.0,United Kingdom
545019,22679,FRENCH BLUE METAL DOOR SIGN 4,10,2011-02-25 13:56:00,1.25,15093.0,United Kingdom
545019,22680,FRENCH BLUE METAL DOOR SIGN 5,10,2011-02-25 13:56:00,1.25,15093.0,United Kingdom
545019,22681,FRENCH BLUE METAL DOOR SIGN 6,10,2011-02-25 13:56:00,1.25,15093.0,United Kingdom
545019,22682,FRENCH BLUE METAL DOOR SIGN 7,10,2011-02-25 13:56:00,1.25,15093.0,United Kingdom
545019,22683,FRENCH BLUE METAL DOOR SIGN 8,20,2011-02-25 13:56:00,1.25,15093.0,United Kingdom
545019,22684,FRENCH BLUE METAL DOOR SIGN 9,10,2011-02-25 13:56:00,1.25,15093.0,United Kingdom
545019,22685,FRENCH BLUE METAL DOOR SIGN 0,10,2011-02-25 13:56:00,1.25,15093.0,United Kingdom
545019,22686,FRENCH BLUE METAL DOOR SIGN No,12,2011-02-25 13:56:00,1.25,15093.0,United Kingdom
545019,21165,BEWARE OF THE CAT METAL SIGN ,12,2011-02-25 13:56:00,1.69,15093.0,United Kingdom
545019,21181,PLEASE ONE PERSON METAL SIGN,12,2011-02-25 13:56:00,2.1,15093.0,United Kingdom
545020,22087,PAPER BUNTING WHITE LACE,6,2011-02-25 14:03:00,2.95,13792.0,United Kingdom
545020,22697,GREEN REGENCY TEACUP AND SAUCER,6,2011-02-25 14:03:00,2.95,13792.0,United Kingdom
545020,22189,CREAM HEART CARD HOLDER,4,2011-02-25 14:03:00,3.95,13792.0,United Kingdom
545020,22938,CUPCAKE LACE PAPER SET 6,12,2011-02-25 14:03:00,1.95,13792.0,United Kingdom
545021,21756,BATH BUILDING BLOCK WORD,6,2011-02-25 14:11:00,5.95,17663.0,United Kingdom
545021,21754,HOME BUILDING BLOCK WORD,6,2011-02-25 14:11:00,5.95,17663.0,United Kingdom
545021,82552,WASHROOM METAL SIGN,12,2011-02-25 14:11:00,1.45,17663.0,United Kingdom
545021,21181,PLEASE ONE PERSON METAL SIGN,12,2011-02-25 14:11:00,2.1,17663.0,United Kingdom
545021,85123A,WHITE HANGING HEART T-LIGHT HOLDER,6,2011-02-25 14:11:00,2.95,17663.0,United Kingdom
545021,85170C,SET/6 EAU DE NIL BIRD T-LIGHTS,6,2011-02-25 14:11:00,2.1,17663.0,United Kingdom
545021,22079,RIBBON REEL HEARTS DESIGN ,10,2011-02-25 14:11:00,1.65,17663.0,United Kingdom
545021,22082,RIBBON REEL STRIPES DESIGN ,10,2011-02-25 14:11:00,1.65,17663.0,United Kingdom
545021,22081,RIBBON REEL FLORA + FAUNA ,10,2011-02-25 14:11:00,1.65,17663.0,United Kingdom
545021,22151,PLACE SETTING WHITE HEART,24,2011-02-25 14:11:00,0.42,17663.0,United Kingdom
545021,21470,FLOWER VINE RAFFIA FOOD COVER,6,2011-02-25 14:11:00,3.75,17663.0,United Kingdom
545021,21775,DECORATIVE FLORE BATHROOM BOTTLE,12,2011-02-25 14:11:00,1.25,17663.0,United Kingdom
545021,21773,DECORATIVE ROSE BATHROOM BOTTLE,12,2011-02-25 14:11:00,1.25,17663.0,United Kingdom
545021,22270,HAPPY EASTER HANGING DECORATION,4,2011-02-25 14:11:00,3.75,17663.0,United Kingdom
545021,84459A,PINK METAL CHICKEN HEART ,12,2011-02-25 14:11:00,1.49,17663.0,United Kingdom
545021,84459B,YELLOW METAL CHICKEN HEART ,12,2011-02-25 14:11:00,1.49,17663.0,United Kingdom
545021,22427,ENAMEL FLOWER JUG CREAM,3,2011-02-25 14:11:00,5.95,17663.0,United Kingdom
545021,22189,CREAM HEART CARD HOLDER,4,2011-02-25 14:11:00,3.95,17663.0,United Kingdom
545021,21201,TROPICAL  HONEYCOMB PAPER GARLAND ,12,2011-02-25 14:11:00,2.55,17663.0,United Kingdom
545022,22423,REGENCY CAKESTAND 3 TIER,4,2011-02-25 14:24:00,12.75,12921.0,United Kingdom
545022,22699,ROSES REGENCY TEACUP AND SAUCER ,6,2011-02-25 14:24:00,2.95,12921.0,United Kingdom
545022,22697,GREEN REGENCY TEACUP AND SAUCER,6,2011-02-25 14:24:00,2.95,12921.0,United Kingdom
545022,22698,PINK REGENCY TEACUP AND SAUCER,6,2011-02-25 14:24:00,2.95,12921.0,United Kingdom
545022,22801,ANTIQUE GLASS PEDESTAL BOWL,4,2011-02-25 14:24:00,3.75,12921.0,United Kingdom
545022,22798,ANTIQUE GLASS DRESSING TABLE POT,8,2011-02-25 14:24:00,2.95,12921.0,United Kingdom
545022,22730,ALARM CLOCK BAKELIKE IVORY,4,2011-02-25 14:24:00,3.75,12921.0,United Kingdom
545022,22727,ALARM CLOCK BAKELIKE RED ,4,2011-02-25 14:24:00,3.75,12921.0,United Kingdom
545022,22728,ALARM CLOCK BAKELIKE PINK,4,2011-02-25 14:24:00,3.75,12921.0,United Kingdom
545022,21915,RED  HARMONICA IN BOX ,12,2011-02-25 14:24:00,1.25,12921.0,United Kingdom
545022,21715,GIRLS VINTAGE TIN SEASIDE BUCKET,8,2011-02-25 14:24:00,2.55,12921.0,United Kingdom
545022,22561,WOODEN SCHOOL COLOURING SET,12,2011-02-25 14:24:00,1.65,12921.0,United Kingdom
545022,21731,RED TOADSTOOL LED NIGHT LIGHT,12,2011-02-25 14:24:00,1.65,12921.0,United Kingdom
545022,22748,POPPY'S PLAYHOUSE KITCHEN,6,2011-02-25 14:24:00,2.1,12921.0,United Kingdom
545022,22745,POPPY'S PLAYHOUSE BEDROOM ,6,2011-02-25 14:24:00,2.1,12921.0,United Kingdom
545022,22557,PLASTERS IN TIN VINTAGE PAISLEY ,12,2011-02-25 14:24:00,1.65,12921.0,United Kingdom
545022,22653,BUTTON BOX ,10,2011-02-25 14:24:00,1.95,12921.0,United Kingdom
545022,22654,DELUXE SEWING KIT ,3,2011-02-25 14:24:00,5.95,12921.0,United Kingdom
545022,22554,PLASTERS IN TIN WOODLAND ANIMALS,12,2011-02-25 14:24:00,1.65,12921.0,United Kingdom
545022,15036,ASSORTED COLOURS SILK FAN,12,2011-02-25 14:24:00,0.75,12921.0,United Kingdom
545022,22780,LIGHT GARLAND BUTTERFILES PINK,4,2011-02-25 14:24:00,4.25,12921.0,United Kingdom
545022,22779,WOODEN OWLS LIGHT GARLAND ,4,2011-02-25 14:24:00,4.25,12921.0,United Kingdom
545022,22147,FELTCRAFT BUTTERFLY HEARTS,12,2011-02-25 14:24:00,1.45,12921.0,United Kingdom
545022,22150,3 STRIPEY MICE FELTCRAFT,6,2011-02-25 14:24:00,1.95,12921.0,United Kingdom
545022,22743,MAKE YOUR OWN FLOWERPOWER CARD KIT,6,2011-02-25 14:24:00,2.95,12921.0,United Kingdom
545022,20971,PINK BLUE FELT CRAFT TRINKET BOX,12,2011-02-25 14:24:00,1.25,12921.0,United Kingdom
545022,22565,FELTCRAFT HAIRBANDS PINK AND WHITE ,12,2011-02-25 14:24:00,0.85,12921.0,United Kingdom
545022,22566,FELTCRAFT HAIRBAND PINK AND PURPLE,12,2011-02-25 14:24:00,0.85,12921.0,United Kingdom
545022,22749,FELTCRAFT PRINCESS CHARLOTTE DOLL,4,2011-02-25 14:24:00,3.75,12921.0,United Kingdom
545022,22273,FELTCRAFT DOLL MOLLY,6,2011-02-25 14:24:00,2.95,12921.0,United Kingdom
545023,20728,LUNCH BAG CARS BLUE,10,2011-02-25 14:25:00,1.65,12921.0,United Kingdom
545023,20725,LUNCH BAG RED RETROSPOT,10,2011-02-25 14:25:00,1.65,12921.0,United Kingdom
545023,22460,EMBOSSED GLASS TEALIGHT HOLDER,12,2011-02-25 14:25:00,1.25,12921.0,United Kingdom
545023,22178,VICTORIAN GLASS HANGING T-LIGHT,12,2011-02-25 14:25:00,1.25,12921.0,United Kingdom
545023,22464,HANGING METAL HEART LANTERN,12,2011-02-25 14:25:00,1.65,12921.0,United Kingdom
545023,71459,HANGING JAM JAR T-LIGHT HOLDER,24,2011-02-25 14:25:00,0.85,12921.0,United Kingdom
545023,85062,PEARL CRYSTAL PUMPKIN T-LIGHT HLDR,12,2011-02-25 14:25:00,1.65,12921.0,United Kingdom
545023,84755,COLOUR GLASS T-LIGHT HOLDER HANGING,16,2011-02-25 14:25:00,0.65,12921.0,United Kingdom
545023,21313,GLASS HEART T-LIGHT HOLDER ,12,2011-02-25 14:25:00,0.85,12921.0,United Kingdom
545023,84946,ANTIQUE SILVER TEA GLASS ETCHED,12,2011-02-25 14:25:00,1.25,12921.0,United Kingdom
545023,84970S,HANGING HEART ZINC T-LIGHT HOLDER,12,2011-02-25 14:25:00,0.85,12921.0,United Kingdom
545023,84970L,SINGLE HEART ZINC T-LIGHT HOLDER,12,2011-02-25 14:25:00,0.95,12921.0,United Kingdom
545023,84945,MULTI COLOUR SILVER T-LIGHT HOLDER,24,2011-02-25 14:25:00,0.85,12921.0,United Kingdom
545023,22456,NATURAL SLATE CHALKBOARD LARGE ,3,2011-02-25 14:25:00,4.95,12921.0,United Kingdom
545023,22457,NATURAL SLATE HEART CHALKBOARD ,6,2011-02-25 14:25:00,2.95,12921.0,United Kingdom
545023,21989,PACK OF 20 SKULL PAPER NAPKINS,12,2011-02-25 14:25:00,0.85,12921.0,United Kingdom
545023,21122,SET/10 PINK POLKADOT PARTY CANDLES,24,2011-02-25 14:25:00,1.25,12921.0,United Kingdom
545023,84692,BOX OF 24 COCKTAIL PARASOLS,25,2011-02-25 14:25:00,0.42,12921.0,United Kingdom
545023,22089,PAPER BUNTING VINTAGE PAISLEY,6,2011-02-25 14:25:00,2.95,12921.0,United Kingdom
545023,22090,PAPER BUNTING RETROSPOT,6,2011-02-25 14:25:00,2.95,12921.0,United Kingdom
545023,47559B,TEA TIME OVEN GLOVE,10,2011-02-25 14:25:00,1.25,12921.0,United Kingdom
545023,47580,TEA TIME DES TEA COSY,6,2011-02-25 14:25:00,2.55,12921.0,United Kingdom
545023,21154,RED RETROSPOT OVEN GLOVE ,10,2011-02-25 14:25:00,1.25,12921.0,United Kingdom
545023,21035,SET/2 RED RETROSPOT TEA TOWELS ,6,2011-02-25 14:25:00,3.25,12921.0,United Kingdom
545023,84992,72 SWEETHEART FAIRY CAKE CASES,24,2011-02-25 14:25:00,0.55,12921.0,United Kingdom
545023,21975,PACK OF 60 DINOSAUR CAKE CASES,24,2011-02-25 14:25:00,0.55,12921.0,United Kingdom
545023,21213,PACK OF 72 SKULL CAKE CASES,24,2011-02-25 14:25:00,0.55,12921.0,United Kingdom
545023,21977,PACK OF 60 PINK PAISLEY CAKE CASES,24,2011-02-25 14:25:00,0.55,12921.0,United Kingdom
545023,21212,PACK OF 72 RETROSPOT CAKE CASES,24,2011-02-25 14:25:00,0.55,12921.0,United Kingdom
545023,84991,60 TEATIME FAIRY CAKE CASES,24,2011-02-25 14:25:00,0.55,12921.0,United Kingdom
545023,21086,SET/6 RED SPOTTY PAPER CUPS,12,2011-02-25 14:25:00,0.65,12921.0,United Kingdom
545023,21080,SET/20 RED RETROSPOT PAPER NAPKINS ,12,2011-02-25 14:25:00,0.85,12921.0,United Kingdom
545023,21094,SET/6 RED SPOTTY PAPER PLATES,12,2011-02-25 14:25:00,0.85,12921.0,United Kingdom
545023,84997D,CHILDRENS CUTLERY POLKADOT PINK,6,2011-02-25 14:25:00,4.15,12921.0,United Kingdom
545023,84997B,CHILDRENS CUTLERY RETROSPOT RED ,6,2011-02-25 14:25:00,4.15,12921.0,United Kingdom
545023,84997A,CHILDRENS CUTLERY POLKADOT GREEN ,6,2011-02-25 14:25:00,4.15,12921.0,United Kingdom
545023,21929,JUMBO BAG PINK VINTAGE PAISLEY,10,2011-02-25 14:25:00,1.95,12921.0,United Kingdom
545023,21928,JUMBO BAG SCANDINAVIAN BLUE PAISLEY,10,2011-02-25 14:25:00,1.95,12921.0,United Kingdom
545023,85099F,JUMBO BAG STRAWBERRY,10,2011-02-25 14:25:00,1.95,12921.0,United Kingdom
545023,85099B,JUMBO BAG RED RETROSPOT,10,2011-02-25 14:25:00,1.95,12921.0,United Kingdom
545023,22385,JUMBO BAG SPACEBOY DESIGN,20,2011-02-25 14:25:00,1.95,12921.0,United Kingdom
545024,22961,JAM MAKING SET PRINTED,1,2011-02-25 14:38:00,3.29,,United Kingdom
545024,48116,DOORMAT MULTICOLOUR STRIPE,1,2011-02-25 14:38:00,14.13,,United Kingdom
545024,48185,DOORMAT FAIRY CAKE,3,2011-02-25 14:38:00,14.13,,United Kingdom
545024,72349b,SET/6 PURPLE BUTTERFLY T-LIGHTS,1,2011-02-25 14:38:00,4.13,,United Kingdom
545024,72801d,4 SKY BLUE DINNER CANDLES,1,2011-02-25 14:38:00,2.46,,United Kingdom
545024,82482,WOODEN PICTURE FRAME WHITE FINISH,1,2011-02-25 14:38:00,4.96,,United Kingdom
545024,84660c,PINK STITCHED WALL CLOCK,1,2011-02-25 14:38:00,7.46,,United Kingdom
545024,85099C,JUMBO  BAG BAROQUE BLACK WHITE,4,2011-02-25 14:38:00,4.13,,United Kingdom
545024,DOT,DOTCOM POSTAGE,1,2011-02-25 14:38:00,79.67,,United Kingdom
545024,20713,JUMBO BAG OWLS,1,2011-02-25 14:38:00,4.13,,United Kingdom
545024,20725,LUNCH BAG RED RETROSPOT,3,2011-02-25 14:38:00,4.96,,United Kingdom
545024,21067,VINTAGE RED TEATIME MUG,2,2011-02-25 14:38:00,2.46,,United Kingdom
545024,21069,VINTAGE BILLBOARD TEA MUG,1,2011-02-25 14:38:00,2.46,,United Kingdom
545024,21070,VINTAGE BILLBOARD MUG ,1,2011-02-25 14:38:00,2.46,,United Kingdom
545024,21071,VINTAGE BILLBOARD DRINK ME MUG,1,2011-02-25 14:38:00,2.46,,United Kingdom
545024,21122,SET/10 PINK POLKADOT PARTY CANDLES,1,2011-02-25 14:38:00,2.46,,United Kingdom
545024,21123,SET/10 IVORY POLKADOT PARTY CANDLES,1,2011-02-25 14:38:00,2.46,,United Kingdom
545024,21159,MOODY BOY  DOOR HANGER ,1,2011-02-25 14:38:00,3.29,,United Kingdom
545024,21166,COOK WITH WINE METAL SIGN ,1,2011-02-25 14:38:00,4.13,,United Kingdom
545024,21558,SKULL LUNCH BOX WITH CUTLERY ,1,2011-02-25 14:38:00,4.96,,United Kingdom
545024,21577,SAVE THE PLANET COTTON TOTE BAG,1,2011-02-25 14:38:00,4.96,,United Kingdom
545024,21625,VINTAGE UNION JACK APRON,1,2011-02-25 14:38:00,14.13,,United Kingdom
545024,21871,SAVE THE PLANET MUG,1,2011-02-25 14:38:00,3.29,,United Kingdom
545024,21888,BINGO SET,1,2011-02-25 14:38:00,7.46,,United Kingdom
545024,21931,JUMBO STORAGE BAG SUKI,1,2011-02-25 14:38:00,4.13,,United Kingdom
545024,22041,"RECORD FRAME 7"" SINGLE SIZE ",1,2011-02-25 14:38:00,4.96,,United Kingdom
545024,22175,PINK OWL SOFT TOY,1,2011-02-25 14:38:00,5.79,,United Kingdom
545024,22378,WALL TIDY RETROSPOT ,1,2011-02-25 14:38:00,4.96,,United Kingdom
545024,22383,LUNCH BAG SUKI DESIGN ,1,2011-02-25 14:38:00,4.96,,United Kingdom
545024,22411,JUMBO SHOPPER VINTAGE RED PAISLEY,1,2011-02-25 14:38:00,4.13,,United Kingdom
545024,22502,PICNIC BASKET WICKER SMALL,1,2011-02-25 14:38:00,8.29,,United Kingdom
545024,22520,CHILDS GARDEN TROWEL BLUE ,2,2011-02-25 14:38:00,1.63,,United Kingdom
545024,22720,SET OF 3 CAKE TINS PANTRY DESIGN ,1,2011-02-25 14:38:00,10.79,,United Kingdom
545025,15056bl,EDWARDIAN PARASOL BLACK,1,2011-02-25 14:40:00,12.46,,United Kingdom
545025,20615,BLUE POLKADOT PASSPORT COVER,1,2011-02-25 14:40:00,4.13,,United Kingdom
545025,20712,JUMBO BAG WOODLAND ANIMALS,1,2011-02-25 14:40:00,4.13,,United Kingdom
545025,20713,JUMBO BAG OWLS,2,2011-02-25 14:40:00,4.13,,United Kingdom
545025,20725,LUNCH BAG RED RETROSPOT,2,2011-02-25 14:40:00,4.96,,United Kingdom
545025,21035,SET/2 RED RETROSPOT TEA TOWELS ,1,2011-02-25 14:40:00,6.25,,United Kingdom
545025,21080,SET/20 RED RETROSPOT PAPER NAPKINS ,1,2011-02-25 14:40:00,2.46,,United Kingdom
545025,21164,HOME SWEET HOME METAL SIGN ,1,2011-02-25 14:40:00,5.79,,United Kingdom
545025,21166,COOK WITH WINE METAL SIGN ,1,2011-02-25 14:40:00,4.13,,United Kingdom
545025,21181,PLEASE ONE PERSON METAL SIGN,1,2011-02-25 14:40:00,4.13,,United Kingdom
545025,21216,"SET 3 RETROSPOT TEA,COFFEE,SUGAR",2,2011-02-25 14:40:00,10.79,,United Kingdom
545025,21218,RED SPOTTY BISCUIT TIN,1,2011-02-25 14:40:00,8.29,,United Kingdom
545025,21253,SET OF PICTURE FRAME  STICKERS,1,2011-02-25 14:40:00,5.79,,United Kingdom
545025,21328,BALLOONS  WRITING SET ,1,2011-02-25 14:40:00,3.29,,United Kingdom
545025,21700,BIG DOUGHNUT FRIDGE MAGNETS,1,2011-02-25 14:40:00,8.29,,United Kingdom
545025,21870,I CAN ONLY PLEASE ONE PERSON MUG,1,2011-02-25 14:40:00,3.29,,United Kingdom
545025,21931,JUMBO STORAGE BAG SUKI,2,2011-02-25 14:40:00,4.13,,United Kingdom
545025,22041,"RECORD FRAME 7"" SINGLE SIZE ",1,2011-02-25 14:40:00,4.96,,United Kingdom
545025,22094,RED RETROSPOT TISSUE BOX,2,2011-02-25 14:40:00,2.46,,United Kingdom
545025,22131,FOOD CONTAINER SET 3 LOVE HEART ,1,2011-02-25 14:40:00,4.13,,United Kingdom
545025,22161,HEART DECORATION RUSTIC HANGING ,1,2011-02-25 14:40:00,1.63,,United Kingdom
545025,22171,3 HOOK PHOTO SHELF ANTIQUE WHITE,1,2011-02-25 14:40:00,16.63,,United Kingdom
545025,22179,SET 10 LIGHTS NIGHT OWL,1,2011-02-25 14:40:00,13.29,,United Kingdom
545025,22197,SMALL POPCORN HOLDER,5,2011-02-25 14:40:00,1.63,,United Kingdom
545025,22378,WALL TIDY RETROSPOT ,1,2011-02-25 14:40:00,4.96,,United Kingdom
545025,22379,RECYCLING BAG RETROSPOT ,1,2011-02-25 14:40:00,4.96,,United Kingdom
545025,22383,LUNCH BAG SUKI DESIGN ,3,2011-02-25 14:40:00,4.96,,United Kingdom
545025,22385,JUMBO BAG SPACEBOY DESIGN,1,2011-02-25 14:40:00,4.13,,United Kingdom
545025,22411,JUMBO SHOPPER VINTAGE RED PAISLEY,4,2011-02-25 14:40:00,4.13,,United Kingdom
545025,22467,GUMBALL COAT RACK,1,2011-02-25 14:40:00,4.96,,United Kingdom
545025,22470,HEART OF WICKER LARGE,1,2011-02-25 14:40:00,5.79,,United Kingdom
545025,22525,CHILDRENS GARDEN GLOVES PINK,1,2011-02-25 14:40:00,3.29,,United Kingdom
545025,22659,LUNCH BOX I LOVE LONDON,1,2011-02-25 14:40:00,2.46,,United Kingdom
545025,22698,PINK REGENCY TEACUP AND SAUCER,1,2011-02-25 14:40:00,5.79,,United Kingdom
545025,22720,SET OF 3 CAKE TINS PANTRY DESIGN ,1,2011-02-25 14:40:00,10.79,,United Kingdom
545025,22891,TEA FOR ONE POLKADOT,1,2011-02-25 14:40:00,8.29,,United Kingdom
545025,37340,MULTICOLOUR SPRING FLOWER MUG,1,2011-02-25 14:40:00,8.29,,United Kingdom
545025,48116,DOORMAT MULTICOLOUR STRIPE,1,2011-02-25 14:40:00,14.13,,United Kingdom
545025,82001s,VINYL RECORD FRAME SILVER,5,2011-02-25 14:40:00,7.46,,United Kingdom
545025,82494l,WOODEN FRAME ANTIQUE WHITE ,1,2011-02-25 14:40:00,8.29,,United Kingdom
545025,82580,BATHROOM METAL SIGN,1,2011-02-25 14:40:00,1.25,,United Kingdom
545025,82581,TOILET METAL SIGN,1,2011-02-25 14:40:00,1.25,,United Kingdom
545025,82600,NO SINGING METAL SIGN,1,2011-02-25 14:40:00,4.13,,United Kingdom
545025,84828,JUNGLE POPSICLES ICE LOLLY HOLDERS,1,2011-02-25 14:40:00,2.46,,United Kingdom
545025,84988,SET OF 72 PINK HEART PAPER DOILIES,1,2011-02-25 14:40:00,3.75,,United Kingdom
545025,85099B,JUMBO BAG RED RETROSPOT,9,2011-02-25 14:40:00,4.13,,United Kingdom
545025,85099C,JUMBO  BAG BAROQUE BLACK WHITE,7,2011-02-25 14:40:00,4.13,,United Kingdom
545025,DOT,DOTCOM POSTAGE,1,2011-02-25 14:40:00,137.96,,United Kingdom
545026,22151,PLACE SETTING WHITE HEART,96,2011-02-25 14:51:00,0.42,15939.0,United Kingdom
545026,22152,PLACE SETTING WHITE STAR,24,2011-02-25 14:51:00,0.42,15939.0,United Kingdom
545026,22084,PAPER CHAIN KIT EMPIRE,60,2011-02-25 14:51:00,2.95,15939.0,United Kingdom
545026,22219,LOVEBIRD HANGING DECORATION WHITE ,24,2011-02-25 14:51:00,0.85,15939.0,United Kingdom
545027,21426,WOODLAND STORAGE BOX SMALL,1,2011-02-25 14:59:00,4.96,,United Kingdom
545027,21484,CHICK GREY HOT WATER BOTTLE,3,2011-02-25 14:59:00,8.29,,United Kingdom
545027,21485,RETROSPOT HEART HOT WATER BOTTLE,1,2011-02-25 14:59:00,7.46,,United Kingdom
545027,21672,WHITE SPOT RED CERAMIC DRAWER KNOB,2,2011-02-25 14:59:00,2.46,,United Kingdom
545027,21731,RED TOADSTOOL LED NIGHT LIGHT,2,2011-02-25 14:59:00,4.13,,United Kingdom
545027,21864,UNION JACK FLAG PASSPORT COVER ,1,2011-02-25 14:59:00,4.13,,United Kingdom
545027,21866,UNION JACK FLAG LUGGAGE TAG,4,2011-02-25 14:59:00,3.29,,United Kingdom
545027,21912,VINTAGE SNAKES & LADDERS,1,2011-02-25 14:59:00,7.46,,United Kingdom
545027,21929,JUMBO BAG PINK VINTAGE PAISLEY,1,2011-02-25 14:59:00,4.96,,United Kingdom
545027,21934,SKULL SHOULDER BAG,1,2011-02-25 14:59:00,3.29,,United Kingdom
545027,21955,DOORMAT UNION JACK GUNS AND ROSES,2,2011-02-25 14:59:00,12.46,,United Kingdom
545027,21989,PACK OF 20 SKULL PAPER NAPKINS,5,2011-02-25 14:59:00,1.63,,United Kingdom
545027,22068,BLACK PIRATE TREASURE CHEST,2,2011-02-25 14:59:00,4.13,,United Kingdom
545027,22074,6 RIBBONS SHIMMERING PINKS ,2,2011-02-25 14:59:00,2.46,,United Kingdom
545027,22076,6 RIBBONS EMPIRE  ,1,2011-02-25 14:59:00,2.46,,United Kingdom
545027,22083,PAPER CHAIN KIT RETROSPOT,2,2011-02-25 14:59:00,6.63,,United Kingdom
545027,22084,PAPER CHAIN KIT EMPIRE,4,2011-02-25 14:59:00,4.96,,United Kingdom
545027,22088,PAPER BUNTING COLOURED LACE,4,2011-02-25 14:59:00,4.13,,United Kingdom
545027,22089,PAPER BUNTING VINTAGE PAISLEY,7,2011-02-25 14:59:00,4.13,,United Kingdom
545027,22110,BIRD HOUSE HOT WATER BOTTLE,1,2011-02-25 14:59:00,7.46,,United Kingdom
545027,22112,CHOCOLATE HOT WATER BOTTLE,1,2011-02-25 14:59:00,12.46,,United Kingdom
545027,22174,PHOTO CUBE,1,2011-02-25 14:59:00,4.13,,United Kingdom
545027,22326,ROUND SNACK BOXES SET OF4 WOODLAND ,2,2011-02-25 14:59:00,6.63,,United Kingdom
545027,22327,ROUND SNACK BOXES SET OF 4 SKULLS,4,2011-02-25 14:59:00,6.63,,United Kingdom
545027,22328,ROUND SNACK BOXES SET OF 4 FRUITS ,1,2011-02-25 14:59:00,4.13,,United Kingdom
545027,22355,CHARLOTTE BAG SUKI DESIGN,37,2011-02-25 14:59:00,2.46,,United Kingdom
545027,22356,CHARLOTTE BAG PINK POLKADOT,8,2011-02-25 14:59:00,2.46,,United Kingdom
545027,22367,CHILDRENS APRON SPACEBOY DESIGN,1,2011-02-25 14:59:00,4.96,,United Kingdom
545027,22384,LUNCH BAG PINK POLKADOT,1,2011-02-25 14:59:00,4.96,,United Kingdom
545027,22417,PACK OF 60 SPACEBOY CAKE CASES,1,2011-02-25 14:59:00,2.08,,United Kingdom
545027,22423,REGENCY CAKESTAND 3 TIER,2,2011-02-25 14:59:00,24.96,,United Kingdom
545027,22499,WOODEN UNION JACK BUNTING,1,2011-02-25 14:59:00,8.29,,United Kingdom
545027,22549,PICTURE DOMINOES,2,2011-02-25 14:59:00,2.46,,United Kingdom
545027,22631,CIRCUS PARADE LUNCH BOX ,4,2011-02-25 14:59:00,3.29,,United Kingdom
545027,22645,CERAMIC HEART FAIRY CAKE MONEY BANK,2,2011-02-25 14:59:00,4.13,,United Kingdom
545027,22652,TRAVEL SEWING KIT,4,2011-02-25 14:59:00,4.13,,United Kingdom
545027,22665,RECIPE BOX BLUE SKETCHBOOK DESIGN,2,2011-02-25 14:59:00,6.63,,United Kingdom
545027,22896,PEG BAG APPLES DESIGN,1,2011-02-25 14:59:00,5.79,,United Kingdom
545027,47566,PARTY BUNTING,6,2011-02-25 14:59:00,10.79,,United Kingdom
545027,48189,DOORMAT FRIENDSHIP ,1,2011-02-25 14:59:00,16.63,,United Kingdom
545027,79321,CHILLI LIGHTS,7,2011-02-25 14:59:00,12.46,,United Kingdom
545027,82583,HOT BATHS METAL SIGN,3,2011-02-25 14:59:00,4.96,,United Kingdom
545027,84029G,KNITTED UNION FLAG HOT WATER BOTTLE,2,2011-02-25 14:59:00,8.29,,United Kingdom
545027,84030e,ENGLISH ROSE HOT WATER BOTTLE,1,2011-02-25 14:59:00,8.29,,United Kingdom
545027,84380,SET OF 3 BUTTERFLY COOKIE CUTTERS,10,2011-02-25 14:59:00,3.29,,United Kingdom
545027,84692,BOX OF 24 COCKTAIL PARASOLS,8,2011-02-25 14:59:00,1.63,,United Kingdom
545027,84991,60 TEATIME FAIRY CAKE CASES,3,2011-02-25 14:59:00,1.25,,United Kingdom
545027,84997b,CHILDRENS CUTLERY RETROSPOT RED ,1,2011-02-25 14:59:00,8.29,,United Kingdom
545027,84997c,CHILDRENS CUTLERY POLKADOT BLUE,1,2011-02-25 14:59:00,8.29,,United Kingdom
545027,20675,BLUE POLKADOT BOWL,8,2011-02-25 14:59:00,2.46,,United Kingdom
545027,20677,PINK POLKADOT BOWL,2,2011-02-25 14:59:00,2.46,,United Kingdom
545027,20717,STRAWBERRY SHOPPER BAG,2,2011-02-25 14:59:00,2.46,,United Kingdom
545027,20719,WOODLAND CHARLOTTE BAG,16,2011-02-25 14:59:00,2.46,,United Kingdom
545027,20723,STRAWBERRY CHARLOTTE BAG,10,2011-02-25 14:59:00,2.46,,United Kingdom
545027,20724,RED RETROSPOT CHARLOTTE BAG,13,2011-02-25 14:59:00,2.46,,United Kingdom
545027,20728,LUNCH BAG CARS BLUE,8,2011-02-25 14:59:00,4.13,,United Kingdom
545027,20734,SILVER MINI TAPE MEASURE ,7,2011-02-25 14:59:00,1.63,,United Kingdom
545027,21041,RED RETROSPOT OVEN GLOVE DOUBLE,4,2011-02-25 14:59:00,6.63,,United Kingdom
545027,21078,SET/20 STRAWBERRY PAPER NAPKINS ,4,2011-02-25 14:59:00,2.46,,United Kingdom
545027,21082,SET/20 FRUIT SALAD PAPER NAPKINS ,4,2011-02-25 14:59:00,1.63,,United Kingdom
545027,21154,RED RETROSPOT OVEN GLOVE ,1,2011-02-25 14:59:00,3.29,,United Kingdom
545027,21155,RED RETROSPOT PEG BAG,4,2011-02-25 14:59:00,4.96,,United Kingdom
545027,21211,SET OF 72 SKULL PAPER  DOILIES,1,2011-02-25 14:59:00,3.75,,United Kingdom
545027,21212,PACK OF 72 RETROSPOT CAKE CASES,4,2011-02-25 14:59:00,2.08,,United Kingdom
545027,21213,PACK OF 72 SKULL CAKE CASES,4,2011-02-25 14:59:00,2.08,,United Kingdom
545027,21215,IVORY PAPER CUP CAKE CASES ,1,2011-02-25 14:59:00,1.25,,United Kingdom
545027,21232,STRAWBERRY CERAMIC TRINKET BOX,13,2011-02-25 14:59:00,3.29,,United Kingdom
545027,21238,RED RETROSPOT CUP,1,2011-02-25 14:59:00,1.63,,United Kingdom
545027,21240,BLUE POLKADOT CUP,4,2011-02-25 14:59:00,1.63,,United Kingdom
545027,21242,RED RETROSPOT PLATE ,3,2011-02-25 14:59:00,3.29,,United Kingdom
545027,21243,PINK  POLKADOT PLATE ,3,2011-02-25 14:59:00,3.29,,United Kingdom
545027,21244,BLUE POLKADOT PLATE ,7,2011-02-25 14:59:00,3.29,,United Kingdom
545027,21424,WOODLAND STORAGE BOX LARGE ,5,2011-02-25 14:59:00,6.63,,United Kingdom
545028,20932,PINK POT PLANT CANDLE,4,2011-02-25 15:21:00,3.75,13973.0,United Kingdom
545028,20931,BLUE POT PLANT CANDLE ,8,2011-02-25 15:21:00,3.75,13973.0,United Kingdom
545028,22487,WHITE WOOD GARDEN PLANT LADDER,8,2011-02-25 15:21:00,8.5,13973.0,United Kingdom
545028,22961,JAM MAKING SET PRINTED,12,2011-02-25 15:21:00,1.45,13973.0,United Kingdom
545028,22411,JUMBO SHOPPER VINTAGE RED PAISLEY,20,2011-02-25 15:21:00,1.95,13973.0,United Kingdom
545028,85099F,JUMBO BAG STRAWBERRY,10,2011-02-25 15:21:00,1.95,13973.0,United Kingdom
545028,21485,RETROSPOT HEART HOT WATER BOTTLE,3,2011-02-25 15:21:00,4.95,13973.0,United Kingdom
545028,22704,WRAP RED APPLES ,25,2011-02-25 15:21:00,0.42,13973.0,United Kingdom
545028,21217,RED RETROSPOT ROUND CAKE TINS,1,2011-02-25 15:21:00,9.95,13973.0,United Kingdom
545028,84375,SET OF 20 KIDS COOKIE CUTTERS,12,2011-02-25 15:21:00,2.1,13973.0,United Kingdom
545028,22584,PACK OF 6 PANNETONE GIFT BOXES,6,2011-02-25 15:21:00,2.55,13973.0,United Kingdom
545029,22138,BAKING SET 9 PIECE RETROSPOT ,5,2011-02-25 15:27:00,4.95,14541.0,United Kingdom
545029,22483,RED GINGHAM TEDDY BEAR ,15,2011-02-25 15:27:00,2.95,14541.0,United Kingdom
545030,85099B,JUMBO BAG RED RETROSPOT,100,2011-02-25 15:32:00,1.65,13798.0,United Kingdom
545030,20723,STRAWBERRY CHARLOTTE BAG,100,2011-02-25 15:32:00,0.72,13798.0,United Kingdom
545030,21169,YOU'RE CONFUSING ME METAL SIGN ,48,2011-02-25 15:32:00,1.45,13798.0,United Kingdom
545030,20725,LUNCH BAG RED RETROSPOT,100,2011-02-25 15:32:00,1.45,13798.0,United Kingdom
545030,85152,HAND OVER THE CHOCOLATE   SIGN ,48,2011-02-25 15:32:00,1.69,13798.0,United Kingdom
545031,22502,PICNIC BASKET WICKER SMALL,8,2011-02-25 15:35:00,5.95,15990.0,United Kingdom
545031,22423,REGENCY CAKESTAND 3 TIER,1,2011-02-25 15:35:00,12.75,15990.0,United Kingdom
545031,22519,CHILDS GARDEN BRUSH PINK,6,2011-02-25 15:35:00,2.1,15990.0,United Kingdom
545031,22518,CHILDS GARDEN BRUSH BLUE,6,2011-02-25 15:35:00,2.1,15990.0,United Kingdom
545031,22514,CHILDS GARDEN SPADE BLUE,6,2011-02-25 15:35:00,2.1,15990.0,United Kingdom
545031,22515,CHILDS GARDEN SPADE PINK,6,2011-02-25 15:35:00,2.1,15990.0,United Kingdom
545031,21754,HOME BUILDING BLOCK WORD,3,2011-02-25 15:35:00,5.95,15990.0,United Kingdom
545031,84970L,SINGLE HEART ZINC T-LIGHT HOLDER,12,2011-02-25 15:35:00,0.95,15990.0,United Kingdom
545031,22120,WELCOME  WOODEN BLOCK LETTERS,3,2011-02-25 15:35:00,9.95,15990.0,United Kingdom
545031,85066,CREAM SWEETHEART MINI CHEST,2,2011-02-25 15:35:00,12.75,15990.0,United Kingdom
545031,82486,WOOD S/3 CABINET ANT WHITE FINISH,2,2011-02-25 15:35:00,8.95,15990.0,United Kingdom
545031,84997B,RED 3 PIECE RETROSPOT CUTLERY SET,4,2011-02-25 15:35:00,4.15,15990.0,United Kingdom
545031,84997D,PINK 3 PIECE POLKADOT CUTLERY SET,4,2011-02-25 15:35:00,4.15,15990.0,United Kingdom
545031,84997C,BLUE 3 PIECE POLKADOT CUTLERY SET,4,2011-02-25 15:35:00,4.15,15990.0,United Kingdom
545031,84997A,GREEN 3 PIECE POLKADOT CUTLERY SET,4,2011-02-25 15:35:00,4.15,15990.0,United Kingdom
545031,22197,SMALL POPCORN HOLDER,12,2011-02-25 15:35:00,0.85,15990.0,United Kingdom
545031,20978,36 PENCILS TUBE SKULLS,16,2011-02-25 15:35:00,1.25,15990.0,United Kingdom
545031,20977,36 PENCILS TUBE WOODLAND,16,2011-02-25 15:35:00,1.25,15990.0,United Kingdom
545031,20970,PINK FLORAL FELTCRAFT SHOULDER BAG,4,2011-02-25 15:35:00,3.75,15990.0,United Kingdom
545031,84536B,FAIRY CAKES NOTEBOOK A7 SIZE,16,2011-02-25 15:35:00,0.42,15990.0,United Kingdom
545031,21329,DINOSAURS  WRITING SET ,12,2011-02-25 15:35:00,1.65,15990.0,United Kingdom
545031,21327,SKULLS WRITING SET ,12,2011-02-25 15:35:00,1.65,15990.0,United Kingdom
545031,21389,IVORY HANGING DECORATION  BIRD,12,2011-02-25 15:35:00,0.85,15990.0,United Kingdom
545032,15056BL,EDWARDIAN PARASOL BLACK,24,2011-02-25 15:37:00,5.95,14051.0,United Kingdom
545032,22698,PINK REGENCY TEACUP AND SAUCER,24,2011-02-25 15:37:00,2.55,14051.0,United Kingdom
545032,22697,GREEN REGENCY TEACUP AND SAUCER,12,2011-02-25 15:37:00,2.95,14051.0,United Kingdom
545032,22699,ROSES REGENCY TEACUP AND SAUCER ,12,2011-02-25 15:37:00,2.95,14051.0,United Kingdom
545032,21871,SAVE THE PLANET MUG,12,2011-02-25 15:37:00,1.25,14051.0,United Kingdom
545032,22777,GLASS CLOCHE LARGE,4,2011-02-25 15:37:00,8.5,14051.0,United Kingdom
545032,22423,REGENCY CAKESTAND 3 TIER,12,2011-02-25 15:37:00,12.75,14051.0,United Kingdom
C545033,22936,BAKING MOULD ROSE WHITE CHOCOLATE,-72,2011-02-25 16:26:00,2.75,14156.0,EIRE
C545033,22935,BAKING MOULD ROSE MILK CHOCOLATE,-72,2011-02-25 16:26:00,2.75,14156.0,EIRE
C545033,22838,3 TIER CAKE TIN RED AND CREAM,-96,2011-02-25 16:26:00,12.75,14156.0,EIRE
C545033,22699,ROSES REGENCY TEACUP AND SAUCER ,-120,2011-02-25 16:26:00,2.55,14156.0,EIRE
C545033,22630,DOLLY GIRL LUNCH BOX,-192,2011-02-25 16:26:00,1.65,14156.0,EIRE
C545033,22363,GLASS JAR MARMALADE ,-120,2011-02-25 16:26:00,2.55,14156.0,EIRE
545034,22858,EASTER TIN KEEPSAKE,60,2011-02-25 16:42:00,1.65,13493.0,Switzerland
545034,22222,CAKE PLATE LOVEBIRD WHITE,3,2011-02-25 16:42:00,4.95,13493.0,Switzerland
545034,22236,CAKE STAND 3 TIER MAGIC GARDEN,2,2011-02-25 16:42:00,12.75,13493.0,Switzerland
545034,POST,POSTAGE,1,2011-02-25 16:42:00,40.0,13493.0,Switzerland
545035,22652,TRAVEL SEWING KIT,10,2011-02-25 17:03:00,1.65,15078.0,United Kingdom
545035,22423,REGENCY CAKESTAND 3 TIER,2,2011-02-25 17:03:00,12.75,15078.0,United Kingdom
545035,85152,HAND OVER THE CHOCOLATE   SIGN ,12,2011-02-25 17:03:00,2.1,15078.0,United Kingdom
545035,22379,RECYCLING BAG RETROSPOT ,10,2011-02-25 17:03:00,2.1,15078.0,United Kingdom
545035,21930,JUMBO STORAGE BAG SKULLS,10,2011-02-25 17:03:00,1.95,15078.0,United Kingdom
545035,20914,SET/5 RED RETROSPOT LID GLASS BOWLS,6,2011-02-25 17:03:00,2.95,15078.0,United Kingdom
545035,21931,JUMBO STORAGE BAG SUKI,20,2011-02-25 17:03:00,1.95,15078.0,United Kingdom
545035,21928,JUMBO BAG SCANDINAVIAN BLUE PAISLEY,10,2011-02-25 17:03:00,1.95,15078.0,United Kingdom
545035,21175,GIN + TONIC DIET METAL SIGN,12,2011-02-25 17:03:00,2.55,15078.0,United Kingdom
545035,21166,COOK WITH WINE METAL SIGN ,12,2011-02-25 17:03:00,2.08,15078.0,United Kingdom
545035,82600,NO SINGING METAL SIGN,6,2011-02-25 17:03:00,2.1,15078.0,United Kingdom
545035,21181,PLEASE ONE PERSON METAL SIGN,12,2011-02-25 17:03:00,2.1,15078.0,United Kingdom
545035,20713,JUMBO BAG OWLS,20,2011-02-25 17:03:00,1.95,15078.0,United Kingdom
545035,20711,JUMBO BAG TOYS ,10,2011-02-25 17:03:00,1.95,15078.0,United Kingdom
545035,20725,LUNCH BAG RED RETROSPOT,10,2011-02-25 17:03:00,1.65,15078.0,United Kingdom
545035,85099F,JUMBO BAG STRAWBERRY,10,2011-02-25 17:03:00,1.95,15078.0,United Kingdom
545035,20712,JUMBO BAG WOODLAND ANIMALS,10,2011-02-25 17:03:00,1.95,15078.0,United Kingdom
545035,85099B,JUMBO BAG RED RETROSPOT,20,2011-02-25 17:03:00,1.95,15078.0,United Kingdom
545036,21110,LARGE CAKE TOWEL PINK SPOTS,1,2011-02-25 17:25:00,6.75,14573.0,United Kingdom
545036,84050,PINK HEART SHAPE EGG FRYING PAN,1,2011-02-25 17:25:00,1.65,14573.0,United Kingdom
545036,22435,SET OF 9 HEART SHAPED BALLOONS,1,2011-02-25 17:25:00,1.25,14573.0,United Kingdom
545036,21781,MA CAMPAGNE CUTLERY BOX,1,2011-02-25 17:25:00,14.95,14573.0,United Kingdom
545036,15044A,PINK PAPER PARASOL ,1,2011-02-25 17:25:00,2.95,14573.0,United Kingdom
545036,22699,ROSES REGENCY TEACUP AND SAUCER ,2,2011-02-25 17:25:00,2.95,14573.0,United Kingdom
545036,82580,BATHROOM METAL SIGN,1,2011-02-25 17:25:00,0.55,14573.0,United Kingdom
545036,71038,WHITE HANGING BEADS CANDLE HOLDER,1,2011-02-25 17:25:00,5.45,14573.0,United Kingdom
545036,22469,HEART OF WICKER SMALL,2,2011-02-25 17:25:00,1.65,14573.0,United Kingdom
545036,20725,LUNCH BAG RED RETROSPOT,2,2011-02-25 17:25:00,1.65,14573.0,United Kingdom
545036,82580,BATHROOM METAL SIGN,1,2011-02-25 17:25:00,0.55,14573.0,United Kingdom
545036,82578,KITCHEN METAL SIGN,2,2011-02-25 17:25:00,0.55,14573.0,United Kingdom
545036,82581,TOILET METAL SIGN,2,2011-02-25 17:25:00,0.55,14573.0,United Kingdom
545036,22766,PHOTO FRAME CORNICE,3,2011-02-25 17:25:00,2.95,14573.0,United Kingdom
545036,21754,HOME BUILDING BLOCK WORD,2,2011-02-25 17:25:00,5.95,14573.0,United Kingdom
545036,85053,FRENCH ENAMEL CANDLEHOLDER,3,2011-02-25 17:25:00,2.1,14573.0,United Kingdom
545036,22424,ENAMEL BREAD BIN CREAM,1,2011-02-25 17:25:00,12.75,14573.0,United Kingdom
545036,22426,ENAMEL WASH BOWL CREAM,1,2011-02-25 17:25:00,3.75,14573.0,United Kingdom
545036,22667,RECIPE BOX RETROSPOT ,1,2011-02-25 17:25:00,2.95,14573.0,United Kingdom
545036,22797,CHEST OF DRAWERS GINGHAM HEART ,1,2011-02-25 17:25:00,16.95,14573.0,United Kingdom
545036,22173,METAL 4 HOOK HANGER FRENCH CHATEAU,1,2011-02-25 17:25:00,2.95,14573.0,United Kingdom
545036,22666,RECIPE BOX PANTRY YELLOW DESIGN,1,2011-02-25 17:25:00,2.95,14573.0,United Kingdom
545036,22794,SWEETHEART WIRE MAGAZINE RACK,2,2011-02-25 17:25:00,7.95,14573.0,United Kingdom
545036,22720,SET OF 3 CAKE TINS PANTRY DESIGN ,1,2011-02-25 17:25:00,4.95,14573.0,United Kingdom
545036,22665,RECIPE BOX BLUE SKETCHBOOK DESIGN,1,2011-02-25 17:25:00,2.95,14573.0,United Kingdom
545036,22171,3 HOOK PHOTO SHELF ANTIQUE WHITE,1,2011-02-25 17:25:00,8.5,14573.0,United Kingdom
545036,22427,ENAMEL FLOWER JUG CREAM,1,2011-02-25 17:25:00,5.95,14573.0,United Kingdom
545036,22960,JAM MAKING SET WITH JARS,1,2011-02-25 17:25:00,4.25,14573.0,United Kingdom
545036,22624,IVORY KITCHEN SCALES,1,2011-02-25 17:25:00,8.5,14573.0,United Kingdom
