InvoiceNo,StockCode,Description,Quantity,InvoiceDate,UnitPrice,CustomerID,Country
563234,16045,POPART WOODEN PENCILS ASST,100,2011-08-15 08:26:00,0.04,13621.0,United Kingdom
563234,16048,TEATIME ROUND PENCIL SHARPENER ,24,2011-08-15 08:26:00,0.12,13621.0,United Kingdom
563234,20984,12 PENCILS TALL TUBE POSY,24,2011-08-15 08:26:00,0.29,13621.0,United Kingdom
563234,23289,DOLLY GIRL CHILDRENS BOWL,8,2011-08-15 08:26:00,1.25,13621.0,United Kingdom
563234,23291,DOLLY GIRL CHILDRENS CUP,8,2011-08-15 08:26:00,1.25,13621.0,United Kingdom
563234,23290,SPACEBOY CHILDRENS BOWL,8,2011-08-15 08:26:00,1.25,13621.0,United Kingdom
563234,23292,SPACEBOY CHILDRENS CUP,8,2011-08-15 08:26:00,1.25,13621.0,United Kingdom
563234,16011,ANIMAL STICKERS,24,2011-08-15 08:26:00,0.21,13621.0,United Kingdom
563234,22489,PACK OF 12 TRADITIONAL CRAYONS,24,2011-08-15 08:26:00,0.42,13621.0,United Kingdom
563234,20977,36 PENCILS TUBE WOODLAND,16,2011-08-15 08:26:00,1.25,13621.0,United Kingdom
563234,22138,BAKING SET 9 PIECE RETROSPOT ,3,2011-08-15 08:26:00,4.95,13621.0,United Kingdom
563234,21790,VINTAGE SNAP CARDS,12,2011-08-15 08:26:00,0.85,13621.0,United Kingdom
563234,21791,VINTAGE HEADS AND TAILS CARD GAME ,12,2011-08-15 08:26:00,1.25,13621.0,United Kingdom
563234,21889,WOODEN BOX OF DOMINOES,12,2011-08-15 08:26:00,1.25,13621.0,United Kingdom
563234,21703,BAG 125g SWIRLY MARBLES,12,2011-08-15 08:26:00,0.42,13621.0,United Kingdom
563234,21891,TRADITIONAL WOODEN SKIPPING ROPE,12,2011-08-15 08:26:00,1.45,13621.0,United Kingdom
563234,21892,TRADITIONAL WOODEN CATCH CUP GAME ,12,2011-08-15 08:26:00,1.25,13621.0,United Kingdom
563234,22620,4 TRADITIONAL SPINNING TOPS,12,2011-08-15 08:26:00,1.45,13621.0,United Kingdom
563234,21915,RED  HARMONICA IN BOX ,12,2011-08-15 08:26:00,1.25,13621.0,United Kingdom
563235,84970L,SINGLE HEART ZINC T-LIGHT HOLDER,60,2011-08-15 09:18:00,0.79,15939.0,United Kingdom
563236,15056N,EDWARDIAN PARASOL NATURAL,2,2011-08-15 09:45:00,5.95,17252.0,United Kingdom
563237,10133,COLOURING PENCILS BROWN TUBE,20,2011-08-15 09:57:00,0.42,14321.0,United Kingdom
563237,16008,SMALL FOLDING SCISSOR(POINTED EDGE),24,2011-08-15 09:57:00,0.12,14321.0,United Kingdom
563237,21391,FRENCH LAVENDER SCENT HEART,12,2011-08-15 09:57:00,0.75,14321.0,United Kingdom
563237,21991,BOHEMIAN COLLAGE STATIONERY SET,12,2011-08-15 09:57:00,1.25,14321.0,United Kingdom
563237,21992,VINTAGE PAISLEY STATIONERY SET,12,2011-08-15 09:57:00,1.25,14321.0,United Kingdom
563237,22100,SKULLS SQUARE TISSUE BOX,36,2011-08-15 09:57:00,0.39,14321.0,United Kingdom
563237,22096,PINK PAISLEY SQUARE TISSUE BOX ,36,2011-08-15 09:57:00,0.39,14321.0,United Kingdom
563237,35648,VINTAGE BEAD PINK PURSE ,24,2011-08-15 09:57:00,0.83,14321.0,United Kingdom
563237,51014L,"FEATHER PEN,LIGHT PINK",24,2011-08-15 09:57:00,0.39,14321.0,United Kingdom
563237,84341B,SMALL PINK MAGIC CHRISTMAS TREE,36,2011-08-15 09:57:00,0.38,14321.0,United Kingdom
563237,84012,MAGIC SHEEP WOOL GROWING FROM PAPER,24,2011-08-15 09:57:00,0.85,14321.0,United Kingdom
563237,84929,ASSTD FRUIT+FLOWERS FRIDGE MAGNETS,24,2011-08-15 09:57:00,0.19,14321.0,United Kingdom
563237,23321,SMALL WHITE HEART OF WICKER,12,2011-08-15 09:57:00,1.65,14321.0,United Kingdom
563237,23323,WHITE WICKER STAR ,6,2011-08-15 09:57:00,2.1,14321.0,United Kingdom
563237,23329,DECORATIVE WICKER HEART LARGE,12,2011-08-15 09:57:00,1.65,14321.0,United Kingdom
563237,23330,DECORATIVE WICKER HEART MEDIUM,12,2011-08-15 09:57:00,1.25,14321.0,United Kingdom
563237,21733,RED HANGING HEART T-LIGHT HOLDER,6,2011-08-15 09:57:00,2.95,14321.0,United Kingdom
563237,23322,LARGE WHITE HEART OF WICKER,6,2011-08-15 09:57:00,2.95,14321.0,United Kingdom
563237,22488,NATURAL SLATE RECTANGLE CHALKBOARD,12,2011-08-15 09:57:00,1.65,14321.0,United Kingdom
563237,22819,"BIRTHDAY CARD, RETRO SPOT",12,2011-08-15 09:57:00,0.42,14321.0,United Kingdom
563238,21524,DOORMAT SPOTTY HOME SWEET HOME,10,2011-08-15 09:59:00,6.75,15093.0,United Kingdom
563238,22685,FRENCH BLUE METAL DOOR SIGN 0,10,2011-08-15 09:59:00,1.25,15093.0,United Kingdom
563238,22686,FRENCH BLUE METAL DOOR SIGN No,12,2011-08-15 09:59:00,1.25,15093.0,United Kingdom
563238,22679,FRENCH BLUE METAL DOOR SIGN 4,10,2011-08-15 09:59:00,1.25,15093.0,United Kingdom
563238,22678,FRENCH BLUE METAL DOOR SIGN 3,10,2011-08-15 09:59:00,1.25,15093.0,United Kingdom
563238,22677,FRENCH BLUE METAL DOOR SIGN 2,10,2011-08-15 09:59:00,1.25,15093.0,United Kingdom
563238,22676,FRENCH BLUE METAL DOOR SIGN 1,10,2011-08-15 09:59:00,1.25,15093.0,United Kingdom
563238,22212,FOUR HOOK  WHITE LOVEBIRDS,12,2011-08-15 09:59:00,2.1,15093.0,United Kingdom
563238,21340,CLASSIC METAL BIRDCAGE PLANT HOLDER,8,2011-08-15 09:59:00,9.95,15093.0,United Kingdom
563238,84879,ASSORTED COLOUR BIRD ORNAMENT,64,2011-08-15 09:59:00,1.69,15093.0,United Kingdom
563238,21754,HOME BUILDING BLOCK WORD,18,2011-08-15 09:59:00,5.45,15093.0,United Kingdom
563238,22120,WELCOME  WOODEN BLOCK LETTERS,12,2011-08-15 09:59:00,8.5,15093.0,United Kingdom
563238,84077,WORLD WAR 2 GLIDERS ASSTD DESIGNS,144,2011-08-15 09:59:00,0.29,15093.0,United Kingdom
563238,21175,GIN + TONIC DIET METAL SIGN,12,2011-08-15 09:59:00,2.55,15093.0,United Kingdom
563239,23049,RECYCLED ACAPULCO MAT RED,1,2011-08-15 10:02:00,8.25,15048.0,United Kingdom
563239,23051,RECYCLED ACAPULCO MAT BLUE,1,2011-08-15 10:02:00,8.25,15048.0,United Kingdom
563239,84596B,SMALL DOLLY MIX DESIGN ORANGE BOWL,5,2011-08-15 10:02:00,0.42,15048.0,United Kingdom
563239,23165,LARGE CERAMIC TOP STORAGE JAR,1,2011-08-15 10:02:00,1.65,15048.0,United Kingdom
563239,22429,ENAMEL MEASURING JUG CREAM,1,2011-08-15 10:02:00,4.25,15048.0,United Kingdom
563239,85014A,BLACK/BLUE POLKADOT UMBRELLA,1,2011-08-15 10:02:00,5.95,15048.0,United Kingdom
563239,23205,CHARLOTTE BAG VINTAGE ALPHABET ,1,2011-08-15 10:02:00,0.85,15048.0,United Kingdom
563239,22383,LUNCH BAG SUKI DESIGN ,1,2011-08-15 10:02:00,1.65,15048.0,United Kingdom
563239,22382,LUNCH BAG SPACEBOY DESIGN ,1,2011-08-15 10:02:00,1.65,15048.0,United Kingdom
563239,22898,CHILDRENS APRON APPLES DESIGN,1,2011-08-15 10:02:00,1.95,15048.0,United Kingdom
563239,22278,OVERNIGHT BAG VINTAGE ROSE PAISLEY,1,2011-08-15 10:02:00,4.95,15048.0,United Kingdom
563239,23205,CHARLOTTE BAG VINTAGE ALPHABET ,1,2011-08-15 10:02:00,0.85,15048.0,United Kingdom
563239,23166,MEDIUM CERAMIC TOP STORAGE JAR,1,2011-08-15 10:02:00,1.25,15048.0,United Kingdom
563239,22616,PACK OF 12 LONDON TISSUES ,24,2011-08-15 10:02:00,0.29,15048.0,United Kingdom
563239,21242,RED RETROSPOT PLATE ,2,2011-08-15 10:02:00,1.69,15048.0,United Kingdom
563239,21592,RETROSPOT CIGAR BOX MATCHES ,1,2011-08-15 10:02:00,1.25,15048.0,United Kingdom
563239,22077,6 RIBBONS RUSTIC CHARM,2,2011-08-15 10:02:00,1.65,15048.0,United Kingdom
563239,23103,JINGLE BELL HEART DECORATION,2,2011-08-15 10:02:00,1.65,15048.0,United Kingdom
563239,22099,CARAVAN SQUARE TISSUE BOX,1,2011-08-15 10:02:00,0.39,15048.0,United Kingdom
563239,21936,RED RETROSPOT PICNIC BAG,2,2011-08-15 10:02:00,2.95,15048.0,United Kingdom
C563240,22616,PACK OF 12 LONDON TISSUES ,-12,2011-08-15 10:06:00,0.29,15048.0,United Kingdom
563241,23206,LUNCH BAG APPLE DESIGN,30,2011-08-15 10:22:00,1.65,12758.0,Portugal
563241,23207,LUNCH BAG ALPHABET DESIGN,30,2011-08-15 10:22:00,1.65,12758.0,Portugal
563241,23208,LUNCH BAG VINTAGE LEAF DESIGN,30,2011-08-15 10:22:00,1.65,12758.0,Portugal
563241,23209,LUNCH BAG VINTAGE DOILY ,30,2011-08-15 10:22:00,1.65,12758.0,Portugal
563241,23203,JUMBO BAG VINTAGE DOILY ,30,2011-08-15 10:22:00,2.08,12758.0,Portugal
563241,23201,JUMBO BAG ALPHABET,30,2011-08-15 10:22:00,2.08,12758.0,Portugal
563241,23202,JUMBO BAG VINTAGE LEAF,30,2011-08-15 10:22:00,2.08,12758.0,Portugal
563241,23199,JUMBO BAG APPLES,30,2011-08-15 10:22:00,2.08,12758.0,Portugal
563241,22411,JUMBO SHOPPER VINTAGE RED PAISLEY,30,2011-08-15 10:22:00,2.08,12758.0,Portugal
563241,21992,VINTAGE PAISLEY STATIONERY SET,12,2011-08-15 10:22:00,1.25,12758.0,Portugal
563241,21993,FLORAL FOLK STATIONERY SET,12,2011-08-15 10:22:00,1.25,12758.0,Portugal
563241,16161P,WRAP ENGLISH ROSE ,50,2011-08-15 10:22:00,0.42,12758.0,Portugal
563241,16161U,WRAP SUKI AND FRIENDS,50,2011-08-15 10:22:00,0.42,12758.0,Portugal
563241,21497,FANCY FONTS BIRTHDAY WRAP,25,2011-08-15 10:22:00,0.42,12758.0,Portugal
563241,21498,RED RETROSPOT WRAP ,25,2011-08-15 10:22:00,0.42,12758.0,Portugal
563241,22050,PINK PAISLEY ROSE GIFT WRAP,50,2011-08-15 10:22:00,0.42,12758.0,Portugal
563241,22708,WRAP DOLLY GIRL,25,2011-08-15 10:22:00,0.42,12758.0,Portugal
563241,22051,BLUE SCANDINAVIAN PAISLEY WRAP,25,2011-08-15 10:22:00,0.42,12758.0,Portugal
563241,22382,LUNCH BAG SPACEBOY DESIGN ,30,2011-08-15 10:22:00,1.65,12758.0,Portugal
563241,22383,LUNCH BAG SUKI DESIGN ,30,2011-08-15 10:22:00,1.65,12758.0,Portugal
563241,21928,JUMBO BAG SCANDINAVIAN BLUE PAISLEY,20,2011-08-15 10:22:00,2.08,12758.0,Portugal
563241,85099B,JUMBO BAG RED RETROSPOT,20,2011-08-15 10:22:00,2.08,12758.0,Portugal
563241,22386,JUMBO BAG PINK POLKADOT,10,2011-08-15 10:22:00,2.08,12758.0,Portugal
563241,22704,WRAP RED APPLES ,25,2011-08-15 10:22:00,0.42,12758.0,Portugal
563241,23231,WRAP  VINTAGE DOILY ,25,2011-08-15 10:22:00,0.42,12758.0,Portugal
563241,23350,ROLL WRAP VINTAGE SPOT ,12,2011-08-15 10:22:00,1.25,12758.0,Portugal
563241,23545,WRAP RED VINTAGE DOILY,25,2011-08-15 10:22:00,0.42,12758.0,Portugal
563241,23546,WRAP PAISLEY PARK ,25,2011-08-15 10:22:00,0.42,12758.0,Portugal
563241,23547,WRAP FLOWER SHOP  ,25,2011-08-15 10:22:00,0.42,12758.0,Portugal
563241,23549,WRAP BIRD GARDEN ,25,2011-08-15 10:22:00,0.42,12758.0,Portugal
563241,85099C,JUMBO  BAG BAROQUE BLACK WHITE,20,2011-08-15 10:22:00,2.08,12758.0,Portugal
563241,21929,JUMBO BAG PINK VINTAGE PAISLEY,10,2011-08-15 10:22:00,2.08,12758.0,Portugal
563241,23205,CHARLOTTE BAG VINTAGE ALPHABET ,20,2011-08-15 10:22:00,0.85,12758.0,Portugal
563241,23204,CHARLOTTE BAG APPLES DESIGN,20,2011-08-15 10:22:00,0.85,12758.0,Portugal
563241,22355,CHARLOTTE BAG SUKI DESIGN,20,2011-08-15 10:22:00,0.85,12758.0,Portugal
563241,20724,RED RETROSPOT CHARLOTTE BAG,20,2011-08-15 10:22:00,0.85,12758.0,Portugal
563241,20725,LUNCH BAG RED RETROSPOT,20,2011-08-15 10:22:00,1.65,12758.0,Portugal
563241,20728,LUNCH BAG CARS BLUE,30,2011-08-15 10:22:00,1.65,12758.0,Portugal
563241,22384,LUNCH BAG PINK POLKADOT,20,2011-08-15 10:22:00,1.65,12758.0,Portugal
563241,20726,LUNCH BAG WOODLAND,10,2011-08-15 10:22:00,1.65,12758.0,Portugal
563241,22662,LUNCH BAG DOLLY GIRL DESIGN,20,2011-08-15 10:22:00,1.65,12758.0,Portugal
563242,85123A,WHITE HANGING HEART T-LIGHT HOLDER,12,2011-08-15 10:28:00,2.95,17173.0,United Kingdom
563242,85066,CREAM SWEETHEART MINI CHEST,6,2011-08-15 10:28:00,10.95,17173.0,United Kingdom
563242,22795,SWEETHEART RECIPE BOOK STAND,6,2011-08-15 10:28:00,5.95,17173.0,United Kingdom
563242,22637,PIGGY BANK RETROSPOT ,12,2011-08-15 10:28:00,2.1,17173.0,United Kingdom
563242,22070,SMALL RED RETROSPOT MUG IN BOX ,12,2011-08-15 10:28:00,3.39,17173.0,United Kingdom
563242,21844,RED RETROSPOT MUG,12,2011-08-15 10:28:00,2.55,17173.0,United Kingdom
563242,21843,RED RETROSPOT CAKE STAND,6,2011-08-15 10:28:00,9.95,17173.0,United Kingdom
563242,21539,RED RETROSPOT BUTTER DISH,12,2011-08-15 10:28:00,4.25,17173.0,United Kingdom
563242,21533,RETROSPOT LARGE MILK JUG,12,2011-08-15 10:28:00,4.25,17173.0,United Kingdom
563242,21531,RED RETROSPOT SUGAR JAM BOWL,6,2011-08-15 10:28:00,2.1,17173.0,United Kingdom
563242,21218,RED SPOTTY BISCUIT TIN,6,2011-08-15 10:28:00,3.25,17173.0,United Kingdom
563242,21216,"SET 3 RETROSPOT TEA,COFFEE,SUGAR",12,2011-08-15 10:28:00,4.25,17173.0,United Kingdom
563242,20914,SET/5 RED RETROSPOT LID GLASS BOWLS,8,2011-08-15 10:28:00,2.55,17173.0,United Kingdom
563243,22961,JAM MAKING SET PRINTED,12,2011-08-15 10:29:00,1.45,18241.0,United Kingdom
563243,47566,PARTY BUNTING,8,2011-08-15 10:29:00,4.95,18241.0,United Kingdom
563244,22740,,-36,2011-08-15 10:49:00,0.0,,United Kingdom
563245,22385,JUMBO BAG SPACEBOY DESIGN,10,2011-08-15 10:53:00,2.08,16272.0,United Kingdom
563245,23202,JUMBO BAG VINTAGE LEAF,10,2011-08-15 10:53:00,2.08,16272.0,United Kingdom
563245,21931,JUMBO STORAGE BAG SUKI,10,2011-08-15 10:53:00,2.08,16272.0,United Kingdom
563245,85099F,JUMBO BAG STRAWBERRY,10,2011-08-15 10:53:00,2.08,16272.0,United Kingdom
563245,20711,JUMBO BAG TOYS ,10,2011-08-15 10:53:00,2.08,16272.0,United Kingdom
563245,20712,JUMBO BAG WOODLAND ANIMALS,10,2011-08-15 10:53:00,2.08,16272.0,United Kingdom
563245,23201,JUMBO BAG ALPHABET,10,2011-08-15 10:53:00,2.08,16272.0,United Kingdom
563245,85099C,JUMBO  BAG BAROQUE BLACK WHITE,10,2011-08-15 10:53:00,2.08,16272.0,United Kingdom
563245,21929,JUMBO BAG PINK VINTAGE PAISLEY,10,2011-08-15 10:53:00,2.08,16272.0,United Kingdom
563245,22411,JUMBO SHOPPER VINTAGE RED PAISLEY,10,2011-08-15 10:53:00,2.08,16272.0,United Kingdom
563245,21928,JUMBO BAG SCANDINAVIAN BLUE PAISLEY,10,2011-08-15 10:53:00,2.08,16272.0,United Kingdom
563245,21930,JUMBO STORAGE BAG SKULLS,10,2011-08-15 10:53:00,2.08,16272.0,United Kingdom
563245,85099B,JUMBO BAG RED RETROSPOT,10,2011-08-15 10:53:00,2.08,16272.0,United Kingdom
563245,20713,JUMBO BAG OWLS,10,2011-08-15 10:53:00,2.08,16272.0,United Kingdom
563245,22386,JUMBO BAG PINK POLKADOT,10,2011-08-15 10:53:00,2.08,16272.0,United Kingdom
563245,23200,JUMBO BAG PEARS,10,2011-08-15 10:53:00,2.08,16272.0,United Kingdom
563245,20718,RED RETROSPOT SHOPPER BAG,20,2011-08-15 10:53:00,1.25,16272.0,United Kingdom
563245,20717,STRAWBERRY SHOPPER BAG,20,2011-08-15 10:53:00,1.25,16272.0,United Kingdom
563245,21670,BLUE SPOT CERAMIC DRAWER KNOB,18,2011-08-15 10:53:00,1.25,16272.0,United Kingdom
563245,23309,SET OF 60 I LOVE LONDON CAKE CASES ,1,2011-08-15 10:53:00,0.55,16272.0,United Kingdom
563245,21976,PACK OF 60 MUSHROOM CAKE CASES,1,2011-08-15 10:53:00,0.55,16272.0,United Kingdom
563245,84558A,3D DOG PICTURE PLAYING CARDS,1,2011-08-15 10:53:00,2.95,16272.0,United Kingdom
563245,21977,PACK OF 60 PINK PAISLEY CAKE CASES,1,2011-08-15 10:53:00,0.55,16272.0,United Kingdom
563245,22951,60 CAKE CASES DOLLY GIRL DESIGN,1,2011-08-15 10:54:00,0.55,16272.0,United Kingdom
563245,21828,EIGHT PIECE SNAKE  SET,1,2011-08-15 10:54:00,1.25,16272.0,United Kingdom
563246,21670,BLUE SPOT CERAMIC DRAWER KNOB,12,2011-08-15 10:57:00,1.25,13089.0,United Kingdom
563246,21165,BEWARE OF THE CAT METAL SIGN ,12,2011-08-15 10:57:00,1.69,13089.0,United Kingdom
563246,22498,WOODEN REGATTA BUNTING,3,2011-08-15 10:57:00,5.95,13089.0,United Kingdom
563246,15056N,EDWARDIAN PARASOL NATURAL,6,2011-08-15 10:57:00,5.95,13089.0,United Kingdom
563246,85014B,RED RETROSPOT UMBRELLA,3,2011-08-15 10:57:00,5.95,13089.0,United Kingdom
563246,21080,SET/20 RED RETROSPOT PAPER NAPKINS ,12,2011-08-15 10:57:00,0.85,13089.0,United Kingdom
563246,21248,DOOR HANGER  MUM + DADS ROOM,12,2011-08-15 10:57:00,1.45,13089.0,United Kingdom
563246,22360,GLASS JAR ENGLISH CONFECTIONERY,6,2011-08-15 10:57:00,2.95,13089.0,United Kingdom
563246,20669,RED HEART LUGGAGE TAG,12,2011-08-15 10:57:00,1.25,13089.0,United Kingdom
563246,84978,HANGING HEART JAR T-LIGHT HOLDER,24,2011-08-15 10:57:00,1.25,13089.0,United Kingdom
563246,82484,WOOD BLACK BOARD ANT WHITE FINISH,8,2011-08-15 10:57:00,7.95,13089.0,United Kingdom
563246,79000,MOROCCAN TEA GLASS,24,2011-08-15 10:57:00,0.85,13089.0,United Kingdom
563246,23295,SET OF 12 MINI LOAF BAKING CASES,12,2011-08-15 10:57:00,0.83,13089.0,United Kingdom
563246,23293,SET OF 12 FAIRY CAKE BAKING CASES,24,2011-08-15 10:57:00,0.83,13089.0,United Kingdom
563246,23108,SET OF 10 LED DOLLY LIGHTS,6,2011-08-15 10:57:00,6.25,13089.0,United Kingdom
563246,23032,DRAWER KNOB CRACKLE GLAZE IVORY,12,2011-08-15 10:57:00,1.65,13089.0,United Kingdom
563246,23029,DRAWER KNOB CRACKLE GLAZE GREEN,12,2011-08-15 10:57:00,1.65,13089.0,United Kingdom
563246,22984,CARD GINGHAM ROSE ,12,2011-08-15 10:57:00,0.42,13089.0,United Kingdom
563246,22983,CARD BILLBOARD FONT,12,2011-08-15 10:57:00,0.42,13089.0,United Kingdom
563246,22805,BLUE DRAWER KNOB ACRYLIC EDWARDIAN,12,2011-08-15 10:57:00,1.25,13089.0,United Kingdom
563246,22798,ANTIQUE GLASS DRESSING TABLE POT,12,2011-08-15 10:57:00,2.95,13089.0,United Kingdom
563246,22630,DOLLY GIRL LUNCH BOX,12,2011-08-15 10:57:00,1.95,13089.0,United Kingdom
563246,22629,SPACEBOY LUNCH BOX ,12,2011-08-15 10:57:00,1.95,13089.0,United Kingdom
563246,22457,NATURAL SLATE HEART CHALKBOARD ,12,2011-08-15 10:57:00,2.95,13089.0,United Kingdom
563246,22456,NATURAL SLATE CHALKBOARD LARGE ,6,2011-08-15 10:57:00,4.95,13089.0,United Kingdom
563246,22151,PLACE SETTING WHITE HEART,24,2011-08-15 10:57:00,0.42,13089.0,United Kingdom
563246,22090,PAPER BUNTING RETROSPOT,12,2011-08-15 10:57:00,2.95,13089.0,United Kingdom
563246,22026,BANQUET BIRTHDAY  CARD  ,12,2011-08-15 10:57:00,0.42,13089.0,United Kingdom
563246,22024,RAINY LADIES BIRTHDAY CARD,12,2011-08-15 10:57:00,0.42,13089.0,United Kingdom
563246,21918,SET 12 KIDS COLOUR  CHALK STICKS,24,2011-08-15 10:57:00,0.42,13089.0,United Kingdom
563246,21916,SET 12 RETRO WHITE CHALK STICKS,24,2011-08-15 10:57:00,0.42,13089.0,United Kingdom
563246,21755,LOVE BUILDING BLOCK WORD,4,2011-08-15 10:57:00,5.95,13089.0,United Kingdom
563246,21733,RED HANGING HEART T-LIGHT HOLDER,12,2011-08-15 10:57:00,2.95,13089.0,United Kingdom
563247,23333,IVORY WICKER HEART MEDIUM,36,2011-08-15 10:59:00,1.25,13089.0,United Kingdom
563247,23334,IVORY WICKER HEART SMALL,48,2011-08-15 10:59:00,0.63,13089.0,United Kingdom
563247,23326,HANGING MINI COLOURED BOTTLES,192,2011-08-15 10:59:00,0.55,13089.0,United Kingdom
563247,23330,DECORATIVE WICKER HEART MEDIUM,36,2011-08-15 10:59:00,1.25,13089.0,United Kingdom
563247,23331,DECORATIVE WICKER HEART SMALL,48,2011-08-15 10:59:00,0.63,13089.0,United Kingdom
563248,21977,PACK OF 60 PINK PAISLEY CAKE CASES,3,2011-08-15 11:30:00,0.55,14702.0,United Kingdom
563248,21976,PACK OF 60 MUSHROOM CAKE CASES,3,2011-08-15 11:30:00,0.55,14702.0,United Kingdom
563248,21212,PACK OF 72 RETROSPOT CAKE CASES,6,2011-08-15 11:30:00,0.55,14702.0,United Kingdom
563248,23307,SET OF 60 PANTRY DESIGN CAKE CASES ,6,2011-08-15 11:30:00,0.55,14702.0,United Kingdom
563248,84991,60 TEATIME FAIRY CAKE CASES,6,2011-08-15 11:30:00,0.55,14702.0,United Kingdom
563248,23051,RECYCLED ACAPULCO MAT BLUE,1,2011-08-15 11:30:00,8.25,14702.0,United Kingdom
563248,22847,BREAD BIN DINER STYLE IVORY,1,2011-08-15 11:30:00,16.95,14702.0,United Kingdom
563248,22624,IVORY KITCHEN SCALES,2,2011-08-15 11:30:00,8.5,14702.0,United Kingdom
563248,23018,LARGE APOTHECARY MEASURING JAR ,1,2011-08-15 11:30:00,12.5,14702.0,United Kingdom
563248,84978,HANGING HEART JAR T-LIGHT HOLDER,6,2011-08-15 11:30:00,1.25,14702.0,United Kingdom
563248,22508,DOORSTOP RETROSPOT HEART,1,2011-08-15 11:30:00,3.75,14702.0,United Kingdom
563248,47566,PARTY BUNTING,1,2011-08-15 11:30:00,4.95,14702.0,United Kingdom
563248,47566B,TEA TIME PARTY BUNTING,2,2011-08-15 11:30:00,4.95,14702.0,United Kingdom
563248,23298,SPOTTY BUNTING,4,2011-08-15 11:30:00,4.95,14702.0,United Kingdom
563248,22907,PACK OF 20 NAPKINS PANTRY DESIGN,3,2011-08-15 11:30:00,0.85,14702.0,United Kingdom
563248,21078,SET/20 STRAWBERRY PAPER NAPKINS ,2,2011-08-15 11:30:00,0.85,14702.0,United Kingdom
563248,22851,SET 20 NAPKINS FAIRY CAKES DESIGN ,2,2011-08-15 11:30:00,0.85,14702.0,United Kingdom
563248,22613,PACK OF 20 SPACEBOY NAPKINS,2,2011-08-15 11:30:00,0.85,14702.0,United Kingdom
563248,22908,PACK OF 20 NAPKINS RED APPLES,2,2011-08-15 11:30:00,0.85,14702.0,United Kingdom
563248,21668,RED STRIPE CERAMIC DRAWER KNOB,6,2011-08-15 11:30:00,1.25,14702.0,United Kingdom
563248,21974,SET OF 36 PAISLEY FLOWER DOILIES,2,2011-08-15 11:30:00,1.45,14702.0,United Kingdom
563248,84987,SET OF 36 TEATIME PAPER DOILIES,2,2011-08-15 11:30:00,1.45,14702.0,United Kingdom
563248,23306,SET OF 36 DOILIES PANTRY DESIGN,2,2011-08-15 11:30:00,1.45,14702.0,United Kingdom
563248,22671,FRENCH LAUNDRY SIGN BLUE METAL,2,2011-08-15 11:30:00,1.65,14702.0,United Kingdom
563248,22676,FRENCH BLUE METAL DOOR SIGN 1,3,2011-08-15 11:30:00,1.25,14702.0,United Kingdom
563248,22078,RIBBON REEL LACE DESIGN ,5,2011-08-15 11:30:00,2.1,14702.0,United Kingdom
563248,22217,T-LIGHT HOLDER HANGING LACE,6,2011-08-15 11:30:00,1.25,14702.0,United Kingdom
563248,22961,JAM MAKING SET PRINTED,4,2011-08-15 11:30:00,1.45,14702.0,United Kingdom
563248,21673,WHITE SPOT BLUE CERAMIC DRAWER KNOB,6,2011-08-15 11:30:00,1.25,14702.0,United Kingdom
563248,20846,ZINC HEART LATTICE T-LIGHT HOLDER,6,2011-08-15 11:30:00,1.25,14702.0,United Kingdom
563248,22077,6 RIBBONS RUSTIC CHARM,3,2011-08-15 11:30:00,1.65,14702.0,United Kingdom
C563249,21704,BAG 250g SWIRLY MARBLES,-1,2011-08-15 11:35:00,0.72,16656.0,United Kingdom
563250,23322,LARGE WHITE HEART OF WICKER,6,2011-08-15 11:38:00,2.95,15624.0,United Kingdom
563250,23328,SET 6 SCHOOL MILK BOTTLES IN CRATE,4,2011-08-15 11:38:00,3.75,15624.0,United Kingdom
563250,85123A,WHITE HANGING HEART T-LIGHT HOLDER,12,2011-08-15 11:38:00,2.95,15624.0,United Kingdom
563251,21259,VICTORIAN SEWING BOX SMALL ,16,2011-08-15 11:39:00,5.95,12919.0,United Kingdom
563251,22652,TRAVEL SEWING KIT,20,2011-08-15 11:39:00,1.65,12919.0,United Kingdom
563251,22621,TRADITIONAL KNITTING NANCY,24,2011-08-15 11:39:00,1.65,12919.0,United Kingdom
563251,22456,NATURAL SLATE CHALKBOARD LARGE ,3,2011-08-15 11:39:00,4.95,12919.0,United Kingdom
563252,21175,GIN + TONIC DIET METAL SIGN,12,2011-08-15 11:59:00,2.55,17655.0,United Kingdom
563252,21165,BEWARE OF THE CAT METAL SIGN ,12,2011-08-15 11:59:00,1.69,17655.0,United Kingdom
563252,21908,CHOCOLATE THIS WAY METAL SIGN,12,2011-08-15 11:59:00,2.1,17655.0,United Kingdom
563252,21907,I'M ON HOLIDAY METAL SIGN,12,2011-08-15 11:59:00,2.1,17655.0,United Kingdom
563252,84347,ROTATING SILVER ANGELS T-LIGHT HLDR,6,2011-08-15 11:59:00,2.55,17655.0,United Kingdom
563252,22910,PAPER CHAIN KIT VINTAGE CHRISTMAS,6,2011-08-15 11:59:00,2.95,17655.0,United Kingdom
563252,48111,DOORMAT 3 SMILEY CATS,2,2011-08-15 11:59:00,7.95,17655.0,United Kingdom
563252,48185,DOORMAT FAIRY CAKE,2,2011-08-15 11:59:00,7.95,17655.0,United Kingdom
563252,21523,DOORMAT FANCY FONT HOME SWEET HOME,2,2011-08-15 11:59:00,7.95,17655.0,United Kingdom
563252,48188,DOORMAT WELCOME PUPPIES,2,2011-08-15 11:59:00,7.95,17655.0,United Kingdom
563252,48187,DOORMAT NEW ENGLAND,2,2011-08-15 11:59:00,7.95,17655.0,United Kingdom
563252,22604,SET OF 4 NAPKIN CHARMS CUTLERY,6,2011-08-15 11:59:00,2.55,17655.0,United Kingdom
563252,22639,SET OF 4 NAPKIN CHARMS HEARTS,6,2011-08-15 11:59:00,2.55,17655.0,United Kingdom
563252,22732,3D VINTAGE CHRISTMAS STICKERS ,18,2011-08-15 11:59:00,1.25,17655.0,United Kingdom
563252,21524,DOORMAT SPOTTY HOME SWEET HOME,2,2011-08-15 11:59:00,7.95,17655.0,United Kingdom
563252,22427,ENAMEL FLOWER JUG CREAM,3,2011-08-15 11:59:00,5.95,17655.0,United Kingdom
563253,75049L,LARGE CIRCULAR MIRROR MOBILE,96,2011-08-15 12:04:00,0.85,15218.0,United Kingdom
563253,85123A,WHITE HANGING HEART T-LIGHT HOLDER,32,2011-08-15 12:04:00,2.55,15218.0,United Kingdom
563253,23300,GARDENERS KNEELING PAD CUP OF TEA ,48,2011-08-15 12:04:00,1.45,15218.0,United Kingdom
563253,22927,GREEN GIANT GARDEN THERMOMETER,2,2011-08-15 12:04:00,5.95,15218.0,United Kingdom
563253,22379,RECYCLING BAG RETROSPOT ,10,2011-08-15 12:04:00,2.1,15218.0,United Kingdom
563253,21930,JUMBO STORAGE BAG SKULLS,10,2011-08-15 12:04:00,2.08,15218.0,United Kingdom
563253,85099B,JUMBO BAG RED RETROSPOT,20,2011-08-15 12:04:00,2.08,15218.0,United Kingdom
563253,23200,JUMBO BAG PEARS,10,2011-08-15 12:04:00,2.08,15218.0,United Kingdom
563253,23199,JUMBO BAG APPLES,10,2011-08-15 12:04:00,2.08,15218.0,United Kingdom
563253,23203,JUMBO BAG VINTAGE DOILY ,20,2011-08-15 12:04:00,2.08,15218.0,United Kingdom
563253,21129,SILVER FISHING GNOME ,2,2011-08-15 12:04:00,6.95,15218.0,United Kingdom
563253,23298,SPOTTY BUNTING,16,2011-08-15 12:04:00,4.95,15218.0,United Kingdom
563253,47504K,ENGLISH ROSE GARDEN SECATEURS,12,2011-08-15 12:04:00,0.79,15218.0,United Kingdom
563253,23154,SET OF 4 JAM JAR MAGNETS,12,2011-08-15 12:04:00,2.08,15218.0,United Kingdom
563253,21311,SET/4 BIRD MIRROR MAGNETS ,2,2011-08-15 12:04:00,0.29,15218.0,United Kingdom
563253,22191,IVORY DINER WALL CLOCK,2,2011-08-15 12:04:00,8.5,15218.0,United Kingdom
563253,22192,BLUE DINER WALL CLOCK,2,2011-08-15 12:04:00,8.5,15218.0,United Kingdom
563253,17091J,VANILLA INCENSE IN TIN,24,2011-08-15 12:04:00,0.38,15218.0,United Kingdom
563253,21670,BLUE SPOT CERAMIC DRAWER KNOB,2,2011-08-15 12:04:00,1.25,15218.0,United Kingdom
563253,21669,BLUE STRIPE CERAMIC DRAWER KNOB,2,2011-08-15 12:04:00,1.25,15218.0,United Kingdom
563253,17091J,VANILLA INCENSE IN TIN,2,2011-08-15 12:04:00,0.38,15218.0,United Kingdom
563253,84755,COLOUR GLASS T-LIGHT HOLDER HANGING,48,2011-08-15 12:04:00,0.65,15218.0,United Kingdom
563253,21383,PACK OF 12 STICKY BUNNIES,1,2011-08-15 12:04:00,0.65,15218.0,United Kingdom
563253,21306,SET/4 DAISY MIRROR MAGNETS,2,2011-08-15 12:04:00,0.29,15218.0,United Kingdom
563253,22439,6 ROCKET BALLOONS ,1,2011-08-15 12:04:00,0.65,15218.0,United Kingdom
563253,22440,BALLOON WATER BOMB PACK OF 35,1,2011-08-15 12:04:00,0.42,15218.0,United Kingdom
563253,21034,REX CASH+CARRY JUMBO SHOPPER,2,2011-08-15 12:04:00,0.95,15218.0,United Kingdom
563254,75049L,LARGE CIRCULAR MIRROR MOBILE,96,2011-08-15 12:06:00,0.85,15218.0,United Kingdom
563255,22847,BREAD BIN DINER STYLE IVORY,1,2011-08-15 12:07:00,16.95,14527.0,United Kingdom
563255,82011C,BATHROOM SCALES FOOTPRINTS IN SAND,2,2011-08-15 12:07:00,3.75,14527.0,United Kingdom
563255,22841,ROUND CAKE TIN VINTAGE GREEN,1,2011-08-15 12:07:00,7.95,14527.0,United Kingdom
563255,20675,BLUE POLKADOT BOWL,4,2011-08-15 12:07:00,1.25,14527.0,United Kingdom
563255,22895,SET OF 2 TEA TOWELS APPLE AND PEARS,1,2011-08-15 12:07:00,3.25,14527.0,United Kingdom
563255,21164,HOME SWEET HOME METAL SIGN ,1,2011-08-15 12:07:00,2.95,14527.0,United Kingdom
563255,82484,WOOD BLACK BOARD ANT WHITE FINISH,2,2011-08-15 12:07:00,7.95,14527.0,United Kingdom
563255,23181,BULL DOG BOTTLE TOP WALL CLOCK,1,2011-08-15 12:07:00,8.25,14527.0,United Kingdom
563255,22844,VINTAGE CREAM DOG FOOD CONTAINER,2,2011-08-15 12:07:00,8.5,14527.0,United Kingdom
563255,21627,ELEPHANT CARNIVAL POUFFE,1,2011-08-15 12:07:00,14.95,14527.0,United Kingdom
563255,23293,SET OF 12 FAIRY CAKE BAKING CASES,8,2011-08-15 12:07:00,0.83,14527.0,United Kingdom
563256,22687,DOORMAT CHRISTMAS VILLAGE,2,2011-08-15 12:07:00,7.95,18143.0,United Kingdom
563256,22689,DOORMAT MERRY CHRISTMAS RED ,2,2011-08-15 12:07:00,7.95,18143.0,United Kingdom
563256,22477,WATERING CAN GARDEN MARKER,10,2011-08-15 12:07:00,1.25,18143.0,United Kingdom
563256,48194,DOORMAT HEARTS,2,2011-08-15 12:07:00,7.95,18143.0,United Kingdom
563256,20685,DOORMAT RED RETROSPOT,2,2011-08-15 12:07:00,7.95,18143.0,United Kingdom
563256,47504H,ENGLISH ROSE SPIRIT LEVEL ,12,2011-08-15 12:07:00,0.79,18143.0,United Kingdom
563256,47503A,ASS FLORAL PRINT MULTI SCREWDRIVER,24,2011-08-15 12:07:00,0.42,18143.0,United Kingdom
563256,21156,RETROSPOT CHILDRENS APRON,8,2011-08-15 12:07:00,1.95,18143.0,United Kingdom
563256,22384,LUNCH BAG PINK POLKADOT,10,2011-08-15 12:07:00,1.65,18143.0,United Kingdom
563256,23206,LUNCH BAG APPLE DESIGN,10,2011-08-15 12:07:00,1.65,18143.0,United Kingdom
563256,23208,LUNCH BAG VINTAGE LEAF DESIGN,10,2011-08-15 12:07:00,1.65,18143.0,United Kingdom
563256,23209,LUNCH BAG VINTAGE DOILY ,10,2011-08-15 12:07:00,1.65,18143.0,United Kingdom
563256,23198,PANTRY MAGNETIC  SHOPPING LIST,12,2011-08-15 12:07:00,1.45,18143.0,United Kingdom
563256,22588,CARD HOLDER GINGHAM HEART,6,2011-08-15 12:07:00,2.89,18143.0,United Kingdom
563256,20766,GARDEN PATH SKETCHBOOK,4,2011-08-15 12:07:00,3.75,18143.0,United Kingdom
563256,23199,JUMBO BAG APPLES,10,2011-08-15 12:07:00,2.08,18143.0,United Kingdom
563256,85099B,JUMBO BAG RED RETROSPOT,10,2011-08-15 12:07:00,2.08,18143.0,United Kingdom
563256,21935,SUKI  SHOULDER BAG,10,2011-08-15 12:07:00,1.65,18143.0,United Kingdom
563256,20718,RED RETROSPOT SHOPPER BAG,10,2011-08-15 12:07:00,1.25,18143.0,United Kingdom
563256,21055,TOOL BOX SOFT TOY ,1,2011-08-15 12:07:00,8.95,18143.0,United Kingdom
563256,84920,PINK FLOWER FABRIC PONY,4,2011-08-15 12:07:00,3.75,18143.0,United Kingdom
563256,23263,SET OF 3 WOODEN HEART DECORATIONS,12,2011-08-15 12:07:00,1.25,18143.0,United Kingdom
563256,23266,SET OF 3 WOODEN STOCKING DECORATION,12,2011-08-15 12:07:00,1.25,18143.0,United Kingdom
563256,23320,GIANT 50'S CHRISTMAS CRACKER,12,2011-08-15 12:07:00,2.89,18143.0,United Kingdom
563256,21391,FRENCH LAVENDER SCENT HEART,12,2011-08-15 12:07:00,0.75,18143.0,United Kingdom
563256,23298,SPOTTY BUNTING,3,2011-08-15 12:07:00,4.95,18143.0,United Kingdom
563256,23200,JUMBO BAG PEARS,10,2011-08-15 12:07:00,2.08,18143.0,United Kingdom
563256,22130,PARTY CONE CHRISTMAS DECORATION ,12,2011-08-15 12:07:00,0.85,18143.0,United Kingdom
563256,22692,DOORMAT WELCOME TO OUR HOME,2,2011-08-15 12:07:00,7.95,18143.0,United Kingdom
563256,21116,OWL DOORSTOP,3,2011-08-15 12:07:00,4.95,18143.0,United Kingdom
563256,21411,GINGHAM HEART  DOORSTOP RED,3,2011-08-15 12:07:00,4.25,18143.0,United Kingdom
563256,22457,NATURAL SLATE HEART CHALKBOARD ,12,2011-08-15 12:07:00,2.95,18143.0,United Kingdom
563257,20972,PINK CREAM FELT CRAFT TRINKET BOX ,12,2011-08-15 12:07:00,1.25,13799.0,United Kingdom
563257,22646,CERAMIC STRAWBERRY CAKE MONEY BANK,12,2011-08-15 12:07:00,1.45,13799.0,United Kingdom
563257,22645,CERAMIC HEART FAIRY CAKE MONEY BANK,12,2011-08-15 12:07:00,1.45,13799.0,United Kingdom
563257,21232,STRAWBERRY CERAMIC TRINKET BOX,12,2011-08-15 12:07:00,1.25,13799.0,United Kingdom
563257,21231,SWEETHEART CERAMIC TRINKET BOX,12,2011-08-15 12:07:00,1.25,13799.0,United Kingdom
563257,22055,MINI CAKE STAND  HANGING STRAWBERY,8,2011-08-15 12:07:00,1.65,13799.0,United Kingdom
563257,37446,MINI CAKE STAND WITH HANGING CAKES,8,2011-08-15 12:07:00,1.45,13799.0,United Kingdom
563257,37449,CERAMIC CAKE STAND + HANGING CAKES,2,2011-08-15 12:07:00,9.95,13799.0,United Kingdom
563257,22059,CERAMIC STRAWBERRY DESIGN MUG,12,2011-08-15 12:07:00,1.49,13799.0,United Kingdom
563257,37448,CERAMIC CAKE DESIGN SPOTTED MUG,12,2011-08-15 12:07:00,1.49,13799.0,United Kingdom
563257,21700,BIG DOUGHNUT FRIDGE MAGNETS,12,2011-08-15 12:07:00,0.85,13799.0,United Kingdom
563257,22296,HEART IVORY TRELLIS LARGE,12,2011-08-15 12:07:00,1.65,13799.0,United Kingdom
563257,22295,HEART FILIGREE DOVE LARGE,12,2011-08-15 12:07:00,1.65,13799.0,United Kingdom
563257,22804,CANDLEHOLDER PINK HANGING HEART,6,2011-08-15 12:07:00,2.95,13799.0,United Kingdom
563257,21733,RED HANGING HEART T-LIGHT HOLDER,6,2011-08-15 12:07:00,2.95,13799.0,United Kingdom
563257,85123A,WHITE HANGING HEART T-LIGHT HOLDER,6,2011-08-15 12:07:00,2.95,13799.0,United Kingdom
563257,22432,WATERING CAN PINK BUNNY,6,2011-08-15 12:07:00,1.95,13799.0,United Kingdom
563257,22431,WATERING CAN BLUE ELEPHANT,6,2011-08-15 12:07:00,1.95,13799.0,United Kingdom
563257,22523,CHILDS GARDEN FORK PINK,12,2011-08-15 12:07:00,0.85,13799.0,United Kingdom
563257,22522,CHILDS GARDEN FORK BLUE ,12,2011-08-15 12:07:00,0.85,13799.0,United Kingdom
563257,22517,CHILDS GARDEN RAKE PINK,6,2011-08-15 12:07:00,2.1,13799.0,United Kingdom
563257,22516,CHILDS GARDEN RAKE BLUE,6,2011-08-15 12:07:00,2.1,13799.0,United Kingdom
563257,20971,PINK BLUE FELT CRAFT TRINKET BOX,12,2011-08-15 12:07:00,1.25,13799.0,United Kingdom
C563258,22061,LARGE CAKE STAND  HANGING STRAWBERY,-2,2011-08-15 12:08:00,8.5,15311.0,United Kingdom
C563258,20728,LUNCH BAG CARS BLUE,-1,2011-08-15 12:08:00,1.45,15311.0,United Kingdom
C563258,20727,LUNCH BAG  BLACK SKULL.,-1,2011-08-15 12:08:00,1.45,15311.0,United Kingdom
563259,23203,JUMBO BAG VINTAGE DOILY ,2,2011-08-15 12:19:00,2.08,17958.0,United Kingdom
563259,22481,BLACK TEA TOWEL CLASSIC DESIGN,12,2011-08-15 12:19:00,1.25,17958.0,United Kingdom
563259,72803A,ROSE SCENT CANDLE JEWELLED DRAWER,12,2011-08-15 12:19:00,4.25,17958.0,United Kingdom
563259,22988,SOLDIERS EGG CUP ,12,2011-08-15 12:19:00,1.25,17958.0,United Kingdom
563259,72802B,OCEAN SCENT CANDLE IN JEWELLED BOX,6,2011-08-15 12:19:00,4.25,17958.0,United Kingdom
563259,72802C,VANILLA SCENT CANDLE JEWELLED BOX,6,2011-08-15 12:19:00,4.25,17958.0,United Kingdom
563259,84813,SET OF 4 DIAMOND NAPKIN RINGS,34,2011-08-15 12:19:00,10.95,17958.0,United Kingdom
563260,23282,FOLDING BUTTERFLY MIRROR IVORY ,12,2011-08-15 12:22:00,0.83,16668.0,United Kingdom
563260,23280,FOLDING BUTTERFLY MIRROR HOT PINK ,12,2011-08-15 12:22:00,0.83,16668.0,United Kingdom
563260,21790,VINTAGE SNAP CARDS,12,2011-08-15 12:22:00,0.85,16668.0,United Kingdom
563260,21918,SET 12 KIDS COLOUR  CHALK STICKS,24,2011-08-15 12:22:00,0.42,16668.0,United Kingdom
563260,22536,MAGIC DRAWING SLATE PURDEY,24,2011-08-15 12:22:00,0.42,16668.0,United Kingdom
563261,84947,ANTIQUE SILVER TEA GLASS ENGRAVED,72,2011-08-15 12:38:00,1.06,16836.0,United Kingdom
563261,84978,HANGING HEART JAR T-LIGHT HOLDER,12,2011-08-15 12:38:00,1.25,16836.0,United Kingdom
563262,47310M,SMALL POP BOX FUNKY MONKEY,48,2011-08-15 12:44:00,1.05,15311.0,United Kingdom
563262,82001S,VINYL RECORD FRAME SILVER,24,2011-08-15 12:44:00,3.39,15311.0,United Kingdom
563262,23168,CLASSIC CAFE SUGAR DISPENSER,36,2011-08-15 12:44:00,1.04,15311.0,United Kingdom
563262,22197,POPCORN HOLDER,100,2011-08-15 12:44:00,0.72,15311.0,United Kingdom
563262,22041,"RECORD FRAME 7"" SINGLE SIZE ",48,2011-08-15 12:44:00,2.1,15311.0,United Kingdom
563262,22316,200 BENDY SKULL STRAWS,96,2011-08-15 12:44:00,1.06,15311.0,United Kingdom
563262,48173C,DOORMAT BLACK FLOCK ,1,2011-08-15 12:44:00,7.95,15311.0,United Kingdom
563262,15056BL,EDWARDIAN PARASOL BLACK,5,2011-08-15 12:44:00,5.95,15311.0,United Kingdom
563262,15056N,EDWARDIAN PARASOL NATURAL,4,2011-08-15 12:44:00,5.95,15311.0,United Kingdom
563262,85099B,JUMBO BAG RED RETROSPOT,2,2011-08-15 12:44:00,2.08,15311.0,United Kingdom
563262,22675,FRENCH KITCHEN SIGN BLUE METAL,2,2011-08-15 12:44:00,1.25,15311.0,United Kingdom
563262,23201,JUMBO BAG ALPHABET,1,2011-08-15 12:44:00,2.08,15311.0,United Kingdom
563262,22548,HEADS AND TAILS SPORTING FUN,2,2011-08-15 12:44:00,1.25,15311.0,United Kingdom
563262,23182,TOILET SIGN OCCUPIED OR VACANT,24,2011-08-15 12:44:00,0.83,15311.0,United Kingdom
563262,72802A,ROSE SCENT CANDLE IN JEWELLED BOX,1,2011-08-15 12:44:00,4.25,15311.0,United Kingdom
563262,22135,MINI LADLE LOVE HEART PINK,2,2011-08-15 12:44:00,0.42,15311.0,United Kingdom
563262,47351B,BLUE  VOILE LAMPSHADE,4,2011-08-15 12:44:00,2.95,15311.0,United Kingdom
563262,16008,SMALL FOLDING SCISSOR(POINTED EDGE),12,2011-08-15 12:44:00,0.12,15311.0,United Kingdom
563262,23198,PANTRY MAGNETIC  SHOPPING LIST,12,2011-08-15 12:44:00,1.45,15311.0,United Kingdom
563262,71270,PHOTO CLIP LINE,6,2011-08-15 12:44:00,1.25,15311.0,United Kingdom
563262,21210,SET OF 72 RETROSPOT PAPER  DOILIES,1,2011-08-15 12:44:00,1.45,15311.0,United Kingdom
563262,21424,WOODLAND STORAGE BOX LARGE ,1,2011-08-15 12:44:00,2.95,15311.0,United Kingdom
563262,21427,SKULLS STORAGE BOX SMALL,2,2011-08-15 12:44:00,2.1,15311.0,United Kingdom
563262,21428,SET3 BOOK BOX GREEN GINGHAM FLOWER ,1,2011-08-15 12:44:00,4.25,15311.0,United Kingdom
563262,22406,MONEY BOX KINGS CHOICE DESIGN,6,2011-08-15 12:44:00,1.25,15311.0,United Kingdom
563262,21718,RED METAL BEACH SPADE ,5,2011-08-15 12:44:00,1.25,15311.0,United Kingdom
563262,21716,BOYS VINTAGE TIN SEASIDE BUCKET,5,2011-08-15 12:44:00,2.55,15311.0,United Kingdom
563262,21467,CHERRY CROCHET FOOD COVER,1,2011-08-15 12:44:00,3.75,15311.0,United Kingdom
563262,23167,SMALL CERAMIC TOP STORAGE JAR ,2,2011-08-15 12:44:00,0.83,15311.0,United Kingdom
563262,23089,GLASS BON BON JAR,1,2011-08-15 12:44:00,1.65,15311.0,United Kingdom
563264,22720,SET OF 3 CAKE TINS PANTRY DESIGN ,6,2011-08-15 12:46:00,4.95,13720.0,United Kingdom
563264,22630,DOLLY GIRL LUNCH BOX,12,2011-08-15 12:46:00,1.95,13720.0,United Kingdom
563264,22629,SPACEBOY LUNCH BOX ,12,2011-08-15 12:46:00,1.95,13720.0,United Kingdom
563264,22631,CIRCUS PARADE LUNCH BOX ,12,2011-08-15 12:46:00,1.95,13720.0,United Kingdom
563264,23243,SET OF TEA COFFEE SUGAR TINS PANTRY,4,2011-08-15 12:46:00,4.95,13720.0,United Kingdom
563264,84279P,CHERRY BLOSSOM  DECORATIVE FLASK,4,2011-08-15 12:46:00,3.75,13720.0,United Kingdom
563264,22427,ENAMEL FLOWER JUG CREAM,3,2011-08-15 12:46:00,5.95,13720.0,United Kingdom
563264,85059,FRENCH ENAMEL WATER BASIN,4,2011-08-15 12:46:00,3.75,13720.0,United Kingdom
563264,22426,ENAMEL WASH BOWL CREAM,4,2011-08-15 12:46:00,3.75,13720.0,United Kingdom
563264,22675,FRENCH KITCHEN SIGN BLUE METAL,12,2011-08-15 12:46:00,1.25,13720.0,United Kingdom
563264,22672,FRENCH BATHROOM SIGN BLUE METAL,12,2011-08-15 12:46:00,1.65,13720.0,United Kingdom
563264,22673,FRENCH GARDEN SIGN BLUE METAL,12,2011-08-15 12:46:00,1.25,13720.0,United Kingdom
563264,23328,SET 6 SCHOOL MILK BOTTLES IN CRATE,4,2011-08-15 12:46:00,3.75,13720.0,United Kingdom
563268,48194,DOORMAT HEARTS,2,2011-08-15 12:47:00,7.95,13940.0,United Kingdom
563268,22595,GINGHAM HEART DECORATION,12,2011-08-15 12:47:00,0.85,13940.0,United Kingdom
563268,48138,DOORMAT UNION FLAG,2,2011-08-15 12:47:00,7.95,13940.0,United Kingdom
563268,82580,BATHROOM METAL SIGN,12,2011-08-15 12:47:00,0.55,13940.0,United Kingdom
563268,82581,TOILET METAL SIGN,12,2011-08-15 12:47:00,0.55,13940.0,United Kingdom
563268,82578,KITCHEN METAL SIGN,12,2011-08-15 12:47:00,0.55,13940.0,United Kingdom
563268,20767,BLUE PAISLEY JOURNAL ,6,2011-08-15 12:47:00,2.55,13940.0,United Kingdom
563268,20768,GREEN FERN JOURNAL ,6,2011-08-15 12:47:00,2.55,13940.0,United Kingdom
563268,20764,ABSTRACT CIRCLES SKETCHBOOK ,4,2011-08-15 12:47:00,3.75,13940.0,United Kingdom
563268,23329,DECORATIVE WICKER HEART LARGE,12,2011-08-15 12:47:00,1.65,13940.0,United Kingdom
563268,23330,DECORATIVE WICKER HEART MEDIUM,12,2011-08-15 12:47:00,1.25,13940.0,United Kingdom
563268,23331,DECORATIVE WICKER HEART SMALL,48,2011-08-15 12:47:00,0.63,13940.0,United Kingdom
563288,20726,LUNCH BAG WOODLAND,20,2011-08-15 12:53:00,1.65,12656.0,France
563288,22382,LUNCH BAG SPACEBOY DESIGN ,20,2011-08-15 12:53:00,1.65,12656.0,France
563288,22662,LUNCH BAG DOLLY GIRL DESIGN,20,2011-08-15 12:53:00,1.65,12656.0,France
563288,22383,LUNCH BAG SUKI DESIGN ,10,2011-08-15 12:53:00,1.65,12656.0,France
563288,23206,LUNCH BAG APPLE DESIGN,20,2011-08-15 12:53:00,1.65,12656.0,France
563288,23233,WRAP POPPIES  DESIGN,25,2011-08-15 12:53:00,0.42,12656.0,France
563288,21499,BLUE POLKADOT WRAP,25,2011-08-15 12:53:00,0.42,12656.0,France
563288,22321,BIRD DECORATION RED RETROSPOT,12,2011-08-15 12:53:00,0.85,12656.0,France
563288,22322,BIRD DECORATION GREEN POLKADOT,12,2011-08-15 12:53:00,0.85,12656.0,France
563288,22320,BIRDS MOBILE VINTAGE DESIGN,3,2011-08-15 12:53:00,5.95,12656.0,France
563288,22367,CHILDRENS APRON SPACEBOY DESIGN,50,2011-08-15 12:53:00,1.65,12656.0,France
563288,22939,ADULT APRON APPLE DELIGHT,8,2011-08-15 12:53:00,4.95,12656.0,France
563288,22899,CHILDREN'S APRON DOLLY GIRL ,50,2011-08-15 12:53:00,1.85,12656.0,France
563288,22326,ROUND SNACK BOXES SET OF4 WOODLAND ,18,2011-08-15 12:53:00,2.95,12656.0,France
563288,22629,SPACEBOY LUNCH BOX ,24,2011-08-15 12:53:00,1.95,12656.0,France
563288,22628,PICNIC BOXES SET OF 3 RETROSPOT ,4,2011-08-15 12:53:00,4.95,12656.0,France
563288,23245,SET OF 3 REGENCY CAKE TINS,8,2011-08-15 12:53:00,4.95,12656.0,France
563288,21539,RED RETROSPOT BUTTER DISH,6,2011-08-15 12:53:00,4.95,12656.0,France
563288,22423,REGENCY CAKESTAND 3 TIER,6,2011-08-15 12:53:00,12.75,12656.0,France
563288,20725,LUNCH BAG RED RETROSPOT,20,2011-08-15 12:53:00,1.65,12656.0,France
563288,20727,LUNCH BAG  BLACK SKULL.,10,2011-08-15 12:53:00,1.65,12656.0,France
563288,22898,CHILDRENS APRON APPLES DESIGN,50,2011-08-15 12:53:00,1.65,12656.0,France
563288,22892,SET OF SALT AND PEPPER TOADSTOOLS,12,2011-08-15 12:53:00,1.25,12656.0,France
563288,23289,DOLLY GIRL CHILDRENS BOWL,16,2011-08-15 12:53:00,1.25,12656.0,France
563288,23290,SPACEBOY CHILDRENS BOWL,16,2011-08-15 12:53:00,1.25,12656.0,France
563288,23291,DOLLY GIRL CHILDRENS CUP,16,2011-08-15 12:53:00,1.25,12656.0,France
563288,23292,SPACEBOY CHILDRENS CUP,16,2011-08-15 12:53:00,1.25,12656.0,France
563288,37475,SET/4 COLOURFUL MIXING BOWLS,1,2011-08-15 12:53:00,9.95,12656.0,France
563288,23007, SPACEBOY BABY GIFT SET,2,2011-08-15 12:53:00,16.95,12656.0,France
563288,23008,DOLLY GIRL BABY GIFT SET,1,2011-08-15 12:53:00,16.95,12656.0,France
563288,47367B,PAIR PADDED HANGERS PINK CHECK,4,2011-08-15 12:53:00,3.75,12656.0,France
563288,22492,MINI PAINT SET VINTAGE ,36,2011-08-15 12:53:00,0.65,12656.0,France
563288,47593B,SCOTTIE DOGS BABY BIB,48,2011-08-15 12:53:00,0.39,12656.0,France
563288,23209,LUNCH BAG VINTAGE DOILY ,10,2011-08-15 12:53:00,1.65,12656.0,France
563288,22634,CHILDS BREAKFAST SET SPACEBOY ,2,2011-08-15 12:53:00,9.95,12656.0,France
563288,22635,CHILDS BREAKFAST SET DOLLY GIRL ,2,2011-08-15 12:53:00,9.95,12656.0,France
563288,POST,POSTAGE,4,2011-08-15 12:53:00,18.0,12656.0,France
563300,71459,HANGING JAM JAR T-LIGHT HOLDER,36,2011-08-15 12:57:00,0.85,16774.0,United Kingdom
563300,22668,PINK BABY BUNTING,10,2011-08-15 12:57:00,2.95,16774.0,United Kingdom
563300,22090,PAPER BUNTING RETROSPOT,9,2011-08-15 12:57:00,2.95,16774.0,United Kingdom
563300,22089,PAPER BUNTING VINTAGE PAISLEY,6,2011-08-15 12:57:00,2.95,16774.0,United Kingdom
563300,47566B,TEA TIME PARTY BUNTING,6,2011-08-15 12:57:00,4.95,16774.0,United Kingdom
563300,23298,SPOTTY BUNTING,14,2011-08-15 12:57:00,4.95,16774.0,United Kingdom
563300,47566,PARTY BUNTING,7,2011-08-15 12:57:00,4.95,16774.0,United Kingdom
563328,20981,12 PENCILS TALL TUBE WOODLAND,2,2011-08-15 13:07:00,0.85,14606.0,United Kingdom
563328,21326,AGED GLASS SILVER T-LIGHT HOLDER,12,2011-08-15 13:07:00,0.65,14606.0,United Kingdom
563328,82486,WOOD S/3 CABINET ANT WHITE FINISH,1,2011-08-15 13:07:00,8.95,14606.0,United Kingdom
563328,22220,CAKE STAND LOVEBIRD 2 TIER WHITE,1,2011-08-15 13:07:00,9.95,14606.0,United Kingdom
563328,20996,JAZZ HEARTS ADDRESS BOOK,1,2011-08-15 13:07:00,0.19,14606.0,United Kingdom
563328,85130B,BEADED CRYSTAL HEART GREEN LARGE,1,2011-08-15 13:07:00,0.79,14606.0,United Kingdom
563328,85114A,BLACK ENCHANTED FOREST PLACEMAT,1,2011-08-15 13:07:00,1.65,14606.0,United Kingdom
563328,84712B,PINK JEWELLED PHOTO FRAME,1,2011-08-15 13:07:00,7.95,14606.0,United Kingdom
563328,22132,RED LOVE HEART SHAPE CUP,2,2011-08-15 13:07:00,0.85,14606.0,United Kingdom
563328,21973,SET OF 36 MUSHROOM PAPER DOILIES,1,2011-08-15 13:07:00,1.45,14606.0,United Kingdom
563328,84988,SET OF 72 PINK HEART PAPER DOILIES,1,2011-08-15 13:07:00,1.45,14606.0,United Kingdom
563328,21983,PACK OF 12 BLUE PAISLEY TISSUES ,2,2011-08-15 13:07:00,0.29,14606.0,United Kingdom
563328,21985,PACK OF 12 HEARTS DESIGN TISSUES ,2,2011-08-15 13:07:00,0.29,14606.0,United Kingdom
563328,21985,PACK OF 12 HEARTS DESIGN TISSUES ,2,2011-08-15 13:07:00,0.29,14606.0,United Kingdom
563328,21984,PACK OF 12 PINK PAISLEY TISSUES ,2,2011-08-15 13:07:00,0.29,14606.0,United Kingdom
563328,84509A,SET OF 4 ENGLISH ROSE PLACEMATS,1,2011-08-15 13:07:00,3.75,14606.0,United Kingdom
563328,84510A,SET OF 4 ENGLISH ROSE COASTERS,1,2011-08-15 13:07:00,1.25,14606.0,United Kingdom
563328,47580,TEA TIME DES TEA COSY,1,2011-08-15 13:07:00,2.55,14606.0,United Kingdom
563328,21250,SET OF SKULL WALL STICKERS,1,2011-08-15 13:07:00,2.95,14606.0,United Kingdom
563328,82578,KITCHEN METAL SIGN,1,2011-08-15 13:07:00,0.55,14606.0,United Kingdom
563328,82580,BATHROOM METAL SIGN,1,2011-08-15 13:07:00,0.55,14606.0,United Kingdom
563328,21581,SKULLS  DESIGN  COTTON TOTE BAG,1,2011-08-15 13:07:00,2.25,14606.0,United Kingdom
563328,21174,POTTERING IN THE SHED METAL SIGN,1,2011-08-15 13:07:00,2.08,14606.0,United Kingdom
563328,84378,SET OF 3 HEART COOKIE CUTTERS,1,2011-08-15 13:07:00,1.25,14606.0,United Kingdom
563328,22350,ILLUSTRATED CAT BOWL ,1,2011-08-15 13:07:00,2.55,14606.0,United Kingdom
563328,21556,CERAMIC STRAWBERRY MONEY BOX,1,2011-08-15 13:07:00,2.55,14606.0,United Kingdom
563328,21452,TOADSTOOL MONEY BOX,1,2011-08-15 13:07:00,2.95,14606.0,United Kingdom
563328,21246,RED RETROSPOT BIG BOWL,1,2011-08-15 13:07:00,4.95,14606.0,United Kingdom
563328,22326,ROUND SNACK BOXES SET OF4 WOODLAND ,3,2011-08-15 13:07:00,2.95,14606.0,United Kingdom
563328,20978,36 PENCILS TUBE SKULLS,1,2011-08-15 13:07:00,1.25,14606.0,United Kingdom
563328,20977,36 PENCILS TUBE WOODLAND,1,2011-08-15 13:07:00,1.25,14606.0,United Kingdom
563328,22170,PICTURE FRAME WOOD TRIPLE PORTRAIT,1,2011-08-15 13:07:00,6.75,14606.0,United Kingdom
563328,22302,COFFEE MUG PEARS  DESIGN,3,2011-08-15 13:07:00,2.55,14606.0,United Kingdom
563328,21467,CHERRY CROCHET FOOD COVER,1,2011-08-15 13:07:00,3.75,14606.0,United Kingdom
563328,22315,200 RED + WHITE BENDY STRAWS,1,2011-08-15 13:07:00,1.25,14606.0,United Kingdom
563328,21094,SET/6 RED SPOTTY PAPER PLATES,4,2011-08-15 13:07:00,0.85,14606.0,United Kingdom
563328,22907,PACK OF 20 NAPKINS PANTRY DESIGN,1,2011-08-15 13:07:00,0.85,14606.0,United Kingdom
563328,21948,SET OF 6 CAKE CHOPSTICKS,1,2011-08-15 13:07:00,1.25,14606.0,United Kingdom
563333,23110,PARISIENNE KEY CABINET ,1,2011-08-15 13:09:00,5.75,15996.0,United Kingdom
563333,23118,PARISIENNE JEWELLERY DRAWER ,1,2011-08-15 13:09:00,7.5,15996.0,United Kingdom
563333,48194,DOORMAT HEARTS,1,2011-08-15 13:09:00,7.95,15996.0,United Kingdom
563333,48187,DOORMAT NEW ENGLAND,1,2011-08-15 13:09:00,7.95,15996.0,United Kingdom
563333,22690,DOORMAT HOME SWEET HOME BLUE ,1,2011-08-15 13:09:00,7.95,15996.0,United Kingdom
563333,22766,PHOTO FRAME CORNICE,4,2011-08-15 13:09:00,2.95,15996.0,United Kingdom
563333,23093,SMALL PARISIENNE HEART PHOTO FRAME ,2,2011-08-15 13:09:00,2.49,15996.0,United Kingdom
563333,23013,GLASS APOTHECARY BOTTLE TONIC,1,2011-08-15 13:09:00,3.95,15996.0,United Kingdom
563333,23012,GLASS APOTHECARY BOTTLE PERFUME,1,2011-08-15 13:09:00,3.95,15996.0,United Kingdom
563333,22882,NUMBER TILE VINTAGE FONT 3,4,2011-08-15 13:09:00,1.95,15996.0,United Kingdom
563333,22881,NUMBER TILE VINTAGE FONT 2,4,2011-08-15 13:09:00,1.95,15996.0,United Kingdom
563333,23091,ZINC HERB GARDEN CONTAINER,2,2011-08-15 13:09:00,6.25,15996.0,United Kingdom
563333,23106,ZINC HEARTS PLANT POT HOLDER,2,2011-08-15 13:09:00,2.89,15996.0,United Kingdom
563333,48184,DOORMAT ENGLISH ROSE ,2,2011-08-15 13:09:00,7.95,15996.0,United Kingdom
563345,23295,SET OF 12 MINI LOAF BAKING CASES,128,2011-08-15 13:22:00,0.72,12619.0,Germany
563345,23309,SET OF 60 I LOVE LONDON CAKE CASES ,48,2011-08-15 13:22:00,0.55,12619.0,Germany
563345,23308,SET OF 60 VINTAGE LEAF CAKE CASES ,24,2011-08-15 13:22:00,0.55,12619.0,Germany
563345,21212,PACK OF 72 RETROSPOT CAKE CASES,48,2011-08-15 13:22:00,0.55,12619.0,Germany
563345,23307,SET OF 60 PANTRY DESIGN CAKE CASES ,48,2011-08-15 13:22:00,0.55,12619.0,Germany
563345,21210,SET OF 72 RETROSPOT PAPER  DOILIES,12,2011-08-15 13:22:00,1.45,12619.0,Germany
563345,84988,SET OF 72 PINK HEART PAPER DOILIES,12,2011-08-15 13:22:00,1.45,12619.0,Germany
563345,22932,BAKING MOULD TOFFEE CUP CHOCOLATE,6,2011-08-15 13:22:00,2.55,12619.0,Germany
563345,22930,BAKING MOULD HEART MILK CHOCOLATE,6,2011-08-15 13:22:00,2.55,12619.0,Germany
563345,23293,SET OF 12 FAIRY CAKE BAKING CASES,128,2011-08-15 13:22:00,0.72,12619.0,Germany
563345,POST,POSTAGE,2,2011-08-15 13:22:00,18.0,12619.0,Germany
563346,22610,PENS ASSORTED FUNNY FACE,36,2011-08-15 13:37:00,0.19,14282.0,United Kingdom
563346,47503A,ASS FLORAL PRINT MULTI SCREWDRIVER,24,2011-08-15 13:37:00,0.42,14282.0,United Kingdom
563346,85099F,JUMBO BAG STRAWBERRY,20,2011-08-15 13:37:00,2.08,14282.0,United Kingdom
563346,23203,JUMBO BAG VINTAGE DOILY ,20,2011-08-15 13:37:00,2.08,14282.0,United Kingdom
563346,23201,JUMBO BAG ALPHABET,10,2011-08-15 13:37:00,2.08,14282.0,United Kingdom
563346,23199,JUMBO BAG APPLES,10,2011-08-15 13:37:00,2.08,14282.0,United Kingdom
563347,23087,ZINC  HEART T-LIGHT HOLDER,16,2011-08-15 13:46:00,1.25,16961.0,United Kingdom
563347,22822,CREAM WALL PLANTER HEART SHAPED,2,2011-08-15 13:46:00,5.95,16961.0,United Kingdom
563347,23106,ZINC HEARTS PLANT POT HOLDER,8,2011-08-15 13:46:00,2.89,16961.0,United Kingdom
563347,23061,VINTAGE EMBOSSED HEART,12,2011-08-15 13:46:00,1.25,16961.0,United Kingdom
563347,22301,COFFEE MUG CAT + BIRD DESIGN,6,2011-08-15 13:46:00,2.55,16961.0,United Kingdom
563347,23082,SET 6 PAPER TABLE LANTERN HEARTS ,6,2011-08-15 13:46:00,3.75,16961.0,United Kingdom
563347,21790,VINTAGE SNAP CARDS,12,2011-08-15 13:46:00,0.85,16961.0,United Kingdom
563347,22568,FELTCRAFT CUSHION OWL,4,2011-08-15 13:46:00,3.75,16961.0,United Kingdom
563347,22585,PACK OF 6 BIRDY GIFT TAGS,12,2011-08-15 13:46:00,1.25,16961.0,United Kingdom
563347,22113,GREY HEART HOT WATER BOTTLE,4,2011-08-15 13:46:00,3.75,16961.0,United Kingdom
563347,22961,JAM MAKING SET PRINTED,12,2011-08-15 13:46:00,1.45,16961.0,United Kingdom
563347,23056,FLOWERS CHANDELIER T-LIGHT HOLDER,3,2011-08-15 13:46:00,6.25,16961.0,United Kingdom
563347,22178,VICTORIAN GLASS HANGING T-LIGHT,12,2011-08-15 13:46:00,1.25,16961.0,United Kingdom
563347,23086,ZINC  STAR T-LIGHT HOLDER ,16,2011-08-15 13:46:00,1.25,16961.0,United Kingdom
563348,22729,ALARM CLOCK BAKELIKE ORANGE,8,2011-08-15 13:48:00,3.75,13078.0,United Kingdom
563348,22676,FRENCH BLUE METAL DOOR SIGN 1,10,2011-08-15 13:48:00,1.25,13078.0,United Kingdom
563348,21745,GAOLERS KEYS DECORATIVE GARDEN ,24,2011-08-15 13:48:00,3.39,13078.0,United Kingdom
563348,82582,AREA PATROLLED METAL SIGN,24,2011-08-15 13:48:00,2.1,13078.0,United Kingdom
563348,21908,CHOCOLATE THIS WAY METAL SIGN,12,2011-08-15 13:48:00,2.1,13078.0,United Kingdom
563348,22726,ALARM CLOCK BAKELIKE GREEN,8,2011-08-15 13:48:00,3.75,13078.0,United Kingdom
563348,22727,ALARM CLOCK BAKELIKE RED ,8,2011-08-15 13:48:00,3.75,13078.0,United Kingdom
563348,22677,FRENCH BLUE METAL DOOR SIGN 2,10,2011-08-15 13:48:00,1.25,13078.0,United Kingdom
563348,22679,FRENCH BLUE METAL DOOR SIGN 4,10,2011-08-15 13:48:00,1.25,13078.0,United Kingdom
563348,22685,FRENCH BLUE METAL DOOR SIGN 0,10,2011-08-15 13:48:00,1.25,13078.0,United Kingdom
563348,22423,REGENCY CAKESTAND 3 TIER,2,2011-08-15 13:48:00,12.75,13078.0,United Kingdom
563348,23012,GLASS APOTHECARY BOTTLE PERFUME,4,2011-08-15 13:48:00,3.95,13078.0,United Kingdom
563348,23014,GLASS APOTHECARY BOTTLE ELIXIR,12,2011-08-15 13:48:00,3.45,13078.0,United Kingdom
563348,22028,PENNY FARTHING BIRTHDAY CARD,12,2011-08-15 13:48:00,0.42,13078.0,United Kingdom
563348,22037,ROBOT BIRTHDAY CARD,12,2011-08-15 13:48:00,0.42,13078.0,United Kingdom
563348,21871,SAVE THE PLANET MUG,12,2011-08-15 13:48:00,1.25,13078.0,United Kingdom
563348,22728,ALARM CLOCK BAKELIKE PINK,8,2011-08-15 13:48:00,3.75,13078.0,United Kingdom
563349,20682,RED RETROSPOT CHILDRENS UMBRELLA,2,2011-08-15 13:51:00,3.25,14623.0,United Kingdom
563349,20686,DOLLY MIXTURE CHILDREN'S UMBRELLA,2,2011-08-15 13:51:00,3.25,14623.0,United Kingdom
563349,15056P,EDWARDIAN PARASOL PINK,1,2011-08-15 13:51:00,5.95,14623.0,United Kingdom
563349,85014A,BLACK/BLUE POLKADOT UMBRELLA,1,2011-08-15 13:51:00,5.95,14623.0,United Kingdom
563349,15056BL,EDWARDIAN PARASOL BLACK,1,2011-08-15 13:51:00,5.95,14623.0,United Kingdom
563349,15060B,FAIRY CAKE DESIGN UMBRELLA,1,2011-08-15 13:51:00,3.75,14623.0,United Kingdom
563349,85014B,RED RETROSPOT UMBRELLA,3,2011-08-15 13:51:00,5.95,14623.0,United Kingdom
563349,20679,EDWARDIAN PARASOL RED,3,2011-08-15 13:51:00,5.95,14623.0,United Kingdom
563349,15056N,EDWARDIAN PARASOL NATURAL,3,2011-08-15 13:51:00,5.95,14623.0,United Kingdom
563349,84519B,CARROT CHARLIE+LOLA COASTER SET,2,2011-08-15 13:51:00,1.25,14623.0,United Kingdom
563349,22411,JUMBO SHOPPER VINTAGE RED PAISLEY,3,2011-08-15 13:51:00,2.08,14623.0,United Kingdom
563349,23202,JUMBO BAG VINTAGE LEAF,3,2011-08-15 13:51:00,2.08,14623.0,United Kingdom
563349,21928,JUMBO BAG SCANDINAVIAN BLUE PAISLEY,3,2011-08-15 13:51:00,2.08,14623.0,United Kingdom
563349,21931,JUMBO STORAGE BAG SUKI,2,2011-08-15 13:51:00,2.08,14623.0,United Kingdom
563349,22385,JUMBO BAG SPACEBOY DESIGN,2,2011-08-15 13:51:00,2.08,14623.0,United Kingdom
563349,85099F,JUMBO BAG STRAWBERRY,1,2011-08-15 13:51:00,2.08,14623.0,United Kingdom
563349,20713,JUMBO BAG OWLS,3,2011-08-15 13:51:00,2.08,14623.0,United Kingdom
563349,23203,JUMBO BAG VINTAGE DOILY ,5,2011-08-15 13:51:00,2.08,14623.0,United Kingdom
563349,23199,JUMBO BAG APPLES,3,2011-08-15 13:51:00,2.08,14623.0,United Kingdom
563349,23200,JUMBO BAG PEARS,5,2011-08-15 13:51:00,2.08,14623.0,United Kingdom
563349,84519A,TOMATO CHARLIE+LOLA COASTER SET,3,2011-08-15 13:51:00,1.25,14623.0,United Kingdom
563349,17021,NAMASTE SWAGAT INCENSE,1,2011-08-15 13:51:00,0.3,14623.0,United Kingdom
563349,22643,SET OF 4 NAPKIN CHARMS LEAVES   ,1,2011-08-15 13:51:00,2.55,14623.0,United Kingdom
563349,22643,SET OF 4 NAPKIN CHARMS LEAVES   ,1,2011-08-15 13:51:00,2.55,14623.0,United Kingdom
563349,23121,PACK OF 6 COCKTAIL PARASOL STRAWS,2,2011-08-15 13:51:00,0.42,14623.0,United Kingdom
563349,84692,BOX OF 24 COCKTAIL PARASOLS,1,2011-08-15 13:51:00,0.42,14623.0,United Kingdom
563349,23155,KNICKERBOCKERGLORY MAGNET ASSORTED ,3,2011-08-15 13:51:00,0.83,14623.0,United Kingdom
563349,23297,SET 40 HEART SHAPE PETIT FOUR CASES,3,2011-08-15 13:51:00,1.65,14623.0,United Kingdom
563349,22429,ENAMEL MEASURING JUG CREAM,2,2011-08-15 13:51:00,4.25,14623.0,United Kingdom
563349,22426,ENAMEL WASH BOWL CREAM,2,2011-08-15 13:51:00,3.75,14623.0,United Kingdom
563349,22428,ENAMEL FIRE BUCKET CREAM,1,2011-08-15 13:51:00,6.95,14623.0,United Kingdom
563349,22424,ENAMEL BREAD BIN CREAM,1,2011-08-15 13:51:00,12.75,14623.0,United Kingdom
563349,22372,AIRLINE BAG VINTAGE WORLD CHAMPION ,1,2011-08-15 13:51:00,4.25,14623.0,United Kingdom
563350,23234,BISCUIT TIN VINTAGE CHRISTMAS,1,2011-08-15 14:10:00,2.89,14498.0,United Kingdom
563350,22065,CHRISTMAS PUDDING TRINKET POT ,2,2011-08-15 14:10:00,1.45,14498.0,United Kingdom
563350,84030E,ENGLISH ROSE HOT WATER BOTTLE,1,2011-08-15 14:10:00,4.25,14498.0,United Kingdom
563350,22111,SCOTTIE DOG HOT WATER BOTTLE,2,2011-08-15 14:10:00,4.95,14498.0,United Kingdom
563350,21485,RETROSPOT HEART HOT WATER BOTTLE,2,2011-08-15 14:10:00,4.95,14498.0,United Kingdom
563350,22952,60 CAKE CASES VINTAGE CHRISTMAS,4,2011-08-15 14:10:00,0.55,14498.0,United Kingdom
563350,21743,STAR PORTABLE TABLE LIGHT ,2,2011-08-15 14:10:00,2.95,14498.0,United Kingdom
563350,23028,DRAWER KNOB CRACKLE GLAZE BLUE,10,2011-08-15 14:10:00,1.65,14498.0,United Kingdom
563350,23032,DRAWER KNOB CRACKLE GLAZE IVORY,4,2011-08-15 14:10:00,1.65,14498.0,United Kingdom
563350,23301,GARDENERS KNEELING PAD KEEP CALM ,4,2011-08-15 14:10:00,1.65,14498.0,United Kingdom
563350,23302,KNEELING MAT HOUSEWORK  DESIGN,4,2011-08-15 14:10:00,1.65,14498.0,United Kingdom
563350,23300,GARDENERS KNEELING PAD CUP OF TEA ,4,2011-08-15 14:10:00,1.65,14498.0,United Kingdom
563350,21787,RAIN PONCHO RETROSPOT,24,2011-08-15 14:10:00,0.85,14498.0,United Kingdom
563350,22927,GREEN GIANT GARDEN THERMOMETER,4,2011-08-15 14:10:00,5.95,14498.0,United Kingdom
563350,84536A,ENGLISH ROSE NOTEBOOK A7 SIZE,32,2011-08-15 14:10:00,0.42,14498.0,United Kingdom
563350,22142,CHRISTMAS CRAFT WHITE FAIRY ,6,2011-08-15 14:10:00,1.45,14498.0,United Kingdom
563350,21896,POTTING SHED TWINE,3,2011-08-15 14:10:00,2.1,14498.0,United Kingdom
563350,23169,CLASSIC GLASS COOKIE JAR,1,2011-08-15 14:10:00,4.15,14498.0,United Kingdom
563350,21788,KIDS RAIN MAC BLUE,5,2011-08-15 14:10:00,0.85,14498.0,United Kingdom
563350,21789,KIDS RAIN MAC PINK,5,2011-08-15 14:10:00,0.85,14498.0,United Kingdom
563350,22991,GIRAFFE WOODEN RULER,3,2011-08-15 14:10:00,1.95,14498.0,United Kingdom
563350,22992,REVOLVER WOODEN RULER ,4,2011-08-15 14:10:00,1.95,14498.0,United Kingdom
563350,22082,RIBBON REEL STRIPES DESIGN ,5,2011-08-15 14:10:00,1.65,14498.0,United Kingdom
563350,22079,RIBBON REEL HEARTS DESIGN ,5,2011-08-15 14:10:00,1.65,14498.0,United Kingdom
563350,22558,CLOTHES PEGS RETROSPOT PACK 24 ,2,2011-08-15 14:10:00,1.65,14498.0,United Kingdom
563350,22908,PACK OF 20 NAPKINS RED APPLES,3,2011-08-15 14:10:00,0.85,14498.0,United Kingdom
563350,21078,SET/20 STRAWBERRY PAPER NAPKINS ,3,2011-08-15 14:10:00,0.85,14498.0,United Kingdom
563350,84978,HANGING HEART JAR T-LIGHT HOLDER,18,2011-08-15 14:10:00,1.25,14498.0,United Kingdom
563350,23076,ICE CREAM SUNDAE LIP GLOSS,24,2011-08-15 14:10:00,1.25,14498.0,United Kingdom
563350,22303,COFFEE MUG APPLES DESIGN,6,2011-08-15 14:10:00,2.55,14498.0,United Kingdom
563350,22302,COFFEE MUG PEARS  DESIGN,6,2011-08-15 14:10:00,2.55,14498.0,United Kingdom
563350,23077,DOUGHNUT LIP GLOSS ,3,2011-08-15 14:10:00,1.25,14498.0,United Kingdom
563350,20726,LUNCH BAG WOODLAND,4,2011-08-15 14:10:00,1.65,14498.0,United Kingdom
563350,20961,STRAWBERRY BATH SPONGE ,10,2011-08-15 14:10:00,1.25,14498.0,United Kingdom
563350,22386,JUMBO BAG PINK POLKADOT,2,2011-08-15 14:10:00,2.08,14498.0,United Kingdom
563350,22411,JUMBO SHOPPER VINTAGE RED PAISLEY,3,2011-08-15 14:10:00,2.08,14498.0,United Kingdom
563350,21928,JUMBO BAG SCANDINAVIAN BLUE PAISLEY,2,2011-08-15 14:10:00,2.08,14498.0,United Kingdom
563350,21929,JUMBO BAG PINK VINTAGE PAISLEY,2,2011-08-15 14:10:00,2.08,14498.0,United Kingdom
563350,85099F,JUMBO BAG STRAWBERRY,2,2011-08-15 14:10:00,2.08,14498.0,United Kingdom
563350,20712,JUMBO BAG WOODLAND ANIMALS,2,2011-08-15 14:10:00,2.08,14498.0,United Kingdom
563350,20713,JUMBO BAG OWLS,2,2011-08-15 14:10:00,2.08,14498.0,United Kingdom
563350,23199,JUMBO BAG APPLES,2,2011-08-15 14:10:00,2.08,14498.0,United Kingdom
563350,23200,JUMBO BAG PEARS,2,2011-08-15 14:10:00,2.08,14498.0,United Kingdom
563350,23320,GIANT 50'S CHRISTMAS CRACKER,2,2011-08-15 14:10:00,2.89,14498.0,United Kingdom
563350,23203,JUMBO BAG VINTAGE DOILY ,2,2011-08-15 14:10:00,2.08,14498.0,United Kingdom
563351,23104,IVORY CAFE HANGING LAMP ,3,2011-08-15 14:17:00,12.5,16902.0,United Kingdom
563351,23166,MEDIUM CERAMIC TOP STORAGE JAR,8,2011-08-15 14:17:00,1.25,16902.0,United Kingdom
563351,22982,PANTRY PASTRY BRUSH,8,2011-08-15 14:17:00,1.25,16902.0,United Kingdom
563351,22979,PANTRY WASHING UP BRUSH,5,2011-08-15 14:17:00,1.45,16902.0,United Kingdom
563351,22847,BREAD BIN DINER STYLE IVORY,15,2011-08-15 14:17:00,14.95,16902.0,United Kingdom
563351,23325,RUSTIC STRAWBERRY JAM POT SMALL,36,2011-08-15 14:17:00,1.65,16902.0,United Kingdom
563351,22499,WOODEN UNION JACK BUNTING,12,2011-08-15 14:17:00,5.95,16902.0,United Kingdom
563351,23328,SET 6 SCHOOL MILK BOTTLES IN CRATE,12,2011-08-15 14:17:00,3.75,16902.0,United Kingdom
563351,21403,BLUE EGG  SPOON,24,2011-08-15 14:17:00,0.12,16902.0,United Kingdom
563351,37340,MULTICOLOUR SPRING FLOWER MUG,6,2011-08-15 14:17:00,0.39,16902.0,United Kingdom
563351,23167,SMALL CERAMIC TOP STORAGE JAR ,48,2011-08-15 14:17:00,0.83,16902.0,United Kingdom
563351,23327,HANGING CLEAR MINI BOTTLE,24,2011-08-15 14:17:00,0.63,16902.0,United Kingdom
563351,23081,GREEN METAL BOX ARMY SUPPLIES,16,2011-08-15 14:17:00,7.5,16902.0,United Kingdom
563351,22682,FRENCH BLUE METAL DOOR SIGN 7,20,2011-08-15 14:17:00,1.25,16902.0,United Kingdom
563351,22683,FRENCH BLUE METAL DOOR SIGN 8,20,2011-08-15 14:17:00,1.25,16902.0,United Kingdom
563351,22684,FRENCH BLUE METAL DOOR SIGN 9,20,2011-08-15 14:17:00,1.25,16902.0,United Kingdom
563351,22677,FRENCH BLUE METAL DOOR SIGN 2,20,2011-08-15 14:17:00,1.25,16902.0,United Kingdom
563351,22676,FRENCH BLUE METAL DOOR SIGN 1,20,2011-08-15 14:17:00,1.25,16902.0,United Kingdom
563351,22680,FRENCH BLUE METAL DOOR SIGN 5,20,2011-08-15 14:17:00,1.25,16902.0,United Kingdom
563351,22679,FRENCH BLUE METAL DOOR SIGN 4,20,2011-08-15 14:17:00,1.25,16902.0,United Kingdom
563351,22678,FRENCH BLUE METAL DOOR SIGN 3,20,2011-08-15 14:17:00,1.25,16902.0,United Kingdom
563351,22681,FRENCH BLUE METAL DOOR SIGN 6,20,2011-08-15 14:17:00,1.25,16902.0,United Kingdom
563351,22685,FRENCH BLUE METAL DOOR SIGN 0,20,2011-08-15 14:17:00,1.25,16902.0,United Kingdom
563351,22686,FRENCH BLUE METAL DOOR SIGN No,20,2011-08-15 14:17:00,1.25,16902.0,United Kingdom
563351,22680,FRENCH BLUE METAL DOOR SIGN 5,22,2011-08-15 14:17:00,1.25,16902.0,United Kingdom
563351,21380,WOODEN HAPPY BIRTHDAY GARLAND,1,2011-08-15 14:17:00,2.95,16902.0,United Kingdom
563351,22082,RIBBON REEL STRIPES DESIGN ,15,2011-08-15 14:17:00,1.65,16902.0,United Kingdom
563351,21927,BLUE/CREAM STRIPE CUSHION COVER ,4,2011-08-15 14:17:00,1.25,16902.0,United Kingdom
563351,21926,RED/CREAM STRIPE CUSHION COVER ,4,2011-08-15 14:17:00,1.25,16902.0,United Kingdom
563351,21925,UNION STRIPE CUSHION COVER ,4,2011-08-15 14:17:00,1.25,16902.0,United Kingdom
563351,23017,APOTHECARY MEASURING JAR,2,2011-08-15 14:17:00,12.5,16902.0,United Kingdom
563351,23018,LARGE APOTHECARY MEASURING JAR ,10,2011-08-15 14:17:00,11.15,16902.0,United Kingdom
563351,22778,GLASS CLOCHE SMALL,16,2011-08-15 14:17:00,3.95,16902.0,United Kingdom
563351,23014,GLASS APOTHECARY BOTTLE ELIXIR,22,2011-08-15 14:17:00,3.45,16902.0,United Kingdom
563351,20914,SET/5 RED RETROSPOT LID GLASS BOWLS,1,2011-08-15 14:17:00,2.95,16902.0,United Kingdom
563351,22567,20 DOLLY PEGS RETROSPOT,25,2011-08-15 14:17:00,1.45,16902.0,United Kingdom
563351,21664,RIDGED GLASS STORAGE JAR CREAM LID,9,2011-08-15 14:17:00,3.75,16902.0,United Kingdom
563351,21662,VINTAGE GLASS COFFEE CADDY,2,2011-08-15 14:17:00,5.95,16902.0,United Kingdom
563351,23020,GLASS  SONGBIRD STORAGE JAR,2,2011-08-15 14:17:00,12.5,16902.0,United Kingdom
563351,23019,SMALL APOTHECARY MEASURING JAR ,13,2011-08-15 14:17:00,7.45,16902.0,United Kingdom
563351,23012,GLASS APOTHECARY BOTTLE PERFUME,11,2011-08-15 14:17:00,3.95,16902.0,United Kingdom
563351,23169,CLASSIC GLASS COOKIE JAR,18,2011-08-15 14:17:00,3.75,16902.0,United Kingdom
563351,22843,BISCUIT TIN VINTAGE GREEN,5,2011-08-15 14:17:00,6.75,16902.0,United Kingdom
563351,22839,3 TIER CAKE TIN GREEN AND CREAM,6,2011-08-15 14:17:00,14.95,16902.0,United Kingdom
563352,21912,VINTAGE SNAKES & LADDERS,4,2011-08-15 14:32:00,3.75,15706.0,United Kingdom
563352,21913,VINTAGE SEASIDE JIGSAW PUZZLES,4,2011-08-15 14:32:00,3.75,15706.0,United Kingdom
563352,22622,BOX OF VINTAGE ALPHABET BLOCKS,2,2011-08-15 14:32:00,9.95,15706.0,United Kingdom
563352,22623,BOX OF VINTAGE JIGSAW BLOCKS ,3,2011-08-15 14:32:00,4.95,15706.0,United Kingdom
563352,23229,DONKEY TAIL GAME ,6,2011-08-15 14:32:00,3.75,15706.0,United Kingdom
563352,22550,HOLIDAY FUN LUDO,4,2011-08-15 14:32:00,3.75,15706.0,United Kingdom
563352,21888,BINGO SET,4,2011-08-15 14:32:00,3.75,15706.0,United Kingdom
563352,21790,VINTAGE SNAP CARDS,12,2011-08-15 14:32:00,0.85,15706.0,United Kingdom
563352,22548,HEADS AND TAILS SPORTING FUN,12,2011-08-15 14:32:00,1.25,15706.0,United Kingdom
563352,21791,VINTAGE HEADS AND TAILS CARD GAME ,12,2011-08-15 14:32:00,1.25,15706.0,United Kingdom
563352,21890,S/6 WOODEN SKITTLES IN COTTON BAG,6,2011-08-15 14:32:00,2.95,15706.0,United Kingdom
563352,22620,4 TRADITIONAL SPINNING TOPS,12,2011-08-15 14:32:00,1.25,15706.0,United Kingdom
563352,21892,TRADITIONAL WOODEN CATCH CUP GAME ,12,2011-08-15 14:32:00,1.25,15706.0,United Kingdom
563352,23142,IVORY WIRE KITCHEN ORGANISER,1,2011-08-15 14:32:00,10.4,15706.0,United Kingdom
563352,23133,LARGE IVORY HEART WALL ORGANISER,2,2011-08-15 14:32:00,8.25,15706.0,United Kingdom
563352,23099,FRENCH CARRIAGE LANTERN,2,2011-08-15 14:32:00,6.65,15706.0,United Kingdom
563352,21257,VICTORIAN SEWING BOX MEDIUM,2,2011-08-15 14:32:00,7.95,15706.0,United Kingdom
563352,23136,IVORY WIRE SWEETHEART LETTER TRAY,4,2011-08-15 14:32:00,3.75,15706.0,United Kingdom
563352,23152,IVORY SWEETHEART WIRE LETTER RACK ,4,2011-08-15 14:32:00,3.75,15706.0,United Kingdom
563352,82484,WOOD BLACK BOARD ANT WHITE FINISH,2,2011-08-15 14:32:00,7.95,15706.0,United Kingdom
563352,84406B,CREAM CUPID HEARTS COAT HANGER,4,2011-08-15 14:32:00,4.15,15706.0,United Kingdom
563352,22470,HEART OF WICKER LARGE,6,2011-08-15 14:32:00,2.95,15706.0,United Kingdom
563352,22469,HEART OF WICKER SMALL,12,2011-08-15 14:32:00,1.65,15706.0,United Kingdom
563352,22795,SWEETHEART RECIPE BOOK STAND,2,2011-08-15 14:32:00,6.75,15706.0,United Kingdom
563352,22784,LANTERN CREAM GAZEBO ,3,2011-08-15 14:32:00,4.95,15706.0,United Kingdom
563352,71053,WHITE METAL LANTERN,4,2011-08-15 14:32:00,3.75,15706.0,United Kingdom
563352,21340,CLASSIC METAL BIRDCAGE PLANT HOLDER,1,2011-08-15 14:32:00,12.75,15706.0,United Kingdom
563352,85123A,WHITE HANGING HEART T-LIGHT HOLDER,6,2011-08-15 14:32:00,2.95,15706.0,United Kingdom
563352,21447,12 IVORY ROSE PEG PLACE SETTINGS,12,2011-08-15 14:32:00,1.25,15706.0,United Kingdom
563353,22636,CHILDS BREAKFAST SET CIRCUS PARADE,4,2011-08-15 14:32:00,8.5,15480.0,Malta
563353,23172,REGENCY TEA PLATE PINK,12,2011-08-15 14:32:00,1.65,15480.0,Malta
563353,23170,REGENCY TEA PLATE ROSES ,12,2011-08-15 14:32:00,1.65,15480.0,Malta
563353,23171,REGENCY TEA PLATE GREEN ,12,2011-08-15 14:32:00,1.65,15480.0,Malta
563353,84817,DANISH ROSE DECORATIVE PLATE,6,2011-08-15 14:32:00,2.1,15480.0,Malta
563353,22698,PINK REGENCY TEACUP AND SAUCER,6,2011-08-15 14:32:00,2.95,15480.0,Malta
563353,22699,ROSES REGENCY TEACUP AND SAUCER ,6,2011-08-15 14:32:00,2.95,15480.0,Malta
563353,22697,GREEN REGENCY TEACUP AND SAUCER,6,2011-08-15 14:32:00,2.95,15480.0,Malta
563353,84997D,CHILDRENS CUTLERY POLKADOT PINK,4,2011-08-15 14:32:00,4.15,15480.0,Malta
563353,23255,CHILDRENS CUTLERY CIRCUS PARADE,4,2011-08-15 14:32:00,4.15,15480.0,Malta
563353,23256,CHILDRENS CUTLERY SPACEBOY ,4,2011-08-15 14:32:00,4.15,15480.0,Malta
563353,23254,CHILDRENS CUTLERY DOLLY GIRL ,4,2011-08-15 14:32:00,4.15,15480.0,Malta
563353,23173,REGENCY TEAPOT ROSES ,8,2011-08-15 14:32:00,9.95,15480.0,Malta
563353,23243,SET OF TEA COFFEE SUGAR TINS PANTRY,4,2011-08-15 14:32:00,4.95,15480.0,Malta
563353,20998,ROSE DU SUD OVEN GLOVE,6,2011-08-15 14:32:00,2.95,15480.0,Malta
563353,84820,DANISH ROSE TRINKET TRAYS,2,2011-08-15 14:32:00,5.95,15480.0,Malta
563353,22720,SET OF 3 CAKE TINS PANTRY DESIGN ,3,2011-08-15 14:32:00,4.95,15480.0,Malta
563353,22723,SET OF 6 HERB TINS SKETCHBOOK,4,2011-08-15 14:32:00,3.95,15480.0,Malta
563353,22112,CHOCOLATE HOT WATER BOTTLE,3,2011-08-15 14:32:00,4.95,15480.0,Malta
563353,22111,SCOTTIE DOG HOT WATER BOTTLE,3,2011-08-15 14:32:00,4.95,15480.0,Malta
563353,84030E,ENGLISH ROSE HOT WATER BOTTLE,4,2011-08-15 14:32:00,4.25,15480.0,Malta
563353,22983,CARD BILLBOARD FONT,12,2011-08-15 14:32:00,0.42,15480.0,Malta
563353,22984,CARD GINGHAM ROSE ,12,2011-08-15 14:32:00,0.42,15480.0,Malta
563353,84251B,"GREETING CARD, STICKY GORDON",12,2011-08-15 14:32:00,0.19,15480.0,Malta
563353,22960,JAM MAKING SET WITH JARS,6,2011-08-15 14:32:00,4.25,15480.0,Malta
563353,22742,MAKE YOUR OWN PLAYTIME CARD KIT,6,2011-08-15 14:32:00,2.95,15480.0,Malta
563353,22405,MONEY BOX POCKET MONEY DESIGN,12,2011-08-15 14:32:00,1.25,15480.0,Malta
563353,22138,BAKING SET 9 PIECE RETROSPOT ,3,2011-08-15 14:32:00,4.95,15480.0,Malta
563353,22617,BAKING SET SPACEBOY DESIGN,3,2011-08-15 14:32:00,4.95,15480.0,Malta
563353,22969,HOMEMADE JAM SCENTED CANDLES,12,2011-08-15 14:32:00,1.45,15480.0,Malta
563353,37495,FAIRY CAKE BIRTHDAY CANDLE SET,4,2011-08-15 14:32:00,3.75,15480.0,Malta
563353,22687,DOORMAT CHRISTMAS VILLAGE,2,2011-08-15 14:32:00,7.95,15480.0,Malta
563353,22689,DOORMAT MERRY CHRISTMAS RED ,2,2011-08-15 14:32:00,7.95,15480.0,Malta
563353,22959,WRAP CHRISTMAS VILLAGE,25,2011-08-15 14:32:00,0.42,15480.0,Malta
563353,22818,CARD CHRISTMAS VILLAGE,12,2011-08-15 14:32:00,0.42,15480.0,Malta
563353,23245,SET OF 3 REGENCY CAKE TINS,8,2011-08-15 14:32:00,4.95,15480.0,Malta
563353,23290,SPACEBOY CHILDRENS BOWL,8,2011-08-15 14:32:00,1.25,15480.0,Malta
563353,23291,DOLLY GIRL CHILDRENS CUP,8,2011-08-15 14:32:00,1.25,15480.0,Malta
563353,23289,DOLLY GIRL CHILDRENS BOWL,8,2011-08-15 14:32:00,1.25,15480.0,Malta
563353,23292,SPACEBOY CHILDRENS CUP,8,2011-08-15 14:32:00,1.25,15480.0,Malta
563353,23174,REGENCY SUGAR BOWL GREEN,8,2011-08-15 14:32:00,4.15,15480.0,Malta
563353,22423,REGENCY CAKESTAND 3 TIER,7,2011-08-15 14:32:00,12.75,15480.0,Malta
563353,23253,16 PIECE CUTLERY SET PANTRY DESIGN,2,2011-08-15 14:32:00,15.95,15480.0,Malta
563353,22634,CHILDS BREAKFAST SET SPACEBOY ,2,2011-08-15 14:32:00,9.95,15480.0,Malta
563353,22635,CHILDS BREAKFAST SET DOLLY GIRL ,4,2011-08-15 14:32:00,9.95,15480.0,Malta
563354,85123A,WHITE HANGING HEART T-LIGHT HOLDER,4,2011-08-15 14:35:00,2.95,15271.0,United Kingdom
563354,22093,MOTORING TISSUE BOX,1,2011-08-15 14:35:00,0.39,15271.0,United Kingdom
563354,21908,CHOCOLATE THIS WAY METAL SIGN,1,2011-08-15 14:35:00,2.1,15271.0,United Kingdom
563354,22099,CARAVAN SQUARE TISSUE BOX,4,2011-08-15 14:35:00,0.39,15271.0,United Kingdom
563354,22147,FELTCRAFT BUTTERFLY HEARTS,1,2011-08-15 14:35:00,1.45,15271.0,United Kingdom
563354,22565,FELTCRAFT HAIRBANDS PINK AND WHITE ,1,2011-08-15 14:35:00,0.85,15271.0,United Kingdom
563354,22566,FELTCRAFT HAIRBAND PINK AND PURPLE,1,2011-08-15 14:35:00,0.85,15271.0,United Kingdom
563354,22586,FELTCRAFT HAIRBAND PINK AND BLUE,1,2011-08-15 14:35:00,0.85,15271.0,United Kingdom
563354,23307,SET OF 60 PANTRY DESIGN CAKE CASES ,1,2011-08-15 14:35:00,0.55,15271.0,United Kingdom
563354,22553,PLASTERS IN TIN SKULLS,2,2011-08-15 14:35:00,1.65,15271.0,United Kingdom
563354,22417,PACK OF 60 SPACEBOY CAKE CASES,3,2011-08-15 14:35:00,0.55,15271.0,United Kingdom
563354,21899,GARAGE KEY FOB,3,2011-08-15 14:35:00,0.65,15271.0,United Kingdom
563354,10133,COLOURING PENCILS BROWN TUBE,3,2011-08-15 14:35:00,0.42,15271.0,United Kingdom
563354,23229,VINTAGE DONKEY TAIL GAME ,3,2011-08-15 14:35:00,3.75,15271.0,United Kingdom
563354,22554,PLASTERS IN TIN WOODLAND ANIMALS,2,2011-08-15 14:35:00,1.65,15271.0,United Kingdom
563354,22441,GROW YOUR OWN BASIL IN ENAMEL MUG,1,2011-08-15 14:35:00,2.1,15271.0,United Kingdom
563354,20984,12 PENCILS TALL TUBE POSY,5,2011-08-15 14:35:00,0.29,15271.0,United Kingdom
563354,22726,ALARM CLOCK BAKELIKE GREEN,1,2011-08-15 14:35:00,3.75,15271.0,United Kingdom
563354,22417,PACK OF 60 SPACEBOY CAKE CASES,1,2011-08-15 14:35:00,0.55,15271.0,United Kingdom
563354,23307,SET OF 60 PANTRY DESIGN CAKE CASES ,1,2011-08-15 14:35:00,0.55,15271.0,United Kingdom
563354,84978,HANGING HEART JAR T-LIGHT HOLDER,6,2011-08-15 14:35:00,1.25,15271.0,United Kingdom
563354,82552,WASHROOM METAL SIGN,1,2011-08-15 14:35:00,1.45,15271.0,United Kingdom
563354,22606,WOODEN SKITTLES GARDEN SET,1,2011-08-15 14:35:00,15.95,15271.0,United Kingdom
563354,22097,SWALLOW SQUARE TISSUE BOX,1,2011-08-15 14:35:00,0.39,15271.0,United Kingdom
563354,22285,HANGING HEN ON NEST DECORATION,1,2011-08-15 14:35:00,1.65,15271.0,United Kingdom
563354,21071,VINTAGE BILLBOARD DRINK ME MUG,1,2011-08-15 14:35:00,1.25,15271.0,United Kingdom
563354,21070,VINTAGE BILLBOARD MUG ,2,2011-08-15 14:35:00,1.25,15271.0,United Kingdom
563354,22097,SWALLOW SQUARE TISSUE BOX,1,2011-08-15 14:35:00,0.39,15271.0,United Kingdom
563354,22418,10 COLOUR SPACEBOY PEN,12,2011-08-15 14:35:00,0.85,15271.0,United Kingdom
563354,22607,WOODEN ROUNDERS GARDEN SET ,1,2011-08-15 14:35:00,9.95,15271.0,United Kingdom
563354,82552,WASHROOM METAL SIGN,1,2011-08-15 14:35:00,1.45,15271.0,United Kingdom
563354,82551,LAUNDRY 15C METAL SIGN,1,2011-08-15 14:35:00,1.45,15271.0,United Kingdom
563354,22398,MAGNETS PACK OF 4 SWALLOWS,3,2011-08-15 14:35:00,0.39,15271.0,United Kingdom
563354,22093,MOTORING TISSUE BOX,2,2011-08-15 14:35:00,0.39,15271.0,United Kingdom
563354,84519B,CARROT CHARLIE+LOLA COASTER SET,3,2011-08-15 14:35:00,1.25,15271.0,United Kingdom
563354,37448,CERAMIC CAKE DESIGN SPOTTED MUG,1,2011-08-15 14:35:00,1.49,15271.0,United Kingdom
563354,23300,GARDENERS KNEELING PAD CUP OF TEA ,1,2011-08-15 14:35:00,1.65,15271.0,United Kingdom
563354,22147,FELTCRAFT BUTTERFLY HEARTS,2,2011-08-15 14:35:00,1.45,15271.0,United Kingdom
563354,22090,PAPER BUNTING RETROSPOT,1,2011-08-15 14:35:00,2.95,15271.0,United Kingdom
563354,23302,KNEELING MAT HOUSEWORK  DESIGN,2,2011-08-15 14:35:00,1.65,15271.0,United Kingdom
563354,23300,GARDENERS KNEELING PAD CUP OF TEA ,1,2011-08-15 14:35:00,1.65,15271.0,United Kingdom
563354,23133,LARGE IVORY HEART WALL ORGANISER,2,2011-08-15 14:35:00,8.25,15271.0,United Kingdom
563355,23245,SET OF 3 REGENCY CAKE TINS,4,2011-08-15 14:39:00,4.95,14156.0,EIRE
563355,23321,SMALL WHITE HEART OF WICKER,12,2011-08-15 14:39:00,1.65,14156.0,EIRE
563355,23322,LARGE WHITE HEART OF WICKER,6,2011-08-15 14:39:00,2.95,14156.0,EIRE
563355,23546,WRAP PAISLEY PARK ,25,2011-08-15 14:39:00,0.42,14156.0,EIRE
563355,23202,JUMBO BAG VINTAGE LEAF,10,2011-08-15 14:39:00,2.08,14156.0,EIRE
563355,23203,JUMBO BAG VINTAGE DOILY ,10,2011-08-15 14:39:00,2.08,14156.0,EIRE
563355,23209,LUNCH BAG VINTAGE DOILY ,10,2011-08-15 14:39:00,1.65,14156.0,EIRE
563355,23208,LUNCH BAG VINTAGE LEAF DESIGN,10,2011-08-15 14:39:00,1.65,14156.0,EIRE
563355,23207,LUNCH BAG ALPHABET DESIGN,10,2011-08-15 14:39:00,1.65,14156.0,EIRE
563355,23231,WRAP  VINTAGE DOILY ,25,2011-08-15 14:39:00,0.42,14156.0,EIRE
563355,16161P,WRAP ENGLISH ROSE ,25,2011-08-15 14:39:00,0.42,14156.0,EIRE
563355,22907,PACK OF 20 NAPKINS PANTRY DESIGN,12,2011-08-15 14:39:00,0.85,14156.0,EIRE
563355,20751,FUNKY WASHING UP GLOVES ASSORTED,12,2011-08-15 14:39:00,2.1,14156.0,EIRE
563355,23307,SET OF 60 PANTRY DESIGN CAKE CASES ,24,2011-08-15 14:39:00,0.55,14156.0,EIRE
563355,84991,60 TEATIME FAIRY CAKE CASES,24,2011-08-15 14:39:00,0.55,14156.0,EIRE
563355,20686,DOLLY MIXTURE CHILDREN'S UMBRELLA,6,2011-08-15 14:39:00,3.25,14156.0,EIRE
563355,16045,POPART WOODEN PENCILS ASST,100,2011-08-15 14:39:00,0.04,14156.0,EIRE
563355,10133,COLOURING PENCILS BROWN TUBE,20,2011-08-15 14:39:00,0.42,14156.0,EIRE
563355,20984,12 PENCILS TALL TUBE POSY,24,2011-08-15 14:39:00,0.29,14156.0,EIRE
563355,21179,NO JUNK MAIL METAL SIGN,24,2011-08-15 14:39:00,0.39,14156.0,EIRE
563355,22094,RED RETROSPOT TISSUE BOX,36,2011-08-15 14:39:00,0.39,14156.0,EIRE
563355,22609,PENS ASSORTED SPACEBALL,36,2011-08-15 14:39:00,0.19,14156.0,EIRE
563355,22610,PENS ASSORTED FUNNY FACE,36,2011-08-15 14:39:00,0.19,14156.0,EIRE
563355,35923,CANDY HEART HANGING DECORATION,12,2011-08-15 14:39:00,0.39,14156.0,EIRE
563355,21790,VINTAGE SNAP CARDS,12,2011-08-15 14:39:00,0.85,14156.0,EIRE
563355,21889,WOODEN BOX OF DOMINOES,12,2011-08-15 14:39:00,1.25,14156.0,EIRE
563355,21892,TRADITIONAL WOODEN CATCH CUP GAME ,12,2011-08-15 14:39:00,1.25,14156.0,EIRE
563355,22548,HEADS AND TAILS SPORTING FUN,12,2011-08-15 14:39:00,1.25,14156.0,EIRE
563355,23229,VINTAGE DONKEY TAIL GAME ,6,2011-08-15 14:39:00,3.75,14156.0,EIRE
563355,22620,4 TRADITIONAL SPINNING TOPS,12,2011-08-15 14:39:00,1.45,14156.0,EIRE
563355,C2,CARRIAGE,1,2011-08-15 14:39:00,50.0,14156.0,EIRE
563356,21137,BLACK RECORD COVER FRAME,48,2011-08-15 14:44:00,3.39,16210.0,United Kingdom
563356,23201,JUMBO BAG ALPHABET,10,2011-08-15 14:44:00,2.08,16210.0,United Kingdom
563356,23202,JUMBO BAG VINTAGE LEAF,10,2011-08-15 14:44:00,2.08,16210.0,United Kingdom
563356,21931,JUMBO STORAGE BAG SUKI,10,2011-08-15 14:44:00,2.08,16210.0,United Kingdom
563356,22423,REGENCY CAKESTAND 3 TIER,4,2011-08-15 14:44:00,12.75,16210.0,United Kingdom
563356,23173,REGENCY TEAPOT ROSES ,2,2011-08-15 14:44:00,9.95,16210.0,United Kingdom
563356,22943,CHRISTMAS LIGHTS 10 VINTAGE BAUBLES,3,2011-08-15 14:44:00,4.95,16210.0,United Kingdom
563357,20963,APPLE BATH SPONGE,20,2011-08-15 14:50:00,1.25,13277.0,United Kingdom
563357,20961,STRAWBERRY BATH SPONGE ,20,2011-08-15 14:50:00,1.25,13277.0,United Kingdom
563358,22119,PEACE WOODEN BLOCK LETTERS,2,2011-08-15 14:51:00,6.95,17858.0,United Kingdom
563358,23096,PETIT TRAY CHIC,12,2011-08-15 14:51:00,1.65,17858.0,United Kingdom
563358,82494L,WOODEN FRAME ANTIQUE WHITE ,12,2011-08-15 14:51:00,2.95,17858.0,United Kingdom
563358,82486,WOOD S/3 CABINET ANT WHITE FINISH,4,2011-08-15 14:51:00,8.95,17858.0,United Kingdom
563358,23111,PARISIENNE SEWING BOX,1,2011-08-15 14:51:00,12.5,17858.0,United Kingdom
563358,23118,PARISIENNE JEWELLERY DRAWER ,1,2011-08-15 14:51:00,7.5,17858.0,United Kingdom
563358,22794,SWEETHEART WIRE MAGAZINE RACK,1,2011-08-15 14:51:00,7.95,17858.0,United Kingdom
563358,84792,ENCHANTED BIRD COATHANGER 5 HOOK,6,2011-08-15 14:51:00,4.65,17858.0,United Kingdom
563358,21755,LOVE BUILDING BLOCK WORD,2,2011-08-15 14:51:00,5.95,17858.0,United Kingdom
563358,21754,HOME BUILDING BLOCK WORD,2,2011-08-15 14:51:00,5.95,17858.0,United Kingdom
563358,82482,WOODEN PICTURE FRAME WHITE FINISH,6,2011-08-15 14:51:00,2.55,17858.0,United Kingdom
563358,21363,HOME SMALL WOOD LETTERS,2,2011-08-15 14:51:00,4.95,17858.0,United Kingdom
563358,72598,SET/12 TAPER CANDLES,3,2011-08-15 14:51:00,0.85,17858.0,United Kingdom
563358,72122,COFFEE SCENT PILLAR CANDLE,8,2011-08-15 14:51:00,0.95,17858.0,United Kingdom
563358,21332,MOROCCAN BEATEN METAL MIRROR,3,2011-08-15 14:51:00,3.95,17858.0,United Kingdom
563359,23084,,20,2011-08-15 14:56:00,0.0,,United Kingdom
563360,22993,SET OF 4 PANTRY JELLY MOULDS,3,2011-08-15 15:06:00,1.25,15023.0,United Kingdom
563360,21524,DOORMAT SPOTTY HOME SWEET HOME,2,2011-08-15 15:06:00,7.95,15023.0,United Kingdom
563360,22692,DOORMAT WELCOME TO OUR HOME,2,2011-08-15 15:06:00,7.95,15023.0,United Kingdom
563360,48188,DOORMAT WELCOME PUPPIES,2,2011-08-15 15:06:00,7.95,15023.0,United Kingdom
563360,48111,DOORMAT 3 SMILEY CATS,2,2011-08-15 15:06:00,7.95,15023.0,United Kingdom
563360,22690,DOORMAT HOME SWEET HOME BLUE ,2,2011-08-15 15:06:00,7.95,15023.0,United Kingdom
563360,48194,DOORMAT HEARTS,2,2011-08-15 15:06:00,7.95,15023.0,United Kingdom
563360,48116,DOORMAT MULTICOLOUR STRIPE,2,2011-08-15 15:06:00,7.95,15023.0,United Kingdom
563360,23201,JUMBO BAG ALPHABET,6,2011-08-15 15:06:00,2.08,15023.0,United Kingdom
563360,22690,DOORMAT HOME SWEET HOME BLUE ,1,2011-08-15 15:06:00,7.95,15023.0,United Kingdom
563360,21484,CHICK GREY HOT WATER BOTTLE,1,2011-08-15 15:06:00,3.45,15023.0,United Kingdom
563360,20726,LUNCH BAG WOODLAND,1,2011-08-15 15:06:00,1.65,15023.0,United Kingdom
563360,23199,JUMBO BAG APPLES,1,2011-08-15 15:06:00,2.08,15023.0,United Kingdom
563360,23200,JUMBO BAG PEARS,1,2011-08-15 15:06:00,2.08,15023.0,United Kingdom
563360,21686,MEDINA STAMPED METAL STOOL,1,2011-08-15 15:06:00,39.95,15023.0,United Kingdom
563360,21558,SKULL LUNCH BOX WITH CUTLERY ,4,2011-08-15 15:06:00,2.55,15023.0,United Kingdom
563360,21259,VICTORIAN SEWING BOX SMALL ,2,2011-08-15 15:06:00,5.95,15023.0,United Kingdom
563360,23302,KNEELING MAT HOUSEWORK  DESIGN,3,2011-08-15 15:06:00,1.65,15023.0,United Kingdom
563360,23300,GARDENERS KNEELING PAD CUP OF TEA ,6,2011-08-15 15:06:00,1.65,15023.0,United Kingdom
563360,23301,GARDENERS KNEELING PAD KEEP CALM ,6,2011-08-15 15:06:00,1.65,15023.0,United Kingdom
563360,23339,EGG FRYING PAN BLUE ,3,2011-08-15 15:06:00,2.08,15023.0,United Kingdom
563360,23245,SET OF 3 REGENCY CAKE TINS,2,2011-08-15 15:06:00,4.95,15023.0,United Kingdom
563360,21843,RED RETROSPOT CAKE STAND,1,2011-08-15 15:06:00,10.95,15023.0,United Kingdom
563360,23198,PANTRY MAGNETIC  SHOPPING LIST,6,2011-08-15 15:06:00,1.45,15023.0,United Kingdom
563360,22904,CALENDAR PAPER CUT DESIGN,4,2011-08-15 15:06:00,2.95,15023.0,United Kingdom
563360,20728,LUNCH BAG CARS BLUE,4,2011-08-15 15:06:00,1.65,15023.0,United Kingdom
563360,20727,LUNCH BAG  BLACK SKULL.,4,2011-08-15 15:06:00,1.65,15023.0,United Kingdom
563360,23110,PARISIENNE KEY CABINET ,2,2011-08-15 15:06:00,5.75,15023.0,United Kingdom
563360,22131,FOOD CONTAINER SET 3 LOVE HEART ,3,2011-08-15 15:06:00,1.95,15023.0,United Kingdom
563360,23112,PARISIENNE CURIO CABINET,2,2011-08-15 15:06:00,7.5,15023.0,United Kingdom
563360,71053,WHITE METAL LANTERN,3,2011-08-15 15:06:00,3.75,15023.0,United Kingdom
563360,22784,LANTERN CREAM GAZEBO ,3,2011-08-15 15:06:00,4.95,15023.0,United Kingdom
563360,22464,HANGING METAL HEART LANTERN,12,2011-08-15 15:06:00,1.65,15023.0,United Kingdom
563360,22720,SET OF 3 CAKE TINS PANTRY DESIGN ,3,2011-08-15 15:06:00,4.95,15023.0,United Kingdom
563360,20914,SET/5 RED RETROSPOT LID GLASS BOWLS,3,2011-08-15 15:06:00,2.95,15023.0,United Kingdom
563360,22465,HANGING METAL STAR LANTERN,12,2011-08-15 15:06:00,1.65,15023.0,United Kingdom
563360,85123A,WHITE HANGING HEART T-LIGHT HOLDER,32,2011-08-15 15:06:00,2.55,15023.0,United Kingdom
563360,22423,REGENCY CAKESTAND 3 TIER,16,2011-08-15 15:06:00,10.95,15023.0,United Kingdom
563361,22342,HOME GARLAND PAINTED ZINC ,24,2011-08-15 15:17:00,0.75,15315.0,United Kingdom
563361,82580,BATHROOM METAL SIGN,24,2011-08-15 15:17:00,0.55,15315.0,United Kingdom
563361,22670,FRENCH WC SIGN BLUE METAL,12,2011-08-15 15:17:00,1.25,15315.0,United Kingdom
563361,82581,TOILET METAL SIGN,24,2011-08-15 15:17:00,0.55,15315.0,United Kingdom
563361,22674,FRENCH TOILET SIGN BLUE METAL,12,2011-08-15 15:17:00,1.25,15315.0,United Kingdom
563361,22675,FRENCH KITCHEN SIGN BLUE METAL,12,2011-08-15 15:17:00,1.25,15315.0,United Kingdom
563361,82578,KITCHEN METAL SIGN,24,2011-08-15 15:17:00,0.55,15315.0,United Kingdom
563361,21382,SET/4 SPRING FLOWER DECORATION,12,2011-08-15 15:17:00,0.75,15315.0,United Kingdom
563361,84818,DANISH ROSE PHOTO FRAME,24,2011-08-15 15:17:00,0.79,15315.0,United Kingdom
563361,21232,STRAWBERRY CERAMIC TRINKET BOX,12,2011-08-15 15:17:00,1.25,15315.0,United Kingdom
563361,22067,CHOC TRUFFLE GOLD TRINKET POT ,12,2011-08-15 15:17:00,1.65,15315.0,United Kingdom
563361,22252,BIRDCAGE DECORATION TEALIGHT HOLDER,12,2011-08-15 15:17:00,1.25,15315.0,United Kingdom
563361,84755,COLOUR GLASS T-LIGHT HOLDER HANGING,16,2011-08-15 15:17:00,0.65,15315.0,United Kingdom
563361,35923,CANDY HEART HANGING DECORATION,12,2011-08-15 15:17:00,0.39,15315.0,United Kingdom
563361,22224,WHITE LOVEBIRD LANTERN,6,2011-08-15 15:17:00,2.95,15315.0,United Kingdom
563361,85061W,WHITE JEWELLED HEART DECORATION,24,2011-08-15 15:17:00,0.85,15315.0,United Kingdom
563362,21976,PACK OF 60 MUSHROOM CAKE CASES,24,2011-08-15 16:13:00,0.55,15114.0,United Kingdom
563362,84992,72 SWEETHEART FAIRY CAKE CASES,24,2011-08-15 16:13:00,0.55,15114.0,United Kingdom
563362,84991,60 TEATIME FAIRY CAKE CASES,24,2011-08-15 16:13:00,0.55,15114.0,United Kingdom
563362,20981,12 PENCILS TALL TUBE WOODLAND,12,2011-08-15 16:13:00,0.85,15114.0,United Kingdom
563362,22927,GREEN GIANT GARDEN THERMOMETER,2,2011-08-15 16:13:00,5.95,15114.0,United Kingdom
563362,22928,YELLOW GIANT GARDEN THERMOMETER,2,2011-08-15 16:13:00,5.95,15114.0,United Kingdom
563362,22457,NATURAL SLATE HEART CHALKBOARD ,6,2011-08-15 16:13:00,2.95,15114.0,United Kingdom
563362,22537,MAGIC DRAWING SLATE DINOSAUR,24,2011-08-15 16:13:00,0.42,15114.0,United Kingdom
563362,22534,MAGIC DRAWING SLATE SPACEBOY ,24,2011-08-15 16:13:00,0.42,15114.0,United Kingdom
563362,22535,MAGIC DRAWING SLATE BUNNIES ,24,2011-08-15 16:13:00,0.42,15114.0,United Kingdom
563362,21915,RED  HARMONICA IN BOX ,12,2011-08-15 16:13:00,1.25,15114.0,United Kingdom
563362,21914,BLUE HARMONICA IN BOX ,12,2011-08-15 16:13:00,1.25,15114.0,United Kingdom
563362,21975,PACK OF 60 DINOSAUR CAKE CASES,24,2011-08-15 16:13:00,0.55,15114.0,United Kingdom
563362,22417,PACK OF 60 SPACEBOY CAKE CASES,24,2011-08-15 16:13:00,0.55,15114.0,United Kingdom
563362,21212,PACK OF 72 RETROSPOT CAKE CASES,24,2011-08-15 16:13:00,0.55,15114.0,United Kingdom
C563363,21579,LOLITA  DESIGN  COTTON TOTE BAG,-6,2011-08-15 16:20:00,2.25,15342.0,United Kingdom
C563363,23155,KNICKERBOCKERGLORY MAGNET ASSORTED ,-1,2011-08-15 16:20:00,0.83,15342.0,United Kingdom
