InvoiceNo,StockCode,Description,Quantity,InvoiceDate,UnitPrice,CustomerID,Country
543821,22926,IVORY GIANT GARDEN THERMOMETER,2,2011-02-14 09:24:00,5.95,17667.0,United Kingdom
543821,22928,YELLOW GIANT GARDEN THERMOMETER,2,2011-02-14 09:24:00,5.95,17667.0,United Kingdom
543821,22925,BLUE GIANT GARDEN THERMOMETER,2,2011-02-14 09:24:00,5.95,17667.0,United Kingdom
543821,85175,CACTI T-LIGHT CANDLES,16,2011-02-14 09:24:00,0.42,17667.0,United Kingdom
543821,22456,NATURAL SLATE CHALKBOARD LARGE ,3,2011-02-14 09:24:00,4.95,17667.0,United Kingdom
543821,22854,CREAM SWEETHEART EGG HOLDER,4,2011-02-14 09:24:00,4.95,17667.0,United Kingdom
543821,22795,SWEETHEART RECIPE BOOK STAND,2,2011-02-14 09:24:00,6.75,17667.0,United Kingdom
543821,22151,PLACE SETTING WHITE HEART,24,2011-02-14 09:24:00,0.42,17667.0,United Kingdom
543821,22799,SWEETHEART WIRE FRUIT BOWL,2,2011-02-14 09:24:00,8.5,17667.0,United Kingdom
543821,22604,SET OF 4 NAPKIN CHARMS CUTLERY,6,2011-02-14 09:24:00,2.55,17667.0,United Kingdom
543821,22643,SET OF 4 NAPKIN CHARMS LEAVES   ,6,2011-02-14 09:24:00,2.55,17667.0,United Kingdom
543821,22638,SET OF 4 NAPKIN CHARMS CROWNS ,6,2011-02-14 09:24:00,2.55,17667.0,United Kingdom
543821,22640,SET OF 4 NAPKIN CHARMS 3 KEYS ,6,2011-02-14 09:24:00,2.55,17667.0,United Kingdom
543821,22189,CREAM HEART CARD HOLDER,4,2011-02-14 09:24:00,3.95,17667.0,United Kingdom
543821,22173,METAL 4 HOOK HANGER FRENCH CHATEAU,8,2011-02-14 09:24:00,2.95,17667.0,United Kingdom
543821,84792,ENCHANTED BIRD COATHANGER 5 HOOK,4,2011-02-14 09:24:00,4.65,17667.0,United Kingdom
543821,22424,ENAMEL BREAD BIN CREAM,1,2011-02-14 09:24:00,12.75,17667.0,United Kingdom
543821,22720,SET OF 3 CAKE TINS PANTRY DESIGN ,3,2011-02-14 09:24:00,4.95,17667.0,United Kingdom
543821,22969,HOMEMADE JAM SCENTED CANDLES,12,2011-02-14 09:24:00,1.45,17667.0,United Kingdom
543821,22666,RECIPE BOX PANTRY YELLOW DESIGN,6,2011-02-14 09:24:00,2.95,17667.0,United Kingdom
543821,22961,JAM MAKING SET PRINTED,12,2011-02-14 09:24:00,1.45,17667.0,United Kingdom
543821,22960,JAM MAKING SET WITH JARS,6,2011-02-14 09:24:00,4.25,17667.0,United Kingdom
543821,22907,PACK OF 20 NAPKINS PANTRY DESIGN,12,2011-02-14 09:24:00,0.85,17667.0,United Kingdom
543821,21231,SWEETHEART CERAMIC TRINKET BOX,12,2011-02-14 09:24:00,1.25,17667.0,United Kingdom
543821,37449,CERAMIC CAKE STAND + HANGING CAKES,2,2011-02-14 09:24:00,9.95,17667.0,United Kingdom
543821,22851,SET 20 NAPKINS FAIRY CAKES DESIGN ,12,2011-02-14 09:24:00,0.85,17667.0,United Kingdom
543821,22063,CERAMIC BOWL WITH STRAWBERRY DESIGN,6,2011-02-14 09:24:00,2.95,17667.0,United Kingdom
543821,47566,PARTY BUNTING,4,2011-02-14 09:24:00,4.95,17667.0,United Kingdom
543821,85099B,JUMBO BAG RED RETROSPOT,10,2011-02-14 09:24:00,1.95,17667.0,United Kingdom
543821,22148,EASTER CRAFT 4 CHICKS ,12,2011-02-14 09:24:00,1.95,17667.0,United Kingdom
543821,22147,FELTCRAFT BUTTERFLY HEARTS,12,2011-02-14 09:24:00,1.45,17667.0,United Kingdom
543821,22149,FELTCRAFT 6 FLOWER FRIENDS,6,2011-02-14 09:24:00,2.1,17667.0,United Kingdom
543821,22570,FELTCRAFT CUSHION RABBIT,4,2011-02-14 09:24:00,3.75,17667.0,United Kingdom
543821,22569,FELTCRAFT CUSHION BUTTERFLY,4,2011-02-14 09:24:00,3.75,17667.0,United Kingdom
543821,20972,PINK CREAM FELT CRAFT TRINKET BOX ,12,2011-02-14 09:24:00,1.25,17667.0,United Kingdom
543821,22933,BAKING MOULD EASTER EGG MILK CHOC,6,2011-02-14 09:24:00,2.95,17667.0,United Kingdom
543821,22934,BAKING MOULD EASTER EGG WHITE CHOC,6,2011-02-14 09:24:00,2.95,17667.0,United Kingdom
543821,21832,CHOCOLATE CALCULATOR,12,2011-02-14 09:24:00,1.65,17667.0,United Kingdom
543821,22957,SET 3 PAPER VINTAGE CHICK PAPER EGG,6,2011-02-14 09:24:00,2.95,17667.0,United Kingdom
543821,22967,SET 3 SONG BIRD PAPER EGGS ASSORTED,6,2011-02-14 09:24:00,2.95,17667.0,United Kingdom
543821,22283,6 EGG HOUSE PAINTED WOOD,2,2011-02-14 09:24:00,7.95,17667.0,United Kingdom
543821,22282,12 EGG HOUSE PAINTED WOOD,2,2011-02-14 09:24:00,12.75,17667.0,United Kingdom
543821,22292,HANGING CHICK  YELLOW DECORATION,24,2011-02-14 09:24:00,1.45,17667.0,United Kingdom
543821,22291,HANGING CHICK CREAM DECORATION,24,2011-02-14 09:24:00,1.45,17667.0,United Kingdom
543821,22288,HANGING METAL RABBIT DECORATION,24,2011-02-14 09:24:00,1.25,17667.0,United Kingdom
543821,22281,EASTER TREE YELLOW BIRDS,2,2011-02-14 09:24:00,5.95,17667.0,United Kingdom
543821,21124,SET/10 BLUE POLKADOT PARTY CANDLES,24,2011-02-14 09:24:00,1.25,17667.0,United Kingdom
543821,21212,PACK OF 72 RETROSPOT CAKE CASES,24,2011-02-14 09:24:00,0.55,17667.0,United Kingdom
543821,84991,60 TEATIME FAIRY CAKE CASES,24,2011-02-14 09:24:00,0.55,17667.0,United Kingdom
543821,21213,PACK OF 72 SKULL CAKE CASES,24,2011-02-14 09:24:00,0.55,17667.0,United Kingdom
543821,22693,GROW A FLYTRAP OR SUNFLOWER IN TIN,24,2011-02-14 09:24:00,1.25,17667.0,United Kingdom
543821,84795B,SUNSET CHECK HAMMOCK,2,2011-02-14 09:24:00,7.95,17667.0,United Kingdom
543821,21922,UNION STRIPE WITH FRINGE  HAMMOCK,2,2011-02-14 09:24:00,7.95,17667.0,United Kingdom
543822,22139,RETROSPOT TEA SET CERAMIC 11 PC ,6,2011-02-14 09:24:00,4.95,12507.0,Spain
543822,20973,12 PENCIL SMALL TUBE WOODLAND,24,2011-02-14 09:24:00,0.65,12507.0,Spain
543822,22585,PACK OF 6 BIRDY GIFT TAGS,24,2011-02-14 09:24:00,1.25,12507.0,Spain
543822,22960,JAM MAKING SET WITH JARS,24,2011-02-14 09:24:00,3.75,12507.0,Spain
543822,84380,SET OF 3 BUTTERFLY COOKIE CUTTERS,12,2011-02-14 09:24:00,1.25,12507.0,Spain
543822,84378,SET OF 3 HEART COOKIE CUTTERS,12,2011-02-14 09:24:00,1.25,12507.0,Spain
543822,22965,3 TRADITIONAl BISCUIT CUTTERS  SET,12,2011-02-14 09:24:00,2.1,12507.0,Spain
543822,84375,SET OF 20 KIDS COOKIE CUTTERS,12,2011-02-14 09:24:00,2.1,12507.0,Spain
543822,22955,36 FOIL STAR CAKE CASES ,12,2011-02-14 09:24:00,2.1,12507.0,Spain
543822,22956,36 FOIL HEART CAKE CASES,12,2011-02-14 09:24:00,2.1,12507.0,Spain
543822,22937,BAKING MOULD CHOCOLATE CUPCAKES,18,2011-02-14 09:24:00,2.55,12507.0,Spain
543822,22893,MINI CAKE STAND T-LIGHT HOLDER,48,2011-02-14 09:24:00,0.42,12507.0,Spain
543822,POST,POSTAGE,3,2011-02-14 09:24:00,28.0,12507.0,Spain
543823,22138,BAKING SET 9 PIECE RETROSPOT ,48,2011-02-14 09:27:00,4.25,17937.0,United Kingdom
543823,21658,GLASS  BEURRE DISH,48,2011-02-14 09:27:00,3.39,17937.0,United Kingdom
543823,22567,20 DOLLY PEGS RETROSPOT,48,2011-02-14 09:27:00,1.06,17937.0,United Kingdom
543823,20914,SET/5 RED RETROSPOT LID GLASS BOWLS,48,2011-02-14 09:27:00,2.55,17937.0,United Kingdom
543824,22745,POPPY'S PLAYHOUSE BEDROOM ,12,2011-02-14 09:31:00,2.1,14631.0,United Kingdom
543824,22746,POPPY'S PLAYHOUSE LIVINGROOM ,12,2011-02-14 09:31:00,2.1,14631.0,United Kingdom
543824,20971,PINK BLUE FELT CRAFT TRINKET BOX,12,2011-02-14 09:31:00,1.25,14631.0,United Kingdom
543824,20972,PINK CREAM FELT CRAFT TRINKET BOX ,12,2011-02-14 09:31:00,1.25,14631.0,United Kingdom
543824,16225,RATTLE SNAKE EGGS,24,2011-02-14 09:31:00,1.25,14631.0,United Kingdom
543824,22748,POPPY'S PLAYHOUSE KITCHEN,60,2011-02-14 09:31:00,1.85,14631.0,United Kingdom
543824,22750,FELTCRAFT PRINCESS LOLA DOLL,4,2011-02-14 09:31:00,3.75,14631.0,United Kingdom
543824,22751,FELTCRAFT PRINCESS OLIVIA DOLL,4,2011-02-14 09:31:00,3.75,14631.0,United Kingdom
543824,22749,FELTCRAFT PRINCESS CHARLOTTE DOLL,4,2011-02-14 09:31:00,3.75,14631.0,United Kingdom
543824,85194L,HANGING SPRING FLOWER EGG LARGE,12,2011-02-14 09:31:00,0.85,14631.0,United Kingdom
543824,20750,RED RETROSPOT MINI CASES,2,2011-02-14 09:31:00,7.95,14631.0,United Kingdom
543824,22752,SET 7 BABUSHKA NESTING BOXES,2,2011-02-14 09:31:00,8.5,14631.0,United Kingdom
543825,22926,IVORY GIANT GARDEN THERMOMETER,36,2011-02-14 09:33:00,4.95,16098.0,United Kingdom
543825,22782,SET 3 WICKER STORAGE BASKETS ,8,2011-02-14 09:33:00,21.95,16098.0,United Kingdom
543825,22411,JUMBO SHOPPER VINTAGE RED PAISLEY,10,2011-02-14 09:33:00,1.95,16098.0,United Kingdom
543825,20914,SET/5 RED RETROSPOT LID GLASS BOWLS,6,2011-02-14 09:33:00,2.95,16098.0,United Kingdom
543825,22381,TOY TIDY PINK POLKADOT,4,2011-02-14 09:33:00,2.1,16098.0,United Kingdom
543825,20681,PINK POLKADOT CHILDRENS UMBRELLA,2,2011-02-14 09:33:00,3.25,16098.0,United Kingdom
543825,22690,DOORMAT HOME SWEET HOME BLUE ,2,2011-02-14 09:33:00,7.95,16098.0,United Kingdom
543826,90104,PURPLE FRANGIPANI HAIRCLIP,1,2011-02-14 09:41:00,0.82,,United Kingdom
543826,90146,FINE SILVER NECKLACE W PASTEL FLOWE,1,2011-02-14 09:41:00,7.9,,United Kingdom
543826,90175A,WHITE GLASS CHUNKY CHARM BRACELET,1,2011-02-14 09:41:00,9.15,,United Kingdom
543826,90181B,AMETHYST GLASS/SHELL/PEARL NECKLACE,1,2011-02-14 09:41:00,9.15,,United Kingdom
543826,90214J,"LETTER ""J"" BLING KEY RING",1,2011-02-14 09:41:00,0.83,,United Kingdom
543826,90214S,"LETTER ""S"" BLING KEY RING",3,2011-02-14 09:41:00,0.83,,United Kingdom
543826,DOT,DOTCOM POSTAGE,1,2011-02-14 09:41:00,168.19,,United Kingdom
543826,21755,LOVE BUILDING BLOCK WORD,1,2011-02-14 09:41:00,11.63,,United Kingdom
543826,21773,DECORATIVE ROSE BATHROOM BOTTLE,1,2011-02-14 09:41:00,2.46,,United Kingdom
543826,21775,DECORATIVE FLORE BATHROOM BOTTLE,1,2011-02-14 09:41:00,2.46,,United Kingdom
543826,21790,VINTAGE SNAP CARDS,1,2011-02-14 09:41:00,1.63,,United Kingdom
543826,21791,VINTAGE HEADS AND TAILS CARD GAME ,1,2011-02-14 09:41:00,2.46,,United Kingdom
543826,21830,ASSORTED CREEPY CRAWLIES,1,2011-02-14 09:41:00,0.83,,United Kingdom
543826,21843,RED RETROSPOT CAKE STAND,1,2011-02-14 09:41:00,20.79,,United Kingdom
543826,21871,SAVE THE PLANET MUG,1,2011-02-14 09:41:00,3.29,,United Kingdom
543826,21878,PACK OF 6 SANDCASTLE FLAGS ASSORTED,1,2011-02-14 09:41:00,1.63,,United Kingdom
543826,21888,BINGO SET,2,2011-02-14 09:41:00,7.46,,United Kingdom
543826,21889,WOODEN BOX OF DOMINOES,1,2011-02-14 09:41:00,2.46,,United Kingdom
543826,21898,POTTING SHED ROSE CANDLE,4,2011-02-14 09:41:00,2.46,,United Kingdom
543826,21901,"KEY FOB , BACK DOOR ",1,2011-02-14 09:41:00,1.63,,United Kingdom
543826,21931,JUMBO STORAGE BAG SUKI,1,2011-02-14 09:41:00,4.13,,United Kingdom
543826,21934,SKULL SHOULDER BAG,1,2011-02-14 09:41:00,3.29,,United Kingdom
543826,21935,SUKI  SHOULDER BAG,1,2011-02-14 09:41:00,3.29,,United Kingdom
543826,21987,PACK OF 6 SKULL PAPER CUPS,5,2011-02-14 09:41:00,1.63,,United Kingdom
543826,21988,PACK OF 6 SKULL PAPER PLATES,6,2011-02-14 09:41:00,1.63,,United Kingdom
543826,21992,VINTAGE PAISLEY STATIONERY SET,1,2011-02-14 09:41:00,2.46,,United Kingdom
543826,22029,SPACEBOY BIRTHDAY CARD,1,2011-02-14 09:41:00,0.83,,United Kingdom
543826,22037,ROBOT BIRTHDAY CARD,2,2011-02-14 09:41:00,0.83,,United Kingdom
543826,22061,LARGE CAKE STAND  HANGING STRAWBERY,1,2011-02-14 09:41:00,20.79,,United Kingdom
543826,22064,PINK DOUGHNUT TRINKET POT ,1,2011-02-14 09:41:00,3.29,,United Kingdom
543826,22147,FELTCRAFT BUTTERFLY HEARTS,1,2011-02-14 09:41:00,3.29,,United Kingdom
543826,21455,PAINTED YELLOW WOODEN DAISY,3,2011-02-14 09:41:00,0.83,,United Kingdom
543826,21479,WHITE SKULL HOT WATER BOTTLE ,3,2011-02-14 09:41:00,7.46,,United Kingdom
543826,21484,CHICK GREY HOT WATER BOTTLE,1,2011-02-14 09:41:00,7.46,,United Kingdom
543826,21523,DOORMAT FANCY FONT HOME SWEET HOME,1,2011-02-14 09:41:00,14.13,,United Kingdom
543826,21577,SAVE THE PLANET COTTON TOTE BAG,1,2011-02-14 09:41:00,4.96,,United Kingdom
543826,21621,VINTAGE UNION JACK BUNTING,2,2011-02-14 09:41:00,16.63,,United Kingdom
543826,21668,RED STRIPE CERAMIC DRAWER KNOB,1,2011-02-14 09:41:00,2.46,,United Kingdom
543826,21669,BLUE STRIPE CERAMIC DRAWER KNOB,1,2011-02-14 09:41:00,2.46,,United Kingdom
543826,21689,SILVER VANILLA  FLOWER CANDLE POT,1,2011-02-14 09:41:00,8.29,,United Kingdom
543826,21718,RED METAL BEACH SPADE ,1,2011-02-14 09:41:00,2.46,,United Kingdom
543826,21724,PANDA AND BUNNIES STICKER SHEET,1,2011-02-14 09:41:00,1.63,,United Kingdom
543826,21731,RED TOADSTOOL LED NIGHT LIGHT,2,2011-02-14 09:41:00,3.29,,United Kingdom
543826,22914,BLUE COAT RACK PARIS FASHION,1,2011-02-14 09:41:00,10.79,,United Kingdom
543826,22962,JAM JAR WITH PINK LID,4,2011-02-14 09:41:00,1.63,,United Kingdom
543826,22963,JAM JAR WITH GREEN LID,4,2011-02-14 09:41:00,1.63,,United Kingdom
543826,22964,3 PIECE SPACEBOY COOKIE CUTTER SET,1,2011-02-14 09:41:00,4.13,,United Kingdom
543826,22966,GINGERBREAD MAN COOKIE CUTTER,1,2011-02-14 09:41:00,2.46,,United Kingdom
543826,22969,HOMEMADE JAM SCENTED CANDLES,6,2011-02-14 09:41:00,3.29,,United Kingdom
543826,22989,SET 2 PANTRY DESIGN TEA TOWELS,1,2011-02-14 09:41:00,6.25,,United Kingdom
543826,35095A,BLUE VICTORIAN FABRIC OVAL BOX,2,2011-02-14 09:41:00,0.83,,United Kingdom
543826,35095B,RED VICTORIAN FABRIC OVAL BOX,2,2011-02-14 09:41:00,0.83,,United Kingdom
543826,35915B,BLUE KNITTED HEN ,1,2011-02-14 09:41:00,0.83,,United Kingdom
543826,35915C,PEACH KNITTED HEN ,3,2011-02-14 09:41:00,0.83,,United Kingdom
543826,35921,EASTER BUNNY HANGING GARLAND,3,2011-02-14 09:41:00,4.96,,United Kingdom
543826,35961,FOLKART ZINC HEART CHRISTMAS DEC,1,2011-02-14 09:41:00,1.63,,United Kingdom
543826,35971,ROSE FOLKART HEART DECORATIONS,1,2011-02-14 09:41:00,2.46,,United Kingdom
543826,37448,CERAMIC CAKE DESIGN SPOTTED MUG,1,2011-02-14 09:41:00,3.29,,United Kingdom
543826,47367B,PAIR PADDED HANGERS PINK CHECK,1,2011-02-14 09:41:00,3.29,,United Kingdom
543826,47471,RAINBOW PEGS PHOTO CLIP STRING,1,2011-02-14 09:41:00,1.46,,United Kingdom
543826,47574A,ENGLISH ROSE SCENTED HANGING FLOWER,1,2011-02-14 09:41:00,2.46,,United Kingdom
543826,22156,HEART DECORATION WITH PEARLS ,3,2011-02-14 09:41:00,1.63,,United Kingdom
543826,22161,HEART DECORATION RUSTIC HANGING ,1,2011-02-14 09:41:00,0.79,,United Kingdom
543826,22165,"DIAMANTE HEART SHAPED WALL MIRROR, ",1,2011-02-14 09:41:00,10.79,,United Kingdom
543826,22169,FAMILY ALBUM WHITE PICTURE FRAME,1,2011-02-14 09:41:00,16.63,,United Kingdom
543826,22170,PICTURE FRAME WOOD TRIPLE PORTRAIT,1,2011-02-14 09:41:00,13.29,,United Kingdom
543826,22171,3 HOOK PHOTO SHELF ANTIQUE WHITE,1,2011-02-14 09:41:00,16.63,,United Kingdom
543826,22180,RETROSPOT LAMP,2,2011-02-14 09:41:00,20.79,,United Kingdom
543826,22182,CAKE STAND VICTORIAN FILIGREE SMALL,1,2011-02-14 09:41:00,4.13,,United Kingdom
543826,22183,CAKE STAND VICTORIAN FILIGREE MED,1,2011-02-14 09:41:00,5.79,,United Kingdom
543826,22219,LOVEBIRD HANGING DECORATION WHITE ,2,2011-02-14 09:41:00,1.63,,United Kingdom
543826,22227,HANGING HEART MIRROR DECORATION ,2,2011-02-14 09:41:00,1.25,,United Kingdom
543826,22245,"HOOK, 1 HANGER ,MAGIC GARDEN",3,2011-02-14 09:41:00,1.63,,United Kingdom
543826,22250,DECORATION  BUTTERFLY  MAGIC GARDEN,1,2011-02-14 09:41:00,1.63,,United Kingdom
543826,22264,FELT FARM ANIMAL WHITE BUNNY ,1,2011-02-14 09:41:00,1.63,,United Kingdom
543826,22295,HEART FILIGREE DOVE LARGE,2,2011-02-14 09:41:00,3.29,,United Kingdom
543826,22297,HEART IVORY TRELLIS SMALL,2,2011-02-14 09:41:00,2.46,,United Kingdom
543826,22321,BIRD DECORATION RED RETROSPOT,1,2011-02-14 09:41:00,1.63,,United Kingdom
543826,22322,BIRD DECORATION GREEN POLKADOT,1,2011-02-14 09:41:00,1.63,,United Kingdom
543826,22327,ROUND SNACK BOXES SET OF 4 SKULLS,1,2011-02-14 09:41:00,5.79,,United Kingdom
543826,22360,GLASS JAR ENGLISH CONFECTIONERY,3,2011-02-14 09:41:00,5.79,,United Kingdom
543826,22364,GLASS JAR DIGESTIVE BISCUITS,1,2011-02-14 09:41:00,5.79,,United Kingdom
543826,22366,DOORMAT AIRMAIL ,2,2011-02-14 09:41:00,14.13,,United Kingdom
543826,22379,RECYCLING BAG RETROSPOT ,2,2011-02-14 09:41:00,4.13,,United Kingdom
543826,22421,LIPSTICK PEN FUSCHIA,5,2011-02-14 09:41:00,0.83,,United Kingdom
543826,22423,REGENCY CAKESTAND 3 TIER,1,2011-02-14 09:41:00,24.96,,United Kingdom
543826,22469,HEART OF WICKER SMALL,15,2011-02-14 09:41:00,3.29,,United Kingdom
543826,22489,PACK OF 12 TRADITIONAL CRAYONS,2,2011-02-14 09:41:00,0.83,,United Kingdom
543826,15036,ASSORTED COLOURS SILK FAN,4,2011-02-14 09:41:00,1.63,,United Kingdom
543826,16237,SLEEPING CAT ERASERS,1,2011-02-14 09:41:00,0.42,,United Kingdom
543826,17012C,ORIGAMI LAVENDER INCENSE/CANDL SET ,1,2011-02-14 09:41:00,2.46,,United Kingdom
543826,17084N,FAIRY DREAMS INCENSE ,2,2011-02-14 09:41:00,0.42,,United Kingdom
543826,20618,QUEEN OF THE SKIES PASSPORT COVER ,1,2011-02-14 09:41:00,1.63,,United Kingdom
543826,20685,DOORMAT RED RETROSPOT,1,2011-02-14 09:41:00,14.13,,United Kingdom
543826,20707,CRAZY DAISY HEART DECORATION,3,2011-02-14 09:41:00,0.83,,United Kingdom
543826,20751,FUNKY WASHING UP GLOVES ASSORTED,1,2011-02-14 09:41:00,4.13,,United Kingdom
543826,20754,RETROSPOT RED WASHING UP GLOVES,1,2011-02-14 09:41:00,4.13,,United Kingdom
543826,20961,STRAWBERRY BATH SPONGE ,1,2011-02-14 09:41:00,2.46,,United Kingdom
543826,20963,APPLE BATH SPONGE,1,2011-02-14 09:41:00,2.46,,United Kingdom
543826,20975,12 PENCILS SMALL TUBE RED RETROSPOT,1,2011-02-14 09:41:00,1.25,,United Kingdom
543826,20979,36 PENCILS TUBE RED RETROSPOT,1,2011-02-14 09:41:00,2.46,,United Kingdom
543826,20986,BLUE CALCULATOR RULER,1,2011-02-14 09:41:00,2.46,,United Kingdom
543826,21002,ROSE DU SUD DRAWSTRING BAG,1,2011-02-14 09:41:00,3.29,,United Kingdom
543826,21065,BOOM BOX SPEAKER GIRLS,1,2011-02-14 09:41:00,11.63,,United Kingdom
543826,21068,VINTAGE BILLBOARD LOVE/HATE MUG,2,2011-02-14 09:41:00,2.46,,United Kingdom
543826,21084,SET/6 COLLAGE PAPER CUPS,2,2011-02-14 09:41:00,0.83,,United Kingdom
543826,21090,SET/6 COLLAGE PAPER PLATES,2,2011-02-14 09:41:00,0.83,,United Kingdom
543826,21166,COOK WITH WINE METAL SIGN ,1,2011-02-14 09:41:00,4.13,,United Kingdom
543826,21174,POTTERING IN THE SHED METAL SIGN,1,2011-02-14 09:41:00,4.13,,United Kingdom
543826,21179,NO JUNK MAIL METAL SIGN,1,2011-02-14 09:41:00,1.63,,United Kingdom
543826,21210,SET OF 72 RETROSPOT PAPER  DOILIES,5,2011-02-14 09:41:00,2.92,,United Kingdom
543826,21213,PACK OF 72 SKULL CAKE CASES,1,2011-02-14 09:41:00,1.25,,United Kingdom
543826,21232,STRAWBERRY CERAMIC TRINKET BOX,1,2011-02-14 09:41:00,2.46,,United Kingdom
543826,21257,VICTORIAN SEWING BOX MEDIUM,1,2011-02-14 09:41:00,15.79,,United Kingdom
543826,21314,SMALL GLASS HEART TRINKET POT,1,2011-02-14 09:41:00,4.13,,United Kingdom
543826,21326,AGED GLASS SILVER T-LIGHT HOLDER,3,2011-02-14 09:41:00,1.63,,United Kingdom
543826,21328,BALLOONS  WRITING SET ,1,2011-02-14 09:41:00,3.29,,United Kingdom
543826,21329,DINOSAURS  WRITING SET ,1,2011-02-14 09:41:00,3.29,,United Kingdom
543826,21383,PACK OF 12 STICKY BUNNIES,1,2011-02-14 09:41:00,1.63,,United Kingdom
543826,21439,BASKET OF TOADSTOOLS,1,2011-02-14 09:41:00,2.46,,United Kingdom
543826,21441,BLUE BIRDHOUSE DECORATION,2,2011-02-14 09:41:00,1.63,,United Kingdom
543826,21452,TOADSTOOL MONEY BOX,1,2011-02-14 09:41:00,5.79,,United Kingdom
543826,22494,EMERGENCY FIRST AID TIN ,1,2011-02-14 09:41:00,2.46,,United Kingdom
543826,22502,PICNIC BASKET WICKER SMALL,1,2011-02-14 09:41:00,8.29,,United Kingdom
543826,22535,MAGIC DRAWING SLATE BUNNIES ,1,2011-02-14 09:41:00,0.83,,United Kingdom
543826,22551,PLASTERS IN TIN SPACEBOY,1,2011-02-14 09:41:00,3.29,,United Kingdom
543826,22554,PLASTERS IN TIN WOODLAND ANIMALS,1,2011-02-14 09:41:00,3.29,,United Kingdom
543826,22595,GINGHAM HEART DECORATION,2,2011-02-14 09:41:00,1.63,,United Kingdom
543826,22602,RETROSPOT WOODEN HEART DECORATION,1,2011-02-14 09:41:00,1.63,,United Kingdom
543826,22624,IVORY KITCHEN SCALES,1,2011-02-14 09:41:00,16.63,,United Kingdom
543826,22652,TRAVEL SEWING KIT,1,2011-02-14 09:41:00,3.29,,United Kingdom
543826,22654,DELUXE SEWING KIT ,2,2011-02-14 09:41:00,11.63,,United Kingdom
543826,22666,RECIPE BOX PANTRY YELLOW DESIGN,1,2011-02-14 09:41:00,5.79,,United Kingdom
543826,22697,GREEN REGENCY TEACUP AND SAUCER,2,2011-02-14 09:41:00,5.79,,United Kingdom
543826,22699,ROSES REGENCY TEACUP AND SAUCER ,4,2011-02-14 09:41:00,5.79,,United Kingdom
543826,22716,CARD CIRCUS PARADE,1,2011-02-14 09:41:00,0.83,,United Kingdom
543826,22720,SET OF 3 CAKE TINS PANTRY DESIGN ,3,2011-02-14 09:41:00,10.79,,United Kingdom
543826,22722,SET OF 6 SPICE TINS PANTRY DESIGN,2,2011-02-14 09:41:00,8.29,,United Kingdom
543826,22725,ALARM CLOCK BAKELIKE CHOCOLATE,1,2011-02-14 09:41:00,7.46,,United Kingdom
543826,22728,ALARM CLOCK BAKELIKE PINK,1,2011-02-14 09:41:00,7.46,,United Kingdom
543826,22743,MAKE YOUR OWN FLOWERPOWER CARD KIT,1,2011-02-14 09:41:00,5.79,,United Kingdom
543826,22771,CLEAR DRAWER KNOB ACRYLIC EDWARDIAN,8,2011-02-14 09:41:00,2.46,,United Kingdom
543826,22784,LANTERN CREAM GAZEBO ,1,2011-02-14 09:41:00,10.79,,United Kingdom
543826,22885,NUMBER TILE VINTAGE FONT 6 ,1,2011-02-14 09:41:00,4.13,,United Kingdom
543826,22889,NUMBER TILE VINTAGE FONT No ,1,2011-02-14 09:41:00,4.13,,United Kingdom
543826,22894,TABLECLOTH RED APPLES DESIGN ,1,2011-02-14 09:41:00,8.29,,United Kingdom
543826,22900, SET 2 TEA TOWELS I LOVE LONDON ,1,2011-02-14 09:41:00,5.79,,United Kingdom
543826,22913,RED COAT RACK PARIS FASHION,1,2011-02-14 09:41:00,10.79,,United Kingdom
543826,71403,"PINK/WHITE ""KEEP CLEAN"" BULLET BIN",1,2011-02-14 09:41:00,5.79,,United Kingdom
543826,72741,GRAND CHOCOLATECANDLE,3,2011-02-14 09:41:00,2.76,,United Kingdom
543826,82095,HEART BUTTONS JEWELLERY BOX,1,2011-02-14 09:41:00,4.96,,United Kingdom
543826,82482,WOODEN PICTURE FRAME WHITE FINISH,2,2011-02-14 09:41:00,4.96,,United Kingdom
543826,82486,WOOD S/3 CABINET ANT WHITE FINISH,1,2011-02-14 09:41:00,16.63,,United Kingdom
543826,82494L,WOODEN FRAME ANTIQUE WHITE ,1,2011-02-14 09:41:00,7.46,,United Kingdom
543826,82583,HOT BATHS METAL SIGN,1,2011-02-14 09:41:00,4.13,,United Kingdom
543826,84031A,CHARLIE+LOLA RED HOT WATER BOTTLE ,1,2011-02-14 09:41:00,4.13,,United Kingdom
543826,84050,PINK HEART SHAPE EGG FRYING PAN,1,2011-02-14 09:41:00,4.13,,United Kingdom
543826,84378,SET OF 3 HEART COOKIE CUTTERS,1,2011-02-14 09:41:00,2.46,,United Kingdom
543826,84510A,SET OF 4 ENGLISH ROSE COASTERS,1,2011-02-14 09:41:00,2.46,,United Kingdom
543826,84569B,PACK 3 FIRE ENGINE/CAR PATCHES,1,2011-02-14 09:41:00,2.46,,United Kingdom
543826,84598,BOYS ALPHABET IRON ON PATCHES,10,2011-02-14 09:41:00,0.42,,United Kingdom
543826,84692,BOX OF 24 COCKTAIL PARASOLS,1,2011-02-14 09:41:00,0.83,,United Kingdom
543826,84912B,GREEN ROSE WASHBAG,1,2011-02-14 09:41:00,3.29,,United Kingdom
543826,84969,BOX OF 6 ASSORTED COLOUR TEASPOONS,1,2011-02-14 09:41:00,3.29,,United Kingdom
543826,84988,SET OF 72 PINK HEART PAPER DOILIES,1,2011-02-14 09:41:00,2.92,,United Kingdom
543826,85014A,BLACK/BLUE POLKADOT UMBRELLA,1,2011-02-14 09:41:00,12.46,,United Kingdom
543826,85039A,SET/4 RED MINI ROSE CANDLE IN BOWL,1,2011-02-14 09:41:00,1.63,,United Kingdom
543826,85039B,S/4 IVORY MINI ROSE CANDLE IN BOWL,1,2011-02-14 09:41:00,1.63,,United Kingdom
543826,85066,CREAM SWEETHEART MINI CHEST,1,2011-02-14 09:41:00,24.96,,United Kingdom
543826,85114B,IVORY ENCHANTED FOREST PLACEMAT,1,2011-02-14 09:41:00,3.29,,United Kingdom
543826,85123A,WHITE HANGING HEART T-LIGHT HOLDER,1,2011-02-14 09:41:00,5.79,,United Kingdom
543826,85127,SMALL SQUARE CUT GLASS CANDLESTICK,2,2011-02-14 09:41:00,9.96,,United Kingdom
543826,85131A,BEADED PEARL HEART WHITE ON STICK,12,2011-02-14 09:41:00,0.83,,United Kingdom
543826,85131B,BEADED CRYSTAL HEART GREEN ON STICK,2,2011-02-14 09:41:00,0.83,,United Kingdom
543826,85131D,BEADED CRYSTAL HEART PINK ON STICK,7,2011-02-14 09:41:00,0.83,,United Kingdom
543826,85136A,YELLOW SHARK HELICOPTER,1,2011-02-14 09:41:00,8.29,,United Kingdom
543826,85174,S/4 CACTI CANDLES,1,2011-02-14 09:41:00,10.79,,United Kingdom
543826,85184C,S/4 VALENTINE DECOUPAGE HEART BOX,1,2011-02-14 09:41:00,5.79,,United Kingdom
543826,85204,HANGING WOOD AND FELT FLOWER,10,2011-02-14 09:41:00,0.42,,United Kingdom
543826,90014B,GOLD M PEARL  ORBIT NECKLACE,1,2011-02-14 09:41:00,10.4,,United Kingdom
543826,90024B,NEW BAROQUE B'FLY NECKLACE RED,1,2011-02-14 09:41:00,8.32,,United Kingdom
543826,90096,NECKLACE+BRACELET SET BLUE BLOSSOM,1,2011-02-14 09:41:00,2.46,,United Kingdom
543827,84406B,incorrectly made-thrown away.,-64,2011-02-14 09:44:00,0.0,,United Kingdom
543828,22723,SET OF 6 HERB TINS SKETCHBOOK,4,2011-02-14 09:45:00,3.95,14156.0,EIRE
543828,22722,SET OF 6 SPICE TINS PANTRY DESIGN,4,2011-02-14 09:45:00,3.95,14156.0,EIRE
543828,22720,SET OF 3 CAKE TINS PANTRY DESIGN ,3,2011-02-14 09:45:00,4.95,14156.0,EIRE
543828,22899,CHILDREN'S APRON DOLLY GIRL ,8,2011-02-14 09:45:00,2.1,14156.0,EIRE
543828,22567,20 DOLLY PEGS RETROSPOT,12,2011-02-14 09:45:00,1.25,14156.0,EIRE
543828,84987,SET OF 36 TEATIME PAPER DOILIES,12,2011-02-14 09:45:00,1.45,14156.0,EIRE
543828,22851,SET 20 NAPKINS FAIRY CAKES DESIGN ,12,2011-02-14 09:45:00,0.85,14156.0,EIRE
543828,22644,CERAMIC CHERRY CAKE MONEY BANK,12,2011-02-14 09:45:00,1.45,14156.0,EIRE
543828,22649,STRAWBERRY FAIRY CAKE TEAPOT,8,2011-02-14 09:45:00,4.95,14156.0,EIRE
543828,22961,JAM MAKING SET PRINTED,24,2011-02-14 09:45:00,1.45,14156.0,EIRE
543828,22969,HOMEMADE JAM SCENTED CANDLES,12,2011-02-14 09:45:00,1.45,14156.0,EIRE
543828,22907,PACK OF 20 NAPKINS PANTRY DESIGN,12,2011-02-14 09:45:00,0.85,14156.0,EIRE
543828,22665,RECIPE BOX BLUE SKETCHBOOK DESIGN,6,2011-02-14 09:45:00,2.95,14156.0,EIRE
543828,22666,RECIPE BOX PANTRY YELLOW DESIGN,6,2011-02-14 09:45:00,2.95,14156.0,EIRE
543828,22829,SWEETHEART WIRE WALL TIDY,4,2011-02-14 09:45:00,9.95,14156.0,EIRE
543828,22799,SWEETHEART WIRE FRUIT BOWL,4,2011-02-14 09:45:00,8.5,14156.0,EIRE
543828,22795,SWEETHEART RECIPE BOOK STAND,6,2011-02-14 09:45:00,6.75,14156.0,EIRE
543828,22686,FRENCH BLUE METAL DOOR SIGN No,24,2011-02-14 09:45:00,1.25,14156.0,EIRE
543828,22685,FRENCH BLUE METAL DOOR SIGN 0,10,2011-02-14 09:45:00,1.25,14156.0,EIRE
543828,22684,FRENCH BLUE METAL DOOR SIGN 9,10,2011-02-14 09:45:00,1.25,14156.0,EIRE
543828,22683,FRENCH BLUE METAL DOOR SIGN 8,10,2011-02-14 09:45:00,1.25,14156.0,EIRE
543828,22682,FRENCH BLUE METAL DOOR SIGN 7,10,2011-02-14 09:45:00,1.25,14156.0,EIRE
543828,22681,FRENCH BLUE METAL DOOR SIGN 6,10,2011-02-14 09:45:00,1.25,14156.0,EIRE
543828,22680,FRENCH BLUE METAL DOOR SIGN 5,10,2011-02-14 09:45:00,1.25,14156.0,EIRE
543828,22679,FRENCH BLUE METAL DOOR SIGN 4,10,2011-02-14 09:45:00,1.25,14156.0,EIRE
543828,22678,FRENCH BLUE METAL DOOR SIGN 3,10,2011-02-14 09:45:00,1.25,14156.0,EIRE
543828,22677,FRENCH BLUE METAL DOOR SIGN 2,10,2011-02-14 09:45:00,1.25,14156.0,EIRE
543828,22676,FRENCH BLUE METAL DOOR SIGN 1,10,2011-02-14 09:45:00,1.25,14156.0,EIRE
543828,22675,FRENCH KITCHEN SIGN BLUE METAL,12,2011-02-14 09:45:00,1.25,14156.0,EIRE
543828,22673,FRENCH GARDEN SIGN BLUE METAL,12,2011-02-14 09:45:00,1.25,14156.0,EIRE
543828,22670,FRENCH WC SIGN BLUE METAL,12,2011-02-14 09:45:00,1.25,14156.0,EIRE
543828,20794,BLUE  TILE HOOK,12,2011-02-14 09:45:00,2.55,14156.0,EIRE
543828,22667,RECIPE BOX RETROSPOT ,6,2011-02-14 09:45:00,2.95,14156.0,EIRE
543828,21156,RETROSPOT CHILDRENS APRON,8,2011-02-14 09:45:00,1.95,14156.0,EIRE
543828,21080,SET/20 RED RETROSPOT PAPER NAPKINS ,12,2011-02-14 09:45:00,0.85,14156.0,EIRE
543828,21210,SET OF 72 RETROSPOT PAPER  DOILIES,12,2011-02-14 09:45:00,1.45,14156.0,EIRE
543828,21042,RED RETROSPOT APRON ,6,2011-02-14 09:45:00,5.95,14156.0,EIRE
543828,22367,CHILDRENS APRON SPACEBOY DESIGN,8,2011-02-14 09:45:00,1.95,14156.0,EIRE
543828,21717,EASTER TIN BUCKET,24,2011-02-14 09:45:00,2.55,14156.0,EIRE
543828,22892,SET OF SALT AND PEPPER TOADSTOOLS,12,2011-02-14 09:45:00,1.25,14156.0,EIRE
543828,84509G,SET OF 4 FAIRY CAKE PLACEMATS ,6,2011-02-14 09:45:00,3.75,14156.0,EIRE
543828,22776,SWEETHEART CAKESTAND 3 TIER,12,2011-02-14 09:45:00,8.5,14156.0,EIRE
543828,22423,REGENCY CAKESTAND 3 TIER,16,2011-02-14 09:45:00,10.95,14156.0,EIRE
543828,22927,GREEN GIANT GARDEN THERMOMETER,4,2011-02-14 09:45:00,5.95,14156.0,EIRE
543828,22926,IVORY GIANT GARDEN THERMOMETER,4,2011-02-14 09:45:00,5.95,14156.0,EIRE
543828,71459,HANGING JAM JAR T-LIGHT HOLDER,96,2011-02-14 09:45:00,0.72,14156.0,EIRE
543828,21479,WHITE SKULL HOT WATER BOTTLE ,4,2011-02-14 09:45:00,3.75,14156.0,EIRE
543828,21481,FAWN BLUE HOT WATER BOTTLE,12,2011-02-14 09:45:00,2.95,14156.0,EIRE
543828,22835,HOT WATER BOTTLE I AM SO POORLY,12,2011-02-14 09:45:00,4.65,14156.0,EIRE
543828,22257,FELT FARM ANIMAL SHEEP,24,2011-02-14 09:45:00,1.25,14156.0,EIRE
543828,22256,FELT FARM ANIMAL CHICKEN,24,2011-02-14 09:45:00,1.25,14156.0,EIRE
543828,22957,SET 3 PAPER VINTAGE CHICK PAPER EGG,48,2011-02-14 09:45:00,2.55,14156.0,EIRE
543828,21781,MA CAMPAGNE CUTLERY BOX,4,2011-02-14 09:45:00,14.95,14156.0,EIRE
543828,20828,GLITTER BUTTERFLY CLIPS,12,2011-02-14 09:45:00,2.55,14156.0,EIRE
543828,21447,12 IVORY ROSE PEG PLACE SETTINGS,12,2011-02-14 09:45:00,1.25,14156.0,EIRE
543828,21446,12 RED ROSE PEG PLACE SETTINGS,12,2011-02-14 09:45:00,1.25,14156.0,EIRE
543828,22956,36 FOIL HEART CAKE CASES,24,2011-02-14 09:45:00,2.1,14156.0,EIRE
543828,20717,STRAWBERRY SHOPPER BAG,10,2011-02-14 09:45:00,1.25,14156.0,EIRE
543828,20718,RED RETROSPOT SHOPPER BAG,10,2011-02-14 09:45:00,1.25,14156.0,EIRE
543828,22933,BAKING MOULD EASTER EGG MILK CHOC,12,2011-02-14 09:45:00,2.95,14156.0,EIRE
543828,22752,SET 7 BABUSHKA NESTING BOXES,4,2011-02-14 09:45:00,8.5,14156.0,EIRE
543828,22196,SMALL HEART MEASURING SPOONS,12,2011-02-14 09:45:00,0.85,14156.0,EIRE
543828,22661,CHARLOTTE BAG DOLLY GIRL DESIGN,10,2011-02-14 09:45:00,0.85,14156.0,EIRE
543828,20719,WOODLAND CHARLOTTE BAG,10,2011-02-14 09:45:00,0.85,14156.0,EIRE
543828,20724,RED RETROSPOT CHARLOTTE BAG,10,2011-02-14 09:45:00,0.85,14156.0,EIRE
543828,22195,LARGE HEART MEASURING SPOONS,12,2011-02-14 09:45:00,1.65,14156.0,EIRE
543828,22955,36 FOIL STAR CAKE CASES ,24,2011-02-14 09:45:00,2.1,14156.0,EIRE
543828,85099F,JUMBO BAG STRAWBERRY,10,2011-02-14 09:45:00,1.95,14156.0,EIRE
543828,85099B,JUMBO BAG RED RETROSPOT,10,2011-02-14 09:45:00,1.95,14156.0,EIRE
543828,22383,LUNCH BAG SUKI  DESIGN ,10,2011-02-14 09:45:00,1.65,14156.0,EIRE
543828,20728,LUNCH BAG CARS BLUE,10,2011-02-14 09:45:00,1.65,14156.0,EIRE
543828,22662,LUNCH BAG DOLLY GIRL DESIGN,10,2011-02-14 09:45:00,1.65,14156.0,EIRE
543828,20726,LUNCH BAG WOODLAND,10,2011-02-14 09:45:00,1.65,14156.0,EIRE
543828,20725,LUNCH BAG RED RETROSPOT,10,2011-02-14 09:45:00,1.65,14156.0,EIRE
543828,22382,LUNCH BAG SPACEBOY DESIGN ,10,2011-02-14 09:45:00,1.65,14156.0,EIRE
543828,20727,LUNCH BAG  BLACK SKULL.,10,2011-02-14 09:45:00,1.65,14156.0,EIRE
543829,21238,RED RETROSPOT CUP,96,2011-02-14 09:47:00,0.72,12939.0,United Kingdom
543829,21239,PINK  POLKADOT CUP,96,2011-02-14 09:47:00,0.72,12939.0,United Kingdom
543829,21240,BLUE POLKADOT CUP,96,2011-02-14 09:47:00,0.72,12939.0,United Kingdom
543829,84997B,RED 3 PIECE RETROSPOT CUTLERY SET,72,2011-02-14 09:47:00,3.39,12939.0,United Kingdom
543829,84997D,PINK 3 PIECE POLKADOT CUTLERY SET,72,2011-02-14 09:47:00,3.39,12939.0,United Kingdom
543829,84997C,BLUE 3 PIECE POLKADOT CUTLERY SET,72,2011-02-14 09:47:00,3.39,12939.0,United Kingdom
543829,22570,FELTCRAFT CUSHION RABBIT,192,2011-02-14 09:47:00,3.39,12939.0,United Kingdom
543829,22568,FELTCRAFT CUSHION OWL,144,2011-02-14 09:47:00,3.39,12939.0,United Kingdom
543829,22569,FELTCRAFT CUSHION BUTTERFLY,192,2011-02-14 09:47:00,3.39,12939.0,United Kingdom
543829,21244,BLUE POLKADOT PLATE ,96,2011-02-14 09:47:00,1.45,12939.0,United Kingdom
543829,21243,PINK  POLKADOT PLATE ,96,2011-02-14 09:47:00,1.45,12939.0,United Kingdom
543829,21242,RED RETROSPOT PLATE ,96,2011-02-14 09:47:00,1.45,12939.0,United Kingdom
543829,20675,BLUE POLKADOT BOWL,72,2011-02-14 09:47:00,1.06,12939.0,United Kingdom
543829,20677,PINK POLKADOT BOWL,72,2011-02-14 09:47:00,1.06,12939.0,United Kingdom
543829,20676,RED RETROSPOT BOWL,72,2011-02-14 09:47:00,1.06,12939.0,United Kingdom
C543830,22328,ROUND SNACK BOXES SET OF 4 FRUITS ,-2,2011-02-14 09:54:00,2.95,12476.0,Germany
C543830,22720,SET OF 3 CAKE TINS PANTRY DESIGN ,-2,2011-02-14 09:54:00,4.95,12476.0,Germany
C543830,22847,BREAD BIN DINER STYLE IVORY,-1,2011-02-14 09:54:00,16.95,12476.0,Germany
543831,84519A,TOMATO CHARLIE+LOLA COASTER SET,48,2011-02-14 09:57:00,2.55,15769.0,United Kingdom
543831,20711,JUMBO BAG TOYS ,300,2011-02-14 09:57:00,1.65,15769.0,United Kingdom
543831,20713,JUMBO BAG OWLS,100,2011-02-14 09:57:00,1.65,15769.0,United Kingdom
543831,85099F,JUMBO BAG STRAWBERRY,200,2011-02-14 09:57:00,1.65,15769.0,United Kingdom
543831,22385,JUMBO BAG SPACEBOY DESIGN,100,2011-02-14 09:57:00,1.65,15769.0,United Kingdom
543831,21929,JUMBO BAG PINK VINTAGE PAISLEY,100,2011-02-14 09:57:00,1.65,15769.0,United Kingdom
543831,22386,JUMBO BAG PINK POLKADOT,300,2011-02-14 09:57:00,1.65,15769.0,United Kingdom
543831,85099B,JUMBO BAG RED RETROSPOT,400,2011-02-14 09:57:00,1.65,15769.0,United Kingdom
543831,21928,JUMBO BAG SCANDINAVIAN PAISLEY,200,2011-02-14 09:57:00,1.65,15769.0,United Kingdom
543831,85099C,JUMBO  BAG BAROQUE BLACK WHITE,200,2011-02-14 09:57:00,1.65,15769.0,United Kingdom
543832,84879,ASSORTED COLOUR BIRD ORNAMENT,16,2011-02-14 10:10:00,1.69,13381.0,United Kingdom
543832,22077,6 RIBBONS RUSTIC CHARM,12,2011-02-14 10:10:00,1.65,13381.0,United Kingdom
543832,22855,FINE WICKER HEART ,12,2011-02-14 10:10:00,1.25,13381.0,United Kingdom
543832,21899,"KEY FOB , GARAGE DESIGN",24,2011-02-14 10:10:00,0.65,13381.0,United Kingdom
543832,21900,"KEY FOB , SHED",24,2011-02-14 10:10:00,0.65,13381.0,United Kingdom
543832,21901,"KEY FOB , BACK DOOR ",24,2011-02-14 10:10:00,0.65,13381.0,United Kingdom
543832,21902,"KEY FOB , FRONT  DOOR ",24,2011-02-14 10:10:00,0.65,13381.0,United Kingdom
543832,22969,HOMEMADE JAM SCENTED CANDLES,12,2011-02-14 10:10:00,1.45,13381.0,United Kingdom
543832,82552,WASHROOM METAL SIGN,12,2011-02-14 10:10:00,1.45,13381.0,United Kingdom
543832,82551,LAUNDRY 15C METAL SIGN,12,2011-02-14 10:10:00,1.45,13381.0,United Kingdom
543832,82583,HOT BATHS METAL SIGN,12,2011-02-14 10:10:00,2.1,13381.0,United Kingdom
543832,21135,VICTORIAN  METAL POSTCARD SPRING,16,2011-02-14 10:10:00,1.69,13381.0,United Kingdom
543832,22727,ALARM CLOCK BAKELIKE RED ,4,2011-02-14 10:10:00,3.75,13381.0,United Kingdom
543832,22728,ALARM CLOCK BAKELIKE PINK,4,2011-02-14 10:10:00,3.75,13381.0,United Kingdom
543832,22726,ALARM CLOCK BAKELIKE GREEN,4,2011-02-14 10:10:00,3.75,13381.0,United Kingdom
543832,22558,CLOTHES PEGS RETROSPOT PACK 24 ,12,2011-02-14 10:10:00,1.49,13381.0,United Kingdom
543832,22191,IVORY DINER WALL CLOCK,2,2011-02-14 10:10:00,8.5,13381.0,United Kingdom
543832,22624,IVORY KITCHEN SCALES,2,2011-02-14 10:10:00,8.5,13381.0,United Kingdom
543832,22625,RED KITCHEN SCALES,2,2011-02-14 10:10:00,8.5,13381.0,United Kingdom
543832,22966,GINGERBREAD MAN COOKIE CUTTER,12,2011-02-14 10:10:00,1.25,13381.0,United Kingdom
543832,22722,SET OF 6 SPICE TINS PANTRY DESIGN,4,2011-02-14 10:10:00,3.95,13381.0,United Kingdom
543832,22720,SET OF 3 CAKE TINS PANTRY DESIGN ,3,2011-02-14 10:10:00,4.95,13381.0,United Kingdom
543832,22907,PACK OF 20 NAPKINS PANTRY DESIGN,12,2011-02-14 10:10:00,0.85,13381.0,United Kingdom
543832,20914,SET/5 RED RETROSPOT LID GLASS BOWLS,6,2011-02-14 10:10:00,2.95,13381.0,United Kingdom
543833,22788,BROCANTE COAT RACK,4,2011-02-14 10:24:00,9.95,12476.0,Germany
543833,22957,SET 3 PAPER VINTAGE CHICK PAPER EGG,6,2011-02-14 10:24:00,2.95,12476.0,Germany
543833,21621,VINTAGE UNION JACK BUNTING,2,2011-02-14 10:24:00,8.5,12476.0,Germany
543833,22722,SET OF 6 SPICE TINS PANTRY DESIGN,4,2011-02-14 10:24:00,3.95,12476.0,Germany
543833,22384,LUNCH BAG PINK POLKADOT,10,2011-02-14 10:24:00,1.65,12476.0,Germany
543833,21791,VINTAGE HEADS AND TAILS CARD GAME ,12,2011-02-14 10:24:00,1.25,12476.0,Germany
543833,21716,BOYS VINTAGE TIN SEASIDE BUCKET,8,2011-02-14 10:24:00,2.55,12476.0,Germany
543833,POST,POSTAGE,1,2011-02-14 10:24:00,18.0,12476.0,Germany
C543834,79190B,RETRO PLASTIC POLKA TRAY,-15,2011-02-14 10:24:00,0.42,12553.0,France
C543835,M,Manual,-8,2011-02-14 10:40:00,1.95,12963.0,United Kingdom
543836,84987,SET OF 36 TEATIME PAPER DOILIES,12,2011-02-14 10:52:00,1.45,15236.0,United Kingdom
543836,84991,60 TEATIME FAIRY CAKE CASES,24,2011-02-14 10:52:00,0.55,15236.0,United Kingdom
543836,84988,SET OF 72 PINK HEART PAPER DOILIES,12,2011-02-14 10:52:00,1.45,15236.0,United Kingdom
543836,84992,72 SWEETHEART FAIRY CAKE CASES,24,2011-02-14 10:52:00,0.55,15236.0,United Kingdom
543836,84378,SET OF 3 HEART COOKIE CUTTERS,12,2011-02-14 10:52:00,1.25,15236.0,United Kingdom
543836,22965,3 TRADITIONAl BISCUIT CUTTERS  SET,6,2011-02-14 10:52:00,2.1,15236.0,United Kingdom
543836,22969,HOMEMADE JAM SCENTED CANDLES,24,2011-02-14 10:52:00,1.45,15236.0,United Kingdom
543836,22722,SET OF 6 SPICE TINS PANTRY DESIGN,4,2011-02-14 10:52:00,3.95,15236.0,United Kingdom
543836,22720,SET OF 3 CAKE TINS PANTRY DESIGN ,3,2011-02-14 10:52:00,4.95,15236.0,United Kingdom
543836,22960,JAM MAKING SET WITH JARS,24,2011-02-14 10:52:00,3.75,15236.0,United Kingdom
543836,22961,JAM MAKING SET PRINTED,24,2011-02-14 10:52:00,1.45,15236.0,United Kingdom
543836,16161P,WRAP ENGLISH ROSE ,25,2011-02-14 10:52:00,0.42,15236.0,United Kingdom
543836,22986,GINGHAM ROSE WRAP,25,2011-02-14 10:52:00,0.42,15236.0,United Kingdom
543836,23232,WRAP VINTAGE PETALS  DESIGN,25,2011-02-14 10:52:00,0.42,15236.0,United Kingdom
543836,23231,WRAP DOILEY DESIGN,25,2011-02-14 10:52:00,0.42,15236.0,United Kingdom
C543837,22699,ROSES REGENCY TEACUP AND SAUCER ,-2,2011-02-14 10:56:00,2.95,14431.0,United Kingdom
C543837,22698,PINK REGENCY TEACUP AND SAUCER,-1,2011-02-14 10:56:00,2.95,14431.0,United Kingdom
C543837,22760,"TRAY, BREAKFAST IN BED",-1,2011-02-14 10:56:00,12.75,14431.0,United Kingdom
C543837,22423,REGENCY CAKESTAND 3 TIER,-2,2011-02-14 10:56:00,12.75,14431.0,United Kingdom
C543837,22423,REGENCY CAKESTAND 3 TIER,-2,2011-02-14 10:56:00,12.75,14431.0,United Kingdom
C543838,22730,ALARM CLOCK BAKELIKE IVORY,-8,2011-02-14 10:59:00,3.75,15827.0,United Kingdom
C543838,POST,POSTAGE,-1,2011-02-14 10:59:00,7.06,15827.0,United Kingdom
543839,22207,FRYING PAN UNION FLAG,24,2011-02-14 11:08:00,3.75,17811.0,United Kingdom
543839,21731,RED TOADSTOOL LED NIGHT LIGHT,5,2011-02-14 11:08:00,1.65,17811.0,United Kingdom
543839,47590A,BLUE HAPPY BIRTHDAY BUNTING,1,2011-02-14 11:08:00,5.45,17811.0,United Kingdom
C543840,D,Discount,-1,2011-02-14 11:19:00,70.01,14527.0,United Kingdom
C543841,M,Manual,-1,2011-02-14 11:20:00,208.16,17095.0,United Kingdom
543842,22693,GROW A FLYTRAP OR SUNFLOWER IN TIN,1056,2011-02-14 11:22:00,1.06,16333.0,United Kingdom
543852,22355,CHARLOTTE BAG SUKI DESIGN,30,2011-02-14 11:57:00,0.85,14258.0,United Kingdom
543852,21931,JUMBO STORAGE BAG SUKI,100,2011-02-14 11:57:00,1.65,14258.0,United Kingdom
543852,22356,CHARLOTTE BAG PINK POLKADOT,30,2011-02-14 11:57:00,0.85,14258.0,United Kingdom
543852,85123A,WHITE HANGING HEART T-LIGHT HOLDER,64,2011-02-14 11:57:00,2.55,14258.0,United Kingdom
543852,85175,CACTI T-LIGHT CANDLES,256,2011-02-14 11:57:00,0.36,14258.0,United Kingdom
543852,82484,WOOD BLACK BOARD ANT WHITE FINISH,12,2011-02-14 11:57:00,6.75,14258.0,United Kingdom
543852,82483,WOOD 2 DRAWER CABINET WHITE FINISH,16,2011-02-14 11:57:00,5.95,14258.0,United Kingdom
543852,82482,WOODEN PICTURE FRAME WHITE FINISH,72,2011-02-14 11:57:00,2.1,14258.0,United Kingdom
543852,82494L,WOODEN FRAME ANTIQUE WHITE ,144,2011-02-14 11:57:00,2.55,14258.0,United Kingdom
543899,C2,CARRIAGE,1,2011-02-14 12:11:00,15.0,,EIRE
543899,21340,CLASSIC METAL BIRDCAGE PLANT HOLDER,4,2011-02-14 12:11:00,12.75,,EIRE
543899,21792,CLASSIC FRENCH STYLE BASKET GREEN ,8,2011-02-14 12:11:00,6.75,,EIRE
543899,22503,CABIN BAG VINTAGE PAISLEY,6,2011-02-14 12:11:00,24.95,,EIRE
543899,15056N,EDWARDIAN PARASOL NATURAL,12,2011-02-14 12:11:00,5.95,,EIRE
543899,22630,DOLLY GIRL LUNCH BOX,9,2011-02-14 12:11:00,1.95,,EIRE
543899,22983,CARD BILLBOARD FONT,48,2011-02-14 12:11:00,0.42,,EIRE
543899,20658,RED RETROSPOT LUGGAGE TAG,12,2011-02-14 12:11:00,1.25,,EIRE
543899,22726,ALARM CLOCK BAKELIKE GREEN,9,2011-02-14 12:11:00,3.75,,EIRE
543899,22730,ALARM CLOCK BAKELIKE IVORY,9,2011-02-14 12:11:00,3.75,,EIRE
543899,47566,PARTY BUNTING,9,2011-02-14 12:11:00,4.95,,EIRE
543899,22083,PAPER CHAIN KIT RETROSPOT,9,2011-02-14 12:11:00,2.95,,EIRE
543899,22567,20 DOLLY PEGS RETROSPOT,9,2011-02-14 12:11:00,1.25,,EIRE
543899,21832,CHOCOLATE CALCULATOR,25,2011-02-14 12:11:00,1.65,,EIRE
543899,21980,PACK OF 12 RED RETROSPOT TISSUES ,36,2011-02-14 12:11:00,0.29,,EIRE
543899,84879,ASSORTED COLOUR BIRD ORNAMENT,24,2011-02-14 12:11:00,1.69,,EIRE
543899,21933,PINK VINTAGE PAISLEY PICNIC BAG,10,2011-02-14 12:11:00,2.95,,EIRE
543899,21984,PACK OF 12 PINK PAISLEY TISSUES ,36,2011-02-14 12:11:00,0.29,,EIRE
543899,22411,JUMBO SHOPPER VINTAGE RED PAISLEY,12,2011-02-14 12:11:00,1.95,,EIRE
543899,20725,LUNCH BAG RED RETROSPOT,12,2011-02-14 12:11:00,1.65,,EIRE
543899,20717,STRAWBERRY SHOPPER BAG,12,2011-02-14 12:11:00,1.25,,EIRE
543899,20718,RED RETROSPOT SHOPPER BAG,11,2011-02-14 12:11:00,1.25,,EIRE
543899,84692,BOX OF 24 COCKTAIL PARASOLS,25,2011-02-14 12:11:00,0.42,,EIRE
543899,22965,3 TRADITIONAl BISCUIT CUTTERS  SET,12,2011-02-14 12:11:00,2.1,,EIRE
543899,84380,SET OF 3 BUTTERFLY COOKIE CUTTERS,12,2011-02-14 12:11:00,1.25,,EIRE
543899,21121,SET/10 RED POLKADOT PARTY CANDLES,24,2011-02-14 12:11:00,1.25,,EIRE
543899,21121,SET/10 RED POLKADOT PARTY CANDLES,24,2011-02-14 12:11:00,1.25,,EIRE
543899,85169A,IVORY LOVE BIRD CANDLE,12,2011-02-14 12:11:00,1.25,,EIRE
543899,85169C,EAU DE NIL LOVE BIRD CANDLE,12,2011-02-14 12:11:00,1.25,,EIRE
543899,21212,PACK OF 72 RETROSPOT CAKE CASES,48,2011-02-14 12:11:00,0.55,,EIRE
543899,22312,OFFICE MUG WARMER POLKADOT,24,2011-02-14 12:11:00,2.95,,EIRE
543899,21212,PACK OF 72 RETROSPOT CAKE CASES,24,2011-02-14 12:11:00,0.55,,EIRE
543899,85172,HYACINTH BULB T-LIGHT CANDLES,1,2011-02-14 12:11:00,0.42,,EIRE
543899,21259,VICTORIAN SEWING BOX SMALL ,4,2011-02-14 12:11:00,5.95,,EIRE
543899,21754,HOME BUILDING BLOCK WORD,9,2011-02-14 12:11:00,5.95,,EIRE
543899,84798B,PURPLE FOXGLOVE ARTIIFCIAL FLOWER,4,2011-02-14 12:11:00,2.55,,EIRE
543899,84809A,WHITE CHRYSANTHEMUMS ART FLOWER,2,2011-02-14 12:11:00,2.1,,EIRE
543899,84803A,PINK ALLIUM  ARTIFICIAL FLOWER,3,2011-02-14 12:11:00,1.69,,EIRE
543900,22355,CHARLOTTE BAG SUKI DESIGN,10,2011-02-14 12:11:00,0.85,12621.0,Germany
543900,20719,WOODLAND CHARLOTTE BAG,20,2011-02-14 12:11:00,0.85,12621.0,Germany
543900,20723,STRAWBERRY CHARLOTTE BAG,10,2011-02-14 12:11:00,0.85,12621.0,Germany
543900,17003,BROCADE RING PURSE ,36,2011-02-14 12:11:00,0.29,12621.0,Germany
543900,22331,WOODLAND PARTY BAG + STICKER SET,8,2011-02-14 12:11:00,1.65,12621.0,Germany
543900,22385,JUMBO BAG SPACEBOY DESIGN,10,2011-02-14 12:11:00,1.95,12621.0,Germany
543900,84569B,PACK 3 FIRE ENGINE/CAR PATCHES,12,2011-02-14 12:11:00,1.25,12621.0,Germany
543900,21915,RED  HARMONICA IN BOX ,12,2011-02-14 12:11:00,1.25,12621.0,Germany
543900,22560,TRADITIONAL MODELLING CLAY,24,2011-02-14 12:11:00,1.25,12621.0,Germany
543900,21914,BLUE HARMONICA IN BOX ,12,2011-02-14 12:11:00,1.25,12621.0,Germany
543900,22957,SET 3 PAPER VINTAGE CHICK PAPER EGG,18,2011-02-14 12:11:00,2.95,12621.0,Germany
543900,22077,6 RIBBONS RUSTIC CHARM,12,2011-02-14 12:11:00,1.65,12621.0,Germany
543900,21937,STRAWBERRY   PICNIC BAG,5,2011-02-14 12:11:00,2.95,12621.0,Germany
543900,22711,WRAP CIRCUS PARADE,25,2011-02-14 12:11:00,0.42,12621.0,Germany
543900,22630,DOLLY GIRL LUNCH BOX,12,2011-02-14 12:11:00,1.95,12621.0,Germany
543900,20726,LUNCH BAG WOODLAND,20,2011-02-14 12:11:00,1.65,12621.0,Germany
543900,20728,LUNCH BAG CARS BLUE,10,2011-02-14 12:11:00,1.65,12621.0,Germany
543900,22326,ROUND SNACK BOXES SET OF4 WOODLAND ,6,2011-02-14 12:11:00,2.95,12621.0,Germany
543900,22383,LUNCH BAG SUKI  DESIGN ,10,2011-02-14 12:11:00,1.65,12621.0,Germany
543900,22662,LUNCH BAG DOLLY GIRL DESIGN,10,2011-02-14 12:11:00,1.65,12621.0,Germany
543900,22813,PACK 3 BOXES BIRD PANNETONE ,24,2011-02-14 12:11:00,1.95,12621.0,Germany
543900,22729,ALARM CLOCK BAKELIKE ORANGE,8,2011-02-14 12:11:00,3.75,12621.0,Germany
543900,22727,ALARM CLOCK BAKELIKE RED ,16,2011-02-14 12:11:00,3.75,12621.0,Germany
543900,22725,ALARM CLOCK BAKELIKE CHOCOLATE,4,2011-02-14 12:11:00,3.75,12621.0,Germany
543900,22860,EASTER TIN CHICKS PINK DAISY,6,2011-02-14 12:11:00,1.65,12621.0,Germany
543900,22857,ASSORTED EASTER GIFT TAGS,12,2011-02-14 12:11:00,0.85,12621.0,Germany
543900,22661,CHARLOTTE BAG DOLLY GIRL DESIGN,20,2011-02-14 12:11:00,0.85,12621.0,Germany
543900,23233,WRAP POPPIES  DESIGN,25,2011-02-14 12:11:00,0.42,12621.0,Germany
543900,22966,GINGERBREAD MAN COOKIE CUTTER,12,2011-02-14 12:11:00,1.25,12621.0,Germany
543900,POST,POSTAGE,3,2011-02-14 12:11:00,18.0,12621.0,Germany
543901,21257,VICTORIAN SEWING BOX MEDIUM,2,2011-02-14 12:13:00,7.95,17659.0,United Kingdom
543901,22509,SEWING BOX RETROSPOT DESIGN ,2,2011-02-14 12:13:00,16.95,17659.0,United Kingdom
543901,22968,ROSE COTTAGE KEEPSAKE BOX ,2,2011-02-14 12:13:00,9.95,17659.0,United Kingdom
543901,20969,RED FLORAL FELTCRAFT SHOULDER BAG,4,2011-02-14 12:13:00,3.75,17659.0,United Kingdom
543901,22447,PIN CUSHION BABUSHKA BLUE,6,2011-02-14 12:13:00,3.35,17659.0,United Kingdom
543901,22587,FELTCRAFT HAIRBAND RED AND BLUE,12,2011-02-14 12:13:00,0.85,17659.0,United Kingdom
543907,84879,ASSORTED COLOUR BIRD ORNAMENT,8,2011-02-14 12:16:00,1.69,17346.0,United Kingdom
543907,22374,AIRLINE BAG VINTAGE JET SET RED,1,2011-02-14 12:16:00,4.25,17346.0,United Kingdom
543907,22470,HEART OF WICKER LARGE,1,2011-02-14 12:16:00,2.95,17346.0,United Kingdom
543907,22195,LARGE HEART MEASURING SPOONS,1,2011-02-14 12:16:00,1.65,17346.0,United Kingdom
543907,22383,LUNCH BAG SUKI  DESIGN ,1,2011-02-14 12:16:00,1.65,17346.0,United Kingdom
543907,47578A,ENGLISH ROSE SMALL SCENTED FLOWER,2,2011-02-14 12:16:00,0.85,17346.0,United Kingdom
543907,84969,BOX OF 6 ASSORTED COLOUR TEASPOONS,1,2011-02-14 12:16:00,4.25,17346.0,United Kingdom
543907,21592,RETROSPOT CIGAR BOX MATCHES ,1,2011-02-14 12:16:00,1.25,17346.0,United Kingdom
543907,22379,RECYCLING BAG RETROSPOT ,1,2011-02-14 12:16:00,2.1,17346.0,United Kingdom
543907,47504K,ENGLISH ROSE GARDEN SECATEURS,1,2011-02-14 12:16:00,1.95,17346.0,United Kingdom
543907,84946,ANTIQUE SILVER TEA GLASS ETCHED,1,2011-02-14 12:16:00,1.25,17346.0,United Kingdom
543907,84946,ANTIQUE SILVER TEA GLASS ETCHED,1,2011-02-14 12:16:00,1.25,17346.0,United Kingdom
543907,22079,RIBBON REEL HEARTS DESIGN ,1,2011-02-14 12:16:00,1.65,17346.0,United Kingdom
543907,84763,ZINC FINISH 15CM PLANTER POTS,8,2011-02-14 12:16:00,1.25,17346.0,United Kingdom
543907,21756,BATH BUILDING BLOCK WORD,1,2011-02-14 12:16:00,5.95,17346.0,United Kingdom
543907,22487,WHITE WOOD GARDEN PLANT LADDER,1,2011-02-14 12:16:00,9.95,17346.0,United Kingdom
543907,47578A,ENGLISH ROSE SMALL SCENTED FLOWER,2,2011-02-14 12:16:00,0.85,17346.0,United Kingdom
543907,22937,BAKING MOULD CHOCOLATE CUPCAKES,4,2011-02-14 12:16:00,2.55,17346.0,United Kingdom
543907,21326,AGED GLASS SILVER T-LIGHT HOLDER,24,2011-02-14 12:16:00,0.65,17346.0,United Kingdom
543907,22485,SET OF 2 WOODEN MARKET CRATES,1,2011-02-14 12:16:00,12.75,17346.0,United Kingdom
543908,47590B,PINK HAPPY BIRTHDAY BUNTING,50,2011-02-14 12:28:00,4.65,16422.0,United Kingdom
543908,21380,WOODEN HAPPY BIRTHDAY GARLAND,24,2011-02-14 12:28:00,2.95,16422.0,United Kingdom
543908,22090,PAPER BUNTING RETROSPOT,40,2011-02-14 12:28:00,2.55,16422.0,United Kingdom
543909,16238,PARTY TIME PENCIL ERASERS,19,2011-02-14 12:32:00,0.42,,United Kingdom
543909,20751,FUNKY WASHING UP GLOVES ASSORTED,1,2011-02-14 12:32:00,4.13,,United Kingdom
543909,21912,VINTAGE SNAKES & LADDERS,1,2011-02-14 12:32:00,7.46,,United Kingdom
543909,21914,BLUE HARMONICA IN BOX ,1,2011-02-14 12:32:00,2.46,,United Kingdom
543909,21915,RED  HARMONICA IN BOX ,1,2011-02-14 12:32:00,2.46,,United Kingdom
543909,21935,SUKI  SHOULDER BAG,1,2011-02-14 12:32:00,3.29,,United Kingdom
543909,21943,CAKES AND RABBITS DESIGN FLANNEL ,1,2011-02-14 12:32:00,1.63,,United Kingdom
543909,21947,SET OF 6 HEART CHOPSTICKS,1,2011-02-14 12:32:00,2.46,,United Kingdom
543909,21948,SET OF 6 CAKE CHOPSTICKS,1,2011-02-14 12:32:00,2.46,,United Kingdom
543909,21949,SET OF 6 STRAWBERRY CHOPSTICKS,1,2011-02-14 12:32:00,2.46,,United Kingdom
543909,21974,SET OF 36 PAISLEY FLOWER DOILIES,1,2011-02-14 12:32:00,2.92,,United Kingdom
543909,21988,PACK OF 6 SKULL PAPER PLATES,4,2011-02-14 12:32:00,1.63,,United Kingdom
543909,21989,PACK OF 20 SKULL PAPER NAPKINS,2,2011-02-14 12:32:00,1.63,,United Kingdom
543909,21990,MODERN FLORAL STATIONERY SET,1,2011-02-14 12:32:00,2.46,,United Kingdom
543909,21992,VINTAGE PAISLEY STATIONERY SET,2,2011-02-14 12:32:00,2.46,,United Kingdom
543909,21993,FLORAL FOLK STATIONERY SET,2,2011-02-14 12:32:00,2.46,,United Kingdom
543909,22035,VINTAGE CARAVAN GREETING CARD ,1,2011-02-14 12:32:00,0.83,,United Kingdom
543909,22037,ROBOT BIRTHDAY CARD,1,2011-02-14 12:32:00,0.83,,United Kingdom
543909,22059,CERAMIC STRAWBERRY DESIGN MUG,1,2011-02-14 12:32:00,3.29,,United Kingdom
543909,22078,RIBBON REEL LACE DESIGN ,4,2011-02-14 12:32:00,4.13,,United Kingdom
543909,22178,VICTORIAN GLASS HANGING T-LIGHT,2,2011-02-14 12:32:00,2.46,,United Kingdom
543909,22182,CAKE STAND VICTORIAN FILIGREE SMALL,1,2011-02-14 12:32:00,4.13,,United Kingdom
543909,22183,CAKE STAND VICTORIAN FILIGREE MED,2,2011-02-14 12:32:00,5.79,,United Kingdom
543909,22197,SMALL POPCORN HOLDER,4,2011-02-14 12:32:00,1.63,,United Kingdom
543909,22202,MILK PAN PINK POLKADOT,1,2011-02-14 12:32:00,7.46,,United Kingdom
543909,22245,"HOOK, 1 HANGER ,MAGIC GARDEN",1,2011-02-14 12:32:00,1.63,,United Kingdom
543909,22248,DECORATION  PINK CHICK MAGIC GARDEN,1,2011-02-14 12:32:00,1.63,,United Kingdom
543909,22251,BIRDHOUSE DECORATION MAGIC GARDEN,1,2011-02-14 12:32:00,2.46,,United Kingdom
543909,22284,HEN HOUSE DECORATION,3,2011-02-14 12:32:00,3.29,,United Kingdom
543909,22297,HEART IVORY TRELLIS SMALL,2,2011-02-14 12:32:00,2.46,,United Kingdom
543909,22301,COFFEE MUG CAT + BIRD DESIGN,2,2011-02-14 12:32:00,4.96,,United Kingdom
543909,22324,BLUE POLKADOT KIDS BAG,1,2011-02-14 12:32:00,4.13,,United Kingdom
543909,22326,ROUND SNACK BOXES SET OF4 WOODLAND ,1,2011-02-14 12:32:00,5.79,,United Kingdom
543909,22423,REGENCY CAKESTAND 3 TIER,1,2011-02-14 12:32:00,12.75,,United Kingdom
543909,22432,WATERING CAN PINK BUNNY,1,2011-02-14 12:32:00,4.13,,United Kingdom
543909,22440,BALLOON WATER BOMB PACK OF 35,2,2011-02-14 12:32:00,0.83,,United Kingdom
543909,22464,HANGING METAL HEART LANTERN,1,2011-02-14 12:32:00,3.29,,United Kingdom
543909,22467,GUMBALL COAT RACK,1,2011-02-14 12:32:00,4.96,,United Kingdom
543909,22469,HEART OF WICKER SMALL,1,2011-02-14 12:32:00,3.29,,United Kingdom
543909,22520,CHILDS GARDEN TROWEL BLUE ,1,2011-02-14 12:32:00,1.63,,United Kingdom
543909,22521,CHILDS GARDEN TROWEL PINK,1,2011-02-14 12:32:00,1.63,,United Kingdom
543909,22522,CHILDS GARDEN FORK BLUE ,1,2011-02-14 12:32:00,1.63,,United Kingdom
543909,22523,CHILDS GARDEN FORK PINK,1,2011-02-14 12:32:00,1.63,,United Kingdom
543909,22566,FELTCRAFT HAIRBAND PINK AND PURPLE,1,2011-02-14 12:32:00,1.63,,United Kingdom
543909,22585,PACK OF 6 BIRDY GIFT TAGS,6,2011-02-14 12:32:00,2.46,,United Kingdom
543909,22602,RETROSPOT WOODEN HEART DECORATION,1,2011-02-14 12:32:00,1.63,,United Kingdom
543909,22610,PENS ASSORTED FUNNY FACE,1,2011-02-14 12:32:00,1.63,,United Kingdom
543909,22616,PACK OF 12 LONDON TISSUES ,4,2011-02-14 12:32:00,0.83,,United Kingdom
543909,22620,4 TRADITIONAL SPINNING TOPS,3,2011-02-14 12:32:00,2.46,,United Kingdom
543909,22621,TRADITIONAL KNITTING NANCY,1,2011-02-14 12:32:00,3.29,,United Kingdom
543909,22646,CERAMIC STRAWBERRY CAKE MONEY BANK,1,2011-02-14 12:32:00,3.29,,United Kingdom
543909,22649,STRAWBERRY FAIRY CAKE TEAPOT,1,2011-02-14 12:32:00,10.79,,United Kingdom
543909,22652,TRAVEL SEWING KIT,1,2011-02-14 12:32:00,3.29,,United Kingdom
543909,22666,RECIPE BOX PANTRY YELLOW DESIGN,1,2011-02-14 12:32:00,5.79,,United Kingdom
543909,22678,FRENCH BLUE METAL DOOR SIGN 3,1,2011-02-14 12:32:00,2.46,,United Kingdom
543909,22679,FRENCH BLUE METAL DOOR SIGN 4,1,2011-02-14 12:32:00,2.46,,United Kingdom
543909,22692,DOORMAT WELCOME TO OUR HOME,1,2011-02-14 12:32:00,14.13,,United Kingdom
543909,22697,GREEN REGENCY TEACUP AND SAUCER,6,2011-02-14 12:32:00,5.79,,United Kingdom
543909,22698,PINK REGENCY TEACUP AND SAUCER,3,2011-02-14 12:32:00,5.79,,United Kingdom
543909,22699,ROSES REGENCY TEACUP AND SAUCER ,1,2011-02-14 12:32:00,5.79,,United Kingdom
543909,22703,PINK CAT BOWL,1,2011-02-14 12:32:00,4.13,,United Kingdom
543909,22720,SET OF 3 CAKE TINS PANTRY DESIGN ,2,2011-02-14 12:32:00,10.79,,United Kingdom
543909,22722,SET OF 6 SPICE TINS PANTRY DESIGN,6,2011-02-14 12:32:00,8.29,,United Kingdom
543909,22725,ALARM CLOCK BAKELIKE CHOCOLATE,2,2011-02-14 12:32:00,7.46,,United Kingdom
543909,22730,ALARM CLOCK BAKELIKE IVORY,1,2011-02-14 12:32:00,7.46,,United Kingdom
543909,22740,POLKADOT PEN,1,2011-02-14 12:32:00,1.63,,United Kingdom
543909,22748,POPPY'S PLAYHOUSE KITCHEN,1,2011-02-14 12:32:00,4.13,,United Kingdom
543909,22755,SMALL PURPLE BABUSHKA NOTEBOOK ,14,2011-02-14 12:32:00,1.63,,United Kingdom
543909,22771,CLEAR DRAWER KNOB ACRYLIC EDWARDIAN,19,2011-02-14 12:32:00,2.46,,United Kingdom
543909,22778,GLASS CLOCHE SMALL,1,2011-02-14 12:32:00,8.29,,United Kingdom
543909,22789,T-LIGHT HOLDER SWEETHEART HANGING,1,2011-02-14 12:32:00,4.13,,United Kingdom
543909,22894,TABLECLOTH RED APPLES DESIGN ,1,2011-02-14 12:32:00,8.29,,United Kingdom
543909,20619,TROPICAL PASSPORT COVER ,1,2011-02-14 12:32:00,1.63,,United Kingdom
543909,85150,LADIES & GENTLEMEN METAL SIGN,1,2011-02-14 12:32:00,4.96,,United Kingdom
543909,85176,SEWING SUSAN 21 NEEDLE SET,1,2011-02-14 12:32:00,1.63,,United Kingdom
543909,90086,CRYSTAL FROG PHONE CHARM,1,2011-02-14 12:32:00,1.63,,United Kingdom
543909,90115,SUMMER BUTTERFLIES BAG CHARM,2,2011-02-14 12:32:00,2.46,,United Kingdom
543909,90120C,GREEN MURANO TWIST BRACELET,1,2011-02-14 12:32:00,4.15,,United Kingdom
543909,DOT,DOTCOM POSTAGE,1,2011-02-14 12:32:00,127.24,,United Kingdom
543909,22907,PACK OF 20 NAPKINS PANTRY DESIGN,1,2011-02-14 12:32:00,1.63,,United Kingdom
543909,22933,BAKING MOULD EASTER EGG MILK CHOC,1,2011-02-14 12:32:00,5.79,,United Kingdom
543909,22934,BAKING MOULD EASTER EGG WHITE CHOC,1,2011-02-14 12:32:00,5.79,,United Kingdom
543909,22943,CHRISTMAS LIGHTS 10 VINTAGE BAUBLES,1,2011-02-14 12:32:00,10.79,,United Kingdom
543909,22960,JAM MAKING SET WITH JARS,2,2011-02-14 12:32:00,8.29,,United Kingdom
543909,22961,JAM MAKING SET PRINTED,1,2011-02-14 12:32:00,3.29,,United Kingdom
543909,22963,JAM JAR WITH GREEN LID,1,2011-02-14 12:32:00,1.63,,United Kingdom
543909,22989,SET 2 PANTRY DESIGN TEA TOWELS,1,2011-02-14 12:32:00,6.25,,United Kingdom
543909,35915B,BLUE KNITTED HEN ,2,2011-02-14 12:32:00,0.83,,United Kingdom
543909,35961,FOLKART ZINC HEART CHRISTMAS DEC,1,2011-02-14 12:32:00,1.63,,United Kingdom
543909,46776D,WOVEN SUNSET CUSHION COVER ,2,2011-02-14 12:32:00,4.13,,United Kingdom
543909,47367B,PAIR PADDED HANGERS PINK CHECK,1,2011-02-14 12:32:00,3.29,,United Kingdom
543909,47593B,SCOTTIE DOGS BABY BIB,1,2011-02-14 12:32:00,0.83,,United Kingdom
543909,48184,DOORMAT ENGLISH ROSE ,1,2011-02-14 12:32:00,14.13,,United Kingdom
543909,71143,SILVER BOOK MARK WITH BEADS,1,2011-02-14 12:32:00,2.46,,United Kingdom
543909,72800E,4 IVORY DINNER CANDLES SILVER FLOCK,1,2011-02-14 12:32:00,3.29,,United Kingdom
543909,79000,MOROCCAN TEA GLASS,6,2011-02-14 12:32:00,1.65,,United Kingdom
543909,82580,BATHROOM METAL SIGN,3,2011-02-14 12:32:00,1.25,,United Kingdom
543909,84375,SET OF 20 KIDS COOKIE CUTTERS,1,2011-02-14 12:32:00,4.13,,United Kingdom
543909,84378,SET OF 3 HEART COOKIE CUTTERS,1,2011-02-14 12:32:00,2.46,,United Kingdom
543909,84380,SET OF 3 BUTTERFLY COOKIE CUTTERS,2,2011-02-14 12:32:00,2.46,,United Kingdom
543909,84510E,SET OF 4 GREEN CAROUSEL COASTERS,1,2011-02-14 12:32:00,2.46,,United Kingdom
543909,84598,BOYS ALPHABET IRON ON PATCHES,13,2011-02-14 12:32:00,0.42,,United Kingdom
543909,84792,ENCHANTED BIRD COATHANGER 5 HOOK,1,2011-02-14 12:32:00,9.13,,United Kingdom
543909,84849B,FAIRY SOAP SOAP HOLDER,1,2011-02-14 12:32:00,3.29,,United Kingdom
543909,84913B,MINT GREEN ROSE TOWEL,2,2011-02-14 12:32:00,3.29,,United Kingdom
543909,84923,PINK BUTTERFLY HANDBAG W BOBBLES,1,2011-02-14 12:32:00,4.13,,United Kingdom
543909,84969,BOX OF 6 ASSORTED COLOUR TEASPOONS,4,2011-02-14 12:32:00,3.29,,United Kingdom
543909,84978,HANGING HEART JAR T-LIGHT HOLDER,4,2011-02-14 12:32:00,2.46,,United Kingdom
543909,85017B,ENVELOPE 50 BLOSSOM IMAGES,1,2011-02-14 12:32:00,0.83,,United Kingdom
543909,85032C,CURIOUS IMAGES GIFT WRAP SET,1,2011-02-14 12:32:00,4.13,,United Kingdom
543909,85034C,3 ROSE MORRIS BOXED CANDLES,1,2011-02-14 12:32:00,8.29,,United Kingdom
543909,85039B,S/4 IVORY MINI ROSE CANDLE IN BOWL,1,2011-02-14 12:32:00,1.63,,United Kingdom
543909,85123A,WHITE HANGING HEART T-LIGHT HOLDER,1,2011-02-14 12:32:00,5.79,,United Kingdom
543909,85131D,BEADED CRYSTAL HEART PINK ON STICK,1,2011-02-14 12:32:00,0.83,,United Kingdom
543909,20659,ECONOMY LUGGAGE TAG,1,2011-02-14 12:32:00,2.46,,United Kingdom
543909,20802,SMALL GLASS SUNDAE DISH CLEAR,6,2011-02-14 12:32:00,3.29,,United Kingdom
543909,20707,CRAZY DAISY HEART DECORATION,2,2011-02-14 12:32:00,0.83,,United Kingdom
543909,20961,STRAWBERRY BATH SPONGE ,1,2011-02-14 12:32:00,2.46,,United Kingdom
543909,21670,BLUE SPOT CERAMIC DRAWER KNOB,4,2011-02-14 12:32:00,2.46,,United Kingdom
543909,21731,RED TOADSTOOL LED NIGHT LIGHT,1,2011-02-14 12:32:00,3.29,,United Kingdom
543909,21733,RED HANGING HEART T-LIGHT HOLDER,2,2011-02-14 12:32:00,5.79,,United Kingdom
543909,21755,LOVE BUILDING BLOCK WORD,1,2011-02-14 12:32:00,11.63,,United Kingdom
543909,21812,GARLAND WITH HEARTS AND BELLS,1,2011-02-14 12:32:00,9.96,,United Kingdom
543909,21878,PACK OF 6 SANDCASTLE FLAGS ASSORTED,2,2011-02-14 12:32:00,1.63,,United Kingdom
543909,20712,JUMBO BAG WOODLAND ANIMALS,1,2011-02-14 12:32:00,4.13,,United Kingdom
543909,20713,JUMBO BAG OWLS,1,2011-02-14 12:32:00,4.13,,United Kingdom
543909,20719,WOODLAND CHARLOTTE BAG,1,2011-02-14 12:32:00,1.63,,United Kingdom
543909,20725,LUNCH BAG RED RETROSPOT,1,2011-02-14 12:32:00,4.13,,United Kingdom
543909,21641,ASSORTED TUTTI FRUTTI KEYRING BALL,1,2011-02-14 12:32:00,1.63,,United Kingdom
543909,21880,RED RETROSPOT TAPE,3,2011-02-14 12:32:00,0.42,,United Kingdom
543909,21891,TRADITIONAL WOODEN SKIPPING ROPE,1,2011-02-14 12:32:00,2.46,,United Kingdom
543909,21314,SMALL GLASS HEART TRINKET POT,1,2011-02-14 12:32:00,4.13,,United Kingdom
543909,21454,PAINTED PINK RABBIT ,1,2011-02-14 12:32:00,0.83,,United Kingdom
543909,21507,"ELEPHANT, BIRTHDAY CARD, ",1,2011-02-14 12:32:00,0.83,,United Kingdom
543909,21509,COWBOYS AND INDIANS BIRTHDAY CARD ,2,2011-02-14 12:32:00,0.83,,United Kingdom
543909,21519,GIN & TONIC DIET GREETING CARD ,1,2011-02-14 12:32:00,0.83,,United Kingdom
543909,21577,SAVE THE PLANET COTTON TOTE BAG,1,2011-02-14 12:32:00,4.96,,United Kingdom
543909,21621,VINTAGE UNION JACK BUNTING,1,2011-02-14 12:32:00,16.63,,United Kingdom
543909,21086,SET/6 RED SPOTTY PAPER CUPS,4,2011-02-14 12:32:00,1.63,,United Kingdom
543909,21094,SET/6 RED SPOTTY PAPER PLATES,4,2011-02-14 12:32:00,0.83,,United Kingdom
543909,21158,MOODY GIRL DOOR HANGER ,1,2011-02-14 12:32:00,3.29,,United Kingdom
543909,21162,TOXIC AREA  DOOR HANGER ,1,2011-02-14 12:32:00,3.29,,United Kingdom
543909,21163,DO NOT TOUCH MY STUFF DOOR HANGER ,2,2011-02-14 12:32:00,3.29,,United Kingdom
543909,21199,PINK  HEART CONFETTI IN TUBE,1,2011-02-14 12:32:00,3.29,,United Kingdom
543909,21248,DOOR HANGER  MUM + DADS ROOM,2,2011-02-14 12:32:00,3.29,,United Kingdom
543909,21257,VICTORIAN SEWING BOX MEDIUM,1,2011-02-14 12:32:00,15.79,,United Kingdom
543909,20992,JAZZ HEARTS PURSE NOTEBOOK,11,2011-02-14 12:32:00,1.63,,United Kingdom
543909,16237,SLEEPING CAT ERASERS,14,2011-02-14 12:32:00,0.42,,United Kingdom
543909,20963,APPLE BATH SPONGE,1,2011-02-14 12:32:00,2.46,,United Kingdom
543909,21012,ANTIQUE ALL GLASS CANDLESTICK,2,2011-02-14 12:32:00,2.46,,United Kingdom
543909,84406B,CREAM CUPID HEARTS COAT HANGER,3,2011-02-14 12:32:00,3.5,,United Kingdom
543909,21216,"SET 3 RETROSPOT TEA,COFFEE,SUGAR",1,2011-02-14 12:32:00,4.95,,United Kingdom
543909,84509G,SET OF 4 FAIRY CAKE PLACEMATS ,1,2011-02-14 12:32:00,2.95,,United Kingdom
543909,84509A,SET OF 4 ENGLISH ROSE PLACEMATS,2,2011-02-14 12:32:00,2.95,,United Kingdom
543909,22858,EASTER TIN KEEPSAKE,6,2011-02-14 12:32:00,1.45,,United Kingdom
543909,22859,EASTER TIN BUNNY BOUQUET,5,2011-02-14 12:32:00,1.45,,United Kingdom
543910,84978,HANGING HEART JAR T-LIGHT HOLDER,12,2011-02-14 12:36:00,1.25,13475.0,United Kingdom
543910,22595,GINGHAM HEART DECORATION,12,2011-02-14 12:36:00,0.85,13475.0,United Kingdom
543910,22197,SMALL POPCORN HOLDER,12,2011-02-14 12:36:00,0.85,13475.0,United Kingdom
543910,22469,HEART OF WICKER SMALL,12,2011-02-14 12:36:00,1.65,13475.0,United Kingdom
543910,22470,HEART OF WICKER LARGE,6,2011-02-14 12:36:00,2.95,13475.0,United Kingdom
543910,21523,DOORMAT FANCY FONT HOME SWEET HOME,2,2011-02-14 12:36:00,7.95,13475.0,United Kingdom
543910,22692,DOORMAT WELCOME TO OUR HOME,2,2011-02-14 12:36:00,7.95,13475.0,United Kingdom
543910,48188,DOORMAT WELCOME PUPPIES,2,2011-02-14 12:36:00,7.95,13475.0,United Kingdom
543910,48187,DOORMAT NEW ENGLAND,2,2011-02-14 12:36:00,7.95,13475.0,United Kingdom
543910,22759,SET OF 3 NOTEBOOKS IN PARCEL,12,2011-02-14 12:36:00,1.65,13475.0,United Kingdom
543910,84596B,SMALL DOLLY MIX DESIGN ORANGE BOWL,8,2011-02-14 12:36:00,1.25,13475.0,United Kingdom
543910,84596F,SMALL MARSHMALLOWS PINK BOWL,8,2011-02-14 12:36:00,1.25,13475.0,United Kingdom
543910,84596E,SMALL LICORICE DES PINK BOWL,8,2011-02-14 12:36:00,1.25,13475.0,United Kingdom
543910,22348,TEA BAG PLATE RED RETROSPOT,12,2011-02-14 12:36:00,0.85,13475.0,United Kingdom
543910,21977,PACK OF 60 PINK PAISLEY CAKE CASES,24,2011-02-14 12:36:00,0.55,13475.0,United Kingdom
543910,84970L,SINGLE HEART ZINC T-LIGHT HOLDER,12,2011-02-14 12:36:00,0.95,13475.0,United Kingdom
543910,84970S,HANGING HEART ZINC T-LIGHT HOLDER,12,2011-02-14 12:36:00,0.85,13475.0,United Kingdom
543910,22168,ORGANISER WOOD ANTIQUE WHITE ,2,2011-02-14 12:36:00,8.5,13475.0,United Kingdom
543910,22762,CUPBOARD 3 DRAWER MA CAMPAGNE,1,2011-02-14 12:36:00,14.95,13475.0,United Kingdom
543910,22761,CHEST 7 DRAWER MA CAMPAGNE,1,2011-02-14 12:36:00,24.95,13475.0,United Kingdom
543910,21984,PACK OF 12 PINK PAISLEY TISSUES ,24,2011-02-14 12:36:00,0.29,13475.0,United Kingdom
543910,21980,PACK OF 12 RED RETROSPOT TISSUES ,24,2011-02-14 12:36:00,0.29,13475.0,United Kingdom
543910,22241,GARLAND WOODEN HAPPY EASTER,12,2011-02-14 12:36:00,1.25,13475.0,United Kingdom
543911,21485,RETROSPOT HEART HOT WATER BOTTLE,6,2011-02-14 12:46:00,4.95,17829.0,United Arab Emirates
543911,48138,DOORMAT UNION FLAG,2,2011-02-14 12:46:00,7.95,17829.0,United Arab Emirates
543911,85150,LADIES & GENTLEMEN METAL SIGN,24,2011-02-14 12:46:00,2.55,17829.0,United Arab Emirates
543911,82552,WASHROOM METAL SIGN,24,2011-02-14 12:46:00,1.45,17829.0,United Arab Emirates
543911,82551,LAUNDRY 15C METAL SIGN,12,2011-02-14 12:46:00,1.45,17829.0,United Arab Emirates
543911,82583,HOT BATHS METAL SIGN,12,2011-02-14 12:46:00,2.1,17829.0,United Arab Emirates
543911,22413,METAL SIGN TAKE IT OR LEAVE IT ,12,2011-02-14 12:46:00,2.95,17829.0,United Arab Emirates
543911,21166,COOK WITH WINE METAL SIGN ,12,2011-02-14 12:46:00,2.08,17829.0,United Arab Emirates
543911,21175,GIN + TONIC DIET METAL SIGN,12,2011-02-14 12:46:00,2.55,17829.0,United Arab Emirates
543911,85152,HAND OVER THE CHOCOLATE   SIGN ,12,2011-02-14 12:46:00,2.1,17829.0,United Arab Emirates
543911,21908,CHOCOLATE THIS WAY METAL SIGN,12,2011-02-14 12:46:00,2.1,17829.0,United Arab Emirates
543911,21165,BEWARE OF THE CAT METAL SIGN ,12,2011-02-14 12:46:00,1.69,17829.0,United Arab Emirates
543911,20961,STRAWBERRY BATH SPONGE ,20,2011-02-14 12:46:00,1.25,17829.0,United Arab Emirates
543911,22195,LARGE HEART MEASURING SPOONS,12,2011-02-14 12:46:00,1.65,17829.0,United Arab Emirates
543911,22200,FRYING PAN PINK POLKADOT,6,2011-02-14 12:46:00,4.25,17829.0,United Arab Emirates
543911,22207,FRYING PAN UNION FLAG,6,2011-02-14 12:46:00,4.25,17829.0,United Arab Emirates
543911,85215,ASSORTED CHEESE FRIDGE MAGNETS,72,2011-02-14 12:46:00,0.65,17829.0,United Arab Emirates
543911,21700,BIG DOUGHNUT FRIDGE MAGNETS,72,2011-02-14 12:46:00,0.85,17829.0,United Arab Emirates
543911,84050,PINK HEART SHAPE EGG FRYING PAN,12,2011-02-14 12:46:00,1.65,17829.0,United Arab Emirates
543911,21231,SWEETHEART CERAMIC TRINKET BOX,24,2011-02-14 12:46:00,1.25,17829.0,United Arab Emirates
543911,21232,STRAWBERRY CERAMIC TRINKET BOX,24,2011-02-14 12:46:00,1.25,17829.0,United Arab Emirates
543911,22111,SCOTTIE DOG HOT WATER BOTTLE,6,2011-02-14 12:46:00,4.95,17829.0,United Arab Emirates
543911,21832,CHOCOLATE CALCULATOR,12,2011-02-14 12:46:00,1.65,17829.0,United Arab Emirates
543911,20985,HEART CALCULATOR,12,2011-02-14 12:46:00,1.25,17829.0,United Arab Emirates
543911,22112,CHOCOLATE HOT WATER BOTTLE,6,2011-02-14 12:46:00,4.95,17829.0,United Arab Emirates
543911,47590B,PINK HAPPY BIRTHDAY BUNTING,12,2011-02-14 12:46:00,5.45,17829.0,United Arab Emirates
543911,22117,METAL SIGN HER DINNER IS SERVED ,12,2011-02-14 12:46:00,2.95,17829.0,United Arab Emirates
543911,82567,"AIRLINE LOUNGE,METAL SIGN",12,2011-02-14 12:46:00,2.1,17829.0,United Arab Emirates
543911,21910,WAY OUT METAL SIGN ,12,2011-02-14 12:46:00,1.65,17829.0,United Arab Emirates
543911,21911,GARDEN METAL SIGN ,12,2011-02-14 12:46:00,1.65,17829.0,United Arab Emirates
543912,21527,RED RETROSPOT TRADITIONAL TEAPOT ,12,2011-02-14 12:53:00,6.95,16701.0,United Kingdom
543912,21524,DOORMAT SPOTTY HOME SWEET HOME,10,2011-02-14 12:53:00,6.75,16701.0,United Kingdom
543912,20750,RED RETROSPOT MINI CASES,12,2011-02-14 12:53:00,6.35,16701.0,United Kingdom
543912,21868,POTTING SHED TEA MUG,72,2011-02-14 12:53:00,1.06,16701.0,United Kingdom
543912,37370,RETRO COFFEE MUGS ASSORTED,72,2011-02-14 12:53:00,1.06,16701.0,United Kingdom
543913,21832,CHOCOLATE CALCULATOR,1,2011-02-14 13:11:00,1.65,17591.0,United Kingdom
543913,82583,HOT BATHS METAL SIGN,12,2011-02-14 13:11:00,2.1,17591.0,United Kingdom
543913,21175,GIN + TONIC DIET METAL SIGN,12,2011-02-14 13:11:00,2.55,17591.0,United Kingdom
543913,21174,POTTERING IN THE SHED METAL SIGN,1,2011-02-14 13:11:00,2.08,17591.0,United Kingdom
543913,21166,COOK WITH WINE METAL SIGN ,3,2011-02-14 13:11:00,2.08,17591.0,United Kingdom
543913,82600,NO SINGING METAL SIGN,3,2011-02-14 13:11:00,2.1,17591.0,United Kingdom
543913,82583,HOT BATHS METAL SIGN,5,2011-02-14 13:11:00,2.1,17591.0,United Kingdom
543913,82599,FANNY'S REST STOPMETAL SIGN,2,2011-02-14 13:11:00,2.1,17591.0,United Kingdom
543913,21174,POTTERING IN THE SHED METAL SIGN,2,2011-02-14 13:11:00,2.08,17591.0,United Kingdom
543913,85152,HAND OVER THE CHOCOLATE   SIGN ,1,2011-02-14 13:11:00,2.1,17591.0,United Kingdom
543913,82600,NO SINGING METAL SIGN,2,2011-02-14 13:11:00,2.1,17591.0,United Kingdom
543913,21903,MAN FLU METAL SIGN,3,2011-02-14 13:11:00,2.1,17591.0,United Kingdom
543913,22917,HERB MARKER ROSEMARY,2,2011-02-14 13:11:00,0.65,17591.0,United Kingdom
543913,22918,HERB MARKER PARSLEY,2,2011-02-14 13:11:00,0.65,17591.0,United Kingdom
543913,22916,HERB MARKER THYME,2,2011-02-14 13:11:00,0.65,17591.0,United Kingdom
543913,22193,RED DINER WALL CLOCK,1,2011-02-14 13:11:00,8.5,17591.0,United Kingdom
543913,22624,IVORY KITCHEN SCALES,1,2011-02-14 13:11:00,8.5,17591.0,United Kingdom
543913,22625,RED KITCHEN SCALES,1,2011-02-14 13:11:00,8.5,17591.0,United Kingdom
543913,22727,ALARM CLOCK BAKELIKE RED ,2,2011-02-14 13:11:00,3.75,17591.0,United Kingdom
543913,22726,ALARM CLOCK BAKELIKE GREEN,3,2011-02-14 13:11:00,3.75,17591.0,United Kingdom
543914,84356,POMPOM CURTAIN,8,2011-02-14 13:19:00,6.95,14715.0,United Kingdom
543914,21221,SET/4 BADGES CUTE CREATURES,5,2011-02-14 13:19:00,1.25,14715.0,United Kingdom
543914,21681,GIANT MEDINA STAMPED METAL BOWL ,1,2011-02-14 13:19:00,9.95,14715.0,United Kingdom
543914,21682,LARGE MEDINA STAMPED METAL BOWL ,2,2011-02-14 13:19:00,4.95,14715.0,United Kingdom
543914,16237,SLEEPING CAT ERASERS,15,2011-02-14 13:19:00,0.21,14715.0,United Kingdom
543914,22491,PACK OF 12 COLOURED PENCILS,2,2011-02-14 13:19:00,0.85,14715.0,United Kingdom
543914,20749,ASSORTED COLOUR MINI CASES,1,2011-02-14 13:19:00,7.95,14715.0,United Kingdom
543914,84949,SILVER HANGING T-LIGHT HOLDER,6,2011-02-14 13:19:00,1.65,14715.0,United Kingdom
543914,22908,PACK OF 20 NAPKINS RED APPLES,6,2011-02-14 13:19:00,0.85,14715.0,United Kingdom
543915,10135,COLOURING PENCILS BROWN TUBE,20,2011-02-14 13:21:00,0.42,13717.0,United Kingdom
543915,47504K,ENGLISH ROSE GARDEN SECATEURS,24,2011-02-14 13:21:00,0.85,13717.0,United Kingdom
543915,84509G,SET OF 4 FAIRY CAKE PLACEMATS ,12,2011-02-14 13:21:00,1.25,13717.0,United Kingdom
543915,84817,DANISH ROSE DECORATIVE PLATE,24,2011-02-14 13:21:00,0.42,13717.0,United Kingdom
543915,84826,ASSTD DESIGN 3D PAPER STICKERS,60,2011-02-14 13:21:00,0.21,13717.0,United Kingdom
543915,85034C,3 ROSE MORRIS BOXED CANDLES,12,2011-02-14 13:21:00,1.25,13717.0,United Kingdom
543915,85170C,SET/6 EAU DE NIL BIRD T-LIGHTS,12,2011-02-14 13:21:00,0.85,13717.0,United Kingdom
543915,85212,MINI PAINTED GARDEN DECORATION ,72,2011-02-14 13:21:00,0.21,13717.0,United Kingdom
543915,84678,CLASSICAL ROSE SMALL VASE,24,2011-02-14 13:21:00,1.25,13717.0,United Kingdom
543915,21232,STRAWBERRY CERAMIC TRINKET BOX,12,2011-02-14 13:21:00,1.25,13717.0,United Kingdom
543915,21576,LETS GO SHOPPING COTTON TOTE BAG,6,2011-02-14 13:21:00,2.25,13717.0,United Kingdom
543915,21577,SAVE THE PLANET COTTON TOTE BAG,6,2011-02-14 13:21:00,2.25,13717.0,United Kingdom
543915,21794,CLASSIC FRENCH STYLE BASKET NATURAL,2,2011-02-14 13:21:00,6.75,13717.0,United Kingdom
543915,20718,RED RETROSPOT SHOPPER BAG,10,2011-02-14 13:21:00,1.25,13717.0,United Kingdom
543915,20717,STRAWBERRY SHOPPER BAG,10,2011-02-14 13:21:00,1.25,13717.0,United Kingdom
543915,20716,PARTY FOOD SHOPPER BAG,10,2011-02-14 13:21:00,1.25,13717.0,United Kingdom
543915,21116,OWL DOORSTOP,3,2011-02-14 13:21:00,4.95,13717.0,United Kingdom
543915,22773,GREEN DRAWER KNOB ACRYLIC EDWARDIAN,12,2011-02-14 13:21:00,1.25,13717.0,United Kingdom
543915,21670,BLUE SPOT CERAMIC DRAWER KNOB,12,2011-02-14 13:21:00,1.25,13717.0,United Kingdom
543915,21231,SWEETHEART CERAMIC TRINKET BOX,12,2011-02-14 13:21:00,1.25,13717.0,United Kingdom
543915,22440,BALLOON WATER BOMB PACK OF 35,20,2011-02-14 13:21:00,0.42,13717.0,United Kingdom
543916,21034,REX CASH+CARRY JUMBO SHOPPER,1,2011-02-14 13:22:00,0.95,,United Kingdom
543916,85099B,JUMBO BAG RED RETROSPOT,6,2011-02-14 13:22:00,1.95,,United Kingdom
543916,22411,JUMBO SHOPPER VINTAGE RED PAISLEY,6,2011-02-14 13:22:00,1.95,,United Kingdom
543916,85099C,JUMBO  BAG BAROQUE BLACK WHITE,6,2011-02-14 13:22:00,1.95,,United Kingdom
543916,22386,JUMBO BAG PINK POLKADOT,2,2011-02-14 13:22:00,1.95,,United Kingdom
543916,21928,JUMBO BAG SCANDINAVIAN PAISLEY,2,2011-02-14 13:22:00,1.95,,United Kingdom
543916,21930,JUMBO STORAGE BAG SKULLS,2,2011-02-14 13:22:00,1.95,,United Kingdom
C543917,22941,CHRISTMAS LIGHTS 10 REINDEER,-1,2011-02-14 13:40:00,8.5,12951.0,United Kingdom
C543918,71459,HANGING JAM JAR T-LIGHT HOLDER,-5,2011-02-14 13:42:00,0.85,12921.0,United Kingdom
543919,20728,LUNCH BAG CARS BLUE,10,2011-02-14 14:03:00,1.65,13157.0,United Kingdom
543919,84077,WORLD WAR 2 GLIDERS ASSTD DESIGNS,48,2011-02-14 14:03:00,0.29,13157.0,United Kingdom
543919,22147,FELTCRAFT BUTTERFLY HEARTS,12,2011-02-14 14:03:00,1.45,13157.0,United Kingdom
543919,22383,LUNCH BAG SUKI  DESIGN ,10,2011-02-14 14:03:00,1.65,13157.0,United Kingdom
543919,22382,LUNCH BAG SPACEBOY DESIGN ,10,2011-02-14 14:03:00,1.65,13157.0,United Kingdom
543919,20727,LUNCH BAG  BLACK SKULL.,10,2011-02-14 14:03:00,1.65,13157.0,United Kingdom
543919,22740,POLKADOT PEN,48,2011-02-14 14:03:00,0.85,13157.0,United Kingdom
543919,20725,LUNCH BAG RED RETROSPOT,10,2011-02-14 14:03:00,1.65,13157.0,United Kingdom
543919,21935,SUKI  SHOULDER BAG,10,2011-02-14 14:03:00,1.65,13157.0,United Kingdom
543919,22586,FELTCRAFT HAIRBAND PINK AND BLUE,12,2011-02-14 14:03:00,0.85,13157.0,United Kingdom
543919,21934,SKULL SHOULDER BAG,10,2011-02-14 14:03:00,1.65,13157.0,United Kingdom
543920,22171,3 HOOK PHOTO SHELF ANTIQUE WHITE,1,2011-02-14 14:12:00,8.5,,United Kingdom
543921,21613,S/12 VANILLA  BOTANICAL T-LIGHTS,6,2011-02-14 14:13:00,2.95,13911.0,United Kingdom
543921,85173,SET/6 FROG PRINCE T-LIGHT CANDLES,6,2011-02-14 14:13:00,2.55,13911.0,United Kingdom
543921,85206A,CREAM FELT EASTER EGG BASKET,12,2011-02-14 14:13:00,1.65,13911.0,United Kingdom
543921,22021,BLUE FELT EASTER EGG BASKET,6,2011-02-14 14:13:00,1.65,13911.0,United Kingdom
543921,21454,PAINTED PINK RABBIT ,12,2011-02-14 14:13:00,0.85,13911.0,United Kingdom
543921,22286,"DECORATION , WOBBLY RABBIT , METAL ",12,2011-02-14 14:13:00,1.65,13911.0,United Kingdom
543921,35909B,PINK FLOWERS RABBIT EASTER,6,2011-02-14 14:13:00,2.95,13911.0,United Kingdom
543921,35910A,MULTICOLOUR EASTER RABBIT ,6,2011-02-14 14:13:00,1.95,13911.0,United Kingdom
543921,85205B,PINK FELT EASTER RABBIT GARLAND,6,2011-02-14 14:13:00,2.55,13911.0,United Kingdom
543921,22241,GARLAND WOODEN HAPPY EASTER,12,2011-02-14 14:13:00,1.25,13911.0,United Kingdom
543921,35921,EASTER BUNNY HANGING GARLAND,12,2011-02-14 14:13:00,1.25,13911.0,United Kingdom
543921,22667,RECIPE BOX RETROSPOT ,6,2011-02-14 14:13:00,2.95,13911.0,United Kingdom
543921,21922,UNION STRIPE WITH FRINGE  HAMMOCK,2,2011-02-14 14:13:00,7.95,13911.0,United Kingdom
543921,21519,GIN & TONIC DIET GREETING CARD ,12,2011-02-14 14:13:00,0.42,13911.0,United Kingdom
543921,21609,SET 12 LAVENDER  BOTANICAL T-LIGHTS,6,2011-02-14 14:13:00,2.95,13911.0,United Kingdom
543922,47570B,TEA TIME TABLE CLOTH,1,2011-02-14 14:13:00,10.65,,United Kingdom
543923,22933,BAKING MOULD EASTER EGG MILK CHOC,6,2011-02-14 14:14:00,2.95,14644.0,United Kingdom
543923,22937,BAKING MOULD CHOCOLATE CUPCAKES,6,2011-02-14 14:14:00,2.55,14644.0,United Kingdom
543923,22930,BAKING MOULD HEART MILK CHOCOLATE,6,2011-02-14 14:14:00,2.55,14644.0,United Kingdom
543923,22931,BAKING MOULD HEART WHITE CHOCOLATE,6,2011-02-14 14:14:00,2.55,14644.0,United Kingdom
543923,22934,BAKING MOULD EASTER EGG WHITE CHOC,6,2011-02-14 14:14:00,2.95,14644.0,United Kingdom
543923,22697,GREEN REGENCY TEACUP AND SAUCER,12,2011-02-14 14:14:00,2.95,14644.0,United Kingdom
543923,22699,ROSES REGENCY TEACUP AND SAUCER ,12,2011-02-14 14:14:00,2.95,14644.0,United Kingdom
543923,22698,PINK REGENCY TEACUP AND SAUCER,12,2011-02-14 14:14:00,2.95,14644.0,United Kingdom
543924,20785,FUSCHIA RETRO BAR STOOL,1,2011-02-14 14:14:00,39.95,16904.0,United Kingdom
543924,82551,LAUNDRY 15C METAL SIGN,1,2011-02-14 14:14:00,1.45,16904.0,United Kingdom
543924,21380,WOODEN HAPPY BIRTHDAY GARLAND,2,2011-02-14 14:14:00,2.95,16904.0,United Kingdom
543924,21175,GIN + TONIC DIET METAL SIGN,1,2011-02-14 14:14:00,2.55,16904.0,United Kingdom
543924,21174,POTTERING IN THE SHED METAL SIGN,1,2011-02-14 14:14:00,2.08,16904.0,United Kingdom
543924,21179,NO JUNK MAIL METAL SIGN,1,2011-02-14 14:14:00,1.25,16904.0,United Kingdom
543924,21907,I'M ON HOLIDAY METAL SIGN,1,2011-02-14 14:14:00,2.1,16904.0,United Kingdom
543924,21181,PLEASE ONE PERSON METAL SIGN,1,2011-02-14 14:14:00,2.1,16904.0,United Kingdom
543924,21158,MOODY GIRL DOOR HANGER ,1,2011-02-14 14:14:00,1.45,16904.0,United Kingdom
543924,22399,MAGNETS PACK OF 4 CHILDHOOD MEMORY,2,2011-02-14 14:14:00,1.25,16904.0,United Kingdom
543924,21407,BROWN CHECK CAT DOORSTOP ,1,2011-02-14 14:14:00,4.25,16904.0,United Kingdom
543924,22967,SET 3 SONG BIRD PAPER EGGS ASSORTED,1,2011-02-14 14:14:00,2.95,16904.0,United Kingdom
543924,22957,SET 3 PAPER VINTAGE CHICK PAPER EGG,1,2011-02-14 14:14:00,2.95,16904.0,United Kingdom
543924,20974,12 PENCILS SMALL TUBE SKULL,1,2011-02-14 14:14:00,0.65,16904.0,United Kingdom
543924,20975,12 PENCILS SMALL TUBE RED RETROSPOT,1,2011-02-14 14:14:00,0.65,16904.0,United Kingdom
543924,22444,GROW YOUR OWN PLANT IN A CAN ,3,2011-02-14 14:14:00,1.25,16904.0,United Kingdom
543924,15056N,EDWARDIAN PARASOL NATURAL,2,2011-02-14 14:14:00,5.95,16904.0,United Kingdom
543924,20934,SET/3 POT PLANT CANDLES,1,2011-02-14 14:14:00,5.45,16904.0,United Kingdom
543924,22808,SET OF 6 T-LIGHTS EASTER CHICKS,2,2011-02-14 14:14:00,2.95,16904.0,United Kingdom
543924,85175,CACTI T-LIGHT CANDLES,1,2011-02-14 14:14:00,0.42,16904.0,United Kingdom
543924,22095,LADS ONLY TISSUE BOX,1,2011-02-14 14:14:00,1.25,16904.0,United Kingdom
543934,21790,VINTAGE SNAP CARDS,12,2011-02-14 14:29:00,0.85,12993.0,United Kingdom
543934,22380,TOY TIDY SPACEBOY  ,5,2011-02-14 14:29:00,2.1,12993.0,United Kingdom
543934,22381,TOY TIDY PINK POLKADOT,5,2011-02-14 14:29:00,2.1,12993.0,United Kingdom
543934,22858,EASTER TIN KEEPSAKE,6,2011-02-14 14:29:00,1.65,12993.0,United Kingdom
543934,21156,RETROSPOT CHILDRENS APRON,8,2011-02-14 14:29:00,1.95,12993.0,United Kingdom
543934,21935,SUKI  SHOULDER BAG,10,2011-02-14 14:29:00,1.65,12993.0,United Kingdom
543934,22753,SMALL YELLOW BABUSHKA NOTEBOOK ,12,2011-02-14 14:29:00,0.85,12993.0,United Kingdom
543934,20682,RED RETROSPOT CHILDRENS UMBRELLA,6,2011-02-14 14:29:00,3.25,12993.0,United Kingdom
543935,22607,WOODEN ROUNDERS GARDEN SET ,16,2011-02-14 14:39:00,8.5,12989.0,United Kingdom
543935,22605,WOODEN CROQUET GARDEN SET,24,2011-02-14 14:39:00,12.75,12989.0,United Kingdom
543935,22698,PINK REGENCY TEACUP AND SAUCER,6,2011-02-14 14:39:00,2.95,12989.0,United Kingdom
543935,22301,COFFEE MUG CAT + BIRD DESIGN,36,2011-02-14 14:39:00,2.1,12989.0,United Kingdom
543935,21621,VINTAGE UNION JACK BUNTING,36,2011-02-14 14:39:00,8.5,12989.0,United Kingdom
543935,21137,BLACK RECORD COVER FRAME,12,2011-02-14 14:39:00,3.75,12989.0,United Kingdom
543935,22041,"RECORD FRAME 7"" SINGLE SIZE ",6,2011-02-14 14:39:00,2.55,12989.0,United Kingdom
543973,84755,COLOUR GLASS T-LIGHT HOLDER HANGING,8,2011-02-14 15:15:00,0.65,17571.0,United Kingdom
543973,21688,SILVER PLATE CANDLE BOWL SMALL,6,2011-02-14 15:15:00,2.95,17571.0,United Kingdom
543973,85062,PEARL CRYSTAL PUMPKIN T-LIGHT HLDR,6,2011-02-14 15:15:00,1.65,17571.0,United Kingdom
543973,21695,SMALL SILVER FLOWER CANDLE POT,6,2011-02-14 15:15:00,2.95,17571.0,United Kingdom
543973,20668,DISCO BALL CHRISTMAS DECORATION,24,2011-02-14 15:15:00,0.12,17571.0,United Kingdom
543973,21340,CLASSIC METAL BIRDCAGE PLANT HOLDER,2,2011-02-14 15:15:00,12.75,17571.0,United Kingdom
543973,21447,12 IVORY ROSE PEG PLACE SETTINGS,1,2011-02-14 15:15:00,1.25,17571.0,United Kingdom
543973,35914,PINK CHICK EGG WARMER + EGG CUP,1,2011-02-14 15:15:00,2.1,17571.0,United Kingdom
543973,22261,FELT EGG COSY WHITE RABBIT ,1,2011-02-14 15:15:00,0.85,17571.0,United Kingdom
543973,84879,ASSORTED COLOUR BIRD ORNAMENT,12,2011-02-14 15:15:00,1.69,17571.0,United Kingdom
543973,21818,GLITTER HEART DECORATION,7,2011-02-14 15:15:00,0.85,17571.0,United Kingdom
543973,85206A,CREAM FELT EASTER EGG BASKET,1,2011-02-14 15:15:00,1.65,17571.0,United Kingdom
543973,22698,PINK REGENCY TEACUP AND SAUCER,1,2011-02-14 15:15:00,2.95,17571.0,United Kingdom
543973,85049G,CHOCOLATE BOX RIBBONS ,1,2011-02-14 15:15:00,1.25,17571.0,United Kingdom
543973,21135,VICTORIAN  METAL POSTCARD SPRING,8,2011-02-14 15:15:00,1.69,17571.0,United Kingdom
543973,84970S,HANGING HEART ZINC T-LIGHT HOLDER,4,2011-02-14 15:15:00,0.85,17571.0,United Kingdom
543973,84970L,SINGLE HEART ZINC T-LIGHT HOLDER,4,2011-02-14 15:15:00,0.95,17571.0,United Kingdom
543973,22162,HEART GARLAND RUSTIC PADDED,2,2011-02-14 15:15:00,2.95,17571.0,United Kingdom
543973,22260,FELT EGG COSY BLUE RABBIT ,2,2011-02-14 15:15:00,0.85,17571.0,United Kingdom
543973,22156,HEART DECORATION WITH PEARLS ,12,2011-02-14 15:15:00,0.85,17571.0,United Kingdom
543973,22776,SWEETHEART CAKESTAND 3 TIER,1,2011-02-14 15:15:00,9.95,17571.0,United Kingdom
543973,21974,SET OF 36 PAISLEY FLOWER DOILIES,1,2011-02-14 15:15:00,1.45,17571.0,United Kingdom
543973,84985A,SET OF 72 GREEN PAPER DOILIES,1,2011-02-14 15:15:00,1.45,17571.0,United Kingdom
543973,22077,6 RIBBONS RUSTIC CHARM,1,2011-02-14 15:15:00,1.65,17571.0,United Kingdom
543973,22800,ANTIQUE TALL SWIRLGLASS TRINKET POT,1,2011-02-14 15:15:00,3.75,17571.0,United Kingdom
543973,22699,ROSES REGENCY TEACUP AND SAUCER ,2,2011-02-14 15:15:00,2.95,17571.0,United Kingdom
543973,22697,GREEN REGENCY TEACUP AND SAUCER,2,2011-02-14 15:15:00,2.95,17571.0,United Kingdom
543973,22789,T-LIGHT HOLDER SWEETHEART HANGING,8,2011-02-14 15:15:00,1.95,17571.0,United Kingdom
543973,22697,GREEN REGENCY TEACUP AND SAUCER,1,2011-02-14 15:15:00,2.95,17571.0,United Kingdom
543973,22961,JAM MAKING SET PRINTED,1,2011-02-14 15:15:00,1.45,17571.0,United Kingdom
543973,22319,HAIRCLIPS FORTIES FABRIC ASSORTED,12,2011-02-14 15:15:00,0.65,17571.0,United Kingdom
543973,84931A,PINK SCOTTIE DOG W FLOWER PATTERN,1,2011-02-14 15:15:00,2.55,17571.0,United Kingdom
543973,22668,PINK BABY BUNTING,5,2011-02-14 15:15:00,2.95,17571.0,United Kingdom
543973,21028,NINJA RABBIT BLACK,1,2011-02-14 15:15:00,1.25,17571.0,United Kingdom
543973,85227,SET OF 6 3D KIT CARDS FOR KIDS,2,2011-02-14 15:15:00,0.85,17571.0,United Kingdom
543973,85206A,CREAM FELT EASTER EGG BASKET,1,2011-02-14 15:15:00,1.65,17571.0,United Kingdom
543973,22087,PAPER BUNTING WHITE LACE,1,2011-02-14 15:15:00,2.95,17571.0,United Kingdom
543973,22907,PACK OF 20 NAPKINS PANTRY DESIGN,1,2011-02-14 15:15:00,0.85,17571.0,United Kingdom
543973,82483,WOOD 2 DRAWER CABINET WHITE FINISH,1,2011-02-14 15:15:00,6.95,17571.0,United Kingdom
543973,22801,ANTIQUE GLASS PEDESTAL BOWL,1,2011-02-14 15:15:00,3.75,17571.0,United Kingdom
543973,84946,ANTIQUE SILVER TEA GLASS ETCHED,6,2011-02-14 15:15:00,1.25,17571.0,United Kingdom
543973,84800L,LARGE WHITE/PINK ROSE ART FLOWER,6,2011-02-14 15:15:00,2.12,17571.0,United Kingdom
543973,84800S,SMALL WHITE/PINK ROSE ART FLOWER,6,2011-02-14 15:15:00,1.25,17571.0,United Kingdom
543973,84806B,WHITE CANDYSTUFT ARTIFICIAL FLOWER,6,2011-02-14 15:15:00,1.45,17571.0,United Kingdom
C543972,35004B,SET OF 3 BLACK FLYING DUCKS,-3,2011-02-14 15:15:00,4.65,17924.0,United Kingdom
C543974,21326,AGED GLASS SILVER T-LIGHT HOLDER,-4,2011-02-14 15:20:00,0.65,14606.0,United Kingdom
C543974,21463,MIRRORED DISCO BALL ,-1,2011-02-14 15:20:00,5.95,14606.0,United Kingdom
543975,84406B,CREAM CUPID HEARTS COAT HANGER,4,2011-02-14 15:23:00,4.15,17231.0,United Kingdom
543975,22926,IVORY GIANT GARDEN THERMOMETER,2,2011-02-14 15:23:00,5.95,17231.0,United Kingdom
543975,21870,I CAN ONLY PLEASE ONE PERSON MUG,2,2011-02-14 15:23:00,1.25,17231.0,United Kingdom
543975,21874,GIN AND TONIC MUG,1,2011-02-14 15:23:00,1.25,17231.0,United Kingdom
543975,21713,CITRONELLA CANDLE FLOWERPOT,1,2011-02-14 15:23:00,2.1,17231.0,United Kingdom
543975,21714,CITRONELLA CANDLE GARDEN POT,3,2011-02-14 15:23:00,1.25,17231.0,United Kingdom
543975,22193,RED DINER WALL CLOCK,1,2011-02-14 15:23:00,8.5,17231.0,United Kingdom
543975,22498,WOODEN REGATTA BUNTING,1,2011-02-14 15:23:00,5.95,17231.0,United Kingdom
543975,22173,METAL 4 HOOK HANGER FRENCH CHATEAU,2,2011-02-14 15:23:00,2.95,17231.0,United Kingdom
543975,22467,GUMBALL COAT RACK,2,2011-02-14 15:23:00,2.55,17231.0,United Kingdom
543975,21507,"ELEPHANT, BIRTHDAY CARD, ",12,2011-02-14 15:23:00,0.42,17231.0,United Kingdom
543975,22077,6 RIBBONS RUSTIC CHARM,4,2011-02-14 15:23:00,1.65,17231.0,United Kingdom
543975,22295,HEART FILIGREE DOVE LARGE,6,2011-02-14 15:23:00,1.65,17231.0,United Kingdom
543975,84597C,RETRO PINK BALL ASHTRAY ,3,2011-02-14 15:23:00,1.25,17231.0,United Kingdom
543975,22051,BLUE SCANDINAVIAN PAISLEY WRAP,25,2011-02-14 15:23:00,0.42,17231.0,United Kingdom
543975,48138,DOORMAT UNION FLAG,2,2011-02-14 15:23:00,7.95,17231.0,United Kingdom
543975,21166,COOK WITH WINE METAL SIGN ,2,2011-02-14 15:23:00,2.08,17231.0,United Kingdom
543975,21175,GIN + TONIC DIET METAL SIGN,2,2011-02-14 15:23:00,2.55,17231.0,United Kingdom
543975,21165,BEWARE OF THE CAT METAL SIGN ,2,2011-02-14 15:23:00,1.69,17231.0,United Kingdom
543975,85152,HAND OVER THE CHOCOLATE   SIGN ,2,2011-02-14 15:23:00,2.1,17231.0,United Kingdom
543975,82600,NO SINGING METAL SIGN,2,2011-02-14 15:23:00,2.1,17231.0,United Kingdom
543975,82582,AREA PATROLLED METAL SIGN,2,2011-02-14 15:23:00,2.1,17231.0,United Kingdom
543975,22529,MAGIC DRAWING SLATE GO TO THE FAIR ,10,2011-02-14 15:23:00,0.42,17231.0,United Kingdom
543975,84849B,FAIRY SOAP SOAP HOLDER,2,2011-02-14 15:23:00,1.69,17231.0,United Kingdom
543975,84849D,HOT BATHS SOAP HOLDER,2,2011-02-14 15:23:00,1.69,17231.0,United Kingdom
543975,21745,GAOLERS KEYS DECORATIVE GARDEN ,3,2011-02-14 15:23:00,3.75,17231.0,United Kingdom
543975,90175A,WHITE GLASS CHUNKY CHARM BRACELET,1,2011-02-14 15:23:00,8.95,17231.0,United Kingdom
543975,90002D,FLOWER BURST SILVER RING CRYSTAL,2,2011-02-14 15:23:00,3.75,17231.0,United Kingdom
543975,90180B,PURPLE AMETHYST NECKLACE W TASSEL,1,2011-02-14 15:23:00,9.95,17231.0,United Kingdom
543975,90152C,BLUE/NAT SHELL NECKLACE W PENDANT,1,2011-02-14 15:23:00,5.95,17231.0,United Kingdom
543975,90152A,SILVER/NAT SHELL NECKLACE W PENDANT,1,2011-02-14 15:23:00,5.95,17231.0,United Kingdom
543975,90018A,SILVER M.O.P ORBIT DROP EARRINGS,2,2011-02-14 15:23:00,4.25,17231.0,United Kingdom
543975,90032,IVORY SHELL HEART NECKLACE,2,2011-02-14 15:23:00,6.25,17231.0,United Kingdom
543975,90023,FILIGREE DIAMANTE EARRINGS,2,2011-02-14 15:23:00,4.25,17231.0,United Kingdom
543975,90145,SILVER HOOP EARRINGS WITH FLOWER,1,2011-02-14 15:23:00,5.95,17231.0,United Kingdom
543975,90192,JADE DROP EARRINGS W FILIGREE,3,2011-02-14 15:23:00,4.95,17231.0,United Kingdom
543975,90016B,GOLD/M.O.P PENDANT ORBIT NECKLACE,1,2011-02-14 15:23:00,8.5,17231.0,United Kingdom
543975,90014A,SILVER/MOP ORBIT NECKLACE,2,2011-02-14 15:23:00,9.95,17231.0,United Kingdom
543975,90082A,DIAMANTE BOW BROOCH GREEN COLOUR,2,2011-02-14 15:23:00,6.35,17231.0,United Kingdom
543975,90162B,ANT SILVER LIME GREEN BOUDICCA RING,2,2011-02-14 15:23:00,2.95,17231.0,United Kingdom
543975,90162C,ANT SILVER FUSCHIA BOUDICCA RING,2,2011-02-14 15:23:00,2.95,17231.0,United Kingdom
543975,90082B,DIAMANTE BOW BROOCH RED COLOUR,2,2011-02-14 15:23:00,6.35,17231.0,United Kingdom
543976,84879,ASSORTED COLOUR BIRD ORNAMENT,160,2011-02-14 15:26:00,1.45,13089.0,United Kingdom
543976,22423,REGENCY CAKESTAND 3 TIER,72,2011-02-14 15:26:00,10.95,13089.0,United Kingdom
543976,21422,PORCELAIN ROSE SMALL,288,2011-02-14 15:26:00,0.72,13089.0,United Kingdom
543976,21421,PORCELAIN ROSE LARGE ,144,2011-02-14 15:26:00,1.06,13089.0,United Kingdom
543977,22384,LUNCH BAG PINK POLKADOT,10,2011-02-14 15:35:00,1.65,15615.0,United Kingdom
543977,21211,SET OF 72 SKULL PAPER  DOILIES,12,2011-02-14 15:35:00,1.45,15615.0,United Kingdom
543977,21210,SET OF 72 RETROSPOT PAPER  DOILIES,12,2011-02-14 15:35:00,1.45,15615.0,United Kingdom
543977,82551,LAUNDRY 15C METAL SIGN,12,2011-02-14 15:35:00,1.45,15615.0,United Kingdom
543977,22457,NATURAL SLATE HEART CHALKBOARD ,12,2011-02-14 15:35:00,2.95,15615.0,United Kingdom
543977,21623,VINTAGE UNION JACK MEMOBOARD,8,2011-02-14 15:35:00,9.95,15615.0,United Kingdom
543977,20723,STRAWBERRY CHARLOTTE BAG,10,2011-02-14 15:35:00,0.85,15615.0,United Kingdom
543977,21626,VINTAGE UNION JACK PENNANT,12,2011-02-14 15:35:00,1.95,15615.0,United Kingdom
543977,21621,VINTAGE UNION JACK BUNTING,12,2011-02-14 15:35:00,8.5,15615.0,United Kingdom
543977,22499,WOODEN UNION JACK BUNTING,12,2011-02-14 15:35:00,5.95,15615.0,United Kingdom
543977,20725,LUNCH BAG RED RETROSPOT,10,2011-02-14 15:35:00,1.65,15615.0,United Kingdom
543977,22355,CHARLOTTE BAG SUKI DESIGN,10,2011-02-14 15:35:00,0.85,15615.0,United Kingdom
543977,22720,SET OF 3 CAKE TINS PANTRY DESIGN ,3,2011-02-14 15:35:00,4.95,15615.0,United Kingdom
543977,21929,JUMBO BAG PINK VINTAGE PAISLEY,10,2011-02-14 15:35:00,1.95,15615.0,United Kingdom
543977,22411,JUMBO SHOPPER VINTAGE RED PAISLEY,10,2011-02-14 15:35:00,1.95,15615.0,United Kingdom
543977,20711,JUMBO BAG TOYS ,10,2011-02-14 15:35:00,1.95,15615.0,United Kingdom
543977,20713,JUMBO BAG OWLS,10,2011-02-14 15:35:00,1.95,15615.0,United Kingdom
543977,22265,EASTER DECORATION NATURAL CHICK,24,2011-02-14 15:35:00,0.65,15615.0,United Kingdom
543977,22284,HEN HOUSE DECORATION,12,2011-02-14 15:35:00,1.65,15615.0,United Kingdom
543977,22267,EASTER DECORATION EGG BUNNY ,12,2011-02-14 15:35:00,1.25,15615.0,United Kingdom
543977,22251,BIRDHOUSE DECORATION MAGIC GARDEN,12,2011-02-14 15:35:00,1.25,15615.0,United Kingdom
543977,22228,BUNNY WOODEN PAINTED WITH BIRD ,12,2011-02-14 15:35:00,0.85,15615.0,United Kingdom
543977,22178,VICTORIAN GLASS HANGING T-LIGHT,24,2011-02-14 15:35:00,1.25,15615.0,United Kingdom
543977,20727,LUNCH BAG  BLACK SKULL.,10,2011-02-14 15:35:00,1.65,15615.0,United Kingdom
543977,84029G,KNITTED UNION FLAG HOT WATER BOTTLE,24,2011-02-14 15:35:00,3.39,15615.0,United Kingdom
543978,22985,"WRAP, BILLBOARD FONTS DESIGN",25,2011-02-14 15:37:00,0.42,12867.0,United Kingdom
543978,22045,SPACEBOY GIFT WRAP,25,2011-02-14 15:37:00,0.42,12867.0,United Kingdom
543978,23233,WRAP POPPIES  DESIGN,25,2011-02-14 15:37:00,0.42,12867.0,United Kingdom
543978,23232,WRAP VINTAGE PETALS  DESIGN,25,2011-02-14 15:37:00,0.42,12867.0,United Kingdom
543978,23231,WRAP DOILEY DESIGN,25,2011-02-14 15:37:00,0.42,12867.0,United Kingdom
543978,85175,CACTI T-LIGHT CANDLES,32,2011-02-14 15:37:00,0.42,12867.0,United Kingdom
543978,22382,LUNCH BAG SPACEBOY DESIGN ,2,2011-02-14 15:37:00,1.65,12867.0,United Kingdom
543978,20727,LUNCH BAG  BLACK SKULL.,2,2011-02-14 15:37:00,1.65,12867.0,United Kingdom
543978,20726,LUNCH BAG WOODLAND,3,2011-02-14 15:37:00,1.65,12867.0,United Kingdom
543978,22383,LUNCH BAG SUKI  DESIGN ,3,2011-02-14 15:37:00,1.65,12867.0,United Kingdom
543978,20725,LUNCH BAG RED RETROSPOT,3,2011-02-14 15:37:00,1.65,12867.0,United Kingdom
543978,22662,LUNCH BAG DOLLY GIRL DESIGN,3,2011-02-14 15:37:00,1.65,12867.0,United Kingdom
543978,21876,POTTERING MUG,6,2011-02-14 15:37:00,1.25,12867.0,United Kingdom
543978,22411,JUMBO SHOPPER VINTAGE RED PAISLEY,2,2011-02-14 15:37:00,1.95,12867.0,United Kingdom
543978,84879,ASSORTED COLOUR BIRD ORNAMENT,16,2011-02-14 15:37:00,1.69,12867.0,United Kingdom
543978,21977,PACK OF 60 PINK PAISLEY CAKE CASES,6,2011-02-14 15:37:00,0.55,12867.0,United Kingdom
543978,84992,72 SWEETHEART FAIRY CAKE CASES,6,2011-02-14 15:37:00,0.55,12867.0,United Kingdom
543978,22348,TEA BAG PLATE RED RETROSPOT,10,2011-02-14 15:37:00,0.85,12867.0,United Kingdom
543978,22961,JAM MAKING SET PRINTED,10,2011-02-14 15:37:00,1.45,12867.0,United Kingdom
543978,82482,WOODEN PICTURE FRAME WHITE FINISH,6,2011-02-14 15:37:00,2.55,12867.0,United Kingdom
543978,22029,SPACEBOY BIRTHDAY CARD,24,2011-02-14 15:37:00,0.42,12867.0,United Kingdom
543978,22030,SWALLOWS GREETING CARD,12,2011-02-14 15:37:00,0.42,12867.0,United Kingdom
543978,22037,ROBOT BIRTHDAY CARD,12,2011-02-14 15:37:00,0.42,12867.0,United Kingdom
543978,22983,CARD BILLBOARD FONT,12,2011-02-14 15:37:00,0.42,12867.0,United Kingdom
543978,22815,CARD PSYCHEDELIC APPLES,24,2011-02-14 15:37:00,0.42,12867.0,United Kingdom
543978,21250,SET OF SKULL WALL STICKERS,1,2011-02-14 15:37:00,2.95,12867.0,United Kingdom
543978,20969,RED FLORAL FELTCRAFT SHOULDER BAG,4,2011-02-14 15:37:00,3.75,12867.0,United Kingdom
543978,20718,RED RETROSPOT SHOPPER BAG,6,2011-02-14 15:37:00,1.25,12867.0,United Kingdom
543978,20719,WOODLAND CHARLOTTE BAG,6,2011-02-14 15:37:00,0.85,12867.0,United Kingdom
543978,22355,CHARLOTTE BAG SUKI DESIGN,6,2011-02-14 15:37:00,0.85,12867.0,United Kingdom
543978,22661,CHARLOTTE BAG DOLLY GIRL DESIGN,6,2011-02-14 15:37:00,0.85,12867.0,United Kingdom
543978,20724,RED RETROSPOT CHARLOTTE BAG,6,2011-02-14 15:37:00,0.85,12867.0,United Kingdom
543978,21219,SET/4 BADGES BALLOON GIRL,2,2011-02-14 15:37:00,1.25,12867.0,United Kingdom
543978,21220,SET/4 BADGES DOGS,3,2011-02-14 15:37:00,1.25,12867.0,United Kingdom
543978,21222,SET/4 BADGES BEETLES,2,2011-02-14 15:37:00,1.25,12867.0,United Kingdom
543978,22356,CHARLOTTE BAG PINK POLKADOT,3,2011-02-14 15:37:00,0.85,12867.0,United Kingdom
543978,22139,RETROSPOT TEA SET CERAMIC 11 PC ,3,2011-02-14 15:37:00,4.95,12867.0,United Kingdom
543978,22650,CERAMIC PIRATE CHEST MONEY BANK,4,2011-02-14 15:37:00,1.45,12867.0,United Kingdom
543978,22230,JIGSAW TREE WITH WATERING CAN,10,2011-02-14 15:37:00,0.85,12867.0,United Kingdom
543978,21070,VINTAGE BILLBOARD MUG ,6,2011-02-14 15:37:00,1.25,12867.0,United Kingdom
543978,21071,VINTAGE BILLBOARD DRINK ME MUG,6,2011-02-14 15:37:00,1.25,12867.0,United Kingdom
543978,22951,60 CAKE CASES DOLLY GIRL DESIGN,2,2011-02-14 15:37:00,0.55,12867.0,United Kingdom
543978,21213,PACK OF 72 SKULL CAKE CASES,3,2011-02-14 15:37:00,0.55,12867.0,United Kingdom
543978,21976,PACK OF 60 MUSHROOM CAKE CASES,3,2011-02-14 15:37:00,0.55,12867.0,United Kingdom
543978,84991,60 TEATIME FAIRY CAKE CASES,3,2011-02-14 15:37:00,0.55,12867.0,United Kingdom
543978,21212,PACK OF 72 RETROSPOT CAKE CASES,6,2011-02-14 15:37:00,0.55,12867.0,United Kingdom
543978,22417,PACK OF 60 SPACEBOY CAKE CASES,3,2011-02-14 15:37:00,0.55,12867.0,United Kingdom
543978,17021,NAMASTE SWAGAT INCENSE,18,2011-02-14 15:37:00,0.3,12867.0,United Kingdom
543978,22274,FELTCRAFT DOLL EMILY,2,2011-02-14 15:37:00,2.95,12867.0,United Kingdom
543978,22271,FELTCRAFT DOLL ROSIE,2,2011-02-14 15:37:00,2.95,12867.0,United Kingdom
543978,22272,FELTCRAFT DOLL MARIA,2,2011-02-14 15:37:00,2.95,12867.0,United Kingdom
543978,22934,BAKING MOULD EASTER EGG WHITE CHOC,3,2011-02-14 15:37:00,2.95,12867.0,United Kingdom
543978,22933,BAKING MOULD EASTER EGG MILK CHOC,2,2011-02-14 15:37:00,2.95,12867.0,United Kingdom
543978,20972,PINK CREAM FELT CRAFT TRINKET BOX ,3,2011-02-14 15:37:00,1.25,12867.0,United Kingdom
543978,20971,PINK BLUE FELT CRAFT TRINKET BOX,3,2011-02-14 15:37:00,1.25,12867.0,United Kingdom
543978,22147,FELTCRAFT BUTTERFLY HEARTS,5,2011-02-14 15:37:00,1.45,12867.0,United Kingdom
543978,22148,EASTER CRAFT 4 CHICKS ,3,2011-02-14 15:37:00,1.95,12867.0,United Kingdom
543978,22149,FELTCRAFT 6 FLOWER FRIENDS,2,2011-02-14 15:37:00,2.1,12867.0,United Kingdom
543978,22149,FELTCRAFT 6 FLOWER FRIENDS,8,2011-02-14 15:37:00,2.1,12867.0,United Kingdom
543978,22960,JAM MAKING SET WITH JARS,3,2011-02-14 15:37:00,4.25,12867.0,United Kingdom
543978,22231,JIGSAW TREE WITH BIRDHOUSE,6,2011-02-14 15:37:00,1.45,12867.0,United Kingdom
543979,22072,RED RETROSPOT TEA CUP AND SAUCER ,1,2011-02-14 15:43:00,3.75,14606.0,United Kingdom
543979,84988,SET OF 72 PINK HEART PAPER DOILIES,2,2011-02-14 15:43:00,1.45,14606.0,United Kingdom
543979,22382,LUNCH BAG SPACEBOY DESIGN ,1,2011-02-14 15:43:00,1.65,14606.0,United Kingdom
543979,21931,JUMBO STORAGE BAG SUKI,1,2011-02-14 15:43:00,1.95,14606.0,United Kingdom
543979,22380,TOY TIDY SPACEBOY  ,2,2011-02-14 15:43:00,2.1,14606.0,United Kingdom
543979,72760B,VINTAGE CREAM 3 BASKET CAKE STAND,1,2011-02-14 15:43:00,9.95,14606.0,United Kingdom
543979,22333,RETROSPOT PARTY BAG + STICKER SET,1,2011-02-14 15:43:00,1.65,14606.0,United Kingdom
543979,21955,DOORMAT UNION JACK GUNS AND ROSES,1,2011-02-14 15:43:00,7.95,14606.0,United Kingdom
543979,48185,DOORMAT FAIRY CAKE,1,2011-02-14 15:43:00,7.95,14606.0,United Kingdom
543979,22606,WOODEN SKITTLES GARDEN SET,1,2011-02-14 15:43:00,15.95,14606.0,United Kingdom
543979,21463,MIRRORED DISCO BALL ,3,2011-02-14 15:43:00,5.95,14606.0,United Kingdom
543979,37449,CERAMIC CAKE STAND + HANGING CAKES,1,2011-02-14 15:43:00,9.95,14606.0,United Kingdom
543979,21758,VINTAGE SHELLS PRINT,1,2011-02-14 15:43:00,6.45,14606.0,United Kingdom
543979,85114A,BLACK ENCHANTED FOREST PLACEMAT,5,2011-02-14 15:43:00,1.65,14606.0,United Kingdom
543979,21363,HOME SMALL WOOD LETTERS,1,2011-02-14 15:43:00,4.95,14606.0,United Kingdom
543979,22107,PIZZA PLATE IN BOX,1,2011-02-14 15:43:00,3.75,14606.0,United Kingdom
543979,84880,WHITE WIRE EGG HOLDER,1,2011-02-14 15:43:00,7.5,14606.0,United Kingdom
543979,85078,SCANDINAVIAN 3 HEARTS NAPKIN RING,6,2011-02-14 15:43:00,0.65,14606.0,United Kingdom
543979,21284,RETROSPOT CANDLE  SMALL,1,2011-02-14 15:43:00,1.69,14606.0,United Kingdom
543979,84380,SET OF 3 BUTTERFLY COOKIE CUTTERS,1,2011-02-14 15:43:00,1.25,14606.0,United Kingdom
543979,85231G,ORANGE SCENTED SET/9 T-LIGHTS,1,2011-02-14 15:43:00,0.85,14606.0,United Kingdom
543979,22296,HEART IVORY TRELLIS LARGE,1,2011-02-14 15:43:00,1.65,14606.0,United Kingdom
543979,22219,LOVEBIRD HANGING DECORATION WHITE ,2,2011-02-14 15:43:00,0.85,14606.0,United Kingdom
543979,22227,HANGING HEART MIRROR DECORATION ,2,2011-02-14 15:43:00,0.65,14606.0,United Kingdom
543979,20669,RED HEART LUGGAGE TAG,1,2011-02-14 15:43:00,1.25,14606.0,United Kingdom
543979,22446,PIN CUSHION BABUSHKA PINK,1,2011-02-14 15:43:00,3.35,14606.0,United Kingdom
543979,22329,ROUND CONTAINER SET OF 5 RETROSPOT,1,2011-02-14 15:43:00,1.65,14606.0,United Kingdom
543979,20657,TROPICAL LUGGAGE TAG,1,2011-02-14 15:43:00,1.25,14606.0,United Kingdom
543979,22197,SMALL POPCORN HOLDER,1,2011-02-14 15:43:00,0.85,14606.0,United Kingdom
543979,21464,DISCO BALL ROTATOR BATTERY OPERATED,2,2011-02-14 15:43:00,4.25,14606.0,United Kingdom
543979,20749,ASSORTED COLOUR MINI CASES,1,2011-02-14 15:43:00,7.95,14606.0,United Kingdom
543979,22345,PARTY PIZZA DISH BLUE POLKADOT,3,2011-02-14 15:43:00,0.85,14606.0,United Kingdom
543979,82580,BATHROOM METAL SIGN,1,2011-02-14 15:43:00,0.55,14606.0,United Kingdom
543979,84510C,SET OF 4 POLKADOT COASTERS,1,2011-02-14 15:43:00,1.25,14606.0,United Kingdom
543979,22196,SMALL HEART MEASURING SPOONS,1,2011-02-14 15:43:00,0.85,14606.0,United Kingdom
543979,21889,WOODEN BOX OF DOMINOES,1,2011-02-14 15:43:00,1.25,14606.0,United Kingdom
543979,85176,SEWING SUSAN 21 NEEDLE SET,1,2011-02-14 15:43:00,0.85,14606.0,United Kingdom
543979,37446,MINI CAKE STAND WITH HANGING CAKES,1,2011-02-14 15:43:00,1.45,14606.0,United Kingdom
543979,21657,MILK BOTTLE WITH GLASS STOPPER ,1,2011-02-14 15:43:00,6.95,14606.0,United Kingdom
C543980,22728,ALARM CLOCK BAKELIKE PINK,-1,2011-02-14 16:39:00,3.75,14189.0,United Kingdom
