InvoiceNo,StockCode,Description,Quantity,InvoiceDate,UnitPrice,CustomerID,Country
C563894,21042,RED RETROSPOT APRON ,-1,2011-08-21 09:18:00,5.95,16330.0,United Kingdom
C563894,90064B,BLACK VINTAGE  CRYSTAL EARRINGS,-1,2011-08-21 09:18:00,3.75,16330.0,United Kingdom
563895,22383,LUNCH BAG SUKI DESIGN ,10,2011-08-21 10:35:00,1.65,18229.0,United Kingdom
563895,23209,LUNCH BAG DOILEY PATTERN ,20,2011-08-21 10:35:00,1.65,18229.0,United Kingdom
563895,23207,LUNCH BAG ALPHABET DESIGN,10,2011-08-21 10:35:00,1.65,18229.0,United Kingdom
563895,20727,LUNCH BAG  BLACK SKULL.,100,2011-08-21 10:35:00,1.45,18229.0,United Kingdom
563895,22727,ALARM CLOCK BAKELIKE RED ,8,2011-08-21 10:35:00,3.75,18229.0,United Kingdom
563895,22729,ALARM CLOCK BAKELIKE ORANGE,8,2011-08-21 10:35:00,3.75,18229.0,United Kingdom
563895,22845,VINTAGE CREAM CAT FOOD CONTAINER,12,2011-08-21 10:35:00,5.55,18229.0,United Kingdom
563895,22844,VINTAGE CREAM DOG FOOD CONTAINER,12,2011-08-21 10:35:00,7.65,18229.0,United Kingdom
563895,22384,LUNCH BAG PINK POLKADOT,20,2011-08-21 10:35:00,1.65,18229.0,United Kingdom
563895,22662,LUNCH BAG DOLLY GIRL DESIGN,20,2011-08-21 10:35:00,1.65,18229.0,United Kingdom
563896,22487,WHITE WOOD GARDEN PLANT LADDER,4,2011-08-21 10:44:00,8.5,17061.0,United Kingdom
563896,20749,ASSORTED COLOUR MINI CASES,12,2011-08-21 10:44:00,6.35,17061.0,United Kingdom
563896,22699,ROSES REGENCY TEACUP AND SAUCER ,24,2011-08-21 10:44:00,2.55,17061.0,United Kingdom
563896,22698,PINK REGENCY TEACUP AND SAUCER,24,2011-08-21 10:44:00,2.55,17061.0,United Kingdom
563896,22697,GREEN REGENCY TEACUP AND SAUCER,24,2011-08-21 10:44:00,2.55,17061.0,United Kingdom
563896,23342,MINT DINER WALL CLOCK,2,2011-08-21 10:44:00,8.5,17061.0,United Kingdom
563896,23341,PINK DINER WALL CLOCK,2,2011-08-21 10:44:00,8.5,17061.0,United Kingdom
563896,22192,BLUE DINER WALL CLOCK,2,2011-08-21 10:44:00,8.5,17061.0,United Kingdom
563896,22191,IVORY DINER WALL CLOCK,2,2011-08-21 10:44:00,8.5,17061.0,United Kingdom
563896,23152,IVORY SWEETHEART WIRE LETTER RACK ,4,2011-08-21 10:44:00,3.75,17061.0,United Kingdom
563896,22781,GUMBALL MAGAZINE RACK,4,2011-08-21 10:44:00,7.65,17061.0,United Kingdom
563897,POST,POSTAGE,1,2011-08-21 10:44:00,18.0,12523.0,France
563897,20914,SET/5 RED RETROSPOT LID GLASS BOWLS,6,2011-08-21 10:44:00,2.95,12523.0,France
563897,22619,SET OF 6 SOLDIER SKITTLES,4,2011-08-21 10:44:00,3.75,12523.0,France
563897,22617,BAKING SET SPACEBOY DESIGN,3,2011-08-21 10:44:00,4.95,12523.0,France
563897,22138,BAKING SET 9 PIECE RETROSPOT ,3,2011-08-21 10:44:00,4.95,12523.0,France
563897,22139,RETROSPOT TEA SET CERAMIC 11 PC ,3,2011-08-21 10:44:00,4.95,12523.0,France
563897,23177,TREASURE ISLAND BOOK BOX,8,2011-08-21 10:44:00,2.25,12523.0,France
563897,21531,RED RETROSPOT SUGAR JAM BOWL,6,2011-08-21 10:44:00,2.55,12523.0,France
563898,21213,PACK OF 72 SKULL CAKE CASES,24,2011-08-21 10:48:00,0.55,12971.0,United Kingdom
563898,22419,LIPSTICK PEN RED,100,2011-08-21 10:48:00,0.36,12971.0,United Kingdom
563898,22090,PAPER BUNTING RETROSPOT,40,2011-08-21 10:48:00,2.55,12971.0,United Kingdom
C563899,22726,ALARM CLOCK BAKELIKE GREEN,-1,2011-08-21 10:55:00,3.75,17097.0,Spain
C563899,21340,CLASSIC METAL BIRDCAGE PLANT HOLDER,-1,2011-08-21 10:55:00,12.75,17097.0,Spain
563900,85099C,JUMBO  BAG BAROQUE BLACK WHITE,200,2011-08-21 11:05:00,1.79,14566.0,Channel Islands
563900,85099B,JUMBO BAG RED RETROSPOT,200,2011-08-21 11:05:00,1.79,14566.0,Channel Islands
563900,23199,JUMBO BAG APPLES,200,2011-08-21 11:05:00,1.79,14566.0,Channel Islands
563900,22386,JUMBO BAG PINK POLKADOT,200,2011-08-21 11:05:00,1.79,14566.0,Channel Islands
563901,23174,REGENCY SUGAR BOWL GREEN,2,2011-08-21 11:05:00,4.15,17097.0,Spain
563901,23245,SET OF 3 REGENCY CAKE TINS,1,2011-08-21 11:05:00,4.95,17097.0,Spain
563902,85099B,JUMBO BAG RED RETROSPOT,200,2011-08-21 11:06:00,1.79,17029.0,United Kingdom
563903,22375,AIRLINE BAG VINTAGE JET SET BROWN,2,2011-08-21 11:15:00,4.25,17068.0,United Kingdom
563903,22371,AIRLINE BAG VINTAGE TOKYO 78,2,2011-08-21 11:15:00,4.25,17068.0,United Kingdom
563903,22383,LUNCH BAG SUKI DESIGN ,5,2011-08-21 11:15:00,1.65,17068.0,United Kingdom
563903,20728,LUNCH BAG CARS BLUE,5,2011-08-21 11:15:00,1.65,17068.0,United Kingdom
563903,84536A,ENGLISH ROSE NOTEBOOK A7 SIZE,12,2011-08-21 11:15:00,0.42,17068.0,United Kingdom
563903,47590A,BLUE HAPPY BIRTHDAY BUNTING,2,2011-08-21 11:15:00,5.45,17068.0,United Kingdom
563903,23298,SPOTTY BUNTING,3,2011-08-21 11:15:00,4.95,17068.0,United Kingdom
563903,85099B,JUMBO BAG RED RETROSPOT,10,2011-08-21 11:15:00,2.08,17068.0,United Kingdom
563903,22662,LUNCH BAG DOLLY GIRL DESIGN,5,2011-08-21 11:15:00,1.65,17068.0,United Kingdom
563903,20727,LUNCH BAG  BLACK SKULL.,5,2011-08-21 11:15:00,1.65,17068.0,United Kingdom
563903,23206,LUNCH BAG APPLE DESIGN,10,2011-08-21 11:15:00,1.65,17068.0,United Kingdom
563903,22379,RECYCLING BAG RETROSPOT ,10,2011-08-21 11:15:00,2.1,17068.0,United Kingdom
563903,22380,TOY TIDY SPACEBOY  ,6,2011-08-21 11:15:00,2.1,17068.0,United Kingdom
563903,22381,TOY TIDY PINK POLKADOT,4,2011-08-21 11:15:00,2.1,17068.0,United Kingdom
563903,23202,JUMBO BAG VINTAGE LEAF,5,2011-08-21 11:15:00,2.08,17068.0,United Kingdom
563903,23203,JUMBO BAG VINTAGE DOILY ,10,2011-08-21 11:15:00,2.08,17068.0,United Kingdom
563903,21213,PACK OF 72 SKULL CAKE CASES,4,2011-08-21 11:15:00,0.55,17068.0,United Kingdom
563903,21212,PACK OF 72 RETROSPOT CAKE CASES,4,2011-08-21 11:15:00,0.55,17068.0,United Kingdom
563903,21976,PACK OF 60 MUSHROOM CAKE CASES,4,2011-08-21 11:15:00,0.55,17068.0,United Kingdom
563903,21975,PACK OF 60 DINOSAUR CAKE CASES,4,2011-08-21 11:15:00,0.55,17068.0,United Kingdom
563903,84991,60 TEATIME FAIRY CAKE CASES,4,2011-08-21 11:15:00,0.55,17068.0,United Kingdom
563903,23307,SET OF 60 PANTRY DESIGN CAKE CASES ,4,2011-08-21 11:15:00,0.55,17068.0,United Kingdom
563903,22951,60 CAKE CASES DOLLY GIRL DESIGN,4,2011-08-21 11:15:00,0.55,17068.0,United Kingdom
563904,23341,PINK DINER WALL CLOCK,10,2011-08-21 11:29:00,8.5,13397.0,United Kingdom
563904,21137,BLACK RECORD COVER FRAME,48,2011-08-21 11:29:00,3.39,13397.0,United Kingdom
563905,82494L,WOODEN FRAME ANTIQUE WHITE ,6,2011-08-21 11:43:00,2.95,13267.0,United Kingdom
563905,23245,SET OF 3 REGENCY CAKE TINS,4,2011-08-21 11:43:00,4.95,13267.0,United Kingdom
563905,82486,WOOD S/3 CABINET ANT WHITE FINISH,2,2011-08-21 11:43:00,8.95,13267.0,United Kingdom
563905,21707,FOLDING UMBRELLA BLACKBLUE POLKADOT,4,2011-08-21 11:43:00,4.95,13267.0,United Kingdom
563905,21706,FOLDING UMBRELLA RED/WHITE POLKADOT,4,2011-08-21 11:43:00,4.95,13267.0,United Kingdom
563905,84879,ASSORTED COLOUR BIRD ORNAMENT,8,2011-08-21 11:43:00,1.69,13267.0,United Kingdom
563905,47566,PARTY BUNTING,8,2011-08-21 11:43:00,4.95,13267.0,United Kingdom
563905,21916,SET 12 RETRO WHITE CHALK STICKS,24,2011-08-21 11:43:00,0.42,13267.0,United Kingdom
563905,84755,COLOUR GLASS T-LIGHT HOLDER HANGING,16,2011-08-21 11:43:00,0.65,13267.0,United Kingdom
563905,22178,VICTORIAN GLASS HANGING T-LIGHT,24,2011-08-21 11:43:00,1.25,13267.0,United Kingdom
563905,22423,REGENCY CAKESTAND 3 TIER,3,2011-08-21 11:43:00,12.75,13267.0,United Kingdom
563905,23032,DRAWER KNOB CRACKLE GLAZE IVORY,18,2011-08-21 11:43:00,1.65,13267.0,United Kingdom
563905,22629,SPACEBOY LUNCH BOX ,12,2011-08-21 11:43:00,1.95,13267.0,United Kingdom
563905,22630,DOLLY GIRL LUNCH BOX,12,2011-08-21 11:43:00,1.95,13267.0,United Kingdom
563906,22699,ROSES REGENCY TEACUP AND SAUCER ,6,2011-08-21 11:50:00,2.95,14246.0,United Kingdom
563906,23245,SET OF 3 REGENCY CAKE TINS,4,2011-08-21 11:50:00,4.95,14246.0,United Kingdom
563906,22423,REGENCY CAKESTAND 3 TIER,2,2011-08-21 11:50:00,12.75,14246.0,United Kingdom
563906,23170,REGENCY TEA PLATE ROSES ,12,2011-08-21 11:50:00,1.65,14246.0,United Kingdom
563906,23173,REGENCY TEAPOT ROSES ,2,2011-08-21 11:50:00,9.95,14246.0,United Kingdom
563906,22801,ANTIQUE GLASS PEDESTAL BOWL,4,2011-08-21 11:50:00,3.75,14246.0,United Kingdom
563906,23275,SET OF 3 HANGING OWLS OLLIE BEAK,12,2011-08-21 11:50:00,1.25,14246.0,United Kingdom
563906,22418,10 COLOUR SPACEBOY PEN,24,2011-08-21 11:50:00,0.85,14246.0,United Kingdom
563906,23078,ICE CREAM PEN LIP GLOSS ,24,2011-08-21 11:50:00,1.25,14246.0,United Kingdom
563906,23310,BUBBLEGUM RING ASSORTED,72,2011-08-21 11:50:00,0.42,14246.0,United Kingdom
563906,21561,DINOSAUR LUNCH BOX WITH CUTLERY,6,2011-08-21 11:50:00,2.55,14246.0,United Kingdom
563906,22620,4 TRADITIONAL SPINNING TOPS,12,2011-08-21 11:50:00,1.45,14246.0,United Kingdom
563906,22493,PAINT YOUR OWN CANVAS SET,12,2011-08-21 11:50:00,1.65,14246.0,United Kingdom
563906,22492,MINI PAINT SET VINTAGE ,36,2011-08-21 11:50:00,0.65,14246.0,United Kingdom
563906,22621,TRADITIONAL KNITTING NANCY,12,2011-08-21 11:50:00,1.65,14246.0,United Kingdom
563906,22750,FELTCRAFT PRINCESS LOLA DOLL,8,2011-08-21 11:50:00,3.75,14246.0,United Kingdom
563906,20971,PINK BLUE FELT CRAFT TRINKET BOX,12,2011-08-21 11:50:00,1.25,14246.0,United Kingdom
563906,22383,LUNCH BAG SUKI DESIGN ,10,2011-08-21 11:50:00,1.65,14246.0,United Kingdom
563906,23239,SET OF 4 KNICK KNACK TINS POPPIES,6,2011-08-21 11:50:00,4.15,14246.0,United Kingdom
563906,23298,SPOTTY BUNTING,3,2011-08-21 11:50:00,4.95,14246.0,United Kingdom
563906,22301,COFFEE MUG CAT + BIRD DESIGN,6,2011-08-21 11:50:00,2.55,14246.0,United Kingdom
563906,22665,RECIPE BOX BLUE SKETCHBOOK DESIGN,6,2011-08-21 11:50:00,2.95,14246.0,United Kingdom
563906,22729,ALARM CLOCK BAKELIKE ORANGE,4,2011-08-21 11:50:00,3.75,14246.0,United Kingdom
563906,82484,WOOD BLACK BOARD ANT WHITE FINISH,2,2011-08-21 11:50:00,7.95,14246.0,United Kingdom
563906,23228,FILIGREE HEART BIRD WHITE ,24,2011-08-21 11:50:00,1.25,14246.0,United Kingdom
563907,82484,WOOD BLACK BOARD ANT WHITE FINISH,4,2011-08-21 11:57:00,7.95,14733.0,United Kingdom
563907,22169,FAMILY ALBUM WHITE PICTURE FRAME,8,2011-08-21 11:57:00,7.65,14733.0,United Kingdom
563907,71477,COLOUR GLASS. STAR T-LIGHT HOLDER,24,2011-08-21 11:57:00,2.75,14733.0,United Kingdom
563907,23298,SPOTTY BUNTING,12,2011-08-21 11:57:00,4.95,14733.0,United Kingdom
563907,47566,PARTY BUNTING,12,2011-08-21 11:57:00,4.95,14733.0,United Kingdom
563907,22720,SET OF 3 CAKE TINS PANTRY DESIGN ,6,2011-08-21 11:57:00,4.95,14733.0,United Kingdom
563907,84976,RECTANGULAR SHAPED MIRROR,12,2011-08-21 11:57:00,0.79,14733.0,United Kingdom
563908,23118,PARISIENNE JEWELLERY DRAWER ,3,2011-08-21 12:21:00,7.5,18109.0,United Kingdom
563908,23111,PARISIENNE SEWING BOX,2,2011-08-21 12:21:00,12.5,18109.0,United Kingdom
563908,22474,SPACEBOY TV DINNER TRAY,1,2011-08-21 12:21:00,4.95,18109.0,United Kingdom
563908,21447,12 IVORY ROSE PEG PLACE SETTINGS,9,2011-08-21 12:21:00,1.25,18109.0,United Kingdom
563908,21977,PACK OF 60 PINK PAISLEY CAKE CASES,5,2011-08-21 12:21:00,0.55,18109.0,United Kingdom
563908,22487,WHITE WOOD GARDEN PLANT LADDER,1,2011-08-21 12:21:00,9.95,18109.0,United Kingdom
563908,22961,JAM MAKING SET PRINTED,4,2011-08-21 12:21:00,1.45,18109.0,United Kingdom
563908,23245,SET OF 3 REGENCY CAKE TINS,8,2011-08-21 12:21:00,4.95,18109.0,United Kingdom
563908,22171,3 HOOK PHOTO SHELF ANTIQUE WHITE,1,2011-08-21 12:21:00,8.5,18109.0,United Kingdom
563908,22666,RECIPE BOX PANTRY YELLOW DESIGN,2,2011-08-21 12:21:00,2.95,18109.0,United Kingdom
563908,23110,PARISIENNE KEY CABINET ,2,2011-08-21 12:21:00,5.75,18109.0,United Kingdom
563908,85066,CREAM SWEETHEART MINI CHEST,4,2011-08-21 12:21:00,12.75,18109.0,United Kingdom
563908,82486,WOOD S/3 CABINET ANT WHITE FINISH,1,2011-08-21 12:21:00,8.95,18109.0,United Kingdom
563908,23293,SET OF 12 FAIRY CAKE BAKING CASES,8,2011-08-21 12:21:00,0.83,18109.0,United Kingdom
563908,23294,SET OF 6 SNACK LOAF BAKING CASES,8,2011-08-21 12:21:00,0.83,18109.0,United Kingdom
563908,23110,PARISIENNE KEY CABINET ,2,2011-08-21 12:21:00,5.75,18109.0,United Kingdom
563908,23296,SET OF 6 TEA TIME BAKING CASES,4,2011-08-21 12:21:00,1.25,18109.0,United Kingdom
563908,23295,SET OF 12 MINI LOAF BAKING CASES,8,2011-08-21 12:21:00,0.83,18109.0,United Kingdom
563908,22151,PLACE SETTING WHITE HEART,432,2011-08-21 12:21:00,0.36,18109.0,United Kingdom
563909,22557,PLASTERS IN TIN VINTAGE PAISLEY ,3,2011-08-21 12:36:00,1.65,15701.0,United Kingdom
563909,48184,DOORMAT ENGLISH ROSE ,1,2011-08-21 12:36:00,7.95,15701.0,United Kingdom
563909,48187,DOORMAT NEW ENGLAND,1,2011-08-21 12:36:00,7.95,15701.0,United Kingdom
563909,22551,PLASTERS IN TIN SPACEBOY,3,2011-08-21 12:36:00,1.65,15701.0,United Kingdom
563909,22555,PLASTERS IN TIN STRONGMAN,3,2011-08-21 12:36:00,1.65,15701.0,United Kingdom
563909,22180,RETROSPOT LAMP,1,2011-08-21 12:36:00,9.95,15701.0,United Kingdom
563909,21761,WOOD AND GLASS MEDICINE CABINET,1,2011-08-21 12:36:00,29.95,15701.0,United Kingdom
563909,22487,WHITE WOOD GARDEN PLANT LADDER,1,2011-08-21 12:36:00,9.95,15701.0,United Kingdom
563909,22762,CUPBOARD 3 DRAWER MA CAMPAGNE,1,2011-08-21 12:36:00,14.95,15701.0,United Kingdom
563909,22907,PACK OF 20 NAPKINS PANTRY DESIGN,3,2011-08-21 12:36:00,0.85,15701.0,United Kingdom
563909,85014B,RED RETROSPOT UMBRELLA,2,2011-08-21 12:36:00,5.95,15701.0,United Kingdom
563909,85014A,BLACK/BLUE POLKADOT UMBRELLA,1,2011-08-21 12:36:00,5.95,15701.0,United Kingdom
563909,22661,CHARLOTTE BAG DOLLY GIRL DESIGN,2,2011-08-21 12:36:00,0.85,15701.0,United Kingdom
563909,23298,SPOTTY BUNTING,3,2011-08-21 12:36:00,4.95,15701.0,United Kingdom
563909,47566,PARTY BUNTING,2,2011-08-21 12:36:00,4.95,15701.0,United Kingdom
563909,21794,CLASSIC FRENCH STYLE BASKET NATURAL,1,2011-08-21 12:36:00,3.95,15701.0,United Kingdom
563909,22114,HOT WATER BOTTLE TEA AND SYMPATHY,2,2011-08-21 12:36:00,4.25,15701.0,United Kingdom
563909,22698,PINK REGENCY TEACUP AND SAUCER,3,2011-08-21 12:36:00,2.95,15701.0,United Kingdom
563909,22699,ROSES REGENCY TEACUP AND SAUCER ,1,2011-08-21 12:36:00,2.95,15701.0,United Kingdom
563909,22697,GREEN REGENCY TEACUP AND SAUCER,3,2011-08-21 12:36:00,2.95,15701.0,United Kingdom
563909,22835,HOT WATER BOTTLE I AM SO POORLY,2,2011-08-21 12:36:00,4.65,15701.0,United Kingdom
563909,23108,SET OF 10 LED DOLLY LIGHTS,2,2011-08-21 12:36:00,6.25,15701.0,United Kingdom
563909,21933,PINK VINTAGE PAISLEY PICNIC BAG,2,2011-08-21 12:36:00,1.65,15701.0,United Kingdom
563909,20723,STRAWBERRY CHARLOTTE BAG,2,2011-08-21 12:36:00,0.85,15701.0,United Kingdom
563909,23209,LUNCH BAG VINTAGE DOILY ,2,2011-08-21 12:36:00,1.65,15701.0,United Kingdom
563909,20725,LUNCH BAG RED RETROSPOT,2,2011-08-21 12:36:00,1.65,15701.0,United Kingdom
563909,22423,REGENCY CAKESTAND 3 TIER,1,2011-08-21 12:36:00,12.75,15701.0,United Kingdom
563909,85202,HANGING WOOD AND FELT HEART,5,2011-08-21 12:36:00,0.42,15701.0,United Kingdom
563909,22169,FAMILY ALBUM WHITE PICTURE FRAME,2,2011-08-21 12:36:00,8.5,15701.0,United Kingdom
563909,21755,LOVE BUILDING BLOCK WORD,2,2011-08-21 12:36:00,5.95,15701.0,United Kingdom
563909,22699,ROSES REGENCY TEACUP AND SAUCER ,2,2011-08-21 12:36:00,2.95,15701.0,United Kingdom
563909,22093,MOTORING TISSUE BOX,3,2011-08-21 12:36:00,0.39,15701.0,United Kingdom
563909,22083,PAPER CHAIN KIT RETROSPOT,1,2011-08-21 12:36:00,2.95,15701.0,United Kingdom
563909,23331,DECORATIVE WICKER HEART SMALL,6,2011-08-21 12:36:00,0.63,15701.0,United Kingdom
563909,23330,DECORATIVE WICKER HEART MEDIUM,3,2011-08-21 12:36:00,1.25,15701.0,United Kingdom
563909,23334,IVORY WICKER HEART SMALL,6,2011-08-21 12:36:00,0.63,15701.0,United Kingdom
563909,23333,IVORY WICKER HEART MEDIUM,3,2011-08-21 12:36:00,1.25,15701.0,United Kingdom
563909,20665,RED RETROSPOT PURSE ,2,2011-08-21 12:36:00,2.95,15701.0,United Kingdom
563909,22094,RED RETROSPOT TISSUE BOX,2,2011-08-21 12:36:00,0.39,15701.0,United Kingdom
563909,21770,OPEN CLOSED METAL SIGN,1,2011-08-21 12:36:00,4.95,15701.0,United Kingdom
563909,22460,EMBOSSED GLASS TEALIGHT HOLDER,3,2011-08-21 12:36:00,1.25,15701.0,United Kingdom
563909,84536A,ENGLISH ROSE NOTEBOOK A7 SIZE,7,2011-08-21 12:36:00,0.42,15701.0,United Kingdom
563909,20984,12 PENCILS TALL TUBE POSY,3,2011-08-21 12:36:00,0.29,15701.0,United Kingdom
563909,22229,BUNNY WOODEN PAINTED WITH FLOWER ,1,2011-08-21 12:36:00,0.39,15701.0,United Kingdom
563909,22231,JIGSAW TREE WITH BIRDHOUSE,2,2011-08-21 12:36:00,0.59,15701.0,United Kingdom
563909,22228,BUNNY WOODEN PAINTED WITH BIRD ,2,2011-08-21 12:36:00,0.39,15701.0,United Kingdom
563909,21977,PACK OF 60 PINK PAISLEY CAKE CASES,1,2011-08-21 12:36:00,0.55,15701.0,United Kingdom
563909,23307,SET OF 60 PANTRY DESIGN CAKE CASES ,3,2011-08-21 12:36:00,0.55,15701.0,United Kingdom
563909,20669,RED HEART LUGGAGE TAG,3,2011-08-21 12:36:00,1.25,15701.0,United Kingdom
563909,21672,WHITE SPOT RED CERAMIC DRAWER KNOB,6,2011-08-21 12:36:00,1.25,15701.0,United Kingdom
563909,21671,RED SPOT CERAMIC DRAWER KNOB,6,2011-08-21 12:36:00,1.25,15701.0,United Kingdom
563909,21754,HOME BUILDING BLOCK WORD,2,2011-08-21 12:36:00,5.95,15701.0,United Kingdom
563909,21259,VICTORIAN SEWING BOX SMALL ,1,2011-08-21 12:36:00,5.95,15701.0,United Kingdom
563909,22138,BAKING SET 9 PIECE RETROSPOT ,1,2011-08-21 12:36:00,4.95,15701.0,United Kingdom
563909,20750,RED RETROSPOT MINI CASES,1,2011-08-21 12:36:00,7.95,15701.0,United Kingdom
563909,22617,BAKING SET SPACEBOY DESIGN,1,2011-08-21 12:36:00,4.95,15701.0,United Kingdom
563909,22804,CANDLEHOLDER PINK HANGING HEART,2,2011-08-21 12:36:00,2.95,15701.0,United Kingdom
563909,21733,RED HANGING HEART T-LIGHT HOLDER,2,2011-08-21 12:36:00,2.95,15701.0,United Kingdom
563909,21621,VINTAGE UNION JACK BUNTING,1,2011-08-21 12:36:00,8.5,15701.0,United Kingdom
563909,22277,COSMETIC BAG VINTAGE ROSE PAISLEY,3,2011-08-21 12:36:00,2.1,15701.0,United Kingdom
563909,23180,MUM'S KITCHEN CLOCK,1,2011-08-21 12:36:00,4.95,15701.0,United Kingdom
563909,23112,PARISIENNE CURIO CABINET,1,2011-08-21 12:36:00,7.5,15701.0,United Kingdom
563909,82483,WOOD 2 DRAWER CABINET WHITE FINISH,2,2011-08-21 12:36:00,6.95,15701.0,United Kingdom
563909,23144,ZINC T-LIGHT HOLDER STARS SMALL,12,2011-08-21 12:36:00,0.83,15701.0,United Kingdom
563909,85204,HANGING WOOD AND FELT FLOWER,5,2011-08-21 12:36:00,0.12,15701.0,United Kingdom
563909,21866,UNION JACK FLAG LUGGAGE TAG,2,2011-08-21 12:36:00,1.25,15701.0,United Kingdom
563909,21864,UNION JACK FLAG PASSPORT COVER ,2,2011-08-21 12:36:00,2.1,15701.0,United Kingdom
563909,22230,JIGSAW TREE WITH WATERING CAN,2,2011-08-21 12:36:00,0.29,15701.0,United Kingdom
563909,84970S,HANGING HEART ZINC T-LIGHT HOLDER,12,2011-08-21 12:36:00,0.85,15701.0,United Kingdom
563909,85066,CREAM SWEETHEART MINI CHEST,2,2011-08-21 12:36:00,12.75,15701.0,United Kingdom
563909,84970L,SINGLE HEART ZINC T-LIGHT HOLDER,12,2011-08-21 12:36:00,0.95,15701.0,United Kingdom
563909,22969,HOMEMADE JAM SCENTED CANDLES,12,2011-08-21 12:36:00,1.45,15701.0,United Kingdom
563909,85204,HANGING WOOD AND FELT FLOWER,5,2011-08-21 12:36:00,0.12,15701.0,United Kingdom
563909,85203,HANGING WOOD AND FELT BUTTERFLY ,5,2011-08-21 12:36:00,0.42,15701.0,United Kingdom
563909,23103,JINGLE BELL HEART DECORATION,3,2011-08-21 12:36:00,1.65,15701.0,United Kingdom
563909,47574A,ENGLISH ROSE SCENTED HANGING FLOWER,2,2011-08-21 12:36:00,0.75,15701.0,United Kingdom
563909,21984,PACK OF 12 PINK PAISLEY TISSUES ,12,2011-08-21 12:36:00,0.29,15701.0,United Kingdom
563909,21985,PACK OF 12 HEARTS DESIGN TISSUES ,12,2011-08-21 12:36:00,0.29,15701.0,United Kingdom
563909,22230,JIGSAW TREE WITH WATERING CAN,1,2011-08-21 12:36:00,0.29,15701.0,United Kingdom
563909,22231,JIGSAW TREE WITH BIRDHOUSE,1,2011-08-21 12:36:00,0.59,15701.0,United Kingdom
563909,82494L,WOODEN FRAME ANTIQUE WHITE ,6,2011-08-21 12:36:00,2.95,15701.0,United Kingdom
563909,85032C,CURIOUS IMAGES GIFT WRAP SET,2,2011-08-21 12:36:00,0.65,15701.0,United Kingdom
563909,35916B,BLUE FELT HANGING HEART WITH FLOWER,6,2011-08-21 12:36:00,0.85,15701.0,United Kingdom
563909,47574A,ENGLISH ROSE SCENTED HANGING FLOWER,4,2011-08-21 12:36:00,0.75,15701.0,United Kingdom
563909,22502,PICNIC BASKET WICKER SMALL,1,2011-08-21 12:36:00,5.95,15701.0,United Kingdom
563909,85212,MINI PAINTED GARDEN DECORATION ,12,2011-08-21 12:36:00,0.29,15701.0,United Kingdom
563909,23341,PINK DINER WALL CLOCK,1,2011-08-21 12:36:00,8.5,15701.0,United Kingdom
563909,22192,BLUE DINER WALL CLOCK,1,2011-08-21 12:36:00,8.5,15701.0,United Kingdom
563909,82482,WOODEN PICTURE FRAME WHITE FINISH,6,2011-08-21 12:36:00,2.55,15701.0,United Kingdom
563909,35916C,PINK FELT HANGING HEART W FLOWER,6,2011-08-21 12:36:00,0.85,15701.0,United Kingdom
563909,35916A,YELLOW FELT HANGING HEART W FLOWER,6,2011-08-21 12:36:00,0.85,15701.0,United Kingdom
563909,23342,MINT DINER WALL CLOCK,1,2011-08-21 12:36:00,8.5,15701.0,United Kingdom
563909,22630,DOLLY GIRL LUNCH BOX,1,2011-08-21 12:36:00,1.95,15701.0,United Kingdom
563909,22629,SPACEBOY LUNCH BOX ,2,2011-08-21 12:36:00,1.95,15701.0,United Kingdom
563909,23191,BUNDLE OF 3 RETRO NOTE BOOKS,2,2011-08-21 12:36:00,1.65,15701.0,United Kingdom
563909,23172,REGENCY TEA PLATE PINK,3,2011-08-21 12:36:00,1.65,15701.0,United Kingdom
563909,23171,REGENCY TEA PLATE GREEN ,3,2011-08-21 12:36:00,1.65,15701.0,United Kingdom
563909,23170,REGENCY TEA PLATE ROSES ,3,2011-08-21 12:36:00,1.65,15701.0,United Kingdom
563909,23089,GLASS BON BON JAR,6,2011-08-21 12:36:00,1.65,15701.0,United Kingdom
563909,22778,GLASS CLOCHE SMALL,1,2011-08-21 12:36:00,3.95,15701.0,United Kingdom
563909,23332,IVORY WICKER HEART LARGE,3,2011-08-21 12:36:00,1.65,15701.0,United Kingdom
563909,21803,CHRISTMAS TREE STAR DECORATION,36,2011-08-21 12:36:00,0.42,15701.0,United Kingdom
563909,21802,CHRISTMAS TREE HEART DECORATION,36,2011-08-21 12:36:00,0.42,15701.0,United Kingdom
563909,22089,PAPER BUNTING VINTAGE PAISLEY,3,2011-08-21 12:36:00,2.95,15701.0,United Kingdom
563909,22090,PAPER BUNTING RETROSPOT,2,2011-08-21 12:36:00,2.95,15701.0,United Kingdom
563909,22086,PAPER CHAIN KIT 50'S CHRISTMAS ,2,2011-08-21 12:36:00,2.95,15701.0,United Kingdom
563909,23245,SET OF 3 REGENCY CAKE TINS,1,2011-08-21 12:36:00,4.95,15701.0,United Kingdom
563909,22720,SET OF 3 CAKE TINS PANTRY DESIGN ,1,2011-08-21 12:36:00,4.95,15701.0,United Kingdom
563909,21991,BOHEMIAN COLLAGE STATIONERY SET,2,2011-08-21 12:36:00,1.25,15701.0,United Kingdom
563909,21992,VINTAGE PAISLEY STATIONERY SET,4,2011-08-21 12:36:00,1.25,15701.0,United Kingdom
563909,23198,PANTRY MAGNETIC  SHOPPING LIST,3,2011-08-21 12:36:00,1.45,15701.0,United Kingdom
563909,23322,LARGE WHITE HEART OF WICKER,4,2011-08-21 12:36:00,2.95,15701.0,United Kingdom
563909,84509A,SET OF 4 ENGLISH ROSE PLACEMATS,2,2011-08-21 12:36:00,3.75,15701.0,United Kingdom
563909,22778,GLASS CLOCHE SMALL,4,2011-08-21 12:36:00,3.95,15701.0,United Kingdom
563909,22070,SMALL RED RETROSPOT MUG IN BOX ,2,2011-08-21 12:36:00,3.75,15701.0,United Kingdom
563909,21977,PACK OF 60 PINK PAISLEY CAKE CASES,1,2011-08-21 12:36:00,0.55,15701.0,United Kingdom
563909,22951,60 CAKE CASES DOLLY GIRL DESIGN,2,2011-08-21 12:36:00,0.55,15701.0,United Kingdom
563909,22630,DOLLY GIRL LUNCH BOX,1,2011-08-21 12:36:00,1.95,15701.0,United Kingdom
563909,21108,FAIRY CAKE FLANNEL ASSORTED COLOUR,9,2011-08-21 12:36:00,2.55,15701.0,United Kingdom
563909,23274,STAR T-LIGHT HOLDER WILLIE WINKIE,12,2011-08-21 12:36:00,1.65,15701.0,United Kingdom
563909,23273,HEART T-LIGHT HOLDER WILLIE WINKIE,12,2011-08-21 12:36:00,1.65,15701.0,United Kingdom
563909,22469,HEART OF WICKER SMALL,4,2011-08-21 12:36:00,1.65,15701.0,United Kingdom
563909,23321,SMALL WHITE HEART OF WICKER,4,2011-08-21 12:36:00,1.65,15701.0,United Kingdom
563909,22470,HEART OF WICKER LARGE,3,2011-08-21 12:36:00,2.95,15701.0,United Kingdom
563909,35970,ZINC FOLKART SLEIGH BELLS,3,2011-08-21 12:36:00,1.69,15701.0,United Kingdom
563909,23319,BOX OF 6 MINI 50'S CRACKERS,2,2011-08-21 12:36:00,2.49,15701.0,United Kingdom
563909,23318,BOX OF 6 MINI VINTAGE CRACKERS,2,2011-08-21 12:36:00,2.49,15701.0,United Kingdom
563910,23173,REGENCY TEAPOT ROSES ,24,2011-08-21 12:37:00,8.15,17428.0,United Kingdom
563910,84884A,ANT WHITE WIRE HEART SPIRAL,15,2011-08-21 12:37:00,3.95,17428.0,United Kingdom
563910,22697,GREEN REGENCY TEACUP AND SAUCER,24,2011-08-21 12:37:00,2.55,17428.0,United Kingdom
563910,22699,ROSES REGENCY TEACUP AND SAUCER ,24,2011-08-21 12:37:00,2.55,17428.0,United Kingdom
563911,23345, DOLLY GIRL BEAKER,12,2011-08-21 12:39:00,1.25,16265.0,United Kingdom
563911,23346,SPACEBOY BEAKER,12,2011-08-21 12:39:00,1.25,16265.0,United Kingdom
563911,22400,MAGNETS PACK OF 4 HOME SWEET HOME,12,2011-08-21 12:39:00,0.39,16265.0,United Kingdom
563911,22197,POPCORN HOLDER,24,2011-08-21 12:39:00,0.85,16265.0,United Kingdom
563911,22607,WOODEN ROUNDERS GARDEN SET ,4,2011-08-21 12:39:00,9.95,16265.0,United Kingdom
563911,20728,LUNCH BAG CARS BLUE,10,2011-08-21 12:39:00,1.65,16265.0,United Kingdom
563911,22383,LUNCH BAG SUKI DESIGN ,10,2011-08-21 12:39:00,1.65,16265.0,United Kingdom
563911,22630,DOLLY GIRL LUNCH BOX,12,2011-08-21 12:39:00,1.95,16265.0,United Kingdom
563911,22631,CIRCUS PARADE LUNCH BOX ,12,2011-08-21 12:39:00,1.95,16265.0,United Kingdom
563911,21931,JUMBO STORAGE BAG SUKI,10,2011-08-21 12:39:00,2.08,16265.0,United Kingdom
563911,22411,JUMBO SHOPPER VINTAGE RED PAISLEY,10,2011-08-21 12:39:00,2.08,16265.0,United Kingdom
563911,22847,BREAD BIN DINER STYLE IVORY,3,2011-08-21 12:39:00,16.95,16265.0,United Kingdom
563911,79066K,RETRO MOD TRAY,20,2011-08-21 12:39:00,0.85,16265.0,United Kingdom
563911,22960,JAM MAKING SET WITH JARS,6,2011-08-21 12:39:00,4.25,16265.0,United Kingdom
563911,22726,ALARM CLOCK BAKELIKE GREEN,4,2011-08-21 12:39:00,3.75,16265.0,United Kingdom
563911,21497,FANCY FONTS BIRTHDAY WRAP,25,2011-08-21 12:39:00,0.42,16265.0,United Kingdom
563911,23168,CLASSIC CAFE SUGAR DISPENSER,12,2011-08-21 12:39:00,1.25,16265.0,United Kingdom
563911,21625,VINTAGE UNION JACK APRON,3,2011-08-21 12:39:00,6.95,16265.0,United Kingdom
563911,84029G,KNITTED UNION FLAG HOT WATER BOTTLE,4,2011-08-21 12:39:00,3.75,16265.0,United Kingdom
563911,C2,CARRIAGE,1,2011-08-21 12:39:00,50.0,16265.0,United Kingdom
563912,23199,JUMBO BAG APPLES,10,2011-08-21 12:58:00,2.08,17675.0,United Kingdom
563912,23200,JUMBO BAG PEARS,10,2011-08-21 12:58:00,2.08,17675.0,United Kingdom
563912,20712,JUMBO BAG WOODLAND ANIMALS,10,2011-08-21 12:58:00,2.08,17675.0,United Kingdom
563912,20713,JUMBO BAG OWLS,10,2011-08-21 12:58:00,2.08,17675.0,United Kingdom
563912,85099B,JUMBO BAG RED RETROSPOT,10,2011-08-21 12:58:00,2.08,17675.0,United Kingdom
563912,23203,JUMBO BAG VINTAGE DOILY ,10,2011-08-21 12:58:00,2.08,17675.0,United Kingdom
563912,20725,LUNCH BAG RED RETROSPOT,10,2011-08-21 12:58:00,1.65,17675.0,United Kingdom
563912,20726,LUNCH BAG WOODLAND,20,2011-08-21 12:58:00,1.65,17675.0,United Kingdom
563912,22382,LUNCH BAG SPACEBOY DESIGN ,10,2011-08-21 12:58:00,1.65,17675.0,United Kingdom
563912,23206,LUNCH BAG APPLE DESIGN,10,2011-08-21 12:58:00,1.65,17675.0,United Kingdom
563912,23208,LUNCH BAG VINTAGE LEAF DESIGN,10,2011-08-21 12:58:00,1.65,17675.0,United Kingdom
563912,23209,LUNCH BAG VINTAGE DOILY ,10,2011-08-21 12:58:00,1.65,17675.0,United Kingdom
563912,22191,IVORY DINER WALL CLOCK,4,2011-08-21 12:58:00,8.5,17675.0,United Kingdom
563912,22726,ALARM CLOCK BAKELIKE GREEN,8,2011-08-21 12:58:00,3.75,17675.0,United Kingdom
563912,22727,ALARM CLOCK BAKELIKE RED ,8,2011-08-21 12:58:00,3.75,17675.0,United Kingdom
563912,22730,ALARM CLOCK BAKELIKE IVORY,4,2011-08-21 12:58:00,3.75,17675.0,United Kingdom
563912,22728,ALARM CLOCK BAKELIKE PINK,4,2011-08-21 12:58:00,3.75,17675.0,United Kingdom
563912,23316,RED REFECTORY CLOCK ,2,2011-08-21 12:58:00,9.95,17675.0,United Kingdom
563912,23315,IVORY REFECTORY CLOCK,2,2011-08-21 12:58:00,9.95,17675.0,United Kingdom
563912,23287,RED VINTAGE SPOT BEAKER,8,2011-08-21 12:58:00,0.85,17675.0,United Kingdom
563912,23288,GREEN VINTAGE SPOT BEAKER,8,2011-08-21 12:58:00,0.85,17675.0,United Kingdom
563912,23286,BLUE VINTAGE SPOT BEAKER,8,2011-08-21 12:58:00,0.85,17675.0,United Kingdom
563912,47566,PARTY BUNTING,8,2011-08-21 12:58:00,4.95,17675.0,United Kingdom
563912,22720,SET OF 3 CAKE TINS PANTRY DESIGN ,3,2011-08-21 12:58:00,4.95,17675.0,United Kingdom
563912,21466,RED FLOWER CROCHET FOOD COVER,6,2011-08-21 12:58:00,3.75,17675.0,United Kingdom
563912,21465,PINK FLOWER CROCHET FOOD COVER,6,2011-08-21 12:58:00,3.75,17675.0,United Kingdom
563912,21467,CHERRY CROCHET FOOD COVER,6,2011-08-21 12:58:00,3.75,17675.0,United Kingdom
563912,22189,CREAM HEART CARD HOLDER,8,2011-08-21 12:58:00,3.95,17675.0,United Kingdom
563912,84879,ASSORTED COLOUR BIRD ORNAMENT,48,2011-08-21 12:58:00,1.69,17675.0,United Kingdom
563912,21174,POTTERING IN THE SHED METAL SIGN,24,2011-08-21 12:58:00,2.08,17675.0,United Kingdom
563912,82484,WOOD BLACK BOARD ANT WHITE FINISH,6,2011-08-21 12:58:00,7.95,17675.0,United Kingdom
563912,23076,ICE CREAM SUNDAE LIP GLOSS,24,2011-08-21 12:58:00,1.25,17675.0,United Kingdom
563912,22139,RETROSPOT TEA SET CERAMIC 11 PC ,3,2011-08-21 12:58:00,4.95,17675.0,United Kingdom
563912,21936,RED RETROSPOT PICNIC BAG,5,2011-08-21 12:58:00,2.95,17675.0,United Kingdom
563912,21932,SCANDINAVIAN PAISLEY PICNIC BAG,10,2011-08-21 12:58:00,1.65,17675.0,United Kingdom
563912,22558,CLOTHES PEGS RETROSPOT PACK 24 ,24,2011-08-21 12:58:00,1.65,17675.0,United Kingdom
563912,23240,SET OF 4 KNICK KNACK TINS DOILY ,6,2011-08-21 12:58:00,4.15,17675.0,United Kingdom
563912,23238,SET OF 4 KNICK KNACK TINS LONDON ,6,2011-08-21 12:58:00,4.15,17675.0,United Kingdom
563912,22767,TRIPLE PHOTO FRAME CORNICE ,2,2011-08-21 12:58:00,9.95,17675.0,United Kingdom
563912,22768,FAMILY PHOTO FRAME CORNICE,2,2011-08-21 12:58:00,9.95,17675.0,United Kingdom
563913,23199,JUMBO BAG APPLES,20,2011-08-21 13:11:00,2.08,14911.0,EIRE
563913,23202,JUMBO BAG VINTAGE LEAF,20,2011-08-21 13:11:00,2.08,14911.0,EIRE
563913,85099B,JUMBO BAG RED RETROSPOT,20,2011-08-21 13:11:00,2.08,14911.0,EIRE
563913,22704,WRAP RED APPLES ,25,2011-08-21 13:11:00,0.42,14911.0,EIRE
563913,82484,WOOD BLACK BOARD ANT WHITE FINISH,4,2011-08-21 13:11:00,7.95,14911.0,EIRE
563913,21411,GINGHAM HEART  DOORSTOP RED,3,2011-08-21 13:11:00,4.25,14911.0,EIRE
563913,22766,PHOTO FRAME CORNICE,8,2011-08-21 13:11:00,2.95,14911.0,EIRE
563913,22767,TRIPLE PHOTO FRAME CORNICE ,2,2011-08-21 13:11:00,9.95,14911.0,EIRE
563913,22427,ENAMEL FLOWER JUG CREAM,3,2011-08-21 13:11:00,5.95,14911.0,EIRE
563913,22843,BISCUIT TIN VINTAGE GREEN,4,2011-08-21 13:11:00,6.75,14911.0,EIRE
563913,22841,ROUND CAKE TIN VINTAGE GREEN,4,2011-08-21 13:11:00,7.95,14911.0,EIRE
563913,21471,STRAWBERRY RAFFIA FOOD COVER,6,2011-08-21 13:11:00,3.75,14911.0,EIRE
563913,22960,JAM MAKING SET WITH JARS,12,2011-08-21 13:11:00,3.75,14911.0,EIRE
563913,22079,RIBBON REEL HEARTS DESIGN ,10,2011-08-21 13:11:00,1.65,14911.0,EIRE
563913,23237,SET OF 4 KNICK KNACK TINS LEAF,6,2011-08-21 13:11:00,4.15,14911.0,EIRE
563913,C2,CARRIAGE,1,2011-08-21 13:11:00,50.0,14911.0,EIRE
563914,22898,CHILDRENS APRON APPLES DESIGN,8,2011-08-21 13:18:00,1.95,12518.0,Germany
563914,22367,CHILDRENS APRON SPACEBOY DESIGN,8,2011-08-21 13:18:00,1.95,12518.0,Germany
563914,22629,SPACEBOY LUNCH BOX ,12,2011-08-21 13:18:00,1.95,12518.0,Germany
563914,22551,PLASTERS IN TIN SPACEBOY,12,2011-08-21 13:18:00,1.65,12518.0,Germany
563914,22417,PACK OF 60 SPACEBOY CAKE CASES,24,2011-08-21 13:18:00,0.55,12518.0,Germany
563914,22534,MAGIC DRAWING SLATE SPACEBOY ,24,2011-08-21 13:18:00,0.42,12518.0,Germany
563914,22964,3 PIECE SPACEBOY COOKIE CUTTER SET,12,2011-08-21 13:18:00,2.1,12518.0,Germany
563914,22617,BAKING SET SPACEBOY DESIGN,3,2011-08-21 13:18:00,4.95,12518.0,Germany
563914,23292,SPACEBOY CHILDRENS CUP,8,2011-08-21 13:18:00,1.25,12518.0,Germany
563914,23290,SPACEBOY CHILDRENS BOWL,8,2011-08-21 13:18:00,1.25,12518.0,Germany
563914,21680,WOODLAND  STICKERS,12,2011-08-21 13:18:00,0.85,12518.0,Germany
563914,22326,ROUND SNACK BOXES SET OF4 WOODLAND ,6,2011-08-21 13:18:00,2.95,12518.0,Germany
563914,21559,STRAWBERRY LUNCH BOX WITH CUTLERY,6,2011-08-21 13:18:00,2.55,12518.0,Germany
563914,22328,ROUND SNACK BOXES SET OF 4 FRUITS ,6,2011-08-21 13:18:00,2.95,12518.0,Germany
563914,22630,DOLLY GIRL LUNCH BOX,12,2011-08-21 13:18:00,1.95,12518.0,Germany
563914,22631,CIRCUS PARADE LUNCH BOX ,12,2011-08-21 13:18:00,1.95,12518.0,Germany
563914,22659,LUNCH BOX I LOVE LONDON,12,2011-08-21 13:18:00,1.95,12518.0,Germany
563914,POST,POSTAGE,2,2011-08-21 13:18:00,18.0,12518.0,Germany
563915,23238,SET OF 4 KNICK KNACK TINS LONDON ,2,2011-08-21 13:24:00,4.15,14224.0,United Kingdom
563915,21654,RIDGED GLASS FINGER BOWL,6,2011-08-21 13:24:00,0.39,14224.0,United Kingdom
563915,23023,RIDGED BONNE JAM JAR T-LIGHT HOLDER,6,2011-08-21 13:24:00,1.65,14224.0,United Kingdom
563915,22940,FELTCRAFT CHRISTMAS FAIRY,1,2011-08-21 13:24:00,4.25,14224.0,United Kingdom
563915,22083,PAPER CHAIN KIT RETROSPOT,2,2011-08-21 13:24:00,2.95,14224.0,United Kingdom
563915,22086,PAPER CHAIN KIT 50'S CHRISTMAS ,1,2011-08-21 13:24:00,2.95,14224.0,United Kingdom
563915,21240,BLUE POLKADOT CUP,1,2011-08-21 13:24:00,0.85,14224.0,United Kingdom
563915,22085,PAPER CHAIN KIT SKULLS ,1,2011-08-21 13:24:00,2.95,14224.0,United Kingdom
563915,23023,RIDGED BONNE JAM JAR T-LIGHT HOLDER,6,2011-08-21 13:24:00,1.65,14224.0,United Kingdom
563915,23023,RIDGED BONNE JAM JAR T-LIGHT HOLDER,6,2011-08-21 13:24:00,1.65,14224.0,United Kingdom
563915,23341,PINK DINER WALL CLOCK,1,2011-08-21 13:24:00,8.5,14224.0,United Kingdom
563915,23342,MINT DINER WALL CLOCK,1,2011-08-21 13:24:00,8.5,14224.0,United Kingdom
563915,23160,REGENCY TEA SPOON,12,2011-08-21 13:24:00,1.25,14224.0,United Kingdom
563915,23327,HANGING CLEAR MINI BOTTLE,12,2011-08-21 13:24:00,0.63,14224.0,United Kingdom
563915,22606,WOODEN SKITTLES GARDEN SET,1,2011-08-21 13:24:00,15.95,14224.0,United Kingdom
563915,23015,CORDIAL GLASS JUG,1,2011-08-21 13:24:00,8.25,14224.0,United Kingdom
563915,21654,RIDGED GLASS FINGER BOWL,6,2011-08-21 13:24:00,0.39,14224.0,United Kingdom
563915,22560,TRADITIONAL MODELLING CLAY,4,2011-08-21 13:24:00,1.25,14224.0,United Kingdom
563915,23161,REGENCY CAKE FORK,24,2011-08-21 13:24:00,1.25,14224.0,United Kingdom
563915,23160,REGENCY TEA SPOON,12,2011-08-21 13:24:00,1.25,14224.0,United Kingdom
563915,23167,SMALL CERAMIC TOP STORAGE JAR ,16,2011-08-21 13:24:00,0.83,14224.0,United Kingdom
563916,22717,CARD DOG AND BALL ,12,2011-08-21 13:43:00,0.42,13435.0,United Kingdom
563916,21464,DISCO BALL ROTATOR BATTERY OPERATED,1,2011-08-21 13:43:00,4.25,13435.0,United Kingdom
563916,21463,MIRRORED DISCO BALL ,3,2011-08-21 13:43:00,5.95,13435.0,United Kingdom
563916,20668,DISCO BALL CHRISTMAS DECORATION,96,2011-08-21 13:43:00,0.12,13435.0,United Kingdom
563916,23252,VINTAGE RED ENAMEL TRIM JUG ,16,2011-08-21 13:43:00,3.75,13435.0,United Kingdom
563916,84978,HANGING HEART JAR T-LIGHT HOLDER,108,2011-08-21 13:43:00,1.06,13435.0,United Kingdom
563916,23169,CLASSIC GLASS COOKIE JAR,48,2011-08-21 13:43:00,3.75,13435.0,United Kingdom
563917,23548,WRAP MAGIC FOREST ,25,2011-08-21 13:46:00,0.42,14572.0,United Kingdom
563917,22710,WRAP I LOVE LONDON ,25,2011-08-21 13:46:00,0.42,14572.0,United Kingdom
563917,22624,IVORY KITCHEN SCALES,1,2011-08-21 13:46:00,8.5,14572.0,United Kingdom
563917,22900,SET 2 TEA TOWELS I LOVE LONDON ,3,2011-08-21 13:46:00,3.25,14572.0,United Kingdom
563917,22961,JAM MAKING SET PRINTED,4,2011-08-21 13:46:00,1.45,14572.0,United Kingdom
563917,51014A,"FEATHER PEN,HOT PINK",12,2011-08-21 13:46:00,0.39,14572.0,United Kingdom
563917,21621,VINTAGE UNION JACK BUNTING,1,2011-08-21 13:46:00,8.5,14572.0,United Kingdom
563917,23245,SET OF 3 REGENCY CAKE TINS,4,2011-08-21 13:46:00,4.95,14572.0,United Kingdom
563917,23306,SET OF 36 DOILIES PANTRY DESIGN,2,2011-08-21 13:46:00,1.45,14572.0,United Kingdom
563917,23192,BUNDLE OF 3 ALPHABET EXERCISE BOOKS,2,2011-08-21 13:46:00,1.65,14572.0,United Kingdom
563917,23190,BUNDLE OF 3 SCHOOL EXERCISE BOOKS  ,2,2011-08-21 13:46:00,1.65,14572.0,United Kingdom
563917,22970,LONDON BUS COFFEE MUG,6,2011-08-21 13:46:00,2.55,14572.0,United Kingdom
563917,21992,VINTAGE PAISLEY STATIONERY SET,2,2011-08-21 13:46:00,1.25,14572.0,United Kingdom
563917,21991,BOHEMIAN COLLAGE STATIONERY SET,2,2011-08-21 13:46:00,1.25,14572.0,United Kingdom
563917,71477,COLOUR GLASS. STAR T-LIGHT HOLDER,4,2011-08-21 13:46:00,3.25,14572.0,United Kingdom
563917,16045,POPART WOODEN PENCILS ASST,100,2011-08-21 13:46:00,0.04,14572.0,United Kingdom
563917,21123,SET/10 IVORY POLKADOT PARTY CANDLES,2,2011-08-21 13:46:00,1.25,14572.0,United Kingdom
563917,21122,SET/10 PINK POLKADOT PARTY CANDLES,2,2011-08-21 13:46:00,1.25,14572.0,United Kingdom
563917,21121,SET/10 RED POLKADOT PARTY CANDLES,2,2011-08-21 13:46:00,1.25,14572.0,United Kingdom
563917,84378,SET OF 3 HEART COOKIE CUTTERS,1,2011-08-21 13:46:00,1.25,14572.0,United Kingdom
563917,82483,WOOD 2 DRAWER CABINET WHITE FINISH,4,2011-08-21 13:46:00,6.95,14572.0,United Kingdom
563917,84558A,3D DOG PICTURE PLAYING CARDS,1,2011-08-21 13:46:00,2.95,14572.0,United Kingdom
563917,84558A,3D DOG PICTURE PLAYING CARDS,1,2011-08-21 13:46:00,2.95,14572.0,United Kingdom
563917,85014B,RED RETROSPOT UMBRELLA,2,2011-08-21 13:46:00,5.95,14572.0,United Kingdom
563917,85014A,BLACK/BLUE POLKADOT UMBRELLA,2,2011-08-21 13:46:00,5.95,14572.0,United Kingdom
563917,84558A,3D DOG PICTURE PLAYING CARDS,2,2011-08-21 13:46:00,2.95,14572.0,United Kingdom
563917,23310,BUBBLEGUM RING ASSORTED,72,2011-08-21 13:46:00,0.42,14572.0,United Kingdom
563917,21126,SET OF 6 GIRLS CELEBRATION CANDLES,2,2011-08-21 13:46:00,1.25,14572.0,United Kingdom
563917,22900,SET 2 TEA TOWELS I LOVE LONDON ,4,2011-08-21 13:46:00,3.25,14572.0,United Kingdom
563917,23198,PANTRY MAGNETIC  SHOPPING LIST,12,2011-08-21 13:46:00,1.45,14572.0,United Kingdom
563917,23159,SET OF 5 PANCAKE DAY MAGNETS,12,2011-08-21 13:46:00,2.08,14572.0,United Kingdom
563917,23154,SET OF 4 JAM JAR MAGNETS,12,2011-08-21 13:46:00,2.08,14572.0,United Kingdom
563917,22988,SOLDIERS EGG CUP ,12,2011-08-21 13:46:00,1.25,14572.0,United Kingdom
563917,22654,DELUXE SEWING KIT ,2,2011-08-21 13:46:00,5.95,14572.0,United Kingdom
563917,51014L,"FEATHER PEN,LIGHT PINK",24,2011-08-21 13:46:00,0.39,14572.0,United Kingdom
563917,47591D,PINK FAIRY CAKE CHILDRENS APRON,4,2011-08-21 13:46:00,1.95,14572.0,United Kingdom
563917,22971,QUEENS GUARD COFFEE MUG,6,2011-08-21 13:46:00,2.55,14572.0,United Kingdom
563917,23076,ICE CREAM SUNDAE LIP GLOSS,24,2011-08-21 13:46:00,1.25,14572.0,United Kingdom
563917,21621,VINTAGE UNION JACK BUNTING,1,2011-08-21 13:46:00,8.5,14572.0,United Kingdom
563917,23347,I LOVE LONDON BEAKER,2,2011-08-21 13:46:00,1.25,14572.0,United Kingdom
563917,47566,PARTY BUNTING,3,2011-08-21 13:46:00,4.95,14572.0,United Kingdom
563917,23298,SPOTTY BUNTING,1,2011-08-21 13:46:00,4.95,14572.0,United Kingdom
563917,22993,SET OF 4 PANTRY JELLY MOULDS,2,2011-08-21 13:46:00,1.25,14572.0,United Kingdom
563917,22659,LUNCH BOX I LOVE LONDON,4,2011-08-21 13:46:00,1.95,14572.0,United Kingdom
563917,22195,LARGE HEART MEASURING SPOONS,1,2011-08-21 13:46:00,1.65,14572.0,United Kingdom
563917,23298,SPOTTY BUNTING,4,2011-08-21 13:46:00,4.95,14572.0,United Kingdom
563917,22993,SET OF 4 PANTRY JELLY MOULDS,1,2011-08-21 13:46:00,1.25,14572.0,United Kingdom
563917,22195,LARGE HEART MEASURING SPOONS,1,2011-08-21 13:46:00,1.65,14572.0,United Kingdom
563917,22989,SET 2 PANTRY DESIGN TEA TOWELS,2,2011-08-21 13:46:00,3.25,14572.0,United Kingdom
563917,21561,DINOSAUR LUNCH BOX WITH CUTLERY,2,2011-08-21 13:46:00,2.55,14572.0,United Kingdom
563917,22659,LUNCH BOX I LOVE LONDON,2,2011-08-21 13:46:00,1.95,14572.0,United Kingdom
563917,22131,FOOD CONTAINER SET 3 LOVE HEART ,2,2011-08-21 13:46:00,1.95,14572.0,United Kingdom
563917,20677,PINK POLKADOT BOWL,8,2011-08-21 13:46:00,1.25,14572.0,United Kingdom
563917,23238,SET OF 4 KNICK KNACK TINS LONDON ,6,2011-08-21 13:46:00,4.15,14572.0,United Kingdom
563917,22197,POPCORN HOLDER,11,2011-08-21 13:46:00,0.85,14572.0,United Kingdom
563917,22752,SET 7 BABUSHKA NESTING BOXES,1,2011-08-21 13:46:00,8.5,14572.0,United Kingdom
563917,21080,SET/20 RED RETROSPOT PAPER NAPKINS ,3,2011-08-21 13:46:00,0.85,14572.0,United Kingdom
563917,22423,REGENCY CAKESTAND 3 TIER,1,2011-08-21 13:46:00,12.75,14572.0,United Kingdom
563917,22907,PACK OF 20 NAPKINS PANTRY DESIGN,4,2011-08-21 13:46:00,0.85,14572.0,United Kingdom
563917,37446,MINI CAKE STAND WITH HANGING CAKES,2,2011-08-21 13:46:00,1.45,14572.0,United Kingdom
563917,22055,MINI CAKE STAND  HANGING STRAWBERY,4,2011-08-21 13:46:00,1.65,14572.0,United Kingdom
563917,22759,SET OF 3 NOTEBOOKS IN PARCEL,7,2011-08-21 13:46:00,1.65,14572.0,United Kingdom
563917,22624,IVORY KITCHEN SCALES,1,2011-08-21 13:46:00,8.5,14572.0,United Kingdom
563917,22423,REGENCY CAKESTAND 3 TIER,2,2011-08-21 13:46:00,12.75,14572.0,United Kingdom
C563918,23198,PANTRY MAGNETIC  SHOPPING LIST,-1,2011-08-21 13:47:00,1.45,14572.0,United Kingdom
563919,23189,SET OF 12 FORK CANDLES,12,2011-08-21 13:48:00,2.89,14735.0,United Kingdom
563919,23359,SET OF 12 T-LIGHTS VINTAGE DOILY,12,2011-08-21 13:48:00,1.95,14735.0,United Kingdom
563919,23360,SET 8 CANDLES VINTAGE DOILY,12,2011-08-21 13:48:00,1.95,14735.0,United Kingdom
563919,71459,HANGING JAM JAR T-LIGHT HOLDER,48,2011-08-21 13:48:00,0.85,14735.0,United Kingdom
563920,82494L,WOODEN FRAME ANTIQUE WHITE ,6,2011-08-21 14:00:00,2.95,16407.0,United Kingdom
563920,82482,WOODEN PICTURE FRAME WHITE FINISH,6,2011-08-21 14:00:00,2.55,16407.0,United Kingdom
563920,82483,WOOD 2 DRAWER CABINET WHITE FINISH,2,2011-08-21 14:00:00,6.95,16407.0,United Kingdom
563920,82486,WOOD S/3 CABINET ANT WHITE FINISH,4,2011-08-21 14:00:00,8.95,16407.0,United Kingdom
563920,21476,STEEL SWEETHEART ROUND TABLE CREAM,2,2011-08-21 14:00:00,14.95,16407.0,United Kingdom
563920,85123A,WHITE HANGING HEART T-LIGHT HOLDER,6,2011-08-21 14:00:00,2.95,16407.0,United Kingdom
563920,21745,GAOLERS KEYS DECORATIVE GARDEN ,4,2011-08-21 14:00:00,3.75,16407.0,United Kingdom
563920,22676,FRENCH BLUE METAL DOOR SIGN 1,3,2011-08-21 14:00:00,1.25,16407.0,United Kingdom
563920,22677,FRENCH BLUE METAL DOOR SIGN 2,3,2011-08-21 14:00:00,1.25,16407.0,United Kingdom
563920,22678,FRENCH BLUE METAL DOOR SIGN 3,3,2011-08-21 14:00:00,1.25,16407.0,United Kingdom
563920,22679,FRENCH BLUE METAL DOOR SIGN 4,3,2011-08-21 14:00:00,1.25,16407.0,United Kingdom
563920,22680,FRENCH BLUE METAL DOOR SIGN 5,3,2011-08-21 14:00:00,1.25,16407.0,United Kingdom
563920,22681,FRENCH BLUE METAL DOOR SIGN 6,3,2011-08-21 14:00:00,1.25,16407.0,United Kingdom
563920,22682,FRENCH BLUE METAL DOOR SIGN 7,3,2011-08-21 14:00:00,1.25,16407.0,United Kingdom
563920,22683,FRENCH BLUE METAL DOOR SIGN 8,3,2011-08-21 14:00:00,1.25,16407.0,United Kingdom
563920,22684,FRENCH BLUE METAL DOOR SIGN 9,3,2011-08-21 14:00:00,1.25,16407.0,United Kingdom
563920,22686,FRENCH BLUE METAL DOOR SIGN No,10,2011-08-21 14:00:00,1.25,16407.0,United Kingdom
563920,47566B,TEA TIME PARTY BUNTING,2,2011-08-21 14:00:00,4.95,16407.0,United Kingdom
563920,23068,ALUMINIUM STAMPED HEART,4,2011-08-21 14:00:00,2.49,16407.0,United Kingdom
563920,22771,CLEAR DRAWER KNOB ACRYLIC EDWARDIAN,12,2011-08-21 14:00:00,1.25,16407.0,United Kingdom
563920,23032,DRAWER KNOB CRACKLE GLAZE IVORY,6,2011-08-21 14:00:00,1.65,16407.0,United Kingdom
563920,21668,RED STRIPE CERAMIC DRAWER KNOB,6,2011-08-21 14:00:00,1.25,16407.0,United Kingdom
563920,21672,WHITE SPOT RED CERAMIC DRAWER KNOB,6,2011-08-21 14:00:00,1.25,16407.0,United Kingdom
563920,21670,BLUE SPOT CERAMIC DRAWER KNOB,12,2011-08-21 14:00:00,1.25,16407.0,United Kingdom
563920,21669,BLUE STRIPE CERAMIC DRAWER KNOB,12,2011-08-21 14:00:00,1.25,16407.0,United Kingdom
563920,22772,PINK DRAWER KNOB ACRYLIC EDWARDIAN,12,2011-08-21 14:00:00,1.25,16407.0,United Kingdom
563920,22771,CLEAR DRAWER KNOB ACRYLIC EDWARDIAN,12,2011-08-21 14:00:00,1.25,16407.0,United Kingdom
563920,21671,RED SPOT CERAMIC DRAWER KNOB,12,2011-08-21 14:00:00,1.25,16407.0,United Kingdom
563920,21668,RED STRIPE CERAMIC DRAWER KNOB,6,2011-08-21 14:00:00,1.25,16407.0,United Kingdom
563920,23028,DRAWER KNOB CRACKLE GLAZE BLUE,6,2011-08-21 14:00:00,1.65,16407.0,United Kingdom
563920,23031,DRAWER KNOB CRACKLE GLAZE PINK,12,2011-08-21 14:00:00,1.65,16407.0,United Kingdom
563920,23034,DRAWER KNOB CERAMIC BLACK,12,2011-08-21 14:00:00,1.45,16407.0,United Kingdom
563920,23031,DRAWER KNOB CRACKLE GLAZE PINK,12,2011-08-21 14:00:00,1.65,16407.0,United Kingdom
563920,23035,DRAWER KNOB CERAMIC IVORY,12,2011-08-21 14:00:00,1.45,16407.0,United Kingdom
563920,23028,DRAWER KNOB CRACKLE GLAZE BLUE,2,2011-08-21 14:00:00,1.65,16407.0,United Kingdom
563920,23032,DRAWER KNOB CRACKLE GLAZE IVORY,12,2011-08-21 14:00:00,1.65,16407.0,United Kingdom
563920,21754,HOME BUILDING BLOCK WORD,2,2011-08-21 14:00:00,5.95,16407.0,United Kingdom
563921,48187,DOORMAT NEW ENGLAND,1,2011-08-21 14:00:00,7.95,16407.0,United Kingdom
563921,48185,DOORMAT FAIRY CAKE,1,2011-08-21 14:00:00,7.95,16407.0,United Kingdom
563922,22575,METAL MERRY CHRISTMAS WREATH,1,2011-08-21 14:10:00,1.95,14529.0,United Kingdom
563922,20998,ROSE DU SUD OVEN GLOVE,1,2011-08-21 14:10:00,2.95,14529.0,United Kingdom
563922,22246,MAGIC GARDEN FELT GARLAND ,1,2011-08-21 14:10:00,1.95,14529.0,United Kingdom
563922,23328,SET 6 SCHOOL MILK BOTTLES IN CRATE,1,2011-08-21 14:10:00,3.75,14529.0,United Kingdom
563922,20936,FORKED CACTUS CANDLE,1,2011-08-21 14:10:00,2.95,14529.0,United Kingdom
563922,23326,HANGING MINI COLOURED BOTTLES,9,2011-08-21 14:10:00,0.63,14529.0,United Kingdom
563922,84347,ROTATING SILVER ANGELS T-LIGHT HLDR,1,2011-08-21 14:10:00,2.55,14529.0,United Kingdom
563922,21982,PACK OF 12 SUKI TISSUES ,1,2011-08-21 14:10:00,0.29,14529.0,United Kingdom
563922,22616,PACK OF 12 LONDON TISSUES ,1,2011-08-21 14:10:00,0.29,14529.0,United Kingdom
563922,22945,CHRISTMAS METAL TAGS ASSORTED ,1,2011-08-21 14:10:00,0.85,14529.0,United Kingdom
563922,20933,YELLOW POT PLANT CANDLE,1,2011-08-21 14:10:00,2.95,14529.0,United Kingdom
563922,23247,BISCUIT TIN 50'S CHRISTMAS,1,2011-08-21 14:10:00,2.89,14529.0,United Kingdom
563922,22945,CHRISTMAS METAL TAGS ASSORTED ,3,2011-08-21 14:10:00,0.85,14529.0,United Kingdom
563922,22733,3D TRADITIONAL CHRISTMAS STICKERS,1,2011-08-21 14:10:00,1.25,14529.0,United Kingdom
563922,22734,SET OF 6 RIBBONS VINTAGE CHRISTMAS,1,2011-08-21 14:10:00,2.89,14529.0,United Kingdom
563922,21311,SET/4 BIRD MIRROR MAGNETS ,1,2011-08-21 14:10:00,0.29,14529.0,United Kingdom
563922,22158,3 HEARTS HANGING DECORATION RUSTIC,1,2011-08-21 14:10:00,2.95,14529.0,United Kingdom
563922,22187,GREEN CHRISTMAS TREE CARD HOLDER,1,2011-08-21 14:10:00,4.25,14529.0,United Kingdom
563922,22596,CHRISTMAS STAR WISH LIST CHALKBOARD,1,2011-08-21 14:10:00,1.25,14529.0,United Kingdom
563922,21591,COSY HOUR CIGAR BOX MATCHES ,1,2011-08-21 14:10:00,1.25,14529.0,United Kingdom
563922,21592,RETROSPOT CIGAR BOX MATCHES ,1,2011-08-21 14:10:00,1.25,14529.0,United Kingdom
563922,21403,BLUE EGG  SPOON,3,2011-08-21 14:10:00,0.12,14529.0,United Kingdom
563922,23144,ZINC T-LIGHT HOLDER STARS SMALL,3,2011-08-21 14:10:00,0.83,14529.0,United Kingdom
563922,85123A,WHITE HANGING HEART T-LIGHT HOLDER,2,2011-08-21 14:10:00,2.95,14529.0,United Kingdom
563922,84993A,75 GREEN PETIT FOUR CASES,1,2011-08-21 14:10:00,0.42,14529.0,United Kingdom
563922,22585,PACK OF 6 BIRDY GIFT TAGS,1,2011-08-21 14:10:00,1.25,14529.0,United Kingdom
563922,23295,SET OF 12 MINI LOAF BAKING CASES,2,2011-08-21 14:10:00,0.83,14529.0,United Kingdom
563922,23294,SET OF 6 SNACK LOAF BAKING CASES,1,2011-08-21 14:10:00,0.83,14529.0,United Kingdom
563922,21967,PACK OF 12 SKULL TISSUES,1,2011-08-21 14:10:00,0.29,14529.0,United Kingdom
563922,23297,SET 40 HEART SHAPE PETIT FOUR CASES,1,2011-08-21 14:10:00,1.65,14529.0,United Kingdom
563922,84879,ASSORTED COLOUR BIRD ORNAMENT,1,2011-08-21 14:10:00,1.69,14529.0,United Kingdom
563922,23309,SET OF 60 I LOVE LONDON CAKE CASES ,1,2011-08-21 14:10:00,0.55,14529.0,United Kingdom
563922,23192,BUNDLE OF 3 ALPHABET EXERCISE BOOKS,1,2011-08-21 14:10:00,1.65,14529.0,United Kingdom
563922,84754,S/15 SILVER GLASS BAUBLES IN BAG,2,2011-08-21 14:10:00,1.25,14529.0,United Kingdom
563922,21636,MADRAS NOTEBOOK MEDIUM,3,2011-08-21 14:10:00,0.75,14529.0,United Kingdom
563922,20984,12 PENCILS TALL TUBE POSY,3,2011-08-21 14:10:00,0.29,14529.0,United Kingdom
563922,22971,QUEENS GUARD COFFEE MUG,1,2011-08-21 14:10:00,2.55,14529.0,United Kingdom
563922,22304,COFFEE MUG BLUE PAISLEY DESIGN,2,2011-08-21 14:10:00,2.55,14529.0,United Kingdom
563922,22970,LONDON BUS COFFEE MUG,3,2011-08-21 14:10:00,2.55,14529.0,United Kingdom
563922,22301,COFFEE MUG CAT + BIRD DESIGN,2,2011-08-21 14:10:00,2.55,14529.0,United Kingdom
563922,22300,COFFEE MUG DOG + BALL DESIGN,2,2011-08-21 14:10:00,2.55,14529.0,United Kingdom
563922,22592,CARDHOLDER HOLLY WREATH METAL,1,2011-08-21 14:10:00,3.75,14529.0,United Kingdom
563922,22188,BLACK HEART CARD HOLDER,1,2011-08-21 14:10:00,3.95,14529.0,United Kingdom
563922,22306,SILVER MUG BONE CHINA TREE OF LIFE,6,2011-08-21 14:10:00,1.25,14529.0,United Kingdom
563922,22699,ROSES REGENCY TEACUP AND SAUCER ,1,2011-08-21 14:10:00,2.95,14529.0,United Kingdom
563922,22697,GREEN REGENCY TEACUP AND SAUCER,1,2011-08-21 14:10:00,2.95,14529.0,United Kingdom
563922,21374,MIRRORED WALL ART SKULLS,2,2011-08-21 14:10:00,1.25,14529.0,United Kingdom
563922,21372,MIRRORED WALL ART TABLE LAMP,1,2011-08-21 14:10:00,0.75,14529.0,United Kingdom
563922,22111,SCOTTIE DOG HOT WATER BOTTLE,2,2011-08-21 14:10:00,4.95,14529.0,United Kingdom
563922,21931,JUMBO STORAGE BAG SUKI,2,2011-08-21 14:10:00,2.08,14529.0,United Kingdom
563923,51014C,"FEATHER PEN,COAL BLACK",96,2011-08-21 14:19:00,0.39,14460.0,United Kingdom
563923,51014L,"FEATHER PEN,LIGHT PINK",96,2011-08-21 14:19:00,0.39,14460.0,United Kingdom
563923,35646,VINTAGE BEAD PINK EVENING BAG,24,2011-08-21 14:19:00,1.25,14460.0,United Kingdom
563923,20992,JAZZ HEARTS PURSE NOTEBOOK,48,2011-08-21 14:19:00,0.39,14460.0,United Kingdom
563923,20984,12 PENCILS TALL TUBE POSY,60,2011-08-21 14:19:00,0.29,14460.0,United Kingdom
563923,10133,COLOURING PENCILS BROWN TUBE,40,2011-08-21 14:19:00,0.42,14460.0,United Kingdom
563924,21143,ANTIQUE GLASS HEART DECORATION ,3,2011-08-21 14:32:00,1.95,15984.0,United Kingdom
563924,23359,SET OF 12 T-LIGHTS VINTAGE DOILY,3,2011-08-21 14:32:00,1.95,15984.0,United Kingdom
563924,21293,MIRRORED DOVE WALL DECORATION,1,2011-08-21 14:32:00,2.1,15984.0,United Kingdom
563924,21586,KINGS CHOICE GIANT TUBE MATCHES,1,2011-08-21 14:32:00,2.55,15984.0,United Kingdom
563924,22357,KINGS CHOICE BISCUIT TIN,1,2011-08-21 14:32:00,4.25,15984.0,United Kingdom
563924,84997D,CHILDRENS CUTLERY POLKADOT PINK,1,2011-08-21 14:32:00,4.15,15984.0,United Kingdom
563924,23255,CHILDRENS CUTLERY CIRCUS PARADE,1,2011-08-21 14:32:00,4.15,15984.0,United Kingdom
563924,23256,CHILDRENS CUTLERY SPACEBOY ,1,2011-08-21 14:32:00,4.15,15984.0,United Kingdom
563924,23254,CHILDRENS CUTLERY DOLLY GIRL ,1,2011-08-21 14:32:00,4.15,15984.0,United Kingdom
563924,21636,MADRAS NOTEBOOK MEDIUM,5,2011-08-21 14:32:00,0.75,15984.0,United Kingdom
563924,84846A,SCENTED CANDLE IN DIGITALIS TIN,2,2011-08-21 14:32:00,2.1,15984.0,United Kingdom
563924,18097C,WHITE TALL PORCELAIN T-LIGHT HOLDER,1,2011-08-21 14:32:00,2.55,15984.0,United Kingdom
563924,22878,NUMBER TILE COTTAGE GARDEN No,3,2011-08-21 14:32:00,2.1,15984.0,United Kingdom
563924,22870,NUMBER TILE COTTAGE GARDEN 2,1,2011-08-21 14:32:00,1.95,15984.0,United Kingdom
563924,22873,NUMBER TILE COTTAGE GARDEN 5,1,2011-08-21 14:32:00,1.95,15984.0,United Kingdom
563924,22870,NUMBER TILE COTTAGE GARDEN 2,1,2011-08-21 14:32:00,1.95,15984.0,United Kingdom
563924,23013,GLASS APOTHECARY BOTTLE TONIC,2,2011-08-21 14:32:00,3.95,15984.0,United Kingdom
563924,84978,HANGING HEART JAR T-LIGHT HOLDER,6,2011-08-21 14:32:00,1.25,15984.0,United Kingdom
563924,82482,WOODEN PICTURE FRAME WHITE FINISH,3,2011-08-21 14:32:00,2.55,15984.0,United Kingdom
563924,23236,STORAGE TIN VINTAGE DOILY ,2,2011-08-21 14:32:00,2.89,15984.0,United Kingdom
563924,22868,NUMBER TILE COTTAGE GARDEN 0 ,1,2011-08-21 14:32:00,1.95,15984.0,United Kingdom
563924,84843,WHITE SOAP RACK WITH 2 BOTTLES,1,2011-08-21 14:32:00,5.95,15984.0,United Kingdom
563924,21613,S/12 VANILLA  BOTANICAL T-LIGHTS,2,2011-08-21 14:32:00,2.95,15984.0,United Kingdom
563924,82494L,WOODEN FRAME ANTIQUE WHITE ,1,2011-08-21 14:32:00,2.95,15984.0,United Kingdom
563924,22795,SWEETHEART RECIPE BOOK STAND,1,2011-08-21 14:32:00,6.75,15984.0,United Kingdom
563924,22358,KINGS CHOICE TEA CADDY ,1,2011-08-21 14:32:00,2.95,15984.0,United Kingdom
563924,21918,SET 12 KIDS COLOUR  CHALK STICKS,2,2011-08-21 14:32:00,0.42,15984.0,United Kingdom
563924,22212,FOUR HOOK  WHITE LOVEBIRDS,1,2011-08-21 14:32:00,2.1,15984.0,United Kingdom
563924,21900,"KEY FOB , SHED",3,2011-08-21 14:32:00,0.65,15984.0,United Kingdom
563924,22872,NUMBER TILE COTTAGE GARDEN 4,1,2011-08-21 14:32:00,1.95,15984.0,United Kingdom
563924,22875,NUMBER TILE COTTAGE GARDEN 7,1,2011-08-21 14:32:00,1.95,15984.0,United Kingdom
563924,22869,NUMBER TILE COTTAGE GARDEN 1,1,2011-08-21 14:32:00,1.95,15984.0,United Kingdom
563924,22876,NUMBER TILE COTTAGE GARDEN 8,1,2011-08-21 14:32:00,1.95,15984.0,United Kingdom
563924,23286,BLUE VINTAGE SPOT BEAKER,3,2011-08-21 14:32:00,0.85,15984.0,United Kingdom
563924,23288,GREEN VINTAGE SPOT BEAKER,3,2011-08-21 14:32:00,0.85,15984.0,United Kingdom
563924,21625,VINTAGE UNION JACK APRON,2,2011-08-21 14:32:00,6.95,15984.0,United Kingdom
563924,22842,BISCUIT TIN VINTAGE RED,1,2011-08-21 14:32:00,6.75,15984.0,United Kingdom
563924,23285,PINK VINTAGE SPOT BEAKER,3,2011-08-21 14:32:00,0.85,15984.0,United Kingdom
563924,22907,PACK OF 20 NAPKINS PANTRY DESIGN,1,2011-08-21 14:32:00,0.85,15984.0,United Kingdom
563924,22963,JAM JAR WITH GREEN LID,6,2011-08-21 14:32:00,0.85,15984.0,United Kingdom
563924,18097C,WHITE TALL PORCELAIN T-LIGHT HOLDER,1,2011-08-21 14:32:00,2.55,15984.0,United Kingdom
563924,21974,SET OF 36 PAISLEY FLOWER DOILIES,1,2011-08-21 14:32:00,1.45,15984.0,United Kingdom
563924,23091,ZINC HERB GARDEN CONTAINER,2,2011-08-21 14:32:00,6.25,15984.0,United Kingdom
563924,21584,RETROSPOT SMALL TUBE MATCHES,6,2011-08-21 14:32:00,1.65,15984.0,United Kingdom
563924,23307,SET OF 60 PANTRY DESIGN CAKE CASES ,3,2011-08-21 14:32:00,0.55,15984.0,United Kingdom
563924,21977,PACK OF 60 PINK PAISLEY CAKE CASES,3,2011-08-21 14:32:00,0.55,15984.0,United Kingdom
563924,21212,PACK OF 72 RETROSPOT CAKE CASES,3,2011-08-21 14:32:00,0.55,15984.0,United Kingdom
563924,23359,SET OF 12 T-LIGHTS VINTAGE DOILY,3,2011-08-21 14:32:00,1.95,15984.0,United Kingdom
563924,23192,BUNDLE OF 3 ALPHABET EXERCISE BOOKS,2,2011-08-21 14:32:00,1.65,15984.0,United Kingdom
563924,22359,GLASS JAR KINGS CHOICE,2,2011-08-21 14:32:00,2.95,15984.0,United Kingdom
563924,22868,NUMBER TILE COTTAGE GARDEN 0 ,1,2011-08-21 14:32:00,1.95,15984.0,United Kingdom
563924,22336,DOVE DECORATION PAINTED ZINC ,5,2011-08-21 14:32:00,0.65,15984.0,United Kingdom
563924,21293,MIRRORED DOVE WALL DECORATION,12,2011-08-21 14:32:00,2.1,15984.0,United Kingdom
563924,22721,SET OF 3 CAKE TINS SKETCHBOOK,1,2011-08-21 14:32:00,4.95,15984.0,United Kingdom
563924,23306,SET OF 36 DOILIES PANTRY DESIGN,1,2011-08-21 14:32:00,1.45,15984.0,United Kingdom
563924,84970S,HANGING HEART ZINC T-LIGHT HOLDER,12,2011-08-21 14:32:00,0.85,15984.0,United Kingdom
563924,23152,IVORY SWEETHEART WIRE LETTER RACK ,2,2011-08-21 14:32:00,3.75,15984.0,United Kingdom
563924,22907,PACK OF 20 NAPKINS PANTRY DESIGN,2,2011-08-21 14:32:00,0.85,15984.0,United Kingdom
563924,22212,FOUR HOOK  WHITE LOVEBIRDS,2,2011-08-21 14:32:00,2.1,15984.0,United Kingdom
563924,22481,BLACK TEA TOWEL CLASSIC DESIGN,3,2011-08-21 14:32:00,1.25,15984.0,United Kingdom
563924,22076,6 RIBBONS EMPIRE  ,2,2011-08-21 14:32:00,1.65,15984.0,United Kingdom
563924,21901,"KEY FOB , BACK DOOR ",4,2011-08-21 14:32:00,0.65,15984.0,United Kingdom
563924,21899,GARAGE KEY FOB,1,2011-08-21 14:32:00,0.65,15984.0,United Kingdom
563924,22489,PACK OF 12 TRADITIONAL CRAYONS,2,2011-08-21 14:32:00,0.42,15984.0,United Kingdom
563924,22723,SET OF 6 HERB TINS SKETCHBOOK,1,2011-08-21 14:32:00,3.95,15984.0,United Kingdom
563924,22843,BISCUIT TIN VINTAGE GREEN,1,2011-08-21 14:32:00,6.75,15984.0,United Kingdom
563924,23197,SKETCHBOOK MAGNETIC SHOPPING LIST,2,2011-08-21 14:32:00,1.45,15984.0,United Kingdom
563924,22489,PACK OF 12 TRADITIONAL CRAYONS,1,2011-08-21 14:32:00,0.42,15984.0,United Kingdom
563924,22960,JAM MAKING SET WITH JARS,1,2011-08-21 14:32:00,4.25,15984.0,United Kingdom
563924,22665,RECIPE BOX BLUE SKETCHBOOK DESIGN,1,2011-08-21 14:32:00,2.95,15984.0,United Kingdom
563924,22101,MIRROR MOSAIC VOTIVE HOLDER,6,2011-08-21 14:32:00,2.1,15984.0,United Kingdom
563924,23132,SMALL IVORY HEART WALL ORGANISER,2,2011-08-21 14:32:00,5.75,15984.0,United Kingdom
563924,22497,SET OF 2 TINS VINTAGE BATHROOM ,2,2011-08-21 14:32:00,4.25,15984.0,United Kingdom
563924,21992,VINTAGE PAISLEY STATIONERY SET,2,2011-08-21 14:32:00,1.25,15984.0,United Kingdom
563924,82578,KITCHEN METAL SIGN,3,2011-08-21 14:32:00,0.55,15984.0,United Kingdom
563924,21363,HOME SMALL WOOD LETTERS,1,2011-08-21 14:32:00,4.95,15984.0,United Kingdom
563924,22078,RIBBON REEL LACE DESIGN ,5,2011-08-21 14:32:00,2.1,15984.0,United Kingdom
563924,84813,SET OF 4 DIAMOND NAPKIN RINGS,1,2011-08-21 14:32:00,12.75,15984.0,United Kingdom
563924,84792,ENCHANTED BIRD COATHANGER 5 HOOK,1,2011-08-21 14:32:00,4.65,15984.0,United Kingdom
563924,21172,PARTY METAL SIGN ,1,2011-08-21 14:32:00,1.45,15984.0,United Kingdom
563924,22557,PLASTERS IN TIN VINTAGE PAISLEY ,3,2011-08-21 14:32:00,1.65,15984.0,United Kingdom
563924,21114,LAVENDER SCENTED FABRIC HEART,10,2011-08-21 14:32:00,1.25,15984.0,United Kingdom
563924,23070,EDWARDIAN HEART PHOTO FRAME,4,2011-08-21 14:32:00,4.15,15984.0,United Kingdom
563924,84879,ASSORTED COLOUR BIRD ORNAMENT,8,2011-08-21 14:32:00,1.69,15984.0,United Kingdom
563924,21993,FLORAL FOLK STATIONERY SET,3,2011-08-21 14:32:00,1.25,15984.0,United Kingdom
563924,21903,MAN FLU METAL SIGN,1,2011-08-21 14:32:00,2.1,15984.0,United Kingdom
563924,82552,WASHROOM METAL SIGN,1,2011-08-21 14:32:00,1.45,15984.0,United Kingdom
563924,22115,METAL SIGN EMPIRE TEA,1,2011-08-21 14:32:00,0.79,15984.0,United Kingdom
563924,21165,BEWARE OF THE CAT METAL SIGN ,1,2011-08-21 14:32:00,1.69,15984.0,United Kingdom
563924,21172,PARTY METAL SIGN ,1,2011-08-21 14:32:00,1.45,15984.0,United Kingdom
563924,21172,PARTY METAL SIGN ,2,2011-08-21 14:32:00,1.45,15984.0,United Kingdom
563924,22488,NATURAL SLATE RECTANGLE CHALKBOARD,4,2011-08-21 14:32:00,1.65,15984.0,United Kingdom
563924,22457,NATURAL SLATE HEART CHALKBOARD ,6,2011-08-21 14:32:00,2.95,15984.0,United Kingdom
563924,22099,CARAVAN SQUARE TISSUE BOX,2,2011-08-21 14:32:00,0.39,15984.0,United Kingdom
563924,85169A,IVORY LOVE BIRD CANDLE,12,2011-08-21 14:32:00,1.25,15984.0,United Kingdom
563924,23153,ZINC SWEETHEART WIRE LETTER RACK,4,2011-08-21 14:32:00,3.75,15984.0,United Kingdom
563924,23152,IVORY SWEETHEART WIRE LETTER RACK ,4,2011-08-21 14:32:00,3.75,15984.0,United Kingdom
563924,82551,LAUNDRY 15C METAL SIGN,1,2011-08-21 14:32:00,1.45,15984.0,United Kingdom
563924,20669,RED HEART LUGGAGE TAG,3,2011-08-21 14:32:00,1.25,15984.0,United Kingdom
563924,21000,ROSE DU SUD COSMETICS BAG,4,2011-08-21 14:32:00,4.25,15984.0,United Kingdom
563924,82483,WOOD 2 DRAWER CABINET WHITE FINISH,1,2011-08-21 14:32:00,6.95,15984.0,United Kingdom
563924,82483,WOOD 2 DRAWER CABINET WHITE FINISH,1,2011-08-21 14:32:00,6.95,15984.0,United Kingdom
563924,23301,GARDENERS KNEELING PAD KEEP CALM ,1,2011-08-21 14:32:00,1.65,15984.0,United Kingdom
563924,23300,GARDENERS KNEELING PAD CUP OF TEA ,1,2011-08-21 14:32:00,1.65,15984.0,United Kingdom
563924,22113,GREY HEART HOT WATER BOTTLE,3,2011-08-21 14:32:00,3.75,15984.0,United Kingdom
563924,22494,EMERGENCY FIRST AID TIN ,3,2011-08-21 14:32:00,1.25,15984.0,United Kingdom
563924,22500,SET OF 2 TINS JARDIN DE PROVENCE,2,2011-08-21 14:32:00,4.95,15984.0,United Kingdom
563924,23093,SMALL PARISIENNE HEART PHOTO FRAME ,3,2011-08-21 14:32:00,2.49,15984.0,United Kingdom
563924,23209,LUNCH BAG VINTAGE DOILY ,5,2011-08-21 14:32:00,1.65,15984.0,United Kingdom
563924,22435,SET OF 9 HEART SHAPED BALLOONS,4,2011-08-21 14:32:00,1.25,15984.0,United Kingdom
563924,22555,PLASTERS IN TIN STRONGMAN,6,2011-08-21 14:32:00,1.65,15984.0,United Kingdom
563924,21916,SET 12 RETRO WHITE CHALK STICKS,4,2011-08-21 14:32:00,0.42,15984.0,United Kingdom
563924,21889,WOODEN BOX OF DOMINOES,2,2011-08-21 14:32:00,1.25,15984.0,United Kingdom
563924,22632,HAND WARMER RED RETROSPOT,3,2011-08-21 14:32:00,2.1,15984.0,United Kingdom
563924,18097C,WHITE TALL PORCELAIN T-LIGHT HOLDER,1,2011-08-21 14:32:00,2.55,15984.0,United Kingdom
563924,22409,MONEY BOX BISCUITS DESIGN,3,2011-08-21 14:32:00,1.25,15984.0,United Kingdom
563924,22692,DOORMAT WELCOME TO OUR HOME,1,2011-08-21 14:32:00,7.95,15984.0,United Kingdom
563924,22050,PINK PAISLEY ROSE GIFT WRAP,25,2011-08-21 14:32:00,0.42,15984.0,United Kingdom
563924,22986,WRAP GINGHAM ROSE ,25,2011-08-21 14:32:00,0.42,15984.0,United Kingdom
563924,23231,WRAP  VINTAGE DOILY ,25,2011-08-21 14:32:00,0.42,15984.0,United Kingdom
563924,21507,"ELEPHANT, BIRTHDAY CARD, ",12,2011-08-21 14:32:00,0.42,15984.0,United Kingdom
563924,22113,GREY HEART HOT WATER BOTTLE,3,2011-08-21 14:32:00,3.75,15984.0,United Kingdom
563924,21508,VINTAGE KID DOLLY CARD ,12,2011-08-21 14:32:00,0.42,15984.0,United Kingdom
563924,22904,CALENDAR PAPER CUT DESIGN,2,2011-08-21 14:32:00,2.95,15984.0,United Kingdom
563924,23004,TRAVEL CARD WALLET PANTRY,2,2011-08-21 14:32:00,0.42,15984.0,United Kingdom
563925,23328,SET 6 SCHOOL MILK BOTTLES IN CRATE,1,2011-08-21 14:42:00,3.75,13610.0,United Kingdom
563925,22943,CHRISTMAS LIGHTS 10 VINTAGE BAUBLES,2,2011-08-21 14:42:00,4.95,13610.0,United Kingdom
563925,22732,3D VINTAGE CHRISTMAS STICKERS ,1,2011-08-21 14:42:00,1.25,13610.0,United Kingdom
563925,22731,3D CHRISTMAS STAMPS STICKERS ,1,2011-08-21 14:42:00,1.25,13610.0,United Kingdom
563925,22950,36 DOILIES VINTAGE CHRISTMAS,2,2011-08-21 14:42:00,1.45,13610.0,United Kingdom
563925,22952,60 CAKE CASES VINTAGE CHRISTMAS,3,2011-08-21 14:42:00,0.55,13610.0,United Kingdom
563925,23152,IVORY SWEETHEART WIRE LETTER RACK ,1,2011-08-21 14:42:00,3.75,13610.0,United Kingdom
563925,23032,DRAWER KNOB CRACKLE GLAZE IVORY,6,2011-08-21 14:42:00,1.65,13610.0,United Kingdom
563925,22910,PAPER CHAIN KIT VINTAGE CHRISTMAS,2,2011-08-21 14:42:00,2.95,13610.0,United Kingdom
563925,23340,VINTAGE CHRISTMAS CAKE FRILL,2,2011-08-21 14:42:00,1.65,13610.0,United Kingdom
563925,23313,VINTAGE CHRISTMAS BUNTING,2,2011-08-21 14:42:00,4.95,13610.0,United Kingdom
563925,22734,SET OF 6 RIBBONS VINTAGE CHRISTMAS,2,2011-08-21 14:42:00,2.89,13610.0,United Kingdom
563925,84754,S/15 SILVER GLASS BAUBLES IN BAG,2,2011-08-21 14:42:00,1.25,13610.0,United Kingdom
563925,22694,WICKER STAR ,2,2011-08-21 14:42:00,2.1,13610.0,United Kingdom
563925,23130,MISTLETOE HEART WREATH GREEN,2,2011-08-21 14:42:00,4.15,13610.0,United Kingdom
563925,23244,ROUND STORAGE TIN VINTAGE LEAF,1,2011-08-21 14:42:00,1.95,13610.0,United Kingdom
563925,85099C,JUMBO  BAG BAROQUE BLACK WHITE,1,2011-08-21 14:42:00,2.08,13610.0,United Kingdom
563925,22411,JUMBO SHOPPER VINTAGE RED PAISLEY,1,2011-08-21 14:42:00,2.08,13610.0,United Kingdom
563925,23202,JUMBO BAG VINTAGE LEAF,2,2011-08-21 14:42:00,2.08,13610.0,United Kingdom
563925,84987,SET OF 36 TEATIME PAPER DOILIES,1,2011-08-21 14:42:00,1.45,13610.0,United Kingdom
563925,21974,SET OF 36 PAISLEY FLOWER DOILIES,1,2011-08-21 14:42:00,1.45,13610.0,United Kingdom
563925,23235,STORAGE TIN VINTAGE LEAF,1,2011-08-21 14:42:00,2.89,13610.0,United Kingdom
563925,23237,SET OF 4 KNICK KNACK TINS LEAF,1,2011-08-21 14:42:00,4.15,13610.0,United Kingdom
563925,23234,BISCUIT TIN VINTAGE CHRISTMAS,1,2011-08-21 14:42:00,2.89,13610.0,United Kingdom
563925,23319,BOX OF 6 MINI 50'S CRACKERS,2,2011-08-21 14:42:00,2.49,13610.0,United Kingdom
563925,22961,JAM MAKING SET PRINTED,2,2011-08-21 14:42:00,1.45,13610.0,United Kingdom
563925,23196,VINTAGE LEAF MAGNETIC NOTEPAD,1,2011-08-21 14:42:00,1.45,13610.0,United Kingdom
563925,23198,PANTRY MAGNETIC  SHOPPING LIST,1,2011-08-21 14:42:00,1.45,13610.0,United Kingdom
563925,23294,SET OF 6 SNACK LOAF BAKING CASES,1,2011-08-21 14:42:00,0.83,13610.0,United Kingdom
563925,23295,SET OF 12 MINI LOAF BAKING CASES,1,2011-08-21 14:42:00,0.83,13610.0,United Kingdom
563925,23293,SET OF 12 FAIRY CAKE BAKING CASES,1,2011-08-21 14:42:00,0.83,13610.0,United Kingdom
563925,23243,SET OF TEA COFFEE SUGAR TINS PANTRY,1,2011-08-21 14:42:00,4.95,13610.0,United Kingdom
563925,22666,RECIPE BOX PANTRY YELLOW DESIGN,1,2011-08-21 14:42:00,2.95,13610.0,United Kingdom
563925,23198,PANTRY MAGNETIC  SHOPPING LIST,1,2011-08-21 14:42:00,1.45,13610.0,United Kingdom
563925,22191,IVORY DINER WALL CLOCK,1,2011-08-21 14:42:00,8.5,13610.0,United Kingdom
563926,21936,RED RETROSPOT PICNIC BAG,5,2011-08-21 14:42:00,2.95,12553.0,France
563926,23196,VINTAGE LEAF MAGNETIC NOTEPAD,12,2011-08-21 14:42:00,1.45,12553.0,France
563926,22622,BOX OF VINTAGE ALPHABET BLOCKS,2,2011-08-21 14:42:00,11.95,12553.0,France
563926,22385,JUMBO BAG SPACEBOY DESIGN,10,2011-08-21 14:42:00,2.08,12553.0,France
563926,23202,JUMBO BAG VINTAGE LEAF,10,2011-08-21 14:42:00,2.08,12553.0,France
563926,85099B,JUMBO BAG RED RETROSPOT,10,2011-08-21 14:42:00,2.08,12553.0,France
563926,21931,JUMBO STORAGE BAG SUKI,10,2011-08-21 14:42:00,2.08,12553.0,France
563926,21221,SET/4 BADGES CUTE CREATURES,10,2011-08-21 14:42:00,1.25,12553.0,France
563926,21219,SET/4 BADGES BALLOON GIRL,10,2011-08-21 14:42:00,1.25,12553.0,France
563926,22437,SET OF 9 BLACK SKULL BALLOONS,20,2011-08-21 14:42:00,0.85,12553.0,France
563926,22554,PLASTERS IN TIN WOODLAND ANIMALS,12,2011-08-21 14:42:00,1.65,12553.0,France
563926,22553,PLASTERS IN TIN SKULLS,12,2011-08-21 14:42:00,1.65,12553.0,France
563926,22556,PLASTERS IN TIN CIRCUS PARADE ,12,2011-08-21 14:42:00,1.65,12553.0,France
563926,22569,FELTCRAFT CUSHION BUTTERFLY,4,2011-08-21 14:42:00,3.75,12553.0,France
563926,22749,FELTCRAFT PRINCESS CHARLOTTE DOLL,4,2011-08-21 14:42:00,3.75,12553.0,France
563926,22750,FELTCRAFT PRINCESS LOLA DOLL,4,2011-08-21 14:42:00,3.75,12553.0,France
563926,21672,WHITE SPOT RED CERAMIC DRAWER KNOB,12,2011-08-21 14:42:00,1.25,12553.0,France
563926,22139,RETROSPOT TEA SET CERAMIC 11 PC ,3,2011-08-21 14:42:00,4.95,12553.0,France
563926,21731,RED TOADSTOOL LED NIGHT LIGHT,12,2011-08-21 14:42:00,1.65,12553.0,France
563926,84077,WORLD WAR 2 GLIDERS ASSTD DESIGNS,48,2011-08-21 14:42:00,0.29,12553.0,France
563926,22435,SET OF 9 HEART SHAPED BALLOONS,12,2011-08-21 14:42:00,1.25,12553.0,France
563926,POST,POSTAGE,2,2011-08-21 14:42:00,18.0,12553.0,France
563927,21400,RED PUDDING SPOON,24,2011-08-21 15:01:00,0.12,14013.0,United Kingdom
563927,21992,VINTAGE PAISLEY STATIONERY SET,12,2011-08-21 15:01:00,1.25,14013.0,United Kingdom
563927,21991,BOHEMIAN COLLAGE STATIONERY SET,12,2011-08-21 15:01:00,1.25,14013.0,United Kingdom
563927,21990,MODERN FLORAL STATIONERY SET,12,2011-08-21 15:01:00,1.25,14013.0,United Kingdom
563927,23295,SET OF 12 MINI LOAF BAKING CASES,8,2011-08-21 15:01:00,0.83,14013.0,United Kingdom
563927,23293,SET OF 12 FAIRY CAKE BAKING CASES,8,2011-08-21 15:01:00,0.83,14013.0,United Kingdom
563927,23236,STORAGE TIN VINTAGE DOILY ,6,2011-08-21 15:01:00,2.89,14013.0,United Kingdom
563927,23245,SET OF 3 REGENCY CAKE TINS,8,2011-08-21 15:01:00,4.95,14013.0,United Kingdom
563927,22851,SET 20 NAPKINS FAIRY CAKES DESIGN ,12,2011-08-21 15:01:00,0.85,14013.0,United Kingdom
563927,22908,PACK OF 20 NAPKINS RED APPLES,12,2011-08-21 15:01:00,0.85,14013.0,United Kingdom
563927,22907,PACK OF 20 NAPKINS PANTRY DESIGN,12,2011-08-21 15:01:00,0.85,14013.0,United Kingdom
563927,21078,SET/20 STRAWBERRY PAPER NAPKINS ,12,2011-08-21 15:01:00,0.85,14013.0,United Kingdom
563927,21403,BLUE EGG  SPOON,24,2011-08-21 15:01:00,0.12,14013.0,United Kingdom
563927,21395,BLUE POLKADOT BEAKER ,48,2011-08-21 15:01:00,0.39,14013.0,United Kingdom
563927,21394,RED POLKADOT BEAKER ,48,2011-08-21 15:01:00,0.39,14013.0,United Kingdom
563928,90148,LONG SILVER NECKLACE PASTEL FLOWER,2,2011-08-21 15:17:00,12.75,17059.0,United Kingdom
563928,90124C,GREEN MURANO TWIST NECKLACE,3,2011-08-21 15:17:00,9.95,17059.0,United Kingdom
563928,90206C,CRYSTAL DIAMANTE STAR BROOCH,3,2011-08-21 15:17:00,4.95,17059.0,United Kingdom
563928,90184B,AMETHYST CHUNKY BEAD BRACELET W STR,2,2011-08-21 15:17:00,8.95,17059.0,United Kingdom
563928,90081C,LILY BROOCH OLIVE COLOUR,3,2011-08-21 15:17:00,4.95,17059.0,United Kingdom
563928,90081A,LILY BROOCH AMETHYST COLOUR,3,2011-08-21 15:17:00,4.95,17059.0,United Kingdom
563928,90030C,BROWN KUKUI COCONUT SEED NECKLACE,3,2011-08-21 15:17:00,1.0,17059.0,United Kingdom
563928,84997B,CHILDRENS CUTLERY RETROSPOT RED ,1,2011-08-21 15:17:00,4.15,17059.0,United Kingdom
563928,84997C,CHILDRENS CUTLERY POLKADOT BLUE,1,2011-08-21 15:17:00,4.15,17059.0,United Kingdom
563928,84997D,CHILDRENS CUTLERY POLKADOT PINK,1,2011-08-21 15:17:00,4.15,17059.0,United Kingdom
563928,23256,CHILDRENS CUTLERY SPACEBOY ,1,2011-08-21 15:17:00,4.15,17059.0,United Kingdom
563928,23343,JUMBO BAG VINTAGE CHRISTMAS ,2,2011-08-21 15:17:00,2.08,17059.0,United Kingdom
563928,21584,RETROSPOT SMALL TUBE MATCHES,4,2011-08-21 15:17:00,1.65,17059.0,United Kingdom
563928,22411,JUMBO SHOPPER VINTAGE RED PAISLEY,1,2011-08-21 15:17:00,2.08,17059.0,United Kingdom
563928,21929,JUMBO BAG PINK VINTAGE PAISLEY,2,2011-08-21 15:17:00,2.08,17059.0,United Kingdom
563928,22776,SWEETHEART CAKESTAND 3 TIER,1,2011-08-21 15:17:00,9.95,17059.0,United Kingdom
563928,82582,AREA PATROLLED METAL SIGN,3,2011-08-21 15:17:00,2.1,17059.0,United Kingdom
563928,21165,BEWARE OF THE CAT METAL SIGN ,1,2011-08-21 15:17:00,1.69,17059.0,United Kingdom
563928,21164,HOME SWEET HOME METAL SIGN ,1,2011-08-21 15:17:00,2.95,17059.0,United Kingdom
563928,82552,WASHROOM METAL SIGN,1,2011-08-21 15:17:00,1.45,17059.0,United Kingdom
563928,82551,LAUNDRY 15C METAL SIGN,1,2011-08-21 15:17:00,1.45,17059.0,United Kingdom
563928,21175,GIN + TONIC DIET METAL SIGN,1,2011-08-21 15:17:00,2.55,17059.0,United Kingdom
563928,21174,POTTERING IN THE SHED METAL SIGN,1,2011-08-21 15:17:00,2.08,17059.0,United Kingdom
563928,22413,METAL SIGN TAKE IT OR LEAVE IT ,1,2011-08-21 15:17:00,2.95,17059.0,United Kingdom
563928,22675,FRENCH KITCHEN SIGN BLUE METAL,1,2011-08-21 15:17:00,1.25,17059.0,United Kingdom
563928,22673,FRENCH GARDEN SIGN BLUE METAL,1,2011-08-21 15:17:00,1.25,17059.0,United Kingdom
563928,22674,FRENCH TOILET SIGN BLUE METAL,1,2011-08-21 15:17:00,1.25,17059.0,United Kingdom
563928,21770,OPEN CLOSED METAL SIGN,1,2011-08-21 15:17:00,4.95,17059.0,United Kingdom
563928,84792,ENCHANTED BIRD COATHANGER 5 HOOK,1,2011-08-21 15:17:00,4.65,17059.0,United Kingdom
563928,23357,HOT WATER BOTTLE SEX BOMB,1,2011-08-21 15:17:00,4.95,17059.0,United Kingdom
563928,21900,"KEY FOB , SHED",6,2011-08-21 15:17:00,0.65,17059.0,United Kingdom
563928,21899,GARAGE KEY FOB,5,2011-08-21 15:17:00,0.65,17059.0,United Kingdom
563928,21901,"KEY FOB , BACK DOOR ",4,2011-08-21 15:17:00,0.65,17059.0,United Kingdom
563928,21902,"KEY FOB , FRONT  DOOR ",6,2011-08-21 15:17:00,0.65,17059.0,United Kingdom
563928,47590A,BLUE HAPPY BIRTHDAY BUNTING,2,2011-08-21 15:17:00,5.45,17059.0,United Kingdom
563928,47590B,PINK HAPPY BIRTHDAY BUNTING,2,2011-08-21 15:17:00,5.45,17059.0,United Kingdom
563928,47566B,TEA TIME PARTY BUNTING,2,2011-08-21 15:17:00,4.95,17059.0,United Kingdom
563928,22585,PACK OF 6 BIRDY GIFT TAGS,8,2011-08-21 15:17:00,1.25,17059.0,United Kingdom
563928,21976,PACK OF 60 MUSHROOM CAKE CASES,1,2011-08-21 15:17:00,0.55,17059.0,United Kingdom
563928,21975,PACK OF 60 DINOSAUR CAKE CASES,1,2011-08-21 15:17:00,0.55,17059.0,United Kingdom
563928,22417,PACK OF 60 SPACEBOY CAKE CASES,1,2011-08-21 15:17:00,0.55,17059.0,United Kingdom
563928,21213,PACK OF 72 SKULL CAKE CASES,1,2011-08-21 15:17:00,0.55,17059.0,United Kingdom
563928,22951,60 CAKE CASES DOLLY GIRL DESIGN,2,2011-08-21 15:17:00,0.55,17059.0,United Kingdom
563928,84991,60 TEATIME FAIRY CAKE CASES,2,2011-08-21 15:17:00,0.55,17059.0,United Kingdom
563928,84992,72 SWEETHEART FAIRY CAKE CASES,1,2011-08-21 15:17:00,0.55,17059.0,United Kingdom
563928,21977,PACK OF 60 PINK PAISLEY CAKE CASES,1,2011-08-21 15:17:00,0.55,17059.0,United Kingdom
563928,23309,SET OF 60 I LOVE LONDON CAKE CASES ,1,2011-08-21 15:17:00,0.55,17059.0,United Kingdom
563928,23307,SET OF 60 PANTRY DESIGN CAKE CASES ,3,2011-08-21 15:17:00,0.55,17059.0,United Kingdom
563928,21212,PACK OF 72 RETROSPOT CAKE CASES,1,2011-08-21 15:17:00,0.55,17059.0,United Kingdom
563928,21933,PINK VINTAGE PAISLEY PICNIC BAG,1,2011-08-21 15:17:00,1.65,17059.0,United Kingdom
563928,23207,LUNCH BAG ALPHABET DESIGN,1,2011-08-21 15:17:00,1.65,17059.0,United Kingdom
563928,21136,PAINTED METAL PEARS ASSORTED,8,2011-08-21 15:17:00,1.69,17059.0,United Kingdom
563928,84879,ASSORTED COLOUR BIRD ORNAMENT,16,2011-08-21 15:17:00,1.69,17059.0,United Kingdom
563928,84755,COLOUR GLASS T-LIGHT HOLDER HANGING,16,2011-08-21 15:17:00,0.65,17059.0,United Kingdom
563928,22663,JUMBO BAG DOLLY GIRL DESIGN,3,2011-08-21 15:17:00,2.08,17059.0,United Kingdom
563928,22385,JUMBO BAG SPACEBOY DESIGN,1,2011-08-21 15:17:00,2.08,17059.0,United Kingdom
563928,85099F,JUMBO BAG STRAWBERRY,2,2011-08-21 15:17:00,2.08,17059.0,United Kingdom
563928,20711,JUMBO BAG TOYS ,2,2011-08-21 15:17:00,2.08,17059.0,United Kingdom
563928,23202,JUMBO BAG VINTAGE LEAF,1,2011-08-21 15:17:00,2.08,17059.0,United Kingdom
563928,23201,JUMBO BAG ALPHABET,2,2011-08-21 15:17:00,2.08,17059.0,United Kingdom
563928,20712,JUMBO BAG WOODLAND ANIMALS,2,2011-08-21 15:17:00,2.08,17059.0,United Kingdom
563928,85099C,JUMBO  BAG BAROQUE BLACK WHITE,2,2011-08-21 15:17:00,2.08,17059.0,United Kingdom
563928,20713,JUMBO BAG OWLS,2,2011-08-21 15:17:00,2.08,17059.0,United Kingdom
563928,22386,JUMBO BAG PINK POLKADOT,3,2011-08-21 15:17:00,2.08,17059.0,United Kingdom
563928,85099B,JUMBO BAG RED RETROSPOT,3,2011-08-21 15:17:00,2.08,17059.0,United Kingdom
563928,21931,JUMBO STORAGE BAG SUKI,3,2011-08-21 15:17:00,2.08,17059.0,United Kingdom
563928,21479,WHITE SKULL HOT WATER BOTTLE ,1,2011-08-21 15:17:00,3.75,17059.0,United Kingdom
563928,84032B,CHARLIE + LOLA RED HOT WATER BOTTLE,2,2011-08-21 15:17:00,2.95,17059.0,United Kingdom
563928,22835,HOT WATER BOTTLE I AM SO POORLY,1,2011-08-21 15:17:00,4.65,17059.0,United Kingdom
563928,84032A,CHARLIE+LOLA PINK HOT WATER BOTTLE,2,2011-08-21 15:17:00,2.95,17059.0,United Kingdom
563928,22114,HOT WATER BOTTLE TEA AND SYMPATHY,1,2011-08-21 15:17:00,4.25,17059.0,United Kingdom
563928,23358,HOT STUFF HOT WATER BOTTLE,1,2011-08-21 15:17:00,3.75,17059.0,United Kingdom
563928,21481,FAWN BLUE HOT WATER BOTTLE,1,2011-08-21 15:17:00,2.95,17059.0,United Kingdom
563928,21933,PINK VINTAGE PAISLEY PICNIC BAG,5,2011-08-21 15:17:00,1.65,17059.0,United Kingdom
563928,21932,SCANDINAVIAN PAISLEY PICNIC BAG,6,2011-08-21 15:17:00,1.65,17059.0,United Kingdom
563928,23209,LUNCH BAG VINTAGE DOILY ,1,2011-08-21 15:17:00,1.65,17059.0,United Kingdom
563928,22110,BIRD HOUSE HOT WATER BOTTLE,2,2011-08-21 15:17:00,2.55,17059.0,United Kingdom
563928,21484,CHICK GREY HOT WATER BOTTLE,1,2011-08-21 15:17:00,3.45,17059.0,United Kingdom
563928,22111,SCOTTIE DOG HOT WATER BOTTLE,1,2011-08-21 15:17:00,4.95,17059.0,United Kingdom
563928,23241,TREASURE TIN GYMKHANA DESIGN,2,2011-08-21 15:17:00,2.08,17059.0,United Kingdom
563928,23242,TREASURE TIN BUFFALO BILL ,2,2011-08-21 15:17:00,2.08,17059.0,United Kingdom
563928,22567,20 DOLLY PEGS RETROSPOT,2,2011-08-21 15:17:00,1.45,17059.0,United Kingdom
563928,22961,JAM MAKING SET PRINTED,6,2011-08-21 15:17:00,1.45,17059.0,United Kingdom
563928,47593B,SCOTTIE DOGS BABY BIB,4,2011-08-21 15:17:00,0.39,17059.0,United Kingdom
563928,47591D,PINK FAIRY CAKE CHILDRENS APRON,3,2011-08-21 15:17:00,1.95,17059.0,United Kingdom
563928,22558,CLOTHES PEGS RETROSPOT PACK 24 ,2,2011-08-21 15:17:00,1.65,17059.0,United Kingdom
563928,22367,CHILDRENS APRON SPACEBOY DESIGN,1,2011-08-21 15:17:00,1.95,17059.0,United Kingdom
563928,21156,RETROSPOT CHILDRENS APRON,2,2011-08-21 15:17:00,1.95,17059.0,United Kingdom
563928,22898,CHILDRENS APRON APPLES DESIGN,1,2011-08-21 15:17:00,1.95,17059.0,United Kingdom
563928,21155,RED RETROSPOT PEG BAG,1,2011-08-21 15:17:00,2.55,17059.0,United Kingdom
563928,85071B,RED CHARLIE+LOLA PERSONAL DOORSIGN,2,2011-08-21 15:17:00,0.39,17059.0,United Kingdom
563928,85071A,BLUE CHARLIE+LOLA PERSONAL DOORSIGN,2,2011-08-21 15:17:00,0.39,17059.0,United Kingdom
563928,85071D,CHARLIE+LOLA MY ROOM DOOR SIGN,2,2011-08-21 15:17:00,0.39,17059.0,United Kingdom
563928,85071C,"CHARLIE+LOLA""EXTREMELY BUSY"" SIGN",2,2011-08-21 15:17:00,0.39,17059.0,United Kingdom
563928,21621,VINTAGE UNION JACK BUNTING,2,2011-08-21 15:17:00,8.5,17059.0,United Kingdom
563928,20728,LUNCH BAG CARS BLUE,3,2011-08-21 15:17:00,1.65,17059.0,United Kingdom
563928,23208,LUNCH BAG VINTAGE LEAF DESIGN,2,2011-08-21 15:17:00,1.65,17059.0,United Kingdom
563928,20726,LUNCH BAG WOODLAND,3,2011-08-21 15:17:00,1.65,17059.0,United Kingdom
563928,23207,LUNCH BAG ALPHABET DESIGN,2,2011-08-21 15:17:00,1.65,17059.0,United Kingdom
563928,20727,LUNCH BAG  BLACK SKULL.,3,2011-08-21 15:17:00,1.65,17059.0,United Kingdom
563928,22382,LUNCH BAG SPACEBOY DESIGN ,2,2011-08-21 15:17:00,1.65,17059.0,United Kingdom
563928,22662,LUNCH BAG DOLLY GIRL DESIGN,3,2011-08-21 15:17:00,1.65,17059.0,United Kingdom
563928,21624,VINTAGE UNION JACK DOORSTOP,1,2011-08-21 15:17:00,5.95,17059.0,United Kingdom
563928,21407,BROWN CHECK CAT DOORSTOP ,1,2011-08-21 15:17:00,4.25,17059.0,United Kingdom
563928,21115,ROSE CARAVAN DOORSTOP,1,2011-08-21 15:17:00,6.75,17059.0,United Kingdom
563928,23206,LUNCH BAG APPLE DESIGN,3,2011-08-21 15:17:00,1.65,17059.0,United Kingdom
563928,22384,LUNCH BAG PINK POLKADOT,3,2011-08-21 15:17:00,1.65,17059.0,United Kingdom
563928,20725,LUNCH BAG RED RETROSPOT,4,2011-08-21 15:17:00,1.65,17059.0,United Kingdom
563928,22383,LUNCH BAG SUKI DESIGN ,2,2011-08-21 15:17:00,1.65,17059.0,United Kingdom
563928,23209,LUNCH BAG VINTAGE DOILY ,2,2011-08-21 15:17:00,1.65,17059.0,United Kingdom
563928,23199,JUMBO BAG APPLES,2,2011-08-21 15:17:00,2.08,17059.0,United Kingdom
563928,23200,JUMBO BAG PEARS,2,2011-08-21 15:17:00,2.08,17059.0,United Kingdom
563928,23203,JUMBO BAG VINTAGE DOILY ,2,2011-08-21 15:17:00,2.08,17059.0,United Kingdom
563928,23076,ICE CREAM SUNDAE LIP GLOSS,24,2011-08-21 15:17:00,1.25,17059.0,United Kingdom
563928,22138,BAKING SET 9 PIECE RETROSPOT ,1,2011-08-21 15:17:00,4.95,17059.0,United Kingdom
563928,21830,ASSORTED CREEPY CRAWLIES,24,2011-08-21 15:17:00,0.42,17059.0,United Kingdom
563928,23310,BUBBLEGUM RING ASSORTED,108,2011-08-21 15:17:00,0.42,17059.0,United Kingdom
563928,22372,AIRLINE BAG VINTAGE WORLD CHAMPION ,1,2011-08-21 15:17:00,4.25,17059.0,United Kingdom
563928,48194,DOORMAT HEARTS,1,2011-08-21 15:17:00,7.95,17059.0,United Kingdom
563928,48184,DOORMAT ENGLISH ROSE ,1,2011-08-21 15:17:00,7.95,17059.0,United Kingdom
563928,15056P,EDWARDIAN PARASOL PINK,1,2011-08-21 15:17:00,5.95,17059.0,United Kingdom
563928,15056N,EDWARDIAN PARASOL NATURAL,1,2011-08-21 15:17:00,5.95,17059.0,United Kingdom
563928,20679,EDWARDIAN PARASOL RED,1,2011-08-21 15:17:00,5.95,17059.0,United Kingdom
563928,21034,REX CASH+CARRY JUMBO SHOPPER,2,2011-08-21 15:17:00,0.95,17059.0,United Kingdom
563928,85014B,RED RETROSPOT UMBRELLA,1,2011-08-21 15:17:00,5.95,17059.0,United Kingdom
563928,15056BL,EDWARDIAN PARASOL BLACK,1,2011-08-21 15:17:00,5.95,17059.0,United Kingdom
563928,15060B,FAIRY CAKE DESIGN UMBRELLA,2,2011-08-21 15:17:00,3.75,17059.0,United Kingdom
563928,85014A,BLACK/BLUE POLKADOT UMBRELLA,1,2011-08-21 15:17:00,5.95,17059.0,United Kingdom
563929,22551,PLASTERS IN TIN SPACEBOY,1,2011-08-21 15:35:00,1.65,15031.0,United Kingdom
563929,22554,PLASTERS IN TIN WOODLAND ANIMALS,1,2011-08-21 15:35:00,1.65,15031.0,United Kingdom
563929,22556,PLASTERS IN TIN CIRCUS PARADE ,1,2011-08-21 15:35:00,1.65,15031.0,United Kingdom
563929,21790,VINTAGE SNAP CARDS,2,2011-08-21 15:35:00,0.85,15031.0,United Kingdom
563929,72760B,VINTAGE CREAM 3 BASKET CAKE STAND,1,2011-08-21 15:35:00,9.95,15031.0,United Kingdom
563929,21906,PHARMACIE FIRST AID TIN,1,2011-08-21 15:35:00,6.75,15031.0,United Kingdom
563929,21670,BLUE SPOT CERAMIC DRAWER KNOB,6,2011-08-21 15:35:00,1.25,15031.0,United Kingdom
563929,22900,SET 2 TEA TOWELS I LOVE LONDON ,1,2011-08-21 15:35:00,3.25,15031.0,United Kingdom
563929,84375,SET OF 20 KIDS COOKIE CUTTERS,1,2011-08-21 15:35:00,2.1,15031.0,United Kingdom
563929,85035C,ROSE 3 WICK MORRIS BOX CANDLE,2,2011-08-21 15:35:00,4.25,15031.0,United Kingdom
563929,85036A,GARDENIA 1 WICK MORRIS BOXED CANDLE,1,2011-08-21 15:35:00,4.25,15031.0,United Kingdom
563929,23242,TREASURE TIN BUFFALO BILL ,2,2011-08-21 15:35:00,2.08,15031.0,United Kingdom
563929,23240,SET OF 4 KNICK KNACK TINS DOILY ,2,2011-08-21 15:35:00,4.15,15031.0,United Kingdom
563929,23238,SET OF 4 KNICK KNACK TINS LONDON ,1,2011-08-21 15:35:00,4.15,15031.0,United Kingdom
563929,22795,SWEETHEART RECIPE BOOK STAND,1,2011-08-21 15:35:00,6.75,15031.0,United Kingdom
563929,23245,SET OF 3 REGENCY CAKE TINS,2,2011-08-21 15:35:00,4.95,15031.0,United Kingdom
563929,22497,SET OF 2 TINS VINTAGE BATHROOM ,1,2011-08-21 15:35:00,4.25,15031.0,United Kingdom
563929,23118,PARISIENNE JEWELLERY DRAWER ,1,2011-08-21 15:35:00,7.5,15031.0,United Kingdom
563929,22197,POPCORN HOLDER,20,2011-08-21 15:35:00,0.85,15031.0,United Kingdom
563930,23002,TRAVEL CARD WALLET SKULLS,1,2011-08-21 15:43:00,0.42,,United Kingdom
563930,23005,TRAVEL CARD WALLET I LOVE LONDON,1,2011-08-21 15:43:00,0.42,,United Kingdom
563930,20770,ABSTRACT CIRCLE JOURNAL ,1,2011-08-21 15:43:00,2.55,,United Kingdom
563930,84660A,WHITE STITCHED WALL CLOCK,1,2011-08-21 15:43:00,0.79,,United Kingdom
563930,23109,PACK OF SIX LED TEA LIGHTS,1,2011-08-21 15:43:00,2.89,,United Kingdom
563930,85123A,WHITE HANGING HEART T-LIGHT HOLDER,1,2011-08-21 15:43:00,2.95,,United Kingdom
563931,23172,REGENCY TEA PLATE PINK,12,2011-08-21 15:49:00,1.65,14895.0,United Kingdom
563931,23171,REGENCY TEA PLATE GREEN ,12,2011-08-21 15:49:00,1.65,14895.0,United Kingdom
563931,23170,REGENCY TEA PLATE ROSES ,12,2011-08-21 15:49:00,1.65,14895.0,United Kingdom
563931,23245,SET OF 3 REGENCY CAKE TINS,8,2011-08-21 15:49:00,4.95,14895.0,United Kingdom
563931,22699,ROSES REGENCY TEACUP AND SAUCER ,6,2011-08-21 15:49:00,2.95,14895.0,United Kingdom
563931,23293,SET OF 12 FAIRY CAKE BAKING CASES,12,2011-08-21 15:49:00,0.83,14895.0,United Kingdom
563931,23295,SET OF 12 MINI LOAF BAKING CASES,12,2011-08-21 15:49:00,0.83,14895.0,United Kingdom
563931,21231,SWEETHEART CERAMIC TRINKET BOX,12,2011-08-21 15:49:00,1.25,14895.0,United Kingdom
563931,22360,GLASS JAR ENGLISH CONFECTIONERY,6,2011-08-21 15:49:00,2.95,14895.0,United Kingdom
563931,22359,GLASS JAR KINGS CHOICE,6,2011-08-21 15:49:00,2.95,14895.0,United Kingdom
563931,22363,GLASS JAR MARMALADE ,6,2011-08-21 15:49:00,2.95,14895.0,United Kingdom
563931,21218,RED SPOTTY BISCUIT TIN,6,2011-08-21 15:49:00,3.75,14895.0,United Kingdom
563931,47566,PARTY BUNTING,8,2011-08-21 15:49:00,4.95,14895.0,United Kingdom
563931,23209,LUNCH BAG VINTAGE DOILY ,10,2011-08-21 15:49:00,1.65,14895.0,United Kingdom
563931,20725,LUNCH BAG RED RETROSPOT,10,2011-08-21 15:49:00,1.65,14895.0,United Kingdom
563931,22558,CLOTHES PEGS RETROSPOT PACK 24 ,12,2011-08-21 15:49:00,1.65,14895.0,United Kingdom
563931,21539,RED RETROSPOT BUTTER DISH,3,2011-08-21 15:49:00,4.95,14895.0,United Kingdom
563931,21535,RED RETROSPOT SMALL MILK JUG,12,2011-08-21 15:49:00,2.55,14895.0,United Kingdom
563931,21531,RED RETROSPOT SUGAR JAM BOWL,6,2011-08-21 15:49:00,2.55,14895.0,United Kingdom
563931,84380,SET OF 3 BUTTERFLY COOKIE CUTTERS,12,2011-08-21 15:49:00,1.25,14895.0,United Kingdom
563931,22720,SET OF 3 CAKE TINS PANTRY DESIGN ,3,2011-08-21 15:49:00,4.95,14895.0,United Kingdom
563931,23243,SET OF TEA COFFEE SUGAR TINS PANTRY,8,2011-08-21 15:49:00,4.95,14895.0,United Kingdom
563931,23298,SPOTTY BUNTING,12,2011-08-21 15:49:00,4.95,14895.0,United Kingdom
563931,22989,SET 2 PANTRY DESIGN TEA TOWELS,6,2011-08-21 15:49:00,3.25,14895.0,United Kingdom
563931,22969,HOMEMADE JAM SCENTED CANDLES,12,2011-08-21 15:49:00,1.45,14895.0,United Kingdom
563931,22993,SET OF 4 PANTRY JELLY MOULDS,12,2011-08-21 15:49:00,1.25,14895.0,United Kingdom
563931,23306,SET OF 36 DOILIES PANTRY DESIGN,12,2011-08-21 15:49:00,1.45,14895.0,United Kingdom
563931,22847,BREAD BIN DINER STYLE IVORY,1,2011-08-21 15:49:00,16.95,14895.0,United Kingdom
563931,22429,ENAMEL MEASURING JUG CREAM,4,2011-08-21 15:49:00,4.25,14895.0,United Kingdom
563931,22427,ENAMEL FLOWER JUG CREAM,3,2011-08-21 15:49:00,5.95,14895.0,United Kingdom
563931,22424,ENAMEL BREAD BIN CREAM,2,2011-08-21 15:49:00,12.75,14895.0,United Kingdom
563931,22627,MINT KITCHEN SCALES,2,2011-08-21 15:49:00,8.5,14895.0,United Kingdom
563931,22624,IVORY KITCHEN SCALES,2,2011-08-21 15:49:00,8.5,14895.0,United Kingdom
563931,23342,MINT DINER WALL CLOCK,2,2011-08-21 15:49:00,8.5,14895.0,United Kingdom
563931,22191,IVORY DINER WALL CLOCK,2,2011-08-21 15:49:00,8.5,14895.0,United Kingdom
563931,22729,ALARM CLOCK BAKELIKE ORANGE,4,2011-08-21 15:49:00,3.75,14895.0,United Kingdom
563931,22726,ALARM CLOCK BAKELIKE GREEN,8,2011-08-21 15:49:00,3.75,14895.0,United Kingdom
563931,85123A,WHITE HANGING HEART T-LIGHT HOLDER,6,2011-08-21 15:49:00,2.95,14895.0,United Kingdom
563931,22692,DOORMAT WELCOME TO OUR HOME,4,2011-08-21 15:49:00,7.95,14895.0,United Kingdom
563931,22727,ALARM CLOCK BAKELIKE RED ,4,2011-08-21 15:49:00,3.75,14895.0,United Kingdom
563932,22939,APRON APPLE DELIGHT,8,2011-08-21 15:50:00,4.95,14895.0,United Kingdom
563933,23344,JUMBO BAG 50'S CHRISTMAS ,4,2011-08-21 15:54:00,2.08,16536.0,United Kingdom
563933,23343,JUMBO BAG VINTAGE CHRISTMAS ,5,2011-08-21 15:54:00,2.08,16536.0,United Kingdom
563933,22910,PAPER CHAIN KIT VINTAGE CHRISTMAS,3,2011-08-21 15:54:00,2.95,16536.0,United Kingdom
563933,22086,PAPER CHAIN KIT 50'S CHRISTMAS ,7,2011-08-21 15:54:00,2.95,16536.0,United Kingdom
563933,22950,36 DOILIES VINTAGE CHRISTMAS,5,2011-08-21 15:54:00,1.45,16536.0,United Kingdom
563933,16169E,WRAP 50'S  CHRISTMAS,25,2011-08-21 15:54:00,0.42,16536.0,United Kingdom
563933,22959,WRAP CHRISTMAS VILLAGE,25,2011-08-21 15:54:00,0.42,16536.0,United Kingdom
563933,23234,BISCUIT TIN VINTAGE CHRISTMAS,2,2011-08-21 15:54:00,2.89,16536.0,United Kingdom
563933,23247,BISCUIT TIN 50'S CHRISTMAS,2,2011-08-21 15:54:00,2.89,16536.0,United Kingdom
563933,23130,MISTLETOE HEART WREATH GREEN,2,2011-08-21 15:54:00,4.15,16536.0,United Kingdom
563933,21811,HANGING HEART WITH BELL,6,2011-08-21 15:54:00,1.25,16536.0,United Kingdom
563933,23217,LAUREL HEART ANTIQUE SILVER,4,2011-08-21 15:54:00,1.25,16536.0,United Kingdom
563933,21584,RETROSPOT SMALL TUBE MATCHES,6,2011-08-21 15:54:00,1.65,16536.0,United Kingdom
563933,23189,SET OF 12 FORK CANDLES,2,2011-08-21 15:54:00,2.89,16536.0,United Kingdom
563933,21591,COSY HOUR CIGAR BOX MATCHES ,3,2011-08-21 15:54:00,1.25,16536.0,United Kingdom
563933,23265,SET OF 3 WOODEN TREE DECORATIONS,1,2011-08-21 15:54:00,1.25,16536.0,United Kingdom
563933,23264,SET OF 3 WOODEN SLEIGH DECORATIONS,2,2011-08-21 15:54:00,1.25,16536.0,United Kingdom
563933,22571,ROCKING HORSE RED CHRISTMAS ,2,2011-08-21 15:54:00,0.85,16536.0,United Kingdom
563933,23265,SET OF 3 WOODEN TREE DECORATIONS,2,2011-08-21 15:54:00,1.25,16536.0,United Kingdom
563933,22186,RED STAR CARD HOLDER,3,2011-08-21 15:54:00,2.95,16536.0,United Kingdom
563933,22736,RIBBON REEL MAKING SNOWMEN ,6,2011-08-21 15:54:00,1.65,16536.0,United Kingdom
563933,22856,ASSORTED EASTER DECORATIONS  BELLS,6,2011-08-21 15:54:00,1.25,16536.0,United Kingdom
563933,22571,ROCKING HORSE RED CHRISTMAS ,3,2011-08-21 15:54:00,0.85,16536.0,United Kingdom
563933,20983,12 PENCILS TALL TUBE RED RETROSPOT,1,2011-08-21 15:54:00,0.85,16536.0,United Kingdom
563933,21352,EUCALYPTUS & PINECONE  WREATH,2,2011-08-21 15:54:00,6.75,16536.0,United Kingdom
563933,84352,SILVER CHRISTMAS TREE BAUBLE STAND ,1,2011-08-21 15:54:00,16.95,16536.0,United Kingdom
563933,82494L,WOODEN FRAME ANTIQUE WHITE ,6,2011-08-21 15:54:00,2.95,16536.0,United Kingdom
563933,20983,12 PENCILS TALL TUBE RED RETROSPOT,1,2011-08-21 15:54:00,0.85,16536.0,United Kingdom
563933,21012,ANTIQUE ALL GLASS CANDLESTICK,6,2011-08-21 15:54:00,2.1,16536.0,United Kingdom
563933,22187,GREEN CHRISTMAS TREE CARD HOLDER,3,2011-08-21 15:54:00,4.25,16536.0,United Kingdom
563933,23041,PAPER LANTERN 9 POINT SNOW STAR,2,2011-08-21 15:54:00,4.15,16536.0,United Kingdom
563933,23040,PAPER LANTERN 9 POINT SNOW STAR ,2,2011-08-21 15:54:00,5.75,16536.0,United Kingdom
563933,82484,WOOD BLACK BOARD ANT WHITE FINISH,1,2011-08-21 15:54:00,7.95,16536.0,United Kingdom
563933,20711,JUMBO BAG TOYS ,1,2011-08-21 15:54:00,2.08,16536.0,United Kingdom
563933,20983,12 PENCILS TALL TUBE RED RETROSPOT,6,2011-08-21 15:54:00,0.85,16536.0,United Kingdom
563933,22696,WICKER WREATH LARGE,2,2011-08-21 15:54:00,1.95,16536.0,United Kingdom
563933,22768,FAMILY PHOTO FRAME CORNICE,1,2011-08-21 15:54:00,9.95,16536.0,United Kingdom
563933,22767,TRIPLE PHOTO FRAME CORNICE ,4,2011-08-21 15:54:00,9.95,16536.0,United Kingdom
563933,22768,FAMILY PHOTO FRAME CORNICE,4,2011-08-21 15:54:00,9.95,16536.0,United Kingdom
563933,22766,PHOTO FRAME CORNICE,2,2011-08-21 15:54:00,2.95,16536.0,United Kingdom
563933,22696,WICKER WREATH LARGE,4,2011-08-21 15:54:00,1.95,16536.0,United Kingdom
563933,23351,ROLL WRAP 50'S CHRISTMAS,5,2011-08-21 15:54:00,1.25,16536.0,United Kingdom
563933,23350,ROLL WRAP VINTAGE SPOT ,5,2011-08-21 15:54:00,1.25,16536.0,United Kingdom
563933,22171,3 HOOK PHOTO SHELF ANTIQUE WHITE,2,2011-08-21 15:54:00,8.5,16536.0,United Kingdom
563933,82486,WOOD S/3 CABINET ANT WHITE FINISH,2,2011-08-21 15:54:00,8.95,16536.0,United Kingdom
563933,23148,MINIATURE ANTIQUE ROSE HOOK IVORY,9,2011-08-21 15:54:00,0.83,16536.0,United Kingdom
563933,23147,SINGLE ANTIQUE ROSE HOOK IVORY,3,2011-08-21 15:54:00,1.45,16536.0,United Kingdom
563933,22653,BUTTON BOX ,4,2011-08-21 15:54:00,1.95,16536.0,United Kingdom
563933,22557,PLASTERS IN TIN VINTAGE PAISLEY ,4,2011-08-21 15:54:00,1.65,16536.0,United Kingdom
563933,22423,REGENCY CAKESTAND 3 TIER,1,2011-08-21 15:54:00,12.75,16536.0,United Kingdom
563933,23060,HEART BEADED TRELLIS DECORATION,12,2011-08-21 15:54:00,2.08,16536.0,United Kingdom
563933,22138,BAKING SET 9 PIECE RETROSPOT ,2,2011-08-21 15:54:00,4.95,16536.0,United Kingdom
563933,21784,SHOE SHINE BOX ,2,2011-08-21 15:54:00,9.95,16536.0,United Kingdom
563933,21880,RED RETROSPOT TAPE,24,2011-08-21 15:54:00,0.65,16536.0,United Kingdom
563933,84974,S/2 ZINC HEART DESIGN PLANTERS,1,2011-08-21 15:54:00,9.95,16536.0,United Kingdom
563934,85099B,JUMBO BAG RED RETROSPOT,25,2011-08-21 16:02:00,2.08,15313.0,United Kingdom
563935,23075,PARLOUR CERAMIC WALL HOOK,1,2011-08-21 16:24:00,4.15,15547.0,United Kingdom
563935,23075,PARLOUR CERAMIC WALL HOOK,1,2011-08-21 16:24:00,4.15,15547.0,United Kingdom
563935,23148,MINIATURE ANTIQUE ROSE HOOK IVORY,4,2011-08-21 16:24:00,0.83,15547.0,United Kingdom
563935,23068,ALUMINIUM STAMPED HEART,2,2011-08-21 16:24:00,2.49,15547.0,United Kingdom
563935,23332,IVORY WICKER HEART LARGE,5,2011-08-21 16:24:00,1.65,15547.0,United Kingdom
563935,22199,FRYING PAN RED RETROSPOT,1,2011-08-21 16:24:00,4.25,15547.0,United Kingdom
563935,22966,GINGERBREAD MAN COOKIE CUTTER,1,2011-08-21 16:24:00,1.25,15547.0,United Kingdom
563935,21155,RED RETROSPOT PEG BAG,1,2011-08-21 16:24:00,2.55,15547.0,United Kingdom
563935,84992,72 SWEETHEART FAIRY CAKE CASES,2,2011-08-21 16:24:00,0.55,15547.0,United Kingdom
563935,21154,RED RETROSPOT OVEN GLOVE ,2,2011-08-21 16:24:00,1.25,15547.0,United Kingdom
563935,21042,RED RETROSPOT APRON ,1,2011-08-21 16:24:00,5.95,15547.0,United Kingdom
563935,21035,SET/2 RED RETROSPOT TEA TOWELS ,2,2011-08-21 16:24:00,3.25,15547.0,United Kingdom
563935,21246,RED RETROSPOT BIG BOWL,1,2011-08-21 16:24:00,4.95,15547.0,United Kingdom
563935,21164,HOME SWEET HOME METAL SIGN ,1,2011-08-21 16:24:00,2.95,15547.0,United Kingdom
563935,85150,LADIES & GENTLEMEN METAL SIGN,1,2011-08-21 16:24:00,2.55,15547.0,United Kingdom
563935,82600,NO SINGING METAL SIGN,2,2011-08-21 16:24:00,2.1,15547.0,United Kingdom
563935,82582,AREA PATROLLED METAL SIGN,1,2011-08-21 16:24:00,2.1,15547.0,United Kingdom
563935,21832,CHOCOLATE CALCULATOR,3,2011-08-21 16:24:00,1.65,15547.0,United Kingdom
563935,84375,SET OF 20 KIDS COOKIE CUTTERS,2,2011-08-21 16:24:00,2.1,15547.0,United Kingdom
563935,84380,SET OF 3 BUTTERFLY COOKIE CUTTERS,2,2011-08-21 16:24:00,1.25,15547.0,United Kingdom
563935,84378,SET OF 3 HEART COOKIE CUTTERS,2,2011-08-21 16:24:00,1.25,15547.0,United Kingdom
563935,20675,BLUE POLKADOT BOWL,2,2011-08-21 16:24:00,1.25,15547.0,United Kingdom
563935,20677,PINK POLKADOT BOWL,2,2011-08-21 16:24:00,1.25,15547.0,United Kingdom
563935,20676,RED RETROSPOT BOWL,4,2011-08-21 16:24:00,1.25,15547.0,United Kingdom
563935,22460,EMBOSSED GLASS TEALIGHT HOLDER,6,2011-08-21 16:24:00,1.25,15547.0,United Kingdom
563935,15036,ASSORTED COLOURS SILK FAN,12,2011-08-21 16:24:00,0.83,15547.0,United Kingdom
563935,21158,MOODY GIRL DOOR HANGER ,3,2011-08-21 16:24:00,0.39,15547.0,United Kingdom
563935,21163,DO NOT TOUCH MY STUFF DOOR HANGER ,2,2011-08-21 16:24:00,0.39,15547.0,United Kingdom
563935,21162,TOXIC AREA  DOOR HANGER ,6,2011-08-21 16:24:00,0.39,15547.0,United Kingdom
563935,21159,MOODY BOY  DOOR HANGER ,7,2011-08-21 16:24:00,0.39,15547.0,United Kingdom
563935,22173,METAL 4 HOOK HANGER FRENCH CHATEAU,2,2011-08-21 16:24:00,2.95,15547.0,United Kingdom
563935,20829,GLITTER HANGING BUTTERFLY STRING,1,2011-08-21 16:24:00,2.1,15547.0,United Kingdom
563935,20754,RETROSPOT RED WASHING UP GLOVES,4,2011-08-21 16:24:00,2.1,15547.0,United Kingdom
563935,23146,TRIPLE HOOK ANTIQUE IVORY ROSE,2,2011-08-21 16:24:00,3.29,15547.0,United Kingdom
563935,47503A,ASS FLORAL PRINT MULTI SCREWDRIVER,12,2011-08-21 16:24:00,0.42,15547.0,United Kingdom
563935,22470,HEART OF WICKER LARGE,1,2011-08-21 16:24:00,2.95,15547.0,United Kingdom
563935,23323,WHITE WICKER STAR ,1,2011-08-21 16:24:00,2.1,15547.0,United Kingdom
563935,23322,LARGE WHITE HEART OF WICKER,4,2011-08-21 16:24:00,2.95,15547.0,United Kingdom
563935,37500,TEA TIME TEAPOT IN GIFT BOX,2,2011-08-21 16:24:00,4.95,15547.0,United Kingdom
563935,22090,PAPER BUNTING RETROSPOT,2,2011-08-21 16:24:00,2.95,15547.0,United Kingdom
563935,22083,PAPER CHAIN KIT RETROSPOT,1,2011-08-21 16:24:00,2.95,15547.0,United Kingdom
563935,21200,MULTICOLOUR HONEYCOMB PAPER GARLAND,2,2011-08-21 16:24:00,1.65,15547.0,United Kingdom
563935,23169,CLASSIC GLASS COOKIE JAR,1,2011-08-21 16:24:00,4.15,15547.0,United Kingdom
563935,85111,SILVER GLITTER FLOWER VOTIVE HOLDER,6,2011-08-21 16:24:00,0.29,15547.0,United Kingdom
563935,22178,VICTORIAN GLASS HANGING T-LIGHT,6,2011-08-21 16:24:00,1.25,15547.0,United Kingdom
563935,84978,HANGING HEART JAR T-LIGHT HOLDER,6,2011-08-21 16:24:00,1.25,15547.0,United Kingdom
563935,85231G,ORANGE SCENTED SET/9 T-LIGHTS,4,2011-08-21 16:24:00,0.85,15547.0,United Kingdom
563935,85231B,CINAMMON SET OF 9 T-LIGHTS,6,2011-08-21 16:24:00,0.85,15547.0,United Kingdom
563935,72122,COFFEE SCENT PILLAR CANDLE,2,2011-08-21 16:24:00,0.95,15547.0,United Kingdom
563935,17021,NAMASTE SWAGAT INCENSE,6,2011-08-21 16:24:00,0.3,15547.0,United Kingdom
563935,72351B,SET/6 PINK  BUTTERFLY T-LIGHTS,1,2011-08-21 16:24:00,2.1,15547.0,United Kingdom
563935,72351A,SET/6 TURQUOISE BUTTERFLY T-LIGHTS,1,2011-08-21 16:24:00,2.1,15547.0,United Kingdom
563935,72349B,SET/6 PURPLE BUTTERFLY T-LIGHTS,2,2011-08-21 16:24:00,2.1,15547.0,United Kingdom
563935,84347,ROTATING SILVER ANGELS T-LIGHT HLDR,4,2011-08-21 16:24:00,2.55,15547.0,United Kingdom
563935,84596F,SMALL MARSHMALLOWS PINK BOWL,8,2011-08-21 16:24:00,0.42,15547.0,United Kingdom
563935,84596B,SMALL DOLLY MIX DESIGN ORANGE BOWL,8,2011-08-21 16:24:00,0.42,15547.0,United Kingdom
563935,84596L,BISCUITS SMALL BOWL LIGHT BLUE,8,2011-08-21 16:24:00,0.42,15547.0,United Kingdom
563935,22798,ANTIQUE GLASS DRESSING TABLE POT,4,2011-08-21 16:24:00,2.95,15547.0,United Kingdom
563935,21216,"SET 3 RETROSPOT TEA,COFFEE,SUGAR",1,2011-08-21 16:24:00,4.95,15547.0,United Kingdom
563935,44236,PINK/PURPLE CIRCLE CURTAIN,1,2011-08-21 16:24:00,0.79,15547.0,United Kingdom
563935,23110,PARISIENNE KEY CABINET ,2,2011-08-21 16:24:00,5.75,15547.0,United Kingdom
563935,82483,WOOD 2 DRAWER CABINET WHITE FINISH,2,2011-08-21 16:24:00,6.95,15547.0,United Kingdom
563935,84818,DANISH ROSE PHOTO FRAME,4,2011-08-21 16:24:00,0.79,15547.0,United Kingdom
563935,72741,GRAND CHOCOLATECANDLE,9,2011-08-21 16:24:00,1.45,15547.0,United Kingdom
563935,47566,PARTY BUNTING,2,2011-08-21 16:24:00,4.95,15547.0,United Kingdom
563935,44236,PINK/PURPLE CIRCLE CURTAIN,4,2011-08-21 16:24:00,0.79,15547.0,United Kingdom
563935,20914,SET/5 RED RETROSPOT LID GLASS BOWLS,3,2011-08-21 16:24:00,2.95,15547.0,United Kingdom
563935,71459,HANGING JAM JAR T-LIGHT HOLDER,12,2011-08-21 16:24:00,0.85,15547.0,United Kingdom
563935,22106,MIRROR MOSAIC HURRICANE LAMP ,1,2011-08-21 16:24:00,6.75,15547.0,United Kingdom
563935,79321,CHILLI LIGHTS,1,2011-08-21 16:24:00,5.75,15547.0,United Kingdom
563935,82484,WOOD BLACK BOARD ANT WHITE FINISH,1,2011-08-21 16:24:00,7.95,15547.0,United Kingdom
563935,23108,SET OF 10 LED DOLLY LIGHTS,1,2011-08-21 16:24:00,6.25,15547.0,United Kingdom
563935,84755,COLOUR GLASS T-LIGHT HOLDER HANGING,8,2011-08-21 16:24:00,0.65,15547.0,United Kingdom
