InvoiceNo,StockCode,Description,Quantity,InvoiceDate,UnitPrice,CustomerID,Country
558259,23174,REGENCY SUGAR BOWL GREEN,4,2011-06-28 08:19:00,4.15,15304.0,United Kingdom
558259,23245,SET OF 3 REGENCY CAKE TINS,4,2011-06-28 08:19:00,4.95,15304.0,United Kingdom
558259,23175,REGENCY MILK JUG PINK ,4,2011-06-28 08:19:00,3.25,15304.0,United Kingdom
558259,22699,ROSES REGENCY TEACUP AND SAUCER ,6,2011-06-28 08:19:00,2.95,15304.0,United Kingdom
558259,22697,GREEN REGENCY TEACUP AND SAUCER,6,2011-06-28 08:19:00,2.95,15304.0,United Kingdom
558259,22423,REGENCY CAKESTAND 3 TIER,2,2011-06-28 08:19:00,12.75,15304.0,United Kingdom
558260,20713,JUMBO BAG OWLS,10,2011-06-28 08:38:00,2.08,16945.0,United Kingdom
558260,22385,JUMBO BAG SPACEBOY DESIGN,10,2011-06-28 08:38:00,2.08,16945.0,United Kingdom
558260,85099B,JUMBO BAG RED RETROSPOT,10,2011-06-28 08:38:00,2.08,16945.0,United Kingdom
558260,23203,JUMBO BAG DOILEY PATTERNS,20,2011-06-28 08:38:00,2.08,16945.0,United Kingdom
558260,22386,JUMBO BAG PINK POLKADOT,10,2011-06-28 08:38:00,2.08,16945.0,United Kingdom
558260,16259,PIECE OF CAMO STATIONERY SET,108,2011-06-28 08:38:00,0.08,16945.0,United Kingdom
558260,20984,12 PENCILS TALL TUBE POSY,24,2011-06-28 08:38:00,0.29,16945.0,United Kingdom
558260,21374,MIRRORED WALL ART SKULLS,12,2011-06-28 08:38:00,1.25,16945.0,United Kingdom
558260,47574A,ENGLISH ROSE SCENTED HANGING FLOWER,12,2011-06-28 08:38:00,0.75,16945.0,United Kingdom
558260,21931,JUMBO STORAGE BAG SUKI,10,2011-06-28 08:38:00,2.08,16945.0,United Kingdom
558260,20712,JUMBO BAG WOODLAND ANIMALS,10,2011-06-28 08:38:00,2.08,16945.0,United Kingdom
558260,23202,JUMBO BAG VINTAGE LEAF,10,2011-06-28 08:38:00,2.08,16945.0,United Kingdom
558260,85099F,JUMBO BAG STRAWBERRY,20,2011-06-28 08:38:00,2.08,16945.0,United Kingdom
558260,85099C,JUMBO  BAG BAROQUE BLACK WHITE,20,2011-06-28 08:38:00,2.08,16945.0,United Kingdom
558261,23005,TRAVEL CARD WALLET I LOVE LONDON,24,2011-06-28 08:39:00,0.42,16945.0,United Kingdom
558262,23199,JUMBO BAG APPLES,200,2011-06-28 08:45:00,1.79,14646.0,Netherlands
558262,23200,JUMBO BAG PEARS,100,2011-06-28 08:45:00,1.79,14646.0,Netherlands
558262,20713,JUMBO BAG OWLS,200,2011-06-28 08:45:00,1.79,14646.0,Netherlands
558262,85099F,JUMBO BAG STRAWBERRY,100,2011-06-28 08:45:00,1.79,14646.0,Netherlands
558262,23203,JUMBO BAG DOILEY PATTERNS,100,2011-06-28 08:45:00,1.79,14646.0,Netherlands
558262,85099B,JUMBO BAG RED RETROSPOT,200,2011-06-28 08:45:00,1.79,14646.0,Netherlands
558262,22386,JUMBO BAG PINK POLKADOT,100,2011-06-28 08:45:00,1.79,14646.0,Netherlands
558262,22411,JUMBO SHOPPER VINTAGE RED PAISLEY,100,2011-06-28 08:45:00,1.79,14646.0,Netherlands
558262,21930,JUMBO STORAGE BAG SKULLS,100,2011-06-28 08:45:00,1.79,14646.0,Netherlands
558262,21121,SET/10 RED POLKADOT PARTY CANDLES,288,2011-06-28 08:45:00,1.06,14646.0,Netherlands
558262,22817,CARD SUKI BIRTHDAY,72,2011-06-28 08:45:00,0.36,14646.0,Netherlands
558262,21932,SCANDINAVIAN PAISLEY PICNIC BAG,50,2011-06-28 08:45:00,1.65,14646.0,Netherlands
558262,21385,IVORY HANGING DECORATION  HEART,288,2011-06-28 08:45:00,0.72,14646.0,Netherlands
558262,21481,FAWN BLUE HOT WATER BOTTLE,36,2011-06-28 08:45:00,2.55,14646.0,Netherlands
558262,21558,SKULL LUNCH BOX WITH CUTLERY ,60,2011-06-28 08:45:00,2.1,14646.0,Netherlands
558262,21975,PACK OF 60 DINOSAUR CAKE CASES,240,2011-06-28 08:45:00,0.42,14646.0,Netherlands
558262,21976,PACK OF 60 MUSHROOM CAKE CASES,120,2011-06-28 08:45:00,0.42,14646.0,Netherlands
558262,22418,10 COLOUR SPACEBOY PEN,144,2011-06-28 08:45:00,0.72,14646.0,Netherlands
558262,22712,CARD DOLLY GIRL ,72,2011-06-28 08:45:00,0.36,14646.0,Netherlands
558262,22848,BREAD BIN DINER STYLE PINK,4,2011-06-28 08:45:00,14.95,14646.0,Netherlands
558262,22984,CARD GINGHAM ROSE ,72,2011-06-28 08:45:00,0.36,14646.0,Netherlands
558262,35961,FOLKART ZINC HEART CHRISTMAS DEC,288,2011-06-28 08:45:00,0.72,14646.0,Netherlands
558262,23240,SET OF 4 KNICK KNACK TINS DOILEY ,48,2011-06-28 08:45:00,3.75,14646.0,Netherlands
558262,23245,SET OF 3 REGENCY CAKE TINS,16,2011-06-28 08:45:00,4.15,14646.0,Netherlands
558262,21934,SKULL SHOULDER BAG,100,2011-06-28 08:45:00,1.45,14646.0,Netherlands
558262,22193,RED DINER WALL CLOCK,12,2011-06-28 08:45:00,7.65,14646.0,Netherlands
558262,22192,BLUE DINER WALL CLOCK,12,2011-06-28 08:45:00,7.65,14646.0,Netherlands
558262,23290,SPACEBOY CHILDRENS BOWL,144,2011-06-28 08:45:00,1.05,14646.0,Netherlands
558262,23291,DOLLY GIRL CHILDRENS CUP,96,2011-06-28 08:45:00,1.05,14646.0,Netherlands
558262,23119,PACK OF 6 LARGE FRUIT STRAWS ,144,2011-06-28 08:45:00,0.53,14646.0,Netherlands
558262,23122,PARTY CHARMS 50 PIECES,144,2011-06-28 08:45:00,0.72,14646.0,Netherlands
558262,23121,PACK OF 6 COCKTAIL PARASOL STRAWS,288,2011-06-28 08:45:00,0.36,14646.0,Netherlands
558262,23123,COCKTAIL SWORDS 50 PIECES,144,2011-06-28 08:45:00,0.72,14646.0,Netherlands
558262,20719,WOODLAND CHARLOTTE BAG,300,2011-06-28 08:45:00,0.72,14646.0,Netherlands
558262,22355,CHARLOTTE BAG SUKI DESIGN,100,2011-06-28 08:45:00,0.72,14646.0,Netherlands
558262,23204,CHARLOTTE BAG APPLES DESIGN,300,2011-06-28 08:45:00,0.72,14646.0,Netherlands
558262,20723,STRAWBERRY CHARLOTTE BAG,100,2011-06-28 08:45:00,0.72,14646.0,Netherlands
558262,22356,CHARLOTTE BAG PINK POLKADOT,100,2011-06-28 08:45:00,0.72,14646.0,Netherlands
558262,23205,CHARLOTTE BAG VINTAGE ALPHABET ,200,2011-06-28 08:45:00,0.72,14646.0,Netherlands
558262,20724,RED RETROSPOT CHARLOTTE BAG,300,2011-06-28 08:45:00,0.72,14646.0,Netherlands
558262,22661,CHARLOTTE BAG DOLLY GIRL DESIGN,100,2011-06-28 08:45:00,0.72,14646.0,Netherlands
558262,20725,LUNCH BAG RED RETROSPOT,100,2011-06-28 08:45:00,1.45,14646.0,Netherlands
558262,22417,PACK OF 60 SPACEBOY CAKE CASES,120,2011-06-28 08:45:00,0.42,14646.0,Netherlands
558262,22551,PLASTERS IN TIN SPACEBOY,96,2011-06-28 08:45:00,1.45,14646.0,Netherlands
558262,22554,PLASTERS IN TIN WOODLAND ANIMALS,192,2011-06-28 08:45:00,1.45,14646.0,Netherlands
558262,22555,PLASTERS IN TIN STRONGMAN,96,2011-06-28 08:45:00,1.45,14646.0,Netherlands
558262,22556,PLASTERS IN TIN CIRCUS PARADE ,96,2011-06-28 08:45:00,1.45,14646.0,Netherlands
558262,22558,CLOTHES PEGS RETROSPOT PACK 24 ,48,2011-06-28 08:45:00,1.45,14646.0,Netherlands
558262,22697,GREEN REGENCY TEACUP AND SAUCER,24,2011-06-28 08:45:00,2.55,14646.0,Netherlands
558262,22951,60 CAKE CASES DOLLY GIRL DESIGN,240,2011-06-28 08:45:00,0.42,14646.0,Netherlands
558262,23281,FOLDING BUTTERFLY MIRROR RED  ,192,2011-06-28 08:45:00,0.72,14646.0,Netherlands
558262,23280,FOLDING BUTTERFLY MIRROR HOT PINK ,96,2011-06-28 08:45:00,0.72,14646.0,Netherlands
558262,84755,COLOUR GLASS T-LIGHT HOLDER HANGING,144,2011-06-28 08:45:00,0.55,14646.0,Netherlands
558262,20972,PINK CREAM FELT CRAFT TRINKET BOX ,144,2011-06-28 08:45:00,1.06,14646.0,Netherlands
558262,22847,BREAD BIN DINER STYLE IVORY,12,2011-06-28 08:45:00,14.95,14646.0,Netherlands
558262,23292,SPACEBOY CHILDRENS CUP,96,2011-06-28 08:45:00,1.05,14646.0,Netherlands
558262,23289,DOLLY GIRL CHILDRENS BOWL,144,2011-06-28 08:45:00,1.05,14646.0,Netherlands
558262,21509,COWBOYS AND INDIANS BIRTHDAY CARD ,72,2011-06-28 08:45:00,0.36,14646.0,Netherlands
558262,21559,STRAWBERRY LUNCH BOX WITH CUTLERY,60,2011-06-28 08:45:00,2.1,14646.0,Netherlands
558262,21731,RED TOADSTOOL LED NIGHT LIGHT,144,2011-06-28 08:45:00,1.45,14646.0,Netherlands
558262,22029,SPACEBOY BIRTHDAY CARD,72,2011-06-28 08:45:00,0.36,14646.0,Netherlands
558262,22131,FOOD CONTAINER SET 3 LOVE HEART ,72,2011-06-28 08:45:00,1.65,14646.0,Netherlands
558262,22326,ROUND SNACK BOXES SET OF4 WOODLAND ,48,2011-06-28 08:45:00,2.55,14646.0,Netherlands
558262,22328,ROUND SNACK BOXES SET OF 4 FRUITS ,48,2011-06-28 08:45:00,2.55,14646.0,Netherlands
558262,22352,LUNCH BOX WITH CUTLERY RETROSPOT ,60,2011-06-28 08:45:00,2.1,14646.0,Netherlands
558262,20728,LUNCH BAG CARS BLUE,200,2011-06-28 08:45:00,1.45,14646.0,Netherlands
558262,22384,LUNCH BAG PINK POLKADOT,100,2011-06-28 08:45:00,1.45,14646.0,Netherlands
558262,20726,LUNCH BAG WOODLAND,100,2011-06-28 08:45:00,1.45,14646.0,Netherlands
558262,22382,LUNCH BAG SPACEBOY DESIGN ,100,2011-06-28 08:45:00,1.45,14646.0,Netherlands
558262,22383,LUNCH BAG SUKI DESIGN ,100,2011-06-28 08:45:00,1.45,14646.0,Netherlands
558262,23206,LUNCH BAG APPLE DESIGN,300,2011-06-28 08:45:00,1.45,14646.0,Netherlands
558262,23209,LUNCH BAG DOILEY PATTERN ,100,2011-06-28 08:45:00,1.45,14646.0,Netherlands
558263,23245,SET OF 3 REGENCY CAKE TINS,32,2011-06-28 08:50:00,4.15,14646.0,Netherlands
558263,23306,SET OF 36 DOILIES PANTRY DESIGN,144,2011-06-28 08:50:00,1.25,14646.0,Netherlands
558263,23307,SET OF 60 PANTRY DESIGN CAKE CASES ,120,2011-06-28 08:50:00,0.42,14646.0,Netherlands
558263,23240,SET OF 4 KNICK KNACK TINS DOILEY ,48,2011-06-28 08:50:00,3.75,14646.0,Netherlands
558263,23020,GLASS SONGBIRD STORAGE JAR,8,2011-06-28 08:50:00,11.15,14646.0,Netherlands
558263,23018,LARGE APOTHECARY MEASURING JAR ,12,2011-06-28 08:50:00,11.15,14646.0,Netherlands
558263,23017,APOTHECARY MEASURING JAR,12,2011-06-28 08:50:00,11.15,14646.0,Netherlands
558263,23019,SMALL APOTHECARY MEASURING JAR ,12,2011-06-28 08:50:00,7.45,14646.0,Netherlands
558263,23012,GLASS APOTHECARY BOTTLE PERFUME,12,2011-06-28 08:50:00,3.45,14646.0,Netherlands
558263,23014,GLASS APOTHECARY BOTTLE ELIXIR,12,2011-06-28 08:50:00,3.45,14646.0,Netherlands
558263,23013,GLASS APOTHECARY BOTTLE TONIC,12,2011-06-28 08:50:00,3.45,14646.0,Netherlands
558264,22980,PANTRY SCRUBBING BRUSH,12,2011-06-28 09:10:00,1.65,16473.0,United Kingdom
558264,22979,PANTRY WASHING UP BRUSH,12,2011-06-28 09:10:00,1.45,16473.0,United Kingdom
558264,84978,HANGING HEART JAR T-LIGHT HOLDER,12,2011-06-28 09:10:00,1.25,16473.0,United Kingdom
558264,22863,SOAP DISH BROCANTE,8,2011-06-28 09:10:00,2.95,16473.0,United Kingdom
558264,23082,SET 6 PAPER TABLE LANTERN HEARTS ,6,2011-06-28 09:10:00,3.75,16473.0,United Kingdom
558265,22120,WELCOME  WOODEN BLOCK LETTERS,3,2011-06-28 10:06:00,9.95,12747.0,United Kingdom
558265,82484,WOOD BLACK BOARD ANT WHITE FINISH,24,2011-06-28 10:06:00,6.75,12747.0,United Kingdom
558265,85099F,JUMBO BAG STRAWBERRY,10,2011-06-28 10:06:00,2.08,12747.0,United Kingdom
558265,82482,WOODEN PICTURE FRAME WHITE FINISH,24,2011-06-28 10:06:00,2.55,12747.0,United Kingdom
558265,82494L,WOODEN FRAME ANTIQUE WHITE ,24,2011-06-28 10:06:00,2.55,12747.0,United Kingdom
558265,22795,SWEETHEART RECIPE BOOK STAND,2,2011-06-28 10:06:00,6.75,12747.0,United Kingdom
558265,21745,GAOLERS KEYS DECORATIVE GARDEN ,4,2011-06-28 10:06:00,3.75,12747.0,United Kingdom
558265,22424,ENAMEL BREAD BIN CREAM,1,2011-06-28 10:06:00,12.75,12747.0,United Kingdom
558268,21351,damaged,-220,2011-06-28 10:17:00,0.0,,United Kingdom
558271,85123A,WHITE HANGING HEART T-LIGHT HOLDER,12,2011-06-28 10:17:00,2.95,13895.0,United Kingdom
558271,22470,HEART OF WICKER LARGE,12,2011-06-28 10:17:00,2.95,13895.0,United Kingdom
558271,22469,HEART OF WICKER SMALL,12,2011-06-28 10:17:00,1.65,13895.0,United Kingdom
558271,21390,FILIGRIS HEART WITH BUTTERFLY,24,2011-06-28 10:17:00,1.25,13895.0,United Kingdom
558271,84755,COLOUR GLASS T-LIGHT HOLDER HANGING,32,2011-06-28 10:17:00,0.65,13895.0,United Kingdom
558271,23144,ZINC T-LIGHT HOLDER STARS SMALL,24,2011-06-28 10:17:00,0.83,13895.0,United Kingdom
558271,84378,SET OF 3 HEART COOKIE CUTTERS,12,2011-06-28 10:17:00,1.25,13895.0,United Kingdom
558271,22965,3 TRADITIONAl BISCUIT CUTTERS  SET,6,2011-06-28 10:17:00,2.1,13895.0,United Kingdom
558271,84380,SET OF 3 BUTTERFLY COOKIE CUTTERS,12,2011-06-28 10:17:00,1.25,13895.0,United Kingdom
558271,22090,PAPER BUNTING RETROSPOT,6,2011-06-28 10:17:00,2.95,13895.0,United Kingdom
558271,23240,SET OF 4 KNICK KNACK TINS DOILEY ,6,2011-06-28 10:17:00,4.15,13895.0,United Kingdom
558271,23236,DOILEY STORAGE TIN,6,2011-06-28 10:17:00,2.89,13895.0,United Kingdom
558271,21890,S/6 WOODEN SKITTLES IN COTTON BAG,6,2011-06-28 10:17:00,3.25,13895.0,United Kingdom
558271,22607,WOODEN ROUNDERS GARDEN SET ,2,2011-06-28 10:17:00,9.95,13895.0,United Kingdom
558271,47566,PARTY BUNTING,16,2011-06-28 10:17:00,4.95,13895.0,United Kingdom
558276,20974,12 PENCILS SMALL TUBE SKULL,96,2011-06-28 10:18:00,0.65,16422.0,United Kingdom
558293,23205,CHARLOTTE BAG VINTAGE ALPHABET ,10,2011-06-28 10:31:00,0.85,13656.0,United Kingdom
558293,23204,CHARLOTTE BAG APPLES DESIGN,10,2011-06-28 10:31:00,0.85,13656.0,United Kingdom
558293,85132C,CHARLIE AND LOLA FIGURES TINS,12,2011-06-28 10:31:00,1.95,13656.0,United Kingdom
558293,84970L,SINGLE HEART ZINC T-LIGHT HOLDER,12,2011-06-28 10:31:00,0.95,13656.0,United Kingdom
558293,84970S,HANGING HEART ZINC T-LIGHT HOLDER,12,2011-06-28 10:31:00,0.85,13656.0,United Kingdom
558293,20727,LUNCH BAG  BLACK SKULL.,10,2011-06-28 10:31:00,1.65,13656.0,United Kingdom
558293,22384,LUNCH BAG PINK POLKADOT,10,2011-06-28 10:31:00,1.65,13656.0,United Kingdom
558293,22720,SET OF 3 CAKE TINS PANTRY DESIGN ,3,2011-06-28 10:31:00,4.95,13656.0,United Kingdom
558293,16218,CARTOON  PENCIL SHARPENERS,80,2011-06-28 10:31:00,0.06,13656.0,United Kingdom
558293,20992,JAZZ HEARTS PURSE NOTEBOOK,24,2011-06-28 10:31:00,0.39,13656.0,United Kingdom
558293,20996,JAZZ HEARTS ADDRESS BOOK,24,2011-06-28 10:31:00,0.19,13656.0,United Kingdom
558293,20984,12 PENCILS TALL TUBE POSY,48,2011-06-28 10:31:00,0.29,13656.0,United Kingdom
558293,22609,PENS ASSORTED SPACEBALL,36,2011-06-28 10:31:00,0.19,13656.0,United Kingdom
558293,22610,PENS ASSORTED FUNNY FACE,36,2011-06-28 10:31:00,0.19,13656.0,United Kingdom
558293,21829,DINOSAUR KEYRINGS ASSORTED,36,2011-06-28 10:31:00,0.21,13656.0,United Kingdom
558293,84879,ASSORTED COLOUR BIRD ORNAMENT,8,2011-06-28 10:31:00,1.69,13656.0,United Kingdom
558293,22829,SWEETHEART WIRE WALL TIDY,2,2011-06-28 10:31:00,9.95,13656.0,United Kingdom
558293,23184,BULL DOG BOTTLE OPENER,4,2011-06-28 10:31:00,4.95,13656.0,United Kingdom
558294,85152,HAND OVER THE CHOCOLATE   SIGN ,12,2011-06-28 10:37:00,2.1,16545.0,United Kingdom
558294,21539,RED RETROSPOT BUTTER DISH,18,2011-06-28 10:37:00,4.25,16545.0,United Kingdom
558294,79321,CHILLI LIGHTS,48,2011-06-28 10:37:00,4.95,16545.0,United Kingdom
558295,21429,RED GINGHAM ROSE JEWELLERY BOX,8,2011-06-28 10:38:00,1.95,14481.0,United Kingdom
558295,22464,HANGING METAL HEART LANTERN,12,2011-06-28 10:38:00,1.65,14481.0,United Kingdom
558295,22457,NATURAL SLATE HEART CHALKBOARD ,6,2011-06-28 10:38:00,2.95,14481.0,United Kingdom
558295,22766,PHOTO FRAME CORNICE,8,2011-06-28 10:38:00,2.95,14481.0,United Kingdom
558295,22320,BIRDS MOBILE VINTAGE DESIGN,3,2011-06-28 10:38:00,5.95,14481.0,United Kingdom
558295,22335,HEART DECORATION PAINTED ZINC ,24,2011-06-28 10:38:00,0.65,14481.0,United Kingdom
558295,22418,10 COLOUR SPACEBOY PEN,24,2011-06-28 10:38:00,0.85,14481.0,United Kingdom
558295,22740,POLKADOT PEN,48,2011-06-28 10:38:00,0.85,14481.0,United Kingdom
558295,23191,BUNDLE OF 3 RETRO NOTE BOOKS,12,2011-06-28 10:38:00,1.65,14481.0,United Kingdom
558295,84536A,ENGLISH ROSE NOTEBOOK A7 SIZE,16,2011-06-28 10:38:00,0.42,14481.0,United Kingdom
558295,23238,SET OF 4 KNICK KNACK TINS LONDON ,6,2011-06-28 10:38:00,4.15,14481.0,United Kingdom
558295,23240,SET OF 4 KNICK KNACK TINS DOILEY ,6,2011-06-28 10:38:00,4.15,14481.0,United Kingdom
558295,23080,RED METAL BOX TOP SECRET,2,2011-06-28 10:38:00,8.25,14481.0,United Kingdom
558295,21833,CAMOUFLAGE LED TORCH,12,2011-06-28 10:38:00,1.69,14481.0,United Kingdom
558295,23263,SET OF 3 WOODEN HEART DECORATIONS,12,2011-06-28 10:38:00,1.25,14481.0,United Kingdom
558295,22577,WOODEN HEART CHRISTMAS SCANDINAVIAN,12,2011-06-28 10:38:00,0.85,14481.0,United Kingdom
558295,10133,COLOURING PENCILS BROWN TUBE,20,2011-06-28 10:38:00,0.42,14481.0,United Kingdom
558295,20974,12 PENCILS SMALL TUBE SKULL,24,2011-06-28 10:38:00,0.65,14481.0,United Kingdom
558305,21027,,7,2011-06-28 10:59:00,0.0,,United Kingdom
558306,85232D,mix up with c,-118,2011-06-28 10:59:00,0.0,,United Kingdom
558307,22088,,-39,2011-06-28 11:02:00,0.0,,United Kingdom
558308,84576,,-10,2011-06-28 11:02:00,0.0,,United Kingdom
558309,85132B,,-42,2011-06-28 11:03:00,0.0,,United Kingdom
558310,22086,PAPER CHAIN KIT 50'S CHRISTMAS ,320,2011-06-28 11:20:00,2.55,16671.0,United Kingdom
558310,22121,NOEL WOODEN BLOCK LETTERS ,48,2011-06-28 11:20:00,5.45,16671.0,United Kingdom
558310,85049A,TRADITIONAL CHRISTMAS RIBBONS,288,2011-06-28 11:20:00,1.06,16671.0,United Kingdom
558311,21216,"SET 3 RETROSPOT TEA,COFFEE,SUGAR",72,2011-06-28 11:22:00,4.25,14646.0,Netherlands
558311,22625,RED KITCHEN SCALES,12,2011-06-28 11:22:00,7.65,14646.0,Netherlands
558311,22624,IVORY KITCHEN SCALES,12,2011-06-28 11:22:00,7.65,14646.0,Netherlands
558311,22627,MINT KITCHEN SCALES,12,2011-06-28 11:22:00,7.65,14646.0,Netherlands
558311,23144,ZINC T-LIGHT HOLDER STARS SMALL,144,2011-06-28 11:22:00,0.72,14646.0,Netherlands
558311,21930,JUMBO STORAGE BAG SKULLS,100,2011-06-28 11:22:00,1.79,14646.0,Netherlands
558311,84970L,SINGLE HEART ZINC T-LIGHT HOLDER,144,2011-06-28 11:22:00,0.79,14646.0,Netherlands
558311,84970S,HANGING HEART ZINC T-LIGHT HOLDER,144,2011-06-28 11:22:00,0.64,14646.0,Netherlands
558311,22569,FELTCRAFT CUSHION BUTTERFLY,24,2011-06-28 11:22:00,3.39,14646.0,Netherlands
558311,22570,FELTCRAFT CUSHION RABBIT,24,2011-06-28 11:22:00,3.39,14646.0,Netherlands
558311,22150,3 STRIPEY MICE FELTCRAFT,80,2011-06-28 11:22:00,1.65,14646.0,Netherlands
558311,22149,FELTCRAFT 6 FLOWER FRIENDS,80,2011-06-28 11:22:00,1.85,14646.0,Netherlands
558311,22147,FELTCRAFT BUTTERFLY HEARTS,40,2011-06-28 11:22:00,1.25,14646.0,Netherlands
558311,21244,BLUE POLKADOT PLATE ,96,2011-06-28 11:22:00,1.45,14646.0,Netherlands
558311,22328,ROUND SNACK BOXES SET OF 4 FRUITS ,144,2011-06-28 11:22:00,2.55,14646.0,Netherlands
558311,22327,ROUND SNACK BOXES SET OF 4 SKULLS,48,2011-06-28 11:22:00,2.55,14646.0,Netherlands
558311,22630,DOLLY GIRL LUNCH BOX,128,2011-06-28 11:22:00,1.65,14646.0,Netherlands
558311,22629,SPACEBOY LUNCH BOX ,128,2011-06-28 11:22:00,1.65,14646.0,Netherlands
558311,84992,72 SWEETHEART FAIRY CAKE CASES,120,2011-06-28 11:22:00,0.42,14646.0,Netherlands
558311,22467,GUMBALL COAT RACK,36,2011-06-28 11:22:00,2.1,14646.0,Netherlands
C558312,22699,ROSES REGENCY TEACUP AND SAUCER ,-1,2011-06-28 11:30:00,2.95,12955.0,United Kingdom
C558313,23245,SET OF 3 REGENCY CAKE TINS,-3,2011-06-28 11:31:00,4.95,13870.0,United Kingdom
C558313,22629,SPACEBOY LUNCH BOX ,-1,2011-06-28 11:31:00,1.95,13870.0,United Kingdom
558314,22729,ALARM CLOCK BAKELIKE ORANGE,12,2011-06-28 11:38:00,3.75,16672.0,United Kingdom
558314,22727,ALARM CLOCK BAKELIKE RED ,24,2011-06-28 11:38:00,3.75,16672.0,United Kingdom
558314,22467,GUMBALL COAT RACK,108,2011-06-28 11:38:00,2.1,16672.0,United Kingdom
558315,21447,12 IVORY ROSE PEG PLACE SETTINGS,12,2011-06-28 11:44:00,1.25,15065.0,United Kingdom
558315,22969,HOMEMADE JAM SCENTED CANDLES,12,2011-06-28 11:44:00,1.45,15065.0,United Kingdom
558315,21111,"SWISS ROLL TOWEL, CHOCOLATE  SPOTS",6,2011-06-28 11:44:00,2.95,15065.0,United Kingdom
558315,21108,FAIRY CAKE FLANNEL ASSORTED COLOUR,9,2011-06-28 11:44:00,2.55,15065.0,United Kingdom
558315,21106,CREAM SLICE FLANNEL CHOCOLATE SPOT ,6,2011-06-28 11:44:00,2.95,15065.0,United Kingdom
558315,21109,LARGE CAKE TOWEL CHOCOLATE SPOTS,2,2011-06-28 11:44:00,6.75,15065.0,United Kingdom
558315,21110,LARGE CAKE TOWEL PINK SPOTS,2,2011-06-28 11:44:00,6.75,15065.0,United Kingdom
558315,21107,CREAM SLICE FLANNEL PINK SPOT ,6,2011-06-28 11:44:00,2.95,15065.0,United Kingdom
558315,22962,JAM JAR WITH PINK LID,24,2011-06-28 11:44:00,0.85,15065.0,United Kingdom
558315,22859,EASTER TIN BUNNY BOUQUET,6,2011-06-28 11:44:00,1.65,15065.0,United Kingdom
558315,22768,FAMILY PHOTO FRAME CORNICE,2,2011-06-28 11:44:00,9.95,15065.0,United Kingdom
558315,22767,TRIPLE PHOTO FRAME CORNICE ,2,2011-06-28 11:44:00,9.95,15065.0,United Kingdom
558315,22485,SET OF 2 WOODEN MARKET CRATES,4,2011-06-28 11:44:00,12.75,15065.0,United Kingdom
558315,22841,ROUND CAKE TIN VINTAGE GREEN,2,2011-06-28 11:44:00,7.95,15065.0,United Kingdom
558315,22840,ROUND CAKE TIN VINTAGE RED,2,2011-06-28 11:44:00,7.95,15065.0,United Kingdom
558315,22938,CUPCAKE LACE PAPER SET 6,12,2011-06-28 11:44:00,1.95,15065.0,United Kingdom
558315,22907,PACK OF 20 NAPKINS PANTRY DESIGN,12,2011-06-28 11:44:00,0.85,15065.0,United Kingdom
558315,22960,JAM MAKING SET WITH JARS,6,2011-06-28 11:44:00,4.25,15065.0,United Kingdom
558315,23253,16 PIECE CUTLERY SET PANTRY DESIGN,2,2011-06-28 11:44:00,15.95,15065.0,United Kingdom
558315,84378,SET OF 3 HEART COOKIE CUTTERS,12,2011-06-28 11:44:00,1.25,15065.0,United Kingdom
558315,22965,3 TRADITIONAl BISCUIT CUTTERS  SET,6,2011-06-28 11:44:00,2.1,15065.0,United Kingdom
558315,84380,SET OF 3 BUTTERFLY COOKIE CUTTERS,24,2011-06-28 11:44:00,1.25,15065.0,United Kingdom
558315,22930,BAKING MOULD HEART MILK CHOCOLATE,6,2011-06-28 11:44:00,2.55,15065.0,United Kingdom
558315,20914,SET/5 RED RETROSPOT LID GLASS BOWLS,6,2011-06-28 11:44:00,2.95,15065.0,United Kingdom
558315,22509,SEWING BOX RETROSPOT DESIGN ,2,2011-06-28 11:44:00,16.95,15065.0,United Kingdom
558315,22558,CLOTHES PEGS RETROSPOT PACK 24 ,12,2011-06-28 11:44:00,1.65,15065.0,United Kingdom
558315,22077,6 RIBBONS RUSTIC CHARM,12,2011-06-28 11:44:00,1.65,15065.0,United Kingdom
558315,22583,PACK OF 6 HANDBAG GIFT BOXES,6,2011-06-28 11:44:00,2.55,15065.0,United Kingdom
558315,22584,PACK OF 6 PANNETONE GIFT BOXES,6,2011-06-28 11:44:00,2.55,15065.0,United Kingdom
558315,22149,FELTCRAFT 6 FLOWER FRIENDS,12,2011-06-28 11:44:00,2.1,15065.0,United Kingdom
558315,22150,3 STRIPEY MICE FELTCRAFT,6,2011-06-28 11:44:00,1.95,15065.0,United Kingdom
558315,22568,FELTCRAFT CUSHION OWL,4,2011-06-28 11:44:00,3.75,15065.0,United Kingdom
558315,22493,PAINT YOUR OWN CANVAS SET,24,2011-06-28 11:44:00,1.65,15065.0,United Kingdom
558315,22619,SET OF 6 SOLDIER SKITTLES,8,2011-06-28 11:44:00,3.75,15065.0,United Kingdom
558315,22326,ROUND SNACK BOXES SET OF4 WOODLAND ,6,2011-06-28 11:44:00,2.95,15065.0,United Kingdom
558315,21559,STRAWBERRY LUNCH BOX WITH CUTLERY,6,2011-06-28 11:44:00,2.55,15065.0,United Kingdom
558315,21558,SKULL LUNCH BOX WITH CUTLERY ,6,2011-06-28 11:44:00,2.55,15065.0,United Kingdom
558315,22617,BAKING SET SPACEBOY DESIGN,3,2011-06-28 11:44:00,4.95,15065.0,United Kingdom
558315,23007, SPACEBOY BABY GIFT SET,1,2011-06-28 11:44:00,16.95,15065.0,United Kingdom
558315,23010,CIRCUS PARADE BABY GIFT SET,1,2011-06-28 11:44:00,16.95,15065.0,United Kingdom
558315,22466,FAIRY TALE COTTAGE NIGHTLIGHT,12,2011-06-28 11:44:00,1.95,15065.0,United Kingdom
558315,23080,RED METAL BOX TOP SECRET,2,2011-06-28 11:44:00,8.25,15065.0,United Kingdom
558315,23173,REGENCY TEAPOT ROSES ,2,2011-06-28 11:44:00,9.95,15065.0,United Kingdom
558315,21731,RED TOADSTOOL LED NIGHT LIGHT,12,2011-06-28 11:44:00,1.65,15065.0,United Kingdom
558315,84375,SET OF 20 KIDS COOKIE CUTTERS,12,2011-06-28 11:44:00,2.1,15065.0,United Kingdom
558315,22839,3 TIER CAKE TIN GREEN AND CREAM,1,2011-06-28 11:44:00,14.95,15065.0,United Kingdom
558315,84968A,SET OF 16 VINTAGE ROSE CUTLERY,1,2011-06-28 11:44:00,12.75,15065.0,United Kingdom
558315,21735,TWO DOOR CURIO CABINET,4,2011-06-28 11:44:00,12.75,15065.0,United Kingdom
558315,22697,GREEN REGENCY TEACUP AND SAUCER,18,2011-06-28 11:44:00,2.95,15065.0,United Kingdom
558315,23162,REGENCY TEA STRAINER,4,2011-06-28 11:44:00,3.75,15065.0,United Kingdom
558315,84078A,SET/4 WHITE RETRO STORAGE CUBES ,1,2011-06-28 11:44:00,39.95,15065.0,United Kingdom
558315,22894,TABLECLOTH RED APPLES DESIGN ,2,2011-06-28 11:44:00,9.95,15065.0,United Kingdom
558315,22303,COFFEE MUG APPLES DESIGN,12,2011-06-28 11:44:00,2.55,15065.0,United Kingdom
558315,37500,TEA TIME TEAPOT IN GIFT BOX,12,2011-06-28 11:44:00,4.95,15065.0,United Kingdom
558315,22283,6 EGG HOUSE PAINTED WOOD,4,2011-06-28 11:44:00,7.95,15065.0,United Kingdom
558315,84880,WHITE WIRE EGG HOLDER,3,2011-06-28 11:44:00,7.5,15065.0,United Kingdom
558315,22070,SMALL RED RETROSPOT MUG IN BOX ,6,2011-06-28 11:44:00,3.75,15065.0,United Kingdom
558315,22698,PINK REGENCY TEACUP AND SAUCER,12,2011-06-28 11:44:00,2.95,15065.0,United Kingdom
558315,22224,WHITE LOVEBIRD LANTERN,6,2011-06-28 11:44:00,2.95,15065.0,United Kingdom
558315,21755,LOVE BUILDING BLOCK WORD,3,2011-06-28 11:44:00,5.95,15065.0,United Kingdom
558315,22302,COFFEE MUG PEARS  DESIGN,6,2011-06-28 11:44:00,2.55,15065.0,United Kingdom
558315,22699,ROSES REGENCY TEACUP AND SAUCER ,6,2011-06-28 11:44:00,2.95,15065.0,United Kingdom
558315,23299,FOOD COVER WITH BEADS SET 2 ,6,2011-06-28 11:44:00,3.75,15065.0,United Kingdom
558315,23298,SPOTTY BUNTING,3,2011-06-28 11:44:00,4.95,15065.0,United Kingdom
558315,23169,CLASSIC GLASS COOKIE JAR,6,2011-06-28 11:44:00,4.15,15065.0,United Kingdom
558315,22582,PACK OF 6 SWEETIE GIFT BOXES,6,2011-06-28 11:44:00,2.55,15065.0,United Kingdom
558316,20711,JUMBO BAG TOYS ,2,2011-06-28 11:45:00,4.13,,United Kingdom
558316,20717,STRAWBERRY SHOPPER BAG,2,2011-06-28 11:45:00,2.46,,United Kingdom
558316,20718,RED RETROSPOT SHOPPER BAG,1,2011-06-28 11:45:00,3.29,,United Kingdom
558316,21098,CHRISTMAS TOILET ROLL,1,2011-06-28 11:45:00,3.29,,United Kingdom
558316,21116,OWL DOORSTOP,1,2011-06-28 11:45:00,8.29,,United Kingdom
558316,21218,RED SPOTTY BISCUIT TIN,1,2011-06-28 11:45:00,8.29,,United Kingdom
558316,21430,SET/3 RED GINGHAM ROSE STORAGE BOX,1,2011-06-28 11:45:00,7.46,,United Kingdom
558316,21700,BIG DOUGHNUT FRIDGE MAGNETS,6,2011-06-28 11:45:00,1.38,,United Kingdom
558316,21786,POLKADOT RAIN HAT ,1,2011-06-28 11:45:00,0.79,,United Kingdom
558316,21867,PINK UNION JACK  LUGGAGE TAG,1,2011-06-28 11:45:00,2.46,,United Kingdom
558316,21929,JUMBO BAG PINK VINTAGE PAISLEY,2,2011-06-28 11:45:00,4.13,,United Kingdom
558316,21931,JUMBO STORAGE BAG SUKI,9,2011-06-28 11:45:00,4.13,,United Kingdom
558316,21935,SUKI  SHOULDER BAG,2,2011-06-28 11:45:00,4.13,,United Kingdom
558316,21974,SET OF 36 PAISLEY FLOWER DOILIES,1,2011-06-28 11:45:00,3.75,,United Kingdom
558316,22069,BROWN  PIRATE TREASURE CHEST ,1,2011-06-28 11:45:00,4.13,,United Kingdom
558316,22378,WALL TIDY RETROSPOT ,1,2011-06-28 11:45:00,4.96,,United Kingdom
558316,22379,RECYCLING BAG RETROSPOT ,2,2011-06-28 11:45:00,4.96,,United Kingdom
558316,22386,JUMBO BAG PINK POLKADOT,4,2011-06-28 11:45:00,4.13,,United Kingdom
558316,22411,JUMBO SHOPPER VINTAGE RED PAISLEY,6,2011-06-28 11:45:00,4.13,,United Kingdom
558316,22483,RED GINGHAM TEDDY BEAR ,1,2011-06-28 11:45:00,5.79,,United Kingdom
558316,22607,WOODEN ROUNDERS GARDEN SET ,1,2011-06-28 11:45:00,20.79,,United Kingdom
558316,22654,DELUXE SEWING KIT ,1,2011-06-28 11:45:00,12.46,,United Kingdom
558316,22663,JUMBO BAG DOLLY GIRL DESIGN,1,2011-06-28 11:45:00,4.13,,United Kingdom
558316,22891,TEA FOR ONE POLKADOT,1,2011-06-28 11:45:00,8.29,,United Kingdom
558316,22893,MINI CAKE STAND T-LIGHT HOLDER,2,2011-06-28 11:45:00,0.83,,United Kingdom
558316,23084,RABBIT NIGHT LIGHT,2,2011-06-28 11:45:00,4.13,,United Kingdom
558316,23108,SET OF 10 LED DOLLY LIGHTS,1,2011-06-28 11:45:00,12.46,,United Kingdom
558316,82482,WOODEN PICTURE FRAME WHITE FINISH,1,2011-06-28 11:45:00,4.96,,United Kingdom
558316,84987,SET OF 36 TEATIME PAPER DOILIES,1,2011-06-28 11:45:00,3.75,,United Kingdom
558316,85049e,SCANDINAVIAN REDS RIBBONS,1,2011-06-28 11:45:00,3.29,,United Kingdom
558316,85099B,JUMBO BAG RED RETROSPOT,7,2011-06-28 11:45:00,4.13,,United Kingdom
558316,DOT,DOTCOM POSTAGE,1,2011-06-28 11:45:00,107.58,,United Kingdom
558317,21770,OPEN CLOSED METAL SIGN,36,2011-06-28 11:46:00,4.25,14688.0,United Kingdom
558317,23199,JUMBO BAG APPLES,5,2011-06-28 11:46:00,2.08,14688.0,United Kingdom
558317,23201,JUMBO BAG ALPHABET,5,2011-06-28 11:46:00,2.08,14688.0,United Kingdom
558318,85232A,,-14,2011-06-28 11:52:00,0.0,,United Kingdom
558319,82482,WOODEN PICTURE FRAME WHITE FINISH,1,2011-06-28 11:53:00,4.96,,United Kingdom
558319,84029G,KNITTED UNION FLAG HOT WATER BOTTLE,1,2011-06-28 11:53:00,8.29,,United Kingdom
558319,84032A,CHARLIE+LOLA PINK HOT WATER BOTTLE,1,2011-06-28 11:53:00,5.79,,United Kingdom
558319,85049e,SCANDINAVIAN REDS RIBBONS,1,2011-06-28 11:53:00,3.29,,United Kingdom
558319,DOT,DOTCOM POSTAGE,1,2011-06-28 11:53:00,58.33,,United Kingdom
558319,20658,RED RETROSPOT LUGGAGE TAG,1,2011-06-28 11:53:00,2.46,,United Kingdom
558319,21156,RETROSPOT CHILDRENS APRON,1,2011-06-28 11:53:00,4.13,,United Kingdom
558319,21328,BALLOONS  WRITING SET ,1,2011-06-28 11:53:00,3.29,,United Kingdom
558319,21363,HOME SMALL WOOD LETTERS,1,2011-06-28 11:53:00,10.79,,United Kingdom
558319,21430,SET/3 RED GINGHAM ROSE STORAGE BOX,2,2011-06-28 11:53:00,7.46,,United Kingdom
558319,21866,UNION JACK FLAG LUGGAGE TAG,1,2011-06-28 11:53:00,3.29,,United Kingdom
558319,22041,"RECORD FRAME 7"" SINGLE SIZE ",16,2011-06-28 11:53:00,4.96,,United Kingdom
558319,22077,6 RIBBONS RUSTIC CHARM,1,2011-06-28 11:53:00,4.13,,United Kingdom
558319,22089,PAPER BUNTING VINTAGE PAISLEY,1,2011-06-28 11:53:00,4.13,,United Kingdom
558319,22161,HEART DECORATION RUSTIC HANGING ,1,2011-06-28 11:53:00,1.63,,United Kingdom
558319,22212,FOUR HOOK  WHITE LOVEBIRDS,1,2011-06-28 11:53:00,4.13,,United Kingdom
558319,22297,HEART IVORY TRELLIS SMALL,1,2011-06-28 11:53:00,2.46,,United Kingdom
558319,22629,SPACEBOY LUNCH BOX ,1,2011-06-28 11:53:00,2.46,,United Kingdom
558319,22630,DOLLY GIRL LUNCH BOX,1,2011-06-28 11:53:00,2.46,,United Kingdom
558319,22698,PINK REGENCY TEACUP AND SAUCER,1,2011-06-28 11:53:00,5.79,,United Kingdom
558319,22844,VINTAGE CREAM DOG FOOD CONTAINER,1,2011-06-28 11:53:00,16.63,,United Kingdom
558319,23027,DRAWER KNOB VINTAGE GLASS HEXAGON,1,2011-06-28 11:53:00,4.13,,United Kingdom
558319,23031,DRAWER KNOB CRACKLE GLAZE PINK,1,2011-06-28 11:53:00,3.29,,United Kingdom
558319,23146,TRIPLE HOOK ANTIQUE IVORY ROSE,1,2011-06-28 11:53:00,6.63,,United Kingdom
558319,23163,REGENCY SUGAR TONGS,1,2011-06-28 11:53:00,4.96,,United Kingdom
558321,20676,RED RETROSPOT BOWL,1,2011-06-28 11:53:00,2.46,,United Kingdom
558321,20711,JUMBO BAG TOYS ,1,2011-06-28 11:53:00,4.13,,United Kingdom
558321,20718,RED RETROSPOT SHOPPER BAG,1,2011-06-28 11:53:00,3.29,,United Kingdom
558321,21217,RED RETROSPOT ROUND CAKE TINS,1,2011-06-28 11:53:00,20.79,,United Kingdom
558321,21786,POLKADOT RAIN HAT ,1,2011-06-28 11:53:00,0.79,,United Kingdom
558321,21916,SET 12 RETRO WHITE CHALK STICKS,2,2011-06-28 11:53:00,0.79,,United Kingdom
558321,21929,JUMBO BAG PINK VINTAGE PAISLEY,1,2011-06-28 11:53:00,4.13,,United Kingdom
558321,21931,JUMBO STORAGE BAG SUKI,1,2011-06-28 11:53:00,4.13,,United Kingdom
558321,21935,SUKI  SHOULDER BAG,2,2011-06-28 11:53:00,4.13,,United Kingdom
558321,21989,PACK OF 20 SKULL PAPER NAPKINS,1,2011-06-28 11:53:00,1.63,,United Kingdom
558321,22041,"RECORD FRAME 7"" SINGLE SIZE ",1,2011-06-28 11:53:00,4.96,,United Kingdom
558321,22055,MINI CAKE STAND  HANGING STRAWBERY,1,2011-06-28 11:53:00,3.29,,United Kingdom
558321,22077,6 RIBBONS RUSTIC CHARM,1,2011-06-28 11:53:00,4.13,,United Kingdom
558321,22149,FELTCRAFT 6 FLOWER FRIENDS,1,2011-06-28 11:53:00,4.96,,United Kingdom
558321,22196,SMALL HEART MEASURING SPOONS,1,2011-06-28 11:53:00,1.63,,United Kingdom
558321,22197,POPCORN HOLDER,1,2011-06-28 11:53:00,1.63,,United Kingdom
558321,22379,RECYCLING BAG RETROSPOT ,1,2011-06-28 11:53:00,4.96,,United Kingdom
558321,22386,JUMBO BAG PINK POLKADOT,2,2011-06-28 11:53:00,4.13,,United Kingdom
558321,22411,JUMBO SHOPPER VINTAGE RED PAISLEY,3,2011-06-28 11:53:00,4.13,,United Kingdom
558321,22467,GUMBALL COAT RACK,2,2011-06-28 11:53:00,4.96,,United Kingdom
558321,22668,PINK BABY BUNTING,1,2011-06-28 11:53:00,5.79,,United Kingdom
558321,22672,FRENCH BATHROOM SIGN BLUE METAL,1,2011-06-28 11:53:00,3.29,,United Kingdom
558321,22900,SET 2 TEA TOWELS I LOVE LONDON ,2,2011-06-28 11:53:00,4.13,,United Kingdom
558321,23173,REGENCY TEAPOT ROSES ,1,2011-06-28 11:53:00,19.96,,United Kingdom
558321,75049L,LARGE CIRCULAR MIRROR MOBILE,1,2011-06-28 11:53:00,2.46,,United Kingdom
558321,82580,BATHROOM METAL SIGN,1,2011-06-28 11:53:00,1.25,,United Kingdom
558321,84380,SET OF 3 BUTTERFLY COOKIE CUTTERS,1,2011-06-28 11:53:00,3.29,,United Kingdom
558321,84509a,SET OF 4 ENGLISH ROSE PLACEMATS,1,2011-06-28 11:53:00,7.46,,United Kingdom
558321,84510a,SET OF 4 ENGLISH ROSE COASTERS,1,2011-06-28 11:53:00,2.46,,United Kingdom
558321,84519B,CARROT CHARLIE+LOLA COASTER SET,1,2011-06-28 11:53:00,5.79,,United Kingdom
558321,85099B,JUMBO BAG RED RETROSPOT,2,2011-06-28 11:53:00,4.13,,United Kingdom
558321,DOT,DOTCOM POSTAGE,1,2011-06-28 11:53:00,81.33,,United Kingdom
558325,22784,LANTERN CREAM GAZEBO ,12,2011-06-28 11:56:00,4.25,14351.0,United Kingdom
C558326,22720,SET OF 3 CAKE TINS PANTRY DESIGN ,-1,2011-06-28 11:59:00,4.95,13300.0,United Kingdom
C558326,22551,PLASTERS IN TIN SPACEBOY,-1,2011-06-28 11:59:00,1.65,13300.0,United Kingdom
C558327,46000S,POLYESTER FILLER PAD 40x40cm,-24,2011-06-28 12:04:00,1.45,17900.0,United Kingdom
C558327,21927,BLUE/CREAM STRIPE CUSHION COVER ,-12,2011-06-28 12:04:00,1.25,17900.0,United Kingdom
C558327,21926,RED/CREAM STRIPE CUSHION COVER ,-12,2011-06-28 12:04:00,1.25,17900.0,United Kingdom
558328,23243,SET OF TEA COFFEE SUGAR TINS PANTRY,4,2011-06-28 12:09:00,4.95,15146.0,United Kingdom
558328,23299,FOOD COVER WITH BEADS SET 2 ,6,2011-06-28 12:09:00,3.75,15146.0,United Kingdom
558328,23198,PANTRY MAGNETIC  SHOPPING LIST,12,2011-06-28 12:09:00,1.45,15146.0,United Kingdom
558328,22963,JAM JAR WITH GREEN LID,12,2011-06-28 12:09:00,0.85,15146.0,United Kingdom
558328,84879,ASSORTED COLOUR BIRD ORNAMENT,16,2011-06-28 12:09:00,1.69,15146.0,United Kingdom
558328,23122,PARTY CHARMS 50 PIECES,12,2011-06-28 12:09:00,0.83,15146.0,United Kingdom
558328,22693,GROW A FLYTRAP OR SUNFLOWER IN TIN,24,2011-06-28 12:09:00,1.25,15146.0,United Kingdom
558328,22432,WATERING CAN PINK BUNNY,6,2011-06-28 12:09:00,1.95,15146.0,United Kingdom
558328,22431,WATERING CAN BLUE ELEPHANT,6,2011-06-28 12:09:00,1.95,15146.0,United Kingdom
558328,22418,10 COLOUR SPACEBOY PEN,96,2011-06-28 12:09:00,0.85,15146.0,United Kingdom
558328,23310,BUBBLEGUM RING ASSORTED,72,2011-06-28 12:09:00,0.42,15146.0,United Kingdom
558328,23077,DOUGHNUT LIP GLOSS ,20,2011-06-28 12:09:00,1.25,15146.0,United Kingdom
558328,22991,GIRAFFE WOODEN RULER,12,2011-06-28 12:09:00,1.95,15146.0,United Kingdom
558328,22492,MINI PAINT SET VINTAGE ,36,2011-06-28 12:09:00,0.65,15146.0,United Kingdom
558328,22904,CALENDAR PAPER CUT DESIGN,12,2011-06-28 12:09:00,2.95,15146.0,United Kingdom
558328,22714,CARD BIRTHDAY COWBOY,12,2011-06-28 12:09:00,0.42,15146.0,United Kingdom
558328,22030,SWALLOWS GREETING CARD,12,2011-06-28 12:09:00,0.42,15146.0,United Kingdom
558328,21519,GIN & TONIC DIET GREETING CARD ,12,2011-06-28 12:09:00,0.42,15146.0,United Kingdom
558328,22983,CARD BILLBOARD FONT,12,2011-06-28 12:09:00,0.42,15146.0,United Kingdom
558328,22027,TEA PARTY BIRTHDAY CARD,12,2011-06-28 12:09:00,0.42,15146.0,United Kingdom
558328,22046,TEA PARTY  WRAPPING PAPER ,25,2011-06-28 12:09:00,0.42,15146.0,United Kingdom
558328,22706,WRAP COWBOYS  ,25,2011-06-28 12:09:00,0.42,15146.0,United Kingdom
558328,21497,FANCY FONTS BIRTHDAY WRAP,25,2011-06-28 12:09:00,0.42,15146.0,United Kingdom
558328,16156S,WRAP PINK FAIRY CAKES ,25,2011-06-28 12:09:00,0.42,15146.0,United Kingdom
558328,22048,BIRTHDAY BANQUET GIFT WRAP,25,2011-06-28 12:09:00,0.42,15146.0,United Kingdom
558328,16161P,WRAP ENGLISH ROSE ,25,2011-06-28 12:09:00,0.42,15146.0,United Kingdom
558328,23118,PARISIENNE JEWELLERY DRAWER ,2,2011-06-28 12:09:00,7.5,15146.0,United Kingdom
558328,23142,IVORY WIRE KITCHEN ORGANISER,1,2011-06-28 12:09:00,10.4,15146.0,United Kingdom
C558329,46000S,POLYESTER FILLER PAD 40x40cm,-12,2011-06-28 12:09:00,1.45,17900.0,United Kingdom
C558329,21927,BLUE/CREAM STRIPE CUSHION COVER ,-12,2011-06-28 12:09:00,1.25,17900.0,United Kingdom
558330,22605,WOODEN CROQUET GARDEN SET,1,2011-06-28 12:16:00,14.95,12748.0,United Kingdom
558330,82567,"AIRLINE LOUNGE,METAL SIGN",1,2011-06-28 12:16:00,2.1,12748.0,United Kingdom
558330,21524,DOORMAT SPOTTY HOME SWEET HOME,1,2011-06-28 12:16:00,7.95,12748.0,United Kingdom
558330,79066K,RETRO MOD TRAY,1,2011-06-28 12:16:00,0.85,12748.0,United Kingdom
558330,21061,PARTY INVITES FOOTBALL,2,2011-06-28 12:16:00,0.85,12748.0,United Kingdom
558330,21246,RED RETROSPOT BIG BOWL,1,2011-06-28 12:16:00,4.95,12748.0,United Kingdom
558330,22971,QUEENS GUARD COFFEE MUG,1,2011-06-28 12:16:00,2.55,12748.0,United Kingdom
558330,84673A,PINK FLY SWAT,1,2011-06-28 12:16:00,0.65,12748.0,United Kingdom
558330,85184C,SET 4 VALENTINE DECOUPAGE HEART BOX,1,2011-06-28 12:16:00,2.95,12748.0,United Kingdom
558330,22749,FELTCRAFT PRINCESS CHARLOTTE DOLL,1,2011-06-28 12:16:00,3.75,12748.0,United Kingdom
558330,22565,FELTCRAFT HAIRBANDS PINK AND WHITE ,12,2011-06-28 12:16:00,0.85,12748.0,United Kingdom
558330,22123,PING MICROWAVE APRON,2,2011-06-28 12:16:00,1.95,12748.0,United Kingdom
558330,22116,METAL SIGN HIS DINNER IS SERVED,1,2011-06-28 12:16:00,2.95,12748.0,United Kingdom
558330,79321,CHILLI LIGHTS,1,2011-06-28 12:16:00,5.75,12748.0,United Kingdom
558330,22749,FELTCRAFT PRINCESS CHARLOTTE DOLL,1,2011-06-28 12:16:00,3.75,12748.0,United Kingdom
558330,22631,CIRCUS PARADE LUNCH BOX ,10,2011-06-28 12:16:00,1.95,12748.0,United Kingdom
558330,20971,PINK BLUE FELT CRAFT TRINKET BOX,12,2011-06-28 12:16:00,1.25,12748.0,United Kingdom
558330,22124,SET OF 2 TEA TOWELS PING MICROWAVE,2,2011-06-28 12:16:00,2.95,12748.0,United Kingdom
558330,22989,SET 2 PANTRY DESIGN TEA TOWELS,3,2011-06-28 12:16:00,3.25,12748.0,United Kingdom
558330,21035,SET/2 RED RETROSPOT TEA TOWELS ,3,2011-06-28 12:16:00,3.25,12748.0,United Kingdom
558330,22895,SET OF 2 TEA TOWELS APPLE AND PEARS,3,2011-06-28 12:16:00,3.25,12748.0,United Kingdom
558330,22586,FELTCRAFT HAIRBAND PINK AND BLUE,12,2011-06-28 12:16:00,0.85,12748.0,United Kingdom
558330,84596F,SMALL MARSHMALLOWS PINK BOWL,24,2011-06-28 12:16:00,0.42,12748.0,United Kingdom
558330,84596B,SMALL DOLLY MIX DESIGN ORANGE BOWL,8,2011-06-28 12:16:00,0.42,12748.0,United Kingdom
558330,84596B,SMALL DOLLY MIX DESIGN ORANGE BOWL,8,2011-06-28 12:16:00,0.42,12748.0,United Kingdom
558330,84596B,SMALL DOLLY MIX DESIGN ORANGE BOWL,8,2011-06-28 12:16:00,0.42,12748.0,United Kingdom
558330,22197,POPCORN HOLDER,25,2011-06-28 12:16:00,0.85,12748.0,United Kingdom
558330,22693,GROW A FLYTRAP OR SUNFLOWER IN TIN,24,2011-06-28 12:16:00,1.25,12748.0,United Kingdom
558330,21576,LETS GO SHOPPING COTTON TOTE BAG,6,2011-06-28 12:16:00,2.25,12748.0,United Kingdom
558330,21581,SKULLS  DESIGN  COTTON TOTE BAG,6,2011-06-28 12:16:00,2.25,12748.0,United Kingdom
558330,21577,SAVE THE PLANET COTTON TOTE BAG,6,2011-06-28 12:16:00,2.25,12748.0,United Kingdom
558330,21579,LOLITA  DESIGN  COTTON TOTE BAG,6,2011-06-28 12:16:00,2.25,12748.0,United Kingdom
558330,22661,CHARLOTTE BAG DOLLY GIRL DESIGN,10,2011-06-28 12:16:00,0.85,12748.0,United Kingdom
558330,20724,RED RETROSPOT CHARLOTTE BAG,10,2011-06-28 12:16:00,0.85,12748.0,United Kingdom
558330,22355,CHARLOTTE BAG SUKI DESIGN,10,2011-06-28 12:16:00,0.85,12748.0,United Kingdom
558331,22460,EMBOSSED GLASS TEALIGHT HOLDER,192,2011-06-28 12:21:00,1.06,17391.0,United Kingdom
558331,22178,VICTORIAN GLASS HANGING T-LIGHT,192,2011-06-28 12:21:00,1.06,17391.0,United Kingdom
558332,22854,CREAM SWEETHEART EGG HOLDER,4,2011-06-28 13:09:00,4.95,18241.0,United Kingdom
558332,22180,RETROSPOT LAMP,4,2011-06-28 13:09:00,9.95,18241.0,United Kingdom
558333,62018,SOMBRERO ,400,2011-06-28 13:10:00,1.25,13953.0,United Kingdom
558334,23229,VINTAGE DONKEY TAIL GAME ,12,2011-06-28 13:11:00,3.75,12599.0,France
558334,21080,SET/20 RED RETROSPOT PAPER NAPKINS ,12,2011-06-28 13:11:00,0.85,12599.0,France
558334,21746,SMALL RED RETROSPOT WINDMILL,12,2011-06-28 13:11:00,1.25,12599.0,France
558334,20983,12 PENCILS TALL TUBE RED RETROSPOT,12,2011-06-28 13:11:00,0.85,12599.0,France
558334,21086,SET/6 RED SPOTTY PAPER CUPS,24,2011-06-28 13:11:00,0.65,12599.0,France
558334,21094,SET/6 RED SPOTTY PAPER PLATES,12,2011-06-28 13:11:00,0.85,12599.0,France
558334,22544,MINI JIGSAW SPACEBOY,24,2011-06-28 13:11:00,0.42,12599.0,France
558334,POST,POSTAGE,1,2011-06-28 13:11:00,18.0,12599.0,France
558335,22726,ALARM CLOCK BAKELIKE GREEN,4,2011-06-28 13:16:00,3.75,17442.0,United Kingdom
558335,23251,VINTAGE RED ENAMEL TRIM MUG ,12,2011-06-28 13:16:00,1.25,17442.0,United Kingdom
558335,23252,VINTAGE RED ENAMEL TRIM JUG ,4,2011-06-28 13:16:00,3.75,17442.0,United Kingdom
558335,23249,VINTAGE RED ENAMEL TRIM PLATE,12,2011-06-28 13:16:00,1.65,17442.0,United Kingdom
558335,23250,VINTAGE RED TRIM ENAMEL BOWL ,12,2011-06-28 13:16:00,1.25,17442.0,United Kingdom
558335,23239,SET OF 4 KNICK KNACK TINS POPPIES,6,2011-06-28 13:16:00,4.15,17442.0,United Kingdom
558335,23240,SET OF 4 KNICK KNACK TINS DOILEY ,6,2011-06-28 13:16:00,4.15,17442.0,United Kingdom
558335,23191,BUNDLE OF 3 RETRO NOTE BOOKS,12,2011-06-28 13:16:00,1.65,17442.0,United Kingdom
558335,21791,VINTAGE HEADS AND TAILS CARD GAME ,12,2011-06-28 13:16:00,1.25,17442.0,United Kingdom
558335,23120,PACK OF 6 SMALL FRUIT STRAWS,24,2011-06-28 13:16:00,0.42,17442.0,United Kingdom
558335,23307,SET OF 60 PANTRY DESIGN CAKE CASES ,24,2011-06-28 13:16:00,0.55,17442.0,United Kingdom
558335,22896,PEG BAG APPLES DESIGN,6,2011-06-28 13:16:00,2.55,17442.0,United Kingdom
558335,21658,GLASS  BEURRE DISH,4,2011-06-28 13:16:00,3.95,17442.0,United Kingdom
558335,84971S,SMALL HEART FLOWERS HOOK ,24,2011-06-28 13:16:00,0.85,17442.0,United Kingdom
558335,84836,ZINC METAL HEART DECORATION,12,2011-06-28 13:16:00,1.25,17442.0,United Kingdom
558336,21794,CLASSIC FRENCH STYLE BASKET NATURAL,8,2011-06-28 13:17:00,3.95,14364.0,United Kingdom
558336,21792,CLASSIC FRENCH STYLE BASKET GREEN ,8,2011-06-28 13:17:00,3.95,14364.0,United Kingdom
558336,22961,JAM MAKING SET PRINTED,12,2011-06-28 13:17:00,1.45,14364.0,United Kingdom
558336,22960,JAM MAKING SET WITH JARS,12,2011-06-28 13:17:00,3.75,14364.0,United Kingdom
558336,84509A,SET OF 4 ENGLISH ROSE PLACEMATS,4,2011-06-28 13:17:00,3.75,14364.0,United Kingdom
558336,22627,MINT KITCHEN SCALES,2,2011-06-28 13:17:00,8.5,14364.0,United Kingdom
558336,21212,PACK OF 72 RETROSPOT CAKE CASES,24,2011-06-28 13:17:00,0.55,14364.0,United Kingdom
558336,21977,PACK OF 60 PINK PAISLEY CAKE CASES,24,2011-06-28 13:17:00,0.55,14364.0,United Kingdom
558336,20725,LUNCH BAG RED RETROSPOT,20,2011-06-28 13:17:00,1.65,14364.0,United Kingdom
558336,23209,LUNCH BAG DOILEY PATTERN ,20,2011-06-28 13:17:00,1.65,14364.0,United Kingdom
558336,20724,RED RETROSPOT CHARLOTTE BAG,20,2011-06-28 13:17:00,0.85,14364.0,United Kingdom
558336,20723,STRAWBERRY CHARLOTTE BAG,20,2011-06-28 13:17:00,0.85,14364.0,United Kingdom
558336,21793,CLASSIC FRENCH STYLE BASKET BROWN,8,2011-06-28 13:17:00,3.95,14364.0,United Kingdom
558337,23256,CHILDRENS CUTLERY SPACEBOY ,1,2011-06-28 13:31:00,4.15,,United Kingdom
558337,21787,RAIN PONCHO RETROSPOT,1,2011-06-28 13:31:00,0.85,,United Kingdom
558337,20728,LUNCH BAG CARS BLUE,1,2011-06-28 13:31:00,1.65,,United Kingdom
558337,20725,LUNCH BAG RED RETROSPOT,1,2011-06-28 13:31:00,1.65,,United Kingdom
558337,21592,RETROSPOT CIGAR BOX MATCHES ,2,2011-06-28 13:31:00,1.25,,United Kingdom
558338,23229,VINTAGE DONKEY TAIL GAME ,6,2011-06-28 13:36:00,3.75,16824.0,United Kingdom
558338,23306,SET OF 36 DOILIES PANTRY DESIGN,12,2011-06-28 13:36:00,1.45,16824.0,United Kingdom
558338,23307,SET OF 60 PANTRY DESIGN CAKE CASES ,24,2011-06-28 13:36:00,0.55,16824.0,United Kingdom
558338,23165,LARGE CERAMIC TOP STORAGE JAR,12,2011-06-28 13:36:00,1.65,16824.0,United Kingdom
558338,22907,PACK OF 20 NAPKINS PANTRY DESIGN,12,2011-06-28 13:36:00,0.85,16824.0,United Kingdom
558338,22423,REGENCY CAKESTAND 3 TIER,2,2011-06-28 13:36:00,12.75,16824.0,United Kingdom
558338,21888,BINGO SET,4,2011-06-28 13:36:00,3.75,16824.0,United Kingdom
558338,84991,60 TEATIME FAIRY CAKE CASES,24,2011-06-28 13:36:00,0.55,16824.0,United Kingdom
558338,22851,SET 20 NAPKINS FAIRY CAKES DESIGN ,12,2011-06-28 13:36:00,0.85,16824.0,United Kingdom
558338,84580,MOUSE TOY WITH PINK T-SHIRT,4,2011-06-28 13:36:00,3.75,16824.0,United Kingdom
558338,22993,SET OF 4 PANTRY JELLY MOULDS,12,2011-06-28 13:36:00,1.25,16824.0,United Kingdom
558338,22691,DOORMAT WELCOME SUNRISE,2,2011-06-28 13:36:00,7.95,16824.0,United Kingdom
558338,23162,REGENCY TEA STRAINER,8,2011-06-28 13:36:00,3.75,16824.0,United Kingdom
558339,22772,PINK DRAWER KNOB ACRYLIC EDWARDIAN,24,2011-06-28 13:55:00,1.25,16928.0,United Kingdom
558339,22775,PURPLE DRAWERKNOB ACRYLIC EDWARDIAN,24,2011-06-28 13:55:00,1.25,16928.0,United Kingdom
558339,22771,CLEAR DRAWER KNOB ACRYLIC EDWARDIAN,12,2011-06-28 13:55:00,1.25,16928.0,United Kingdom
558339,22773,GREEN DRAWER KNOB ACRYLIC EDWARDIAN,12,2011-06-28 13:55:00,1.25,16928.0,United Kingdom
558339,21672,WHITE SPOT RED CERAMIC DRAWER KNOB,6,2011-06-28 13:55:00,1.25,16928.0,United Kingdom
558339,21668,RED STRIPE CERAMIC DRAWER KNOB,6,2011-06-28 13:55:00,1.25,16928.0,United Kingdom
558339,21673,WHITE SPOT BLUE CERAMIC DRAWER KNOB,6,2011-06-28 13:55:00,1.25,16928.0,United Kingdom
558339,21671,RED SPOT CERAMIC DRAWER KNOB,6,2011-06-28 13:55:00,1.25,16928.0,United Kingdom
558339,21669,BLUE STRIPE CERAMIC DRAWER KNOB,12,2011-06-28 13:55:00,1.25,16928.0,United Kingdom
558339,23032,DRAWER KNOB CRACKLE GLAZE IVORY,6,2011-06-28 13:55:00,1.65,16928.0,United Kingdom
558339,23029,DRAWER KNOB CRACKLE GLAZE GREEN,6,2011-06-28 13:55:00,1.65,16928.0,United Kingdom
558339,23031,DRAWER KNOB CRACKLE GLAZE PINK,2,2011-06-28 13:55:00,1.65,16928.0,United Kingdom
558339,23033,DRAWER KNOB CERAMIC RED,3,2011-06-28 13:55:00,1.45,16928.0,United Kingdom
558339,23034,DRAWER KNOB CERAMIC BLACK,4,2011-06-28 13:55:00,1.45,16928.0,United Kingdom
558339,23035,DRAWER KNOB CERAMIC IVORY,4,2011-06-28 13:55:00,1.45,16928.0,United Kingdom
558340,22514,CHILDS GARDEN SPADE BLUE,1,2011-06-28 14:01:00,0.0,,United Kingdom
558340,85123A,WHITE HANGING HEART T-LIGHT HOLDER,1,2011-06-28 14:01:00,0.0,,United Kingdom
558340,22431,WATERING CAN BLUE ELEPHANT,1,2011-06-28 14:01:00,0.0,,United Kingdom
558340,22430,ENAMEL WATERING CAN CREAM,1,2011-06-28 14:01:00,0.0,,United Kingdom
558340,22414,DOORMAT NEIGHBOURHOOD WITCH ,1,2011-06-28 14:01:00,0.0,,United Kingdom
558340,22385,JUMBO BAG SPACEBOY DESIGN,1,2011-06-28 14:01:00,0.0,,United Kingdom
558340,22380,TOY TIDY SPACEBOY  ,1,2011-06-28 14:01:00,0.0,,United Kingdom
558340,22364,GLASS JAR DIGESTIVE BISCUITS,1,2011-06-28 14:01:00,0.0,,United Kingdom
558340,22362,GLASS JAR PEACOCK BATH SALTS,1,2011-06-28 14:01:00,0.0,,United Kingdom
558340,22357,KINGS CHOICE BISCUIT TIN,3,2011-06-28 14:01:00,0.0,,United Kingdom
558340,22301,COFFEE MUG CAT + BIRD DESIGN,1,2011-06-28 14:01:00,0.0,,United Kingdom
558340,21556,CERAMIC STRAWBERRY MONEY BOX,2,2011-06-28 14:01:00,0.0,,United Kingdom
558340,21116,OWL DOORSTOP,1,2011-06-28 14:01:00,0.0,,United Kingdom
558340,M,Manual,1,2011-06-28 14:01:00,481.45,,United Kingdom
558340,85099F,JUMBO BAG STRAWBERRY,1,2011-06-28 14:01:00,0.0,,United Kingdom
558340,85099B,JUMBO BAG RED RETROSPOT,1,2011-06-28 14:01:00,0.0,,United Kingdom
558340,22627,MINT KITCHEN SCALES,1,2011-06-28 14:01:00,0.0,,United Kingdom
558340,84692,BOX OF 24 COCKTAIL PARASOLS,1,2011-06-28 14:01:00,0.0,,United Kingdom
558340,48184,DOORMAT ENGLISH ROSE ,3,2011-06-28 14:01:00,0.0,,United Kingdom
558340,22692,DOORMAT WELCOME TO OUR HOME,1,2011-06-28 14:01:00,0.0,,United Kingdom
558340,22684,FRENCH BLUE METAL DOOR SIGN 9,1,2011-06-28 14:01:00,0.0,,United Kingdom
558340,22685,FRENCH BLUE METAL DOOR SIGN 0,1,2011-06-28 14:01:00,0.0,,United Kingdom
558340,22683,FRENCH BLUE METAL DOOR SIGN 8,2,2011-06-28 14:01:00,0.0,,United Kingdom
558340,22679,FRENCH BLUE METAL DOOR SIGN 4,1,2011-06-28 14:01:00,0.0,,United Kingdom
558340,22678,FRENCH BLUE METAL DOOR SIGN 3,2,2011-06-28 14:01:00,0.0,,United Kingdom
558340,22686,FRENCH BLUE METAL DOOR SIGN No,4,2011-06-28 14:01:00,0.0,,United Kingdom
558340,22680,FRENCH BLUE METAL DOOR SIGN 5,4,2011-06-28 14:01:00,0.0,,United Kingdom
558340,22676,FRENCH BLUE METAL DOOR SIGN 1,3,2011-06-28 14:01:00,0.0,,United Kingdom
558340,22666,RECIPE BOX PANTRY YELLOW DESIGN,1,2011-06-28 14:01:00,0.0,,United Kingdom
558340,22665,RECIPE BOX BLUE SKETCHBOOK DESIGN,1,2011-06-28 14:01:00,0.0,,United Kingdom
558340,22649,STRAWBERRY FAIRY CAKE TEAPOT,1,2011-06-28 14:01:00,0.0,,United Kingdom
558340,22627,MINT KITCHEN SCALES,1,2011-06-28 14:01:00,0.0,,United Kingdom
558340,22626,BLACK KITCHEN SCALES,1,2011-06-28 14:01:00,0.0,,United Kingdom
558340,22526,WHEELBARROW FOR CHILDREN ,1,2011-06-28 14:01:00,0.0,,United Kingdom
558340,22430,ENAMEL WATERING CAN CREAM,1,2011-06-28 14:01:00,0.0,,United Kingdom
558340,22515,CHILDS GARDEN SPADE PINK,3,2011-06-28 14:01:00,0.0,,United Kingdom
558341,21794,CLASSIC FRENCH STYLE BASKET NATURAL,8,2011-06-28 14:20:00,3.95,14741.0,United Kingdom
558341,23298,SPOTTY BUNTING,12,2011-06-28 14:20:00,4.95,14741.0,United Kingdom
558341,23252,VINTAGE RED ENAMEL TRIM JUG ,4,2011-06-28 14:20:00,3.75,14741.0,United Kingdom
558341,23251,VINTAGE RED ENAMEL TRIM MUG ,12,2011-06-28 14:20:00,1.25,14741.0,United Kingdom
558341,22469,HEART OF WICKER SMALL,12,2011-06-28 14:20:00,1.65,14741.0,United Kingdom
558341,15036,ASSORTED COLOURS SILK FAN,12,2011-06-28 14:20:00,0.83,14741.0,United Kingdom
558341,84832,ZINC WILLIE WINKIE  CANDLE STICK,12,2011-06-28 14:20:00,0.85,14741.0,United Kingdom
558341,85053,FRENCH ENAMEL CANDLEHOLDER,6,2011-06-28 14:20:00,2.1,14741.0,United Kingdom
558342,20731,,1,2011-06-28 14:36:00,0.0,,United Kingdom
558343,84709B,,6,2011-06-28 14:44:00,0.0,,United Kingdom
558344,47013C,,4,2011-06-28 14:44:00,0.0,,United Kingdom
558345,21784,,6,2011-06-28 14:45:00,0.0,,United Kingdom
558346,35965,,3,2011-06-28 14:45:00,0.0,,United Kingdom
C558347,S,SAMPLES,-1,2011-06-28 14:47:00,4.95,,United Kingdom
C558347,S,SAMPLES,-1,2011-06-28 14:47:00,6.15,,United Kingdom
C558347,S,SAMPLES,-1,2011-06-28 14:47:00,3.59,,United Kingdom
C558347,S,SAMPLES,-1,2011-06-28 14:47:00,16.0,,United Kingdom
C558347,S,SAMPLES,-1,2011-06-28 14:47:00,14.92,,United Kingdom
C558347,S,SAMPLES,-1,2011-06-28 14:47:00,9.9,,United Kingdom
558348,23198,PANTRY MAGNETIC  SHOPPING LIST,12,2011-06-28 14:50:00,1.45,17188.0,United Kingdom
558348,23119,PACK OF 6 LARGE FRUIT STRAWS ,12,2011-06-28 14:50:00,0.62,17188.0,United Kingdom
558348,84692,BOX OF 24 COCKTAIL PARASOLS,25,2011-06-28 14:50:00,0.42,17188.0,United Kingdom
558348,21936,RED RETROSPOT PICNIC BAG,5,2011-06-28 14:50:00,2.95,17188.0,United Kingdom
558348,21922,UNION STRIPE WITH FRINGE  HAMMOCK,4,2011-06-28 14:50:00,7.95,17188.0,United Kingdom
558348,22970,LONDON BUS COFFEE MUG,12,2011-06-28 14:50:00,2.55,17188.0,United Kingdom
558348,22971,QUEENS GUARD COFFEE MUG,12,2011-06-28 14:50:00,2.55,17188.0,United Kingdom
558348,79321,CHILLI LIGHTS,4,2011-06-28 14:50:00,5.75,17188.0,United Kingdom
558348,22986,WRAP GINGHAM ROSE ,25,2011-06-28 14:50:00,0.42,17188.0,United Kingdom
558348,22348,TEA BAG PLATE RED RETROSPOT,12,2011-06-28 14:50:00,0.85,17188.0,United Kingdom
558348,22030,SWALLOWS GREETING CARD,12,2011-06-28 14:50:00,0.42,17188.0,United Kingdom
558348,22713,CARD I LOVE LONDON ,12,2011-06-28 14:50:00,0.42,17188.0,United Kingdom
558348,22984,CARD GINGHAM ROSE ,12,2011-06-28 14:50:00,0.42,17188.0,United Kingdom
558348,22998,TRAVEL CARD WALLET KEEP CALM,24,2011-06-28 14:50:00,0.42,17188.0,United Kingdom
558348,16225,RATTLE SNAKE EGGS,12,2011-06-28 14:50:00,1.25,17188.0,United Kingdom
558348,22699,ROSES REGENCY TEACUP AND SAUCER ,24,2011-06-28 14:50:00,2.55,17188.0,United Kingdom
558348,47566,PARTY BUNTING,4,2011-06-28 14:50:00,4.95,17188.0,United Kingdom
C558349,BANK CHARGES,Bank Charges,-1,2011-06-28 14:50:00,82.89,,United Kingdom
558350,23110,PARISIENNE KEY CABINET ,2,2011-06-28 14:51:00,5.75,17188.0,United Kingdom
558350,23102,SILVER HEARTS TABLE DECORATION,12,2011-06-28 14:51:00,0.83,17188.0,United Kingdom
558350,22698,PINK REGENCY TEACUP AND SAUCER,24,2011-06-28 14:51:00,2.55,17188.0,United Kingdom
558351,22423,REGENCY CAKESTAND 3 TIER,4,2011-06-28 14:52:00,12.75,13767.0,United Kingdom
558351,22726,ALARM CLOCK BAKELIKE GREEN,12,2011-06-28 14:52:00,3.75,13767.0,United Kingdom
558351,22730,ALARM CLOCK BAKELIKE IVORY,4,2011-06-28 14:52:00,3.75,13767.0,United Kingdom
558351,21313,GLASS HEART T-LIGHT HOLDER ,24,2011-06-28 14:52:00,0.85,13767.0,United Kingdom
558351,23089,GLASS BON BON JAR,24,2011-06-28 14:52:00,1.65,13767.0,United Kingdom
558351,21314,SMALL GLASS HEART TRINKET POT,32,2011-06-28 14:52:00,2.1,13767.0,United Kingdom
558351,15056BL,EDWARDIAN PARASOL BLACK,6,2011-06-28 14:52:00,5.95,13767.0,United Kingdom
558352,21985,PACK OF 12 HEARTS DESIGN TISSUES ,430,2011-06-28 14:54:00,0.25,17940.0,United Kingdom
558353,22616,PACK OF 12 LONDON TISSUES ,432,2011-06-28 14:55:00,0.25,17940.0,United Kingdom
C558354,23155,KNICKERBOCKERGLORY MAGNET ASSORTED ,-5,2011-06-28 14:57:00,0.83,14854.0,United Kingdom
C558354,22493,PAINT YOUR OWN CANVAS SET,-1,2011-06-28 14:57:00,1.65,14854.0,United Kingdom
C558354,22999,TRAVEL CARD WALLET VINTAGE LEAF,-2,2011-06-28 14:57:00,0.42,14854.0,United Kingdom
C558354,23191,BUNDLE OF 3 RETRO NOTE BOOKS,-2,2011-06-28 14:57:00,1.65,14854.0,United Kingdom
558355,22211,WOOD STAMP SET FLOWERS,3,2011-06-28 14:58:00,0.83,13614.0,United Kingdom
558355,10133,COLOURING PENCILS BROWN TUBE,4,2011-06-28 14:58:00,0.42,13614.0,United Kingdom
558355,22993,SET OF 4 PANTRY JELLY MOULDS,4,2011-06-28 14:58:00,1.25,13614.0,United Kingdom
558355,20996,JAZZ HEARTS ADDRESS BOOK,2,2011-06-28 14:58:00,0.19,13614.0,United Kingdom
558355,22723,SET OF 6 HERB TINS SKETCHBOOK,2,2011-06-28 14:58:00,3.95,13614.0,United Kingdom
558355,22721,SET OF 3 CAKE TINS SKETCHBOOK,1,2011-06-28 14:58:00,4.95,13614.0,United Kingdom
558355,23263,SET OF 3 WOODEN HEART DECORATIONS,2,2011-06-28 14:58:00,1.25,13614.0,United Kingdom
558355,23265,SET OF 3 WOODEN TREE DECORATIONS,8,2011-06-28 14:58:00,1.25,13614.0,United Kingdom
558355,23266,SET OF 3 WOODEN STOCKING DECORATION,8,2011-06-28 14:58:00,1.25,13614.0,United Kingdom
558355,22152,PLACE SETTING WHITE STAR,9,2011-06-28 14:58:00,0.42,13614.0,United Kingdom
558355,22571,ROCKING HORSE RED CHRISTMAS ,6,2011-06-28 14:58:00,0.85,13614.0,United Kingdom
558355,22153,ANGEL DECORATION STARS ON DRESS,6,2011-06-28 14:58:00,0.42,13614.0,United Kingdom
558355,22154,ANGEL DECORATION 3 BUTTONS ,6,2011-06-28 14:58:00,0.42,13614.0,United Kingdom
558355,22574,HEART WOODEN CHRISTMAS DECORATION,6,2011-06-28 14:58:00,0.85,13614.0,United Kingdom
558355,22573,STAR WOODEN CHRISTMAS DECORATION,6,2011-06-28 14:58:00,0.85,13614.0,United Kingdom
558355,23264,SET OF 3 WOODEN SLEIGH DECORATIONS,8,2011-06-28 14:58:00,1.25,13614.0,United Kingdom
558355,23267,SET OF 4 SANTA PLACE SETTINGS,4,2011-06-28 14:58:00,1.25,13614.0,United Kingdom
558355,23079,TOADSTOOL BEDSIDE LIGHT ,2,2011-06-28 14:58:00,8.95,13614.0,United Kingdom
558355,23309,SET OF 60 I LOVE LONDON CAKE CASES ,4,2011-06-28 14:58:00,0.55,13614.0,United Kingdom
558355,23307,SET OF 60 PANTRY DESIGN CAKE CASES ,4,2011-06-28 14:58:00,0.55,13614.0,United Kingdom
558355,23104,IVORY CAFE HANGING LAMP ,2,2011-06-28 14:58:00,12.5,13614.0,United Kingdom
558355,23243,SET OF TEA COFFEE SUGAR TINS PANTRY,2,2011-06-28 14:58:00,4.95,13614.0,United Kingdom
558355,23229,VINTAGE DONKEY TAIL GAME ,3,2011-06-28 14:58:00,3.75,13614.0,United Kingdom
558355,23197,SKETCHBOOK MAGNETIC SHOPPING LIST,6,2011-06-28 14:58:00,1.45,13614.0,United Kingdom
558355,23198,PANTRY MAGNETIC  SHOPPING LIST,6,2011-06-28 14:58:00,1.45,13614.0,United Kingdom
558355,23299,FOOD COVER WITH BEADS SET 2 ,2,2011-06-28 14:58:00,3.75,13614.0,United Kingdom
558355,23298,SPOTTY BUNTING,4,2011-06-28 14:58:00,4.95,13614.0,United Kingdom
558355,23168,CLASSIC CAFE SUGAR DISPENSER,4,2011-06-28 14:58:00,1.25,13614.0,United Kingdom
558355,23020,GLASS  SONGBIRD STORAGE JAR,1,2011-06-28 14:58:00,12.5,13614.0,United Kingdom
558355,22965,3 TRADITIONAl BISCUIT CUTTERS  SET,1,2011-06-28 14:58:00,2.1,13614.0,United Kingdom
558355,84378,SET OF 3 HEART COOKIE CUTTERS,1,2011-06-28 14:58:00,1.25,13614.0,United Kingdom
558355,21868,POTTING SHED TEA MUG,6,2011-06-28 14:58:00,1.25,13614.0,United Kingdom
558355,22961,JAM MAKING SET PRINTED,2,2011-06-28 14:58:00,1.45,13614.0,United Kingdom
558355,22627,MINT KITCHEN SCALES,1,2011-06-28 14:58:00,8.5,13614.0,United Kingdom
558355,22624,IVORY KITCHEN SCALES,1,2011-06-28 14:58:00,8.5,13614.0,United Kingdom
558355,22627,MINT KITCHEN SCALES,1,2011-06-28 14:58:00,8.5,13614.0,United Kingdom
558355,23341,PINK DINER WALL CLOCK,2,2011-06-28 14:58:00,8.5,13614.0,United Kingdom
558355,23342,MINT DINER WALL CLOCK,2,2011-06-28 14:58:00,8.5,13614.0,United Kingdom
558355,22795,SWEETHEART RECIPE BOOK STAND,2,2011-06-28 14:58:00,6.75,13614.0,United Kingdom
558355,21469,POLKA DOT RAFFIA FOOD COVER,4,2011-06-28 14:58:00,3.75,13614.0,United Kingdom
558355,22670,FRENCH WC SIGN BLUE METAL,1,2011-06-28 14:58:00,1.25,13614.0,United Kingdom
558355,21218,RED SPOTTY BISCUIT TIN,3,2011-06-28 14:58:00,3.75,13614.0,United Kingdom
558355,21216,"SET 3 RETROSPOT TEA,COFFEE,SUGAR",1,2011-06-28 14:58:00,4.95,13614.0,United Kingdom
558355,22845,VINTAGE CREAM CAT FOOD CONTAINER,1,2011-06-28 14:58:00,6.35,13614.0,United Kingdom
558355,22847,BREAD BIN DINER STYLE IVORY,1,2011-06-28 14:58:00,16.95,13614.0,United Kingdom
558355,22849,BREAD BIN DINER STYLE MINT,1,2011-06-28 14:58:00,16.95,13614.0,United Kingdom
558355,21539,RED RETROSPOT BUTTER DISH,1,2011-06-28 14:58:00,4.95,13614.0,United Kingdom
558355,22667,RECIPE BOX RETROSPOT ,1,2011-06-28 14:58:00,2.95,13614.0,United Kingdom
558355,85132C,CHARLIE AND LOLA FIGURES TINS,1,2011-06-28 14:58:00,1.95,13614.0,United Kingdom
558355,21216,"SET 3 RETROSPOT TEA,COFFEE,SUGAR",2,2011-06-28 14:58:00,4.95,13614.0,United Kingdom
558355,21888,BINGO SET,1,2011-06-28 14:58:00,3.75,13614.0,United Kingdom
558355,21907,I'M ON HOLIDAY METAL SIGN,2,2011-06-28 14:58:00,2.1,13614.0,United Kingdom
558355,84927F,PSYCHEDELIC TILE HOOK,2,2011-06-28 14:58:00,2.1,13614.0,United Kingdom
558355,84925F,PSYCHEDELIC WALL THERMOMETER,1,2011-06-28 14:58:00,2.55,13614.0,United Kingdom
558355,22672,FRENCH BATHROOM SIGN BLUE METAL,2,2011-06-28 14:58:00,1.65,13614.0,United Kingdom
558355,21907,I'M ON HOLIDAY METAL SIGN,3,2011-06-28 14:58:00,2.1,13614.0,United Kingdom
558355,21903,MAN FLU METAL SIGN,1,2011-06-28 14:58:00,2.1,13614.0,United Kingdom
558355,21175,GIN + TONIC DIET METAL SIGN,5,2011-06-28 14:58:00,2.55,13614.0,United Kingdom
558355,21174,POTTERING IN THE SHED METAL SIGN,2,2011-06-28 14:58:00,2.08,13614.0,United Kingdom
558355,21903,MAN FLU METAL SIGN,1,2011-06-28 14:58:00,2.1,13614.0,United Kingdom
558355,85152,HAND OVER THE CHOCOLATE   SIGN ,2,2011-06-28 14:58:00,2.1,13614.0,United Kingdom
558355,82600,NO SINGING METAL SIGN,2,2011-06-28 14:58:00,2.1,13614.0,United Kingdom
558355,22413,METAL SIGN TAKE IT OR LEAVE IT ,2,2011-06-28 14:58:00,2.95,13614.0,United Kingdom
558355,82580,BATHROOM METAL SIGN,4,2011-06-28 14:58:00,0.55,13614.0,United Kingdom
558355,82578,KITCHEN METAL SIGN,4,2011-06-28 14:58:00,0.55,13614.0,United Kingdom
558355,82581,TOILET METAL SIGN,4,2011-06-28 14:58:00,0.55,13614.0,United Kingdom
558355,22674,FRENCH TOILET SIGN BLUE METAL,2,2011-06-28 14:58:00,1.25,13614.0,United Kingdom
558355,22138,BAKING SET 9 PIECE RETROSPOT ,4,2011-06-28 14:58:00,4.95,13614.0,United Kingdom
558355,84032B,CHARLIE + LOLA RED HOT WATER BOTTLE,1,2011-06-28 14:58:00,2.95,13614.0,United Kingdom
558355,21790,VINTAGE SNAP CARDS,1,2011-06-28 14:58:00,0.85,13614.0,United Kingdom
558355,84925F,PSYCHEDELIC WALL THERMOMETER,1,2011-06-28 14:58:00,2.55,13614.0,United Kingdom
558355,22553,PLASTERS IN TIN SKULLS,1,2011-06-28 14:58:00,1.65,13614.0,United Kingdom
558355,23091,ZINC HERB GARDEN CONTAINER,2,2011-06-28 14:58:00,6.25,13614.0,United Kingdom
558355,22667,RECIPE BOX RETROSPOT ,1,2011-06-28 14:58:00,2.95,13614.0,United Kingdom
558355,22854,CREAM SWEETHEART EGG HOLDER,1,2011-06-28 14:58:00,4.95,13614.0,United Kingdom
558355,22428,ENAMEL FIRE BUCKET CREAM,2,2011-06-28 14:58:00,6.95,13614.0,United Kingdom
558355,22424,ENAMEL BREAD BIN CREAM,1,2011-06-28 14:58:00,12.75,13614.0,United Kingdom
558355,22607,WOODEN ROUNDERS GARDEN SET ,2,2011-06-28 14:58:00,9.95,13614.0,United Kingdom
558355,48194,DOORMAT HEARTS,1,2011-06-28 14:58:00,7.95,13614.0,United Kingdom
558355,48184,DOORMAT ENGLISH ROSE ,1,2011-06-28 14:58:00,7.95,13614.0,United Kingdom
558355,23284,DOORMAT KEEP CALM AND COME IN,2,2011-06-28 14:58:00,7.95,13614.0,United Kingdom
558356,21673,WHITE SPOT BLUE CERAMIC DRAWER KNOB,12,2011-06-28 14:58:00,1.25,14854.0,United Kingdom
C558357,75049L,LARGE CIRCULAR MIRROR MOBILE,-8,2011-06-28 15:04:00,0.85,15502.0,United Kingdom
C558357,22112,CHOCOLATE HOT WATER BOTTLE,-1,2011-06-28 15:04:00,4.37,15502.0,United Kingdom
C558357,M,Manual,-2,2011-06-28 15:04:00,3.56,15502.0,United Kingdom
558358,23153,ZINC SWEETHEART WIRE LETTER RACK,1,2011-06-28 15:05:00,3.75,17965.0,United Kingdom
558358,84997D,CHILDRENS CUTLERY POLKADOT PINK,2,2011-06-28 15:05:00,4.15,17965.0,United Kingdom
558358,84997B,CHILDRENS CUTLERY RETROSPOT RED ,2,2011-06-28 15:05:00,4.15,17965.0,United Kingdom
558358,21429,RED GINGHAM ROSE JEWELLERY BOX,1,2011-06-28 15:05:00,1.95,17965.0,United Kingdom
558358,22969,HOMEMADE JAM SCENTED CANDLES,12,2011-06-28 15:05:00,1.45,17965.0,United Kingdom
558358,23242,TREASURE TIN BUFFALO BILL ,1,2011-06-28 15:05:00,2.08,17965.0,United Kingdom
558358,23300,GARDENERS KNEELING PAD CUP OF TEA ,1,2011-06-28 15:05:00,1.65,17965.0,United Kingdom
558358,23302,KNEELING MAT HOUSEWORK  DESIGN,1,2011-06-28 15:05:00,1.65,17965.0,United Kingdom
558358,23301,GARDENERS KNEELING PAD KEEP CALM ,1,2011-06-28 15:05:00,1.65,17965.0,United Kingdom
558358,84828,JUNGLE POPSICLES ICE LOLLY MOULDS,2,2011-06-28 15:05:00,1.25,17965.0,United Kingdom
558358,22197,POPCORN HOLDER,14,2011-06-28 15:05:00,0.85,17965.0,United Kingdom
558358,23236,DOILEY STORAGE TIN,1,2011-06-28 15:05:00,2.89,17965.0,United Kingdom
558358,22461,SAVOY ART DECO CLOCK,1,2011-06-28 15:05:00,12.75,17965.0,United Kingdom
558358,23341,PINK DINER WALL CLOCK,1,2011-06-28 15:05:00,8.5,17965.0,United Kingdom
558358,23315,IVORY REFECTORY CLOCK,1,2011-06-28 15:05:00,9.95,17965.0,United Kingdom
558358,23316,RED REFECTORY CLOCK ,1,2011-06-28 15:05:00,9.95,17965.0,United Kingdom
558358,23342,MINT DINER WALL CLOCK,1,2011-06-28 15:05:00,8.5,17965.0,United Kingdom
558358,23240,SET OF 4 KNICK KNACK TINS DOILEY ,1,2011-06-28 15:05:00,4.15,17965.0,United Kingdom
558358,23241,TREASURE TIN GYMKHANA DESIGN,1,2011-06-28 15:05:00,2.08,17965.0,United Kingdom
558358,22714,CARD BIRTHDAY COWBOY,24,2011-06-28 15:05:00,0.42,17965.0,United Kingdom
558358,22716,CARD CIRCUS PARADE,12,2011-06-28 15:05:00,0.42,17965.0,United Kingdom
558358,21509,COWBOYS AND INDIANS BIRTHDAY CARD ,12,2011-06-28 15:05:00,0.42,17965.0,United Kingdom
C558359,S,SAMPLES,-1,2011-06-28 15:10:00,570.0,,United Kingdom
C558360,21530,DAIRY MAID TOASTRACK,-12,2011-06-28 15:10:00,0.79,16701.0,United Kingdom
C558360,79163,BLACK CHAMPAGNE GLASS,-7,2011-06-28 15:10:00,0.39,16701.0,United Kingdom
C558360,23168,CLASSIC CAFE SUGAR DISPENSER,-1,2011-06-28 15:10:00,1.25,16701.0,United Kingdom
C558361,82001S,VINYL RECORD FRAME SILVER,-1,2011-06-28 15:13:00,3.75,15128.0,United Kingdom
C558361,23238,SET OF 4 KNICK KNACK TINS LONDON ,-1,2011-06-28 15:13:00,4.15,15128.0,United Kingdom
C558361,23168,CLASSIC CAFE SUGAR DISPENSER,-3,2011-06-28 15:13:00,1.25,15128.0,United Kingdom
C558361,21429,RED GINGHAM ROSE JEWELLERY BOX,-2,2011-06-28 15:13:00,1.95,15128.0,United Kingdom
C558361,21232,STRAWBERRY CERAMIC TRINKET BOX,-1,2011-06-28 15:13:00,1.25,15128.0,United Kingdom
558362,22625,RED KITCHEN SCALES,24,2011-06-28 15:14:00,7.65,16029.0,United Kingdom
558362,22624,IVORY KITCHEN SCALES,24,2011-06-28 15:14:00,7.65,16029.0,United Kingdom
558362,23206,LUNCH BAG APPLE DESIGN,100,2011-06-28 15:14:00,1.45,16029.0,United Kingdom
558362,22384,LUNCH BAG PINK POLKADOT,100,2011-06-28 15:14:00,1.45,16029.0,United Kingdom
558362,20713,JUMBO BAG OWLS,200,2011-06-28 15:14:00,1.74,16029.0,United Kingdom
558362,21931,JUMBO STORAGE BAG SUKI,200,2011-06-28 15:14:00,1.74,16029.0,United Kingdom
558363,22854,CREAM SWEETHEART EGG HOLDER,96,2011-06-28 15:15:00,4.25,16029.0,United Kingdom
558363,22666,RECIPE BOX PANTRY YELLOW DESIGN,48,2011-06-28 15:15:00,2.55,16029.0,United Kingdom
C558364,POST,POSTAGE,-1,2011-06-28 15:20:00,3.95,,United Kingdom
C558364,22960,JAM MAKING SET WITH JARS,-1,2011-06-28 15:20:00,8.29,,United Kingdom
558365,22625,RED KITCHEN SCALES,40,2011-06-28 15:28:00,6.25,13631.0,United Kingdom
558366,23118,PARISIENNE JEWELLERY DRAWER ,96,2011-06-28 15:30:00,5.32,13631.0,United Kingdom
558367,21658,GLASS  BEURRE DISH,4,2011-06-28 15:31:00,3.95,16550.0,United Kingdom
558367,84828,JUNGLE POPSICLES ICE LOLLY MOULDS,12,2011-06-28 15:31:00,1.25,16550.0,United Kingdom
558367,23245,SET OF 3 REGENCY CAKE TINS,2,2011-06-28 15:31:00,4.95,16550.0,United Kingdom
558367,22433,WATERING CAN GREEN DINOSAUR,2,2011-06-28 15:31:00,1.95,16550.0,United Kingdom
558367,22431,WATERING CAN BLUE ELEPHANT,2,2011-06-28 15:31:00,1.95,16550.0,United Kingdom
558367,22854,CREAM SWEETHEART EGG HOLDER,2,2011-06-28 15:31:00,4.95,16550.0,United Kingdom
558367,21238,RED RETROSPOT CUP,8,2011-06-28 15:31:00,0.85,16550.0,United Kingdom
558367,75049L,LARGE CIRCULAR MIRROR MOBILE,18,2011-06-28 15:31:00,1.25,16550.0,United Kingdom
558367,23237,SET OF 4 KNICK KNACK TINS LEAVES ,3,2011-06-28 15:31:00,4.15,16550.0,United Kingdom
558367,21356,TOAST ITS - FAIRY FLOWER,3,2011-06-28 15:31:00,1.25,16550.0,United Kingdom
558367,20684,STRAWBERRY DREAM CHILDS UMBRELLA,2,2011-06-28 15:31:00,3.25,16550.0,United Kingdom
558367,20682,RED RETROSPOT CHILDRENS UMBRELLA,3,2011-06-28 15:31:00,3.25,16550.0,United Kingdom
558367,22109,FULL ENGLISH BREAKFAST PLATE,1,2011-06-28 15:31:00,3.75,16550.0,United Kingdom
558367,21745,GAOLERS KEYS DECORATIVE GARDEN ,3,2011-06-28 15:31:00,3.75,16550.0,United Kingdom
558367,47591D,PINK FAIRY CAKE CHILDRENS APRON,3,2011-06-28 15:31:00,1.95,16550.0,United Kingdom
558367,21059,PARTY INVITES DINOSAURS,4,2011-06-28 15:31:00,0.85,16550.0,United Kingdom
558367,22367,CHILDRENS APRON SPACEBOY DESIGN,3,2011-06-28 15:31:00,1.95,16550.0,United Kingdom
558367,21327,SKULLS WRITING SET ,3,2011-06-28 15:31:00,1.65,16550.0,United Kingdom
558367,84422,PINK/BLUE DISC/MIRROR STRING,6,2011-06-28 15:31:00,0.39,16550.0,United Kingdom
558367,23335,EGG FRYING PAN IVORY ,3,2011-06-28 15:31:00,2.08,16550.0,United Kingdom
558367,23339,EGG FRYING PAN BLUE ,3,2011-06-28 15:31:00,2.08,16550.0,United Kingdom
558367,23336,EGG FRYING PAN PINK ,3,2011-06-28 15:31:00,2.08,16550.0,United Kingdom
558367,82581,TOILET METAL SIGN,4,2011-06-28 15:31:00,0.55,16550.0,United Kingdom
558367,82580,BATHROOM METAL SIGN,4,2011-06-28 15:31:00,0.55,16550.0,United Kingdom
558367,22964,3 PIECE SPACEBOY COOKIE CUTTER SET,4,2011-06-28 15:31:00,2.1,16550.0,United Kingdom
558367,22629,SPACEBOY LUNCH BOX ,3,2011-06-28 15:31:00,1.95,16550.0,United Kingdom
558367,22630,DOLLY GIRL LUNCH BOX,3,2011-06-28 15:31:00,1.95,16550.0,United Kingdom
558367,21668,RED STRIPE CERAMIC DRAWER KNOB,6,2011-06-28 15:31:00,1.25,16550.0,United Kingdom
558367,21673,WHITE SPOT BLUE CERAMIC DRAWER KNOB,6,2011-06-28 15:31:00,1.25,16550.0,United Kingdom
558367,21669,BLUE STRIPE CERAMIC DRAWER KNOB,6,2011-06-28 15:31:00,1.25,16550.0,United Kingdom
558367,21670,BLUE SPOT CERAMIC DRAWER KNOB,6,2011-06-28 15:31:00,1.25,16550.0,United Kingdom
558367,21672,WHITE SPOT RED CERAMIC DRAWER KNOB,6,2011-06-28 15:31:00,1.25,16550.0,United Kingdom
558367,21671,RED SPOT CERAMIC DRAWER KNOB,6,2011-06-28 15:31:00,1.25,16550.0,United Kingdom
558367,22328,ROUND SNACK BOXES SET OF 4 FRUITS ,3,2011-06-28 15:31:00,2.95,16550.0,United Kingdom
558367,22993,SET OF 4 PANTRY JELLY MOULDS,4,2011-06-28 15:31:00,1.25,16550.0,United Kingdom
558367,22197,POPCORN HOLDER,16,2011-06-28 15:31:00,0.85,16550.0,United Kingdom
558367,22352,LUNCH BOX WITH CUTLERY RETROSPOT ,4,2011-06-28 15:31:00,2.55,16550.0,United Kingdom
558367,21559,STRAWBERRY LUNCH BOX WITH CUTLERY,4,2011-06-28 15:31:00,2.55,16550.0,United Kingdom
558367,79321,CHILLI LIGHTS,3,2011-06-28 15:31:00,5.75,16550.0,United Kingdom
558367,23123,COCKTAIL SWORDS 50 PIECES,6,2011-06-28 15:31:00,0.83,16550.0,United Kingdom
558367,23124,18PC WOODEN CUTLERY SET DISPOSABLE,16,2011-06-28 15:31:00,1.25,16550.0,United Kingdom
558367,23121,PACK OF 6 COCKTAIL PARASOL STRAWS,24,2011-06-28 15:31:00,0.42,16550.0,United Kingdom
558368,22692,DOORMAT WELCOME TO OUR HOME,2,2011-06-28 15:36:00,7.95,14329.0,United Kingdom
558368,48194,DOORMAT HEARTS,2,2011-06-28 15:36:00,7.95,14329.0,United Kingdom
558368,22464,HANGING METAL HEART LANTERN,12,2011-06-28 15:36:00,1.65,14329.0,United Kingdom
558368,82613D,METAL SIGN CUPCAKE SINGLE HOOK,8,2011-06-28 15:36:00,1.25,14329.0,United Kingdom
558368,22120,WELCOME  WOODEN BLOCK LETTERS,3,2011-06-28 15:36:00,9.95,14329.0,United Kingdom
558368,21754,HOME BUILDING BLOCK WORD,3,2011-06-28 15:36:00,5.95,14329.0,United Kingdom
558368,21931,JUMBO STORAGE BAG SUKI,10,2011-06-28 15:36:00,2.08,14329.0,United Kingdom
558368,20712,JUMBO BAG WOODLAND ANIMALS,10,2011-06-28 15:36:00,2.08,14329.0,United Kingdom
558368,22379,RECYCLING BAG RETROSPOT ,5,2011-06-28 15:36:00,2.1,14329.0,United Kingdom
558368,22385,JUMBO BAG SPACEBOY DESIGN,10,2011-06-28 15:36:00,2.08,14329.0,United Kingdom
558368,22663,JUMBO BAG DOLLY GIRL DESIGN,10,2011-06-28 15:36:00,2.08,14329.0,United Kingdom
558368,23199,JUMBO BAG APPLES,10,2011-06-28 15:36:00,2.08,14329.0,United Kingdom
558368,22381,TOY TIDY PINK POLKADOT,5,2011-06-28 15:36:00,2.1,14329.0,United Kingdom
558368,22380,TOY TIDY SPACEBOY  ,5,2011-06-28 15:36:00,2.1,14329.0,United Kingdom
558368,85099F,JUMBO BAG STRAWBERRY,10,2011-06-28 15:36:00,2.08,14329.0,United Kingdom
558368,23203,JUMBO BAG DOILEY PATTERNS,10,2011-06-28 15:36:00,2.08,14329.0,United Kingdom
558368,21930,JUMBO STORAGE BAG SKULLS,10,2011-06-28 15:36:00,2.08,14329.0,United Kingdom
558368,20728,LUNCH BAG CARS BLUE,10,2011-06-28 15:36:00,1.65,14329.0,United Kingdom
558368,22382,LUNCH BAG SPACEBOY DESIGN ,10,2011-06-28 15:36:00,1.65,14329.0,United Kingdom
558368,22662,LUNCH BAG DOLLY GIRL DESIGN,10,2011-06-28 15:36:00,1.65,14329.0,United Kingdom
558368,23204,CHARLOTTE BAG APPLES DESIGN,10,2011-06-28 15:36:00,0.85,14329.0,United Kingdom
558368,22384,LUNCH BAG PINK POLKADOT,10,2011-06-28 15:36:00,1.65,14329.0,United Kingdom
558368,23207,LUNCH BAG ALPHABET DESIGN,10,2011-06-28 15:36:00,1.65,14329.0,United Kingdom
558368,23209,LUNCH BAG DOILEY PATTERN ,10,2011-06-28 15:36:00,1.65,14329.0,United Kingdom
558368,23201,JUMBO BAG ALPHABET,10,2011-06-28 15:36:00,2.08,14329.0,United Kingdom
558368,84568,GIRLS ALPHABET IRON ON PATCHES ,288,2011-06-28 15:36:00,0.21,14329.0,United Kingdom
558368,22435,SET OF 9 HEART SHAPED BALLOONS,12,2011-06-28 15:36:00,1.25,14329.0,United Kingdom
558368,22440,BALLOON WATER BOMB PACK OF 35,20,2011-06-28 15:36:00,0.42,14329.0,United Kingdom
558368,84077,WORLD WAR 2 GLIDERS ASSTD DESIGNS,96,2011-06-28 15:36:00,0.29,14329.0,United Kingdom
558368,22439,6 ROCKET BALLOONS ,24,2011-06-28 15:36:00,0.65,14329.0,United Kingdom
558368,22471,TV DINNER TRAY AIR HOSTESS ,6,2011-06-28 15:36:00,4.95,14329.0,United Kingdom
558368,23027,DRAWER KNOB VINTAGE GLASS HEXAGON,6,2011-06-28 15:36:00,2.08,14329.0,United Kingdom
558368,23028,DRAWER KNOB CRACKLE GLAZE BLUE,6,2011-06-28 15:36:00,1.65,14329.0,United Kingdom
558368,23026,DRAWER KNOB VINTAGE GLASS STAR,6,2011-06-28 15:36:00,2.08,14329.0,United Kingdom
558368,23031,DRAWER KNOB CRACKLE GLAZE PINK,6,2011-06-28 15:36:00,1.65,14329.0,United Kingdom
558368,23032,DRAWER KNOB CRACKLE GLAZE IVORY,6,2011-06-28 15:36:00,1.65,14329.0,United Kingdom
558368,23112,PARISIENNE CURIO CABINET,2,2011-06-28 15:36:00,7.5,14329.0,United Kingdom
558368,23118,PARISIENNE JEWELLERY DRAWER ,2,2011-06-28 15:36:00,7.5,14329.0,United Kingdom
558368,23110,PARISIENNE KEY CABINET ,2,2011-06-28 15:36:00,5.75,14329.0,United Kingdom
558368,23240,SET OF 4 KNICK KNACK TINS DOILEY ,6,2011-06-28 15:36:00,4.15,14329.0,United Kingdom
558368,23243,SET OF TEA COFFEE SUGAR TINS PANTRY,4,2011-06-28 15:36:00,4.95,14329.0,United Kingdom
558368,23245,SET OF 3 REGENCY CAKE TINS,4,2011-06-28 15:36:00,4.95,14329.0,United Kingdom
558368,23251,VINTAGE RED ENAMEL TRIM MUG ,12,2011-06-28 15:36:00,1.25,14329.0,United Kingdom
558368,23252,VINTAGE RED ENAMEL TRIM JUG ,4,2011-06-28 15:36:00,3.75,14329.0,United Kingdom
558368,23249,VINTAGE RED ENAMEL TRIM PLATE,12,2011-06-28 15:36:00,1.65,14329.0,United Kingdom
558368,23263,SET OF 3 WOODEN HEART DECORATIONS,12,2011-06-28 15:36:00,1.25,14329.0,United Kingdom
558368,23289,DOLLY GIRL CHILDRENS BOWL,8,2011-06-28 15:36:00,1.25,14329.0,United Kingdom
558368,23290,SPACEBOY CHILDRENS BOWL,8,2011-06-28 15:36:00,1.25,14329.0,United Kingdom
558368,23291,DOLLY GIRL CHILDRENS CUP,8,2011-06-28 15:36:00,1.25,14329.0,United Kingdom
558368,23292,SPACEBOY CHILDRENS CUP,8,2011-06-28 15:36:00,1.25,14329.0,United Kingdom
558368,22516,CHILDS GARDEN RAKE BLUE,6,2011-06-28 15:36:00,2.1,14329.0,United Kingdom
558368,22517,CHILDS GARDEN RAKE PINK,6,2011-06-28 15:36:00,2.1,14329.0,United Kingdom
558368,22514,CHILDS GARDEN SPADE BLUE,6,2011-06-28 15:36:00,2.1,14329.0,United Kingdom
558368,22515,CHILDS GARDEN SPADE PINK,6,2011-06-28 15:36:00,2.1,14329.0,United Kingdom
558368,22607,WOODEN ROUNDERS GARDEN SET ,2,2011-06-28 15:36:00,9.95,14329.0,United Kingdom
558368,21523,DOORMAT FANCY FONT HOME SWEET HOME,2,2011-06-28 15:36:00,7.95,14329.0,United Kingdom
558368,23284,DOORMAT KEEP CALM AND COME IN,2,2011-06-28 15:36:00,7.95,14329.0,United Kingdom
558369,21082,found,3,2011-06-28 15:40:00,0.0,,United Kingdom
558370,84865,NEW BAROQUE BLACK PHOTO ALBUM,10,2011-06-28 15:44:00,2.95,17750.0,United Kingdom
558370,22233,JIGSAW RABBIT AND BIRDHOUSE,12,2011-06-28 15:44:00,0.59,17750.0,United Kingdom
558370,85132C,CHARLIE AND LOLA FIGURES TINS,8,2011-06-28 15:44:00,1.95,17750.0,United Kingdom
558370,22209,WOOD STAMP SET HAPPY BIRTHDAY,6,2011-06-28 15:44:00,0.83,17750.0,United Kingdom
558370,22210,WOOD STAMP SET BEST WISHES,12,2011-06-28 15:44:00,0.83,17750.0,United Kingdom
558370,22208,WOOD STAMP SET THANK YOU,6,2011-06-28 15:44:00,0.83,17750.0,United Kingdom
558370,15039,SANDALWOOD FAN,12,2011-06-28 15:44:00,0.85,17750.0,United Kingdom
558370,22231,JIGSAW TREE WITH BIRDHOUSE,7,2011-06-28 15:44:00,0.59,17750.0,United Kingdom
558370,22232,JIGSAW TOADSTOOLS 3 PIECE,12,2011-06-28 15:44:00,0.59,17750.0,United Kingdom
558370,85159A,"BLACK TEA,COFFEE,SUGAR JARS",9,2011-06-28 15:44:00,1.95,17750.0,United Kingdom
558370,51014C,"FEATHER PEN,COAL BLACK",12,2011-06-28 15:44:00,0.39,17750.0,United Kingdom
558370,84519B,CARROT CHARLIE+LOLA COASTER SET,6,2011-06-28 15:44:00,1.25,17750.0,United Kingdom
558370,21932,SCANDINAVIAN PAISLEY PICNIC BAG,1,2011-06-28 15:44:00,1.65,17750.0,United Kingdom
558370,21933,PINK VINTAGE PAISLEY PICNIC BAG,1,2011-06-28 15:44:00,1.65,17750.0,United Kingdom
558370,22230,JIGSAW TREE WITH WATERING CAN,12,2011-06-28 15:44:00,0.29,17750.0,United Kingdom
558370,22231,JIGSAW TREE WITH BIRDHOUSE,6,2011-06-28 15:44:00,0.59,17750.0,United Kingdom
558370,72232,FENG SHUI PILLAR CANDLE,24,2011-06-28 15:44:00,0.19,17750.0,United Kingdom
558370,51014L,"FEATHER PEN,LIGHT PINK",12,2011-06-28 15:44:00,0.39,17750.0,United Kingdom
558370,51014C,"FEATHER PEN,COAL BLACK",12,2011-06-28 15:44:00,0.39,17750.0,United Kingdom
558370,51014A,"FEATHER PEN,HOT PINK",12,2011-06-28 15:44:00,0.39,17750.0,United Kingdom
558370,22151,PLACE SETTING WHITE HEART,10,2011-06-28 15:44:00,0.42,17750.0,United Kingdom
558370,22152,PLACE SETTING WHITE STAR,7,2011-06-28 15:44:00,0.42,17750.0,United Kingdom
558370,85183A,CHARLIE & LOLA WASTEPAPER BIN BLUE,6,2011-06-28 15:44:00,1.25,17750.0,United Kingdom
558370,23000,TRAVEL CARD WALLET TRANSPORT,24,2011-06-28 15:44:00,0.42,17750.0,United Kingdom
558370,22996,TRAVEL CARD WALLET VINTAGE TICKET,24,2011-06-28 15:44:00,0.42,17750.0,United Kingdom
558370,22631,CIRCUS PARADE LUNCH BOX ,2,2011-06-28 15:44:00,1.95,17750.0,United Kingdom
558370,22998,TRAVEL CARD WALLET KEEP CALM,24,2011-06-28 15:44:00,0.42,17750.0,United Kingdom
558370,22997,TRAVEL CARD WALLET UNION JACK,24,2011-06-28 15:44:00,0.42,17750.0,United Kingdom
558370,23002,TRAVEL CARD WALLET SKULLS,24,2011-06-28 15:44:00,0.42,17750.0,United Kingdom
558370,22629,SPACEBOY LUNCH BOX ,4,2011-06-28 15:44:00,1.95,17750.0,United Kingdom
558370,23002,TRAVEL CARD WALLET SKULLS,24,2011-06-28 15:44:00,0.42,17750.0,United Kingdom
558370,23005,TRAVEL CARD WALLET I LOVE LONDON,24,2011-06-28 15:44:00,0.42,17750.0,United Kingdom
558370,22997,TRAVEL CARD WALLET UNION JACK,24,2011-06-28 15:44:00,0.42,17750.0,United Kingdom
558370,22995,TRAVEL CARD WALLET SUKI,24,2011-06-28 15:44:00,0.42,17750.0,United Kingdom
558370,23005,TRAVEL CARD WALLET I LOVE LONDON,24,2011-06-28 15:44:00,0.42,17750.0,United Kingdom
558370,22659,LUNCH BOX I LOVE LONDON,4,2011-06-28 15:44:00,1.95,17750.0,United Kingdom
558370,85183B,CHARLIE & LOLA WASTEPAPER BIN FLORA,6,2011-06-28 15:44:00,1.25,17750.0,United Kingdom
558370,15030,FAN BLACK FRAME ,10,2011-06-28 15:44:00,0.29,17750.0,United Kingdom
558370,20828,GLITTER BUTTERFLY CLIPS,2,2011-06-28 15:44:00,2.55,17750.0,United Kingdom
558370,21561,DINOSAUR LUNCH BOX WITH CUTLERY,2,2011-06-28 15:44:00,2.55,17750.0,United Kingdom
558370,21558,SKULL LUNCH BOX WITH CUTLERY ,2,2011-06-28 15:44:00,2.55,17750.0,United Kingdom
558370,21559,STRAWBERRY LUNCH BOX WITH CUTLERY,2,2011-06-28 15:44:00,2.55,17750.0,United Kingdom
558370,22352,LUNCH BOX WITH CUTLERY RETROSPOT ,2,2011-06-28 15:44:00,2.55,17750.0,United Kingdom
558371,20675,BLUE POLKADOT BOWL,5,2011-06-28 15:44:00,2.46,,United Kingdom
558371,20677,PINK POLKADOT BOWL,4,2011-06-28 15:44:00,2.46,,United Kingdom
558371,20719,WOODLAND CHARLOTTE BAG,57,2011-06-28 15:44:00,2.46,,United Kingdom
558371,20723,STRAWBERRY CHARLOTTE BAG,37,2011-06-28 15:44:00,2.46,,United Kingdom
558371,20724,RED RETROSPOT CHARLOTTE BAG,53,2011-06-28 15:44:00,2.46,,United Kingdom
558371,20725,LUNCH BAG RED RETROSPOT,17,2011-06-28 15:44:00,4.96,,United Kingdom
558371,20726,LUNCH BAG WOODLAND,13,2011-06-28 15:44:00,4.96,,United Kingdom
558371,20727,LUNCH BAG  BLACK SKULL.,15,2011-06-28 15:44:00,4.96,,United Kingdom
558371,20728,LUNCH BAG CARS BLUE,10,2011-06-28 15:44:00,4.96,,United Kingdom
558371,20961,STRAWBERRY BATH SPONGE ,2,2011-06-28 15:44:00,2.46,,United Kingdom
558371,21041,RED RETROSPOT OVEN GLOVE DOUBLE,8,2011-06-28 15:44:00,6.63,,United Kingdom
558371,21082,SET/20 FRUIT SALAD PAPER NAPKINS ,3,2011-06-28 15:44:00,1.63,,United Kingdom
558371,21154,RED RETROSPOT OVEN GLOVE ,9,2011-06-28 15:44:00,3.29,,United Kingdom
558371,21155,RED RETROSPOT PEG BAG,12,2011-06-28 15:44:00,4.96,,United Kingdom
558371,21212,PACK OF 72 RETROSPOT CAKE CASES,29,2011-06-28 15:44:00,2.08,,United Kingdom
558371,21232,STRAWBERRY CERAMIC TRINKET BOX,29,2011-06-28 15:44:00,3.29,,United Kingdom
558371,21238,RED RETROSPOT CUP,3,2011-06-28 15:44:00,1.63,,United Kingdom
558371,21239,PINK  POLKADOT CUP,6,2011-06-28 15:44:00,1.63,,United Kingdom
558371,21240,BLUE POLKADOT CUP,6,2011-06-28 15:44:00,1.63,,United Kingdom
558371,21242,RED RETROSPOT PLATE ,2,2011-06-28 15:44:00,3.29,,United Kingdom
558371,21327,SKULLS WRITING SET ,2,2011-06-28 15:44:00,2.46,,United Kingdom
558371,21329,DINOSAURS  WRITING SET ,3,2011-06-28 15:44:00,3.29,,United Kingdom
558371,21452,TOADSTOOL MONEY BOX,1,2011-06-28 15:44:00,4.96,,United Kingdom
558371,21484,CHICK GREY HOT WATER BOTTLE,1,2011-06-28 15:44:00,8.29,,United Kingdom
558371,21556,CERAMIC STRAWBERRY MONEY BOX,7,2011-06-28 15:44:00,4.13,,United Kingdom
558371,21670,BLUE SPOT CERAMIC DRAWER KNOB,2,2011-06-28 15:44:00,3.29,,United Kingdom
558371,21673,WHITE SPOT BLUE CERAMIC DRAWER KNOB,1,2011-06-28 15:44:00,2.46,,United Kingdom
558371,21714,CITRONELLA CANDLE GARDEN POT,5,2011-06-28 15:44:00,2.46,,United Kingdom
558371,21714,CITRONELLA CANDLE GARDEN POT,7,2011-06-28 15:44:00,3.29,,United Kingdom
558371,21912,VINTAGE SNAKES & LADDERS,3,2011-06-28 15:44:00,7.46,,United Kingdom
558371,21934,SKULL SHOULDER BAG,6,2011-06-28 15:44:00,3.29,,United Kingdom
558371,21976,PACK OF 60 MUSHROOM CAKE CASES,2,2011-06-28 15:44:00,2.08,,United Kingdom
558371,22068,BLACK PIRATE TREASURE CHEST,2,2011-06-28 15:44:00,4.13,,United Kingdom
558371,22079,RIBBON REEL HEARTS DESIGN ,1,2011-06-28 15:44:00,2.46,,United Kingdom
558371,22112,CHOCOLATE HOT WATER BOTTLE,3,2011-06-28 15:44:00,12.46,,United Kingdom
558371,22327,ROUND SNACK BOXES SET OF 4 SKULLS,1,2011-06-28 15:44:00,6.63,,United Kingdom
558371,22328,ROUND SNACK BOXES SET OF 4 FRUITS ,7,2011-06-28 15:44:00,4.13,,United Kingdom
558371,22355,CHARLOTTE BAG SUKI DESIGN,114,2011-06-28 15:44:00,2.46,,United Kingdom
558371,22356,CHARLOTTE BAG PINK POLKADOT,31,2011-06-28 15:44:00,2.46,,United Kingdom
558371,22382,LUNCH BAG SPACEBOY DESIGN ,7,2011-06-28 15:44:00,4.96,,United Kingdom
558371,22383,LUNCH BAG SUKI DESIGN ,11,2011-06-28 15:44:00,4.96,,United Kingdom
558371,22384,LUNCH BAG PINK POLKADOT,2,2011-06-28 15:44:00,4.96,,United Kingdom
558371,22423,REGENCY CAKESTAND 3 TIER,11,2011-06-28 15:44:00,24.96,,United Kingdom
558371,22549,PICTURE DOMINOES,1,2011-06-28 15:44:00,2.46,,United Kingdom
558371,22554,PLASTERS IN TIN WOODLAND ANIMALS,2,2011-06-28 15:44:00,3.29,,United Kingdom
558371,22613,PACK OF 20 SPACEBOY NAPKINS,1,2011-06-28 15:44:00,1.63,,United Kingdom
558371,22631,CIRCUS PARADE LUNCH BOX ,3,2011-06-28 15:44:00,3.29,,United Kingdom
558371,22644,CERAMIC CHERRY CAKE MONEY BANK,2,2011-06-28 15:44:00,4.13,,United Kingdom
558371,22645,CERAMIC HEART FAIRY CAKE MONEY BANK,7,2011-06-28 15:44:00,4.13,,United Kingdom
558371,22646,CERAMIC STRAWBERRY CAKE MONEY BANK,3,2011-06-28 15:44:00,4.13,,United Kingdom
558371,22660,DOORMAT I LOVE LONDON,1,2011-06-28 15:44:00,12.46,,United Kingdom
558371,22665,RECIPE BOX BLUE SKETCHBOOK DESIGN,1,2011-06-28 15:44:00,6.63,,United Kingdom
558371,22666,RECIPE BOX PANTRY YELLOW DESIGN,7,2011-06-28 15:44:00,6.63,,United Kingdom
558371,22690,DOORMAT HOME SWEET HOME BLUE ,1,2011-06-28 15:44:00,12.46,,United Kingdom
558371,22691,DOORMAT WELCOME SUNRISE,1,2011-06-28 15:44:00,12.46,,United Kingdom
558371,22727,ALARM CLOCK BAKELIKE RED ,5,2011-06-28 15:44:00,8.29,,United Kingdom
558371,22728,ALARM CLOCK BAKELIKE PINK,3,2011-06-28 15:44:00,8.29,,United Kingdom
558371,22730,ALARM CLOCK BAKELIKE IVORY,1,2011-06-28 15:44:00,8.29,,United Kingdom
558371,22835,HOT WATER BOTTLE I AM SO POORLY,4,2011-06-28 15:44:00,7.46,,United Kingdom
558371,22894,TABLECLOTH RED APPLES DESIGN ,1,2011-06-28 15:44:00,20.79,,United Kingdom
558371,22898,CHILDRENS APRON APPLES DESIGN,2,2011-06-28 15:44:00,4.96,,United Kingdom
558371,23204,CHARLOTTE BAG APPLES DESIGN,20,2011-06-28 15:44:00,2.46,,United Kingdom
558371,23205,CHARLOTTE BAG VINTAGE ALPHABET ,16,2011-06-28 15:44:00,2.46,,United Kingdom
558371,23206,LUNCH BAG APPLE DESIGN,1,2011-06-28 15:44:00,4.96,,United Kingdom
558371,23207,LUNCH BAG ALPHABET DESIGN,2,2011-06-28 15:44:00,4.96,,United Kingdom
558371,23298,SPOTTY BUNTING,24,2011-06-28 15:44:00,10.79,,United Kingdom
558371,35970,ZINC FOLKART SLEIGH BELLS,3,2011-06-28 15:44:00,4.13,,United Kingdom
558371,47566,PARTY BUNTING,81,2011-06-28 15:44:00,10.79,,United Kingdom
558371,48187,DOORMAT NEW ENGLAND,1,2011-06-28 15:44:00,12.46,,United Kingdom
558371,79321,CHILLI LIGHTS,3,2011-06-28 15:44:00,12.46,,United Kingdom
558371,82583,HOT BATHS METAL SIGN,15,2011-06-28 15:44:00,4.96,,United Kingdom
558371,84029E,RED WOOLLY HOTTIE WHITE HEART.,1,2011-06-28 15:44:00,7.46,,United Kingdom
558371,84692,BOX OF 24 COCKTAIL PARASOLS,5,2011-06-28 15:44:00,1.63,,United Kingdom
558371,84997d,CHILDRENS CUTLERY POLKADOT PINK,3,2011-06-28 15:44:00,8.29,,United Kingdom
558371,85049g,CHOCOLATE BOX RIBBONS ,1,2011-06-28 15:44:00,2.46,,United Kingdom
558372,22847,BREAD BIN DINER STYLE IVORY,2,2011-06-28 15:47:00,16.95,16200.0,United Kingdom
558372,23287,RED VINTAGE SPOT BEAKER,4,2011-06-28 15:47:00,0.85,16200.0,United Kingdom
558372,23288,GREEN VINTAGE SPOT BEAKER,4,2011-06-28 15:47:00,0.85,16200.0,United Kingdom
558372,23285,PINK VINTAGE SPOT BEAKER,4,2011-06-28 15:47:00,0.85,16200.0,United Kingdom
558372,23286,BLUE VINTAGE SPOT BEAKER,4,2011-06-28 15:47:00,0.85,16200.0,United Kingdom
558372,23175,REGENCY MILK JUG PINK ,2,2011-06-28 15:47:00,3.25,16200.0,United Kingdom
558372,23322,LARGE WHITE HEART OF WICKER,3,2011-06-28 15:47:00,2.95,16200.0,United Kingdom
558372,22469,HEART OF WICKER SMALL,3,2011-06-28 15:47:00,1.65,16200.0,United Kingdom
558372,23307,SET OF 60 PANTRY DESIGN CAKE CASES ,4,2011-06-28 15:47:00,0.55,16200.0,United Kingdom
558372,22082,RIBBON REEL STRIPES DESIGN ,1,2011-06-28 15:47:00,1.65,16200.0,United Kingdom
558372,23321,SMALL WHITE HEART OF WICKER,3,2011-06-28 15:47:00,1.65,16200.0,United Kingdom
558372,22470,HEART OF WICKER LARGE,3,2011-06-28 15:47:00,2.95,16200.0,United Kingdom
558372,22752,SET 7 BABUSHKA NESTING BOXES,2,2011-06-28 15:47:00,8.5,16200.0,United Kingdom
558372,23308,SET OF 60 VINTAGE LEAF CAKE CASES ,4,2011-06-28 15:47:00,0.55,16200.0,United Kingdom
558372,22427,ENAMEL FLOWER JUG CREAM,2,2011-06-28 15:47:00,5.95,16200.0,United Kingdom
558372,23252,VINTAGE RED ENAMEL TRIM JUG ,2,2011-06-28 15:47:00,3.75,16200.0,United Kingdom
558372,23245,SET OF 3 REGENCY CAKE TINS,4,2011-06-28 15:47:00,4.95,16200.0,United Kingdom
558372,82494L,WOODEN FRAME ANTIQUE WHITE ,6,2011-06-28 15:47:00,2.95,16200.0,United Kingdom
558372,23092,LARGE ANTIQUE WHITE PHOTO FRAME,2,2011-06-28 15:47:00,7.9,16200.0,United Kingdom
558372,22969,HOMEMADE JAM SCENTED CANDLES,12,2011-06-28 15:47:00,1.45,16200.0,United Kingdom
558372,23144,ZINC T-LIGHT HOLDER STARS SMALL,12,2011-06-28 15:47:00,0.83,16200.0,United Kingdom
558372,84970S,HANGING HEART ZINC T-LIGHT HOLDER,12,2011-06-28 15:47:00,0.85,16200.0,United Kingdom
558372,23145,ZINC T-LIGHT HOLDER STAR LARGE,12,2011-06-28 15:47:00,0.95,16200.0,United Kingdom
558372,23298,SPOTTY BUNTING,3,2011-06-28 15:47:00,4.95,16200.0,United Kingdom
558372,22120,WELCOME  WOODEN BLOCK LETTERS,2,2011-06-28 15:47:00,9.95,16200.0,United Kingdom
558372,84970L,SINGLE HEART ZINC T-LIGHT HOLDER,12,2011-06-28 15:47:00,0.95,16200.0,United Kingdom
558372,21754,HOME BUILDING BLOCK WORD,3,2011-06-28 15:47:00,5.95,16200.0,United Kingdom
558372,21755,LOVE BUILDING BLOCK WORD,3,2011-06-28 15:47:00,5.95,16200.0,United Kingdom
558372,22993,SET OF 4 PANTRY JELLY MOULDS,2,2011-06-28 15:47:00,1.25,16200.0,United Kingdom
558372,84755,COLOUR GLASS T-LIGHT HOLDER HANGING,16,2011-06-28 15:47:00,0.65,16200.0,United Kingdom
558372,84879,ASSORTED COLOUR BIRD ORNAMENT,16,2011-06-28 15:47:00,1.69,16200.0,United Kingdom
558372,22699,ROSES REGENCY TEACUP AND SAUCER ,2,2011-06-28 15:47:00,2.95,16200.0,United Kingdom
558372,22698,PINK REGENCY TEACUP AND SAUCER,2,2011-06-28 15:47:00,2.95,16200.0,United Kingdom
558372,22697,GREEN REGENCY TEACUP AND SAUCER,2,2011-06-28 15:47:00,2.95,16200.0,United Kingdom
558372,22090,PAPER BUNTING RETROSPOT,3,2011-06-28 15:47:00,2.95,16200.0,United Kingdom
558372,23237,SET OF 4 KNICK KNACK TINS LEAVES ,2,2011-06-28 15:47:00,4.15,16200.0,United Kingdom
558372,47566,PARTY BUNTING,2,2011-06-28 15:47:00,4.95,16200.0,United Kingdom
558372,23208,LUNCH BAG VINTAGE LEAF DESIGN,3,2011-06-28 15:47:00,1.65,16200.0,United Kingdom
558372,21936,RED RETROSPOT PICNIC BAG,1,2011-06-28 15:47:00,2.95,16200.0,United Kingdom
558372,20725,LUNCH BAG RED RETROSPOT,1,2011-06-28 15:47:00,1.65,16200.0,United Kingdom
558372,23209,LUNCH BAG DOILEY PATTERN ,1,2011-06-28 15:47:00,1.65,16200.0,United Kingdom
558372,23206,LUNCH BAG APPLE DESIGN,1,2011-06-28 15:47:00,1.65,16200.0,United Kingdom
558372,23200,JUMBO BAG PEARS,3,2011-06-28 15:47:00,2.08,16200.0,United Kingdom
558372,20712,JUMBO BAG WOODLAND ANIMALS,2,2011-06-28 15:47:00,2.08,16200.0,United Kingdom
558372,21929,JUMBO BAG PINK VINTAGE PAISLEY,3,2011-06-28 15:47:00,2.08,16200.0,United Kingdom
558372,85099B,JUMBO BAG RED RETROSPOT,3,2011-06-28 15:47:00,2.08,16200.0,United Kingdom
558372,23202,JUMBO BAG VINTAGE LEAF,6,2011-06-28 15:47:00,2.08,16200.0,United Kingdom
558372,23201,JUMBO BAG ALPHABET,3,2011-06-28 15:47:00,2.08,16200.0,United Kingdom
558372,23199,JUMBO BAG APPLES,3,2011-06-28 15:47:00,2.08,16200.0,United Kingdom
558372,21928,JUMBO BAG SCANDINAVIAN BLUE PAISLEY,3,2011-06-28 15:47:00,2.08,16200.0,United Kingdom
558372,22411,JUMBO SHOPPER VINTAGE RED PAISLEY,3,2011-06-28 15:47:00,2.08,16200.0,United Kingdom
558372,23203,JUMBO BAG DOILEY PATTERNS,3,2011-06-28 15:47:00,2.08,16200.0,United Kingdom
558372,35004B,SET OF 3 BLACK FLYING DUCKS,2,2011-06-28 15:47:00,5.45,16200.0,United Kingdom
558372,22989,SET 2 PANTRY DESIGN TEA TOWELS,3,2011-06-28 15:47:00,3.25,16200.0,United Kingdom
558372,23093,SMALL PARISIENNE HEART PHOTO FRAME ,4,2011-06-28 15:47:00,2.49,16200.0,United Kingdom
558372,48184,DOORMAT ENGLISH ROSE ,2,2011-06-28 15:47:00,7.95,16200.0,United Kingdom
558372,23284,DOORMAT KEEP CALM AND COME IN,2,2011-06-28 15:47:00,7.95,16200.0,United Kingdom
558372,21523,DOORMAT FANCY FONT HOME SWEET HOME,2,2011-06-28 15:47:00,7.95,16200.0,United Kingdom
558375,22629,SPACEBOY LUNCH BOX ,12,2011-06-28 16:02:00,1.95,13418.0,United Kingdom
558375,23241,TREASURE TIN GYMKHANA DESIGN,6,2011-06-28 16:02:00,2.08,13418.0,United Kingdom
558375,22037,ROBOT BIRTHDAY CARD,12,2011-06-28 16:02:00,0.42,13418.0,United Kingdom
558375,22030,SWALLOWS GREETING CARD,12,2011-06-28 16:02:00,0.42,13418.0,United Kingdom
558375,22983,CARD BILLBOARD FONT,12,2011-06-28 16:02:00,0.42,13418.0,United Kingdom
558375,22729,ALARM CLOCK BAKELIKE ORANGE,12,2011-06-28 16:02:00,3.75,13418.0,United Kingdom
558375,22727,ALARM CLOCK BAKELIKE RED ,12,2011-06-28 16:02:00,3.75,13418.0,United Kingdom
558375,22726,ALARM CLOCK BAKELIKE GREEN,12,2011-06-28 16:02:00,3.75,13418.0,United Kingdom
558375,23298,SPOTTY BUNTING,24,2011-06-28 16:02:00,4.95,13418.0,United Kingdom
558375,23182,TOILET SIGN OCCUPIED OR VACANT,24,2011-06-28 16:02:00,0.83,13418.0,United Kingdom
558375,23236,DOILEY STORAGE TIN,6,2011-06-28 16:02:00,2.89,13418.0,United Kingdom
558375,23240,SET OF 4 KNICK KNACK TINS DOILEY ,6,2011-06-28 16:02:00,4.15,13418.0,United Kingdom
558375,23122,PARTY CHARMS 50 PIECES,12,2011-06-28 16:02:00,0.83,13418.0,United Kingdom
558376,23288,GREEN VINTAGE SPOT BEAKER,8,2011-06-28 16:03:00,0.85,13418.0,United Kingdom
558376,23287,RED VINTAGE SPOT BEAKER,16,2011-06-28 16:03:00,0.85,13418.0,United Kingdom
558376,23286,BLUE VINTAGE SPOT BEAKER,16,2011-06-28 16:03:00,0.85,13418.0,United Kingdom
558376,23285,PINK VINTAGE SPOT BEAKER,16,2011-06-28 16:03:00,0.85,13418.0,United Kingdom
558376,23307,SET OF 60 PANTRY DESIGN CAKE CASES ,24,2011-06-28 16:03:00,0.55,13418.0,United Kingdom
558377,37423,,-17,2011-06-28 16:24:00,0.0,,United Kingdom
558378,79161A,,-13,2011-06-28 16:27:00,0.0,,United Kingdom
558379,22618,"mouldy, unsaleable.",-1681,2011-06-28 16:34:00,0.0,,United Kingdom
558381,M,Manual,1,2011-06-28 17:01:00,600.0,15299.0,United Kingdom
558382,85187,S/12 MINI RABBIT EASTER,1,2011-06-28 17:28:00,1.65,17997.0,United Kingdom
558382,22040,BOTANICAL ROSE GIFT WRAP,25,2011-06-28 17:28:00,0.42,17997.0,United Kingdom
558382,22050,PINK PAISLEY ROSE GIFT WRAP,25,2011-06-28 17:28:00,0.42,17997.0,United Kingdom
558382,23231,WRAP DOILEY DESIGN,25,2011-06-28 17:28:00,0.42,17997.0,United Kingdom
558382,23233,WRAP POPPIES  DESIGN,25,2011-06-28 17:28:00,0.42,17997.0,United Kingdom
558382,22986,WRAP GINGHAM ROSE ,25,2011-06-28 17:28:00,0.42,17997.0,United Kingdom
558382,22051,BLUE SCANDINAVIAN PAISLEY WRAP,25,2011-06-28 17:28:00,0.42,17997.0,United Kingdom
558382,84806A,PINK CANDYSTUFT ARTIFICIAL FLOWER,6,2011-06-28 17:28:00,1.45,17997.0,United Kingdom
558382,21929,JUMBO BAG PINK VINTAGE PAISLEY,2,2011-06-28 17:28:00,2.08,17997.0,United Kingdom
558382,21928,JUMBO BAG SCANDINAVIAN BLUE PAISLEY,2,2011-06-28 17:28:00,2.08,17997.0,United Kingdom
558382,23203,JUMBO BAG DOILEY PATTERNS,2,2011-06-28 17:28:00,2.08,17997.0,United Kingdom
558382,23028,DRAWER KNOB CRACKLE GLAZE BLUE,24,2011-06-28 17:28:00,1.65,17997.0,United Kingdom
558382,23029,DRAWER KNOB CRACKLE GLAZE GREEN,24,2011-06-28 17:28:00,1.65,17997.0,United Kingdom
558382,22604,SET OF 4 NAPKIN CHARMS CUTLERY,32,2011-06-28 17:28:00,2.1,17997.0,United Kingdom
558382,20847,ZINC HEART LATTICE CHARGER LARGE,12,2011-06-28 17:28:00,3.75,17997.0,United Kingdom
558382,23245,SET OF 3 REGENCY CAKE TINS,4,2011-06-28 17:28:00,4.95,17997.0,United Kingdom
558382,21735,TWO DOOR CURIO CABINET,2,2011-06-28 17:28:00,12.75,17997.0,United Kingdom
