InvoiceNo,StockCode,Description,Quantity,InvoiceDate,UnitPrice,CustomerID,Country
543483,85053,FRENCH ENAMEL CANDLEHOLDER,6,2011-02-09 09:10:00,2.1,18075.0,United Kingdom
543483,21558,SKULL LUNCH BOX WITH CUTLERY ,6,2011-02-09 09:10:00,2.55,18075.0,United Kingdom
543483,22963,JAM JAR WITH GREEN LID,12,2011-02-09 09:10:00,0.85,18075.0,United Kingdom
543483,84879,ASSORTED COLOUR BIRD ORNAMENT,8,2011-02-09 09:10:00,1.69,18075.0,United Kingdom
543483,22170,PICTURE FRAME WOOD TRIPLE PORTRAIT,4,2011-02-09 09:10:00,6.75,18075.0,United Kingdom
543484,20712,JUMBO BAG WOODLAND ANIMALS,10,2011-02-09 10:11:00,1.95,12721.0,France
543484,22554,PLASTERS IN TIN WOODLAND ANIMALS,12,2011-02-09 10:11:00,1.65,12721.0,France
543484,22466,FAIRY TALE COTTAGE NIGHTLIGHT,12,2011-02-09 10:11:00,1.95,12721.0,France
543484,20749,ASSORTED COLOUR MINI CASES,2,2011-02-09 10:11:00,7.95,12721.0,France
543484,22492,MINI PAINT SET VINTAGE ,36,2011-02-09 10:11:00,0.65,12721.0,France
543484,85099B,JUMBO BAG RED RETROSPOT,10,2011-02-09 10:11:00,1.95,12721.0,France
543484,22526,WHEELBARROW FOR CHILDREN ,3,2011-02-09 10:11:00,12.75,12721.0,France
543484,22521,CHILDS GARDEN TROWEL PINK,12,2011-02-09 10:11:00,0.85,12721.0,France
543484,22520,CHILDS GARDEN TROWEL BLUE ,12,2011-02-09 10:11:00,0.85,12721.0,France
543484,15056N,EDWARDIAN PARASOL NATURAL,3,2011-02-09 10:11:00,5.95,12721.0,France
543484,22857,ASSORTED EASTER GIFT TAGS,12,2011-02-09 10:11:00,0.85,12721.0,France
543484,22859,EASTER TIN BUNNY BOUQUET,6,2011-02-09 10:11:00,1.65,12721.0,France
543484,22254,FELT TOADSTOOL LARGE,12,2011-02-09 10:11:00,1.25,12721.0,France
543484,23232,WRAP VINTAGE PETALS  DESIGN,25,2011-02-09 10:11:00,0.42,12721.0,France
543484,23230,WRAP ALPHABET DESIGN,25,2011-02-09 10:11:00,0.42,12721.0,France
543484,21936,RED RETROSPOT PICNIC BAG,5,2011-02-09 10:11:00,2.95,12721.0,France
543484,21094,SET/6 RED SPOTTY PAPER PLATES,12,2011-02-09 10:11:00,0.85,12721.0,France
543484,21080,SET/20 RED RETROSPOT PAPER NAPKINS ,12,2011-02-09 10:11:00,0.85,12721.0,France
543484,21086,SET/6 RED SPOTTY PAPER CUPS,12,2011-02-09 10:11:00,0.65,12721.0,France
543484,21212,PACK OF 72 RETROSPOT CAKE CASES,24,2011-02-09 10:11:00,0.55,12721.0,France
543484,21749,LARGE RED RETROSPOT WINDMILL,6,2011-02-09 10:11:00,2.1,12721.0,France
543484,21746,SMALL RED RETROSPOT WINDMILL,12,2011-02-09 10:11:00,1.25,12721.0,France
543484,20676,RED RETROSPOT BOWL,8,2011-02-09 10:11:00,1.25,12721.0,France
543484,21246,RED RETROSPOT BIG BOWL,6,2011-02-09 10:11:00,4.95,12721.0,France
543484,21242,RED RETROSPOT PLATE ,8,2011-02-09 10:11:00,1.69,12721.0,France
543484,21217,RED RETROSPOT ROUND CAKE TINS,1,2011-02-09 10:11:00,9.95,12721.0,France
543484,POST,POSTAGE,3,2011-02-09 10:11:00,18.0,12721.0,France
543485,22720,SET OF 3 CAKE TINS PANTRY DESIGN ,3,2011-02-09 10:19:00,4.95,15843.0,United Kingdom
543485,85053,FRENCH ENAMEL CANDLEHOLDER,6,2011-02-09 10:19:00,2.1,15843.0,United Kingdom
543485,21662,VINTAGE GLASS COFFEE CADDY,3,2011-02-09 10:19:00,5.95,15843.0,United Kingdom
543485,22423,REGENCY CAKESTAND 3 TIER,1,2011-02-09 10:19:00,12.75,15843.0,United Kingdom
543485,22697,GREEN REGENCY TEACUP AND SAUCER,6,2011-02-09 10:19:00,2.95,15843.0,United Kingdom
543485,22698,PINK REGENCY TEACUP AND SAUCER,6,2011-02-09 10:19:00,2.95,15843.0,United Kingdom
543485,84968C,SET OF 16 VINTAGE PISTACHIO CUTLERY,1,2011-02-09 10:19:00,12.75,15843.0,United Kingdom
543485,84968E,SET OF 16 VINTAGE BLACK CUTLERY,1,2011-02-09 10:19:00,12.75,15843.0,United Kingdom
543486,22720,SET OF 3 CAKE TINS PANTRY DESIGN ,6,2011-02-09 10:24:00,4.95,13319.0,United Kingdom
543486,22722,SET OF 6 SPICE TINS PANTRY DESIGN,8,2011-02-09 10:24:00,3.95,13319.0,United Kingdom
543486,22699,ROSES REGENCY TEACUP AND SAUCER ,6,2011-02-09 10:24:00,2.95,13319.0,United Kingdom
543486,22697,GREEN REGENCY TEACUP AND SAUCER,6,2011-02-09 10:24:00,2.95,13319.0,United Kingdom
543486,22698,PINK REGENCY TEACUP AND SAUCER,6,2011-02-09 10:24:00,2.95,13319.0,United Kingdom
543486,21658,GLASS  BEURRE DISH,4,2011-02-09 10:24:00,3.95,13319.0,United Kingdom
543486,21539,RED RETROSPOT BUTTER DISH,3,2011-02-09 10:24:00,4.95,13319.0,United Kingdom
543486,22846,BREAD BIN DINER STYLE RED ,2,2011-02-09 10:24:00,16.95,13319.0,United Kingdom
543486,22178,VICTORIAN GLASS HANGING T-LIGHT,12,2011-02-09 10:24:00,1.25,13319.0,United Kingdom
543486,79321,CHILLI LIGHTS,4,2011-02-09 10:24:00,5.75,13319.0,United Kingdom
543486,22960,JAM MAKING SET WITH JARS,6,2011-02-09 10:24:00,4.25,13319.0,United Kingdom
543486,22961,JAM MAKING SET PRINTED,12,2011-02-09 10:24:00,1.45,13319.0,United Kingdom
543486,22969,HOMEMADE JAM SCENTED CANDLES,12,2011-02-09 10:24:00,1.45,13319.0,United Kingdom
543486,22090,PAPER BUNTING RETROSPOT,6,2011-02-09 10:24:00,2.95,13319.0,United Kingdom
543486,22072,RED RETROSPOT TEA CUP AND SAUCER ,4,2011-02-09 10:24:00,3.75,13319.0,United Kingdom
543486,22073,RED RETROSPOT STORAGE JAR,4,2011-02-09 10:24:00,3.75,13319.0,United Kingdom
543486,20725,LUNCH BAG RED RETROSPOT,10,2011-02-09 10:24:00,1.65,13319.0,United Kingdom
543486,21843,RED RETROSPOT CAKE STAND,3,2011-02-09 10:24:00,10.95,13319.0,United Kingdom
543486,84879,ASSORTED COLOUR BIRD ORNAMENT,8,2011-02-09 10:24:00,1.69,13319.0,United Kingdom
543486,84792,ENCHANTED BIRD COATHANGER 5 HOOK,4,2011-02-09 10:24:00,4.65,13319.0,United Kingdom
543486,21877,HOME SWEET HOME MUG,12,2011-02-09 10:24:00,1.25,13319.0,United Kingdom
543486,21533,RETROSPOT LARGE MILK JUG,3,2011-02-09 10:24:00,4.95,13319.0,United Kingdom
543486,21527,RED RETROSPOT TRADITIONAL TEAPOT ,2,2011-02-09 10:24:00,7.95,13319.0,United Kingdom
543486,84378,SET OF 3 HEART COOKIE CUTTERS,12,2011-02-09 10:24:00,1.25,13319.0,United Kingdom
543486,20846,ZINC HEART LATTICE T-LIGHT HOLDER,12,2011-02-09 10:24:00,1.25,13319.0,United Kingdom
543486,21733,RED HANGING HEART T-LIGHT HOLDER,6,2011-02-09 10:24:00,2.95,13319.0,United Kingdom
543486,84970S,HANGING HEART ZINC T-LIGHT HOLDER,12,2011-02-09 10:24:00,0.85,13319.0,United Kingdom
543487,22692,DOORMAT WELCOME TO OUR HOME,2,2011-02-09 10:25:00,7.95,13319.0,United Kingdom
543487,22801,ANTIQUE GLASS PEDESTAL BOWL,4,2011-02-09 10:25:00,3.75,13319.0,United Kingdom
543487,22178,VICTORIAN GLASS HANGING T-LIGHT,12,2011-02-09 10:25:00,1.25,13319.0,United Kingdom
543487,22699,ROSES REGENCY TEACUP AND SAUCER ,6,2011-02-09 10:25:00,2.95,13319.0,United Kingdom
543487,22698,PINK REGENCY TEACUP AND SAUCER,6,2011-02-09 10:25:00,2.95,13319.0,United Kingdom
543487,22697,GREEN REGENCY TEACUP AND SAUCER,6,2011-02-09 10:25:00,2.95,13319.0,United Kingdom
543487,22966,GINGERBREAD MAN COOKIE CUTTER,12,2011-02-09 10:25:00,1.25,13319.0,United Kingdom
543487,22960,JAM MAKING SET WITH JARS,6,2011-02-09 10:25:00,4.25,13319.0,United Kingdom
543487,22961,JAM MAKING SET PRINTED,12,2011-02-09 10:25:00,1.45,13319.0,United Kingdom
543487,22722,SET OF 6 SPICE TINS PANTRY DESIGN,8,2011-02-09 10:25:00,3.95,13319.0,United Kingdom
543487,20723,STRAWBERRY CHARLOTTE BAG,10,2011-02-09 10:25:00,0.85,13319.0,United Kingdom
543492,23231,WRAP DOILEY DESIGN,25,2011-02-09 10:41:00,0.42,12720.0,Germany
543492,22989,SET 2 PANTRY DESIGN TEA TOWELS,6,2011-02-09 10:41:00,3.25,12720.0,Germany
543492,22197,SMALL POPCORN HOLDER,12,2011-02-09 10:41:00,0.85,12720.0,Germany
543492,21439,BASKET OF TOADSTOOLS,12,2011-02-09 10:41:00,1.25,12720.0,Germany
543492,22858,EASTER TIN KEEPSAKE,6,2011-02-09 10:41:00,1.65,12720.0,Germany
543492,22859,EASTER TIN BUNNY BOUQUET,6,2011-02-09 10:41:00,1.65,12720.0,Germany
543492,22860,EASTER TIN CHICKS PINK DAISY,6,2011-02-09 10:41:00,1.65,12720.0,Germany
543492,22040,BOTANICAL ROSE GIFT WRAP,25,2011-02-09 10:41:00,0.42,12720.0,Germany
543492,22986,GINGHAM ROSE WRAP,25,2011-02-09 10:41:00,0.42,12720.0,Germany
543492,21925,UNION STRIPE CUSHION COVER ,12,2011-02-09 10:41:00,1.25,12720.0,Germany
543492,21926,RED/CREAM STRIPE CUSHION COVER ,12,2011-02-09 10:41:00,1.25,12720.0,Germany
543492,21927,BLUE/CREAM STRIPE CUSHION COVER ,12,2011-02-09 10:41:00,1.25,12720.0,Germany
543492,POST,POSTAGE,1,2011-02-09 10:41:00,18.0,12720.0,Germany
543507,21937,STRAWBERRY   PICNIC BAG,1,2011-02-09 10:49:00,2.95,15039.0,United Kingdom
543507,20725,LUNCH BAG RED RETROSPOT,4,2011-02-09 10:49:00,1.65,15039.0,United Kingdom
543507,21054,NURSE'S BAG SOFT TOY,1,2011-02-09 10:49:00,8.95,15039.0,United Kingdom
543507,21754,HOME BUILDING BLOCK WORD,1,2011-02-09 10:49:00,5.95,15039.0,United Kingdom
543507,71053,WHITE METAL LANTERN,10,2011-02-09 10:49:00,3.75,15039.0,United Kingdom
543507,22772,PINK DRAWER KNOB ACRYLIC EDWARDIAN,12,2011-02-09 10:49:00,1.25,15039.0,United Kingdom
543507,22775,PURPLE DRAWERKNOB ACRYLIC EDWARDIAN,12,2011-02-09 10:49:00,1.25,15039.0,United Kingdom
543507,22343,PARTY PIZZA DISH RED RETROSPOT,6,2011-02-09 10:49:00,0.85,15039.0,United Kingdom
543507,21462,"NURSERY A,B,C PAINTED LETTERS",1,2011-02-09 10:49:00,6.75,15039.0,United Kingdom
543507,21931,JUMBO STORAGE BAG SUKI,20,2011-02-09 10:49:00,1.95,15039.0,United Kingdom
543507,22386,JUMBO BAG PINK POLKADOT,10,2011-02-09 10:49:00,1.95,15039.0,United Kingdom
543507,22411,JUMBO SHOPPER VINTAGE RED PAISLEY,10,2011-02-09 10:49:00,1.95,15039.0,United Kingdom
543507,22435,SET OF 9 HEART SHAPED BALLOONS,20,2011-02-09 10:49:00,1.25,15039.0,United Kingdom
543507,21929,JUMBO BAG PINK VINTAGE PAISLEY,10,2011-02-09 10:49:00,1.95,15039.0,United Kingdom
543507,22252,BIRDCAGE DECORATION TEALIGHT HOLDER,2,2011-02-09 10:49:00,1.25,15039.0,United Kingdom
543507,22773,GREEN DRAWER KNOB ACRYLIC EDWARDIAN,4,2011-02-09 10:49:00,1.25,15039.0,United Kingdom
543507,22775,PURPLE DRAWERKNOB ACRYLIC EDWARDIAN,2,2011-02-09 10:49:00,1.25,15039.0,United Kingdom
543507,21428,SET3 BOOK BOX GREEN GINGHAM FLOWER ,4,2011-02-09 10:49:00,4.25,15039.0,United Kingdom
543507,21213,PACK OF 72 SKULL CAKE CASES,2,2011-02-09 10:49:00,0.55,15039.0,United Kingdom
543507,22670,FRENCH WC SIGN BLUE METAL,4,2011-02-09 10:49:00,1.25,15039.0,United Kingdom
543507,22722,SET OF 6 SPICE TINS PANTRY DESIGN,24,2011-02-09 10:49:00,3.45,15039.0,United Kingdom
543507,47585A,PINK FAIRY CAKE CUSHION COVER,1,2011-02-09 10:49:00,3.75,15039.0,United Kingdom
543507,21239,PINK  POLKADOT CUP,8,2011-02-09 10:49:00,0.85,15039.0,United Kingdom
543507,22692,DOORMAT WELCOME TO OUR HOME,2,2011-02-09 10:49:00,7.95,15039.0,United Kingdom
543507,22273,FELTCRAFT DOLL MOLLY,1,2011-02-09 10:49:00,2.95,15039.0,United Kingdom
543518,22759,SET OF 3 NOTEBOOKS IN PARCEL,36,2011-02-09 11:21:00,1.65,12753.0,Japan
543518,22662,LUNCH BAG DOLLY GIRL DESIGN,100,2011-02-09 11:21:00,1.45,12753.0,Japan
543518,22661,CHARLOTTE BAG DOLLY GIRL DESIGN,100,2011-02-09 11:21:00,0.72,12753.0,Japan
543518,21717,EASTER TIN BUCKET,32,2011-02-09 11:21:00,2.1,12753.0,Japan
543518,22957,SET 3 PAPER VINTAGE CHICK PAPER EGG,48,2011-02-09 11:21:00,2.55,12753.0,Japan
543518,22861,EASTER TIN CHICKS IN GARDEN,30,2011-02-09 11:21:00,1.65,12753.0,Japan
543518,22243,5 HOOK HANGER RED MAGIC TOADSTOOL,96,2011-02-09 11:21:00,1.45,12753.0,Japan
543518,22232,JIGSAW TOADSTOOLS 3 PIECE,32,2011-02-09 11:21:00,1.65,12753.0,Japan
543518,21439,BASKET OF TOADSTOOLS,96,2011-02-09 11:21:00,1.25,12753.0,Japan
543518,22654,DELUXE SEWING KIT ,40,2011-02-09 11:21:00,4.95,12753.0,Japan
543518,21259,VICTORIAN SEWING BOX SMALL ,24,2011-02-09 11:21:00,4.95,12753.0,Japan
543518,22668,PINK BABY BUNTING,50,2011-02-09 11:21:00,2.55,12753.0,Japan
543518,22669,RED BABY BUNTING ,50,2011-02-09 11:21:00,2.55,12753.0,Japan
543518,47566B,TEA TIME PARTY BUNTING,50,2011-02-09 11:21:00,3.75,12753.0,Japan
543518,85232A,SET/3 POLKADOT STACKING TINS,24,2011-02-09 11:21:00,4.25,12753.0,Japan
543518,85032A,ROMANTIC IMAGES GIFT WRAP SET,48,2011-02-09 11:21:00,2.1,12753.0,Japan
543518,85032B,BLOSSOM IMAGES GIFT WRAP SET,48,2011-02-09 11:21:00,2.1,12753.0,Japan
543518,85032C,CURIOUS IMAGES GIFT WRAP SET,48,2011-02-09 11:21:00,2.1,12753.0,Japan
543518,22857,ASSORTED EASTER GIFT TAGS,60,2011-02-09 11:21:00,0.85,12753.0,Japan
543518,85017B,ENVELOPE 50 BLOSSOM IMAGES,48,2011-02-09 11:21:00,0.85,12753.0,Japan
543518,22244,3 HOOK HANGER MAGIC GARDEN,36,2011-02-09 11:21:00,1.95,12753.0,Japan
543518,22245,"HOOK, 1 HANGER ,MAGIC GARDEN",48,2011-02-09 11:21:00,0.85,12753.0,Japan
543518,22549,PICTURE DOMINOES,144,2011-02-09 11:21:00,1.25,12753.0,Japan
543518,22623,BOX OF VINTAGE JIGSAW BLOCKS ,60,2011-02-09 11:21:00,4.25,12753.0,Japan
543518,20902,VINTAGE KEEPSAKE BOX PARIS DAYS,24,2011-02-09 11:21:00,5.55,12753.0,Japan
543518,85232D,SET/3 DECOUPAGE STACKING TINS,24,2011-02-09 11:21:00,4.25,12753.0,Japan
543518,22378,WALL TIDY RETROSPOT ,30,2011-02-09 11:21:00,2.1,12753.0,Japan
543518,47566,PARTY BUNTING,100,2011-02-09 11:21:00,3.75,12753.0,Japan
543518,22090,PAPER BUNTING RETROSPOT,40,2011-02-09 11:21:00,2.55,12753.0,Japan
543518,22088,PAPER BUNTING COLOURED LACE,80,2011-02-09 11:21:00,2.55,12753.0,Japan
543518,22087,PAPER BUNTING WHITE LACE,40,2011-02-09 11:21:00,2.55,12753.0,Japan
543518,21381,MINI WOODEN HAPPY BIRTHDAY GARLAND,36,2011-02-09 11:21:00,1.69,12753.0,Japan
543518,21218,RED SPOTTY BISCUIT TIN,72,2011-02-09 11:21:00,3.25,12753.0,Japan
543518,22024,RAINY LADIES BIRTHDAY CARD,72,2011-02-09 11:21:00,0.36,12753.0,Japan
543518,22025,RING OF ROSES BIRTHDAY CARD,72,2011-02-09 11:21:00,0.36,12753.0,Japan
543518,22073,RED RETROSPOT STORAGE JAR,32,2011-02-09 11:21:00,3.39,12753.0,Japan
543518,22859,EASTER TIN BUNNY BOUQUET,108,2011-02-09 11:21:00,1.45,12753.0,Japan
543518,22858,EASTER TIN KEEPSAKE,108,2011-02-09 11:21:00,1.45,12753.0,Japan
543518,21210,SET OF 72 RETROSPOT PAPER  DOILIES,96,2011-02-09 11:21:00,1.25,12753.0,Japan
543518,84988,SET OF 72 PINK HEART PAPER DOILIES,96,2011-02-09 11:21:00,1.25,12753.0,Japan
543518,20750,RED RETROSPOT MINI CASES,24,2011-02-09 11:21:00,6.35,12753.0,Japan
543518,20724,RED RETROSPOT CHARLOTTE BAG,100,2011-02-09 11:21:00,0.72,12753.0,Japan
543518,20725,LUNCH BAG RED RETROSPOT,100,2011-02-09 11:21:00,1.45,12753.0,Japan
543518,21080,SET/20 RED RETROSPOT PAPER NAPKINS ,96,2011-02-09 11:21:00,0.64,12753.0,Japan
543518,21217,RED RETROSPOT ROUND CAKE TINS,24,2011-02-09 11:21:00,8.95,12753.0,Japan
543518,21216,"SET 3 RETROSPOT TEA,COFFEE,SUGAR",48,2011-02-09 11:21:00,4.25,12753.0,Japan
543518,21980,PACK OF 12 RED RETROSPOT TISSUES ,96,2011-02-09 11:21:00,0.29,12753.0,Japan
543518,22333,RETROSPOT PARTY BAG + STICKER SET,96,2011-02-09 11:21:00,1.45,12753.0,Japan
543519,10133,COLOURING PENCILS BROWN TUBE,10,2011-02-09 11:38:00,0.85,17083.0,United Kingdom
543519,22333,RETROSPOT PARTY BAG + STICKER SET,8,2011-02-09 11:38:00,1.65,17083.0,United Kingdom
543519,21121,SET/10 RED POLKADOT PARTY CANDLES,24,2011-02-09 11:38:00,1.25,17083.0,United Kingdom
543519,21086,SET/6 RED SPOTTY PAPER CUPS,12,2011-02-09 11:38:00,0.65,17083.0,United Kingdom
543519,21094,SET/6 RED SPOTTY PAPER PLATES,12,2011-02-09 11:38:00,0.85,17083.0,United Kingdom
543519,84997A,GREEN 3 PIECE POLKADOT CUTLERY SET,24,2011-02-09 11:38:00,4.15,17083.0,United Kingdom
543519,84997C,BLUE 3 PIECE POLKADOT CUTLERY SET,6,2011-02-09 11:38:00,4.15,17083.0,United Kingdom
543519,84997D,PINK 3 PIECE POLKADOT CUTLERY SET,24,2011-02-09 11:38:00,4.15,17083.0,United Kingdom
543519,84997B,RED 3 PIECE RETROSPOT CUTLERY SET,24,2011-02-09 11:38:00,4.15,17083.0,United Kingdom
543519,21238,RED RETROSPOT CUP,12,2011-02-09 11:38:00,0.85,17083.0,United Kingdom
543519,21239,PINK  POLKADOT CUP,24,2011-02-09 11:38:00,0.85,17083.0,United Kingdom
543519,21240,BLUE POLKADOT CUP,24,2011-02-09 11:38:00,0.85,17083.0,United Kingdom
543519,20674,GREEN POLKADOT BOWL,12,2011-02-09 11:38:00,1.25,17083.0,United Kingdom
543519,20676,RED RETROSPOT BOWL,12,2011-02-09 11:38:00,1.25,17083.0,United Kingdom
543519,20675,BLUE POLKADOT BOWL,36,2011-02-09 11:38:00,1.25,17083.0,United Kingdom
543519,20677,PINK POLKADOT BOWL,24,2011-02-09 11:38:00,1.25,17083.0,United Kingdom
543519,21244,BLUE POLKADOT PLATE ,24,2011-02-09 11:38:00,1.69,17083.0,United Kingdom
543519,21242,RED RETROSPOT PLATE ,24,2011-02-09 11:38:00,1.69,17083.0,United Kingdom
543519,21243,PINK  POLKADOT PLATE ,24,2011-02-09 11:38:00,1.69,17083.0,United Kingdom
543519,21245,GREEN POLKADOT PLATE ,12,2011-02-09 11:38:00,1.69,17083.0,United Kingdom
543520,22720,SET OF 3 CAKE TINS PANTRY DESIGN ,6,2011-02-09 11:43:00,4.95,15827.0,United Kingdom
543521,22769,,-6,2011-02-09 11:49:00,0.0,,United Kingdom
543523,22595,GINGHAM HEART DECORATION,12,2011-02-09 12:07:00,0.85,12971.0,United Kingdom
543523,22577,WOODEN HEART CHRISTMAS SCANDINAVIAN,12,2011-02-09 12:07:00,0.85,12971.0,United Kingdom
543523,22911,PAPER CHAIN KIT LONDON,6,2011-02-09 12:07:00,2.95,12971.0,United Kingdom
543527,20725,LUNCH BAG RED RETROSPOT,10,2011-02-09 12:08:00,1.65,15970.0,United Kingdom
543527,20728,LUNCH BAG CARS BLUE,10,2011-02-09 12:08:00,1.65,15970.0,United Kingdom
543527,85032C,CURIOUS IMAGES GIFT WRAP SET,6,2011-02-09 12:08:00,2.1,15970.0,United Kingdom
543527,84997A,GREEN 3 PIECE POLKADOT CUTLERY SET,12,2011-02-09 12:08:00,4.15,15970.0,United Kingdom
543527,84997B,RED 3 PIECE RETROSPOT CUTLERY SET,12,2011-02-09 12:08:00,4.15,15970.0,United Kingdom
543527,84997C,BLUE 3 PIECE POLKADOT CUTLERY SET,12,2011-02-09 12:08:00,4.15,15970.0,United Kingdom
543527,84997D,PINK 3 PIECE POLKADOT CUTLERY SET,12,2011-02-09 12:08:00,4.15,15970.0,United Kingdom
543527,22551,PLASTERS IN TIN SPACEBOY,12,2011-02-09 12:08:00,1.65,15970.0,United Kingdom
543527,22383,LUNCH BAG SUKI  DESIGN ,10,2011-02-09 12:08:00,1.65,15970.0,United Kingdom
543527,22382,LUNCH BAG SPACEBOY DESIGN ,10,2011-02-09 12:08:00,1.65,15970.0,United Kingdom
543527,22662,LUNCH BAG DOLLY GIRL DESIGN,10,2011-02-09 12:08:00,1.65,15970.0,United Kingdom
543529,82484,WOOD BLACK BOARD ANT WHITE FINISH,2,2011-02-09 12:16:00,7.95,18109.0,United Kingdom
543529,82482,WOODEN PICTURE FRAME WHITE FINISH,1,2011-02-09 12:16:00,2.55,18109.0,United Kingdom
543529,85123A,WHITE HANGING HEART T-LIGHT HOLDER,5,2011-02-09 12:16:00,2.95,18109.0,United Kingdom
543529,82486,WOOD S/3 CABINET ANT WHITE FINISH,1,2011-02-09 12:16:00,8.95,18109.0,United Kingdom
543529,21259,VICTORIAN SEWING BOX SMALL ,7,2011-02-09 12:16:00,5.95,18109.0,United Kingdom
543529,85066,CREAM SWEETHEART MINI CHEST,5,2011-02-09 12:16:00,12.75,18109.0,United Kingdom
543529,22470,HEART OF WICKER LARGE,4,2011-02-09 12:16:00,2.95,18109.0,United Kingdom
543529,22469,HEART OF WICKER SMALL,9,2011-02-09 12:16:00,1.65,18109.0,United Kingdom
543529,22189,CREAM HEART CARD HOLDER,1,2011-02-09 12:16:00,3.95,18109.0,United Kingdom
543530,10135,COLOURING PENCILS BROWN TUBE,1,2011-02-09 12:46:00,2.46,,United Kingdom
543530,17012C,ORIGAMI LAVENDER INCENSE/CANDL SET ,1,2011-02-09 12:46:00,2.46,,United Kingdom
543530,20682,RED RETROSPOT CHILDRENS UMBRELLA,1,2011-02-09 12:46:00,6.63,,United Kingdom
543530,20711,JUMBO BAG TOYS ,1,2011-02-09 12:46:00,4.13,,United Kingdom
543530,20712,JUMBO BAG WOODLAND ANIMALS,2,2011-02-09 12:46:00,4.13,,United Kingdom
543530,20713,JUMBO BAG OWLS,1,2011-02-09 12:46:00,4.13,,United Kingdom
543530,20716,PARTY FOOD SHOPPER BAG,1,2011-02-09 12:46:00,2.46,,United Kingdom
543530,20718,RED RETROSPOT SHOPPER BAG,1,2011-02-09 12:46:00,2.46,,United Kingdom
543530,20724,RED RETROSPOT CHARLOTTE BAG,7,2011-02-09 12:46:00,1.63,,United Kingdom
543530,20725,LUNCH BAG RED RETROSPOT,1,2011-02-09 12:46:00,4.13,,United Kingdom
543530,20726,LUNCH BAG WOODLAND,3,2011-02-09 12:46:00,4.13,,United Kingdom
543530,20727,LUNCH BAG  BLACK SKULL.,1,2011-02-09 12:46:00,4.13,,United Kingdom
543530,20803,SMALL PINK GLASS SUNDAE DISH,8,2011-02-09 12:46:00,3.29,,United Kingdom
543530,20998,ROSE DU SUD OVEN GLOVE,1,2011-02-09 12:46:00,3.29,,United Kingdom
543530,21002,ROSE DU SUD DRAWSTRING BAG,1,2011-02-09 12:46:00,3.29,,United Kingdom
543530,21068,VINTAGE BILLBOARD LOVE/HATE MUG,3,2011-02-09 12:46:00,2.46,,United Kingdom
543530,21069,VINTAGE BILLBOARD TEA MUG,1,2011-02-09 12:46:00,2.46,,United Kingdom
543530,21070,VINTAGE BILLBOARD MUG ,1,2011-02-09 12:46:00,2.46,,United Kingdom
543530,21166,COOK WITH WINE METAL SIGN ,1,2011-02-09 12:46:00,4.13,,United Kingdom
543530,21167,WHITE SAGE INCENSE,20,2011-02-09 12:46:00,0.42,,United Kingdom
543530,21220,SET/4 BADGES DOGS,1,2011-02-09 12:46:00,2.46,,United Kingdom
543530,21231,SWEETHEART CERAMIC TRINKET BOX,6,2011-02-09 12:46:00,2.46,,United Kingdom
543530,21232,STRAWBERRY CERAMIC TRINKET BOX,6,2011-02-09 12:46:00,2.46,,United Kingdom
543530,21284,RETROSPOT CANDLE  SMALL,1,2011-02-09 12:46:00,3.29,,United Kingdom
543530,21291,SMALL POLKADOT CHOCOLATE GIFT BAG ,1,2011-02-09 12:46:00,1.63,,United Kingdom
543530,21313,GLASS HEART T-LIGHT HOLDER ,3,2011-02-09 12:46:00,1.63,,United Kingdom
543530,21314,SMALL GLASS HEART TRINKET POT,1,2011-02-09 12:46:00,4.13,,United Kingdom
543530,21408,SPOTTY PINK DUCK DOORSTOP,1,2011-02-09 12:46:00,8.29,,United Kingdom
543530,21658,GLASS  BEURRE DISH,1,2011-02-09 12:46:00,8.29,,United Kingdom
543530,21826,EIGHT PIECE DINOSAUR SET,1,2011-02-09 12:46:00,2.46,,United Kingdom
543530,21875,KINGS CHOICE MUG,2,2011-02-09 12:46:00,3.29,,United Kingdom
543530,21877,HOME SWEET HOME MUG,2,2011-02-09 12:46:00,3.29,,United Kingdom
543530,21900,"KEY FOB , SHED",1,2011-02-09 12:46:00,1.63,,United Kingdom
543530,21908,CHOCOLATE THIS WAY METAL SIGN,1,2011-02-09 12:46:00,4.13,,United Kingdom
543530,21928,JUMBO BAG SCANDINAVIAN PAISLEY,2,2011-02-09 12:46:00,4.13,,United Kingdom
543530,21929,JUMBO BAG PINK VINTAGE PAISLEY,2,2011-02-09 12:46:00,4.13,,United Kingdom
543530,21967,PACK OF 12 SKULL TISSUES,1,2011-02-09 12:46:00,0.83,,United Kingdom
543530,21975,PACK OF 60 DINOSAUR CAKE CASES,1,2011-02-09 12:46:00,1.25,,United Kingdom
543530,21980,PACK OF 12 RED RETROSPOT TISSUES ,1,2011-02-09 12:46:00,0.83,,United Kingdom
543530,21982,PACK OF 12 SUKI TISSUES ,1,2011-02-09 12:46:00,0.83,,United Kingdom
543530,21993,FLORAL FOLK STATIONERY SET,3,2011-02-09 12:46:00,2.46,,United Kingdom
543530,22064,PINK DOUGHNUT TRINKET POT ,7,2011-02-09 12:46:00,3.29,,United Kingdom
543530,22077,6 RIBBONS RUSTIC CHARM,1,2011-02-09 12:46:00,3.29,,United Kingdom
543530,22090,PAPER BUNTING RETROSPOT,1,2011-02-09 12:46:00,5.79,,United Kingdom
543530,22104,MIRROR MOSAIC CANDLE PLATE,1,2011-02-09 12:46:00,1.63,,United Kingdom
543530,22132,RED LOVE HEART SHAPE CUP,4,2011-02-09 12:46:00,1.63,,United Kingdom
543530,22149,FELTCRAFT 6 FLOWER FRIENDS,2,2011-02-09 12:46:00,4.13,,United Kingdom
543530,22167, OVAL WALL MIRROR DIAMANTE ,2,2011-02-09 12:46:00,8.29,,United Kingdom
543530,22174,PHOTO CUBE,1,2011-02-09 12:46:00,3.29,,United Kingdom
543530,22182,CAKE STAND VICTORIAN FILIGREE SMALL,1,2011-02-09 12:46:00,4.13,,United Kingdom
543530,22183,CAKE STAND VICTORIAN FILIGREE MED,1,2011-02-09 12:46:00,5.79,,United Kingdom
543530,22195,LARGE HEART MEASURING SPOONS,2,2011-02-09 12:46:00,3.29,,United Kingdom
543530,22196,SMALL HEART MEASURING SPOONS,3,2011-02-09 12:46:00,1.63,,United Kingdom
543530,22207,FRYING PAN UNION FLAG,1,2011-02-09 12:46:00,8.29,,United Kingdom
543530,22241,GARLAND WOODEN HAPPY EASTER,1,2011-02-09 12:46:00,2.46,,United Kingdom
543530,22318,FIVE HEART HANGING DECORATION,1,2011-02-09 12:46:00,5.79,,United Kingdom
543530,22327,ROUND SNACK BOXES SET OF 4 SKULLS,1,2011-02-09 12:46:00,5.79,,United Kingdom
543530,22329,ROUND CONTAINER SET OF 5 RETROSPOT,1,2011-02-09 12:46:00,3.29,,United Kingdom
543530,22344,PARTY PIZZA DISH PINK POLKADOT,1,2011-02-09 12:46:00,1.63,,United Kingdom
543530,22348,TEA BAG PLATE RED RETROSPOT,1,2011-02-09 12:46:00,1.63,,United Kingdom
543530,22356,CHARLOTTE BAG PINK POLKADOT,7,2011-02-09 12:46:00,1.63,,United Kingdom
543530,22360,GLASS JAR ENGLISH CONFECTIONERY,6,2011-02-09 12:46:00,5.79,,United Kingdom
543530,22361,GLASS JAR DAISY FRESH COTTON WOOL,1,2011-02-09 12:46:00,5.79,,United Kingdom
543530,22366,DOORMAT AIRMAIL ,1,2011-02-09 12:46:00,14.13,,United Kingdom
543530,22383,LUNCH BAG SUKI  DESIGN ,2,2011-02-09 12:46:00,4.13,,United Kingdom
543530,22384,LUNCH BAG PINK POLKADOT,2,2011-02-09 12:46:00,2.46,,United Kingdom
543530,22408,MONEY BOX CONFECTIONERY DESIGN,3,2011-02-09 12:46:00,2.46,,United Kingdom
543530,22457,NATURAL SLATE HEART CHALKBOARD ,2,2011-02-09 12:46:00,5.79,,United Kingdom
543530,22458,CAST IRON HOOK GARDEN FORK,1,2011-02-09 12:46:00,4.96,,United Kingdom
543530,22459,CAST IRON HOOK GARDEN TROWEL,1,2011-02-09 12:46:00,4.96,,United Kingdom
543530,22469,HEART OF WICKER SMALL,1,2011-02-09 12:46:00,3.29,,United Kingdom
543530,22473,TV DINNER TRAY VINTAGE PAISLEY,1,2011-02-09 12:46:00,10.79,,United Kingdom
543530,22494,EMERGENCY FIRST AID TIN ,1,2011-02-09 12:46:00,2.46,,United Kingdom
543530,22502,PICNIC BASKET WICKER SMALL,3,2011-02-09 12:46:00,8.29,,United Kingdom
543530,22583,PACK OF 6 HANDBAG GIFT BOXES,1,2011-02-09 12:46:00,4.96,,United Kingdom
543530,22600,CHRISTMAS RETROSPOT STAR WOOD,1,2011-02-09 12:46:00,1.63,,United Kingdom
543530,22625,RED KITCHEN SCALES,1,2011-02-09 12:46:00,16.63,,United Kingdom
543530,22630,DOLLY GIRL LUNCH BOX,1,2011-02-09 12:46:00,4.13,,United Kingdom
543530,22662,LUNCH BAG DOLLY GIRL DESIGN,1,2011-02-09 12:46:00,4.13,,United Kingdom
543530,22697,GREEN REGENCY TEACUP AND SAUCER,7,2011-02-09 12:46:00,5.79,,United Kingdom
543530,22698,PINK REGENCY TEACUP AND SAUCER,5,2011-02-09 12:46:00,5.79,,United Kingdom
543530,22699,ROSES REGENCY TEACUP AND SAUCER ,2,2011-02-09 12:46:00,5.79,,United Kingdom
543530,22717,CARD DOG AND BALL ,1,2011-02-09 12:46:00,0.83,,United Kingdom
543530,22722,SET OF 6 SPICE TINS PANTRY DESIGN,5,2011-02-09 12:46:00,8.29,,United Kingdom
543530,22757,LARGE RED BABUSHKA NOTEBOOK ,1,2011-02-09 12:46:00,2.46,,United Kingdom
543530,22777,GLASS CLOCHE LARGE,1,2011-02-09 12:46:00,16.63,,United Kingdom
543530,22784,LANTERN CREAM GAZEBO ,2,2011-02-09 12:46:00,10.79,,United Kingdom
543530,22808,SET OF 6 T-LIGHTS EASTER CHICKS,1,2011-02-09 12:46:00,5.79,,United Kingdom
543530,22839,3 TIER CAKE TIN GREEN AND CREAM,2,2011-02-09 12:46:00,29.17,,United Kingdom
543530,22870,NUMBER TILE COTTAGE GARDEN 2,1,2011-02-09 12:46:00,4.13,,United Kingdom
543530,22872,NUMBER TILE COTTAGE GARDEN 4,1,2011-02-09 12:46:00,4.13,,United Kingdom
543530,22913,RED COAT RACK PARIS FASHION,1,2011-02-09 12:46:00,10.79,,United Kingdom
543530,22930,BAKING MOULD HEART MILK CHOCOLATE,1,2011-02-09 12:46:00,4.96,,United Kingdom
543530,22952,60 CAKE CASES VINTAGE CHRISTMAS,1,2011-02-09 12:46:00,1.25,,United Kingdom
543530,22961,JAM MAKING SET PRINTED,1,2011-02-09 12:46:00,3.29,,United Kingdom
543530,22968,ROSE COTTAGE KEEPSAKE BOX ,1,2011-02-09 12:46:00,19.96,,United Kingdom
543530,22972,CHILDREN'S SPACEBOY MUG,1,2011-02-09 12:46:00,3.29,,United Kingdom
543530,22974,CHILDRENS DOLLY GIRL MUG,1,2011-02-09 12:46:00,3.29,,United Kingdom
543530,35921,EASTER BUNNY HANGING GARLAND,1,2011-02-09 12:46:00,4.96,,United Kingdom
543530,47367B,PAIR PADDED HANGERS PINK CHECK,1,2011-02-09 12:46:00,3.29,,United Kingdom
543530,47599A,PINK PARTY BAGS,1,2011-02-09 12:46:00,4.13,,United Kingdom
543530,72760B,VINTAGE CREAM 3 BASKET CAKE STAND,2,2011-02-09 12:46:00,20.79,,United Kingdom
543530,72799E,IVORY PILLAR CANDLE SILVER FLOCK,1,2011-02-09 12:46:00,3.29,,United Kingdom
543530,72799F,IVORY PILLAR CANDLE GOLD FLOCK,1,2011-02-09 12:46:00,3.29,,United Kingdom
543530,72807B,SET/3 OCEAN SCENT CANDLE JEWEL BOX,1,2011-02-09 12:46:00,8.29,,United Kingdom
543530,72812,LARGE ZINC GLASS CANDLEHOLDER,2,2011-02-09 12:46:00,4.13,,United Kingdom
543530,79403,FROSTED WHITE BASE ,1,2011-02-09 12:46:00,1.63,,United Kingdom
543530,84031B,CHARLIE LOLA BLUE HOT WATER BOTTLE ,1,2011-02-09 12:46:00,4.13,,United Kingdom
543530,84050,PINK HEART SHAPE EGG FRYING PAN,3,2011-02-09 12:46:00,4.13,,United Kingdom
543530,84231,EASTER BUNNY WITH BASKET ON BACK,2,2011-02-09 12:46:00,1.46,,United Kingdom
543530,84509E,SET OF 4 CAROUSEL PLACEMATS ,1,2011-02-09 12:46:00,7.46,,United Kingdom
543530,84510A,SET OF 4 ENGLISH ROSE COASTERS,1,2011-02-09 12:46:00,2.46,,United Kingdom
543530,84510E,SET OF 4 GREEN CAROUSEL COASTERS,1,2011-02-09 12:46:00,2.46,,United Kingdom
543530,84536B,FAIRY CAKES NOTEBOOK A7 SIZE,1,2011-02-09 12:46:00,0.83,,United Kingdom
543530,84563B,BLUE & WHITE BREAKFAST TRAY,4,2011-02-09 12:46:00,11.63,,United Kingdom
543530,84581,DOG TOY WITH PINK CROCHET SKIRT,1,2011-02-09 12:46:00,4.13,,United Kingdom
543530,84683,CLASSICAL ROSE CANDLESTAND,1,2011-02-09 12:46:00,2.46,,United Kingdom
543530,84832,ZINC WILLIE WINKIE  CANDLE STICK,1,2011-02-09 12:46:00,1.63,,United Kingdom
543530,84849B,FAIRY SOAP SOAP HOLDER,1,2011-02-09 12:46:00,3.29,,United Kingdom
543530,84946,ANTIQUE SILVER TEA GLASS ETCHED,4,2011-02-09 12:46:00,2.46,,United Kingdom
543530,84969,BOX OF 6 ASSORTED COLOUR TEASPOONS,2,2011-02-09 12:46:00,3.29,,United Kingdom
543530,84988,SET OF 72 PINK HEART PAPER DOILIES,1,2011-02-09 12:46:00,2.92,,United Kingdom
543530,85061W,WHITE JEWELLED HEART DECORATION,6,2011-02-09 12:46:00,1.63,,United Kingdom
543530,85099B,JUMBO BAG RED RETROSPOT,1,2011-02-09 12:46:00,4.13,,United Kingdom
543530,85099C,JUMBO  BAG BAROQUE BLACK WHITE,1,2011-02-09 12:46:00,4.13,,United Kingdom
543530,85131B,BEADED CRYSTAL HEART GREEN ON STICK,1,2011-02-09 12:46:00,0.83,,United Kingdom
543530,85152,HAND OVER THE CHOCOLATE   SIGN ,1,2011-02-09 12:46:00,4.13,,United Kingdom
543530,85184C,S/4 VALENTINE DECOUPAGE HEART BOX,1,2011-02-09 12:46:00,5.79,,United Kingdom
543530,85203,HANGING WOOD AND FELT BUTTERFLY ,6,2011-02-09 12:46:00,0.79,,United Kingdom
543530,90114,SUMMER DAISIES BAG CHARM,1,2011-02-09 12:46:00,2.46,,United Kingdom
543530,90115,SUMMER BUTTERFLIES BAG CHARM,2,2011-02-09 12:46:00,2.46,,United Kingdom
543530,90200A,PURPLE SWEETHEART BRACELET,1,2011-02-09 12:46:00,4.15,,United Kingdom
543530,90200C,BLUE SWEETHEART BRACELET,1,2011-02-09 12:46:00,4.15,,United Kingdom
543530,90200D,PINK SWEETHEART BRACELET,1,2011-02-09 12:46:00,4.15,,United Kingdom
543530,90214A,"LETTER ""A"" BLING KEY RING",1,2011-02-09 12:46:00,0.83,,United Kingdom
543530,90214D,"LETTER ""D"" BLING KEY RING",1,2011-02-09 12:46:00,0.83,,United Kingdom
543530,90214S,"LETTER ""S"" BLING KEY RING",2,2011-02-09 12:46:00,0.83,,United Kingdom
543530,DOT,DOTCOM POSTAGE,1,2011-02-09 12:46:00,213.15,,United Kingdom
543532,20712,JUMBO BAG WOODLAND ANIMALS,3,2011-02-09 12:59:00,4.13,,United Kingdom
543532,20713,JUMBO BAG OWLS,3,2011-02-09 12:59:00,4.13,,United Kingdom
543532,20725,LUNCH BAG RED RETROSPOT,2,2011-02-09 12:59:00,4.96,,United Kingdom
543532,20735,BLACK MINI TAPE MEASURE ,1,2011-02-09 12:59:00,1.63,,United Kingdom
543532,20748,KENSINGTON COFFEE SET,1,2011-02-09 12:59:00,24.96,,United Kingdom
543532,21033,JUMBO BAG CHARLIE AND LOLA TOYS,1,2011-02-09 12:59:00,5.38,,United Kingdom
543532,21035,SET/2 RED RETROSPOT TEA TOWELS ,1,2011-02-09 12:59:00,6.25,,United Kingdom
543532,21080,SET/20 RED RETROSPOT PAPER NAPKINS ,2,2011-02-09 12:59:00,2.46,,United Kingdom
543532,21086,SET/6 RED SPOTTY PAPER CUPS,1,2011-02-09 12:59:00,1.63,,United Kingdom
543532,21181,PLEASE ONE PERSON METAL SIGN,1,2011-02-09 12:59:00,4.13,,United Kingdom
543532,21210,SET OF 72 RETROSPOT PAPER  DOILIES,1,2011-02-09 12:59:00,3.75,,United Kingdom
543532,21216,"SET 3 RETROSPOT TEA,COFFEE,SUGAR",1,2011-02-09 12:59:00,10.79,,United Kingdom
543532,21218,RED SPOTTY BISCUIT TIN,1,2011-02-09 12:59:00,8.29,,United Kingdom
543532,21328,BALLOONS  WRITING SET ,1,2011-02-09 12:59:00,3.29,,United Kingdom
543532,21363,HOME SMALL WOOD LETTERS,1,2011-02-09 12:59:00,10.79,,United Kingdom
543532,21411,GINGHAM HEART  DOORSTOP RED,1,2011-02-09 12:59:00,8.29,,United Kingdom
543532,21843,RED RETROSPOT CAKE STAND,1,2011-02-09 12:59:00,20.79,,United Kingdom
543532,21931,JUMBO STORAGE BAG SUKI,7,2011-02-09 12:59:00,4.13,,United Kingdom
543532,22041,"RECORD FRAME 7"" SINGLE SIZE ",1,2011-02-09 12:59:00,4.96,,United Kingdom
543532,22167, OVAL WALL MIRROR DIAMANTE ,1,2011-02-09 12:59:00,19.96,,United Kingdom
543532,22173,METAL 4 HOOK HANGER FRENCH CHATEAU,1,2011-02-09 12:59:00,5.79,,United Kingdom
543532,22179,SET 10 LIGHTS NIGHT OWL,1,2011-02-09 12:59:00,13.29,,United Kingdom
543532,22195,LARGE HEART MEASURING SPOONS,1,2011-02-09 12:59:00,3.29,,United Kingdom
543532,22196,SMALL HEART MEASURING SPOONS,1,2011-02-09 12:59:00,1.63,,United Kingdom
543532,22197,SMALL POPCORN HOLDER,4,2011-02-09 12:59:00,1.63,,United Kingdom
543532,22278,OVERNIGHT BAG VINTAGE ROSE PAISLEY,1,2011-02-09 12:59:00,10.79,,United Kingdom
543532,22297,HEART IVORY TRELLIS SMALL,3,2011-02-09 12:59:00,2.46,,United Kingdom
543532,22309,TEA COSY RED  STRIPE,1,2011-02-09 12:59:00,4.96,,United Kingdom
543532,22318,FIVE HEART HANGING DECORATION,1,2011-02-09 12:59:00,5.79,,United Kingdom
543532,22358,KINGS CHOICE TEA CADDY ,1,2011-02-09 12:59:00,5.79,,United Kingdom
543532,22360,GLASS JAR ENGLISH CONFECTIONERY,1,2011-02-09 12:59:00,5.79,,United Kingdom
543532,22379,RECYCLING BAG RETROSPOT ,1,2011-02-09 12:59:00,4.96,,United Kingdom
543532,22381,TOY TIDY PINK POLKADOT,1,2011-02-09 12:59:00,4.96,,United Kingdom
543532,22386,JUMBO BAG PINK POLKADOT,3,2011-02-09 12:59:00,4.13,,United Kingdom
543532,22411,JUMBO SHOPPER VINTAGE RED PAISLEY,4,2011-02-09 12:59:00,4.13,,United Kingdom
543532,22456,NATURAL SLATE CHALKBOARD LARGE ,1,2011-02-09 12:59:00,9.96,,United Kingdom
543532,22467,GUMBALL COAT RACK,1,2011-02-09 12:59:00,4.96,,United Kingdom
543532,22468,BABUSHKA LIGHTS STRING OF 10,1,2011-02-09 12:59:00,13.29,,United Kingdom
543532,22502,PICNIC BASKET WICKER SMALL,1,2011-02-09 12:59:00,8.29,,United Kingdom
543532,22668,PINK BABY BUNTING,1,2011-02-09 12:59:00,5.79,,United Kingdom
543532,22697,GREEN REGENCY TEACUP AND SAUCER,7,2011-02-09 12:59:00,5.79,,United Kingdom
543532,22698,PINK REGENCY TEACUP AND SAUCER,1,2011-02-09 12:59:00,5.79,,United Kingdom
543532,22699,ROSES REGENCY TEACUP AND SAUCER ,1,2011-02-09 12:59:00,5.79,,United Kingdom
543532,22845,VINTAGE CREAM CAT FOOD CONTAINER,1,2011-02-09 12:59:00,12.46,,United Kingdom
543532,37340,MULTICOLOUR SPRING FLOWER MUG,1,2011-02-09 12:59:00,8.29,,United Kingdom
543532,47566b,TEA TIME PARTY BUNTING,2,2011-02-09 12:59:00,8.29,,United Kingdom
543532,47591d,PINK FAIRY CAKE CHILDRENS APRON,1,2011-02-09 12:59:00,4.96,,United Kingdom
543532,48116,DOORMAT MULTICOLOUR STRIPE,1,2011-02-09 12:59:00,14.13,,United Kingdom
543532,48185,DOORMAT FAIRY CAKE,1,2011-02-09 12:59:00,14.13,,United Kingdom
543532,72801d,4 SKY BLUE DINNER CANDLES,2,2011-02-09 12:59:00,2.46,,United Kingdom
543532,75049L,LARGE CIRCULAR MIRROR MOBILE,6,2011-02-09 12:59:00,2.46,,United Kingdom
543532,82001s,VINYL RECORD FRAME SILVER,1,2011-02-09 12:59:00,7.46,,United Kingdom
543532,82482,WOODEN PICTURE FRAME WHITE FINISH,1,2011-02-09 12:59:00,4.96,,United Kingdom
543532,82494l,WOODEN FRAME ANTIQUE WHITE ,13,2011-02-09 12:59:00,8.29,,United Kingdom
543532,82599,FANNY'S REST STOPMETAL SIGN,1,2011-02-09 12:59:00,4.13,,United Kingdom
543532,84347,ROTATING SILVER ANGELS T-LIGHT HLDR,1,2011-02-09 12:59:00,5.79,,United Kingdom
543532,84378,SET OF 3 HEART COOKIE CUTTERS,1,2011-02-09 12:59:00,3.29,,United Kingdom
543532,84509a,SET OF 4 ENGLISH ROSE PLACEMATS,1,2011-02-09 12:59:00,7.46,,United Kingdom
543532,84559a,3D SHEET OF DOG STICKERS,1,2011-02-09 12:59:00,1.66,,United Kingdom
543532,84970l,SINGLE HEART ZINC T-LIGHT HOLDER,2,2011-02-09 12:59:00,2.08,,United Kingdom
543532,84970s,HANGING HEART ZINC T-LIGHT HOLDER,3,2011-02-09 12:59:00,2.08,,United Kingdom
543532,84988,SET OF 72 PINK HEART PAPER DOILIES,1,2011-02-09 12:59:00,3.75,,United Kingdom
543532,85014b,RED RETROSPOT UMBRELLA,1,2011-02-09 12:59:00,12.46,,United Kingdom
543532,85099B,JUMBO BAG RED RETROSPOT,2,2011-02-09 12:59:00,4.13,,United Kingdom
543532,85099C,JUMBO  BAG BAROQUE BLACK WHITE,3,2011-02-09 12:59:00,4.13,,United Kingdom
543532,85114a,BLACK ENCHANTED FOREST PLACEMAT,3,2011-02-09 12:59:00,3.29,,United Kingdom
543532,85114c,RED ENCHANTED FOREST PLACEMAT,3,2011-02-09 12:59:00,3.29,,United Kingdom
543532,85150,LADIES & GENTLEMEN METAL SIGN,1,2011-02-09 12:59:00,4.96,,United Kingdom
543532,DOT,DOTCOM POSTAGE,1,2011-02-09 12:59:00,225.17,,United Kingdom
543533,15056bl,EDWARDIAN PARASOL BLACK,1,2011-02-09 13:00:00,12.46,,United Kingdom
543533,20712,JUMBO BAG WOODLAND ANIMALS,5,2011-02-09 13:00:00,4.13,,United Kingdom
543533,20713,JUMBO BAG OWLS,2,2011-02-09 13:00:00,4.13,,United Kingdom
543533,20725,LUNCH BAG RED RETROSPOT,2,2011-02-09 13:00:00,4.96,,United Kingdom
543533,21086,SET/6 RED SPOTTY PAPER CUPS,3,2011-02-09 13:00:00,1.63,,United Kingdom
543533,21121,SET/10 RED POLKADOT PARTY CANDLES,1,2011-02-09 13:00:00,2.46,,United Kingdom
543533,21172,PARTY METAL SIGN ,1,2011-02-09 13:00:00,4.13,,United Kingdom
543533,21181,PLEASE ONE PERSON METAL SIGN,2,2011-02-09 13:00:00,4.13,,United Kingdom
543533,21216,"SET 3 RETROSPOT TEA,COFFEE,SUGAR",1,2011-02-09 13:00:00,10.79,,United Kingdom
543533,21217,RED RETROSPOT ROUND CAKE TINS,1,2011-02-09 13:00:00,20.79,,United Kingdom
543533,21557,SET OF 6 FUNKY BEAKERS,1,2011-02-09 13:00:00,5.63,,United Kingdom
543533,21558,SKULL LUNCH BOX WITH CUTLERY ,1,2011-02-09 13:00:00,4.96,,United Kingdom
543533,21559,STRAWBERRY LUNCH BOX WITH CUTLERY,1,2011-02-09 13:00:00,4.96,,United Kingdom
543533,21700,BIG DOUGHNUT FRIDGE MAGNETS,2,2011-02-09 13:00:00,8.29,,United Kingdom
543533,21871,SAVE THE PLANET MUG,1,2011-02-09 13:00:00,3.29,,United Kingdom
543533,21928,JUMBO BAG SCANDINAVIAN PAISLEY,8,2011-02-09 13:00:00,4.13,,United Kingdom
543533,21931,JUMBO STORAGE BAG SUKI,12,2011-02-09 13:00:00,4.13,,United Kingdom
543533,21947,SET OF 6 HEART CHOPSTICKS,1,2011-02-09 13:00:00,2.46,,United Kingdom
543533,21988,PACK OF 6 SKULL PAPER PLATES,3,2011-02-09 13:00:00,1.63,,United Kingdom
543533,22041,"RECORD FRAME 7"" SINGLE SIZE ",2,2011-02-09 13:00:00,4.96,,United Kingdom
543533,22136,LOVE HEART SOCK HANGER,2,2011-02-09 13:00:00,3.29,,United Kingdom
543533,22144,CHRISTMAS CRAFT LITTLE FRIENDS,2,2011-02-09 13:00:00,4.13,,United Kingdom
543533,22167, OVAL WALL MIRROR DIAMANTE ,2,2011-02-09 13:00:00,19.96,,United Kingdom
543533,22193,RED DINER WALL CLOCK,1,2011-02-09 13:00:00,16.63,,United Kingdom
543533,22195,LARGE HEART MEASURING SPOONS,1,2011-02-09 13:00:00,3.29,,United Kingdom
543533,22196,SMALL HEART MEASURING SPOONS,2,2011-02-09 13:00:00,1.63,,United Kingdom
543533,22197,SMALL POPCORN HOLDER,6,2011-02-09 13:00:00,1.63,,United Kingdom
543533,22212,FOUR HOOK  WHITE LOVEBIRDS,1,2011-02-09 13:00:00,4.13,,United Kingdom
543533,22219,LOVEBIRD HANGING DECORATION WHITE ,3,2011-02-09 13:00:00,1.63,,United Kingdom
543533,22294,HEART FILIGREE DOVE  SMALL,1,2011-02-09 13:00:00,2.46,,United Kingdom
543533,22297,HEART IVORY TRELLIS SMALL,1,2011-02-09 13:00:00,2.46,,United Kingdom
543533,22361,GLASS JAR DAISY FRESH COTTON WOOL,1,2011-02-09 13:00:00,5.79,,United Kingdom
543533,22364,GLASS JAR DIGESTIVE BISCUITS,1,2011-02-09 13:00:00,5.79,,United Kingdom
543533,22371,AIRLINE BAG VINTAGE TOKYO 78,1,2011-02-09 13:00:00,8.29,,United Kingdom
543533,22379,RECYCLING BAG RETROSPOT ,4,2011-02-09 13:00:00,4.96,,United Kingdom
543533,22411,JUMBO SHOPPER VINTAGE RED PAISLEY,11,2011-02-09 13:00:00,4.13,,United Kingdom
543533,22502,PICNIC BASKET WICKER SMALL,3,2011-02-09 13:00:00,8.29,,United Kingdom
543533,22524,CHILDRENS GARDEN GLOVES BLUE,10,2011-02-09 13:00:00,3.29,,United Kingdom
543533,22659,LUNCH BOX I LOVE LONDON,1,2011-02-09 13:00:00,2.46,,United Kingdom
543533,22668,PINK BABY BUNTING,1,2011-02-09 13:00:00,5.79,,United Kingdom
543533,22669,RED BABY BUNTING ,1,2011-02-09 13:00:00,5.79,,United Kingdom
543533,22697,GREEN REGENCY TEACUP AND SAUCER,2,2011-02-09 13:00:00,5.79,,United Kingdom
543533,22698,PINK REGENCY TEACUP AND SAUCER,2,2011-02-09 13:00:00,5.79,,United Kingdom
543533,22699,ROSES REGENCY TEACUP AND SAUCER ,1,2011-02-09 13:00:00,5.79,,United Kingdom
543533,22795,SWEETHEART RECIPE BOOK STAND,1,2011-02-09 13:00:00,13.29,,United Kingdom
543533,22900, SET 2 TEA TOWELS I LOVE LONDON ,1,2011-02-09 13:00:00,4.13,,United Kingdom
543533,22961,JAM MAKING SET PRINTED,2,2011-02-09 13:00:00,3.29,,United Kingdom
543533,22966,GINGERBREAD MAN COOKIE CUTTER,1,2011-02-09 13:00:00,2.46,,United Kingdom
543533,47566b,TEA TIME PARTY BUNTING,2,2011-02-09 13:00:00,8.29,,United Kingdom
543533,48185,DOORMAT FAIRY CAKE,3,2011-02-09 13:00:00,14.13,,United Kingdom
543533,72801c,4 ROSE PINK DINNER CANDLES,2,2011-02-09 13:00:00,2.46,,United Kingdom
543533,72801d,4 SKY BLUE DINNER CANDLES,2,2011-02-09 13:00:00,2.46,,United Kingdom
543533,82482,WOODEN PICTURE FRAME WHITE FINISH,2,2011-02-09 13:00:00,4.96,,United Kingdom
543533,82494l,WOODEN FRAME ANTIQUE WHITE ,2,2011-02-09 13:00:00,8.29,,United Kingdom
543533,84347,ROTATING SILVER ANGELS T-LIGHT HLDR,2,2011-02-09 13:00:00,5.79,,United Kingdom
543533,84378,SET OF 3 HEART COOKIE CUTTERS,2,2011-02-09 13:00:00,3.29,,United Kingdom
543533,84509a,SET OF 4 ENGLISH ROSE PLACEMATS,1,2011-02-09 13:00:00,7.46,,United Kingdom
543533,84519B,CARROT CHARLIE+LOLA COASTER SET,1,2011-02-09 13:00:00,5.79,,United Kingdom
543533,84970l,SINGLE HEART ZINC T-LIGHT HOLDER,1,2011-02-09 13:00:00,2.08,,United Kingdom
543533,84970s,HANGING HEART ZINC T-LIGHT HOLDER,1,2011-02-09 13:00:00,2.08,,United Kingdom
543533,85040a,S/4 PINK FLOWER CANDLES IN BOWL,1,2011-02-09 13:00:00,3.29,,United Kingdom
543533,85099B,JUMBO BAG RED RETROSPOT,5,2011-02-09 13:00:00,4.13,,United Kingdom
543533,85099C,JUMBO  BAG BAROQUE BLACK WHITE,7,2011-02-09 13:00:00,4.13,,United Kingdom
543533,85114c,RED ENCHANTED FOREST PLACEMAT,2,2011-02-09 13:00:00,3.29,,United Kingdom
543533,85150,LADIES & GENTLEMEN METAL SIGN,1,2011-02-09 13:00:00,4.96,,United Kingdom
543533,DOT,DOTCOM POSTAGE,1,2011-02-09 13:00:00,254.08,,United Kingdom
543534,82494L,WOODEN FRAME ANTIQUE WHITE ,24,2011-02-09 13:25:00,2.55,13590.0,United Kingdom
543534,82482,WOODEN PICTURE FRAME WHITE FINISH,36,2011-02-09 13:25:00,2.1,13590.0,United Kingdom
543534,22151,PLACE SETTING WHITE HEART,48,2011-02-09 13:25:00,0.42,13590.0,United Kingdom
543534,21212,PACK OF 72 RETROSPOT CAKE CASES,24,2011-02-09 13:25:00,0.55,13590.0,United Kingdom
543534,21975,PACK OF 60 DINOSAUR CAKE CASES,24,2011-02-09 13:25:00,0.55,13590.0,United Kingdom
543534,21977,PACK OF 60 PINK PAISLEY CAKE CASES,24,2011-02-09 13:25:00,0.55,13590.0,United Kingdom
543534,85099B,JUMBO BAG RED RETROSPOT,10,2011-02-09 13:25:00,1.95,13590.0,United Kingdom
543534,85099C,JUMBO  BAG BAROQUE BLACK WHITE,10,2011-02-09 13:25:00,1.95,13590.0,United Kingdom
543534,21976,PACK OF 60 MUSHROOM CAKE CASES,24,2011-02-09 13:25:00,0.55,13590.0,United Kingdom
543534,21914,BLUE HARMONICA IN BOX ,12,2011-02-09 13:25:00,1.25,13590.0,United Kingdom
543534,21915,RED  HARMONICA IN BOX ,12,2011-02-09 13:25:00,1.25,13590.0,United Kingdom
543534,22276,WASH BAG VINTAGE ROSE PAISLEY,6,2011-02-09 13:25:00,2.55,13590.0,United Kingdom
543534,84836,ZINC METAL HEART DECORATION,12,2011-02-09 13:25:00,1.25,13590.0,United Kingdom
543535,22927,GREEN GIANT GARDEN THERMOMETER,1,2011-02-09 13:37:00,5.95,17537.0,United Kingdom
543535,82551,LAUNDRY 15C METAL SIGN,1,2011-02-09 13:37:00,1.45,17537.0,United Kingdom
543535,90202B,WHITE ENAMEL FLOWER HAIR TIE,1,2011-02-09 13:37:00,2.95,17537.0,United Kingdom
543535,90202C,GREEN ENAMEL FLOWER HAIR TIE,1,2011-02-09 13:37:00,2.95,17537.0,United Kingdom
543535,82582,AREA PATROLLED METAL SIGN,1,2011-02-09 13:37:00,2.1,17537.0,United Kingdom
543535,22863,SOAP DISH BROCANTE,1,2011-02-09 13:37:00,2.95,17537.0,United Kingdom
543535,85214,TUB 24 PINK FLOWER PEGS,1,2011-02-09 13:37:00,1.65,17537.0,United Kingdom
543535,22968,ROSE COTTAGE KEEPSAKE BOX ,1,2011-02-09 13:37:00,9.95,17537.0,United Kingdom
543535,22476,EMPIRE UNION JACK TV DINNER TRAY,1,2011-02-09 13:37:00,4.95,17537.0,United Kingdom
543535,90174,BUTTERFLY HAIR BAND,1,2011-02-09 13:37:00,2.55,17537.0,United Kingdom
543535,21124,SET/10 BLUE POLKADOT PARTY CANDLES,2,2011-02-09 13:37:00,1.25,17537.0,United Kingdom
543535,22113,GREY HEART HOT WATER BOTTLE,1,2011-02-09 13:37:00,3.75,17537.0,United Kingdom
543535,18007,ESSENTIAL BALM 3.5g TIN IN ENVELOPE,1,2011-02-09 13:37:00,0.18,17537.0,United Kingdom
543535,21126,SET OF 6 GIRLS CELEBRATION CANDLES,1,2011-02-09 13:37:00,1.25,17537.0,United Kingdom
543535,84596F,SMALL MARSHMALLOWS PINK BOWL,1,2011-02-09 13:37:00,1.25,17537.0,United Kingdom
543535,84596G,SMALL CHOCOLATES PINK BOWL,1,2011-02-09 13:37:00,1.25,17537.0,United Kingdom
543535,22968,ROSE COTTAGE KEEPSAKE BOX ,1,2011-02-09 13:37:00,9.95,17537.0,United Kingdom
543535,22926,IVORY GIANT GARDEN THERMOMETER,2,2011-02-09 13:37:00,5.95,17537.0,United Kingdom
543535,16008,SMALL FOLDING SCISSOR(POINTED EDGE),20,2011-02-09 13:37:00,0.25,17537.0,United Kingdom
543535,22064,PINK DOUGHNUT TRINKET POT ,1,2011-02-09 13:37:00,1.65,17537.0,United Kingdom
543535,51020A,SUMMER FUN DESIGN SHOWER CAP,12,2011-02-09 13:37:00,1.25,17537.0,United Kingdom
543535,22741,FUNKY DIVA PEN,48,2011-02-09 13:37:00,0.85,17537.0,United Kingdom
543535,22969,HOMEMADE JAM SCENTED CANDLES,24,2011-02-09 13:37:00,1.45,17537.0,United Kingdom
543535,21459,YELLOW EASTER EGG HUNT START POST,4,2011-02-09 13:37:00,1.95,17537.0,United Kingdom
543535,37448,CERAMIC CAKE DESIGN SPOTTED MUG,12,2011-02-09 13:37:00,1.49,17537.0,United Kingdom
543535,84380,SET OF 3 BUTTERFLY COOKIE CUTTERS,12,2011-02-09 13:37:00,1.25,17537.0,United Kingdom
543535,22759,SET OF 3 NOTEBOOKS IN PARCEL,24,2011-02-09 13:37:00,1.65,17537.0,United Kingdom
543535,20751,FUNKY WASHING UP GLOVES ASSORTED,12,2011-02-09 13:37:00,2.1,17537.0,United Kingdom
543535,37447,CERAMIC CAKE DESIGN SPOTTED PLATE,16,2011-02-09 13:37:00,1.49,17537.0,United Kingdom
543535,22665,RECIPE BOX BLUE SKETCHBOOK DESIGN,6,2011-02-09 13:37:00,2.95,17537.0,United Kingdom
543535,22667,RECIPE BOX RETROSPOT ,6,2011-02-09 13:37:00,2.95,17537.0,United Kingdom
543535,84535B,FAIRY CAKES NOTEBOOK A6 SIZE,12,2011-02-09 13:37:00,0.65,17537.0,United Kingdom
543535,21108,FAIRY CAKE FLANNEL ASSORTED COLOUR,12,2011-02-09 13:37:00,2.55,17537.0,United Kingdom
543535,22895,SET OF 2 TEA TOWELS APPLE AND PEARS,12,2011-02-09 13:37:00,2.95,17537.0,United Kingdom
543535,84659A,WHITE TRAVEL ALARM CLOCK,12,2011-02-09 13:37:00,2.55,17537.0,United Kingdom
543535,22469,HEART OF WICKER SMALL,12,2011-02-09 13:37:00,1.65,17537.0,United Kingdom
543535,85062,PEARL CRYSTAL PUMPKIN T-LIGHT HLDR,12,2011-02-09 13:37:00,1.65,17537.0,United Kingdom
543535,84755,COLOUR GLASS T-LIGHT HOLDER HANGING,12,2011-02-09 13:37:00,0.65,17537.0,United Kingdom
543535,21713,CITRONELLA CANDLE FLOWERPOT,8,2011-02-09 13:37:00,2.1,17537.0,United Kingdom
543535,72741,GRAND CHOCOLATECANDLE,9,2011-02-09 13:37:00,1.45,17537.0,United Kingdom
543535,85040B,SET/4 BLUE FLOWER CANDLES IN BOWL,4,2011-02-09 13:37:00,1.65,17537.0,United Kingdom
543535,85039B,S/4 IVORY MINI ROSE CANDLE IN BOWL,4,2011-02-09 13:37:00,1.65,17537.0,United Kingdom
543535,85040A,S/4 PINK FLOWER CANDLES IN BOWL,4,2011-02-09 13:37:00,1.65,17537.0,United Kingdom
543535,84536B,FAIRY CAKES NOTEBOOK A7 SIZE,20,2011-02-09 13:37:00,0.42,17537.0,United Kingdom
543535,90200B,BLACK SWEETHEART BRACELET,1,2011-02-09 13:37:00,4.25,17537.0,United Kingdom
543535,90039C,FIRE POLISHED GLASS BRACELET BLACK,1,2011-02-09 13:37:00,3.75,17537.0,United Kingdom
543535,90161D,ANT COPPER PINK BOUDICCA BRACELET,1,2011-02-09 13:37:00,4.95,17537.0,United Kingdom
543535,90161A,ANT COPPER RED BOUDICCA BRACELET,1,2011-02-09 13:37:00,4.95,17537.0,United Kingdom
543535,90161C,ANT COPPER LIME BOUDICCA BRACELET,1,2011-02-09 13:37:00,4.95,17537.0,United Kingdom
543535,90161B,ANT COPPER TURQ BOUDICCA BRACELET,1,2011-02-09 13:37:00,4.95,17537.0,United Kingdom
543535,90198A,VINTAGE ROSE BEAD BRACELET RASPBERR,1,2011-02-09 13:37:00,4.25,17537.0,United Kingdom
543535,90200D,PINK SWEETHEART BRACELET,1,2011-02-09 13:37:00,4.25,17537.0,United Kingdom
543535,90200C,BLUE SWEETHEART BRACELET,2,2011-02-09 13:37:00,4.25,17537.0,United Kingdom
543535,90200A,PURPLE SWEETHEART BRACELET,2,2011-02-09 13:37:00,4.25,17537.0,United Kingdom
543535,90120C,GREEN MURANO TWIST BRACELET,1,2011-02-09 13:37:00,4.25,17537.0,United Kingdom
543535,90120B,BLUE MURANO TWIST BRACELET,1,2011-02-09 13:37:00,4.25,17537.0,United Kingdom
543535,90122C,TURQUOISE CRYSTAL+GLASS BRACELET,1,2011-02-09 13:37:00,4.95,17537.0,United Kingdom
543535,90122B,JADE CRYSTAL+GLASS BRACELET,1,2011-02-09 13:37:00,4.95,17537.0,United Kingdom
543535,90122A,PINK CRYSTAL+GLASS BRACELET,1,2011-02-09 13:37:00,4.95,17537.0,United Kingdom
543535,90120D,WHITE MURANO TWIST BRACELET,1,2011-02-09 13:37:00,4.25,17537.0,United Kingdom
543535,90198B,VINTAGE ROSE BEAD BRACELET BLACK,2,2011-02-09 13:37:00,4.25,17537.0,United Kingdom
543536,85099C,JUMBO  BAG BAROQUE BLACK WHITE,5,2011-02-09 13:41:00,1.95,,United Kingdom
543536,22386,JUMBO BAG PINK POLKADOT,5,2011-02-09 13:41:00,1.95,,United Kingdom
543536,85099B,JUMBO BAG RED RETROSPOT,5,2011-02-09 13:41:00,1.95,,United Kingdom
543536,22411,JUMBO SHOPPER VINTAGE RED PAISLEY,5,2011-02-09 13:41:00,1.95,,United Kingdom
543536,21174,POTTERING IN THE SHED METAL SIGN,1,2011-02-09 13:41:00,2.08,,United Kingdom
543536,22493,PAINT YOUR OWN CANVAS SET,1,2011-02-09 13:41:00,1.65,,United Kingdom
543536,79063D,"RETRO PILL BOX , REVOLUTIONARY",1,2011-02-09 13:41:00,0.42,,United Kingdom
543536,84993B,75 BLACK PETIT FOUR CASES,1,2011-02-09 13:41:00,0.42,,United Kingdom
543536,84992,72 SWEETHEART FAIRY CAKE CASES,1,2011-02-09 13:41:00,0.55,,United Kingdom
543536,21212,PACK OF 72 RETROSPOT CAKE CASES,4,2011-02-09 13:41:00,0.55,,United Kingdom
543536,21034,REX CASH+CARRY JUMBO SHOPPER,2,2011-02-09 13:41:00,0.95,,United Kingdom
543537,15056BL,EDWARDIAN PARASOL BLACK,3,2011-02-09 13:50:00,5.95,12401.0,Belgium
543537,22423,REGENCY CAKESTAND 3 TIER,2,2011-02-09 13:50:00,12.75,12401.0,Belgium
543537,21843,RED RETROSPOT CAKE STAND,1,2011-02-09 13:50:00,10.95,12401.0,Belgium
543537,84279B,CHERRY BLOSSOM DECORATIVE FLASK,4,2011-02-09 13:50:00,3.75,12401.0,Belgium
543537,POST,POSTAGE,1,2011-02-09 13:50:00,15.0,12401.0,Belgium
543538,22723,SET OF 6 HERB TINS SKETCHBOOK,4,2011-02-09 13:57:00,3.95,16143.0,United Kingdom
543538,21238,RED RETROSPOT CUP,8,2011-02-09 13:57:00,0.85,16143.0,United Kingdom
543538,21239,PINK  POLKADOT CUP,8,2011-02-09 13:57:00,0.85,16143.0,United Kingdom
543538,21240,BLUE POLKADOT CUP,8,2011-02-09 13:57:00,0.85,16143.0,United Kingdom
543538,84509A,SET OF 4 ENGLISH ROSE PLACEMATS,4,2011-02-09 13:57:00,3.75,16143.0,United Kingdom
543538,47570B,TEA TIME TABLE CLOTH,2,2011-02-09 13:57:00,10.65,16143.0,United Kingdom
543538,47567B,TEA TIME KITCHEN APRON,6,2011-02-09 13:57:00,5.95,16143.0,United Kingdom
543538,20728,LUNCH BAG CARS BLUE,10,2011-02-09 13:57:00,1.65,16143.0,United Kingdom
543538,22383,LUNCH BAG SUKI  DESIGN ,10,2011-02-09 13:57:00,1.65,16143.0,United Kingdom
543538,47559B,TEA TIME OVEN GLOVE,10,2011-02-09 13:57:00,1.25,16143.0,United Kingdom
543538,22720,SET OF 3 CAKE TINS PANTRY DESIGN ,3,2011-02-09 13:57:00,4.95,16143.0,United Kingdom
543538,22667,RECIPE BOX RETROSPOT ,6,2011-02-09 13:57:00,2.95,16143.0,United Kingdom
543538,22666,RECIPE BOX PANTRY YELLOW DESIGN,6,2011-02-09 13:57:00,2.95,16143.0,United Kingdom
543538,22795,SWEETHEART RECIPE BOOK STAND,2,2011-02-09 13:57:00,6.75,16143.0,United Kingdom
543538,22470,HEART OF WICKER LARGE,6,2011-02-09 13:57:00,2.95,16143.0,United Kingdom
543538,47566,PARTY BUNTING,4,2011-02-09 13:57:00,4.95,16143.0,United Kingdom
543538,47566B,TEA TIME PARTY BUNTING,4,2011-02-09 13:57:00,4.95,16143.0,United Kingdom
543538,84510A,SET OF 4 ENGLISH ROSE COASTERS,10,2011-02-09 13:57:00,1.25,16143.0,United Kingdom
543538,22896,PEG BAG APPLES DESIGN,6,2011-02-09 13:57:00,2.55,16143.0,United Kingdom
543538,22487,WHITE WOOD GARDEN PLANT LADDER,1,2011-02-09 13:57:00,9.95,16143.0,United Kingdom
543538,84763,ZINC FINISH 15CM PLANTER POTS,12,2011-02-09 13:57:00,1.25,16143.0,United Kingdom
543538,21428,SET3 BOOK BOX GREEN GINGHAM FLOWER ,4,2011-02-09 13:57:00,4.25,16143.0,United Kingdom
543538,22457,NATURAL SLATE HEART CHALKBOARD ,6,2011-02-09 13:57:00,2.95,16143.0,United Kingdom
543538,22296,HEART IVORY TRELLIS LARGE,12,2011-02-09 13:57:00,1.65,16143.0,United Kingdom
543538,22935,BAKING MOULD ROSE MILK CHOCOLATE,6,2011-02-09 13:57:00,3.25,16143.0,United Kingdom
543539,22426,ENAMEL WASH BOWL CREAM,32,2011-02-09 14:18:00,2.95,17757.0,United Kingdom
543539,21155,RED RETROSPOT PEG BAG,2,2011-02-09 14:18:00,2.55,17757.0,United Kingdom
543539,22666,RECIPE BOX PANTRY YELLOW DESIGN,1,2011-02-09 14:18:00,2.95,17757.0,United Kingdom
543539,22193,RED DINER WALL CLOCK,1,2011-02-09 14:18:00,8.5,17757.0,United Kingdom
543539,22667,RECIPE BOX RETROSPOT ,3,2011-02-09 14:18:00,2.95,17757.0,United Kingdom
543539,84006,MAGIC TREE -PAPER FLOWERS,3,2011-02-09 14:18:00,0.85,17757.0,United Kingdom
543539,22682,FRENCH BLUE METAL DOOR SIGN 7,1,2011-02-09 14:18:00,1.25,17757.0,United Kingdom
543539,22328,ROUND SNACK BOXES SET OF 4 FRUITS ,3,2011-02-09 14:18:00,2.95,17757.0,United Kingdom
543539,22329,ROUND CONTAINER SET OF 5 RETROSPOT,3,2011-02-09 14:18:00,1.65,17757.0,United Kingdom
543539,22966,GINGERBREAD MAN COOKIE CUTTER,2,2011-02-09 14:18:00,1.25,17757.0,United Kingdom
543539,22197,SMALL POPCORN HOLDER,10,2011-02-09 14:18:00,0.85,17757.0,United Kingdom
543540,22382,LUNCH BAG SPACEBOY DESIGN ,10,2011-02-09 14:44:00,1.65,17412.0,United Kingdom
543540,20725,LUNCH BAG RED RETROSPOT,10,2011-02-09 14:44:00,1.65,17412.0,United Kingdom
543540,22662,LUNCH BAG DOLLY GIRL DESIGN,10,2011-02-09 14:44:00,1.65,17412.0,United Kingdom
543540,22384,LUNCH BAG PINK POLKADOT,10,2011-02-09 14:44:00,1.65,17412.0,United Kingdom
543540,22507,MEMO BOARD RETROSPOT  DESIGN,4,2011-02-09 14:44:00,4.95,17412.0,United Kingdom
543540,22616,PACK OF 12 LONDON TISSUES ,24,2011-02-09 14:44:00,0.29,17412.0,United Kingdom
543540,22659,LUNCH BOX I LOVE LONDON,12,2011-02-09 14:44:00,1.95,17412.0,United Kingdom
543540,22902,TOTE BAG I LOVE LONDON,12,2011-02-09 14:44:00,2.1,17412.0,United Kingdom
543541,20961,STRAWBERRY BATH SPONGE ,10,2011-02-09 14:44:00,1.25,12462.0,Spain
543541,21317,GLASS SPHERE CANDLE STAND MEDIUM,2,2011-02-09 14:44:00,5.45,12462.0,Spain
543541,85127,SMALL SQUARE CUT GLASS CANDLESTICK,3,2011-02-09 14:44:00,4.95,12462.0,Spain
543541,21324,HANGING MEDINA LANTERN SMALL,6,2011-02-09 14:44:00,2.95,12462.0,Spain
543541,22784,LANTERN CREAM GAZEBO ,3,2011-02-09 14:44:00,4.95,12462.0,Spain
543541,71053,WHITE METAL LANTERN,4,2011-02-09 14:44:00,3.75,12462.0,Spain
543541,21730,GLASS STAR FROSTED T-LIGHT HOLDER,3,2011-02-09 14:44:00,4.95,12462.0,Spain
543541,22178,VICTORIAN GLASS HANGING T-LIGHT,12,2011-02-09 14:44:00,1.25,12462.0,Spain
543541,85123A,WHITE HANGING HEART T-LIGHT HOLDER,6,2011-02-09 14:44:00,2.95,12462.0,Spain
543541,21313,GLASS HEART T-LIGHT HOLDER ,12,2011-02-09 14:44:00,0.85,12462.0,Spain
543541,22105,MIRROR MOSAIC GOBLET CANDLE HOLDER,4,2011-02-09 14:44:00,4.25,12462.0,Spain
543541,22103,MIRROR MOSAIC T-LIGHT HOLDER ROUND,6,2011-02-09 14:44:00,1.65,12462.0,Spain
543541,22791,T-LIGHT GLASS FLUTED ANTIQUE,12,2011-02-09 14:44:00,1.25,12462.0,Spain
543541,84945,MULTI COLOUR SILVER T-LIGHT HOLDER,12,2011-02-09 14:44:00,0.85,12462.0,Spain
543541,84946,ANTIQUE SILVER TEA GLASS ETCHED,12,2011-02-09 14:44:00,1.25,12462.0,Spain
543541,48138,DOORMAT UNION FLAG,2,2011-02-09 14:44:00,7.95,12462.0,Spain
543541,48111,DOORMAT 3 SMILEY CATS,2,2011-02-09 14:44:00,7.95,12462.0,Spain
543541,22508,DOORSTOP RETROSPOT HEART,4,2011-02-09 14:44:00,3.75,12462.0,Spain
543541,21114,LAVENDER SCENTED FABRIC HEART,10,2011-02-09 14:44:00,1.25,12462.0,Spain
543541,22061,LARGE CAKE STAND  HANGING STRAWBERY,2,2011-02-09 14:44:00,9.95,12462.0,Spain
543541,22890,NOVELTY BISCUITS CAKE STAND 3 TIER,2,2011-02-09 14:44:00,9.95,12462.0,Spain
543541,22423,REGENCY CAKESTAND 3 TIER,1,2011-02-09 14:44:00,12.75,12462.0,Spain
543541,37449,CERAMIC CAKE STAND + HANGING CAKES,2,2011-02-09 14:44:00,9.95,12462.0,Spain
543541,37446,MINI CAKE STAND WITH HANGING CAKES,8,2011-02-09 14:44:00,1.45,12462.0,Spain
543541,21231,SWEETHEART CERAMIC TRINKET BOX,12,2011-02-09 14:44:00,1.25,12462.0,Spain
543541,21232,STRAWBERRY CERAMIC TRINKET BOX,12,2011-02-09 14:44:00,1.25,12462.0,Spain
543541,22063,CERAMIC BOWL WITH STRAWBERRY DESIGN,6,2011-02-09 14:44:00,2.95,12462.0,Spain
543541,37450,CERAMIC CAKE BOWL + HANGING CAKES,6,2011-02-09 14:44:00,2.95,12462.0,Spain
543541,22057,CERAMIC PLATE STRAWBERRY DESIGN,12,2011-02-09 14:44:00,1.49,12462.0,Spain
543541,37447,CERAMIC CAKE DESIGN SPOTTED PLATE,12,2011-02-09 14:44:00,1.49,12462.0,Spain
543541,21078,SET/20 STRAWBERRY PAPER NAPKINS ,12,2011-02-09 14:44:00,0.85,12462.0,Spain
543541,22180,RETROSPOT LAMP,2,2011-02-09 14:44:00,9.95,12462.0,Spain
543541,84212,"ASSORTED FLOWER COLOUR ""LEIS""",24,2011-02-09 14:44:00,0.65,12462.0,Spain
543541,21927,BLUE/CREAM STRIPE CUSHION COVER ,12,2011-02-09 14:44:00,1.25,12462.0,Spain
543541,22645,CERAMIC HEART FAIRY CAKE MONEY BANK,12,2011-02-09 14:44:00,1.45,12462.0,Spain
543541,21472,LADYBIRD + BEE RAFFIA FOOD COVER,6,2011-02-09 14:44:00,3.75,12462.0,Spain
543541,47559B,TEA TIME OVEN GLOVE,10,2011-02-09 14:44:00,1.25,12462.0,Spain
543541,21217,RED RETROSPOT ROUND CAKE TINS,1,2011-02-09 14:44:00,9.95,12462.0,Spain
543541,20749,ASSORTED COLOUR MINI CASES,2,2011-02-09 14:44:00,7.95,12462.0,Spain
543541,POST,POSTAGE,6,2011-02-09 14:44:00,28.0,12462.0,Spain
543542,22722,SET OF 6 SPICE TINS PANTRY DESIGN,16,2011-02-09 15:25:00,3.95,16607.0,United Kingdom
543542,23231,WRAP DOILEY DESIGN,25,2011-02-09 15:25:00,0.42,16607.0,United Kingdom
543542,23233,WRAP POPPIES  DESIGN,25,2011-02-09 15:25:00,0.42,16607.0,United Kingdom
543542,22964,3 PIECE SPACEBOY COOKIE CUTTER SET,6,2011-02-09 15:25:00,2.1,16607.0,United Kingdom
543542,22046,TEA PARTY  WRAPPING PAPER ,25,2011-02-09 15:25:00,0.42,16607.0,United Kingdom
543542,22052,VINTAGE CARAVAN GIFT WRAP,25,2011-02-09 15:25:00,0.42,16607.0,United Kingdom
543542,22706,WRAP COWBOYS  ,25,2011-02-09 15:25:00,0.42,16607.0,United Kingdom
543542,22710,WRAP I LOVE LONDON ,25,2011-02-09 15:25:00,0.42,16607.0,United Kingdom
543542,22616,PACK OF 12 LONDON TISSUES ,24,2011-02-09 15:25:00,0.29,16607.0,United Kingdom
543542,22960,JAM MAKING SET WITH JARS,6,2011-02-09 15:25:00,4.25,16607.0,United Kingdom
543542,22822,CREAM WALL PLANTER HEART SHAPED,2,2011-02-09 15:25:00,5.95,16607.0,United Kingdom
543542,22498,WOODEN REGATTA BUNTING,3,2011-02-09 15:25:00,5.95,16607.0,United Kingdom
543542,84692,BOX OF 24 COCKTAIL PARASOLS,25,2011-02-09 15:25:00,0.42,16607.0,United Kingdom
543542,22264,FELT FARM ANIMAL WHITE BUNNY ,24,2011-02-09 15:25:00,0.85,16607.0,United Kingdom
543543,21985,PACK OF 12 HEARTS DESIGN TISSUES ,12,2011-02-09 15:33:00,0.29,17843.0,United Kingdom
543543,90184B,AMETHYST CHUNKY BEAD BRACELET W STR,1,2011-02-09 15:33:00,8.95,17843.0,United Kingdom
543543,90070,RUBY GLASS CLUSTER BRACELET,2,2011-02-09 15:33:00,5.95,17843.0,United Kingdom
543543,90160A,PURPLE BOUDICCA LARGE BRACELET,2,2011-02-09 15:33:00,6.95,17843.0,United Kingdom
543543,90010B,BLACK/WHITE GLASS/SILVER BRACELET,1,2011-02-09 15:33:00,8.95,17843.0,United Kingdom
543543,90010A,MIDNIGHT BLUE GLASS/SILVER BRACELET,1,2011-02-09 15:33:00,8.95,17843.0,United Kingdom
543543,90123A,PINK HEART OF GLASS BRACELET,2,2011-02-09 15:33:00,5.95,17843.0,United Kingdom
543543,72133,COLUMBIAN CANDLE RECTANGLE,3,2011-02-09 15:33:00,1.25,17843.0,United Kingdom
543543,22722,SET OF 6 SPICE TINS PANTRY DESIGN,1,2011-02-09 15:33:00,3.95,17843.0,United Kingdom
543543,22271,FELTCRAFT DOLL ROSIE,1,2011-02-09 15:33:00,2.95,17843.0,United Kingdom
543543,20971,PINK BLUE FELT CRAFT TRINKET BOX,2,2011-02-09 15:33:00,1.25,17843.0,United Kingdom
543543,20984,12 PENCILS TALL TUBE POSY,1,2011-02-09 15:33:00,0.85,17843.0,United Kingdom
543543,20982,12 PENCILS TALL TUBE SKULLS,2,2011-02-09 15:33:00,0.85,17843.0,United Kingdom
543543,20981,12 PENCILS TALL TUBE WOODLAND,2,2011-02-09 15:33:00,0.85,17843.0,United Kingdom
543543,M,Manual,1,2011-02-09 15:33:00,2.95,17843.0,United Kingdom
543543,21892,TRADITIONAL WOODEN CATCH CUP GAME ,1,2011-02-09 15:33:00,1.25,17843.0,United Kingdom
543543,21890,S/6 WOODEN SKITTLES IN COTTON BAG,1,2011-02-09 15:33:00,2.95,17843.0,United Kingdom
543543,85026B,EAU DE NILE JEWELLED T-LIGHT HOLDER,3,2011-02-09 15:33:00,0.85,17843.0,United Kingdom
543543,75178,ASSTD COL BUTTERFLY/CRYSTAL W/CHIME,5,2011-02-09 15:33:00,1.25,17843.0,United Kingdom
543543,85025C,PINK HEART SHAPE PHOTO FRAME,2,2011-02-09 15:33:00,1.65,17843.0,United Kingdom
543543,35004C,SET OF 3 COLOURED  FLYING DUCKS,1,2011-02-09 15:33:00,5.45,17843.0,United Kingdom
543543,21638,ASSORTED TUTTI FRUTTI NOTEBOOK,2,2011-02-09 15:33:00,2.1,17843.0,United Kingdom
543543,21640,ASSORTED TUTTI FRUTTI  FOB NOTEBOOK,3,2011-02-09 15:33:00,0.85,17843.0,United Kingdom
543543,21644,ASSORTED TUTTI FRUTTI HEART BOX,2,2011-02-09 15:33:00,1.25,17843.0,United Kingdom
543543,84356,POMPOM CURTAIN,1,2011-02-09 15:33:00,6.95,17843.0,United Kingdom
543543,22474,SPACEBOY TV DINNER TRAY,1,2011-02-09 15:33:00,4.95,17843.0,United Kingdom
543543,22472,TV DINNER TRAY DOLLY GIRL,1,2011-02-09 15:33:00,4.95,17843.0,United Kingdom
543543,84375,SET OF 20 KIDS COOKIE CUTTERS,3,2011-02-09 15:33:00,2.1,17843.0,United Kingdom
543543,75172,PAINTED SEA SHELL METAL WINDCHIME,2,2011-02-09 15:33:00,3.75,17843.0,United Kingdom
543543,22138,BAKING SET 9 PIECE RETROSPOT ,2,2011-02-09 15:33:00,4.95,17843.0,United Kingdom
543543,22617,BAKING SET SPACEBOY DESIGN,2,2011-02-09 15:33:00,4.95,17843.0,United Kingdom
543543,21643,ASSORTED TUTTI FRUTTI MIRROR,6,2011-02-09 15:33:00,1.25,17843.0,United Kingdom
543543,85020,ROUND PINK HEART MIRROR,2,2011-02-09 15:33:00,2.1,17843.0,United Kingdom
543543,22620,4 TRADITIONAL SPINNING TOPS,1,2011-02-09 15:33:00,1.25,17843.0,United Kingdom
543543,22621,TRADITIONAL KNITTING NANCY,2,2011-02-09 15:33:00,1.45,17843.0,United Kingdom
543543,22444,GROW YOUR OWN PLANT IN A CAN ,12,2011-02-09 15:33:00,1.25,17843.0,United Kingdom
543543,M,Manual,24,2011-02-09 15:33:00,0.2,17843.0,United Kingdom
543544,22706,WRAP COWBOYS  ,4,2011-02-09 15:39:00,0.42,,United Kingdom
543544,22707,WRAP MONSTER FUN ,4,2011-02-09 15:39:00,0.42,,United Kingdom
543544,22456,NATURAL SLATE CHALKBOARD LARGE ,1,2011-02-09 15:39:00,4.95,,United Kingdom
543544,21916,SET 12 RETRO WHITE CHALK STICKS,1,2011-02-09 15:39:00,0.42,,United Kingdom
543544,20986,BLUE CALCULATOR RULER,1,2011-02-09 15:39:00,1.25,,United Kingdom
543544,21900,"KEY FOB , SHED",1,2011-02-09 15:39:00,0.65,,United Kingdom
543544,22334,DINOSAUR PARTY BAG + STICKER SET,2,2011-02-09 15:39:00,1.65,,United Kingdom
543544,22439,6 ROCKET BALLOONS ,3,2011-02-09 15:39:00,0.65,,United Kingdom
543544,22436,12 COLOURED PARTY BALLOONS,1,2011-02-09 15:39:00,0.65,,United Kingdom
543544,22418,10 COLOUR SPACEBOY PEN,10,2011-02-09 15:39:00,0.85,,United Kingdom
543544,22493,PAINT YOUR OWN CANVAS SET,10,2011-02-09 15:39:00,1.65,,United Kingdom
543544,22744,MAKE YOUR OWN MONSOON CARD KIT,2,2011-02-09 15:39:00,2.95,,United Kingdom
543544,22554,PLASTERS IN TIN WOODLAND ANIMALS,1,2011-02-09 15:39:00,1.65,,United Kingdom
543545,22627,,-11,2011-02-09 15:50:00,0.0,,United Kingdom
543546,85066,CREAM SWEETHEART MINI CHEST,1,2011-02-09 16:52:00,24.96,,United Kingdom
543546,85099B,JUMBO BAG RED RETROSPOT,3,2011-02-09 16:52:00,4.13,,United Kingdom
543546,85099F,JUMBO BAG STRAWBERRY,3,2011-02-09 16:52:00,4.13,,United Kingdom
543546,85123A,WHITE HANGING HEART T-LIGHT HOLDER,1,2011-02-09 16:52:00,5.79,,United Kingdom
543546,85132A,CHARLIE + LOLA BISCUITS TINS,1,2011-02-09 16:52:00,8.29,,United Kingdom
543546,90141A,GREEN PENDANT TRIPLE SHELL NECKLACE,1,2011-02-09 16:52:00,5.4,,United Kingdom
543546,DOT,DOTCOM POSTAGE,1,2011-02-09 16:52:00,206.15,,United Kingdom
543546,11001,ASSTD DESIGN RACING CAR PEN,10,2011-02-09 16:52:00,3.29,,United Kingdom
543546,15034,PAPER POCKET TRAVELING FAN ,6,2011-02-09 16:52:00,0.83,,United Kingdom
543546,15036,ASSORTED COLOURS SILK FAN,31,2011-02-09 16:52:00,1.63,,United Kingdom
543546,15039,SANDALWOOD FAN,2,2011-02-09 16:52:00,1.63,,United Kingdom
543546,16235,RECYCLED PENCIL WITH RABBIT ERASER,18,2011-02-09 16:52:00,0.42,,United Kingdom
543546,18094C,WHITE AND BLUE CERAMIC OIL BURNER,1,2011-02-09 16:52:00,2.46,,United Kingdom
543546,20676,RED RETROSPOT BOWL,2,2011-02-09 16:52:00,2.46,,United Kingdom
543546,20711,JUMBO BAG TOYS ,1,2011-02-09 16:52:00,4.13,,United Kingdom
543546,20717,STRAWBERRY SHOPPER BAG,1,2011-02-09 16:52:00,2.46,,United Kingdom
543546,20725,LUNCH BAG RED RETROSPOT,1,2011-02-09 16:52:00,4.13,,United Kingdom
543546,20727,LUNCH BAG  BLACK SKULL.,2,2011-02-09 16:52:00,4.13,,United Kingdom
543546,20728,LUNCH BAG CARS BLUE,1,2011-02-09 16:52:00,4.13,,United Kingdom
543546,20768,GREEN FERN JOURNAL ,1,2011-02-09 16:52:00,4.96,,United Kingdom
543546,20771,CHRYSANTHEMUM  JOURNAL,1,2011-02-09 16:52:00,4.96,,United Kingdom
543546,20974,12 PENCILS SMALL TUBE SKULL,18,2011-02-09 16:52:00,1.25,,United Kingdom
543546,20978,36 PENCILS TUBE SKULLS,1,2011-02-09 16:52:00,2.46,,United Kingdom
543546,21060,PARTY INVITES BALLOON GIRL,3,2011-02-09 16:52:00,1.63,,United Kingdom
543546,21068,VINTAGE BILLBOARD LOVE/HATE MUG,1,2011-02-09 16:52:00,2.46,,United Kingdom
543546,21080,SET/20 RED RETROSPOT PAPER NAPKINS ,1,2011-02-09 16:52:00,1.63,,United Kingdom
543546,21192,WHITE BELL HONEYCOMB PAPER ,11,2011-02-09 16:52:00,3.29,,United Kingdom
543546,21201,TROPICAL  HONEYCOMB PAPER GARLAND ,3,2011-02-09 16:52:00,4.96,,United Kingdom
543546,21210,SET OF 72 RETROSPOT PAPER  DOILIES,1,2011-02-09 16:52:00,2.92,,United Kingdom
543546,21212,PACK OF 72 RETROSPOT CAKE CASES,1,2011-02-09 16:52:00,1.25,,United Kingdom
543546,21215,IVORY PAPER CUP CAKE CASES ,2,2011-02-09 16:52:00,1.25,,United Kingdom
543546,21242,RED RETROSPOT PLATE ,3,2011-02-09 16:52:00,3.29,,United Kingdom
543546,21294,ETCHED GLASS COASTER,6,2011-02-09 16:52:00,2.46,,United Kingdom
543546,21326,AGED GLASS SILVER T-LIGHT HOLDER,10,2011-02-09 16:52:00,1.63,,United Kingdom
543546,21363,HOME SMALL WOOD LETTERS,1,2011-02-09 16:52:00,10.79,,United Kingdom
543546,21479,WHITE SKULL HOT WATER BOTTLE ,1,2011-02-09 16:52:00,7.46,,United Kingdom
543546,21621,VINTAGE UNION JACK BUNTING,1,2011-02-09 16:52:00,16.63,,United Kingdom
543546,21640,ASSORTED TUTTI FRUTTI  FOB NOTEBOOK,15,2011-02-09 16:52:00,1.63,,United Kingdom
543546,21641,ASSORTED TUTTI FRUTTI KEYRING BALL,12,2011-02-09 16:52:00,1.63,,United Kingdom
543546,21662,VINTAGE GLASS COFFEE CADDY,1,2011-02-09 16:52:00,11.63,,United Kingdom
543546,21672,WHITE SPOT RED CERAMIC DRAWER KNOB,2,2011-02-09 16:52:00,2.46,,United Kingdom
543546,21715,GIRLS VINTAGE TIN SEASIDE BUCKET,5,2011-02-09 16:52:00,4.96,,United Kingdom
543546,21731,RED TOADSTOOL LED NIGHT LIGHT,3,2011-02-09 16:52:00,3.29,,United Kingdom
543546,21733,RED HANGING HEART T-LIGHT HOLDER,1,2011-02-09 16:52:00,5.79,,United Kingdom
543546,21741,COSY SLIPPER SHOES LARGE GREEN,1,2011-02-09 16:52:00,5.79,,United Kingdom
543546,21790,VINTAGE SNAP CARDS,1,2011-02-09 16:52:00,1.63,,United Kingdom
543546,21868,POTTING SHED TEA MUG,1,2011-02-09 16:52:00,3.29,,United Kingdom
543546,21936,RED RETROSPOT PICNIC BAG,1,2011-02-09 16:52:00,5.79,,United Kingdom
543546,21942,SKULLS DESIGN FLANNEL,1,2011-02-09 16:52:00,1.63,,United Kingdom
543546,21983,PACK OF 12 BLUE PAISLEY TISSUES ,10,2011-02-09 16:52:00,0.83,,United Kingdom
543546,21984,PACK OF 12 PINK PAISLEY TISSUES ,10,2011-02-09 16:52:00,0.83,,United Kingdom
543546,21992,VINTAGE PAISLEY STATIONERY SET,1,2011-02-09 16:52:00,2.46,,United Kingdom
543546,22035,VINTAGE CARAVAN GREETING CARD ,2,2011-02-09 16:52:00,0.83,,United Kingdom
543546,22059,CERAMIC STRAWBERRY DESIGN MUG,1,2011-02-09 16:52:00,3.29,,United Kingdom
543546,22083,PAPER CHAIN KIT RETROSPOT,1,2011-02-09 16:52:00,5.79,,United Kingdom
543546,22087,PAPER BUNTING WHITE LACE,3,2011-02-09 16:52:00,5.79,,United Kingdom
543546,22090,PAPER BUNTING RETROSPOT,2,2011-02-09 16:52:00,5.79,,United Kingdom
543546,22120,WELCOME  WOODEN BLOCK LETTERS,1,2011-02-09 16:52:00,19.96,,United Kingdom
543546,22151,PLACE SETTING WHITE HEART,2,2011-02-09 16:52:00,1.63,,United Kingdom
543546,22178,VICTORIAN GLASS HANGING T-LIGHT,1,2011-02-09 16:52:00,2.46,,United Kingdom
543546,22183,CAKE STAND VICTORIAN FILIGREE MED,3,2011-02-09 16:52:00,5.79,,United Kingdom
543546,22197,SMALL POPCORN HOLDER,4,2011-02-09 16:52:00,1.63,,United Kingdom
543546,22215,CAKE STAND WHITE TWO TIER LACE,1,2011-02-09 16:52:00,16.63,,United Kingdom
543546,22219,LOVEBIRD HANGING DECORATION WHITE ,1,2011-02-09 16:52:00,1.63,,United Kingdom
543546,22227,HANGING HEART MIRROR DECORATION ,1,2011-02-09 16:52:00,1.25,,United Kingdom
543546,22244,3 HOOK HANGER MAGIC GARDEN,1,2011-02-09 16:52:00,4.13,,United Kingdom
543546,22268,EASTER DECORATION SITTING BUNNY,1,2011-02-09 16:52:00,1.63,,United Kingdom
543546,22281,EASTER TREE YELLOW BIRDS,1,2011-02-09 16:52:00,12.46,,United Kingdom
543546,22295,HEART FILIGREE DOVE LARGE,1,2011-02-09 16:52:00,3.29,,United Kingdom
543546,22297,HEART IVORY TRELLIS SMALL,5,2011-02-09 16:52:00,2.46,,United Kingdom
543546,22311,OFFICE MUG WARMER BLACK+SILVER ,1,2011-02-09 16:52:00,5.79,,United Kingdom
543546,22332,SKULLS PARTY BAG + STICKER SET,3,2011-02-09 16:52:00,3.29,,United Kingdom
543546,22333,RETROSPOT PARTY BAG + STICKER SET,5,2011-02-09 16:52:00,3.29,,United Kingdom
543546,22341,LOVE GARLAND PAINTED ZINC ,1,2011-02-09 16:52:00,3.29,,United Kingdom
543546,22360,GLASS JAR ENGLISH CONFECTIONERY,2,2011-02-09 16:52:00,5.79,,United Kingdom
543546,22380,TOY TIDY SPACEBOY  ,1,2011-02-09 16:52:00,4.13,,United Kingdom
543546,22383,LUNCH BAG SUKI  DESIGN ,1,2011-02-09 16:52:00,4.13,,United Kingdom
543546,22384,LUNCH BAG PINK POLKADOT,3,2011-02-09 16:52:00,2.46,,United Kingdom
543546,22413,METAL SIGN TAKE IT OR LEAVE IT ,1,2011-02-09 16:52:00,5.79,,United Kingdom
543546,22419,LIPSTICK PEN RED,7,2011-02-09 16:52:00,0.83,,United Kingdom
543546,22421,LIPSTICK PEN FUSCHIA,7,2011-02-09 16:52:00,0.83,,United Kingdom
543546,22423,REGENCY CAKESTAND 3 TIER,1,2011-02-09 16:52:00,24.96,,United Kingdom
543546,22427,ENAMEL FLOWER JUG CREAM,1,2011-02-09 16:52:00,11.63,,United Kingdom
543546,22430,ENAMEL WATERING CAN CREAM,1,2011-02-09 16:52:00,9.96,,United Kingdom
543546,22441,GROW YOUR OWN BASIL IN ENAMEL MUG,1,2011-02-09 16:52:00,4.13,,United Kingdom
543546,22456,NATURAL SLATE CHALKBOARD LARGE ,1,2011-02-09 16:52:00,9.96,,United Kingdom
543546,22457,NATURAL SLATE HEART CHALKBOARD ,1,2011-02-09 16:52:00,5.79,,United Kingdom
543546,22467,GUMBALL COAT RACK,2,2011-02-09 16:52:00,4.96,,United Kingdom
543546,22469,HEART OF WICKER SMALL,5,2011-02-09 16:52:00,3.29,,United Kingdom
543546,22502,PICNIC BASKET WICKER SMALL,1,2011-02-09 16:52:00,8.29,,United Kingdom
543546,22505,MEMO BOARD COTTAGE DESIGN,1,2011-02-09 16:52:00,10.79,,United Kingdom
543546,22585,PACK OF 6 BIRDY GIFT TAGS,1,2011-02-09 16:52:00,2.46,,United Kingdom
543546,22595,GINGHAM HEART DECORATION,1,2011-02-09 16:52:00,1.63,,United Kingdom
543546,22602,RETROSPOT WOODEN HEART DECORATION,1,2011-02-09 16:52:00,1.63,,United Kingdom
543546,22625,RED KITCHEN SCALES,1,2011-02-09 16:52:00,16.63,,United Kingdom
543546,22659,LUNCH BOX I LOVE LONDON,2,2011-02-09 16:52:00,4.13,,United Kingdom
543546,22662,LUNCH BAG DOLLY GIRL DESIGN,1,2011-02-09 16:52:00,4.13,,United Kingdom
543546,22697,GREEN REGENCY TEACUP AND SAUCER,3,2011-02-09 16:52:00,5.79,,United Kingdom
543546,22713,CARD I LOVE LONDON ,1,2011-02-09 16:52:00,0.83,,United Kingdom
543546,22720,SET OF 3 CAKE TINS PANTRY DESIGN ,1,2011-02-09 16:52:00,10.79,,United Kingdom
543546,22722,SET OF 6 SPICE TINS PANTRY DESIGN,2,2011-02-09 16:52:00,8.29,,United Kingdom
543546,22740,POLKADOT PEN,1,2011-02-09 16:52:00,1.63,,United Kingdom
543546,22776,SWEETHEART CAKESTAND 3 TIER,1,2011-02-09 16:52:00,19.96,,United Kingdom
543546,22784,LANTERN CREAM GAZEBO ,1,2011-02-09 16:52:00,10.79,,United Kingdom
543546,22831,WHITE BROCANTE SOAP DISH,1,2011-02-09 16:52:00,5.79,,United Kingdom
543546,22837,HOT WATER BOTTLE BABUSHKA ,1,2011-02-09 16:52:00,9.13,,United Kingdom
543546,22882,NUMBER TILE VINTAGE FONT 3,2,2011-02-09 16:52:00,4.13,,United Kingdom
543546,22887,NUMBER TILE VINTAGE FONT 8,1,2011-02-09 16:52:00,4.13,,United Kingdom
543546,22889,NUMBER TILE VINTAGE FONT No ,1,2011-02-09 16:52:00,4.13,,United Kingdom
543546,22904,CALENDAR PAPER CUT DESIGN,1,2011-02-09 16:52:00,5.79,,United Kingdom
543546,22960,JAM MAKING SET WITH JARS,2,2011-02-09 16:52:00,8.29,,United Kingdom
543546,22961,JAM MAKING SET PRINTED,2,2011-02-09 16:52:00,3.29,,United Kingdom
543546,22962,JAM JAR WITH PINK LID,1,2011-02-09 16:52:00,1.63,,United Kingdom
543546,22963,JAM JAR WITH GREEN LID,1,2011-02-09 16:52:00,1.63,,United Kingdom
543546,22988,SOLDIERS EGG CUP ,4,2011-02-09 16:52:00,2.46,,United Kingdom
543546,35471D,SET OF 3 BIRD LIGHT PINK FEATHER ,1,2011-02-09 16:52:00,2.46,,United Kingdom
543546,35924,HANGING FAIRY CAKE DECORATION,1,2011-02-09 16:52:00,4.13,,United Kingdom
543546,35961,FOLKART ZINC HEART CHRISTMAS DEC,2,2011-02-09 16:52:00,1.63,,United Kingdom
543546,47566,PARTY BUNTING,1,2011-02-09 16:52:00,10.79,,United Kingdom
543546,48129,DOORMAT TOPIARY,1,2011-02-09 16:52:00,14.13,,United Kingdom
543546,75049L,LARGE CIRCULAR MIRROR MOBILE,5,2011-02-09 16:52:00,2.46,,United Kingdom
543546,82482,WOODEN PICTURE FRAME WHITE FINISH,1,2011-02-09 16:52:00,4.96,,United Kingdom
543546,82567,"AIRLINE LOUNGE,METAL SIGN",1,2011-02-09 16:52:00,4.13,,United Kingdom
543546,82580,BATHROOM METAL SIGN,1,2011-02-09 16:52:00,1.25,,United Kingdom
543546,82613B,"METAL SIGN,CUPCAKE SINGLE HOOK",1,2011-02-09 16:52:00,2.46,,United Kingdom
543546,82613C,"METAL SIGN,CUPCAKE SINGLE HOOK",1,2011-02-09 16:52:00,2.46,,United Kingdom
543546,84030E,ENGLISH ROSE HOT WATER BOTTLE,1,2011-02-09 16:52:00,8.29,,United Kingdom
543546,84031B,CHARLIE LOLA BLUE HOT WATER BOTTLE ,1,2011-02-09 16:52:00,4.13,,United Kingdom
543546,84279B,CHERRY BLOSSOM DECORATIVE FLASK,1,2011-02-09 16:52:00,8.29,,United Kingdom
543546,84378,SET OF 3 HEART COOKIE CUTTERS,1,2011-02-09 16:52:00,2.46,,United Kingdom
543546,84510A,SET OF 4 ENGLISH ROSE COASTERS,1,2011-02-09 16:52:00,2.46,,United Kingdom
543546,84520B,PACK 20 ENGLISH ROSE PAPER NAPKINS,1,2011-02-09 16:52:00,1.63,,United Kingdom
543546,84792,ENCHANTED BIRD COATHANGER 5 HOOK,1,2011-02-09 16:52:00,9.13,,United Kingdom
543546,84836,ZINC METAL HEART DECORATION,2,2011-02-09 16:52:00,2.46,,United Kingdom
543546,84849B,FAIRY SOAP SOAP HOLDER,1,2011-02-09 16:52:00,3.29,,United Kingdom
543546,84946,ANTIQUE SILVER TEA GLASS ETCHED,19,2011-02-09 16:52:00,2.46,,United Kingdom
543546,84947,ANTIQUE SILVER TEA GLASS ENGRAVED,15,2011-02-09 16:52:00,2.46,,United Kingdom
543546,84971S,SMALL HEART FLOWERS HOOK ,2,2011-02-09 16:52:00,1.63,,United Kingdom
543546,84978,HANGING HEART JAR T-LIGHT HOLDER,5,2011-02-09 16:52:00,2.46,,United Kingdom
543546,85032A,ROMANTIC IMAGES GIFT WRAP SET,2,2011-02-09 16:52:00,4.13,,United Kingdom
543546,85032B,BLOSSOM IMAGES GIFT WRAP SET,1,2011-02-09 16:52:00,4.13,,United Kingdom
543547,22977,DOLLY GIRL CHILDRENS EGG CUP,12,2011-02-09 16:57:00,1.25,17358.0,United Kingdom
543547,22988,SOLDIERS EGG CUP ,12,2011-02-09 16:57:00,1.25,17358.0,United Kingdom
543547,22188,BLACK HEART CARD HOLDER,1,2011-02-09 16:57:00,3.95,17358.0,United Kingdom
543547,21624,VINTAGE UNION JACK DOORSTOP,1,2011-02-09 16:57:00,5.95,17358.0,United Kingdom
543547,84356,POMPOM CURTAIN,1,2011-02-09 16:57:00,6.95,17358.0,United Kingdom
543547,17107D,"FLOWER FAIRY,5 SUMMER B'DRAW LINERS",1,2011-02-09 16:57:00,2.55,17358.0,United Kingdom
543547,35004C,SET OF 3 COLOURED  FLYING DUCKS,1,2011-02-09 16:57:00,5.45,17358.0,United Kingdom
543547,20970,PINK FLORAL FELTCRAFT SHOULDER BAG,1,2011-02-09 16:57:00,3.75,17358.0,United Kingdom
543547,20967,GREY FLORAL FELTCRAFT SHOULDER BAG,1,2011-02-09 16:57:00,3.75,17358.0,United Kingdom
543547,85123A,WHITE HANGING HEART T-LIGHT HOLDER,2,2011-02-09 16:57:00,2.95,17358.0,United Kingdom
543547,75049L,LARGE CIRCULAR MIRROR MOBILE,1,2011-02-09 16:57:00,1.25,17358.0,United Kingdom
543547,22139,RETROSPOT TEA SET CERAMIC 11 PC ,3,2011-02-09 16:57:00,4.95,17358.0,United Kingdom
543547,20828,GLITTER BUTTERFLY CLIPS,2,2011-02-09 16:57:00,2.55,17358.0,United Kingdom
543547,21784,SHOE SHINE BOX ,1,2011-02-09 16:57:00,9.95,17358.0,United Kingdom
543547,22926,IVORY GIANT GARDEN THERMOMETER,2,2011-02-09 16:57:00,5.95,17358.0,United Kingdom
543547,45013,FOLDING SHOE TIDY,2,2011-02-09 16:57:00,2.95,17358.0,United Kingdom
543547,21929,JUMBO BAG PINK VINTAGE PAISLEY,1,2011-02-09 16:57:00,1.95,17358.0,United Kingdom
