InvoiceNo,StockCode,Description,Quantity,InvoiceDate,UnitPrice,CustomerID,Country
556282,15044A,PINK PAPER PARASOL ,6,2011-06-10 08:24:00,2.95,15679.0,United Kingdom
556282,15044B,BLUE PAPER PARASOL ,6,2011-06-10 08:24:00,2.95,15679.0,United Kingdom
556282,15044C,PURPLE PAPER PARASOL,6,2011-06-10 08:24:00,2.95,15679.0,United Kingdom
556282,40016,CHINESE DRAGON PAPER LANTERNS,24,2011-06-10 08:24:00,0.42,15679.0,United Kingdom
556282,21982,PACK OF 12 SUKI TISSUES ,24,2011-06-10 08:24:00,0.29,15679.0,United Kingdom
556282,22995,TRAVEL CARD WALLET SUKI,24,2011-06-10 08:24:00,0.42,15679.0,United Kingdom
556282,21931,JUMBO STORAGE BAG SUKI,10,2011-06-10 08:24:00,2.08,15679.0,United Kingdom
556282,22355,CHARLOTTE BAG SUKI DESIGN,10,2011-06-10 08:24:00,0.85,15679.0,United Kingdom
556282,22383,LUNCH BAG SUKI DESIGN ,20,2011-06-10 08:24:00,1.65,15679.0,United Kingdom
556282,21935,SUKI  SHOULDER BAG,10,2011-06-10 08:24:00,1.65,15679.0,United Kingdom
556282,22817,CARD SUKI BIRTHDAY,12,2011-06-10 08:24:00,0.42,15679.0,United Kingdom
556282,17014A,ORIGAMI VANILLA INCENSE CONES,12,2011-06-10 08:24:00,0.42,15679.0,United Kingdom
556282,72232,FENG SHUI PILLAR CANDLE,48,2011-06-10 08:24:00,0.19,15679.0,United Kingdom
556283,23284,DOORMAT KEEP CALM AND COME IN,2,2011-06-10 08:50:00,7.95,15628.0,United Kingdom
556283,84978,HANGING HEART JAR T-LIGHT HOLDER,12,2011-06-10 08:50:00,1.25,15628.0,United Kingdom
556283,23301,GARDENERS KNEELING PAD KEEP CALM ,24,2011-06-10 08:50:00,1.65,15628.0,United Kingdom
556283,22139,RETROSPOT TEA SET CERAMIC 11 PC ,3,2011-06-10 08:50:00,4.95,15628.0,United Kingdom
556283,22147,FELTCRAFT BUTTERFLY HEARTS,12,2011-06-10 08:50:00,1.45,15628.0,United Kingdom
556283,22568,FELTCRAFT CUSHION OWL,4,2011-06-10 08:50:00,3.75,15628.0,United Kingdom
556283,23166,MEDIUM CERAMIC TOP STORAGE JAR,12,2011-06-10 08:50:00,1.25,15628.0,United Kingdom
556283,21673,WHITE SPOT BLUE CERAMIC DRAWER KNOB,12,2011-06-10 08:50:00,1.25,15628.0,United Kingdom
556283,21672,WHITE SPOT RED CERAMIC DRAWER KNOB,12,2011-06-10 08:50:00,1.25,15628.0,United Kingdom
556283,85123A,WHITE HANGING HEART T-LIGHT HOLDER,12,2011-06-10 08:50:00,2.95,15628.0,United Kingdom
556283,23167,SMALL CERAMIC TOP STORAGE JAR ,12,2011-06-10 08:50:00,0.83,15628.0,United Kingdom
556283,21211,SET OF 72 SKULL PAPER  DOILIES,12,2011-06-10 08:50:00,1.45,15628.0,United Kingdom
556283,23306,SET OF 36 DOILIES PANTRY DESIGN,12,2011-06-10 08:50:00,1.45,15628.0,United Kingdom
556283,22661,CHARLOTTE BAG DOLLY GIRL DESIGN,10,2011-06-10 08:50:00,0.85,15628.0,United Kingdom
556283,23227,FILIGREE HEART BUTTERFLY WHITE ,24,2011-06-10 08:50:00,1.25,15628.0,United Kingdom
556283,22470,HEART OF WICKER LARGE,6,2011-06-10 08:50:00,2.95,15628.0,United Kingdom
556283,21791,VINTAGE HEADS AND TAILS CARD GAME ,12,2011-06-10 08:50:00,1.25,15628.0,United Kingdom
556284,23173,REGENCY TEAPOT ROSES ,2,2011-06-10 08:54:00,9.95,17115.0,United Kingdom
556284,22699,ROSES REGENCY TEACUP AND SAUCER ,6,2011-06-10 08:54:00,2.95,17115.0,United Kingdom
556284,23170,REGENCY TEA PLATE ROSES ,12,2011-06-10 08:54:00,1.65,17115.0,United Kingdom
556284,23245,SET OF 3 REGENCY CAKE TINS,4,2011-06-10 08:54:00,4.95,17115.0,United Kingdom
556284,22720,SET OF 3 CAKE TINS PANTRY DESIGN ,3,2011-06-10 08:54:00,4.95,17115.0,United Kingdom
556284,22384,LUNCH BAG PINK POLKADOT,20,2011-06-10 08:54:00,1.65,17115.0,United Kingdom
556284,22386,JUMBO BAG PINK POLKADOT,10,2011-06-10 08:54:00,2.08,17115.0,United Kingdom
556284,22423,REGENCY CAKESTAND 3 TIER,1,2011-06-10 08:54:00,12.75,17115.0,United Kingdom
556284,47566,PARTY BUNTING,8,2011-06-10 08:54:00,4.95,17115.0,United Kingdom
556284,85123A,WHITE HANGING HEART T-LIGHT HOLDER,12,2011-06-10 08:54:00,2.95,17115.0,United Kingdom
556284,23243,SET OF TEA COFFEE SUGAR TINS PANTRY,4,2011-06-10 08:54:00,4.95,17115.0,United Kingdom
556284,23174,REGENCY SUGAR BOWL GREEN,4,2011-06-10 08:54:00,4.15,17115.0,United Kingdom
556284,23175,REGENCY MILK JUG PINK ,4,2011-06-10 08:54:00,3.25,17115.0,United Kingdom
556284,22430,ENAMEL WATERING CAN CREAM,4,2011-06-10 08:54:00,4.95,17115.0,United Kingdom
556285,23204,CHARLOTTE BAG APPLES DESIGN,10,2011-06-10 09:10:00,0.85,13686.0,United Kingdom
556285,20724,RED RETROSPOT CHARLOTTE BAG,10,2011-06-10 09:10:00,0.85,13686.0,United Kingdom
556285,22381,TOY TIDY PINK POLKADOT,5,2011-06-10 09:10:00,2.1,13686.0,United Kingdom
556285,20723,STRAWBERRY CHARLOTTE BAG,10,2011-06-10 09:10:00,0.85,13686.0,United Kingdom
556285,23205,CHARLOTTE BAG VINTAGE ALPHABET ,10,2011-06-10 09:10:00,0.85,13686.0,United Kingdom
556285,22664,TOY TIDY DOLLY GIRL DESIGN,5,2011-06-10 09:10:00,2.1,13686.0,United Kingdom
556285,22661,CHARLOTTE BAG DOLLY GIRL DESIGN,10,2011-06-10 09:10:00,0.85,13686.0,United Kingdom
556285,22356,CHARLOTTE BAG PINK POLKADOT,10,2011-06-10 09:10:00,0.85,13686.0,United Kingdom
556286,16052,,-16,2011-06-10 09:22:00,0.0,,United Kingdom
556287,16043,,-45,2011-06-10 09:22:00,0.0,,United Kingdom
556288,82484,WOOD BLACK BOARD ANT WHITE FINISH,12,2011-06-10 09:23:00,6.75,13426.0,United Kingdom
556288,20977,36 PENCILS TUBE WOODLAND,16,2011-06-10 09:23:00,1.25,13426.0,United Kingdom
556288,23245,SET OF 3 REGENCY CAKE TINS,16,2011-06-10 09:23:00,4.15,13426.0,United Kingdom
556288,22037,ROBOT BIRTHDAY CARD,12,2011-06-10 09:23:00,0.42,13426.0,United Kingdom
556288,22714,CARD BIRTHDAY COWBOY,24,2011-06-10 09:23:00,0.42,13426.0,United Kingdom
556288,22716,CARD CIRCUS PARADE,24,2011-06-10 09:23:00,0.42,13426.0,United Kingdom
556288,22713,CARD I LOVE LONDON ,12,2011-06-10 09:23:00,0.42,13426.0,United Kingdom
556288,22025,RING OF ROSES BIRTHDAY CARD,12,2011-06-10 09:23:00,0.42,13426.0,United Kingdom
556288,21507,"ELEPHANT, BIRTHDAY CARD, ",12,2011-06-10 09:23:00,0.42,13426.0,United Kingdom
556288,22026,BANQUET BIRTHDAY  CARD  ,12,2011-06-10 09:23:00,0.42,13426.0,United Kingdom
556288,21519,GIN & TONIC DIET GREETING CARD ,24,2011-06-10 09:23:00,0.42,13426.0,United Kingdom
556288,22028,PENNY FARTHING BIRTHDAY CARD,12,2011-06-10 09:23:00,0.42,13426.0,United Kingdom
556288,21506,"FANCY FONT BIRTHDAY CARD, ",24,2011-06-10 09:23:00,0.42,13426.0,United Kingdom
556288,22817,CARD SUKI BIRTHDAY,12,2011-06-10 09:23:00,0.42,13426.0,United Kingdom
556288,22983,CARD BILLBOARD FONT,24,2011-06-10 09:23:00,0.42,13426.0,United Kingdom
556288,22712,CARD DOLLY GIRL ,12,2011-06-10 09:23:00,0.42,13426.0,United Kingdom
556288,22027,TEA PARTY BIRTHDAY CARD,12,2011-06-10 09:23:00,0.42,13426.0,United Kingdom
556288,16156S,WRAP PINK FAIRY CAKES ,25,2011-06-10 09:23:00,0.42,13426.0,United Kingdom
556289,20823,,-102,2011-06-10 09:23:00,0.0,,United Kingdom
556290,23093,SMALL PARISIENNE HEART PHOTO FRAME ,8,2011-06-10 09:23:00,2.49,17088.0,United Kingdom
556290,84879,ASSORTED COLOUR BIRD ORNAMENT,8,2011-06-10 09:23:00,1.69,17088.0,United Kingdom
556290,82482,WOODEN PICTURE FRAME WHITE FINISH,6,2011-06-10 09:23:00,2.55,17088.0,United Kingdom
556290,22485,SET OF 2 WOODEN MARKET CRATES,2,2011-06-10 09:23:00,12.75,17088.0,United Kingdom
556290,22917,HERB MARKER ROSEMARY,12,2011-06-10 09:23:00,0.65,17088.0,United Kingdom
556290,22920,HERB MARKER BASIL,12,2011-06-10 09:23:00,0.65,17088.0,United Kingdom
556290,22919,HERB MARKER MINT,12,2011-06-10 09:23:00,0.65,17088.0,United Kingdom
556290,21172,PARTY METAL SIGN ,12,2011-06-10 09:23:00,1.45,17088.0,United Kingdom
556290,85099B,JUMBO BAG RED RETROSPOT,10,2011-06-10 09:23:00,2.08,17088.0,United Kingdom
556290,47590B,PINK HAPPY BIRTHDAY BUNTING,3,2011-06-10 09:23:00,5.45,17088.0,United Kingdom
556290,21755,LOVE BUILDING BLOCK WORD,6,2011-06-10 09:23:00,5.95,17088.0,United Kingdom
556290,47590A,BLUE HAPPY BIRTHDAY BUNTING,3,2011-06-10 09:23:00,5.45,17088.0,United Kingdom
556290,22138,BAKING SET 9 PIECE RETROSPOT ,3,2011-06-10 09:23:00,4.95,17088.0,United Kingdom
556290,22585,PACK OF 6 BIRDY GIFT TAGS,12,2011-06-10 09:23:00,1.25,17088.0,United Kingdom
556290,22170,PICTURE FRAME WOOD TRIPLE PORTRAIT,4,2011-06-10 09:23:00,6.75,17088.0,United Kingdom
556290,23243,SET OF TEA COFFEE SUGAR TINS PANTRY,4,2011-06-10 09:23:00,4.95,17088.0,United Kingdom
556290,22720,SET OF 3 CAKE TINS PANTRY DESIGN ,3,2011-06-10 09:23:00,4.95,17088.0,United Kingdom
556290,22979,PANTRY WASHING UP BRUSH,12,2011-06-10 09:23:00,1.45,17088.0,United Kingdom
556290,20728,LUNCH BAG CARS BLUE,10,2011-06-10 09:23:00,1.65,17088.0,United Kingdom
556290,23209,LUNCH BAG DOILEY PATTERN ,10,2011-06-10 09:23:00,1.65,17088.0,United Kingdom
556290,23236,DOILEY STORAGE TIN,6,2011-06-10 09:23:00,2.89,17088.0,United Kingdom
556290,23096,PETIT TRAY CHIC,12,2011-06-10 09:23:00,1.65,17088.0,United Kingdom
556291,79164,,2,2011-06-10 09:24:00,0.0,,United Kingdom
556292,21472,,-1,2011-06-10 09:24:00,0.0,,United Kingdom
C556293,85123A,WHITE HANGING HEART T-LIGHT HOLDER,-18,2011-06-10 09:30:00,2.95,13094.0,United Kingdom
C556293,84946,ANTIQUE SILVER T-LIGHT GLASS,-72,2011-06-10 09:30:00,1.06,13094.0,United Kingdom
C556293,22791,T-LIGHT GLASS FLUTED ANTIQUE,-72,2011-06-10 09:30:00,1.06,13094.0,United Kingdom
C556294,22960,JAM MAKING SET WITH JARS,-2,2011-06-10 09:34:00,4.25,15108.0,European Community
C556295,23209,LUNCH BAG DOILEY PATTERN ,-1,2011-06-10 09:37:00,1.65,13662.0,United Kingdom
556296,21680,WOODLAND  STICKERS,12,2011-06-10 09:44:00,0.85,15114.0,United Kingdom
556296,22081,RIBBON REEL FLORA + FAUNA ,10,2011-06-10 09:44:00,1.65,15114.0,United Kingdom
556296,21260,FIRST AID TIN,6,2011-06-10 09:44:00,3.25,15114.0,United Kingdom
556296,22418,10 COLOUR SPACEBOY PEN,48,2011-06-10 09:44:00,0.85,15114.0,United Kingdom
556296,22211,WOOD STAMP SET FLOWERS,12,2011-06-10 09:44:00,0.83,15114.0,United Kingdom
556296,22615,PACK OF 12 CIRCUS PARADE TISSUES ,24,2011-06-10 09:44:00,0.29,15114.0,United Kingdom
556296,21975,PACK OF 60 DINOSAUR CAKE CASES,24,2011-06-10 09:44:00,0.55,15114.0,United Kingdom
556296,22417,PACK OF 60 SPACEBOY CAKE CASES,24,2011-06-10 09:44:00,0.55,15114.0,United Kingdom
556296,21976,PACK OF 60 MUSHROOM CAKE CASES,24,2011-06-10 09:44:00,0.55,15114.0,United Kingdom
556296,21212,PACK OF 72 RETROSPOT CAKE CASES,24,2011-06-10 09:44:00,0.55,15114.0,United Kingdom
556296,22271,FELTCRAFT DOLL ROSIE,6,2011-06-10 09:44:00,2.95,15114.0,United Kingdom
556296,22149,FELTCRAFT 6 FLOWER FRIENDS,6,2011-06-10 09:44:00,2.1,15114.0,United Kingdom
556296,22925,BLUE GIANT GARDEN THERMOMETER,2,2011-06-10 09:44:00,5.95,15114.0,United Kingdom
556296,22927,GREEN GIANT GARDEN THERMOMETER,2,2011-06-10 09:44:00,5.95,15114.0,United Kingdom
556296,22530,MAGIC DRAWING SLATE DOLLY GIRL ,24,2011-06-10 09:44:00,0.42,15114.0,United Kingdom
556296,22531,MAGIC DRAWING SLATE CIRCUS PARADE  ,24,2011-06-10 09:44:00,0.42,15114.0,United Kingdom
556296,22534,MAGIC DRAWING SLATE SPACEBOY ,24,2011-06-10 09:44:00,0.42,15114.0,United Kingdom
556296,22537,MAGIC DRAWING SLATE DINOSAUR,24,2011-06-10 09:44:00,0.42,15114.0,United Kingdom
556296,85227,SET OF 6 3D KIT CARDS FOR KIDS,12,2011-06-10 09:44:00,0.85,15114.0,United Kingdom
556296,22746,POPPY'S PLAYHOUSE LIVINGROOM ,6,2011-06-10 09:44:00,2.1,15114.0,United Kingdom
556296,21251,DINOSAUR HEIGHT CHART STICKER SET,6,2011-06-10 09:44:00,2.95,15114.0,United Kingdom
556296,21249,WOODLAND  HEIGHT CHART STICKERS ,6,2011-06-10 09:44:00,2.95,15114.0,United Kingdom
C556297,22797,CHEST OF DRAWERS GINGHAM HEART ,-1,2011-06-10 09:55:00,16.95,15609.0,United Kingdom
C556297,23110,PARISIENNE KEY CABINET ,-2,2011-06-10 09:55:00,5.75,15609.0,United Kingdom
556298,22907,PACK OF 20 NAPKINS PANTRY DESIGN,12,2011-06-10 10:05:00,0.85,16581.0,United Kingdom
556298,21080,SET/20 RED RETROSPOT PAPER NAPKINS ,12,2011-06-10 10:05:00,0.85,16581.0,United Kingdom
556298,16161P,WRAP ENGLISH ROSE ,25,2011-06-10 10:05:00,0.42,16581.0,United Kingdom
556298,21498,RED RETROSPOT WRAP ,25,2011-06-10 10:05:00,0.42,16581.0,United Kingdom
556298,22077,6 RIBBONS RUSTIC CHARM,12,2011-06-10 10:05:00,1.65,16581.0,United Kingdom
556298,20898,VINTAGE NOTEBOOK TRAVELOGUE,6,2011-06-10 10:05:00,2.95,16581.0,United Kingdom
556298,20897,VINTAGE NOTEBOOK PARIS DAYS,6,2011-06-10 10:05:00,2.95,16581.0,United Kingdom
556298,21090,SET/6 COLLAGE PAPER PLATES,12,2011-06-10 10:05:00,0.39,16581.0,United Kingdom
556298,21084,SET/6 COLLAGE PAPER CUPS,24,2011-06-10 10:05:00,0.19,16581.0,United Kingdom
556299,21937,?,-161,2011-06-10 10:17:00,0.0,,United Kingdom
556300,20735,,-472,2011-06-10 10:18:00,0.0,,United Kingdom
556301,22968,water damage,-50,2011-06-10 10:18:00,0.0,,United Kingdom
556302,23211,RED ROCKING HORSE HAND PAINTED,144,2011-06-10 10:24:00,1.04,15267.0,United Kingdom
556302,22144,CHRISTMAS CRAFT LITTLE FRIENDS,80,2011-06-10 10:24:00,1.85,15267.0,United Kingdom
556302,22311,OFFICE MUG WARMER BLACK+SILVER ,96,2011-06-10 10:24:00,2.55,15267.0,United Kingdom
556302,22138,BAKING SET 9 PIECE RETROSPOT ,72,2011-06-10 10:24:00,4.25,15267.0,United Kingdom
556302,23194,GYMKHANA TREASURE BOOK BOX,96,2011-06-10 10:24:00,1.95,15267.0,United Kingdom
556303,23203,JUMBO BAG DOILEY PATTERNS,10,2011-06-10 10:26:00,2.08,17064.0,United Kingdom
556303,22457,NATURAL SLATE HEART CHALKBOARD ,6,2011-06-10 10:26:00,2.95,17064.0,United Kingdom
556303,22271,FELTCRAFT DOLL ROSIE,6,2011-06-10 10:26:00,2.95,17064.0,United Kingdom
556303,22273,FELTCRAFT DOLL MOLLY,6,2011-06-10 10:26:00,2.95,17064.0,United Kingdom
556303,84950,ASSORTED COLOUR T-LIGHT HOLDER,12,2011-06-10 10:26:00,0.65,17064.0,United Kingdom
556303,22784,LANTERN CREAM GAZEBO ,3,2011-06-10 10:26:00,4.95,17064.0,United Kingdom
556303,82484,WOOD BLACK BOARD ANT WHITE FINISH,2,2011-06-10 10:26:00,7.95,17064.0,United Kingdom
556303,21411,GINGHAM HEART  DOORSTOP RED,3,2011-06-10 10:26:00,4.25,17064.0,United Kingdom
556303,22508,DOORSTOP RETROSPOT HEART,4,2011-06-10 10:26:00,3.75,17064.0,United Kingdom
556303,21380,WOODEN HAPPY BIRTHDAY GARLAND,6,2011-06-10 10:26:00,2.95,17064.0,United Kingdom
556303,21770,OPEN CLOSED METAL SIGN,2,2011-06-10 10:26:00,4.95,17064.0,United Kingdom
556303,22720,SET OF 3 CAKE TINS PANTRY DESIGN ,3,2011-06-10 10:26:00,4.95,17064.0,United Kingdom
556303,22138,BAKING SET 9 PIECE RETROSPOT ,3,2011-06-10 10:26:00,4.95,17064.0,United Kingdom
556303,22139,RETROSPOT TEA SET CERAMIC 11 PC ,3,2011-06-10 10:26:00,4.95,17064.0,United Kingdom
556303,21891,TRADITIONAL WOODEN SKIPPING ROPE,12,2011-06-10 10:26:00,1.45,17064.0,United Kingdom
556303,21892,TRADITIONAL WOODEN CATCH CUP GAME ,12,2011-06-10 10:26:00,1.25,17064.0,United Kingdom
556303,21625,VINTAGE UNION JACK APRON,3,2011-06-10 10:26:00,6.95,17064.0,United Kingdom
556303,21755,LOVE BUILDING BLOCK WORD,3,2011-06-10 10:26:00,5.95,17064.0,United Kingdom
556303,22595,GINGHAM HEART DECORATION,12,2011-06-10 10:26:00,0.85,17064.0,United Kingdom
556303,21622,VINTAGE UNION JACK CUSHION COVER,4,2011-06-10 10:26:00,4.95,17064.0,United Kingdom
556304,21932,SCANDINAVIAN PAISLEY PICNIC BAG,20,2011-06-10 10:29:00,1.65,12840.0,United Kingdom
556304,21936,RED RETROSPOT PICNIC BAG,20,2011-06-10 10:29:00,2.95,12840.0,United Kingdom
556304,21933,PINK VINTAGE PAISLEY PICNIC BAG,20,2011-06-10 10:29:00,1.65,12840.0,United Kingdom
556304,21937,STRAWBERRY   PICNIC BAG,20,2011-06-10 10:29:00,2.95,12840.0,United Kingdom
556304,20728,LUNCH BAG CARS BLUE,20,2011-06-10 10:29:00,1.65,12840.0,United Kingdom
556304,22384,LUNCH BAG PINK POLKADOT,20,2011-06-10 10:29:00,1.65,12840.0,United Kingdom
556304,22662,LUNCH BAG DOLLY GIRL DESIGN,20,2011-06-10 10:29:00,1.65,12840.0,United Kingdom
556304,21561,DINOSAUR LUNCH BOX WITH CUTLERY,12,2011-06-10 10:29:00,2.55,12840.0,United Kingdom
556304,22352,LUNCH BOX WITH CUTLERY RETROSPOT ,12,2011-06-10 10:29:00,2.55,12840.0,United Kingdom
556304,20725,LUNCH BAG RED RETROSPOT,20,2011-06-10 10:29:00,1.65,12840.0,United Kingdom
556304,20726,LUNCH BAG WOODLAND,20,2011-06-10 10:29:00,1.65,12840.0,United Kingdom
556304,22382,LUNCH BAG SPACEBOY DESIGN ,20,2011-06-10 10:29:00,1.65,12840.0,United Kingdom
556304,23209,LUNCH BAG DOILEY PATTERN ,20,2011-06-10 10:29:00,1.65,12840.0,United Kingdom
556304,23207,LUNCH BAG ALPHABET DESIGN,20,2011-06-10 10:29:00,1.65,12840.0,United Kingdom
556304,21559,STRAWBERRY LUNCH BOX WITH CUTLERY,12,2011-06-10 10:29:00,2.55,12840.0,United Kingdom
556304,23206,LUNCH BAG APPLE DESIGN,20,2011-06-10 10:29:00,1.65,12840.0,United Kingdom
556305,POST,POSTAGE,4,2011-06-10 10:38:00,18.0,12643.0,France
556305,22083,PAPER CHAIN KIT RETROSPOT,80,2011-06-10 10:38:00,2.55,12643.0,France
556305,22090,PAPER BUNTING RETROSPOT,80,2011-06-10 10:38:00,2.55,12643.0,France
556306,37479B,sold as set by dotcom,-30,2011-06-10 10:38:00,0.0,,United Kingdom
556307,37479P,sold as set on dotcom,-30,2011-06-10 10:39:00,0.0,,United Kingdom
556308,22130,sold as set on dotcom,-390,2011-06-10 10:43:00,0.0,,United Kingdom
556309,22856,sold as set on dotcom,-30,2011-06-10 10:44:00,0.0,,United Kingdom
556310,22944,sold as set on dotcom,-42,2011-06-10 10:44:00,0.0,,United Kingdom
556311,37471,sold as set on dotcom,-12,2011-06-10 10:45:00,0.0,,United Kingdom
556312,22924,sold as set on dotcom,-30,2011-06-10 10:46:00,0.0,,United Kingdom
556313,22923,sold as set on dotcom,-12,2011-06-10 10:46:00,0.0,,United Kingdom
556314,23155,sold as set on dotcom,-84,2011-06-10 10:47:00,0.0,,United Kingdom
556315,22948,sold as set on dotcom,-108,2011-06-10 10:47:00,0.0,,United Kingdom
556316,22128,sold as set on dotcom,-24,2011-06-10 10:48:00,0.0,,United Kingdom
556317,22857,sold as set on dotcom,-48,2011-06-10 10:48:00,0.0,,United Kingdom
556318,23207,LUNCH BAG ALPHABET DESIGN,20,2011-06-10 10:49:00,1.65,16767.0,United Kingdom
556318,23241,TREASURE TIN GYMKHANA DESIGN,12,2011-06-10 10:49:00,2.08,16767.0,United Kingdom
556318,23309,SET OF 60 I LOVE LONDON CAKE CASES ,120,2011-06-10 10:49:00,0.42,16767.0,United Kingdom
556318,23308,SET OF 60 VINTAGE LEAF CAKE CASES ,48,2011-06-10 10:49:00,0.55,16767.0,United Kingdom
556318,22748,POPPY'S PLAYHOUSE KITCHEN,24,2011-06-10 10:49:00,2.1,16767.0,United Kingdom
556318,23281,FOLDING BUTTERFLY MIRROR RED  ,24,2011-06-10 10:49:00,0.83,16767.0,United Kingdom
556318,22999,TRAVEL CARD WALLET RETRO PETALS,24,2011-06-10 10:49:00,0.42,16767.0,United Kingdom
556318,22831,WHITE BROCANTE SOAP DISH,12,2011-06-10 10:49:00,2.95,16767.0,United Kingdom
556318,23182,TOILET SIGN OCCUPIED OR VACANT,24,2011-06-10 10:49:00,0.83,16767.0,United Kingdom
556318,22993,SET OF 4 PANTRY JELLY MOULDS,24,2011-06-10 10:49:00,1.25,16767.0,United Kingdom
556318,22326,ROUND SNACK BOXES SET OF4 WOODLAND ,6,2011-06-10 10:49:00,2.95,16767.0,United Kingdom
556318,21559,STRAWBERRY LUNCH BOX WITH CUTLERY,6,2011-06-10 10:49:00,2.55,16767.0,United Kingdom
556318,20728,LUNCH BAG CARS BLUE,10,2011-06-10 10:49:00,1.65,16767.0,United Kingdom
556318,22328,ROUND SNACK BOXES SET OF 4 FRUITS ,6,2011-06-10 10:49:00,2.95,16767.0,United Kingdom
556318,23206,LUNCH BAG APPLE DESIGN,10,2011-06-10 10:49:00,1.65,16767.0,United Kingdom
556318,84380,SET OF 3 BUTTERFLY COOKIE CUTTERS,12,2011-06-10 10:49:00,1.25,16767.0,United Kingdom
556319,22945,sold as set on dotcom,-618,2011-06-10 10:49:00,0.0,,United Kingdom
556320,22922,sold as set on dotcom,-42,2011-06-10 10:50:00,0.0,,United Kingdom
556321,79163,sold as set on dotcom,-24,2011-06-10 10:50:00,0.0,,United Kingdom
556322,22915,sold as set on dotcom,-204,2011-06-10 10:51:00,0.0,,United Kingdom
556323,22423,REGENCY CAKESTAND 3 TIER,32,2011-06-10 10:59:00,10.95,17819.0,United Kingdom
556323,22699,ROSES REGENCY TEACUP AND SAUCER ,24,2011-06-10 10:59:00,2.55,17819.0,United Kingdom
556323,22698,PINK REGENCY TEACUP AND SAUCER,24,2011-06-10 10:59:00,2.55,17819.0,United Kingdom
556323,22697,GREEN REGENCY TEACUP AND SAUCER,24,2011-06-10 10:59:00,2.55,17819.0,United Kingdom
556323,22606,WOODEN SKITTLES GARDEN SET,1,2011-06-10 10:59:00,15.95,17819.0,United Kingdom
556323,47566,PARTY BUNTING,10,2011-06-10 10:59:00,4.95,17819.0,United Kingdom
C556324,POST,POSTAGE,-1,2011-06-10 11:15:00,5.0,14287.0,United Kingdom
C556324,21787,RAIN PONCHO RETROSPOT,-24,2011-06-10 11:15:00,0.85,14287.0,United Kingdom
556325,21770,OPEN CLOSED METAL SIGN,1,2011-06-10 11:20:00,4.95,17234.0,United Kingdom
556325,21372,MIRRORED WALL ART TABLE LAMP,5,2011-06-10 11:20:00,0.75,17234.0,United Kingdom
556325,21253,SET OF PICTURE FRAME  STICKERS,2,2011-06-10 11:20:00,2.95,17234.0,United Kingdom
556325,21677,HEARTS  STICKERS,6,2011-06-10 11:20:00,0.85,17234.0,United Kingdom
556325,21679,SKULLS  STICKERS,6,2011-06-10 11:20:00,0.85,17234.0,United Kingdom
556325,22617,BAKING SET SPACEBOY DESIGN,3,2011-06-10 11:20:00,4.95,17234.0,United Kingdom
556325,22358,KINGS CHOICE TEA CADDY ,2,2011-06-10 11:20:00,2.95,17234.0,United Kingdom
556325,22622,BOX OF VINTAGE ALPHABET BLOCKS,3,2011-06-10 11:20:00,11.95,17234.0,United Kingdom
556325,23256,CHILDRENS CUTLERY SPACEBOY ,4,2011-06-10 11:20:00,4.15,17234.0,United Kingdom
556325,23254,CHILDRENS CUTLERY DOLLY GIRL ,2,2011-06-10 11:20:00,4.15,17234.0,United Kingdom
556325,22138,BAKING SET 9 PIECE RETROSPOT ,3,2011-06-10 11:20:00,4.95,17234.0,United Kingdom
556325,21754,HOME BUILDING BLOCK WORD,3,2011-06-10 11:20:00,5.95,17234.0,United Kingdom
556325,22659,LUNCH BOX I LOVE LONDON,3,2011-06-10 11:20:00,1.95,17234.0,United Kingdom
556325,22713,CARD I LOVE LONDON ,12,2011-06-10 11:20:00,0.42,17234.0,United Kingdom
556326,20731,,10,2011-06-10 11:21:00,0.0,,United Kingdom
C556327,21700,BIG DOUGHNUT FRIDGE MAGNETS,-36,2011-06-10 11:22:00,0.85,17659.0,United Kingdom
556328,21027,,47,2011-06-10 11:23:00,0.0,,United Kingdom
556329,23084,RABBIT NIGHT LIGHT,2,2011-06-10 11:28:00,2.08,14573.0,United Kingdom
556329,22424,ENAMEL BREAD BIN CREAM,2,2011-06-10 11:28:00,12.75,14573.0,United Kingdom
556329,22766,PHOTO FRAME CORNICE,1,2011-06-10 11:28:00,2.95,14573.0,United Kingdom
556329,82494L,WOODEN FRAME ANTIQUE WHITE ,2,2011-06-10 11:28:00,2.95,14573.0,United Kingdom
556329,82482,WOODEN PICTURE FRAME WHITE FINISH,2,2011-06-10 11:28:00,2.55,14573.0,United Kingdom
556329,22794,SWEETHEART WIRE MAGAZINE RACK,2,2011-06-10 11:28:00,7.95,14573.0,United Kingdom
556329,22173,METAL 4 HOOK HANGER FRENCH CHATEAU,3,2011-06-10 11:28:00,2.95,14573.0,United Kingdom
556329,82581,TOILET METAL SIGN,18,2011-06-10 11:28:00,0.55,14573.0,United Kingdom
556329,22646,CERAMIC STRAWBERRY CAKE MONEY BANK,2,2011-06-10 11:28:00,1.45,14573.0,United Kingdom
556329,22720,SET OF 3 CAKE TINS PANTRY DESIGN ,2,2011-06-10 11:28:00,4.95,14573.0,United Kingdom
556329,22720,SET OF 3 CAKE TINS PANTRY DESIGN ,4,2011-06-10 11:28:00,4.95,14573.0,United Kingdom
556329,22171,3 HOOK PHOTO SHELF ANTIQUE WHITE,2,2011-06-10 11:28:00,8.5,14573.0,United Kingdom
556329,21781,MA CAMPAGNE CUTLERY BOX,2,2011-06-10 11:28:00,14.95,14573.0,United Kingdom
556330,22762,CUPBOARD 3 DRAWER MA CAMPAGNE,1,2011-06-10 11:29:00,14.95,17797.0,United Kingdom
556330,22047,EMPIRE GIFT WRAP,25,2011-06-10 11:29:00,0.42,17797.0,United Kingdom
556330,22710,WRAP I LOVE LONDON ,25,2011-06-10 11:29:00,0.42,17797.0,United Kingdom
556330,22704,WRAP RED APPLES ,25,2011-06-10 11:29:00,0.42,17797.0,United Kingdom
556330,23230,WRAP ALPHABET DESIGN,25,2011-06-10 11:29:00,0.42,17797.0,United Kingdom
556330,23232,WRAP VINTAGE PETALS  DESIGN,25,2011-06-10 11:29:00,0.42,17797.0,United Kingdom
556330,16162L,THE KING GIFT BAG,3,2011-06-10 11:29:00,0.65,17797.0,United Kingdom
556330,16168M,FUNKY MONKEY GIFT BAG MEDIUM,3,2011-06-10 11:29:00,0.42,17797.0,United Kingdom
556330,21907,I'M ON HOLIDAY METAL SIGN,2,2011-06-10 11:29:00,2.1,17797.0,United Kingdom
556330,82600,NO SINGING METAL SIGN,2,2011-06-10 11:29:00,2.1,17797.0,United Kingdom
556330,82582,AREA PATROLLED METAL SIGN,2,2011-06-10 11:29:00,2.1,17797.0,United Kingdom
556330,21245,GREEN POLKADOT PLATE ,2,2011-06-10 11:29:00,1.69,17797.0,United Kingdom
556330,23191,BUNDLE OF 3 RETRO NOTE BOOKS,2,2011-06-10 11:29:00,1.65,17797.0,United Kingdom
556330,23192,BUNDLE OF 3 ALPHABET EXERCISE BOOKS,2,2011-06-10 11:29:00,1.65,17797.0,United Kingdom
556330,23091,ZINC HERB GARDEN CONTAINER,1,2011-06-10 11:29:00,6.25,17797.0,United Kingdom
556330,23242,TREASURE TIN BUFFALO BILL ,2,2011-06-10 11:29:00,2.08,17797.0,United Kingdom
556330,22457,NATURAL SLATE HEART CHALKBOARD ,2,2011-06-10 11:29:00,2.95,17797.0,United Kingdom
556330,23132,SMALL IVORY HEART WALL ORGANISER,1,2011-06-10 11:29:00,5.75,17797.0,United Kingdom
556330,22863,SOAP DISH BROCANTE,4,2011-06-10 11:29:00,2.95,17797.0,United Kingdom
556330,23079,TOADSTOOL BEDSIDE LIGHT ,1,2011-06-10 11:29:00,8.95,17797.0,United Kingdom
556330,23082,SET 6 PAPER TABLE LANTERN HEARTS ,3,2011-06-10 11:29:00,3.75,17797.0,United Kingdom
556330,23273,HEART T-LIGHT HOLDER WILLIE WINKIE,2,2011-06-10 11:29:00,1.65,17797.0,United Kingdom
556330,23088,ZINC HEART FLOWER T-LIGHT HOLDER,6,2011-06-10 11:29:00,1.25,17797.0,United Kingdom
556330,23093,SMALL PARISIENNE HEART PHOTO FRAME ,2,2011-06-10 11:29:00,2.49,17797.0,United Kingdom
556330,22713,CARD I LOVE LONDON ,12,2011-06-10 11:29:00,0.42,17797.0,United Kingdom
556330,22906,12 MESSAGE CARDS WITH ENVELOPES,5,2011-06-10 11:29:00,1.65,17797.0,United Kingdom
556330,22917,HERB MARKER ROSEMARY,4,2011-06-10 11:29:00,0.65,17797.0,United Kingdom
556330,22921,HERB MARKER CHIVES ,6,2011-06-10 11:29:00,0.65,17797.0,United Kingdom
556330,22918,HERB MARKER PARSLEY,6,2011-06-10 11:29:00,0.65,17797.0,United Kingdom
556330,22920,HERB MARKER BASIL,3,2011-06-10 11:29:00,0.65,17797.0,United Kingdom
556330,22916,HERB MARKER THYME,4,2011-06-10 11:29:00,0.65,17797.0,United Kingdom
556330,22919,HERB MARKER MINT,6,2011-06-10 11:29:00,0.65,17797.0,United Kingdom
556330,84725,FREESTYLE CANVAS ART PICTURE,1,2011-06-10 11:29:00,1.65,17797.0,United Kingdom
556330,23301,GARDENERS KNEELING PAD KEEP CALM ,2,2011-06-10 11:29:00,1.65,17797.0,United Kingdom
556330,23208,LUNCH BAG VINTAGE LEAF DESIGN,2,2011-06-10 11:29:00,1.65,17797.0,United Kingdom
556330,23207,LUNCH BAG ALPHABET DESIGN,2,2011-06-10 11:29:00,1.65,17797.0,United Kingdom
556330,23206,LUNCH BAG APPLE DESIGN,2,2011-06-10 11:29:00,1.65,17797.0,United Kingdom
556330,23209,LUNCH BAG DOILEY PATTERN ,2,2011-06-10 11:29:00,1.65,17797.0,United Kingdom
556330,85123A,WHITE HANGING HEART T-LIGHT HOLDER,6,2011-06-10 11:29:00,2.95,17797.0,United Kingdom
556330,23133,LARGE IVORY HEART WALL ORGANISER,1,2011-06-10 11:29:00,8.25,17797.0,United Kingdom
556330,23134,LARGE ZINC HEART WALL ORGANISER,1,2011-06-10 11:29:00,8.25,17797.0,United Kingdom
556330,22188,BLACK HEART CARD HOLDER,2,2011-06-10 11:29:00,3.95,17797.0,United Kingdom
556330,22822,CREAM WALL PLANTER HEART SHAPED,2,2011-06-10 11:29:00,5.95,17797.0,United Kingdom
556330,22819,"BIRTHDAY CARD, RETRO SPOT",12,2011-06-10 11:29:00,0.42,17797.0,United Kingdom
556341,21900,"KEY FOB , SHED",24,2011-06-10 11:36:00,0.65,16614.0,United Kingdom
556341,21901,"KEY FOB , BACK DOOR ",24,2011-06-10 11:36:00,0.65,16614.0,United Kingdom
556341,21902,"KEY FOB , FRONT  DOOR ",24,2011-06-10 11:36:00,0.65,16614.0,United Kingdom
556341,48194,DOORMAT HEARTS,2,2011-06-10 11:36:00,7.95,16614.0,United Kingdom
556341,21407,BROWN CHECK CAT DOORSTOP ,3,2011-06-10 11:36:00,4.25,16614.0,United Kingdom
556341,22485,SET OF 2 WOODEN MARKET CRATES,2,2011-06-10 11:36:00,12.75,16614.0,United Kingdom
556341,48187,DOORMAT NEW ENGLAND,2,2011-06-10 11:36:00,7.95,16614.0,United Kingdom
556341,48188,DOORMAT WELCOME PUPPIES,2,2011-06-10 11:36:00,7.95,16614.0,United Kingdom
556341,21955,DOORMAT UNION JACK GUNS AND ROSES,2,2011-06-10 11:36:00,7.95,16614.0,United Kingdom
556341,21524,DOORMAT SPOTTY HOME SWEET HOME,2,2011-06-10 11:36:00,7.95,16614.0,United Kingdom
556341,22690,DOORMAT HOME SWEET HOME BLUE ,2,2011-06-10 11:36:00,7.95,16614.0,United Kingdom
556341,23284,DOORMAT KEEP CALM AND COME IN,4,2011-06-10 11:36:00,7.95,16614.0,United Kingdom
556341,48111,DOORMAT 3 SMILEY CATS,10,2011-06-10 11:36:00,6.75,16614.0,United Kingdom
556341,22692,DOORMAT WELCOME TO OUR HOME,2,2011-06-10 11:36:00,7.95,16614.0,United Kingdom
556341,22691,DOORMAT WELCOME SUNRISE,2,2011-06-10 11:36:00,7.95,16614.0,United Kingdom
556341,20685,DOORMAT RED RETROSPOT,2,2011-06-10 11:36:00,7.95,16614.0,United Kingdom
556341,85071C,"CHARLIE+LOLA""EXTREMELY BUSY"" SIGN",6,2011-06-10 11:36:00,2.55,16614.0,United Kingdom
556341,85071B,RED CHARLIE+LOLA PERSONAL DOORSIGN,6,2011-06-10 11:36:00,2.95,16614.0,United Kingdom
556341,22671,FRENCH LAUNDRY SIGN BLUE METAL,12,2011-06-10 11:36:00,1.65,16614.0,United Kingdom
556341,22673,FRENCH GARDEN SIGN BLUE METAL,12,2011-06-10 11:36:00,1.25,16614.0,United Kingdom
556341,21179,NO JUNK MAIL METAL SIGN,12,2011-06-10 11:36:00,1.25,16614.0,United Kingdom
556341,21165,BEWARE OF THE CAT METAL SIGN ,12,2011-06-10 11:36:00,1.69,16614.0,United Kingdom
556341,21172,PARTY METAL SIGN ,12,2011-06-10 11:36:00,1.45,16614.0,United Kingdom
556341,21174,POTTERING IN THE SHED METAL SIGN,12,2011-06-10 11:36:00,2.08,16614.0,United Kingdom
556341,21164,HOME SWEET HOME METAL SIGN ,6,2011-06-10 11:36:00,2.95,16614.0,United Kingdom
556341,21899,"KEY FOB , GARAGE DESIGN",24,2011-06-10 11:36:00,0.65,16614.0,United Kingdom
556365,21742,LARGE ROUND WICKER PLATTER ,1,2011-06-10 11:44:00,5.95,16370.0,United Kingdom
556365,21843,RED RETROSPOT CAKE STAND,1,2011-06-10 11:44:00,10.95,16370.0,United Kingdom
556365,22776,SWEETHEART CAKESTAND 3 TIER,1,2011-06-10 11:44:00,9.95,16370.0,United Kingdom
556365,22507,MEMO BOARD RETROSPOT  DESIGN,2,2011-06-10 11:44:00,4.95,16370.0,United Kingdom
556365,22171,3 HOOK PHOTO SHELF ANTIQUE WHITE,1,2011-06-10 11:44:00,8.5,16370.0,United Kingdom
556365,22417,PACK OF 60 SPACEBOY CAKE CASES,1,2011-06-10 11:44:00,0.55,16370.0,United Kingdom
556365,84992,72 SWEETHEART FAIRY CAKE CASES,3,2011-06-10 11:44:00,0.55,16370.0,United Kingdom
556365,21212,PACK OF 72 RETROSPOT CAKE CASES,4,2011-06-10 11:44:00,0.55,16370.0,United Kingdom
556365,21975,PACK OF 60 DINOSAUR CAKE CASES,4,2011-06-10 11:44:00,0.55,16370.0,United Kingdom
556365,84991,60 TEATIME FAIRY CAKE CASES,4,2011-06-10 11:44:00,0.55,16370.0,United Kingdom
556365,21466,RED FLOWER CROCHET FOOD COVER,3,2011-06-10 11:44:00,3.75,16370.0,United Kingdom
556365,21469,POLKA DOT RAFFIA FOOD COVER,2,2011-06-10 11:44:00,3.75,16370.0,United Kingdom
556365,22898,CHILDRENS APRON APPLES DESIGN,2,2011-06-10 11:44:00,1.95,16370.0,United Kingdom
556365,21156,RETROSPOT CHILDRENS APRON,2,2011-06-10 11:44:00,1.95,16370.0,United Kingdom
556365,22367,CHILDRENS APRON SPACEBOY DESIGN,1,2011-06-10 11:44:00,1.95,16370.0,United Kingdom
556365,47591D,PINK FAIRY CAKE CHILDRENS APRON,2,2011-06-10 11:44:00,1.95,16370.0,United Kingdom
556365,22964,3 PIECE SPACEBOY COOKIE CUTTER SET,2,2011-06-10 11:44:00,2.1,16370.0,United Kingdom
556365,85199S,SMALL HANGING IVORY/RED WOOD BIRD,2,2011-06-10 11:44:00,0.42,16370.0,United Kingdom
556365,85199L,LARGE HANGING IVORY & RED WOOD BIRD,2,2011-06-10 11:44:00,0.65,16370.0,United Kingdom
556365,20979,36 PENCILS TUBE RED RETROSPOT,5,2011-06-10 11:44:00,1.25,16370.0,United Kingdom
556365,22558,CLOTHES PEGS RETROSPOT PACK 24 ,1,2011-06-10 11:44:00,1.65,16370.0,United Kingdom
556365,84378,SET OF 3 HEART COOKIE CUTTERS,2,2011-06-10 11:44:00,1.25,16370.0,United Kingdom
556365,84380,SET OF 3 BUTTERFLY COOKIE CUTTERS,3,2011-06-10 11:44:00,1.25,16370.0,United Kingdom
556365,22759,SET OF 3 NOTEBOOKS IN PARCEL,2,2011-06-10 11:44:00,1.65,16370.0,United Kingdom
556365,85123A,WHITE HANGING HEART T-LIGHT HOLDER,2,2011-06-10 11:44:00,2.95,16370.0,United Kingdom
556365,23206,LUNCH BAG APPLE DESIGN,10,2011-06-10 11:44:00,1.65,16370.0,United Kingdom
556365,20914,SET/5 RED RETROSPOT LID GLASS BOWLS,2,2011-06-10 11:44:00,2.95,16370.0,United Kingdom
556365,21329,DINOSAURS  WRITING SET ,2,2011-06-10 11:44:00,1.65,16370.0,United Kingdom
556365,21328,BALLOONS  WRITING SET ,2,2011-06-10 11:44:00,1.65,16370.0,United Kingdom
556365,22083,PAPER CHAIN KIT RETROSPOT,3,2011-06-10 11:44:00,2.95,16370.0,United Kingdom
556365,23204,CHARLOTTE BAG APPLES DESIGN,10,2011-06-10 11:44:00,0.85,16370.0,United Kingdom
556365,22355,CHARLOTTE BAG SUKI DESIGN,3,2011-06-10 11:44:00,0.85,16370.0,United Kingdom
556365,20724,RED RETROSPOT CHARLOTTE BAG,10,2011-06-10 11:44:00,0.85,16370.0,United Kingdom
556365,22333,RETROSPOT PARTY BAG + STICKER SET,3,2011-06-10 11:44:00,1.65,16370.0,United Kingdom
556365,22334,DINOSAUR PARTY BAG + STICKER SET,1,2011-06-10 11:44:00,1.65,16370.0,United Kingdom
556365,20719,WOODLAND CHARLOTTE BAG,2,2011-06-10 11:44:00,0.85,16370.0,United Kingdom
556365,22384,LUNCH BAG PINK POLKADOT,10,2011-06-10 11:44:00,1.65,16370.0,United Kingdom
556365,20725,LUNCH BAG RED RETROSPOT,10,2011-06-10 11:44:00,1.65,16370.0,United Kingdom
556365,23205,CHARLOTTE BAG VINTAGE ALPHABET ,10,2011-06-10 11:44:00,0.85,16370.0,United Kingdom
556365,23201,JUMBO BAG ALPHABET,3,2011-06-10 11:44:00,2.08,16370.0,United Kingdom
556365,85099F,JUMBO BAG STRAWBERRY,1,2011-06-10 11:44:00,2.08,16370.0,United Kingdom
556365,85099B,JUMBO BAG RED RETROSPOT,3,2011-06-10 11:44:00,2.08,16370.0,United Kingdom
556365,21931,JUMBO STORAGE BAG SUKI,3,2011-06-10 11:44:00,2.08,16370.0,United Kingdom
556365,23199,JUMBO BAG APPLES,3,2011-06-10 11:44:00,2.08,16370.0,United Kingdom
556365,23200,JUMBO BAG PEARS,2,2011-06-10 11:44:00,2.08,16370.0,United Kingdom
556365,20728,LUNCH BAG CARS BLUE,10,2011-06-10 11:44:00,1.65,16370.0,United Kingdom
556386,23280,FOLDING BUTTERFLY MIRROR HOT PINK ,12,2011-06-10 11:49:00,0.83,16668.0,United Kingdom
556386,21260,FIRST AID TIN,12,2011-06-10 11:49:00,3.25,16668.0,United Kingdom
556386,85053,FRENCH ENAMEL CANDLEHOLDER,12,2011-06-10 11:49:00,2.1,16668.0,United Kingdom
556397,22386,JUMBO BAG PINK POLKADOT,100,2011-06-10 11:52:00,1.79,16029.0,United Kingdom
556397,85099F,JUMBO BAG STRAWBERRY,100,2011-06-10 11:52:00,1.79,16029.0,United Kingdom
556408,21955,DOORMAT UNION JACK GUNS AND ROSES,1,2011-06-10 11:54:00,7.95,13533.0,United Kingdom
556408,21524,DOORMAT SPOTTY HOME SWEET HOME,1,2011-06-10 11:54:00,7.95,13533.0,United Kingdom
556408,22548,HEADS AND TAILS SPORTING FUN,1,2011-06-10 11:54:00,1.25,13533.0,United Kingdom
556408,21705,BAG 500g SWIRLY MARBLES,2,2011-06-10 11:54:00,1.65,13533.0,United Kingdom
556408,21901,"KEY FOB , BACK DOOR ",1,2011-06-10 11:54:00,0.65,13533.0,United Kingdom
556408,21902,"KEY FOB , FRONT  DOOR ",1,2011-06-10 11:54:00,0.65,13533.0,United Kingdom
556408,22549,PICTURE DOMINOES,1,2011-06-10 11:54:00,1.45,13533.0,United Kingdom
556408,22197,SMALL POPCORN HOLDER,5,2011-06-10 11:54:00,0.85,13533.0,United Kingdom
556408,21790,VINTAGE SNAP CARDS,1,2011-06-10 11:54:00,0.85,13533.0,United Kingdom
556408,85152,HAND OVER THE CHOCOLATE   SIGN ,1,2011-06-10 11:54:00,2.1,13533.0,United Kingdom
556408,21770,OPEN CLOSED METAL SIGN,1,2011-06-10 11:54:00,4.95,13533.0,United Kingdom
556408,21908,CHOCOLATE THIS WAY METAL SIGN,1,2011-06-10 11:54:00,2.1,13533.0,United Kingdom
556408,21703,BAG 125g SWIRLY MARBLES,2,2011-06-10 11:54:00,0.42,13533.0,United Kingdom
556408,22059,CERAMIC STRAWBERRY DESIGN MUG,1,2011-06-10 11:54:00,1.49,13533.0,United Kingdom
556408,37448,CERAMIC CAKE DESIGN SPOTTED MUG,1,2011-06-10 11:54:00,1.49,13533.0,United Kingdom
556408,22064,PINK DOUGHNUT TRINKET POT ,2,2011-06-10 11:54:00,1.65,13533.0,United Kingdom
556408,22644,CERAMIC CHERRY CAKE MONEY BANK,2,2011-06-10 11:54:00,1.45,13533.0,United Kingdom
556408,22645,CERAMIC HEART FAIRY CAKE MONEY BANK,4,2011-06-10 11:54:00,1.45,13533.0,United Kingdom
556408,22646,CERAMIC STRAWBERRY CAKE MONEY BANK,4,2011-06-10 11:54:00,1.45,13533.0,United Kingdom
556408,37450,CERAMIC CAKE BOWL + HANGING CAKES,2,2011-06-10 11:54:00,2.95,13533.0,United Kingdom
556408,22066,LOVE HEART TRINKET POT,6,2011-06-10 11:54:00,0.39,13533.0,United Kingdom
556408,37446,MINI CAKE STAND WITH HANGING CAKES,3,2011-06-10 11:54:00,1.45,13533.0,United Kingdom
556408,22649,STRAWBERRY FAIRY CAKE TEAPOT,2,2011-06-10 11:54:00,4.95,13533.0,United Kingdom
556408,84596F,SMALL MARSHMALLOWS PINK BOWL,8,2011-06-10 11:54:00,0.42,13533.0,United Kingdom
556408,84596L,BISCUITS SMALL BOWL LIGHT BLUE,8,2011-06-10 11:54:00,0.42,13533.0,United Kingdom
556408,84596G,SMALL CHOCOLATES PINK BOWL,8,2011-06-10 11:54:00,0.42,13533.0,United Kingdom
556408,84596B,SMALL DOLLY MIX DESIGN ORANGE BOWL,8,2011-06-10 11:54:00,0.42,13533.0,United Kingdom
556408,37447,CERAMIC CAKE DESIGN SPOTTED PLATE,4,2011-06-10 11:54:00,1.49,13533.0,United Kingdom
556408,22059,CERAMIC STRAWBERRY DESIGN MUG,3,2011-06-10 11:54:00,1.49,13533.0,United Kingdom
556408,37448,CERAMIC CAKE DESIGN SPOTTED MUG,3,2011-06-10 11:54:00,1.49,13533.0,United Kingdom
556408,21232,STRAWBERRY CERAMIC TRINKET BOX,4,2011-06-10 11:54:00,1.25,13533.0,United Kingdom
556408,21231,SWEETHEART CERAMIC TRINKET BOX,4,2011-06-10 11:54:00,1.25,13533.0,United Kingdom
556408,22371,AIRLINE BAG VINTAGE TOKYO 78,1,2011-06-10 11:54:00,4.25,13533.0,United Kingdom
556413,22963,JAM JAR WITH GREEN LID,6,2011-06-10 12:01:00,0.85,16005.0,United Kingdom
556413,22961,JAM MAKING SET PRINTED,1,2011-06-10 12:01:00,1.45,16005.0,United Kingdom
556413,22766,PHOTO FRAME CORNICE,2,2011-06-10 12:01:00,2.95,16005.0,United Kingdom
556413,21034,REX CASH+CARRY JUMBO SHOPPER,1,2011-06-10 12:01:00,0.95,16005.0,United Kingdom
556413,22781,GUMBALL MAGAZINE RACK,1,2011-06-10 12:01:00,7.65,16005.0,United Kingdom
556413,85135C,RED DRAGONFLY HELICOPTER,1,2011-06-10 12:01:00,7.95,16005.0,United Kingdom
556413,20780,BLACK EAR MUFF HEADPHONES,1,2011-06-10 12:01:00,5.49,16005.0,United Kingdom
556413,22960,JAM MAKING SET WITH JARS,2,2011-06-10 12:01:00,4.25,16005.0,United Kingdom
556413,21394,RED POLKADOT BEAKER ,6,2011-06-10 12:01:00,0.39,16005.0,United Kingdom
556413,85132C,CHARLIE AND LOLA FIGURES TINS,2,2011-06-10 12:01:00,1.95,16005.0,United Kingdom
556413,23099,FRENCH CARRIAGE LANTERN,1,2011-06-10 12:01:00,6.65,16005.0,United Kingdom
556413,22763,KEY CABINET MA CAMPAGNE,1,2011-06-10 12:01:00,9.95,16005.0,United Kingdom
556413,44092C,PURPLE/COPPER HANGING LAMPSHADE,3,2011-06-10 12:01:00,0.85,16005.0,United Kingdom
556413,22093,MOTORING TISSUE BOX,1,2011-06-10 12:01:00,1.25,16005.0,United Kingdom
556413,20727,LUNCH BAG  BLACK SKULL.,1,2011-06-10 12:01:00,1.65,16005.0,United Kingdom
556413,23082,SET 6 PAPER TABLE LANTERN HEARTS ,1,2011-06-10 12:01:00,3.75,16005.0,United Kingdom
556413,23109,LED TEA LIGHTS,2,2011-06-10 12:01:00,2.89,16005.0,United Kingdom
556413,21913,VINTAGE SEASIDE JIGSAW PUZZLES,1,2011-06-10 12:01:00,3.75,16005.0,United Kingdom
556413,21888,BINGO SET,1,2011-06-10 12:01:00,3.75,16005.0,United Kingdom
556413,22382,LUNCH BAG SPACEBOY DESIGN ,1,2011-06-10 12:01:00,1.65,16005.0,United Kingdom
556413,48129,DOORMAT TOPIARY,1,2011-06-10 12:01:00,7.95,16005.0,United Kingdom
556413,22626,BLACK KITCHEN SCALES,1,2011-06-10 12:01:00,8.5,16005.0,United Kingdom
556413,20914,SET/5 RED RETROSPOT LID GLASS BOWLS,1,2011-06-10 12:01:00,2.95,16005.0,United Kingdom
556413,22385,JUMBO BAG SPACEBOY DESIGN,1,2011-06-10 12:01:00,2.08,16005.0,United Kingdom
556413,44092B,BLUE WHITE PLASTIC RINGS LAMPSHADE,3,2011-06-10 12:01:00,0.85,16005.0,United Kingdom
556413,71477,COLOUR GLASS. STAR T-LIGHT HOLDER,2,2011-06-10 12:01:00,3.25,16005.0,United Kingdom
C556414,22327,ROUND SNACK BOXES SET OF 4 SKULLS,-2,2011-06-10 12:14:00,2.95,13985.0,United Kingdom
C556414,22456,NATURAL SLATE CHALKBOARD LARGE ,-6,2011-06-10 12:14:00,4.95,13985.0,United Kingdom
556415,84755,COLOUR GLASS T-LIGHT HOLDER HANGING,96,2011-06-10 12:19:00,0.65,12409.0,Switzerland
556415,71053,WHITE METAL LANTERN,12,2011-06-10 12:19:00,3.75,12409.0,Switzerland
556415,22784,LANTERN CREAM GAZEBO ,12,2011-06-10 12:19:00,4.25,12409.0,Switzerland
556415,21907,I'M ON HOLIDAY METAL SIGN,48,2011-06-10 12:19:00,1.85,12409.0,Switzerland
556415,21169,YOU'RE CONFUSING ME METAL SIGN ,48,2011-06-10 12:19:00,1.45,12409.0,Switzerland
556415,21770,OPEN CLOSED METAL SIGN,36,2011-06-10 12:19:00,4.25,12409.0,Switzerland
556415,22192,BLUE DINER WALL CLOCK,12,2011-06-10 12:19:00,7.65,12409.0,Switzerland
556415,22427,ENAMEL FLOWER JUG CREAM,12,2011-06-10 12:19:00,5.45,12409.0,Switzerland
556415,22417,PACK OF 60 SPACEBOY CAKE CASES,120,2011-06-10 12:19:00,0.42,12409.0,Switzerland
556415,22697,GREEN REGENCY TEACUP AND SAUCER,24,2011-06-10 12:19:00,2.55,12409.0,Switzerland
556415,22699,ROSES REGENCY TEACUP AND SAUCER ,24,2011-06-10 12:19:00,2.55,12409.0,Switzerland
556415,23171,REGENCY TEA PLATE GREEN ,48,2011-06-10 12:19:00,1.45,12409.0,Switzerland
556415,23170,REGENCY TEA PLATE ROSES ,48,2011-06-10 12:19:00,1.45,12409.0,Switzerland
556415,22423,REGENCY CAKESTAND 3 TIER,12,2011-06-10 12:19:00,12.75,12409.0,Switzerland
556415,22960,JAM MAKING SET WITH JARS,12,2011-06-10 12:19:00,3.75,12409.0,Switzerland
556415,23298,SPOTTY BUNTING,50,2011-06-10 12:19:00,4.15,12409.0,Switzerland
556415,22637,PIGGY BANK RETROSPOT ,48,2011-06-10 12:19:00,2.1,12409.0,Switzerland
556415,20724,RED RETROSPOT CHARLOTTE BAG,100,2011-06-10 12:19:00,0.72,12409.0,Switzerland
556415,85099B,JUMBO BAG RED RETROSPOT,50,2011-06-10 12:19:00,2.08,12409.0,Switzerland
556415,85099C,JUMBO  BAG BAROQUE BLACK WHITE,100,2011-06-10 12:19:00,1.79,12409.0,Switzerland
556415,20717,STRAWBERRY SHOPPER BAG,100,2011-06-10 12:19:00,1.06,12409.0,Switzerland
556415,16161P,WRAP ENGLISH ROSE ,100,2011-06-10 12:19:00,0.42,12409.0,Switzerland
556415,22045,SPACEBOY GIFT WRAP,100,2011-06-10 12:19:00,0.42,12409.0,Switzerland
556415,22434,BALLOON PUMP WITH 10 BALLOONS,72,2011-06-10 12:19:00,1.95,12409.0,Switzerland
556415,22440,BALLOON WATER BOMB PACK OF 35,100,2011-06-10 12:19:00,0.42,12409.0,Switzerland
556415,22549,PICTURE DOMINOES,24,2011-06-10 12:19:00,1.45,12409.0,Switzerland
556415,22139,RETROSPOT TEA SET CERAMIC 11 PC ,24,2011-06-10 12:19:00,4.25,12409.0,Switzerland
556415,22138,BAKING SET 9 PIECE RETROSPOT ,24,2011-06-10 12:19:00,4.25,12409.0,Switzerland
556415,22553,PLASTERS IN TIN SKULLS,96,2011-06-10 12:19:00,1.45,12409.0,Switzerland
556415,22634,CHILDS BREAKFAST SET SPACEBOY ,8,2011-06-10 12:19:00,8.5,12409.0,Switzerland
556415,23049,RECYCLED ACAPULCO MAT RED,6,2011-06-10 12:19:00,8.25,12409.0,Switzerland
556415,23050,RECYCLED ACAPULCO MAT GREEN,6,2011-06-10 12:19:00,8.25,12409.0,Switzerland
556415,23051,RECYCLED ACAPULCO MAT BLUE,6,2011-06-10 12:19:00,8.25,12409.0,Switzerland
556415,23052,RECYCLED ACAPULCO MAT TURQUOISE,6,2011-06-10 12:19:00,8.25,12409.0,Switzerland
556415,23254,CHILDRENS CUTLERY DOLLY GIRL ,36,2011-06-10 12:19:00,4.15,12409.0,Switzerland
556415,23008,DOLLY GIRL BABY GIFT SET,6,2011-06-10 12:19:00,14.95,12409.0,Switzerland
556415,20676,RED RETROSPOT BOWL,24,2011-06-10 12:19:00,1.25,12409.0,Switzerland
556415,20677,PINK POLKADOT BOWL,24,2011-06-10 12:19:00,1.25,12409.0,Switzerland
556415,20675,BLUE POLKADOT BOWL,24,2011-06-10 12:19:00,1.25,12409.0,Switzerland
556415,20674,GREEN POLKADOT BOWL,24,2011-06-10 12:19:00,1.25,12409.0,Switzerland
556415,23255,CHILDRENS CUTLERY CIRCUS PARADE,36,2011-06-10 12:19:00,4.15,12409.0,Switzerland
556415,23256,CHILDRENS CUTLERY SPACEBOY ,72,2011-06-10 12:19:00,3.75,12409.0,Switzerland
556415,23007, SPACEBOY BABY GIFT SET,6,2011-06-10 12:19:00,14.95,12409.0,Switzerland
556415,23253,16 PIECE CUTLERY SET PANTRY DESIGN,24,2011-06-10 12:19:00,12.5,12409.0,Switzerland
556415,21124,SET/10 BLUE POLKADOT PARTY CANDLES,48,2011-06-10 12:19:00,1.25,12409.0,Switzerland
556415,21121,SET/10 RED POLKADOT PARTY CANDLES,96,2011-06-10 12:19:00,1.25,12409.0,Switzerland
556415,20685,DOORMAT RED RETROSPOT,20,2011-06-10 12:19:00,6.75,12409.0,Switzerland
556415,20719,WOODLAND CHARLOTTE BAG,100,2011-06-10 12:19:00,0.72,12409.0,Switzerland
556415,21164,HOME SWEET HOME METAL SIGN ,72,2011-06-10 12:19:00,2.55,12409.0,Switzerland
556415,22413,METAL SIGN TAKE IT OR LEAVE IT ,48,2011-06-10 12:19:00,2.55,12409.0,Switzerland
556415,22674,FRENCH TOILET SIGN BLUE METAL,96,2011-06-10 12:19:00,1.06,12409.0,Switzerland
556415,21976,PACK OF 60 MUSHROOM CAKE CASES,120,2011-06-10 12:19:00,0.42,12409.0,Switzerland
556415,47566,PARTY BUNTING,50,2011-06-10 12:19:00,4.15,12409.0,Switzerland
556415,22551,PLASTERS IN TIN SPACEBOY,96,2011-06-10 12:19:00,1.45,12409.0,Switzerland
556415,22554,PLASTERS IN TIN WOODLAND ANIMALS,96,2011-06-10 12:19:00,1.45,12409.0,Switzerland
556415,21212,PACK OF 72 RETROSPOT CAKE CASES,120,2011-06-10 12:19:00,0.42,12409.0,Switzerland
556415,22558,CLOTHES PEGS RETROSPOT PACK 24 ,96,2011-06-10 12:19:00,1.45,12409.0,Switzerland
556415,23079,TOADSTOOL BEDSIDE LIGHT ,24,2011-06-10 12:19:00,8.25,12409.0,Switzerland
556415,23108,SET OF 10 LED DOLLY LIGHTS,24,2011-06-10 12:19:00,5.39,12409.0,Switzerland
556415,23112,PARISIENNE CURIO CABINET,12,2011-06-10 12:19:00,6.65,12409.0,Switzerland
556415,23166,MEDIUM CERAMIC TOP STORAGE JAR,48,2011-06-10 12:19:00,1.04,12409.0,Switzerland
556415,23167,SMALL CERAMIC TOP STORAGE JAR ,48,2011-06-10 12:19:00,0.83,12409.0,Switzerland
556415,23165,LARGE CERAMIC TOP STORAGE JAR,48,2011-06-10 12:19:00,1.45,12409.0,Switzerland
556415,48184,DOORMAT ENGLISH ROSE ,20,2011-06-10 12:19:00,6.75,12409.0,Switzerland
556416,22699,ROSES REGENCY TEACUP AND SAUCER ,2,2011-06-10 12:19:00,2.95,15527.0,United Kingdom
556416,22584,PACK OF 6 PANNETONE GIFT BOXES,3,2011-06-10 12:19:00,2.55,15527.0,United Kingdom
556416,22583,PACK OF 6 HANDBAG GIFT BOXES,2,2011-06-10 12:19:00,2.55,15527.0,United Kingdom
556416,22620,4 TRADITIONAL SPINNING TOPS,1,2011-06-10 12:19:00,1.45,15527.0,United Kingdom
556416,22634,CHILDS BREAKFAST SET SPACEBOY ,1,2011-06-10 12:19:00,9.95,15527.0,United Kingdom
556416,23238,SET OF 4 KNICK KNACK TINS LONDON ,1,2011-06-10 12:19:00,4.15,15527.0,United Kingdom
556416,22619,SET OF 6 SOLDIER SKITTLES,1,2011-06-10 12:19:00,3.75,15527.0,United Kingdom
556416,22960,JAM MAKING SET WITH JARS,1,2011-06-10 12:19:00,4.25,15527.0,United Kingdom
556416,22501,PICNIC BASKET WICKER LARGE,1,2011-06-10 12:19:00,9.95,15527.0,United Kingdom
556416,22434,BALLOON PUMP WITH 10 BALLOONS,1,2011-06-10 12:19:00,1.95,15527.0,United Kingdom
556416,37476,CONDIMENT TRAY 4 BOWLS AND 4 SPOONS,1,2011-06-10 12:19:00,9.95,15527.0,United Kingdom
556416,85099B,JUMBO BAG RED RETROSPOT,2,2011-06-10 12:19:00,2.08,15527.0,United Kingdom
556416,85099C,JUMBO  BAG BAROQUE BLACK WHITE,10,2011-06-10 12:19:00,2.08,15527.0,United Kingdom
556416,23203,JUMBO BAG DOILEY PATTERNS,2,2011-06-10 12:19:00,2.08,15527.0,United Kingdom
556416,20712,JUMBO BAG WOODLAND ANIMALS,10,2011-06-10 12:19:00,2.08,15527.0,United Kingdom
556416,23245,SET OF 3 REGENCY CAKE TINS,1,2011-06-10 12:19:00,4.95,15527.0,United Kingdom
556416,22423,REGENCY CAKESTAND 3 TIER,7,2011-06-10 12:19:00,12.75,15527.0,United Kingdom
556416,22698,PINK REGENCY TEACUP AND SAUCER,2,2011-06-10 12:19:00,2.95,15527.0,United Kingdom
556416,22697,GREEN REGENCY TEACUP AND SAUCER,2,2011-06-10 12:19:00,2.95,15527.0,United Kingdom
556416,22971,QUEENS GUARD COFFEE MUG,6,2011-06-10 12:19:00,2.55,15527.0,United Kingdom
556416,23171,REGENCY TEA PLATE GREEN ,2,2011-06-10 12:19:00,1.65,15527.0,United Kingdom
556416,23170,REGENCY TEA PLATE ROSES ,2,2011-06-10 12:19:00,1.65,15527.0,United Kingdom
556416,23172,REGENCY TEA PLATE PINK,2,2011-06-10 12:19:00,1.65,15527.0,United Kingdom
556416,23084,RABBIT NIGHT LIGHT,1,2011-06-10 12:19:00,2.08,15527.0,United Kingdom
556417,22720,SET OF 3 CAKE TINS PANTRY DESIGN ,4,2011-06-10 12:24:00,4.95,14543.0,United Kingdom
556418,47021G,,288,2011-06-10 12:26:00,0.0,,United Kingdom
556419,21523,DOORMAT FANCY FONT HOME SWEET HOME,2,2011-06-10 12:30:00,7.95,15411.0,United Kingdom
556419,23284,DOORMAT KEEP CALM AND COME IN,2,2011-06-10 12:30:00,7.95,15411.0,United Kingdom
556419,21172,PARTY METAL SIGN ,12,2011-06-10 12:30:00,1.45,15411.0,United Kingdom
556419,48173C,DOORMAT BLACK FLOCK ,2,2011-06-10 12:30:00,7.95,15411.0,United Kingdom
556419,21955,DOORMAT UNION JACK GUNS AND ROSES,2,2011-06-10 12:30:00,7.95,15411.0,United Kingdom
556419,22595,GINGHAM HEART DECORATION,12,2011-06-10 12:30:00,0.85,15411.0,United Kingdom
556419,21754,HOME BUILDING BLOCK WORD,3,2011-06-10 12:30:00,5.95,15411.0,United Kingdom
556419,21755,LOVE BUILDING BLOCK WORD,3,2011-06-10 12:30:00,5.95,15411.0,United Kingdom
556419,22668,PINK BABY BUNTING,5,2011-06-10 12:30:00,2.95,15411.0,United Kingdom
556419,22669,RED BABY BUNTING ,5,2011-06-10 12:30:00,2.95,15411.0,United Kingdom
556425,22661,CHARLOTTE BAG DOLLY GIRL DESIGN,4,2011-06-10 12:51:00,0.85,14178.0,United Kingdom
556425,20719,WOODLAND CHARLOTTE BAG,6,2011-06-10 12:51:00,0.85,14178.0,United Kingdom
556425,23298,SPOTTY BUNTING,1,2011-06-10 12:51:00,4.95,14178.0,United Kingdom
556425,22661,CHARLOTTE BAG DOLLY GIRL DESIGN,2,2011-06-10 12:51:00,0.85,14178.0,United Kingdom
556425,20724,RED RETROSPOT CHARLOTTE BAG,6,2011-06-10 12:51:00,0.85,14178.0,United Kingdom
556425,23242,TREASURE TIN BUFFALO BILL ,12,2011-06-10 12:51:00,2.08,14178.0,United Kingdom
556425,23241,TREASURE TIN GYMKHANA DESIGN,12,2011-06-10 12:51:00,2.08,14178.0,United Kingdom
556425,22487,WHITE WOOD GARDEN PLANT LADDER,1,2011-06-10 12:51:00,9.95,14178.0,United Kingdom
556425,23169,CLASSIC GLASS COOKIE JAR,6,2011-06-10 12:51:00,4.15,14178.0,United Kingdom
556425,23300,GARDENERS KNEELING PAD CUP OF TEA ,1,2011-06-10 12:51:00,1.65,14178.0,United Kingdom
556425,22629,SPACEBOY LUNCH BOX ,6,2011-06-10 12:51:00,1.95,14178.0,United Kingdom
556425,84596G,SMALL CHOCOLATES PINK BOWL,8,2011-06-10 12:51:00,0.42,14178.0,United Kingdom
556425,21395,BLUE POLKADOT BEAKER ,6,2011-06-10 12:51:00,0.39,14178.0,United Kingdom
556425,21394,RED POLKADOT BEAKER ,6,2011-06-10 12:51:00,0.39,14178.0,United Kingdom
556425,84596F,SMALL MARSHMALLOWS PINK BOWL,8,2011-06-10 12:51:00,0.42,14178.0,United Kingdom
556425,21715,GIRLS VINTAGE TIN SEASIDE BUCKET,2,2011-06-10 12:51:00,2.55,14178.0,United Kingdom
556425,21716,BOYS VINTAGE TIN SEASIDE BUCKET,2,2011-06-10 12:51:00,2.55,14178.0,United Kingdom
556425,22191,IVORY DINER WALL CLOCK,1,2011-06-10 12:51:00,8.5,14178.0,United Kingdom
556425,85152,HAND OVER THE CHOCOLATE   SIGN ,1,2011-06-10 12:51:00,2.1,14178.0,United Kingdom
556425,23184,BULL DOG BOTTLE OPENER,1,2011-06-10 12:51:00,4.95,14178.0,United Kingdom
556425,22315,200 RED + WHITE BENDY STRAWS,1,2011-06-10 12:51:00,1.25,14178.0,United Kingdom
556425,21871,SAVE THE PLANET MUG,2,2011-06-10 12:51:00,1.25,14178.0,United Kingdom
556425,22161,HEART DECORATION RUSTIC HANGING ,6,2011-06-10 12:51:00,0.19,14178.0,United Kingdom
556425,22028,PENNY FARTHING BIRTHDAY CARD,12,2011-06-10 12:51:00,0.42,14178.0,United Kingdom
556425,22029,SPACEBOY BIRTHDAY CARD,12,2011-06-10 12:51:00,0.42,14178.0,United Kingdom
556425,22983,CARD BILLBOARD FONT,12,2011-06-10 12:51:00,0.42,14178.0,United Kingdom
556425,22037,ROBOT BIRTHDAY CARD,12,2011-06-10 12:51:00,0.42,14178.0,United Kingdom
556425,22630,DOLLY GIRL LUNCH BOX,6,2011-06-10 12:51:00,1.95,14178.0,United Kingdom
556425,22356,CHARLOTTE BAG PINK POLKADOT,6,2011-06-10 12:51:00,0.85,14178.0,United Kingdom
556426,84879,ASSORTED COLOUR BIRD ORNAMENT,8,2011-06-10 13:18:00,1.69,16729.0,United Kingdom
556426,23310,BUBBLEGUM RING ASSORTED,36,2011-06-10 13:18:00,0.42,16729.0,United Kingdom
556426,85123A,WHITE HANGING HEART T-LIGHT HOLDER,3,2011-06-10 13:18:00,2.95,16729.0,United Kingdom
556426,85132B,CHARLIE AND LOLA TABLE TINS,6,2011-06-10 13:18:00,1.95,16729.0,United Kingdom
556426,23238,SET OF 4 KNICK KNACK TINS LONDON ,4,2011-06-10 13:18:00,4.15,16729.0,United Kingdom
556426,23240,SET OF 4 KNICK KNACK TINS DOILEY ,2,2011-06-10 13:18:00,4.15,16729.0,United Kingdom
556426,23237,SET OF 4 KNICK KNACK TINS LEAVES ,2,2011-06-10 13:18:00,4.15,16729.0,United Kingdom
556426,85183B,CHARLIE & LOLA WASTEPAPER BIN FLORA,3,2011-06-10 13:18:00,1.25,16729.0,United Kingdom
556426,85183A,CHARLIE & LOLA WASTEPAPER BIN BLUE,3,2011-06-10 13:18:00,1.25,16729.0,United Kingdom
556426,22383,LUNCH BAG SUKI DESIGN ,10,2011-06-10 13:18:00,1.65,16729.0,United Kingdom
556426,22659,LUNCH BOX I LOVE LONDON,5,2011-06-10 13:18:00,1.95,16729.0,United Kingdom
556426,22631,CIRCUS PARADE LUNCH BOX ,3,2011-06-10 13:18:00,1.95,16729.0,United Kingdom
556426,79321,CHILLI LIGHTS,3,2011-06-10 13:18:00,5.75,16729.0,United Kingdom
556426,22727,ALARM CLOCK BAKELIKE RED ,5,2011-06-10 13:18:00,3.75,16729.0,United Kingdom
556426,23206,LUNCH BAG APPLE DESIGN,10,2011-06-10 13:18:00,1.65,16729.0,United Kingdom
556426,23208,LUNCH BAG VINTAGE LEAF DESIGN,10,2011-06-10 13:18:00,1.65,16729.0,United Kingdom
556426,21746,SMALL RED RETROSPOT WINDMILL,2,2011-06-10 13:18:00,1.25,16729.0,United Kingdom
556426,23209,LUNCH BAG DOILEY PATTERN ,10,2011-06-10 13:18:00,1.65,16729.0,United Kingdom
556426,20725,LUNCH BAG RED RETROSPOT,10,2011-06-10 13:18:00,1.65,16729.0,United Kingdom
556426,22382,LUNCH BAG SPACEBOY DESIGN ,5,2011-06-10 13:18:00,1.65,16729.0,United Kingdom
556426,21936,RED RETROSPOT PICNIC BAG,5,2011-06-10 13:18:00,2.95,16729.0,United Kingdom
556427,20711,JUMBO BAG TOYS ,4,2011-06-10 13:23:00,4.13,,United Kingdom
556427,20712,JUMBO BAG WOODLAND ANIMALS,1,2011-06-10 13:23:00,4.13,,United Kingdom
556427,21080,SET/20 RED RETROSPOT PAPER NAPKINS ,2,2011-06-10 13:23:00,2.46,,United Kingdom
556427,21086,SET/6 RED SPOTTY PAPER CUPS,4,2011-06-10 13:23:00,1.63,,United Kingdom
556427,21094,SET/6 RED SPOTTY PAPER PLATES,4,2011-06-10 13:23:00,2.46,,United Kingdom
556427,21179,NO JUNK MAIL METAL SIGN,1,2011-06-10 13:23:00,3.29,,United Kingdom
556427,21424,WOODLAND STORAGE BOX LARGE ,1,2011-06-10 13:23:00,6.63,,United Kingdom
556427,21428,SET3 BOOK BOX GREEN GINGHAM FLOWER ,1,2011-06-10 13:23:00,8.29,,United Kingdom
556427,21430,SET/3 RED GINGHAM ROSE STORAGE BOX,1,2011-06-10 13:23:00,7.46,,United Kingdom
556427,21523,DOORMAT FANCY FONT HOME SWEET HOME,1,2011-06-10 13:23:00,16.63,,United Kingdom
556427,21621,VINTAGE UNION JACK BUNTING,1,2011-06-10 13:23:00,12.46,,United Kingdom
556427,21714,CITRONELLA CANDLE GARDEN POT,40,2011-06-10 13:23:00,2.46,,United Kingdom
556427,21930,JUMBO STORAGE BAG SKULLS,1,2011-06-10 13:23:00,4.96,,United Kingdom
556427,21931,JUMBO STORAGE BAG SUKI,5,2011-06-10 13:23:00,4.13,,United Kingdom
556427,21936,RED RETROSPOT PICNIC BAG,2,2011-06-10 13:23:00,5.79,,United Kingdom
556427,21977,PACK OF 60 PINK PAISLEY CAKE CASES,1,2011-06-10 13:23:00,2.08,,United Kingdom
556427,22041,"RECORD FRAME 7"" SINGLE SIZE ",1,2011-06-10 13:23:00,4.96,,United Kingdom
556427,22360,GLASS JAR ENGLISH CONFECTIONERY,1,2011-06-10 13:23:00,5.79,,United Kingdom
556427,22379,RECYCLING BAG RETROSPOT ,1,2011-06-10 13:23:00,4.96,,United Kingdom
556427,22386,JUMBO BAG PINK POLKADOT,2,2011-06-10 13:23:00,4.13,,United Kingdom
556427,22411,JUMBO SHOPPER VINTAGE RED PAISLEY,1,2011-06-10 13:23:00,4.13,,United Kingdom
556427,22501,PICNIC BASKET WICKER LARGE,1,2011-06-10 13:23:00,20.79,,United Kingdom
556427,22630,DOLLY GIRL LUNCH BOX,1,2011-06-10 13:23:00,2.46,,United Kingdom
556427,22993,SET OF 4 PANTRY JELLY MOULDS,1,2011-06-10 13:23:00,3.29,,United Kingdom
556427,23199,JUMBO BAG APPLES,1,2011-06-10 13:23:00,4.13,,United Kingdom
556427,23301,GARDENERS KNEELING PAD KEEP CALM ,1,2011-06-10 13:23:00,3.29,,United Kingdom
556427,37340,MULTICOLOUR SPRING FLOWER MUG,1,2011-06-10 13:23:00,8.29,,United Kingdom
556427,84375,SET OF 20 KIDS COOKIE CUTTERS,4,2011-06-10 13:23:00,4.13,,United Kingdom
556427,84380,SET OF 3 BUTTERFLY COOKIE CUTTERS,2,2011-06-10 13:23:00,3.29,,United Kingdom
556427,85099B,JUMBO BAG RED RETROSPOT,2,2011-06-10 13:23:00,4.13,,United Kingdom
556427,85132b,CHARLIE AND LOLA TABLE TINS,1,2011-06-10 13:23:00,8.29,,United Kingdom
556427,DOT,DOTCOM POSTAGE,1,2011-06-10 13:23:00,91.33,,United Kingdom
556428,21876,POTTERING MUG,1,2011-06-10 13:23:00,3.29,,United Kingdom
556428,21929,JUMBO BAG PINK VINTAGE PAISLEY,5,2011-06-10 13:23:00,4.13,,United Kingdom
556428,21931,JUMBO STORAGE BAG SUKI,6,2011-06-10 13:23:00,4.13,,United Kingdom
556428,21937,STRAWBERRY   PICNIC BAG,1,2011-06-10 13:23:00,5.79,,United Kingdom
556428,22077,6 RIBBONS RUSTIC CHARM,1,2011-06-10 13:23:00,4.13,,United Kingdom
556428,22156,HEART DECORATION WITH PEARLS ,5,2011-06-10 13:23:00,1.63,,United Kingdom
556428,22178,VICTORIAN GLASS HANGING T-LIGHT,3,2011-06-10 13:23:00,2.46,,United Kingdom
556428,22195,LARGE HEART MEASURING SPOONS,1,2011-06-10 13:23:00,3.29,,United Kingdom
556428,22196,SMALL HEART MEASURING SPOONS,1,2011-06-10 13:23:00,1.63,,United Kingdom
556428,22297,HEART IVORY TRELLIS SMALL,2,2011-06-10 13:23:00,2.46,,United Kingdom
556428,22371,AIRLINE BAG VINTAGE TOKYO 78,1,2011-06-10 13:23:00,8.29,,United Kingdom
556428,22379,RECYCLING BAG RETROSPOT ,1,2011-06-10 13:23:00,4.96,,United Kingdom
556428,22386,JUMBO BAG PINK POLKADOT,5,2011-06-10 13:23:00,4.13,,United Kingdom
556428,22411,JUMBO SHOPPER VINTAGE RED PAISLEY,7,2011-06-10 13:23:00,4.13,,United Kingdom
556428,22493,PAINT YOUR OWN CANVAS SET,2,2011-06-10 13:23:00,3.29,,United Kingdom
556428,22502,PICNIC BASKET WICKER SMALL,4,2011-06-10 13:23:00,10.79,,United Kingdom
556428,22629,SPACEBOY LUNCH BOX ,1,2011-06-10 13:23:00,2.46,,United Kingdom
556428,22659,LUNCH BOX I LOVE LONDON,1,2011-06-10 13:23:00,2.46,,United Kingdom
556428,22670,FRENCH WC SIGN BLUE METAL,1,2011-06-10 13:23:00,2.46,,United Kingdom
556428,22752,SET 7 BABUSHKA NESTING BOXES,1,2011-06-10 13:23:00,16.63,,United Kingdom
556428,22795,SWEETHEART RECIPE BOOK STAND,1,2011-06-10 13:23:00,13.29,,United Kingdom
556428,22845,VINTAGE CREAM CAT FOOD CONTAINER,1,2011-06-10 13:23:00,12.46,,United Kingdom
556428,22900,SET 2 TEA TOWELS I LOVE LONDON ,1,2011-06-10 13:23:00,4.13,,United Kingdom
556428,22964,3 PIECE SPACEBOY COOKIE CUTTER SET,1,2011-06-10 13:23:00,4.13,,United Kingdom
556428,23199,JUMBO BAG APPLES,1,2011-06-10 13:23:00,4.13,,United Kingdom
556428,47566b,TEA TIME PARTY BUNTING,1,2011-06-10 13:23:00,8.29,,United Kingdom
556428,48185,DOORMAT FAIRY CAKE,1,2011-06-10 13:23:00,14.13,,United Kingdom
556428,84029G,KNITTED UNION FLAG HOT WATER BOTTLE,1,2011-06-10 13:23:00,8.29,,United Kingdom
556428,84792,ENCHANTED BIRD COATHANGER 5 HOOK,1,2011-06-10 13:23:00,9.13,,United Kingdom
556428,85099B,JUMBO BAG RED RETROSPOT,3,2011-06-10 13:23:00,4.13,,United Kingdom
556428,DOT,DOTCOM POSTAGE,1,2011-06-10 13:23:00,130.71,,United Kingdom
556428,20711,JUMBO BAG TOYS ,6,2011-06-10 13:23:00,4.13,,United Kingdom
556428,20712,JUMBO BAG WOODLAND ANIMALS,7,2011-06-10 13:23:00,4.13,,United Kingdom
556428,20735,BLACK MINI TAPE MEASURE ,2,2011-06-10 13:23:00,1.63,,United Kingdom
556428,21166,COOK WITH WINE METAL SIGN ,1,2011-06-10 13:23:00,4.13,,United Kingdom
556428,21411,GINGHAM HEART  DOORSTOP RED,1,2011-06-10 13:23:00,8.29,,United Kingdom
556428,21430,SET/3 RED GINGHAM ROSE STORAGE BOX,1,2011-06-10 13:23:00,7.46,,United Kingdom
556428,21523,DOORMAT FANCY FONT HOME SWEET HOME,1,2011-06-10 13:23:00,16.63,,United Kingdom
556428,21786,POLKADOT RAIN HAT ,1,2011-06-10 13:23:00,0.79,,United Kingdom
556429,15056bl,EDWARDIAN PARASOL BLACK,1,2011-06-10 13:23:00,12.46,,United Kingdom
556429,20676,RED RETROSPOT BOWL,4,2011-06-10 13:23:00,2.46,,United Kingdom
556429,20711,JUMBO BAG TOYS ,2,2011-06-10 13:23:00,4.13,,United Kingdom
556429,20712,JUMBO BAG WOODLAND ANIMALS,3,2011-06-10 13:23:00,4.13,,United Kingdom
556429,20717,STRAWBERRY SHOPPER BAG,1,2011-06-10 13:23:00,2.46,,United Kingdom
556429,20828,GLITTER BUTTERFLY CLIPS,1,2011-06-10 13:23:00,4.96,,United Kingdom
556429,21430,SET/3 RED GINGHAM ROSE STORAGE BOX,1,2011-06-10 13:23:00,7.46,,United Kingdom
556429,21672,WHITE SPOT RED CERAMIC DRAWER KNOB,1,2011-06-10 13:23:00,2.46,,United Kingdom
556429,21929,JUMBO BAG PINK VINTAGE PAISLEY,1,2011-06-10 13:23:00,4.13,,United Kingdom
556429,21930,JUMBO STORAGE BAG SKULLS,4,2011-06-10 13:23:00,4.96,,United Kingdom
556429,21931,JUMBO STORAGE BAG SUKI,6,2011-06-10 13:23:00,4.13,,United Kingdom
556429,22089,PAPER BUNTING VINTAGE PAISLEY,1,2011-06-10 13:23:00,4.13,,United Kingdom
556429,22297,HEART IVORY TRELLIS SMALL,2,2011-06-10 13:23:00,2.46,,United Kingdom
556429,22385,JUMBO BAG SPACEBOY DESIGN,1,2011-06-10 13:23:00,4.13,,United Kingdom
556429,22386,JUMBO BAG PINK POLKADOT,2,2011-06-10 13:23:00,4.13,,United Kingdom
556429,22411,JUMBO SHOPPER VINTAGE RED PAISLEY,2,2011-06-10 13:23:00,4.13,,United Kingdom
556429,22569,FELTCRAFT CUSHION BUTTERFLY,1,2011-06-10 13:23:00,7.46,,United Kingdom
556429,22679,FRENCH BLUE METAL DOOR SIGN 4,1,2011-06-10 13:23:00,2.46,,United Kingdom
556429,22685,FRENCH BLUE METAL DOOR SIGN 0,1,2011-06-10 13:23:00,2.46,,United Kingdom
556429,22686,FRENCH BLUE METAL DOOR SIGN No,1,2011-06-10 13:23:00,2.46,,United Kingdom
556429,23199,JUMBO BAG APPLES,3,2011-06-10 13:23:00,4.13,,United Kingdom
556429,37340,MULTICOLOUR SPRING FLOWER MUG,1,2011-06-10 13:23:00,8.29,,United Kingdom
556429,82482,WOODEN PICTURE FRAME WHITE FINISH,1,2011-06-10 13:23:00,4.96,,United Kingdom
556429,84997a,CHILDRENS CUTLERY POLKADOT GREEN ,1,2011-06-10 13:23:00,8.29,,United Kingdom
556429,85099B,JUMBO BAG RED RETROSPOT,2,2011-06-10 13:23:00,4.13,,United Kingdom
556429,DOT,DOTCOM POSTAGE,1,2011-06-10 13:23:00,61.63,,United Kingdom
556430,22968,,19,2011-06-10 13:24:00,0.0,,United Kingdom
556431,21094,SET/6 RED SPOTTY PAPER PLATES,1,2011-06-10 13:24:00,2.46,,United Kingdom
556431,22131,FOOD CONTAINER SET 3 LOVE HEART ,1,2011-06-10 13:24:00,4.13,,United Kingdom
556431,DOT,DOTCOM POSTAGE,1,2011-06-10 13:24:00,9.08,,United Kingdom
556432,20974,12 PENCILS SMALL TUBE SKULL,24,2011-06-10 13:59:00,0.65,16184.0,United Kingdom
556432,23052,RECYCLED ACAPULCO MAT TURQUOISE,4,2011-06-10 13:59:00,8.25,16184.0,United Kingdom
556432,23051,RECYCLED ACAPULCO MAT BLUE,5,2011-06-10 13:59:00,8.25,16184.0,United Kingdom
556432,23050,RECYCLED ACAPULCO MAT GREEN,4,2011-06-10 13:59:00,8.25,16184.0,United Kingdom
556432,21755,LOVE BUILDING BLOCK WORD,3,2011-06-10 13:59:00,5.95,16184.0,United Kingdom
556432,21754,HOME BUILDING BLOCK WORD,3,2011-06-10 13:59:00,5.95,16184.0,United Kingdom
556432,84879,ASSORTED COLOUR BIRD ORNAMENT,24,2011-06-10 13:59:00,1.69,16184.0,United Kingdom
556432,21136,PAINTED METAL PEARS ASSORTED,24,2011-06-10 13:59:00,1.69,16184.0,United Kingdom
556432,22178,VICTORIAN GLASS HANGING T-LIGHT,24,2011-06-10 13:59:00,1.25,16184.0,United Kingdom
556432,84946,ANTIQUE SILVER T-LIGHT GLASS,24,2011-06-10 13:59:00,1.25,16184.0,United Kingdom
556433,20677,PINK POLKADOT BOWL,4,2011-06-10 14:01:00,2.46,,United Kingdom
556433,20719,WOODLAND CHARLOTTE BAG,15,2011-06-10 14:01:00,2.46,,United Kingdom
556433,20723,STRAWBERRY CHARLOTTE BAG,15,2011-06-10 14:01:00,2.46,,United Kingdom
556433,20724,RED RETROSPOT CHARLOTTE BAG,25,2011-06-10 14:01:00,2.46,,United Kingdom
556433,20725,LUNCH BAG RED RETROSPOT,15,2011-06-10 14:01:00,4.96,,United Kingdom
556433,20726,LUNCH BAG WOODLAND,5,2011-06-10 14:01:00,4.96,,United Kingdom
556433,20727,LUNCH BAG  BLACK SKULL.,3,2011-06-10 14:01:00,4.96,,United Kingdom
556433,20728,LUNCH BAG CARS BLUE,9,2011-06-10 14:01:00,4.96,,United Kingdom
556433,21041,RED RETROSPOT OVEN GLOVE DOUBLE,4,2011-06-10 14:01:00,6.63,,United Kingdom
556433,21082,SET/20 FRUIT SALAD PAPER NAPKINS ,2,2011-06-10 14:01:00,1.63,,United Kingdom
556433,21154,RED RETROSPOT OVEN GLOVE ,2,2011-06-10 14:01:00,3.29,,United Kingdom
556433,21155,RED RETROSPOT PEG BAG,7,2011-06-10 14:01:00,4.96,,United Kingdom
556433,21212,PACK OF 72 RETROSPOT CAKE CASES,12,2011-06-10 14:01:00,2.08,,United Kingdom
556433,21213,PACK OF 72 SKULL CAKE CASES,2,2011-06-10 14:01:00,2.08,,United Kingdom
556433,21232,STRAWBERRY CERAMIC TRINKET BOX,2,2011-06-10 14:01:00,3.29,,United Kingdom
556433,21238,RED RETROSPOT CUP,6,2011-06-10 14:01:00,1.63,,United Kingdom
556433,21239,PINK  POLKADOT CUP,2,2011-06-10 14:01:00,1.63,,United Kingdom
556433,21240,BLUE POLKADOT CUP,1,2011-06-10 14:01:00,1.63,,United Kingdom
556433,21242,RED RETROSPOT PLATE ,2,2011-06-10 14:01:00,3.29,,United Kingdom
556433,21327,SKULLS WRITING SET ,2,2011-06-10 14:01:00,2.46,,United Kingdom
556433,21329,DINOSAURS  WRITING SET ,1,2011-06-10 14:01:00,3.29,,United Kingdom
556433,21484,CHICK GREY HOT WATER BOTTLE,1,2011-06-10 14:01:00,8.29,,United Kingdom
556433,21556,CERAMIC STRAWBERRY MONEY BOX,2,2011-06-10 14:01:00,4.13,,United Kingdom
556433,21673,WHITE SPOT BLUE CERAMIC DRAWER KNOB,4,2011-06-10 14:01:00,2.46,,United Kingdom
556433,21912,VINTAGE SNAKES & LADDERS,1,2011-06-10 14:01:00,7.46,,United Kingdom
556433,21934,SKULL SHOULDER BAG,1,2011-06-10 14:01:00,3.29,,United Kingdom
556433,21976,PACK OF 60 MUSHROOM CAKE CASES,1,2011-06-10 14:01:00,2.08,,United Kingdom
556433,22068,BLACK PIRATE TREASURE CHEST,1,2011-06-10 14:01:00,4.13,,United Kingdom
556433,22079,RIBBON REEL HEARTS DESIGN ,1,2011-06-10 14:01:00,2.46,,United Kingdom
556433,22112,CHOCOLATE HOT WATER BOTTLE,1,2011-06-10 14:01:00,12.46,,United Kingdom
556433,22327,ROUND SNACK BOXES SET OF 4 SKULLS,1,2011-06-10 14:01:00,6.63,,United Kingdom
556433,22328,ROUND SNACK BOXES SET OF 4 FRUITS ,2,2011-06-10 14:01:00,4.13,,United Kingdom
556433,22355,CHARLOTTE BAG SUKI DESIGN,30,2011-06-10 14:01:00,2.46,,United Kingdom
556433,22356,CHARLOTTE BAG PINK POLKADOT,3,2011-06-10 14:01:00,2.46,,United Kingdom
556433,22383,LUNCH BAG SUKI DESIGN ,4,2011-06-10 14:01:00,4.96,,United Kingdom
556433,22384,LUNCH BAG PINK POLKADOT,1,2011-06-10 14:01:00,4.96,,United Kingdom
556433,22417,PACK OF 60 SPACEBOY CAKE CASES,1,2011-06-10 14:01:00,2.08,,United Kingdom
556433,22423,REGENCY CAKESTAND 3 TIER,5,2011-06-10 14:01:00,24.96,,United Kingdom
556433,22631,CIRCUS PARADE LUNCH BOX ,2,2011-06-10 14:01:00,3.29,,United Kingdom
556433,22646,CERAMIC STRAWBERRY CAKE MONEY BANK,2,2011-06-10 14:01:00,4.13,,United Kingdom
556433,22666,RECIPE BOX PANTRY YELLOW DESIGN,4,2011-06-10 14:01:00,6.63,,United Kingdom
556433,22835,HOT WATER BOTTLE I AM SO POORLY,1,2011-06-10 14:01:00,7.46,,United Kingdom
556433,23204,CHARLOTTE BAG APPLES DESIGN,2,2011-06-10 14:01:00,2.46,,United Kingdom
556433,23206,LUNCH BAG APPLE DESIGN,1,2011-06-10 14:01:00,4.96,,United Kingdom
556433,23298,SPOTTY BUNTING,8,2011-06-10 14:01:00,10.79,,United Kingdom
556433,47566,PARTY BUNTING,33,2011-06-10 14:01:00,10.79,,United Kingdom
556433,79321,CHILLI LIGHTS,2,2011-06-10 14:01:00,12.46,,United Kingdom
556433,84029E,RED WOOLLY HOTTIE WHITE HEART.,1,2011-06-10 14:01:00,7.46,,United Kingdom
556433,84692,BOX OF 24 COCKTAIL PARASOLS,1,2011-06-10 14:01:00,1.63,,United Kingdom
556433,84989a,75 GREEN FAIRY CAKE CASES,1,2011-06-10 14:01:00,2.08,,United Kingdom
556433,84997c,CHILDRENS CUTLERY POLKADOT BLUE,2,2011-06-10 14:01:00,8.29,,United Kingdom
556433,84997d,CHILDRENS CUTLERY POLKADOT PINK,1,2011-06-10 14:01:00,8.29,,United Kingdom
556433,85049g,CHOCOLATE BOX RIBBONS ,1,2011-06-10 14:01:00,2.46,,United Kingdom
556434,22427,ENAMEL FLOWER JUG CREAM,3,2011-06-10 14:06:00,5.95,14895.0,United Kingdom
556434,22781,GUMBALL MAGAZINE RACK,2,2011-06-10 14:06:00,7.65,14895.0,United Kingdom
556434,22192,BLUE DINER WALL CLOCK,2,2011-06-10 14:06:00,8.5,14895.0,United Kingdom
556434,21175,GIN + TONIC DIET METAL SIGN,12,2011-06-10 14:06:00,2.55,14895.0,United Kingdom
556434,21174,POTTERING IN THE SHED METAL SIGN,12,2011-06-10 14:06:00,2.08,14895.0,United Kingdom
556434,22178,VICTORIAN GLASS HANGING T-LIGHT,24,2011-06-10 14:06:00,1.25,14895.0,United Kingdom
556434,82494L,WOODEN FRAME ANTIQUE WHITE ,6,2011-06-10 14:06:00,2.95,14895.0,United Kingdom
556434,21042,RED RETROSPOT APRON ,3,2011-06-10 14:06:00,5.95,14895.0,United Kingdom
556434,21745,GAOLERS KEYS DECORATIVE GARDEN ,12,2011-06-10 14:06:00,3.75,14895.0,United Kingdom
556434,22960,JAM MAKING SET WITH JARS,6,2011-06-10 14:06:00,4.25,14895.0,United Kingdom
556434,22084,PAPER CHAIN KIT EMPIRE,6,2011-06-10 14:06:00,2.95,14895.0,United Kingdom
556434,22088,PAPER BUNTING COLOURED LACE,6,2011-06-10 14:06:00,2.95,14895.0,United Kingdom
556434,22360,GLASS JAR ENGLISH CONFECTIONERY,6,2011-06-10 14:06:00,2.95,14895.0,United Kingdom
556434,21658,GLASS  BEURRE DISH,6,2011-06-10 14:06:00,3.95,14895.0,United Kingdom
556434,84978,HANGING HEART JAR T-LIGHT HOLDER,24,2011-06-10 14:06:00,1.25,14895.0,United Kingdom
556434,23310,BUBBLEGUM RING ASSORTED,36,2011-06-10 14:06:00,0.42,14895.0,United Kingdom
556434,22986,WRAP GINGHAM ROSE ,25,2011-06-10 14:06:00,0.42,14895.0,United Kingdom
556434,21539,RED RETROSPOT BUTTER DISH,3,2011-06-10 14:06:00,4.95,14895.0,United Kingdom
556434,22720,SET OF 3 CAKE TINS PANTRY DESIGN ,3,2011-06-10 14:06:00,4.95,14895.0,United Kingdom
556434,22969,HOMEMADE JAM SCENTED CANDLES,12,2011-06-10 14:06:00,1.45,14895.0,United Kingdom
556434,22993,SET OF 4 PANTRY JELLY MOULDS,12,2011-06-10 14:06:00,1.25,14895.0,United Kingdom
556434,23173,REGENCY TEAPOT ROSES ,4,2011-06-10 14:06:00,9.95,14895.0,United Kingdom
556434,22423,REGENCY CAKESTAND 3 TIER,6,2011-06-10 14:06:00,12.75,14895.0,United Kingdom
556434,22699,ROSES REGENCY TEACUP AND SAUCER ,12,2011-06-10 14:06:00,2.95,14895.0,United Kingdom
556434,22698,PINK REGENCY TEACUP AND SAUCER,12,2011-06-10 14:06:00,2.95,14895.0,United Kingdom
556434,22697,GREEN REGENCY TEACUP AND SAUCER,12,2011-06-10 14:06:00,2.95,14895.0,United Kingdom
556435,23227,FILIGREE HEART BUTTERFLY WHITE ,24,2011-06-10 14:08:00,1.25,14895.0,United Kingdom
556435,23243,SET OF TEA COFFEE SUGAR TINS PANTRY,4,2011-06-10 14:08:00,4.95,14895.0,United Kingdom
556435,23245,SET OF 3 REGENCY CAKE TINS,4,2011-06-10 14:08:00,4.95,14895.0,United Kingdom
556435,23306,SET OF 36 DOILIES PANTRY DESIGN,12,2011-06-10 14:08:00,1.45,14895.0,United Kingdom
556435,23307,SET OF 60 PANTRY DESIGN CAKE CASES ,24,2011-06-10 14:08:00,0.55,14895.0,United Kingdom
556435,22627,MINT KITCHEN SCALES,2,2011-06-10 14:08:00,8.5,14895.0,United Kingdom
556435,22625,RED KITCHEN SCALES,2,2011-06-10 14:08:00,8.5,14895.0,United Kingdom
556435,22624,IVORY KITCHEN SCALES,2,2011-06-10 14:08:00,8.5,14895.0,United Kingdom
C556436,21559,STRAWBERRY LUNCH BOX WITH CUTLERY,-1,2011-06-10 14:28:00,2.55,16358.0,United Kingdom
556437,21034,REX CASH+CARRY JUMBO SHOPPER,1,2011-06-10 14:31:00,0.95,14077.0,United Kingdom
556437,23282,FOLDING BUTTERFLY MIRROR IVORY ,4,2011-06-10 14:31:00,0.83,14077.0,United Kingdom
556437,23241,TREASURE TIN GYMKHANA DESIGN,12,2011-06-10 14:31:00,2.08,14077.0,United Kingdom
556437,23084,RABBIT NIGHT LIGHT,12,2011-06-10 14:31:00,2.08,14077.0,United Kingdom
556437,23280,FOLDING BUTTERFLY MIRROR HOT PINK ,4,2011-06-10 14:31:00,0.83,14077.0,United Kingdom
556437,23236,DOILEY STORAGE TIN,2,2011-06-10 14:31:00,2.89,14077.0,United Kingdom
556437,22661,CHARLOTTE BAG DOLLY GIRL DESIGN,10,2011-06-10 14:31:00,0.85,14077.0,United Kingdom
556437,22630,DOLLY GIRL LUNCH BOX,20,2011-06-10 14:31:00,1.95,14077.0,United Kingdom
556438,37479B,,8,2011-06-10 14:36:00,0.0,,United Kingdom
556439,21116,OWL DOORSTOP,9,2011-06-10 14:46:00,4.95,18061.0,United Kingdom
556439,21658,GLASS  BEURRE DISH,8,2011-06-10 14:46:00,3.95,18061.0,United Kingdom
556439,21523,DOORMAT FANCY FONT HOME SWEET HOME,6,2011-06-10 14:46:00,7.95,18061.0,United Kingdom
556439,22622,BOX OF VINTAGE ALPHABET BLOCKS,2,2011-06-10 14:46:00,11.95,18061.0,United Kingdom
556440,85132C,CHARLIE AND LOLA FIGURES TINS,12,2011-06-10 14:51:00,1.95,14401.0,United Kingdom
556440,20992,JAZZ HEARTS PURSE NOTEBOOK,48,2011-06-10 14:51:00,0.39,14401.0,United Kingdom
556440,82486,WOOD S/3 CABINET ANT WHITE FINISH,12,2011-06-10 14:51:00,8.15,14401.0,United Kingdom
556440,21165,BEWARE OF THE CAT METAL SIGN ,48,2011-06-10 14:51:00,1.45,14401.0,United Kingdom
556440,82483,WOOD 2 DRAWER CABINET WHITE FINISH,16,2011-06-10 14:51:00,5.95,14401.0,United Kingdom
556440,21382,SET/4 SPRING FLOWER DECORATION,24,2011-06-10 14:51:00,0.75,14401.0,United Kingdom
556440,21635,MADRAS NOTEBOOK LARGE ,24,2011-06-10 14:51:00,1.25,14401.0,United Kingdom
556440,22228,BUNNY WOODEN PAINTED WITH BIRD ,24,2011-06-10 14:51:00,0.39,14401.0,United Kingdom
556440,22229,BUNNY WOODEN PAINTED WITH FLOWER ,24,2011-06-10 14:51:00,0.39,14401.0,United Kingdom
556440,22161,HEART DECORATION RUSTIC HANGING ,24,2011-06-10 14:51:00,0.19,14401.0,United Kingdom
556440,22231,JIGSAW TREE WITH BIRDHOUSE,12,2011-06-10 14:51:00,0.59,14401.0,United Kingdom
556440,22268,DECORATION SITTING BUNNY,48,2011-06-10 14:51:00,0.19,14401.0,United Kingdom
556440,22286,DECORATION WOBBLY RABBIT METAL ,24,2011-06-10 14:51:00,0.39,14401.0,United Kingdom
556440,84944,SET OF 6 KASHMIR FOLKART BAUBLES,12,2011-06-10 14:51:00,1.65,14401.0,United Kingdom
556440,22233,JIGSAW RABBIT AND BIRDHOUSE,12,2011-06-10 14:51:00,0.59,14401.0,United Kingdom
556441,22377,BOTTLE BAG RETROSPOT ,8,2011-06-10 15:07:00,2.1,14415.0,United Kingdom
556441,23203,JUMBO BAG DOILEY PATTERNS,6,2011-06-10 15:07:00,2.08,14415.0,United Kingdom
556441,22374,AIRLINE BAG VINTAGE JET SET RED,1,2011-06-10 15:07:00,4.25,14415.0,United Kingdom
556441,22372,AIRLINE BAG VINTAGE WORLD CHAMPION ,1,2011-06-10 15:07:00,4.25,14415.0,United Kingdom
556441,22371,AIRLINE BAG VINTAGE TOKYO 78,1,2011-06-10 15:07:00,4.25,14415.0,United Kingdom
556441,23207,LUNCH BAG ALPHABET DESIGN,5,2011-06-10 15:07:00,1.65,14415.0,United Kingdom
556441,22662,LUNCH BAG DOLLY GIRL DESIGN,5,2011-06-10 15:07:00,1.65,14415.0,United Kingdom
556441,23208,LUNCH BAG VINTAGE LEAF DESIGN,5,2011-06-10 15:07:00,1.65,14415.0,United Kingdom
556441,20726,LUNCH BAG WOODLAND,5,2011-06-10 15:07:00,1.65,14415.0,United Kingdom
556441,22384,LUNCH BAG PINK POLKADOT,5,2011-06-10 15:07:00,1.65,14415.0,United Kingdom
556441,23206,LUNCH BAG APPLE DESIGN,5,2011-06-10 15:07:00,1.65,14415.0,United Kingdom
556441,23209,LUNCH BAG DOILEY PATTERN ,5,2011-06-10 15:07:00,1.65,14415.0,United Kingdom
556441,22383,LUNCH BAG SUKI DESIGN ,5,2011-06-10 15:07:00,1.65,14415.0,United Kingdom
556441,21535,RED RETROSPOT SMALL MILK JUG,2,2011-06-10 15:07:00,2.55,14415.0,United Kingdom
556441,23106,ZINC HEARTS PLANT POT HOLDER,8,2011-06-10 15:07:00,2.89,14415.0,United Kingdom
556441,23168,CLASSIC CAFE SUGAR DISPENSER,4,2011-06-10 15:07:00,1.25,14415.0,United Kingdom
556441,21781,MA CAMPAGNE CUTLERY BOX,1,2011-06-10 15:07:00,14.95,14415.0,United Kingdom
556441,20685,DOORMAT RED RETROSPOT,2,2011-06-10 15:07:00,7.95,14415.0,United Kingdom
556441,22690,DOORMAT HOME SWEET HOME BLUE ,2,2011-06-10 15:07:00,7.95,14415.0,United Kingdom
556441,23182,TOILET SIGN OCCUPIED OR VACANT,6,2011-06-10 15:07:00,0.83,14415.0,United Kingdom
556441,23301,GARDENERS KNEELING PAD KEEP CALM ,8,2011-06-10 15:07:00,1.65,14415.0,United Kingdom
556441,23300,GARDENERS KNEELING PAD CUP OF TEA ,4,2011-06-10 15:07:00,1.65,14415.0,United Kingdom
556441,22670,FRENCH WC SIGN BLUE METAL,6,2011-06-10 15:07:00,1.25,14415.0,United Kingdom
556441,22789,T-LIGHT HOLDER SWEETHEART HANGING,8,2011-06-10 15:07:00,1.95,14415.0,United Kingdom
556441,21137,BLACK RECORD COVER FRAME,3,2011-06-10 15:07:00,3.75,14415.0,United Kingdom
556441,21843,RED RETROSPOT CAKE STAND,1,2011-06-10 15:07:00,10.95,14415.0,United Kingdom
556441,84970S,HANGING HEART ZINC T-LIGHT HOLDER,12,2011-06-10 15:07:00,0.85,14415.0,United Kingdom
556441,21428,SET3 BOOK BOX GREEN GINGHAM FLOWER ,3,2011-06-10 15:07:00,4.25,14415.0,United Kingdom
556441,21539,RED RETROSPOT BUTTER DISH,2,2011-06-10 15:07:00,4.95,14415.0,United Kingdom
556441,22996,TRAVEL CARD WALLET VINTAGE TICKET,1,2011-06-10 15:07:00,0.42,14415.0,United Kingdom
556441,23236,DOILEY STORAGE TIN,4,2011-06-10 15:07:00,2.89,14415.0,United Kingdom
556441,22178,VICTORIAN GLASS HANGING T-LIGHT,12,2011-06-10 15:07:00,1.25,14415.0,United Kingdom
556441,22300,COFFEE MUG DOG + BALL DESIGN,6,2011-06-10 15:07:00,2.55,14415.0,United Kingdom
556441,22302,COFFEE MUG PEARS  DESIGN,6,2011-06-10 15:07:00,2.55,14415.0,United Kingdom
556441,23235,STORAGE TIN VINTAGE LEAF,4,2011-06-10 15:07:00,2.89,14415.0,United Kingdom
556442,22502,PICNIC BASKET WICKER SMALL,60,2011-06-10 15:22:00,4.95,15098.0,United Kingdom
556443,15056BL,EDWARDIAN PARASOL BLACK,18,2011-06-10 15:28:00,5.95,12712.0,Germany
556443,15056N,EDWARDIAN PARASOL NATURAL,18,2011-06-10 15:28:00,5.95,12712.0,Germany
556443,15056P,EDWARDIAN PARASOL PINK,6,2011-06-10 15:28:00,5.95,12712.0,Germany
556443,23050,RECYCLED ACAPULCO MAT GREEN,12,2011-06-10 15:28:00,8.25,12712.0,Germany
556443,23052,RECYCLED ACAPULCO MAT TURQUOISE,12,2011-06-10 15:28:00,8.25,12712.0,Germany
556443,23054,RECYCLED ACAPULCO MAT LAVENDER,6,2011-06-10 15:28:00,8.25,12712.0,Germany
556443,23053,RECYCLED ACAPULCO MAT PINK,6,2011-06-10 15:28:00,8.25,12712.0,Germany
556443,16016,LARGE CHINESE STYLE SCISSOR,10,2011-06-10 15:28:00,0.85,12712.0,Germany
556443,POST,POSTAGE,4,2011-06-10 15:28:00,18.0,12712.0,Germany
556444,22502,PICNIC BASKET WICKER 60 PIECES,60,2011-06-10 15:28:00,649.5,15098.0,United Kingdom
C556445,M,Manual,-1,2011-06-10 15:31:00,38970.0,15098.0,United Kingdom
556446,22502,PICNIC BASKET WICKER 60 PIECES,1,2011-06-10 15:33:00,649.5,15098.0,United Kingdom
556447,20984,12 PENCILS TALL TUBE POSY,24,2011-06-10 15:37:00,0.29,15632.0,United Kingdom
556447,21878,PACK OF 6 SANDCASTLE FLAGS ASSORTED,48,2011-06-10 15:37:00,0.85,15632.0,United Kingdom
556447,22570,FELTCRAFT CUSHION RABBIT,8,2011-06-10 15:37:00,3.75,15632.0,United Kingdom
556447,22568,FELTCRAFT CUSHION OWL,8,2011-06-10 15:37:00,3.75,15632.0,United Kingdom
556447,22569,FELTCRAFT CUSHION BUTTERFLY,8,2011-06-10 15:37:00,3.75,15632.0,United Kingdom
556447,23237,SET OF 4 KNICK KNACK TINS LEAVES ,12,2011-06-10 15:37:00,4.15,15632.0,United Kingdom
556447,23240,SET OF 4 KNICK KNACK TINS DOILEY ,12,2011-06-10 15:37:00,4.15,15632.0,United Kingdom
556447,22720,SET OF 3 CAKE TINS PANTRY DESIGN ,12,2011-06-10 15:37:00,4.95,15632.0,United Kingdom
556447,22961,JAM MAKING SET PRINTED,12,2011-06-10 15:37:00,1.45,15632.0,United Kingdom
C556448,22502,PICNIC BASKET WICKER SMALL,-60,2011-06-10 15:39:00,4.95,15098.0,United Kingdom
C556453,21622,VINTAGE UNION JACK CUSHION COVER,-6,2011-06-10 16:33:00,4.95,14525.0,United Kingdom
556454,15039,SANDALWOOD FAN,48,2011-06-10 16:37:00,0.85,12947.0,United Kingdom
556455,84596F,SMALL MARSHMALLOWS PINK BOWL,72,2011-06-10 16:46:00,0.42,15856.0,United Kingdom
556455,85123A,WHITE HANGING HEART T-LIGHT HOLDER,32,2011-06-10 16:46:00,2.55,15856.0,United Kingdom
556455,82483,WOOD 2 DRAWER CABINET WHITE FINISH,16,2011-06-10 16:46:00,5.95,15856.0,United Kingdom
556455,79321,CHILLI LIGHTS,24,2011-06-10 16:46:00,4.95,15856.0,United Kingdom
556455,84596B,SMALL DOLLY MIX DESIGN ORANGE BOWL,72,2011-06-10 16:46:00,0.42,15856.0,United Kingdom
556455,82484,WOOD BLACK BOARD ANT WHITE FINISH,12,2011-06-10 16:46:00,6.75,15856.0,United Kingdom
556455,22197,SMALL POPCORN HOLDER,100,2011-06-10 16:46:00,0.72,15856.0,United Kingdom
556455,23000,TRAVEL CARD WALLET TRANSPORT,24,2011-06-10 16:46:00,0.42,15856.0,United Kingdom
556455,22997,TRAVEL CARD WALLET UNION JACK,24,2011-06-10 16:46:00,0.42,15856.0,United Kingdom
556455,22996,TRAVEL CARD WALLET VINTAGE TICKET,24,2011-06-10 16:46:00,0.42,15856.0,United Kingdom
556455,22994,TRAVEL CARD WALLET RETROSPOT,24,2011-06-10 16:46:00,0.42,15856.0,United Kingdom
556455,22998,TRAVEL CARD WALLET KEEP CALM,48,2011-06-10 16:46:00,0.42,15856.0,United Kingdom
556455,23003,TRAVEL CARD WALLET VINTAGE ROSE ,24,2011-06-10 16:46:00,0.42,15856.0,United Kingdom
556455,20676,RED RETROSPOT BOWL,24,2011-06-10 16:46:00,1.25,15856.0,United Kingdom
556455,23159,SET OF 5 PANCAKE DAY MAGNETS,12,2011-06-10 16:46:00,2.08,15856.0,United Kingdom
556455,23158,SET OF 5 LUCKY CAT MAGNETS ,12,2011-06-10 16:46:00,2.08,15856.0,United Kingdom
556455,23156,SET OF 5 MINI GROCERY MAGNETS,24,2011-06-10 16:46:00,2.08,15856.0,United Kingdom
556455,23154,SET OF 4 JAM JAR MAGNETS,12,2011-06-10 16:46:00,2.08,15856.0,United Kingdom
556456,22730,ALARM CLOCK BAKELIKE IVORY,1,2011-06-10 16:47:00,3.75,12748.0,United Kingdom
C556457,72760B,VINTAGE CREAM 3 BASKET CAKE STAND,-1,2011-06-10 16:50:00,4.65,15856.0,United Kingdom
C556457,21843,RED RETROSPOT CAKE STAND,-1,2011-06-10 16:50:00,10.95,15856.0,United Kingdom
C556457,37449,CERAMIC CAKE STAND + HANGING CAKES,-5,2011-06-10 16:50:00,6.75,15856.0,United Kingdom
C556458,21786,POLKADOT RAIN HAT ,-22,2011-06-10 17:21:00,0.42,15491.0,United Kingdom
556459,15036,ASSORTED COLOURS SILK FAN,1,2011-06-10 17:25:00,1.63,,United Kingdom
556459,15039,SANDALWOOD FAN,1,2011-06-10 17:25:00,1.63,,United Kingdom
556459,15058A,BLUE POLKADOT GARDEN PARASOL,1,2011-06-10 17:25:00,10.79,,United Kingdom
556459,17012B,ORIGAMI JASMINE INCENSE/CANDLE SET,1,2011-06-10 17:25:00,2.46,,United Kingdom
556459,17129F,BLUE GLASS GEMS IN BAG,10,2011-06-10 17:25:00,1.63,,United Kingdom
556459,20667,CHERRY BLOSSOM PURSE,1,2011-06-10 17:25:00,2.46,,United Kingdom
556459,20675,BLUE POLKADOT BOWL,1,2011-06-10 17:25:00,2.46,,United Kingdom
556459,20701,PINK CAT FLORAL CUSHION COVER ,1,2011-06-10 17:25:00,4.13,,United Kingdom
556459,20707,CRAZY DAISY HEART DECORATION,1,2011-06-10 17:25:00,0.83,,United Kingdom
556459,20712,JUMBO BAG WOODLAND ANIMALS,6,2011-06-10 17:25:00,4.13,,United Kingdom
556459,20717,STRAWBERRY SHOPPER BAG,1,2011-06-10 17:25:00,2.46,,United Kingdom
556459,20719,WOODLAND CHARLOTTE BAG,1,2011-06-10 17:25:00,1.63,,United Kingdom
556459,20956,PORCELAIN T-LIGHT HOLDERS ASSORTED,1,2011-06-10 17:25:00,2.46,,United Kingdom
556459,20981,12 PENCILS TALL TUBE WOODLAND,1,2011-06-10 17:25:00,1.63,,United Kingdom
556459,21012,ANTIQUE ALL GLASS CANDLESTICK,3,2011-06-10 17:25:00,2.46,,United Kingdom
556459,21069,VINTAGE BILLBOARD TEA MUG,1,2011-06-10 17:25:00,2.46,,United Kingdom
556459,21071,VINTAGE BILLBOARD DRINK ME MUG,2,2011-06-10 17:25:00,2.46,,United Kingdom
556459,21084,SET/6 COLLAGE PAPER CUPS,3,2011-06-10 17:25:00,0.83,,United Kingdom
556459,21090,SET/6 COLLAGE PAPER PLATES,10,2011-06-10 17:25:00,0.83,,United Kingdom
556459,21098,CHRISTMAS TOILET ROLL,1,2011-06-10 17:25:00,2.46,,United Kingdom
556459,21155,RED RETROSPOT PEG BAG,1,2011-06-10 17:25:00,4.96,,United Kingdom
556459,21174,POTTERING IN THE SHED METAL SIGN,1,2011-06-10 17:25:00,4.13,,United Kingdom
556459,21179,NO JUNK MAIL METAL SIGN,2,2011-06-10 17:25:00,1.63,,United Kingdom
556459,21213,PACK OF 72 SKULL CAKE CASES,1,2011-06-10 17:25:00,1.25,,United Kingdom
556459,21216,"SET 3 RETROSPOT TEA,COFFEE,SUGAR",1,2011-06-10 17:25:00,10.79,,United Kingdom
556459,21218,RED SPOTTY BISCUIT TIN,1,2011-06-10 17:25:00,8.29,,United Kingdom
556459,21231,SWEETHEART CERAMIC TRINKET BOX,12,2011-06-10 17:25:00,2.46,,United Kingdom
556459,21373,MIRRORED WALL ART SNOWFLAKES,1,2011-06-10 17:25:00,5.79,,United Kingdom
556459,21380,WOODEN HAPPY BIRTHDAY GARLAND,1,2011-06-10 17:25:00,5.79,,United Kingdom
556459,21385,IVORY HANGING DECORATION  HEART,1,2011-06-10 17:25:00,1.63,,United Kingdom
556459,21395,BLUE POLKADOT BEAKER ,2,2011-06-10 17:25:00,1.63,,United Kingdom
556459,21519,GIN & TONIC DIET GREETING CARD ,1,2011-06-10 17:25:00,0.83,,United Kingdom
556459,21625,VINTAGE UNION JACK APRON,1,2011-06-10 17:25:00,14.13,,United Kingdom
556459,21628,TRIANGULAR POUFFE VINTAGE ,1,2011-06-10 17:25:00,29.17,,United Kingdom
556459,21679,SKULLS  STICKERS,1,2011-06-10 17:25:00,1.63,,United Kingdom
556459,21680,WOODLAND  STICKERS,1,2011-06-10 17:25:00,1.63,,United Kingdom
556459,21700,BIG DOUGHNUT FRIDGE MAGNETS,6,2011-06-10 17:25:00,1.38,,United Kingdom
556459,21716,BOYS VINTAGE TIN SEASIDE BUCKET,3,2011-06-10 17:25:00,4.96,,United Kingdom
556459,21718,RED METAL BEACH SPADE ,3,2011-06-10 17:25:00,2.46,,United Kingdom
556459,21773,DECORATIVE ROSE BATHROOM BOTTLE,1,2011-06-10 17:25:00,2.46,,United Kingdom
556459,21775,DECORATIVE FLORE BATHROOM BOTTLE,1,2011-06-10 17:25:00,2.46,,United Kingdom
556459,21790,VINTAGE SNAP CARDS,1,2011-06-10 17:25:00,1.63,,United Kingdom
556459,21874,GIN AND TONIC MUG,1,2011-06-10 17:25:00,3.29,,United Kingdom
556459,21876,POTTERING MUG,3,2011-06-10 17:25:00,3.29,,United Kingdom
556459,21878,PACK OF 6 SANDCASTLE FLAGS ASSORTED,3,2011-06-10 17:25:00,1.63,,United Kingdom
556459,21906,PHARMACIE FIRST AID TIN,1,2011-06-10 17:25:00,13.29,,United Kingdom
556459,21931,JUMBO STORAGE BAG SUKI,1,2011-06-10 17:25:00,4.13,,United Kingdom
556459,21932,SCANDINAVIAN PAISLEY PICNIC BAG,1,2011-06-10 17:25:00,2.46,,United Kingdom
556459,21933,PINK VINTAGE PAISLEY PICNIC BAG,2,2011-06-10 17:25:00,2.46,,United Kingdom
556459,21936,RED RETROSPOT PICNIC BAG,1,2011-06-10 17:25:00,5.79,,United Kingdom
556459,21974,SET OF 36 PAISLEY FLOWER DOILIES,1,2011-06-10 17:25:00,2.92,,United Kingdom
556459,21975,PACK OF 60 DINOSAUR CAKE CASES,1,2011-06-10 17:25:00,1.25,,United Kingdom
556459,21977,PACK OF 60 PINK PAISLEY CAKE CASES,1,2011-06-10 17:25:00,1.25,,United Kingdom
556459,21983,PACK OF 12 BLUE PAISLEY TISSUES ,2,2011-06-10 17:25:00,0.83,,United Kingdom
556459,21988,PACK OF 6 SKULL PAPER PLATES,3,2011-06-10 17:25:00,1.63,,United Kingdom
556459,21989,PACK OF 20 SKULL PAPER NAPKINS,1,2011-06-10 17:25:00,1.63,,United Kingdom
556459,21992,VINTAGE PAISLEY STATIONERY SET,3,2011-06-10 17:25:00,2.46,,United Kingdom
556459,22088,PAPER BUNTING COLOURED LACE,1,2011-06-10 17:25:00,5.79,,United Kingdom
556459,22090,PAPER BUNTING RETROSPOT,1,2011-06-10 17:25:00,5.79,,United Kingdom
556459,22091,EMPIRE TISSUE BOX,1,2011-06-10 17:25:00,2.46,,United Kingdom
556459,22142,CHRISTMAS CRAFT WHITE FAIRY ,1,2011-06-10 17:25:00,3.29,,United Kingdom
556459,22167, OVAL WALL MIRROR DIAMANTE ,1,2011-06-10 17:25:00,8.29,,United Kingdom
556459,22178,VICTORIAN GLASS HANGING T-LIGHT,5,2011-06-10 17:25:00,2.46,,United Kingdom
556459,22180,RETROSPOT LAMP,1,2011-06-10 17:25:00,20.79,,United Kingdom
556459,22182,CAKE STAND VICTORIAN FILIGREE SMALL,1,2011-06-10 17:25:00,4.13,,United Kingdom
556459,22190,LOCAL CAFE MUG,2,2011-06-10 17:25:00,2.46,,United Kingdom
556459,22192,BLUE DINER WALL CLOCK,1,2011-06-10 17:25:00,16.63,,United Kingdom
556459,22222,CAKE PLATE LOVEBIRD WHITE,1,2011-06-10 17:25:00,9.96,,United Kingdom
556459,22279,POCKET BAG BLUE PAISLEY RED SPOT,1,2011-06-10 17:25:00,2.46,,United Kingdom
556459,22296,HEART IVORY TRELLIS LARGE,4,2011-06-10 17:25:00,3.29,,United Kingdom
556459,22328,ROUND SNACK BOXES SET OF 4 FRUITS ,1,2011-06-10 17:25:00,5.79,,United Kingdom
556459,22335,HEART DECORATION PAINTED ZINC ,1,2011-06-10 17:25:00,1.25,,United Kingdom
556459,22356,CHARLOTTE BAG PINK POLKADOT,1,2011-06-10 17:25:00,1.63,,United Kingdom
556459,22361,GLASS JAR DAISY FRESH COTTON WOOL,1,2011-06-10 17:25:00,5.79,,United Kingdom
556459,22381,TOY TIDY PINK POLKADOT,1,2011-06-10 17:25:00,4.13,,United Kingdom
556459,22423,REGENCY CAKESTAND 3 TIER,6,2011-06-10 17:25:00,12.75,,United Kingdom
556459,22432,WATERING CAN PINK BUNNY,2,2011-06-10 17:25:00,4.13,,United Kingdom
556459,22433,WATERING CAN GREEN DINOSAUR,1,2011-06-10 17:25:00,4.13,,United Kingdom
556459,22437,SET OF 9 BLACK SKULL BALLOONS,4,2011-06-10 17:25:00,1.63,,United Kingdom
556459,22469,HEART OF WICKER SMALL,3,2011-06-10 17:25:00,3.29,,United Kingdom
556459,22475,SKULL DESIGN TV DINNER TRAY,1,2011-06-10 17:25:00,10.79,,United Kingdom
556459,22494,EMERGENCY FIRST AID TIN ,1,2011-06-10 17:25:00,2.46,,United Kingdom
556459,22502,PICNIC BASKET WICKER SMALL,1,2011-06-10 17:25:00,10.79,,United Kingdom
556459,22554,PLASTERS IN TIN WOODLAND ANIMALS,1,2011-06-10 17:25:00,3.29,,United Kingdom
556459,22559,SEASIDE FLYING DISC,1,2011-06-10 17:25:00,2.46,,United Kingdom
556459,22573,STAR WOODEN CHRISTMAS DECORATION,2,2011-06-10 17:25:00,1.63,,United Kingdom
556459,22574,HEART WOODEN CHRISTMAS DECORATION,2,2011-06-10 17:25:00,1.63,,United Kingdom
556459,22595,GINGHAM HEART DECORATION,1,2011-06-10 17:25:00,1.63,,United Kingdom
556459,22602,RETROSPOT WOODEN HEART DECORATION,1,2011-06-10 17:25:00,1.63,,United Kingdom
556459,22607,WOODEN ROUNDERS GARDEN SET ,1,2011-06-10 17:25:00,16.63,,United Kingdom
556459,22629,SPACEBOY LUNCH BOX ,1,2011-06-10 17:25:00,4.13,,United Kingdom
556459,22668,PINK BABY BUNTING,1,2011-06-10 17:25:00,5.79,,United Kingdom
556459,22674,FRENCH TOILET SIGN BLUE METAL,1,2011-06-10 17:25:00,2.46,,United Kingdom
556459,22692,DOORMAT WELCOME TO OUR HOME,3,2011-06-10 17:25:00,8.29,,United Kingdom
556459,22697,GREEN REGENCY TEACUP AND SAUCER,4,2011-06-10 17:25:00,5.79,,United Kingdom
556459,22728,ALARM CLOCK BAKELIKE PINK,1,2011-06-10 17:25:00,7.46,,United Kingdom
556459,22760,"TRAY, BREAKFAST IN BED",1,2011-06-10 17:25:00,24.96,,United Kingdom
556459,22791,T-LIGHT GLASS FLUTED ANTIQUE,4,2011-06-10 17:25:00,2.46,,United Kingdom
556459,22798,ANTIQUE GLASS DRESSING TABLE POT,1,2011-06-10 17:25:00,5.79,,United Kingdom
556459,22810,SET OF 6 T-LIGHTS SNOWMEN,1,2011-06-10 17:25:00,5.79,,United Kingdom
556459,22831,WHITE BROCANTE SOAP DISH,1,2011-06-10 17:25:00,5.79,,United Kingdom
556459,22855,FINE WICKER HEART ,2,2011-06-10 17:25:00,2.46,,United Kingdom
556459,22869,NUMBER TILE COTTAGE GARDEN 1,1,2011-06-10 17:25:00,4.13,,United Kingdom
556459,22870,NUMBER TILE COTTAGE GARDEN 2,1,2011-06-10 17:25:00,4.13,,United Kingdom
556459,22872,NUMBER TILE COTTAGE GARDEN 4,1,2011-06-10 17:25:00,4.13,,United Kingdom
556459,22875,NUMBER TILE COTTAGE GARDEN 7,1,2011-06-10 17:25:00,4.13,,United Kingdom
556459,22969,HOMEMADE JAM SCENTED CANDLES,1,2011-06-10 17:25:00,3.29,,United Kingdom
556459,22993,SET OF 4 PANTRY JELLY MOULDS,3,2011-06-10 17:25:00,2.46,,United Kingdom
556459,23004,TRAVEL CARD WALLET PANTRY,1,2011-06-10 17:25:00,0.83,,United Kingdom
556459,23060,HEART BEADED TRELLIS DECORATION,2,2011-06-10 17:25:00,4.13,,United Kingdom
556459,23061,VINTAGE EMBOSSED HEART,4,2011-06-10 17:25:00,2.46,,United Kingdom
556459,23068,ALUMINIUM STAMPED HEART,3,2011-06-10 17:25:00,4.96,,United Kingdom
556459,23152,IVORY SWEETHEART WIRE LETTER RACK ,1,2011-06-10 17:25:00,7.46,,United Kingdom
556459,23155,KNICKERBOCKERGLORY MAGNET ASSORTED ,6,2011-06-10 17:25:00,1.38,,United Kingdom
556459,23168,CLASSIC CAFE SUGAR DISPENSER,1,2011-06-10 17:25:00,2.46,,United Kingdom
556459,23169,CLASSIC GLASS COOKIE JAR,1,2011-06-10 17:25:00,8.29,,United Kingdom
556459,23171,REGENCY TEA PLATE GREEN ,5,2011-06-10 17:25:00,3.29,,United Kingdom
556459,23184,BULL DOG BOTTLE OPENER,1,2011-06-10 17:25:00,10.79,,United Kingdom
556459,23191,BUNDLE OF 3 RETRO NOTE BOOKS,1,2011-06-10 17:25:00,3.29,,United Kingdom
556459,23200,JUMBO BAG PEARS,4,2011-06-10 17:25:00,4.13,,United Kingdom
556459,23202,JUMBO BAG VINTAGE LEAF,1,2011-06-10 17:25:00,4.13,,United Kingdom
556459,23203,JUMBO BAG DOILEY PATTERNS,2,2011-06-10 17:25:00,4.13,,United Kingdom
556459,23206,LUNCH BAG APPLE DESIGN,2,2011-06-10 17:25:00,4.13,,United Kingdom
556459,23214,JINGLE BELL HEART ANTIQUE GOLD,2,2011-06-10 17:25:00,4.13,,United Kingdom
556459,23226,FILIGREE HEART DAISY WHITE,1,2011-06-10 17:25:00,2.46,,United Kingdom
556459,23245,SET OF 3 REGENCY CAKE TINS,2,2011-06-10 17:25:00,10.79,,United Kingdom
556459,23275,SET OF 3 HANGING OWLS OLLIE BEAK,2,2011-06-10 17:25:00,2.46,,United Kingdom
556459,23300,GARDENERS KNEELING PAD CUP OF TEA ,1,2011-06-10 17:25:00,3.29,,United Kingdom
556459,23301,GARDENERS KNEELING PAD KEEP CALM ,4,2011-06-10 17:25:00,3.29,,United Kingdom
556459,35004B,SET OF 3 BLACK FLYING DUCKS,1,2011-06-10 17:25:00,5.79,,United Kingdom
556459,35970,ZINC FOLKART SLEIGH BELLS,1,2011-06-10 17:25:00,4.13,,United Kingdom
556459,47480,HANGING PHOTO CLIP ROPE LADDER,1,2011-06-10 17:25:00,3.29,,United Kingdom
556459,47566B,TEA TIME PARTY BUNTING,1,2011-06-10 17:25:00,10.79,,United Kingdom
556459,47578A,ENGLISH ROSE SMALL SCENTED FLOWER,1,2011-06-10 17:25:00,1.63,,United Kingdom
556459,72586,SET OF 6 HALLOWEEN GHOST T-LIGHTS,4,2011-06-10 17:25:00,0.83,,United Kingdom
556459,72741,GRAND CHOCOLATECANDLE,3,2011-06-10 17:25:00,2.76,,United Kingdom
556459,72807A,SET/3 ROSE CANDLE IN JEWELLED BOX,1,2011-06-10 17:25:00,8.29,,United Kingdom
556459,82567,"AIRLINE LOUNGE,METAL SIGN",2,2011-06-10 17:25:00,1.63,,United Kingdom
556459,82578,KITCHEN METAL SIGN,1,2011-06-10 17:25:00,1.25,,United Kingdom
556459,82580,BATHROOM METAL SIGN,2,2011-06-10 17:25:00,1.25,,United Kingdom
556459,82583,HOT BATHS METAL SIGN,1,2011-06-10 17:25:00,4.13,,United Kingdom
556459,82600,NO SINGING METAL SIGN,1,2011-06-10 17:25:00,4.13,,United Kingdom
556459,84251C,"GREETING CARD, TWO SISTERS.",1,2011-06-10 17:25:00,0.83,,United Kingdom
556459,84279P,CHERRY BLOSSOM  DECORATIVE FLASK,1,2011-06-10 17:25:00,8.29,,United Kingdom
556459,84380,SET OF 3 BUTTERFLY COOKIE CUTTERS,1,2011-06-10 17:25:00,2.46,,United Kingdom
556459,84596B,SMALL DOLLY MIX DESIGN ORANGE BOWL,1,2011-06-10 17:25:00,0.83,,United Kingdom
556459,84637,KITCHEN FLOWER POTS WALL PLAQUE,1,2011-06-10 17:25:00,4.96,,United Kingdom
556459,84836,ZINC METAL HEART DECORATION,1,2011-06-10 17:25:00,2.46,,United Kingdom
556459,84876B,GREEN HEART COMPACT MIRROR,1,2011-06-10 17:25:00,7.46,,United Kingdom
556459,84910A,PINK PAISLEY CUSHION COVER ,1,2011-06-10 17:25:00,8.29,,United Kingdom
556459,84913A,SOFT PINK ROSE TOWEL ,3,2011-06-10 17:25:00,3.29,,United Kingdom
556459,84944,SET OF 6 KASHMIR FOLKART BAUBLES,24,2011-06-10 17:25:00,0.55,,United Kingdom
556459,84970L,SINGLE HEART ZINC T-LIGHT HOLDER,3,2011-06-10 17:25:00,2.08,,United Kingdom
556459,84970S,HANGING HEART ZINC T-LIGHT HOLDER,2,2011-06-10 17:25:00,2.08,,United Kingdom
556459,84978,HANGING HEART JAR T-LIGHT HOLDER,2,2011-06-10 17:25:00,2.46,,United Kingdom
556459,84988,SET OF 72 PINK HEART PAPER DOILIES,7,2011-06-10 17:25:00,2.92,,United Kingdom
556459,85014B,RED RETROSPOT UMBRELLA,2,2011-06-10 17:25:00,12.46,,United Kingdom
556459,85035A,GARDENIA 3 WICK MORRIS BOXED CANDLE,2,2011-06-10 17:25:00,8.29,,United Kingdom
556459,85040A,S/4 PINK FLOWER CANDLES IN BOWL,1,2011-06-10 17:25:00,3.29,,United Kingdom
556459,85062,PEARL CRYSTAL PUMPKIN T-LIGHT HLDR,3,2011-06-10 17:25:00,2.46,,United Kingdom
556459,85086A,CANDY SPOT HEART DECORATION,1,2011-06-10 17:25:00,0.83,,United Kingdom
556459,85087,CANDY SPOT CUSHION COVER,1,2011-06-10 17:25:00,3.29,,United Kingdom
556459,85099F,JUMBO BAG STRAWBERRY,1,2011-06-10 17:25:00,4.13,,United Kingdom
556459,85123A,WHITE HANGING HEART T-LIGHT HOLDER,1,2011-06-10 17:25:00,5.79,,United Kingdom
556459,85215,ASSORTED CHEESE FRIDGE MAGNETS,6,2011-06-10 17:25:00,1.24,,United Kingdom
556459,85231B,CINAMMON SET OF 9 T-LIGHTS,1,2011-06-10 17:25:00,1.63,,United Kingdom
556459,90018A,SILVER M.O.P ORBIT DROP EARRINGS,1,2011-06-10 17:25:00,4.15,,United Kingdom
556459,90123D,WHITE HEART OF GLASS BRACELET,1,2011-06-10 17:25:00,5.82,,United Kingdom
556459,90134,OLD ROSE COMBO BEAD NECKLACE,1,2011-06-10 17:25:00,2.9,,United Kingdom
556459,90214S,"LETTER ""S"" BLING KEY RING",1,2011-06-10 17:25:00,0.83,,United Kingdom
556459,DOT,DOTCOM POSTAGE,1,2011-06-10 17:25:00,171.46,,United Kingdom
556459,23130,MISTLETOE HEART WREATH GREEN,7,2011-06-10 17:25:00,4.15,,United Kingdom
556459,23067,HANGING ENGRAVED METAL HEART,7,2011-06-10 17:25:00,4.15,,United Kingdom
