InvoiceNo,StockCode,Description,Quantity,InvoiceDate,UnitPrice,CustomerID,Country
557961,23188,VINTAGE  2 METER FOLDING RULER,12,2011-06-24 08:40:00,1.65,18257.0,United Kingdom
557961,23206,LUNCH BAG APPLE DESIGN,10,2011-06-24 08:40:00,1.65,18257.0,United Kingdom
557961,23200,JUMBO BAG PEARS,10,2011-06-24 08:40:00,2.08,18257.0,United Kingdom
557961,23199,JUMBO BAG APPLES,10,2011-06-24 08:40:00,2.08,18257.0,United Kingdom
557961,22623,BOX OF VINTAGE JIGSAW BLOCKS ,3,2011-06-24 08:40:00,5.95,18257.0,United Kingdom
557961,23209,LUNCH BAG DOILEY PATTERN ,10,2011-06-24 08:40:00,1.65,18257.0,United Kingdom
557961,22386,JUMBO BAG PINK POLKADOT,20,2011-06-24 08:40:00,2.08,18257.0,United Kingdom
557961,23201,JUMBO BAG ALPHABET,10,2011-06-24 08:40:00,2.08,18257.0,United Kingdom
557961,21936,RED RETROSPOT PICNIC BAG,5,2011-06-24 08:40:00,2.95,18257.0,United Kingdom
557961,23020,GLASS  SONGBIRD STORAGE JAR,2,2011-06-24 08:40:00,12.5,18257.0,United Kingdom
557962,21673,WHITE SPOT BLUE CERAMIC DRAWER KNOB,96,2011-06-24 09:22:00,1.06,13709.0,United Kingdom
557962,22193,RED DINER WALL CLOCK,2,2011-06-24 09:22:00,8.5,13709.0,United Kingdom
557962,22192,BLUE DINER WALL CLOCK,2,2011-06-24 09:22:00,8.5,13709.0,United Kingdom
557962,22191,IVORY DINER WALL CLOCK,2,2011-06-24 09:22:00,8.5,13709.0,United Kingdom
557962,22682,FRENCH BLUE METAL DOOR SIGN 7,10,2011-06-24 09:22:00,1.25,13709.0,United Kingdom
557962,22681,FRENCH BLUE METAL DOOR SIGN 6,10,2011-06-24 09:22:00,1.25,13709.0,United Kingdom
557962,22680,FRENCH BLUE METAL DOOR SIGN 5,10,2011-06-24 09:22:00,1.25,13709.0,United Kingdom
557962,22679,FRENCH BLUE METAL DOOR SIGN 4,10,2011-06-24 09:22:00,1.25,13709.0,United Kingdom
557962,22678,FRENCH BLUE METAL DOOR SIGN 3,10,2011-06-24 09:22:00,1.25,13709.0,United Kingdom
557962,22677,FRENCH BLUE METAL DOOR SIGN 2,10,2011-06-24 09:22:00,1.25,13709.0,United Kingdom
557962,22676,FRENCH BLUE METAL DOOR SIGN 1,10,2011-06-24 09:22:00,1.25,13709.0,United Kingdom
557962,23112,PARISIENNE CURIO CABINET,2,2011-06-24 09:22:00,7.5,13709.0,United Kingdom
557962,22831,WHITE BROCANTE SOAP DISH,6,2011-06-24 09:22:00,2.95,13709.0,United Kingdom
557962,82486,WOOD S/3 CABINET ANT WHITE FINISH,2,2011-06-24 09:22:00,8.95,13709.0,United Kingdom
557962,82484,WOOD BLACK BOARD ANT WHITE FINISH,2,2011-06-24 09:22:00,7.95,13709.0,United Kingdom
557962,22686,FRENCH BLUE METAL DOOR SIGN No,12,2011-06-24 09:22:00,1.25,13709.0,United Kingdom
557962,22685,FRENCH BLUE METAL DOOR SIGN 0,10,2011-06-24 09:22:00,1.25,13709.0,United Kingdom
557962,22684,FRENCH BLUE METAL DOOR SIGN 9,10,2011-06-24 09:22:00,1.25,13709.0,United Kingdom
557962,22683,FRENCH BLUE METAL DOOR SIGN 8,10,2011-06-24 09:22:00,1.25,13709.0,United Kingdom
557962,22999,TRAVEL CARD WALLET RETRO PETALS,24,2011-06-24 09:22:00,0.42,13709.0,United Kingdom
557962,22998,TRAVEL CARD WALLET KEEP CALM,24,2011-06-24 09:22:00,0.42,13709.0,United Kingdom
557962,22838,3 TIER CAKE TIN RED AND CREAM,1,2011-06-24 09:22:00,14.95,13709.0,United Kingdom
557962,23342,MINT DINER WALL CLOCK,2,2011-06-24 09:22:00,8.5,13709.0,United Kingdom
557962,23341,PINK DINER WALL CLOCK,2,2011-06-24 09:22:00,8.5,13709.0,United Kingdom
557962,47566,PARTY BUNTING,8,2011-06-24 09:22:00,4.95,13709.0,United Kingdom
557962,22090,PAPER BUNTING RETROSPOT,12,2011-06-24 09:22:00,2.95,13709.0,United Kingdom
557962,20749,ASSORTED COLOUR MINI CASES,2,2011-06-24 09:22:00,7.95,13709.0,United Kingdom
557962,23191,BUNDLE OF 3 RETRO NOTE BOOKS,12,2011-06-24 09:22:00,1.65,13709.0,United Kingdom
557962,23196,RETO LEAVES MAGNETIC SHOPPING LIST,12,2011-06-24 09:22:00,1.45,13709.0,United Kingdom
557962,23232,WRAP VINTAGE PETALS  DESIGN,25,2011-06-24 09:22:00,0.42,13709.0,United Kingdom
557962,23237,SET OF 4 KNICK KNACK TINS LEAVES ,6,2011-06-24 09:22:00,4.15,13709.0,United Kingdom
557962,23167,SMALL CERAMIC TOP STORAGE JAR ,12,2011-06-24 09:22:00,0.83,13709.0,United Kingdom
557962,22839,3 TIER CAKE TIN GREEN AND CREAM,1,2011-06-24 09:22:00,14.95,13709.0,United Kingdom
557962,23035,DRAWER KNOB CERAMIC IVORY,96,2011-06-24 09:22:00,1.25,13709.0,United Kingdom
557963,23284,DOORMAT KEEP CALM AND COME IN,2,2011-06-24 09:24:00,7.95,13709.0,United Kingdom
557963,23283,DOORMAT VINTAGE LEAVES DESIGN ,2,2011-06-24 09:24:00,7.95,13709.0,United Kingdom
557963,23092,LARGE ANTIQUE WHITE PHOTO FRAME,2,2011-06-24 09:24:00,7.9,13709.0,United Kingdom
557963,23103,BELL HEART DECORATION,12,2011-06-24 09:24:00,1.65,13709.0,United Kingdom
557963,23198,PANTRY MAGNETIC  SHOPPING LIST,12,2011-06-24 09:24:00,1.25,13709.0,United Kingdom
557963,23208,LUNCH BAG VINTAGE LEAF DESIGN,10,2011-06-24 09:24:00,1.65,13709.0,United Kingdom
557963,23209,LUNCH BAG DOILEY PATTERN ,10,2011-06-24 09:24:00,1.65,13709.0,United Kingdom
557963,23203,JUMBO BAG DOILEY PATTERNS,10,2011-06-24 09:24:00,1.95,13709.0,United Kingdom
557963,23201,JUMBO BAG ALPHABET,10,2011-06-24 09:24:00,1.95,13709.0,United Kingdom
557963,23202,JUMBO BAG VINTAGE LEAF,10,2011-06-24 09:24:00,1.95,13709.0,United Kingdom
557963,23298,"BUNTING , SPOTTY ",6,2011-06-24 09:24:00,4.95,13709.0,United Kingdom
557963,22624,IVORY KITCHEN SCALES,2,2011-06-24 09:24:00,8.5,13709.0,United Kingdom
557963,22626,BLACK KITCHEN SCALES,2,2011-06-24 09:24:00,8.5,13709.0,United Kingdom
557963,22771,CLEAR DRAWER KNOB ACRYLIC EDWARDIAN,12,2011-06-24 09:24:00,1.25,13709.0,United Kingdom
557963,21672,WHITE SPOT RED CERAMIC DRAWER KNOB,12,2011-06-24 09:24:00,1.25,13709.0,United Kingdom
557963,21670,BLUE SPOT CERAMIC DRAWER KNOB,12,2011-06-24 09:24:00,1.25,13709.0,United Kingdom
557963,21671,RED SPOT CERAMIC DRAWER KNOB,12,2011-06-24 09:24:00,1.25,13709.0,United Kingdom
557963,21669,BLUE STRIPE CERAMIC DRAWER KNOB,12,2011-06-24 09:24:00,1.25,13709.0,United Kingdom
557963,21668,RED STRIPE CERAMIC DRAWER KNOB,12,2011-06-24 09:24:00,1.25,13709.0,United Kingdom
557964,23284,DOORMAT KEEP CALM AND COME IN,20,2011-06-24 09:27:00,6.75,15498.0,United Kingdom
557964,84077,WORLD WAR 2 GLIDERS ASSTD DESIGNS,48,2011-06-24 09:27:00,0.29,15498.0,United Kingdom
557964,23280,FOLDING BUTTERFLY MIRROR HOT PINK ,12,2011-06-24 09:27:00,0.83,15498.0,United Kingdom
557964,22457,NATURAL SLATE HEART CHALKBOARD ,6,2011-06-24 09:27:00,2.95,15498.0,United Kingdom
557964,20963,APPLE BATH SPONGE,10,2011-06-24 09:27:00,1.25,15498.0,United Kingdom
557964,22998,TRAVEL CARD WALLET KEEP CALM,24,2011-06-24 09:27:00,0.42,15498.0,United Kingdom
557964,20686,DOLLY MIXTURE CHILDREN'S UMBRELLA,6,2011-06-24 09:27:00,3.25,15498.0,United Kingdom
557964,20682,RED RETROSPOT CHILDRENS UMBRELLA,6,2011-06-24 09:27:00,3.25,15498.0,United Kingdom
557964,21497,FANCY FONTS BIRTHDAY WRAP,25,2011-06-24 09:27:00,0.42,15498.0,United Kingdom
557964,22173,METAL 4 HOOK HANGER FRENCH CHATEAU,8,2011-06-24 09:27:00,2.95,15498.0,United Kingdom
C557965,20682,RED RETROSPOT CHILDRENS UMBRELLA,-1,2011-06-24 09:32:00,3.25,13115.0,United Kingdom
557966,23080,RED METAL BOX TOP SECRET,32,2011-06-24 09:38:00,7.5,15187.0,United Kingdom
557966,22946,WOODEN ADVENT CALENDAR CREAM,24,2011-06-24 09:38:00,12.75,15187.0,United Kingdom
557966,84945,MULTI COLOUR SILVER T-LIGHT HOLDER,72,2011-06-24 09:38:00,0.85,15187.0,United Kingdom
557967,23203,JUMBO BAG DOILEY PATTERNS,10,2011-06-24 09:40:00,1.95,17704.0,United Kingdom
557967,22667,RECIPE BOX RETROSPOT ,6,2011-06-24 09:40:00,2.95,17704.0,United Kingdom
557967,23169,CLASSIC GLASS SWEET JAR,6,2011-06-24 09:40:00,4.15,17704.0,United Kingdom
557967,21210,SET OF 72 RETROSPOT PAPER  DOILIES,12,2011-06-24 09:40:00,1.45,17704.0,United Kingdom
557967,23075,DOUBLE CERAMIC PARLOUR HOOK,6,2011-06-24 09:40:00,4.15,17704.0,United Kingdom
557967,23118,PARISIENNE JEWELLERY DRAWER ,2,2011-06-24 09:40:00,7.5,17704.0,United Kingdom
557967,23147,SINGLE ANTIQUE ROSE HOOK IVORY,12,2011-06-24 09:40:00,1.45,17704.0,United Kingdom
557967,21843,RED RETROSPOT CAKE STAND,2,2011-06-24 09:40:00,10.95,17704.0,United Kingdom
557967,23245,SET OF 3 REGENCY CAKE TINS,8,2011-06-24 09:40:00,4.95,17704.0,United Kingdom
557967,22470,HEART OF WICKER LARGE,12,2011-06-24 09:40:00,2.95,17704.0,United Kingdom
557967,82484,WOOD BLACK BOARD ANT WHITE FINISH,4,2011-06-24 09:40:00,7.95,17704.0,United Kingdom
557967,22139,RETROSPOT TEA SET CERAMIC 11 PC ,12,2011-06-24 09:40:00,4.95,17704.0,United Kingdom
557967,47566,PARTY BUNTING,20,2011-06-24 09:40:00,4.95,17704.0,United Kingdom
557967,84406B,CREAM CUPID HEARTS COAT HANGER,8,2011-06-24 09:40:00,4.15,17704.0,United Kingdom
557967,22741,FUNKY DIVA PEN,48,2011-06-24 09:40:00,0.85,17704.0,United Kingdom
557968,21673,WHITE SPOT BLUE CERAMIC DRAWER KNOB,24,2011-06-24 09:43:00,1.25,17061.0,United Kingdom
557968,21670,BLUE SPOT CERAMIC DRAWER KNOB,12,2011-06-24 09:43:00,1.25,17061.0,United Kingdom
557968,21668,RED STRIPE CERAMIC DRAWER KNOB,12,2011-06-24 09:43:00,1.25,17061.0,United Kingdom
557968,21669,BLUE STRIPE CERAMIC DRAWER KNOB,12,2011-06-24 09:43:00,1.25,17061.0,United Kingdom
557968,22697,GREEN REGENCY TEACUP AND SAUCER,24,2011-06-24 09:43:00,2.55,17061.0,United Kingdom
557968,22423,REGENCY CAKESTAND 3 TIER,16,2011-06-24 09:43:00,10.95,17061.0,United Kingdom
557968,47566,PARTY BUNTING,50,2011-06-24 09:43:00,4.15,17061.0,United Kingdom
557968,22487,WHITE WOOD GARDEN PLANT LADDER,8,2011-06-24 09:43:00,8.5,17061.0,United Kingdom
557968,23342,MINT DINER WALL CLOCK,2,2011-06-24 09:43:00,8.5,17061.0,United Kingdom
557968,23341,PINK DINER WALL CLOCK,2,2011-06-24 09:43:00,8.5,17061.0,United Kingdom
557968,22193,RED DINER WALL CLOCK,2,2011-06-24 09:43:00,8.5,17061.0,United Kingdom
557968,22192,BLUE DINER WALL CLOCK,2,2011-06-24 09:43:00,8.5,17061.0,United Kingdom
557968,22191,IVORY DINER WALL CLOCK,2,2011-06-24 09:43:00,8.5,17061.0,United Kingdom
557969,20723,STRAWBERRY CHARLOTTE BAG,100,2011-06-24 10:03:00,0.72,13856.0,United Kingdom
557969,22356,CHARLOTTE BAG PINK POLKADOT,20,2011-06-24 10:03:00,0.85,13856.0,United Kingdom
557969,23204,CHARLOTTE BAG APPLES DESIGN,10,2011-06-24 10:03:00,0.85,13856.0,United Kingdom
557969,20724,RED RETROSPOT CHARLOTTE BAG,100,2011-06-24 10:03:00,0.72,13856.0,United Kingdom
557970,48184,DOORMAT ENGLISH ROSE ,2,2011-06-24 10:11:00,7.95,16915.0,United Kingdom
557970,22795,SWEETHEART RECIPE BOOK STAND,2,2011-06-24 10:11:00,6.75,16915.0,United Kingdom
557970,23069,EDWARDIAN PHOTO FRAME,2,2011-06-24 10:11:00,6.25,16915.0,United Kingdom
C557971,37449,CERAMIC CAKE STAND + HANGING CAKES,-1,2011-06-24 10:15:00,9.95,18118.0,United Kingdom
557972,22366,DOORMAT AIRMAIL ,10,2011-06-24 10:16:00,6.75,12500.0,Germany
557972,85014A,BLACK/BLUE POLKADOT UMBRELLA,3,2011-06-24 10:16:00,5.95,12500.0,Germany
557972,85099C,JUMBO  BAG BAROQUE BLACK WHITE,10,2011-06-24 10:16:00,2.08,12500.0,Germany
557972,85099B,JUMBO BAG RED RETROSPOT,10,2011-06-24 10:16:00,2.08,12500.0,Germany
557972,21090,SET/6 COLLAGE PAPER PLATES,12,2011-06-24 10:16:00,0.39,12500.0,Germany
557972,21084,SET/6 COLLAGE PAPER CUPS,24,2011-06-24 10:16:00,0.19,12500.0,Germany
557972,POST,POSTAGE,2,2011-06-24 10:16:00,18.0,12500.0,Germany
557972,23118,PARISIENNE JEWELLERY DRAWER ,1,2011-06-24 10:16:00,7.5,12500.0,Germany
557972,15056N,EDWARDIAN PARASOL NATURAL,1,2011-06-24 10:16:00,5.95,12500.0,Germany
557973,21136,PAINTED METAL PEARS ASSORTED,16,2011-06-24 10:26:00,1.69,12955.0,United Kingdom
557973,84879,ASSORTED COLOUR BIRD ORNAMENT,16,2011-06-24 10:26:00,1.69,12955.0,United Kingdom
557973,23170,REGENCY TEA PLATE ROSES ,12,2011-06-24 10:26:00,1.65,12955.0,United Kingdom
557973,23171,REGENCY TEA PLATE GREEN ,12,2011-06-24 10:26:00,1.65,12955.0,United Kingdom
557973,22697,GREEN REGENCY TEACUP AND SAUCER,6,2011-06-24 10:26:00,2.95,12955.0,United Kingdom
557973,22699,ROSES REGENCY TEACUP AND SAUCER ,6,2011-06-24 10:26:00,2.95,12955.0,United Kingdom
557973,22489,PACK OF 12 TRADITIONAL CRAYONS,24,2011-06-24 10:26:00,0.42,12955.0,United Kingdom
557973,22800,ANTIQUE TALL SWIRLGLASS TRINKET POT,4,2011-06-24 10:26:00,3.75,12955.0,United Kingdom
557973,21791,VINTAGE HEADS AND TAILS CARD GAME ,12,2011-06-24 10:26:00,1.25,12955.0,United Kingdom
557973,21890,S/6 WOODEN SKITTLES IN COTTON BAG,6,2011-06-24 10:26:00,3.25,12955.0,United Kingdom
557973,22560,TRADITIONAL MODELLING CLAY,24,2011-06-24 10:26:00,1.25,12955.0,United Kingdom
557973,22493,PAINT YOUR OWN CANVAS SET,12,2011-06-24 10:26:00,1.65,12955.0,United Kingdom
557973,22621,TRADITIONAL KNITTING NANCY,12,2011-06-24 10:26:00,1.65,12955.0,United Kingdom
557973,15039,SANDALWOOD FAN,30,2011-06-24 10:26:00,0.85,12955.0,United Kingdom
557973,20983,12 PENCILS TALL TUBE RED RETROSPOT,12,2011-06-24 10:26:00,0.85,12955.0,United Kingdom
557974,22457,NATURAL SLATE HEART CHALKBOARD ,6,2011-06-24 10:31:00,2.95,14541.0,United Kingdom
557974,84997B,CHILDRENS CUTLERY RETROSPOT RED ,15,2011-06-24 10:31:00,4.15,14541.0,United Kingdom
557974,84997D,CHILDRENS CUTLERY POLKADOT PINK,10,2011-06-24 10:31:00,4.15,14541.0,United Kingdom
557974,84997A,CHILDRENS CUTLERY POLKADOT GREEN ,10,2011-06-24 10:31:00,4.15,14541.0,United Kingdom
557974,84997C,CHILDRENS CUTLERY POLKADOT BLUE,10,2011-06-24 10:31:00,4.15,14541.0,United Kingdom
557974,46000S,POLYESTER FILLER PAD 40x40cm,25,2011-06-24 10:31:00,1.45,14541.0,United Kingdom
557974,22483,RED GINGHAM TEDDY BEAR ,24,2011-06-24 10:31:00,2.55,14541.0,United Kingdom
557975,84988,SET OF 72 PINK HEART PAPER DOILIES,12,2011-06-24 10:33:00,1.45,15981.0,United Kingdom
557975,23209,LUNCH BAG DOILEY PATTERN ,20,2011-06-24 10:33:00,1.65,15981.0,United Kingdom
557975,23208,LUNCH BAG VINTAGE LEAF DESIGN,20,2011-06-24 10:33:00,1.65,15981.0,United Kingdom
557975,23207,LUNCH BAG ALPHABET DESIGN,20,2011-06-24 10:33:00,1.65,15981.0,United Kingdom
557975,23206,LUNCH BAG APPLE DESIGN,20,2011-06-24 10:33:00,1.65,15981.0,United Kingdom
557975,23205,CHARLOTTE BAG VINTAGE ALPHABET ,20,2011-06-24 10:33:00,0.85,15981.0,United Kingdom
557975,23204,CHARLOTTE BAG APPLES DESIGN,20,2011-06-24 10:33:00,0.85,15981.0,United Kingdom
557975,23203,JUMBO BAG DOILEY PATTERNS,20,2011-06-24 10:33:00,2.08,15981.0,United Kingdom
557975,23202,JUMBO BAG VINTAGE LEAF,20,2011-06-24 10:33:00,2.08,15981.0,United Kingdom
557975,23201,JUMBO BAG ALPHABET,20,2011-06-24 10:33:00,2.08,15981.0,United Kingdom
557975,23200,JUMBO BAG PEARS,20,2011-06-24 10:33:00,2.08,15981.0,United Kingdom
557975,23199,JUMBO BAG APPLES,20,2011-06-24 10:33:00,2.08,15981.0,United Kingdom
557975,23014,GLASS APOTHECARY BOTTLE ELIXIR,4,2011-06-24 10:33:00,3.95,15981.0,United Kingdom
557975,23013,GLASS APOTHECARY BOTTLE TONIC,4,2011-06-24 10:33:00,3.95,15981.0,United Kingdom
557975,23012,GLASS APOTHECARY BOTTLE PERFUME,4,2011-06-24 10:33:00,3.95,15981.0,United Kingdom
557976,22197,POPCORN HOLDER,100,2011-06-24 10:33:00,0.72,18118.0,United Kingdom
557976,22211,WOOD STAMP SET FLOWERS,2,2011-06-24 10:33:00,0.83,18118.0,United Kingdom
557976,37449,CERAMIC CAKE STAND + HANGING CAKES,3,2011-06-24 10:33:00,9.95,18118.0,United Kingdom
557976,22508,DOORSTOP RETROSPOT HEART,2,2011-06-24 10:33:00,3.75,18118.0,United Kingdom
557976,22890,NOVELTY BISCUITS CAKE STAND 3 TIER,1,2011-06-24 10:33:00,9.95,18118.0,United Kingdom
557976,22558,CLOTHES PEGS RETROSPOT PACK 24 ,2,2011-06-24 10:33:00,1.65,18118.0,United Kingdom
557976,84380,SET OF 3 BUTTERFLY COOKIE CUTTERS,2,2011-06-24 10:33:00,1.25,18118.0,United Kingdom
557976,20727,LUNCH BAG  BLACK SKULL.,3,2011-06-24 10:33:00,1.65,18118.0,United Kingdom
557976,22382,LUNCH BAG SPACEBOY DESIGN ,1,2011-06-24 10:33:00,1.65,18118.0,United Kingdom
557976,20963,APPLE BATH SPONGE,1,2011-06-24 10:33:00,1.25,18118.0,United Kingdom
557976,20961,STRAWBERRY BATH SPONGE ,1,2011-06-24 10:33:00,1.25,18118.0,United Kingdom
557976,22138,BAKING SET 9 PIECE RETROSPOT ,1,2011-06-24 10:33:00,4.95,18118.0,United Kingdom
557976,22804,CANDLEHOLDER PINK HANGING HEART,1,2011-06-24 10:33:00,2.95,18118.0,United Kingdom
557976,21242,RED RETROSPOT PLATE ,2,2011-06-24 10:33:00,1.69,18118.0,United Kingdom
557976,20676,RED RETROSPOT BOWL,2,2011-06-24 10:33:00,1.25,18118.0,United Kingdom
557976,22352,LUNCH BOX WITH CUTLERY RETROSPOT ,1,2011-06-24 10:33:00,2.55,18118.0,United Kingdom
557976,21155,RED RETROSPOT PEG BAG,2,2011-06-24 10:33:00,2.55,18118.0,United Kingdom
557976,21238,RED RETROSPOT CUP,2,2011-06-24 10:33:00,0.85,18118.0,United Kingdom
557995,22333,RETROSPOT PARTY BAG + STICKER SET,2,2011-06-24 10:44:00,1.65,17979.0,United Kingdom
557995,21063,PARTY INVITES JAZZ HEARTS,2,2011-06-24 10:44:00,0.85,17979.0,United Kingdom
557995,22435,SET OF 9 HEART SHAPED BALLOONS,2,2011-06-24 10:44:00,1.25,17979.0,United Kingdom
557995,21080,SET/20 RED RETROSPOT PAPER NAPKINS ,2,2011-06-24 10:44:00,0.85,17979.0,United Kingdom
557995,21086,SET/6 RED SPOTTY PAPER CUPS,3,2011-06-24 10:44:00,0.65,17979.0,United Kingdom
557995,23078,ICE CREAM PEN LIP GLOSS ,24,2011-06-24 10:44:00,1.25,17979.0,United Kingdom
557995,23102,SILVER HEARTS TABLE DECORATION,1,2011-06-24 10:44:00,0.83,17979.0,United Kingdom
557995,23100,SILVER BELLS TABLE DECORATION,1,2011-06-24 10:44:00,1.25,17979.0,United Kingdom
557995,23101,SILVER STARS TABLE DECORATION,1,2011-06-24 10:44:00,0.83,17979.0,United Kingdom
557995,23121,PACK OF 6 COCKTAIL PARASOL STRAWS,4,2011-06-24 10:44:00,0.42,17979.0,United Kingdom
557995,21988,PACK OF 6 SKULL PAPER PLATES,2,2011-06-24 10:44:00,0.85,17979.0,United Kingdom
557995,21094,SET/6 RED SPOTTY PAPER PLATES,4,2011-06-24 10:44:00,0.85,17979.0,United Kingdom
557995,21987,PACK OF 6 SKULL PAPER CUPS,2,2011-06-24 10:44:00,0.65,17979.0,United Kingdom
557995,21086,SET/6 RED SPOTTY PAPER CUPS,1,2011-06-24 10:44:00,0.65,17979.0,United Kingdom
557995,22798,ANTIQUE GLASS DRESSING TABLE POT,2,2011-06-24 10:44:00,2.95,17979.0,United Kingdom
557995,22800,ANTIQUE TALL SWIRLGLASS TRINKET POT,2,2011-06-24 10:44:00,3.75,17979.0,United Kingdom
557995,22982,PANTRY PASTRY BRUSH,1,2011-06-24 10:44:00,1.25,17979.0,United Kingdom
557995,22138,BAKING SET 9 PIECE RETROSPOT ,1,2011-06-24 10:44:00,4.95,17979.0,United Kingdom
557995,21789,KIDS RAIN MAC PINK,3,2011-06-24 10:44:00,0.85,17979.0,United Kingdom
557995,21788,KIDS RAIN MAC BLUE,1,2011-06-24 10:44:00,0.85,17979.0,United Kingdom
557995,21787,RAIN PONCHO RETROSPOT,2,2011-06-24 10:44:00,0.85,17979.0,United Kingdom
557995,23229,VINTAGE DONKEY TAIL GAME ,2,2011-06-24 10:44:00,3.75,17979.0,United Kingdom
557995,22775,PURPLE DRAWERKNOB ACRYLIC EDWARDIAN,2,2011-06-24 10:44:00,1.25,17979.0,United Kingdom
557995,22801,ANTIQUE GLASS PEDESTAL BOWL,2,2011-06-24 10:44:00,3.75,17979.0,United Kingdom
557995,23082,SET 6 PAPER TABLE LANTERN HEARTS ,4,2011-06-24 10:44:00,3.75,17979.0,United Kingdom
557995,84347,ROTATING SILVER ANGELS T-LIGHT HLDR,1,2011-06-24 10:44:00,2.55,17979.0,United Kingdom
557995,21494,ROTATING LEAVES T-LIGHT HOLDER,2,2011-06-24 10:44:00,1.25,17979.0,United Kingdom
557995,21201,TROPICAL  HONEYCOMB PAPER GARLAND ,1,2011-06-24 10:44:00,2.55,17979.0,United Kingdom
557995,21207,SKULL AND CROSSBONES  GARLAND ,1,2011-06-24 10:44:00,1.65,17979.0,United Kingdom
557995,85227,SET OF 6 3D KIT CARDS FOR KIDS,4,2011-06-24 10:44:00,0.85,17979.0,United Kingdom
557995,21696,SMALL SILVER TRELLIS CANDLEPOT,6,2011-06-24 10:44:00,2.95,17979.0,United Kingdom
557995,22693,GROW A FLYTRAP OR SUNFLOWER IN TIN,24,2011-06-24 10:44:00,1.25,17979.0,United Kingdom
557995,11001,ASSTD DESIGN RACING CAR PEN,32,2011-06-24 10:44:00,1.69,17979.0,United Kingdom
557995,22439,6 ROCKET BALLOONS ,30,2011-06-24 10:44:00,0.65,17979.0,United Kingdom
557995,22332,SKULLS PARTY BAG + STICKER SET,5,2011-06-24 10:44:00,1.65,17979.0,United Kingdom
557995,21987,PACK OF 6 SKULL PAPER CUPS,6,2011-06-24 10:44:00,0.65,17979.0,United Kingdom
557995,21988,PACK OF 6 SKULL PAPER PLATES,5,2011-06-24 10:44:00,0.85,17979.0,United Kingdom
557995,21989,PACK OF 20 SKULL PAPER NAPKINS,3,2011-06-24 10:44:00,0.85,17979.0,United Kingdom
558006,21686,MEDINA STAMPED METAL STOOL,3,2011-06-24 10:47:00,39.95,16626.0,United Kingdom
558027,22109,FULL ENGLISH BREAKFAST PLATE,16,2011-06-24 11:08:00,3.39,14032.0,United Kingdom
558027,23084,RABBIT NIGHT LIGHT,24,2011-06-24 11:08:00,1.79,14032.0,United Kingdom
558027,22064,PINK DOUGHNUT TRINKET POT ,12,2011-06-24 11:08:00,1.65,14032.0,United Kingdom
558027,22988,SOLDIERS EGG CUP ,36,2011-06-24 11:08:00,1.25,14032.0,United Kingdom
558027,23188,VINTAGE  2 METER FOLDING RULER,12,2011-06-24 11:08:00,1.65,14032.0,United Kingdom
558027,22197,POPCORN HOLDER,24,2011-06-24 11:08:00,0.85,14032.0,United Kingdom
558027,22659,LUNCH BOX I LOVE LONDON,12,2011-06-24 11:08:00,1.95,14032.0,United Kingdom
558027,23079,TOADSTOOL BEDSIDE LIGHT ,2,2011-06-24 11:08:00,8.95,14032.0,United Kingdom
558027,84077,WORLD WAR 2 GLIDERS ASSTD DESIGNS,48,2011-06-24 11:08:00,0.29,14032.0,United Kingdom
558027,84006,MAGIC TREE -PAPER FLOWERS,12,2011-06-24 11:08:00,0.85,14032.0,United Kingdom
558027,22970,LONDON BUS COFFEE MUG,6,2011-06-24 11:08:00,2.55,14032.0,United Kingdom
558027,23005,TRAVEL CARD WALLET I LOVE LONDON,24,2011-06-24 11:08:00,0.42,14032.0,United Kingdom
558027,22441,GROW YOUR OWN BASIL IN ENAMEL MUG,8,2011-06-24 11:08:00,2.1,14032.0,United Kingdom
558028,21137,BLACK RECORD COVER FRAME,8,2011-06-24 11:39:00,3.75,15128.0,United Kingdom
558028,82001S,VINYL RECORD FRAME SILVER,4,2011-06-24 11:39:00,3.75,15128.0,United Kingdom
558028,20723,STRAWBERRY CHARLOTTE BAG,20,2011-06-24 11:39:00,0.85,15128.0,United Kingdom
558028,22374,AIRLINE BAG VINTAGE JET SET RED,4,2011-06-24 11:39:00,4.25,15128.0,United Kingdom
558028,21429,RED GINGHAM ROSE JEWELLERY BOX,8,2011-06-24 11:39:00,1.95,15128.0,United Kingdom
558028,15036,ASSORTED COLOURS SILK FAN,12,2011-06-24 11:39:00,0.83,15128.0,United Kingdom
558028,22725,ALARM CLOCK BAKELIKE CHOCOLATE,4,2011-06-24 11:39:00,3.75,15128.0,United Kingdom
558028,22728,ALARM CLOCK BAKELIKE PINK,4,2011-06-24 11:39:00,3.75,15128.0,United Kingdom
558028,21166,COOK WITH WINE METAL SIGN ,12,2011-06-24 11:39:00,2.08,15128.0,United Kingdom
558028,23168,CLASSIC CAFE SUGAR DISPENSER,12,2011-06-24 11:39:00,1.25,15128.0,United Kingdom
558028,79190A,RETRO PLASTIC 70'S TRAY,15,2011-06-24 11:39:00,0.42,15128.0,United Kingdom
558028,22348,TEA BAG PLATE RED RETROSPOT,12,2011-06-24 11:39:00,0.85,15128.0,United Kingdom
558028,22196,SMALL HEART MEASURING SPOONS,12,2011-06-24 11:39:00,0.85,15128.0,United Kingdom
558028,22610,PENS ASSORTED FUNNY FACE,36,2011-06-24 11:39:00,0.19,15128.0,United Kingdom
558028,20983,12 PENCILS TALL TUBE RED RETROSPOT,12,2011-06-24 11:39:00,0.85,15128.0,United Kingdom
558028,20982,12 PENCILS TALL TUBE SKULLS,12,2011-06-24 11:39:00,0.85,15128.0,United Kingdom
558028,22759,SET OF 3 NOTEBOOKS IN PARCEL,12,2011-06-24 11:39:00,1.65,15128.0,United Kingdom
558028,84536B,FAIRY CAKES NOTEBOOK A7 SIZE,16,2011-06-24 11:39:00,0.42,15128.0,United Kingdom
558028,84536A,ENGLISH ROSE NOTEBOOK A7 SIZE,16,2011-06-24 11:39:00,0.42,15128.0,United Kingdom
558028,84535B,FAIRY CAKES NOTEBOOK A6 SIZE,16,2011-06-24 11:39:00,0.65,15128.0,United Kingdom
558028,23238,SET OF 4 KNICK KNACK TINS LONDON ,6,2011-06-24 11:39:00,4.15,15128.0,United Kingdom
558028,22646,CERAMIC STRAWBERRY CAKE MONEY BANK,12,2011-06-24 11:39:00,1.45,15128.0,United Kingdom
558028,22637,PIGGY BANK RETROSPOT ,4,2011-06-24 11:39:00,2.55,15128.0,United Kingdom
558028,16218,CARTOON  PENCIL SHARPENERS,80,2011-06-24 11:39:00,0.06,15128.0,United Kingdom
558028,21232,STRAWBERRY CERAMIC TRINKET BOX,12,2011-06-24 11:39:00,1.25,15128.0,United Kingdom
558028,22892,SET OF SALT AND PEPPER TOADSTOOLS,12,2011-06-24 11:39:00,1.25,15128.0,United Kingdom
558028,21877,HOME SWEET HOME MUG,12,2011-06-24 11:39:00,1.25,15128.0,United Kingdom
C558029,22384,LUNCH BAG PINK POLKADOT,-2,2011-06-24 11:47:00,1.65,12826.0,United Kingdom
C558029,20726,LUNCH BAG WOODLAND,-1,2011-06-24 11:47:00,1.65,12826.0,United Kingdom
C558029,20727,LUNCH BAG  BLACK SKULL.,-1,2011-06-24 11:47:00,1.65,12826.0,United Kingdom
558030,23173,REGENCY TEAPOT ROSES ,2,2011-06-24 12:00:00,9.95,16419.0,United Kingdom
558030,23175,REGENCY MILK JUG PINK ,4,2011-06-24 12:00:00,3.25,16419.0,United Kingdom
558030,22697,GREEN REGENCY TEACUP AND SAUCER,6,2011-06-24 12:00:00,2.95,16419.0,United Kingdom
558030,21340,CLASSIC METAL BIRDCAGE PLANT HOLDER,3,2011-06-24 12:00:00,12.75,16419.0,United Kingdom
558030,23107,WHITE HEARTS WIRE PLANT POT HOLDER,8,2011-06-24 12:00:00,2.89,16419.0,United Kingdom
558030,84947,ANTIQUE SILVER TEA GLASS ENGRAVED,12,2011-06-24 12:00:00,1.25,16419.0,United Kingdom
558030,22082,RIBBON REEL STRIPES DESIGN ,10,2011-06-24 12:00:00,1.65,16419.0,United Kingdom
558030,84879,ASSORTED COLOUR BIRD ORNAMENT,16,2011-06-24 12:00:00,1.69,16419.0,United Kingdom
558031,20750,RED RETROSPOT MINI CASES,2,2011-06-24 12:14:00,7.95,14180.0,United Kingdom
558031,22180,RETROSPOT LAMP,2,2011-06-24 12:14:00,9.95,14180.0,United Kingdom
558031,22354,RETROSPOT PADDED SEAT CUSHION,10,2011-06-24 12:14:00,3.75,14180.0,United Kingdom
558031,22507,MEMO BOARD RETROSPOT  DESIGN,4,2011-06-24 12:14:00,4.95,14180.0,United Kingdom
558031,22430,ENAMEL WATERING CAN CREAM,4,2011-06-24 12:14:00,4.95,14180.0,United Kingdom
558031,84415A,PINK FLOCK SUEDE CUSHION COVER ,6,2011-06-24 12:14:00,1.25,14180.0,United Kingdom
558031,22667,RECIPE BOX RETROSPOT ,6,2011-06-24 12:14:00,2.95,14180.0,United Kingdom
558031,22795,SWEETHEART RECIPE BOOK STAND,2,2011-06-24 12:14:00,6.75,14180.0,United Kingdom
558031,22847,BREAD BIN DINER STYLE IVORY,1,2011-06-24 12:14:00,16.95,14180.0,United Kingdom
558032,22443,,-7,2011-06-24 12:14:00,0.0,,United Kingdom
558033,84876B,,-59,2011-06-24 12:15:00,0.0,,United Kingdom
558034,20658,,-78,2011-06-24 12:17:00,0.0,,United Kingdom
558035,21658,GLASS  BEURRE DISH,4,2011-06-24 12:30:00,3.95,15258.0,United Kingdom
558035,23243,SET OF TEA COFFEE SUGAR TINS PANTRY,4,2011-06-24 12:30:00,4.95,15258.0,United Kingdom
558035,23245,SET OF 3 REGENCY CAKE TINS,4,2011-06-24 12:30:00,4.95,15258.0,United Kingdom
558035,84819,DANISH ROSE ROUND SEWING BOX,3,2011-06-24 12:30:00,4.25,15258.0,United Kingdom
558035,22723,SET OF 6 HERB TINS SKETCHBOOK,4,2011-06-24 12:30:00,3.95,15258.0,United Kingdom
558035,22989,SET 2 PANTRY DESIGN TEA TOWELS,6,2011-06-24 12:30:00,3.25,15258.0,United Kingdom
558035,22625,RED KITCHEN SCALES,2,2011-06-24 12:30:00,8.5,15258.0,United Kingdom
558035,22624,IVORY KITCHEN SCALES,2,2011-06-24 12:30:00,8.5,15258.0,United Kingdom
558035,22720,SET OF 3 CAKE TINS PANTRY DESIGN ,3,2011-06-24 12:30:00,4.95,15258.0,United Kingdom
558035,21430,SET/3 RED GINGHAM ROSE STORAGE BOX,4,2011-06-24 12:30:00,3.75,15258.0,United Kingdom
558035,23240,SET OF 4 KNICK KNACK TINS DOILEY ,6,2011-06-24 12:30:00,4.15,15258.0,United Kingdom
558035,22692,DOORMAT WELCOME TO OUR HOME,2,2011-06-24 12:30:00,7.95,15258.0,United Kingdom
558035,48187,DOORMAT NEW ENGLAND,2,2011-06-24 12:30:00,7.95,15258.0,United Kingdom
558035,48188,DOORMAT WELCOME PUPPIES,2,2011-06-24 12:30:00,7.95,15258.0,United Kingdom
558035,23173,REGENCY TEAPOT ROSES ,2,2011-06-24 12:30:00,9.95,15258.0,United Kingdom
558035,22072,RED RETROSPOT TEA CUP AND SAUCER ,4,2011-06-24 12:30:00,3.75,15258.0,United Kingdom
558035,22697,GREEN REGENCY TEACUP AND SAUCER,6,2011-06-24 12:30:00,2.95,15258.0,United Kingdom
558035,84509A,SET OF 4 ENGLISH ROSE PLACEMATS,4,2011-06-24 12:30:00,3.75,15258.0,United Kingdom
C558036,AMAZONFEE,AMAZON FEE,-1,2011-06-24 12:31:00,5791.18,,United Kingdom
C558037,AMAZONFEE,AMAZON FEE,-1,2011-06-24 12:33:00,4534.24,,United Kingdom
558038,22844,VINTAGE CREAM DOG FOOD CONTAINER,4,2011-06-24 12:43:00,8.5,18219.0,United Kingdom
558038,22845,VINTAGE CREAM CAT FOOD CONTAINER,2,2011-06-24 12:43:00,6.35,18219.0,United Kingdom
558038,23298,SPOTTY BUNTING,3,2011-06-24 12:43:00,4.95,18219.0,United Kingdom
558038,22302,COFFEE MUG PEARS  DESIGN,6,2011-06-24 12:43:00,2.55,18219.0,United Kingdom
558038,84879,ASSORTED COLOUR BIRD ORNAMENT,8,2011-06-24 12:43:00,1.69,18219.0,United Kingdom
558038,22470,HEART OF WICKER LARGE,6,2011-06-24 12:43:00,2.95,18219.0,United Kingdom
558038,82482,WOODEN PICTURE FRAME WHITE FINISH,6,2011-06-24 12:43:00,2.55,18219.0,United Kingdom
558038,16161P,WRAP ENGLISH ROSE ,25,2011-06-24 12:43:00,0.42,18219.0,United Kingdom
558038,84978,HANGING HEART JAR T-LIGHT HOLDER,12,2011-06-24 12:43:00,1.25,18219.0,United Kingdom
558038,23301,GARDENERS KNEELING PAD KEEP CALM ,12,2011-06-24 12:43:00,1.65,18219.0,United Kingdom
558038,23284,DOORMAT KEEP CALM AND COME IN,4,2011-06-24 12:43:00,7.95,18219.0,United Kingdom
558039,23198,PANTRY MAGNETIC  SHOPPING LIST,12,2011-06-24 12:44:00,1.45,18219.0,United Kingdom
558039,23110,PARISIENNE KEY CABINET ,2,2011-06-24 12:44:00,5.75,18219.0,United Kingdom
558039,23037,CANDLE HOLDER SILVER MADELINE,12,2011-06-24 12:44:00,1.65,18219.0,United Kingdom
558039,22469,HEART OF WICKER SMALL,12,2011-06-24 12:44:00,1.65,18219.0,United Kingdom
558040,22423,REGENCY CAKESTAND 3 TIER,2,2011-06-24 12:51:00,12.75,14309.0,United Kingdom
558040,23012,GLASS APOTHECARY BOTTLE PERFUME,4,2011-06-24 12:51:00,3.95,14309.0,United Kingdom
558040,23013,GLASS APOTHECARY BOTTLE TONIC,4,2011-06-24 12:51:00,3.95,14309.0,United Kingdom
558040,23014,GLASS APOTHECARY BOTTLE ELIXIR,4,2011-06-24 12:51:00,3.95,14309.0,United Kingdom
558040,23292,SPACEBOY CHILDRENS CUP,8,2011-06-24 12:51:00,1.25,14309.0,United Kingdom
558040,23084,RABBIT NIGHT LIGHT,48,2011-06-24 12:51:00,1.79,14309.0,United Kingdom
558040,21401,BLUE PUDDING SPOON,24,2011-06-24 12:51:00,0.12,14309.0,United Kingdom
558040,21400,RED PUDDING SPOON,24,2011-06-24 12:51:00,0.12,14309.0,United Kingdom
558040,21403,BLUE EGG  SPOON,24,2011-06-24 12:51:00,0.12,14309.0,United Kingdom
558041,21481,FAWN BLUE HOT WATER BOTTLE,6,2011-06-24 13:20:00,2.95,12422.0,Switzerland
558041,22273,FELTCRAFT DOLL MOLLY,6,2011-06-24 13:20:00,2.95,12422.0,Switzerland
558041,22274,FELTCRAFT DOLL EMILY,6,2011-06-24 13:20:00,2.95,12422.0,Switzerland
558041,22749,FELTCRAFT PRINCESS CHARLOTTE DOLL,4,2011-06-24 13:20:00,3.75,12422.0,Switzerland
558041,22271,FELTCRAFT DOLL ROSIE,6,2011-06-24 13:20:00,2.95,12422.0,Switzerland
558041,22147,FELTCRAFT BUTTERFLY HEARTS,12,2011-06-24 13:20:00,1.45,12422.0,Switzerland
558041,22962,JAM JAR WITH PINK LID,12,2011-06-24 13:20:00,0.85,12422.0,Switzerland
558041,22961,JAM MAKING SET PRINTED,12,2011-06-24 13:20:00,1.45,12422.0,Switzerland
558041,22960,JAM MAKING SET WITH JARS,6,2011-06-24 13:20:00,4.25,12422.0,Switzerland
558041,21693,SMALL HAMMERED SILVER CANDLEPOT ,12,2011-06-24 13:20:00,2.95,12422.0,Switzerland
558041,21694,SMALL REGAL  SILVER CANDLEPOT ,6,2011-06-24 13:20:00,2.95,12422.0,Switzerland
558041,22469,HEART OF WICKER SMALL,12,2011-06-24 13:20:00,1.65,12422.0,Switzerland
558041,23321,SMALL WHITE HEART OF WICKER,12,2011-06-24 13:20:00,1.65,12422.0,Switzerland
558041,21391,FRENCH LAVENDER SCENT HEART,24,2011-06-24 13:20:00,0.75,12422.0,Switzerland
558041,35810A,ENAMEL PINK COFFEE CONTAINER,12,2011-06-24 13:20:00,0.83,12422.0,Switzerland
558041,21723,ALPHABET HEARTS STICKER SHEET,12,2011-06-24 13:20:00,0.85,12422.0,Switzerland
558041,21944,KITTENS DESIGN FLANNEL,12,2011-06-24 13:20:00,0.85,12422.0,Switzerland
558041,POST,POSTAGE,3,2011-06-24 13:20:00,40.0,12422.0,Switzerland
558042,22326,ROUND SNACK BOXES SET OF4 WOODLAND ,6,2011-06-24 13:26:00,2.95,13870.0,United Kingdom
558042,22328,ROUND SNACK BOXES SET OF 4 FRUITS ,6,2011-06-24 13:26:00,2.95,13870.0,United Kingdom
558042,22895,SET OF 2 TEA TOWELS APPLE AND PEARS,6,2011-06-24 13:26:00,3.25,13870.0,United Kingdom
558042,22025,RING OF ROSES BIRTHDAY CARD,12,2011-06-24 13:26:00,0.42,13870.0,United Kingdom
558042,21509,COWBOYS AND INDIANS BIRTHDAY CARD ,12,2011-06-24 13:26:00,0.42,13870.0,United Kingdom
558042,22382,LUNCH BAG SPACEBOY DESIGN ,10,2011-06-24 13:26:00,1.65,13870.0,United Kingdom
558042,23208,LUNCH BAG VINTAGE LEAF DESIGN,10,2011-06-24 13:26:00,1.65,13870.0,United Kingdom
558042,22554,PLASTERS IN TIN WOODLAND ANIMALS,12,2011-06-24 13:26:00,1.65,13870.0,United Kingdom
558042,22629,SPACEBOY LUNCH BOX ,12,2011-06-24 13:26:00,1.95,13870.0,United Kingdom
558042,22729,ALARM CLOCK BAKELIKE ORANGE,4,2011-06-24 13:26:00,3.75,13870.0,United Kingdom
558042,22726,ALARM CLOCK BAKELIKE GREEN,4,2011-06-24 13:26:00,3.75,13870.0,United Kingdom
558042,23245,SET OF 3 REGENCY CAKE TINS,4,2011-06-24 13:26:00,4.95,13870.0,United Kingdom
558042,22721,SET OF 3 CAKE TINS SKETCHBOOK,3,2011-06-24 13:26:00,4.95,13870.0,United Kingdom
558042,22717,CARD DOG AND BALL ,12,2011-06-24 13:26:00,0.42,13870.0,United Kingdom
558042,22303,COFFEE MUG APPLES DESIGN,6,2011-06-24 13:26:00,2.55,13870.0,United Kingdom
558042,22302,COFFEE MUG PEARS  DESIGN,6,2011-06-24 13:26:00,2.55,13870.0,United Kingdom
558043,20728,LUNCH BAG CARS BLUE,10,2011-06-24 13:28:00,1.65,13425.0,United Kingdom
558043,22383,LUNCH BAG SUKI DESIGN ,10,2011-06-24 13:28:00,1.65,13425.0,United Kingdom
558043,22384,LUNCH BAG PINK POLKADOT,10,2011-06-24 13:28:00,1.65,13425.0,United Kingdom
558043,84997D,CHILDRENS CUTLERY POLKADOT PINK,4,2011-06-24 13:28:00,4.15,13425.0,United Kingdom
558043,84997C,CHILDRENS CUTLERY POLKADOT BLUE,4,2011-06-24 13:28:00,4.15,13425.0,United Kingdom
558043,23310,BUBBLEGUM RING ASSORTED,36,2011-06-24 13:28:00,0.42,13425.0,United Kingdom
558043,22742,MAKE YOUR OWN PLAYTIME CARD KIT,6,2011-06-24 13:28:00,2.95,13425.0,United Kingdom
558043,23199,JUMBO BAG APPLES,10,2011-06-24 13:28:00,2.08,13425.0,United Kingdom
558043,22386,JUMBO BAG PINK POLKADOT,10,2011-06-24 13:28:00,2.08,13425.0,United Kingdom
558043,21122,SET/10 PINK POLKADOT PARTY CANDLES,24,2011-06-24 13:28:00,1.25,13425.0,United Kingdom
558043,21124,SET/10 BLUE POLKADOT PARTY CANDLES,24,2011-06-24 13:28:00,1.25,13425.0,United Kingdom
558043,22956,36 FOIL HEART CAKE CASES,48,2011-06-24 13:28:00,1.85,13425.0,United Kingdom
558043,22908,PACK OF 20 NAPKINS RED APPLES,96,2011-06-24 13:28:00,0.72,13425.0,United Kingdom
558043,22303,COFFEE MUG APPLES DESIGN,36,2011-06-24 13:28:00,2.1,13425.0,United Kingdom
558043,22302,COFFEE MUG PEARS  DESIGN,36,2011-06-24 13:28:00,2.1,13425.0,United Kingdom
558043,22185,SLATE TILE NATURAL HANGING,36,2011-06-24 13:28:00,1.45,13425.0,United Kingdom
558043,22917,HERB MARKER ROSEMARY,12,2011-06-24 13:28:00,0.65,13425.0,United Kingdom
558043,22916,HERB MARKER THYME,12,2011-06-24 13:28:00,0.65,13425.0,United Kingdom
558043,22921,HERB MARKER CHIVES ,12,2011-06-24 13:28:00,0.65,13425.0,United Kingdom
558043,22920,HERB MARKER BASIL,12,2011-06-24 13:28:00,0.65,13425.0,United Kingdom
558043,22919,HERB MARKER MINT,12,2011-06-24 13:28:00,0.65,13425.0,United Kingdom
558043,22918,HERB MARKER PARSLEY,12,2011-06-24 13:28:00,0.65,13425.0,United Kingdom
558043,71477,COLOUR GLASS. STAR T-LIGHT HOLDER,8,2011-06-24 13:28:00,3.25,13425.0,United Kingdom
558043,21136,PAINTED METAL PEARS ASSORTED,16,2011-06-24 13:28:00,1.69,13425.0,United Kingdom
558043,85123A,WHITE HANGING HEART T-LIGHT HOLDER,12,2011-06-24 13:28:00,2.95,13425.0,United Kingdom
558043,22430,ENAMEL WATERING CAN CREAM,4,2011-06-24 13:28:00,4.95,13425.0,United Kingdom
558043,47566,PARTY BUNTING,8,2011-06-24 13:28:00,4.95,13425.0,United Kingdom
558044,23237,SET OF 4 KNICK KNACK TINS LEAVES ,6,2011-06-24 13:29:00,4.15,13870.0,United Kingdom
558044,23197,VEGETABLE MAGNETIC  SHOPPING LIST,12,2011-06-24 13:29:00,1.45,13870.0,United Kingdom
558044,23243,SET OF TEA COFFEE SUGAR TINS PANTRY,4,2011-06-24 13:29:00,4.95,13870.0,United Kingdom
558044,23206,LUNCH BAG APPLE DESIGN,10,2011-06-24 13:29:00,1.65,13870.0,United Kingdom
558044,22847,BREAD BIN DINER STYLE IVORY,2,2011-06-24 13:29:00,16.95,13870.0,United Kingdom
558045,22993,SET OF 4 PANTRY JELLY MOULDS,12,2011-06-24 13:35:00,1.25,12615.0,France
558045,23176,ABC TREASURE BOOK BOX ,8,2011-06-24 13:35:00,2.25,12615.0,France
558045,22969,HOMEMADE JAM SCENTED CANDLES,12,2011-06-24 13:35:00,1.45,12615.0,France
558045,23154,SET OF 4 JAM JAR MAGNETS,12,2011-06-24 13:35:00,2.08,12615.0,France
558045,22343,PARTY PIZZA DISH RED RETROSPOT,48,2011-06-24 13:35:00,0.85,12615.0,France
558045,22956,36 FOIL HEART CAKE CASES,12,2011-06-24 13:35:00,2.1,12615.0,France
558045,84077,WORLD WAR 2 GLIDERS ASSTD DESIGNS,48,2011-06-24 13:35:00,0.29,12615.0,France
558045,23084,RABBIT NIGHT LIGHT,12,2011-06-24 13:35:00,2.08,12615.0,France
558045,20749,ASSORTED COLOUR MINI CASES,2,2011-06-24 13:35:00,7.95,12615.0,France
558045,20750,RED RETROSPOT MINI CASES,2,2011-06-24 13:35:00,7.95,12615.0,France
558045,22961,JAM MAKING SET PRINTED,36,2011-06-24 13:35:00,1.45,12615.0,France
558045,22621,TRADITIONAL KNITTING NANCY,12,2011-06-24 13:35:00,1.65,12615.0,France
558045,22367,CHILDRENS APRON SPACEBOY DESIGN,8,2011-06-24 13:35:00,1.95,12615.0,France
558045,21156,RETROSPOT CHILDRENS APRON,8,2011-06-24 13:35:00,1.95,12615.0,France
558045,23254,CHILDRENS CUTLERY DOLLY GIRL ,4,2011-06-24 13:35:00,4.15,12615.0,France
558045,23256,CHILDRENS CUTLERY SPACEBOY ,4,2011-06-24 13:35:00,4.15,12615.0,France
558045,21936,RED RETROSPOT PICNIC BAG,10,2011-06-24 13:35:00,2.95,12615.0,France
558045,22027,TEA PARTY BIRTHDAY CARD,12,2011-06-24 13:35:00,0.42,12615.0,France
558045,22028,PENNY FARTHING BIRTHDAY CARD,12,2011-06-24 13:35:00,0.42,12615.0,France
558045,22029,SPACEBOY BIRTHDAY CARD,12,2011-06-24 13:35:00,0.42,12615.0,France
558045,22814,CARD PARTY GAMES ,12,2011-06-24 13:35:00,0.42,12615.0,France
558045,22984,CARD GINGHAM ROSE ,12,2011-06-24 13:35:00,0.42,12615.0,France
558045,22906,12 MESSAGE CARDS WITH ENVELOPES,12,2011-06-24 13:35:00,1.65,12615.0,France
558045,23245,SET OF 3 REGENCY CAKE TINS,4,2011-06-24 13:35:00,4.95,12615.0,France
558045,23307,SET OF 60 PANTRY DESIGN CAKE CASES ,24,2011-06-24 13:35:00,0.55,12615.0,France
558045,85099B,JUMBO BAG RED RETROSPOT,10,2011-06-24 13:35:00,2.08,12615.0,France
558045,20712,JUMBO BAG WOODLAND ANIMALS,10,2011-06-24 13:35:00,2.08,12615.0,France
558045,21929,JUMBO BAG PINK VINTAGE PAISLEY,10,2011-06-24 13:35:00,2.08,12615.0,France
558045,22385,JUMBO BAG SPACEBOY DESIGN,10,2011-06-24 13:35:00,2.08,12615.0,France
558045,22386,JUMBO BAG PINK POLKADOT,20,2011-06-24 13:35:00,2.08,12615.0,France
558045,POST,POSTAGE,3,2011-06-24 13:35:00,18.0,12615.0,France
558046,22418,10 COLOUR SPACEBOY PEN,24,2011-06-24 13:47:00,0.85,,EIRE
558046,47591D,PINK FAIRY CAKE CHILDRENS APRON,8,2011-06-24 13:47:00,1.95,,EIRE
558046,20914,SET/5 RED RETROSPOT LID GLASS BOWLS,6,2011-06-24 13:47:00,2.95,,EIRE
558046,22969,HOMEMADE JAM SCENTED CANDLES,12,2011-06-24 13:47:00,1.45,,EIRE
558046,22840,ROUND CAKE TIN VINTAGE RED,2,2011-06-24 13:47:00,7.95,,EIRE
558046,22624,IVORY KITCHEN SCALES,2,2011-06-24 13:47:00,8.5,,EIRE
558046,22665,RECIPE BOX BLUE SKETCHBOOK DESIGN,6,2011-06-24 13:47:00,2.95,,EIRE
558046,23197,SKETCHBOOK MAGNETIC SHOPPING LIST,12,2011-06-24 13:47:00,1.45,,EIRE
558046,22773,GREEN DRAWER KNOB ACRYLIC EDWARDIAN,12,2011-06-24 13:47:00,1.25,,EIRE
558046,23183,MOTHER'S KITCHEN SPOON REST ,6,2011-06-24 13:47:00,3.75,,EIRE
558046,22460,EMBOSSED GLASS TEALIGHT HOLDER,12,2011-06-24 13:47:00,1.25,,EIRE
558046,22178,VICTORIAN GLASS HANGING T-LIGHT,12,2011-06-24 13:47:00,1.25,,EIRE
558046,22784,LANTERN CREAM GAZEBO ,3,2011-06-24 13:47:00,4.95,,EIRE
558046,22464,HANGING METAL HEART LANTERN,12,2011-06-24 13:47:00,1.65,,EIRE
558046,71053,WHITE METAL LANTERN,4,2011-06-24 13:47:00,3.75,,EIRE
558046,84970L,SINGLE HEART ZINC T-LIGHT HOLDER,12,2011-06-24 13:47:00,0.95,,EIRE
558046,84970S,HANGING HEART ZINC T-LIGHT HOLDER,12,2011-06-24 13:47:00,0.85,,EIRE
558046,85123A,WHITE HANGING HEART T-LIGHT HOLDER,6,2011-06-24 13:47:00,2.95,,EIRE
558046,71477,COLOUR GLASS. STAR T-LIGHT HOLDER,4,2011-06-24 13:47:00,3.25,,EIRE
558046,84755,COLOUR GLASS T-LIGHT HOLDER HANGING,16,2011-06-24 13:47:00,0.65,,EIRE
558046,71459,HANGING JAM JAR T-LIGHT HOLDER,12,2011-06-24 13:47:00,0.85,,EIRE
558046,48187,DOORMAT NEW ENGLAND,2,2011-06-24 13:47:00,7.95,,EIRE
558046,48185,DOORMAT FAIRY CAKE,2,2011-06-24 13:47:00,7.95,,EIRE
558046,23091,ZINC HERB GARDEN CONTAINER,3,2011-06-24 13:47:00,6.25,,EIRE
558046,22920,HERB MARKER BASIL,12,2011-06-24 13:47:00,0.65,,EIRE
558046,22914,BLUE COAT RACK PARIS FASHION,12,2011-06-24 13:47:00,4.95,,EIRE
558046,22918,HERB MARKER PARSLEY,12,2011-06-24 13:47:00,0.65,,EIRE
558046,22296,HEART IVORY TRELLIS LARGE,12,2011-06-24 13:47:00,1.65,,EIRE
558046,22831,WHITE BROCANTE SOAP DISH,6,2011-06-24 13:47:00,2.95,,EIRE
558046,C2,CARRIAGE,1,2011-06-24 13:47:00,50.0,,EIRE
558047,M,Manual,1,2011-06-24 13:51:00,542.2,,EIRE
C558048,M,Manual,-1,2011-06-24 13:52:00,542.2,,EIRE
558049,16237,SLEEPING CAT ERASERS,5,2011-06-24 14:16:00,0.21,15850.0,United Kingdom
558049,20755,BLUE PAISLEY POCKET BOOK,1,2011-06-24 14:16:00,0.85,15850.0,United Kingdom
558049,20774,GREEN FERN NOTEBOOK,1,2011-06-24 14:16:00,1.65,15850.0,United Kingdom
558049,21788,KIDS RAIN MAC BLUE,1,2011-06-24 14:16:00,0.85,15850.0,United Kingdom
558049,22554,PLASTERS IN TIN WOODLAND ANIMALS,1,2011-06-24 14:16:00,1.65,15850.0,United Kingdom
558049,10133,COLOURING PENCILS BROWN TUBE,1,2011-06-24 14:16:00,0.42,15850.0,United Kingdom
558049,20981,12 PENCILS TALL TUBE WOODLAND,1,2011-06-24 14:16:00,0.85,15850.0,United Kingdom
558049,20984,12 PENCILS TALL TUBE POSY,3,2011-06-24 14:16:00,0.29,15850.0,United Kingdom
558049,23208,LUNCH BAG VINTAGE LEAF DESIGN,1,2011-06-24 14:16:00,1.65,15850.0,United Kingdom
558049,22328,ROUND SNACK BOXES SET OF 4 FRUITS ,1,2011-06-24 14:16:00,2.95,15850.0,United Kingdom
558049,22383,LUNCH BAG SUKI DESIGN ,1,2011-06-24 14:16:00,1.65,15850.0,United Kingdom
558049,16046,TEATIME PEN CASE & PENS,1,2011-06-24 14:16:00,0.85,15850.0,United Kingdom
558049,22961,JAM MAKING SET PRINTED,1,2011-06-24 14:16:00,1.45,15850.0,United Kingdom
558049,21787,RAIN PONCHO RETROSPOT,1,2011-06-24 14:16:00,0.85,15850.0,United Kingdom
558049,10133,COLOURING PENCILS BROWN TUBE,1,2011-06-24 14:16:00,0.42,15850.0,United Kingdom
558049,90114,SUMMER DAISIES BAG CHARM,1,2011-06-24 14:16:00,2.55,15850.0,United Kingdom
558049,21381,MINI WOODEN HAPPY BIRTHDAY GARLAND,2,2011-06-24 14:16:00,1.69,15850.0,United Kingdom
558049,22587,FELTCRAFT HAIRBAND RED AND BLUE,1,2011-06-24 14:16:00,0.85,15850.0,United Kingdom
558049,90098,NECKLACE+BRACELET PINK BUTTERFLY,1,2011-06-24 14:16:00,2.55,15850.0,United Kingdom
558049,22530,MAGIC DRAWING SLATE DOLLY GIRL ,1,2011-06-24 14:16:00,0.42,15850.0,United Kingdom
558049,84692,BOX OF 24 COCKTAIL PARASOLS,1,2011-06-24 14:16:00,0.42,15850.0,United Kingdom
558049,21448,12 DAISY PEGS IN WOOD BOX,1,2011-06-24 14:16:00,1.65,15850.0,United Kingdom
558049,21931,JUMBO STORAGE BAG SUKI,1,2011-06-24 14:16:00,2.08,15850.0,United Kingdom
558049,22384,LUNCH BAG PINK POLKADOT,1,2011-06-24 14:16:00,1.65,15850.0,United Kingdom
558049,20725,LUNCH BAG RED RETROSPOT,1,2011-06-24 14:16:00,1.65,15850.0,United Kingdom
558049,21788,KIDS RAIN MAC BLUE,1,2011-06-24 14:16:00,0.85,15850.0,United Kingdom
558049,21789,KIDS RAIN MAC PINK,2,2011-06-24 14:16:00,0.85,15850.0,United Kingdom
558049,21380,WOODEN HAPPY BIRTHDAY GARLAND,1,2011-06-24 14:16:00,2.95,15850.0,United Kingdom
558049,21787,RAIN PONCHO RETROSPOT,2,2011-06-24 14:16:00,0.85,15850.0,United Kingdom
558049,22557,PLASTERS IN TIN VINTAGE PAISLEY ,1,2011-06-24 14:16:00,1.65,15850.0,United Kingdom
558049,22961,JAM MAKING SET PRINTED,1,2011-06-24 14:16:00,1.45,15850.0,United Kingdom
558049,23006,TRAVEL CARD WALLET FLOWER MEADOW,1,2011-06-24 14:16:00,0.42,15850.0,United Kingdom
558049,22051,BLUE SCANDINAVIAN PAISLEY WRAP,25,2011-06-24 14:16:00,0.42,15850.0,United Kingdom
558049,16238,PARTY TIME PENCIL ERASERS,6,2011-06-24 14:16:00,0.21,15850.0,United Kingdom
558049,16237,SLEEPING CAT ERASERS,6,2011-06-24 14:16:00,0.21,15850.0,United Kingdom
558049,16258A,SWIRLY CIRCULAR RUBBERS IN BAG,12,2011-06-24 14:16:00,0.42,15850.0,United Kingdom
558049,21703,BAG 125g SWIRLY MARBLES,15,2011-06-24 14:16:00,0.42,15850.0,United Kingdom
558049,21726,MULTI HEARTS  STICKERS,4,2011-06-24 14:16:00,0.85,15850.0,United Kingdom
558049,21725,SWEETIES  STICKERS,2,2011-06-24 14:16:00,0.85,15850.0,United Kingdom
558049,21724,PANDA AND BUNNIES STICKER SHEET,2,2011-06-24 14:16:00,0.85,15850.0,United Kingdom
558049,21723,ALPHABET HEARTS STICKER SHEET,2,2011-06-24 14:16:00,0.85,15850.0,United Kingdom
558049,21830,ASSORTED CREEPY CRAWLIES,24,2011-06-24 14:16:00,0.42,15850.0,United Kingdom
558049,23310,BUBBLEGUM RING ASSORTED,36,2011-06-24 14:16:00,0.42,15850.0,United Kingdom
558049,22609,PENS ASSORTED SPACEBALL,36,2011-06-24 14:16:00,0.19,15850.0,United Kingdom
558049,20984,12 PENCILS TALL TUBE POSY,10,2011-06-24 14:16:00,0.29,15850.0,United Kingdom
558049,84199,GLOW IN DARK DOLPHINS,20,2011-06-24 14:16:00,0.21,15850.0,United Kingdom
558049,21034,REX CASH+CARRY JUMBO SHOPPER,1,2011-06-24 14:16:00,0.95,15850.0,United Kingdom
558053,22554,PLASTERS IN TIN WOODLAND ANIMALS,12,2011-06-24 14:33:00,1.65,15027.0,United Kingdom
558053,22555,PLASTERS IN TIN STRONGMAN,12,2011-06-24 14:33:00,1.65,15027.0,United Kingdom
558053,22111,SCOTTIE DOG HOT WATER BOTTLE,3,2011-06-24 14:33:00,4.95,15027.0,United Kingdom
558053,22383,LUNCH BAG SUKI DESIGN ,10,2011-06-24 14:33:00,1.65,15027.0,United Kingdom
558053,20728,LUNCH BAG CARS BLUE,10,2011-06-24 14:33:00,1.65,15027.0,United Kingdom
558053,20723,STRAWBERRY CHARLOTTE BAG,10,2011-06-24 14:33:00,0.85,15027.0,United Kingdom
558053,22433,WATERING CAN GREEN DINOSAUR,6,2011-06-24 14:33:00,1.95,15027.0,United Kingdom
558053,22605,WOODEN CROQUET GARDEN SET,2,2011-06-24 14:33:00,14.95,15027.0,United Kingdom
558053,22605,WOODEN CROQUET GARDEN SET,4,2011-06-24 14:33:00,12.75,15027.0,United Kingdom
558053,21889,WOODEN BOX OF DOMINOES,12,2011-06-24 14:33:00,1.25,15027.0,United Kingdom
558053,23206,LUNCH BAG APPLE DESIGN,10,2011-06-24 14:33:00,1.65,15027.0,United Kingdom
558053,22897,OVEN MITT APPLES DESIGN,10,2011-06-24 14:33:00,1.45,15027.0,United Kingdom
558053,22303,COFFEE MUG APPLES DESIGN,6,2011-06-24 14:33:00,2.55,15027.0,United Kingdom
558053,22896,PEG BAG APPLES DESIGN,6,2011-06-24 14:33:00,2.55,15027.0,United Kingdom
558053,22691,DOORMAT WELCOME SUNRISE,2,2011-06-24 14:33:00,7.95,15027.0,United Kingdom
558053,48184,DOORMAT ENGLISH ROSE ,2,2011-06-24 14:33:00,7.95,15027.0,United Kingdom
558053,23284,DOORMAT KEEP CALM AND COME IN,2,2011-06-24 14:33:00,7.95,15027.0,United Kingdom
558054,22420,LIPSTICK PEN BABY PINK,100,2011-06-24 14:36:00,0.36,12971.0,United Kingdom
558054,84946,ANTIQUE SILVER T-LIGHT GLASS,12,2011-06-24 14:36:00,1.25,12971.0,United Kingdom
558054,23029,DRAWER KNOB CRACKLE GLAZE GREEN,6,2011-06-24 14:36:00,1.65,12971.0,United Kingdom
558055,22821,GIFT BAG PSYCHEDELIC APPLES,1,2011-06-24 14:43:00,0.65,,United Kingdom
558055,22815,CARD PSYCHEDELIC APPLES,1,2011-06-24 14:43:00,0.42,,United Kingdom
558056,21794,CLASSIC FRENCH STYLE BASKET NATURAL,8,2011-06-24 14:54:00,3.95,15186.0,United Kingdom
558056,82482,WOODEN PICTURE FRAME WHITE FINISH,6,2011-06-24 14:54:00,2.55,15186.0,United Kingdom
558056,21390,FILIGRIS HEART WITH BUTTERFLY,24,2011-06-24 14:54:00,1.25,15186.0,United Kingdom
558056,22297,HEART IVORY TRELLIS SMALL,24,2011-06-24 14:54:00,1.25,15186.0,United Kingdom
558056,22079,RIBBON REEL HEARTS DESIGN ,10,2011-06-24 14:54:00,1.65,15186.0,United Kingdom
558056,22082,RIBBON REEL STRIPES DESIGN ,10,2011-06-24 14:54:00,1.65,15186.0,United Kingdom
558056,85123A,WHITE HANGING HEART T-LIGHT HOLDER,12,2011-06-24 14:54:00,2.95,15186.0,United Kingdom
558056,22151,PLACE SETTING WHITE HEART,48,2011-06-24 14:54:00,0.42,15186.0,United Kingdom
558056,22173,METAL 4 HOOK HANGER FRENCH CHATEAU,8,2011-06-24 14:54:00,2.95,15186.0,United Kingdom
558056,21389,IVORY HANGING DECORATION  BIRD,12,2011-06-24 14:54:00,0.85,15186.0,United Kingdom
558057,84536A,ENGLISH ROSE NOTEBOOK A7 SIZE,20,2011-06-24 14:57:00,0.42,15665.0,United Kingdom
558057,22604,SET OF 4 NAPKIN CHARMS CUTLERY,2,2011-06-24 14:57:00,2.55,15665.0,United Kingdom
558057,21158,MOODY GIRL DOOR HANGER ,10,2011-06-24 14:57:00,1.45,15665.0,United Kingdom
558057,21159,MOODY BOY  DOOR HANGER ,10,2011-06-24 14:57:00,1.45,15665.0,United Kingdom
558057,21162,TOXIC AREA  DOOR HANGER ,10,2011-06-24 14:57:00,1.45,15665.0,United Kingdom
558057,22384,LUNCH BAG PINK POLKADOT,20,2011-06-24 14:57:00,1.65,15665.0,United Kingdom
558057,22382,LUNCH BAG SPACEBOY DESIGN ,10,2011-06-24 14:57:00,1.65,15665.0,United Kingdom
558057,22383,LUNCH BAG SUKI DESIGN ,10,2011-06-24 14:57:00,1.65,15665.0,United Kingdom
558057,22662,LUNCH BAG DOLLY GIRL DESIGN,10,2011-06-24 14:57:00,1.65,15665.0,United Kingdom
558057,20728,LUNCH BAG CARS BLUE,10,2011-06-24 14:57:00,1.65,15665.0,United Kingdom
558057,20726,LUNCH BAG WOODLAND,10,2011-06-24 14:57:00,1.65,15665.0,United Kingdom
558057,20725,LUNCH BAG RED RETROSPOT,20,2011-06-24 14:57:00,1.65,15665.0,United Kingdom
558057,20727,LUNCH BAG  BLACK SKULL.,10,2011-06-24 14:57:00,1.65,15665.0,United Kingdom
558057,85123A,WHITE HANGING HEART T-LIGHT HOLDER,8,2011-06-24 14:57:00,2.95,15665.0,United Kingdom
558057,21733,RED HANGING HEART T-LIGHT HOLDER,4,2011-06-24 14:57:00,2.95,15665.0,United Kingdom
558057,21931,JUMBO STORAGE BAG SUKI,3,2011-06-24 14:57:00,2.08,15665.0,United Kingdom
558057,21155,RED RETROSPOT PEG BAG,4,2011-06-24 14:57:00,2.55,15665.0,United Kingdom
558057,21380,WOODEN HAPPY BIRTHDAY GARLAND,12,2011-06-24 14:57:00,2.95,15665.0,United Kingdom
558057,84032B,CHARLIE + LOLA RED HOT WATER BOTTLE,2,2011-06-24 14:57:00,2.95,15665.0,United Kingdom
558057,22113,GREY HEART HOT WATER BOTTLE,5,2011-06-24 14:57:00,3.75,15665.0,United Kingdom
558057,84032A,CHARLIE+LOLA PINK HOT WATER BOTTLE,2,2011-06-24 14:57:00,2.95,15665.0,United Kingdom
558057,21900,"KEY FOB , SHED",48,2011-06-24 14:57:00,0.65,15665.0,United Kingdom
558057,21899,"KEY FOB , GARAGE DESIGN",48,2011-06-24 14:57:00,0.65,15665.0,United Kingdom
558057,22294,HEART FILIGREE DOVE  SMALL,24,2011-06-24 14:57:00,1.25,15665.0,United Kingdom
558057,22464,HANGING METAL HEART LANTERN,6,2011-06-24 14:57:00,1.65,15665.0,United Kingdom
558057,22297,HEART IVORY TRELLIS SMALL,24,2011-06-24 14:57:00,1.25,15665.0,United Kingdom
558057,22296,HEART IVORY TRELLIS LARGE,12,2011-06-24 14:57:00,1.65,15665.0,United Kingdom
558057,21390,FILIGRIS HEART WITH BUTTERFLY,24,2011-06-24 14:57:00,1.25,15665.0,United Kingdom
558057,22295,HEART FILIGREE DOVE LARGE,12,2011-06-24 14:57:00,1.65,15665.0,United Kingdom
558057,21121,SET/10 RED POLKADOT PARTY CANDLES,24,2011-06-24 14:57:00,1.25,15665.0,United Kingdom
558057,21122,SET/10 PINK POLKADOT PARTY CANDLES,24,2011-06-24 14:57:00,1.25,15665.0,United Kingdom
558057,21124,SET/10 BLUE POLKADOT PARTY CANDLES,24,2011-06-24 14:57:00,1.25,15665.0,United Kingdom
558057,20749,ASSORTED COLOUR MINI CASES,2,2011-06-24 14:57:00,7.95,15665.0,United Kingdom
558057,20750,RED RETROSPOT MINI CASES,1,2011-06-24 14:57:00,7.95,15665.0,United Kingdom
558057,23029,DRAWER KNOB CRACKLE GLAZE GREEN,6,2011-06-24 14:57:00,1.65,15665.0,United Kingdom
558057,22759,SET OF 3 NOTEBOOKS IN PARCEL,12,2011-06-24 14:57:00,1.65,15665.0,United Kingdom
558057,21755,LOVE BUILDING BLOCK WORD,6,2011-06-24 14:57:00,5.95,15665.0,United Kingdom
558057,22782,SET 3 WICKER STORAGE BASKETS ,1,2011-06-24 14:57:00,24.95,15665.0,United Kingdom
558057,22120,WELCOME  WOODEN BLOCK LETTERS,2,2011-06-24 14:57:00,9.95,15665.0,United Kingdom
558058,23027,DRAWER KNOB VINTAGE GLASS HEXAGON,6,2011-06-24 15:00:00,2.08,14766.0,United Kingdom
558058,23029,DRAWER KNOB CRACKLE GLAZE GREEN,6,2011-06-24 15:00:00,1.65,14766.0,United Kingdom
558058,23031,DRAWER KNOB CRACKLE GLAZE PINK,6,2011-06-24 15:00:00,1.65,14766.0,United Kingdom
558058,23037,CANDLE HOLDER SILVER MADELINE,12,2011-06-24 15:00:00,1.65,14766.0,United Kingdom
558058,23288,GREEN VINTAGE SPOT BEAKER,8,2011-06-24 15:00:00,0.85,14766.0,United Kingdom
558058,23285,PINK VINTAGE SPOT BEAKER,8,2011-06-24 15:00:00,0.85,14766.0,United Kingdom
558058,23286,BLUE VINTAGE SPOT BEAKER,8,2011-06-24 15:00:00,0.85,14766.0,United Kingdom
558058,23083,SET 6 PAPER TABLE LANTERN STARS ,6,2011-06-24 15:00:00,3.75,14766.0,United Kingdom
558058,23082,SET 6 PAPER TABLE LANTERN HEARTS ,6,2011-06-24 15:00:00,3.75,14766.0,United Kingdom
558058,23093,SMALL PARISIENNE HEART PHOTO FRAME ,8,2011-06-24 15:00:00,2.49,14766.0,United Kingdom
558058,23207,LUNCH BAG ALPHABET DESIGN,10,2011-06-24 15:00:00,1.65,14766.0,United Kingdom
558058,23240,SET OF 4 KNICK KNACK TINS DOILEY ,6,2011-06-24 15:00:00,4.15,14766.0,United Kingdom
558058,23245,SET OF 3 REGENCY CAKE TINS,4,2011-06-24 15:00:00,4.95,14766.0,United Kingdom
558058,23300,GARDENERS KNEELING PAD CUP OF TEA ,12,2011-06-24 15:00:00,1.65,14766.0,United Kingdom
558058,23301,GARDENERS KNEELING PAD KEEP CALM ,12,2011-06-24 15:00:00,1.65,14766.0,United Kingdom
558058,23298,SPOTTY BUNTING,9,2011-06-24 15:00:00,4.95,14766.0,United Kingdom
558058,21509,COWBOYS AND INDIANS BIRTHDAY CARD ,12,2011-06-24 15:00:00,0.42,14766.0,United Kingdom
558058,21507,"ELEPHANT, BIRTHDAY CARD, ",12,2011-06-24 15:00:00,0.42,14766.0,United Kingdom
558058,21508,VINTAGE KID DOLLY CARD ,12,2011-06-24 15:00:00,0.42,14766.0,United Kingdom
558058,22024,RAINY LADIES BIRTHDAY CARD,12,2011-06-24 15:00:00,0.42,14766.0,United Kingdom
558058,22028,PENNY FARTHING BIRTHDAY CARD,12,2011-06-24 15:00:00,0.42,14766.0,United Kingdom
558058,22037,ROBOT BIRTHDAY CARD,12,2011-06-24 15:00:00,0.42,14766.0,United Kingdom
558058,22029,SPACEBOY BIRTHDAY CARD,12,2011-06-24 15:00:00,0.42,14766.0,United Kingdom
558058,22714,CARD BIRTHDAY COWBOY,12,2011-06-24 15:00:00,0.42,14766.0,United Kingdom
558058,84879,ASSORTED COLOUR BIRD ORNAMENT,16,2011-06-24 15:00:00,1.69,14766.0,United Kingdom
558058,22771,CLEAR DRAWER KNOB ACRYLIC EDWARDIAN,12,2011-06-24 15:00:00,1.25,14766.0,United Kingdom
C558059,23243,SET OF TEA COFFEE SUGAR TINS PANTRY,-1,2011-06-24 15:03:00,4.95,14194.0,United Kingdom
C558059,82600,NO SINGING METAL SIGN,-2,2011-06-24 15:03:00,1.85,14194.0,United Kingdom
C558060,22988,SOLDIERS EGG CUP ,-1,2011-06-24 15:05:00,1.06,17809.0,United Kingdom
C558061,23245,SET OF 3 REGENCY CAKE TINS,-1,2011-06-24 15:15:00,4.95,12809.0,Portugal
558062,22090,PAPER BUNTING RETROSPOT,40,2011-06-24 15:17:00,2.55,13784.0,United Kingdom
558062,22427,ENAMEL FLOWER JUG CREAM,36,2011-06-24 15:17:00,5.45,13784.0,United Kingdom
558062,84978,HANGING HEART JAR T-LIGHT HOLDER,72,2011-06-24 15:17:00,1.06,13784.0,United Kingdom
558062,84970L,SINGLE HEART ZINC T-LIGHT HOLDER,72,2011-06-24 15:17:00,0.95,13784.0,United Kingdom
558062,84970S,HANGING HEART ZINC T-LIGHT HOLDER,72,2011-06-24 15:17:00,0.85,13784.0,United Kingdom
558062,23163,REGENCY SUGAR TONGS,48,2011-06-24 15:17:00,2.08,13784.0,United Kingdom
558063,23256,CHILDRENS CUTLERY SPACEBOY ,3,2011-06-24 15:28:00,4.15,16395.0,United Kingdom
558063,20971,PINK BLUE FELT CRAFT TRINKET BOX,9,2011-06-24 15:28:00,1.25,16395.0,United Kingdom
558063,22743,MAKE YOUR OWN FLOWERPOWER CARD KIT,9,2011-06-24 15:28:00,2.95,16395.0,United Kingdom
558063,21703,BAG 125g SWIRLY MARBLES,12,2011-06-24 15:28:00,0.42,16395.0,United Kingdom
558063,21830,ASSORTED CREEPY CRAWLIES,72,2011-06-24 15:28:00,0.42,16395.0,United Kingdom
558063,21504,SKULLS GREETING CARD,24,2011-06-24 15:28:00,0.42,16395.0,United Kingdom
558063,84247K,"FOLK ART GREETING CARD,pack/12",1,2011-06-24 15:28:00,2.95,16395.0,United Kingdom
558063,84247N,PACK/12 BLUE FOLKART CARDS,2,2011-06-24 15:28:00,2.95,16395.0,United Kingdom
558063,84247K,"FOLK ART GREETING CARD,pack/12",1,2011-06-24 15:28:00,2.95,16395.0,United Kingdom
558063,21291,SMALL POLKADOT CHOCOLATE GIFT BAG ,16,2011-06-24 15:28:00,0.85,16395.0,United Kingdom
558063,21679,SKULLS  STICKERS,6,2011-06-24 15:28:00,0.85,16395.0,United Kingdom
558063,21677,HEARTS  STICKERS,12,2011-06-24 15:28:00,0.85,16395.0,United Kingdom
558063,22711,WRAP CIRCUS PARADE,25,2011-06-24 15:28:00,0.42,16395.0,United Kingdom
558063,21500,PINK POLKADOT WRAP ,25,2011-06-24 15:28:00,0.42,16395.0,United Kingdom
558063,21498,RED RETROSPOT WRAP ,25,2011-06-24 15:28:00,0.42,16395.0,United Kingdom
558063,21499,BLUE POLKADOT WRAP,25,2011-06-24 15:28:00,0.42,16395.0,United Kingdom
558063,22925,BLUE GIANT GARDEN THERMOMETER,1,2011-06-24 15:28:00,5.95,16395.0,United Kingdom
558063,22467,GUMBALL COAT RACK,1,2011-06-24 15:28:00,2.55,16395.0,United Kingdom
558063,23230,WRAP ALPHABET DESIGN,25,2011-06-24 15:28:00,0.42,16395.0,United Kingdom
558063,16161P,WRAP ENGLISH ROSE ,25,2011-06-24 15:28:00,0.42,16395.0,United Kingdom
558063,20969,RED FLORAL FELTCRAFT SHOULDER BAG,3,2011-06-24 15:28:00,3.75,16395.0,United Kingdom
558063,20970,PINK FLORAL FELTCRAFT SHOULDER BAG,3,2011-06-24 15:28:00,3.75,16395.0,United Kingdom
558063,85049C,ROMANTIC PINKS RIBBONS ,3,2011-06-24 15:28:00,1.25,16395.0,United Kingdom
558063,85049D,BRIGHT BLUES RIBBONS ,3,2011-06-24 15:28:00,1.25,16395.0,United Kingdom
558063,22371,AIRLINE BAG VINTAGE TOKYO 78,3,2011-06-24 15:28:00,4.25,16395.0,United Kingdom
558063,22274,FELTCRAFT DOLL EMILY,3,2011-06-24 15:28:00,2.95,16395.0,United Kingdom
558063,22273,FELTCRAFT DOLL MOLLY,3,2011-06-24 15:28:00,2.95,16395.0,United Kingdom
558063,22271,FELTCRAFT DOLL ROSIE,6,2011-06-24 15:28:00,2.95,16395.0,United Kingdom
558063,23108,SET OF 10 LED DOLLY LIGHTS,1,2011-06-24 15:28:00,6.25,16395.0,United Kingdom
558063,23080,RED METAL BOX TOP SECRET,1,2011-06-24 15:28:00,8.25,16395.0,United Kingdom
558063,22563,HAPPY STENCIL CRAFT,6,2011-06-24 15:28:00,1.25,16395.0,United Kingdom
558063,22964,3 PIECE SPACEBOY COOKIE CUTTER SET,2,2011-06-24 15:28:00,2.1,16395.0,United Kingdom
558063,84380,SET OF 3 BUTTERFLY COOKIE CUTTERS,3,2011-06-24 15:28:00,1.25,16395.0,United Kingdom
558063,21358,TOAST ITS - HAPPY BIRTHDAY,6,2011-06-24 15:28:00,1.25,16395.0,United Kingdom
558063,84375,SET OF 20 KIDS COOKIE CUTTERS,3,2011-06-24 15:28:00,2.1,16395.0,United Kingdom
558063,22741,FUNKY DIVA PEN,48,2011-06-24 15:28:00,0.85,16395.0,United Kingdom
558063,21430,SET/3 RED GINGHAM ROSE STORAGE BOX,2,2011-06-24 15:28:00,3.75,16395.0,United Kingdom
558063,21060,PARTY INVITES BALLOON GIRL,6,2011-06-24 15:28:00,0.85,16395.0,United Kingdom
558063,21059,PARTY INVITES DINOSAURS,6,2011-06-24 15:28:00,0.85,16395.0,United Kingdom
558063,21061,PARTY INVITES FOOTBALL,4,2011-06-24 15:28:00,0.85,16395.0,United Kingdom
558063,21063,PARTY INVITES JAZZ HEARTS,3,2011-06-24 15:28:00,0.85,16395.0,United Kingdom
558063,22740,POLKADOT PEN,48,2011-06-24 15:28:00,0.85,16395.0,United Kingdom
558063,22665,RECIPE BOX BLUE SKETCHBOOK DESIGN,3,2011-06-24 15:28:00,2.95,16395.0,United Kingdom
558063,20856,DENIM PATCH PURSE PINK BUTTERFLY,6,2011-06-24 15:28:00,1.65,16395.0,United Kingdom
558063,21051,RIBBONS PURSE ,6,2011-06-24 15:28:00,2.1,16395.0,United Kingdom
558063,85099F,JUMBO BAG STRAWBERRY,1,2011-06-24 15:28:00,2.08,16395.0,United Kingdom
558063,84997C,CHILDRENS CUTLERY POLKADOT BLUE,3,2011-06-24 15:28:00,4.15,16395.0,United Kingdom
558063,84997D,CHILDRENS CUTLERY POLKADOT PINK,3,2011-06-24 15:28:00,4.15,16395.0,United Kingdom
558063,21429,RED GINGHAM ROSE JEWELLERY BOX,12,2011-06-24 15:28:00,1.95,16395.0,United Kingdom
558064,79163,BLACK CHAMPAGNE GLASS,6,2011-06-24 15:31:00,0.39,,United Kingdom
558064,40001,WHITE BAMBOO RIBS LAMPSHADE,2,2011-06-24 15:31:00,0.85,,United Kingdom
558064,47585A,PINK FAIRY CAKE CUSHION COVER,2,2011-06-24 15:31:00,3.75,,United Kingdom
558064,23120,PACK OF 6 SMALL FRUIT STRAWS,4,2011-06-24 15:31:00,0.42,,United Kingdom
558064,23121,PACK OF 6 COCKTAIL PARASOL STRAWS,4,2011-06-24 15:31:00,0.42,,United Kingdom
558064,23119,PACK OF 6 LARGE FRUIT STRAWS ,4,2011-06-24 15:31:00,0.62,,United Kingdom
558065,84947,ANTIQUE SILVER TEA GLASS ENGRAVED,20,2011-06-24 15:33:00,1.25,16419.0,United Kingdom
558065,21340,CLASSIC METAL BIRDCAGE PLANT HOLDER,3,2011-06-24 15:33:00,12.75,16419.0,United Kingdom
558066,16020C,CLEAR STATIONERY BOX SET ,27,2011-06-24 15:45:00,0.83,,United Kingdom
558066,16237,SLEEPING CAT ERASERS,4,2011-06-24 15:45:00,0.42,,United Kingdom
558066,20700,GREEN CAT FLORAL CUSHION COVER ,1,2011-06-24 15:45:00,4.13,,United Kingdom
558066,20711,JUMBO BAG TOYS ,4,2011-06-24 15:45:00,4.13,,United Kingdom
558066,20712,JUMBO BAG WOODLAND ANIMALS,1,2011-06-24 15:45:00,4.13,,United Kingdom
558066,20713,JUMBO BAG OWLS,1,2011-06-24 15:45:00,4.13,,United Kingdom
558066,20719,WOODLAND CHARLOTTE BAG,1,2011-06-24 15:45:00,1.63,,United Kingdom
558066,20724,RED RETROSPOT CHARLOTTE BAG,1,2011-06-24 15:45:00,1.63,,United Kingdom
558066,20751,FUNKY WASHING UP GLOVES ASSORTED,1,2011-06-24 15:45:00,4.13,,United Kingdom
558066,20829,GLITTER HANGING BUTTERFLY STRING,1,2011-06-24 15:45:00,4.13,,United Kingdom
558066,20901,VINTAGE KEEPSAKE BOX PINK FLOWER,1,2011-06-24 15:45:00,4.13,,United Kingdom
558066,20903,VINTAGE KEEPSAKE BOX TRAVELOGUE,1,2011-06-24 15:45:00,4.13,,United Kingdom
558066,20974,12 PENCILS SMALL TUBE SKULL,10,2011-06-24 15:45:00,1.25,,United Kingdom
558066,21094,SET/6 RED SPOTTY PAPER PLATES,75,2011-06-24 15:45:00,0.83,,United Kingdom
558066,21111,"SWISS ROLL TOWEL, CHOCOLATE  SPOTS",1,2011-06-24 15:45:00,5.79,,United Kingdom
558066,21116,OWL DOORSTOP,1,2011-06-24 15:45:00,8.29,,United Kingdom
558066,21188,3D HEARTS  HONEYCOMB PAPER GARLAND,1,2011-06-24 15:45:00,5.79,,United Kingdom
558066,21189,WHITE HONEYCOMB PAPER GARLAND ,4,2011-06-24 15:45:00,3.29,,United Kingdom
558066,21194,PINK  HONEYCOMB PAPER FAN,2,2011-06-24 15:45:00,4.13,,United Kingdom
558066,21207,SKULL AND CROSSBONES  GARLAND ,1,2011-06-24 15:45:00,1.63,,United Kingdom
558066,21208,PASTEL COLOUR HONEYCOMB FAN,2,2011-06-24 15:45:00,3.29,,United Kingdom
558066,21213,PACK OF 72 SKULL CAKE CASES,1,2011-06-24 15:45:00,1.25,,United Kingdom
558066,21224,SET/4 SKULL BADGES,3,2011-06-24 15:45:00,0.83,,United Kingdom
558066,21231,SWEETHEART CERAMIC TRINKET BOX,1,2011-06-24 15:45:00,2.46,,United Kingdom
558066,21232,STRAWBERRY CERAMIC TRINKET BOX,1,2011-06-24 15:45:00,2.46,,United Kingdom
558066,21244,BLUE POLKADOT PLATE ,2,2011-06-24 15:45:00,3.29,,United Kingdom
558066,21245,GREEN POLKADOT PLATE ,2,2011-06-24 15:45:00,3.29,,United Kingdom
558066,21284,RETROSPOT CANDLE  SMALL,1,2011-06-24 15:45:00,3.29,,United Kingdom
558066,21313,GLASS HEART T-LIGHT HOLDER ,1,2011-06-24 15:45:00,1.63,,United Kingdom
558066,21377,SMALL CAMPHOR WOOD FIELD  MUSHROOM,1,2011-06-24 15:45:00,3.29,,United Kingdom
558066,21379,CAMPHOR WOOD PORTOBELLO MUSHROOM,1,2011-06-24 15:45:00,2.46,,United Kingdom
558066,21467,CHERRY CROCHET FOOD COVER,1,2011-06-24 15:45:00,7.46,,United Kingdom
558066,21481,FAWN BLUE HOT WATER BOTTLE,1,2011-06-24 15:45:00,5.79,,United Kingdom
558066,21531,RED RETROSPOT SUGAR JAM BOWL,1,2011-06-24 15:45:00,4.96,,United Kingdom
558066,21535,RED RETROSPOT SMALL MILK JUG,1,2011-06-24 15:45:00,4.96,,United Kingdom
558066,21564,PINK  HEART SHAPE LOVE BUCKET ,1,2011-06-24 15:45:00,5.79,,United Kingdom
558066,21679,SKULLS  STICKERS,7,2011-06-24 15:45:00,1.63,,United Kingdom
558066,21688,SILVER PLATE CANDLE BOWL SMALL,1,2011-06-24 15:45:00,5.79,,United Kingdom
558066,21715,GIRLS VINTAGE TIN SEASIDE BUCKET,1,2011-06-24 15:45:00,4.96,,United Kingdom
558066,21731,RED TOADSTOOL LED NIGHT LIGHT,1,2011-06-24 15:45:00,3.29,,United Kingdom
558066,21733,RED HANGING HEART T-LIGHT HOLDER,1,2011-06-24 15:45:00,5.79,,United Kingdom
558066,21739,COSY SLIPPER SHOES SMALL GREEN,1,2011-06-24 15:45:00,5.79,,United Kingdom
558066,21746,SMALL RED RETROSPOT WINDMILL,6,2011-06-24 15:45:00,2.46,,United Kingdom
558066,21790,VINTAGE SNAP CARDS,1,2011-06-24 15:45:00,1.63,,United Kingdom
558066,21802,CHRISTMAS TREE HEART DECORATION,2,2011-06-24 15:45:00,0.42,,United Kingdom
558066,21803,CHRISTMAS TREE STAR DECORATION,2,2011-06-24 15:45:00,0.42,,United Kingdom
558066,21823,PAINTED METAL HEART WITH HOLLY BELL,1,2011-06-24 15:45:00,2.92,,United Kingdom
558066,21915,RED  HARMONICA IN BOX ,1,2011-06-24 15:45:00,2.46,,United Kingdom
558066,21931,JUMBO STORAGE BAG SUKI,3,2011-06-24 15:45:00,4.13,,United Kingdom
558066,21932,SCANDINAVIAN PAISLEY PICNIC BAG,2,2011-06-24 15:45:00,2.46,,United Kingdom
558066,21933,PINK VINTAGE PAISLEY PICNIC BAG,1,2011-06-24 15:45:00,2.46,,United Kingdom
558066,21993,FLORAL FOLK STATIONERY SET,4,2011-06-24 15:45:00,2.46,,United Kingdom
558066,22083,PAPER CHAIN KIT RETROSPOT,2,2011-06-24 15:45:00,5.79,,United Kingdom
558066,22156,HEART DECORATION WITH PEARLS ,2,2011-06-24 15:45:00,1.63,,United Kingdom
558066,22182,CAKE STAND VICTORIAN FILIGREE SMALL,5,2011-06-24 15:45:00,4.13,,United Kingdom
558066,22216,T-LIGHT HOLDER WHITE LACE,1,2011-06-24 15:45:00,1.63,,United Kingdom
558066,22217,T-LIGHT HOLDER HANGING LACE,1,2011-06-24 15:45:00,2.46,,United Kingdom
558066,22268,DECORATION SITTING BUNNY,1,2011-06-24 15:45:00,0.63,,United Kingdom
558066,22329,ROUND CONTAINER SET OF 5 RETROSPOT,1,2011-06-24 15:45:00,3.29,,United Kingdom
558066,22355,CHARLOTTE BAG SUKI DESIGN,1,2011-06-24 15:45:00,1.63,,United Kingdom
558066,22378,WALL TIDY RETROSPOT ,1,2011-06-24 15:45:00,4.13,,United Kingdom
558066,22385,JUMBO BAG SPACEBOY DESIGN,1,2011-06-24 15:45:00,4.13,,United Kingdom
558066,22431,WATERING CAN BLUE ELEPHANT,1,2011-06-24 15:45:00,4.13,,United Kingdom
558066,22437,SET OF 9 BLACK SKULL BALLOONS,1,2011-06-24 15:45:00,1.63,,United Kingdom
558066,22469,HEART OF WICKER SMALL,5,2011-06-24 15:45:00,3.29,,United Kingdom
558066,22489,PACK OF 12 TRADITIONAL CRAYONS,3,2011-06-24 15:45:00,0.83,,United Kingdom
558066,22502,PICNIC BASKET WICKER SMALL,4,2011-06-24 15:45:00,5.95,,United Kingdom
558066,22547,MINI JIGSAW DINOSAUR ,1,2011-06-24 15:45:00,0.83,,United Kingdom
558066,22663,JUMBO BAG DOLLY GIRL DESIGN,1,2011-06-24 15:45:00,4.13,,United Kingdom
558066,22667,RECIPE BOX RETROSPOT ,1,2011-06-24 15:45:00,5.79,,United Kingdom
558066,22668,PINK BABY BUNTING,1,2011-06-24 15:45:00,5.79,,United Kingdom
558066,22669,RED BABY BUNTING ,2,2011-06-24 15:45:00,5.79,,United Kingdom
558066,22692,DOORMAT WELCOME TO OUR HOME,1,2011-06-24 15:45:00,15.79,,United Kingdom
558066,22697,GREEN REGENCY TEACUP AND SAUCER,2,2011-06-24 15:45:00,5.79,,United Kingdom
558066,22726,ALARM CLOCK BAKELIKE GREEN,1,2011-06-24 15:45:00,7.46,,United Kingdom
558066,22754,SMALL RED BABUSHKA NOTEBOOK ,1,2011-06-24 15:45:00,1.63,,United Kingdom
558066,22758,LARGE PURPLE BABUSHKA NOTEBOOK  ,1,2011-06-24 15:45:00,2.46,,United Kingdom
558066,22759,SET OF 3 NOTEBOOKS IN PARCEL,1,2011-06-24 15:45:00,3.29,,United Kingdom
558066,22766,PHOTO FRAME CORNICE,2,2011-06-24 15:45:00,5.79,,United Kingdom
558066,22839,3 TIER CAKE TIN GREEN AND CREAM,2,2011-06-24 15:45:00,14.13,,United Kingdom
558066,22900,SET 2 TEA TOWELS I LOVE LONDON ,1,2011-06-24 15:45:00,6.63,,United Kingdom
558066,22920,HERB MARKER BASIL,1,2011-06-24 15:45:00,1.63,,United Kingdom
558066,22960,JAM MAKING SET WITH JARS,2,2011-06-24 15:45:00,8.29,,United Kingdom
558066,22969,HOMEMADE JAM SCENTED CANDLES,1,2011-06-24 15:45:00,3.29,,United Kingdom
558066,23014,GLASS APOTHECARY BOTTLE ELIXIR,1,2011-06-24 15:45:00,8.29,,United Kingdom
558066,23089,GLASS BON BON JAR,2,2011-06-24 15:45:00,3.29,,United Kingdom
558066,23096,PETIT TRAY CHIC,1,2011-06-24 15:45:00,3.29,,United Kingdom
558066,23103,JINGLE BELL HEART DECORATION,1,2011-06-24 15:45:00,3.29,,United Kingdom
558066,23119,PACK OF 6 LARGE FRUIT STRAWS ,2,2011-06-24 15:45:00,1.25,,United Kingdom
558066,23121,PACK OF 6 COCKTAIL PARASOL STRAWS,3,2011-06-24 15:45:00,1.25,,United Kingdom
558066,23170,REGENCY TEA PLATE ROSES ,1,2011-06-24 15:45:00,3.29,,United Kingdom
558066,23171,REGENCY TEA PLATE GREEN ,2,2011-06-24 15:45:00,3.29,,United Kingdom
558066,23201,JUMBO BAG ALPHABET,1,2011-06-24 15:45:00,4.13,,United Kingdom
558066,23202,JUMBO BAG VINTAGE LEAF,9,2011-06-24 15:45:00,4.13,,United Kingdom
558066,23203,JUMBO BAG DOILEY PATTERNS,2,2011-06-24 15:45:00,4.13,,United Kingdom
558066,23204,CHARLOTTE BAG APPLES DESIGN,1,2011-06-24 15:45:00,1.63,,United Kingdom
558066,23205,CHARLOTTE BAG VINTAGE ALPHABET ,1,2011-06-24 15:45:00,1.63,,United Kingdom
558066,23245,SET OF 3 REGENCY CAKE TINS,1,2011-06-24 15:45:00,10.79,,United Kingdom
558066,23251,VINTAGE RED ENAMEL TRIM MUG ,2,2011-06-24 15:45:00,2.46,,United Kingdom
558066,23252,VINTAGE RED ENAMEL TRIM JUG ,1,2011-06-24 15:45:00,7.46,,United Kingdom
558066,23285,PINK VINTAGE SPOT BEAKER,1,2011-06-24 15:45:00,1.63,,United Kingdom
558066,23286,BLUE VINTAGE SPOT BEAKER,5,2011-06-24 15:45:00,1.63,,United Kingdom
558066,23287,RED VINTAGE SPOT BEAKER,1,2011-06-24 15:45:00,1.63,,United Kingdom
558066,23288,GREEN VINTAGE SPOT BEAKER,5,2011-06-24 15:45:00,1.63,,United Kingdom
558066,23300,GARDENERS KNEELING PAD CUP OF TEA ,1,2011-06-24 15:45:00,3.29,,United Kingdom
558066,23302,KNEELING MAT HOUSEWORK  DESIGN,1,2011-06-24 15:45:00,3.29,,United Kingdom
558066,35653,VINTAGE BEAD NOTEBOOK,1,2011-06-24 15:45:00,2.46,,United Kingdom
558066,35916A,YELLOW FELT HANGING HEART W FLOWER,1,2011-06-24 15:45:00,0.63,,United Kingdom
558066,35970,ZINC FOLKART SLEIGH BELLS,1,2011-06-24 15:45:00,4.13,,United Kingdom
558066,47566,PARTY BUNTING,3,2011-06-24 15:45:00,10.79,,United Kingdom
558066,82482,WOODEN PICTURE FRAME WHITE FINISH,1,2011-06-24 15:45:00,5.79,,United Kingdom
558066,84031A,CHARLIE+LOLA RED HOT WATER BOTTLE ,1,2011-06-24 15:45:00,4.13,,United Kingdom
558066,84031B,CHARLIE LOLA BLUE HOT WATER BOTTLE ,1,2011-06-24 15:45:00,4.13,,United Kingdom
558066,84032A,CHARLIE+LOLA PINK HOT WATER BOTTLE,1,2011-06-24 15:45:00,3.29,,United Kingdom
558066,84279P,CHERRY BLOSSOM  DECORATIVE FLASK,1,2011-06-24 15:45:00,8.29,,United Kingdom
558066,84378,SET OF 3 HEART COOKIE CUTTERS,1,2011-06-24 15:45:00,2.46,,United Kingdom
558066,84536B,FAIRY CAKES NOTEBOOK A7 SIZE,16,2011-06-24 15:45:00,0.83,,United Kingdom
558066,84637,KITCHEN FLOWER POTS WALL PLAQUE,1,2011-06-24 15:45:00,4.96,,United Kingdom
558066,84707A,SILVER JEWELLED MIRROR TRINKET TRAY,1,2011-06-24 15:45:00,19.96,,United Kingdom
558066,84796B,BLUE SAVANNAH PICNIC HAMPER FOR 2,1,2011-06-24 15:45:00,8.29,,United Kingdom
558066,84905,PINK BUTTERFLY CUSHION COVER ,3,2011-06-24 15:45:00,4.96,,United Kingdom
558066,84946,ANTIQUE SILVER T-LIGHT GLASS,3,2011-06-24 15:45:00,2.46,,United Kingdom
558066,84978,HANGING HEART JAR T-LIGHT HOLDER,2,2011-06-24 15:45:00,2.46,,United Kingdom
558066,85130D,BEADED CRYSTAL HEART PINK LARGE,1,2011-06-24 15:45:00,3.29,,United Kingdom
558066,85131A,BEADED PEARL HEART WHITE ON STICK,2,2011-06-24 15:45:00,0.83,,United Kingdom
558066,85173,SET/6 FROG PRINCE T-LIGHT CANDLES,1,2011-06-24 15:45:00,4.96,,United Kingdom
558066,85184C,SET 4 VALENTINE DECOUPAGE HEART BOX,1,2011-06-24 15:45:00,5.79,,United Kingdom
558066,90175D,TIGRIS EYE CHUNKY CHARM BRACELET,1,2011-06-24 15:45:00,9.15,,United Kingdom
558066,gift_0001_50,Dotcomgiftshop Gift Voucher £50.00,1,2011-06-24 15:45:00,41.67,,United Kingdom
558066,DOT,DOTCOM POSTAGE,1,2011-06-24 15:45:00,150.77,,United Kingdom
558066,22209,WOOD STAMP SET HAPPY BIRTHDAY,6,2011-06-24 15:45:00,0.83,,United Kingdom
558066,22300,COFFEE MUG DOG + BALL DESIGN,3,2011-06-24 15:45:00,2.55,,United Kingdom
558066,23309,SET OF 60 I LOVE LONDON CAKE CASES ,20,2011-06-24 15:45:00,0.55,,United Kingdom
558067,23044,PAPER LANTERN 9 POINT HOLLY STAR S,6,2011-06-24 15:51:00,4.15,14156.0,EIRE
558067,23045,PAPER LANTERN 5 POINT STAR MOON ,6,2011-06-24 15:51:00,4.15,14156.0,EIRE
558067,23083,SET 6 PAPER TABLE LANTERN STARS ,12,2011-06-24 15:51:00,3.75,14156.0,EIRE
558067,22899,CHILDREN'S APRON DOLLY GIRL ,6,2011-06-24 15:51:00,2.1,14156.0,EIRE
558067,23124,18PC WOODEN CUTLERY SET DISPOSABLE,32,2011-06-24 15:51:00,1.25,14156.0,EIRE
558067,22661,CHARLOTTE BAG DOLLY GIRL DESIGN,10,2011-06-24 15:51:00,0.85,14156.0,EIRE
558067,22906,12 MESSAGE CARDS WITH ENVELOPES,12,2011-06-24 15:51:00,1.65,14156.0,EIRE
558067,20717,STRAWBERRY SHOPPER BAG,10,2011-06-24 15:51:00,1.25,14156.0,EIRE
558067,22355,CHARLOTTE BAG SUKI DESIGN,10,2011-06-24 15:51:00,0.85,14156.0,EIRE
558067,20723,STRAWBERRY CHARLOTTE BAG,10,2011-06-24 15:51:00,0.85,14156.0,EIRE
558067,20719,WOODLAND CHARLOTTE BAG,10,2011-06-24 15:51:00,0.85,14156.0,EIRE
558067,21232,STRAWBERRY CERAMIC TRINKET BOX,72,2011-06-24 15:51:00,1.06,14156.0,EIRE
558067,20724,RED RETROSPOT CHARLOTTE BAG,10,2011-06-24 15:51:00,0.85,14156.0,EIRE
558067,22892,SET OF SALT AND PEPPER TOADSTOOLS,12,2011-06-24 15:51:00,1.25,14156.0,EIRE
558067,22667,RECIPE BOX RETROSPOT ,6,2011-06-24 15:51:00,2.95,14156.0,EIRE
558067,23204,CHARLOTTE BAG APPLES DESIGN,10,2011-06-24 15:51:00,0.85,14156.0,EIRE
558067,23206,LUNCH BAG APPLE DESIGN,20,2011-06-24 15:51:00,1.65,14156.0,EIRE
558067,22908,PACK OF 20 NAPKINS RED APPLES,24,2011-06-24 15:51:00,0.85,14156.0,EIRE
558067,22905,CALENDAR IN SEASON DESIGN,6,2011-06-24 15:51:00,2.95,14156.0,EIRE
558067,22927,GREEN GIANT GARDEN THERMOMETER,4,2011-06-24 15:51:00,5.95,14156.0,EIRE
558067,22846,BREAD BIN DINER STYLE RED ,4,2011-06-24 15:51:00,14.95,14156.0,EIRE
558067,22847,BREAD BIN DINER STYLE IVORY,4,2011-06-24 15:51:00,14.95,14156.0,EIRE
558067,23207,LUNCH BAG ALPHABET DESIGN,10,2011-06-24 15:51:00,1.65,14156.0,EIRE
558067,22662,LUNCH BAG DOLLY GIRL DESIGN,10,2011-06-24 15:51:00,1.65,14156.0,EIRE
558067,22383,LUNCH BAG SUKI DESIGN ,10,2011-06-24 15:51:00,1.65,14156.0,EIRE
558067,22384,LUNCH BAG PINK POLKADOT,20,2011-06-24 15:51:00,1.65,14156.0,EIRE
558067,20727,LUNCH BAG  BLACK SKULL.,10,2011-06-24 15:51:00,1.65,14156.0,EIRE
558067,20728,LUNCH BAG CARS BLUE,10,2011-06-24 15:51:00,1.65,14156.0,EIRE
558067,20726,LUNCH BAG WOODLAND,20,2011-06-24 15:51:00,1.65,14156.0,EIRE
558067,20725,LUNCH BAG RED RETROSPOT,20,2011-06-24 15:51:00,1.65,14156.0,EIRE
558067,21080,SET/20 RED RETROSPOT PAPER NAPKINS ,24,2011-06-24 15:51:00,0.85,14156.0,EIRE
558067,21078,SET/20 STRAWBERRY PAPER NAPKINS ,24,2011-06-24 15:51:00,0.85,14156.0,EIRE
558067,21936,RED RETROSPOT PICNIC BAG,5,2011-06-24 15:51:00,2.95,14156.0,EIRE
558067,23300,GARDENERS KNEELING PAD CUP OF TEA ,12,2011-06-24 15:51:00,1.65,14156.0,EIRE
558067,23267,SET OF 4 SANTA PLACE SETTINGS,48,2011-06-24 15:51:00,1.25,14156.0,EIRE
558067,23271,CHRISTMAS TABLE SILVER CANDLE SPIKE,48,2011-06-24 15:51:00,0.83,14156.0,EIRE
558067,23245,SET OF 3 REGENCY CAKE TINS,4,2011-06-24 15:51:00,4.95,14156.0,EIRE
558068,15036,ASSORTED COLOURS SILK FAN,4,2011-06-24 15:51:00,1.63,,United Kingdom
558068,15044A,PINK PAPER PARASOL ,3,2011-06-24 15:51:00,5.79,,United Kingdom
558068,15044C,PURPLE PAPER PARASOL,3,2011-06-24 15:51:00,5.79,,United Kingdom
558068,15058A,BLUE POLKADOT GARDEN PARASOL,1,2011-06-24 15:51:00,10.79,,United Kingdom
558068,15058B,PINK POLKADOT GARDEN PARASOL,1,2011-06-24 15:51:00,10.79,,United Kingdom
558068,20661,BLUE POLKADOT PURSE ,1,2011-06-24 15:51:00,2.46,,United Kingdom
558068,20707,CRAZY DAISY HEART DECORATION,2,2011-06-24 15:51:00,0.83,,United Kingdom
558068,20713,JUMBO BAG OWLS,1,2011-06-24 15:51:00,4.13,,United Kingdom
558068,20724,RED RETROSPOT CHARLOTTE BAG,1,2011-06-24 15:51:00,1.63,,United Kingdom
558068,20727,LUNCH BAG  BLACK SKULL.,1,2011-06-24 15:51:00,4.13,,United Kingdom
558068,20728,LUNCH BAG CARS BLUE,1,2011-06-24 15:51:00,4.13,,United Kingdom
558068,20829,GLITTER HANGING BUTTERFLY STRING,3,2011-06-24 15:51:00,4.13,,United Kingdom
558068,20901,VINTAGE KEEPSAKE BOX PINK FLOWER,1,2011-06-24 15:51:00,4.13,,United Kingdom
558068,20902,VINTAGE KEEPSAKE BOX PARIS DAYS,1,2011-06-24 15:51:00,4.13,,United Kingdom
558068,20914,SET/5 RED RETROSPOT LID GLASS BOWLS,1,2011-06-24 15:51:00,5.79,,United Kingdom
558068,20971,PINK BLUE FELT CRAFT TRINKET BOX,1,2011-06-24 15:51:00,2.46,,United Kingdom
558068,21033,JUMBO BAG CHARLIE AND LOLA TOYS,1,2011-06-24 15:51:00,4.13,,United Kingdom
558068,21068,VINTAGE BILLBOARD LOVE/HATE MUG,1,2011-06-24 15:51:00,2.46,,United Kingdom
558068,21080,SET/20 RED RETROSPOT PAPER NAPKINS ,4,2011-06-24 15:51:00,1.63,,United Kingdom
558068,21094,SET/6 RED SPOTTY PAPER PLATES,12,2011-06-24 15:51:00,0.83,,United Kingdom
558068,21175,GIN + TONIC DIET METAL SIGN,2,2011-06-24 15:51:00,4.96,,United Kingdom
558068,21219,SET/4 BADGES BALLOON GIRL,1,2011-06-24 15:51:00,2.46,,United Kingdom
558068,21313,GLASS HEART T-LIGHT HOLDER ,2,2011-06-24 15:51:00,1.63,,United Kingdom
558068,21402,RED  EGG  SPOON,4,2011-06-24 15:51:00,0.42,,United Kingdom
558068,21407,BROWN CHECK CAT DOORSTOP ,2,2011-06-24 15:51:00,8.29,,United Kingdom
558068,21506,"FANCY FONT BIRTHDAY CARD, ",1,2011-06-24 15:51:00,0.83,,United Kingdom
558068,21578,WOODLAND DESIGN  COTTON TOTE BAG,1,2011-06-24 15:51:00,4.96,,United Kingdom
558068,21627,ELEPHANT CARNIVAL POUFFE,1,2011-06-24 15:51:00,29.17,,United Kingdom
558068,21716,BOYS VINTAGE TIN SEASIDE BUCKET,1,2011-06-24 15:51:00,4.96,,United Kingdom
558068,21718,RED METAL BEACH SPADE ,1,2011-06-24 15:51:00,2.46,,United Kingdom
558068,21786,POLKADOT RAIN HAT ,1,2011-06-24 15:51:00,0.83,,United Kingdom
558068,21928,JUMBO BAG SCANDINAVIAN BLUE PAISLEY,1,2011-06-24 15:51:00,4.13,,United Kingdom
558068,21929,JUMBO BAG PINK VINTAGE PAISLEY,1,2011-06-24 15:51:00,4.13,,United Kingdom
558068,21931,JUMBO STORAGE BAG SUKI,3,2011-06-24 15:51:00,4.13,,United Kingdom
558068,21935,SUKI  SHOULDER BAG,3,2011-06-24 15:51:00,3.29,,United Kingdom
558068,21947,SET OF 6 HEART CHOPSTICKS,1,2011-06-24 15:51:00,2.46,,United Kingdom
558068,21982,PACK OF 12 SUKI TISSUES ,1,2011-06-24 15:51:00,0.83,,United Kingdom
558068,21992,VINTAGE PAISLEY STATIONERY SET,1,2011-06-24 15:51:00,2.46,,United Kingdom
558068,21993,FLORAL FOLK STATIONERY SET,1,2011-06-24 15:51:00,2.46,,United Kingdom
558068,22024,RAINY LADIES BIRTHDAY CARD,1,2011-06-24 15:51:00,0.83,,United Kingdom
558068,22069,BROWN  PIRATE TREASURE CHEST ,4,2011-06-24 15:51:00,3.29,,United Kingdom
558068,22090,PAPER BUNTING RETROSPOT,1,2011-06-24 15:51:00,5.79,,United Kingdom
558068,22123,PING MICROWAVE APRON,1,2011-06-24 15:51:00,4.13,,United Kingdom
558068,22124,SET OF 2 TEA TOWELS PING MICROWAVE,1,2011-06-24 15:51:00,2.46,,United Kingdom
558068,22133,PINK LOVE HEART SHAPE CUP,2,2011-06-24 15:51:00,1.63,,United Kingdom
558068,22135,MINI LADLE LOVE HEART PINK,1,2011-06-24 15:51:00,0.83,,United Kingdom
558068,22138,BAKING SET 9 PIECE RETROSPOT ,1,2011-06-24 15:51:00,10.79,,United Kingdom
558068,22167, OVAL WALL MIRROR DIAMANTE ,1,2011-06-24 15:51:00,8.29,,United Kingdom
558068,22175,PINK OWL SOFT TOY,1,2011-06-24 15:51:00,5.79,,United Kingdom
558068,22176,BLUE OWL SOFT TOY,1,2011-06-24 15:51:00,5.79,,United Kingdom
558068,22196,SMALL HEART MEASURING SPOONS,1,2011-06-24 15:51:00,1.63,,United Kingdom
558068,22197,POPCORN HOLDER,2,2011-06-24 15:51:00,1.63,,United Kingdom
558068,22207,FRYING PAN UNION FLAG,1,2011-06-24 15:51:00,8.29,,United Kingdom
558068,22224,WHITE LOVEBIRD LANTERN,1,2011-06-24 15:51:00,5.79,,United Kingdom
558068,22269,EGG CUP NATURAL CHICKEN,2,2011-06-24 15:51:00,0.83,,United Kingdom
558068,22326,ROUND SNACK BOXES SET OF4 WOODLAND ,1,2011-06-24 15:51:00,5.79,,United Kingdom
558068,22356,CHARLOTTE BAG PINK POLKADOT,3,2011-06-24 15:51:00,1.63,,United Kingdom
558068,22383,LUNCH BAG SUKI DESIGN ,1,2011-06-24 15:51:00,4.13,,United Kingdom
558068,22384,LUNCH BAG PINK POLKADOT,1,2011-06-24 15:51:00,4.13,,United Kingdom
558068,22426,ENAMEL WASH BOWL CREAM,1,2011-06-24 15:51:00,7.46,,United Kingdom
558068,22430,ENAMEL WATERING CAN CREAM,40,2011-06-24 15:51:00,6.5,,United Kingdom
558068,22493,PAINT YOUR OWN CANVAS SET,1,2011-06-24 15:51:00,3.29,,United Kingdom
558068,22617,BAKING SET SPACEBOY DESIGN,1,2011-06-24 15:51:00,10.79,,United Kingdom
558068,22662,LUNCH BAG DOLLY GIRL DESIGN,1,2011-06-24 15:51:00,4.13,,United Kingdom
558068,22666,RECIPE BOX PANTRY YELLOW DESIGN,1,2011-06-24 15:51:00,5.79,,United Kingdom
558068,22667,RECIPE BOX RETROSPOT ,1,2011-06-24 15:51:00,5.79,,United Kingdom
558068,22675,FRENCH KITCHEN SIGN BLUE METAL,1,2011-06-24 15:51:00,2.46,,United Kingdom
558068,22691,DOORMAT WELCOME SUNRISE,1,2011-06-24 15:51:00,15.79,,United Kingdom
558068,22697,GREEN REGENCY TEACUP AND SAUCER,2,2011-06-24 15:51:00,5.79,,United Kingdom
558068,22698,PINK REGENCY TEACUP AND SAUCER,2,2011-06-24 15:51:00,5.79,,United Kingdom
558068,22699,ROSES REGENCY TEACUP AND SAUCER ,1,2011-06-24 15:51:00,5.79,,United Kingdom
558068,22726,ALARM CLOCK BAKELIKE GREEN,1,2011-06-24 15:51:00,7.46,,United Kingdom
558068,22740,POLKADOT PEN,1,2011-06-24 15:51:00,1.63,,United Kingdom
558068,22751,FELTCRAFT PRINCESS OLIVIA DOLL,1,2011-06-24 15:51:00,7.46,,United Kingdom
558068,22771,CLEAR DRAWER KNOB ACRYLIC EDWARDIAN,5,2011-06-24 15:51:00,2.46,,United Kingdom
558068,22775,PURPLE DRAWERKNOB ACRYLIC EDWARDIAN,5,2011-06-24 15:51:00,2.46,,United Kingdom
558068,22784,LANTERN CREAM GAZEBO ,1,2011-06-24 15:51:00,10.79,,United Kingdom
558068,22798,ANTIQUE GLASS DRESSING TABLE POT,1,2011-06-24 15:51:00,5.79,,United Kingdom
558068,22801,ANTIQUE GLASS PEDESTAL BOWL,1,2011-06-24 15:51:00,7.46,,United Kingdom
558068,22813,PACK 3 BOXES BIRD PANNETONE ,2,2011-06-24 15:51:00,4.13,,United Kingdom
558068,22819,"BIRTHDAY CARD, RETRO SPOT",1,2011-06-24 15:51:00,0.83,,United Kingdom
558068,22839,3 TIER CAKE TIN GREEN AND CREAM,4,2011-06-24 15:51:00,14.13,,United Kingdom
558068,22916,HERB MARKER THYME,1,2011-06-24 15:51:00,1.63,,United Kingdom
558068,22920,HERB MARKER BASIL,1,2011-06-24 15:51:00,1.63,,United Kingdom
558068,22960,JAM MAKING SET WITH JARS,2,2011-06-24 15:51:00,8.29,,United Kingdom
558068,22961,JAM MAKING SET PRINTED,1,2011-06-24 15:51:00,3.29,,United Kingdom
558068,23028,DRAWER KNOB CRACKLE GLAZE BLUE,3,2011-06-24 15:51:00,3.29,,United Kingdom
558068,23109,LED TEA LIGHTS,1,2011-06-24 15:51:00,5.79,,United Kingdom
558068,23112,PARISIENNE CURIO CABINET,1,2011-06-24 15:51:00,14.96,,United Kingdom
558068,23199,JUMBO BAG APPLES,1,2011-06-24 15:51:00,4.13,,United Kingdom
558068,23207,LUNCH BAG ALPHABET DESIGN,1,2011-06-24 15:51:00,4.13,,United Kingdom
558068,23228,FILIGREE HEART BIRD WHITE ,2,2011-06-24 15:51:00,2.46,,United Kingdom
558068,23241,TREASURE TIN GYMKHANA DESIGN,1,2011-06-24 15:51:00,4.13,,United Kingdom
558068,23243,SET OF TEA COFFEE SUGAR TINS PANTRY,1,2011-06-24 15:51:00,10.79,,United Kingdom
558068,23245,SET OF 3 REGENCY CAKE TINS,1,2011-06-24 15:51:00,10.79,,United Kingdom
558068,23298,SPOTTY BUNTING,1,2011-06-24 15:51:00,10.79,,United Kingdom
558068,23300,GARDENERS KNEELING PAD CUP OF TEA ,2,2011-06-24 15:51:00,3.29,,United Kingdom
558068,23309,SET OF 60 I LOVE LONDON CAKE CASES ,1,2011-06-24 15:51:00,1.25,,United Kingdom
558068,23321,SMALL WHITE HEART OF WICKER,2,2011-06-24 15:51:00,3.29,,United Kingdom
558068,23322,LARGE WHITE HEART OF WICKER,1,2011-06-24 15:51:00,5.79,,United Kingdom
558068,23335,EGG FRYING PAN IVORY ,1,2011-06-24 15:51:00,4.13,,United Kingdom
558068,23343,JUMBO BAG VINTAGE CHRISTMAS ,1,2011-06-24 15:51:00,4.13,,United Kingdom
558068,37500,TEA TIME TEAPOT IN GIFT BOX,2,2011-06-24 15:51:00,8.29,,United Kingdom
558068,82580,BATHROOM METAL SIGN,1,2011-06-24 15:51:00,1.25,,United Kingdom
558068,82583,HOT BATHS METAL SIGN,1,2011-06-24 15:51:00,4.13,,United Kingdom
558068,84031A,CHARLIE+LOLA RED HOT WATER BOTTLE ,1,2011-06-24 15:51:00,4.13,,United Kingdom
558068,84031B,CHARLIE LOLA BLUE HOT WATER BOTTLE ,1,2011-06-24 15:51:00,4.13,,United Kingdom
558068,84050,PINK HEART SHAPE EGG FRYING PAN,1,2011-06-24 15:51:00,4.13,,United Kingdom
558068,84913A,SOFT PINK ROSE TOWEL ,1,2011-06-24 15:51:00,3.29,,United Kingdom
558068,84923,PINK BUTTERFLY HANDBAG W BOBBLES,1,2011-06-24 15:51:00,4.13,,United Kingdom
558068,85099B,JUMBO BAG RED RETROSPOT,1,2011-06-24 15:51:00,4.13,,United Kingdom
558068,85099C,JUMBO  BAG BAROQUE BLACK WHITE,2,2011-06-24 15:51:00,4.13,,United Kingdom
558068,85152,HAND OVER THE CHOCOLATE   SIGN ,1,2011-06-24 15:51:00,4.13,,United Kingdom
558068,gift_0001_20,Dotcomgiftshop Gift Voucher £20.00,1,2011-06-24 15:51:00,16.67,,United Kingdom
558068,DOT,DOTCOM POSTAGE,1,2011-06-24 15:51:00,150.71,,United Kingdom
558068,84792,ENCHANTED BIRD COATHANGER 5 HOOK,4,2011-06-24 15:51:00,4.65,,United Kingdom
558068,84406B,CREAM CUPID HEARTS COAT HANGER,4,2011-06-24 15:51:00,4.15,,United Kingdom
558068,22139,RETROSPOT TEA SET CERAMIC 11 PC ,6,2011-06-24 15:51:00,4.95,,United Kingdom
558068,22208,WOOD STAMP SET THANK YOU,6,2011-06-24 15:51:00,0.83,,United Kingdom
558068,22970,LONDON BUS COFFEE MUG,6,2011-06-24 15:51:00,2.55,,United Kingdom
558068,22300,COFFEE MUG DOG + BALL DESIGN,3,2011-06-24 15:51:00,2.55,,United Kingdom
558068,23308,SET OF 60 VINTAGE LEAF CAKE CASES ,21,2011-06-24 15:51:00,0.55,,United Kingdom
558069,23198,PANTRY MAGNETIC  SHOPPING LIST,12,2011-06-24 15:51:00,1.45,14156.0,EIRE
558069,21210,SET OF 72 RETROSPOT PAPER  DOILIES,12,2011-06-24 15:51:00,1.45,14156.0,EIRE
558069,23306,SET OF 36 DOILIES PANTRY DESIGN,12,2011-06-24 15:51:00,1.45,14156.0,EIRE
558069,23197,SKETCHBOOK MAGNETIC SHOPPING LIST,12,2011-06-24 15:51:00,1.45,14156.0,EIRE
558070,22851,SET 20 NAPKINS FAIRY CAKES DESIGN ,24,2011-06-24 15:59:00,0.85,12843.0,United Kingdom
558073,23028,DRAWER KNOB CRACKLE GLAZE BLUE,6,2011-06-24 16:21:00,1.65,13004.0,United Kingdom
558073,23031,DRAWER KNOB CRACKLE GLAZE PINK,6,2011-06-24 16:21:00,1.65,13004.0,United Kingdom
558073,23035,DRAWER KNOB CERAMIC IVORY,6,2011-06-24 16:21:00,1.45,13004.0,United Kingdom
558073,22699,ROSES REGENCY TEACUP AND SAUCER ,6,2011-06-24 16:21:00,2.95,13004.0,United Kingdom
558073,22697,GREEN REGENCY TEACUP AND SAUCER,6,2011-06-24 16:21:00,2.95,13004.0,United Kingdom
558073,21933,PINK VINTAGE PAISLEY PICNIC BAG,10,2011-06-24 16:21:00,1.65,13004.0,United Kingdom
558073,35810A,ENAMEL PINK COFFEE CONTAINER,12,2011-06-24 16:21:00,0.83,13004.0,United Kingdom
558073,84596F,SMALL MARSHMALLOWS PINK BOWL,16,2011-06-24 16:21:00,0.42,13004.0,United Kingdom
558073,84596B,SMALL DOLLY MIX DESIGN ORANGE BOWL,16,2011-06-24 16:21:00,0.42,13004.0,United Kingdom
558073,22692,DOORMAT WELCOME TO OUR HOME,2,2011-06-24 16:21:00,7.95,13004.0,United Kingdom
558073,23078,ICE CREAM PEN LIP GLOSS ,24,2011-06-24 16:21:00,1.25,13004.0,United Kingdom
558073,21544,SKULLS  WATER TRANSFER TATTOOS ,12,2011-06-24 16:21:00,0.85,13004.0,United Kingdom
558073,23243,SET OF TEA COFFEE SUGAR TINS PANTRY,4,2011-06-24 16:21:00,4.95,13004.0,United Kingdom
558073,23245,SET OF 3 REGENCY CAKE TINS,4,2011-06-24 16:21:00,4.95,13004.0,United Kingdom
558073,23307,SET OF 60 PANTRY DESIGN CAKE CASES ,24,2011-06-24 16:21:00,0.55,13004.0,United Kingdom
558073,23309,SET OF 60 I LOVE LONDON CAKE CASES ,24,2011-06-24 16:21:00,0.55,13004.0,United Kingdom
558073,22771,CLEAR DRAWER KNOB ACRYLIC EDWARDIAN,12,2011-06-24 16:21:00,1.25,13004.0,United Kingdom
558073,21931,JUMBO STORAGE BAG SUKI,10,2011-06-24 16:21:00,2.08,13004.0,United Kingdom
558073,20724,RED RETROSPOT CHARLOTTE BAG,10,2011-06-24 16:21:00,0.85,13004.0,United Kingdom
558073,20723,STRAWBERRY CHARLOTTE BAG,10,2011-06-24 16:21:00,0.85,13004.0,United Kingdom
558073,23204,CHARLOTTE BAG APPLES DESIGN,10,2011-06-24 16:21:00,0.85,13004.0,United Kingdom
558073,84755,COLOUR GLASS T-LIGHT HOLDER HANGING,32,2011-06-24 16:21:00,0.65,13004.0,United Kingdom
558073,22423,REGENCY CAKESTAND 3 TIER,1,2011-06-24 16:21:00,12.75,13004.0,United Kingdom
558073,85099B,JUMBO BAG RED RETROSPOT,10,2011-06-24 16:21:00,2.08,13004.0,United Kingdom
558073,10133,COLOURING PENCILS BROWN TUBE,20,2011-06-24 16:21:00,0.42,13004.0,United Kingdom
558073,20984,12 PENCILS TALL TUBE POSY,24,2011-06-24 16:21:00,0.29,13004.0,United Kingdom
558073,22720,SET OF 3 CAKE TINS PANTRY DESIGN ,3,2011-06-24 16:21:00,4.95,13004.0,United Kingdom
558074,85099F,JUMBO BAG STRAWBERRY,100,2011-06-24 16:38:00,1.79,13791.0,United Kingdom
558074,21928,JUMBO BAG SCANDINAVIAN BLUE PAISLEY,100,2011-06-24 16:38:00,1.79,13791.0,United Kingdom
558074,20724,RED RETROSPOT CHARLOTTE BAG,100,2011-06-24 16:38:00,0.72,13791.0,United Kingdom
558074,22356,CHARLOTTE BAG PINK POLKADOT,100,2011-06-24 16:38:00,0.72,13791.0,United Kingdom
558074,20728,LUNCH BAG CARS BLUE,100,2011-06-24 16:38:00,1.45,13791.0,United Kingdom
558074,23207,LUNCH BAG ALPHABET DESIGN,100,2011-06-24 16:38:00,1.45,13791.0,United Kingdom
558074,20727,LUNCH BAG  BLACK SKULL.,100,2011-06-24 16:38:00,1.45,13791.0,United Kingdom
558075,22794,SWEETHEART WIRE MAGAZINE RACK,1,2011-06-24 17:07:00,7.95,17858.0,United Kingdom
558075,22805,BLUE DRAWER KNOB ACRYLIC EDWARDIAN,24,2011-06-24 17:07:00,1.25,17858.0,United Kingdom
558075,22775,PURPLE DRAWERKNOB ACRYLIC EDWARDIAN,24,2011-06-24 17:07:00,1.25,17858.0,United Kingdom
558075,82486,WOOD S/3 CABINET ANT WHITE FINISH,6,2011-06-24 17:07:00,8.95,17858.0,United Kingdom
558075,82483,WOOD 2 DRAWER CABINET WHITE FINISH,4,2011-06-24 17:07:00,6.95,17858.0,United Kingdom
558075,23112,PARISIENNE CURIO CABINET,2,2011-06-24 17:07:00,7.5,17858.0,United Kingdom
558075,23118,PARISIENNE JEWELLERY DRAWER ,2,2011-06-24 17:07:00,7.5,17858.0,United Kingdom
558075,82494L,WOODEN FRAME ANTIQUE WHITE ,5,2011-06-24 17:07:00,2.95,17858.0,United Kingdom
558075,21535,RED RETROSPOT SMALL MILK JUG,2,2011-06-24 17:07:00,2.55,17858.0,United Kingdom
558075,23110,PARISIENNE KEY CABINET ,2,2011-06-24 17:07:00,5.75,17858.0,United Kingdom
558075,84792,ENCHANTED BIRD COATHANGER 5 HOOK,6,2011-06-24 17:07:00,4.65,17858.0,United Kingdom
558075,84406B,CREAM CUPID HEARTS COAT HANGER,8,2011-06-24 17:07:00,4.15,17858.0,United Kingdom
558075,82482,WOODEN PICTURE FRAME WHITE FINISH,6,2011-06-24 17:07:00,2.55,17858.0,United Kingdom
558075,21735,TWO DOOR CURIO CABINET,1,2011-06-24 17:07:00,12.75,17858.0,United Kingdom
558075,22119,PEACE WOODEN BLOCK LETTERS,2,2011-06-24 17:07:00,6.95,17858.0,United Kingdom
558075,23094,LE GRAND TRAY CHIC SET,2,2011-06-24 17:07:00,12.5,17858.0,United Kingdom
558075,23092,LARGE ANTIQUE WHITE PHOTO FRAME,2,2011-06-24 17:07:00,7.9,17858.0,United Kingdom
558075,22766,PHOTO FRAME CORNICE,3,2011-06-24 17:07:00,2.95,17858.0,United Kingdom
558075,22869,NUMBER TILE COTTAGE GARDEN 1,1,2011-06-24 17:07:00,1.95,17858.0,United Kingdom
558075,22870,NUMBER TILE COTTAGE GARDEN 2,1,2011-06-24 17:07:00,1.95,17858.0,United Kingdom
558075,22872,NUMBER TILE COTTAGE GARDEN 4,1,2011-06-24 17:07:00,1.95,17858.0,United Kingdom
558075,22423,REGENCY CAKESTAND 3 TIER,2,2011-06-24 17:07:00,12.75,17858.0,United Kingdom
558075,22768,FAMILY PHOTO FRAME CORNICE,1,2011-06-24 17:07:00,9.95,17858.0,United Kingdom
558075,21340,CLASSIC METAL BIRDCAGE PLANT HOLDER,8,2011-06-24 17:07:00,9.95,17858.0,United Kingdom
558076,23201,JUMBO BAG ALPHABET,10,2011-06-24 17:35:00,2.08,14031.0,United Kingdom
558076,15056N,EDWARDIAN PARASOL NATURAL,12,2011-06-24 17:35:00,5.95,14031.0,United Kingdom
558076,15056BL,EDWARDIAN PARASOL BLACK,24,2011-06-24 17:35:00,5.95,14031.0,United Kingdom
558076,23301,GARDENERS KNEELING PAD KEEP CALM ,12,2011-06-24 17:35:00,1.65,14031.0,United Kingdom
558076,84828,JUNGLE POPSICLES ICE LOLLY MOULDS,12,2011-06-24 17:35:00,1.25,14031.0,United Kingdom
558076,23245,SET OF 3 REGENCY CAKE TINS,4,2011-06-24 17:35:00,4.95,14031.0,United Kingdom
558076,23238,SET OF 4 KNICK KNACK TINS LONDON ,12,2011-06-24 17:35:00,4.15,14031.0,United Kingdom
558076,21922,UNION STRIPE WITH FRINGE  HAMMOCK,8,2011-06-24 17:35:00,7.95,14031.0,United Kingdom
558076,23338,EGG FRYING PAN RED ,4,2011-06-24 17:35:00,2.08,14031.0,United Kingdom
558076,23335,EGG FRYING PAN IVORY ,4,2011-06-24 17:35:00,2.08,14031.0,United Kingdom
558076,23014,GLASS APOTHECARY BOTTLE ELIXIR,12,2011-06-24 17:35:00,3.45,14031.0,United Kingdom
558076,23020,GLASS  SONGBIRD STORAGE JAR,8,2011-06-24 17:35:00,11.15,14031.0,United Kingdom
558076,23012,GLASS APOTHECARY BOTTLE PERFUME,12,2011-06-24 17:35:00,3.45,14031.0,United Kingdom
558076,23013,GLASS APOTHECARY BOTTLE TONIC,12,2011-06-24 17:35:00,3.45,14031.0,United Kingdom
558076,22606,WOODEN SKITTLES GARDEN SET,8,2011-06-24 17:35:00,12.75,14031.0,United Kingdom
558076,22605,WOODEN CROQUET GARDEN SET,8,2011-06-24 17:35:00,12.75,14031.0,United Kingdom
558076,22607,WOODEN ROUNDERS GARDEN SET ,8,2011-06-24 17:35:00,8.5,14031.0,United Kingdom
558076,22411,JUMBO SHOPPER VINTAGE RED PAISLEY,1,2011-06-24 17:35:00,2.08,14031.0,United Kingdom
558076,85099C,JUMBO  BAG BAROQUE BLACK WHITE,1,2011-06-24 17:35:00,2.08,14031.0,United Kingdom
558076,23202,JUMBO BAG VINTAGE LEAF,1,2011-06-24 17:35:00,2.08,14031.0,United Kingdom
558076,21929,JUMBO BAG PINK VINTAGE PAISLEY,1,2011-06-24 17:35:00,2.08,14031.0,United Kingdom
