InvoiceNo,StockCode,Description,Quantity,InvoiceDate,UnitPrice,CustomerID,Country
559524,21137,BLACK RECORD COVER FRAME,12,2011-07-10 10:14:00,3.75,16866.0,United Kingdom
559525,22697,GREEN REGENCY TEACUP AND SAUCER,8,2011-07-10 10:30:00,2.95,16923.0,United Kingdom
559525,22698,PINK REGENCY TEACUP AND SAUCER,10,2011-07-10 10:30:00,2.95,16923.0,United Kingdom
559525,22699,ROSES REGENCY TEACUP AND SAUCER ,10,2011-07-10 10:30:00,2.95,16923.0,United Kingdom
559525,23174,REGENCY SUGAR BOWL GREEN,1,2011-07-10 10:30:00,4.15,16923.0,United Kingdom
559525,21212,PACK OF 72 RETROSPOT CAKE CASES,3,2011-07-10 10:30:00,0.55,16923.0,United Kingdom
559525,23241,TREASURE TIN GYMKHANA DESIGN,4,2011-07-10 10:30:00,2.08,16923.0,United Kingdom
559525,23032,DRAWER KNOB CRACKLE GLAZE IVORY,12,2011-07-10 10:30:00,1.65,16923.0,United Kingdom
559525,82494L,WOODEN FRAME ANTIQUE WHITE ,4,2011-07-10 10:30:00,2.95,16923.0,United Kingdom
559525,22626,BLACK KITCHEN SCALES,1,2011-07-10 10:30:00,8.5,16923.0,United Kingdom
559525,23156,SET OF 5 MINI GROCERY MAGNETS,2,2011-07-10 10:30:00,2.08,16923.0,United Kingdom
559525,23159,SET OF 5 PANCAKE DAY MAGNETS,1,2011-07-10 10:30:00,2.08,16923.0,United Kingdom
559525,23154,SET OF 4 JAM JAR MAGNETS,4,2011-07-10 10:30:00,2.08,16923.0,United Kingdom
559525,21257,VICTORIAN SEWING BOX MEDIUM,2,2011-07-10 10:30:00,7.95,16923.0,United Kingdom
559525,20725,LUNCH BAG RED RETROSPOT,10,2011-07-10 10:30:00,1.65,16923.0,United Kingdom
559525,85123A,WHITE HANGING HEART T-LIGHT HOLDER,6,2011-07-10 10:30:00,2.95,16923.0,United Kingdom
559525,22294,HEART FILIGREE DOVE  SMALL,48,2011-07-10 10:30:00,1.25,16923.0,United Kingdom
559525,21756,BATH BUILDING BLOCK WORD,4,2011-07-10 10:30:00,5.95,16923.0,United Kingdom
559525,20676,RED RETROSPOT BOWL,4,2011-07-10 10:30:00,1.25,16923.0,United Kingdom
559525,21402,RED  EGG  SPOON,1,2011-07-10 10:30:00,0.12,16923.0,United Kingdom
559525,21403,BLUE EGG  SPOON,2,2011-07-10 10:30:00,0.12,16923.0,United Kingdom
559525,21210,SET OF 72 RETROSPOT PAPER  DOILIES,4,2011-07-10 10:30:00,1.45,16923.0,United Kingdom
559525,21212,PACK OF 72 RETROSPOT CAKE CASES,3,2011-07-10 10:30:00,0.55,16923.0,United Kingdom
559525,23335,EGG FRYING PAN IVORY ,1,2011-07-10 10:30:00,2.08,16923.0,United Kingdom
559525,21154,RED RETROSPOT OVEN GLOVE ,5,2011-07-10 10:30:00,1.25,16923.0,United Kingdom
559525,22558,CLOTHES PEGS RETROSPOT PACK 24 ,4,2011-07-10 10:30:00,1.65,16923.0,United Kingdom
559525,21035,SET/2 RED RETROSPOT TEA TOWELS ,2,2011-07-10 10:30:00,3.25,16923.0,United Kingdom
559525,22899,CHILDREN'S APRON DOLLY GIRL ,2,2011-07-10 10:30:00,2.1,16923.0,United Kingdom
559525,23254,CHILDRENS CUTLERY DOLLY GIRL ,6,2011-07-10 10:30:00,4.15,16923.0,United Kingdom
559525,84596B,SMALL DOLLY MIX DESIGN ORANGE BOWL,8,2011-07-10 10:30:00,0.42,16923.0,United Kingdom
559525,84596B,SMALL DOLLY MIX DESIGN ORANGE BOWL,8,2011-07-10 10:30:00,0.42,16923.0,United Kingdom
559525,84596F,SMALL MARSHMALLOWS PINK BOWL,8,2011-07-10 10:30:00,0.42,16923.0,United Kingdom
559525,84596F,SMALL MARSHMALLOWS PINK BOWL,8,2011-07-10 10:30:00,0.42,16923.0,United Kingdom
559525,84596G,SMALL CHOCOLATES PINK BOWL,8,2011-07-10 10:30:00,0.42,16923.0,United Kingdom
559525,21907,I'M ON HOLIDAY METAL SIGN,4,2011-07-10 10:30:00,2.1,16923.0,United Kingdom
559525,21164,HOME SWEET HOME METAL SIGN ,6,2011-07-10 10:30:00,2.95,16923.0,United Kingdom
559526,22771,CLEAR DRAWER KNOB ACRYLIC EDWARDIAN,2,2011-07-10 11:19:00,1.25,15756.0,United Kingdom
559526,20914,SET/5 RED RETROSPOT LID GLASS BOWLS,1,2011-07-10 11:19:00,2.95,15756.0,United Kingdom
559526,84951A,SET OF 4 PISTACHIO LOVEBIRD COASTER,1,2011-07-10 11:19:00,0.79,15756.0,United Kingdom
559526,47593B,SCOTTIE DOGS BABY BIB,2,2011-07-10 11:19:00,0.39,15756.0,United Kingdom
559526,23148,MINIATURE ANTIQUE ROSE HOOK IVORY,1,2011-07-10 11:19:00,0.83,15756.0,United Kingdom
559526,22980,PANTRY SCRUBBING BRUSH,1,2011-07-10 11:19:00,1.65,15756.0,United Kingdom
559526,23280,FOLDING BUTTERFLY MIRROR HOT PINK ,1,2011-07-10 11:19:00,0.83,15756.0,United Kingdom
559526,23282,FOLDING BUTTERFLY MIRROR IVORY ,1,2011-07-10 11:19:00,0.83,15756.0,United Kingdom
559526,23281,FOLDING BUTTERFLY MIRROR RED  ,1,2011-07-10 11:19:00,0.83,15756.0,United Kingdom
559526,23288,GREEN VINTAGE SPOT BEAKER,1,2011-07-10 11:19:00,0.85,15756.0,United Kingdom
559526,23286,BLUE VINTAGE SPOT BEAKER,1,2011-07-10 11:19:00,0.85,15756.0,United Kingdom
559526,23287,RED VINTAGE SPOT BEAKER,1,2011-07-10 11:19:00,0.85,15756.0,United Kingdom
559526,23285,PINK VINTAGE SPOT BEAKER,1,2011-07-10 11:19:00,0.85,15756.0,United Kingdom
559526,21366,MIRRORED WALL ART PHOTO FRAMES,1,2011-07-10 11:19:00,4.25,15756.0,United Kingdom
559526,23245,SET OF 3 REGENCY CAKE TINS,1,2011-07-10 11:19:00,4.95,15756.0,United Kingdom
559526,84629,WHITE 3 FRAME BIRDS AND TREE ,1,2011-07-10 11:19:00,4.95,15756.0,United Kingdom
559526,22136,LOVE HEART SOCK HANGER,1,2011-07-10 11:19:00,1.65,15756.0,United Kingdom
559526,84706F,RED PEONY TABLE CLOCK,1,2011-07-10 11:19:00,2.95,15756.0,United Kingdom
559526,21905,MORE BUTTER METAL SIGN ,1,2011-07-10 11:19:00,0.79,15756.0,United Kingdom
559526,21179,NO JUNK MAIL METAL SIGN,1,2011-07-10 11:19:00,0.39,15756.0,United Kingdom
559526,22196,SMALL HEART MEASURING SPOONS,1,2011-07-10 11:19:00,0.85,15756.0,United Kingdom
559526,22195,LARGE HEART MEASURING SPOONS,1,2011-07-10 11:19:00,1.65,15756.0,United Kingdom
559526,22804,CANDLEHOLDER PINK HANGING HEART,1,2011-07-10 11:19:00,2.95,15756.0,United Kingdom
559526,84792,ENCHANTED BIRD COATHANGER 5 HOOK,1,2011-07-10 11:19:00,4.65,15756.0,United Kingdom
559526,15056N,EDWARDIAN PARASOL NATURAL,1,2011-07-10 11:19:00,5.95,15756.0,United Kingdom
559526,21993,FLORAL FOLK STATIONERY SET,1,2011-07-10 11:19:00,1.25,15756.0,United Kingdom
559526,21179,NO JUNK MAIL METAL SIGN,2,2011-07-10 11:19:00,0.39,15756.0,United Kingdom
559526,22082,RIBBON REEL STRIPES DESIGN ,1,2011-07-10 11:19:00,1.65,15756.0,United Kingdom
559526,21992,VINTAGE PAISLEY STATIONERY SET,1,2011-07-10 11:19:00,1.25,15756.0,United Kingdom
559526,79321,CHILLI LIGHTS,1,2011-07-10 11:19:00,5.75,15756.0,United Kingdom
559526,85116,BLACK CANDELABRA T-LIGHT HOLDER,3,2011-07-10 11:19:00,0.65,15756.0,United Kingdom
559526,22466,FAIRY TALE COTTAGE NIGHTLIGHT,1,2011-07-10 11:19:00,1.95,15756.0,United Kingdom
559526,23300,GARDENERS KNEELING PAD CUP OF TEA ,1,2011-07-10 11:19:00,1.65,15756.0,United Kingdom
559526,23302,KNEELING MAT HOUSEWORK  DESIGN,1,2011-07-10 11:19:00,1.65,15756.0,United Kingdom
559526,23301,GARDENERS KNEELING PAD KEEP CALM ,1,2011-07-10 11:19:00,1.65,15756.0,United Kingdom
559526,22435,SET OF 9 HEART SHAPED BALLOONS,5,2011-07-10 11:19:00,1.25,15756.0,United Kingdom
559526,47341B,BLUE TABLE RUN FLOWER,2,2011-07-10 11:19:00,1.25,15756.0,United Kingdom
559526,21933,PINK VINTAGE PAISLEY PICNIC BAG,1,2011-07-10 11:19:00,1.65,15756.0,United Kingdom
559526,21932,SCANDINAVIAN PAISLEY PICNIC BAG,1,2011-07-10 11:19:00,1.65,15756.0,United Kingdom
559526,23205,CHARLOTTE BAG VINTAGE ALPHABET ,3,2011-07-10 11:19:00,0.85,15756.0,United Kingdom
559526,22662,LUNCH BAG DOLLY GIRL DESIGN,1,2011-07-10 11:19:00,1.65,15756.0,United Kingdom
559526,23201,JUMBO BAG ALPHABET,1,2011-07-10 11:19:00,2.08,15756.0,United Kingdom
559526,85099B,JUMBO BAG RED RETROSPOT,1,2011-07-10 11:19:00,2.08,15756.0,United Kingdom
559526,21929,JUMBO BAG PINK VINTAGE PAISLEY,1,2011-07-10 11:19:00,2.08,15756.0,United Kingdom
559526,22411,JUMBO SHOPPER VINTAGE RED PAISLEY,1,2011-07-10 11:19:00,2.08,15756.0,United Kingdom
559526,23209,LUNCH BAG DOILEY PATTERN ,1,2011-07-10 11:19:00,1.65,15756.0,United Kingdom
559526,21749,LARGE RED RETROSPOT WINDMILL,1,2011-07-10 11:19:00,2.1,15756.0,United Kingdom
559526,23050,RECYCLED ACAPULCO MAT GREEN,1,2011-07-10 11:19:00,8.25,15756.0,United Kingdom
559526,23052,RECYCLED ACAPULCO MAT TURQUOISE,1,2011-07-10 11:19:00,8.25,15756.0,United Kingdom
559527,22115,METAL SIGN EMPIRE TEA,3,2011-07-10 11:24:00,0.79,17787.0,United Kingdom
559527,21175,GIN + TONIC DIET METAL SIGN,6,2011-07-10 11:24:00,2.55,17787.0,United Kingdom
559527,85152,HAND OVER THE CHOCOLATE   SIGN ,6,2011-07-10 11:24:00,2.1,17787.0,United Kingdom
559527,82600,NO SINGING METAL SIGN,6,2011-07-10 11:24:00,2.1,17787.0,United Kingdom
559527,22413,METAL SIGN TAKE IT OR LEAVE IT ,6,2011-07-10 11:24:00,2.95,17787.0,United Kingdom
559527,21907,I'M ON HOLIDAY METAL SIGN,6,2011-07-10 11:24:00,2.1,17787.0,United Kingdom
559527,21908,CHOCOLATE THIS WAY METAL SIGN,6,2011-07-10 11:24:00,2.1,17787.0,United Kingdom
559527,82551,LAUNDRY 15C METAL SIGN,3,2011-07-10 11:24:00,1.45,17787.0,United Kingdom
559527,82552,WASHROOM METAL SIGN,3,2011-07-10 11:24:00,1.45,17787.0,United Kingdom
559527,21240,BLUE POLKADOT CUP,8,2011-07-10 11:24:00,0.85,17787.0,United Kingdom
559527,21239,PINK  POLKADOT CUP,8,2011-07-10 11:24:00,0.85,17787.0,United Kingdom
559527,22776,SWEETHEART CAKESTAND 3 TIER,2,2011-07-10 11:24:00,9.95,17787.0,United Kingdom
559527,22960,JAM MAKING SET WITH JARS,1,2011-07-10 11:24:00,4.25,17787.0,United Kingdom
559527,22624,IVORY KITCHEN SCALES,1,2011-07-10 11:24:00,8.5,17787.0,United Kingdom
559527,23169,CLASSIC GLASS COOKIE JAR,2,2011-07-10 11:24:00,4.15,17787.0,United Kingdom
559528,22487,WHITE WOOD GARDEN PLANT LADDER,4,2011-07-10 11:34:00,8.5,13064.0,United Kingdom
559528,82484,WOOD BLACK BOARD ANT WHITE FINISH,2,2011-07-10 11:34:00,7.95,13064.0,United Kingdom
559528,22171,3 HOOK PHOTO SHELF ANTIQUE WHITE,1,2011-07-10 11:34:00,8.5,13064.0,United Kingdom
559528,82483,WOOD 2 DRAWER CABINET WHITE FINISH,4,2011-07-10 11:34:00,6.95,13064.0,United Kingdom
559528,82486,WOOD S/3 CABINET ANT WHITE FINISH,4,2011-07-10 11:34:00,8.95,13064.0,United Kingdom
559528,85213,MINI  ZINC GARDEN DECORATIONS ,12,2011-07-10 11:34:00,0.29,13064.0,United Kingdom
559528,22800,ANTIQUE TALL SWIRLGLASS TRINKET POT,4,2011-07-10 11:34:00,3.75,13064.0,United Kingdom
559528,22791,T-LIGHT GLASS FLUTED ANTIQUE,12,2011-07-10 11:34:00,1.25,13064.0,United Kingdom
559528,72351B,SET/6 PINK  BUTTERFLY T-LIGHTS,12,2011-07-10 11:34:00,2.1,13064.0,United Kingdom
559528,20767,BLUE PAISLEY JOURNAL ,4,2011-07-10 11:34:00,2.55,13064.0,United Kingdom
559528,22806,SET OF 6 T-LIGHTS WEDDING CAKE ,4,2011-07-10 11:34:00,2.95,13064.0,United Kingdom
559528,22170,PICTURE FRAME WOOD TRIPLE PORTRAIT,2,2011-07-10 11:34:00,6.75,13064.0,United Kingdom
559528,21313,GLASS HEART T-LIGHT HOLDER ,12,2011-07-10 11:34:00,0.85,13064.0,United Kingdom
559528,22457,NATURAL SLATE HEART CHALKBOARD ,4,2011-07-10 11:34:00,2.95,13064.0,United Kingdom
559528,85123A,WHITE HANGING HEART T-LIGHT HOLDER,9,2011-07-10 11:34:00,2.95,13064.0,United Kingdom
559528,82494L,WOODEN FRAME ANTIQUE WHITE ,6,2011-07-10 11:34:00,2.95,13064.0,United Kingdom
559528,17003,BROCADE RING PURSE ,72,2011-07-10 11:34:00,0.29,13064.0,United Kingdom
559528,23120,PACK OF 6 SMALL FRUIT STRAWS,1,2011-07-10 11:34:00,0.42,13064.0,United Kingdom
559528,10133,COLOURING PENCILS BROWN TUBE,6,2011-07-10 11:34:00,0.42,13064.0,United Kingdom
559528,20773,BLUE PAISLEY NOTEBOOK,6,2011-07-10 11:34:00,1.65,13064.0,United Kingdom
559528,20768,GREEN FERN JOURNAL ,3,2011-07-10 11:34:00,2.55,13064.0,United Kingdom
559528,20774,GREEN FERN NOTEBOOK,7,2011-07-10 11:34:00,1.65,13064.0,United Kingdom
559528,23082,SET 6 PAPER TABLE LANTERN HEARTS ,12,2011-07-10 11:34:00,3.75,13064.0,United Kingdom
559528,23065,LARGE DECO JEWELLERY STAND,3,2011-07-10 11:34:00,12.5,13064.0,United Kingdom
559528,82482,WOODEN PICTURE FRAME WHITE FINISH,4,2011-07-10 11:34:00,2.55,13064.0,United Kingdom
559528,10135,COLOURING PENCILS BROWN TUBE,6,2011-07-10 11:34:00,1.25,13064.0,United Kingdom
559528,20828,GLITTER BUTTERFLY CLIPS,8,2011-07-10 11:34:00,2.55,13064.0,United Kingdom
559529,22431,WATERING CAN BLUE ELEPHANT,1,2011-07-10 12:03:00,1.95,14808.0,United Kingdom
559529,21731,RED TOADSTOOL LED NIGHT LIGHT,1,2011-07-10 12:03:00,1.65,14808.0,United Kingdom
559529,22433,WATERING CAN GREEN DINOSAUR,1,2011-07-10 12:03:00,1.95,14808.0,United Kingdom
559529,22432,WATERING CAN PINK BUNNY,1,2011-07-10 12:03:00,1.95,14808.0,United Kingdom
559529,23077,DOUGHNUT LIP GLOSS ,60,2011-07-10 12:03:00,1.25,14808.0,United Kingdom
559529,23076,ICE CREAM SUNDAE LIP GLOSS,48,2011-07-10 12:03:00,1.25,14808.0,United Kingdom
559529,23084,RABBIT NIGHT LIGHT,10,2011-07-10 12:03:00,2.08,14808.0,United Kingdom
559529,84539,KNITTED RABBIT DOLL ,16,2011-07-10 12:03:00,1.65,14808.0,United Kingdom
559529,23007, SPACEBOY BABY GIFT SET,1,2011-07-10 12:03:00,16.95,14808.0,United Kingdom
559529,47599A,PINK PARTY BAGS,2,2011-07-10 12:03:00,2.1,14808.0,United Kingdom
559529,22433,WATERING CAN GREEN DINOSAUR,3,2011-07-10 12:03:00,1.95,14808.0,United Kingdom
559529,21731,RED TOADSTOOL LED NIGHT LIGHT,10,2011-07-10 12:03:00,1.65,14808.0,United Kingdom
559529,21034,REX CASH+CARRY JUMBO SHOPPER,2,2011-07-10 12:03:00,0.95,14808.0,United Kingdom
559529,22637,PIGGY BANK RETROSPOT ,4,2011-07-10 12:03:00,2.55,14808.0,United Kingdom
559529,22431,WATERING CAN BLUE ELEPHANT,3,2011-07-10 12:03:00,1.95,14808.0,United Kingdom
559529,22432,WATERING CAN PINK BUNNY,3,2011-07-10 12:03:00,1.95,14808.0,United Kingdom
559529,22756,LARGE YELLOW BABUSHKA NOTEBOOK ,5,2011-07-10 12:03:00,1.25,14808.0,United Kingdom
559529,22757,LARGE RED BABUSHKA NOTEBOOK ,5,2011-07-10 12:03:00,1.25,14808.0,United Kingdom
559529,22367,CHILDRENS APRON SPACEBOY DESIGN,4,2011-07-10 12:03:00,1.95,14808.0,United Kingdom
559529,22899,CHILDREN'S APRON DOLLY GIRL ,6,2011-07-10 12:03:00,2.1,14808.0,United Kingdom
559529,20723,STRAWBERRY CHARLOTTE BAG,4,2011-07-10 12:03:00,0.85,14808.0,United Kingdom
559529,22661,CHARLOTTE BAG DOLLY GIRL DESIGN,4,2011-07-10 12:03:00,0.85,14808.0,United Kingdom
559529,20719,WOODLAND CHARLOTTE BAG,4,2011-07-10 12:03:00,0.85,14808.0,United Kingdom
559529,22331,WOODLAND PARTY BAG + STICKER SET,20,2011-07-10 12:03:00,1.65,14808.0,United Kingdom
559529,21452,TOADSTOOL MONEY BOX,2,2011-07-10 12:03:00,2.95,14808.0,United Kingdom
559529,21556,CERAMIC STRAWBERRY MONEY BOX,3,2011-07-10 12:03:00,2.55,14808.0,United Kingdom
559529,22434,BALLOON PUMP WITH 10 BALLOONS,4,2011-07-10 12:03:00,1.95,14808.0,United Kingdom
559529,84931A,PINK SCOTTIE DOG W FLOWER PATTERN,6,2011-07-10 12:03:00,2.55,14808.0,United Kingdom
559529,84931B,BLUE SCOTTIE DOG W FLOWER PATTERN,6,2011-07-10 12:03:00,2.55,14808.0,United Kingdom
559529,20694,FLORAL PINK MONSTER,6,2011-07-10 12:03:00,3.75,14808.0,United Kingdom
559529,21913,VINTAGE SEASIDE JIGSAW PUZZLES,3,2011-07-10 12:03:00,3.75,14808.0,United Kingdom
559529,22550,HOLIDAY FUN LUDO,3,2011-07-10 12:03:00,3.75,14808.0,United Kingdom
C559530,22655,VINTAGE RED KITCHEN CABINET,-1,2011-07-10 12:04:00,125.0,14808.0,United Kingdom
559532,21974,SET OF 36 PAISLEY FLOWER DOILIES,1,2011-07-10 12:07:00,1.45,14808.0,United Kingdom
559532,72225C,LAVENDER SCENT CAKE CANDLE,24,2011-07-10 12:07:00,0.29,14808.0,United Kingdom
559532,21155,RED RETROSPOT PEG BAG,1,2011-07-10 12:07:00,2.55,14808.0,United Kingdom
559532,84992,72 SWEETHEART FAIRY CAKE CASES,2,2011-07-10 12:07:00,0.55,14808.0,United Kingdom
559532,21034,REX CASH+CARRY JUMBO SHOPPER,1,2011-07-10 12:07:00,0.95,14808.0,United Kingdom
C559531,22846,BREAD BIN DINER STYLE RED ,-1,2011-07-10 12:07:00,16.95,14808.0,United Kingdom
C559533,20914,SET/5 RED RETROSPOT LID GLASS BOWLS,-1,2011-07-10 12:10:00,2.95,17126.0,United Kingdom
C559534,47594B,SCOTTIES DESIGN WASHBAG,-2,2011-07-10 12:11:00,1.95,16283.0,United Kingdom
559535,46000M,POLYESTER FILLER PAD 45x45cm,2,2011-07-10 12:16:00,1.55,17841.0,United Kingdom
559535,46000R,POLYESTER FILLER PAD 45x30cm,2,2011-07-10 12:16:00,1.45,17841.0,United Kingdom
559535,M,Manual,1,2011-07-10 12:16:00,3.75,17841.0,United Kingdom
559535,M,Manual,1,2011-07-10 12:16:00,0.85,17841.0,United Kingdom
559535,21735,TWO DOOR CURIO CABINET,2,2011-07-10 12:16:00,12.75,17841.0,United Kingdom
559535,22356,CHARLOTTE BAG PINK POLKADOT,1,2011-07-10 12:16:00,0.85,17841.0,United Kingdom
559535,82551,LAUNDRY 15C METAL SIGN,1,2011-07-10 12:16:00,1.45,17841.0,United Kingdom
559535,22683,FRENCH BLUE METAL DOOR SIGN 8,1,2011-07-10 12:16:00,1.25,17841.0,United Kingdom
559535,21754,HOME BUILDING BLOCK WORD,1,2011-07-10 12:16:00,5.95,17841.0,United Kingdom
559535,15060B,FAIRY CAKE DESIGN UMBRELLA,1,2011-07-10 12:16:00,3.75,17841.0,United Kingdom
559535,21784,SHOE SHINE BOX ,1,2011-07-10 12:16:00,9.95,17841.0,United Kingdom
559535,15056BL,EDWARDIAN PARASOL BLACK,1,2011-07-10 12:16:00,5.95,17841.0,United Kingdom
559535,85099B,JUMBO BAG RED RETROSPOT,1,2011-07-10 12:16:00,2.08,17841.0,United Kingdom
559535,22356,CHARLOTTE BAG PINK POLKADOT,3,2011-07-10 12:16:00,0.85,17841.0,United Kingdom
559535,84836,ZINC METAL HEART DECORATION,3,2011-07-10 12:16:00,1.25,17841.0,United Kingdom
559535,23208,LUNCH BAG VINTAGE LEAF DESIGN,2,2011-07-10 12:16:00,1.65,17841.0,United Kingdom
559535,20728,LUNCH BAG CARS BLUE,1,2011-07-10 12:16:00,1.65,17841.0,United Kingdom
559535,22355,CHARLOTTE BAG SUKI DESIGN,4,2011-07-10 12:16:00,0.85,17841.0,United Kingdom
559535,20972,PINK CREAM FELT CRAFT TRINKET BOX ,1,2011-07-10 12:16:00,1.25,17841.0,United Kingdom
559535,22488,NATURAL SLATE RECTANGLE CHALKBOARD,1,2011-07-10 12:16:00,1.65,17841.0,United Kingdom
559535,22960,JAM MAKING SET WITH JARS,2,2011-07-10 12:16:00,4.25,17841.0,United Kingdom
559535,20996,JAZZ HEARTS ADDRESS BOOK,17,2011-07-10 12:16:00,0.19,17841.0,United Kingdom
559535,21935,SUKI  SHOULDER BAG,1,2011-07-10 12:16:00,1.65,17841.0,United Kingdom
559535,20997,ROSE DU SUD CUSHION COVER ,2,2011-07-10 12:16:00,4.95,17841.0,United Kingdom
559535,35471D,SET OF 3 BIRD LIGHT PINK FEATHER ,1,2011-07-10 12:16:00,0.39,17841.0,United Kingdom
559535,47590A,BLUE HAPPY BIRTHDAY BUNTING,1,2011-07-10 12:16:00,5.45,17841.0,United Kingdom
559535,20838,FRENCH LATTICE CUSHION COVER ,6,2011-07-10 12:16:00,0.85,17841.0,United Kingdom
559535,23206,LUNCH BAG APPLE DESIGN,3,2011-07-10 12:16:00,1.65,17841.0,United Kingdom
559535,79321,CHILLI LIGHTS,1,2011-07-10 12:16:00,5.75,17841.0,United Kingdom
559535,22726,ALARM CLOCK BAKELIKE GREEN,1,2011-07-10 12:16:00,3.75,17841.0,United Kingdom
559535,23147,SINGLE ANTIQUE ROSE HOOK IVORY,1,2011-07-10 12:16:00,1.45,17841.0,United Kingdom
559535,22757,LARGE RED BABUSHKA NOTEBOOK ,1,2011-07-10 12:16:00,1.25,17841.0,United Kingdom
559535,20886,BOX OF 9 PEBBLE CANDLES,3,2011-07-10 12:16:00,1.95,17841.0,United Kingdom
559535,23167,SMALL CERAMIC TOP STORAGE JAR ,1,2011-07-10 12:16:00,0.83,17841.0,United Kingdom
559535,23152,IVORY SWEETHEART WIRE LETTER RACK ,1,2011-07-10 12:16:00,3.75,17841.0,United Kingdom
559535,22419,LIPSTICK PEN RED,1,2011-07-10 12:16:00,0.42,17841.0,United Kingdom
559535,22134,MINI LADLE LOVE HEART RED ,1,2011-07-10 12:16:00,0.42,17841.0,United Kingdom
559535,21918,SET 12 KIDS COLOUR  CHALK STICKS,1,2011-07-10 12:16:00,0.42,17841.0,United Kingdom
559535,22348,TEA BAG PLATE RED RETROSPOT,2,2011-07-10 12:16:00,0.85,17841.0,United Kingdom
559535,21916,SET 12 RETRO WHITE CHALK STICKS,1,2011-07-10 12:16:00,0.42,17841.0,United Kingdom
559535,23182,TOILET SIGN OCCUPIED OR VACANT,2,2011-07-10 12:16:00,0.83,17841.0,United Kingdom
559535,21564,PINK  HEART SHAPE LOVE BUCKET ,1,2011-07-10 12:16:00,2.95,17841.0,United Kingdom
559535,21917,SET 12 KIDS  WHITE CHALK STICKS,1,2011-07-10 12:16:00,0.42,17841.0,United Kingdom
559535,22555,PLASTERS IN TIN STRONGMAN,1,2011-07-10 12:16:00,1.65,17841.0,United Kingdom
559535,23240,SET OF 4 KNICK KNACK TINS DOILEY ,1,2011-07-10 12:16:00,4.15,17841.0,United Kingdom
559535,72351B,SET/6 PINK  BUTTERFLY T-LIGHTS,1,2011-07-10 12:16:00,2.1,17841.0,United Kingdom
559535,84992,72 SWEETHEART FAIRY CAKE CASES,2,2011-07-10 12:16:00,0.55,17841.0,United Kingdom
559535,22417,PACK OF 60 SPACEBOY CAKE CASES,2,2011-07-10 12:16:00,0.55,17841.0,United Kingdom
559535,21381,MINI WOODEN HAPPY BIRTHDAY GARLAND,1,2011-07-10 12:16:00,1.69,17841.0,United Kingdom
559535,22150,3 STRIPEY MICE FELTCRAFT,1,2011-07-10 12:16:00,1.95,17841.0,United Kingdom
559535,23281,FOLDING BUTTERFLY MIRROR RED  ,1,2011-07-10 12:16:00,0.83,17841.0,United Kingdom
559535,23282,FOLDING BUTTERFLY MIRROR IVORY ,1,2011-07-10 12:16:00,0.83,17841.0,United Kingdom
559535,23196,VINTAGE LEAF MAGNETIC NOTEPAD,1,2011-07-10 12:16:00,1.45,17841.0,United Kingdom
559535,23280,FOLDING BUTTERFLY MIRROR HOT PINK ,1,2011-07-10 12:16:00,0.83,17841.0,United Kingdom
559535,23275,SET OF 3 HANGING OWLS OLLIE BEAK,3,2011-07-10 12:16:00,1.25,17841.0,United Kingdom
559535,21926,RED/CREAM STRIPE CUSHION COVER ,4,2011-07-10 12:16:00,1.25,17841.0,United Kingdom
559535,21927,BLUE/CREAM STRIPE CUSHION COVER ,3,2011-07-10 12:16:00,1.25,17841.0,United Kingdom
559535,21155,RED RETROSPOT PEG BAG,1,2011-07-10 12:16:00,2.55,17841.0,United Kingdom
559535,22896,PEG BAG APPLES DESIGN,3,2011-07-10 12:16:00,2.55,17841.0,United Kingdom
559535,22222,CAKE PLATE LOVEBIRD WHITE,1,2011-07-10 12:16:00,4.95,17841.0,United Kingdom
559535,20914,SET/5 RED RETROSPOT LID GLASS BOWLS,1,2011-07-10 12:16:00,2.95,17841.0,United Kingdom
559535,23148,MINIATURE ANTIQUE ROSE HOOK IVORY,5,2011-07-10 12:16:00,0.83,17841.0,United Kingdom
559535,21201,TROPICAL  HONEYCOMB PAPER GARLAND ,1,2011-07-10 12:16:00,2.55,17841.0,United Kingdom
559535,22631,CIRCUS PARADE LUNCH BOX ,1,2011-07-10 12:16:00,1.95,17841.0,United Kingdom
559535,22271,FELTCRAFT DOLL ROSIE,2,2011-07-10 12:16:00,2.95,17841.0,United Kingdom
559535,22961,JAM MAKING SET PRINTED,2,2011-07-10 12:16:00,1.45,17841.0,United Kingdom
559535,37446,MINI CAKE STAND WITH HANGING CAKES,1,2011-07-10 12:16:00,1.45,17841.0,United Kingdom
559535,23241,TREASURE TIN GYMKHANA DESIGN,1,2011-07-10 12:16:00,2.08,17841.0,United Kingdom
559535,21672,WHITE SPOT RED CERAMIC DRAWER KNOB,3,2011-07-10 12:16:00,1.25,17841.0,United Kingdom
559535,22091,EMPIRE TISSUE BOX,1,2011-07-10 12:16:00,0.39,17841.0,United Kingdom
559535,22092,BLUE PAISLEY TISSUE BOX,1,2011-07-10 12:16:00,0.39,17841.0,United Kingdom
559535,22094,RED RETROSPOT TISSUE BOX,1,2011-07-10 12:16:00,0.39,17841.0,United Kingdom
559535,22384,LUNCH BAG PINK POLKADOT,1,2011-07-10 12:16:00,1.65,17841.0,United Kingdom
559535,23300,GARDENERS KNEELING PAD CUP OF TEA ,1,2011-07-10 12:16:00,1.65,17841.0,United Kingdom
559535,23301,GARDENERS KNEELING PAD KEEP CALM ,1,2011-07-10 12:16:00,1.65,17841.0,United Kingdom
559535,21129,SILVER FISHING GNOME ,1,2011-07-10 12:16:00,6.95,17841.0,United Kingdom
559535,21452,TOADSTOOL MONEY BOX,1,2011-07-10 12:16:00,2.95,17841.0,United Kingdom
559536,22431,WATERING CAN BLUE ELEPHANT,1,2011-07-10 12:17:00,1.95,16283.0,United Kingdom
559536,22432,WATERING CAN PINK BUNNY,2,2011-07-10 12:17:00,1.95,16283.0,United Kingdom
559536,22433,WATERING CAN GREEN DINOSAUR,2,2011-07-10 12:17:00,1.95,16283.0,United Kingdom
559536,85114A,BLACK ENCHANTED FOREST PLACEMAT,4,2011-07-10 12:17:00,1.65,16283.0,United Kingdom
559536,85114B,IVORY ENCHANTED FOREST PLACEMAT,4,2011-07-10 12:17:00,1.65,16283.0,United Kingdom
559536,22124,SET OF 2 TEA TOWELS PING MICROWAVE,1,2011-07-10 12:17:00,2.95,16283.0,United Kingdom
559536,22374,AIRLINE BAG VINTAGE JET SET RED,1,2011-07-10 12:17:00,4.25,16283.0,United Kingdom
559536,22372,AIRLINE BAG VINTAGE WORLD CHAMPION ,1,2011-07-10 12:17:00,4.25,16283.0,United Kingdom
559536,22371,AIRLINE BAG VINTAGE TOKYO 78,1,2011-07-10 12:17:00,4.25,16283.0,United Kingdom
559536,22375,AIRLINE BAG VINTAGE JET SET BROWN,1,2011-07-10 12:17:00,4.25,16283.0,United Kingdom
559536,22592,CARDHOLDER HOLLY WREATH METAL,6,2011-07-10 12:17:00,3.75,16283.0,United Kingdom
559536,22467,GUMBALL COAT RACK,3,2011-07-10 12:17:00,2.55,16283.0,United Kingdom
559536,22992,REVOLVER WOODEN RULER ,4,2011-07-10 12:17:00,1.95,16283.0,United Kingdom
559536,22991,GIRAFFE WOODEN RULER,2,2011-07-10 12:17:00,1.95,16283.0,United Kingdom
559536,21731,RED TOADSTOOL LED NIGHT LIGHT,3,2011-07-10 12:17:00,1.65,16283.0,United Kingdom
559536,84828,JUNGLE POPSICLES ICE LOLLY MOULDS,2,2011-07-10 12:17:00,1.25,16283.0,United Kingdom
559536,22197,POPCORN HOLDER,15,2011-07-10 12:17:00,0.85,16283.0,United Kingdom
559536,84944,SET OF 6 KASHMIR FOLKART BAUBLES,3,2011-07-10 12:17:00,1.65,16283.0,United Kingdom
559536,M,Manual,2,2011-07-10 12:17:00,0.85,16283.0,United Kingdom
559536,85124B,BLUE JUICY FRUIT PHOTO FRAME,3,2011-07-10 12:17:00,2.55,16283.0,United Kingdom
559536,85124C,GREEN JUICY FRUIT PHOTO FRAME,2,2011-07-10 12:17:00,2.55,16283.0,United Kingdom
559536,35471D,SET OF 3 BIRD LIGHT PINK FEATHER ,6,2011-07-10 12:17:00,0.39,16283.0,United Kingdom
559536,10125,MINI FUNKY DESIGN TAPES,5,2011-07-10 12:17:00,0.85,16283.0,United Kingdom
559536,21499,BLUE POLKADOT WRAP,25,2011-07-10 12:17:00,0.42,16283.0,United Kingdom
559536,22047,EMPIRE GIFT WRAP,25,2011-07-10 12:17:00,0.42,16283.0,United Kingdom
559536,21498,RED RETROSPOT WRAP ,25,2011-07-10 12:17:00,0.42,16283.0,United Kingdom
559536,23232,WRAP VINTAGE LEAF DESIGN,25,2011-07-10 12:17:00,0.42,16283.0,United Kingdom
559536,23233,WRAP POPPIES  DESIGN,25,2011-07-10 12:17:00,0.42,16283.0,United Kingdom
559536,22029,SPACEBOY BIRTHDAY CARD,12,2011-07-10 12:17:00,0.42,16283.0,United Kingdom
559536,22712,CARD DOLLY GIRL ,12,2011-07-10 12:17:00,0.42,16283.0,United Kingdom
559536,22037,ROBOT BIRTHDAY CARD,12,2011-07-10 12:17:00,0.42,16283.0,United Kingdom
559537,22470,HEART OF WICKER LARGE,1,2011-07-10 12:23:00,2.95,14472.0,United Kingdom
559537,22469,HEART OF WICKER SMALL,3,2011-07-10 12:23:00,1.65,14472.0,United Kingdom
559537,17129F,BLUE GLASS GEMS IN BAG,48,2011-07-10 12:23:00,0.64,14472.0,United Kingdom
559537,21754,HOME BUILDING BLOCK WORD,1,2011-07-10 12:23:00,5.95,14472.0,United Kingdom
559537,22120,WELCOME  WOODEN BLOCK LETTERS,2,2011-07-10 12:23:00,9.95,14472.0,United Kingdom
559537,21232,STRAWBERRY CERAMIC TRINKET BOX,4,2011-07-10 12:23:00,1.25,14472.0,United Kingdom
559537,22064,PINK DOUGHNUT TRINKET POT ,8,2011-07-10 12:23:00,1.65,14472.0,United Kingdom
559537,23061,VINTAGE EMBOSSED HEART,12,2011-07-10 12:23:00,1.25,14472.0,United Kingdom
559537,85130C,BEADED CRYSTAL HEART BLUE  LARGE,2,2011-07-10 12:23:00,0.79,14472.0,United Kingdom
559537,85129D,BEADED CRYSTAL HEART PINK SMALL,3,2011-07-10 12:23:00,1.25,14472.0,United Kingdom
559537,23067,HANGING ENGRAVED METAL HEART,3,2011-07-10 12:23:00,4.15,14472.0,United Kingdom
559538,23337,EGG FRYING PAN MINT ,1,2011-07-10 12:25:00,2.08,16880.0,United Kingdom
559538,48184,DOORMAT ENGLISH ROSE ,1,2011-07-10 12:25:00,7.95,16880.0,United Kingdom
559538,22796,PHOTO FRAME 3 CLASSIC HANGING,1,2011-07-10 12:25:00,9.95,16880.0,United Kingdom
559538,22771,CLEAR DRAWER KNOB ACRYLIC EDWARDIAN,2,2011-07-10 12:25:00,1.25,16880.0,United Kingdom
559538,21713,CITRONELLA CANDLE FLOWERPOT,4,2011-07-10 12:25:00,2.1,16880.0,United Kingdom
559538,22907,PACK OF 20 NAPKINS PANTRY DESIGN,3,2011-07-10 12:25:00,0.85,16880.0,United Kingdom
559538,22666,RECIPE BOX PANTRY YELLOW DESIGN,1,2011-07-10 12:25:00,2.95,16880.0,United Kingdom
559538,22989,SET 2 PANTRY DESIGN TEA TOWELS,2,2011-07-10 12:25:00,3.25,16880.0,United Kingdom
559538,23284,DOORMAT KEEP CALM AND COME IN,3,2011-07-10 12:25:00,7.95,16880.0,United Kingdom
559538,22690,DOORMAT HOME SWEET HOME BLUE ,1,2011-07-10 12:25:00,7.95,16880.0,United Kingdom
559538,85135C,RED DRAGONFLY HELICOPTER,1,2011-07-10 12:25:00,7.95,16880.0,United Kingdom
559538,22029,SPACEBOY BIRTHDAY CARD,12,2011-07-10 12:25:00,0.42,16880.0,United Kingdom
559538,22456,NATURAL SLATE CHALKBOARD LARGE ,2,2011-07-10 12:25:00,4.95,16880.0,United Kingdom
559538,22139,RETROSPOT TEA SET CERAMIC 11 PC ,1,2011-07-10 12:25:00,4.95,16880.0,United Kingdom
559538,21523,DOORMAT FANCY FONT HOME SWEET HOME,1,2011-07-10 12:25:00,7.95,16880.0,United Kingdom
559538,48184,DOORMAT ENGLISH ROSE ,1,2011-07-10 12:25:00,7.95,16880.0,United Kingdom
559538,20685,DOORMAT RED RETROSPOT,2,2011-07-10 12:25:00,7.95,16880.0,United Kingdom
559538,21506,"FANCY FONT BIRTHDAY CARD, ",12,2011-07-10 12:25:00,0.42,16880.0,United Kingdom
559538,21497,FANCY FONTS BIRTHDAY WRAP,25,2011-07-10 12:25:00,0.42,16880.0,United Kingdom
559538,22616,PACK OF 12 LONDON TISSUES ,12,2011-07-10 12:25:00,0.29,16880.0,United Kingdom
559538,22991,GIRAFFE WOODEN RULER,2,2011-07-10 12:25:00,1.95,16880.0,United Kingdom
559538,22992,REVOLVER WOODEN RULER ,2,2011-07-10 12:25:00,1.95,16880.0,United Kingdom
559538,23238,SET OF 4 KNICK KNACK TINS LONDON ,1,2011-07-10 12:25:00,4.15,16880.0,United Kingdom
559538,21260,FIRST AID TIN,2,2011-07-10 12:25:00,3.25,16880.0,United Kingdom
559538,21901,"KEY FOB , BACK DOOR ",2,2011-07-10 12:25:00,0.65,16880.0,United Kingdom
559538,21900,"KEY FOB , SHED",1,2011-07-10 12:25:00,0.65,16880.0,United Kingdom
559538,21902,"KEY FOB , FRONT  DOOR ",2,2011-07-10 12:25:00,0.65,16880.0,United Kingdom
559538,82613B,"METAL SIGN,CUPCAKE SINGLE HOOK",2,2011-07-10 12:25:00,1.25,16880.0,United Kingdom
559538,82613C,"METAL SIGN,CUPCAKE SINGLE HOOK",2,2011-07-10 12:25:00,1.25,16880.0,United Kingdom
559538,82613D,METAL SIGN CUPCAKE SINGLE HOOK,2,2011-07-10 12:25:00,1.25,16880.0,United Kingdom
559538,21745,GAOLERS KEYS DECORATIVE GARDEN ,4,2011-07-10 12:25:00,3.75,16880.0,United Kingdom
559538,22911,PAPER CHAIN KIT LONDON,1,2011-07-10 12:25:00,2.95,16880.0,United Kingdom
559538,22480,RED TEA TOWEL CLASSIC DESIGN,6,2011-07-10 12:25:00,1.25,16880.0,United Kingdom
559538,22083,PAPER CHAIN KIT RETROSPOT,2,2011-07-10 12:25:00,2.95,16880.0,United Kingdom
559538,22498,WOODEN REGATTA BUNTING,1,2011-07-10 12:25:00,5.95,16880.0,United Kingdom
559538,22499,WOODEN UNION JACK BUNTING,1,2011-07-10 12:25:00,5.95,16880.0,United Kingdom
559538,22863,SOAP DISH BROCANTE,1,2011-07-10 12:25:00,2.95,16880.0,United Kingdom
559538,22971,QUEENS GUARD COFFEE MUG,2,2011-07-10 12:25:00,2.55,16880.0,United Kingdom
559538,22970,LONDON BUS COFFEE MUG,3,2011-07-10 12:25:00,2.55,16880.0,United Kingdom
559538,22429,ENAMEL MEASURING JUG CREAM,2,2011-07-10 12:25:00,4.25,16880.0,United Kingdom
559538,23238,SET OF 4 KNICK KNACK TINS LONDON ,4,2011-07-10 12:25:00,4.15,16880.0,United Kingdom
559538,82552,WASHROOM METAL SIGN,2,2011-07-10 12:25:00,1.45,16880.0,United Kingdom
559539,21770,OPEN CLOSED METAL SIGN,1,2011-07-10 12:28:00,4.95,18024.0,United Kingdom
559539,82582,AREA PATROLLED METAL SIGN,1,2011-07-10 12:28:00,2.1,18024.0,United Kingdom
559539,21165,BEWARE OF THE CAT METAL SIGN ,8,2011-07-10 12:28:00,1.69,18024.0,United Kingdom
559539,21164,HOME SWEET HOME METAL SIGN ,1,2011-07-10 12:28:00,2.95,18024.0,United Kingdom
559539,21455,PAINTED YELLOW WOODEN DAISY,3,2011-07-10 12:28:00,0.85,18024.0,United Kingdom
559539,22693,GROW A FLYTRAP OR SUNFLOWER IN TIN,72,2011-07-10 12:28:00,1.25,18024.0,United Kingdom
559539,22228,BUNNY WOODEN PAINTED WITH BIRD ,1,2011-07-10 12:28:00,0.39,18024.0,United Kingdom
559539,22232,JIGSAW TOADSTOOLS 3 PIECE,1,2011-07-10 12:28:00,0.59,18024.0,United Kingdom
559539,22231,JIGSAW TREE WITH BIRDHOUSE,1,2011-07-10 12:28:00,0.59,18024.0,United Kingdom
559539,22233,JIGSAW RABBIT AND BIRDHOUSE,1,2011-07-10 12:28:00,0.59,18024.0,United Kingdom
559539,21206,STRAWBERRY HONEYCOMB  GARLAND ,2,2011-07-10 12:28:00,1.65,18024.0,United Kingdom
559539,21204,DAISIES  HONEYCOMB GARLAND ,2,2011-07-10 12:28:00,1.65,18024.0,United Kingdom
559539,21380,WOODEN HAPPY BIRTHDAY GARLAND,1,2011-07-10 12:28:00,2.95,18024.0,United Kingdom
559539,21749,LARGE RED RETROSPOT WINDMILL,3,2011-07-10 12:28:00,2.1,18024.0,United Kingdom
559539,21746,SMALL RED RETROSPOT WINDMILL,2,2011-07-10 12:28:00,1.25,18024.0,United Kingdom
559539,21850,BLUE  DIAMANTE PEN IN GIFT BOX,36,2011-07-10 12:28:00,4.25,18024.0,United Kingdom
559539,21621,VINTAGE UNION JACK BUNTING,2,2011-07-10 12:28:00,8.5,18024.0,United Kingdom
559539,22120,WELCOME  WOODEN BLOCK LETTERS,1,2011-07-10 12:28:00,9.95,18024.0,United Kingdom
559539,23301,GARDENERS KNEELING PAD KEEP CALM ,4,2011-07-10 12:28:00,1.65,18024.0,United Kingdom
559539,23320,GIANT 50'S CHRISTMAS CRACKER,5,2011-07-10 12:28:00,2.89,18024.0,United Kingdom
C559540,21850,BLUE  DIAMANTE PEN IN GIFT BOX,-36,2011-07-10 12:39:00,4.25,18024.0,United Kingdom
559541,22185,SLATE TILE NATURAL HANGING,36,2011-07-10 12:40:00,1.45,18024.0,United Kingdom
559542,23263,SET OF 3 WOODEN HEART DECORATIONS,3,2011-07-10 13:32:00,1.25,17126.0,United Kingdom
559542,23266,SET OF 3 WOODEN STOCKING DECORATION,2,2011-07-10 13:32:00,1.25,17126.0,United Kingdom
559542,22620,4 TRADITIONAL SPINNING TOPS,3,2011-07-10 13:32:00,1.45,17126.0,United Kingdom
559542,21914,BLUE HARMONICA IN BOX ,2,2011-07-10 13:32:00,1.25,17126.0,United Kingdom
559542,21915,RED  HARMONICA IN BOX ,2,2011-07-10 13:32:00,1.25,17126.0,United Kingdom
559542,21993,FLORAL FOLK STATIONERY SET,2,2011-07-10 13:32:00,1.25,17126.0,United Kingdom
559542,21990,MODERN FLORAL STATIONERY SET,2,2011-07-10 13:32:00,1.25,17126.0,United Kingdom
559542,21992,VINTAGE PAISLEY STATIONERY SET,2,2011-07-10 13:32:00,1.25,17126.0,United Kingdom
559542,21012,ANTIQUE ALL GLASS CANDLESTICK,6,2011-07-10 13:32:00,2.1,17126.0,United Kingdom
559542,21891,TRADITIONAL WOODEN SKIPPING ROPE,2,2011-07-10 13:32:00,1.45,17126.0,United Kingdom
559542,20984,12 PENCILS TALL TUBE POSY,8,2011-07-10 13:32:00,0.29,17126.0,United Kingdom
559542,22461,SAVOY ART DECO CLOCK,1,2011-07-10 13:32:00,3.95,17126.0,United Kingdom
559542,23089,GLASS BON BON JAR,6,2011-07-10 13:32:00,1.65,17126.0,United Kingdom
559542,21654,RIDGED GLASS FINGER BOWL,6,2011-07-10 13:32:00,0.39,17126.0,United Kingdom
559542,85032B,BLOSSOM IMAGES GIFT WRAP SET,3,2011-07-10 13:32:00,0.65,17126.0,United Kingdom
559542,22776,SWEETHEART CAKESTAND 3 TIER,1,2011-07-10 13:32:00,9.95,17126.0,United Kingdom
559542,85032C,CURIOUS IMAGES GIFT WRAP SET,3,2011-07-10 13:32:00,0.65,17126.0,United Kingdom
559542,22621,TRADITIONAL KNITTING NANCY,3,2011-07-10 13:32:00,1.65,17126.0,United Kingdom
559542,23090,VINTAGE GLASS T-LIGHT HOLDER,12,2011-07-10 13:32:00,0.83,17126.0,United Kingdom
559542,85160B,BLACK BIRD GARDEN DESIGN MUG,12,2011-07-10 13:32:00,0.39,17126.0,United Kingdom
559542,23270,SET OF 2 CERAMIC PAINTED HEARTS ,6,2011-07-10 13:32:00,1.45,17126.0,United Kingdom
559542,84629,WHITE 3 FRAME BIRDS AND TREE ,2,2011-07-10 13:32:00,4.95,17126.0,United Kingdom
559542,47574A,ENGLISH ROSE SCENTED HANGING FLOWER,12,2011-07-10 13:32:00,0.75,17126.0,United Kingdom
559542,85123A,WHITE HANGING HEART T-LIGHT HOLDER,3,2011-07-10 13:32:00,2.95,17126.0,United Kingdom
559542,23266,SET OF 3 WOODEN STOCKING DECORATION,1,2011-07-10 13:32:00,1.25,17126.0,United Kingdom
559542,84929,ASSTD FRUIT+FLOWERS FRIDGE MAGNETS,60,2011-07-10 13:32:00,0.19,17126.0,United Kingdom
559542,84792,ENCHANTED BIRD COATHANGER 5 HOOK,1,2011-07-10 13:32:00,4.65,17126.0,United Kingdom
559542,22156,HEART DECORATION WITH PEARLS ,1,2011-07-10 13:32:00,0.85,17126.0,United Kingdom
559542,23264,SET OF 3 WOODEN SLEIGH DECORATIONS,3,2011-07-10 13:32:00,1.25,17126.0,United Kingdom
559542,23265,SET OF 3 WOODEN TREE DECORATIONS,1,2011-07-10 13:32:00,1.25,17126.0,United Kingdom
559542,23268,SET OF 2 CERAMIC CHRISTMAS REINDEER,12,2011-07-10 13:32:00,1.45,17126.0,United Kingdom
559542,23269,SET OF 2 CERAMIC CHRISTMAS TREES,6,2011-07-10 13:32:00,1.45,17126.0,United Kingdom
559542,20668,DISCO BALL CHRISTMAS DECORATION,72,2011-07-10 13:32:00,0.12,17126.0,United Kingdom
559542,22489,PACK OF 12 TRADITIONAL CRAYONS,5,2011-07-10 13:32:00,0.42,17126.0,United Kingdom
559542,21791,VINTAGE HEADS AND TAILS CARD GAME ,2,2011-07-10 13:32:00,1.25,17126.0,United Kingdom
559542,21790,VINTAGE SNAP CARDS,4,2011-07-10 13:32:00,0.85,17126.0,United Kingdom
559542,22549,PICTURE DOMINOES,4,2011-07-10 13:32:00,1.45,17126.0,United Kingdom
559542,21294,ETCHED GLASS COASTER,12,2011-07-10 13:32:00,0.39,17126.0,United Kingdom
559542,22178,VICTORIAN GLASS HANGING T-LIGHT,18,2011-07-10 13:32:00,1.25,17126.0,United Kingdom
559542,22617,BAKING SET SPACEBOY DESIGN,2,2011-07-10 13:32:00,4.95,17126.0,United Kingdom
559542,22138,BAKING SET 9 PIECE RETROSPOT ,3,2011-07-10 13:32:00,4.95,17126.0,United Kingdom
559542,10133,COLOURING PENCILS BROWN TUBE,10,2011-07-10 13:32:00,0.42,17126.0,United Kingdom
559542,23192,BUNDLE OF 3 ALPHABET EXERCISE BOOKS,1,2011-07-10 13:32:00,1.65,17126.0,United Kingdom
559542,20727,LUNCH BAG  BLACK SKULL.,1,2011-07-10 13:32:00,1.65,17126.0,United Kingdom
559542,22662,LUNCH BAG DOLLY GIRL DESIGN,4,2011-07-10 13:32:00,1.65,17126.0,United Kingdom
559542,20728,LUNCH BAG CARS BLUE,2,2011-07-10 13:32:00,1.65,17126.0,United Kingdom
559542,20726,LUNCH BAG WOODLAND,2,2011-07-10 13:32:00,1.65,17126.0,United Kingdom
559542,22382,LUNCH BAG SPACEBOY DESIGN ,2,2011-07-10 13:32:00,1.65,17126.0,United Kingdom
559542,23209,LUNCH BAG DOILEY PATTERN ,3,2011-07-10 13:32:00,1.65,17126.0,United Kingdom
559542,84380,SET OF 3 BUTTERFLY COOKIE CUTTERS,3,2011-07-10 13:32:00,1.25,17126.0,United Kingdom
559542,23148,MINIATURE ANTIQUE ROSE HOOK IVORY,3,2011-07-10 13:32:00,0.83,17126.0,United Kingdom
559542,23147,SINGLE ANTIQUE ROSE HOOK IVORY,3,2011-07-10 13:32:00,1.45,17126.0,United Kingdom
559542,22251,BIRDHOUSE DECORATION MAGIC GARDEN,3,2011-07-10 13:32:00,1.25,17126.0,United Kingdom
559542,22230,JIGSAW TREE WITH WATERING CAN,6,2011-07-10 13:32:00,0.29,17126.0,United Kingdom
559542,20893,HANGING BAUBLE T-LIGHT HOLDER SMALL,1,2011-07-10 13:32:00,2.55,17126.0,United Kingdom
559542,22396,MAGNETS PACK OF 4 RETRO PHOTO,2,2011-07-10 13:32:00,0.39,17126.0,United Kingdom
559542,22402,MAGNETS PACK OF 4 VINTAGE COLLAGE,3,2011-07-10 13:32:00,0.39,17126.0,United Kingdom
559542,22400,MAGNETS PACK OF 4 HOME SWEET HOME,3,2011-07-10 13:32:00,0.39,17126.0,United Kingdom
559542,22398,MAGNETS PACK OF 4 SWALLOWS,4,2011-07-10 13:32:00,0.39,17126.0,United Kingdom
559542,22156,HEART DECORATION WITH PEARLS ,1,2011-07-10 13:32:00,0.85,17126.0,United Kingdom
559542,85204,HANGING WOOD AND FELT FLOWER,10,2011-07-10 13:32:00,0.12,17126.0,United Kingdom
559542,84879,ASSORTED COLOUR BIRD ORNAMENT,16,2011-07-10 13:32:00,1.69,17126.0,United Kingdom
559542,21272,SALLE DE BAIN HOOK,3,2011-07-10 13:32:00,1.25,17126.0,United Kingdom
559542,21179,NO JUNK MAIL METAL SIGN,5,2011-07-10 13:32:00,0.39,17126.0,United Kingdom
559542,82494L,WOODEN FRAME ANTIQUE WHITE ,2,2011-07-10 13:32:00,2.95,17126.0,United Kingdom
559542,82482,WOODEN PICTURE FRAME WHITE FINISH,1,2011-07-10 13:32:00,2.55,17126.0,United Kingdom
559542,23084,RABBIT NIGHT LIGHT,3,2011-07-10 13:32:00,2.08,17126.0,United Kingdom
559542,84944,SET OF 6 KASHMIR FOLKART BAUBLES,4,2011-07-10 13:32:00,1.65,17126.0,United Kingdom
559542,82580,BATHROOM METAL SIGN,3,2011-07-10 13:32:00,0.55,17126.0,United Kingdom
559542,82578,KITCHEN METAL SIGN,3,2011-07-10 13:32:00,0.55,17126.0,United Kingdom
559542,21889,WOODEN BOX OF DOMINOES,4,2011-07-10 13:32:00,1.25,17126.0,United Kingdom
559542,35471D,SET OF 3 BIRD LIGHT PINK FEATHER ,3,2011-07-10 13:32:00,0.39,17126.0,United Kingdom
559542,23321,SMALL WHITE HEART OF WICKER,6,2011-07-10 13:32:00,1.65,17126.0,United Kingdom
559542,22469,HEART OF WICKER SMALL,3,2011-07-10 13:32:00,1.65,17126.0,United Kingdom
559542,22470,HEART OF WICKER LARGE,4,2011-07-10 13:32:00,2.95,17126.0,United Kingdom
559542,23322,LARGE WHITE HEART OF WICKER,2,2011-07-10 13:32:00,2.95,17126.0,United Kingdom
559542,23323,WHITE WICKER STAR ,1,2011-07-10 13:32:00,2.1,17126.0,United Kingdom
559542,22694,WICKER STAR ,1,2011-07-10 13:32:00,2.1,17126.0,United Kingdom
559542,23298,SPOTTY BUNTING,1,2011-07-10 13:32:00,4.95,17126.0,United Kingdom
559542,23282,FOLDING BUTTERFLY MIRROR IVORY ,3,2011-07-10 13:32:00,0.83,17126.0,United Kingdom
559543,35471D,SET OF 3 BIRD LIGHT PINK FEATHER ,4,2011-07-10 13:46:00,0.39,17126.0,United Kingdom
559543,23268,SET OF 2 CERAMIC CHRISTMAS REINDEER,2,2011-07-10 13:46:00,1.45,17126.0,United Kingdom
559543,22993,SET OF 4 PANTRY JELLY MOULDS,1,2011-07-10 13:46:00,1.25,17126.0,United Kingdom
559543,85049G,CHOCOLATE BOX RIBBONS ,1,2011-07-10 13:46:00,1.25,17126.0,United Kingdom
559543,23158,SET OF 5 LUCKY CAT MAGNETS ,1,2011-07-10 13:46:00,2.08,17126.0,United Kingdom
559543,22398,MAGNETS PACK OF 4 SWALLOWS,1,2011-07-10 13:46:00,0.39,17126.0,United Kingdom
559543,22400,MAGNETS PACK OF 4 HOME SWEET HOME,1,2011-07-10 13:46:00,0.39,17126.0,United Kingdom
559543,21976,PACK OF 60 MUSHROOM CAKE CASES,1,2011-07-10 13:46:00,0.55,17126.0,United Kingdom
559543,21915,RED  HARMONICA IN BOX ,1,2011-07-10 13:46:00,1.25,17126.0,United Kingdom
559543,22310,IVORY KNITTED MUG COSY ,1,2011-07-10 13:46:00,1.65,17126.0,United Kingdom
559543,85049F,BABY BOOM RIBBONS ,1,2011-07-10 13:46:00,1.25,17126.0,United Kingdom
559543,22991,GIRAFFE WOODEN RULER,1,2011-07-10 13:46:00,1.95,17126.0,United Kingdom
559543,21581,SKULLS  DESIGN  COTTON TOTE BAG,1,2011-07-10 13:46:00,2.25,17126.0,United Kingdom
559543,22564,ALPHABET STENCIL CRAFT,1,2011-07-10 13:46:00,1.25,17126.0,United Kingdom
559543,22563,HAPPY STENCIL CRAFT,1,2011-07-10 13:46:00,1.25,17126.0,United Kingdom
559543,47574A,ENGLISH ROSE SCENTED HANGING FLOWER,2,2011-07-10 13:46:00,0.75,17126.0,United Kingdom
559543,21993,FLORAL FOLK STATIONERY SET,1,2011-07-10 13:46:00,1.25,17126.0,United Kingdom
559543,21990,MODERN FLORAL STATIONERY SET,1,2011-07-10 13:46:00,1.25,17126.0,United Kingdom
559543,22091,EMPIRE TISSUE BOX,1,2011-07-10 13:46:00,0.39,17126.0,United Kingdom
559543,85032B,BLOSSOM IMAGES GIFT WRAP SET,1,2011-07-10 13:46:00,0.65,17126.0,United Kingdom
559543,85032C,CURIOUS IMAGES GIFT WRAP SET,1,2011-07-10 13:46:00,0.65,17126.0,United Kingdom
559543,20727,LUNCH BAG  BLACK SKULL.,1,2011-07-10 13:46:00,1.65,17126.0,United Kingdom
559543,84584,PINK GINGHAM CAT WITH SCARF,1,2011-07-10 13:46:00,2.55,17126.0,United Kingdom
559543,23282,FOLDING BUTTERFLY MIRROR IVORY ,3,2011-07-10 13:46:00,0.83,17126.0,United Kingdom
559543,23301,GARDENERS KNEELING PAD KEEP CALM ,2,2011-07-10 13:46:00,1.65,17126.0,United Kingdom
559543,23084,RABBIT NIGHT LIGHT,1,2011-07-10 13:46:00,2.08,17126.0,United Kingdom
559544,23268,SET OF 2 CERAMIC CHRISTMAS REINDEER,1,2011-07-10 13:52:00,1.45,17126.0,United Kingdom
559544,22437,SET OF 9 BLACK SKULL BALLOONS,1,2011-07-10 13:52:00,0.85,17126.0,United Kingdom
559544,22562,MONSTERS STENCIL CRAFT,1,2011-07-10 13:52:00,1.25,17126.0,United Kingdom
559544,22564,ALPHABET STENCIL CRAFT,1,2011-07-10 13:52:00,1.25,17126.0,United Kingdom
559544,79051A,SMOKEY GREY COLOUR D.O.F. GLASS,4,2011-07-10 13:52:00,0.29,17126.0,United Kingdom
559544,22398,MAGNETS PACK OF 4 SWALLOWS,1,2011-07-10 13:52:00,0.39,17126.0,United Kingdom
559544,22400,MAGNETS PACK OF 4 HOME SWEET HOME,1,2011-07-10 13:52:00,0.39,17126.0,United Kingdom
559544,22210,WOOD STAMP SET BEST WISHES,1,2011-07-10 13:52:00,0.83,17126.0,United Kingdom
559544,22208,WOOD STAMP SET THANK YOU,1,2011-07-10 13:52:00,0.83,17126.0,United Kingdom
559544,21213,PACK OF 72 SKULL CAKE CASES,1,2011-07-10 13:52:00,0.55,17126.0,United Kingdom
559544,85071B,RED CHARLIE+LOLA PERSONAL DOORSIGN,4,2011-07-10 13:52:00,0.39,17126.0,United Kingdom
559544,85071A,BLUE CHARLIE+LOLA PERSONAL DOORSIGN,1,2011-07-10 13:52:00,0.39,17126.0,United Kingdom
559544,22437,SET OF 9 BLACK SKULL BALLOONS,1,2011-07-10 13:52:00,0.85,17126.0,United Kingdom
559544,21179,NO JUNK MAIL METAL SIGN,1,2011-07-10 13:52:00,0.39,17126.0,United Kingdom
559544,47574A,ENGLISH ROSE SCENTED HANGING FLOWER,3,2011-07-10 13:52:00,0.75,17126.0,United Kingdom
559544,22989,SET 2 PANTRY DESIGN TEA TOWELS,1,2011-07-10 13:52:00,3.25,17126.0,United Kingdom
559544,22085,PAPER CHAIN KIT SKULLS ,1,2011-07-10 13:52:00,2.95,17126.0,United Kingdom
559544,21207,SKULL AND CROSSBONES  GARLAND ,1,2011-07-10 13:52:00,1.65,17126.0,United Kingdom
559544,85032C,CURIOUS IMAGES GIFT WRAP SET,1,2011-07-10 13:52:00,0.65,17126.0,United Kingdom
559544,85032B,BLOSSOM IMAGES GIFT WRAP SET,1,2011-07-10 13:52:00,0.65,17126.0,United Kingdom
559544,22993,SET OF 4 PANTRY JELLY MOULDS,1,2011-07-10 13:52:00,1.25,17126.0,United Kingdom
559544,22232,JIGSAW TOADSTOOLS 3 PIECE,3,2011-07-10 13:52:00,0.59,17126.0,United Kingdom
559544,21914,BLUE HARMONICA IN BOX ,1,2011-07-10 13:52:00,1.25,17126.0,United Kingdom
559544,16248B,BLUE HOLE PUNCH,1,2011-07-10 13:52:00,1.25,17126.0,United Kingdom
559544,21211,SET OF 72 SKULL PAPER  DOILIES,1,2011-07-10 13:52:00,1.45,17126.0,United Kingdom
559544,23298,SPOTTY BUNTING,1,2011-07-10 13:52:00,4.95,17126.0,United Kingdom
559544,22097,SWALLOW SQUARE TISSUE BOX,1,2011-07-10 13:52:00,0.39,17126.0,United Kingdom
559544,21991,BOHEMIAN COLLAGE STATIONERY SET,1,2011-07-10 13:52:00,1.25,17126.0,United Kingdom
559544,22099,CARAVAN SQUARE TISSUE BOX,1,2011-07-10 13:52:00,0.39,17126.0,United Kingdom
559544,22091,EMPIRE TISSUE BOX,1,2011-07-10 13:52:00,0.39,17126.0,United Kingdom
559545,22592,CARDHOLDER HOLLY WREATH METAL,6,2011-07-10 14:42:00,3.75,15467.0,United Kingdom
559545,23129,HEART SHAPED HOLLY WREATH,2,2011-07-10 14:42:00,4.15,15467.0,United Kingdom
559545,23100,SILVER BELLS TABLE DECORATION,1,2011-07-10 14:42:00,1.25,15467.0,United Kingdom
559545,23091,ZINC HERB GARDEN CONTAINER,3,2011-07-10 14:42:00,6.25,15467.0,United Kingdom
559545,22938,CUPCAKE LACE PAPER SET 6,12,2011-07-10 14:42:00,1.95,15467.0,United Kingdom
559545,21121,SET/10 RED POLKADOT PARTY CANDLES,3,2011-07-10 14:42:00,1.25,15467.0,United Kingdom
559545,21122,SET/10 PINK POLKADOT PARTY CANDLES,2,2011-07-10 14:42:00,1.25,15467.0,United Kingdom
559545,21124,SET/10 BLUE POLKADOT PARTY CANDLES,1,2011-07-10 14:42:00,1.25,15467.0,United Kingdom
559545,21199,PINK  HEART CONFETTI IN TUBE,3,2011-07-10 14:42:00,1.65,15467.0,United Kingdom
559545,22265,EASTER DECORATION NATURAL CHICK,9,2011-07-10 14:42:00,0.65,15467.0,United Kingdom
559545,21389,IVORY HANGING DECORATION  BIRD,12,2011-07-10 14:42:00,0.85,15467.0,United Kingdom
559545,23212,HEART WREATH DECORATION WITH BELL,6,2011-07-10 14:42:00,1.25,15467.0,United Kingdom
559545,23213,STAR WREATH DECORATION WITH BELL,6,2011-07-10 14:42:00,1.25,15467.0,United Kingdom
559545,22593,CHRISTMAS GINGHAM STAR,4,2011-07-10 14:42:00,0.85,15467.0,United Kingdom
559545,22595,GINGHAM HEART DECORATION,4,2011-07-10 14:42:00,0.85,15467.0,United Kingdom
559545,22594,CHRISTMAS GINGHAM TREE,4,2011-07-10 14:42:00,0.85,15467.0,United Kingdom
559545,22588,CARD HOLDER GINGHAM HEART,3,2011-07-10 14:42:00,2.89,15467.0,United Kingdom
559545,22669,RED BABY BUNTING ,5,2011-07-10 14:42:00,2.95,15467.0,United Kingdom
559545,23214,JINGLE BELL HEART ANTIQUE GOLD,5,2011-07-10 14:42:00,2.08,15467.0,United Kingdom
559545,23274,STAR T-LIGHT HOLDER WILLIE WINKIE,3,2011-07-10 14:42:00,1.65,15467.0,United Kingdom
559545,22285,HANGING HEN ON NEST DECORATION,5,2011-07-10 14:42:00,1.65,15467.0,United Kingdom
559545,22265,EASTER DECORATION NATURAL CHICK,3,2011-07-10 14:42:00,0.65,15467.0,United Kingdom
559545,22284,HEN HOUSE DECORATION,5,2011-07-10 14:42:00,1.65,15467.0,United Kingdom
559545,22152,PLACE SETTING WHITE STAR,24,2011-07-10 14:42:00,0.42,15467.0,United Kingdom
559545,22178,VICTORIAN GLASS HANGING T-LIGHT,6,2011-07-10 14:42:00,1.25,15467.0,United Kingdom
559545,22575,METAL MERRY CHRISTMAS WREATH,8,2011-07-10 14:42:00,1.95,15467.0,United Kingdom
559545,22477,WATERING CAN GARDEN MARKER,10,2011-07-10 14:42:00,1.25,15467.0,United Kingdom
559545,22596,CHRISTMAS STAR WISH LIST CHALKBOARD,12,2011-07-10 14:42:00,1.25,15467.0,United Kingdom
559545,23106,ZINC HEARTS PLANT POT HOLDER,8,2011-07-10 14:42:00,2.89,15467.0,United Kingdom
559545,22591,CARDHOLDER GINGHAM CHRISTMAS TREE,6,2011-07-10 14:42:00,3.25,15467.0,United Kingdom
559546,85014B,RED RETROSPOT UMBRELLA,12,2011-07-10 14:49:00,5.95,14163.0,United Kingdom
559546,85014A,BLACK/BLUE POLKADOT UMBRELLA,12,2011-07-10 14:49:00,5.95,14163.0,United Kingdom
559546,20679,EDWARDIAN PARASOL RED,12,2011-07-10 14:49:00,5.95,14163.0,United Kingdom
559546,15060B,FAIRY CAKE DESIGN UMBRELLA,12,2011-07-10 14:49:00,3.75,14163.0,United Kingdom
559546,15056P,EDWARDIAN PARASOL PINK,12,2011-07-10 14:49:00,5.95,14163.0,United Kingdom
559546,15056N,EDWARDIAN PARASOL NATURAL,12,2011-07-10 14:49:00,5.95,14163.0,United Kingdom
559546,15056BL,EDWARDIAN PARASOL BLACK,12,2011-07-10 14:49:00,5.95,14163.0,United Kingdom
559546,21790,VINTAGE SNAP CARDS,12,2011-07-10 14:49:00,0.85,14163.0,United Kingdom
559546,22623,BOX OF VINTAGE JIGSAW BLOCKS ,10,2011-07-10 14:49:00,5.95,14163.0,United Kingdom
559546,22622,BOX OF VINTAGE ALPHABET BLOCKS,6,2011-07-10 14:49:00,11.95,14163.0,United Kingdom
559546,22607,WOODEN ROUNDERS GARDEN SET ,2,2011-07-10 14:49:00,9.95,14163.0,United Kingdom
559546,22621,TRADITIONAL KNITTING NANCY,6,2011-07-10 14:49:00,1.65,14163.0,United Kingdom
559546,22619,SET OF 6 SOLDIER SKITTLES,6,2011-07-10 14:49:00,3.75,14163.0,United Kingdom
559546,23077,DOUGHNUT LIP GLOSS ,80,2011-07-10 14:49:00,1.25,14163.0,United Kingdom
559546,22693,GROW A FLYTRAP OR SUNFLOWER IN TIN,48,2011-07-10 14:49:00,1.25,14163.0,United Kingdom
559546,23229,VINTAGE DONKEY TAIL GAME ,6,2011-07-10 14:49:00,3.75,14163.0,United Kingdom
559546,23078,ICE CREAM PEN LIP GLOSS ,48,2011-07-10 14:49:00,1.25,14163.0,United Kingdom
559547,20963,APPLE BATH SPONGE,1,2011-07-10 15:12:00,1.25,17758.0,United Kingdom
559547,22706,WRAP COWBOYS  ,25,2011-07-10 15:12:00,0.42,17758.0,United Kingdom
559547,22047,EMPIRE GIFT WRAP,25,2011-07-10 15:12:00,0.42,17758.0,United Kingdom
559547,47566,PARTY BUNTING,2,2011-07-10 15:12:00,4.95,17758.0,United Kingdom
559547,47590B,PINK HAPPY BIRTHDAY BUNTING,3,2011-07-10 15:12:00,5.45,17758.0,United Kingdom
559547,23298,SPOTTY BUNTING,2,2011-07-10 15:12:00,4.95,17758.0,United Kingdom
559547,22747,POPPY'S PLAYHOUSE BATHROOM,2,2011-07-10 15:12:00,2.1,17758.0,United Kingdom
559547,22745,POPPY'S PLAYHOUSE BEDROOM ,2,2011-07-10 15:12:00,2.1,17758.0,United Kingdom
559547,22746,POPPY'S PLAYHOUSE LIVINGROOM ,2,2011-07-10 15:12:00,2.1,17758.0,United Kingdom
559547,22748,POPPY'S PLAYHOUSE KITCHEN,2,2011-07-10 15:12:00,2.1,17758.0,United Kingdom
559547,23284,DOORMAT KEEP CALM AND COME IN,3,2011-07-10 15:12:00,7.95,17758.0,United Kingdom
559547,23283,DOORMAT VINTAGE LEAF,2,2011-07-10 15:12:00,7.95,17758.0,United Kingdom
559547,23199,JUMBO BAG APPLES,4,2011-07-10 15:12:00,2.08,17758.0,United Kingdom
559547,23200,JUMBO BAG PEARS,4,2011-07-10 15:12:00,2.08,17758.0,United Kingdom
559547,23203,JUMBO BAG DOILEY PATTERNS,4,2011-07-10 15:12:00,2.08,17758.0,United Kingdom
559547,84859B,BLUE DISCO HANDBAG,3,2011-07-10 15:12:00,1.95,17758.0,United Kingdom
559547,84859C,PINK DISCO HANDBAG,3,2011-07-10 15:12:00,1.95,17758.0,United Kingdom
559547,22316,200 BENDY SKULL STRAWS,1,2011-07-10 15:12:00,1.25,17758.0,United Kingdom
559547,84859A,SILVER DISCO HANDBAG,3,2011-07-10 15:12:00,1.95,17758.0,United Kingdom
559547,21703,BAG 125g SWIRLY MARBLES,1,2011-07-10 15:12:00,0.42,17758.0,United Kingdom
559547,21790,VINTAGE SNAP CARDS,1,2011-07-10 15:12:00,0.85,17758.0,United Kingdom
559547,22029,SPACEBOY BIRTHDAY CARD,12,2011-07-10 15:12:00,0.42,17758.0,United Kingdom
559547,22713,CARD I LOVE LONDON ,12,2011-07-10 15:12:00,0.42,17758.0,United Kingdom
559547,22714,CARD BIRTHDAY COWBOY,12,2011-07-10 15:12:00,0.42,17758.0,United Kingdom
559547,21750,LARGE SKULL WINDMILL,1,2011-07-10 15:12:00,2.1,17758.0,United Kingdom
559547,20978,36 PENCILS TUBE SKULLS,2,2011-07-10 15:12:00,1.25,17758.0,United Kingdom
559547,21907,I'M ON HOLIDAY METAL SIGN,3,2011-07-10 15:12:00,2.1,17758.0,United Kingdom
559547,22413,METAL SIGN TAKE IT OR LEAVE IT ,2,2011-07-10 15:12:00,2.95,17758.0,United Kingdom
559547,21174,POTTERING IN THE SHED METAL SIGN,2,2011-07-10 15:12:00,2.08,17758.0,United Kingdom
559547,22911,PAPER CHAIN KIT LONDON,3,2011-07-10 15:12:00,2.95,17758.0,United Kingdom
559547,22084,PAPER CHAIN KIT EMPIRE,3,2011-07-10 15:12:00,2.95,17758.0,United Kingdom
559547,22996,TRAVEL CARD WALLET VINTAGE TICKET,2,2011-07-10 15:12:00,0.42,17758.0,United Kingdom
559547,22997,TRAVEL CARD WALLET UNION JACK,3,2011-07-10 15:12:00,0.42,17758.0,United Kingdom
559547,22998,TRAVEL CARD WALLET KEEP CALM,4,2011-07-10 15:12:00,0.42,17758.0,United Kingdom
559547,23005,TRAVEL CARD WALLET I LOVE LONDON,3,2011-07-10 15:12:00,0.42,17758.0,United Kingdom
559547,20713,JUMBO BAG OWLS,2,2011-07-10 15:12:00,2.08,17758.0,United Kingdom
559547,85099B,JUMBO BAG RED RETROSPOT,5,2011-07-10 15:12:00,2.08,17758.0,United Kingdom
559547,23206,LUNCH BAG APPLE DESIGN,1,2011-07-10 15:12:00,1.65,17758.0,United Kingdom
559547,23207,LUNCH BAG ALPHABET DESIGN,3,2011-07-10 15:12:00,1.65,17758.0,United Kingdom
559547,23209,LUNCH BAG DOILEY PATTERN ,4,2011-07-10 15:12:00,1.65,17758.0,United Kingdom
559547,23206,LUNCH BAG APPLE DESIGN,3,2011-07-10 15:12:00,1.65,17758.0,United Kingdom
559547,20727,LUNCH BAG  BLACK SKULL.,4,2011-07-10 15:12:00,1.65,17758.0,United Kingdom
559547,22383,LUNCH BAG SUKI DESIGN ,4,2011-07-10 15:12:00,1.65,17758.0,United Kingdom
559547,20713,JUMBO BAG OWLS,1,2011-07-10 15:12:00,2.08,17758.0,United Kingdom
559547,20712,JUMBO BAG WOODLAND ANIMALS,3,2011-07-10 15:12:00,2.08,17758.0,United Kingdom
559547,20712,JUMBO BAG WOODLAND ANIMALS,2,2011-07-10 15:12:00,2.08,17758.0,United Kingdom
559547,85099F,JUMBO BAG STRAWBERRY,3,2011-07-10 15:12:00,2.08,17758.0,United Kingdom
559547,23202,JUMBO BAG VINTAGE LEAF,4,2011-07-10 15:12:00,2.08,17758.0,United Kingdom
559547,22378,WALL TIDY RETROSPOT ,3,2011-07-10 15:12:00,2.1,17758.0,United Kingdom
559547,85099C,JUMBO  BAG BAROQUE BLACK WHITE,4,2011-07-10 15:12:00,2.08,17758.0,United Kingdom
559547,21934,SKULL SHOULDER BAG,2,2011-07-10 15:12:00,1.65,17758.0,United Kingdom
559547,22606,WOODEN SKITTLES GARDEN SET,1,2011-07-10 15:12:00,15.95,17758.0,United Kingdom
559547,23301,GARDENERS KNEELING PAD KEEP CALM ,3,2011-07-10 15:12:00,1.65,17758.0,United Kingdom
559547,85088,CANDY SPOT HAND BAG,3,2011-07-10 15:12:00,2.1,17758.0,United Kingdom
559547,79191C,RETRO PLASTIC ELEPHANT TRAY,1,2011-07-10 15:12:00,0.85,17758.0,United Kingdom
559547,22454,MEASURING TAPE BABUSHKA RED,2,2011-07-10 15:12:00,2.95,17758.0,United Kingdom
559547,22453,MEASURING TAPE BABUSHKA BLUE,2,2011-07-10 15:12:00,2.95,17758.0,United Kingdom
559547,22452,MEASURING TAPE BABUSHKA PINK,2,2011-07-10 15:12:00,2.95,17758.0,United Kingdom
559547,21242,RED RETROSPOT PLATE ,1,2011-07-10 15:12:00,1.69,17758.0,United Kingdom
559547,21244,BLUE POLKADOT PLATE ,4,2011-07-10 15:12:00,1.69,17758.0,United Kingdom
559547,20676,RED RETROSPOT BOWL,1,2011-07-10 15:12:00,1.25,17758.0,United Kingdom
559547,20675,BLUE POLKADOT BOWL,2,2011-07-10 15:12:00,1.25,17758.0,United Kingdom
559547,21240,BLUE POLKADOT CUP,2,2011-07-10 15:12:00,0.85,17758.0,United Kingdom
559547,23290,SPACEBOY CHILDRENS BOWL,2,2011-07-10 15:12:00,1.25,17758.0,United Kingdom
559547,23289,DOLLY GIRL CHILDRENS BOWL,1,2011-07-10 15:12:00,1.25,17758.0,United Kingdom
559547,23291,DOLLY GIRL CHILDRENS CUP,1,2011-07-10 15:12:00,1.25,17758.0,United Kingdom
559547,23292,SPACEBOY CHILDRENS CUP,2,2011-07-10 15:12:00,1.25,17758.0,United Kingdom
559547,23286,BLUE VINTAGE SPOT BEAKER,2,2011-07-10 15:12:00,0.85,17758.0,United Kingdom
559547,21034,REX CASH+CARRY JUMBO SHOPPER,3,2011-07-10 15:12:00,0.95,17758.0,United Kingdom
559548,44236,PINK/PURPLE CIRCLE CURTAIN,6,2011-07-10 15:17:00,0.79,17997.0,United Kingdom
559548,44242A,LILAC FEATHERS CURTAIN,12,2011-07-10 15:17:00,0.79,17997.0,United Kingdom
559548,35911A,MULTICOLOUR RABBIT EGG WARMER,18,2011-07-10 15:17:00,0.85,17997.0,United Kingdom
559548,84926E,FLOWERS TILE COASTER,24,2011-07-10 15:17:00,0.29,17997.0,United Kingdom
559548,84926F,PSYCHEDELIC TILE COASTER,48,2011-07-10 15:17:00,0.29,17997.0,United Kingdom
559548,84926D,LA PALMIERA TILE COASTER,48,2011-07-10 15:17:00,0.29,17997.0,United Kingdom
559548,84926E,FLOWERS TILE COASTER,24,2011-07-10 15:17:00,0.29,17997.0,United Kingdom
559548,21311,SET/4 BIRD MIRROR MAGNETS ,24,2011-07-10 15:17:00,0.29,17997.0,United Kingdom
559548,21307,SET/4 BUTTERFLY MIRROR MAGNETS,24,2011-07-10 15:17:00,0.29,17997.0,United Kingdom
559548,21306,SET/4 DAISY MIRROR MAGNETS,24,2011-07-10 15:17:00,0.29,17997.0,United Kingdom
559548,84926A,WAKE UP COCKEREL TILE COASTER,24,2011-07-10 15:17:00,0.29,17997.0,United Kingdom
559548,84929,ASSTD FRUIT+FLOWERS FRIDGE MAGNETS,240,2011-07-10 15:17:00,0.19,17997.0,United Kingdom
559548,84925F,PSYCHEDELIC WALL THERMOMETER,24,2011-07-10 15:17:00,0.79,17997.0,United Kingdom
559548,85211,S/4 GROOVY CAT MAGNETS,7,2011-07-10 15:17:00,0.79,17997.0,United Kingdom
559548,84625A,PINK NEW BAROQUECANDLESTICK CANDLE,24,2011-07-10 15:17:00,0.85,17997.0,United Kingdom
559548,21209,MULTICOLOUR HONEYCOMB FAN,17,2011-07-10 15:17:00,0.39,17997.0,United Kingdom
559548,51014C,"FEATHER PEN,COAL BLACK",24,2011-07-10 15:17:00,0.39,17997.0,United Kingdom
559548,51014A,"FEATHER PEN,HOT PINK",24,2011-07-10 15:17:00,0.39,17997.0,United Kingdom
559548,20992,JAZZ HEARTS PURSE NOTEBOOK,12,2011-07-10 15:17:00,0.39,17997.0,United Kingdom
559548,16008,SMALL FOLDING SCISSOR(POINTED EDGE),48,2011-07-10 15:17:00,0.12,17997.0,United Kingdom
559548,85212,MINI PAINTED GARDEN DECORATION ,48,2011-07-10 15:17:00,0.29,17997.0,United Kingdom
559548,21382,SET/4 SPRING FLOWER DECORATION,16,2011-07-10 15:17:00,0.75,17997.0,United Kingdom
559548,84660C,PINK STITCHED WALL CLOCK,6,2011-07-10 15:17:00,0.79,17997.0,United Kingdom
559548,22829,SWEETHEART WIRE WALL TIDY,1,2011-07-10 15:17:00,9.95,17997.0,United Kingdom
559548,21368,MIRRORED WALL ART LADIES,10,2011-07-10 15:17:00,0.75,17997.0,United Kingdom
559548,21367,MIRRORED WALL ART GENTS,10,2011-07-10 15:17:00,0.75,17997.0,United Kingdom
559548,21931,JUMBO STORAGE BAG SUKI,4,2011-07-10 15:17:00,2.08,17997.0,United Kingdom
559548,21033,JUMBO BAG CHARLIE AND LOLA TOYS,4,2011-07-10 15:17:00,2.08,17997.0,United Kingdom
559549,23321,SMALL WHITE HEART OF WICKER,3,2011-07-10 15:25:00,1.65,13230.0,United Kingdom
559549,23307,SET OF 60 PANTRY DESIGN CAKE CASES ,1,2011-07-10 15:25:00,0.55,13230.0,United Kingdom
559549,22029,SPACEBOY BIRTHDAY CARD,12,2011-07-10 15:25:00,0.42,13230.0,United Kingdom
559549,21635,MADRAS NOTEBOOK LARGE ,2,2011-07-10 15:25:00,1.25,13230.0,United Kingdom
559549,21636,MADRAS NOTEBOOK MEDIUM,2,2011-07-10 15:25:00,0.75,13230.0,United Kingdom
559549,23146,TRIPLE HOOK ANTIQUE IVORY ROSE,1,2011-07-10 15:25:00,3.29,13230.0,United Kingdom
559549,23308,SET OF 60 VINTAGE LEAF CAKE CASES ,2,2011-07-10 15:25:00,0.55,13230.0,United Kingdom
559549,84596F,SMALL MARSHMALLOWS PINK BOWL,3,2011-07-10 15:25:00,0.42,13230.0,United Kingdom
559549,84596G,SMALL CHOCOLATES PINK BOWL,3,2011-07-10 15:25:00,0.42,13230.0,United Kingdom
559549,84596B,SMALL DOLLY MIX DESIGN ORANGE BOWL,5,2011-07-10 15:25:00,0.42,13230.0,United Kingdom
559549,22470,HEART OF WICKER LARGE,3,2011-07-10 15:25:00,2.95,13230.0,United Kingdom
559549,22469,HEART OF WICKER SMALL,3,2011-07-10 15:25:00,1.65,13230.0,United Kingdom
559549,22669,RED BABY BUNTING ,2,2011-07-10 15:25:00,2.95,13230.0,United Kingdom
559549,22668,PINK BABY BUNTING,3,2011-07-10 15:25:00,2.95,13230.0,United Kingdom
559549,21469,POLKA DOT RAFFIA FOOD COVER,1,2011-07-10 15:25:00,3.75,13230.0,United Kingdom
559549,21467,CHERRY CROCHET FOOD COVER,1,2011-07-10 15:25:00,3.75,13230.0,United Kingdom
559549,21471,STRAWBERRY RAFFIA FOOD COVER,1,2011-07-10 15:25:00,3.75,13230.0,United Kingdom
559549,21465,PINK FLOWER CROCHET FOOD COVER,1,2011-07-10 15:25:00,3.75,13230.0,United Kingdom
559549,21468,BUTTERFLY CROCHET FOOD COVER,1,2011-07-10 15:25:00,3.75,13230.0,United Kingdom
559549,21470,FLOWER VINE RAFFIA FOOD COVER,1,2011-07-10 15:25:00,3.75,13230.0,United Kingdom
559549,23306,SET OF 36 DOILIES PANTRY DESIGN,2,2011-07-10 15:25:00,1.45,13230.0,United Kingdom
559549,84755,COLOUR GLASS T-LIGHT HOLDER HANGING,8,2011-07-10 15:25:00,0.65,13230.0,United Kingdom
559549,23307,SET OF 60 PANTRY DESIGN CAKE CASES ,1,2011-07-10 15:25:00,0.55,13230.0,United Kingdom
559549,23309,SET OF 60 I LOVE LONDON CAKE CASES ,2,2011-07-10 15:25:00,0.55,13230.0,United Kingdom
559549,22197,POPCORN HOLDER,4,2011-07-10 15:25:00,0.85,13230.0,United Kingdom
559549,22460,EMBOSSED GLASS TEALIGHT HOLDER,2,2011-07-10 15:25:00,1.25,13230.0,United Kingdom
559549,84949,SILVER HANGING T-LIGHT HOLDER,1,2011-07-10 15:25:00,1.65,13230.0,United Kingdom
559549,84970L,SINGLE HEART ZINC T-LIGHT HOLDER,1,2011-07-10 15:25:00,0.95,13230.0,United Kingdom
559549,23144,ZINC T-LIGHT HOLDER STARS SMALL,4,2011-07-10 15:25:00,0.83,13230.0,United Kingdom
559549,84970S,HANGING HEART ZINC T-LIGHT HOLDER,2,2011-07-10 15:25:00,0.85,13230.0,United Kingdom
559549,20846,ZINC HEART LATTICE T-LIGHT HOLDER,3,2011-07-10 15:25:00,1.25,13230.0,United Kingdom
559549,84946,ANTIQUE SILVER T-LIGHT GLASS,4,2011-07-10 15:25:00,1.25,13230.0,United Kingdom
559549,23298,SPOTTY BUNTING,3,2011-07-10 15:25:00,4.95,13230.0,United Kingdom
559549,84792,ENCHANTED BIRD COATHANGER 5 HOOK,1,2011-07-10 15:25:00,4.65,13230.0,United Kingdom
559549,84406B,CREAM CUPID HEARTS COAT HANGER,1,2011-07-10 15:25:00,4.15,13230.0,United Kingdom
559549,22467,GUMBALL COAT RACK,2,2011-07-10 15:25:00,2.55,13230.0,United Kingdom
559549,22819,"BIRTHDAY CARD, RETRO SPOT",12,2011-07-10 15:25:00,0.42,13230.0,United Kingdom
559549,22045,SPACEBOY GIFT WRAP,25,2011-07-10 15:25:00,0.42,13230.0,United Kingdom
559549,21733,RED HANGING HEART T-LIGHT HOLDER,1,2011-07-10 15:25:00,2.95,13230.0,United Kingdom
559549,22804,CANDLEHOLDER PINK HANGING HEART,1,2011-07-10 15:25:00,2.95,13230.0,United Kingdom
559549,85123A,WHITE HANGING HEART T-LIGHT HOLDER,2,2011-07-10 15:25:00,2.95,13230.0,United Kingdom
559549,23203,JUMBO BAG DOILEY PATTERNS,2,2011-07-10 15:25:00,2.08,13230.0,United Kingdom
559549,21832,CHOCOLATE CALCULATOR,3,2011-07-10 15:25:00,1.65,13230.0,United Kingdom
559549,22629,SPACEBOY LUNCH BOX ,1,2011-07-10 15:25:00,1.95,13230.0,United Kingdom
559549,22630,DOLLY GIRL LUNCH BOX,1,2011-07-10 15:25:00,1.95,13230.0,United Kingdom
559549,22352,LUNCH BOX WITH CUTLERY RETROSPOT ,1,2011-07-10 15:25:00,2.55,13230.0,United Kingdom
559549,21559,STRAWBERRY LUNCH BOX WITH CUTLERY,1,2011-07-10 15:25:00,2.55,13230.0,United Kingdom
559549,22382,LUNCH BAG SPACEBOY DESIGN ,1,2011-07-10 15:25:00,1.65,13230.0,United Kingdom
559549,22662,LUNCH BAG DOLLY GIRL DESIGN,1,2011-07-10 15:25:00,1.65,13230.0,United Kingdom
559549,22384,LUNCH BAG PINK POLKADOT,1,2011-07-10 15:25:00,1.65,13230.0,United Kingdom
559549,20724,RED RETROSPOT CHARLOTTE BAG,1,2011-07-10 15:25:00,0.85,13230.0,United Kingdom
559549,20727,LUNCH BAG  BLACK SKULL.,1,2011-07-10 15:25:00,1.65,13230.0,United Kingdom
559549,22661,CHARLOTTE BAG DOLLY GIRL DESIGN,1,2011-07-10 15:25:00,0.85,13230.0,United Kingdom
559549,20726,LUNCH BAG WOODLAND,1,2011-07-10 15:25:00,1.65,13230.0,United Kingdom
559549,23206,LUNCH BAG APPLE DESIGN,2,2011-07-10 15:25:00,1.65,13230.0,United Kingdom
559549,22383,LUNCH BAG SUKI DESIGN ,1,2011-07-10 15:25:00,1.65,13230.0,United Kingdom
559549,23209,LUNCH BAG DOILEY PATTERN ,2,2011-07-10 15:25:00,1.65,13230.0,United Kingdom
559549,71477,COLOUR GLASS. STAR T-LIGHT HOLDER,2,2011-07-10 15:25:00,3.25,13230.0,United Kingdom
559549,22631,CIRCUS PARADE LUNCH BOX ,1,2011-07-10 15:25:00,1.95,13230.0,United Kingdom
559549,22659,LUNCH BOX I LOVE LONDON,1,2011-07-10 15:25:00,1.95,13230.0,United Kingdom
559549,21561,DINOSAUR LUNCH BOX WITH CUTLERY,1,2011-07-10 15:25:00,2.55,13230.0,United Kingdom
559549,21559,STRAWBERRY LUNCH BOX WITH CUTLERY,1,2011-07-10 15:25:00,2.55,13230.0,United Kingdom
559549,22037,ROBOT BIRTHDAY CARD,12,2011-07-10 15:25:00,0.42,13230.0,United Kingdom
559549,22716,CARD CIRCUS PARADE,12,2011-07-10 15:25:00,0.42,13230.0,United Kingdom
559549,22026,BANQUET BIRTHDAY  CARD  ,12,2011-07-10 15:25:00,0.42,13230.0,United Kingdom
559549,22983,CARD BILLBOARD FONT,121,2011-07-10 15:25:00,0.36,13230.0,United Kingdom
559549,23112,PARISIENNE CURIO CABINET,1,2011-07-10 15:25:00,7.5,13230.0,United Kingdom
559550,22674,FRENCH TOILET SIGN BLUE METAL,1,2011-07-10 15:38:00,1.25,17757.0,United Kingdom
559550,22677,FRENCH BLUE METAL DOOR SIGN 2,1,2011-07-10 15:38:00,1.25,17757.0,United Kingdom
559550,22678,FRENCH BLUE METAL DOOR SIGN 3,1,2011-07-10 15:38:00,1.25,17757.0,United Kingdom
559550,22439,6 ROCKET BALLOONS ,1,2011-07-10 15:38:00,0.65,17757.0,United Kingdom
559550,22197,POPCORN HOLDER,10,2011-07-10 15:38:00,0.85,17757.0,United Kingdom
559550,21561,DINOSAUR LUNCH BOX WITH CUTLERY,1,2011-07-10 15:38:00,2.55,17757.0,United Kingdom
559550,21094,SET/6 RED SPOTTY PAPER PLATES,6,2011-07-10 15:38:00,0.85,17757.0,United Kingdom
559550,21080,SET/20 RED RETROSPOT PAPER NAPKINS ,7,2011-07-10 15:38:00,0.85,17757.0,United Kingdom
559550,22631,CIRCUS PARADE LUNCH BOX ,1,2011-07-10 15:38:00,1.95,17757.0,United Kingdom
559550,22630,DOLLY GIRL LUNCH BOX,3,2011-07-10 15:38:00,1.95,17757.0,United Kingdom
559550,22629,SPACEBOY LUNCH BOX ,2,2011-07-10 15:38:00,1.95,17757.0,United Kingdom
559550,22659,LUNCH BOX I LOVE LONDON,2,2011-07-10 15:38:00,1.95,17757.0,United Kingdom
559550,22628,PICNIC BOXES SET OF 3 RETROSPOT ,2,2011-07-10 15:38:00,4.95,17757.0,United Kingdom
559550,23316,RED REFECTORY CLOCK ,1,2011-07-10 15:38:00,9.95,17757.0,United Kingdom
559550,23315,IVORY REFECTORY CLOCK,1,2011-07-10 15:38:00,9.95,17757.0,United Kingdom
559550,22667,RECIPE BOX RETROSPOT ,3,2011-07-10 15:38:00,2.95,17757.0,United Kingdom
559550,21217,RED RETROSPOT ROUND CAKE TINS,2,2011-07-10 15:38:00,9.95,17757.0,United Kingdom
559550,22083,PAPER CHAIN KIT RETROSPOT,2,2011-07-10 15:38:00,2.95,17757.0,United Kingdom
559550,22673,FRENCH GARDEN SIGN BLUE METAL,2,2011-07-10 15:38:00,1.25,17757.0,United Kingdom
559550,22865,HAND WARMER OWL DESIGN,2,2011-07-10 15:38:00,2.1,17757.0,United Kingdom
559550,22904,CALENDAR PAPER CUT DESIGN,6,2011-07-10 15:38:00,2.95,17757.0,United Kingdom
559550,22747,POPPY'S PLAYHOUSE BATHROOM,1,2011-07-10 15:38:00,2.1,17757.0,United Kingdom
559550,22090,PAPER BUNTING RETROSPOT,6,2011-07-10 15:38:00,2.95,17757.0,United Kingdom
559551,84192,ASSORTED COLOUR METAL CAT ,3,2011-07-10 16:18:00,1.25,16877.0,United Kingdom
559551,23150,IVORY SWEETHEART SOAP DISH,1,2011-07-10 16:18:00,2.49,16877.0,United Kingdom
559551,23151,ZINC SWEETHEART SOAP DISH,1,2011-07-10 16:18:00,2.49,16877.0,United Kingdom
559551,82494L,WOODEN FRAME ANTIQUE WHITE ,2,2011-07-10 16:18:00,2.95,16877.0,United Kingdom
559551,22766,PHOTO FRAME CORNICE,2,2011-07-10 16:18:00,2.95,16877.0,United Kingdom
559551,82483,WOOD 2 DRAWER CABINET WHITE FINISH,2,2011-07-10 16:18:00,6.95,16877.0,United Kingdom
559551,21781,MA CAMPAGNE CUTLERY BOX,1,2011-07-10 16:18:00,14.95,16877.0,United Kingdom
559551,22228,BUNNY WOODEN PAINTED WITH BIRD ,1,2011-07-10 16:18:00,0.39,16877.0,United Kingdom
559551,21034,REX CASH+CARRY JUMBO SHOPPER,2,2011-07-10 16:18:00,0.95,16877.0,United Kingdom
559551,22229,BUNNY WOODEN PAINTED WITH FLOWER ,1,2011-07-10 16:18:00,0.39,16877.0,United Kingdom
559551,22267,EASTER DECORATION EGG BUNNY ,2,2011-07-10 16:18:00,0.39,16877.0,United Kingdom
559551,22287,DECORATION WOBBLY CHICKEN,2,2011-07-10 16:18:00,0.39,16877.0,United Kingdom
559551,35965,FOLKART HEART NAPKIN RINGS,7,2011-07-10 16:18:00,0.79,16877.0,United Kingdom
559551,84818,DANISH ROSE PHOTO FRAME,2,2011-07-10 16:18:00,0.79,16877.0,United Kingdom
559551,22855,FINE WICKER HEART ,1,2011-07-10 16:18:00,1.25,16877.0,United Kingdom
559551,22596,CHRISTMAS STAR WISH LIST CHALKBOARD,1,2011-07-10 16:18:00,1.25,16877.0,United Kingdom
559551,22082,RIBBON REEL STRIPES DESIGN ,5,2011-07-10 16:18:00,1.65,16877.0,United Kingdom
559551,23323,WHITE WICKER STAR ,1,2011-07-10 16:18:00,2.1,16877.0,United Kingdom
559551,22694,WICKER STAR ,1,2011-07-10 16:18:00,2.1,16877.0,United Kingdom
559551,22470,HEART OF WICKER LARGE,1,2011-07-10 16:18:00,2.95,16877.0,United Kingdom
559551,22469,HEART OF WICKER SMALL,3,2011-07-10 16:18:00,1.65,16877.0,United Kingdom
559551,22325,MOBILE VINTAGE HEARTS ,1,2011-07-10 16:18:00,4.95,16877.0,United Kingdom
559551,22483,RED GINGHAM TEDDY BEAR ,1,2011-07-10 16:18:00,2.95,16877.0,United Kingdom
559551,84686,BEACH HUT MIRROR,25,2011-07-10 16:18:00,0.79,16877.0,United Kingdom
559552,21429,RED GINGHAM ROSE JEWELLERY BOX,4,2011-07-10 16:29:00,1.95,16014.0,United Kingdom
559552,22811,SET OF 6 T-LIGHTS CACTI ,1,2011-07-10 16:29:00,2.95,16014.0,United Kingdom
559552,22536,MAGIC DRAWING SLATE PURDEY,2,2011-07-10 16:29:00,0.42,16014.0,United Kingdom
559552,22546,MINI JIGSAW PURDEY,2,2011-07-10 16:29:00,0.42,16014.0,United Kingdom
559552,21407,BROWN CHECK CAT DOORSTOP ,1,2011-07-10 16:29:00,4.25,16014.0,United Kingdom
559552,22089,PAPER BUNTING VINTAGE PAISLEY,1,2011-07-10 16:29:00,2.95,16014.0,United Kingdom
559552,84884A,ANT WHITE WIRE HEART SPIRAL,1,2011-07-10 16:29:00,3.95,16014.0,United Kingdom
559552,22090,PAPER BUNTING RETROSPOT,2,2011-07-10 16:29:00,2.95,16014.0,United Kingdom
559552,21207,SKULL AND CROSSBONES  GARLAND ,1,2011-07-10 16:29:00,1.65,16014.0,United Kingdom
559552,22766,PHOTO FRAME CORNICE,2,2011-07-10 16:29:00,2.95,16014.0,United Kingdom
559552,22382,LUNCH BAG SPACEBOY DESIGN ,1,2011-07-10 16:29:00,1.65,16014.0,United Kingdom
559552,47591D,PINK FAIRY CAKE CHILDRENS APRON,1,2011-07-10 16:29:00,1.95,16014.0,United Kingdom
559552,22899,CHILDREN'S APRON DOLLY GIRL ,1,2011-07-10 16:29:00,2.1,16014.0,United Kingdom
559552,21156,RETROSPOT CHILDRENS APRON,1,2011-07-10 16:29:00,1.95,16014.0,United Kingdom
559552,22367,CHILDRENS APRON SPACEBOY DESIGN,1,2011-07-10 16:29:00,1.95,16014.0,United Kingdom
559552,22898,CHILDRENS APRON APPLES DESIGN,1,2011-07-10 16:29:00,1.95,16014.0,United Kingdom
559552,22890,NOVELTY BISCUITS CAKE STAND 3 TIER,1,2011-07-10 16:29:00,9.95,16014.0,United Kingdom
559552,22273,FELTCRAFT DOLL MOLLY,1,2011-07-10 16:29:00,2.95,16014.0,United Kingdom
559552,22274,FELTCRAFT DOLL EMILY,1,2011-07-10 16:29:00,2.95,16014.0,United Kingdom
559552,22271,FELTCRAFT DOLL ROSIE,1,2011-07-10 16:29:00,2.95,16014.0,United Kingdom
559552,22274,FELTCRAFT DOLL EMILY,1,2011-07-10 16:29:00,2.95,16014.0,United Kingdom
559552,22844,VINTAGE CREAM DOG FOOD CONTAINER,1,2011-07-10 16:29:00,8.5,16014.0,United Kingdom
559552,22057,CERAMIC PLATE STRAWBERRY DESIGN,4,2011-07-10 16:29:00,1.49,16014.0,United Kingdom
559552,21231,SWEETHEART CERAMIC TRINKET BOX,3,2011-07-10 16:29:00,1.25,16014.0,United Kingdom
559552,21213,PACK OF 72 SKULL CAKE CASES,2,2011-07-10 16:29:00,0.55,16014.0,United Kingdom
559552,23307,SET OF 60 PANTRY DESIGN CAKE CASES ,1,2011-07-10 16:29:00,0.55,16014.0,United Kingdom
559552,23308,SET OF 60 VINTAGE LEAF CAKE CASES ,1,2011-07-10 16:29:00,0.55,16014.0,United Kingdom
559552,21232,STRAWBERRY CERAMIC TRINKET BOX,3,2011-07-10 16:29:00,1.25,16014.0,United Kingdom
559552,22795,SWEETHEART RECIPE BOOK STAND,1,2011-07-10 16:29:00,6.75,16014.0,United Kingdom
559552,21165,BEWARE OF THE CAT METAL SIGN ,2,2011-07-10 16:29:00,1.69,16014.0,United Kingdom
559552,21175,GIN + TONIC DIET METAL SIGN,1,2011-07-10 16:29:00,2.55,16014.0,United Kingdom
559552,22412,METAL SIGN NEIGHBOURHOOD WITCH ,1,2011-07-10 16:29:00,2.1,16014.0,United Kingdom
559552,21770,OPEN CLOSED METAL SIGN,1,2011-07-10 16:29:00,4.95,16014.0,United Kingdom
559552,82582,AREA PATROLLED METAL SIGN,2,2011-07-10 16:29:00,2.1,16014.0,United Kingdom
559552,84375,SET OF 20 KIDS COOKIE CUTTERS,1,2011-07-10 16:29:00,2.1,16014.0,United Kingdom
559552,84880,WHITE WIRE EGG HOLDER,1,2011-07-10 16:29:00,7.5,16014.0,United Kingdom
559552,21207,SKULL AND CROSSBONES  GARLAND ,1,2011-07-10 16:29:00,1.65,16014.0,United Kingdom
559552,22427,ENAMEL FLOWER JUG CREAM,2,2011-07-10 16:29:00,5.95,16014.0,United Kingdom
559552,84971S,SMALL HEART FLOWERS HOOK ,2,2011-07-10 16:29:00,0.85,16014.0,United Kingdom
559552,22085,PAPER CHAIN KIT SKULLS ,1,2011-07-10 16:29:00,2.95,16014.0,United Kingdom
559552,23197,SKETCHBOOK MAGNETIC SHOPPING LIST,2,2011-07-10 16:29:00,1.45,16014.0,United Kingdom
559552,23198,PANTRY MAGNETIC  SHOPPING LIST,2,2011-07-10 16:29:00,1.45,16014.0,United Kingdom
559552,22852,DOG BOWL VINTAGE CREAM,4,2011-07-10 16:29:00,4.25,16014.0,United Kingdom
559552,22430,ENAMEL WATERING CAN CREAM,2,2011-07-10 16:29:00,4.95,16014.0,United Kingdom
559552,85024C,PINK SMALL JEWELLED PHOTOFRAME,1,2011-07-10 16:29:00,1.65,16014.0,United Kingdom
559552,85024B,EAU DE NILE JEWELLED PHOTOFRAME,1,2011-07-10 16:29:00,1.65,16014.0,United Kingdom
559552,21381,MINI WOODEN HAPPY BIRTHDAY GARLAND,1,2011-07-10 16:29:00,1.69,16014.0,United Kingdom
559552,22548,HEADS AND TAILS SPORTING FUN,1,2011-07-10 16:29:00,1.25,16014.0,United Kingdom
559552,22068,BLACK PIRATE TREASURE CHEST,2,2011-07-10 16:29:00,1.65,16014.0,United Kingdom
559552,22558,CLOTHES PEGS RETROSPOT PACK 24 ,2,2011-07-10 16:29:00,1.65,16014.0,United Kingdom
559552,22549,PICTURE DOMINOES,2,2011-07-10 16:29:00,1.45,16014.0,United Kingdom
559552,21790,VINTAGE SNAP CARDS,2,2011-07-10 16:29:00,0.85,16014.0,United Kingdom
559552,22544,MINI JIGSAW SPACEBOY,3,2011-07-10 16:29:00,0.42,16014.0,United Kingdom
559552,22534,MAGIC DRAWING SLATE SPACEBOY ,3,2011-07-10 16:29:00,0.42,16014.0,United Kingdom
559552,21889,WOODEN BOX OF DOMINOES,4,2011-07-10 16:29:00,1.25,16014.0,United Kingdom
559552,22531,MAGIC DRAWING SLATE CIRCUS PARADE  ,2,2011-07-10 16:29:00,0.42,16014.0,United Kingdom
559552,85170C,SET/6 EAU DE NIL BIRD T-LIGHTS,1,2011-07-10 16:29:00,2.1,16014.0,United Kingdom
559552,85170B,SET/6 BLACK BIRD T-LIGHT CANDLES,1,2011-07-10 16:29:00,2.1,16014.0,United Kingdom
559552,22431,WATERING CAN BLUE ELEPHANT,1,2011-07-10 16:29:00,1.95,16014.0,United Kingdom
559552,84674,FLYING PIG WATERING CAN,1,2011-07-10 16:29:00,2.95,16014.0,United Kingdom
559552,22551,PLASTERS IN TIN SPACEBOY,2,2011-07-10 16:29:00,1.65,16014.0,United Kingdom
559552,21381,MINI WOODEN HAPPY BIRTHDAY GARLAND,2,2011-07-10 16:29:00,1.69,16014.0,United Kingdom
559552,22553,PLASTERS IN TIN SKULLS,2,2011-07-10 16:29:00,1.65,16014.0,United Kingdom
559552,22437,SET OF 9 BLACK SKULL BALLOONS,3,2011-07-10 16:29:00,0.85,16014.0,United Kingdom
559552,20717,STRAWBERRY SHOPPER BAG,3,2011-07-10 16:29:00,1.25,16014.0,United Kingdom
559552,21932,SCANDINAVIAN PAISLEY PICNIC BAG,1,2011-07-10 16:29:00,1.65,16014.0,United Kingdom
559552,20725,LUNCH BAG RED RETROSPOT,2,2011-07-10 16:29:00,1.65,16014.0,United Kingdom
559552,22382,LUNCH BAG SPACEBOY DESIGN ,1,2011-07-10 16:29:00,1.65,16014.0,United Kingdom
559552,20727,LUNCH BAG  BLACK SKULL.,2,2011-07-10 16:29:00,1.65,16014.0,United Kingdom
559552,23208,LUNCH BAG VINTAGE LEAF DESIGN,2,2011-07-10 16:29:00,1.65,16014.0,United Kingdom
559552,21936,RED RETROSPOT PICNIC BAG,2,2011-07-10 16:29:00,2.95,16014.0,United Kingdom
559552,23127,FELTCRAFT GIRL NICOLE KIT,1,2011-07-10 16:29:00,4.95,16014.0,United Kingdom
559552,23128,FELTCRAFT BOY JEAN-PAUL KIT,1,2011-07-10 16:29:00,4.95,16014.0,United Kingdom
559552,23126,FELTCRAFT GIRL AMELIE KIT,1,2011-07-10 16:29:00,4.95,16014.0,United Kingdom
559552,22483,RED GINGHAM TEDDY BEAR ,1,2011-07-10 16:29:00,2.95,16014.0,United Kingdom
