InvoiceNo,StockCode,Description,Quantity,InvoiceDate,UnitPrice,CustomerID,Country
545037,22804,CANDLEHOLDER PINK HANGING HEART,2,2011-02-27 10:02:00,2.95,14532.0,United Kingdom
545037,21733,RED HANGING HEART T-LIGHT HOLDER,6,2011-02-27 10:02:00,2.95,14532.0,United Kingdom
545037,85123A,WHITE HANGING HEART T-LIGHT HOLDER,12,2011-02-27 10:02:00,2.95,14532.0,United Kingdom
545037,22021,BLUE FELT EASTER EGG BASKET,3,2011-02-27 10:02:00,1.65,14532.0,United Kingdom
545037,85206A,CREAM FELT EASTER EGG BASKET,3,2011-02-27 10:02:00,1.65,14532.0,United Kingdom
545037,22690,DOORMAT HOME SWEET HOME BLUE ,1,2011-02-27 10:02:00,7.95,14532.0,United Kingdom
545037,21524,DOORMAT SPOTTY HOME SWEET HOME,2,2011-02-27 10:02:00,7.95,14532.0,United Kingdom
545037,48116,DOORMAT MULTICOLOUR STRIPE,2,2011-02-27 10:02:00,7.95,14532.0,United Kingdom
545037,48173C,DOORMAT BLACK FLOCK ,2,2011-02-27 10:02:00,7.95,14532.0,United Kingdom
545037,48138,DOORMAT UNION FLAG,6,2011-02-27 10:02:00,7.95,14532.0,United Kingdom
545037,21955,DOORMAT UNION JACK GUNS AND ROSES,1,2011-02-27 10:02:00,7.95,14532.0,United Kingdom
545037,48194,DOORMAT HEARTS,4,2011-02-27 10:02:00,7.95,14532.0,United Kingdom
545037,20685,DOORMAT RED RETROSPOT,3,2011-02-27 10:02:00,7.95,14532.0,United Kingdom
545037,48184,DOORMAT ENGLISH ROSE ,2,2011-02-27 10:02:00,7.95,14532.0,United Kingdom
545037,48111,DOORMAT 3 SMILEY CATS,4,2011-02-27 10:02:00,7.95,14532.0,United Kingdom
545037,22366,DOORMAT AIRMAIL ,2,2011-02-27 10:02:00,7.95,14532.0,United Kingdom
545037,22365,DOORMAT RESPECTABLE HOUSE,1,2011-02-27 10:02:00,7.95,14532.0,United Kingdom
545037,48129,DOORMAT TOPIARY,2,2011-02-27 10:02:00,7.95,14532.0,United Kingdom
545037,48187,DOORMAT NEW ENGLAND,2,2011-02-27 10:02:00,7.95,14532.0,United Kingdom
545037,48188,DOORMAT WELCOME PUPPIES,3,2011-02-27 10:02:00,7.95,14532.0,United Kingdom
545037,48185,DOORMAT FAIRY CAKE,3,2011-02-27 10:02:00,7.95,14532.0,United Kingdom
545038,22183,CAKE STAND VICTORIAN FILIGREE MED,1,2011-02-27 10:13:00,3.0,13684.0,United Kingdom
545038,84987,SET OF 36 TEATIME PAPER DOILIES,1,2011-02-27 10:13:00,1.45,13684.0,United Kingdom
545038,21974,SET OF 36 PAISLEY FLOWER DOILIES,1,2011-02-27 10:13:00,1.45,13684.0,United Kingdom
545038,21210,SET OF 72 RETROSPOT PAPER  DOILIES,1,2011-02-27 10:13:00,1.45,13684.0,United Kingdom
545038,75049L,LARGE CIRCULAR MIRROR MOBILE,6,2011-02-27 10:13:00,1.25,13684.0,United Kingdom
545038,21124,SET/10 BLUE POLKADOT PARTY CANDLES,1,2011-02-27 10:13:00,1.25,13684.0,United Kingdom
545038,21126,SET OF 6 GIRLS CELEBRATION CANDLES,1,2011-02-27 10:13:00,1.25,13684.0,United Kingdom
545038,82599,FANNY'S REST STOPMETAL SIGN,1,2011-02-27 10:13:00,2.1,13684.0,United Kingdom
545038,82582,AREA PATROLLED METAL SIGN,1,2011-02-27 10:13:00,2.1,13684.0,United Kingdom
545038,82582,AREA PATROLLED METAL SIGN,1,2011-02-27 10:13:00,2.1,13684.0,United Kingdom
545038,22413,METAL SIGN TAKE IT OR LEAVE IT ,1,2011-02-27 10:13:00,2.95,13684.0,United Kingdom
545038,21169,YOU'RE CONFUSING ME METAL SIGN ,2,2011-02-27 10:13:00,1.69,13684.0,United Kingdom
545038,21903,MAN FLU METAL SIGN,1,2011-02-27 10:13:00,2.1,13684.0,United Kingdom
545038,21904,HOUSE WRECKING METAL SIGN ,1,2011-02-27 10:13:00,2.1,13684.0,United Kingdom
545038,21905,MORE BUTTER METAL SIGN ,1,2011-02-27 10:13:00,2.1,13684.0,United Kingdom
545038,21907,I'M ON HOLIDAY METAL SIGN,1,2011-02-27 10:13:00,2.1,13684.0,United Kingdom
545038,21125,SET 6 FOOTBALL CELEBRATION CANDLES,1,2011-02-27 10:13:00,1.25,13684.0,United Kingdom
545038,85039B,S/4 IVORY MINI ROSE CANDLE IN BOWL,1,2011-02-27 10:13:00,1.65,13684.0,United Kingdom
545038,22674,FRENCH TOILET SIGN BLUE METAL,1,2011-02-27 10:13:00,1.25,13684.0,United Kingdom
545038,22675,FRENCH KITCHEN SIGN BLUE METAL,1,2011-02-27 10:13:00,1.25,13684.0,United Kingdom
545038,22670,FRENCH WC SIGN BLUE METAL,1,2011-02-27 10:13:00,1.25,13684.0,United Kingdom
545038,22671,FRENCH LAUNDRY SIGN BLUE METAL,1,2011-02-27 10:13:00,1.65,13684.0,United Kingdom
545038,22672,FRENCH BATHROOM SIGN BLUE METAL,1,2011-02-27 10:13:00,1.65,13684.0,United Kingdom
545038,21122,SET/10 PINK POLKADOT PARTY CANDLES,1,2011-02-27 10:13:00,1.25,13684.0,United Kingdom
545038,21121,SET/10 RED POLKADOT PARTY CANDLES,1,2011-02-27 10:13:00,1.25,13684.0,United Kingdom
545038,85039A,SET/4 RED MINI ROSE CANDLE IN BOWL,1,2011-02-27 10:13:00,1.65,13684.0,United Kingdom
545038,72140E,BEST DAD CANDLE LETTERS,1,2011-02-27 10:13:00,0.85,13684.0,United Kingdom
545038,72800E,4 IVORY DINNER CANDLES SILVER FLOCK,2,2011-02-27 10:13:00,2.55,13684.0,United Kingdom
545038,72799F,IVORY PILLAR CANDLE GOLD FLOCK,2,2011-02-27 10:13:00,2.95,13684.0,United Kingdom
545038,22066,LOVE HEART TRINKET POT,2,2011-02-27 10:13:00,1.45,13684.0,United Kingdom
545039,48173C,DOORMAT BLACK FLOCK ,1,2011-02-27 10:22:00,7.95,17243.0,United Kingdom
545039,22365,DOORMAT RESPECTABLE HOUSE,1,2011-02-27 10:22:00,7.95,17243.0,United Kingdom
545039,21524,DOORMAT SPOTTY HOME SWEET HOME,1,2011-02-27 10:22:00,7.95,17243.0,United Kingdom
545039,22660,DOORMAT I LOVE LONDON,1,2011-02-27 10:22:00,7.95,17243.0,United Kingdom
545039,82494L,WOODEN FRAME ANTIQUE WHITE ,6,2011-02-27 10:22:00,2.95,17243.0,United Kingdom
545039,22988,SOLDIERS EGG CUP ,9,2011-02-27 10:22:00,1.25,17243.0,United Kingdom
545039,22167, OVAL WALL MIRROR DIAMANTE ,2,2011-02-27 10:22:00,9.95,17243.0,United Kingdom
545039,22166,WALL MIRROR RECTANGLE DIAMANTE PINK,2,2011-02-27 10:22:00,7.95,17243.0,United Kingdom
545039,22906,12 MESSAGE CARDS WITH ENVELOPES,60,2011-02-27 10:22:00,1.45,17243.0,United Kingdom
545039,84508B,STRIPES DESIGN TEDDY,2,2011-02-27 10:22:00,2.55,17243.0,United Kingdom
545039,47567B,TEA TIME KITCHEN APRON,1,2011-02-27 10:22:00,5.95,17243.0,United Kingdom
545039,47567B,TEA TIME KITCHEN APRON,1,2011-02-27 10:22:00,5.95,17243.0,United Kingdom
545039,47559B,TEA TIME OVEN GLOVE,4,2011-02-27 10:22:00,1.25,17243.0,United Kingdom
545039,47567B,TEA TIME KITCHEN APRON,1,2011-02-27 10:22:00,5.95,17243.0,United Kingdom
545039,72803A,ROSE SCENT CANDLE JEWELLED DRAWER,12,2011-02-27 10:22:00,4.25,17243.0,United Kingdom
545039,82494L,WOODEN FRAME ANTIQUE WHITE ,6,2011-02-27 10:22:00,2.95,17243.0,United Kingdom
545039,84380,SET OF 3 BUTTERFLY COOKIE CUTTERS,4,2011-02-27 10:22:00,1.25,17243.0,United Kingdom
545039,84378,SET OF 3 HEART COOKIE CUTTERS,4,2011-02-27 10:22:00,1.25,17243.0,United Kingdom
545039,22965,3 TRADITIONAl BISCUIT CUTTERS  SET,4,2011-02-27 10:22:00,2.1,17243.0,United Kingdom
545039,22561,WOODEN SCHOOL COLOURING SET,24,2011-02-27 10:22:00,1.65,17243.0,United Kingdom
545039,72802C,VANILLA SCENT CANDLE JEWELLED BOX,6,2011-02-27 10:22:00,4.25,17243.0,United Kingdom
545039,37449,CERAMIC CAKE STAND + HANGING CAKES,1,2011-02-27 10:22:00,9.95,17243.0,United Kingdom
C545040,22183,CAKE STAND VICTORIAN FILIGREE MED,-1,2011-02-27 10:25:00,3.0,13684.0,United Kingdom
545041,21754,HOME BUILDING BLOCK WORD,18,2011-02-27 10:30:00,5.45,14952.0,United Kingdom
545041,22485,SET OF 2 WOODEN MARKET CRATES,2,2011-02-27 10:30:00,12.75,14952.0,United Kingdom
545041,22469,HEART OF WICKER SMALL,48,2011-02-27 10:30:00,1.45,14952.0,United Kingdom
545041,22470,HEART OF WICKER LARGE,48,2011-02-27 10:30:00,2.55,14952.0,United Kingdom
545041,22487,WHITE WOOD GARDEN PLANT LADDER,1,2011-02-27 10:30:00,9.95,14952.0,United Kingdom
545041,82486,WOOD S/3 CABINET ANT WHITE FINISH,2,2011-02-27 10:30:00,8.95,14952.0,United Kingdom
545041,82483,WOOD 2 DRAWER CABINET WHITE FINISH,2,2011-02-27 10:30:00,6.95,14952.0,United Kingdom
545041,82494L,WOODEN FRAME ANTIQUE WHITE ,6,2011-02-27 10:30:00,2.95,14952.0,United Kingdom
545041,22798,ANTIQUE GLASS DRESSING TABLE POT,8,2011-02-27 10:30:00,2.95,14952.0,United Kingdom
545041,22801,ANTIQUE GLASS PEDESTAL BOWL,4,2011-02-27 10:30:00,3.75,14952.0,United Kingdom
545041,22800,ANTIQUE TALL SWIRLGLASS TRINKET POT,4,2011-02-27 10:30:00,3.75,14952.0,United Kingdom
545041,21212,PACK OF 72 RETROSPOT CAKE CASES,24,2011-02-27 10:30:00,0.55,14952.0,United Kingdom
545041,22667,RECIPE BOX RETROSPOT ,6,2011-02-27 10:30:00,2.95,14952.0,United Kingdom
545041,22759,SET OF 3 NOTEBOOKS IN PARCEL,12,2011-02-27 10:30:00,1.65,14952.0,United Kingdom
545041,22637,PIGGY BANK RETROSPOT ,12,2011-02-27 10:30:00,2.55,14952.0,United Kingdom
545041,22178,VICTORIAN GLASS HANGING T-LIGHT,12,2011-02-27 10:30:00,1.25,14952.0,United Kingdom
545042,48129,DOORMAT TOPIARY,20,2011-02-27 10:41:00,6.75,13261.0,United Kingdom
545042,48111,DOORMAT 3 SMILEY CATS,20,2011-02-27 10:41:00,6.75,13261.0,United Kingdom
545042,48188,DOORMAT WELCOME PUPPIES,20,2011-02-27 10:41:00,6.75,13261.0,United Kingdom
545042,48194,DOORMAT HEARTS,10,2011-02-27 10:41:00,6.75,13261.0,United Kingdom
545042,22084,PAPER CHAIN KIT EMPIRE,40,2011-02-27 10:41:00,2.55,13261.0,United Kingdom
545042,21621,VINTAGE UNION JACK BUNTING,12,2011-02-27 10:41:00,8.5,13261.0,United Kingdom
545042,47566,PARTY BUNTING,20,2011-02-27 10:41:00,4.95,13261.0,United Kingdom
545042,22969,HOMEMADE JAM SCENTED CANDLES,48,2011-02-27 10:41:00,1.45,13261.0,United Kingdom
545043,22794,SWEETHEART WIRE MAGAZINE RACK,2,2011-02-27 11:05:00,7.95,16407.0,United Kingdom
545043,22077,6 RIBBONS RUSTIC CHARM,4,2011-02-27 11:05:00,1.65,16407.0,United Kingdom
545043,22469,HEART OF WICKER SMALL,5,2011-02-27 11:05:00,1.65,16407.0,United Kingdom
545043,22695,WICKER WREATH SMALL,2,2011-02-27 11:05:00,1.45,16407.0,United Kingdom
545043,82494L,WOODEN FRAME ANTIQUE WHITE ,6,2011-02-27 11:05:00,2.95,16407.0,United Kingdom
545043,22766,PHOTO FRAME CORNICE,4,2011-02-27 11:05:00,2.95,16407.0,United Kingdom
545043,82482,WOODEN PICTURE FRAME WHITE FINISH,6,2011-02-27 11:05:00,2.55,16407.0,United Kingdom
545043,82486,WOOD S/3 CABINET ANT WHITE FINISH,1,2011-02-27 11:05:00,8.95,16407.0,United Kingdom
545043,82483,WOOD 2 DRAWER CABINET WHITE FINISH,2,2011-02-27 11:05:00,6.95,16407.0,United Kingdom
545043,35961,FOLKART ZINC HEART CHRISTMAS DEC,12,2011-02-27 11:05:00,0.85,16407.0,United Kingdom
545043,84836,ZINC METAL HEART DECORATION,12,2011-02-27 11:05:00,1.25,16407.0,United Kingdom
545043,22296,HEART IVORY TRELLIS LARGE,12,2011-02-27 11:05:00,1.65,16407.0,United Kingdom
545043,21361,LOVE LARGE WOOD LETTERS ,1,2011-02-27 11:05:00,12.75,16407.0,United Kingdom
545043,21363,HOME SMALL WOOD LETTERS,1,2011-02-27 11:05:00,4.95,16407.0,United Kingdom
545043,22804,CANDLEHOLDER PINK HANGING HEART,2,2011-02-27 11:05:00,2.95,16407.0,United Kingdom
545043,85123A,WHITE HANGING HEART T-LIGHT HOLDER,2,2011-02-27 11:05:00,2.95,16407.0,United Kingdom
545043,85008,SET OF 3 CONEY ISLAND OVAL BOXES,1,2011-02-27 11:05:00,4.95,16407.0,United Kingdom
545043,22967,SET 3 SONG BIRD PAPER EGGS ASSORTED,1,2011-02-27 11:05:00,2.95,16407.0,United Kingdom
545043,47566B,TEA TIME PARTY BUNTING,1,2011-02-27 11:05:00,4.95,16407.0,United Kingdom
545043,47566B,TEA TIME PARTY BUNTING,1,2011-02-27 11:05:00,4.95,16407.0,United Kingdom
545043,21621,VINTAGE UNION JACK BUNTING,1,2011-02-27 11:05:00,8.5,16407.0,United Kingdom
545044,21238,RED RETROSPOT CUP,8,2011-02-27 11:31:00,0.85,15738.0,United Kingdom
545044,21206,STRAWBERRY HONEYCOMB  GARLAND ,12,2011-02-27 11:31:00,1.65,15738.0,United Kingdom
545044,47590A,BLUE HAPPY BIRTHDAY BUNTING,9,2011-02-27 11:31:00,5.45,15738.0,United Kingdom
545044,21212,PACK OF 72 RETROSPOT CAKE CASES,24,2011-02-27 11:31:00,0.55,15738.0,United Kingdom
545044,21244,BLUE POLKADOT PLATE ,8,2011-02-27 11:31:00,1.69,15738.0,United Kingdom
545044,21086,SET/6 RED SPOTTY PAPER CUPS,12,2011-02-27 11:31:00,0.65,15738.0,United Kingdom
545044,20674,GREEN POLKADOT BOWL,8,2011-02-27 11:31:00,1.25,15738.0,United Kingdom
545044,20975,12 PENCILS SMALL TUBE RED RETROSPOT,48,2011-02-27 11:31:00,0.65,15738.0,United Kingdom
545044,22083,PAPER CHAIN KIT RETROSPOT,18,2011-02-27 11:31:00,2.95,15738.0,United Kingdom
545044,47599A,PINK PARTY BAGS,24,2011-02-27 11:31:00,2.1,15738.0,United Kingdom
545044,20675,BLUE POLKADOT BOWL,8,2011-02-27 11:31:00,1.25,15738.0,United Kingdom
545044,20677,PINK POLKADOT BOWL,8,2011-02-27 11:31:00,1.25,15738.0,United Kingdom
545044,20676,RED RETROSPOT BOWL,8,2011-02-27 11:31:00,1.25,15738.0,United Kingdom
545044,47590B,PINK HAPPY BIRTHDAY BUNTING,9,2011-02-27 11:31:00,5.45,15738.0,United Kingdom
545045,22193,RED DINER WALL CLOCK,1,2011-02-27 11:40:00,8.5,15708.0,United Kingdom
545045,22192,BLUE DINER WALL CLOCK,1,2011-02-27 11:40:00,8.5,15708.0,United Kingdom
545045,22191,IVORY DINER WALL CLOCK,1,2011-02-27 11:40:00,8.5,15708.0,United Kingdom
545045,84673B,BLUE FLY SWAT,1,2011-02-27 11:40:00,0.65,15708.0,United Kingdom
545045,22292,HANGING CHICK  YELLOW DECORATION,1,2011-02-27 11:40:00,1.45,15708.0,United Kingdom
545045,82483,WOOD 2 DRAWER CABINET WHITE FINISH,2,2011-02-27 11:40:00,6.95,15708.0,United Kingdom
545045,82482,WOODEN PICTURE FRAME WHITE FINISH,6,2011-02-27 11:40:00,2.55,15708.0,United Kingdom
545045,82483,WOOD 2 DRAWER CABINET WHITE FINISH,2,2011-02-27 11:40:00,6.95,15708.0,United Kingdom
545045,22170,PICTURE FRAME WOOD TRIPLE PORTRAIT,2,2011-02-27 11:40:00,6.75,15708.0,United Kingdom
545045,82486,WOOD S/3 CABINET ANT WHITE FINISH,2,2011-02-27 11:40:00,8.95,15708.0,United Kingdom
545045,82486,WOOD S/3 CABINET ANT WHITE FINISH,2,2011-02-27 11:40:00,8.95,15708.0,United Kingdom
545045,21916,SET 12 RETRO WHITE CHALK STICKS,1,2011-02-27 11:40:00,0.42,15708.0,United Kingdom
545045,22804,CANDLEHOLDER PINK HANGING HEART,2,2011-02-27 11:40:00,2.95,15708.0,United Kingdom
545045,82484,WOOD BLACK BOARD ANT WHITE FINISH,2,2011-02-27 11:40:00,7.95,15708.0,United Kingdom
545045,85123A,WHITE HANGING HEART T-LIGHT HOLDER,6,2011-02-27 11:40:00,2.95,15708.0,United Kingdom
545045,21754,HOME BUILDING BLOCK WORD,3,2011-02-27 11:40:00,5.95,15708.0,United Kingdom
545045,22296,HEART IVORY TRELLIS LARGE,12,2011-02-27 11:40:00,1.65,15708.0,United Kingdom
545045,22119,PEACE WOODEN BLOCK LETTERS,3,2011-02-27 11:40:00,6.95,15708.0,United Kingdom
545045,21755,LOVE BUILDING BLOCK WORD,4,2011-02-27 11:40:00,5.95,15708.0,United Kingdom
545045,21733,RED HANGING HEART T-LIGHT HOLDER,6,2011-02-27 11:40:00,2.95,15708.0,United Kingdom
545045,82494L,WOODEN FRAME ANTIQUE WHITE ,6,2011-02-27 11:40:00,2.95,15708.0,United Kingdom
545045,21755,LOVE BUILDING BLOCK WORD,2,2011-02-27 11:40:00,5.95,15708.0,United Kingdom
545045,85175,CACTI T-LIGHT CANDLES,32,2011-02-27 11:40:00,0.42,15708.0,United Kingdom
545045,72741,GRAND CHOCOLATECANDLE,18,2011-02-27 11:40:00,1.45,15708.0,United Kingdom
545045,71038,WHITE HANGING BEADS CANDLE HOLDER,4,2011-02-27 11:40:00,5.45,15708.0,United Kingdom
545045,22456,NATURAL SLATE CHALKBOARD LARGE ,3,2011-02-27 11:40:00,4.95,15708.0,United Kingdom
545045,85174,S/4 CACTI CANDLES,2,2011-02-27 11:40:00,4.95,15708.0,United Kingdom
545045,85062,PEARL CRYSTAL PUMPKIN T-LIGHT HLDR,6,2011-02-27 11:40:00,1.65,15708.0,United Kingdom
545045,22624,IVORY KITCHEN SCALES,1,2011-02-27 11:40:00,8.5,15708.0,United Kingdom
545045,22626,BLACK KITCHEN SCALES,1,2011-02-27 11:40:00,8.5,15708.0,United Kingdom
545045,22624,IVORY KITCHEN SCALES,1,2011-02-27 11:40:00,8.5,15708.0,United Kingdom
545045,22625,RED KITCHEN SCALES,1,2011-02-27 11:40:00,8.5,15708.0,United Kingdom
545045,84880,WHITE WIRE EGG HOLDER,1,2011-02-27 11:40:00,7.5,15708.0,United Kingdom
545045,84884A,ANT WHITE WIRE HEART SPIRAL,2,2011-02-27 11:40:00,3.95,15708.0,United Kingdom
545045,22721,SET OF 3 CAKE TINS SKETCHBOOK,2,2011-02-27 11:40:00,4.95,15708.0,United Kingdom
545045,84880,WHITE WIRE EGG HOLDER,1,2011-02-27 11:40:00,7.5,15708.0,United Kingdom
545045,22488,NATURAL SLATE RECTANGLE CHALKBOARD,4,2011-02-27 11:40:00,1.65,15708.0,United Kingdom
545045,22470,HEART OF WICKER LARGE,5,2011-02-27 11:40:00,2.95,15708.0,United Kingdom
545045,22694,WICKER STAR ,6,2011-02-27 11:40:00,2.1,15708.0,United Kingdom
545045,22457,NATURAL SLATE HEART CHALKBOARD ,3,2011-02-27 11:40:00,2.95,15708.0,United Kingdom
545045,22469,HEART OF WICKER SMALL,12,2011-02-27 11:40:00,1.65,15708.0,United Kingdom
545045,21371,MIRRORED WALL ART POPPIES,4,2011-02-27 11:40:00,2.55,15708.0,United Kingdom
545045,22726,ALARM CLOCK BAKELIKE GREEN,1,2011-02-27 11:40:00,3.75,15708.0,United Kingdom
545045,22727,ALARM CLOCK BAKELIKE RED ,1,2011-02-27 11:40:00,3.75,15708.0,United Kingdom
545045,22725,ALARM CLOCK BAKELIKE CHOCOLATE,1,2011-02-27 11:40:00,3.75,15708.0,United Kingdom
545045,22729,ALARM CLOCK BAKELIKE ORANGE,1,2011-02-27 11:40:00,3.75,15708.0,United Kingdom
545045,22728,ALARM CLOCK BAKELIKE PINK,1,2011-02-27 11:40:00,3.75,15708.0,United Kingdom
545045,22730,ALARM CLOCK BAKELIKE IVORY,1,2011-02-27 11:40:00,3.75,15708.0,United Kingdom
545045,22096,PINK PAISLEY SQUARE TISSUE BOX ,1,2011-02-27 11:40:00,1.25,15708.0,United Kingdom
545045,22285,HANGING HEN ON NEST DECORATION,12,2011-02-27 11:40:00,1.65,15708.0,United Kingdom
545045,22284,HEN HOUSE DECORATION,12,2011-02-27 11:40:00,1.65,15708.0,United Kingdom
545045,72122,COFFEE SCENT PILLAR CANDLE,3,2011-02-27 11:40:00,0.95,15708.0,United Kingdom
545045,21455,PAINTED YELLOW WOODEN DAISY,1,2011-02-27 11:40:00,0.85,15708.0,United Kingdom
545045,22292,HANGING CHICK  YELLOW DECORATION,4,2011-02-27 11:40:00,1.45,15708.0,United Kingdom
545045,21455,PAINTED YELLOW WOODEN DAISY,5,2011-02-27 11:40:00,0.85,15708.0,United Kingdom
545045,22967,SET 3 SONG BIRD PAPER EGGS ASSORTED,1,2011-02-27 11:40:00,2.95,15708.0,United Kingdom
545045,22292,HANGING CHICK  YELLOW DECORATION,1,2011-02-27 11:40:00,1.45,15708.0,United Kingdom
545045,72122,COFFEE SCENT PILLAR CANDLE,1,2011-02-27 11:40:00,0.95,15708.0,United Kingdom
545045,21916,SET 12 RETRO WHITE CHALK STICKS,2,2011-02-27 11:40:00,0.42,15708.0,United Kingdom
545045,22957,SET 3 PAPER VINTAGE CHICK PAPER EGG,1,2011-02-27 11:40:00,2.95,15708.0,United Kingdom
545045,22250,DECORATION  BUTTERFLY  MAGIC GARDEN,5,2011-02-27 11:40:00,0.85,15708.0,United Kingdom
545045,22249,DECORATION WHITE CHICK MAGIC GARDEN,1,2011-02-27 11:40:00,0.85,15708.0,United Kingdom
545045,22241,GARLAND WOODEN HAPPY EASTER,3,2011-02-27 11:40:00,1.25,15708.0,United Kingdom
545045,21916,SET 12 RETRO WHITE CHALK STICKS,5,2011-02-27 11:40:00,0.42,15708.0,United Kingdom
545045,22246,MAGIC GARDEN FELT GARLAND ,4,2011-02-27 11:40:00,1.95,15708.0,United Kingdom
545045,84459B,YELLOW METAL CHICKEN HEART ,5,2011-02-27 11:40:00,1.49,15708.0,United Kingdom
545045,22249,DECORATION WHITE CHICK MAGIC GARDEN,5,2011-02-27 11:40:00,0.85,15708.0,United Kingdom
545045,22957,SET 3 PAPER VINTAGE CHICK PAPER EGG,1,2011-02-27 11:40:00,2.95,15708.0,United Kingdom
545046,22021,BLUE FELT EASTER EGG BASKET,6,2011-02-27 11:42:00,1.65,16598.0,United Kingdom
545046,85206A,CREAM FELT EASTER EGG BASKET,6,2011-02-27 11:42:00,1.65,16598.0,United Kingdom
545046,21459,YELLOW EASTER EGG HUNT START POST,6,2011-02-27 11:42:00,1.95,16598.0,United Kingdom
545046,22111,SCOTTIE DOG HOT WATER BOTTLE,3,2011-02-27 11:42:00,4.95,16598.0,United Kingdom
545046,22835,HOT WATER BOTTLE I AM SO POORLY,4,2011-02-27 11:42:00,4.65,16598.0,United Kingdom
545046,22112,CHOCOLATE HOT WATER BOTTLE,3,2011-02-27 11:42:00,4.95,16598.0,United Kingdom
545046,22650,CERAMIC PIRATE CHEST MONEY BANK,12,2011-02-27 11:42:00,1.45,16598.0,United Kingdom
545046,22644,CERAMIC CHERRY CAKE MONEY BANK,12,2011-02-27 11:42:00,1.45,16598.0,United Kingdom
545046,22646,CERAMIC STRAWBERRY CAKE MONEY BANK,12,2011-02-27 11:42:00,1.45,16598.0,United Kingdom
545046,72741,GRAND CHOCOLATECANDLE,9,2011-02-27 11:42:00,1.45,16598.0,United Kingdom
545047,21621,VINTAGE UNION JACK BUNTING,16,2011-02-27 11:42:00,8.5,14147.0,United Kingdom
545047,21626,VINTAGE UNION JACK PENNANT,24,2011-02-27 11:42:00,1.95,14147.0,United Kingdom
545048,22557,PLASTERS IN TIN VINTAGE PAISLEY ,3,2011-02-27 11:48:00,1.65,14810.0,United Kingdom
545048,22554,PLASTERS IN TIN WOODLAND ANIMALS,2,2011-02-27 11:48:00,1.65,14810.0,United Kingdom
545048,22551,PLASTERS IN TIN SPACEBOY,5,2011-02-27 11:48:00,1.65,14810.0,United Kingdom
545048,22804,CANDLEHOLDER PINK HANGING HEART,2,2011-02-27 11:48:00,2.95,14810.0,United Kingdom
545048,85123A,WHITE HANGING HEART T-LIGHT HOLDER,2,2011-02-27 11:48:00,2.95,14810.0,United Kingdom
545048,82494L,WOODEN FRAME ANTIQUE WHITE ,3,2011-02-27 11:48:00,2.95,14810.0,United Kingdom
545048,82482,WOODEN PICTURE FRAME WHITE FINISH,2,2011-02-27 11:48:00,2.55,14810.0,United Kingdom
545048,22630,DOLLY GIRL LUNCH BOX,5,2011-02-27 11:48:00,1.95,14810.0,United Kingdom
545048,22629,SPACEBOY LUNCH BOX ,5,2011-02-27 11:48:00,1.95,14810.0,United Kingdom
545048,22989,SET 2 PANTRY DESIGN TEA TOWELS,2,2011-02-27 11:48:00,3.25,14810.0,United Kingdom
545048,22720,SET OF 3 CAKE TINS PANTRY DESIGN ,2,2011-02-27 11:48:00,4.95,14810.0,United Kingdom
545048,22666,RECIPE BOX PANTRY YELLOW DESIGN,2,2011-02-27 11:48:00,2.95,14810.0,United Kingdom
545048,85184C,S/4 VALENTINE DECOUPAGE HEART BOX,2,2011-02-27 11:48:00,2.95,14810.0,United Kingdom
545048,21078,SET/20 STRAWBERRY PAPER NAPKINS ,2,2011-02-27 11:48:00,0.85,14810.0,United Kingdom
545048,21080,SET/20 RED RETROSPOT PAPER NAPKINS ,4,2011-02-27 11:48:00,0.85,14810.0,United Kingdom
545048,22727,ALARM CLOCK BAKELIKE RED ,1,2011-02-27 11:48:00,3.75,14810.0,United Kingdom
545048,22726,ALARM CLOCK BAKELIKE GREEN,1,2011-02-27 11:48:00,3.75,14810.0,United Kingdom
545048,20716,PARTY FOOD SHOPPER BAG,4,2011-02-27 11:48:00,1.25,14810.0,United Kingdom
545048,21929,JUMBO BAG PINK VINTAGE PAISLEY,8,2011-02-27 11:48:00,1.95,14810.0,United Kingdom
545048,22385,JUMBO BAG SPACEBOY DESIGN,8,2011-02-27 11:48:00,1.95,14810.0,United Kingdom
545048,22663,JUMBO BAG DOLLY GIRL DESIGN,10,2011-02-27 11:48:00,1.95,14810.0,United Kingdom
545048,22173,METAL 4 HOOK HANGER FRENCH CHATEAU,2,2011-02-27 11:48:00,2.95,14810.0,United Kingdom
545048,22662,LUNCH BAG DOLLY GIRL DESIGN,3,2011-02-27 11:48:00,1.65,14810.0,United Kingdom
545048,22382,LUNCH BAG SPACEBOY DESIGN ,7,2011-02-27 11:48:00,1.65,14810.0,United Kingdom
545049,22917,HERB MARKER ROSEMARY,12,2011-02-27 11:53:00,0.65,15046.0,United Kingdom
545049,22916,HERB MARKER THYME,12,2011-02-27 11:53:00,0.65,15046.0,United Kingdom
545049,22920,HERB MARKER BASIL,12,2011-02-27 11:53:00,0.65,15046.0,United Kingdom
545049,22919,HERB MARKER MINT,12,2011-02-27 11:53:00,0.65,15046.0,United Kingdom
545049,84971S,SMALL HEART FLOWERS HOOK ,13,2011-02-27 11:53:00,0.85,15046.0,United Kingdom
545049,84879,ASSORTED COLOUR BIRD ORNAMENT,40,2011-02-27 11:53:00,1.69,15046.0,United Kingdom
545050,22381,TOY TIDY PINK POLKADOT,5,2011-02-27 11:57:00,2.1,15951.0,United Kingdom
545050,84755,COLOUR GLASS T-LIGHT HOLDER HANGING,16,2011-02-27 11:57:00,0.65,15951.0,United Kingdom
545050,22760,"TRAY, BREAKFAST IN BED",1,2011-02-27 11:57:00,12.75,15951.0,United Kingdom
545050,47566,PARTY BUNTING,5,2011-02-27 11:57:00,4.95,15951.0,United Kingdom
545050,22441,GROW YOUR OWN BASIL IN ENAMEL MUG,8,2011-02-27 11:57:00,2.1,15951.0,United Kingdom
545050,22459,CAST IRON HOOK GARDEN TROWEL,8,2011-02-27 11:57:00,2.55,15951.0,United Kingdom
545050,22567,20 DOLLY PEGS RETROSPOT,12,2011-02-27 11:57:00,1.25,15951.0,United Kingdom
545050,22829,SWEETHEART WIRE WALL TIDY,2,2011-02-27 11:57:00,9.95,15951.0,United Kingdom
545050,84836,ZINC METAL HEART DECORATION,12,2011-02-27 11:57:00,1.25,15951.0,United Kingdom
545050,22469,HEART OF WICKER SMALL,12,2011-02-27 11:57:00,1.65,15951.0,United Kingdom
545050,22488,NATURAL SLATE RECTANGLE CHALKBOARD,12,2011-02-27 11:57:00,1.65,15951.0,United Kingdom
545050,22457,NATURAL SLATE HEART CHALKBOARD ,6,2011-02-27 11:57:00,2.95,15951.0,United Kingdom
545050,21136,PAINTED METAL PEARS ASSORTED,8,2011-02-27 11:57:00,1.69,15951.0,United Kingdom
545050,22467,GUMBALL COAT RACK,6,2011-02-27 11:57:00,2.55,15951.0,United Kingdom
545050,22669,RED BABY BUNTING ,5,2011-02-27 11:57:00,2.95,15951.0,United Kingdom
545050,22286,"DECORATION , WOBBLY RABBIT , METAL ",12,2011-02-27 11:57:00,1.65,15951.0,United Kingdom
545050,22281,EASTER TREE YELLOW BIRDS,2,2011-02-27 11:57:00,5.95,15951.0,United Kingdom
545050,22470,HEART OF WICKER LARGE,6,2011-02-27 11:57:00,2.95,15951.0,United Kingdom
545050,22244,3 HOOK HANGER MAGIC GARDEN,12,2011-02-27 11:57:00,1.95,15951.0,United Kingdom
545050,22241,GARLAND WOODEN HAPPY EASTER,12,2011-02-27 11:57:00,1.25,15951.0,United Kingdom
545050,22832,BROCANTE SHELF WITH HOOKS,2,2011-02-27 11:57:00,10.75,15951.0,United Kingdom
545050,22411,JUMBO SHOPPER VINTAGE RED PAISLEY,10,2011-02-27 11:57:00,1.95,15951.0,United Kingdom
545051,21122,SET/10 PINK POLKADOT PARTY CANDLES,24,2011-02-27 11:58:00,1.25,12599.0,France
545051,21124,SET/10 BLUE POLKADOT PARTY CANDLES,24,2011-02-27 11:58:00,1.25,12599.0,France
545051,20676,RED RETROSPOT BOWL,16,2011-02-27 11:58:00,1.25,12599.0,France
545051,22964,3 PIECE SPACEBOY COOKIE CUTTER SET,6,2011-02-27 11:58:00,2.1,12599.0,France
545051,POST,POSTAGE,1,2011-02-27 11:58:00,18.0,12599.0,France
545052,20728,LUNCH BAG CARS BLUE,10,2011-02-27 12:27:00,1.65,13971.0,United Kingdom
545052,22384,LUNCH BAG PINK POLKADOT,10,2011-02-27 12:27:00,1.65,13971.0,United Kingdom
545052,84077,WORLD WAR 2 GLIDERS ASSTD DESIGNS,48,2011-02-27 12:27:00,0.29,13971.0,United Kingdom
545052,21174,POTTERING IN THE SHED METAL SIGN,12,2011-02-27 12:27:00,2.08,13971.0,United Kingdom
545052,82582,AREA PATROLLED METAL SIGN,12,2011-02-27 12:27:00,2.1,13971.0,United Kingdom
545052,22670,FRENCH WC SIGN BLUE METAL,12,2011-02-27 12:27:00,1.25,13971.0,United Kingdom
545052,22457,NATURAL SLATE HEART CHALKBOARD ,6,2011-02-27 12:27:00,2.95,13971.0,United Kingdom
545052,22435,SET OF 9 HEART SHAPED BALLOONS,12,2011-02-27 12:27:00,1.25,13971.0,United Kingdom
545052,22672,FRENCH BATHROOM SIGN BLUE METAL,12,2011-02-27 12:27:00,1.65,13971.0,United Kingdom
545052,22413,METAL SIGN TAKE IT OR LEAVE IT ,6,2011-02-27 12:27:00,2.95,13971.0,United Kingdom
545052,22485,SET OF 2 WOODEN MARKET CRATES,2,2011-02-27 12:27:00,12.75,13971.0,United Kingdom
545052,22961,JAM MAKING SET PRINTED,12,2011-02-27 12:27:00,1.45,13971.0,United Kingdom
545052,20969,RED FLORAL FELTCRAFT SHOULDER BAG,4,2011-02-27 12:27:00,3.75,13971.0,United Kingdom
545052,22150,3 STRIPEY MICE FELTCRAFT,6,2011-02-27 12:27:00,1.95,13971.0,United Kingdom
545052,22740,POLKADOT PEN,48,2011-02-27 12:27:00,0.85,13971.0,United Kingdom
545052,22741,FUNKY DIVA PEN,48,2011-02-27 12:27:00,0.85,13971.0,United Kingdom
545053,22507,MEMO BOARD RETROSPOT  DESIGN,1,2011-02-27 12:41:00,4.95,17516.0,United Kingdom
545053,22188,BLACK HEART CARD HOLDER,2,2011-02-27 12:41:00,3.95,17516.0,United Kingdom
545053,22189,CREAM HEART CARD HOLDER,3,2011-02-27 12:41:00,3.95,17516.0,United Kingdom
545053,22423,REGENCY CAKESTAND 3 TIER,1,2011-02-27 12:41:00,12.75,17516.0,United Kingdom
545053,22646,CERAMIC STRAWBERRY CAKE MONEY BANK,8,2011-02-27 12:41:00,1.45,17516.0,United Kingdom
545053,22645,CERAMIC HEART FAIRY CAKE MONEY BANK,4,2011-02-27 12:41:00,1.45,17516.0,United Kingdom
545053,20914,SET/5 RED RETROSPOT LID GLASS BOWLS,2,2011-02-27 12:41:00,2.95,17516.0,United Kingdom
545053,22650,CERAMIC PIRATE CHEST MONEY BANK,1,2011-02-27 12:41:00,1.45,17516.0,United Kingdom
545053,22408,MONEY BOX CONFECTIONERY DESIGN,1,2011-02-27 12:41:00,1.25,17516.0,United Kingdom
545053,21452,TOADSTOOL MONEY BOX,3,2011-02-27 12:41:00,2.95,17516.0,United Kingdom
545053,85099B,JUMBO BAG RED RETROSPOT,6,2011-02-27 12:41:00,1.95,17516.0,United Kingdom
545053,22057,CERAMIC PLATE STRAWBERRY DESIGN,1,2011-02-27 12:41:00,1.49,17516.0,United Kingdom
545053,37450,CERAMIC CAKE BOWL + HANGING CAKES,1,2011-02-27 12:41:00,2.95,17516.0,United Kingdom
545053,22063,CERAMIC BOWL WITH STRAWBERRY DESIGN,1,2011-02-27 12:41:00,2.95,17516.0,United Kingdom
545053,22055,MINI CAKE STAND  HANGING STRAWBERY,1,2011-02-27 12:41:00,1.65,17516.0,United Kingdom
545053,22904,CALENDAR PAPER CUT DESIGN,4,2011-02-27 12:41:00,2.95,17516.0,United Kingdom
545053,21164,HOME SWEET HOME METAL SIGN ,3,2011-02-27 12:41:00,2.95,17516.0,United Kingdom
545053,22621,TRADITIONAL KNITTING NANCY,7,2011-02-27 12:41:00,1.45,17516.0,United Kingdom
545053,85016,SET OF 6 VINTAGE NOTELETS KIT,2,2011-02-27 12:41:00,2.55,17516.0,United Kingdom
545053,21791,VINTAGE HEADS AND TAILS CARD GAME ,1,2011-02-27 12:41:00,1.25,17516.0,United Kingdom
545053,22029,SPACEBOY BIRTHDAY CARD,12,2011-02-27 12:41:00,0.42,17516.0,United Kingdom
545053,22035,VINTAGE CARAVAN GREETING CARD ,12,2011-02-27 12:41:00,0.42,17516.0,United Kingdom
545053,22027,TEA PARTY BIRTHDAY CARD,12,2011-02-27 12:41:00,0.42,17516.0,United Kingdom
545053,22714,CARD BIRTHDAY COWBOY,12,2011-02-27 12:41:00,0.42,17516.0,United Kingdom
545053,22548,HEADS AND TAILS SPORTING FUN,1,2011-02-27 12:41:00,1.25,17516.0,United Kingdom
545053,21918,SET 12 KIDS COLOUR  CHALK STICKS,2,2011-02-27 12:41:00,0.42,17516.0,United Kingdom
545053,22248,DECORATION  PINK CHICK MAGIC GARDEN,1,2011-02-27 12:41:00,0.85,17516.0,United Kingdom
545053,22318,FIVE HEART HANGING DECORATION,3,2011-02-27 12:41:00,2.95,17516.0,United Kingdom
545053,22750,FELTCRAFT PRINCESS LOLA DOLL,1,2011-02-27 12:41:00,3.75,17516.0,United Kingdom
545053,22751,FELTCRAFT PRINCESS OLIVIA DOLL,1,2011-02-27 12:41:00,3.75,17516.0,United Kingdom
545053,22273,FELTCRAFT DOLL MOLLY,1,2011-02-27 12:41:00,2.95,17516.0,United Kingdom
545053,22272,FELTCRAFT DOLL MARIA,1,2011-02-27 12:41:00,2.95,17516.0,United Kingdom
545053,22148,EASTER CRAFT 4 CHICKS ,6,2011-02-27 12:41:00,1.95,17516.0,United Kingdom
545053,21790,VINTAGE SNAP CARDS,4,2011-02-27 12:41:00,0.85,17516.0,United Kingdom
545053,22470,HEART OF WICKER LARGE,5,2011-02-27 12:41:00,2.95,17516.0,United Kingdom
545053,22469,HEART OF WICKER SMALL,3,2011-02-27 12:41:00,1.65,17516.0,United Kingdom
545053,20727,LUNCH BAG  BLACK SKULL.,2,2011-02-27 12:41:00,1.65,17516.0,United Kingdom
545053,20725,LUNCH BAG RED RETROSPOT,2,2011-02-27 12:41:00,1.65,17516.0,United Kingdom
545053,82494L,WOODEN FRAME ANTIQUE WHITE ,2,2011-02-27 12:41:00,2.95,17516.0,United Kingdom
545053,82482,WOODEN PICTURE FRAME WHITE FINISH,2,2011-02-27 12:41:00,2.55,17516.0,United Kingdom
545053,22668,PINK BABY BUNTING,5,2011-02-27 12:41:00,2.95,17516.0,United Kingdom
545053,22244,3 HOOK HANGER MAGIC GARDEN,1,2011-02-27 12:41:00,1.95,17516.0,United Kingdom
545053,85025B,EAU DE NILE HEART SHAPE PHOTO FRAME,6,2011-02-27 12:41:00,1.65,17516.0,United Kingdom
545053,21900,"KEY FOB , SHED",8,2011-02-27 12:41:00,0.65,17516.0,United Kingdom
545053,22244,3 HOOK HANGER MAGIC GARDEN,1,2011-02-27 12:41:00,1.95,17516.0,United Kingdom
545053,20979,36 PENCILS TUBE RED RETROSPOT,1,2011-02-27 12:41:00,1.25,17516.0,United Kingdom
545053,22244,3 HOOK HANGER MAGIC GARDEN,2,2011-02-27 12:41:00,1.95,17516.0,United Kingdom
545053,20979,36 PENCILS TUBE RED RETROSPOT,1,2011-02-27 12:41:00,1.25,17516.0,United Kingdom
545053,20978,36 PENCILS TUBE SKULLS,2,2011-02-27 12:41:00,1.25,17516.0,United Kingdom
545053,85099C,JUMBO  BAG BAROQUE BLACK WHITE,3,2011-02-27 12:41:00,1.95,17516.0,United Kingdom
545053,21929,JUMBO BAG PINK VINTAGE PAISLEY,3,2011-02-27 12:41:00,1.95,17516.0,United Kingdom
545053,21070,VINTAGE BILLBOARD MUG ,2,2011-02-27 12:41:00,1.25,17516.0,United Kingdom
545053,84992,72 SWEETHEART FAIRY CAKE CASES,1,2011-02-27 12:41:00,0.55,17516.0,United Kingdom
545053,22951,60 CAKE CASES DOLLY GIRL DESIGN,1,2011-02-27 12:41:00,0.55,17516.0,United Kingdom
545053,21975,PACK OF 60 DINOSAUR CAKE CASES,1,2011-02-27 12:41:00,0.55,17516.0,United Kingdom
545053,22417,PACK OF 60 SPACEBOY CAKE CASES,1,2011-02-27 12:41:00,0.55,17516.0,United Kingdom
545053,22288,HANGING METAL RABBIT DECORATION,1,2011-02-27 12:41:00,1.25,17516.0,United Kingdom
545053,22289,HANGING METAL CHICKEN DECORATION,1,2011-02-27 12:41:00,1.25,17516.0,United Kingdom
545053,22251,BIRDHOUSE DECORATION MAGIC GARDEN,2,2011-02-27 12:41:00,1.25,17516.0,United Kingdom
545053,22250,DECORATION  BUTTERFLY  MAGIC GARDEN,1,2011-02-27 12:41:00,0.85,17516.0,United Kingdom
545053,22248,DECORATION  PINK CHICK MAGIC GARDEN,3,2011-02-27 12:41:00,0.85,17516.0,United Kingdom
545053,22249,DECORATION WHITE CHICK MAGIC GARDEN,1,2011-02-27 12:41:00,0.85,17516.0,United Kingdom
545053,16012,FOOD/DRINK SPONGE STICKERS,24,2011-02-27 12:41:00,0.21,17516.0,United Kingdom
545053,22783,SET 3 WICKER OVAL BASKETS W LIDS,1,2011-02-27 12:41:00,19.95,17516.0,United Kingdom
545054,47481,50CM METAL STRING WITH  7 CLIPS,1,2011-02-27 12:41:00,0.85,14472.0,United Kingdom
545054,21385,IVORY HANGING DECORATION  HEART,2,2011-02-27 12:41:00,0.85,14472.0,United Kingdom
545054,21811,HANGING HEART WITH BELL,1,2011-02-27 12:41:00,1.25,14472.0,United Kingdom
545054,21385,IVORY HANGING DECORATION  HEART,1,2011-02-27 12:41:00,0.85,14472.0,United Kingdom
545054,22295,HEART FILIGREE DOVE LARGE,1,2011-02-27 12:41:00,1.65,14472.0,United Kingdom
545054,21811,HANGING HEART WITH BELL,1,2011-02-27 12:41:00,1.25,14472.0,United Kingdom
545054,21818,GLITTER HEART DECORATION,3,2011-02-27 12:41:00,0.85,14472.0,United Kingdom
545054,21823,PAINTED METAL HEART WITH HOLLY BELL,1,2011-02-27 12:41:00,1.45,14472.0,United Kingdom
545054,35961,FOLKART ZINC HEART CHRISTMAS DEC,2,2011-02-27 12:41:00,0.85,14472.0,United Kingdom
545054,22297,HEART IVORY TRELLIS SMALL,3,2011-02-27 12:41:00,1.25,14472.0,United Kingdom
545054,22577,WOODEN HEART CHRISTMAS SCANDINAVIAN,3,2011-02-27 12:41:00,0.85,14472.0,United Kingdom
545054,35972,DAISY FOLKART HEART DECORATION,4,2011-02-27 12:41:00,1.25,14472.0,United Kingdom
545054,22294,HEART FILIGREE DOVE  SMALL,3,2011-02-27 12:41:00,1.25,14472.0,United Kingdom
545054,21823,PAINTED METAL HEART WITH HOLLY BELL,2,2011-02-27 12:41:00,1.45,14472.0,United Kingdom
545054,21441,BLUE BIRDHOUSE DECORATION,2,2011-02-27 12:41:00,0.85,14472.0,United Kingdom
545054,21442,GREEN BIRDHOUSE DECORATION,2,2011-02-27 12:41:00,0.85,14472.0,United Kingdom
545054,85130C,BEADED CRYSTAL HEART BLUE  LARGE,2,2011-02-27 12:41:00,1.65,14472.0,United Kingdom
545054,85129D,BEADED CRYSTAL HEART PINK SMALL,2,2011-02-27 12:41:00,1.25,14472.0,United Kingdom
545054,85130D,BEADED CRYSTAL HEART PINK LARGE,1,2011-02-27 12:41:00,1.65,14472.0,United Kingdom
545054,85186C,BUNNY EGG GARLAND,3,2011-02-27 12:41:00,0.42,14472.0,United Kingdom
545054,22284,HEN HOUSE DECORATION,2,2011-02-27 12:41:00,1.65,14472.0,United Kingdom
545054,85186C,BUNNY EGG GARLAND,1,2011-02-27 12:41:00,0.42,14472.0,United Kingdom
545054,22266,EASTER DECORATION HANGING BUNNY,8,2011-02-27 12:41:00,0.65,14472.0,United Kingdom
545054,22267,EASTER DECORATION EGG BUNNY ,2,2011-02-27 12:41:00,1.25,14472.0,United Kingdom
545054,84452,METAL RABBIT LADDER EASTER ,2,2011-02-27 12:41:00,0.85,14472.0,United Kingdom
545054,35971,ROSE FOLKART HEART DECORATIONS,2,2011-02-27 12:41:00,1.25,14472.0,United Kingdom
545054,22285,HANGING HEN ON NEST DECORATION,2,2011-02-27 12:41:00,1.65,14472.0,United Kingdom
545054,22284,HEN HOUSE DECORATION,2,2011-02-27 12:41:00,1.65,14472.0,United Kingdom
545054,71270,PHOTO CLIP LINE,2,2011-02-27 12:41:00,1.25,14472.0,United Kingdom
545054,22268,EASTER DECORATION SITTING BUNNY,6,2011-02-27 12:41:00,0.85,14472.0,United Kingdom
545054,22269,EGG CUP NATURAL CHICKEN,6,2011-02-27 12:41:00,1.25,14472.0,United Kingdom
545054,85188A,GREEN METAL SWINGING BUNNY,10,2011-02-27 12:41:00,0.85,14472.0,United Kingdom
545054,21456,2 PICTURE BOOK EGGS EASTER CHICKS,4,2011-02-27 12:41:00,1.25,14472.0,United Kingdom
545054,85200,BUNNY EGG BOX,6,2011-02-27 12:41:00,1.25,14472.0,United Kingdom
545054,21382,SET/4 SPRING FLOWER DECORATION,5,2011-02-27 12:41:00,2.95,14472.0,United Kingdom
545054,84218,BOX/12 CHICK & EGG IN BASKET,2,2011-02-27 12:41:00,1.95,14472.0,United Kingdom
545054,22643,SET OF 4 NAPKIN CHARMS LEAVES   ,12,2011-02-27 12:41:00,2.55,14472.0,United Kingdom
545054,22413,METAL SIGN TAKE IT OR LEAVE IT ,1,2011-02-27 12:41:00,2.95,14472.0,United Kingdom
545054,21179,NO JUNK MAIL METAL SIGN,2,2011-02-27 12:41:00,1.25,14472.0,United Kingdom
545054,21175,GIN + TONIC DIET METAL SIGN,2,2011-02-27 12:41:00,2.55,14472.0,United Kingdom
545054,82600,NO SINGING METAL SIGN,2,2011-02-27 12:41:00,2.1,14472.0,United Kingdom
545054,85152,HAND OVER THE CHOCOLATE   SIGN ,4,2011-02-27 12:41:00,2.1,14472.0,United Kingdom
545054,21181,PLEASE ONE PERSON METAL SIGN,1,2011-02-27 12:41:00,2.1,14472.0,United Kingdom
545054,72802A,ROSE SCENT CANDLE IN JEWELLED BOX,2,2011-02-27 12:41:00,4.25,14472.0,United Kingdom
545054,72802B,OCEAN SCENT CANDLE IN JEWELLED BOX,1,2011-02-27 12:41:00,4.25,14472.0,United Kingdom
545054,72803A,ROSE SCENT CANDLE JEWELLED DRAWER,2,2011-02-27 12:41:00,4.25,14472.0,United Kingdom
545054,72807A,SET/3 ROSE CANDLE IN JEWELLED BOX,1,2011-02-27 12:41:00,4.25,14472.0,United Kingdom
545054,72807C,SET/3 VANILLA SCENTED CANDLE IN BOX,1,2011-02-27 12:41:00,4.25,14472.0,United Kingdom
545054,22470,HEART OF WICKER LARGE,2,2011-02-27 12:41:00,2.95,14472.0,United Kingdom
545054,22281,EASTER TREE YELLOW BIRDS,4,2011-02-27 12:41:00,5.95,14472.0,United Kingdom
545054,22487,WHITE WOOD GARDEN PLANT LADDER,3,2011-02-27 12:41:00,9.95,14472.0,United Kingdom
545054,21136,PAINTED METAL PEARS ASSORTED,4,2011-02-27 12:41:00,1.69,14472.0,United Kingdom
545054,85123A,WHITE HANGING HEART T-LIGHT HOLDER,2,2011-02-27 12:41:00,2.95,14472.0,United Kingdom
545054,22283,6 EGG HOUSE PAINTED WOOD,2,2011-02-27 12:41:00,7.95,14472.0,United Kingdom
545054,22961,JAM MAKING SET PRINTED,2,2011-02-27 12:41:00,1.45,14472.0,United Kingdom
545054,22120,WELCOME  WOODEN BLOCK LETTERS,2,2011-02-27 12:41:00,9.95,14472.0,United Kingdom
545054,22121,NOEL WOODEN BLOCK LETTERS ,1,2011-02-27 12:41:00,5.95,14472.0,United Kingdom
545054,84879,ASSORTED COLOUR BIRD ORNAMENT,8,2011-02-27 12:41:00,1.69,14472.0,United Kingdom
545054,22652,TRAVEL SEWING KIT,4,2011-02-27 12:41:00,1.65,14472.0,United Kingdom
545054,22716,CARD CIRCUS PARADE,12,2011-02-27 12:41:00,0.42,14472.0,United Kingdom
545054,22718,CARD CAT AND TREE ,12,2011-02-27 12:41:00,0.42,14472.0,United Kingdom
545054,21518,BANK ACCOUNT  GREETING  CARD ,24,2011-02-27 12:41:00,0.42,14472.0,United Kingdom
545054,48129,DOORMAT TOPIARY,1,2011-02-27 12:41:00,7.95,14472.0,United Kingdom
545054,16156L,"WRAP, CAROUSEL",25,2011-02-27 12:41:00,0.42,14472.0,United Kingdom
545054,23230,WRAP ALPHABET DESIGN,25,2011-02-27 12:41:00,0.42,14472.0,United Kingdom
545054,21497,FANCY FONTS BIRTHDAY WRAP,25,2011-02-27 12:41:00,0.42,14472.0,United Kingdom
545055,21731,RED TOADSTOOL LED NIGHT LIGHT,4,2011-02-27 12:45:00,1.65,17516.0,United Kingdom
545056,22355,CHARLOTTE BAG SUKI DESIGN,100,2011-02-27 12:48:00,0.72,16745.0,United Kingdom
545056,20719,WOODLAND CHARLOTTE BAG,100,2011-02-27 12:48:00,0.72,16745.0,United Kingdom
545056,20724,RED RETROSPOT CHARLOTTE BAG,100,2011-02-27 12:48:00,0.72,16745.0,United Kingdom
545056,82578,KITCHEN METAL SIGN,25,2011-02-27 12:48:00,0.55,16745.0,United Kingdom
545056,21100,CHARLIE AND LOLA CHARLOTTE BAG,3,2011-02-27 12:48:00,1.65,16745.0,United Kingdom
545056,21175,GIN + TONIC DIET METAL SIGN,2,2011-02-27 12:48:00,2.55,16745.0,United Kingdom
545056,21179,NO JUNK MAIL METAL SIGN,10,2011-02-27 12:48:00,1.25,16745.0,United Kingdom
545056,21094,SET/6 RED SPOTTY PAPER PLATES,3,2011-02-27 12:48:00,0.85,16745.0,United Kingdom
545056,21080,SET/20 RED RETROSPOT PAPER NAPKINS ,1,2011-02-27 12:48:00,0.85,16745.0,United Kingdom
545056,22243,5 HOOK HANGER RED MAGIC TOADSTOOL,5,2011-02-27 12:48:00,1.65,16745.0,United Kingdom
545056,21086,SET/6 RED SPOTTY PAPER CUPS,3,2011-02-27 12:48:00,0.65,16745.0,United Kingdom
545056,20723,STRAWBERRY CHARLOTTE BAG,20,2011-02-27 12:48:00,0.85,16745.0,United Kingdom
545056,20914,SET/5 RED RETROSPOT LID GLASS BOWLS,2,2011-02-27 12:48:00,2.95,16745.0,United Kingdom
545056,21232,STRAWBERRY CERAMIC TRINKET BOX,4,2011-02-27 12:48:00,1.25,16745.0,United Kingdom
545056,21977,PACK OF 60 PINK PAISLEY CAKE CASES,24,2011-02-27 12:48:00,0.55,16745.0,United Kingdom
545056,21212,PACK OF 72 RETROSPOT CAKE CASES,24,2011-02-27 12:48:00,0.55,16745.0,United Kingdom
545056,21975,PACK OF 60 DINOSAUR CAKE CASES,24,2011-02-27 12:48:00,0.55,16745.0,United Kingdom
545056,21976,PACK OF 60 MUSHROOM CAKE CASES,24,2011-02-27 12:48:00,0.55,16745.0,United Kingdom
545056,21558,SKULL LUNCH BOX WITH CUTLERY ,6,2011-02-27 12:48:00,2.55,16745.0,United Kingdom
545056,22720,SET OF 3 CAKE TINS PANTRY DESIGN ,12,2011-02-27 12:48:00,4.95,16745.0,United Kingdom
545056,84563B,BLUE & WHITE BREAKFAST TRAY,1,2011-02-27 12:48:00,5.95,16745.0,United Kingdom
545056,22138,BAKING SET 9 PIECE RETROSPOT ,12,2011-02-27 12:48:00,4.95,16745.0,United Kingdom
545057,22148,EASTER CRAFT 4 CHICKS ,12,2011-02-27 12:49:00,1.95,13630.0,United Kingdom
545057,22813,PACK 3 BOXES BIRD PANNETONE ,12,2011-02-27 12:49:00,1.95,13630.0,United Kingdom
545057,22178,VICTORIAN GLASS HANGING T-LIGHT,12,2011-02-27 12:49:00,1.25,13630.0,United Kingdom
545057,22568,FELTCRAFT CUSHION OWL,4,2011-02-27 12:49:00,3.75,13630.0,United Kingdom
545057,20802,SMALL GLASS SUNDAE DISH CLEAR,18,2011-02-27 12:49:00,1.65,13630.0,United Kingdom
545057,22224,WHITE LOVEBIRD LANTERN,6,2011-02-27 12:49:00,2.95,13630.0,United Kingdom
545057,22938,CUPCAKE LACE PAPER SET 6,12,2011-02-27 12:49:00,1.95,13630.0,United Kingdom
545057,22229,BUNNY WOODEN PAINTED WITH FLOWER ,12,2011-02-27 12:49:00,0.85,13630.0,United Kingdom
545057,22228,BUNNY WOODEN PAINTED WITH BIRD ,12,2011-02-27 12:49:00,0.85,13630.0,United Kingdom
545057,22089,PAPER BUNTING VINTAGE PAISLEY,6,2011-02-27 12:49:00,2.95,13630.0,United Kingdom
545057,22777,GLASS CLOCHE LARGE,6,2011-02-27 12:49:00,8.5,13630.0,United Kingdom
545057,22084,PAPER CHAIN KIT EMPIRE,12,2011-02-27 12:49:00,2.95,13630.0,United Kingdom
545057,84879,ASSORTED COLOUR BIRD ORNAMENT,16,2011-02-27 12:49:00,1.69,13630.0,United Kingdom
545058,22692,DOORMAT WELCOME TO OUR HOME,4,2011-02-27 13:03:00,7.95,13767.0,United Kingdom
545058,22996,TRAVEL CARD WALLET VINTAGE TICKET,24,2011-02-27 13:03:00,0.42,13767.0,United Kingdom
545058,22999,TRAVEL CARD WALLET RETRO PETALS,24,2011-02-27 13:03:00,0.42,13767.0,United Kingdom
545058,22998,TRAVEL CARD WALLET KEEP CALM,24,2011-02-27 13:03:00,0.42,13767.0,United Kingdom
545058,22726,ALARM CLOCK BAKELIKE GREEN,8,2011-02-27 13:03:00,3.75,13767.0,United Kingdom
545058,22727,ALARM CLOCK BAKELIKE RED ,8,2011-02-27 13:03:00,3.75,13767.0,United Kingdom
545058,22699,ROSES REGENCY TEACUP AND SAUCER ,6,2011-02-27 13:03:00,2.95,13767.0,United Kingdom
545058,22698,PINK REGENCY TEACUP AND SAUCER,6,2011-02-27 13:03:00,2.95,13767.0,United Kingdom
545058,22697,GREEN REGENCY TEACUP AND SAUCER,6,2011-02-27 13:03:00,2.95,13767.0,United Kingdom
545058,22423,REGENCY CAKESTAND 3 TIER,3,2011-02-27 13:03:00,12.75,13767.0,United Kingdom
545058,21314,SMALL GLASS HEART TRINKET POT,24,2011-02-27 13:03:00,2.1,13767.0,United Kingdom
545058,84879,ASSORTED COLOUR BIRD ORNAMENT,32,2011-02-27 13:03:00,1.69,13767.0,United Kingdom
545059,22488,NATURAL SLATE RECTANGLE CHALKBOARD,6,2011-02-27 13:04:00,1.65,14157.0,United Kingdom
545059,84378,SET OF 3 HEART COOKIE CUTTERS,3,2011-02-27 13:04:00,1.25,14157.0,United Kingdom
545059,22336,DOVE DECORATION PAINTED ZINC ,1,2011-02-27 13:04:00,0.65,14157.0,United Kingdom
545059,85038,6 CHOCOLATE LOVE HEART T-LIGHTS,4,2011-02-27 13:04:00,2.1,14157.0,United Kingdom
545059,85152,HAND OVER THE CHOCOLATE   SIGN ,4,2011-02-27 13:04:00,2.1,14157.0,United Kingdom
545059,21166,COOK WITH WINE METAL SIGN ,4,2011-02-27 13:04:00,2.08,14157.0,United Kingdom
545059,21926,RED/CREAM STRIPE CUSHION COVER ,8,2011-02-27 13:04:00,1.25,14157.0,United Kingdom
545059,22814,CARD PARTY GAMES ,12,2011-02-27 13:04:00,0.42,14157.0,United Kingdom
545059,22904,CALENDAR PAPER CUT DESIGN,6,2011-02-27 13:04:00,2.95,14157.0,United Kingdom
545059,20992,JAZZ HEARTS PURSE NOTEBOOK,2,2011-02-27 13:04:00,0.85,14157.0,United Kingdom
545059,84247K,"FOLK ART GREETING CARD,pack/12",12,2011-02-27 13:04:00,2.95,14157.0,United Kingdom
545059,21329,DINOSAURS  WRITING SET ,1,2011-02-27 13:04:00,1.65,14157.0,United Kingdom
545059,22716,CARD CIRCUS PARADE,12,2011-02-27 13:04:00,0.42,14157.0,United Kingdom
545059,84569D,PACK 6 HEART/ICE-CREAM PATCHES,1,2011-02-27 13:04:00,1.25,14157.0,United Kingdom
545059,85049H,URBAN BLACK RIBBONS ,1,2011-02-27 13:04:00,1.25,14157.0,United Kingdom
545059,22081,RIBBON REEL FLORA + FAUNA ,1,2011-02-27 13:04:00,1.65,14157.0,United Kingdom
545059,22078,RIBBON REEL LACE DESIGN ,1,2011-02-27 13:04:00,2.1,14157.0,United Kingdom
545059,22079,RIBBON REEL HEARTS DESIGN ,1,2011-02-27 13:04:00,1.65,14157.0,United Kingdom
545059,22082,RIBBON REEL STRIPES DESIGN ,1,2011-02-27 13:04:00,1.65,14157.0,United Kingdom
545059,21407,BROWN CHECK CAT DOORSTOP ,1,2011-02-27 13:04:00,4.25,14157.0,United Kingdom
545059,22814,CARD PARTY GAMES ,12,2011-02-27 13:04:00,0.42,14157.0,United Kingdom
545059,22694,WICKER STAR ,4,2011-02-27 13:04:00,2.1,14157.0,United Kingdom
545059,22983,CARD BILLBOARD FONT,24,2011-02-27 13:04:00,0.42,14157.0,United Kingdom
545059,22469,HEART OF WICKER SMALL,9,2011-02-27 13:04:00,1.65,14157.0,United Kingdom
545059,22294,HEART FILIGREE DOVE  SMALL,6,2011-02-27 13:04:00,1.25,14157.0,United Kingdom
545059,84836,ZINC METAL HEART DECORATION,4,2011-02-27 13:04:00,1.25,14157.0,United Kingdom
545059,22507,MEMO BOARD RETROSPOT  DESIGN,4,2011-02-27 13:04:00,4.95,14157.0,United Kingdom
545059,22464,HANGING METAL HEART LANTERN,6,2011-02-27 13:04:00,1.65,14157.0,United Kingdom
545059,72349B,SET/6 PURPLE BUTTERFLY T-LIGHTS,4,2011-02-27 13:04:00,2.1,14157.0,United Kingdom
545059,22336,DOVE DECORATION PAINTED ZINC ,5,2011-02-27 13:04:00,0.65,14157.0,United Kingdom
545059,21326,AGED GLASS SILVER T-LIGHT HOLDER,12,2011-02-27 13:04:00,0.65,14157.0,United Kingdom
545059,21990,MODERN FLORAL STATIONERY SET,2,2011-02-27 13:04:00,2.95,14157.0,United Kingdom
545059,21992,VINTAGE PAISLEY STATIONERY SET,1,2011-02-27 13:04:00,2.95,14157.0,United Kingdom
545059,21313,GLASS HEART T-LIGHT HOLDER ,12,2011-02-27 13:04:00,0.85,14157.0,United Kingdom
545059,21992,VINTAGE PAISLEY STATIONERY SET,1,2011-02-27 13:04:00,2.95,14157.0,United Kingdom
545059,21993,FLORAL FOLK STATIONERY SET,2,2011-02-27 13:04:00,2.95,14157.0,United Kingdom
545059,22961,JAM MAKING SET PRINTED,3,2011-02-27 13:04:00,1.45,14157.0,United Kingdom
545059,22895,SET OF 2 TEA TOWELS APPLE AND PEARS,3,2011-02-27 13:04:00,2.95,14157.0,United Kingdom
545059,84375,SET OF 20 KIDS COOKIE CUTTERS,3,2011-02-27 13:04:00,2.1,14157.0,United Kingdom
545060,21498,RED RETROSPOT WRAP ,25,2011-02-27 13:47:00,0.42,15547.0,United Kingdom
545060,84992,72 SWEETHEART FAIRY CAKE CASES,1,2011-02-27 13:47:00,0.55,15547.0,United Kingdom
545060,84380,SET OF 3 BUTTERFLY COOKIE CUTTERS,2,2011-02-27 13:47:00,1.25,15547.0,United Kingdom
545060,85206A,CREAM FELT EASTER EGG BASKET,3,2011-02-27 13:47:00,1.65,15547.0,United Kingdom
545060,35921,EASTER BUNNY HANGING GARLAND,1,2011-02-27 13:47:00,1.25,15547.0,United Kingdom
545060,84378,SET OF 3 HEART COOKIE CUTTERS,1,2011-02-27 13:47:00,1.25,15547.0,United Kingdom
545060,21212,PACK OF 72 RETROSPOT CAKE CASES,4,2011-02-27 13:47:00,0.55,15547.0,United Kingdom
545060,85200,BUNNY EGG BOX,1,2011-02-27 13:47:00,1.25,15547.0,United Kingdom
545060,22721,SET OF 3 CAKE TINS SKETCHBOOK,1,2011-02-27 13:47:00,4.95,15547.0,United Kingdom
545060,85200,BUNNY EGG BOX,2,2011-02-27 13:47:00,1.25,15547.0,United Kingdom
545060,22029,SPACEBOY BIRTHDAY CARD,12,2011-02-27 13:47:00,0.42,15547.0,United Kingdom
545060,22027,TEA PARTY BIRTHDAY CARD,12,2011-02-27 13:47:00,0.42,15547.0,United Kingdom
545060,22715,CARD WEDDING DAY,12,2011-02-27 13:47:00,0.42,15547.0,United Kingdom
545060,21509,COWBOYS AND INDIANS BIRTHDAY CARD ,12,2011-02-27 13:47:00,0.42,15547.0,United Kingdom
545060,21519,GIN & TONIC DIET GREETING CARD ,12,2011-02-27 13:47:00,0.42,15547.0,United Kingdom
545060,21506,"FANCY FONT BIRTHDAY CARD, ",12,2011-02-27 13:47:00,0.42,15547.0,United Kingdom
545060,21508,VINTAGE KID DOLLY CARD ,12,2011-02-27 13:47:00,0.42,15547.0,United Kingdom
545060,21520,BOOZE & WOMEN GREETING CARD ,12,2011-02-27 13:47:00,0.42,15547.0,United Kingdom
545060,21507,"ELEPHANT, BIRTHDAY CARD, ",12,2011-02-27 13:47:00,0.42,15547.0,United Kingdom
545060,84218,BOX/12 CHICK & EGG IN BASKET,4,2011-02-27 13:47:00,1.95,15547.0,United Kingdom
545060,37413,ICON MUG REVOLUTIONARY,6,2011-02-27 13:47:00,1.25,15547.0,United Kingdom
545060,21870,I CAN ONLY PLEASE ONE PERSON MUG,6,2011-02-27 13:47:00,1.25,15547.0,United Kingdom
545060,22649,STRAWBERRY FAIRY CAKE TEAPOT,2,2011-02-27 13:47:00,4.95,15547.0,United Kingdom
545060,22090,PAPER BUNTING RETROSPOT,1,2011-02-27 13:47:00,2.95,15547.0,United Kingdom
545060,17021,NAMASTE SWAGAT INCENSE,12,2011-02-27 13:47:00,0.3,15547.0,United Kingdom
545060,84692,BOX OF 24 COCKTAIL PARASOLS,3,2011-02-27 13:47:00,0.42,15547.0,United Kingdom
545060,72351B,SET/6 PINK  BUTTERFLY T-LIGHTS,1,2011-02-27 13:47:00,2.1,15547.0,United Kingdom
545060,72351A,SET/6 TURQUOISE BUTTERFLY T-LIGHTS,1,2011-02-27 13:47:00,2.1,15547.0,United Kingdom
545060,72349B,SET/6 PURPLE BUTTERFLY T-LIGHTS,1,2011-02-27 13:47:00,2.1,15547.0,United Kingdom
545060,21531,RED RETROSPOT SUGAR JAM BOWL,1,2011-02-27 13:47:00,2.55,15547.0,United Kingdom
545060,22138,BAKING SET 9 PIECE RETROSPOT ,1,2011-02-27 13:47:00,4.95,15547.0,United Kingdom
545060,21154,RED RETROSPOT OVEN GLOVE ,3,2011-02-27 13:47:00,1.25,15547.0,United Kingdom
545060,22173,METAL 4 HOOK HANGER FRENCH CHATEAU,2,2011-02-27 13:47:00,2.95,15547.0,United Kingdom
545060,82600,NO SINGING METAL SIGN,3,2011-02-27 13:47:00,2.1,15547.0,United Kingdom
545060,85152,HAND OVER THE CHOCOLATE   SIGN ,3,2011-02-27 13:47:00,2.1,15547.0,United Kingdom
545060,21175,GIN + TONIC DIET METAL SIGN,3,2011-02-27 13:47:00,2.55,15547.0,United Kingdom
545060,21174,POTTERING IN THE SHED METAL SIGN,3,2011-02-27 13:47:00,2.08,15547.0,United Kingdom
545060,22117,METAL SIGN HER DINNER IS SERVED ,1,2011-02-27 13:47:00,2.95,15547.0,United Kingdom
545060,21169,YOU'RE CONFUSING ME METAL SIGN ,4,2011-02-27 13:47:00,1.69,15547.0,United Kingdom
545060,21181,PLEASE ONE PERSON METAL SIGN,4,2011-02-27 13:47:00,2.1,15547.0,United Kingdom
545060,22413,METAL SIGN TAKE IT OR LEAVE IT ,2,2011-02-27 13:47:00,2.95,15547.0,United Kingdom
545060,21166,COOK WITH WINE METAL SIGN ,4,2011-02-27 13:47:00,2.08,15547.0,United Kingdom
545060,21164,HOME SWEET HOME METAL SIGN ,1,2011-02-27 13:47:00,2.95,15547.0,United Kingdom
545060,10080,GROOVY CACTUS INFLATABLE,2,2011-02-27 13:47:00,0.85,15547.0,United Kingdom
545060,22840,ROUND CAKE TIN VINTAGE RED,1,2011-02-27 13:47:00,7.95,15547.0,United Kingdom
545060,21217,RED RETROSPOT ROUND CAKE TINS,1,2011-02-27 13:47:00,9.95,15547.0,United Kingdom
545060,22768,FAMILY PHOTO FRAME CORNICE,1,2011-02-27 13:47:00,9.95,15547.0,United Kingdom
545060,84406B,CREAM CUPID HEARTS COAT HANGER,8,2011-02-27 13:47:00,4.15,15547.0,United Kingdom
545060,72709,IVORY SCULPTED RND CANDLE ,3,2011-02-27 13:47:00,0.85,15547.0,United Kingdom
545060,82483,WOOD 2 DRAWER CABINET WHITE FINISH,2,2011-02-27 13:47:00,6.95,15547.0,United Kingdom
545060,82483,WOOD 2 DRAWER CABINET WHITE FINISH,2,2011-02-27 13:47:00,6.95,15547.0,United Kingdom
545060,82486,WOOD S/3 CABINET ANT WHITE FINISH,1,2011-02-27 13:47:00,8.95,15547.0,United Kingdom
545060,82486,WOOD S/3 CABINET ANT WHITE FINISH,2,2011-02-27 13:47:00,8.95,15547.0,United Kingdom
545060,20914,SET/5 RED RETROSPOT LID GLASS BOWLS,3,2011-02-27 13:47:00,2.95,15547.0,United Kingdom
545060,20754,RETROSPOT RED WASHING UP GLOVES,2,2011-02-27 13:47:00,2.1,15547.0,United Kingdom
545060,21671,RED SPOT CERAMIC DRAWER KNOB,6,2011-02-27 13:47:00,1.25,15547.0,United Kingdom
545060,21670,BLUE SPOT CERAMIC DRAWER KNOB,6,2011-02-27 13:47:00,1.25,15547.0,United Kingdom
545060,79321,CHILLI LIGHTS,1,2011-02-27 13:47:00,5.75,15547.0,United Kingdom
545060,85014B,RED RETROSPOT UMBRELLA,2,2011-02-27 13:47:00,5.95,15547.0,United Kingdom
545060,15060B,FAIRY CAKE DESIGN UMBRELLA,1,2011-02-27 13:47:00,3.75,15547.0,United Kingdom
545060,72807C,SET/3 VANILLA SCENTED CANDLE IN BOX,2,2011-02-27 13:47:00,4.25,15547.0,United Kingdom
545060,84360,TABLE LAMP WHITE SHADE WOOD BASE,1,2011-02-27 13:47:00,5.95,15547.0,United Kingdom
545060,84358,FLOOR LAMP SHADE WOOD BASE,2,2011-02-27 13:47:00,9.95,15547.0,United Kingdom
545061,21476,STEEL SWEETHEART ROUND TABLE CREAM,1,2011-02-27 13:52:00,14.95,15547.0,United Kingdom
545062,22781,GUMBALL MAGAZINE RACK,1,2011-02-27 14:07:00,7.65,12748.0,United Kingdom
545062,22168,ORGANISER WOOD ANTIQUE WHITE ,2,2011-02-27 14:07:00,8.5,12748.0,United Kingdom
545062,22760,"TRAY, BREAKFAST IN BED",1,2011-02-27 14:07:00,12.75,12748.0,United Kingdom
545062,22838,3 TIER CAKE TIN RED AND CREAM,1,2011-02-27 14:07:00,14.95,12748.0,United Kingdom
545062,22842,BISCUIT TIN VINTAGE RED,1,2011-02-27 14:07:00,6.75,12748.0,United Kingdom
545062,22427,ENAMEL FLOWER JUG CREAM,1,2011-02-27 14:07:00,5.95,12748.0,United Kingdom
545062,22192,BLUE DINER WALL CLOCK,1,2011-02-27 14:07:00,8.5,12748.0,United Kingdom
545062,22926,IVORY GIANT GARDEN THERMOMETER,1,2011-02-27 14:07:00,5.95,12748.0,United Kingdom
545062,21877,HOME SWEET HOME MUG,2,2011-02-27 14:07:00,1.25,12748.0,United Kingdom
545062,21069,VINTAGE BILLBOARD TEA MUG,2,2011-02-27 14:07:00,1.25,12748.0,United Kingdom
545062,21876,POTTERING MUG,2,2011-02-27 14:07:00,1.25,12748.0,United Kingdom
545062,21873,IF YOU CAN'T STAND THE HEAT MUG,1,2011-02-27 14:07:00,1.25,12748.0,United Kingdom
545062,37370,RETRO COFFEE MUGS ASSORTED,2,2011-02-27 14:07:00,1.25,12748.0,United Kingdom
545062,21868,POTTING SHED TEA MUG,2,2011-02-27 14:07:00,1.25,12748.0,United Kingdom
545062,22550,HOLIDAY FUN LUDO,1,2011-02-27 14:07:00,3.75,12748.0,United Kingdom
545062,21912,VINTAGE SNAKES & LADDERS,1,2011-02-27 14:07:00,3.75,12748.0,United Kingdom
545062,21790,VINTAGE SNAP CARDS,2,2011-02-27 14:07:00,0.85,12748.0,United Kingdom
545062,21915,RED  HARMONICA IN BOX ,1,2011-02-27 14:07:00,1.25,12748.0,United Kingdom
545062,22467,GUMBALL COAT RACK,2,2011-02-27 14:07:00,2.55,12748.0,United Kingdom
545062,21787,RAIN PONCHO RETROSPOT,1,2011-02-27 14:07:00,0.85,12748.0,United Kingdom
545062,35241,ENAMEL BLUE RIM BISCUIT BIN,1,2011-02-27 14:07:00,4.95,12748.0,United Kingdom
545062,22567,20 DOLLY PEGS RETROSPOT,1,2011-02-27 14:07:00,1.25,12748.0,United Kingdom
545062,21089,SET/6 GREEN SPRING PAPER CUPS,2,2011-02-27 14:07:00,0.65,12748.0,United Kingdom
545062,22268,EASTER DECORATION SITTING BUNNY,2,2011-02-27 14:07:00,0.85,12748.0,United Kingdom
545062,22269,EGG CUP NATURAL CHICKEN,2,2011-02-27 14:07:00,1.25,12748.0,United Kingdom
545062,16016,LARGE CHINESE STYLE SCISSOR,12,2011-02-27 14:07:00,0.85,12748.0,United Kingdom
545062,22407,MONEY BOX FIRST ADE DESIGN,1,2011-02-27 14:07:00,1.25,12748.0,United Kingdom
545062,22409,MONEY BOX BISCUITS DESIGN,1,2011-02-27 14:07:00,1.25,12748.0,United Kingdom
545062,84847,FLORAL BATHROOM SET,1,2011-02-27 14:07:00,3.75,12748.0,United Kingdom
545062,21166,COOK WITH WINE METAL SIGN ,1,2011-02-27 14:07:00,2.08,12748.0,United Kingdom
545062,21775,DECORATIVE FLORE BATHROOM BOTTLE,1,2011-02-27 14:07:00,1.25,12748.0,United Kingdom
545062,22727,ALARM CLOCK BAKELIKE RED ,1,2011-02-27 14:07:00,3.75,12748.0,United Kingdom
545062,22430,ENAMEL WATERING CAN CREAM,1,2011-02-27 14:07:00,4.95,12748.0,United Kingdom
545062,21774,DECORATIVE CATS BATHROOM BOTTLE,1,2011-02-27 14:07:00,1.25,12748.0,United Kingdom
545062,85152,HAND OVER THE CHOCOLATE   SIGN ,1,2011-02-27 14:07:00,2.1,12748.0,United Kingdom
545062,21174,POTTERING IN THE SHED METAL SIGN,1,2011-02-27 14:07:00,2.08,12748.0,United Kingdom
545062,20770,ABSTRACT CIRCLE JOURNAL ,1,2011-02-27 14:07:00,2.55,12748.0,United Kingdom
545062,20764,ABSTRACT CIRCLES SKETCHBOOK ,1,2011-02-27 14:07:00,3.75,12748.0,United Kingdom
545062,85059,FRENCH ENAMEL WATER BASIN,2,2011-02-27 14:07:00,3.75,12748.0,United Kingdom
545062,22429,ENAMEL MEASURING JUG CREAM,1,2011-02-27 14:07:00,4.25,12748.0,United Kingdom
545062,22429,ENAMEL MEASURING JUG CREAM,1,2011-02-27 14:07:00,4.25,12748.0,United Kingdom
545062,22771,CLEAR DRAWER KNOB ACRYLIC EDWARDIAN,4,2011-02-27 14:07:00,1.25,12748.0,United Kingdom
545062,22723,SET OF 6 HERB TINS SKETCHBOOK,1,2011-02-27 14:07:00,3.95,12748.0,United Kingdom
545062,22495,SET OF 2 ROUND TINS CAMEMBERT ,1,2011-02-27 14:07:00,2.95,12748.0,United Kingdom
545062,22621,TRADITIONAL KNITTING NANCY,1,2011-02-27 14:07:00,1.45,12748.0,United Kingdom
545062,22496,SET OF 2 ROUND TINS DUTCH CHEESE,1,2011-02-27 14:07:00,2.95,12748.0,United Kingdom
545062,79403,FROSTED WHITE BASE ,2,2011-02-27 14:07:00,0.85,12748.0,United Kingdom
545062,82552,WASHROOM METAL SIGN,1,2011-02-27 14:07:00,1.45,12748.0,United Kingdom
545062,22726,ALARM CLOCK BAKELIKE GREEN,1,2011-02-27 14:07:00,3.75,12748.0,United Kingdom
545062,22729,ALARM CLOCK BAKELIKE ORANGE,1,2011-02-27 14:07:00,3.75,12748.0,United Kingdom
545062,84763,ZINC FINISH 15CM PLANTER POTS,2,2011-02-27 14:07:00,1.25,12748.0,United Kingdom
545062,22963,JAM JAR WITH GREEN LID,1,2011-02-27 14:07:00,0.85,12748.0,United Kingdom
545062,22362,GLASS JAR PEACOCK BATH SALTS,1,2011-02-27 14:07:00,2.95,12748.0,United Kingdom
545062,22360,GLASS JAR ENGLISH CONFECTIONERY,1,2011-02-27 14:07:00,2.95,12748.0,United Kingdom
545062,22364,GLASS JAR DIGESTIVE BISCUITS,1,2011-02-27 14:07:00,2.95,12748.0,United Kingdom
545062,22359,GLASS JAR KINGS CHOICE,1,2011-02-27 14:07:00,2.95,12748.0,United Kingdom
545062,22963,JAM JAR WITH GREEN LID,1,2011-02-27 14:07:00,0.85,12748.0,United Kingdom
545062,22424,ENAMEL BREAD BIN CREAM,1,2011-02-27 14:07:00,12.75,12748.0,United Kingdom
545062,22359,GLASS JAR KINGS CHOICE,1,2011-02-27 14:07:00,2.95,12748.0,United Kingdom
545062,84882,GREEN WIRE STANDING CANDLE HOLDER,2,2011-02-27 14:07:00,3.75,12748.0,United Kingdom
545062,22186,RED STAR CARD HOLDER,1,2011-02-27 14:07:00,2.95,12748.0,United Kingdom
545062,21240,BLUE POLKADOT CUP,6,2011-02-27 14:07:00,0.85,12748.0,United Kingdom
545062,22625,RED KITCHEN SCALES,1,2011-02-27 14:07:00,8.5,12748.0,United Kingdom
545062,22630,DOLLY GIRL LUNCH BOX,1,2011-02-27 14:07:00,1.95,12748.0,United Kingdom
545062,35004B,SET OF 3 BLACK FLYING DUCKS,1,2011-02-27 14:07:00,5.45,12748.0,United Kingdom
545062,75131,METAL TUBE CHIME ON BAMBOO,1,2011-02-27 14:07:00,1.69,12748.0,United Kingdom
545062,85054,FRENCH ENAMEL POT W LID,2,2011-02-27 14:07:00,2.95,12748.0,United Kingdom
545063,22698,PINK REGENCY TEACUP AND SAUCER,3,2011-02-27 14:26:00,2.95,14606.0,United Kingdom
545063,22697,GREEN REGENCY TEACUP AND SAUCER,2,2011-02-27 14:26:00,2.95,14606.0,United Kingdom
545063,22699,ROSES REGENCY TEACUP AND SAUCER ,2,2011-02-27 14:26:00,2.95,14606.0,United Kingdom
545063,22134,MINI LADLE LOVE HEART RED ,1,2011-02-27 14:26:00,0.42,14606.0,United Kingdom
545063,21891,TRADITIONAL WOODEN SKIPPING ROPE,1,2011-02-27 14:26:00,1.25,14606.0,United Kingdom
545063,21464,DISCO BALL ROTATOR BATTERY OPERATED,1,2011-02-27 14:26:00,4.25,14606.0,United Kingdom
545063,85059,FRENCH ENAMEL WATER BASIN,1,2011-02-27 14:26:00,3.75,14606.0,United Kingdom
545063,20681,PINK POLKADOT CHILDRENS UMBRELLA,1,2011-02-27 14:26:00,3.25,14606.0,United Kingdom
545063,17090D,VANILLA INCENSE 40 CONES IN TIN,1,2011-02-27 14:26:00,1.25,14606.0,United Kingdom
545063,21246,RED RETROSPOT BIG BOWL,1,2011-02-27 14:26:00,4.95,14606.0,United Kingdom
545063,22286,"DECORATION , WOBBLY RABBIT , METAL ",1,2011-02-27 14:26:00,1.65,14606.0,United Kingdom
545063,21068,VINTAGE BILLBOARD LOVE/HATE MUG,1,2011-02-27 14:26:00,1.25,14606.0,United Kingdom
545063,21578,WOODLAND DESIGN  COTTON TOTE BAG,1,2011-02-27 14:26:00,2.25,14606.0,United Kingdom
545063,21260,FIRST AID TIN,1,2011-02-27 14:26:00,3.25,14606.0,United Kingdom
545063,22411,JUMBO SHOPPER VINTAGE RED PAISLEY,1,2011-02-27 14:26:00,1.95,14606.0,United Kingdom
545063,21935,SUKI  SHOULDER BAG,1,2011-02-27 14:26:00,1.65,14606.0,United Kingdom
545063,21563,RED HEART SHAPE LOVE BUCKET ,1,2011-02-27 14:26:00,2.95,14606.0,United Kingdom
545063,22227,HANGING HEART MIRROR DECORATION ,2,2011-02-27 14:26:00,0.65,14606.0,United Kingdom
545063,21161,KEEP OUT BOYS DOOR HANGER ,1,2011-02-27 14:26:00,1.45,14606.0,United Kingdom
545063,21204,DAISIES  HONEYCOMB GARLAND ,1,2011-02-27 14:26:00,1.65,14606.0,United Kingdom
545063,85040A,S/4 PINK FLOWER CANDLES IN BOWL,1,2011-02-27 14:26:00,1.65,14606.0,United Kingdom
545063,90214K,"LETTER ""K"" BLING KEY RING",1,2011-02-27 14:26:00,1.25,14606.0,United Kingdom
545063,21888,BINGO SET,1,2011-02-27 14:26:00,3.75,14606.0,United Kingdom
545063,21463,MIRRORED DISCO BALL ,1,2011-02-27 14:26:00,5.95,14606.0,United Kingdom
545063,37449,CERAMIC CAKE STAND + HANGING CAKES,1,2011-02-27 14:26:00,9.95,14606.0,United Kingdom
545063,37450,CERAMIC CAKE BOWL + HANGING CAKES,1,2011-02-27 14:26:00,2.95,14606.0,United Kingdom
545063,22497,SET OF 2 TINS VINTAGE BATHROOM ,1,2011-02-27 14:26:00,4.25,14606.0,United Kingdom
545063,21630,FLOOR CUSHION ELEPHANT CARNIVAL,1,2011-02-27 14:26:00,8.95,14606.0,United Kingdom
545063,21042,RED RETROSPOT APRON ,1,2011-02-27 14:26:00,5.95,14606.0,United Kingdom
545063,20749,ASSORTED COLOUR MINI CASES,1,2011-02-27 14:26:00,7.95,14606.0,United Kingdom
545063,21425,SKULLS STORAGE BOX LARGE,1,2011-02-27 14:26:00,2.95,14606.0,United Kingdom
545063,22196,SMALL HEART MEASURING SPOONS,1,2011-02-27 14:26:00,0.85,14606.0,United Kingdom
545063,21531,RED RETROSPOT SUGAR JAM BOWL,1,2011-02-27 14:26:00,2.55,14606.0,United Kingdom
545063,22358,KINGS CHOICE TEA CADDY ,1,2011-02-27 14:26:00,2.95,14606.0,United Kingdom
545063,22223,CAKE PLATE LOVEBIRD PINK,1,2011-02-27 14:26:00,4.95,14606.0,United Kingdom
545063,84978,HANGING HEART JAR T-LIGHT HOLDER,7,2011-02-27 14:26:00,1.25,14606.0,United Kingdom
545064,21314,SMALL GLASS HEART TRINKET POT,8,2011-02-27 14:29:00,2.1,13636.0,United Kingdom
545064,85066,CREAM SWEETHEART MINI CHEST,2,2011-02-27 14:29:00,12.75,13636.0,United Kingdom
545064,21755,LOVE BUILDING BLOCK WORD,3,2011-02-27 14:29:00,5.95,13636.0,United Kingdom
545064,22381,TOY TIDY PINK POLKADOT,5,2011-02-27 14:29:00,2.1,13636.0,United Kingdom
545064,20750,RED RETROSPOT MINI CASES,2,2011-02-27 14:29:00,7.95,13636.0,United Kingdom
545064,84832,ZINC WILLIE WINKIE  CANDLE STICK,12,2011-02-27 14:29:00,0.85,13636.0,United Kingdom
545064,21259,VICTORIAN SEWING BOX SMALL ,2,2011-02-27 14:29:00,5.95,13636.0,United Kingdom
545064,22487,WHITE WOOD GARDEN PLANT LADDER,1,2011-02-27 14:29:00,9.95,13636.0,United Kingdom
545064,84755,COLOUR GLASS T-LIGHT HOLDER HANGING,16,2011-02-27 14:29:00,0.65,13636.0,United Kingdom
545064,22497,SET OF 2 TINS VINTAGE BATHROOM ,4,2011-02-27 14:29:00,4.25,13636.0,United Kingdom
545064,22356,CHARLOTTE BAG PINK POLKADOT,10,2011-02-27 14:29:00,0.85,13636.0,United Kingdom
545065,22992,REVOLVER WOODEN RULER ,24,2011-02-27 14:43:00,1.95,12431.0,Australia
545065,21731,RED TOADSTOOL LED NIGHT LIGHT,144,2011-02-27 14:43:00,1.45,12431.0,Australia
545065,22505,MEMO BOARD COTTAGE DESIGN,4,2011-02-27 14:43:00,4.95,12431.0,Australia
545065,21937,STRAWBERRY   PICNIC BAG,5,2011-02-27 14:43:00,2.95,12431.0,Australia
545065,21936,RED RETROSPOT PICNIC BAG,5,2011-02-27 14:43:00,2.95,12431.0,Australia
545065,22785,SQUARECUSHION COVER PINK UNION FLAG,4,2011-02-27 14:43:00,6.75,12431.0,Australia
545065,22786,CUSHION COVER PINK UNION JACK,2,2011-02-27 14:43:00,5.95,12431.0,Australia
545065,21933,PINK VINTAGE PAISLEY PICNIC BAG,5,2011-02-27 14:43:00,2.95,12431.0,Australia
545065,21555,CERAMIC STRAWBERRY TRINKET TRAY,12,2011-02-27 14:43:00,2.55,12431.0,Australia
545065,22466,FAIRY TALE COTTAGE NIGHTLIGHT,12,2011-02-27 14:43:00,1.95,12431.0,Australia
545066,22841,ROUND CAKE TIN VINTAGE GREEN,1,2011-02-27 14:44:00,7.95,13610.0,United Kingdom
545066,84795B,SUNSET CHECK HAMMOCK,2,2011-02-27 14:44:00,7.95,13610.0,United Kingdom
545066,21922,UNION STRIPE WITH FRINGE  HAMMOCK,2,2011-02-27 14:44:00,7.95,13610.0,United Kingdom
545066,85202,HANGING WOOD AND FELT HEART,1,2011-02-27 14:44:00,0.42,13610.0,United Kingdom
545066,84459B,YELLOW METAL CHICKEN HEART ,2,2011-02-27 14:44:00,1.49,13610.0,United Kingdom
545066,22228,BUNNY WOODEN PAINTED WITH BIRD ,2,2011-02-27 14:44:00,0.85,13610.0,United Kingdom
545066,22229,BUNNY WOODEN PAINTED WITH FLOWER ,2,2011-02-27 14:44:00,0.85,13610.0,United Kingdom
545066,22266,EASTER DECORATION HANGING BUNNY,4,2011-02-27 14:44:00,0.65,13610.0,United Kingdom
545066,85204,HANGING WOOD AND FELT FLOWER,2,2011-02-27 14:44:00,0.42,13610.0,United Kingdom
545066,22250,DECORATION  BUTTERFLY  MAGIC GARDEN,2,2011-02-27 14:44:00,0.85,13610.0,United Kingdom
545066,22227,HANGING HEART MIRROR DECORATION ,4,2011-02-27 14:44:00,0.65,13610.0,United Kingdom
545066,85203,HANGING WOOD AND FELT BUTTERFLY ,1,2011-02-27 14:44:00,0.42,13610.0,United Kingdom
545066,21383,PACK OF 12 STICKY BUNNIES,4,2011-02-27 14:44:00,0.65,13610.0,United Kingdom
545066,22250,DECORATION  BUTTERFLY  MAGIC GARDEN,2,2011-02-27 14:44:00,0.85,13610.0,United Kingdom
545066,85202,HANGING WOOD AND FELT HEART,5,2011-02-27 14:44:00,0.42,13610.0,United Kingdom
545066,85203,HANGING WOOD AND FELT BUTTERFLY ,3,2011-02-27 14:44:00,0.42,13610.0,United Kingdom
545066,72801D,4 SKY BLUE DINNER CANDLES,2,2011-02-27 14:44:00,1.25,13610.0,United Kingdom
545066,72801C,4 ROSE PINK DINNER CANDLES,2,2011-02-27 14:44:00,1.25,13610.0,United Kingdom
545066,22913,RED COAT RACK PARIS FASHION,1,2011-02-27 14:44:00,4.95,13610.0,United Kingdom
545066,22912,YELLOW COAT RACK PARIS FASHION,1,2011-02-27 14:44:00,4.95,13610.0,United Kingdom
545066,21468,BUTTERFLY CROCHET FOOD COVER,1,2011-02-27 14:44:00,3.75,13610.0,United Kingdom
545066,21465,PINK FLOWER CROCHET FOOD COVER,1,2011-02-27 14:44:00,3.75,13610.0,United Kingdom
545066,22722,SET OF 6 SPICE TINS PANTRY DESIGN,1,2011-02-27 14:44:00,3.95,13610.0,United Kingdom
545066,22993,SET OF 4 PANTRY JELLY MOULDS,1,2011-02-27 14:44:00,1.25,13610.0,United Kingdom
545066,22843,BISCUIT TIN VINTAGE GREEN,1,2011-02-27 14:44:00,6.75,13610.0,United Kingdom
545066,84509B,SET OF 4 FAIRY CAKE PLACEMATS,1,2011-02-27 14:44:00,3.75,13610.0,United Kingdom
545066,84509A,SET OF 4 ENGLISH ROSE PLACEMATS,1,2011-02-27 14:44:00,3.75,13610.0,United Kingdom
545066,22907,PACK OF 20 NAPKINS PANTRY DESIGN,2,2011-02-27 14:44:00,0.85,13610.0,United Kingdom
545066,22805,BLUE DRAWER KNOB ACRYLIC EDWARDIAN,4,2011-02-27 14:44:00,1.25,13610.0,United Kingdom
545066,22773,GREEN DRAWER KNOB ACRYLIC EDWARDIAN,4,2011-02-27 14:44:00,1.25,13610.0,United Kingdom
545066,22499,WOODEN UNION JACK BUNTING,2,2011-02-27 14:44:00,5.95,13610.0,United Kingdom
545066,22241,GARLAND WOODEN HAPPY EASTER,3,2011-02-27 14:44:00,1.25,13610.0,United Kingdom
545066,21621,VINTAGE UNION JACK BUNTING,4,2011-02-27 14:44:00,8.5,13610.0,United Kingdom
545066,47566,PARTY BUNTING,2,2011-02-27 14:44:00,4.95,13610.0,United Kingdom
545066,22173,METAL 4 HOOK HANGER FRENCH CHATEAU,2,2011-02-27 14:44:00,2.95,13610.0,United Kingdom
545066,22993,SET OF 4 PANTRY JELLY MOULDS,1,2011-02-27 14:44:00,1.25,13610.0,United Kingdom
545066,22441,GROW YOUR OWN BASIL IN ENAMEL MUG,1,2011-02-27 14:44:00,2.1,13610.0,United Kingdom
545066,22441,GROW YOUR OWN BASIL IN ENAMEL MUG,1,2011-02-27 14:44:00,2.1,13610.0,United Kingdom
545066,22443,GROW YOUR OWN HERBS SET OF 3,1,2011-02-27 14:44:00,7.95,13610.0,United Kingdom
545066,22087,PAPER BUNTING WHITE LACE,2,2011-02-27 14:44:00,2.95,13610.0,United Kingdom
545066,22780,LIGHT GARLAND BUTTERFILES PINK,2,2011-02-27 14:44:00,4.25,13610.0,United Kingdom
545066,22771,CLEAR DRAWER KNOB ACRYLIC EDWARDIAN,12,2011-02-27 14:44:00,1.25,13610.0,United Kingdom
545066,22772,PINK DRAWER KNOB ACRYLIC EDWARDIAN,12,2011-02-27 14:44:00,1.25,13610.0,United Kingdom
545067,21340,CLASSIC METAL BIRDCAGE PLANT HOLDER,15,2011-02-27 14:49:00,9.95,17894.0,United Kingdom
545067,15056N,EDWARDIAN PARASOL NATURAL,1,2011-02-27 14:49:00,5.95,17894.0,United Kingdom
545067,21925,UNION STRIPE CUSHION COVER ,2,2011-02-27 14:49:00,1.25,17894.0,United Kingdom
545067,22469,HEART OF WICKER SMALL,2,2011-02-27 14:49:00,1.65,17894.0,United Kingdom
545067,21754,HOME BUILDING BLOCK WORD,2,2011-02-27 14:49:00,5.95,17894.0,United Kingdom
545067,22914,BLUE COAT RACK PARIS FASHION,2,2011-02-27 14:49:00,4.95,17894.0,United Kingdom
545067,22900, SET 2 TEA TOWELS I LOVE LONDON ,4,2011-02-27 14:49:00,2.95,17894.0,United Kingdom
545067,23003,TRAVEL CARD WALLET VINTAGE ROSE ,3,2011-02-27 14:49:00,0.42,17894.0,United Kingdom
545067,22497,SET OF 2 TINS VINTAGE BATHROOM ,1,2011-02-27 14:49:00,4.25,17894.0,United Kingdom
545067,22078,RIBBON REEL LACE DESIGN ,1,2011-02-27 14:49:00,2.1,17894.0,United Kingdom
545067,22567,20 DOLLY PEGS RETROSPOT,2,2011-02-27 14:49:00,1.25,17894.0,United Kingdom
545067,22558,CLOTHES PEGS RETROSPOT PACK 24 ,1,2011-02-27 14:49:00,1.49,17894.0,United Kingdom
545067,85049A,TRADITIONAL CHRISTMAS RIBBONS,3,2011-02-27 14:49:00,1.25,17894.0,United Kingdom
545067,85049D,BRIGHT BLUES RIBBONS ,1,2011-02-27 14:49:00,1.25,17894.0,United Kingdom
545067,85049H,URBAN BLACK RIBBONS ,1,2011-02-27 14:49:00,1.25,17894.0,United Kingdom
545067,21591,COSY HOUR CIGAR BOX MATCHES ,4,2011-02-27 14:49:00,1.25,17894.0,United Kingdom
545067,85123A,WHITE HANGING HEART T-LIGHT HOLDER,3,2011-02-27 14:49:00,2.95,17894.0,United Kingdom
545067,21993,FLORAL FOLK STATIONERY SET,1,2011-02-27 14:49:00,2.95,17894.0,United Kingdom
545067,22975,SPACEBOY CHILDRENS EGG CUP,1,2011-02-27 14:49:00,1.25,17894.0,United Kingdom
545067,22976,CIRCUS PARADE CHILDRENS EGG CUP ,1,2011-02-27 14:49:00,1.25,17894.0,United Kingdom
545067,22973,CHILDREN'S CIRCUS PARADE MUG,1,2011-02-27 14:49:00,1.65,17894.0,United Kingdom
545067,22972,CHILDREN'S SPACEBOY MUG,1,2011-02-27 14:49:00,1.65,17894.0,United Kingdom
545067,22971,QUEENS GUARD COFFEE MUG,1,2011-02-27 14:49:00,2.55,17894.0,United Kingdom
545067,22970,LONDON BUS COFFEE MUG,1,2011-02-27 14:49:00,2.55,17894.0,United Kingdom
545067,22974,CHILDRENS DOLLY GIRL MUG,2,2011-02-27 14:49:00,1.65,17894.0,United Kingdom
545067,51020A,SUMMER FUN DESIGN SHOWER CAP,2,2011-02-27 14:49:00,1.25,17894.0,United Kingdom
545067,22500,SET OF 2 TINS JARDIN DE PROVENCE,1,2011-02-27 14:49:00,4.95,17894.0,United Kingdom
545067,22082,RIBBON REEL STRIPES DESIGN ,2,2011-02-27 14:49:00,1.65,17894.0,United Kingdom
545067,22078,RIBBON REEL LACE DESIGN ,2,2011-02-27 14:49:00,2.1,17894.0,United Kingdom
C545068,84247K,"FOLK ART GREETING CARD,pack/12",-11,2011-02-27 15:07:00,2.95,14157.0,United Kingdom
545069,22808,SET OF 6 T-LIGHTS EASTER CHICKS,24,2011-02-27 15:25:00,2.95,14745.0,United Kingdom
545069,22384,LUNCH BAG PINK POLKADOT,20,2011-02-27 15:25:00,1.65,14745.0,United Kingdom
545069,21868,POTTING SHED TEA MUG,24,2011-02-27 15:25:00,1.25,14745.0,United Kingdom
545069,21383,PACK OF 12 STICKY BUNNIES,24,2011-02-27 15:25:00,0.65,14745.0,United Kingdom
545069,22262,FELT EGG COSY CHICKEN,36,2011-02-27 15:25:00,0.85,14745.0,United Kingdom
545069,22261,FELT EGG COSY WHITE RABBIT ,36,2011-02-27 15:25:00,0.85,14745.0,United Kingdom
545069,22267,EASTER DECORATION EGG BUNNY ,24,2011-02-27 15:25:00,1.25,14745.0,United Kingdom
545070,22469,HEART OF WICKER SMALL,12,2011-02-27 15:42:00,1.65,16493.0,United Kingdom
545070,84970S,HANGING HEART ZINC T-LIGHT HOLDER,48,2011-02-27 15:42:00,0.85,16493.0,United Kingdom
545070,21790,VINTAGE SNAP CARDS,12,2011-02-27 15:42:00,0.85,16493.0,United Kingdom
545070,21212,PACK OF 72 RETROSPOT CAKE CASES,24,2011-02-27 15:42:00,0.55,16493.0,United Kingdom
545070,22084,PAPER CHAIN KIT EMPIRE,12,2011-02-27 15:42:00,2.95,16493.0,United Kingdom
545070,22087,PAPER BUNTING WHITE LACE,24,2011-02-27 15:42:00,2.95,16493.0,United Kingdom
545070,21791,VINTAGE HEADS AND TAILS CARD GAME ,12,2011-02-27 15:42:00,1.25,16493.0,United Kingdom
545070,84988,SET OF 72 PINK HEART PAPER DOILIES,24,2011-02-27 15:42:00,1.45,16493.0,United Kingdom
545071,21507,"ELEPHANT, BIRTHDAY CARD, ",12,2011-02-27 15:59:00,0.42,15996.0,United Kingdom
545071,22705,WRAP GREEN PEARS ,25,2011-02-27 15:59:00,0.42,15996.0,United Kingdom
545071,22883,NUMBER TILE VINTAGE FONT 4,2,2011-02-27 15:59:00,1.95,15996.0,United Kingdom
545071,22882,NUMBER TILE VINTAGE FONT 3,2,2011-02-27 15:59:00,1.95,15996.0,United Kingdom
545071,22885,NUMBER TILE VINTAGE FONT 6 ,2,2011-02-27 15:59:00,1.95,15996.0,United Kingdom
545071,22881,NUMBER TILE VINTAGE FONT 2,2,2011-02-27 15:59:00,1.95,15996.0,United Kingdom
545071,22887,NUMBER TILE VINTAGE FONT 8,2,2011-02-27 15:59:00,1.95,15996.0,United Kingdom
545071,22886,NUMBER TILE VINTAGE FONT 7,2,2011-02-27 15:59:00,1.95,15996.0,United Kingdom
545071,22888,NUMBER TILE VINTAGE FONT 9 ,2,2011-02-27 15:59:00,1.95,15996.0,United Kingdom
545071,22879,NUMBER TILE VINTAGE FONT 0,2,2011-02-27 15:59:00,1.95,15996.0,United Kingdom
545071,22884,NUMBER TILE VINTAGE FONT 5,2,2011-02-27 15:59:00,1.95,15996.0,United Kingdom
545071,22880,NUMBER TILE VINTAGE FONT 1,2,2011-02-27 15:59:00,1.95,15996.0,United Kingdom
545071,85040B,SET/4 BLUE FLOWER CANDLES IN BOWL,4,2011-02-27 15:59:00,1.65,15996.0,United Kingdom
545071,21617,4 LILY  BOTANICAL DINNER CANDLES,2,2011-02-27 15:59:00,3.75,15996.0,United Kingdom
545071,22721,SET OF 3 CAKE TINS SKETCHBOOK,2,2011-02-27 15:59:00,4.95,15996.0,United Kingdom
545071,22212,FOUR HOOK  WHITE LOVEBIRDS,2,2011-02-27 15:59:00,2.1,15996.0,United Kingdom
545071,84792,ENCHANTED BIRD COATHANGER 5 HOOK,1,2011-02-27 15:59:00,4.65,15996.0,United Kingdom
545071,85059,FRENCH ENAMEL WATER BASIN,2,2011-02-27 15:59:00,3.75,15996.0,United Kingdom
545071,84631,FRUIT TREE AND BIRDS WALL PLAQUE,1,2011-02-27 15:59:00,7.95,15996.0,United Kingdom
545071,84631,FRUIT TREE AND BIRDS WALL PLAQUE,1,2011-02-27 15:59:00,7.95,15996.0,United Kingdom
545071,85036A,GARDENIA 1 WICK MORRIS BOXED CANDLE,1,2011-02-27 15:59:00,4.25,15996.0,United Kingdom
545071,22770,MIRROR CORNICE,1,2011-02-27 15:59:00,14.95,15996.0,United Kingdom
545071,22723,SET OF 6 HERB TINS SKETCHBOOK,2,2011-02-27 15:59:00,3.95,15996.0,United Kingdom
545071,85212,MINI PAINTED GARDEN DECORATION ,12,2011-02-27 15:59:00,0.85,15996.0,United Kingdom
545071,85036A,GARDENIA 1 WICK MORRIS BOXED CANDLE,1,2011-02-27 15:59:00,4.25,15996.0,United Kingdom
545071,85035A,GARDENIA 3 WICK MORRIS BOXED CANDLE,2,2011-02-27 15:59:00,4.25,15996.0,United Kingdom
545071,22907,PACK OF 20 NAPKINS PANTRY DESIGN,4,2011-02-27 15:59:00,0.85,15996.0,United Kingdom
545071,84520B,PACK 20 ENGLISH ROSE PAPER NAPKINS,3,2011-02-27 15:59:00,0.85,15996.0,United Kingdom
545071,21078,SET/20 STRAWBERRY PAPER NAPKINS ,2,2011-02-27 15:59:00,0.85,15996.0,United Kingdom
545071,22302,COFFEE MUG PEARS  DESIGN,6,2011-02-27 15:59:00,2.55,15996.0,United Kingdom
545071,22301,COFFEE MUG CAT + BIRD DESIGN,6,2011-02-27 15:59:00,2.55,15996.0,United Kingdom
545071,22722,SET OF 6 SPICE TINS PANTRY DESIGN,2,2011-02-27 15:59:00,3.95,15996.0,United Kingdom
545071,22300,COFFEE MUG DOG + BALL DESIGN,6,2011-02-27 15:59:00,2.55,15996.0,United Kingdom
