InvoiceNo,StockCode,Description,Quantity,InvoiceDate,UnitPrice,CustomerID,Country
C550300,72803A,ROSE SCENT CANDLE JEWELLED DRAWER,-1,2011-04-17 10:10:00,4.25,17243.0,United Kingdom
550301,85194L,HANGING SPRING FLOWER EGG LARGE,36,2011-04-17 10:15:00,0.85,17243.0,United Kingdom
550301,22464,HANGING METAL HEART LANTERN,6,2011-04-17 10:15:00,1.65,17243.0,United Kingdom
550301,22241,GARLAND WOODEN HAPPY EASTER,9,2011-04-17 10:15:00,1.25,17243.0,United Kingdom
550301,22284,HEN HOUSE DECORATION,6,2011-04-17 10:15:00,1.65,17243.0,United Kingdom
550301,82484,WOOD BLACK BOARD ANT WHITE FINISH,4,2011-04-17 10:15:00,7.95,17243.0,United Kingdom
550301,23230,WRAP ALPHABET DESIGN,25,2011-04-17 10:15:00,0.42,17243.0,United Kingdom
550301,21497,FANCY FONTS BIRTHDAY WRAP,25,2011-04-17 10:15:00,0.42,17243.0,United Kingdom
550301,72803A,ROSE SCENT CANDLE JEWELLED DRAWER,12,2011-04-17 10:15:00,4.25,17243.0,United Kingdom
550301,72800D,4 BLUE DINNER CANDLES SILVER FLOCK,12,2011-04-17 10:15:00,2.55,17243.0,United Kingdom
550301,22061,LARGE CAKE STAND  HANGING STRAWBERY,1,2011-04-17 10:15:00,9.95,17243.0,United Kingdom
550301,85123A,WHITE HANGING HEART T-LIGHT HOLDER,10,2011-04-17 10:15:00,2.95,17243.0,United Kingdom
550301,22464,HANGING METAL HEART LANTERN,6,2011-04-17 10:15:00,1.65,17243.0,United Kingdom
550301,21755,LOVE BUILDING BLOCK WORD,1,2011-04-17 10:15:00,5.95,17243.0,United Kingdom
550301,21755,LOVE BUILDING BLOCK WORD,1,2011-04-17 10:15:00,5.95,17243.0,United Kingdom
550301,21755,LOVE BUILDING BLOCK WORD,1,2011-04-17 10:15:00,5.95,17243.0,United Kingdom
550301,22904,CALENDAR PAPER CUT DESIGN,13,2011-04-17 10:15:00,2.95,17243.0,United Kingdom
550301,23065,LARGE DECO JEWELLERY STAND,3,2011-04-17 10:15:00,12.5,17243.0,United Kingdom
550301,22427,ENAMEL FLOWER JUG CREAM,1,2011-04-17 10:15:00,5.95,17243.0,United Kingdom
550302,23049,RECYCLED ACAPULCO MAT RED,2,2011-04-17 10:17:00,8.25,14156.0,EIRE
550302,23176,ABC TREASURE BOOK BOX ,8,2011-04-17 10:17:00,2.25,14156.0,EIRE
550302,22854,CREAM SWEETHEART EGG HOLDER,4,2011-04-17 10:17:00,4.95,14156.0,EIRE
550302,22283,6 EGG HOUSE PAINTED WOOD,4,2011-04-17 10:17:00,7.95,14156.0,EIRE
550302,22183,CAKE STAND VICTORIAN FILIGREE MED,3,2011-04-17 10:17:00,6.75,14156.0,EIRE
550302,47566B,TEA TIME PARTY BUNTING,4,2011-04-17 10:17:00,4.95,14156.0,EIRE
550302,21469,POLKA DOT RAFFIA FOOD COVER,6,2011-04-17 10:17:00,3.75,14156.0,EIRE
550302,22501,PICNIC BASKET WICKER LARGE,2,2011-04-17 10:17:00,9.95,14156.0,EIRE
550302,21936,RED RETROSPOT PICNIC BAG,5,2011-04-17 10:17:00,2.95,14156.0,EIRE
550302,23052,RECYCLED ACAPULCO MAT TURQUOISE,2,2011-04-17 10:17:00,8.25,14156.0,EIRE
550302,21533,RETROSPOT LARGE MILK JUG,3,2011-04-17 10:17:00,4.95,14156.0,EIRE
550302,21539,RED RETROSPOT BUTTER DISH,3,2011-04-17 10:17:00,4.95,14156.0,EIRE
550302,21318,GLASS CHALICE BLUE SMALL ,36,2011-04-17 10:17:00,0.39,14156.0,EIRE
550302,22699,ROSES REGENCY TEACUP AND SAUCER ,6,2011-04-17 10:17:00,2.95,14156.0,EIRE
550302,21155,RED RETROSPOT PEG BAG,6,2011-04-17 10:17:00,2.55,14156.0,EIRE
550302,22925,BLUE GIANT GARDEN THERMOMETER,2,2011-04-17 10:17:00,5.95,14156.0,EIRE
550302,22927,GREEN GIANT GARDEN THERMOMETER,2,2011-04-17 10:17:00,5.95,14156.0,EIRE
550302,21922,UNION STRIPE WITH FRINGE  HAMMOCK,2,2011-04-17 10:17:00,7.95,14156.0,EIRE
550302,21340,CLASSIC METAL BIRDCAGE PLANT HOLDER,2,2011-04-17 10:17:00,12.75,14156.0,EIRE
550302,22822,CREAM WALL PLANTER HEART SHAPED,2,2011-04-17 10:17:00,5.95,14156.0,EIRE
550302,22520,CHILDS GARDEN TROWEL BLUE ,12,2011-04-17 10:17:00,0.85,14156.0,EIRE
550302,22521,CHILDS GARDEN TROWEL PINK,12,2011-04-17 10:17:00,0.85,14156.0,EIRE
550302,20718,RED RETROSPOT SHOPPER BAG,10,2011-04-17 10:17:00,1.25,14156.0,EIRE
550302,21704,BAG 250g SWIRLY MARBLES,12,2011-04-17 10:17:00,0.85,14156.0,EIRE
550302,C2,CARRIAGE,1,2011-04-17 10:17:00,50.0,14156.0,EIRE
550303,20972,PINK CREAM FELT CRAFT TRINKET BOX ,12,2011-04-17 10:21:00,1.25,18213.0,United Kingdom
550303,20977,36 PENCILS TUBE WOODLAND,16,2011-04-17 10:21:00,1.25,18213.0,United Kingdom
550303,23077,DOUGHNUT LIP GLOSS ,20,2011-04-17 10:21:00,1.25,18213.0,United Kingdom
550303,16161P,WRAP ENGLISH ROSE ,25,2011-04-17 10:21:00,0.42,18213.0,United Kingdom
550303,22711,WRAP CIRCUS PARADE,25,2011-04-17 10:21:00,0.42,18213.0,United Kingdom
550303,21497,FANCY FONTS BIRTHDAY WRAP,25,2011-04-17 10:21:00,0.42,18213.0,United Kingdom
550303,16156S,WRAP PINK FAIRY CAKES ,25,2011-04-17 10:21:00,0.42,18213.0,United Kingdom
550303,22646,CERAMIC STRAWBERRY CAKE MONEY BANK,12,2011-04-17 10:21:00,1.45,18213.0,United Kingdom
550303,22969,HOMEMADE JAM SCENTED CANDLES,12,2011-04-17 10:21:00,1.45,18213.0,United Kingdom
550303,21169,YOU'RE CONFUSING ME METAL SIGN ,12,2011-04-17 10:21:00,1.69,18213.0,United Kingdom
550303,21907,I'M ON HOLIDAY METAL SIGN,12,2011-04-17 10:21:00,2.1,18213.0,United Kingdom
550303,84970S,HANGING HEART ZINC T-LIGHT HOLDER,12,2011-04-17 10:21:00,0.85,18213.0,United Kingdom
550303,85123A,WHITE HANGING HEART T-LIGHT HOLDER,6,2011-04-17 10:21:00,2.95,18213.0,United Kingdom
550303,84755,COLOUR GLASS T-LIGHT HOLDER HANGING,16,2011-04-17 10:21:00,0.65,18213.0,United Kingdom
550303,22822,CREAM WALL PLANTER HEART SHAPED,2,2011-04-17 10:21:00,5.95,18213.0,United Kingdom
550304,23255,CHILDRENS CUTLERY CIRCUS PARADE,4,2011-04-17 10:27:00,4.15,14092.0,United Kingdom
550304,22979,PANTRY WASHING UP BRUSH,12,2011-04-17 10:27:00,1.45,14092.0,United Kingdom
550304,22993,SET OF 4 PANTRY JELLY MOULDS,12,2011-04-17 10:27:00,1.25,14092.0,United Kingdom
550304,23199,JUMBO BAG APPLES,10,2011-04-17 10:27:00,2.08,14092.0,United Kingdom
550304,22328,ROUND SNACK BOXES SET OF 4 FRUITS ,6,2011-04-17 10:27:00,2.95,14092.0,United Kingdom
550304,20914,SET/5 RED RETROSPOT LID GLASS BOWLS,12,2011-04-17 10:27:00,2.95,14092.0,United Kingdom
550304,22960,JAM MAKING SET WITH JARS,12,2011-04-17 10:27:00,3.75,14092.0,United Kingdom
550304,21754,HOME BUILDING BLOCK WORD,3,2011-04-17 10:27:00,5.95,14092.0,United Kingdom
550304,23004,TRAVEL CARD WALLET PANTRY,24,2011-04-17 10:27:00,0.42,14092.0,United Kingdom
550304,23231,WRAP DOILEY DESIGN,25,2011-04-17 10:27:00,0.42,14092.0,United Kingdom
550304,22326,ROUND SNACK BOXES SET OF4 WOODLAND ,6,2011-04-17 10:27:00,2.95,14092.0,United Kingdom
550304,22139,RETROSPOT TEA SET CERAMIC 11 PC ,3,2011-04-17 10:27:00,4.95,14092.0,United Kingdom
550304,22436,12 COLOURED PARTY BALLOONS,20,2011-04-17 10:27:00,0.65,14092.0,United Kingdom
550304,22659,LUNCH BOX I LOVE LONDON,12,2011-04-17 10:27:00,1.95,14092.0,United Kingdom
550304,16237,SLEEPING CAT ERASERS,30,2011-04-17 10:27:00,0.21,14092.0,United Kingdom
550304,23256,CHILDRENS CUTLERY SPACEBOY ,4,2011-04-17 10:27:00,4.15,14092.0,United Kingdom
550304,21212,PACK OF 72 RETROSPOT CAKE CASES,24,2011-04-17 10:27:00,0.55,14092.0,United Kingdom
550305,23009,I LOVE LONDON BABY GIFT SET,1,2011-04-17 10:27:00,16.95,17920.0,United Kingdom
550305,23128,FELTCRAFT BOY JEAN-PAUL KIT,4,2011-04-17 10:27:00,4.95,17920.0,United Kingdom
550305,23126,FELTCRAFT GIRL AMELIE KIT,4,2011-04-17 10:27:00,4.95,17920.0,United Kingdom
550305,23127,FELTCRAFT GIRL NICOLE KIT,4,2011-04-17 10:27:00,4.95,17920.0,United Kingdom
550305,22651,GENTLEMAN SHIRT REPAIR KIT ,12,2011-04-17 10:27:00,0.85,17920.0,United Kingdom
550305,85176,SEWING SUSAN 21 NEEDLE SET,12,2011-04-17 10:27:00,0.85,17920.0,United Kingdom
550305,85178,VICTORIAN SEWING KIT,12,2011-04-17 10:27:00,1.25,17920.0,United Kingdom
550305,22713,CARD I LOVE LONDON ,12,2011-04-17 10:27:00,0.42,17920.0,United Kingdom
550305,22710,WRAP I LOVE LONDON ,25,2011-04-17 10:27:00,0.42,17920.0,United Kingdom
550305,22900, SET 2 TEA TOWELS I LOVE LONDON ,6,2011-04-17 10:27:00,3.25,17920.0,United Kingdom
550305,22616,PACK OF 12 LONDON TISSUES ,24,2011-04-17 10:27:00,0.29,17920.0,United Kingdom
550305,22659,LUNCH BOX I LOVE LONDON,12,2011-04-17 10:27:00,1.95,17920.0,United Kingdom
550305,22970,LONDON BUS COFFEE MUG,6,2011-04-17 10:27:00,2.55,17920.0,United Kingdom
550305,84568,GIRLS ALPHABET IRON ON PATCHES ,288,2011-04-17 10:27:00,0.21,17920.0,United Kingdom
550305,84744,S/6 SEW ON CROCHET FLOWERS,12,2011-04-17 10:27:00,1.25,17920.0,United Kingdom
550305,22083,PAPER CHAIN KIT RETROSPOT,6,2011-04-17 10:27:00,2.95,17920.0,United Kingdom
550305,47566,PARTY BUNTING,4,2011-04-17 10:27:00,4.95,17920.0,United Kingdom
550305,22621,TRADITIONAL KNITTING NANCY,12,2011-04-17 10:27:00,1.65,17920.0,United Kingdom
550305,22077,6 RIBBONS RUSTIC CHARM,12,2011-04-17 10:27:00,1.65,17920.0,United Kingdom
550305,22319,HAIRCLIPS FORTIES FABRIC ASSORTED,12,2011-04-17 10:27:00,0.65,17920.0,United Kingdom
550305,21497,FANCY FONTS BIRTHDAY WRAP,25,2011-04-17 10:27:00,0.42,17920.0,United Kingdom
550305,23231,WRAP DOILEY DESIGN,25,2011-04-17 10:27:00,0.42,17920.0,United Kingdom
550305,20972,PINK CREAM FELT CRAFT TRINKET BOX ,12,2011-04-17 10:27:00,1.25,17920.0,United Kingdom
550305,22150,3 STRIPEY MICE FELTCRAFT,6,2011-04-17 10:27:00,1.95,17920.0,United Kingdom
550305,22147,FELTCRAFT BUTTERFLY HEARTS,12,2011-04-17 10:27:00,1.45,17920.0,United Kingdom
C550306,22846,BREAD BIN DINER STYLE RED ,-1,2011-04-17 10:38:00,16.95,16905.0,United Kingdom
550307,22698,PINK REGENCY TEACUP AND SAUCER,24,2011-04-17 10:56:00,2.55,13854.0,United Kingdom
550307,22699,ROSES REGENCY TEACUP AND SAUCER ,24,2011-04-17 10:56:00,2.55,13854.0,United Kingdom
550307,21340,CLASSIC METAL BIRDCAGE PLANT HOLDER,16,2011-04-17 10:56:00,9.95,13854.0,United Kingdom
550307,84879,ASSORTED COLOUR BIRD ORNAMENT,16,2011-04-17 10:56:00,1.69,13854.0,United Kingdom
550308,85099B,JUMBO BAG RED RETROSPOT,200,2011-04-17 10:57:00,1.79,17029.0,United Kingdom
550309,21922,UNION STRIPE WITH FRINGE  HAMMOCK,12,2011-04-17 10:59:00,6.95,13220.0,United Kingdom
550310,21080,SET/20 RED RETROSPOT PAPER NAPKINS ,24,2011-04-17 11:04:00,0.85,15985.0,United Kingdom
550310,22844,VINTAGE CREAM DOG FOOD CONTAINER,2,2011-04-17 11:04:00,8.5,15985.0,United Kingdom
550310,22700,BLACK AND WHITE DOG BOWL,6,2011-04-17 11:04:00,2.95,15985.0,United Kingdom
550310,22702,BLACK AND WHITE CAT BOWL,6,2011-04-17 11:04:00,2.1,15985.0,United Kingdom
550310,21165,BEWARE OF THE CAT METAL SIGN ,12,2011-04-17 11:04:00,1.69,15985.0,United Kingdom
550310,22477,WATERING CAN GARDEN MARKER,20,2011-04-17 11:04:00,1.25,15985.0,United Kingdom
550310,22918,HERB MARKER PARSLEY,24,2011-04-17 11:04:00,0.65,15985.0,United Kingdom
550310,22921,HERB MARKER CHIVES ,24,2011-04-17 11:04:00,0.65,15985.0,United Kingdom
550310,22920,HERB MARKER BASIL,24,2011-04-17 11:04:00,0.65,15985.0,United Kingdom
550310,22917,HERB MARKER ROSEMARY,24,2011-04-17 11:04:00,0.65,15985.0,United Kingdom
550310,22916,HERB MARKER THYME,24,2011-04-17 11:04:00,0.65,15985.0,United Kingdom
550310,22919,HERB MARKER MINT,24,2011-04-17 11:04:00,0.65,15985.0,United Kingdom
550310,21894,POTTING SHED SEED ENVELOPES,24,2011-04-17 11:04:00,1.25,15985.0,United Kingdom
550310,85053,FRENCH ENAMEL CANDLEHOLDER,12,2011-04-17 11:04:00,2.1,15985.0,United Kingdom
550310,20914,SET/5 RED RETROSPOT LID GLASS BOWLS,12,2011-04-17 11:04:00,2.95,15985.0,United Kingdom
550310,20752,BLUE POLKADOT WASHING UP GLOVES,12,2011-04-17 11:04:00,2.1,15985.0,United Kingdom
550310,20754,RETROSPOT RED WASHING UP GLOVES,18,2011-04-17 11:04:00,2.1,15985.0,United Kingdom
550310,22558,CLOTHES PEGS RETROSPOT PACK 24 ,48,2011-04-17 11:04:00,1.45,15985.0,United Kingdom
550310,22567,20 DOLLY PEGS RETROSPOT,48,2011-04-17 11:04:00,1.25,15985.0,United Kingdom
550310,82578,KITCHEN METAL SIGN,48,2011-04-17 11:04:00,0.55,15985.0,United Kingdom
550310,82580,BATHROOM METAL SIGN,250,2011-04-17 11:04:00,0.42,15985.0,United Kingdom
550310,21609,SET 12 LAVENDER  BOTANICAL T-LIGHTS,48,2011-04-17 11:04:00,2.55,15985.0,United Kingdom
550310,21868,POTTING SHED TEA MUG,24,2011-04-17 11:04:00,1.25,15985.0,United Kingdom
550310,21900,"KEY FOB , SHED",48,2011-04-17 11:04:00,0.65,15985.0,United Kingdom
550310,21899,"KEY FOB , GARAGE DESIGN",24,2011-04-17 11:04:00,0.65,15985.0,United Kingdom
550310,22082,RIBBON REEL STRIPES DESIGN ,24,2011-04-17 11:04:00,1.65,15985.0,United Kingdom
550310,22081,RIBBON REEL FLORA + FAUNA ,24,2011-04-17 11:04:00,1.65,15985.0,United Kingdom
550311,21742,LARGE ROUND WICKER PLATTER ,1,2011-04-17 11:04:00,5.95,16728.0,United Kingdom
550311,85152,HAND OVER THE CHOCOLATE   SIGN ,1,2011-04-17 11:04:00,2.1,16728.0,United Kingdom
550311,82580,BATHROOM METAL SIGN,1,2011-04-17 11:04:00,0.55,16728.0,United Kingdom
550311,82578,KITCHEN METAL SIGN,1,2011-04-17 11:04:00,0.55,16728.0,United Kingdom
550311,82581,TOILET METAL SIGN,1,2011-04-17 11:04:00,0.55,16728.0,United Kingdom
550311,82583,HOT BATHS METAL SIGN,1,2011-04-17 11:04:00,2.1,16728.0,United Kingdom
550311,82567,"AIRLINE LOUNGE,METAL SIGN",1,2011-04-17 11:04:00,2.1,16728.0,United Kingdom
550311,21163,DO NOT TOUCH MY STUFF DOOR HANGER ,1,2011-04-17 11:04:00,1.45,16728.0,United Kingdom
550311,22948,METAL DECORATION NAUGHTY CHILDREN ,4,2011-04-17 11:04:00,0.85,16728.0,United Kingdom
550311,82552,WASHROOM METAL SIGN,1,2011-04-17 11:04:00,1.45,16728.0,United Kingdom
550311,82551,LAUNDRY 15C METAL SIGN,1,2011-04-17 11:04:00,1.45,16728.0,United Kingdom
550311,21174,POTTERING IN THE SHED METAL SIGN,1,2011-04-17 11:04:00,2.08,16728.0,United Kingdom
550311,21179,NO JUNK MAIL METAL SIGN,1,2011-04-17 11:04:00,1.25,16728.0,United Kingdom
550311,22413,METAL SIGN TAKE IT OR LEAVE IT ,1,2011-04-17 11:04:00,2.95,16728.0,United Kingdom
550311,21166,COOK WITH WINE METAL SIGN ,1,2011-04-17 11:04:00,2.08,16728.0,United Kingdom
550311,21169,YOU'RE CONFUSING ME METAL SIGN ,1,2011-04-17 11:04:00,1.69,16728.0,United Kingdom
550311,21181,PLEASE ONE PERSON METAL SIGN,1,2011-04-17 11:04:00,2.1,16728.0,United Kingdom
550311,21770,OPEN CLOSED METAL SIGN,1,2011-04-17 11:04:00,4.95,16728.0,United Kingdom
550311,17109D,FLOWER FAIRY INCENSE BOUQUET,2,2011-04-17 11:04:00,0.38,16728.0,United Kingdom
550311,17107D,"FLOWER FAIRY,5 SUMMER B'DRAW LINERS",1,2011-04-17 11:04:00,2.55,16728.0,United Kingdom
550311,22912,YELLOW COAT RACK PARIS FASHION,1,2011-04-17 11:04:00,4.95,16728.0,United Kingdom
550311,22927,GREEN GIANT GARDEN THERMOMETER,1,2011-04-17 11:04:00,5.95,16728.0,United Kingdom
550311,15039,SANDALWOOD FAN,7,2011-04-17 11:04:00,0.85,16728.0,United Kingdom
550311,22467,GUMBALL COAT RACK,4,2011-04-17 11:04:00,2.55,16728.0,United Kingdom
550311,22467,GUMBALL COAT RACK,3,2011-04-17 11:04:00,2.55,16728.0,United Kingdom
550311,37413,ICON MUG REVOLUTIONARY,2,2011-04-17 11:04:00,0.39,16728.0,United Kingdom
550311,22362,GLASS JAR PEACOCK BATH SALTS,6,2011-04-17 11:04:00,2.95,16728.0,United Kingdom
550311,22700,BLACK AND WHITE DOG BOWL,1,2011-04-17 11:04:00,2.95,16728.0,United Kingdom
550311,35241,ENAMEL BLUE RIM BISCUIT BIN,1,2011-04-17 11:04:00,4.25,16728.0,United Kingdom
550312,84879,ASSORTED COLOUR BIRD ORNAMENT,36,2011-04-17 11:18:00,1.69,13089.0,United Kingdom
550312,82486,WOOD S/3 CABINET ANT WHITE FINISH,6,2011-04-17 11:18:00,8.95,13089.0,United Kingdom
550312,82482,WOODEN PICTURE FRAME WHITE FINISH,24,2011-04-17 11:18:00,2.55,13089.0,United Kingdom
550312,22460,EMBOSSED GLASS TEALIGHT HOLDER,12,2011-04-17 11:18:00,1.25,13089.0,United Kingdom
550312,22178,VICTORIAN GLASS HANGING T-LIGHT,36,2011-04-17 11:18:00,1.25,13089.0,United Kingdom
550312,22151,PLACE SETTING WHITE HEART,24,2011-04-17 11:18:00,0.42,13089.0,United Kingdom
550312,22460,EMBOSSED GLASS TEALIGHT HOLDER,12,2011-04-17 11:18:00,1.25,13089.0,United Kingdom
550312,21774,DECORATIVE CATS BATHROOM BOTTLE,12,2011-04-17 11:18:00,1.25,13089.0,United Kingdom
550312,21672,WHITE SPOT RED CERAMIC DRAWER KNOB,12,2011-04-17 11:18:00,1.25,13089.0,United Kingdom
550312,21669,BLUE STRIPE CERAMIC DRAWER KNOB,12,2011-04-17 11:18:00,1.25,13089.0,United Kingdom
550312,21500,PINK POLKADOT WRAP ,25,2011-04-17 11:18:00,0.42,13089.0,United Kingdom
550312,21499,BLUE POLKADOT WRAP,25,2011-04-17 11:18:00,0.42,13089.0,United Kingdom
550312,16161P,WRAP ENGLISH ROSE ,25,2011-04-17 11:18:00,0.42,13089.0,United Kingdom
550312,23230,WRAP ALPHABET DESIGN,25,2011-04-17 11:18:00,0.42,13089.0,United Kingdom
550312,23231,WRAP DOILEY DESIGN,25,2011-04-17 11:18:00,0.42,13089.0,United Kingdom
550312,22985,WRAP BILLBOARD FONTS DESIGN,25,2011-04-17 11:18:00,0.42,13089.0,United Kingdom
550312,22707,WRAP MONSTER FUN ,25,2011-04-17 11:18:00,0.42,13089.0,United Kingdom
550313,22992,REVOLVER WOODEN RULER ,12,2011-04-17 11:21:00,1.95,12681.0,France
550313,23076,ICE CREAM SUNDAE LIP GLOSS,48,2011-04-17 11:21:00,1.25,12681.0,France
550313,23155,KNICKERBOCKERGLORY MAGNET ASSORTED ,24,2011-04-17 11:21:00,0.83,12681.0,France
550313,23158,SET OF 5 LUCKY CAT MAGNETS ,24,2011-04-17 11:21:00,2.08,12681.0,France
550313,23159,SET OF 5 PANCAKE DAY MAGNETS,12,2011-04-17 11:21:00,2.08,12681.0,France
550313,22326,ROUND SNACK BOXES SET OF4 WOODLAND ,12,2011-04-17 11:21:00,2.95,12681.0,France
550313,84077,WORLD WAR 2 GLIDERS ASSTD DESIGNS,48,2011-04-17 11:21:00,0.29,12681.0,France
550313,22427,ENAMEL FLOWER JUG CREAM,3,2011-04-17 11:21:00,5.95,12681.0,France
550313,22024,RAINY LADIES BIRTHDAY CARD,12,2011-04-17 11:21:00,0.42,12681.0,France
550313,22037,ROBOT BIRTHDAY CARD,12,2011-04-17 11:21:00,0.42,12681.0,France
550313,22027,TEA PARTY BIRTHDAY CARD,12,2011-04-17 11:21:00,0.42,12681.0,France
550313,21786,POLKADOT RAIN HAT ,24,2011-04-17 11:21:00,0.42,12681.0,France
550313,22976,CIRCUS PARADE CHILDRENS EGG CUP ,12,2011-04-17 11:21:00,1.25,12681.0,France
550313,21238,RED RETROSPOT CUP,8,2011-04-17 11:21:00,0.85,12681.0,France
550313,21240,BLUE POLKADOT CUP,8,2011-04-17 11:21:00,0.85,12681.0,France
550313,20719,WOODLAND CHARLOTTE BAG,10,2011-04-17 11:21:00,0.85,12681.0,France
550313,21578,WOODLAND DESIGN  COTTON TOTE BAG,6,2011-04-17 11:21:00,2.25,12681.0,France
550313,22312,OFFICE MUG WARMER POLKADOT,6,2011-04-17 11:21:00,2.95,12681.0,France
550313,22365,DOORMAT RESPECTABLE HOUSE,4,2011-04-17 11:21:00,7.95,12681.0,France
550313,22556,PLASTERS IN TIN CIRCUS PARADE ,12,2011-04-17 11:21:00,1.65,12681.0,France
550313,22652,TRAVEL SEWING KIT,10,2011-04-17 11:21:00,1.65,12681.0,France
550313,22895,SET OF 2 TEA TOWELS APPLE AND PEARS,6,2011-04-17 11:21:00,3.25,12681.0,France
550313,22620,4 TRADITIONAL SPINNING TOPS,12,2011-04-17 11:21:00,1.45,12681.0,France
550313,21731,RED TOADSTOOL LED NIGHT LIGHT,24,2011-04-17 11:21:00,1.65,12681.0,France
550313,48138,DOORMAT UNION FLAG,2,2011-04-17 11:21:00,7.95,12681.0,France
550313,21719,LOVELY BONBON STICKER SHEET,12,2011-04-17 11:21:00,0.85,12681.0,France
550313,POST,POSTAGE,2,2011-04-17 11:21:00,18.0,12681.0,France
550314,82486,WOOD S/3 CABINET ANT WHITE FINISH,1,2011-04-17 11:30:00,8.95,16905.0,United Kingdom
550314,22191,IVORY DINER WALL CLOCK,1,2011-04-17 11:30:00,8.5,16905.0,United Kingdom
550314,22625,RED KITCHEN SCALES,1,2011-04-17 11:30:00,8.5,16905.0,United Kingdom
550314,22666,RECIPE BOX PANTRY YELLOW DESIGN,2,2011-04-17 11:30:00,2.95,16905.0,United Kingdom
550314,22427,ENAMEL FLOWER JUG CREAM,3,2011-04-17 11:30:00,5.95,16905.0,United Kingdom
550314,84879,ASSORTED COLOUR BIRD ORNAMENT,16,2011-04-17 11:30:00,1.69,16905.0,United Kingdom
550314,22228,BUNNY WOODEN PAINTED WITH BIRD ,2,2011-04-17 11:30:00,0.85,16905.0,United Kingdom
550314,22229,BUNNY WOODEN PAINTED WITH FLOWER ,2,2011-04-17 11:30:00,0.85,16905.0,United Kingdom
550314,22297,HEART IVORY TRELLIS SMALL,14,2011-04-17 11:30:00,1.25,16905.0,United Kingdom
550314,22296,HEART IVORY TRELLIS LARGE,15,2011-04-17 11:30:00,1.65,16905.0,United Kingdom
550314,35471D,SET OF 3 BIRD LIGHT PINK FEATHER ,4,2011-04-17 11:30:00,1.25,16905.0,United Kingdom
550314,22698,PINK REGENCY TEACUP AND SAUCER,1,2011-04-17 11:30:00,2.95,16905.0,United Kingdom
550314,22699,ROSES REGENCY TEACUP AND SAUCER ,4,2011-04-17 11:30:00,2.95,16905.0,United Kingdom
550314,22499,WOODEN UNION JACK BUNTING,2,2011-04-17 11:30:00,5.95,16905.0,United Kingdom
550314,21878,PACK OF 6 SANDCASTLE FLAGS ASSORTED,1,2011-04-17 11:30:00,0.85,16905.0,United Kingdom
550314,15056N,EDWARDIAN PARASOL NATURAL,4,2011-04-17 11:30:00,5.95,16905.0,United Kingdom
550314,82616B,FRAPPUCINO SCARF KNITTING KIT,2,2011-04-17 11:30:00,2.95,16905.0,United Kingdom
550314,84358,FLOOR LAMP SHADE WOOD BASE,4,2011-04-17 11:30:00,8.49,16905.0,United Kingdom
550315,22652,TRAVEL SEWING KIT,20,2011-04-17 11:44:00,1.65,17990.0,United Kingdom
550315,23232,WRAP VINTAGE PETALS  DESIGN,25,2011-04-17 11:44:00,0.42,17990.0,United Kingdom
550315,22711,WRAP CIRCUS PARADE,25,2011-04-17 11:44:00,0.42,17990.0,United Kingdom
550315,22904,CALENDAR PAPER CUT DESIGN,12,2011-04-17 11:44:00,2.95,17990.0,United Kingdom
550315,21703,BAG 125g SWIRLY MARBLES,24,2011-04-17 11:44:00,0.42,17990.0,United Kingdom
550315,22999,TRAVEL CARD WALLET RETRO PETALS,24,2011-04-17 11:44:00,0.42,17990.0,United Kingdom
550315,22998,TRAVEL CARD WALLET KEEP CALM,24,2011-04-17 11:44:00,0.42,17990.0,United Kingdom
550315,22996,TRAVEL CARD WALLET VINTAGE TICKET,24,2011-04-17 11:44:00,0.42,17990.0,United Kingdom
550315,22798,ANTIQUE GLASS DRESSING TABLE POT,8,2011-04-17 11:44:00,2.95,17990.0,United Kingdom
550315,15036,ASSORTED COLOURS SILK FAN,24,2011-04-17 11:44:00,0.83,17990.0,United Kingdom
550315,22900, SET 2 TEA TOWELS I LOVE LONDON ,12,2011-04-17 11:44:00,3.25,17990.0,United Kingdom
550315,85049C,ROMANTIC PINKS RIBBONS ,12,2011-04-17 11:44:00,1.25,17990.0,United Kingdom
550315,85049D,BRIGHT BLUES RIBBONS ,12,2011-04-17 11:44:00,1.25,17990.0,United Kingdom
550315,85049G,CHOCOLATE BOX RIBBONS ,12,2011-04-17 11:44:00,1.25,17990.0,United Kingdom
550315,21314,SMALL GLASS HEART TRINKET POT,8,2011-04-17 11:44:00,2.1,17990.0,United Kingdom
550315,20828,GLITTER BUTTERFLY CLIPS,12,2011-04-17 11:44:00,2.55,17990.0,United Kingdom
550315,22219,LOVEBIRD HANGING DECORATION WHITE ,12,2011-04-17 11:44:00,0.85,17990.0,United Kingdom
550316,22748,POPPY'S PLAYHOUSE KITCHEN,12,2011-04-17 11:45:00,2.1,16193.0,United Kingdom
550316,22745,POPPY'S PLAYHOUSE BEDROOM ,12,2011-04-17 11:45:00,2.1,16193.0,United Kingdom
550316,20819,SILVER TEDDY BEAR,4,2011-04-17 11:45:00,3.75,16193.0,United Kingdom
550316,71459,HANGING JAM JAR T-LIGHT HOLDER,12,2011-04-17 11:45:00,0.85,16193.0,United Kingdom
550316,84970S,HANGING HEART ZINC T-LIGHT HOLDER,12,2011-04-17 11:45:00,0.85,16193.0,United Kingdom
550316,23179,CLOCK MAGNET MUM'S KITCHEN,6,2011-04-17 11:45:00,2.89,16193.0,United Kingdom
550316,21974,SET OF 36 PAISLEY FLOWER DOILIES,12,2011-04-17 11:45:00,1.45,16193.0,United Kingdom
550316,22969,HOMEMADE JAM SCENTED CANDLES,12,2011-04-17 11:45:00,1.45,16193.0,United Kingdom
550316,22968,ROSE COTTAGE KEEPSAKE BOX ,2,2011-04-17 11:45:00,9.95,16193.0,United Kingdom
550316,22712,CARD DOLLY GIRL ,12,2011-04-17 11:45:00,0.42,16193.0,United Kingdom
550316,22621,TRADITIONAL KNITTING NANCY,12,2011-04-17 11:45:00,1.65,16193.0,United Kingdom
550316,21791,VINTAGE HEADS AND TAILS CARD GAME ,12,2011-04-17 11:45:00,1.25,16193.0,United Kingdom
550316,23077,DOUGHNUT LIP GLOSS ,20,2011-04-17 11:45:00,1.25,16193.0,United Kingdom
550316,22431,WATERING CAN BLUE ELEPHANT,6,2011-04-17 11:45:00,1.95,16193.0,United Kingdom
550316,22090,PAPER BUNTING RETROSPOT,6,2011-04-17 11:45:00,2.95,16193.0,United Kingdom
550316,22466,FAIRY TALE COTTAGE NIGHTLIGHT,12,2011-04-17 11:45:00,1.95,16193.0,United Kingdom
550316,22637,PIGGY BANK RETROSPOT ,4,2011-04-17 11:45:00,2.55,16193.0,United Kingdom
550316,22139,RETROSPOT TEA SET CERAMIC 11 PC ,3,2011-04-17 11:45:00,4.95,16193.0,United Kingdom
550316,84077,WORLD WAR 2 GLIDERS ASSTD DESIGNS,48,2011-04-17 11:45:00,0.29,16193.0,United Kingdom
550317,22621,TRADITIONAL KNITTING NANCY,12,2011-04-17 11:56:00,1.65,15172.0,United Kingdom
550317,21790,VINTAGE SNAP CARDS,12,2011-04-17 11:56:00,0.85,15172.0,United Kingdom
550317,21791,VINTAGE HEADS AND TAILS CARD GAME ,12,2011-04-17 11:56:00,1.25,15172.0,United Kingdom
550317,22619,SET OF 6 SOLDIER SKITTLES,4,2011-04-17 11:56:00,3.75,15172.0,United Kingdom
550317,22139,RETROSPOT TEA SET CERAMIC 11 PC ,3,2011-04-17 11:56:00,4.95,15172.0,United Kingdom
550317,23128,FELTCRAFT BOY JEAN-PAUL KIT,4,2011-04-17 11:56:00,4.95,15172.0,United Kingdom
550317,85185B,PINK HORSE SOCK PUPPET,6,2011-04-17 11:56:00,2.95,15172.0,United Kingdom
550317,22749,FELTCRAFT PRINCESS CHARLOTTE DOLL,4,2011-04-17 11:56:00,3.75,15172.0,United Kingdom
550317,23126,FELTCRAFT GIRL AMELIE KIT,4,2011-04-17 11:56:00,4.95,15172.0,United Kingdom
550317,22499,WOODEN UNION JACK BUNTING,3,2011-04-17 11:56:00,5.95,15172.0,United Kingdom
550317,21380,WOODEN HAPPY BIRTHDAY GARLAND,6,2011-04-17 11:56:00,2.95,15172.0,United Kingdom
550317,22149,FELTCRAFT 6 FLOWER FRIENDS,6,2011-04-17 11:56:00,2.1,15172.0,United Kingdom
550317,20971,PINK BLUE FELT CRAFT TRINKET BOX,12,2011-04-17 11:56:00,1.25,15172.0,United Kingdom
550317,22565,FELTCRAFT HAIRBANDS PINK AND WHITE ,12,2011-04-17 11:56:00,0.85,15172.0,United Kingdom
550317,22587,FELTCRAFT HAIRBAND RED AND BLUE,12,2011-04-17 11:56:00,0.85,15172.0,United Kingdom
550317,22569,FELTCRAFT CUSHION BUTTERFLY,4,2011-04-17 11:56:00,3.75,15172.0,United Kingdom
550317,85227,SET OF 6 3D KIT CARDS FOR KIDS,12,2011-04-17 11:56:00,0.85,15172.0,United Kingdom
550317,22478,BIRDHOUSE GARDEN MARKER ,10,2011-04-17 11:56:00,1.25,15172.0,United Kingdom
550317,22919,HERB MARKER MINT,12,2011-04-17 11:56:00,0.65,15172.0,United Kingdom
550317,22917,HERB MARKER ROSEMARY,12,2011-04-17 11:56:00,0.65,15172.0,United Kingdom
550317,22918,HERB MARKER PARSLEY,12,2011-04-17 11:56:00,0.65,15172.0,United Kingdom
550317,22920,HERB MARKER BASIL,12,2011-04-17 11:56:00,0.65,15172.0,United Kingdom
550317,22926,IVORY GIANT GARDEN THERMOMETER,2,2011-04-17 11:56:00,5.95,15172.0,United Kingdom
550317,22607,WOODEN ROUNDERS GARDEN SET ,2,2011-04-17 11:56:00,9.95,15172.0,United Kingdom
550317,21888,BINGO SET,4,2011-04-17 11:56:00,3.75,15172.0,United Kingdom
550318,22443,GROW YOUR OWN HERBS SET OF 3,1,2011-04-17 12:25:00,7.95,16085.0,United Kingdom
550318,22991,GIRAFFE WOODEN RULER,3,2011-04-17 12:25:00,1.95,16085.0,United Kingdom
550318,21889,WOODEN BOX OF DOMINOES,3,2011-04-17 12:25:00,1.25,16085.0,United Kingdom
550318,22548,HEADS AND TAILS SPORTING FUN,3,2011-04-17 12:25:00,1.25,16085.0,United Kingdom
550318,85049G,CHOCOLATE BOX RIBBONS ,1,2011-04-17 12:25:00,1.25,16085.0,United Kingdom
550318,22960,JAM MAKING SET WITH JARS,2,2011-04-17 12:25:00,4.25,16085.0,United Kingdom
550318,47504K,ENGLISH ROSE GARDEN SECATEURS,1,2011-04-17 12:25:00,1.95,16085.0,United Kingdom
550318,47503A,ASS FLORAL PRINT MULTI SCREWDRIVER,1,2011-04-17 12:25:00,1.25,16085.0,United Kingdom
550318,22549,PICTURE DOMINOES,3,2011-04-17 12:25:00,1.45,16085.0,United Kingdom
550318,84077,WORLD WAR 2 GLIDERS ASSTD DESIGNS,48,2011-04-17 12:25:00,0.29,16085.0,United Kingdom
550318,21790,VINTAGE SNAP CARDS,3,2011-04-17 12:25:00,0.85,16085.0,United Kingdom
550318,21791,VINTAGE HEADS AND TAILS CARD GAME ,3,2011-04-17 12:25:00,1.25,16085.0,United Kingdom
550318,22531,MAGIC DRAWING SLATE CIRCUS PARADE  ,4,2011-04-17 12:25:00,0.42,16085.0,United Kingdom
550318,22533,MAGIC DRAWING SLATE BAKE A CAKE ,4,2011-04-17 12:25:00,0.42,16085.0,United Kingdom
550318,21892,TRADITIONAL WOODEN CATCH CUP GAME ,3,2011-04-17 12:25:00,1.25,16085.0,United Kingdom
550318,21891,TRADITIONAL WOODEN SKIPPING ROPE,3,2011-04-17 12:25:00,1.45,16085.0,United Kingdom
550318,22621,TRADITIONAL KNITTING NANCY,6,2011-04-17 12:25:00,1.65,16085.0,United Kingdom
550318,85049D,BRIGHT BLUES RIBBONS ,3,2011-04-17 12:25:00,1.25,16085.0,United Kingdom
550318,84880,WHITE WIRE EGG HOLDER,1,2011-04-17 12:25:00,7.5,16085.0,United Kingdom
550318,21713,CITRONELLA CANDLE FLOWERPOT,4,2011-04-17 12:25:00,2.1,16085.0,United Kingdom
550318,84755,COLOUR GLASS T-LIGHT HOLDER HANGING,8,2011-04-17 12:25:00,0.65,16085.0,United Kingdom
550318,85049C,ROMANTIC PINKS RIBBONS ,3,2011-04-17 12:25:00,1.25,16085.0,United Kingdom
550318,85049G,CHOCOLATE BOX RIBBONS ,2,2011-04-17 12:25:00,1.25,16085.0,United Kingdom
550318,22489,PACK OF 12 TRADITIONAL CRAYONS,3,2011-04-17 12:25:00,0.42,16085.0,United Kingdom
550318,21078,SET/20 STRAWBERRY PAPER NAPKINS ,1,2011-04-17 12:25:00,0.85,16085.0,United Kingdom
550318,22560,TRADITIONAL MODELLING CLAY,3,2011-04-17 12:25:00,1.25,16085.0,United Kingdom
550318,22766,PHOTO FRAME CORNICE,4,2011-04-17 12:25:00,2.95,16085.0,United Kingdom
550318,22084,PAPER CHAIN KIT EMPIRE,2,2011-04-17 12:25:00,2.95,16085.0,United Kingdom
550318,21380,WOODEN HAPPY BIRTHDAY GARLAND,3,2011-04-17 12:25:00,2.95,16085.0,United Kingdom
550319,21181,PLEASE ONE PERSON METAL SIGN,4,2011-04-17 12:37:00,2.1,14524.0,United Kingdom
550319,82600,NO SINGING METAL SIGN,2,2011-04-17 12:37:00,2.1,14524.0,United Kingdom
550319,84997D,CHILDRENS CUTLERY POLKADOT PINK,6,2011-04-17 12:37:00,4.15,14524.0,United Kingdom
550319,82011C,BATHROOM SCALES FOOTPRINTS IN SAND,1,2011-04-17 12:37:00,3.75,14524.0,United Kingdom
550319,21625,VINTAGE UNION JACK APRON,2,2011-04-17 12:37:00,6.95,14524.0,United Kingdom
550319,22327,ROUND SNACK BOXES SET OF 4 SKULLS,1,2011-04-17 12:37:00,2.95,14524.0,United Kingdom
550319,22328,ROUND SNACK BOXES SET OF 4 FRUITS ,1,2011-04-17 12:37:00,2.95,14524.0,United Kingdom
550319,22309,TEA COSY RED  STRIPE,2,2011-04-17 12:37:00,2.55,14524.0,United Kingdom
550319,22308,TEA COSY BLUE STRIPE,2,2011-04-17 12:37:00,2.55,14524.0,United Kingdom
550319,21411,GINGHAM HEART  DOORSTOP RED,2,2011-04-17 12:37:00,4.25,14524.0,United Kingdom
550319,22693,GROW A FLYTRAP OR SUNFLOWER IN TIN,24,2011-04-17 12:37:00,1.25,14524.0,United Kingdom
550319,15058A,BLUE POLKADOT GARDEN PARASOL,2,2011-04-17 12:37:00,7.95,14524.0,United Kingdom
550319,21034,REX CASH+CARRY JUMBO SHOPPER,4,2011-04-17 12:37:00,0.95,14524.0,United Kingdom
550319,23201,JUMBO BAG ALPHABET,2,2011-04-17 12:37:00,2.08,14524.0,United Kingdom
550320,21382,SET/4 SPRING FLOWER DECORATION,3,2011-04-17 12:37:00,2.95,12748.0,United Kingdom
550320,84459A,PINK METAL CHICKEN HEART ,1,2011-04-17 12:37:00,1.49,12748.0,United Kingdom
550320,85203,HANGING WOOD AND FELT BUTTERFLY ,6,2011-04-17 12:37:00,0.42,12748.0,United Kingdom
550320,84459A,PINK METAL CHICKEN HEART ,2,2011-04-17 12:37:00,1.49,12748.0,United Kingdom
550320,23155,KNICKERBOCKERGLORY MAGNET ASSORTED ,12,2011-04-17 12:37:00,0.83,12748.0,United Kingdom
550320,21078,SET/20 STRAWBERRY PAPER NAPKINS ,7,2011-04-17 12:37:00,0.85,12748.0,United Kingdom
550320,22907,PACK OF 20 NAPKINS PANTRY DESIGN,2,2011-04-17 12:37:00,0.85,12748.0,United Kingdom
550320,22907,PACK OF 20 NAPKINS PANTRY DESIGN,1,2011-04-17 12:37:00,0.85,12748.0,United Kingdom
550320,22851,SET 20 NAPKINS FAIRY CAKES DESIGN ,3,2011-04-17 12:37:00,0.85,12748.0,United Kingdom
550320,22848,BREAD BIN DINER STYLE PINK,1,2011-04-17 12:37:00,16.95,12748.0,United Kingdom
550320,22558,CLOTHES PEGS RETROSPOT PACK 24 ,3,2011-04-17 12:37:00,1.65,12748.0,United Kingdom
550320,22567,20 DOLLY PEGS RETROSPOT,3,2011-04-17 12:37:00,1.45,12748.0,United Kingdom
550320,22061,LARGE CAKE STAND  HANGING STRAWBERY,1,2011-04-17 12:37:00,9.95,12748.0,United Kingdom
550320,21976,PACK OF 60 MUSHROOM CAKE CASES,2,2011-04-17 12:37:00,0.55,12748.0,United Kingdom
550320,22417,PACK OF 60 SPACEBOY CAKE CASES,5,2011-04-17 12:37:00,0.55,12748.0,United Kingdom
550320,21976,PACK OF 60 MUSHROOM CAKE CASES,3,2011-04-17 12:37:00,0.55,12748.0,United Kingdom
550320,22951,60 CAKE CASES DOLLY GIRL DESIGN,5,2011-04-17 12:37:00,0.55,12748.0,United Kingdom
550320,21213,PACK OF 72 SKULL CAKE CASES,4,2011-04-17 12:37:00,0.55,12748.0,United Kingdom
550320,21977,PACK OF 60 PINK PAISLEY CAKE CASES,2,2011-04-17 12:37:00,0.55,12748.0,United Kingdom
550320,21212,PACK OF 72 RETROSPOT CAKE CASES,4,2011-04-17 12:37:00,0.55,12748.0,United Kingdom
550320,22055,MINI CAKE STAND  HANGING STRAWBERY,3,2011-04-17 12:37:00,1.65,12748.0,United Kingdom
550320,22728,ALARM CLOCK BAKELIKE PINK,2,2011-04-17 12:37:00,3.75,12748.0,United Kingdom
550320,22729,ALARM CLOCK BAKELIKE ORANGE,2,2011-04-17 12:37:00,3.75,12748.0,United Kingdom
550320,22839,3 TIER CAKE TIN GREEN AND CREAM,1,2011-04-17 12:37:00,14.95,12748.0,United Kingdom
550320,22722,SET OF 6 SPICE TINS PANTRY DESIGN,5,2011-04-17 12:37:00,3.95,12748.0,United Kingdom
550320,20914,SET/5 RED RETROSPOT LID GLASS BOWLS,8,2011-04-17 12:37:00,2.95,12748.0,United Kingdom
550320,22890,NOVELTY BISCUITS CAKE STAND 3 TIER,1,2011-04-17 12:37:00,9.95,12748.0,United Kingdom
550320,22890,NOVELTY BISCUITS CAKE STAND 3 TIER,1,2011-04-17 12:37:00,9.95,12748.0,United Kingdom
550320,22061,LARGE CAKE STAND  HANGING STRAWBERY,1,2011-04-17 12:37:00,9.95,12748.0,United Kingdom
550320,37449,CERAMIC CAKE STAND + HANGING CAKES,1,2011-04-17 12:37:00,9.95,12748.0,United Kingdom
550320,22426,ENAMEL WASH BOWL CREAM,8,2011-04-17 12:37:00,3.75,12748.0,United Kingdom
550320,22192,BLUE DINER WALL CLOCK,1,2011-04-17 12:37:00,8.5,12748.0,United Kingdom
550320,22890,NOVELTY BISCUITS CAKE STAND 3 TIER,1,2011-04-17 12:37:00,9.95,12748.0,United Kingdom
550320,22936,BAKING MOULD ROSE WHITE CHOCOLATE,1,2011-04-17 12:37:00,3.25,12748.0,United Kingdom
550320,22361,GLASS JAR DAISY FRESH COTTON WOOL,1,2011-04-17 12:37:00,2.95,12748.0,United Kingdom
550320,22986,GINGHAM ROSE WRAP,25,2011-04-17 12:37:00,0.42,12748.0,United Kingdom
550320,22708,WRAP DOLLY GIRL,25,2011-04-17 12:37:00,0.42,12748.0,United Kingdom
550320,21497,FANCY FONTS BIRTHDAY WRAP,25,2011-04-17 12:37:00,0.42,12748.0,United Kingdom
550320,21003,ROSE DU SUD CUSHION COVER,1,2011-04-17 12:37:00,6.35,12748.0,United Kingdom
550320,22785,SQUARECUSHION COVER PINK UNION JACK,1,2011-04-17 12:37:00,6.75,12748.0,United Kingdom
550320,22560,TRADITIONAL MODELLING CLAY,2,2011-04-17 12:37:00,1.25,12748.0,United Kingdom
550320,22197,SMALL POPCORN HOLDER,3,2011-04-17 12:37:00,0.85,12748.0,United Kingdom
550320,22875,NUMBER TILE COTTAGE GARDEN 7,2,2011-04-17 12:37:00,1.95,12748.0,United Kingdom
550320,21206,STRAWBERRY HONEYCOMB  GARLAND ,3,2011-04-17 12:37:00,1.65,12748.0,United Kingdom
550320,22675,FRENCH KITCHEN SIGN BLUE METAL,1,2011-04-17 12:37:00,1.25,12748.0,United Kingdom
550320,22662,LUNCH BAG DOLLY GIRL DESIGN,1,2011-04-17 12:37:00,1.65,12748.0,United Kingdom
550320,20726,LUNCH BAG WOODLAND,2,2011-04-17 12:37:00,1.65,12748.0,United Kingdom
550320,22383,LUNCH BAG SUKI DESIGN ,1,2011-04-17 12:37:00,1.65,12748.0,United Kingdom
550320,20728,LUNCH BAG CARS BLUE,1,2011-04-17 12:37:00,1.65,12748.0,United Kingdom
550320,22662,LUNCH BAG DOLLY GIRL DESIGN,1,2011-04-17 12:37:00,1.65,12748.0,United Kingdom
550320,85150,LADIES & GENTLEMEN METAL SIGN,1,2011-04-17 12:37:00,2.55,12748.0,United Kingdom
550320,20728,LUNCH BAG CARS BLUE,1,2011-04-17 12:37:00,1.65,12748.0,United Kingdom
550320,22383,LUNCH BAG SUKI DESIGN ,1,2011-04-17 12:37:00,1.65,12748.0,United Kingdom
550320,23076,ICE CREAM SUNDAE LIP GLOSS,24,2011-04-17 12:37:00,1.25,12748.0,United Kingdom
550320,22949,36 DOILIES DOLLY GIRL,2,2011-04-17 12:37:00,1.45,12748.0,United Kingdom
550320,21973,SET OF 36 MUSHROOM PAPER DOILIES,2,2011-04-17 12:37:00,1.45,12748.0,United Kingdom
550320,22993,SET OF 4 PANTRY JELLY MOULDS,5,2011-04-17 12:37:00,1.25,12748.0,United Kingdom
550320,22083,PAPER CHAIN KIT RETROSPOT,3,2011-04-17 12:37:00,2.95,12748.0,United Kingdom
550320,22561,WOODEN SCHOOL COLOURING SET,2,2011-04-17 12:37:00,1.65,12748.0,United Kingdom
550320,22935,BAKING MOULD ROSE MILK CHOCOLATE,1,2011-04-17 12:38:00,3.25,12748.0,United Kingdom
550320,22456,NATURAL SLATE CHALKBOARD LARGE ,3,2011-04-17 12:38:00,4.95,12748.0,United Kingdom
550320,62018,SOMBRERO ,1,2011-04-17 12:38:00,1.95,12748.0,United Kingdom
550320,22457,NATURAL SLATE HEART CHALKBOARD ,6,2011-04-17 12:38:00,2.95,12748.0,United Kingdom
550320,22429,ENAMEL MEASURING JUG CREAM,5,2011-04-17 12:38:00,4.25,12748.0,United Kingdom
550320,20979,36 PENCILS TUBE RED RETROSPOT,4,2011-04-17 12:38:00,1.25,12748.0,United Kingdom
550320,20980,36 PENCILS TUBE POSY,4,2011-04-17 12:38:00,1.25,12748.0,United Kingdom
550320,20977,36 PENCILS TUBE WOODLAND,4,2011-04-17 12:38:00,1.25,12748.0,United Kingdom
550320,20978,36 PENCILS TUBE SKULLS,4,2011-04-17 12:38:00,1.25,12748.0,United Kingdom
550320,85036C,ROSE 1 WICK MORRIS BOXED CANDLE,1,2011-04-17 12:38:00,4.25,12748.0,United Kingdom
550320,85035C,ROSE 3 WICK MORRIS BOX CANDLE,1,2011-04-17 12:38:00,4.25,12748.0,United Kingdom
550320,85035A,GARDENIA 3 WICK MORRIS BOXED CANDLE,1,2011-04-17 12:38:00,4.25,12748.0,United Kingdom
550320,85036A,GARDENIA 1 WICK MORRIS BOXED CANDLE,1,2011-04-17 12:38:00,4.25,12748.0,United Kingdom
550320,22248,DECORATION  PINK CHICK MAGIC GARDEN,2,2011-04-17 12:38:00,0.85,12748.0,United Kingdom
550320,22774,RED DRAWER KNOB ACRYLIC EDWARDIAN,3,2011-04-17 12:38:00,1.25,12748.0,United Kingdom
550320,22775,PURPLE DRAWERKNOB ACRYLIC EDWARDIAN,6,2011-04-17 12:38:00,1.25,12748.0,United Kingdom
550320,22250,DECORATION  BUTTERFLY  MAGIC GARDEN,2,2011-04-17 12:38:00,0.85,12748.0,United Kingdom
550320,79030G,TUMBLER NEW ENGLAND,10,2011-04-17 12:38:00,0.39,12748.0,United Kingdom
550320,20996,JAZZ HEARTS ADDRESS BOOK,3,2011-04-17 12:38:00,0.42,12748.0,United Kingdom
550320,84536A,ENGLISH ROSE NOTEBOOK A7 SIZE,4,2011-04-17 12:38:00,0.42,12748.0,United Kingdom
550320,84535A,ENGLISH ROSE NOTEBOOK A6 SIZE,3,2011-04-17 12:38:00,0.65,12748.0,United Kingdom
550320,21770,OPEN CLOSED METAL SIGN,1,2011-04-17 12:38:00,4.95,12748.0,United Kingdom
550320,20992,JAZZ HEARTS PURSE NOTEBOOK,3,2011-04-17 12:38:00,0.85,12748.0,United Kingdom
550320,21563,RED HEART SHAPE LOVE BUCKET ,3,2011-04-17 12:38:00,2.95,12748.0,United Kingdom
550320,21564,PINK  HEART SHAPE LOVE BUCKET ,3,2011-04-17 12:38:00,2.95,12748.0,United Kingdom
550320,22839,3 TIER CAKE TIN GREEN AND CREAM,2,2011-04-17 12:38:00,14.95,12748.0,United Kingdom
550320,22427,ENAMEL FLOWER JUG CREAM,2,2011-04-17 12:38:00,5.95,12748.0,United Kingdom
550320,21318,GLASS CHALICE BLUE SMALL ,12,2011-04-17 12:38:00,0.39,12748.0,United Kingdom
550320,22960,JAM MAKING SET WITH JARS,5,2011-04-17 12:38:00,4.25,12748.0,United Kingdom
550320,22060,LARGE CAKE STAND HANGING HEARTS,6,2011-04-17 12:38:00,3.95,12748.0,United Kingdom
550321,21684,SMALL MEDINA STAMPED METAL BOWL ,2,2011-04-17 12:49:00,0.85,16770.0,United Kingdom
550321,21730,GLASS STAR FROSTED T-LIGHT HOLDER,1,2011-04-17 12:49:00,4.95,16770.0,United Kingdom
550321,22507,MEMO BOARD RETROSPOT  DESIGN,1,2011-04-17 12:49:00,4.95,16770.0,United Kingdom
550321,85136A,YELLOW SHARK HELICOPTER,1,2011-04-17 12:49:00,7.95,16770.0,United Kingdom
550321,21107,CREAM SLICE FLANNEL PINK SPOT ,1,2011-04-17 12:49:00,2.95,16770.0,United Kingdom
550321,22989,SET 2 PANTRY DESIGN TEA TOWELS,1,2011-04-17 12:49:00,3.25,16770.0,United Kingdom
550321,22271,FELTCRAFT DOLL ROSIE,1,2011-04-17 12:49:00,2.95,16770.0,United Kingdom
550321,20972,PINK CREAM FELT CRAFT TRINKET BOX ,2,2011-04-17 12:49:00,1.25,16770.0,United Kingdom
550321,22524,CHILDRENS GARDEN GLOVES BLUE,1,2011-04-17 12:49:00,1.25,16770.0,United Kingdom
550321,22525,CHILDRENS GARDEN GLOVES PINK,1,2011-04-17 12:49:00,1.25,16770.0,United Kingdom
550321,22523,CHILDS GARDEN FORK PINK,1,2011-04-17 12:49:00,0.85,16770.0,United Kingdom
550321,22998,TRAVEL CARD WALLET KEEP CALM,4,2011-04-17 12:49:00,0.42,16770.0,United Kingdom
550321,22999,TRAVEL CARD WALLET RETRO PETALS,3,2011-04-17 12:49:00,0.42,16770.0,United Kingdom
550321,23003,TRAVEL CARD WALLET VINTAGE ROSE ,2,2011-04-17 12:49:00,0.42,16770.0,United Kingdom
550321,22997,TRAVEL CARD WALLET UNION JACK,2,2011-04-17 12:49:00,0.42,16770.0,United Kingdom
550321,21445,12 PINK ROSE PEG PLACE SETTINGS,1,2011-04-17 12:49:00,1.25,16770.0,United Kingdom
550321,85211,S/4 GROOVY CAT MAGNETS,3,2011-04-17 12:49:00,1.65,16770.0,United Kingdom
550321,22271,FELTCRAFT DOLL ROSIE,2,2011-04-17 12:49:00,2.95,16770.0,United Kingdom
550321,22273,FELTCRAFT DOLL MOLLY,2,2011-04-17 12:49:00,2.95,16770.0,United Kingdom
550321,20971,PINK BLUE FELT CRAFT TRINKET BOX,1,2011-04-17 12:49:00,1.25,16770.0,United Kingdom
550321,20972,PINK CREAM FELT CRAFT TRINKET BOX ,2,2011-04-17 12:49:00,1.25,16770.0,United Kingdom
550321,22470,HEART OF WICKER LARGE,2,2011-04-17 12:49:00,2.95,16770.0,United Kingdom
550321,21531,RED RETROSPOT SUGAR JAM BOWL,1,2011-04-17 12:49:00,2.55,16770.0,United Kingdom
550321,21535,RED RETROSPOT SMALL MILK JUG,1,2011-04-17 12:49:00,2.55,16770.0,United Kingdom
550321,85123A,WHITE HANGING HEART T-LIGHT HOLDER,5,2011-04-17 12:49:00,2.95,16770.0,United Kingdom
550321,22522,CHILDS GARDEN FORK BLUE ,2,2011-04-17 12:49:00,0.85,16770.0,United Kingdom
550321,22520,CHILDS GARDEN TROWEL BLUE ,2,2011-04-17 12:49:00,0.85,16770.0,United Kingdom
550321,85211,S/4 GROOVY CAT MAGNETS,1,2011-04-17 12:49:00,1.65,16770.0,United Kingdom
550321,22521,CHILDS GARDEN TROWEL PINK,2,2011-04-17 12:49:00,0.85,16770.0,United Kingdom
550321,22523,CHILDS GARDEN FORK PINK,1,2011-04-17 12:49:00,0.85,16770.0,United Kingdom
550321,20677,PINK POLKADOT BOWL,2,2011-04-17 12:49:00,1.25,16770.0,United Kingdom
550321,22200,FRYING PAN PINK POLKADOT,1,2011-04-17 12:49:00,4.25,16770.0,United Kingdom
550321,22199,FRYING PAN RED RETROSPOT,1,2011-04-17 12:49:00,4.25,16770.0,United Kingdom
550321,21181,PLEASE ONE PERSON METAL SIGN,3,2011-04-17 12:49:00,2.1,16770.0,United Kingdom
550321,21166,COOK WITH WINE METAL SIGN ,2,2011-04-17 12:49:00,2.08,16770.0,United Kingdom
550321,21175,GIN + TONIC DIET METAL SIGN,1,2011-04-17 12:49:00,2.55,16770.0,United Kingdom
550321,84828,JUNGLE POPSICLES ICE LOLLY MOULDS,2,2011-04-17 12:49:00,1.25,16770.0,United Kingdom
550321,85152,HAND OVER THE CHOCOLATE   SIGN ,2,2011-04-17 12:49:00,2.1,16770.0,United Kingdom
550322,21558,SKULL LUNCH BOX WITH CUTLERY ,1,2011-04-17 12:53:00,2.55,14524.0,United Kingdom
550322,84029E,RED WOOLLY HOTTIE WHITE HEART.,1,2011-04-17 12:53:00,3.75,14524.0,United Kingdom
550322,21558,SKULL LUNCH BOX WITH CUTLERY ,1,2011-04-17 12:53:00,2.55,14524.0,United Kingdom
550322,21533,RETROSPOT LARGE MILK JUG,1,2011-04-17 12:53:00,4.95,14524.0,United Kingdom
550322,21936,RED RETROSPOT PICNIC BAG,1,2011-04-17 12:53:00,2.95,14524.0,United Kingdom
550322,20724,RED RETROSPOT CHARLOTTE BAG,1,2011-04-17 12:53:00,0.85,14524.0,United Kingdom
550322,20724,RED RETROSPOT CHARLOTTE BAG,1,2011-04-17 12:53:00,0.85,14524.0,United Kingdom
550322,21328,BALLOONS  WRITING SET ,1,2011-04-17 12:53:00,1.65,14524.0,United Kingdom
550322,47594B,SCOTTIES DESIGN WASHBAG,1,2011-04-17 12:53:00,1.95,14524.0,United Kingdom
550322,84029E,RED WOOLLY HOTTIE WHITE HEART.,1,2011-04-17 12:53:00,3.75,14524.0,United Kingdom
550322,22277,COSMETIC BAG VINTAGE ROSE PAISLEY,1,2011-04-17 12:53:00,2.1,14524.0,United Kingdom
550322,20725,LUNCH BAG RED RETROSPOT,1,2011-04-17 12:53:00,1.65,14524.0,United Kingdom
550322,22926,IVORY GIANT GARDEN THERMOMETER,1,2011-04-17 12:53:00,5.95,14524.0,United Kingdom
550322,20718,RED RETROSPOT SHOPPER BAG,1,2011-04-17 12:53:00,1.25,14524.0,United Kingdom
550322,20718,RED RETROSPOT SHOPPER BAG,1,2011-04-17 12:53:00,1.25,14524.0,United Kingdom
550322,22359,GLASS JAR KINGS CHOICE,1,2011-04-17 12:53:00,2.95,14524.0,United Kingdom
550322,22363,GLASS JAR MARMALADE ,1,2011-04-17 12:53:00,2.95,14524.0,United Kingdom
550322,22362,GLASS JAR PEACOCK BATH SALTS,1,2011-04-17 12:53:00,2.95,14524.0,United Kingdom
550322,22360,GLASS JAR ENGLISH CONFECTIONERY,1,2011-04-17 12:53:00,2.95,14524.0,United Kingdom
550322,22364,GLASS JAR DIGESTIVE BISCUITS,1,2011-04-17 12:53:00,2.95,14524.0,United Kingdom
550322,22361,GLASS JAR DAISY FRESH COTTON WOOL,1,2011-04-17 12:53:00,2.95,14524.0,United Kingdom
550322,22846,BREAD BIN DINER STYLE RED ,1,2011-04-17 12:53:00,5.0,14524.0,United Kingdom
550322,21931,JUMBO STORAGE BAG SUKI,13,2011-04-17 12:53:00,2.08,14524.0,United Kingdom
550322,22193,RED DINER WALL CLOCK,1,2011-04-17 12:53:00,8.5,14524.0,United Kingdom
550322,22199,FRYING PAN RED RETROSPOT,1,2011-04-17 12:53:00,4.25,14524.0,United Kingdom
550322,22203,MILK PAN RED RETROSPOT,1,2011-04-17 12:53:00,3.75,14524.0,United Kingdom
550322,21932,SCANDINAVIAN PAISLEY PICNIC BAG,1,2011-04-17 12:53:00,2.95,14524.0,United Kingdom
550322,21448,12 DAISY PEGS IN WOOD BOX,2,2011-04-17 12:53:00,1.65,14524.0,United Kingdom
550322,21559,STRAWBERRY LUNCH BOX WITH CUTLERY,1,2011-04-17 12:53:00,2.55,14524.0,United Kingdom
550322,84796A,PINK HAWAIIAN PICNIC HAMPER FOR 2,1,2011-04-17 12:53:00,12.75,14524.0,United Kingdom
550322,23201,JUMBO BAG ALPHABET,1,2011-04-17 12:53:00,2.08,14524.0,United Kingdom
550322,21844,RED RETROSPOT MUG,6,2011-04-17 12:53:00,2.95,14524.0,United Kingdom
550322,21217,RED RETROSPOT ROUND CAKE TINS,1,2011-04-17 12:53:00,9.95,14524.0,United Kingdom
550322,21563,RED HEART SHAPE LOVE BUCKET ,1,2011-04-17 12:53:00,2.95,14524.0,United Kingdom
550323,22839,3 TIER CAKE TIN GREEN AND CREAM,1,2011-04-17 12:57:00,14.95,13692.0,United Kingdom
550323,71459,HANGING JAM JAR T-LIGHT HOLDER,12,2011-04-17 12:57:00,0.85,13692.0,United Kingdom
550323,15036,ASSORTED COLOURS SILK FAN,48,2011-04-17 12:57:00,0.83,13692.0,United Kingdom
550323,22085,PAPER CHAIN KIT SKULLS ,40,2011-04-17 12:57:00,2.55,13692.0,United Kingdom
550323,22083,PAPER CHAIN KIT RETROSPOT,40,2011-04-17 12:57:00,2.55,13692.0,United Kingdom
550323,22084,PAPER CHAIN KIT EMPIRE,40,2011-04-17 12:57:00,2.55,13692.0,United Kingdom
550323,22902,TOTE BAG I LOVE LONDON,24,2011-04-17 12:57:00,2.1,13692.0,United Kingdom
550323,84077,WORLD WAR 2 GLIDERS ASSTD DESIGNS,48,2011-04-17 12:57:00,0.29,13692.0,United Kingdom
550323,21915,RED  HARMONICA IN BOX ,24,2011-04-17 12:57:00,1.25,13692.0,United Kingdom
550323,22434,BALLOON PUMP WITH 10 BALLOONS,16,2011-04-17 12:57:00,1.95,13692.0,United Kingdom
550323,22149,FELTCRAFT 6 FLOWER FRIENDS,12,2011-04-17 12:57:00,2.1,13692.0,United Kingdom
550323,20971,PINK BLUE FELT CRAFT TRINKET BOX,12,2011-04-17 12:57:00,1.25,13692.0,United Kingdom
550323,22984,CARD GINGHAM ROSE ,24,2011-04-17 12:57:00,0.42,13692.0,United Kingdom
550323,22713,CARD I LOVE LONDON ,24,2011-04-17 12:57:00,0.42,13692.0,United Kingdom
550323,22037,ROBOT BIRTHDAY CARD,24,2011-04-17 12:57:00,0.42,13692.0,United Kingdom
550323,22714,CARD BIRTHDAY COWBOY,24,2011-04-17 12:57:00,0.42,13692.0,United Kingdom
550323,22025,RING OF ROSES BIRTHDAY CARD,24,2011-04-17 12:57:00,0.42,13692.0,United Kingdom
550323,21508,VINTAGE KID DOLLY CARD ,24,2011-04-17 12:57:00,0.42,13692.0,United Kingdom
550323,22983,CARD BILLBOARD FONT,24,2011-04-17 12:57:00,0.42,13692.0,United Kingdom
550323,22029,SPACEBOY BIRTHDAY CARD,24,2011-04-17 12:57:00,0.42,13692.0,United Kingdom
550323,22045,SPACEBOY GIFT WRAP,25,2011-04-17 12:57:00,0.42,13692.0,United Kingdom
550323,22706,WRAP COWBOYS  ,25,2011-04-17 12:57:00,0.42,13692.0,United Kingdom
550323,23233,WRAP POPPIES  DESIGN,25,2011-04-17 12:57:00,0.42,13692.0,United Kingdom
550323,23231,WRAP DOILEY DESIGN,25,2011-04-17 12:57:00,0.42,13692.0,United Kingdom
550323,23230,WRAP ALPHABET DESIGN,25,2011-04-17 12:57:00,0.42,13692.0,United Kingdom
550323,22616,PACK OF 12 LONDON TISSUES ,24,2011-04-17 12:57:00,0.29,13692.0,United Kingdom
550323,21843,RED RETROSPOT CAKE STAND,1,2011-04-17 12:57:00,10.95,13692.0,United Kingdom
550323,22969,HOMEMADE JAM SCENTED CANDLES,24,2011-04-17 12:57:00,1.45,13692.0,United Kingdom
550323,22193,RED DINER WALL CLOCK,2,2011-04-17 12:57:00,8.5,13692.0,United Kingdom
550323,22824,3 TIER SWEETHEART GARDEN SHELF,1,2011-04-17 12:57:00,35.95,13692.0,United Kingdom
550323,84879,ASSORTED COLOUR BIRD ORNAMENT,48,2011-04-17 12:57:00,1.69,13692.0,United Kingdom
550324,22178,VICTORIAN GLASS HANGING T-LIGHT,24,2011-04-17 13:02:00,1.25,12997.0,United Kingdom
550324,21232,STRAWBERRY CERAMIC TRINKET BOX,12,2011-04-17 13:02:00,1.25,12997.0,United Kingdom
550324,21314,SMALL GLASS HEART TRINKET POT,8,2011-04-17 13:02:00,2.1,12997.0,United Kingdom
550324,22212,FOUR HOOK  WHITE LOVEBIRDS,6,2011-04-17 13:02:00,2.1,12997.0,United Kingdom
550324,22094,RED RETROSPOT TISSUE BOX,12,2011-04-17 13:02:00,1.25,12997.0,United Kingdom
550324,21231,SWEETHEART CERAMIC TRINKET BOX,24,2011-04-17 13:02:00,1.25,12997.0,United Kingdom
550324,22457,NATURAL SLATE HEART CHALKBOARD ,6,2011-04-17 13:02:00,2.95,12997.0,United Kingdom
550324,21313,GLASS HEART T-LIGHT HOLDER ,12,2011-04-17 13:02:00,0.85,12997.0,United Kingdom
550324,22281,EASTER TREE YELLOW BIRDS,2,2011-04-17 13:02:00,5.95,12997.0,United Kingdom
550324,22665,RECIPE BOX BLUE SKETCHBOOK DESIGN,6,2011-04-17 13:02:00,2.95,12997.0,United Kingdom
550324,22723,SET OF 6 HERB TINS SKETCHBOOK,4,2011-04-17 13:02:00,3.95,12997.0,United Kingdom
550324,23065,LARGE DECO JEWELLERY STAND,1,2011-04-17 13:02:00,12.5,12997.0,United Kingdom
550324,22675,FRENCH KITCHEN SIGN BLUE METAL,12,2011-04-17 13:02:00,1.25,12997.0,United Kingdom
550324,23182,TOILET SIGN OCCUPIED OR VACANT,24,2011-04-17 13:02:00,0.83,12997.0,United Kingdom
550324,22672,FRENCH BATHROOM SIGN BLUE METAL,12,2011-04-17 13:02:00,1.65,12997.0,United Kingdom
550324,22188,BLACK HEART CARD HOLDER,4,2011-04-17 13:02:00,3.95,12997.0,United Kingdom
550324,22187,GREEN CHRISTMAS TREE CARD HOLDER,4,2011-04-17 13:02:00,4.25,12997.0,United Kingdom
550324,35961,FOLKART ZINC HEART CHRISTMAS DEC,12,2011-04-17 13:02:00,0.85,12997.0,United Kingdom
550325,22423,REGENCY CAKESTAND 3 TIER,2,2011-04-17 13:04:00,12.75,15745.0,United Kingdom
550325,84843,WHITE SOAP RACK WITH 2 BOTTLES,2,2011-04-17 13:04:00,5.95,15745.0,United Kingdom
550325,22115,METAL SIGN EMPIRE TEA,6,2011-04-17 13:04:00,2.95,15745.0,United Kingdom
550325,23182,TOILET SIGN OCCUPIED OR VACANT,24,2011-04-17 13:04:00,0.83,15745.0,United Kingdom
550325,22413,METAL SIGN TAKE IT OR LEAVE IT ,6,2011-04-17 13:04:00,2.95,15745.0,United Kingdom
550325,21169,YOU'RE CONFUSING ME METAL SIGN ,12,2011-04-17 13:04:00,1.69,15745.0,United Kingdom
550325,21116,OWL DOORSTOP,3,2011-04-17 13:04:00,4.95,15745.0,United Kingdom
550325,72741,GRAND CHOCOLATECANDLE,18,2011-04-17 13:04:00,1.45,15745.0,United Kingdom
550325,22969,HOMEMADE JAM SCENTED CANDLES,12,2011-04-17 13:04:00,1.45,15745.0,United Kingdom
550325,22358,KINGS CHOICE TEA CADDY ,6,2011-04-17 13:04:00,2.95,15745.0,United Kingdom
550325,46000R,POLYESTER FILLER PAD 45x30cm,4,2011-04-17 13:04:00,1.45,15745.0,United Kingdom
550325,46000M,POLYESTER FILLER PAD 45x45cm,6,2011-04-17 13:04:00,1.55,15745.0,United Kingdom
550325,22832,BROCANTE SHELF WITH HOOKS,2,2011-04-17 13:04:00,10.75,15745.0,United Kingdom
550325,22499,WOODEN UNION JACK BUNTING,3,2011-04-17 13:04:00,5.95,15745.0,United Kingdom
550325,22171,3 HOOK PHOTO SHELF ANTIQUE WHITE,2,2011-04-17 13:04:00,8.5,15745.0,United Kingdom
550325,22487,WHITE WOOD GARDEN PLANT LADDER,1,2011-04-17 13:04:00,9.95,15745.0,United Kingdom
550325,85053,FRENCH ENAMEL CANDLEHOLDER,6,2011-04-17 13:04:00,2.1,15745.0,United Kingdom
550325,22464,HANGING METAL HEART LANTERN,12,2011-04-17 13:04:00,1.65,15745.0,United Kingdom
550326,22509,SEWING BOX RETROSPOT DESIGN ,1,2011-04-17 13:05:00,16.95,14532.0,United Kingdom
550326,16011,ANIMAL STICKERS,25,2011-04-17 13:05:00,0.21,14532.0,United Kingdom
550326,21918,SET 12 KIDS COLOUR  CHALK STICKS,25,2011-04-17 13:05:00,0.42,14532.0,United Kingdom
550326,22439,6 ROCKET BALLOONS ,4,2011-04-17 13:05:00,0.65,14532.0,United Kingdom
550326,22534,MAGIC DRAWING SLATE SPACEBOY ,25,2011-04-17 13:05:00,0.42,14532.0,United Kingdom
550326,22543,MINI JIGSAW BAKE A CAKE ,25,2011-04-17 13:05:00,0.42,14532.0,United Kingdom
550326,22983,CARD BILLBOARD FONT,12,2011-04-17 13:05:00,0.42,14532.0,United Kingdom
550326,21212,PACK OF 72 RETROSPOT CAKE CASES,1,2011-04-17 13:05:00,0.55,14532.0,United Kingdom
550326,22714,CARD BIRTHDAY COWBOY,1,2011-04-17 13:05:00,0.42,14532.0,United Kingdom
550326,21242,RED RETROSPOT PLATE ,6,2011-04-17 13:05:00,1.69,14532.0,United Kingdom
550326,20675,BLUE POLKADOT BOWL,6,2011-04-17 13:05:00,1.25,14532.0,United Kingdom
550326,21238,RED RETROSPOT CUP,4,2011-04-17 13:05:00,0.85,14532.0,United Kingdom
550326,21561,DINOSAUR LUNCH BOX WITH CUTLERY,1,2011-04-17 13:05:00,2.55,14532.0,United Kingdom
550326,22352,LUNCH BOX WITH CUTLERY RETROSPOT ,1,2011-04-17 13:05:00,2.55,14532.0,United Kingdom
550326,21080,SET/20 RED RETROSPOT PAPER NAPKINS ,5,2011-04-17 13:05:00,0.85,14532.0,United Kingdom
550326,22090,PAPER BUNTING RETROSPOT,1,2011-04-17 13:05:00,2.95,14532.0,United Kingdom
550326,20751,FUNKY WASHING UP GLOVES ASSORTED,1,2011-04-17 13:05:00,2.1,14532.0,United Kingdom
550326,21086,SET/6 RED SPOTTY PAPER CUPS,6,2011-04-17 13:05:00,0.65,14532.0,United Kingdom
550326,84997C,CHILDRENS CUTLERY POLKADOT BLUE,5,2011-04-17 13:05:00,4.15,14532.0,United Kingdom
550326,22333,RETROSPOT PARTY BAG + STICKER SET,11,2011-04-17 13:05:00,1.65,14532.0,United Kingdom
550327,21668,RED STRIPE CERAMIC DRAWER KNOB,24,2011-04-17 13:07:00,1.25,12878.0,United Kingdom
550327,21671,RED SPOT CERAMIC DRAWER KNOB,24,2011-04-17 13:07:00,1.25,12878.0,United Kingdom
550327,21672,WHITE SPOT RED CERAMIC DRAWER KNOB,24,2011-04-17 13:07:00,1.25,12878.0,United Kingdom
550327,21669,BLUE STRIPE CERAMIC DRAWER KNOB,24,2011-04-17 13:07:00,1.25,12878.0,United Kingdom
550327,21670,BLUE SPOT CERAMIC DRAWER KNOB,24,2011-04-17 13:07:00,1.25,12878.0,United Kingdom
550327,21673,WHITE SPOT BLUE CERAMIC DRAWER KNOB,24,2011-04-17 13:07:00,1.25,12878.0,United Kingdom
550327,21155,RED RETROSPOT PEG BAG,12,2011-04-17 13:07:00,2.55,12878.0,United Kingdom
550327,22980,PANTRY SCRUBBING BRUSH,12,2011-04-17 13:07:00,1.65,12878.0,United Kingdom
550327,22195,LARGE HEART MEASURING SPOONS,12,2011-04-17 13:07:00,1.65,12878.0,United Kingdom
550327,22937,BAKING MOULD CHOCOLATE CUPCAKES,6,2011-04-17 13:07:00,2.55,12878.0,United Kingdom
550327,21212,PACK OF 72 RETROSPOT CAKE CASES,24,2011-04-17 13:07:00,0.55,12878.0,United Kingdom
550327,21041,RED RETROSPOT OVEN GLOVE DOUBLE,6,2011-04-17 13:07:00,2.95,12878.0,United Kingdom
550327,20754,RETROSPOT RED WASHING UP GLOVES,6,2011-04-17 13:07:00,2.1,12878.0,United Kingdom
550327,20752,BLUE POLKADOT WASHING UP GLOVES,6,2011-04-17 13:07:00,2.1,12878.0,United Kingdom
550327,21080,SET/20 RED RETROSPOT PAPER NAPKINS ,12,2011-04-17 13:07:00,0.85,12878.0,United Kingdom
550327,85114A,BLACK ENCHANTED FOREST PLACEMAT,6,2011-04-17 13:07:00,1.65,12878.0,United Kingdom
550327,85114B,IVORY ENCHANTED FOREST PLACEMAT,6,2011-04-17 13:07:00,1.65,12878.0,United Kingdom
550327,85114C,RED ENCHANTED FOREST PLACEMAT,6,2011-04-17 13:07:00,1.65,12878.0,United Kingdom
550327,21754,HOME BUILDING BLOCK WORD,3,2011-04-17 13:07:00,5.95,12878.0,United Kingdom
550327,48194,DOORMAT HEARTS,2,2011-04-17 13:07:00,7.95,12878.0,United Kingdom
550327,85099B,JUMBO BAG RED RETROSPOT,10,2011-04-17 13:07:00,2.08,12878.0,United Kingdom
550327,23256,CHILDRENS CUTLERY SPACEBOY ,4,2011-04-17 13:07:00,4.15,12878.0,United Kingdom
550327,23154,SET OF 4 JAM JAR MAGNETS,12,2011-04-17 13:07:00,2.08,12878.0,United Kingdom
550327,23254,CHILDRENS CUTLERY DOLLY GIRL ,4,2011-04-17 13:07:00,4.15,12878.0,United Kingdom
550327,23199,JUMBO BAG APPLES,10,2011-04-17 13:07:00,2.08,12878.0,United Kingdom
550327,23204,CHARLOTTE BAG APPLES DESIGN,10,2011-04-17 13:07:00,0.85,12878.0,United Kingdom
550327,23206,LUNCH BAG APPLE DESIGN,10,2011-04-17 13:07:00,1.65,12878.0,United Kingdom
550327,22558,CLOTHES PEGS RETROSPOT PACK 24 ,12,2011-04-17 13:07:00,1.65,12878.0,United Kingdom
550328,22616,PACK OF 12 LONDON TISSUES ,6,2011-04-17 13:18:00,0.29,17582.0,United Kingdom
550328,22084,PAPER CHAIN KIT EMPIRE,1,2011-04-17 13:18:00,2.95,17582.0,United Kingdom
550328,21080,SET/20 RED RETROSPOT PAPER NAPKINS ,2,2011-04-17 13:18:00,0.85,17582.0,United Kingdom
550328,22997,TRAVEL CARD WALLET UNION JACK,3,2011-04-17 13:18:00,0.42,17582.0,United Kingdom
550328,22996,TRAVEL CARD WALLET VINTAGE TICKET,3,2011-04-17 13:18:00,0.42,17582.0,United Kingdom
550328,35961,FOLKART ZINC HEART CHRISTMAS DEC,1,2011-04-17 13:18:00,0.85,17582.0,United Kingdom
550328,22858,EASTER TIN KEEPSAKE,1,2011-04-17 13:18:00,1.65,17582.0,United Kingdom
550328,22091,EMPIRE TISSUE BOX,1,2011-04-17 13:18:00,1.25,17582.0,United Kingdom
550328,22207,FRYING PAN UNION FLAG,1,2011-04-17 13:18:00,4.25,17582.0,United Kingdom
550328,21922,UNION STRIPE WITH FRINGE  HAMMOCK,1,2011-04-17 13:18:00,7.95,17582.0,United Kingdom
550328,22693,GROW A FLYTRAP OR SUNFLOWER IN TIN,48,2011-04-17 13:18:00,1.25,17582.0,United Kingdom
550328,22055,MINI CAKE STAND  HANGING STRAWBERY,2,2011-04-17 13:18:00,1.65,17582.0,United Kingdom
550328,72801G,4 BURGUNDY WINE DINNER CANDLES,4,2011-04-17 13:18:00,1.25,17582.0,United Kingdom
550328,37447,CERAMIC CAKE DESIGN SPOTTED PLATE,4,2011-04-17 13:18:00,1.49,17582.0,United Kingdom
550328,22055,MINI CAKE STAND  HANGING STRAWBERY,1,2011-04-17 13:18:00,1.65,17582.0,United Kingdom
550328,84673A,PINK FLY SWAT,1,2011-04-17 13:18:00,0.65,17582.0,United Kingdom
550328,21592,RETROSPOT CIGAR BOX MATCHES ,1,2011-04-17 13:18:00,1.25,17582.0,United Kingdom
550328,21986,PACK OF 12 PINK POLKADOT TISSUES,12,2011-04-17 13:18:00,0.29,17582.0,United Kingdom
550328,22063,CERAMIC BOWL WITH STRAWBERRY DESIGN,2,2011-04-17 13:18:00,2.95,17582.0,United Kingdom
550328,22059,CERAMIC STRAWBERRY DESIGN MUG,4,2011-04-17 13:18:00,1.49,17582.0,United Kingdom
550328,37446,MINI CAKE STAND WITH HANGING CAKES,3,2011-04-17 13:18:00,1.45,17582.0,United Kingdom
550328,22358,KINGS CHOICE TEA CADDY ,1,2011-04-17 13:18:00,2.95,17582.0,United Kingdom
550328,22851,SET 20 NAPKINS FAIRY CAKES DESIGN ,3,2011-04-17 13:18:00,0.85,17582.0,United Kingdom
550328,37500,TEA TIME TEAPOT IN GIFT BOX,3,2011-04-17 13:18:00,4.95,17582.0,United Kingdom
550328,21232,STRAWBERRY CERAMIC TRINKET BOX,1,2011-04-17 13:18:00,1.25,17582.0,United Kingdom
550328,22649,STRAWBERRY FAIRY CAKE TEAPOT,2,2011-04-17 13:18:00,4.95,17582.0,United Kingdom
550328,22057,CERAMIC PLATE STRAWBERRY DESIGN,4,2011-04-17 13:18:00,1.49,17582.0,United Kingdom
550328,84192,ASSORTED COLOUR METAL CAT ,6,2011-04-17 13:18:00,1.25,17582.0,United Kingdom
550328,22841,ROUND CAKE TIN VINTAGE GREEN,1,2011-04-17 13:18:00,7.95,17582.0,United Kingdom
550329,22584,PACK OF 6 PANNETONE GIFT BOXES,6,2011-04-17 13:20:00,2.55,13951.0,United Kingdom
550329,20867,PINK ROSE FABRIC MIRROR,12,2011-04-17 13:20:00,1.25,13951.0,United Kingdom
550329,22969,HOMEMADE JAM SCENTED CANDLES,12,2011-04-17 13:20:00,1.45,13951.0,United Kingdom
550329,22595,GINGHAM HEART DECORATION,12,2011-04-17 13:20:00,0.85,13951.0,United Kingdom
550329,22822,CREAM WALL PLANTER HEART SHAPED,2,2011-04-17 13:20:00,5.95,13951.0,United Kingdom
550329,22692,DOORMAT WELCOME TO OUR HOME,2,2011-04-17 13:20:00,7.95,13951.0,United Kingdom
550329,21755,LOVE BUILDING BLOCK WORD,3,2011-04-17 13:20:00,5.95,13951.0,United Kingdom
550329,22169,FAMILY ALBUM WHITE PICTURE FRAME,2,2011-04-17 13:20:00,8.5,13951.0,United Kingdom
550329,22379,RECYCLING BAG RETROSPOT ,10,2011-04-17 13:20:00,2.1,13951.0,United Kingdom
550329,22113,GREY HEART HOT WATER BOTTLE,4,2011-04-17 13:20:00,3.75,13951.0,United Kingdom
550329,22585,PACK OF 6 BIRDY GIFT TAGS,12,2011-04-17 13:20:00,1.25,13951.0,United Kingdom
550329,21155,RED RETROSPOT PEG BAG,6,2011-04-17 13:20:00,2.55,13951.0,United Kingdom
550329,22147,FELTCRAFT BUTTERFLY HEARTS,12,2011-04-17 13:20:00,1.45,13951.0,United Kingdom
550329,22693,GROW A FLYTRAP OR SUNFLOWER IN TIN,24,2011-04-17 13:20:00,1.25,13951.0,United Kingdom
550329,20981,12 PENCILS TALL TUBE WOODLAND,12,2011-04-17 13:20:00,0.85,13951.0,United Kingdom
550329,21703,BAG 125g SWIRLY MARBLES,12,2011-04-17 13:20:00,0.42,13951.0,United Kingdom
550329,21790,VINTAGE SNAP CARDS,12,2011-04-17 13:20:00,0.85,13951.0,United Kingdom
550329,84946,ANTIQUE SILVER T-LIGHT GLASS,12,2011-04-17 13:20:00,1.25,13951.0,United Kingdom
550329,82482,WOODEN PICTURE FRAME WHITE FINISH,6,2011-04-17 13:20:00,2.55,13951.0,United Kingdom
550329,22179,SET 10 LIGHTS NIGHT OWL,2,2011-04-17 13:20:00,6.75,13951.0,United Kingdom
550330,22938,CUPCAKE LACE PAPER SET 6,12,2011-04-17 13:27:00,1.95,15827.0,United Kingdom
550330,22993,SET OF 4 PANTRY JELLY MOULDS,12,2011-04-17 13:27:00,1.25,15827.0,United Kingdom
550330,23159,SET OF 5 PANCAKE DAY MAGNETS,12,2011-04-17 13:27:00,2.08,15827.0,United Kingdom
550331,21383,PACK OF 12 STICKY BUNNIES,1,2011-04-17 13:43:00,0.65,15555.0,United Kingdom
550331,22219,LOVEBIRD HANGING DECORATION WHITE ,1,2011-04-17 13:43:00,0.85,15555.0,United Kingdom
550331,85202,HANGING WOOD AND FELT HEART,1,2011-04-17 13:43:00,0.42,15555.0,United Kingdom
550331,85203,HANGING WOOD AND FELT BUTTERFLY ,1,2011-04-17 13:43:00,0.42,15555.0,United Kingdom
550331,22229,BUNNY WOODEN PAINTED WITH FLOWER ,1,2011-04-17 13:43:00,0.85,15555.0,United Kingdom
550331,22294,HEART FILIGREE DOVE  SMALL,2,2011-04-17 13:43:00,1.25,15555.0,United Kingdom
550331,85202,HANGING WOOD AND FELT HEART,1,2011-04-17 13:43:00,0.42,15555.0,United Kingdom
550331,22249,DECORATION WHITE CHICK MAGIC GARDEN,1,2011-04-17 13:43:00,0.85,15555.0,United Kingdom
550331,22219,LOVEBIRD HANGING DECORATION WHITE ,1,2011-04-17 13:43:00,0.85,15555.0,United Kingdom
550331,85203,HANGING WOOD AND FELT BUTTERFLY ,4,2011-04-17 13:43:00,0.42,15555.0,United Kingdom
550331,85202,HANGING WOOD AND FELT HEART,1,2011-04-17 13:43:00,0.42,15555.0,United Kingdom
550331,22294,HEART FILIGREE DOVE  SMALL,1,2011-04-17 13:43:00,1.25,15555.0,United Kingdom
550331,22297,HEART IVORY TRELLIS SMALL,2,2011-04-17 13:43:00,1.25,15555.0,United Kingdom
550331,22266,EASTER DECORATION HANGING BUNNY,2,2011-04-17 13:43:00,0.65,15555.0,United Kingdom
550331,85202,HANGING WOOD AND FELT HEART,1,2011-04-17 13:43:00,0.42,15555.0,United Kingdom
550331,21454,PAINTED PINK RABBIT ,3,2011-04-17 13:43:00,0.85,15555.0,United Kingdom
550331,22247,BUNNY DECORATION MAGIC GARDEN,3,2011-04-17 13:43:00,0.85,15555.0,United Kingdom
550331,22266,EASTER DECORATION HANGING BUNNY,1,2011-04-17 13:43:00,0.65,15555.0,United Kingdom
550331,21383,PACK OF 12 STICKY BUNNIES,1,2011-04-17 13:43:00,0.65,15555.0,United Kingdom
550331,21383,PACK OF 12 STICKY BUNNIES,1,2011-04-17 13:43:00,0.65,15555.0,United Kingdom
550331,85202,HANGING WOOD AND FELT HEART,1,2011-04-17 13:43:00,0.42,15555.0,United Kingdom
550331,21383,PACK OF 12 STICKY BUNNIES,1,2011-04-17 13:43:00,0.65,15555.0,United Kingdom
550331,22249,DECORATION WHITE CHICK MAGIC GARDEN,1,2011-04-17 13:43:00,0.85,15555.0,United Kingdom
550331,22230,JIGSAW TREE WITH WATERING CAN,1,2011-04-17 13:43:00,0.85,15555.0,United Kingdom
550331,22229,BUNNY WOODEN PAINTED WITH FLOWER ,2,2011-04-17 13:43:00,0.85,15555.0,United Kingdom
550331,22230,JIGSAW TREE WITH WATERING CAN,2,2011-04-17 13:43:00,0.85,15555.0,United Kingdom
550331,22228,BUNNY WOODEN PAINTED WITH BIRD ,3,2011-04-17 13:43:00,0.85,15555.0,United Kingdom
550331,22162,HEART GARLAND RUSTIC PADDED,4,2011-04-17 13:43:00,2.95,15555.0,United Kingdom
550331,22561,WOODEN SCHOOL COLOURING SET,1,2011-04-17 13:43:00,1.65,15555.0,United Kingdom
550331,16235,RECYCLED PENCIL WITH RABBIT ERASER,12,2011-04-17 13:43:00,0.21,15555.0,United Kingdom
550331,23158,SET OF 5 LUCKY CAT MAGNETS ,1,2011-04-17 13:43:00,2.08,15555.0,United Kingdom
550331,23158,SET OF 5 LUCKY CAT MAGNETS ,1,2011-04-17 13:43:00,2.08,15555.0,United Kingdom
550331,22402,MAGNETS PACK OF 4 VINTAGE COLLAGE,1,2011-04-17 13:43:00,1.25,15555.0,United Kingdom
550331,22398,MAGNETS PACK OF 4 SWALLOWS,1,2011-04-17 13:43:00,1.25,15555.0,United Kingdom
550331,85123A,WHITE HANGING HEART T-LIGHT HOLDER,2,2011-04-17 13:43:00,2.95,15555.0,United Kingdom
550331,22861,EASTER TIN CHICKS IN GARDEN,2,2011-04-17 13:43:00,1.65,15555.0,United Kingdom
550331,22860,EASTER TIN CHICKS PINK DAISY,2,2011-04-17 13:43:00,1.65,15555.0,United Kingdom
550331,22858,EASTER TIN KEEPSAKE,2,2011-04-17 13:43:00,1.65,15555.0,United Kingdom
550331,22859,EASTER TIN BUNNY BOUQUET,2,2011-04-17 13:43:00,1.65,15555.0,United Kingdom
550331,20973,12 PENCIL SMALL TUBE WOODLAND,3,2011-04-17 13:43:00,0.65,15555.0,United Kingdom
550331,22759,SET OF 3 NOTEBOOKS IN PARCEL,3,2011-04-17 13:43:00,1.65,15555.0,United Kingdom
550331,22399,MAGNETS PACK OF 4 CHILDHOOD MEMORY,1,2011-04-17 13:43:00,1.25,15555.0,United Kingdom
550331,22400,MAGNETS PACK OF 4 HOME SWEET HOME,1,2011-04-17 13:43:00,1.25,15555.0,United Kingdom
550331,22396,MAGNETS PACK OF 4 RETRO PHOTO,1,2011-04-17 13:43:00,1.25,15555.0,United Kingdom
550331,22084,PAPER CHAIN KIT EMPIRE,1,2011-04-17 13:43:00,2.95,15555.0,United Kingdom
550331,84536A,ENGLISH ROSE NOTEBOOK A7 SIZE,6,2011-04-17 13:43:00,0.42,15555.0,United Kingdom
550331,22562,MONSTERS STENCIL CRAFT,2,2011-04-17 13:43:00,1.25,15555.0,United Kingdom
550331,75049L,LARGE CIRCULAR MIRROR MOBILE,2,2011-04-17 13:43:00,1.25,15555.0,United Kingdom
550331,84535A,ENGLISH ROSE NOTEBOOK A6 SIZE,6,2011-04-17 13:43:00,0.65,15555.0,United Kingdom
550331,22563,HAPPY STENCIL CRAFT,2,2011-04-17 13:43:00,1.25,15555.0,United Kingdom
550331,22560,TRADITIONAL MODELLING CLAY,3,2011-04-17 13:43:00,1.25,15555.0,United Kingdom
550331,22564,ALPHABET STENCIL CRAFT,2,2011-04-17 13:43:00,1.25,15555.0,United Kingdom
550331,22989,SET 2 PANTRY DESIGN TEA TOWELS,2,2011-04-17 13:43:00,3.25,15555.0,United Kingdom
550331,21035,SET/2 RED RETROSPOT TEA TOWELS ,2,2011-04-17 13:43:00,3.25,15555.0,United Kingdom
550331,47559B,TEA TIME OVEN GLOVE,2,2011-04-17 13:43:00,1.25,15555.0,United Kingdom
550331,21154,RED RETROSPOT OVEN GLOVE ,2,2011-04-17 13:43:00,1.25,15555.0,United Kingdom
550331,22558,CLOTHES PEGS RETROSPOT PACK 24 ,2,2011-04-17 13:43:00,1.65,15555.0,United Kingdom
550331,16202E,BLACK PHOTO ALBUM ,2,2011-04-17 13:43:00,0.5,15555.0,United Kingdom
550331,16202A,PASTEL PINK PHOTO ALBUM ,4,2011-04-17 13:43:00,0.5,15555.0,United Kingdom
550331,16202B,PASTEL BLUE PHOTO ALBUM ,5,2011-04-17 13:43:00,0.5,15555.0,United Kingdom
550331,85099C,JUMBO  BAG BAROQUE BLACK WHITE,1,2011-04-17 13:43:00,2.08,15555.0,United Kingdom
550331,21931,JUMBO STORAGE BAG SUKI,1,2011-04-17 13:43:00,2.08,15555.0,United Kingdom
550331,21929,JUMBO BAG PINK VINTAGE PAISLEY,1,2011-04-17 13:43:00,2.08,15555.0,United Kingdom
550331,22663,JUMBO BAG DOLLY GIRL DESIGN,1,2011-04-17 13:43:00,2.08,15555.0,United Kingdom
550331,22385,JUMBO BAG SPACEBOY DESIGN,1,2011-04-17 13:43:00,2.08,15555.0,United Kingdom
550331,23206,LUNCH BAG APPLE DESIGN,2,2011-04-17 13:43:00,1.65,15555.0,United Kingdom
550331,22029,SPACEBOY BIRTHDAY CARD,12,2011-04-17 13:43:00,0.42,15555.0,United Kingdom
550331,22817,CARD SUKI BIRTHDAY,12,2011-04-17 13:43:00,0.42,15555.0,United Kingdom
550331,21506,"FANCY FONT BIRTHDAY CARD, ",12,2011-04-17 13:43:00,0.42,15555.0,United Kingdom
550331,22715,CARD WEDDING DAY,12,2011-04-17 13:43:00,0.42,15555.0,United Kingdom
550331,22383,LUNCH BAG SUKI DESIGN ,3,2011-04-17 13:43:00,1.65,15555.0,United Kingdom
550331,22662,LUNCH BAG DOLLY GIRL DESIGN,2,2011-04-17 13:43:00,1.65,15555.0,United Kingdom
550331,82482,WOODEN PICTURE FRAME WHITE FINISH,4,2011-04-17 13:43:00,2.55,15555.0,United Kingdom
550331,17107D,"FLOWER FAIRY,5 SUMMER B'DRAW LINERS",2,2011-04-17 13:43:00,2.55,15555.0,United Kingdom
550331,21733,RED HANGING HEART T-LIGHT HOLDER,2,2011-04-17 13:43:00,2.95,15555.0,United Kingdom
550331,22804,CANDLEHOLDER PINK HANGING HEART,2,2011-04-17 13:43:00,2.95,15555.0,United Kingdom
550331,37370,RETRO COFFEE MUGS ASSORTED,6,2011-04-17 13:43:00,1.25,15555.0,United Kingdom
550331,21875,KINGS CHOICE MUG,2,2011-04-17 13:43:00,1.25,15555.0,United Kingdom
550331,21871,SAVE THE PLANET MUG,2,2011-04-17 13:43:00,1.25,15555.0,United Kingdom
550331,21877,HOME SWEET HOME MUG,2,2011-04-17 13:43:00,1.25,15555.0,United Kingdom
550331,21876,POTTERING MUG,2,2011-04-17 13:43:00,1.25,15555.0,United Kingdom
550331,21868,POTTING SHED TEA MUG,2,2011-04-17 13:43:00,1.25,15555.0,United Kingdom
550331,21874,GIN AND TONIC MUG,2,2011-04-17 13:43:00,1.25,15555.0,United Kingdom
550331,21875,KINGS CHOICE MUG,6,2011-04-17 13:43:00,1.25,15555.0,United Kingdom
550331,21889,WOODEN BOX OF DOMINOES,3,2011-04-17 13:43:00,1.25,15555.0,United Kingdom
550331,22623,BOX OF VINTAGE JIGSAW BLOCKS ,2,2011-04-17 13:43:00,5.95,15555.0,United Kingdom
550331,82484,WOOD BLACK BOARD ANT WHITE FINISH,1,2011-04-17 13:43:00,7.95,15555.0,United Kingdom
550331,22382,LUNCH BAG SPACEBOY DESIGN ,2,2011-04-17 13:43:00,1.65,15555.0,United Kingdom
550331,23208,LUNCH BAG VINTAGE LEAF DESIGN,2,2011-04-17 13:43:00,1.65,15555.0,United Kingdom
550331,21918,SET 12 KIDS COLOUR  CHALK STICKS,3,2011-04-17 13:43:00,0.42,15555.0,United Kingdom
550331,22553,PLASTERS IN TIN SKULLS,2,2011-04-17 13:43:00,1.65,15555.0,United Kingdom
550331,22554,PLASTERS IN TIN WOODLAND ANIMALS,2,2011-04-17 13:43:00,1.65,15555.0,United Kingdom
550331,22551,PLASTERS IN TIN SPACEBOY,2,2011-04-17 13:43:00,1.65,15555.0,United Kingdom
550331,22557,PLASTERS IN TIN VINTAGE PAISLEY ,2,2011-04-17 13:43:00,1.65,15555.0,United Kingdom
550331,22556,PLASTERS IN TIN CIRCUS PARADE ,2,2011-04-17 13:43:00,1.65,15555.0,United Kingdom
550331,20725,LUNCH BAG RED RETROSPOT,2,2011-04-17 13:43:00,1.65,15555.0,United Kingdom
550331,20727,LUNCH BAG  BLACK SKULL.,2,2011-04-17 13:43:00,1.65,15555.0,United Kingdom
550331,20726,LUNCH BAG WOODLAND,1,2011-04-17 13:43:00,1.65,15555.0,United Kingdom
550331,20726,LUNCH BAG WOODLAND,1,2011-04-17 13:43:00,1.65,15555.0,United Kingdom
550332,22245,"HOOK, 1 HANGER ,MAGIC GARDEN",2,2011-04-17 13:53:00,0.85,13474.0,United Kingdom
550332,22851,SET 20 NAPKINS FAIRY CAKES DESIGN ,1,2011-04-17 13:53:00,0.85,13474.0,United Kingdom
550332,35924,HANGING FAIRY CAKE DECORATION,3,2011-04-17 13:53:00,2.1,13474.0,United Kingdom
550332,22246,MAGIC GARDEN FELT GARLAND ,2,2011-04-17 13:53:00,1.95,13474.0,United Kingdom
550332,84884A,ANT WHITE WIRE HEART SPIRAL,2,2011-04-17 13:53:00,3.95,13474.0,United Kingdom
550332,82613B,"METAL SIGN,CUPCAKE SINGLE HOOK",1,2011-04-17 13:53:00,1.25,13474.0,United Kingdom
550332,82613C,"METAL SIGN,CUPCAKE SINGLE HOOK",1,2011-04-17 13:53:00,1.25,13474.0,United Kingdom
550332,82613A,"METAL SIGN,CUPCAKE SINGLE HOOK",1,2011-04-17 13:53:00,1.25,13474.0,United Kingdom
550332,82613D,METAL SIGN CUPCAKE SINGLE HOOK,1,2011-04-17 13:53:00,1.25,13474.0,United Kingdom
550332,82582,AREA PATROLLED METAL SIGN,1,2011-04-17 13:53:00,2.1,13474.0,United Kingdom
550332,85017C,ENVELOPE 50 CURIOUS IMAGES,2,2011-04-17 13:53:00,0.42,13474.0,United Kingdom
550332,21380,WOODEN HAPPY BIRTHDAY GARLAND,2,2011-04-17 13:53:00,2.95,13474.0,United Kingdom
550332,22064,PINK DOUGHNUT TRINKET POT ,2,2011-04-17 13:53:00,1.65,13474.0,United Kingdom
550332,20866,BLUE ROSE FABRIC MIRROR,3,2011-04-17 13:53:00,1.25,13474.0,United Kingdom
550332,85202,HANGING WOOD AND FELT HEART,1,2011-04-17 13:53:00,0.42,13474.0,United Kingdom
550332,22602,RETROSPOT WOODEN HEART DECORATION,2,2011-04-17 13:53:00,0.85,13474.0,United Kingdom
550332,22161,HEART DECORATION RUSTIC HANGING ,3,2011-04-17 13:53:00,0.65,13474.0,United Kingdom
550332,22156,HEART DECORATION WITH PEARLS ,4,2011-04-17 13:53:00,0.85,13474.0,United Kingdom
550332,35971,ROSE FOLKART HEART DECORATIONS,2,2011-04-17 13:53:00,1.25,13474.0,United Kingdom
550332,85194L,HANGING SPRING FLOWER EGG LARGE,3,2011-04-17 13:53:00,0.85,13474.0,United Kingdom
550332,22248,DECORATION  PINK CHICK MAGIC GARDEN,2,2011-04-17 13:53:00,0.85,13474.0,United Kingdom
550332,22251,BIRDHOUSE DECORATION MAGIC GARDEN,2,2011-04-17 13:53:00,1.25,13474.0,United Kingdom
550332,22250,DECORATION  BUTTERFLY  MAGIC GARDEN,2,2011-04-17 13:53:00,0.85,13474.0,United Kingdom
550332,85202,HANGING WOOD AND FELT HEART,5,2011-04-17 13:53:00,0.42,13474.0,United Kingdom
550332,85204,HANGING WOOD AND FELT FLOWER,7,2011-04-17 13:53:00,0.42,13474.0,United Kingdom
550332,22161,HEART DECORATION RUSTIC HANGING ,2,2011-04-17 13:53:00,0.65,13474.0,United Kingdom
550332,84406B,CREAM CUPID HEARTS COAT HANGER,2,2011-04-17 13:53:00,4.15,13474.0,United Kingdom
550332,22244,3 HOOK HANGER MAGIC GARDEN,2,2011-04-17 13:53:00,1.95,13474.0,United Kingdom
550332,21363,HOME SMALL WOOD LETTERS,1,2011-04-17 13:53:00,4.95,13474.0,United Kingdom
550332,21257,VICTORIAN SEWING BOX MEDIUM,1,2011-04-17 13:53:00,7.95,13474.0,United Kingdom
550332,22926,IVORY GIANT GARDEN THERMOMETER,1,2011-04-17 13:53:00,5.95,13474.0,United Kingdom
550332,82580,BATHROOM METAL SIGN,3,2011-04-17 13:53:00,0.55,13474.0,United Kingdom
550332,82581,TOILET METAL SIGN,3,2011-04-17 13:53:00,0.55,13474.0,United Kingdom
550332,82578,KITCHEN METAL SIGN,3,2011-04-17 13:53:00,0.55,13474.0,United Kingdom
550332,22348,TEA BAG PLATE RED RETROSPOT,2,2011-04-17 13:53:00,0.85,13474.0,United Kingdom
550332,21136,PAINTED METAL PEARS ASSORTED,3,2011-04-17 13:53:00,1.69,13474.0,United Kingdom
550332,22771,CLEAR DRAWER KNOB ACRYLIC EDWARDIAN,6,2011-04-17 13:53:00,1.25,13474.0,United Kingdom
550332,72351A,SET/6 TURQUOISE BUTTERFLY T-LIGHTS,2,2011-04-17 13:53:00,2.1,13474.0,United Kingdom
550332,21218,RED SPOTTY BISCUIT TIN,1,2011-04-17 13:53:00,3.75,13474.0,United Kingdom
550332,22938,CUPCAKE LACE PAPER SET 6,2,2011-04-17 13:53:00,1.95,13474.0,United Kingdom
550332,22084,PAPER CHAIN KIT EMPIRE,2,2011-04-17 13:53:00,2.95,13474.0,United Kingdom
550332,84991,60 TEATIME FAIRY CAKE CASES,2,2011-04-17 13:53:00,0.55,13474.0,United Kingdom
550332,21212,PACK OF 72 RETROSPOT CAKE CASES,1,2011-04-17 13:53:00,0.55,13474.0,United Kingdom
550332,84991,60 TEATIME FAIRY CAKE CASES,2,2011-04-17 13:53:00,0.55,13474.0,United Kingdom
550332,22161,HEART DECORATION RUSTIC HANGING ,1,2011-04-17 13:53:00,0.65,13474.0,United Kingdom
550332,22077,6 RIBBONS RUSTIC CHARM,1,2011-04-17 13:53:00,1.65,13474.0,United Kingdom
550332,85049F,BABY BOOM RIBBONS ,2,2011-04-17 13:53:00,1.25,13474.0,United Kingdom
550332,85049G,CHOCOLATE BOX RIBBONS ,2,2011-04-17 13:53:00,1.25,13474.0,United Kingdom
550332,85049D,BRIGHT BLUES RIBBONS ,1,2011-04-17 13:53:00,1.25,13474.0,United Kingdom
550332,22077,6 RIBBONS RUSTIC CHARM,1,2011-04-17 13:53:00,1.65,13474.0,United Kingdom
550332,21977,PACK OF 60 PINK PAISLEY CAKE CASES,2,2011-04-17 13:53:00,0.55,13474.0,United Kingdom
550332,21155,RED RETROSPOT PEG BAG,1,2011-04-17 13:53:00,2.55,13474.0,United Kingdom
550332,20914,SET/5 RED RETROSPOT LID GLASS BOWLS,1,2011-04-17 13:53:00,2.95,13474.0,United Kingdom
550332,47566B,TEA TIME PARTY BUNTING,1,2011-04-17 13:53:00,4.95,13474.0,United Kingdom
550332,21246,RED RETROSPOT BIG BOWL,1,2011-04-17 13:53:00,4.95,13474.0,United Kingdom
550332,22241,GARLAND WOODEN HAPPY EASTER,3,2011-04-17 13:53:00,1.25,13474.0,United Kingdom
550332,37446,MINI CAKE STAND WITH HANGING CAKES,6,2011-04-17 13:53:00,1.45,13474.0,United Kingdom
550332,22236,CAKE STAND 3 TIER MAGIC GARDEN,1,2011-04-17 13:53:00,12.75,13474.0,United Kingdom
550332,21843,RED RETROSPOT CAKE STAND,1,2011-04-17 13:53:00,10.95,13474.0,United Kingdom
550332,22222,CAKE PLATE LOVEBIRD WHITE,1,2011-04-17 13:53:00,4.95,13474.0,United Kingdom
550332,22072,RED RETROSPOT TEA CUP AND SAUCER ,2,2011-04-17 13:53:00,3.75,13474.0,United Kingdom
550332,22060,LARGE CAKE STAND HANGING HEARTS,1,2011-04-17 13:53:00,3.95,13474.0,United Kingdom
550332,37449,CERAMIC CAKE STAND + HANGING CAKES,1,2011-04-17 13:53:00,9.95,13474.0,United Kingdom
550332,22062,CERAMIC BOWL WITH LOVE HEART DESIGN,4,2011-04-17 13:53:00,0.83,13474.0,United Kingdom
550333,22423,REGENCY CAKESTAND 3 TIER,3,2011-04-17 14:05:00,12.75,15410.0,United Kingdom
550333,22699,ROSES REGENCY TEACUP AND SAUCER ,6,2011-04-17 14:05:00,2.95,15410.0,United Kingdom
550333,22698,PINK REGENCY TEACUP AND SAUCER,6,2011-04-17 14:05:00,2.95,15410.0,United Kingdom
550333,22697,GREEN REGENCY TEACUP AND SAUCER,6,2011-04-17 14:05:00,2.95,15410.0,United Kingdom
550333,22917,HERB MARKER ROSEMARY,12,2011-04-17 14:05:00,0.65,15410.0,United Kingdom
550333,22916,HERB MARKER THYME,12,2011-04-17 14:05:00,0.65,15410.0,United Kingdom
550333,22921,HERB MARKER CHIVES ,12,2011-04-17 14:05:00,0.65,15410.0,United Kingdom
550333,22920,HERB MARKER BASIL,12,2011-04-17 14:05:00,0.65,15410.0,United Kingdom
550333,22919,HERB MARKER MINT,12,2011-04-17 14:05:00,0.65,15410.0,United Kingdom
550333,22918,HERB MARKER PARSLEY,12,2011-04-17 14:05:00,0.65,15410.0,United Kingdom
550333,22928,YELLOW GIANT GARDEN THERMOMETER,4,2011-04-17 14:05:00,5.95,15410.0,United Kingdom
550333,22927,GREEN GIANT GARDEN THERMOMETER,4,2011-04-17 14:05:00,5.95,15410.0,United Kingdom
550333,22926,IVORY GIANT GARDEN THERMOMETER,4,2011-04-17 14:05:00,5.95,15410.0,United Kingdom
550333,22925,BLUE GIANT GARDEN THERMOMETER,4,2011-04-17 14:05:00,5.95,15410.0,United Kingdom
550333,85066,CREAM SWEETHEART MINI CHEST,2,2011-04-17 14:05:00,12.75,15410.0,United Kingdom
550333,21755,LOVE BUILDING BLOCK WORD,3,2011-04-17 14:06:00,5.95,15410.0,United Kingdom
550333,22426,ENAMEL WASH BOWL CREAM,6,2011-04-17 14:06:00,3.75,15410.0,United Kingdom
550333,22429,ENAMEL MEASURING JUG CREAM,8,2011-04-17 14:06:00,4.25,15410.0,United Kingdom
550333,84818,DANISH ROSE PHOTO FRAME,12,2011-04-17 14:06:00,2.55,15410.0,United Kingdom
550333,82482,WOODEN PICTURE FRAME WHITE FINISH,6,2011-04-17 14:06:00,2.55,15410.0,United Kingdom
550333,47566,PARTY BUNTING,12,2011-04-17 14:06:00,4.95,15410.0,United Kingdom
550333,22666,RECIPE BOX PANTRY YELLOW DESIGN,6,2011-04-17 14:06:00,2.95,15410.0,United Kingdom
550334,20685,DOORMAT RED RETROSPOT,3,2011-04-17 14:09:00,7.95,17320.0,United Kingdom
550334,22660,DOORMAT I LOVE LONDON,2,2011-04-17 14:09:00,7.95,17320.0,United Kingdom
550334,22692,DOORMAT WELCOME TO OUR HOME,2,2011-04-17 14:09:00,7.95,17320.0,United Kingdom
550334,48116,DOORMAT MULTICOLOUR STRIPE,2,2011-04-17 14:09:00,7.95,17320.0,United Kingdom
550334,48187,DOORMAT NEW ENGLAND,2,2011-04-17 14:09:00,7.95,17320.0,United Kingdom
550334,48173C,DOORMAT BLACK FLOCK ,2,2011-04-17 14:09:00,7.95,17320.0,United Kingdom
550334,21523,DOORMAT FANCY FONT HOME SWEET HOME,2,2011-04-17 14:09:00,7.95,17320.0,United Kingdom
550334,48184,DOORMAT ENGLISH ROSE ,1,2011-04-17 14:09:00,7.95,17320.0,United Kingdom
550334,48138,DOORMAT UNION FLAG,1,2011-04-17 14:09:00,7.95,17320.0,United Kingdom
550334,21524,DOORMAT SPOTTY HOME SWEET HOME,1,2011-04-17 14:09:00,7.95,17320.0,United Kingdom
550334,22690,DOORMAT HOME SWEET HOME BLUE ,1,2011-04-17 14:09:00,7.95,17320.0,United Kingdom
550334,21917,SET 12 KIDS  WHITE CHALK STICKS,12,2011-04-17 14:09:00,0.42,17320.0,United Kingdom
550334,21878,PACK OF 6 SANDCASTLE FLAGS ASSORTED,20,2011-04-17 14:09:00,0.85,17320.0,United Kingdom
550334,22900, SET 2 TEA TOWELS I LOVE LONDON ,6,2011-04-17 14:09:00,3.25,17320.0,United Kingdom
550334,84375,SET OF 20 KIDS COOKIE CUTTERS,6,2011-04-17 14:09:00,2.1,17320.0,United Kingdom
550334,84991,60 TEATIME FAIRY CAKE CASES,12,2011-04-17 14:09:00,0.55,17320.0,United Kingdom
550334,85150,LADIES & GENTLEMEN METAL SIGN,5,2011-04-17 14:09:00,2.55,17320.0,United Kingdom
550334,84946,ANTIQUE SILVER T-LIGHT GLASS,24,2011-04-17 14:09:00,1.25,17320.0,United Kingdom
550334,22151,PLACE SETTING WHITE HEART,72,2011-04-17 14:09:00,0.42,17320.0,United Kingdom
550334,85152,HAND OVER THE CHOCOLATE   SIGN ,12,2011-04-17 14:09:00,2.1,17320.0,United Kingdom
550334,21181,PLEASE ONE PERSON METAL SIGN,12,2011-04-17 14:09:00,2.1,17320.0,United Kingdom
550334,21179,NO JUNK MAIL METAL SIGN,24,2011-04-17 14:09:00,1.25,17320.0,United Kingdom
550334,22970,LONDON BUS COFFEE MUG,12,2011-04-17 14:09:00,2.55,17320.0,United Kingdom
550334,21326,AGED GLASS SILVER T-LIGHT HOLDER,12,2011-04-17 14:09:00,0.65,17320.0,United Kingdom
550334,21754,HOME BUILDING BLOCK WORD,6,2011-04-17 14:09:00,5.95,17320.0,United Kingdom
550334,22796,PHOTO FRAME 3 CLASSIC HANGING,2,2011-04-17 14:09:00,9.95,17320.0,United Kingdom
550335,22084,PAPER CHAIN KIT EMPIRE,1,2011-04-17 14:36:00,2.95,15535.0,United Kingdom
550335,22507,MEMO BOARD RETROSPOT  DESIGN,1,2011-04-17 14:36:00,4.95,15535.0,United Kingdom
550335,21623,VINTAGE UNION JACK MEMOBOARD,2,2011-04-17 14:36:00,9.95,15535.0,United Kingdom
550335,22505,MEMO BOARD COTTAGE DESIGN,2,2011-04-17 14:36:00,4.95,15535.0,United Kingdom
550335,22423,REGENCY CAKESTAND 3 TIER,2,2011-04-17 14:36:00,12.75,15535.0,United Kingdom
550335,48173C,DOORMAT BLACK FLOCK ,1,2011-04-17 14:36:00,7.95,15535.0,United Kingdom
550335,48116,DOORMAT MULTICOLOUR STRIPE,1,2011-04-17 14:36:00,7.95,15535.0,United Kingdom
550335,21523,DOORMAT FANCY FONT HOME SWEET HOME,1,2011-04-17 14:36:00,7.95,15535.0,United Kingdom
550335,21955,DOORMAT UNION JACK GUNS AND ROSES,1,2011-04-17 14:36:00,7.95,15535.0,United Kingdom
550335,20685,DOORMAT RED RETROSPOT,1,2011-04-17 14:36:00,7.95,15535.0,United Kingdom
550335,48187,DOORMAT NEW ENGLAND,1,2011-04-17 14:36:00,7.95,15535.0,United Kingdom
550335,48184,DOORMAT ENGLISH ROSE ,1,2011-04-17 14:36:00,7.95,15535.0,United Kingdom
550336,22798,ANTIQUE GLASS DRESSING TABLE POT,8,2011-04-17 14:55:00,2.95,13089.0,United Kingdom
550336,22457,NATURAL SLATE HEART CHALKBOARD ,24,2011-04-17 14:55:00,2.95,13089.0,United Kingdom
550336,22801,ANTIQUE GLASS PEDESTAL BOWL,8,2011-04-17 14:55:00,3.75,13089.0,United Kingdom
550336,15036,ASSORTED COLOURS SILK FAN,48,2011-04-17 14:55:00,0.83,13089.0,United Kingdom
550336,23049,RECYCLED ACAPULCO MAT RED,2,2011-04-17 14:55:00,8.25,13089.0,United Kingdom
550336,23052,RECYCLED ACAPULCO MAT TURQUOISE,2,2011-04-17 14:55:00,8.25,13089.0,United Kingdom
550336,23050,RECYCLED ACAPULCO MAT GREEN,2,2011-04-17 14:55:00,8.25,13089.0,United Kingdom
550336,23051,RECYCLED ACAPULCO MAT BLUE,2,2011-04-17 14:55:00,8.25,13089.0,United Kingdom
550336,23053,RECYCLED ACAPULCO MAT PINK,2,2011-04-17 14:55:00,8.25,13089.0,United Kingdom
550337,22664,TOY TIDY DOLLY GIRL DESIGN,1,2011-04-17 15:29:00,2.1,18037.0,United Kingdom
550338,23051,RECYCLED ACAPULCO MAT BLUE,2,2011-04-17 15:33:00,8.25,12413.0,France
550338,21936,RED RETROSPOT PICNIC BAG,10,2011-04-17 15:33:00,2.95,12413.0,France
550338,85099B,JUMBO BAG RED RETROSPOT,10,2011-04-17 15:33:00,2.08,12413.0,France
550338,85014A,BLACK/BLUE POLKADOT UMBRELLA,3,2011-04-17 15:33:00,5.95,12413.0,France
550339,21896,POTTING SHED TWINE,6,2011-04-17 15:40:00,2.1,17697.0,United Kingdom
550339,20934,SET/3 POT PLANT CANDLES,2,2011-04-17 15:40:00,5.45,17697.0,United Kingdom
550339,21107,CREAM SLICE FLANNEL PINK SPOT ,6,2011-04-17 15:40:00,2.95,17697.0,United Kingdom
550339,20914,SET/5 RED RETROSPOT LID GLASS BOWLS,6,2011-04-17 15:40:00,2.95,17697.0,United Kingdom
550339,21557,SET OF 6 FUNKY BEAKERS,6,2011-04-17 15:40:00,2.95,17697.0,United Kingdom
550339,21843,RED RETROSPOT CAKE STAND,1,2011-04-17 15:40:00,10.95,17697.0,United Kingdom
550339,21534,DAIRY MAID LARGE MILK JUG,3,2011-04-17 15:40:00,4.95,17697.0,United Kingdom
550339,20931,BLUE POT PLANT CANDLE ,4,2011-04-17 15:40:00,3.75,17697.0,United Kingdom
550339,21260,FIRST AID TIN,6,2011-04-17 15:40:00,3.25,17697.0,United Kingdom
550339,21181,PLEASE ONE PERSON METAL SIGN,12,2011-04-17 15:40:00,2.1,17697.0,United Kingdom
550339,85150,LADIES & GENTLEMEN METAL SIGN,6,2011-04-17 15:40:00,2.55,17697.0,United Kingdom
550339,22427,ENAMEL FLOWER JUG CREAM,3,2011-04-17 15:40:00,5.95,17697.0,United Kingdom
550339,21216,"SET 3 RETROSPOT TEA,COFFEE,SUGAR",8,2011-04-17 15:40:00,4.95,17697.0,United Kingdom
550339,22424,ENAMEL BREAD BIN CREAM,1,2011-04-17 15:40:00,12.75,17697.0,United Kingdom
550339,21528,DAIRY MAID TRADITIONAL TEAPOT ,2,2011-04-17 15:40:00,6.95,17697.0,United Kingdom
550339,37501,TEA TIME TEA SET IN GIFT BOX,3,2011-04-17 15:40:00,6.95,17697.0,United Kingdom
550339,21707,FOLDING UMBRELLA BLACKBLUE POLKADOT,4,2011-04-17 15:40:00,4.95,17697.0,United Kingdom
550339,22556,PLASTERS IN TIN CIRCUS PARADE ,12,2011-04-17 15:40:00,1.65,17697.0,United Kingdom
550339,22636,CHILDS BREAKFAST SET CIRCUS PARADE,2,2011-04-17 15:40:00,8.5,17697.0,United Kingdom
550340,84978,HANGING HEART JAR T-LIGHT HOLDER,12,2011-04-17 15:53:00,1.25,13695.0,United Kingdom
550340,84947,ANTIQUE SILVER TEA GLASS ENGRAVED,12,2011-04-17 15:53:00,1.25,13695.0,United Kingdom
550340,22792,FLUTED ANTIQUE CANDLE HOLDER,12,2011-04-17 15:53:00,0.85,13695.0,United Kingdom
550340,22457,NATURAL SLATE HEART CHALKBOARD ,6,2011-04-17 15:53:00,2.95,13695.0,United Kingdom
550340,84879,ASSORTED COLOUR BIRD ORNAMENT,8,2011-04-17 15:53:00,1.69,13695.0,United Kingdom
550341,23208,LUNCH BAG VINTAGE LEAF DESIGN,10,2011-04-17 15:53:00,1.65,13018.0,United Kingdom
550341,23206,LUNCH BAG APPLE DESIGN,10,2011-04-17 15:53:00,1.65,13018.0,United Kingdom
550341,22147,FELTCRAFT BUTTERFLY HEARTS,12,2011-04-17 15:53:00,1.45,13018.0,United Kingdom
550341,21868,POTTING SHED TEA MUG,12,2011-04-17 15:53:00,1.25,13018.0,United Kingdom
550341,21577,SAVE THE PLANET COTTON TOTE BAG,6,2011-04-17 15:53:00,2.25,13018.0,United Kingdom
550341,21871,SAVE THE PLANET MUG,12,2011-04-17 15:53:00,1.25,13018.0,United Kingdom
550341,21907,I'M ON HOLIDAY METAL SIGN,12,2011-04-17 15:53:00,2.1,13018.0,United Kingdom
550341,21874,GIN AND TONIC MUG,12,2011-04-17 15:53:00,1.25,13018.0,United Kingdom
550341,23179,CLOCK MAGNET MUM'S KITCHEN,6,2011-04-17 15:53:00,2.89,13018.0,United Kingdom
550341,22964,3 PIECE SPACEBOY COOKIE CUTTER SET,6,2011-04-17 15:53:00,2.1,13018.0,United Kingdom
550341,84380,SET OF 3 BUTTERFLY COOKIE CUTTERS,12,2011-04-17 15:53:00,1.25,13018.0,United Kingdom
550341,20981,12 PENCILS TALL TUBE WOODLAND,12,2011-04-17 15:53:00,0.85,13018.0,United Kingdom
550341,21559,STRAWBERRY LUNCH BOX WITH CUTLERY,6,2011-04-17 15:53:00,2.55,13018.0,United Kingdom
550341,22634,CHILDS BREAKFAST SET SPACEBOY ,2,2011-04-17 15:53:00,9.95,13018.0,United Kingdom
550341,22635,CHILDS BREAKFAST SET DOLLY GIRL ,2,2011-04-17 15:53:00,9.95,13018.0,United Kingdom
550341,21174,POTTERING IN THE SHED METAL SIGN,24,2011-04-17 15:53:00,2.08,13018.0,United Kingdom
550341,22610,PENS ASSORTED FUNNY FACE,36,2011-04-17 15:53:00,0.85,13018.0,United Kingdom
550341,22960,JAM MAKING SET WITH JARS,6,2011-04-17 15:53:00,4.25,13018.0,United Kingdom
550341,21872,GLAMOROUS  MUG,12,2011-04-17 15:53:00,1.25,13018.0,United Kingdom
550342,22644,CERAMIC CHERRY CAKE MONEY BANK,12,2011-04-17 15:55:00,1.45,13018.0,United Kingdom
550342,47566,PARTY BUNTING,4,2011-04-17 15:55:00,4.95,13018.0,United Kingdom
550342,21232,STRAWBERRY CERAMIC TRINKET BOX,12,2011-04-17 15:55:00,1.25,13018.0,United Kingdom
550342,22977,DOLLY GIRL CHILDRENS EGG CUP,12,2011-04-17 15:55:00,1.25,13018.0,United Kingdom
550342,22899,CHILDREN'S APRON DOLLY GIRL ,6,2011-04-17 15:55:00,2.1,13018.0,United Kingdom
550342,22662,LUNCH BAG DOLLY GIRL DESIGN,10,2011-04-17 15:55:00,1.65,13018.0,United Kingdom
550342,20727,LUNCH BAG  BLACK SKULL.,10,2011-04-17 15:55:00,1.65,13018.0,United Kingdom
550342,20974,12 PENCILS SMALL TUBE SKULL,24,2011-04-17 15:55:00,0.65,13018.0,United Kingdom
550342,21327,SKULLS WRITING SET ,12,2011-04-17 15:55:00,1.65,13018.0,United Kingdom
550342,22619,SET OF 6 SOLDIER SKITTLES,4,2011-04-17 15:55:00,3.75,13018.0,United Kingdom
550342,22971,QUEENS GUARD COFFEE MUG,6,2011-04-17 15:55:00,2.55,13018.0,United Kingdom
550342,22898,CHILDRENS APRON APPLES DESIGN,8,2011-04-17 15:55:00,1.95,13018.0,United Kingdom
550342,22896,PEG BAG APPLES DESIGN,6,2011-04-17 15:55:00,2.55,13018.0,United Kingdom
550342,22427,ENAMEL FLOWER JUG CREAM,3,2011-04-17 15:55:00,5.95,13018.0,United Kingdom
550342,84536A,ENGLISH ROSE NOTEBOOK A7 SIZE,16,2011-04-17 15:55:00,0.42,13018.0,United Kingdom
550342,84510A,SET OF 4 ENGLISH ROSE COASTERS,10,2011-04-17 15:55:00,1.25,13018.0,United Kingdom
550342,22273,FELTCRAFT DOLL MOLLY,6,2011-04-17 15:55:00,2.95,13018.0,United Kingdom
550342,22750,FELTCRAFT PRINCESS LOLA DOLL,4,2011-04-17 15:55:00,3.75,13018.0,United Kingdom
550342,22089,PAPER BUNTING VINTAGE PAISLEY,6,2011-04-17 15:55:00,2.95,13018.0,United Kingdom
550342,22279,POCKET BAG BLUE PAISLEY RED SPOT,12,2011-04-17 15:55:00,1.25,13018.0,United Kingdom
550342,22666,RECIPE BOX PANTRY YELLOW DESIGN,6,2011-04-17 15:55:00,2.95,13018.0,United Kingdom
550342,21452,TOADSTOOL MONEY BOX,6,2011-04-17 15:55:00,2.95,13018.0,United Kingdom
550342,22485,SET OF 2 WOODEN MARKET CRATES,2,2011-04-17 15:55:00,12.75,13018.0,United Kingdom
550342,21656,RIDGED GLASS POSY VASE ,6,2011-04-17 15:55:00,1.45,13018.0,United Kingdom
550342,85006,SET 4 NURSERY DES ROUND BOXES,12,2011-04-17 15:55:00,0.85,13018.0,United Kingdom
550343,22090,PAPER BUNTING RETROSPOT,40,2011-04-17 15:56:00,2.55,12971.0,United Kingdom
550343,22499,WOODEN UNION JACK BUNTING,3,2011-04-17 15:56:00,5.95,12971.0,United Kingdom
550343,22241,GARLAND WOODEN HAPPY EASTER,12,2011-04-17 15:56:00,1.25,12971.0,United Kingdom
550343,21626,VINTAGE UNION JACK PENNANT,12,2011-04-17 15:56:00,1.95,12971.0,United Kingdom
550343,47590A,BLUE HAPPY BIRTHDAY BUNTING,3,2011-04-17 15:56:00,5.45,12971.0,United Kingdom
