InvoiceNo,StockCode,Description,Quantity,InvoiceDate,UnitPrice,CustomerID,Country
562563,22966,GINGERBREAD MAN COOKIE CUTTER,36,2011-08-07 10:24:00,1.25,13450.0,United Kingdom
562563,22621,TRADITIONAL KNITTING NANCY,24,2011-08-07 10:24:00,1.65,13450.0,United Kingdom
562563,22570,FELTCRAFT CUSHION RABBIT,16,2011-08-07 10:24:00,3.75,13450.0,United Kingdom
562563,21704,BAG 250g SWIRLY MARBLES,72,2011-08-07 10:24:00,0.72,13450.0,United Kingdom
562563,21703,BAG 125g SWIRLY MARBLES,72,2011-08-07 10:24:00,0.42,13450.0,United Kingdom
562563,22620,4 TRADITIONAL SPINNING TOPS,24,2011-08-07 10:24:00,1.45,13450.0,United Kingdom
562563,22147,FELTCRAFT BUTTERFLY HEARTS,12,2011-08-07 10:24:00,1.45,13450.0,United Kingdom
562563,22150,3 STRIPEY MICE FELTCRAFT,12,2011-08-07 10:24:00,1.95,13450.0,United Kingdom
562564,22487,WHITE WOOD GARDEN PLANT LADDER,2,2011-08-07 10:43:00,9.95,15058.0,United Kingdom
562564,20724,RED RETROSPOT CHARLOTTE BAG,10,2011-08-07 10:43:00,0.85,15058.0,United Kingdom
562564,22356,CHARLOTTE BAG PINK POLKADOT,10,2011-08-07 10:43:00,0.85,15058.0,United Kingdom
562564,20723,STRAWBERRY CHARLOTTE BAG,10,2011-08-07 10:43:00,0.85,15058.0,United Kingdom
562564,20719,WOODLAND CHARLOTTE BAG,10,2011-08-07 10:43:00,0.85,15058.0,United Kingdom
562564,22144,CHRISTMAS CRAFT LITTLE FRIENDS,22,2011-08-07 10:43:00,2.1,15058.0,United Kingdom
562564,22141,CHRISTMAS CRAFT TREE TOP ANGEL,8,2011-08-07 10:43:00,2.1,15058.0,United Kingdom
562564,22142,CHRISTMAS CRAFT WHITE FAIRY ,12,2011-08-07 10:43:00,1.45,15058.0,United Kingdom
562564,22147,FELTCRAFT BUTTERFLY HEARTS,10,2011-08-07 10:43:00,1.45,15058.0,United Kingdom
562564,22150,3 STRIPEY MICE FELTCRAFT,13,2011-08-07 10:43:00,1.95,15058.0,United Kingdom
562564,22149,FELTCRAFT 6 FLOWER FRIENDS,20,2011-08-07 10:43:00,2.1,15058.0,United Kingdom
562564,22501,PICNIC BASKET WICKER LARGE,1,2011-08-07 10:43:00,9.95,15058.0,United Kingdom
562564,20727,LUNCH BAG  BLACK SKULL.,1,2011-08-07 10:43:00,1.65,15058.0,United Kingdom
562564,23209,LUNCH BAG VINTAGE DOILY ,1,2011-08-07 10:43:00,1.65,15058.0,United Kingdom
562564,20725,LUNCH BAG RED RETROSPOT,1,2011-08-07 10:43:00,1.65,15058.0,United Kingdom
562564,23208,LUNCH BAG VINTAGE LEAF DESIGN,1,2011-08-07 10:43:00,1.65,15058.0,United Kingdom
562564,22557,PLASTERS IN TIN VINTAGE PAISLEY ,1,2011-08-07 10:43:00,1.65,15058.0,United Kingdom
562565,23321,SMALL WHITE HEART OF WICKER,10,2011-08-07 10:45:00,1.65,16206.0,United Kingdom
562565,23322,LARGE WHITE HEART OF WICKER,10,2011-08-07 10:45:00,2.95,16206.0,United Kingdom
562565,22696,WICKER WREATH LARGE,5,2011-08-07 10:45:00,1.95,16206.0,United Kingdom
562565,21733,RED HANGING HEART T-LIGHT HOLDER,2,2011-08-07 10:45:00,2.95,16206.0,United Kingdom
562565,85131D,BEADED CRYSTAL HEART PINK ON STICK,3,2011-08-07 10:45:00,1.25,16206.0,United Kingdom
562565,85131B,BEADED CRYSTAL HEART GREEN ON STICK,3,2011-08-07 10:45:00,1.25,16206.0,United Kingdom
562565,85131C,BEADED CRYSTAL HEART BLUE ON STICK,3,2011-08-07 10:45:00,1.25,16206.0,United Kingdom
562565,84692,BOX OF 24 COCKTAIL PARASOLS,1,2011-08-07 10:45:00,0.42,16206.0,United Kingdom
562565,23319,BOX OF 6 MINI 50'S CRACKERS,3,2011-08-07 10:45:00,2.49,16206.0,United Kingdom
562565,21116,OWL DOORSTOP,2,2011-08-07 10:45:00,4.95,16206.0,United Kingdom
562565,22804,CANDLEHOLDER PINK HANGING HEART,2,2011-08-07 10:45:00,2.95,16206.0,United Kingdom
562565,85123A,WHITE HANGING HEART T-LIGHT HOLDER,2,2011-08-07 10:45:00,2.95,16206.0,United Kingdom
562565,23320,GIANT 50'S CHRISTMAS CRACKER,3,2011-08-07 10:45:00,2.89,16206.0,United Kingdom
562565,84974,S/2 ZINC HEART DESIGN PLANTERS,1,2011-08-07 10:45:00,9.95,16206.0,United Kingdom
562566,21843,RED RETROSPOT CAKE STAND,4,2011-08-07 10:55:00,10.95,16954.0,United Kingdom
562566,22222,CAKE PLATE LOVEBIRD WHITE,12,2011-08-07 10:55:00,4.25,16954.0,United Kingdom
562566,22236,CAKE STAND 3 TIER MAGIC GARDEN,12,2011-08-07 10:55:00,10.95,16954.0,United Kingdom
562566,22131,FOOD CONTAINER SET 3 LOVE HEART ,6,2011-08-07 10:55:00,1.95,16954.0,United Kingdom
562566,21976,PACK OF 60 MUSHROOM CAKE CASES,24,2011-08-07 10:55:00,0.55,16954.0,United Kingdom
562566,21215,IVORY PAPER CUP CAKE CASES ,48,2011-08-07 10:55:00,0.55,16954.0,United Kingdom
562566,21977,PACK OF 60 PINK PAISLEY CAKE CASES,24,2011-08-07 10:55:00,0.55,16954.0,United Kingdom
562566,22951,60 CAKE CASES DOLLY GIRL DESIGN,24,2011-08-07 10:55:00,0.55,16954.0,United Kingdom
562567,20719,WOODLAND CHARLOTTE BAG,10,2011-08-07 11:40:00,0.85,12877.0,United Kingdom
562567,20723,STRAWBERRY CHARLOTTE BAG,10,2011-08-07 11:40:00,0.85,12877.0,United Kingdom
562567,20724,RED RETROSPOT CHARLOTTE BAG,10,2011-08-07 11:40:00,0.85,12877.0,United Kingdom
562567,22355,CHARLOTTE BAG SUKI DESIGN,10,2011-08-07 11:40:00,0.85,12877.0,United Kingdom
562567,22661,CHARLOTTE BAG DOLLY GIRL DESIGN,10,2011-08-07 11:40:00,0.85,12877.0,United Kingdom
562567,21509,COWBOYS AND INDIANS BIRTHDAY CARD ,12,2011-08-07 11:40:00,0.42,12877.0,United Kingdom
562567,22027,TEA PARTY BIRTHDAY CARD,12,2011-08-07 11:40:00,0.42,12877.0,United Kingdom
562567,22029,SPACEBOY BIRTHDAY CARD,12,2011-08-07 11:40:00,0.42,12877.0,United Kingdom
562567,22712,CARD DOLLY GIRL ,12,2011-08-07 11:40:00,0.42,12877.0,United Kingdom
562567,22714,CARD BIRTHDAY COWBOY,12,2011-08-07 11:40:00,0.42,12877.0,United Kingdom
562567,22817,CARD SUKI BIRTHDAY,12,2011-08-07 11:40:00,0.42,12877.0,United Kingdom
562567,15036,ASSORTED COLOURS SILK FAN,12,2011-08-07 11:40:00,0.83,12877.0,United Kingdom
562567,15044D,RED PAPER PARASOL,6,2011-08-07 11:40:00,2.95,12877.0,United Kingdom
562568,20712,JUMBO BAG WOODLAND ANIMALS,10,2011-08-07 11:59:00,2.08,12720.0,Germany
562568,23344,JUMBO BAG 50'S CHRISTMAS ,10,2011-08-07 11:59:00,2.08,12720.0,Germany
562568,21246,RED RETROSPOT BIG BOWL,6,2011-08-07 11:59:00,4.95,12720.0,Germany
562568,21880,RED RETROSPOT TAPE,12,2011-08-07 11:59:00,0.65,12720.0,Germany
562568,20719,WOODLAND CHARLOTTE BAG,10,2011-08-07 11:59:00,0.85,12720.0,Germany
562568,22553,PLASTERS IN TIN SKULLS,12,2011-08-07 11:59:00,1.65,12720.0,Germany
562569,21123,SET/10 IVORY POLKADOT PARTY CANDLES,3,2011-08-07 12:05:00,1.25,17323.0,United Kingdom
562569,23154,SET OF 4 JAM JAR MAGNETS,3,2011-08-07 12:05:00,2.08,17323.0,United Kingdom
562569,85049F,BABY BOOM RIBBONS ,3,2011-08-07 12:05:00,1.25,17323.0,United Kingdom
562569,85049G,CHOCOLATE BOX RIBBONS ,3,2011-08-07 12:05:00,1.25,17323.0,United Kingdom
562569,85049E,SCANDINAVIAN REDS RIBBONS,3,2011-08-07 12:05:00,1.25,17323.0,United Kingdom
562569,85049D,BRIGHT BLUES RIBBONS ,2,2011-08-07 12:05:00,1.25,17323.0,United Kingdom
562569,85049C,ROMANTIC PINKS RIBBONS ,3,2011-08-07 12:05:00,1.25,17323.0,United Kingdom
562569,23297,SET 40 HEART SHAPE PETIT FOUR CASES,6,2011-08-07 12:05:00,1.65,17323.0,United Kingdom
562569,22436,12 COLOURED PARTY BALLOONS,10,2011-08-07 12:05:00,0.65,17323.0,United Kingdom
562569,23295,SET OF 12 MINI LOAF BAKING CASES,3,2011-08-07 12:05:00,0.83,17323.0,United Kingdom
562569,23293,SET OF 12 FAIRY CAKE BAKING CASES,3,2011-08-07 12:05:00,0.83,17323.0,United Kingdom
562569,20724,RED RETROSPOT CHARLOTTE BAG,6,2011-08-07 12:05:00,0.85,17323.0,United Kingdom
562569,22355,CHARLOTTE BAG SUKI DESIGN,10,2011-08-07 12:05:00,0.85,17323.0,United Kingdom
562569,20719,WOODLAND CHARLOTTE BAG,10,2011-08-07 12:05:00,0.85,17323.0,United Kingdom
562569,20726,LUNCH BAG WOODLAND,3,2011-08-07 12:05:00,1.65,17323.0,United Kingdom
562569,20725,LUNCH BAG RED RETROSPOT,3,2011-08-07 12:05:00,1.65,17323.0,United Kingdom
562569,22384,LUNCH BAG PINK POLKADOT,3,2011-08-07 12:05:00,1.65,17323.0,United Kingdom
562569,23209,LUNCH BAG VINTAGE DOILY ,3,2011-08-07 12:05:00,1.65,17323.0,United Kingdom
562569,21430,SET/3 RED GINGHAM ROSE STORAGE BOX,2,2011-08-07 12:05:00,3.75,17323.0,United Kingdom
562569,23203,JUMBO BAG VINTAGE DOILY ,3,2011-08-07 12:05:00,2.08,17323.0,United Kingdom
562570,22988,SOLDIERS EGG CUP ,12,2011-08-07 12:10:00,1.25,14079.0,United Kingdom
562570,22976,CIRCUS PARADE CHILDRENS EGG CUP ,12,2011-08-07 12:10:00,1.25,14079.0,United Kingdom
562570,21588,RETROSPOT GIANT TUBE MATCHES,24,2011-08-07 12:10:00,2.55,14079.0,United Kingdom
562570,20983,12 PENCILS TALL TUBE RED RETROSPOT,24,2011-08-07 12:10:00,0.85,14079.0,United Kingdom
562570,22120,WELCOME  WOODEN BLOCK LETTERS,1,2011-08-07 12:10:00,9.95,14079.0,United Kingdom
562570,21584,RETROSPOT SMALL TUBE MATCHES,100,2011-08-07 12:10:00,1.65,14079.0,United Kingdom
562570,21497,FANCY FONTS BIRTHDAY WRAP,25,2011-08-07 12:10:00,0.42,14079.0,United Kingdom
562570,22047,EMPIRE GIFT WRAP,25,2011-08-07 12:10:00,0.42,14079.0,United Kingdom
562570,22985,WRAP BILLBOARD FONTS DESIGN,25,2011-08-07 12:10:00,0.42,14079.0,United Kingdom
562570,10133,COLOURING PENCILS BROWN TUBE,50,2011-08-07 12:10:00,0.42,14079.0,United Kingdom
562570,23169,CLASSIC GLASS COOKIE JAR,1,2011-08-07 12:10:00,4.15,14079.0,United Kingdom
562570,22606,WOODEN SKITTLES GARDEN SET,2,2011-08-07 12:10:00,15.95,14079.0,United Kingdom
562571,23111,PARISIENNE SEWING BOX,1,2011-08-07 12:21:00,12.5,13782.0,United Kingdom
562571,23110,PARISIENNE KEY CABINET ,1,2011-08-07 12:21:00,5.75,13782.0,United Kingdom
562571,23112,PARISIENNE CURIO CABINET,1,2011-08-07 12:21:00,7.5,13782.0,United Kingdom
562571,82486,WOOD S/3 CABINET ANT WHITE FINISH,2,2011-08-07 12:21:00,8.95,13782.0,United Kingdom
562571,85123A,WHITE HANGING HEART T-LIGHT HOLDER,2,2011-08-07 12:21:00,2.95,13782.0,United Kingdom
562571,22063,CERAMIC BOWL WITH STRAWBERRY DESIGN,1,2011-08-07 12:21:00,2.95,13782.0,United Kingdom
562571,22789,T-LIGHT HOLDER SWEETHEART HANGING,4,2011-08-07 12:21:00,1.95,13782.0,United Kingdom
562571,85062,PEARL CRYSTAL PUMPKIN T-LIGHT HLDR,6,2011-08-07 12:21:00,1.65,13782.0,United Kingdom
562571,22654,DELUXE SEWING KIT ,2,2011-08-07 12:21:00,5.95,13782.0,United Kingdom
562571,82483,WOOD 2 DRAWER CABINET WHITE FINISH,2,2011-08-07 12:21:00,6.95,13782.0,United Kingdom
562571,21259,VICTORIAN SEWING BOX SMALL ,2,2011-08-07 12:21:00,5.95,13782.0,United Kingdom
562571,23118,PARISIENNE JEWELLERY DRAWER ,1,2011-08-07 12:21:00,7.5,13782.0,United Kingdom
562571,22059,CERAMIC STRAWBERRY DESIGN MUG,1,2011-08-07 12:21:00,1.49,13782.0,United Kingdom
562571,22055,MINI CAKE STAND  HANGING STRAWBERY,1,2011-08-07 12:21:00,1.65,13782.0,United Kingdom
562571,22055,MINI CAKE STAND  HANGING STRAWBERY,1,2011-08-07 12:21:00,1.65,13782.0,United Kingdom
562571,22059,CERAMIC STRAWBERRY DESIGN MUG,1,2011-08-07 12:21:00,1.49,13782.0,United Kingdom
562571,22649,STRAWBERRY FAIRY CAKE TEAPOT,1,2011-08-07 12:21:00,4.95,13782.0,United Kingdom
562572,47343A,FUSCHIA FLOWER PURSE WITH BEADS,36,2011-08-07 12:21:00,0.83,17298.0,United Kingdom
562572,35648,VINTAGE BEAD PINK PURSE ,48,2011-08-07 12:21:00,0.83,17298.0,United Kingdom
562572,85130D,BEADED CRYSTAL HEART PINK LARGE,24,2011-08-07 12:21:00,0.79,17298.0,United Kingdom
562572,85130C,BEADED CRYSTAL HEART BLUE  LARGE,24,2011-08-07 12:21:00,0.79,17298.0,United Kingdom
562573,22209,WOOD STAMP SET HAPPY BIRTHDAY,12,2011-08-07 12:40:00,0.83,13248.0,United Kingdom
562573,16169E,WRAP 50'S  CHRISTMAS,25,2011-08-07 12:40:00,0.42,13248.0,United Kingdom
562573,23313,VINTAGE CHRISTMAS BUNTING,5,2011-08-07 12:40:00,4.95,13248.0,United Kingdom
562573,23311,VINTAGE CHRISTMAS STOCKING ,6,2011-08-07 12:40:00,2.55,13248.0,United Kingdom
562573,22697,GREEN REGENCY TEACUP AND SAUCER,6,2011-08-07 12:40:00,2.95,13248.0,United Kingdom
562574,22147,FELTCRAFT BUTTERFLY HEARTS,1,2011-08-07 12:42:00,1.45,14903.0,United Kingdom
562574,22469,HEART OF WICKER SMALL,4,2011-08-07 12:42:00,1.65,14903.0,United Kingdom
562574,23321,SMALL WHITE HEART OF WICKER,4,2011-08-07 12:42:00,1.65,14903.0,United Kingdom
562574,23273,HEART T-LIGHT HOLDER WILLIE WINKIE,4,2011-08-07 12:42:00,1.65,14903.0,United Kingdom
562574,22470,HEART OF WICKER LARGE,4,2011-08-07 12:42:00,2.95,14903.0,United Kingdom
562574,84832,ZINC WILLIE WINKIE  CANDLE STICK,4,2011-08-07 12:42:00,0.85,14903.0,United Kingdom
562574,23089,GLASS BON BON JAR,4,2011-08-07 12:42:00,1.65,14903.0,United Kingdom
562574,22791,T-LIGHT GLASS FLUTED ANTIQUE,12,2011-08-07 12:42:00,1.25,14903.0,United Kingdom
562574,23088,ZINC HEART FLOWER T-LIGHT HOLDER,16,2011-08-07 12:42:00,1.25,14903.0,United Kingdom
562574,23086,ZINC  STAR T-LIGHT HOLDER ,16,2011-08-07 12:42:00,1.25,14903.0,United Kingdom
562574,21326,AGED GLASS SILVER T-LIGHT HOLDER,24,2011-08-07 12:42:00,0.65,14903.0,United Kingdom
562574,84945,MULTI COLOUR SILVER T-LIGHT HOLDER,24,2011-08-07 12:42:00,0.85,14903.0,United Kingdom
562574,84949,SILVER HANGING T-LIGHT HOLDER,6,2011-08-07 12:42:00,1.65,14903.0,United Kingdom
562574,84947,ANTIQUE SILVER TEA GLASS ENGRAVED,12,2011-08-07 12:42:00,1.25,14903.0,United Kingdom
562574,84946,ANTIQUE SILVER T-LIGHT GLASS,12,2011-08-07 12:42:00,1.25,14903.0,United Kingdom
562574,84950,ASSORTED COLOUR T-LIGHT HOLDER,12,2011-08-07 12:42:00,0.65,14903.0,United Kingdom
562574,20956,PORCELAIN T-LIGHT HOLDERS ASSORTED,12,2011-08-07 12:42:00,1.25,14903.0,United Kingdom
562574,84978,HANGING HEART JAR T-LIGHT HOLDER,12,2011-08-07 12:42:00,1.25,14903.0,United Kingdom
562574,22991,GIRAFFE WOODEN RULER,3,2011-08-07 12:42:00,1.95,14903.0,United Kingdom
562574,22562,MONSTERS STENCIL CRAFT,4,2011-08-07 12:42:00,1.25,14903.0,United Kingdom
562574,21060,PARTY INVITES BALLOON GIRL,4,2011-08-07 12:42:00,0.85,14903.0,United Kingdom
562574,21063,PARTY INVITES JAZZ HEARTS,2,2011-08-07 12:42:00,0.85,14903.0,United Kingdom
562574,85214,TUB 24 PINK FLOWER PEGS,3,2011-08-07 12:42:00,1.65,14903.0,United Kingdom
562574,23322,LARGE WHITE HEART OF WICKER,4,2011-08-07 12:42:00,2.95,14903.0,United Kingdom
562574,22801,ANTIQUE GLASS PEDESTAL BOWL,1,2011-08-07 12:42:00,3.75,14903.0,United Kingdom
562574,21908,CHOCOLATE THIS WAY METAL SIGN,2,2011-08-07 12:42:00,2.1,14903.0,United Kingdom
562574,21175,GIN + TONIC DIET METAL SIGN,4,2011-08-07 12:42:00,2.55,14903.0,United Kingdom
562574,21174,POTTERING IN THE SHED METAL SIGN,4,2011-08-07 12:42:00,2.08,14903.0,United Kingdom
562574,21164,HOME SWEET HOME METAL SIGN ,2,2011-08-07 12:42:00,2.95,14903.0,United Kingdom
562574,82581,TOILET METAL SIGN,4,2011-08-07 12:42:00,0.55,14903.0,United Kingdom
562574,22488,NATURAL SLATE RECTANGLE CHALKBOARD,4,2011-08-07 12:42:00,1.65,14903.0,United Kingdom
562574,84596B,SMALL DOLLY MIX DESIGN ORANGE BOWL,8,2011-08-07 12:42:00,0.42,14903.0,United Kingdom
562574,22898,CHILDRENS APRON APPLES DESIGN,2,2011-08-07 12:42:00,1.95,14903.0,United Kingdom
562574,22896,PEG BAG APPLES DESIGN,2,2011-08-07 12:42:00,2.55,14903.0,United Kingdom
562574,85107,CUT GLASS T-LIGHT HOLDER OCTAGON,12,2011-08-07 12:42:00,2.55,14903.0,United Kingdom
562574,21400,RED PUDDING SPOON,12,2011-08-07 12:42:00,0.12,14903.0,United Kingdom
562574,22558,CLOTHES PEGS RETROSPOT PACK 24 ,2,2011-08-07 12:42:00,1.65,14903.0,United Kingdom
562574,22674,FRENCH TOILET SIGN BLUE METAL,4,2011-08-07 12:42:00,1.25,14903.0,United Kingdom
562574,22564,ALPHABET STENCIL CRAFT,4,2011-08-07 12:42:00,1.25,14903.0,United Kingdom
562574,22563,HAPPY STENCIL CRAFT,4,2011-08-07 12:42:00,1.25,14903.0,United Kingdom
562574,21745,GAOLERS KEYS DECORATIVE GARDEN ,4,2011-08-07 12:42:00,3.75,14903.0,United Kingdom
562574,21078,SET/20 STRAWBERRY PAPER NAPKINS ,6,2011-08-07 12:42:00,0.85,14903.0,United Kingdom
562574,82482,WOODEN PICTURE FRAME WHITE FINISH,6,2011-08-07 12:42:00,2.55,14903.0,United Kingdom
562574,22796,PHOTO FRAME 3 CLASSIC HANGING,2,2011-08-07 12:42:00,9.95,14903.0,United Kingdom
562574,20992,JAZZ HEARTS PURSE NOTEBOOK,4,2011-08-07 12:42:00,0.39,14903.0,United Kingdom
562574,20961,STRAWBERRY BATH SPONGE ,3,2011-08-07 12:42:00,1.25,14903.0,United Kingdom
562574,20963,APPLE BATH SPONGE,3,2011-08-07 12:42:00,1.25,14903.0,United Kingdom
562574,22908,PACK OF 20 NAPKINS RED APPLES,6,2011-08-07 12:42:00,0.85,14903.0,United Kingdom
562574,84832,ZINC WILLIE WINKIE  CANDLE STICK,2,2011-08-07 12:42:00,0.85,14903.0,United Kingdom
562574,20996,JAZZ HEARTS ADDRESS BOOK,4,2011-08-07 12:42:00,0.19,14903.0,United Kingdom
562574,22670,FRENCH WC SIGN BLUE METAL,4,2011-08-07 12:42:00,1.25,14903.0,United Kingdom
562574,23091,ZINC HERB GARDEN CONTAINER,1,2011-08-07 12:42:00,6.25,14903.0,United Kingdom
562574,84991,60 TEATIME FAIRY CAKE CASES,4,2011-08-07 12:42:00,0.55,14903.0,United Kingdom
562574,21215,IVORY PAPER CUP CAKE CASES ,2,2011-08-07 12:42:00,0.55,14903.0,United Kingdom
562574,84992,72 SWEETHEART FAIRY CAKE CASES,3,2011-08-07 12:42:00,0.55,14903.0,United Kingdom
562574,21212,PACK OF 72 RETROSPOT CAKE CASES,2,2011-08-07 12:42:00,0.55,14903.0,United Kingdom
562574,22588,CARD HOLDER GINGHAM HEART,2,2011-08-07 12:42:00,2.89,14903.0,United Kingdom
562574,22771,CLEAR DRAWER KNOB ACRYLIC EDWARDIAN,12,2011-08-07 12:42:00,1.25,14903.0,United Kingdom
562574,16225,RATTLE SNAKE EGGS,1,2011-08-07 12:42:00,1.25,14903.0,United Kingdom
562574,21136,PAINTED METAL PEARS ASSORTED,8,2011-08-07 12:42:00,1.69,14903.0,United Kingdom
562574,84879,ASSORTED COLOUR BIRD ORNAMENT,1,2011-08-07 12:42:00,1.69,14903.0,United Kingdom
562574,82484,WOOD BLACK BOARD ANT WHITE FINISH,1,2011-08-07 12:42:00,7.95,14903.0,United Kingdom
562574,71053,WHITE METAL LANTERN,3,2011-08-07 12:42:00,3.75,14903.0,United Kingdom
562574,22784,LANTERN CREAM GAZEBO ,1,2011-08-07 12:42:00,4.95,14903.0,United Kingdom
562574,22784,LANTERN CREAM GAZEBO ,1,2011-08-07 12:42:00,4.95,14903.0,United Kingdom
562574,21754,HOME BUILDING BLOCK WORD,1,2011-08-07 12:42:00,5.95,14903.0,United Kingdom
562574,22118,JOY WOODEN BLOCK LETTERS,1,2011-08-07 12:42:00,4.95,14903.0,United Kingdom
562574,22784,LANTERN CREAM GAZEBO ,1,2011-08-07 12:42:00,4.95,14903.0,United Kingdom
562574,20717,STRAWBERRY SHOPPER BAG,2,2011-08-07 12:42:00,1.25,14903.0,United Kingdom
562574,85099F,JUMBO BAG STRAWBERRY,2,2011-08-07 12:42:00,2.08,14903.0,United Kingdom
562574,23199,JUMBO BAG APPLES,2,2011-08-07 12:42:00,2.08,14903.0,United Kingdom
562574,85099B,JUMBO BAG RED RETROSPOT,3,2011-08-07 12:42:00,2.08,14903.0,United Kingdom
562574,47590A,BLUE HAPPY BIRTHDAY BUNTING,1,2011-08-07 12:42:00,5.45,14903.0,United Kingdom
562574,85185B,PINK HORSE SOCK PUPPET,2,2011-08-07 12:42:00,2.95,14903.0,United Kingdom
562574,23298,SPOTTY BUNTING,1,2011-08-07 12:42:00,4.95,14903.0,United Kingdom
562574,22750,FELTCRAFT PRINCESS LOLA DOLL,1,2011-08-07 12:42:00,3.75,14903.0,United Kingdom
562574,22749,FELTCRAFT PRINCESS CHARLOTTE DOLL,1,2011-08-07 12:42:00,3.75,14903.0,United Kingdom
562574,22149,FELTCRAFT 6 FLOWER FRIENDS,2,2011-08-07 12:42:00,2.1,14903.0,United Kingdom
562574,22150,3 STRIPEY MICE FELTCRAFT,2,2011-08-07 12:42:00,1.95,14903.0,United Kingdom
562574,22548,HEADS AND TAILS SPORTING FUN,2,2011-08-07 12:42:00,1.25,14903.0,United Kingdom
562574,21791,VINTAGE HEADS AND TAILS CARD GAME ,2,2011-08-07 12:42:00,1.25,14903.0,United Kingdom
562574,22147,FELTCRAFT BUTTERFLY HEARTS,3,2011-08-07 12:42:00,1.45,14903.0,United Kingdom
562574,20971,PINK BLUE FELT CRAFT TRINKET BOX,2,2011-08-07 12:42:00,1.25,14903.0,United Kingdom
562574,22570,FELTCRAFT CUSHION RABBIT,1,2011-08-07 12:42:00,3.75,14903.0,United Kingdom
562574,23029,DRAWER KNOB CRACKLE GLAZE GREEN,6,2011-08-07 12:42:00,1.65,14903.0,United Kingdom
562574,23032,DRAWER KNOB CRACKLE GLAZE IVORY,6,2011-08-07 12:42:00,1.65,14903.0,United Kingdom
562574,21673,WHITE SPOT BLUE CERAMIC DRAWER KNOB,6,2011-08-07 12:42:00,1.25,14903.0,United Kingdom
562575,22508,DOORSTOP RETROSPOT HEART,4,2011-08-07 12:54:00,3.75,15411.0,United Kingdom
562575,22279,POCKET BAG BLUE PAISLEY RED SPOT,12,2011-08-07 12:54:00,1.25,15411.0,United Kingdom
562575,21577,SAVE THE PLANET COTTON TOTE BAG,6,2011-08-07 12:54:00,2.25,15411.0,United Kingdom
562575,22457,NATURAL SLATE HEART CHALKBOARD ,6,2011-08-07 12:54:00,2.95,15411.0,United Kingdom
562575,22341,LOVE GARLAND PAINTED ZINC ,12,2011-08-07 12:54:00,1.65,15411.0,United Kingdom
562575,84836,ZINC METAL HEART DECORATION,12,2011-08-07 12:54:00,1.25,15411.0,United Kingdom
562575,22244,3 HOOK HANGER MAGIC GARDEN,12,2011-08-07 12:54:00,1.95,15411.0,United Kingdom
562575,21155,RED RETROSPOT PEG BAG,6,2011-08-07 12:54:00,2.55,15411.0,United Kingdom
562575,22423,REGENCY CAKESTAND 3 TIER,4,2011-08-07 12:54:00,12.75,15411.0,United Kingdom
562575,85123A,WHITE HANGING HEART T-LIGHT HOLDER,6,2011-08-07 12:54:00,2.95,15411.0,United Kingdom
562575,21756,BATH BUILDING BLOCK WORD,3,2011-08-07 12:54:00,5.95,15411.0,United Kingdom
562575,85078,SCANDINAVIAN 3 HEARTS NAPKIN RING,24,2011-08-07 12:54:00,0.19,15411.0,United Kingdom
562576,22493,PAINT YOUR OWN CANVAS SET,4,2011-08-07 13:08:00,1.65,15518.0,United Kingdom
562576,84875D,BLUE SQUARE COMPACT MIRROR,5,2011-08-07 13:08:00,1.25,15518.0,United Kingdom
562576,22953,BIRTHDAY PARTY CORDON BARRIER TAPE,3,2011-08-07 13:08:00,1.25,15518.0,United Kingdom
562576,21558,SKULL LUNCH BOX WITH CUTLERY ,2,2011-08-07 13:08:00,2.55,15518.0,United Kingdom
562576,20727,LUNCH BAG  BLACK SKULL.,3,2011-08-07 13:08:00,1.65,15518.0,United Kingdom
562576,22382,LUNCH BAG SPACEBOY DESIGN ,1,2011-08-07 13:08:00,1.65,15518.0,United Kingdom
562576,22993,SET OF 4 PANTRY JELLY MOULDS,2,2011-08-07 13:08:00,1.25,15518.0,United Kingdom
562576,21915,RED  HARMONICA IN BOX ,2,2011-08-07 13:08:00,1.25,15518.0,United Kingdom
562576,21918,SET 12 KIDS COLOUR  CHALK STICKS,2,2011-08-07 13:08:00,0.42,15518.0,United Kingdom
562576,21916,SET 12 RETRO WHITE CHALK STICKS,2,2011-08-07 13:08:00,0.42,15518.0,United Kingdom
562576,21914,BLUE HARMONICA IN BOX ,2,2011-08-07 13:08:00,1.25,15518.0,United Kingdom
562576,22900,SET 2 TEA TOWELS I LOVE LONDON ,6,2011-08-07 13:08:00,3.25,15518.0,United Kingdom
562576,23298,SPOTTY BUNTING,2,2011-08-07 13:08:00,4.95,15518.0,United Kingdom
562576,47566,PARTY BUNTING,3,2011-08-07 13:08:00,4.95,15518.0,United Kingdom
562576,22437,SET OF 9 BLACK SKULL BALLOONS,10,2011-08-07 13:08:00,0.85,15518.0,United Kingdom
562576,22435,SET OF 9 HEART SHAPED BALLOONS,4,2011-08-07 13:08:00,1.25,15518.0,United Kingdom
562576,23309,SET OF 60 I LOVE LONDON CAKE CASES ,24,2011-08-07 13:08:00,0.55,15518.0,United Kingdom
562576,23196,VINTAGE LEAF MAGNETIC NOTEPAD,5,2011-08-07 13:08:00,1.45,15518.0,United Kingdom
562576,23198,PANTRY MAGNETIC  SHOPPING LIST,3,2011-08-07 13:08:00,1.45,15518.0,United Kingdom
562576,23168,CLASSIC CAFE SUGAR DISPENSER,4,2011-08-07 13:08:00,1.25,15518.0,United Kingdom
562576,85132C,CHARLIE AND LOLA FIGURES TINS,2,2011-08-07 13:08:00,1.95,15518.0,United Kingdom
562576,23238,SET OF 4 KNICK KNACK TINS LONDON ,3,2011-08-07 13:08:00,4.15,15518.0,United Kingdom
562576,23301,GARDENERS KNEELING PAD KEEP CALM ,5,2011-08-07 13:08:00,1.65,15518.0,United Kingdom
562576,23300,GARDENERS KNEELING PAD CUP OF TEA ,3,2011-08-07 13:08:00,1.65,15518.0,United Kingdom
562576,22627,MINT KITCHEN SCALES,1,2011-08-07 13:08:00,8.5,15518.0,United Kingdom
562576,22976,CIRCUS PARADE CHILDRENS EGG CUP ,12,2011-08-07 13:08:00,1.25,15518.0,United Kingdom
562576,84950,ASSORTED COLOUR T-LIGHT HOLDER,12,2011-08-07 13:08:00,0.65,15518.0,United Kingdom
562576,23191,BUNDLE OF 3 RETRO NOTE BOOKS,4,2011-08-07 13:08:00,1.65,15518.0,United Kingdom
562576,23192,BUNDLE OF 3 ALPHABET EXERCISE BOOKS,4,2011-08-07 13:08:00,1.65,15518.0,United Kingdom
562576,20914,SET/5 RED RETROSPOT LID GLASS BOWLS,10,2011-08-07 13:08:00,2.95,15518.0,United Kingdom
C562577,23207,LUNCH BAG ALPHABET DESIGN,-1,2011-08-07 13:09:00,1.65,15518.0,United Kingdom
562578,22568,FELTCRAFT CUSHION OWL,4,2011-08-07 13:17:00,3.75,14331.0,United Kingdom
562578,22570,FELTCRAFT CUSHION RABBIT,4,2011-08-07 13:17:00,3.75,14331.0,United Kingdom
562578,22749,FELTCRAFT PRINCESS CHARLOTTE DOLL,4,2011-08-07 13:17:00,3.75,14331.0,United Kingdom
562578,22624,IVORY KITCHEN SCALES,4,2011-08-07 13:17:00,8.5,14331.0,United Kingdom
562579,85123A,WHITE HANGING HEART T-LIGHT HOLDER,32,2011-08-07 13:30:00,2.55,16950.0,United Kingdom
562579,22507,MEMO BOARD RETROSPOT  DESIGN,4,2011-08-07 13:30:00,4.95,16950.0,United Kingdom
562579,82484,WOOD BLACK BOARD ANT WHITE FINISH,4,2011-08-07 13:30:00,7.95,16950.0,United Kingdom
562579,84974,S/2 ZINC HEART DESIGN PLANTERS,4,2011-08-07 13:30:00,9.95,16950.0,United Kingdom
562579,22508,DOORSTOP RETROSPOT HEART,6,2011-08-07 13:30:00,3.75,16950.0,United Kingdom
562579,22077,6 RIBBONS RUSTIC CHARM,6,2011-08-07 13:30:00,1.65,16950.0,United Kingdom
562579,22789,T-LIGHT HOLDER SWEETHEART HANGING,24,2011-08-07 13:30:00,1.95,16950.0,United Kingdom
562579,22278,OVERNIGHT BAG VINTAGE ROSE PAISLEY,1,2011-08-07 13:30:00,4.95,16950.0,United Kingdom
562579,23298,SPOTTY BUNTING,10,2011-08-07 13:30:00,4.95,16950.0,United Kingdom
562579,22610,PENS ASSORTED FUNNY FACE,36,2011-08-07 13:30:00,0.19,16950.0,United Kingdom
562579,22609,PENS ASSORTED SPACEBALL,36,2011-08-07 13:30:00,0.19,16950.0,United Kingdom
562579,84378,SET OF 3 HEART COOKIE CUTTERS,1,2011-08-07 13:30:00,1.25,16950.0,United Kingdom
562579,23335,EGG FRYING PAN IVORY ,2,2011-08-07 13:30:00,2.08,16950.0,United Kingdom
562579,22771,CLEAR DRAWER KNOB ACRYLIC EDWARDIAN,12,2011-08-07 13:30:00,1.25,16950.0,United Kingdom
562579,23133,LARGE IVORY HEART WALL ORGANISER,8,2011-08-07 13:30:00,7.05,16950.0,United Kingdom
562579,22144,CHRISTMAS CRAFT LITTLE FRIENDS,10,2011-08-07 13:30:00,2.1,16950.0,United Kingdom
562579,22141,CHRISTMAS CRAFT TREE TOP ANGEL,8,2011-08-07 13:30:00,2.1,16950.0,United Kingdom
562579,22293,HANGING CHICK GREEN DECORATION,24,2011-08-07 13:30:00,1.45,16950.0,United Kingdom
562579,84692,BOX OF 24 COCKTAIL PARASOLS,2,2011-08-07 13:30:00,0.42,16950.0,United Kingdom
562579,22158,3 HEARTS HANGING DECORATION RUSTIC,24,2011-08-07 13:30:00,2.95,16950.0,United Kingdom
562579,23122,PARTY CHARMS 50 PIECES,1,2011-08-07 13:30:00,0.83,16950.0,United Kingdom
562579,22141,CHRISTMAS CRAFT TREE TOP ANGEL,2,2011-08-07 13:30:00,2.1,16950.0,United Kingdom
562579,23210,WHITE ROCKING HORSE HAND PAINTED,24,2011-08-07 13:30:00,1.25,16950.0,United Kingdom
562579,23211,RED ROCKING HORSE HAND PAINTED,24,2011-08-07 13:30:00,1.25,16950.0,United Kingdom
562580,23203,JUMBO BAG DOILEY PATTERNS,10,2011-08-07 13:31:00,2.08,14024.0,United Kingdom
562580,85099B,JUMBO BAG RED RETROSPOT,10,2011-08-07 13:31:00,2.08,14024.0,United Kingdom
562580,23245,SET OF 3 REGENCY CAKE TINS,4,2011-08-07 13:31:00,4.95,14024.0,United Kingdom
562580,21470,FLOWER VINE RAFFIA FOOD COVER,6,2011-08-07 13:31:00,3.75,14024.0,United Kingdom
562580,23299,FOOD COVER WITH BEADS SET 2 ,6,2011-08-07 13:31:00,3.75,14024.0,United Kingdom
562580,85099F,JUMBO BAG STRAWBERRY,10,2011-08-07 13:31:00,2.08,14024.0,United Kingdom
562580,47566,PARTY BUNTING,4,2011-08-07 13:31:00,4.95,14024.0,United Kingdom
562580,23052,RECYCLED ACAPULCO MAT TURQUOISE,2,2011-08-07 13:31:00,8.25,14024.0,United Kingdom
562580,22423,REGENCY CAKESTAND 3 TIER,1,2011-08-07 13:31:00,12.75,14024.0,United Kingdom
562580,22386,JUMBO BAG PINK POLKADOT,10,2011-08-07 13:31:00,2.08,14024.0,United Kingdom
562580,23251,VINTAGE RED ENAMEL TRIM MUG ,12,2011-08-07 13:31:00,1.25,14024.0,United Kingdom
562580,21588,RETROSPOT GIANT TUBE MATCHES,12,2011-08-07 13:31:00,2.55,14024.0,United Kingdom
562580,22554,PLASTERS IN TIN WOODLAND ANIMALS,12,2011-08-07 13:31:00,1.65,14024.0,United Kingdom
562581,23237,SET OF 4 KNICK KNACK TINS LEAF,2,2011-08-07 13:43:00,4.15,15860.0,United Kingdom
562581,23240,SET OF 4 KNICK KNACK TINS DOILY ,2,2011-08-07 13:43:00,4.15,15860.0,United Kingdom
562581,23313,VINTAGE CHRISTMAS BUNTING,3,2011-08-07 13:43:00,4.95,15860.0,United Kingdom
562581,23298,SPOTTY BUNTING,4,2011-08-07 13:43:00,4.95,15860.0,United Kingdom
562581,23047,PAPER LANTERN 5 POINT SEQUIN STAR,1,2011-08-07 13:43:00,5.75,15860.0,United Kingdom
562581,23046,PAPER LANTERN 9 POINT DELUXE STAR,3,2011-08-07 13:43:00,6.65,15860.0,United Kingdom
562581,22426,ENAMEL WASH BOWL CREAM,1,2011-08-07 13:43:00,3.75,15860.0,United Kingdom
562581,22429,ENAMEL MEASURING JUG CREAM,2,2011-08-07 13:43:00,4.25,15860.0,United Kingdom
562581,22759,SET OF 3 NOTEBOOKS IN PARCEL,2,2011-08-07 13:43:00,1.65,15860.0,United Kingdom
562581,17003,BROCADE RING PURSE ,36,2011-08-07 13:43:00,0.29,15860.0,United Kingdom
562581,47566,PARTY BUNTING,2,2011-08-07 13:43:00,4.95,15860.0,United Kingdom
562581,21034,REX CASH+CARRY JUMBO SHOPPER,1,2011-08-07 13:43:00,0.95,15860.0,United Kingdom
C562582,20751,FUNKY WASHING UP GLOVES ASSORTED,-1,2011-08-07 13:53:00,2.1,15640.0,United Kingdom
C562582,21843,RED RETROSPOT CAKE STAND,-1,2011-08-07 13:53:00,10.95,15640.0,United Kingdom
C562582,21452,TOADSTOOL MONEY BOX,-1,2011-08-07 13:53:00,2.95,15640.0,United Kingdom
C562582,21671,RED SPOT CERAMIC DRAWER KNOB,-8,2011-08-07 13:53:00,1.25,15640.0,United Kingdom
C562582,23008,DOLLY GIRL BABY GIFT SET,-1,2011-08-07 13:53:00,16.95,15640.0,United Kingdom
C562582,22634,CHILDS BREAKFAST SET SPACEBOY ,-1,2011-08-07 13:53:00,9.95,15640.0,United Kingdom
C562582,21452,TOADSTOOL MONEY BOX,-1,2011-08-07 13:53:00,2.95,15640.0,United Kingdom
C562582,15034,PAPER POCKET TRAVELING FAN ,-18,2011-08-07 13:53:00,0.14,15640.0,United Kingdom
C562582,22241,GARLAND WOODEN HAPPY EASTER,-1,2011-08-07 13:53:00,1.25,15640.0,United Kingdom
562583,35637A,IVORY STRING CURTAIN WITH POLE ,8,2011-08-07 13:54:00,1.95,15831.0,United Kingdom
562583,35638A,PINK AND BLACK STRING CURTAIN,33,2011-08-07 13:54:00,1.95,15831.0,United Kingdom
562583,84927F,PSYCHEDELIC TILE HOOK,36,2011-08-07 13:54:00,0.39,15831.0,United Kingdom
562583,22425,ENAMEL COLANDER CREAM,1,2011-08-07 13:54:00,4.95,15831.0,United Kingdom
562583,16008,SMALL FOLDING SCISSOR(POINTED EDGE),288,2011-08-07 13:54:00,0.12,15831.0,United Kingdom
562583,22232,JIGSAW TOADSTOOLS 3 PIECE,13,2011-08-07 13:54:00,0.59,15831.0,United Kingdom
562584,84945,MULTI COLOUR SILVER T-LIGHT HOLDER,48,2011-08-07 14:16:00,0.85,13752.0,United Kingdom
562584,21411,GINGHAM HEART  DOORSTOP RED,1,2011-08-07 14:16:00,4.25,13752.0,United Kingdom
562584,22083,PAPER CHAIN KIT RETROSPOT,6,2011-08-07 14:16:00,2.95,13752.0,United Kingdom
562584,21621,VINTAGE UNION JACK BUNTING,4,2011-08-07 14:16:00,8.5,13752.0,United Kingdom
562584,23298,SPOTTY BUNTING,4,2011-08-07 14:16:00,4.95,13752.0,United Kingdom
562584,22090,PAPER BUNTING RETROSPOT,6,2011-08-07 14:16:00,2.95,13752.0,United Kingdom
562584,47566B,TEA TIME PARTY BUNTING,4,2011-08-07 14:16:00,4.95,13752.0,United Kingdom
562584,47590A,BLUE HAPPY BIRTHDAY BUNTING,2,2011-08-07 14:16:00,5.45,13752.0,United Kingdom
562584,47590B,PINK HAPPY BIRTHDAY BUNTING,4,2011-08-07 14:16:00,5.45,13752.0,United Kingdom
562584,22989,SET 2 PANTRY DESIGN TEA TOWELS,2,2011-08-07 14:16:00,3.25,13752.0,United Kingdom
562584,47590A,BLUE HAPPY BIRTHDAY BUNTING,2,2011-08-07 14:16:00,5.45,13752.0,United Kingdom
562585,10135,COLOURING PENCILS BROWN TUBE,100,2011-08-07 14:27:00,1.06,14053.0,United Kingdom
562586,21754,HOME BUILDING BLOCK WORD,6,2011-08-07 14:33:00,5.95,16066.0,United Kingdom
562586,22470,HEART OF WICKER LARGE,6,2011-08-07 14:33:00,2.95,16066.0,United Kingdom
562586,22121,NOEL WOODEN BLOCK LETTERS ,12,2011-08-07 14:33:00,5.45,16066.0,United Kingdom
562586,22119,PEACE WOODEN BLOCK LETTERS,12,2011-08-07 14:33:00,6.35,16066.0,United Kingdom
562586,22130,PARTY CONE CHRISTMAS DECORATION ,144,2011-08-07 14:33:00,0.72,16066.0,United Kingdom
562586,22810,SET OF 6 T-LIGHTS SNOWMEN,6,2011-08-07 14:33:00,2.95,16066.0,United Kingdom
562587,23546,WRAP PAISLEY PARK ,25,2011-08-07 14:34:00,0.42,15640.0,United Kingdom
562587,23232,WRAP VINTAGE LEAF DESIGN,25,2011-08-07 14:34:00,0.42,15640.0,United Kingdom
562587,22047,EMPIRE GIFT WRAP,25,2011-08-07 14:34:00,0.42,15640.0,United Kingdom
562587,16161U,WRAP SUKI AND FRIENDS,25,2011-08-07 14:34:00,0.42,15640.0,United Kingdom
562587,85099B,JUMBO BAG RED RETROSPOT,10,2011-08-07 14:34:00,2.08,15640.0,United Kingdom
562587,23201,JUMBO BAG ALPHABET,10,2011-08-07 14:34:00,2.08,15640.0,United Kingdom
562587,23202,JUMBO BAG VINTAGE LEAF,10,2011-08-07 14:34:00,2.08,15640.0,United Kingdom
562587,21931,JUMBO STORAGE BAG SUKI,10,2011-08-07 14:34:00,2.08,15640.0,United Kingdom
562587,23203,JUMBO BAG VINTAGE DOILY ,10,2011-08-07 14:34:00,2.08,15640.0,United Kingdom
562587,22411,JUMBO SHOPPER VINTAGE RED PAISLEY,10,2011-08-07 14:34:00,2.08,15640.0,United Kingdom
562587,21928,JUMBO BAG SCANDINAVIAN BLUE PAISLEY,10,2011-08-07 14:34:00,2.08,15640.0,United Kingdom
562587,21929,JUMBO BAG PINK VINTAGE PAISLEY,10,2011-08-07 14:34:00,2.08,15640.0,United Kingdom
562587,15036,ASSORTED COLOURS SILK FAN,12,2011-08-07 14:34:00,0.83,15640.0,United Kingdom
562587,22440,BALLOON WATER BOMB PACK OF 35,10,2011-08-07 14:34:00,0.42,15640.0,United Kingdom
562587,22436,12 COLOURED PARTY BALLOONS,10,2011-08-07 14:34:00,0.65,15640.0,United Kingdom
562587,23256,CHILDRENS CUTLERY SPACEBOY ,6,2011-08-07 14:34:00,4.15,15640.0,United Kingdom
562587,22083,PAPER CHAIN KIT RETROSPOT,10,2011-08-07 14:34:00,2.95,15640.0,United Kingdom
562587,23078,ICE CREAM PEN LIP GLOSS ,48,2011-08-07 14:34:00,1.25,15640.0,United Kingdom
562587,22091,EMPIRE TISSUE BOX,5,2011-08-07 14:34:00,0.39,15640.0,United Kingdom
562587,22095,LADS ONLY TISSUE BOX,10,2011-08-07 14:34:00,0.39,15640.0,United Kingdom
562587,22979,PANTRY WASHING UP BRUSH,1,2011-08-07 14:34:00,1.45,15640.0,United Kingdom
562587,84536A,ENGLISH ROSE NOTEBOOK A7 SIZE,32,2011-08-07 14:34:00,0.42,15640.0,United Kingdom
562587,22906,12 MESSAGE CARDS WITH ENVELOPES,12,2011-08-07 14:34:00,1.65,15640.0,United Kingdom
562587,20749,ASSORTED COLOUR MINI CASES,4,2011-08-07 14:34:00,7.95,15640.0,United Kingdom
562587,21123,SET/10 IVORY POLKADOT PARTY CANDLES,6,2011-08-07 14:34:00,1.25,15640.0,United Kingdom
562587,21121,SET/10 RED POLKADOT PARTY CANDLES,6,2011-08-07 14:34:00,1.25,15640.0,United Kingdom
562587,21124,SET/10 BLUE POLKADOT PARTY CANDLES,6,2011-08-07 14:34:00,1.25,15640.0,United Kingdom
562587,21122,SET/10 PINK POLKADOT PARTY CANDLES,6,2011-08-07 14:34:00,1.25,15640.0,United Kingdom
562587,22988,SOLDIERS EGG CUP ,12,2011-08-07 14:34:00,1.25,15640.0,United Kingdom
562587,22972,CHILDREN'S SPACEBOY MUG,6,2011-08-07 14:34:00,1.65,15640.0,United Kingdom
562587,22975,SPACEBOY CHILDRENS EGG CUP,12,2011-08-07 14:34:00,1.25,15640.0,United Kingdom
562587,22614,PACK OF 12 SPACEBOY TISSUES,12,2011-08-07 14:34:00,0.29,15640.0,United Kingdom
562587,23209,LUNCH BAG VINTAGE DOILY ,10,2011-08-07 14:34:00,1.65,15640.0,United Kingdom
562587,22630,DOLLY GIRL LUNCH BOX,6,2011-08-07 14:34:00,1.95,15640.0,United Kingdom
562587,22384,LUNCH BAG PINK POLKADOT,10,2011-08-07 14:34:00,1.65,15640.0,United Kingdom
562587,22993,SET OF 4 PANTRY JELLY MOULDS,12,2011-08-07 14:34:00,1.25,15640.0,United Kingdom
562587,23245,SET OF 3 REGENCY CAKE TINS,4,2011-08-07 14:34:00,4.95,15640.0,United Kingdom
562587,21974,SET OF 36 PAISLEY FLOWER DOILIES,12,2011-08-07 14:34:00,1.45,15640.0,United Kingdom
562587,23173,REGENCY TEAPOT ROSES ,1,2011-08-07 14:34:00,9.95,15640.0,United Kingdom
562587,21982,PACK OF 12 SUKI TISSUES ,12,2011-08-07 14:34:00,0.29,15640.0,United Kingdom
562587,21983,PACK OF 12 BLUE PAISLEY TISSUES ,12,2011-08-07 14:34:00,0.29,15640.0,United Kingdom
562587,21967,PACK OF 12 SKULL TISSUES,12,2011-08-07 14:34:00,0.29,15640.0,United Kingdom
562587,21210,SET OF 72 RETROSPOT PAPER  DOILIES,12,2011-08-07 14:34:00,1.45,15640.0,United Kingdom
562587,23306,SET OF 36 DOILIES PANTRY DESIGN,10,2011-08-07 14:34:00,1.45,15640.0,United Kingdom
562587,21212,PACK OF 72 RETROSPOT CAKE CASES,24,2011-08-07 14:34:00,0.55,15640.0,United Kingdom
562587,21977,PACK OF 60 PINK PAISLEY CAKE CASES,24,2011-08-07 14:34:00,0.55,15640.0,United Kingdom
562587,23196,VINTAGE LEAF MAGNETIC NOTEPAD,12,2011-08-07 14:34:00,1.45,15640.0,United Kingdom
562587,23173,REGENCY TEAPOT ROSES ,1,2011-08-07 14:34:00,9.95,15640.0,United Kingdom
562587,21877,HOME SWEET HOME MUG,18,2011-08-07 14:34:00,1.25,15640.0,United Kingdom
562587,22636,CHILDS BREAKFAST SET CIRCUS PARADE,6,2011-08-07 14:34:00,8.5,15640.0,United Kingdom
562587,22423,REGENCY CAKESTAND 3 TIER,16,2011-08-07 14:34:00,10.95,15640.0,United Kingdom
562587,22109,FULL ENGLISH BREAKFAST PLATE,16,2011-08-07 14:34:00,3.39,15640.0,United Kingdom
562587,85123A,WHITE HANGING HEART T-LIGHT HOLDER,32,2011-08-07 14:34:00,2.55,15640.0,United Kingdom
562587,84879,ASSORTED COLOUR BIRD ORNAMENT,160,2011-08-07 14:34:00,1.45,15640.0,United Kingdom
562587,22634,CHILDS BREAKFAST SET SPACEBOY ,8,2011-08-07 14:34:00,8.5,15640.0,United Kingdom
562587,22635,CHILDS BREAKFAST SET DOLLY GIRL ,8,2011-08-07 14:34:00,8.5,15640.0,United Kingdom
562588,35265,COLOURFUL FLOWER FRUIT BOWL,1,2011-08-07 15:07:00,1.95,,United Kingdom
562589,47566,PARTY BUNTING,4,2011-08-07 15:16:00,4.95,15198.0,United Kingdom
562589,22457,NATURAL SLATE HEART CHALKBOARD ,12,2011-08-07 15:16:00,2.95,15198.0,United Kingdom
562589,22693,GROW A FLYTRAP OR SUNFLOWER IN TIN,24,2011-08-07 15:16:00,1.25,15198.0,United Kingdom
562589,22969,HOMEMADE JAM SCENTED CANDLES,12,2011-08-07 15:16:00,1.45,15198.0,United Kingdom
562589,22023,EMPIRE BIRTHDAY CARD,12,2011-08-07 15:16:00,0.42,15198.0,United Kingdom
562590,85230G,ORANGE VOTIVE CANDLE,48,2011-08-07 15:39:00,0.29,12748.0,United Kingdom
562590,22464,HANGING METAL HEART LANTERN,24,2011-08-07 15:39:00,1.65,12748.0,United Kingdom
562591,85230G,ORANGE VOTIVE CANDLE,24,2011-08-07 15:40:00,0.29,12748.0,United Kingdom
562591,22464,HANGING METAL HEART LANTERN,24,2011-08-07 15:40:00,1.65,12748.0,United Kingdom
562592,21311,SET/4 BIRD MIRROR MAGNETS ,23,2011-08-07 15:43:00,0.29,13418.0,United Kingdom
562592,23346,SPACEBOY BEAKER,12,2011-08-07 15:43:00,1.25,13418.0,United Kingdom
562592,23347,I LOVE LONDON BEAKER,12,2011-08-07 15:43:00,1.25,13418.0,United Kingdom
562592,23545,WRAP RED DOILEY,25,2011-08-07 15:43:00,0.42,13418.0,United Kingdom
562592,23345, DOLLY GIRL BEAKER,12,2011-08-07 15:43:00,1.25,13418.0,United Kingdom
562592,16218,CARTOON  PENCIL SHARPENERS,80,2011-08-07 15:43:00,0.06,13418.0,United Kingdom
562592,22211,WOOD STAMP SET FLOWERS,12,2011-08-07 15:43:00,0.83,13418.0,United Kingdom
562592,84926D,LA PALMIERA TILE COASTER,24,2011-08-07 15:43:00,0.29,13418.0,United Kingdom
562592,21788,KIDS RAIN MAC BLUE,24,2011-08-07 15:43:00,0.85,13418.0,United Kingdom
562592,23298,SPOTTY BUNTING,12,2011-08-07 15:43:00,4.95,13418.0,United Kingdom
562592,23203,JUMBO BAG DOILEY PATTERNS,10,2011-08-07 15:43:00,2.08,13418.0,United Kingdom
562592,23202,JUMBO BAG VINTAGE LEAF,10,2011-08-07 15:43:00,2.08,13418.0,United Kingdom
562592,23192,BUNDLE OF 3 ALPHABET EXERCISE BOOKS,12,2011-08-07 15:43:00,1.65,13418.0,United Kingdom
562592,23309,SET OF 60 I LOVE LONDON CAKE CASES ,24,2011-08-07 15:43:00,0.55,13418.0,United Kingdom
562592,23238,SET OF 4 KNICK KNACK TINS LONDON ,6,2011-08-07 15:43:00,4.15,13418.0,United Kingdom
562593,21071,VINTAGE BILLBOARD DRINK ME MUG,2,2011-08-07 15:43:00,1.25,16549.0,United Kingdom
562593,21066,VINTAGE RED MUG,2,2011-08-07 15:43:00,1.25,16549.0,United Kingdom
562593,21872,GLAMOROUS  MUG,2,2011-08-07 15:43:00,1.25,16549.0,United Kingdom
562593,21871,SAVE THE PLANET MUG,2,2011-08-07 15:43:00,1.25,16549.0,United Kingdom
562593,21877,HOME SWEET HOME MUG,2,2011-08-07 15:43:00,1.25,16549.0,United Kingdom
562593,22596,CHRISTMAS STAR WISH LIST CHALKBOARD,12,2011-08-07 15:43:00,1.25,16549.0,United Kingdom
562593,23270,SET OF 2 CERAMIC PAINTED HEARTS ,6,2011-08-07 15:43:00,1.45,16549.0,United Kingdom
562593,22975,SPACEBOY CHILDRENS EGG CUP,4,2011-08-07 15:43:00,1.25,16549.0,United Kingdom
562593,22977,DOLLY GIRL CHILDRENS EGG CUP,4,2011-08-07 15:43:00,1.25,16549.0,United Kingdom
562593,22988,SOLDIERS EGG CUP ,4,2011-08-07 15:43:00,1.25,16549.0,United Kingdom
562593,22089,PAPER BUNTING VINTAGE PAISLEY,3,2011-08-07 15:43:00,2.95,16549.0,United Kingdom
562593,22090,PAPER BUNTING RETROSPOT,3,2011-08-07 15:43:00,2.95,16549.0,United Kingdom
562593,22083,PAPER CHAIN KIT RETROSPOT,2,2011-08-07 15:43:00,2.95,16549.0,United Kingdom
562593,85049F,BABY BOOM RIBBONS ,3,2011-08-07 15:43:00,1.25,16549.0,United Kingdom
562593,85049H,URBAN BLACK RIBBONS ,2,2011-08-07 15:43:00,1.25,16549.0,United Kingdom
562593,22075,6 RIBBONS ELEGANT CHRISTMAS ,2,2011-08-07 15:43:00,1.65,16549.0,United Kingdom
562593,22077,6 RIBBONS RUSTIC CHARM,2,2011-08-07 15:43:00,1.65,16549.0,United Kingdom
562593,85049D,BRIGHT BLUES RIBBONS ,2,2011-08-07 15:43:00,1.25,16549.0,United Kingdom
562593,85049G,CHOCOLATE BOX RIBBONS ,2,2011-08-07 15:43:00,1.25,16549.0,United Kingdom
562593,85049E,SCANDINAVIAN REDS RIBBONS,2,2011-08-07 15:43:00,1.25,16549.0,United Kingdom
562593,20654,FIRST CLASS LUGGAGE TAG ,1,2011-08-07 15:43:00,1.25,16549.0,United Kingdom
562593,20669,RED HEART LUGGAGE TAG,3,2011-08-07 15:43:00,1.25,16549.0,United Kingdom
562593,20658,RED RETROSPOT LUGGAGE TAG,3,2011-08-07 15:43:00,1.25,16549.0,United Kingdom
562593,21866,UNION JACK FLAG LUGGAGE TAG,3,2011-08-07 15:43:00,1.25,16549.0,United Kingdom
562593,20659,ECONOMY LUGGAGE TAG,2,2011-08-07 15:43:00,1.25,16549.0,United Kingdom
562593,85199L,LARGE HANGING IVORY & RED WOOD BIRD,6,2011-08-07 15:43:00,0.65,16549.0,United Kingdom
562593,85199S,SMALL HANGING IVORY/RED WOOD BIRD,6,2011-08-07 15:43:00,0.42,16549.0,United Kingdom
562593,23182,TOILET SIGN OCCUPIED OR VACANT,10,2011-08-07 15:43:00,0.83,16549.0,United Kingdom
562593,22227,HANGING HEART MIRROR DECORATION ,4,2011-08-07 15:43:00,0.65,16549.0,United Kingdom
562593,85184C,SET 4 VALENTINE DECOUPAGE HEART BOX,2,2011-08-07 15:43:00,2.95,16549.0,United Kingdom
562593,23144,ZINC T-LIGHT HOLDER STARS SMALL,6,2011-08-07 15:43:00,0.83,16549.0,United Kingdom
562593,23145,ZINC T-LIGHT HOLDER STAR LARGE,6,2011-08-07 15:43:00,0.95,16549.0,United Kingdom
562593,23138,SINGLE WIRE HOOK IVORY HEART,12,2011-08-07 15:43:00,1.45,16549.0,United Kingdom
562593,23068,ALUMINIUM STAMPED HEART,4,2011-08-07 15:43:00,2.49,16549.0,United Kingdom
562593,71477,COLOUR GLASS. STAR T-LIGHT HOLDER,4,2011-08-07 15:43:00,3.25,16549.0,United Kingdom
562593,85123A,WHITE HANGING HEART T-LIGHT HOLDER,9,2011-08-07 15:43:00,2.95,16549.0,United Kingdom
562593,20914,SET/5 RED RETROSPOT LID GLASS BOWLS,2,2011-08-07 15:43:00,2.95,16549.0,United Kingdom
562593,21755,LOVE BUILDING BLOCK WORD,3,2011-08-07 15:43:00,5.95,16549.0,United Kingdom
562593,21754,HOME BUILDING BLOCK WORD,2,2011-08-07 15:43:00,5.95,16549.0,United Kingdom
562593,20726,LUNCH BAG WOODLAND,2,2011-08-07 15:43:00,1.65,16549.0,United Kingdom
562593,22382,LUNCH BAG SPACEBOY DESIGN ,2,2011-08-07 15:43:00,1.65,16549.0,United Kingdom
562593,20728,LUNCH BAG CARS BLUE,2,2011-08-07 15:43:00,1.65,16549.0,United Kingdom
562593,23206,LUNCH BAG APPLE DESIGN,2,2011-08-07 15:43:00,1.65,16549.0,United Kingdom
562593,23204,CHARLOTTE BAG APPLES DESIGN,2,2011-08-07 15:43:00,0.85,16549.0,United Kingdom
562593,22384,LUNCH BAG PINK POLKADOT,2,2011-08-07 15:43:00,1.65,16549.0,United Kingdom
562593,22318,FIVE HEART HANGING DECORATION,2,2011-08-07 15:43:00,2.95,16549.0,United Kingdom
562593,21034,REX CASH+CARRY JUMBO SHOPPER,12,2011-08-07 15:43:00,0.95,16549.0,United Kingdom
562593,23209,LUNCH BAG VINTAGE DOILY ,2,2011-08-07 15:43:00,1.65,16549.0,United Kingdom
562593,23207,LUNCH BAG ALPHABET DESIGN,2,2011-08-07 15:43:00,1.65,16549.0,United Kingdom
562593,23208,LUNCH BAG VINTAGE LEAF DESIGN,2,2011-08-07 15:43:00,1.65,16549.0,United Kingdom
562593,21928,JUMBO BAG SCANDINAVIAN BLUE PAISLEY,1,2011-08-07 15:43:00,2.08,16549.0,United Kingdom
562593,23201,JUMBO BAG ALPHABET,2,2011-08-07 15:43:00,2.08,16549.0,United Kingdom
562593,21929,JUMBO BAG PINK VINTAGE PAISLEY,1,2011-08-07 15:43:00,2.08,16549.0,United Kingdom
562593,22694,WICKER STAR ,4,2011-08-07 15:43:00,2.1,16549.0,United Kingdom
562593,22470,HEART OF WICKER LARGE,6,2011-08-07 15:43:00,2.95,16549.0,United Kingdom
562593,22501,PICNIC BASKET WICKER LARGE,2,2011-08-07 15:43:00,9.95,16549.0,United Kingdom
562593,23322,LARGE WHITE HEART OF WICKER,6,2011-08-07 15:43:00,2.95,16549.0,United Kingdom
562593,22469,HEART OF WICKER SMALL,3,2011-08-07 15:43:00,1.65,16549.0,United Kingdom
562593,23321,SMALL WHITE HEART OF WICKER,7,2011-08-07 15:43:00,1.65,16549.0,United Kingdom
562593,23323,WHITE WICKER STAR ,3,2011-08-07 15:43:00,2.1,16549.0,United Kingdom
562593,23000,TRAVEL CARD WALLET TRANSPORT,5,2011-08-07 15:43:00,0.42,16549.0,United Kingdom
562593,22994,TRAVEL CARD WALLET RETROSPOT,4,2011-08-07 15:43:00,0.42,16549.0,United Kingdom
562593,22998,TRAVEL CARD WALLET KEEP CALM,5,2011-08-07 15:43:00,0.42,16549.0,United Kingdom
562593,22997,TRAVEL CARD WALLET UNION JACK,3,2011-08-07 15:43:00,0.42,16549.0,United Kingdom
562593,23005,TRAVEL CARD WALLET I LOVE LONDON,5,2011-08-07 15:43:00,0.42,16549.0,United Kingdom
562593,23006,TRAVEL CARD WALLET FLOWER MEADOW,3,2011-08-07 15:43:00,0.42,16549.0,United Kingdom
562593,22948,METAL DECORATION NAUGHTY CHILDREN ,6,2011-08-07 15:43:00,0.85,16549.0,United Kingdom
562593,21770,OPEN CLOSED METAL SIGN,1,2011-08-07 15:43:00,4.95,16549.0,United Kingdom
562593,21172,PARTY METAL SIGN ,2,2011-08-07 15:43:00,1.45,16549.0,United Kingdom
562593,22616,PACK OF 12 LONDON TISSUES ,4,2011-08-07 15:43:00,0.29,16549.0,United Kingdom
562593,23332,IVORY WICKER HEART LARGE,6,2011-08-07 15:43:00,1.65,16549.0,United Kingdom
562593,23329,DECORATIVE WICKER HEART LARGE,6,2011-08-07 15:43:00,1.65,16549.0,United Kingdom
562593,21981,PACK OF 12 WOODLAND TISSUES ,4,2011-08-07 15:43:00,0.29,16549.0,United Kingdom
562593,21982,PACK OF 12 SUKI TISSUES ,4,2011-08-07 15:43:00,0.29,16549.0,United Kingdom
562593,21984,PACK OF 12 PINK PAISLEY TISSUES ,4,2011-08-07 15:43:00,0.29,16549.0,United Kingdom
562593,21985,PACK OF 12 HEARTS DESIGN TISSUES ,4,2011-08-07 15:43:00,0.29,16549.0,United Kingdom
562593,21980,PACK OF 12 RED RETROSPOT TISSUES ,4,2011-08-07 15:43:00,0.29,16549.0,United Kingdom
562593,21982,PACK OF 12 SUKI TISSUES ,4,2011-08-07 15:43:00,0.29,16549.0,United Kingdom
562593,22776,SWEETHEART CAKESTAND 3 TIER,1,2011-08-07 15:43:00,9.95,16549.0,United Kingdom
562593,21078,SET/20 STRAWBERRY PAPER NAPKINS ,2,2011-08-07 15:43:00,0.85,16549.0,United Kingdom
562593,22851,SET 20 NAPKINS FAIRY CAKES DESIGN ,4,2011-08-07 15:43:00,0.85,16549.0,United Kingdom
562593,84519B,CARROT CHARLIE+LOLA COASTER SET,6,2011-08-07 15:43:00,1.25,16549.0,United Kingdom
562593,23226,FILIGREE HEART DAISY WHITE,3,2011-08-07 15:43:00,1.25,16549.0,United Kingdom
562593,23227,FILIGREE HEART BUTTERFLY WHITE ,8,2011-08-07 15:43:00,1.25,16549.0,United Kingdom
562593,23275,SET OF 3 HANGING OWLS OLLIE BEAK,5,2011-08-07 15:43:00,1.25,16549.0,United Kingdom
562593,23263,SET OF 3 WOODEN HEART DECORATIONS,4,2011-08-07 15:43:00,1.25,16549.0,United Kingdom
562593,23103,JINGLE BELL HEART DECORATION,6,2011-08-07 15:43:00,1.65,16549.0,United Kingdom
562593,23215,JINGLE BELL HEART ANTIQUE SILVER,6,2011-08-07 15:43:00,2.08,16549.0,United Kingdom
562593,47566B,TEA TIME PARTY BUNTING,1,2011-08-07 15:43:00,4.95,16549.0,United Kingdom
562593,47566,PARTY BUNTING,2,2011-08-07 15:43:00,4.95,16549.0,United Kingdom
562593,47599B,BLUE PARTY BAGS ,2,2011-08-07 15:43:00,2.1,16549.0,United Kingdom
562593,47599A,PINK PARTY BAGS,2,2011-08-07 15:43:00,2.1,16549.0,United Kingdom
562593,47590B,PINK HAPPY BIRTHDAY BUNTING,1,2011-08-07 15:43:00,5.45,16549.0,United Kingdom
562593,20972,PINK CREAM FELT CRAFT TRINKET BOX ,4,2011-08-07 15:43:00,1.25,16549.0,United Kingdom
562593,20971,PINK BLUE FELT CRAFT TRINKET BOX,3,2011-08-07 15:43:00,1.25,16549.0,United Kingdom
562593,22755,SMALL PURPLE BABUSHKA NOTEBOOK ,3,2011-08-07 15:43:00,0.85,16549.0,United Kingdom
562593,22754,SMALL RED BABUSHKA NOTEBOOK ,3,2011-08-07 15:43:00,0.85,16549.0,United Kingdom
562593,22753,SMALL YELLOW BABUSHKA NOTEBOOK ,3,2011-08-07 15:43:00,0.85,16549.0,United Kingdom
562593,84535B,FAIRY CAKES NOTEBOOK A6 SIZE,4,2011-08-07 15:43:00,0.65,16549.0,United Kingdom
562593,84536B,FAIRY CAKES NOTEBOOK A7 SIZE,4,2011-08-07 15:43:00,0.42,16549.0,United Kingdom
562593,23298,SPOTTY BUNTING,3,2011-08-07 15:43:00,4.95,16549.0,United Kingdom
562593,22156,HEART DECORATION WITH PEARLS ,72,2011-08-07 15:43:00,0.85,16549.0,United Kingdom
562593,22352,LUNCH BOX WITH CUTLERY RETROSPOT ,2,2011-08-07 15:43:00,2.55,16549.0,United Kingdom
562593,21559,STRAWBERRY LUNCH BOX WITH CUTLERY,2,2011-08-07 15:43:00,2.55,16549.0,United Kingdom
562593,22329,ROUND CONTAINER SET OF 5 RETROSPOT,2,2011-08-07 15:43:00,1.65,16549.0,United Kingdom
562593,23306,SET OF 36 DOILIES PANTRY DESIGN,2,2011-08-07 15:43:00,1.45,16549.0,United Kingdom
562593,22097,SWALLOW SQUARE TISSUE BOX,3,2011-08-07 15:43:00,0.39,16549.0,United Kingdom
562593,22956,36 FOIL HEART CAKE CASES,2,2011-08-07 15:43:00,2.1,16549.0,United Kingdom
562593,22955,36 FOIL STAR CAKE CASES ,2,2011-08-07 15:43:00,2.1,16549.0,United Kingdom
562593,21068,VINTAGE BILLBOARD LOVE/HATE MUG,2,2011-08-07 15:43:00,1.25,16549.0,United Kingdom
C562594,85230G,ORANGE VOTIVE CANDLE,-48,2011-08-07 15:44:00,0.29,12748.0,United Kingdom
C562594,22464,HANGING METAL HEART LANTERN,-24,2011-08-07 15:44:00,1.65,12748.0,United Kingdom
562595,75049L,LARGE CIRCULAR MIRROR MOBILE,12,2011-08-07 15:52:00,1.25,17602.0,United Kingdom
562595,44235,ASSORTED COLOURED CIRCLE MOBILE ,24,2011-08-07 15:52:00,0.42,17602.0,United Kingdom
562595,85123A,WHITE HANGING HEART T-LIGHT HOLDER,6,2011-08-07 15:52:00,2.95,17602.0,United Kingdom
562595,84818,DANISH ROSE PHOTO FRAME,24,2011-08-07 15:52:00,0.79,17602.0,United Kingdom
562595,47343A,FUSCHIA FLOWER PURSE WITH BEADS,12,2011-08-07 15:52:00,0.83,17602.0,United Kingdom
562595,15044C,PURPLE PAPER PARASOL,6,2011-08-07 15:52:00,2.95,17602.0,United Kingdom
562595,15044D,RED PAPER PARASOL,12,2011-08-07 15:52:00,2.95,17602.0,United Kingdom
562595,15044A,PINK PAPER PARASOL ,6,2011-08-07 15:52:00,2.95,17602.0,United Kingdom
