InvoiceNo,StockCode,Description,Quantity,InvoiceDate,UnitPrice,CustomerID,Country
555407,23226,FILIGREE HEART DAISY WHITE,24,2011-06-03 07:48:00,1.25,12775.0,Netherlands
555407,23227,FILIGREE HEART BUTTERFLY WHITE ,24,2011-06-03 07:48:00,1.25,12775.0,Netherlands
555407,23228,FILIGREE HEART BIRD WHITE ,24,2011-06-03 07:48:00,1.25,12775.0,Netherlands
555407,21390,FILIGRIS HEART WITH BUTTERFLY,24,2011-06-03 07:48:00,1.25,12775.0,Netherlands
555407,23061,VINTAGE EMBOSSED HEART,36,2011-06-03 07:48:00,1.25,12775.0,Netherlands
555407,22297,HEART IVORY TRELLIS SMALL,24,2011-06-03 07:48:00,1.25,12775.0,Netherlands
555407,22296,HEART IVORY TRELLIS LARGE,36,2011-06-03 07:48:00,1.65,12775.0,Netherlands
555407,22294,HEART FILIGREE DOVE  SMALL,24,2011-06-03 07:48:00,1.25,12775.0,Netherlands
555407,35961,FOLKART ZINC HEART CHRISTMAS DEC,24,2011-06-03 07:48:00,0.85,12775.0,Netherlands
555407,21385,IVORY HANGING DECORATION  HEART,24,2011-06-03 07:48:00,0.85,12775.0,Netherlands
555407,84970S,HANGING HEART ZINC T-LIGHT HOLDER,24,2011-06-03 07:48:00,0.85,12775.0,Netherlands
555407,84970L,SINGLE HEART ZINC T-LIGHT HOLDER,24,2011-06-03 07:48:00,0.95,12775.0,Netherlands
555407,84406B,CREAM CUPID HEARTS COAT HANGER,4,2011-06-03 07:48:00,4.15,12775.0,Netherlands
555407,23170,REGENCY TEA PLATE ROSES ,12,2011-06-03 07:48:00,1.65,12775.0,Netherlands
555407,POST,POSTAGE,1,2011-06-03 07:48:00,15.0,12775.0,Netherlands
555408,23083,SET 6 PAPER TABLE LANTERN STARS ,6,2011-06-03 08:54:00,3.75,13294.0,United Kingdom
555408,23301,GARDENERS KNEELING PAD KEEP CALM ,12,2011-06-03 08:54:00,1.65,13294.0,United Kingdom
555408,21922,UNION STRIPE WITH FRINGE  HAMMOCK,4,2011-06-03 08:54:00,7.95,13294.0,United Kingdom
555408,84795B,SUNSET CHECK HAMMOCK,2,2011-06-03 08:54:00,7.95,13294.0,United Kingdom
555408,85099B,JUMBO BAG RED RETROSPOT,10,2011-06-03 08:54:00,2.08,13294.0,United Kingdom
555408,22411,JUMBO SHOPPER VINTAGE RED PAISLEY,10,2011-06-03 08:54:00,2.08,13294.0,United Kingdom
555408,23202,JUMBO BAG VINTAGE LEAF,10,2011-06-03 08:54:00,2.08,13294.0,United Kingdom
555408,22379,RECYCLING BAG RETROSPOT ,5,2011-06-03 08:54:00,2.1,13294.0,United Kingdom
555408,22637,PIGGY BANK RETROSPOT ,4,2011-06-03 08:54:00,2.55,13294.0,United Kingdom
555408,84879,ASSORTED COLOUR BIRD ORNAMENT,16,2011-06-03 08:54:00,1.69,13294.0,United Kingdom
555408,22488,NATURAL SLATE RECTANGLE CHALKBOARD,12,2011-06-03 08:54:00,1.65,13294.0,United Kingdom
555408,22845,VINTAGE CREAM CAT FOOD CONTAINER,2,2011-06-03 08:54:00,6.35,13294.0,United Kingdom
555408,22928,YELLOW GIANT GARDEN THERMOMETER,2,2011-06-03 08:54:00,5.95,13294.0,United Kingdom
555408,22927,GREEN GIANT GARDEN THERMOMETER,2,2011-06-03 08:54:00,5.95,13294.0,United Kingdom
555408,22854,CREAM SWEETHEART EGG HOLDER,4,2011-06-03 08:54:00,4.95,13294.0,United Kingdom
555408,22855,FINE WICKER HEART ,12,2011-06-03 08:54:00,1.25,13294.0,United Kingdom
555408,22467,GUMBALL COAT RACK,6,2011-06-03 08:54:00,2.55,13294.0,United Kingdom
555408,22425,ENAMEL COLANDER CREAM,3,2011-06-03 08:54:00,4.95,13294.0,United Kingdom
555408,22429,ENAMEL MEASURING JUG CREAM,4,2011-06-03 08:54:00,4.25,13294.0,United Kingdom
555408,22844,VINTAGE CREAM DOG FOOD CONTAINER,2,2011-06-03 08:54:00,8.5,13294.0,United Kingdom
555408,20914,SET/5 RED RETROSPOT LID GLASS BOWLS,6,2011-06-03 08:54:00,2.95,13294.0,United Kingdom
555408,22752,SET 7 BABUSHKA NESTING BOXES,2,2011-06-03 08:54:00,8.5,13294.0,United Kingdom
C555409,22699,ROSES REGENCY TEACUP AND SAUCER ,-7,2011-06-03 09:18:00,2.55,13854.0,United Kingdom
555410,21713,CITRONELLA CANDLE FLOWERPOT,16,2011-06-03 09:30:00,2.1,16239.0,United Kingdom
555410,85066,CREAM SWEETHEART MINI CHEST,4,2011-06-03 09:30:00,12.75,16239.0,United Kingdom
555410,22855,FINE WICKER HEART ,12,2011-06-03 09:30:00,1.25,16239.0,United Kingdom
555410,22469,HEART OF WICKER SMALL,24,2011-06-03 09:30:00,1.65,16239.0,United Kingdom
555410,22470,HEART OF WICKER LARGE,12,2011-06-03 09:30:00,2.95,16239.0,United Kingdom
555410,84836,ZINC METAL HEART DECORATION,12,2011-06-03 09:30:00,1.25,16239.0,United Kingdom
555410,84945,MULTI COLOUR SILVER T-LIGHT HOLDER,24,2011-06-03 09:30:00,0.85,16239.0,United Kingdom
555410,84755,COLOUR GLASS T-LIGHT HOLDER HANGING,16,2011-06-03 09:30:00,0.65,16239.0,United Kingdom
555410,22791,T-LIGHT GLASS FLUTED ANTIQUE,12,2011-06-03 09:30:00,1.25,16239.0,United Kingdom
555410,22430,ENAMEL WATERING CAN CREAM,8,2011-06-03 09:30:00,4.95,16239.0,United Kingdom
555410,22382,LUNCH BAG SPACEBOY DESIGN ,10,2011-06-03 09:30:00,1.65,16239.0,United Kingdom
555410,22384,LUNCH BAG PINK POLKADOT,10,2011-06-03 09:30:00,1.65,16239.0,United Kingdom
555410,23206,LUNCH BAG APPLE DESIGN,10,2011-06-03 09:30:00,1.65,16239.0,United Kingdom
555410,22431,WATERING CAN BLUE ELEPHANT,6,2011-06-03 09:30:00,1.95,16239.0,United Kingdom
555410,22433,WATERING CAN GREEN DINOSAUR,6,2011-06-03 09:30:00,1.95,16239.0,United Kingdom
555412,22334,DINOSAUR PARTY BAG + STICKER SET,2,2011-06-03 09:46:00,1.65,13069.0,United Kingdom
555412,22469,HEART OF WICKER SMALL,40,2011-06-03 09:46:00,1.45,13069.0,United Kingdom
C555411,22694,WICKER STAR ,-40,2011-06-03 09:46:00,2.1,13069.0,United Kingdom
555413,23077,DOUGHNUT LIP GLOSS ,20,2011-06-03 09:50:00,1.25,17994.0,United Kingdom
555413,22367,CHILDRENS APRON SPACEBOY DESIGN,2,2011-06-03 09:50:00,1.95,17994.0,United Kingdom
555413,22899,CHILDREN'S APRON DOLLY GIRL ,2,2011-06-03 09:50:00,2.1,17994.0,United Kingdom
555413,22382,LUNCH BAG SPACEBOY DESIGN ,2,2011-06-03 09:50:00,1.65,17994.0,United Kingdom
555413,20726,LUNCH BAG WOODLAND,1,2011-06-03 09:50:00,1.65,17994.0,United Kingdom
555413,23207,LUNCH BAG ALPHABET DESIGN,1,2011-06-03 09:50:00,1.65,17994.0,United Kingdom
555413,23207,LUNCH BAG ALPHABET DESIGN,1,2011-06-03 09:50:00,1.65,17994.0,United Kingdom
555413,23206,LUNCH BAG APPLE DESIGN,2,2011-06-03 09:50:00,1.65,17994.0,United Kingdom
555413,20728,LUNCH BAG CARS BLUE,4,2011-06-03 09:50:00,1.65,17994.0,United Kingdom
555413,22693,GROW A FLYTRAP OR SUNFLOWER IN TIN,24,2011-06-03 09:50:00,1.25,17994.0,United Kingdom
555413,11001,ASSTD DESIGN RACING CAR PEN,16,2011-06-03 09:50:00,1.69,17994.0,United Kingdom
555413,22384,LUNCH BAG PINK POLKADOT,10,2011-06-03 09:50:00,1.65,17994.0,United Kingdom
555413,84828,JUNGLE POPSICLES ICE LOLLY MOULDS,1,2011-06-03 09:50:00,1.25,17994.0,United Kingdom
555413,21561,DINOSAUR LUNCH BOX WITH CUTLERY,3,2011-06-03 09:50:00,2.55,17994.0,United Kingdom
555413,21559,STRAWBERRY LUNCH BOX WITH CUTLERY,3,2011-06-03 09:50:00,2.55,17994.0,United Kingdom
555413,20726,LUNCH BAG WOODLAND,3,2011-06-03 09:50:00,1.65,17994.0,United Kingdom
555413,23009,I LOVE LONDON BABY GIFT SET,1,2011-06-03 09:50:00,16.95,17994.0,United Kingdom
555413,23007, SPACEBOY BABY GIFT SET,1,2011-06-03 09:50:00,16.95,17994.0,United Kingdom
555413,21716,BOYS VINTAGE TIN SEASIDE BUCKET,2,2011-06-03 09:50:00,2.55,17994.0,United Kingdom
555413,84674,FLYING PIG WATERING CAN,1,2011-06-03 09:50:00,2.95,17994.0,United Kingdom
555413,21680,WOODLAND  STICKERS,6,2011-06-03 09:50:00,0.85,17994.0,United Kingdom
555413,21675,BUTTERFLIES STICKERS,6,2011-06-03 09:50:00,0.85,17994.0,United Kingdom
555413,22489,PACK OF 12 TRADITIONAL CRAYONS,2,2011-06-03 09:50:00,0.42,17994.0,United Kingdom
555413,22560,TRADITIONAL MODELLING CLAY,2,2011-06-03 09:50:00,1.25,17994.0,United Kingdom
555413,22431,WATERING CAN BLUE ELEPHANT,1,2011-06-03 09:50:00,1.95,17994.0,United Kingdom
555413,22432,WATERING CAN PINK BUNNY,1,2011-06-03 09:50:00,1.95,17994.0,United Kingdom
555413,21500,PINK POLKADOT WRAP ,25,2011-06-03 09:50:00,0.42,17994.0,United Kingdom
555413,21498,RED RETROSPOT WRAP ,25,2011-06-03 09:50:00,0.42,17994.0,United Kingdom
555413,22433,WATERING CAN GREEN DINOSAUR,1,2011-06-03 09:50:00,1.95,17994.0,United Kingdom
555414,21935,SUKI  SHOULDER BAG,10,2011-06-03 10:06:00,1.65,16230.0,United Kingdom
555414,21934,SKULL SHOULDER BAG,10,2011-06-03 10:06:00,1.65,16230.0,United Kingdom
555414,20719,WOODLAND CHARLOTTE BAG,10,2011-06-03 10:06:00,0.85,16230.0,United Kingdom
555414,22355,CHARLOTTE BAG SUKI DESIGN,10,2011-06-03 10:06:00,0.85,16230.0,United Kingdom
555414,20724,RED RETROSPOT CHARLOTTE BAG,10,2011-06-03 10:06:00,0.85,16230.0,United Kingdom
555414,23205,CHARLOTTE BAG VINTAGE ALPHABET ,10,2011-06-03 10:06:00,0.85,16230.0,United Kingdom
555414,20718,RED RETROSPOT SHOPPER BAG,10,2011-06-03 10:06:00,1.25,16230.0,United Kingdom
555414,85123A,WHITE HANGING HEART T-LIGHT HOLDER,12,2011-06-03 10:06:00,2.95,16230.0,United Kingdom
555414,75049L,LARGE CIRCULAR MIRROR MOBILE,24,2011-06-03 10:06:00,1.25,16230.0,United Kingdom
555414,84422,PINK/BLUE DISC/MIRROR STRING,12,2011-06-03 10:06:00,0.85,16230.0,United Kingdom
555414,23083,SET 6 PAPER TABLE LANTERN STARS ,6,2011-06-03 10:06:00,3.75,16230.0,United Kingdom
555414,23082,SET 6 PAPER TABLE LANTERN HEARTS ,6,2011-06-03 10:06:00,3.75,16230.0,United Kingdom
555414,20728,LUNCH BAG CARS BLUE,10,2011-06-03 10:06:00,1.65,16230.0,United Kingdom
555414,22383,LUNCH BAG SUKI DESIGN ,10,2011-06-03 10:06:00,1.65,16230.0,United Kingdom
555414,23206,LUNCH BAG APPLE DESIGN,10,2011-06-03 10:06:00,1.65,16230.0,United Kingdom
555414,20725,LUNCH BAG RED RETROSPOT,10,2011-06-03 10:06:00,1.65,16230.0,United Kingdom
555415,21340,CLASSIC METAL BIRDCAGE PLANT HOLDER,1,2011-06-03 10:08:00,12.75,14500.0,United Kingdom
555415,22178,VICTORIAN GLASS HANGING T-LIGHT,60,2011-06-03 10:08:00,1.25,14500.0,United Kingdom
555415,22784,LANTERN CREAM GAZEBO ,6,2011-06-03 10:08:00,4.95,14500.0,United Kingdom
555415,22427,ENAMEL FLOWER JUG CREAM,12,2011-06-03 10:08:00,5.45,14500.0,United Kingdom
555415,22784,LANTERN CREAM GAZEBO ,24,2011-06-03 10:08:00,4.25,14500.0,United Kingdom
555416,23089,GLASS BON BON JAR,6,2011-06-03 10:15:00,1.65,14408.0,United Kingdom
555416,84947,ANTIQUE SILVER TEA GLASS ENGRAVED,6,2011-06-03 10:15:00,1.25,14408.0,United Kingdom
555416,84949,SILVER HANGING T-LIGHT HOLDER,6,2011-06-03 10:15:00,1.65,14408.0,United Kingdom
555416,22112,CHOCOLATE HOT WATER BOTTLE,3,2011-06-03 10:15:00,4.95,14408.0,United Kingdom
555416,20996,JAZZ HEARTS ADDRESS BOOK,8,2011-06-03 10:15:00,0.19,14408.0,United Kingdom
555416,21166,COOK WITH WINE METAL SIGN ,24,2011-06-03 10:15:00,2.08,14408.0,United Kingdom
555416,22412,METAL SIGN NEIGHBOURHOOD WITCH ,12,2011-06-03 10:15:00,2.1,14408.0,United Kingdom
555416,21896,POTTING SHED TWINE,1,2011-06-03 10:15:00,2.1,14408.0,United Kingdom
555416,15036,ASSORTED COLOURS SILK FAN,24,2011-06-03 10:15:00,0.83,14408.0,United Kingdom
555416,21985,PACK OF 12 HEARTS DESIGN TISSUES ,12,2011-06-03 10:15:00,0.29,14408.0,United Kingdom
555416,21986,PACK OF 12 PINK POLKADOT TISSUES,12,2011-06-03 10:15:00,0.29,14408.0,United Kingdom
555416,22433,WATERING CAN GREEN DINOSAUR,2,2011-06-03 10:15:00,1.95,14408.0,United Kingdom
555416,85152,HAND OVER THE CHOCOLATE   SIGN ,24,2011-06-03 10:15:00,2.1,14408.0,United Kingdom
555416,21175,GIN + TONIC DIET METAL SIGN,24,2011-06-03 10:15:00,2.55,14408.0,United Kingdom
555416,84946,ANTIQUE SILVER T-LIGHT GLASS,6,2011-06-03 10:15:00,1.25,14408.0,United Kingdom
555416,22178,VICTORIAN GLASS HANGING T-LIGHT,6,2011-06-03 10:15:00,1.25,14408.0,United Kingdom
555416,23077,DOUGHNUT LIP GLOSS ,40,2011-06-03 10:15:00,1.25,14408.0,United Kingdom
555416,21907,I'M ON HOLIDAY METAL SIGN,12,2011-06-03 10:15:00,2.1,14408.0,United Kingdom
555416,22030,SWALLOWS GREETING CARD,12,2011-06-03 10:15:00,0.42,14408.0,United Kingdom
555416,22753,SMALL YELLOW BABUSHKA NOTEBOOK ,4,2011-06-03 10:15:00,0.85,14408.0,United Kingdom
555416,22755,SMALL PURPLE BABUSHKA NOTEBOOK ,4,2011-06-03 10:15:00,0.85,14408.0,United Kingdom
555416,22646,CERAMIC STRAWBERRY CAKE MONEY BANK,4,2011-06-03 10:15:00,1.45,14408.0,United Kingdom
555416,21520,BOOZE & WOMEN GREETING CARD ,12,2011-06-03 10:15:00,0.42,14408.0,United Kingdom
555417,22426,ENAMEL WASH BOWL CREAM,4,2011-06-03 10:17:00,3.75,12601.0,Germany
555417,85054,FRENCH ENAMEL POT W LID,6,2011-06-03 10:17:00,2.95,12601.0,Germany
555417,23147,SINGLE ANTIQUE ROSE HOOK IVORY,12,2011-06-03 10:17:00,1.45,12601.0,Germany
555417,POST,POSTAGE,1,2011-06-03 10:17:00,18.0,12601.0,Germany
555418,82486,WOOD S/3 CABINET ANT WHITE FINISH,12,2011-06-03 10:19:00,8.15,15498.0,United Kingdom
555418,21735,TWO DOOR CURIO CABINET,4,2011-06-03 10:19:00,12.75,15498.0,United Kingdom
555418,22497,SET OF 2 TINS VINTAGE BATHROOM ,4,2011-06-03 10:19:00,4.25,15498.0,United Kingdom
555418,22485,SET OF 2 WOODEN MARKET CRATES,12,2011-06-03 10:19:00,10.95,15498.0,United Kingdom
555418,20682,RED RETROSPOT CHILDRENS UMBRELLA,6,2011-06-03 10:19:00,3.25,15498.0,United Kingdom
555418,20686,DOLLY MIXTURE CHILDREN'S UMBRELLA,6,2011-06-03 10:19:00,3.25,15498.0,United Kingdom
555418,22693,GROW A FLYTRAP OR SUNFLOWER IN TIN,24,2011-06-03 10:19:00,1.25,15498.0,United Kingdom
555418,22652,TRAVEL SEWING KIT,10,2011-06-03 10:19:00,1.65,15498.0,United Kingdom
555418,22457,NATURAL SLATE HEART CHALKBOARD ,6,2011-06-03 10:19:00,2.95,15498.0,United Kingdom
555418,48194,DOORMAT HEARTS,10,2011-06-03 10:19:00,6.75,15498.0,United Kingdom
555418,85123A,WHITE HANGING HEART T-LIGHT HOLDER,12,2011-06-03 10:19:00,2.95,15498.0,United Kingdom
555418,23284,DOORMAT KEEP CALM AND COME IN,20,2011-06-03 10:19:00,6.75,15498.0,United Kingdom
555418,48138,DOORMAT UNION FLAG,20,2011-06-03 10:19:00,6.75,15498.0,United Kingdom
555418,20685,DOORMAT RED RETROSPOT,20,2011-06-03 10:19:00,6.75,15498.0,United Kingdom
555418,20963,APPLE BATH SPONGE,10,2011-06-03 10:19:00,1.25,15498.0,United Kingdom
555418,22361,GLASS JAR DAISY FRESH COTTON WOOL,6,2011-06-03 10:19:00,2.95,15498.0,United Kingdom
555418,22362,GLASS JAR PEACOCK BATH SALTS,6,2011-06-03 10:19:00,2.95,15498.0,United Kingdom
555418,22782,SET 3 WICKER STORAGE BASKETS ,4,2011-06-03 10:19:00,21.95,15498.0,United Kingdom
555418,47566,PARTY BUNTING,4,2011-06-03 10:19:00,4.95,15498.0,United Kingdom
555418,22766,PHOTO FRAME CORNICE,8,2011-06-03 10:19:00,2.95,15498.0,United Kingdom
555418,23226,FILIGREE HEART DAISY WHITE,24,2011-06-03 10:19:00,1.25,15498.0,United Kingdom
555418,23099,FRENCH CARRIAGE LANTERN,4,2011-06-03 10:19:00,6.65,15498.0,United Kingdom
555418,84884A,ANT WHITE WIRE HEART SPIRAL,5,2011-06-03 10:19:00,3.95,15498.0,United Kingdom
555418,21495,SKULLS AND CROSSBONES WRAP,25,2011-06-03 10:19:00,0.42,15498.0,United Kingdom
555418,21942,SKULLS DESIGN FLANNEL,12,2011-06-03 10:19:00,0.85,15498.0,United Kingdom
555418,21967,PACK OF 12 SKULL TISSUES,24,2011-06-03 10:19:00,0.29,15498.0,United Kingdom
555418,23002,TRAVEL CARD WALLET SKULLS,24,2011-06-03 10:19:00,0.42,15498.0,United Kingdom
555418,21715,GIRLS VINTAGE TIN SEASIDE BUCKET,8,2011-06-03 10:19:00,2.55,15498.0,United Kingdom
555418,21716,BOYS VINTAGE TIN SEASIDE BUCKET,8,2011-06-03 10:19:00,2.55,15498.0,United Kingdom
555418,21913,VINTAGE SEASIDE JIGSAW PUZZLES,4,2011-06-03 10:19:00,3.75,15498.0,United Kingdom
555418,22622,BOX OF VINTAGE ALPHABET BLOCKS,2,2011-06-03 10:19:00,11.95,15498.0,United Kingdom
555418,22623,BOX OF VINTAGE JIGSAW BLOCKS ,3,2011-06-03 10:19:00,5.95,15498.0,United Kingdom
555419,22625,RED KITCHEN SCALES,2,2011-06-03 10:20:00,8.5,15498.0,United Kingdom
555420,84970L,SINGLE HEART ZINC T-LIGHT HOLDER,24,2011-06-03 10:29:00,0.95,13458.0,United Kingdom
555420,84970S,HANGING HEART ZINC T-LIGHT HOLDER,24,2011-06-03 10:29:00,0.85,13458.0,United Kingdom
555420,23118,PARISIENNE JEWELLERY DRAWER ,2,2011-06-03 10:29:00,7.5,13458.0,United Kingdom
555420,21340,CLASSIC METAL BIRDCAGE PLANT HOLDER,1,2011-06-03 10:29:00,12.75,13458.0,United Kingdom
555420,21390,FILIGRIS HEART WITH BUTTERFLY,24,2011-06-03 10:29:00,1.25,13458.0,United Kingdom
555420,22150,3 STRIPEY MICE FELTCRAFT,6,2011-06-03 10:29:00,1.95,13458.0,United Kingdom
555420,22139,RETROSPOT TEA SET CERAMIC 11 PC ,3,2011-06-03 10:29:00,4.95,13458.0,United Kingdom
555420,22195,LARGE HEART MEASURING SPOONS,12,2011-06-03 10:29:00,1.65,13458.0,United Kingdom
555420,21878,PACK OF 6 SANDCASTLE FLAGS ASSORTED,24,2011-06-03 10:29:00,0.85,13458.0,United Kingdom
555420,21716,BOYS VINTAGE TIN SEASIDE BUCKET,8,2011-06-03 10:29:00,2.55,13458.0,United Kingdom
555420,21715,GIRLS VINTAGE TIN SEASIDE BUCKET,8,2011-06-03 10:29:00,2.55,13458.0,United Kingdom
555420,21718,RED METAL BEACH SPADE ,12,2011-06-03 10:29:00,1.25,13458.0,United Kingdom
555420,23109,LED TEA LIGHTS,12,2011-06-03 10:29:00,2.89,13458.0,United Kingdom
555420,22469,HEART OF WICKER SMALL,24,2011-06-03 10:29:00,1.65,13458.0,United Kingdom
555420,22784,LANTERN CREAM GAZEBO ,6,2011-06-03 10:29:00,4.95,13458.0,United Kingdom
555420,40016,CHINESE DRAGON PAPER LANTERNS,24,2011-06-03 10:29:00,0.42,13458.0,United Kingdom
555420,22192,BLUE DINER WALL CLOCK,2,2011-06-03 10:29:00,8.5,13458.0,United Kingdom
555420,22193,RED DINER WALL CLOCK,2,2011-06-03 10:29:00,8.5,13458.0,United Kingdom
555420,22896,PEG BAG APPLES DESIGN,6,2011-06-03 10:29:00,2.55,13458.0,United Kingdom
555420,21155,RED RETROSPOT PEG BAG,6,2011-06-03 10:29:00,2.55,13458.0,United Kingdom
555420,23298,SPOTTY BUNTING,12,2011-06-03 10:29:00,4.95,13458.0,United Kingdom
555420,22470,HEART OF WICKER LARGE,40,2011-06-03 10:29:00,2.55,13458.0,United Kingdom
555420,82482,WOODEN PICTURE FRAME WHITE FINISH,12,2011-06-03 10:29:00,2.55,13458.0,United Kingdom
555420,47566,PARTY BUNTING,4,2011-06-03 10:29:00,4.95,13458.0,United Kingdom
555420,22382,LUNCH BAG SPACEBOY DESIGN ,10,2011-06-03 10:29:00,1.65,13458.0,United Kingdom
C555421,23108,SET OF 10 LED DOLLY LIGHTS,-4,2011-06-03 10:36:00,6.25,12779.0,Poland
555422,23108,SET OF 10 LED DOLLY LIGHTS,4,2011-06-03 10:37:00,6.25,12779.0,Poland
555469,84917,,1,2011-06-03 11:11:00,0.0,,United Kingdom
555470,POST,POSTAGE,1,2011-06-03 11:33:00,28.0,12455.0,Spain
555470,22383,LUNCH BAG SUKI DESIGN ,10,2011-06-03 11:33:00,1.65,12455.0,Spain
555470,21931,JUMBO STORAGE BAG SUKI,10,2011-06-03 11:33:00,2.08,12455.0,Spain
555470,84997D,CHILDRENS CUTLERY POLKADOT PINK,4,2011-06-03 11:33:00,4.15,12455.0,Spain
555470,84997B,CHILDRENS CUTLERY RETROSPOT RED ,4,2011-06-03 11:33:00,4.15,12455.0,Spain
555470,84997C,CHILDRENS CUTLERY POLKADOT BLUE,4,2011-06-03 11:33:00,4.15,12455.0,Spain
555470,84997A,CHILDRENS CUTLERY POLKADOT GREEN ,4,2011-06-03 11:33:00,4.15,12455.0,Spain
555470,23209,LUNCH BAG DOILEY PATTERN ,10,2011-06-03 11:33:00,1.65,12455.0,Spain
555470,23208,LUNCH BAG VINTAGE LEAF DESIGN,10,2011-06-03 11:33:00,1.65,12455.0,Spain
555470,20725,LUNCH BAG RED RETROSPOT,10,2011-06-03 11:33:00,1.65,12455.0,Spain
555470,23200,JUMBO BAG PEARS,10,2011-06-03 11:33:00,2.08,12455.0,Spain
555470,85099B,JUMBO BAG RED RETROSPOT,10,2011-06-03 11:33:00,2.08,12455.0,Spain
555470,23203,JUMBO BAG DOILEY PATTERNS,20,2011-06-03 11:33:00,2.08,12455.0,Spain
555471,22789,T-LIGHT HOLDER SWEETHEART HANGING,4,2011-06-03 11:42:00,1.95,16117.0,United Kingdom
555471,22784,LANTERN CREAM GAZEBO ,2,2011-06-03 11:42:00,4.95,16117.0,United Kingdom
555471,22854,CREAM SWEETHEART EGG HOLDER,2,2011-06-03 11:42:00,4.95,16117.0,United Kingdom
555471,22406,MONEY BOX KINGS CHOICE DESIGN,1,2011-06-03 11:42:00,1.25,16117.0,United Kingdom
555471,84978,HANGING HEART JAR T-LIGHT HOLDER,18,2011-06-03 11:42:00,1.25,16117.0,United Kingdom
555471,85123A,WHITE HANGING HEART T-LIGHT HOLDER,5,2011-06-03 11:42:00,2.95,16117.0,United Kingdom
555471,22566,FELTCRAFT HAIRBAND PINK AND PURPLE,3,2011-06-03 11:42:00,0.85,16117.0,United Kingdom
555471,21175,GIN + TONIC DIET METAL SIGN,6,2011-06-03 11:42:00,2.55,16117.0,United Kingdom
555471,82582,AREA PATROLLED METAL SIGN,2,2011-06-03 11:42:00,2.1,16117.0,United Kingdom
555471,85213,MINI  ZINC GARDEN DECORATIONS ,12,2011-06-03 11:42:00,0.29,16117.0,United Kingdom
555471,22961,JAM MAKING SET PRINTED,2,2011-06-03 11:42:00,1.45,16117.0,United Kingdom
555471,21872,GLAMOROUS  MUG,6,2011-06-03 11:42:00,1.25,16117.0,United Kingdom
555471,21327,SKULLS WRITING SET ,2,2011-06-03 11:42:00,1.65,16117.0,United Kingdom
555471,21329,DINOSAURS  WRITING SET ,1,2011-06-03 11:42:00,1.65,16117.0,United Kingdom
555471,84692,BOX OF 24 COCKTAIL PARASOLS,6,2011-06-03 11:42:00,0.42,16117.0,United Kingdom
555471,84596B,SMALL DOLLY MIX DESIGN ORANGE BOWL,4,2011-06-03 11:42:00,0.42,16117.0,United Kingdom
555471,21643,ASSORTED TUTTI FRUTTI MIRROR,4,2011-06-03 11:42:00,1.25,16117.0,United Kingdom
555471,84971S,SMALL HEART FLOWERS HOOK ,10,2011-06-03 11:42:00,0.85,16117.0,United Kingdom
555471,21833,CAMOUFLAGE LED TORCH,12,2011-06-03 11:42:00,1.69,16117.0,United Kingdom
555471,22487,WHITE WOOD GARDEN PLANT LADDER,2,2011-06-03 11:42:00,9.95,16117.0,United Kingdom
555471,23300,GARDENERS KNEELING PAD CUP OF TEA ,3,2011-06-03 11:42:00,1.65,16117.0,United Kingdom
555471,23301,GARDENERS KNEELING PAD KEEP CALM ,3,2011-06-03 11:42:00,1.65,16117.0,United Kingdom
555471,21260,FIRST AID TIN,1,2011-06-03 11:42:00,3.25,16117.0,United Kingdom
555471,85049C,ROMANTIC PINKS RIBBONS ,2,2011-06-03 11:42:00,1.25,16117.0,United Kingdom
555471,85049A,TRADITIONAL CHRISTMAS RIBBONS,3,2011-06-03 11:42:00,1.25,16117.0,United Kingdom
555471,21621,VINTAGE UNION JACK BUNTING,2,2011-06-03 11:42:00,8.5,16117.0,United Kingdom
555471,47566,PARTY BUNTING,2,2011-06-03 11:42:00,4.95,16117.0,United Kingdom
555471,22749,FELTCRAFT PRINCESS CHARLOTTE DOLL,2,2011-06-03 11:42:00,3.75,16117.0,United Kingdom
555471,22147,FELTCRAFT BUTTERFLY HEARTS,5,2011-06-03 11:42:00,1.45,16117.0,United Kingdom
555471,22149,FELTCRAFT 6 FLOWER FRIENDS,3,2011-06-03 11:42:00,2.1,16117.0,United Kingdom
555472,21213,PACK OF 72 SKULL CAKE CASES,120,2011-06-03 11:46:00,0.42,16701.0,United Kingdom
555472,22149,FELTCRAFT 6 FLOWER FRIENDS,6,2011-06-03 11:46:00,2.1,16701.0,United Kingdom
555472,23309,SET OF 60 I LOVE LONDON CAKE CASES ,120,2011-06-03 11:46:00,0.42,16701.0,United Kingdom
555472,21877,HOME SWEET HOME MUG,72,2011-06-03 11:46:00,1.06,16701.0,United Kingdom
555472,22725,ALARM CLOCK BAKELIKE CHOCOLATE,4,2011-06-03 11:46:00,3.75,16701.0,United Kingdom
555472,23283,DOORMAT VINTAGE LEAVES DESIGN ,10,2011-06-03 11:46:00,6.75,16701.0,United Kingdom
555472,84692,BOX OF 24 COCKTAIL PARASOLS,25,2011-06-03 11:46:00,0.42,16701.0,United Kingdom
555472,22348,TEA BAG PLATE RED RETROSPOT,24,2011-06-03 11:46:00,0.85,16701.0,United Kingdom
555473,21749,LARGE RED RETROSPOT WINDMILL,1,2011-06-03 11:59:00,2.1,14700.0,United Kingdom
555473,22514,CHILDS GARDEN SPADE BLUE,2,2011-06-03 11:59:00,2.1,14700.0,United Kingdom
555473,21155,RED RETROSPOT PEG BAG,6,2011-06-03 11:59:00,2.55,14700.0,United Kingdom
555473,20676,RED RETROSPOT BOWL,3,2011-06-03 11:59:00,1.25,14700.0,United Kingdom
555473,23190,BUNDLE OF 3 SCHOOL EXERCISE BOOKS  ,2,2011-06-03 11:59:00,1.65,14700.0,United Kingdom
555473,21558,SKULL LUNCH BOX WITH CUTLERY ,12,2011-06-03 11:59:00,2.55,14700.0,United Kingdom
555473,22352,LUNCH BOX WITH CUTLERY RETROSPOT ,10,2011-06-03 11:59:00,2.55,14700.0,United Kingdom
555473,21559,STRAWBERRY LUNCH BOX WITH CUTLERY,12,2011-06-03 11:59:00,2.55,14700.0,United Kingdom
555473,21669,BLUE STRIPE CERAMIC DRAWER KNOB,48,2011-06-03 11:59:00,1.25,14700.0,United Kingdom
555473,21670,BLUE SPOT CERAMIC DRAWER KNOB,36,2011-06-03 11:59:00,1.25,14700.0,United Kingdom
555473,21668,RED STRIPE CERAMIC DRAWER KNOB,48,2011-06-03 11:59:00,1.25,14700.0,United Kingdom
555473,22090,PAPER BUNTING RETROSPOT,5,2011-06-03 11:59:00,2.95,14700.0,United Kingdom
555473,22083,PAPER CHAIN KIT RETROSPOT,8,2011-06-03 11:59:00,2.95,14700.0,United Kingdom
555473,21671,RED SPOT CERAMIC DRAWER KNOB,36,2011-06-03 11:59:00,1.25,14700.0,United Kingdom
555473,21080,SET/20 RED RETROSPOT PAPER NAPKINS ,2,2011-06-03 11:59:00,0.85,14700.0,United Kingdom
555473,22090,PAPER BUNTING RETROSPOT,7,2011-06-03 11:59:00,2.95,14700.0,United Kingdom
555473,21672,WHITE SPOT RED CERAMIC DRAWER KNOB,36,2011-06-03 11:59:00,1.25,14700.0,United Kingdom
555473,21673,WHITE SPOT BLUE CERAMIC DRAWER KNOB,36,2011-06-03 11:59:00,1.25,14700.0,United Kingdom
555473,20829,GLITTER HANGING BUTTERFLY STRING,9,2011-06-03 11:59:00,2.1,14700.0,United Kingdom
555473,22772,PINK DRAWER KNOB ACRYLIC EDWARDIAN,36,2011-06-03 11:59:00,1.25,14700.0,United Kingdom
555473,22774,RED DRAWER KNOB ACRYLIC EDWARDIAN,12,2011-06-03 11:59:00,1.25,14700.0,United Kingdom
555473,22771,CLEAR DRAWER KNOB ACRYLIC EDWARDIAN,12,2011-06-03 11:59:00,1.25,14700.0,United Kingdom
555473,22805,BLUE DRAWER KNOB ACRYLIC EDWARDIAN,12,2011-06-03 11:59:00,1.25,14700.0,United Kingdom
555473,22775,PURPLE DRAWERKNOB ACRYLIC EDWARDIAN,36,2011-06-03 11:59:00,1.25,14700.0,United Kingdom
555473,22355,CHARLOTTE BAG SUKI DESIGN,10,2011-06-03 11:59:00,0.85,14700.0,United Kingdom
555473,22752,SET 7 BABUSHKA NESTING BOXES,2,2011-06-03 11:59:00,8.5,14700.0,United Kingdom
555473,20726,LUNCH BAG WOODLAND,10,2011-06-03 11:59:00,1.65,14700.0,United Kingdom
555473,20702,PINK PADDED MOBILE,6,2011-06-03 11:59:00,4.25,14700.0,United Kingdom
555473,79321,CHILLI LIGHTS,6,2011-06-03 11:59:00,5.75,14700.0,United Kingdom
555473,21157,RED RETROSPOT WASHBAG,6,2011-06-03 11:59:00,2.1,14700.0,United Kingdom
555473,20723,STRAWBERRY CHARLOTTE BAG,10,2011-06-03 11:59:00,0.85,14700.0,United Kingdom
555473,20719,WOODLAND CHARLOTTE BAG,10,2011-06-03 11:59:00,0.85,14700.0,United Kingdom
555473,22384,LUNCH BAG PINK POLKADOT,10,2011-06-03 11:59:00,1.65,14700.0,United Kingdom
555473,20727,LUNCH BAG  BLACK SKULL.,10,2011-06-03 11:59:00,1.65,14700.0,United Kingdom
555473,20725,LUNCH BAG RED RETROSPOT,10,2011-06-03 11:59:00,1.65,14700.0,United Kingdom
555473,20724,RED RETROSPOT CHARLOTTE BAG,10,2011-06-03 11:59:00,0.85,14700.0,United Kingdom
555473,22384,LUNCH BAG PINK POLKADOT,10,2011-06-03 11:59:00,1.65,14700.0,United Kingdom
555474,22441,GROW YOUR OWN BASIL IN ENAMEL MUG,1,2011-06-03 12:07:00,2.1,,United Kingdom
555474,21561,DINOSAUR LUNCH BOX WITH CUTLERY,1,2011-06-03 12:07:00,2.55,,United Kingdom
555474,22436,12 COLOURED PARTY BALLOONS,1,2011-06-03 12:07:00,0.65,,United Kingdom
555474,37413,ICON MUG REVOLUTIONARY,1,2011-06-03 12:07:00,0.39,,United Kingdom
555474,23298,SPOTTY BUNTING,1,2011-06-03 12:07:00,4.95,,United Kingdom
555474,23307,SET OF 60 PANTRY DESIGN CAKE CASES ,1,2011-06-03 12:07:00,0.55,,United Kingdom
C555475,22149,FELTCRAFT 6 FLOWER FRIENDS,-1,2011-06-03 12:11:00,2.1,18232.0,United Kingdom
C555475,21906,PHARMACIE FIRST AID TIN,-1,2011-06-03 12:11:00,6.75,18232.0,United Kingdom
C555475,85040A,S/4 PINK FLOWER CANDLES IN BOWL,-1,2011-06-03 12:11:00,1.65,18232.0,United Kingdom
555476,22055,MINI CAKE STAND  HANGING STRAWBERY,4,2011-06-03 12:17:00,1.65,16593.0,United Kingdom
555476,84029G,KNITTED UNION FLAG HOT WATER BOTTLE,4,2011-06-03 12:17:00,3.75,16593.0,United Kingdom
555476,22476,EMPIRE UNION JACK TV DINNER TRAY,2,2011-06-03 12:17:00,4.95,16593.0,United Kingdom
555476,48138,DOORMAT UNION FLAG,3,2011-06-03 12:17:00,7.95,16593.0,United Kingdom
555476,48138,DOORMAT UNION FLAG,1,2011-06-03 12:17:00,7.95,16593.0,United Kingdom
555476,22366,DOORMAT AIRMAIL ,1,2011-06-03 12:17:00,7.95,16593.0,United Kingdom
555476,21955,DOORMAT UNION JACK GUNS AND ROSES,1,2011-06-03 12:17:00,7.95,16593.0,United Kingdom
555476,22691,DOORMAT WELCOME SUNRISE,1,2011-06-03 12:17:00,7.95,16593.0,United Kingdom
555476,23284,DOORMAT KEEP CALM AND COME IN,3,2011-06-03 12:17:00,7.95,16593.0,United Kingdom
555476,22700,BLACK AND WHITE DOG BOWL,1,2011-06-03 12:17:00,2.95,16593.0,United Kingdom
555476,22207,FRYING PAN UNION FLAG,2,2011-06-03 12:17:00,4.25,16593.0,United Kingdom
555476,22703,PINK CAT BOWL,1,2011-06-03 12:17:00,2.1,16593.0,United Kingdom
555476,22501,PICNIC BASKET WICKER LARGE,1,2011-06-03 12:17:00,9.95,16593.0,United Kingdom
555476,22139,RETROSPOT TEA SET CERAMIC 11 PC ,2,2011-06-03 12:17:00,4.95,16593.0,United Kingdom
555476,22622,BOX OF VINTAGE ALPHABET BLOCKS,2,2011-06-03 12:17:00,11.95,16593.0,United Kingdom
555476,23307,SET OF 60 PANTRY DESIGN CAKE CASES ,2,2011-06-03 12:17:00,0.55,16593.0,United Kingdom
555476,22423,REGENCY CAKESTAND 3 TIER,1,2011-06-03 12:17:00,12.75,16593.0,United Kingdom
555476,21790,VINTAGE SNAP CARDS,1,2011-06-03 12:17:00,0.85,16593.0,United Kingdom
555476,23309,SET OF 60 I LOVE LONDON CAKE CASES ,3,2011-06-03 12:17:00,0.55,16593.0,United Kingdom
555476,22548,HEADS AND TAILS SPORTING FUN,1,2011-06-03 12:17:00,1.25,16593.0,United Kingdom
555477,85099C,JUMBO  BAG BAROQUE BLACK WHITE,10,2011-06-03 12:26:00,2.08,12359.0,Cyprus
555477,22993,SET OF 4 PANTRY JELLY MOULDS,24,2011-06-03 12:26:00,1.25,12359.0,Cyprus
555477,23050,RECYCLED ACAPULCO MAT GREEN,2,2011-06-03 12:26:00,8.25,12359.0,Cyprus
555477,23049,RECYCLED ACAPULCO MAT RED,2,2011-06-03 12:26:00,8.25,12359.0,Cyprus
555477,23051,RECYCLED ACAPULCO MAT BLUE,2,2011-06-03 12:26:00,8.25,12359.0,Cyprus
555477,23052,RECYCLED ACAPULCO MAT TURQUOISE,2,2011-06-03 12:26:00,8.25,12359.0,Cyprus
555477,23053,RECYCLED ACAPULCO MAT PINK,2,2011-06-03 12:26:00,8.25,12359.0,Cyprus
555477,23054,RECYCLED ACAPULCO MAT LAVENDER,2,2011-06-03 12:26:00,8.25,12359.0,Cyprus
555477,23126,FELTCRAFT GIRL AMELIE KIT,4,2011-06-03 12:26:00,4.95,12359.0,Cyprus
555477,23176,ABC TREASURE BOOK BOX ,8,2011-06-03 12:26:00,2.25,12359.0,Cyprus
555477,23177,TREASURE ISLAND BOOK BOX,8,2011-06-03 12:26:00,2.25,12359.0,Cyprus
555477,23182,TOILET SIGN OCCUPIED OR VACANT,24,2011-06-03 12:26:00,0.83,12359.0,Cyprus
555477,23194,GYMKHANA TREASURE BOOK BOX,8,2011-06-03 12:26:00,2.25,12359.0,Cyprus
555477,23199,JUMBO BAG APPLES,10,2011-06-03 12:26:00,2.08,12359.0,Cyprus
555477,22501,PICNIC BASKET WICKER LARGE,4,2011-06-03 12:26:00,9.95,12359.0,Cyprus
555477,23208,LUNCH BAG VINTAGE LEAF DESIGN,10,2011-06-03 12:26:00,1.65,12359.0,Cyprus
555477,23206,LUNCH BAG APPLE DESIGN,10,2011-06-03 12:26:00,1.65,12359.0,Cyprus
555477,22477,WATERING CAN GARDEN MARKER,10,2011-06-03 12:26:00,1.25,12359.0,Cyprus
555477,21277,FRENCH STYLE EMBOSSED HEART CABINET,1,2011-06-03 12:26:00,21.95,12359.0,Cyprus
555477,22109,FULL ENGLISH BREAKFAST PLATE,12,2011-06-03 12:26:00,3.75,12359.0,Cyprus
555477,22908,PACK OF 20 NAPKINS RED APPLES,12,2011-06-03 12:26:00,0.85,12359.0,Cyprus
555477,22907,PACK OF 20 NAPKINS PANTRY DESIGN,12,2011-06-03 12:26:00,0.85,12359.0,Cyprus
555477,22365,DOORMAT RESPECTABLE HOUSE,6,2011-06-03 12:26:00,7.95,12359.0,Cyprus
555477,21770,OPEN CLOSED METAL SIGN,6,2011-06-03 12:26:00,4.95,12359.0,Cyprus
555477,22991,GIRAFFE WOODEN RULER,12,2011-06-03 12:26:00,1.95,12359.0,Cyprus
555477,22652,TRAVEL SEWING KIT,10,2011-06-03 12:26:00,1.65,12359.0,Cyprus
555477,21260,FIRST AID TIN,6,2011-06-03 12:26:00,3.25,12359.0,Cyprus
555477,21906,PHARMACIE FIRST AID TIN,4,2011-06-03 12:26:00,6.75,12359.0,Cyprus
555477,23201,JUMBO BAG ALPHABET,10,2011-06-03 12:26:00,2.08,12359.0,Cyprus
555477,82600,NO SINGING METAL SIGN,12,2011-06-03 12:26:00,2.1,12359.0,Cyprus
555477,21843,RED RETROSPOT CAKE STAND,2,2011-06-03 12:26:00,10.95,12359.0,Cyprus
555477,22423,REGENCY CAKESTAND 3 TIER,8,2011-06-03 12:26:00,12.75,12359.0,Cyprus
555477,22699,ROSES REGENCY TEACUP AND SAUCER ,6,2011-06-03 12:26:00,2.95,12359.0,Cyprus
555477,23191,BUNDLE OF 3 RETRO NOTE BOOKS,12,2011-06-03 12:26:00,1.65,12359.0,Cyprus
555477,23284,DOORMAT KEEP CALM AND COME IN,4,2011-06-03 12:26:00,7.95,12359.0,Cyprus
555477,23283,DOORMAT VINTAGE LEAVES DESIGN ,2,2011-06-03 12:26:00,7.95,12359.0,Cyprus
555477,23298,SPOTTY BUNTING,3,2011-06-03 12:26:00,4.95,12359.0,Cyprus
555477,23202,JUMBO BAG VINTAGE LEAF,10,2011-06-03 12:26:00,2.08,12359.0,Cyprus
555477,23162,REGENCY TEA STRAINER,4,2011-06-03 12:26:00,3.75,12359.0,Cyprus
555477,23175,REGENCY MILK JUG PINK ,6,2011-06-03 12:26:00,3.25,12359.0,Cyprus
555477,23174,REGENCY SUGAR BOWL GREEN,6,2011-06-03 12:26:00,4.15,12359.0,Cyprus
555477,23173,REGENCY TEAPOT ROSES ,4,2011-06-03 12:26:00,9.95,12359.0,Cyprus
555477,23172,REGENCY TEA PLATE PINK,12,2011-06-03 12:26:00,1.65,12359.0,Cyprus
555477,23171,REGENCY TEA PLATE GREEN ,12,2011-06-03 12:26:00,1.65,12359.0,Cyprus
555477,23170,REGENCY TEA PLATE ROSES ,12,2011-06-03 12:26:00,1.65,12359.0,Cyprus
555477,82484,WOOD BLACK BOARD ANT WHITE FINISH,6,2011-06-03 12:26:00,7.95,12359.0,Cyprus
555477,23110,PARISIENNE KEY CABINET ,2,2011-06-03 12:26:00,5.75,12359.0,Cyprus
555478,21137,BLACK RECORD COVER FRAME,336,2011-06-03 12:28:00,3.39,13777.0,United Kingdom
555479,22427,ENAMEL FLOWER JUG CREAM,24,2011-06-03 12:35:00,5.45,15189.0,United Kingdom
555479,84978,HANGING HEART JAR T-LIGHT HOLDER,36,2011-06-03 12:35:00,1.06,15189.0,United Kingdom
555479,71459,HANGING JAM JAR T-LIGHT HOLDER,36,2011-06-03 12:35:00,0.85,15189.0,United Kingdom
555479,22139,RETROSPOT TEA SET CERAMIC 11 PC ,6,2011-06-03 12:35:00,4.95,15189.0,United Kingdom
555485,22727,ALARM CLOCK BAKELIKE RED ,4,2011-06-03 12:39:00,3.75,17722.0,United Kingdom
555485,22729,ALARM CLOCK BAKELIKE ORANGE,4,2011-06-03 12:39:00,3.75,17722.0,United Kingdom
555485,22728,ALARM CLOCK BAKELIKE PINK,4,2011-06-03 12:39:00,3.75,17722.0,United Kingdom
555485,21216,"SET 3 RETROSPOT TEA,COFFEE,SUGAR",4,2011-06-03 12:39:00,4.95,17722.0,United Kingdom
555485,21217,RED RETROSPOT ROUND CAKE TINS,2,2011-06-03 12:39:00,9.95,17722.0,United Kingdom
555485,21535,RED RETROSPOT SMALL MILK JUG,6,2011-06-03 12:39:00,2.55,17722.0,United Kingdom
555485,23175,REGENCY MILK JUG PINK ,4,2011-06-03 12:39:00,3.25,17722.0,United Kingdom
555485,23174,REGENCY SUGAR BOWL GREEN,8,2011-06-03 12:39:00,4.15,17722.0,United Kingdom
555485,21531,RED RETROSPOT SUGAR JAM BOWL,6,2011-06-03 12:39:00,2.55,17722.0,United Kingdom
555485,21533,RETROSPOT LARGE MILK JUG,3,2011-06-03 12:39:00,4.95,17722.0,United Kingdom
555485,21534,DAIRY MAID LARGE MILK JUG,3,2011-06-03 12:39:00,4.95,17722.0,United Kingdom
555485,21539,RED RETROSPOT BUTTER DISH,6,2011-06-03 12:39:00,4.95,17722.0,United Kingdom
555485,21246,RED RETROSPOT BIG BOWL,6,2011-06-03 12:39:00,4.95,17722.0,United Kingdom
555485,84279B,CHERRY BLOSSOM DECORATIVE FLASK,4,2011-06-03 12:39:00,3.75,17722.0,United Kingdom
555485,84279P,CHERRY BLOSSOM  DECORATIVE FLASK,4,2011-06-03 12:39:00,3.75,17722.0,United Kingdom
555485,21528,DAIRY MAID TRADITIONAL TEAPOT ,2,2011-06-03 12:39:00,6.95,17722.0,United Kingdom
555485,23173,REGENCY TEAPOT ROSES ,2,2011-06-03 12:39:00,9.95,17722.0,United Kingdom
555485,21285,RETROSPOT CANDLE  MEDIUM,12,2011-06-03 12:39:00,2.1,17722.0,United Kingdom
555485,71279,PINK GLASS CANDLEHOLDER,6,2011-06-03 12:39:00,2.95,17722.0,United Kingdom
555486,22630,DOLLY GIRL LUNCH BOX,12,2011-06-03 13:05:00,1.95,13248.0,United Kingdom
555486,22629,SPACEBOY LUNCH BOX ,12,2011-06-03 13:05:00,1.95,13248.0,United Kingdom
555486,21929,JUMBO BAG PINK VINTAGE PAISLEY,10,2011-06-03 13:05:00,2.08,13248.0,United Kingdom
555486,22489,PACK OF 12 TRADITIONAL CRAYONS,24,2011-06-03 13:05:00,0.42,13248.0,United Kingdom
555486,47566,PARTY BUNTING,4,2011-06-03 13:05:00,4.95,13248.0,United Kingdom
555486,84584,PINK GINGHAM CAT WITH SCARF,6,2011-06-03 13:05:00,2.55,13248.0,United Kingdom
555486,22697,GREEN REGENCY TEACUP AND SAUCER,6,2011-06-03 13:05:00,2.95,13248.0,United Kingdom
555486,22698,PINK REGENCY TEACUP AND SAUCER,6,2011-06-03 13:05:00,2.95,13248.0,United Kingdom
555486,23171,REGENCY TEA PLATE GREEN ,12,2011-06-03 13:05:00,1.65,13248.0,United Kingdom
555486,22423,REGENCY CAKESTAND 3 TIER,1,2011-06-03 13:05:00,12.75,13248.0,United Kingdom
555486,23166,MEDIUM CERAMIC TOP STORAGE JAR,12,2011-06-03 13:05:00,1.25,13248.0,United Kingdom
555486,20840,FRENCH FLORAL CUSHION COVER ,12,2011-06-03 13:05:00,0.85,13248.0,United Kingdom
555486,21792,CLASSIC FRENCH STYLE BASKET GREEN ,8,2011-06-03 13:05:00,3.95,13248.0,United Kingdom
555486,35648,VINTAGE BEAD PINK PURSE ,24,2011-06-03 13:05:00,0.83,13248.0,United Kingdom
555486,47593B,SCOTTIE DOGS BABY BIB,48,2011-06-03 13:05:00,0.39,13248.0,United Kingdom
555486,84857C,PINK MONTE CARLO HANDBAG,12,2011-06-03 13:05:00,1.95,13248.0,United Kingdom
555486,85159B,"WHITE TEA,COFFEE,SUGAR JARS",12,2011-06-03 13:05:00,1.95,13248.0,United Kingdom
555486,22979,PANTRY WASHING UP BRUSH,12,2011-06-03 13:05:00,1.45,13248.0,United Kingdom
555486,22969,HOMEMADE JAM SCENTED CANDLES,12,2011-06-03 13:05:00,1.45,13248.0,United Kingdom
555486,22138,BAKING SET 9 PIECE RETROSPOT ,3,2011-06-03 13:05:00,4.95,13248.0,United Kingdom
555486,22139,RETROSPOT TEA SET CERAMIC 11 PC ,3,2011-06-03 13:05:00,4.95,13248.0,United Kingdom
C555487,23169,CLASSIC GLASS COOKIE JAR,-6,2011-06-03 13:21:00,4.15,16484.0,United Kingdom
555488,21622,VINTAGE UNION JACK CUSHION COVER,1,2011-06-03 13:43:00,4.95,16942.0,United Kingdom
555488,46000M,POLYESTER FILLER PAD 45x45cm,2,2011-06-03 13:43:00,1.55,16942.0,United Kingdom
555488,85132C,CHARLIE AND LOLA FIGURES TINS,2,2011-06-03 13:43:00,1.95,16942.0,United Kingdom
555488,22189,CREAM HEART CARD HOLDER,1,2011-06-03 13:43:00,3.95,16942.0,United Kingdom
555488,23135,SMALL ZINC HEART WALL ORGANISER,1,2011-06-03 13:43:00,5.75,16942.0,United Kingdom
555488,23110,PARISIENNE KEY CABINET ,2,2011-06-03 13:43:00,5.75,16942.0,United Kingdom
555488,22804,CANDLEHOLDER PINK HANGING HEART,3,2011-06-03 13:43:00,2.95,16942.0,United Kingdom
555488,22776,SWEETHEART CAKESTAND 3 TIER,2,2011-06-03 13:43:00,9.95,16942.0,United Kingdom
555488,23301,GARDENERS KNEELING PAD KEEP CALM ,2,2011-06-03 13:43:00,1.65,16942.0,United Kingdom
555488,23298,SPOTTY BUNTING,4,2011-06-03 13:43:00,4.95,16942.0,United Kingdom
555488,20725,LUNCH BAG RED RETROSPOT,1,2011-06-03 13:43:00,1.65,16942.0,United Kingdom
555488,22383,LUNCH BAG SUKI DESIGN ,1,2011-06-03 13:43:00,1.65,16942.0,United Kingdom
555488,22384,LUNCH BAG PINK POLKADOT,1,2011-06-03 13:43:00,1.65,16942.0,United Kingdom
555488,23206,LUNCH BAG APPLE DESIGN,1,2011-06-03 13:43:00,1.65,16942.0,United Kingdom
555488,23175,REGENCY MILK JUG PINK ,4,2011-06-03 13:43:00,3.25,16942.0,United Kingdom
555488,21733,RED HANGING HEART T-LIGHT HOLDER,3,2011-06-03 13:43:00,2.95,16942.0,United Kingdom
555488,82583,HOT BATHS METAL SIGN,2,2011-06-03 13:43:00,2.1,16942.0,United Kingdom
555488,22470,HEART OF WICKER LARGE,2,2011-06-03 13:43:00,2.95,16942.0,United Kingdom
555488,22192,BLUE DINER WALL CLOCK,1,2011-06-03 13:43:00,8.5,16942.0,United Kingdom
555488,23203,JUMBO BAG DOILEY PATTERNS,2,2011-06-03 13:43:00,2.08,16942.0,United Kingdom
555488,85099C,JUMBO  BAG BAROQUE BLACK WHITE,2,2011-06-03 13:43:00,2.08,16942.0,United Kingdom
555488,22960,JAM MAKING SET WITH JARS,8,2011-06-03 13:43:00,4.25,16942.0,United Kingdom
555488,23199,JUMBO BAG APPLES,2,2011-06-03 13:43:00,2.08,16942.0,United Kingdom
555488,23200,JUMBO BAG PEARS,2,2011-06-03 13:43:00,2.08,16942.0,United Kingdom
555488,22896,PEG BAG APPLES DESIGN,2,2011-06-03 13:43:00,2.55,16942.0,United Kingdom
555488,22698,PINK REGENCY TEACUP AND SAUCER,2,2011-06-03 13:43:00,2.95,16942.0,United Kingdom
555488,22699,ROSES REGENCY TEACUP AND SAUCER ,2,2011-06-03 13:43:00,2.95,16942.0,United Kingdom
555488,22382,LUNCH BAG SPACEBOY DESIGN ,1,2011-06-03 13:43:00,1.65,16942.0,United Kingdom
555488,22898,CHILDRENS APRON APPLES DESIGN,1,2011-06-03 13:43:00,1.95,16942.0,United Kingdom
555488,22469,HEART OF WICKER SMALL,4,2011-06-03 13:43:00,1.65,16942.0,United Kingdom
555488,23209,LUNCH BAG DOILEY PATTERN ,1,2011-06-03 13:43:00,1.65,16942.0,United Kingdom
555488,20728,LUNCH BAG CARS BLUE,2,2011-06-03 13:43:00,1.65,16942.0,United Kingdom
555488,20719,WOODLAND CHARLOTTE BAG,2,2011-06-03 13:43:00,0.85,16942.0,United Kingdom
555488,20727,LUNCH BAG  BLACK SKULL.,2,2011-06-03 13:43:00,1.65,16942.0,United Kingdom
555488,21068,VINTAGE BILLBOARD LOVE/HATE MUG,2,2011-06-03 13:43:00,1.25,16942.0,United Kingdom
555488,21067,VINTAGE RED TEATIME MUG,2,2011-06-03 13:43:00,1.25,16942.0,United Kingdom
555488,21066,VINTAGE RED MUG,2,2011-06-03 13:43:00,1.25,16942.0,United Kingdom
555488,21868,POTTING SHED TEA MUG,6,2011-06-03 13:43:00,1.25,16942.0,United Kingdom
555488,85066,CREAM SWEETHEART MINI CHEST,1,2011-06-03 13:43:00,12.75,16942.0,United Kingdom
555488,23147,SINGLE ANTIQUE ROSE HOOK IVORY,2,2011-06-03 13:43:00,1.45,16942.0,United Kingdom
555488,23146,TRIPLE HOOK ANTIQUE IVORY ROSE,2,2011-06-03 13:43:00,3.29,16942.0,United Kingdom
555488,21673,WHITE SPOT BLUE CERAMIC DRAWER KNOB,2,2011-06-03 13:43:00,1.25,16942.0,United Kingdom
555488,21670,BLUE SPOT CERAMIC DRAWER KNOB,2,2011-06-03 13:43:00,1.25,16942.0,United Kingdom
555488,85099B,JUMBO BAG RED RETROSPOT,2,2011-06-03 13:43:00,2.08,16942.0,United Kingdom
555488,23170,REGENCY TEA PLATE ROSES ,2,2011-06-03 13:43:00,1.65,16942.0,United Kingdom
555488,23172,REGENCY TEA PLATE PINK,2,2011-06-03 13:43:00,1.65,16942.0,United Kingdom
555488,22120,WELCOME  WOODEN BLOCK LETTERS,1,2011-06-03 13:43:00,9.95,16942.0,United Kingdom
555488,21755,LOVE BUILDING BLOCK WORD,2,2011-06-03 13:43:00,5.95,16942.0,United Kingdom
555488,21756,BATH BUILDING BLOCK WORD,1,2011-06-03 13:43:00,5.95,16942.0,United Kingdom
555488,21754,HOME BUILDING BLOCK WORD,2,2011-06-03 13:43:00,5.95,16942.0,United Kingdom
555488,22427,ENAMEL FLOWER JUG CREAM,3,2011-06-03 13:43:00,5.95,16942.0,United Kingdom
555489,22197,SMALL POPCORN HOLDER,360,2011-06-03 13:48:00,0.72,17949.0,United Kingdom
555490,22423,REGENCY CAKESTAND 3 TIER,120,2011-06-03 13:50:00,10.95,17949.0,United Kingdom
555491,22457,NATURAL SLATE HEART CHALKBOARD ,48,2011-06-03 14:10:00,2.55,16525.0,United Kingdom
555491,48188,DOORMAT WELCOME PUPPIES,10,2011-06-03 14:10:00,6.75,16525.0,United Kingdom
555491,48185,DOORMAT FAIRY CAKE,10,2011-06-03 14:10:00,6.75,16525.0,United Kingdom
555491,82482,WOODEN PICTURE FRAME WHITE FINISH,36,2011-06-03 14:10:00,2.1,16525.0,United Kingdom
555492,84946,ANTIQUE SILVER T-LIGHT GLASS,12,2011-06-03 14:24:00,1.25,16967.0,United Kingdom
555492,22178,VICTORIAN GLASS HANGING T-LIGHT,12,2011-06-03 14:24:00,1.25,16967.0,United Kingdom
555492,21791,VINTAGE HEADS AND TAILS CARD GAME ,12,2011-06-03 14:24:00,1.25,16967.0,United Kingdom
555492,21889,WOODEN BOX OF DOMINOES,12,2011-06-03 14:24:00,1.25,16967.0,United Kingdom
555492,22549,PICTURE DOMINOES,24,2011-06-03 14:24:00,1.45,16967.0,United Kingdom
555492,22548,HEADS AND TAILS SPORTING FUN,12,2011-06-03 14:24:00,1.25,16967.0,United Kingdom
555492,21790,VINTAGE SNAP CARDS,12,2011-06-03 14:24:00,0.85,16967.0,United Kingdom
555492,21914,BLUE HARMONICA IN BOX ,12,2011-06-03 14:24:00,1.25,16967.0,United Kingdom
555492,21915,RED  HARMONICA IN BOX ,12,2011-06-03 14:24:00,1.25,16967.0,United Kingdom
555492,84077,WORLD WAR 2 GLIDERS ASSTD DESIGNS,48,2011-06-03 14:24:00,0.29,16967.0,United Kingdom
555492,22519,CHILDS GARDEN BRUSH PINK,6,2011-06-03 14:24:00,2.1,16967.0,United Kingdom
555492,22523,CHILDS GARDEN FORK PINK,12,2011-06-03 14:24:00,0.85,16967.0,United Kingdom
555492,22522,CHILDS GARDEN FORK BLUE ,12,2011-06-03 14:24:00,0.85,16967.0,United Kingdom
555492,22432,WATERING CAN PINK BUNNY,12,2011-06-03 14:24:00,1.95,16967.0,United Kingdom
555492,22433,WATERING CAN GREEN DINOSAUR,12,2011-06-03 14:24:00,1.95,16967.0,United Kingdom
555492,22431,WATERING CAN BLUE ELEPHANT,12,2011-06-03 14:24:00,1.95,16967.0,United Kingdom
555492,21497,FANCY FONTS BIRTHDAY WRAP,25,2011-06-03 14:24:00,0.42,16967.0,United Kingdom
555492,16161P,WRAP ENGLISH ROSE ,25,2011-06-03 14:24:00,0.42,16967.0,United Kingdom
555492,21498,RED RETROSPOT WRAP ,25,2011-06-03 14:24:00,0.42,16967.0,United Kingdom
555492,84970S,HANGING HEART ZINC T-LIGHT HOLDER,12,2011-06-03 14:24:00,0.85,16967.0,United Kingdom
555492,84832,ZINC WILLIE WINKIE  CANDLE STICK,12,2011-06-03 14:24:00,0.85,16967.0,United Kingdom
555493,22178,VICTORIAN GLASS HANGING T-LIGHT,24,2011-06-03 14:26:00,1.25,13695.0,United Kingdom
555493,84949,SILVER HANGING T-LIGHT HOLDER,36,2011-06-03 14:26:00,1.65,13695.0,United Kingdom
555493,84978,HANGING HEART JAR T-LIGHT HOLDER,24,2011-06-03 14:26:00,1.25,13695.0,United Kingdom
555493,85062,PEARL CRYSTAL PUMPKIN T-LIGHT HLDR,12,2011-06-03 14:26:00,1.65,13695.0,United Kingdom
555493,22791,T-LIGHT GLASS FLUTED ANTIQUE,12,2011-06-03 14:26:00,1.25,13695.0,United Kingdom
555493,23090,VINTAGE GLASS T-LIGHT HOLDER,36,2011-06-03 14:26:00,0.83,13695.0,United Kingdom
555493,21136,PAINTED METAL PEARS ASSORTED,24,2011-06-03 14:26:00,1.69,13695.0,United Kingdom
555493,84879,ASSORTED COLOUR BIRD ORNAMENT,32,2011-06-03 14:26:00,1.69,13695.0,United Kingdom
555493,23109,LED TEA LIGHTS,12,2011-06-03 14:26:00,2.89,13695.0,United Kingdom
555493,21135,VICTORIAN  METAL POSTCARD SPRING,16,2011-06-03 14:26:00,1.69,13695.0,United Kingdom
555494,23209,LUNCH BAG DOILEY PATTERN ,10,2011-06-03 14:33:00,1.65,15737.0,United Kingdom
555494,23112,PARISIENNE CURIO CABINET,2,2011-06-03 14:33:00,7.5,15737.0,United Kingdom
555494,47566,PARTY BUNTING,4,2011-06-03 14:33:00,4.95,15737.0,United Kingdom
555494,20749,ASSORTED COLOUR MINI CASES,2,2011-06-03 14:33:00,7.95,15737.0,United Kingdom
555494,22171,3 HOOK PHOTO SHELF ANTIQUE WHITE,2,2011-06-03 14:33:00,8.5,15737.0,United Kingdom
555494,22173,METAL 4 HOOK HANGER FRENCH CHATEAU,8,2011-06-03 14:33:00,2.95,15737.0,United Kingdom
555494,22457,NATURAL SLATE HEART CHALKBOARD ,6,2011-06-03 14:33:00,2.95,15737.0,United Kingdom
555494,23298,SPOTTY BUNTING,3,2011-06-03 14:33:00,4.95,15737.0,United Kingdom
555494,23061,VINTAGE EMBOSSED HEART,12,2011-06-03 14:33:00,1.25,15737.0,United Kingdom
555494,20728,LUNCH BAG CARS BLUE,10,2011-06-03 14:33:00,1.65,15737.0,United Kingdom
555494,20725,LUNCH BAG RED RETROSPOT,10,2011-06-03 14:33:00,1.65,15737.0,United Kingdom
555494,22384,LUNCH BAG PINK POLKADOT,10,2011-06-03 14:33:00,1.65,15737.0,United Kingdom
555495,23200,JUMBO BAG PEARS,10,2011-06-03 14:42:00,2.08,17068.0,United Kingdom
555495,23199,JUMBO BAG APPLES,10,2011-06-03 14:42:00,2.08,17068.0,United Kingdom
555495,23201,JUMBO BAG ALPHABET,10,2011-06-03 14:42:00,2.08,17068.0,United Kingdom
555495,23203,JUMBO BAG DOILEY PATTERNS,10,2011-06-03 14:42:00,2.08,17068.0,United Kingdom
555495,23202,JUMBO BAG VINTAGE LEAF,10,2011-06-03 14:42:00,2.08,17068.0,United Kingdom
555495,85099B,JUMBO BAG RED RETROSPOT,10,2011-06-03 14:42:00,2.08,17068.0,United Kingdom
555495,22386,JUMBO BAG PINK POLKADOT,10,2011-06-03 14:42:00,2.08,17068.0,United Kingdom
555495,21793,CLASSIC FRENCH STYLE BASKET BROWN,8,2011-06-03 14:42:00,3.95,17068.0,United Kingdom
555495,21937,STRAWBERRY   PICNIC BAG,5,2011-06-03 14:42:00,2.95,17068.0,United Kingdom
555495,21621,VINTAGE UNION JACK BUNTING,4,2011-06-03 14:42:00,8.5,17068.0,United Kingdom
555495,20728,LUNCH BAG CARS BLUE,10,2011-06-03 14:42:00,1.65,17068.0,United Kingdom
555495,23206,LUNCH BAG APPLE DESIGN,10,2011-06-03 14:42:00,1.65,17068.0,United Kingdom
555495,23207,LUNCH BAG ALPHABET DESIGN,10,2011-06-03 14:42:00,1.65,17068.0,United Kingdom
555495,22383,LUNCH BAG SUKI DESIGN ,10,2011-06-03 14:42:00,1.65,17068.0,United Kingdom
555495,21930,JUMBO STORAGE BAG SKULLS,10,2011-06-03 14:42:00,2.08,17068.0,United Kingdom
555496,22666,RECIPE BOX PANTRY YELLOW DESIGN,24,2011-06-03 14:44:00,2.55,15405.0,United Kingdom
555496,22120,WELCOME  WOODEN BLOCK LETTERS,12,2011-06-03 14:44:00,8.5,15405.0,United Kingdom
555496,84755,COLOUR GLASS T-LIGHT HOLDER HANGING,16,2011-06-03 14:44:00,0.65,15405.0,United Kingdom
555496,22178,VICTORIAN GLASS HANGING T-LIGHT,96,2011-06-03 14:44:00,1.06,15405.0,United Kingdom
555496,22428,ENAMEL FIRE BUCKET CREAM,6,2011-06-03 14:44:00,6.95,15405.0,United Kingdom
555496,22705,WRAP GREEN PEARS ,25,2011-06-03 14:44:00,0.42,15405.0,United Kingdom
555496,22983,CARD BILLBOARD FONT,12,2011-06-03 14:44:00,0.42,15405.0,United Kingdom
555496,23080,RED METAL BOX TOP SECRET,2,2011-06-03 14:44:00,8.25,15405.0,United Kingdom
555497,21078,SET/20 STRAWBERRY PAPER NAPKINS ,24,2011-06-03 15:03:00,0.85,16659.0,United Kingdom
555497,21090,SET/6 COLLAGE PAPER PLATES,48,2011-06-03 15:03:00,0.39,16659.0,United Kingdom
555498,23110,PARISIENNE KEY CABINET ,2,2011-06-03 15:07:00,5.75,13885.0,United Kingdom
555498,22427,ENAMEL FLOWER JUG CREAM,3,2011-06-03 15:07:00,5.95,13885.0,United Kingdom
555498,82484,WOOD BLACK BOARD ANT WHITE FINISH,4,2011-06-03 15:07:00,7.95,13885.0,United Kingdom
555498,22283,6 EGG HOUSE PAINTED WOOD,2,2011-06-03 15:07:00,7.95,13885.0,United Kingdom
555498,21175,GIN + TONIC DIET METAL SIGN,12,2011-06-03 15:07:00,2.55,13885.0,United Kingdom
555499,22824,3 TIER SWEETHEART GARDEN SHELF,1,2011-06-03 15:31:00,35.95,15812.0,United Kingdom
555499,23231,WRAP DOILEY DESIGN,25,2011-06-03 15:31:00,0.42,15812.0,United Kingdom
555499,16161P,WRAP ENGLISH ROSE ,25,2011-06-03 15:31:00,0.42,15812.0,United Kingdom
555499,22709,WRAP WEDDING DAY,25,2011-06-03 15:31:00,0.42,15812.0,United Kingdom
555499,22963,JAM JAR WITH GREEN LID,3,2011-06-03 15:31:00,0.85,15812.0,United Kingdom
555499,22962,JAM JAR WITH PINK LID,3,2011-06-03 15:31:00,0.85,15812.0,United Kingdom
555499,21198,WHITE HEART CONFETTI IN TUBE,6,2011-06-03 15:31:00,1.65,15812.0,United Kingdom
555499,23169,CLASSIC GLASS COOKIE JAR,2,2011-06-03 15:31:00,4.15,15812.0,United Kingdom
555499,23010,CIRCUS PARADE BABY GIFT SET,1,2011-06-03 15:31:00,16.95,15812.0,United Kingdom
555499,22697,GREEN REGENCY TEACUP AND SAUCER,2,2011-06-03 15:31:00,2.95,15812.0,United Kingdom
555499,22699,ROSES REGENCY TEACUP AND SAUCER ,2,2011-06-03 15:31:00,2.95,15812.0,United Kingdom
555499,22197,SMALL POPCORN HOLDER,2,2011-06-03 15:31:00,0.85,15812.0,United Kingdom
555499,22088,PAPER BUNTING COLOURED LACE,1,2011-06-03 15:31:00,2.95,15812.0,United Kingdom
555499,22090,PAPER BUNTING RETROSPOT,1,2011-06-03 15:31:00,2.95,15812.0,United Kingdom
555499,22089,PAPER BUNTING VINTAGE PAISLEY,1,2011-06-03 15:31:00,2.95,15812.0,United Kingdom
555499,20762,GREEN FERN SKETCHBOOK ,1,2011-06-03 15:31:00,3.75,15812.0,United Kingdom
555499,23298,SPOTTY BUNTING,6,2011-06-03 15:31:00,4.95,15812.0,United Kingdom
555499,22352,LUNCH BOX WITH CUTLERY RETROSPOT ,1,2011-06-03 15:31:00,2.55,15812.0,United Kingdom
555499,22033,BOTANICAL ROSE GREETING CARD,12,2011-06-03 15:31:00,0.42,15812.0,United Kingdom
555499,21735,TWO DOOR CURIO CABINET,1,2011-06-03 15:31:00,12.75,15812.0,United Kingdom
555499,82482,WOODEN PICTURE FRAME WHITE FINISH,12,2011-06-03 15:31:00,2.55,15812.0,United Kingdom
555499,22423,REGENCY CAKESTAND 3 TIER,1,2011-06-03 15:31:00,12.75,15812.0,United Kingdom
555499,84879,ASSORTED COLOUR BIRD ORNAMENT,8,2011-06-03 15:31:00,1.69,15812.0,United Kingdom
555499,21755,LOVE BUILDING BLOCK WORD,2,2011-06-03 15:31:00,5.95,15812.0,United Kingdom
555499,21754,HOME BUILDING BLOCK WORD,1,2011-06-03 15:31:00,5.95,15812.0,United Kingdom
555499,22605,WOODEN CROQUET GARDEN SET,1,2011-06-03 15:31:00,14.95,15812.0,United Kingdom
555499,22606,WOODEN SKITTLES GARDEN SET,1,2011-06-03 15:31:00,15.95,15812.0,United Kingdom
555500,23203,JUMBO BAG DOILEY PATTERNS,2,2011-06-03 15:32:00,2.08,15508.0,United Kingdom
555500,23201,JUMBO BAG ALPHABET,2,2011-06-03 15:32:00,2.08,15508.0,United Kingdom
555500,22411,JUMBO SHOPPER VINTAGE RED PAISLEY,2,2011-06-03 15:32:00,2.08,15508.0,United Kingdom
555500,85099C,JUMBO  BAG BAROQUE BLACK WHITE,2,2011-06-03 15:32:00,2.08,15508.0,United Kingdom
555500,22409,MONEY BOX BISCUITS DESIGN,2,2011-06-03 15:32:00,1.25,15508.0,United Kingdom
555500,22408,MONEY BOX CONFECTIONERY DESIGN,1,2011-06-03 15:32:00,1.25,15508.0,United Kingdom
555500,22406,MONEY BOX KINGS CHOICE DESIGN,1,2011-06-03 15:32:00,1.25,15508.0,United Kingdom
555500,21775,DECORATIVE FLORE BATHROOM BOTTLE,3,2011-06-03 15:32:00,1.25,15508.0,United Kingdom
555500,22996,TRAVEL CARD WALLET VINTAGE TICKET,3,2011-06-03 15:32:00,0.42,15508.0,United Kingdom
555500,21733,RED HANGING HEART T-LIGHT HOLDER,3,2011-06-03 15:32:00,2.95,15508.0,United Kingdom
555500,79337,BLUE FLOCK GLASS CANDLEHOLDER,1,2011-06-03 15:32:00,0.38,15508.0,United Kingdom
555500,23169,CLASSIC GLASS COOKIE JAR,1,2011-06-03 15:32:00,4.15,15508.0,United Kingdom
555500,84946,ANTIQUE SILVER T-LIGHT GLASS,1,2011-06-03 15:32:00,1.25,15508.0,United Kingdom
555500,21773,DECORATIVE ROSE BATHROOM BOTTLE,1,2011-06-03 15:32:00,1.25,15508.0,United Kingdom
555500,22101,MIRROR MOSAIC VOTIVE HOLDER,1,2011-06-03 15:32:00,2.1,15508.0,United Kingdom
555500,22217,T-LIGHT HOLDER HANGING LACE,2,2011-06-03 15:32:00,1.25,15508.0,United Kingdom
555500,22364,GLASS JAR DIGESTIVE BISCUITS,1,2011-06-03 15:32:00,2.95,15508.0,United Kingdom
555500,22362,GLASS JAR PEACOCK BATH SALTS,1,2011-06-03 15:32:00,2.95,15508.0,United Kingdom
555500,22361,GLASS JAR DAISY FRESH COTTON WOOL,1,2011-06-03 15:32:00,2.95,15508.0,United Kingdom
555500,21688,SILVER PLATE CANDLE BOWL SMALL,6,2011-06-03 15:32:00,2.95,15508.0,United Kingdom
555500,21689,SILVER VANILLA  FLOWER CANDLE POT,4,2011-06-03 15:32:00,3.75,15508.0,United Kingdom
555500,21693,SMALL HAMMERED SILVER CANDLEPOT ,6,2011-06-03 15:32:00,2.95,15508.0,United Kingdom
555500,23174,REGENCY SUGAR BOWL GREEN,2,2011-06-03 15:32:00,4.15,15508.0,United Kingdom
555501,21625,VINTAGE UNION JACK APRON,1,2011-06-03 15:37:00,6.95,15508.0,United Kingdom
555501,23174,REGENCY SUGAR BOWL GREEN,2,2011-06-03 15:37:00,4.15,15508.0,United Kingdom
555501,23173,REGENCY TEAPOT ROSES ,2,2011-06-03 15:37:00,9.95,15508.0,United Kingdom
555501,23175,REGENCY MILK JUG PINK ,4,2011-06-03 15:37:00,3.25,15508.0,United Kingdom
555501,22115,METAL SIGN EMPIRE TEA,1,2011-06-03 15:37:00,2.95,15508.0,United Kingdom
555501,23298,SPOTTY BUNTING,2,2011-06-03 15:37:00,4.95,15508.0,United Kingdom
555501,23172,REGENCY TEA PLATE PINK,3,2011-06-03 15:37:00,1.65,15508.0,United Kingdom
555501,23171,REGENCY TEA PLATE GREEN ,3,2011-06-03 15:37:00,1.65,15508.0,United Kingdom
555501,23170,REGENCY TEA PLATE ROSES ,3,2011-06-03 15:37:00,1.65,15508.0,United Kingdom
555501,22423,REGENCY CAKESTAND 3 TIER,3,2011-06-03 15:37:00,12.75,15508.0,United Kingdom
555501,23162,REGENCY TEA STRAINER,12,2011-06-03 15:37:00,3.75,15508.0,United Kingdom
555501,23161,REGENCY CAKE FORK,6,2011-06-03 15:37:00,1.25,15508.0,United Kingdom
555501,23160,REGENCY TEA SPOON,36,2011-06-03 15:37:00,1.25,15508.0,United Kingdom
555501,23163,REGENCY SUGAR TONGS,12,2011-06-03 15:37:00,2.49,15508.0,United Kingdom
555502,21340,CLASSIC METAL BIRDCAGE PLANT HOLDER,1,2011-06-03 15:37:00,12.75,,United Kingdom
555502,23145,ZINC T-LIGHT HOLDER STAR LARGE,2,2011-06-03 15:37:00,0.95,,United Kingdom
555502,22799,SWEETHEART WIRE FRUIT BOWL,1,2011-06-03 15:37:00,8.5,,United Kingdom
555502,22426,ENAMEL WASH BOWL CREAM,3,2011-06-03 15:37:00,3.75,,United Kingdom
555502,23094,LE GRAND TRAY CHIC SET,1,2011-06-03 15:37:00,12.5,,United Kingdom
555502,22675,FRENCH KITCHEN SIGN BLUE METAL,1,2011-06-03 15:37:00,1.25,,United Kingdom
555502,22456,NATURAL SLATE CHALKBOARD LARGE ,3,2011-06-03 15:37:00,4.95,,United Kingdom
555502,22501,PICNIC BASKET WICKER LARGE,2,2011-06-03 15:37:00,9.95,,United Kingdom
555503,84313C,damaged,-1,2011-06-03 15:39:00,0.0,,United Kingdom
555504,23162,REGENCY TEA STRAINER,4,2011-06-03 15:43:00,3.75,15508.0,United Kingdom
555505,79030G,Water damaged,-16,2011-06-03 15:48:00,0.0,,United Kingdom
555506,21397,damaged,-57,2011-06-03 16:03:00,0.0,,United Kingdom
555507,22030,SWALLOWS GREETING CARD,12,2011-06-03 16:39:00,0.42,16186.0,United Kingdom
555507,22147,FELTCRAFT BUTTERFLY HEARTS,12,2011-06-03 16:39:00,1.45,16186.0,United Kingdom
555507,20971,PINK BLUE FELT CRAFT TRINKET BOX,12,2011-06-03 16:39:00,1.25,16186.0,United Kingdom
555507,84879,ASSORTED COLOUR BIRD ORNAMENT,8,2011-06-03 16:39:00,1.69,16186.0,United Kingdom
555507,23206,LUNCH BAG APPLE DESIGN,10,2011-06-03 16:39:00,1.65,16186.0,United Kingdom
555507,23205,CHARLOTTE BAG VINTAGE ALPHABET ,10,2011-06-03 16:39:00,0.85,16186.0,United Kingdom
555507,23209,LUNCH BAG DOILEY PATTERN ,20,2011-06-03 16:39:00,1.65,16186.0,United Kingdom
555507,23202,JUMBO BAG VINTAGE LEAF,20,2011-06-03 16:39:00,2.08,16186.0,United Kingdom
555507,23108,SET OF 10 LED DOLLY LIGHTS,8,2011-06-03 16:39:00,6.25,16186.0,United Kingdom
555507,23093,SMALL PARISIENNE HEART PHOTO FRAME ,12,2011-06-03 16:39:00,2.49,16186.0,United Kingdom
555507,23204,CHARLOTTE BAG APPLES DESIGN,10,2011-06-03 16:39:00,0.85,16186.0,United Kingdom
555507,22178,VICTORIAN GLASS HANGING T-LIGHT,12,2011-06-03 16:39:00,1.25,16186.0,United Kingdom
555507,20974,12 PENCILS SMALL TUBE SKULL,24,2011-06-03 16:39:00,0.65,16186.0,United Kingdom
555507,20973,12 PENCIL SMALL TUBE WOODLAND,24,2011-06-03 16:39:00,0.65,16186.0,United Kingdom
555507,15036,ASSORTED COLOURS SILK FAN,12,2011-06-03 16:39:00,0.83,16186.0,United Kingdom
555507,22983,CARD BILLBOARD FONT,12,2011-06-03 16:39:00,0.42,16186.0,United Kingdom
555508,84946,ANTIQUE SILVER T-LIGHT GLASS,4,2011-06-03 16:45:00,1.25,16880.0,United Kingdom
555508,22499,WOODEN UNION JACK BUNTING,2,2011-06-03 16:45:00,5.95,16880.0,United Kingdom
555508,21901,"KEY FOB , BACK DOOR ",4,2011-06-03 16:45:00,0.65,16880.0,United Kingdom
555508,23192,BUNDLE OF 3 ALPHABET EXERCISE BOOKS,4,2011-06-03 16:45:00,1.65,16880.0,United Kingdom
555508,21900,"KEY FOB , SHED",12,2011-06-03 16:45:00,0.65,16880.0,United Kingdom
555508,21902,"KEY FOB , FRONT  DOOR ",5,2011-06-03 16:45:00,0.65,16880.0,United Kingdom
555508,21899,"KEY FOB , GARAGE DESIGN",4,2011-06-03 16:45:00,0.65,16880.0,United Kingdom
555508,21172,PARTY METAL SIGN ,9,2011-06-03 16:45:00,1.45,16880.0,United Kingdom
555508,21175,GIN + TONIC DIET METAL SIGN,4,2011-06-03 16:45:00,2.55,16880.0,United Kingdom
555508,82552,WASHROOM METAL SIGN,3,2011-06-03 16:45:00,1.45,16880.0,United Kingdom
555508,22412,METAL SIGN NEIGHBOURHOOD WITCH ,2,2011-06-03 16:45:00,2.1,16880.0,United Kingdom
555508,21746,SMALL RED RETROSPOT WINDMILL,1,2011-06-03 16:45:00,1.25,16880.0,United Kingdom
555508,21171,BATHROOM METAL SIGN ,4,2011-06-03 16:45:00,1.45,16880.0,United Kingdom
555508,21260,FIRST AID TIN,6,2011-06-03 16:45:00,3.25,16880.0,United Kingdom
555508,22983,CARD BILLBOARD FONT,12,2011-06-03 16:45:00,0.42,16880.0,United Kingdom
555508,21504,SKULLS GREETING CARD,12,2011-06-03 16:45:00,0.42,16880.0,United Kingdom
555508,21506,"FANCY FONT BIRTHDAY CARD, ",12,2011-06-03 16:45:00,0.42,16880.0,United Kingdom
555508,22900,SET 2 TEA TOWELS I LOVE LONDON ,2,2011-06-03 16:45:00,3.25,16880.0,United Kingdom
555508,22713,CARD I LOVE LONDON ,12,2011-06-03 16:45:00,0.42,16880.0,United Kingdom
555508,21623,VINTAGE UNION JACK MEMOBOARD,2,2011-06-03 16:45:00,9.95,16880.0,United Kingdom
555508,22498,WOODEN REGATTA BUNTING,1,2011-06-03 16:45:00,5.95,16880.0,United Kingdom
555508,22499,WOODEN UNION JACK BUNTING,1,2011-06-03 16:45:00,5.95,16880.0,United Kingdom
555508,21621,VINTAGE UNION JACK BUNTING,2,2011-06-03 16:45:00,8.5,16880.0,United Kingdom
555508,22037,ROBOT BIRTHDAY CARD,12,2011-06-03 16:45:00,0.42,16880.0,United Kingdom
555508,22030,SWALLOWS GREETING CARD,24,2011-06-03 16:45:00,0.42,16880.0,United Kingdom
555508,23284,DOORMAT KEEP CALM AND COME IN,5,2011-06-03 16:45:00,7.95,16880.0,United Kingdom
555508,21878,PACK OF 6 SANDCASTLE FLAGS ASSORTED,2,2011-06-03 16:45:00,0.85,16880.0,United Kingdom
555508,48138,DOORMAT UNION FLAG,5,2011-06-03 16:45:00,7.95,16880.0,United Kingdom
555509,21463,MIRRORED DISCO BALL ,3,2011-06-03 17:07:00,5.95,13435.0,United Kingdom
555509,20668,DISCO BALL CHRISTMAS DECORATION,144,2011-06-03 17:07:00,0.12,13435.0,United Kingdom
555509,22178,VICTORIAN GLASS HANGING T-LIGHT,42,2011-06-03 17:07:00,1.25,13435.0,United Kingdom
555509,21331,MOROCCAN BEATEN METAL DISH LARGE,4,2011-06-03 17:07:00,12.75,13435.0,United Kingdom
555509,22674,FRENCH TOILET SIGN BLUE METAL,1,2011-06-03 17:07:00,1.25,13435.0,United Kingdom
555509,22678,FRENCH BLUE METAL DOOR SIGN 3,1,2011-06-03 17:07:00,1.25,13435.0,United Kingdom
555509,22682,FRENCH BLUE METAL DOOR SIGN 7,1,2011-06-03 17:07:00,1.25,13435.0,United Kingdom
555509,22482,BLUE TEA TOWEL CLASSIC DESIGN,8,2011-06-03 17:07:00,1.25,13435.0,United Kingdom
555509,22035,VINTAGE CARAVAN GREETING CARD ,12,2011-06-03 17:07:00,0.42,13435.0,United Kingdom
555509,16016,LARGE CHINESE STYLE SCISSOR,60,2011-06-03 17:07:00,0.85,13435.0,United Kingdom
555509,22495,SET OF 2 ROUND TINS CAMEMBERT ,1,2011-06-03 17:07:00,2.95,13435.0,United Kingdom
555509,84800L,LARGE WHITE/PINK ROSE ART FLOWER,6,2011-06-03 17:07:00,2.12,13435.0,United Kingdom
555509,21326,AGED GLASS SILVER T-LIGHT HOLDER,72,2011-06-03 17:07:00,0.65,13435.0,United Kingdom
555509,22375,AIRLINE BAG VINTAGE JET SET BROWN,1,2011-06-03 17:07:00,4.25,13435.0,United Kingdom
555509,21658,GLASS  BEURRE DISH,6,2011-06-03 17:07:00,3.95,13435.0,United Kingdom
555509,23075,PARLOUR CERAMIC WALL HOOK,30,2011-06-03 17:07:00,4.15,13435.0,United Kingdom
555509,21534,DAIRY MAID LARGE MILK JUG,1,2011-06-03 17:07:00,4.95,13435.0,United Kingdom
555509,21845,DAIRY MAID STRIPE MUG,6,2011-06-03 17:07:00,0.79,13435.0,United Kingdom
555509,22278,OVERNIGHT BAG VINTAGE ROSE PAISLEY,1,2011-06-03 17:07:00,4.95,13435.0,United Kingdom
555509,85231G,ORANGE SCENTED SET/9 T-LIGHTS,4,2011-06-03 17:07:00,0.85,13435.0,United Kingdom
555509,37413,ICON MUG REVOLUTIONARY,6,2011-06-03 17:07:00,0.39,13435.0,United Kingdom
555510,15036,ASSORTED COLOURS SILK FAN,4,2011-06-03 17:09:00,1.63,,United Kingdom
555510,15056N,EDWARDIAN PARASOL NATURAL,1,2011-06-03 17:09:00,12.46,,United Kingdom
555510,16207A,PINK STRAWBERRY HANDBAG ,1,2011-06-03 17:09:00,2.46,,United Kingdom
555510,16236,KITTY PENCIL ERASERS,6,2011-06-03 17:09:00,0.42,,United Kingdom
555510,16238,PARTY TIME PENCIL ERASERS,6,2011-06-03 17:09:00,0.42,,United Kingdom
555510,17129F,BLUE GLASS GEMS IN BAG,1,2011-06-03 17:09:00,1.63,,United Kingdom
555510,20618,QUEEN OF THE SKIES PASSPORT COVER ,1,2011-06-03 17:09:00,1.63,,United Kingdom
555510,20619,TROPICAL PASSPORT COVER ,1,2011-06-03 17:09:00,1.63,,United Kingdom
555510,20652,BLUE POLKADOT LUGGAGE TAG ,1,2011-06-03 17:09:00,2.46,,United Kingdom
555510,20658,RED RETROSPOT LUGGAGE TAG,1,2011-06-03 17:09:00,2.46,,United Kingdom
555510,20674,GREEN POLKADOT BOWL,1,2011-06-03 17:09:00,2.46,,United Kingdom
555510,20675,BLUE POLKADOT BOWL,1,2011-06-03 17:09:00,2.46,,United Kingdom
555510,20676,RED RETROSPOT BOWL,1,2011-06-03 17:09:00,2.46,,United Kingdom
555510,20677,PINK POLKADOT BOWL,1,2011-06-03 17:09:00,2.46,,United Kingdom
555510,20707,CRAZY DAISY HEART DECORATION,1,2011-06-03 17:09:00,0.83,,United Kingdom
555510,20716,PARTY FOOD SHOPPER BAG,2,2011-06-03 17:09:00,0.83,,United Kingdom
555510,20717,STRAWBERRY SHOPPER BAG,1,2011-06-03 17:09:00,2.46,,United Kingdom
555510,20718,RED RETROSPOT SHOPPER BAG,1,2011-06-03 17:09:00,2.46,,United Kingdom
555510,20719,WOODLAND CHARLOTTE BAG,1,2011-06-03 17:09:00,1.63,,United Kingdom
555510,20724,RED RETROSPOT CHARLOTTE BAG,2,2011-06-03 17:09:00,1.63,,United Kingdom
555510,20903,VINTAGE KEEPSAKE BOX TRAVELOGUE,1,2011-06-03 17:09:00,12.46,,United Kingdom
555510,20914,SET/5 RED RETROSPOT LID GLASS BOWLS,2,2011-06-03 17:09:00,5.79,,United Kingdom
555510,20961,STRAWBERRY BATH SPONGE ,12,2011-06-03 17:09:00,2.46,,United Kingdom
555510,20963,APPLE BATH SPONGE,18,2011-06-03 17:09:00,2.46,,United Kingdom
555510,20974,12 PENCILS SMALL TUBE SKULL,12,2011-06-03 17:09:00,1.25,,United Kingdom
555510,20979,36 PENCILS TUBE RED RETROSPOT,16,2011-06-03 17:09:00,2.46,,United Kingdom
555510,20998,ROSE DU SUD OVEN GLOVE,2,2011-06-03 17:09:00,1.63,,United Kingdom
555510,21066,VINTAGE RED MUG,1,2011-06-03 17:09:00,2.46,,United Kingdom
555510,21067,VINTAGE RED TEATIME MUG,1,2011-06-03 17:09:00,2.46,,United Kingdom
555510,21071,VINTAGE BILLBOARD DRINK ME MUG,1,2011-06-03 17:09:00,2.46,,United Kingdom
555510,21078,SET/20 STRAWBERRY PAPER NAPKINS ,4,2011-06-03 17:09:00,1.63,,United Kingdom
555510,21080,SET/20 RED RETROSPOT PAPER NAPKINS ,2,2011-06-03 17:09:00,1.63,,United Kingdom
555510,21090,SET/6 COLLAGE PAPER PLATES,20,2011-06-03 17:09:00,0.83,,United Kingdom
555510,21096,SET/6 FRUIT SALAD  PAPER PLATES,1,2011-06-03 17:09:00,0.83,,United Kingdom
555510,21154,RED RETROSPOT OVEN GLOVE ,1,2011-06-03 17:09:00,2.46,,United Kingdom
555510,21172,PARTY METAL SIGN ,1,2011-06-03 17:09:00,4.13,,United Kingdom
555510,21212,PACK OF 72 RETROSPOT CAKE CASES,3,2011-06-03 17:09:00,1.25,,United Kingdom
555510,21238,RED RETROSPOT CUP,1,2011-06-03 17:09:00,1.63,,United Kingdom
555510,21242,RED RETROSPOT PLATE ,1,2011-06-03 17:09:00,3.29,,United Kingdom
555510,21243,PINK  POLKADOT PLATE ,1,2011-06-03 17:09:00,3.29,,United Kingdom
555510,21244,BLUE POLKADOT PLATE ,1,2011-06-03 17:09:00,3.29,,United Kingdom
555510,21245,GREEN POLKADOT PLATE ,1,2011-06-03 17:09:00,3.29,,United Kingdom
555510,21246,RED RETROSPOT BIG BOWL,1,2011-06-03 17:09:00,4.13,,United Kingdom
555510,21314,SMALL GLASS HEART TRINKET POT,4,2011-06-03 17:09:00,4.13,,United Kingdom
555510,21327,SKULLS WRITING SET ,1,2011-06-03 17:09:00,3.29,,United Kingdom
555510,21380,WOODEN HAPPY BIRTHDAY GARLAND,1,2011-06-03 17:09:00,5.79,,United Kingdom
555510,21381,MINI WOODEN HAPPY BIRTHDAY GARLAND,1,2011-06-03 17:09:00,3.29,,United Kingdom
555510,21399,BLUE POLKADOT COFFEE MUG,2,2011-06-03 17:09:00,1.63,,United Kingdom
555510,21468,BUTTERFLY CROCHET FOOD COVER,2,2011-06-03 17:09:00,7.46,,United Kingdom
555510,21471,STRAWBERRY RAFFIA FOOD COVER,1,2011-06-03 17:09:00,7.46,,United Kingdom
555510,21507,"ELEPHANT, BIRTHDAY CARD, ",1,2011-06-03 17:09:00,0.83,,United Kingdom
555510,21508,VINTAGE KID DOLLY CARD ,1,2011-06-03 17:09:00,0.83,,United Kingdom
555510,21519,GIN & TONIC DIET GREETING CARD ,1,2011-06-03 17:09:00,0.83,,United Kingdom
555510,21528,DAIRY MAID TRADITIONAL TEAPOT ,1,2011-06-03 17:09:00,13.29,,United Kingdom
555510,21559,STRAWBERRY LUNCH BOX WITH CUTLERY,1,2011-06-03 17:09:00,4.96,,United Kingdom
555510,21577,SAVE THE PLANET COTTON TOTE BAG,1,2011-06-03 17:09:00,4.96,,United Kingdom
555510,21630,FLOOR CUSHION ELEPHANT CARNIVAL,1,2011-06-03 17:09:00,18.29,,United Kingdom
555510,21641,ASSORTED TUTTI FRUTTI KEYRING BALL,1,2011-06-03 17:09:00,1.63,,United Kingdom
555510,21643,ASSORTED TUTTI FRUTTI MIRROR,1,2011-06-03 17:09:00,2.46,,United Kingdom
555510,21820,GLITTER HEART GARLAND WITH BELLS ,2,2011-06-03 17:09:00,7.46,,United Kingdom
555510,21843,RED RETROSPOT CAKE STAND,2,2011-06-03 17:09:00,20.79,,United Kingdom
555510,21888,BINGO SET,1,2011-06-03 17:09:00,7.46,,United Kingdom
555510,21900,"KEY FOB , SHED",1,2011-06-03 17:09:00,1.63,,United Kingdom
555510,21901,"KEY FOB , BACK DOOR ",1,2011-06-03 17:09:00,1.63,,United Kingdom
555510,21902,"KEY FOB , FRONT  DOOR ",1,2011-06-03 17:09:00,1.63,,United Kingdom
555510,21933,PINK VINTAGE PAISLEY PICNIC BAG,1,2011-06-03 17:09:00,2.46,,United Kingdom
555510,21947,SET OF 6 HEART CHOPSTICKS,16,2011-06-03 17:09:00,2.46,,United Kingdom
555510,21976,PACK OF 60 MUSHROOM CAKE CASES,1,2011-06-03 17:09:00,1.25,,United Kingdom
555510,21977,PACK OF 60 PINK PAISLEY CAKE CASES,1,2011-06-03 17:09:00,1.25,,United Kingdom
555510,22024,RAINY LADIES BIRTHDAY CARD,1,2011-06-03 17:09:00,0.83,,United Kingdom
555510,22028,PENNY FARTHING BIRTHDAY CARD,1,2011-06-03 17:09:00,0.83,,United Kingdom
555510,22072,RED RETROSPOT TEA CUP AND SAUCER ,4,2011-06-03 17:09:00,7.46,,United Kingdom
555510,22083,PAPER CHAIN KIT RETROSPOT,2,2011-06-03 17:09:00,3.29,,United Kingdom
555510,22088,PAPER BUNTING COLOURED LACE,3,2011-06-03 17:09:00,5.79,,United Kingdom
555510,22090,PAPER BUNTING RETROSPOT,5,2011-06-03 17:09:00,5.79,,United Kingdom
555510,22116,METAL SIGN HIS DINNER IS SERVED,1,2011-06-03 17:09:00,1.63,,United Kingdom
555510,22132,RED LOVE HEART SHAPE CUP,2,2011-06-03 17:09:00,1.63,,United Kingdom
555510,22171,3 HOOK PHOTO SHELF ANTIQUE WHITE,1,2011-06-03 17:09:00,16.63,,United Kingdom
555510,22178,VICTORIAN GLASS HANGING T-LIGHT,2,2011-06-03 17:09:00,2.46,,United Kingdom
555510,22182,CAKE STAND VICTORIAN FILIGREE SMALL,1,2011-06-03 17:09:00,4.13,,United Kingdom
555510,22197,SMALL POPCORN HOLDER,6,2011-06-03 17:09:00,1.63,,United Kingdom
555510,22203,MILK PAN RED RETROSPOT,1,2011-06-03 17:09:00,7.46,,United Kingdom
555510,22204,MILK PAN BLUE POLKADOT,1,2011-06-03 17:09:00,7.46,,United Kingdom
555510,22207,FRYING PAN UNION FLAG,1,2011-06-03 17:09:00,8.29,,United Kingdom
555510,22214,CANDLE PLATE LACE WHITE,1,2011-06-03 17:09:00,4.96,,United Kingdom
555510,22216,T-LIGHT HOLDER WHITE LACE,1,2011-06-03 17:09:00,1.63,,United Kingdom
555510,22219,LOVEBIRD HANGING DECORATION WHITE ,2,2011-06-03 17:09:00,1.63,,United Kingdom
555510,22296,HEART IVORY TRELLIS LARGE,8,2011-06-03 17:09:00,3.29,,United Kingdom
555510,22318,FIVE HEART HANGING DECORATION,1,2011-06-03 17:09:00,5.79,,United Kingdom
555510,22326,ROUND SNACK BOXES SET OF4 WOODLAND ,1,2011-06-03 17:09:00,5.79,,United Kingdom
555510,22332,SKULLS PARTY BAG + STICKER SET,1,2011-06-03 17:09:00,3.29,,United Kingdom
555510,22333,RETROSPOT PARTY BAG + STICKER SET,2,2011-06-03 17:09:00,3.29,,United Kingdom
555510,22343,PARTY PIZZA DISH RED RETROSPOT,2,2011-06-03 17:09:00,1.63,,United Kingdom
555510,22346,PARTY PIZZA DISH GREEN POLKADOT,2,2011-06-03 17:09:00,1.63,,United Kingdom
555510,22348,TEA BAG PLATE RED RETROSPOT,1,2011-06-03 17:09:00,1.63,,United Kingdom
555510,22354,RETROSPOT PADDED SEAT CUSHION,1,2011-06-03 17:09:00,7.46,,United Kingdom
555510,22356,CHARLOTTE BAG PINK POLKADOT,1,2011-06-03 17:09:00,1.63,,United Kingdom
555510,22398,MAGNETS PACK OF 4 SWALLOWS,1,2011-06-03 17:09:00,2.46,,United Kingdom
555510,22414,DOORMAT NEIGHBOURHOOD WITCH ,1,2011-06-03 17:09:00,15.79,,United Kingdom
555510,22443,GROW YOUR OWN HERBS SET OF 3,1,2011-06-03 17:09:00,15.79,,United Kingdom
555510,22469,HEART OF WICKER SMALL,2,2011-06-03 17:09:00,3.29,,United Kingdom
555510,22488,NATURAL SLATE RECTANGLE CHALKBOARD,1,2011-06-03 17:09:00,3.29,,United Kingdom
555510,22489,PACK OF 12 TRADITIONAL CRAYONS,1,2011-06-03 17:09:00,0.83,,United Kingdom
555510,22499,WOODEN UNION JACK BUNTING,2,2011-06-03 17:09:00,12.46,,United Kingdom
555510,22502,PICNIC BASKET WICKER SMALL,1,2011-06-03 17:09:00,10.79,,United Kingdom
555510,22519,CHILDS GARDEN BRUSH PINK,16,2011-06-03 17:09:00,4.13,,United Kingdom
555510,22554,PLASTERS IN TIN WOODLAND ANIMALS,1,2011-06-03 17:09:00,3.29,,United Kingdom
555510,22605,WOODEN CROQUET GARDEN SET,1,2011-06-03 17:09:00,24.96,,United Kingdom
555510,22672,FRENCH BATHROOM SIGN BLUE METAL,1,2011-06-03 17:09:00,3.29,,United Kingdom
555510,22697,GREEN REGENCY TEACUP AND SAUCER,1,2011-06-03 17:09:00,5.79,,United Kingdom
555510,22699,ROSES REGENCY TEACUP AND SAUCER ,1,2011-06-03 17:09:00,5.79,,United Kingdom
555510,22712,CARD DOLLY GIRL ,1,2011-06-03 17:09:00,0.83,,United Kingdom
555510,22749,FELTCRAFT PRINCESS CHARLOTTE DOLL,6,2011-06-03 17:09:00,7.46,,United Kingdom
555510,22750,FELTCRAFT PRINCESS LOLA DOLL,6,2011-06-03 17:09:00,7.46,,United Kingdom
555510,22751,FELTCRAFT PRINCESS OLIVIA DOLL,4,2011-06-03 17:09:00,7.46,,United Kingdom
555510,22776,SWEETHEART CAKESTAND 3 TIER,2,2011-06-03 17:09:00,19.96,,United Kingdom
555510,22778,GLASS CLOCHE SMALL,1,2011-06-03 17:09:00,8.29,,United Kingdom
555510,22815,CARD PSYCHEDELIC APPLES,1,2011-06-03 17:09:00,0.83,,United Kingdom
555510,22817,CARD SUKI BIRTHDAY,2,2011-06-03 17:09:00,0.83,,United Kingdom
555510,22821,GIFT BAG PSYCHEDELIC APPLES,1,2011-06-03 17:09:00,1.25,,United Kingdom
555510,22887,NUMBER TILE VINTAGE FONT 8,1,2011-06-03 17:09:00,4.13,,United Kingdom
555510,22888,NUMBER TILE VINTAGE FONT 9 ,1,2011-06-03 17:09:00,4.13,,United Kingdom
555510,22905,CALENDAR IN SEASON DESIGN,1,2011-06-03 17:09:00,5.79,,United Kingdom
555510,22907,PACK OF 20 NAPKINS PANTRY DESIGN,3,2011-06-03 17:09:00,1.63,,United Kingdom
555510,22983,CARD BILLBOARD FONT,1,2011-06-03 17:09:00,0.83,,United Kingdom
555510,22998,TRAVEL CARD WALLET KEEP CALM,1,2011-06-03 17:09:00,0.83,,United Kingdom
555510,23084,RABBIT NIGHT LIGHT,1,2011-06-03 17:09:00,4.13,,United Kingdom
555510,23089,GLASS BON BON JAR,1,2011-06-03 17:09:00,3.29,,United Kingdom
555510,23099,FRENCH CARRIAGE LANTERN,1,2011-06-03 17:09:00,13.29,,United Kingdom
555510,23100,SILVER BELLS TABLE DECORATION,1,2011-06-03 17:09:00,2.46,,United Kingdom
555510,23112,PARISIENNE CURIO CABINET,3,2011-06-03 17:09:00,14.96,,United Kingdom
555510,23118,PARISIENNE JEWELLERY DRAWER ,1,2011-06-03 17:09:00,14.96,,United Kingdom
555510,23126,FELTCRAFT GIRL AMELIE KIT,4,2011-06-03 17:09:00,10.79,,United Kingdom
555510,23127,FELTCRAFT GIRL NICOLE KIT,4,2011-06-03 17:09:00,10.79,,United Kingdom
555510,23137,ZINC WIRE SWEETHEART LETTER TRAY,1,2011-06-03 17:09:00,7.46,,United Kingdom
555510,23153,ZINC SWEETHEART WIRE LETTER RACK,1,2011-06-03 17:09:00,7.46,,United Kingdom
555510,23154,SET OF 4 JAM JAR MAGNETS,1,2011-06-03 17:09:00,4.13,,United Kingdom
555510,23160,REGENCY TEA SPOON,1,2011-06-03 17:09:00,2.46,,United Kingdom
555510,23161,REGENCY CAKE FORK,1,2011-06-03 17:09:00,2.46,,United Kingdom
555510,23170,REGENCY TEA PLATE ROSES ,1,2011-06-03 17:09:00,3.29,,United Kingdom
555510,23171,REGENCY TEA PLATE GREEN ,2,2011-06-03 17:09:00,3.29,,United Kingdom
555510,23204,CHARLOTTE BAG APPLES DESIGN,1,2011-06-03 17:09:00,1.63,,United Kingdom
555510,23206,LUNCH BAG APPLE DESIGN,1,2011-06-03 17:09:00,4.13,,United Kingdom
555510,23284,DOORMAT KEEP CALM AND COME IN,1,2011-06-03 17:09:00,16.63,,United Kingdom
555510,23298,SPOTTY BUNTING,2,2011-06-03 17:09:00,10.79,,United Kingdom
555510,35004B,SET OF 3 BLACK FLYING DUCKS,1,2011-06-03 17:09:00,5.79,,United Kingdom
555510,37475,SET/4 COLOURFUL MIXING BOWLS,1,2011-06-03 17:09:00,8.29,,United Kingdom
555510,47566,PARTY BUNTING,1,2011-06-03 17:09:00,10.79,,United Kingdom
555510,47578A,ENGLISH ROSE SMALL SCENTED FLOWER,1,2011-06-03 17:09:00,1.63,,United Kingdom
555510,51014C,"FEATHER PEN,COAL BLACK",4,2011-06-03 17:09:00,1.63,,United Kingdom
555510,71459,HANGING JAM JAR T-LIGHT HOLDER,4,2011-06-03 17:09:00,1.66,,United Kingdom
555510,71477,COLOUR GLASS. STAR T-LIGHT HOLDER,1,2011-06-03 17:09:00,6.63,,United Kingdom
555510,72598,SET/12 TAPER CANDLES,2,2011-06-03 17:09:00,1.63,,United Kingdom
555510,79030D,TUMBLER BAROQUE,1,2011-06-03 17:09:00,5.79,,United Kingdom
555510,79030G,TUMBLER NEW ENGLAND,1,2011-06-03 17:09:00,5.79,,United Kingdom
555510,82567,"AIRLINE LOUNGE,METAL SIGN",1,2011-06-03 17:09:00,1.63,,United Kingdom
555510,82578,KITCHEN METAL SIGN,1,2011-06-03 17:09:00,1.25,,United Kingdom
555510,82581,TOILET METAL SIGN,2,2011-06-03 17:09:00,1.25,,United Kingdom
555510,84380,SET OF 3 BUTTERFLY COOKIE CUTTERS,2,2011-06-03 17:09:00,2.46,,United Kingdom
555510,84568,GIRLS ALPHABET IRON ON PATCHES ,2,2011-06-03 17:09:00,0.42,,United Kingdom
555510,84598,BOYS ALPHABET IRON ON PATCHES,5,2011-06-03 17:09:00,0.42,,United Kingdom
555510,84637,KITCHEN FLOWER POTS WALL PLAQUE,1,2011-06-03 17:09:00,4.96,,United Kingdom
555510,84692,BOX OF 24 COCKTAIL PARASOLS,1,2011-06-03 17:09:00,0.83,,United Kingdom
555510,84755,COLOUR GLASS T-LIGHT HOLDER HANGING,12,2011-06-03 17:09:00,1.24,,United Kingdom
555510,84796B,BLUE SAVANNAH PICNIC HAMPER FOR 2,2,2011-06-03 17:09:00,8.29,,United Kingdom
555510,84946,ANTIQUE SILVER T-LIGHT GLASS,5,2011-06-03 17:09:00,2.46,,United Kingdom
555510,84947,ANTIQUE SILVER TEA GLASS ENGRAVED,6,2011-06-03 17:09:00,2.46,,United Kingdom
555510,84988,SET OF 72 PINK HEART PAPER DOILIES,2,2011-06-03 17:09:00,2.92,,United Kingdom
555510,84991,60 TEATIME FAIRY CAKE CASES,1,2011-06-03 17:09:00,1.25,,United Kingdom
555510,84992,72 SWEETHEART FAIRY CAKE CASES,1,2011-06-03 17:09:00,1.25,,United Kingdom
555510,85015,SET OF 12  VINTAGE POSTCARD SET,2,2011-06-03 17:09:00,2.46,,United Kingdom
555510,85039B,S/4 IVORY MINI ROSE CANDLE IN BOWL,1,2011-06-03 17:09:00,1.63,,United Kingdom
555510,85078,SCANDINAVIAN 3 HEARTS NAPKIN RING,2,2011-06-03 17:09:00,1.63,,United Kingdom
555510,85087,CANDY SPOT CUSHION COVER,1,2011-06-03 17:09:00,3.29,,United Kingdom
555510,85099B,JUMBO BAG RED RETROSPOT,1,2011-06-03 17:09:00,4.13,,United Kingdom
555510,85099F,JUMBO BAG STRAWBERRY,6,2011-06-03 17:09:00,4.13,,United Kingdom
555510,85131B,BEADED CRYSTAL HEART GREEN ON STICK,2,2011-06-03 17:09:00,0.83,,United Kingdom
555510,85131D,BEADED CRYSTAL HEART PINK ON STICK,3,2011-06-03 17:09:00,0.83,,United Kingdom
555510,85152,HAND OVER THE CHOCOLATE   SIGN ,1,2011-06-03 17:09:00,4.13,,United Kingdom
555510,85163A,WHITE BAROQUE WALL CLOCK ,1,2011-06-03 17:09:00,24.96,,United Kingdom
555510,85185B,PINK HORSE SOCK PUPPET,4,2011-06-03 17:09:00,5.79,,United Kingdom
555510,90200A,PURPLE SWEETHEART BRACELET,1,2011-06-03 17:09:00,4.15,,United Kingdom
555510,DOT,DOTCOM POSTAGE,1,2011-06-03 17:09:00,181.45,,United Kingdom
