InvoiceNo,StockCode,Description,Quantity,InvoiceDate,UnitPrice,CustomerID,Country
547092,84970L,SINGLE HEART ZINC T-LIGHT HOLDER,12,2011-03-21 08:18:00,0.95,16619.0,United Kingdom
547092,84970S,HANGING HEART ZINC T-LIGHT HOLDER,12,2011-03-21 08:18:00,0.85,16619.0,United Kingdom
547092,20846,ZINC HEART LATTICE T-LIGHT HOLDER,12,2011-03-21 08:18:00,1.25,16619.0,United Kingdom
547092,22149,FELTCRAFT 6 FLOWER FRIENDS,6,2011-03-21 08:18:00,2.1,16619.0,United Kingdom
547092,22147,FELTCRAFT BUTTERFLY HEARTS,12,2011-03-21 08:18:00,1.45,16619.0,United Kingdom
547092,22960,JAM MAKING SET WITH JARS,6,2011-03-21 08:18:00,4.25,16619.0,United Kingdom
547092,22493,PAINT YOUR OWN CANVAS SET,12,2011-03-21 08:18:00,1.65,16619.0,United Kingdom
547092,84836,ZINC METAL HEART DECORATION,12,2011-03-21 08:18:00,1.25,16619.0,United Kingdom
547092,22617,BAKING SET SPACEBOY DESIGN,3,2011-03-21 08:18:00,4.95,16619.0,United Kingdom
547092,22138,BAKING SET 9 PIECE RETROSPOT ,3,2011-03-21 08:18:00,4.95,16619.0,United Kingdom
547092,22489,PACK OF 12 TRADITIONAL CRAYONS,24,2011-03-21 08:18:00,0.42,16619.0,United Kingdom
547092,22427,ENAMEL FLOWER JUG CREAM,3,2011-03-21 08:18:00,5.95,16619.0,United Kingdom
547092,22558,CLOTHES PEGS RETROSPOT PACK 24 ,12,2011-03-21 08:18:00,1.49,16619.0,United Kingdom
547092,22502,PICNIC BASKET WICKER SMALL,4,2011-03-21 08:18:00,5.95,16619.0,United Kingdom
547093,21889,WOODEN BOX OF DOMINOES,12,2011-03-21 08:20:00,1.25,14762.0,United Kingdom
547093,21891,TRADITIONAL WOODEN SKIPPING ROPE,12,2011-03-21 08:20:00,1.25,14762.0,United Kingdom
547093,22560,TRADITIONAL MODELLING CLAY,24,2011-03-21 08:20:00,1.25,14762.0,United Kingdom
547093,22620,4 TRADITIONAL SPINNING TOPS,12,2011-03-21 08:20:00,1.25,14762.0,United Kingdom
547093,22619,SET OF 6 SOLDIER SKITTLES,4,2011-03-21 08:20:00,3.75,14762.0,United Kingdom
547093,20727,LUNCH BAG  BLACK SKULL.,20,2011-03-21 08:20:00,1.65,14762.0,United Kingdom
547093,21495,SKULLS AND CROSSBONES WRAP,25,2011-03-21 08:20:00,0.42,14762.0,United Kingdom
547093,21504,SKULLS GREETING CARD,12,2011-03-21 08:20:00,0.42,14762.0,United Kingdom
547093,21967,PACK OF 12 SKULL TISSUES,24,2011-03-21 08:20:00,0.29,14762.0,United Kingdom
547093,21934,SKULL SHOULDER BAG,10,2011-03-21 08:20:00,1.65,14762.0,United Kingdom
547093,22383,LUNCH BAG SUKI DESIGN ,10,2011-03-21 08:20:00,1.65,14762.0,United Kingdom
547093,22817,CARD SUKI BIRTHDAY,12,2011-03-21 08:20:00,0.42,14762.0,United Kingdom
547093,16161U,WRAP SUKI AND FRIENDS,25,2011-03-21 08:20:00,0.42,14762.0,United Kingdom
547093,21935,SUKI  SHOULDER BAG,10,2011-03-21 08:20:00,1.65,14762.0,United Kingdom
547093,21982,PACK OF 12 SUKI TISSUES ,24,2011-03-21 08:20:00,0.29,14762.0,United Kingdom
547093,22371,AIRLINE BAG VINTAGE TOKYO 78,4,2011-03-21 08:20:00,4.25,14762.0,United Kingdom
547093,22492,MINI PAINT SET VINTAGE ,36,2011-03-21 08:20:00,0.65,14762.0,United Kingdom
547093,22374,AIRLINE BAG VINTAGE JET SET RED,4,2011-03-21 08:20:00,4.25,14762.0,United Kingdom
547093,22046,TEA PARTY  WRAPPING PAPER ,25,2011-03-21 08:20:00,0.42,14762.0,United Kingdom
547093,22027,TEA PARTY BIRTHDAY CARD,12,2011-03-21 08:20:00,0.42,14762.0,United Kingdom
547093,21917,SET 12 KIDS  WHITE CHALK STICKS,24,2011-03-21 08:20:00,0.42,14762.0,United Kingdom
547094,22557,PLASTERS IN TIN VINTAGE PAISLEY ,12,2011-03-21 08:39:00,1.65,13934.0,United Kingdom
547094,84580,MOUSE TOY WITH PINK T-SHIRT,12,2011-03-21 08:39:00,3.75,13934.0,United Kingdom
547094,84584,PINK GINGHAM CAT WITH SCARF,12,2011-03-21 08:39:00,2.55,13934.0,United Kingdom
547094,21890,S/6 WOODEN SKITTLES IN COTTON BAG,6,2011-03-21 08:39:00,2.95,13934.0,United Kingdom
547094,21892,TRADITIONAL WOODEN CATCH CUP GAME ,12,2011-03-21 08:39:00,1.25,13934.0,United Kingdom
547094,22560,TRADITIONAL MODELLING CLAY,24,2011-03-21 08:39:00,1.25,13934.0,United Kingdom
547094,20749,ASSORTED COLOUR MINI CASES,12,2011-03-21 08:39:00,6.35,13934.0,United Kingdom
547094,22322,BIRD DECORATION GREEN POLKADOT,12,2011-03-21 08:39:00,0.85,13934.0,United Kingdom
547094,22293,HANGING CHICK GREEN DECORATION,24,2011-03-21 08:39:00,1.45,13934.0,United Kingdom
547094,22241,GARLAND WOODEN HAPPY EASTER,12,2011-03-21 08:39:00,1.25,13934.0,United Kingdom
547094,22720,SET OF 3 CAKE TINS PANTRY DESIGN ,3,2011-03-21 08:39:00,4.95,13934.0,United Kingdom
547094,22993,SET OF 4 PANTRY JELLY MOULDS,24,2011-03-21 08:39:00,1.25,13934.0,United Kingdom
547094,22960,JAM MAKING SET WITH JARS,24,2011-03-21 08:39:00,3.75,13934.0,United Kingdom
547094,22077,6 RIBBONS RUSTIC CHARM,12,2011-03-21 08:39:00,1.65,13934.0,United Kingdom
547094,22493,PAINT YOUR OWN CANVAS SET,12,2011-03-21 08:39:00,1.65,13934.0,United Kingdom
547094,22607,WOODEN ROUNDERS GARDEN SET ,8,2011-03-21 08:39:00,8.5,13934.0,United Kingdom
547094,22485,SET OF 2 WOODEN MARKET CRATES,2,2011-03-21 08:39:00,12.75,13934.0,United Kingdom
547094,22487,WHITE WOOD GARDEN PLANT LADDER,1,2011-03-21 08:39:00,9.95,13934.0,United Kingdom
547094,22488,NATURAL SLATE RECTANGLE CHALKBOARD,12,2011-03-21 08:39:00,1.65,13934.0,United Kingdom
547094,22457,NATURAL SLATE HEART CHALKBOARD ,12,2011-03-21 08:39:00,2.95,13934.0,United Kingdom
547094,21622,VINTAGE UNION JACK CUSHION COVER,4,2011-03-21 08:39:00,4.95,13934.0,United Kingdom
547094,46000S,POLYESTER FILLER PAD 40x40cm,14,2011-03-21 08:39:00,1.45,13934.0,United Kingdom
547094,22554,PLASTERS IN TIN WOODLAND ANIMALS,12,2011-03-21 08:39:00,1.65,13934.0,United Kingdom
547094,22555,PLASTERS IN TIN STRONGMAN,12,2011-03-21 08:39:00,1.65,13934.0,United Kingdom
547094,22231,JIGSAW TREE WITH BIRDHOUSE,24,2011-03-21 08:39:00,1.45,13934.0,United Kingdom
547094,22233,JIGSAW RABBIT AND BIRDHOUSE,24,2011-03-21 08:39:00,1.65,13934.0,United Kingdom
547094,22744,MAKE YOUR OWN MONSOON CARD KIT,24,2011-03-21 08:39:00,2.95,13934.0,United Kingdom
547094,22722,SET OF 6 SPICE TINS PANTRY DESIGN,4,2011-03-21 08:39:00,3.95,13934.0,United Kingdom
547094,23177,TREASURE ISLAND BOOK BOX,8,2011-03-21 08:39:00,2.25,13934.0,United Kingdom
547094,23193,BUFFALO BILL TREASURE BOOK BOX,8,2011-03-21 08:39:00,2.25,13934.0,United Kingdom
547094,23194,GYMKHANA TREASURE BOOK BOX,8,2011-03-21 08:39:00,2.25,13934.0,United Kingdom
547095,23231,WRAP DOILEY DESIGN,25,2011-03-21 09:03:00,0.42,13018.0,United Kingdom
547095,23232,WRAP VINTAGE PETALS  DESIGN,25,2011-03-21 09:03:00,0.42,13018.0,United Kingdom
547095,23233,WRAP POPPIES  DESIGN,25,2011-03-21 09:03:00,0.42,13018.0,United Kingdom
547095,20762,GREEN FERN SKETCHBOOK ,4,2011-03-21 09:03:00,3.75,13018.0,United Kingdom
547095,20765,CHRYSANTHEMUM SKETCHBOOK ,4,2011-03-21 09:03:00,3.75,13018.0,United Kingdom
547095,20971,PINK BLUE FELT CRAFT TRINKET BOX,24,2011-03-21 09:03:00,1.25,13018.0,United Kingdom
547095,22568,FELTCRAFT CUSHION OWL,4,2011-03-21 09:03:00,3.75,13018.0,United Kingdom
547095,20972,PINK CREAM FELT CRAFT TRINKET BOX ,12,2011-03-21 09:03:00,1.25,13018.0,United Kingdom
547095,22149,FELTCRAFT 6 FLOWER FRIENDS,6,2011-03-21 09:03:00,2.1,13018.0,United Kingdom
547095,16161P,WRAP ENGLISH ROSE ,25,2011-03-21 09:03:00,0.42,13018.0,United Kingdom
547095,16161U,WRAP SUKI AND FRIENDS,25,2011-03-21 09:03:00,0.42,13018.0,United Kingdom
547095,22047,EMPIRE GIFT WRAP,25,2011-03-21 09:03:00,0.42,13018.0,United Kingdom
547095,22052,VINTAGE CARAVAN GIFT WRAP,25,2011-03-21 09:03:00,0.42,13018.0,United Kingdom
547095,22051,BLUE SCANDINAVIAN PAISLEY WRAP,25,2011-03-21 09:03:00,0.42,13018.0,United Kingdom
547095,22148,EASTER CRAFT 4 CHICKS ,12,2011-03-21 09:03:00,1.95,13018.0,United Kingdom
547095,22257,FELT FARM ANIMAL SHEEP,12,2011-03-21 09:03:00,1.25,13018.0,United Kingdom
547095,22258,FELT FARM ANIMAL RABBIT,12,2011-03-21 09:03:00,1.25,13018.0,United Kingdom
547095,22250,DECORATION  BUTTERFLY  MAGIC GARDEN,16,2011-03-21 09:03:00,0.85,13018.0,United Kingdom
547095,22249,DECORATION WHITE CHICK MAGIC GARDEN,16,2011-03-21 09:03:00,0.85,13018.0,United Kingdom
547095,21791,VINTAGE HEADS AND TAILS CARD GAME ,12,2011-03-21 09:03:00,1.25,13018.0,United Kingdom
547095,22745,POPPY'S PLAYHOUSE BEDROOM ,6,2011-03-21 09:03:00,2.1,13018.0,United Kingdom
547095,22747,POPPY'S PLAYHOUSE BATHROOM,6,2011-03-21 09:03:00,2.1,13018.0,United Kingdom
547095,22748,POPPY'S PLAYHOUSE KITCHEN,6,2011-03-21 09:03:00,2.1,13018.0,United Kingdom
547095,22746,POPPY'S PLAYHOUSE LIVINGROOM ,6,2011-03-21 09:03:00,2.1,13018.0,United Kingdom
547096,22961,JAM MAKING SET PRINTED,12,2011-03-21 09:13:00,1.45,15669.0,United Kingdom
547096,23051,RECYCLED ACAPULCO MAT BLUE,2,2011-03-21 09:13:00,8.25,15669.0,United Kingdom
547096,23053,RECYCLED ACAPULCO MAT PINK,2,2011-03-21 09:13:00,8.25,15669.0,United Kingdom
547096,23176,ABC TREASURE BOOK BOX ,8,2011-03-21 09:13:00,2.25,15669.0,United Kingdom
547096,23193,BUFFALO BILL TREASURE BOOK BOX,8,2011-03-21 09:13:00,2.25,15669.0,United Kingdom
547096,23194,GYMKHANA TREASURE BOOK BOX,8,2011-03-21 09:13:00,2.25,15669.0,United Kingdom
547096,22722,SET OF 6 SPICE TINS PANTRY DESIGN,4,2011-03-21 09:13:00,3.95,15669.0,United Kingdom
547096,22699,ROSES REGENCY TEACUP AND SAUCER ,6,2011-03-21 09:13:00,2.95,15669.0,United Kingdom
547096,22698,PINK REGENCY TEACUP AND SAUCER,6,2011-03-21 09:13:00,2.95,15669.0,United Kingdom
547096,22697,GREEN REGENCY TEACUP AND SAUCER,6,2011-03-21 09:13:00,2.95,15669.0,United Kingdom
547096,22423,REGENCY CAKESTAND 3 TIER,2,2011-03-21 09:13:00,12.75,15669.0,United Kingdom
547097,22268,EASTER DECORATION SITTING BUNNY,12,2011-03-21 09:33:00,0.85,13021.0,United Kingdom
547097,22423,REGENCY CAKESTAND 3 TIER,1,2011-03-21 09:33:00,12.75,13021.0,United Kingdom
547097,21928,JUMBO BAG SCANDINAVIAN BLUE PAISLEY,10,2011-03-21 09:33:00,1.95,13021.0,United Kingdom
547097,22411,JUMBO SHOPPER VINTAGE RED PAISLEY,10,2011-03-21 09:33:00,1.95,13021.0,United Kingdom
547097,21181,PLEASE ONE PERSON METAL SIGN,12,2011-03-21 09:33:00,2.1,13021.0,United Kingdom
547097,22811,SET OF 6 T-LIGHTS CACTI ,6,2011-03-21 09:33:00,2.95,13021.0,United Kingdom
547097,22933,BAKING MOULD EASTER EGG MILK CHOC,6,2011-03-21 09:33:00,2.95,13021.0,United Kingdom
547097,48129,DOORMAT TOPIARY,2,2011-03-21 09:33:00,7.95,13021.0,United Kingdom
547097,48194,DOORMAT HEARTS,2,2011-03-21 09:33:00,7.95,13021.0,United Kingdom
547097,20970,PINK FLORAL FELTCRAFT SHOULDER BAG,4,2011-03-21 09:33:00,3.75,13021.0,United Kingdom
547097,22149,FELTCRAFT 6 FLOWER FRIENDS,6,2011-03-21 09:33:00,2.1,13021.0,United Kingdom
547097,22271,FELTCRAFT DOLL ROSIE,6,2011-03-21 09:33:00,2.95,13021.0,United Kingdom
547097,22314,OFFICE MUG WARMER CHOC+BLUE,6,2011-03-21 09:33:00,2.95,13021.0,United Kingdom
547097,21524,DOORMAT SPOTTY HOME SWEET HOME,2,2011-03-21 09:33:00,7.95,13021.0,United Kingdom
547097,48116,DOORMAT MULTICOLOUR STRIPE,2,2011-03-21 09:33:00,7.95,13021.0,United Kingdom
547097,22229,BUNNY WOODEN PAINTED WITH FLOWER ,12,2011-03-21 09:33:00,0.85,13021.0,United Kingdom
547098,22844,VINTAGE CREAM DOG FOOD CONTAINER,2,2011-03-21 10:13:00,8.5,16384.0,United Kingdom
547098,22258,FELT FARM ANIMAL RABBIT,12,2011-03-21 10:13:00,1.25,16384.0,United Kingdom
547098,47590A,BLUE HAPPY BIRTHDAY BUNTING,3,2011-03-21 10:13:00,5.45,16384.0,United Kingdom
547098,47590B,PINK HAPPY BIRTHDAY BUNTING,3,2011-03-21 10:13:00,5.45,16384.0,United Kingdom
547098,21643,ASSORTED TUTTI FRUTTI MIRROR,12,2011-03-21 10:13:00,1.25,16384.0,United Kingdom
547098,22318,FIVE HEART HANGING DECORATION,6,2011-03-21 10:13:00,2.95,16384.0,United Kingdom
547098,22617,BAKING SET SPACEBOY DESIGN,3,2011-03-21 10:13:00,4.95,16384.0,United Kingdom
547098,22138,BAKING SET 9 PIECE RETROSPOT ,3,2011-03-21 10:13:00,4.95,16384.0,United Kingdom
547098,20828,GLITTER BUTTERFLY CLIPS,18,2011-03-21 10:13:00,2.55,16384.0,United Kingdom
547098,22969,HOMEMADE JAM SCENTED CANDLES,12,2011-03-21 10:13:00,1.45,16384.0,United Kingdom
547098,79000,MOROCCAN TEA GLASS,12,2011-03-21 10:13:00,0.85,16384.0,United Kingdom
547098,22178,VICTORIAN GLASS HANGING T-LIGHT,12,2011-03-21 10:13:00,1.25,16384.0,United Kingdom
547098,71053,WHITE METAL LANTERN,4,2011-03-21 10:13:00,3.75,16384.0,United Kingdom
547098,85040A,S/4 PINK FLOWER CANDLES IN BOWL,12,2011-03-21 10:13:00,1.65,16384.0,United Kingdom
547098,20972,PINK CREAM FELT CRAFT TRINKET BOX ,12,2011-03-21 10:13:00,1.25,16384.0,United Kingdom
547098,22256,FELT FARM ANIMAL CHICKEN,12,2011-03-21 10:13:00,1.25,16384.0,United Kingdom
547098,22957,SET 3 PAPER VINTAGE CHICK PAPER EGG,6,2011-03-21 10:13:00,2.95,16384.0,United Kingdom
547098,22249,DECORATION WHITE CHICK MAGIC GARDEN,16,2011-03-21 10:13:00,0.85,16384.0,United Kingdom
547098,22445,PENCIL CASE LIFE IS BEAUTIFUL,6,2011-03-21 10:13:00,2.95,16384.0,United Kingdom
547098,22587,FELTCRAFT HAIRBAND RED AND BLUE,12,2011-03-21 10:13:00,0.85,16384.0,United Kingdom
547098,22584,PACK OF 6 PANNETONE GIFT BOXES,6,2011-03-21 10:13:00,2.55,16384.0,United Kingdom
547098,22744,MAKE YOUR OWN MONSOON CARD KIT,6,2011-03-21 10:13:00,2.95,16384.0,United Kingdom
547098,22852,DOG BOWL VINTAGE CREAM,4,2011-03-21 10:13:00,4.25,16384.0,United Kingdom
547098,22853,CAT BOWL VINTAGE CREAM,6,2011-03-21 10:13:00,3.25,16384.0,United Kingdom
547099,21704,BAG 250g SWIRLY MARBLES,12,2011-03-21 10:30:00,0.85,18224.0,United Kingdom
547099,84580,MOUSE TOY WITH PINK T-SHIRT,4,2011-03-21 10:30:00,3.75,18224.0,United Kingdom
547099,84920,PINK FLOWER FABRIC PONY,4,2011-03-21 10:30:00,3.75,18224.0,United Kingdom
547099,21624,VINTAGE UNION JACK DOORSTOP,3,2011-03-21 10:30:00,5.95,18224.0,United Kingdom
547099,22087,PAPER BUNTING WHITE LACE,6,2011-03-21 10:30:00,2.95,18224.0,United Kingdom
547099,85123A,WHITE HANGING HEART T-LIGHT HOLDER,6,2011-03-21 10:30:00,2.95,18224.0,United Kingdom
547099,22178,VICTORIAN GLASS HANGING T-LIGHT,12,2011-03-21 10:30:00,1.25,18224.0,United Kingdom
547099,84313B,BLUE TV TRAY TABLE ,6,2011-03-21 10:30:00,1.95,18224.0,United Kingdom
547099,84665,SQUARE CHERRY BLOSSOM CABINET,4,2011-03-21 10:30:00,5.95,18224.0,United Kingdom
547099,84763,ZINC FINISH 15CM PLANTER POTS,12,2011-03-21 10:30:00,1.25,18224.0,United Kingdom
547100,22284,HEN HOUSE DECORATION,12,2011-03-21 10:31:00,1.65,15615.0,United Kingdom
547100,20713,JUMBO BAG OWLS,10,2011-03-21 10:31:00,1.95,15615.0,United Kingdom
547100,20719,WOODLAND CHARLOTTE BAG,10,2011-03-21 10:31:00,0.85,15615.0,United Kingdom
547100,20726,LUNCH BAG WOODLAND,10,2011-03-21 10:31:00,1.65,15615.0,United Kingdom
547100,20727,LUNCH BAG  BLACK SKULL.,10,2011-03-21 10:31:00,1.65,15615.0,United Kingdom
547100,22383,LUNCH BAG SUKI DESIGN ,10,2011-03-21 10:31:00,1.65,15615.0,United Kingdom
547100,20728,LUNCH BAG CARS BLUE,10,2011-03-21 10:31:00,1.65,15615.0,United Kingdom
547100,21917,SET 12 KIDS  WHITE CHALK STICKS,24,2011-03-21 10:31:00,0.42,15615.0,United Kingdom
547100,85099C,JUMBO  BAG BAROQUE BLACK WHITE,10,2011-03-21 10:31:00,1.95,15615.0,United Kingdom
547100,22411,JUMBO SHOPPER VINTAGE RED PAISLEY,10,2011-03-21 10:31:00,1.95,15615.0,United Kingdom
547100,20723,STRAWBERRY CHARLOTTE BAG,10,2011-03-21 10:31:00,0.85,15615.0,United Kingdom
547100,22384,LUNCH BAG PINK POLKADOT,10,2011-03-21 10:31:00,1.65,15615.0,United Kingdom
547100,22386,JUMBO BAG PINK POLKADOT,20,2011-03-21 10:31:00,1.95,15615.0,United Kingdom
547100,21929,JUMBO BAG PINK VINTAGE PAISLEY,20,2011-03-21 10:31:00,1.95,15615.0,United Kingdom
547100,47566B,TEA TIME PARTY BUNTING,4,2011-03-21 10:31:00,4.95,15615.0,United Kingdom
547100,20725,LUNCH BAG RED RETROSPOT,20,2011-03-21 10:31:00,1.65,15615.0,United Kingdom
547100,22356,CHARLOTTE BAG PINK POLKADOT,10,2011-03-21 10:31:00,0.85,15615.0,United Kingdom
547100,20724,RED RETROSPOT CHARLOTTE BAG,20,2011-03-21 10:31:00,0.85,15615.0,United Kingdom
547100,85099B,JUMBO BAG RED RETROSPOT,20,2011-03-21 10:31:00,1.95,15615.0,United Kingdom
547100,21035,SET/2 RED RETROSPOT TEA TOWELS ,6,2011-03-21 10:31:00,3.25,15615.0,United Kingdom
547100,21041,RED RETROSPOT OVEN GLOVE DOUBLE,6,2011-03-21 10:31:00,2.95,15615.0,United Kingdom
547100,21977,PACK OF 60 PINK PAISLEY CAKE CASES,24,2011-03-21 10:31:00,0.55,15615.0,United Kingdom
547100,84991,60 TEATIME FAIRY CAKE CASES,24,2011-03-21 10:31:00,0.55,15615.0,United Kingdom
547100,22178,VICTORIAN GLASS HANGING T-LIGHT,48,2011-03-21 10:31:00,1.25,15615.0,United Kingdom
547100,84978,HANGING HEART JAR T-LIGHT HOLDER,12,2011-03-21 10:31:00,1.25,15615.0,United Kingdom
547100,84836,ZINC METAL HEART DECORATION,12,2011-03-21 10:31:00,1.25,15615.0,United Kingdom
547101,22207,FRYING PAN UNION FLAG,24,2011-03-21 10:34:00,3.75,16029.0,United Kingdom
547101,22386,JUMBO BAG PINK POLKADOT,100,2011-03-21 10:34:00,1.65,16029.0,United Kingdom
547101,21929,JUMBO BAG PINK VINTAGE PAISLEY,100,2011-03-21 10:34:00,1.65,16029.0,United Kingdom
547101,85099B,JUMBO BAG RED RETROSPOT,100,2011-03-21 10:34:00,1.65,16029.0,United Kingdom
547102,21668,RED STRIPE CERAMIC DRAWER KNOB,12,2011-03-21 10:41:00,1.25,14245.0,United Kingdom
547102,21673,WHITE SPOT BLUE CERAMIC DRAWER KNOB,12,2011-03-21 10:41:00,1.25,14245.0,United Kingdom
547102,22773,GREEN DRAWER KNOB ACRYLIC EDWARDIAN,12,2011-03-21 10:41:00,1.25,14245.0,United Kingdom
547102,21199,PINK  HEART CONFETTI IN TUBE,12,2011-03-21 10:41:00,1.65,14245.0,United Kingdom
547102,22379,RECYCLING BAG RETROSPOT ,5,2011-03-21 10:41:00,2.1,14245.0,United Kingdom
547102,20717,STRAWBERRY SHOPPER BAG,10,2011-03-21 10:41:00,1.25,14245.0,United Kingdom
547102,20718,RED RETROSPOT SHOPPER BAG,10,2011-03-21 10:41:00,1.25,14245.0,United Kingdom
547102,21980,PACK OF 12 RED RETROSPOT TISSUES ,24,2011-03-21 10:41:00,0.29,14245.0,United Kingdom
547102,21983,PACK OF 12 BLUE PAISLEY TISSUES ,24,2011-03-21 10:41:00,0.29,14245.0,United Kingdom
547102,21986,PACK OF 12 PINK POLKADOT TISSUES,24,2011-03-21 10:41:00,0.29,14245.0,United Kingdom
547102,21981,PACK OF 12 WOODLAND TISSUES ,24,2011-03-21 10:41:00,0.29,14245.0,United Kingdom
547102,21982,PACK OF 12 SUKI TISSUES ,24,2011-03-21 10:41:00,0.29,14245.0,United Kingdom
547102,22423,REGENCY CAKESTAND 3 TIER,1,2011-03-21 10:41:00,12.75,14245.0,United Kingdom
547102,21929,JUMBO BAG PINK VINTAGE PAISLEY,10,2011-03-21 10:41:00,1.95,14245.0,United Kingdom
547102,22329,ROUND CONTAINER SET OF 5 RETROSPOT,12,2011-03-21 10:41:00,1.65,14245.0,United Kingdom
547102,21318,GLASS CHALICE BLUE SMALL ,6,2011-03-21 10:41:00,1.65,14245.0,United Kingdom
547102,21534,DAIRY MAID LARGE MILK JUG,3,2011-03-21 10:41:00,4.95,14245.0,United Kingdom
547102,21530,DAIRY MAID TOASTRACK,6,2011-03-21 10:41:00,2.95,14245.0,United Kingdom
547102,21210,SET OF 72 RETROSPOT PAPER  DOILIES,12,2011-03-21 10:41:00,1.45,14245.0,United Kingdom
547102,22890,NOVELTY BISCUITS CAKE STAND 3 TIER,2,2011-03-21 10:41:00,9.95,14245.0,United Kingdom
547102,21537,RED RETROSPOT PUDDING BOWL,4,2011-03-21 10:41:00,4.25,14245.0,United Kingdom
547102,21845,DAIRY MAID STRIPE MUG,6,2011-03-21 10:41:00,2.95,14245.0,United Kingdom
547102,22851,SET 20 NAPKINS FAIRY CAKES DESIGN ,12,2011-03-21 10:41:00,0.85,14245.0,United Kingdom
547102,22907,PACK OF 20 NAPKINS PANTRY DESIGN,12,2011-03-21 10:41:00,0.85,14245.0,United Kingdom
547102,22087,PAPER BUNTING WHITE LACE,6,2011-03-21 10:41:00,2.95,14245.0,United Kingdom
547102,21380,WOODEN HAPPY BIRTHDAY GARLAND,6,2011-03-21 10:41:00,2.95,14245.0,United Kingdom
547102,22445,PENCIL CASE LIFE IS BEAUTIFUL,6,2011-03-21 10:41:00,2.95,14245.0,United Kingdom
547102,22507,MEMO BOARD RETROSPOT  DESIGN,4,2011-03-21 10:41:00,4.95,14245.0,United Kingdom
547102,21880,RED RETROSPOT TAPE,12,2011-03-21 10:41:00,0.65,14245.0,United Kingdom
547102,21881,CUTE CATS TAPE,12,2011-03-21 10:41:00,0.65,14245.0,United Kingdom
547102,22138,BAKING SET 9 PIECE RETROSPOT ,3,2011-03-21 10:41:00,4.95,14245.0,United Kingdom
547102,22557,PLASTERS IN TIN VINTAGE PAISLEY ,12,2011-03-21 10:41:00,1.65,14245.0,United Kingdom
547102,84819,DANISH ROSE ROUND SEWING BOX,3,2011-03-21 10:41:00,4.25,14245.0,United Kingdom
547102,22411,JUMBO SHOPPER VINTAGE RED PAISLEY,10,2011-03-21 10:41:00,1.95,14245.0,United Kingdom
547102,48138,DOORMAT UNION FLAG,2,2011-03-21 10:41:00,7.95,14245.0,United Kingdom
547102,48187,DOORMAT NEW ENGLAND,2,2011-03-21 10:41:00,7.95,14245.0,United Kingdom
547102,22980,PANTRY SCRUBBING BRUSH,12,2011-03-21 10:41:00,1.65,14245.0,United Kingdom
547102,21212,PACK OF 72 RETROSPOT CAKE CASES,24,2011-03-21 10:41:00,0.55,14245.0,United Kingdom
547102,84991,60 TEATIME FAIRY CAKE CASES,24,2011-03-21 10:41:00,0.55,14245.0,United Kingdom
547102,22207,FRYING PAN UNION FLAG,4,2011-03-21 10:41:00,4.25,14245.0,United Kingdom
547102,22424,ENAMEL BREAD BIN CREAM,1,2011-03-21 10:41:00,12.75,14245.0,United Kingdom
547102,22989,SET 2 PANTRY DESIGN TEA TOWELS,6,2011-03-21 10:41:00,3.25,14245.0,United Kingdom
547102,21035,SET/2 RED RETROSPOT TEA TOWELS ,6,2011-03-21 10:41:00,3.25,14245.0,United Kingdom
547102,22845,VINTAGE CREAM CAT FOOD CONTAINER,2,2011-03-21 10:41:00,6.35,14245.0,United Kingdom
547102,21080,SET/20 RED RETROSPOT PAPER NAPKINS ,12,2011-03-21 10:41:00,0.85,14245.0,United Kingdom
547102,21584,RETROSPOT SMALL TUBE MATCHES,20,2011-03-21 10:41:00,1.65,14245.0,United Kingdom
547102,21622,VINTAGE UNION JACK CUSHION COVER,4,2011-03-21 10:41:00,4.95,14245.0,United Kingdom
547102,22322,BIRD DECORATION GREEN POLKADOT,12,2011-03-21 10:41:00,0.85,14245.0,United Kingdom
547102,84459A,PINK METAL CHICKEN HEART ,12,2011-03-21 10:41:00,1.49,14245.0,United Kingdom
547102,84536A,ENGLISH ROSE NOTEBOOK A7 SIZE,16,2011-03-21 10:41:00,0.42,14245.0,United Kingdom
547102,47585A,PINK FAIRY CAKE CUSHION COVER,4,2011-03-21 10:41:00,3.75,14245.0,United Kingdom
547102,21114,LAVENDER SCENTED FABRIC HEART,10,2011-03-21 10:41:00,1.25,14245.0,United Kingdom
547102,21974,SET OF 36 PAISLEY FLOWER DOILIES,12,2011-03-21 10:41:00,1.45,14245.0,United Kingdom
547102,21992,VINTAGE PAISLEY STATIONERY SET,6,2011-03-21 10:41:00,2.95,14245.0,United Kingdom
547102,22276,WASH BAG VINTAGE ROSE PAISLEY,6,2011-03-21 10:41:00,2.55,14245.0,United Kingdom
547102,22666,RECIPE BOX PANTRY YELLOW DESIGN,6,2011-03-21 10:41:00,2.95,14245.0,United Kingdom
547102,22969,HOMEMADE JAM SCENTED CANDLES,12,2011-03-21 10:41:00,1.45,14245.0,United Kingdom
547102,22978,PANTRY ROLLING PIN,6,2011-03-21 10:41:00,3.75,14245.0,United Kingdom
547102,22979,PANTRY WASHING UP BRUSH,12,2011-03-21 10:41:00,1.45,14245.0,United Kingdom
547102,22722,SET OF 6 SPICE TINS PANTRY DESIGN,4,2011-03-21 10:41:00,3.95,14245.0,United Kingdom
547102,47559B,TEA TIME OVEN GLOVE,10,2011-03-21 10:41:00,1.25,14245.0,United Kingdom
547102,22720,SET OF 3 CAKE TINS PANTRY DESIGN ,3,2011-03-21 10:41:00,4.95,14245.0,United Kingdom
547102,22840,ROUND CAKE TIN VINTAGE RED,2,2011-03-21 10:41:00,7.95,14245.0,United Kingdom
547102,20754,RETROSPOT RED WASHING UP GLOVES,6,2011-03-21 10:41:00,2.1,14245.0,United Kingdom
547102,20752,BLUE POLKADOT WASHING UP GLOVES,6,2011-03-21 10:41:00,2.1,14245.0,United Kingdom
547102,22690,DOORMAT HOME SWEET HOME BLUE ,2,2011-03-21 10:41:00,7.95,14245.0,United Kingdom
547102,22961,JAM MAKING SET PRINTED,12,2011-03-21 10:41:00,1.45,14245.0,United Kingdom
547103,22499,WOODEN UNION JACK BUNTING,6,2011-03-21 10:54:00,5.95,15218.0,United Kingdom
547103,75049L,LARGE CIRCULAR MIRROR MOBILE,192,2011-03-21 10:54:00,0.85,15218.0,United Kingdom
547103,20685,DOORMAT RED RETROSPOT,10,2011-03-21 10:54:00,6.75,15218.0,United Kingdom
547103,48173C,DOORMAT BLACK FLOCK ,10,2011-03-21 10:54:00,6.75,15218.0,United Kingdom
547103,21175,GIN + TONIC DIET METAL SIGN,12,2011-03-21 10:54:00,2.55,15218.0,United Kingdom
547103,23184,BULL DOG BOTTLE OPENER,6,2011-03-21 10:54:00,4.95,15218.0,United Kingdom
547103,21181,PLEASE ONE PERSON METAL SIGN,12,2011-03-21 10:54:00,2.1,15218.0,United Kingdom
547103,23181,BULL DOG BOTTLE TOP WALL CLOCK,2,2011-03-21 10:54:00,8.25,15218.0,United Kingdom
547103,85099B,JUMBO BAG RED RETROSPOT,10,2011-03-21 10:54:00,1.95,15218.0,United Kingdom
547103,85099C,JUMBO  BAG BAROQUE BLACK WHITE,10,2011-03-21 10:54:00,1.95,15218.0,United Kingdom
547103,21930,JUMBO STORAGE BAG SKULLS,10,2011-03-21 10:54:00,1.95,15218.0,United Kingdom
547103,21870,I CAN ONLY PLEASE ONE PERSON MUG,6,2011-03-21 10:54:00,1.25,15218.0,United Kingdom
547103,84755,COLOUR GLASS T-LIGHT HOLDER HANGING,8,2011-03-21 10:54:00,0.65,15218.0,United Kingdom
547103,22456,NATURAL SLATE CHALKBOARD LARGE ,2,2011-03-21 10:54:00,4.95,15218.0,United Kingdom
547103,85174,S/4 CACTI CANDLES,2,2011-03-21 10:54:00,4.95,15218.0,United Kingdom
547103,21034,REX CASH+CARRY JUMBO SHOPPER,1,2011-03-21 10:54:00,0.95,15218.0,United Kingdom
C547104,85194L,HANGING SPRING FLOWER EGG LARGE,-8,2011-03-21 11:02:00,0.85,16817.0,United Kingdom
547105,84879,ASSORTED COLOUR BIRD ORNAMENT,48,2011-03-21 11:20:00,1.69,13854.0,United Kingdom
547105,84789,ENCHANTED BIRD PLANT CAGE,32,2011-03-21 11:20:00,2.95,13854.0,United Kingdom
547105,20749,ASSORTED COLOUR MINI CASES,12,2011-03-21 11:20:00,6.35,13854.0,United Kingdom
547105,22859,EASTER TIN BUNNY BOUQUET,12,2011-03-21 11:20:00,1.65,13854.0,United Kingdom
547105,22487,WHITE WOOD GARDEN PLANT LADDER,4,2011-03-21 11:20:00,8.5,13854.0,United Kingdom
547106,22107,PIZZA PLATE IN BOX,1,2011-03-21 11:24:00,3.75,15039.0,United Kingdom
547106,21447,12 IVORY ROSE PEG PLACE SETTINGS,16,2011-03-21 11:24:00,1.25,15039.0,United Kingdom
547106,22417,PACK OF 60 SPACEBOY CAKE CASES,2,2011-03-21 11:24:00,0.55,15039.0,United Kingdom
547106,22216,T-LIGHT HOLDER WHITE LACE,2,2011-03-21 11:24:00,0.85,15039.0,United Kingdom
547106,20675,BLUE POLKADOT BOWL,4,2011-03-21 11:24:00,1.25,15039.0,United Kingdom
547106,21557,SET OF 6 FUNKY BEAKERS,1,2011-03-21 11:24:00,2.95,15039.0,United Kingdom
547106,21238,RED RETROSPOT CUP,6,2011-03-21 11:24:00,0.85,15039.0,United Kingdom
547106,22021,BLUE FELT EASTER EGG BASKET,1,2011-03-21 11:24:00,1.65,15039.0,United Kingdom
547106,84050,PINK HEART SHAPE EGG FRYING PAN,1,2011-03-21 11:24:00,1.65,15039.0,United Kingdom
547106,22085,PAPER CHAIN KIT SKULLS ,2,2011-03-21 11:24:00,2.95,15039.0,United Kingdom
547106,21240,BLUE POLKADOT CUP,6,2011-03-21 11:24:00,0.85,15039.0,United Kingdom
547106,22423,REGENCY CAKESTAND 3 TIER,2,2011-03-21 11:24:00,12.75,15039.0,United Kingdom
547106,21445,12 PINK ROSE PEG PLACE SETTINGS,12,2011-03-21 11:24:00,1.25,15039.0,United Kingdom
547106,22805,BLUE DRAWER KNOB ACRYLIC EDWARDIAN,4,2011-03-21 11:24:00,1.25,15039.0,United Kingdom
547106,22442,GROW YOUR OWN FLOWERS SET OF 3,1,2011-03-21 11:24:00,7.95,15039.0,United Kingdom
547106,21931,JUMBO STORAGE BAG SUKI,10,2011-03-21 11:24:00,1.95,15039.0,United Kingdom
547106,20711,JUMBO BAG TOYS ,10,2011-03-21 11:24:00,1.95,15039.0,United Kingdom
547106,21929,JUMBO BAG PINK VINTAGE PAISLEY,10,2011-03-21 11:24:00,1.95,15039.0,United Kingdom
547106,22385,JUMBO BAG SPACEBOY DESIGN,10,2011-03-21 11:24:00,1.95,15039.0,United Kingdom
547106,85099F,JUMBO BAG STRAWBERRY,10,2011-03-21 11:24:00,1.95,15039.0,United Kingdom
547106,20713,JUMBO BAG OWLS,10,2011-03-21 11:24:00,1.95,15039.0,United Kingdom
547106,22411,JUMBO SHOPPER VINTAGE RED PAISLEY,20,2011-03-21 11:24:00,1.95,15039.0,United Kingdom
547106,85099B,JUMBO BAG RED RETROSPOT,10,2011-03-21 11:24:00,1.95,15039.0,United Kingdom
547106,21930,JUMBO STORAGE BAG SKULLS,10,2011-03-21 11:24:00,1.95,15039.0,United Kingdom
547106,85099C,JUMBO  BAG BAROQUE BLACK WHITE,10,2011-03-21 11:24:00,1.95,15039.0,United Kingdom
547106,20712,JUMBO BAG WOODLAND ANIMALS,10,2011-03-21 11:24:00,1.95,15039.0,United Kingdom
547106,22386,JUMBO BAG PINK POLKADOT,20,2011-03-21 11:24:00,1.95,15039.0,United Kingdom
547106,22692,DOORMAT WELCOME TO OUR HOME,1,2011-03-21 11:24:00,7.95,15039.0,United Kingdom
547106,22414,DOORMAT NEIGHBOURHOOD WITCH ,3,2011-03-21 11:24:00,7.95,15039.0,United Kingdom
547106,48188,DOORMAT WELCOME PUPPIES,1,2011-03-21 11:24:00,7.95,15039.0,United Kingdom
547106,22384,LUNCH BAG PINK POLKADOT,10,2011-03-21 11:24:00,1.65,15039.0,United Kingdom
547106,20727,LUNCH BAG  BLACK SKULL.,2,2011-03-21 11:24:00,1.65,15039.0,United Kingdom
547106,22499,WOODEN UNION JACK BUNTING,12,2011-03-21 11:24:00,5.95,15039.0,United Kingdom
547106,22382,LUNCH BAG SPACEBOY DESIGN ,10,2011-03-21 11:24:00,1.65,15039.0,United Kingdom
547106,21626,VINTAGE UNION JACK PENNANT,8,2011-03-21 11:24:00,1.95,15039.0,United Kingdom
547106,22690,DOORMAT HOME SWEET HOME BLUE ,1,2011-03-21 11:24:00,7.95,15039.0,United Kingdom
547106,20685,DOORMAT RED RETROSPOT,1,2011-03-21 11:24:00,7.95,15039.0,United Kingdom
547106,20679,EDWARDIAN PARASOL RED,6,2011-03-21 11:24:00,5.95,15039.0,United Kingdom
547106,15056N,EDWARDIAN PARASOL NATURAL,2,2011-03-21 11:24:00,5.95,15039.0,United Kingdom
547106,21523,DOORMAT FANCY FONT HOME SWEET HOME,1,2011-03-21 11:24:00,7.95,15039.0,United Kingdom
547107,82484,WOOD BLACK BOARD ANT WHITE FINISH,1,2011-03-21 11:34:00,7.9,17315.0,United Kingdom
547107,22483,RED GINGHAM TEDDY BEAR ,1,2011-03-21 11:34:00,2.95,17315.0,United Kingdom
547107,22968,ROSE COTTAGE KEEPSAKE BOX ,1,2011-03-21 11:34:00,9.95,17315.0,United Kingdom
547107,82494L,WOODEN FRAME ANTIQUE WHITE ,3,2011-03-21 11:34:00,2.95,17315.0,United Kingdom
547107,82482,WOODEN PICTURE FRAME WHITE FINISH,4,2011-03-21 11:34:00,2.55,17315.0,United Kingdom
547107,21056,DOCTOR'S BAG SOFT TOY,1,2011-03-21 11:34:00,8.95,17315.0,United Kingdom
547107,22697,GREEN REGENCY TEACUP AND SAUCER,8,2011-03-21 11:34:00,2.95,17315.0,United Kingdom
547107,22178,VICTORIAN GLASS HANGING T-LIGHT,96,2011-03-21 11:34:00,1.06,17315.0,United Kingdom
547108,22241,GARLAND WOODEN HAPPY EASTER,12,2011-03-21 11:36:00,1.25,14659.0,United Kingdom
547108,84879,ASSORTED COLOUR BIRD ORNAMENT,8,2011-03-21 11:36:00,1.69,14659.0,United Kingdom
547108,22617,BAKING SET SPACEBOY DESIGN,2,2011-03-21 11:36:00,4.95,14659.0,United Kingdom
547108,85062,PEARL CRYSTAL PUMPKIN T-LIGHT HLDR,12,2011-03-21 11:36:00,1.65,14659.0,United Kingdom
547108,84946,ANTIQUE SILVER T-LIGHT GLASS,12,2011-03-21 11:36:00,1.25,14659.0,United Kingdom
547108,20718,RED RETROSPOT SHOPPER BAG,4,2011-03-21 11:36:00,1.25,14659.0,United Kingdom
547108,48194,DOORMAT HEARTS,1,2011-03-21 11:36:00,7.95,14659.0,United Kingdom
547108,20685,DOORMAT RED RETROSPOT,1,2011-03-21 11:36:00,7.95,14659.0,United Kingdom
547108,22666,RECIPE BOX PANTRY YELLOW DESIGN,4,2011-03-21 11:36:00,2.95,14659.0,United Kingdom
547108,22410,MONEY BOX HOUSEKEEPING DESIGN,3,2011-03-21 11:36:00,1.25,14659.0,United Kingdom
547108,22667,RECIPE BOX RETROSPOT ,5,2011-03-21 11:36:00,2.95,14659.0,United Kingdom
547108,22720,SET OF 3 CAKE TINS PANTRY DESIGN ,5,2011-03-21 11:36:00,4.95,14659.0,United Kingdom
547108,22291,HANGING CHICK CREAM DECORATION,10,2011-03-21 11:36:00,1.45,14659.0,United Kingdom
547108,22966,GINGERBREAD MAN COOKIE CUTTER,2,2011-03-21 11:36:00,1.25,14659.0,United Kingdom
547108,22507,MEMO BOARD RETROSPOT  DESIGN,1,2011-03-21 11:36:00,4.95,14659.0,United Kingdom
547108,20717,STRAWBERRY SHOPPER BAG,4,2011-03-21 11:36:00,1.25,14659.0,United Kingdom
547108,84997D,CHILDRENS CUTLERY POLKADOT PINK,2,2011-03-21 11:36:00,4.15,14659.0,United Kingdom
547108,84997B,CHILDRENS CUTLERY RETROSPOT RED ,2,2011-03-21 11:36:00,4.15,14659.0,United Kingdom
547108,84997A,CHILDRENS CUTLERY POLKADOT GREEN ,2,2011-03-21 11:36:00,4.15,14659.0,United Kingdom
547108,22457,NATURAL SLATE HEART CHALKBOARD ,8,2011-03-21 11:36:00,2.95,14659.0,United Kingdom
547108,84991,60 TEATIME FAIRY CAKE CASES,6,2011-03-21 11:36:00,0.55,14659.0,United Kingdom
547109,85014B,RED RETROSPOT UMBRELLA,3,2011-03-21 11:46:00,5.95,12423.0,Belgium
547109,23007, SPACEBOY BABY GIFT SET,1,2011-03-21 11:46:00,16.95,12423.0,Belgium
547109,23008,DOLLY GIRL BABY GIFT SET,1,2011-03-21 11:46:00,16.95,12423.0,Belgium
547109,22967,SET 3 SONG BIRD PAPER EGGS ASSORTED,6,2011-03-21 11:46:00,2.95,12423.0,Belgium
547109,22957,SET 3 PAPER VINTAGE CHICK PAPER EGG,6,2011-03-21 11:46:00,2.95,12423.0,Belgium
547109,22859,EASTER TIN BUNNY BOUQUET,6,2011-03-21 11:46:00,1.65,12423.0,Belgium
547109,22232,JIGSAW TOADSTOOLS 3 PIECE,8,2011-03-21 11:46:00,1.65,12423.0,Belgium
547109,22248,DECORATION  PINK CHICK MAGIC GARDEN,16,2011-03-21 11:46:00,0.85,12423.0,Belgium
547109,22742,MAKE YOUR OWN PLAYTIME CARD KIT,6,2011-03-21 11:46:00,2.95,12423.0,Belgium
547109,22367,CHILDRENS APRON SPACEBOY DESIGN,8,2011-03-21 11:46:00,1.95,12423.0,Belgium
547109,21156,RETROSPOT CHILDRENS APRON,8,2011-03-21 11:46:00,1.95,12423.0,Belgium
547109,20725,LUNCH BAG RED RETROSPOT,10,2011-03-21 11:46:00,1.65,12423.0,Belgium
547109,22382,LUNCH BAG SPACEBOY DESIGN ,10,2011-03-21 11:46:00,1.65,12423.0,Belgium
547109,22328,ROUND SNACK BOXES SET OF 4 FRUITS ,6,2011-03-21 11:46:00,2.95,12423.0,Belgium
547109,22628,PICNIC BOXES SET OF 3 RETROSPOT ,4,2011-03-21 11:46:00,4.95,12423.0,Belgium
547109,22329,ROUND CONTAINER SET OF 5 RETROSPOT,12,2011-03-21 11:46:00,1.65,12423.0,Belgium
547109,22303,COFFEE MUG APPLES DESIGN,6,2011-03-21 11:46:00,2.55,12423.0,Belgium
547109,85099B,JUMBO BAG RED RETROSPOT,10,2011-03-21 11:46:00,1.95,12423.0,Belgium
547109,22385,JUMBO BAG SPACEBOY DESIGN,10,2011-03-21 11:46:00,1.95,12423.0,Belgium
547109,POST,POSTAGE,2,2011-03-21 11:46:00,15.0,12423.0,Belgium
547114,46126A,ELVIS WALLHANGING / CURTAIN,2,2011-03-21 11:49:00,1.25,14688.0,United Kingdom
547114,21239,PINK  POLKADOT CUP,2,2011-03-21 11:49:00,0.85,14688.0,United Kingdom
547114,21240,BLUE POLKADOT CUP,2,2011-03-21 11:49:00,0.85,14688.0,United Kingdom
547114,21238,RED RETROSPOT CUP,5,2011-03-21 11:49:00,0.85,14688.0,United Kingdom
547114,21242,RED RETROSPOT PLATE ,4,2011-03-21 11:49:00,1.69,14688.0,United Kingdom
547114,77101A,UNION FLAG WINDSOCK,19,2011-03-21 11:49:00,1.25,14688.0,United Kingdom
547114,22197,SMALL POPCORN HOLDER,25,2011-03-21 11:49:00,0.85,14688.0,United Kingdom
547114,21094,SET/6 RED SPOTTY PAPER PLATES,6,2011-03-21 11:49:00,0.85,14688.0,United Kingdom
547114,21989,PACK OF 20 SKULL PAPER NAPKINS,3,2011-03-21 11:49:00,0.85,14688.0,United Kingdom
547114,79321,CHILLI LIGHTS,1,2011-03-21 11:49:00,5.75,14688.0,United Kingdom
547114,22179,SET 10 LIGHTS NIGHT OWL,3,2011-03-21 11:49:00,6.75,14688.0,United Kingdom
547114,22953,BIRTHDAY PARTY CORDON BARRIER TAPE,10,2011-03-21 11:49:00,1.25,14688.0,United Kingdom
547114,20724,RED RETROSPOT CHARLOTTE BAG,10,2011-03-21 11:49:00,0.85,14688.0,United Kingdom
547114,22355,CHARLOTTE BAG SUKI DESIGN,4,2011-03-21 11:49:00,0.85,14688.0,United Kingdom
547114,46118,FUNKY MONKEY CUSHION COVER,10,2011-03-21 11:49:00,0.85,14688.0,United Kingdom
547114,21937,STRAWBERRY   PICNIC BAG,3,2011-03-21 11:49:00,2.95,14688.0,United Kingdom
547114,21936,RED RETROSPOT PICNIC BAG,2,2011-03-21 11:49:00,2.95,14688.0,United Kingdom
547114,21172,PARTY METAL SIGN ,5,2011-03-21 11:49:00,1.45,14688.0,United Kingdom
547114,48188,DOORMAT WELCOME PUPPIES,1,2011-03-21 11:49:00,7.95,14688.0,United Kingdom
547114,23182,TOILET SIGN OCCUPIED OR VACANT,2,2011-03-21 11:49:00,0.83,14688.0,United Kingdom
547114,23182,TOILET SIGN OCCUPIED OR VACANT,4,2011-03-21 11:49:00,0.83,14688.0,United Kingdom
547114,21034,REX CASH+CARRY JUMBO SHOPPER,1,2011-03-21 11:49:00,0.95,14688.0,United Kingdom
547122,21172,PARTY METAL SIGN ,12,2011-03-21 11:52:00,1.45,17678.0,United Kingdom
547122,21876,POTTERING MUG,24,2011-03-21 11:52:00,1.25,17678.0,United Kingdom
547122,21174,POTTERING IN THE SHED METAL SIGN,12,2011-03-21 11:52:00,2.08,17678.0,United Kingdom
547122,21900,"KEY FOB , SHED",24,2011-03-21 11:52:00,0.65,17678.0,United Kingdom
547122,23233,WRAP POPPIES  DESIGN,25,2011-03-21 11:52:00,0.42,17678.0,United Kingdom
547122,23232,WRAP VINTAGE PETALS  DESIGN,25,2011-03-21 11:52:00,0.42,17678.0,United Kingdom
547122,22434,BALLOON PUMP WITH 10 BALLOONS,16,2011-03-21 11:52:00,1.95,17678.0,United Kingdom
547122,22892,SET OF SALT AND PEPPER TOADSTOOLS,12,2011-03-21 11:52:00,1.25,17678.0,United Kingdom
547122,22993,SET OF 4 PANTRY JELLY MOULDS,24,2011-03-21 11:52:00,1.25,17678.0,United Kingdom
547122,22730,ALARM CLOCK BAKELIKE IVORY,4,2011-03-21 11:52:00,3.75,17678.0,United Kingdom
547122,22720,SET OF 3 CAKE TINS PANTRY DESIGN ,3,2011-03-21 11:52:00,4.95,17678.0,United Kingdom
547122,22090,PAPER BUNTING RETROSPOT,6,2011-03-21 11:52:00,2.95,17678.0,United Kingdom
547122,22084,PAPER CHAIN KIT EMPIRE,6,2011-03-21 11:52:00,2.95,17678.0,United Kingdom
547122,22115,METAL SIGN EMPIRE TEA,6,2011-03-21 11:52:00,2.95,17678.0,United Kingdom
547122,22726,ALARM CLOCK BAKELIKE GREEN,4,2011-03-21 11:52:00,3.75,17678.0,United Kingdom
547122,22727,ALARM CLOCK BAKELIKE RED ,4,2011-03-21 11:52:00,3.75,17678.0,United Kingdom
547134,48184,DOORMAT ENGLISH ROSE ,2,2011-03-21 11:57:00,7.95,15996.0,United Kingdom
547134,23181,BULL DOG BOTTLE TOP WALL CLOCK,1,2011-03-21 11:57:00,8.25,15996.0,United Kingdom
547134,23178,JAM CLOCK MAGNET,2,2011-03-21 11:57:00,2.89,15996.0,United Kingdom
547134,22295,HEART FILIGREE DOVE LARGE,4,2011-03-21 11:57:00,1.65,15996.0,United Kingdom
547134,22957,SET 3 PAPER VINTAGE CHICK PAPER EGG,2,2011-03-21 11:57:00,2.95,15996.0,United Kingdom
547134,22879,NUMBER TILE VINTAGE FONT 0,2,2011-03-21 11:57:00,1.95,15996.0,United Kingdom
547134,22880,NUMBER TILE VINTAGE FONT 1,4,2011-03-21 11:57:00,1.95,15996.0,United Kingdom
547134,22882,NUMBER TILE VINTAGE FONT 3,4,2011-03-21 11:57:00,1.95,15996.0,United Kingdom
547134,22887,NUMBER TILE VINTAGE FONT 8,2,2011-03-21 11:57:00,1.95,15996.0,United Kingdom
547134,22883,NUMBER TILE VINTAGE FONT 4,8,2011-03-21 11:57:00,1.95,15996.0,United Kingdom
547134,22884,NUMBER TILE VINTAGE FONT 5,4,2011-03-21 11:57:00,1.95,15996.0,United Kingdom
547134,21380,WOODEN HAPPY BIRTHDAY GARLAND,3,2011-03-21 11:57:00,2.95,15996.0,United Kingdom
547134,85174,S/4 CACTI CANDLES,4,2011-03-21 11:57:00,4.95,15996.0,United Kingdom
547134,48184,DOORMAT ENGLISH ROSE ,2,2011-03-21 11:57:00,7.95,15996.0,United Kingdom
547134,22824,3 TIER SWEETHEART GARDEN SHELF,1,2011-03-21 11:57:00,35.95,15996.0,United Kingdom
547154,22969,HOMEMADE JAM SCENTED CANDLES,480,2011-03-21 12:06:00,1.25,15299.0,United Kingdom
547165,84755,COLOUR GLASS T-LIGHT HOLDER HANGING,24,2011-03-21 12:10:00,0.65,13593.0,United Kingdom
C547168,84750A,PINK SMALL GLASS CAKE STAND,-24,2011-03-21 12:10:00,1.95,13593.0,United Kingdom
547171,47590B,PINK HAPPY BIRTHDAY BUNTING,1,2011-03-21 12:13:00,5.45,17849.0,United Kingdom
547171,17129F,BLUE GLASS GEMS IN BAG,2,2011-03-21 12:13:00,0.85,17849.0,United Kingdom
547171,22937,BAKING MOULD CHOCOLATE CUPCAKES,1,2011-03-21 12:13:00,2.55,17849.0,United Kingdom
547171,21034,REX CASH+CARRY JUMBO SHOPPER,1,2011-03-21 12:13:00,0.95,17849.0,United Kingdom
547171,84946,ANTIQUE SILVER T-LIGHT GLASS,36,2011-03-21 12:13:00,1.25,17849.0,United Kingdom
547171,21686,MEDINA STAMPED METAL STOOL,2,2011-03-21 12:13:00,39.95,17849.0,United Kingdom
547171,48194,DOORMAT HEARTS,2,2011-03-21 12:13:00,7.95,17849.0,United Kingdom
C547187,22993,SET OF 4 PANTRY JELLY MOULDS,-2,2011-03-21 12:20:00,1.25,12779.0,Poland
C547187,37450,CERAMIC CAKE BOWL + HANGING CAKES,-1,2011-03-21 12:20:00,2.95,12779.0,Poland
C547187,37448,CERAMIC CAKE DESIGN SPOTTED MUG,-6,2011-03-21 12:20:00,1.49,12779.0,Poland
547192,84569D,PACK 6 HEART/ICE-CREAM PATCHES,12,2011-03-21 12:32:00,1.25,15855.0,United Kingdom
547192,84569A,PACK 3 IRON ON DOG PATCHES,12,2011-03-21 12:32:00,1.25,15855.0,United Kingdom
547192,21221,SET/4 BADGES CUTE CREATURES,10,2011-03-21 12:32:00,1.25,15855.0,United Kingdom
547192,21219,SET/4 BADGES BALLOON GIRL,10,2011-03-21 12:32:00,1.25,15855.0,United Kingdom
547192,21626,VINTAGE UNION JACK PENNANT,12,2011-03-21 12:32:00,1.95,15855.0,United Kingdom
547192,22147,FELTCRAFT BUTTERFLY HEARTS,12,2011-03-21 12:32:00,1.45,15855.0,United Kingdom
C547193,22428,ENAMEL FIRE BUCKET CREAM,-1,2011-03-21 12:38:00,6.95,17811.0,United Kingdom
547194,22628,PICNIC BOXES SET OF 3 RETROSPOT ,3,2011-03-21 12:42:00,4.95,12637.0,France
547194,22992,REVOLVER WOODEN RULER ,1,2011-03-21 12:42:00,1.95,12637.0,France
547194,21154,RED RETROSPOT OVEN GLOVE ,2,2011-03-21 12:42:00,1.25,12637.0,France
547194,22895,SET OF 2 TEA TOWELS APPLE AND PEARS,1,2011-03-21 12:42:00,2.95,12637.0,France
547194,22649,STRAWBERRY FAIRY CAKE TEAPOT,2,2011-03-21 12:42:00,4.95,12637.0,France
547194,21218,RED SPOTTY BISCUIT TIN,6,2011-03-21 12:42:00,3.75,12637.0,France
547194,22720,SET OF 3 CAKE TINS PANTRY DESIGN ,2,2011-03-21 12:42:00,4.95,12637.0,France
547194,84596B,SMALL DOLLY MIX DESIGN ORANGE BOWL,1,2011-03-21 12:42:00,0.42,12637.0,France
547194,84596J,MIXED NUTS LIGHT GREEN BOWL,1,2011-03-21 12:42:00,0.42,12637.0,France
547194,84596F,SMALL MARSHMALLOWS PINK BOWL,1,2011-03-21 12:42:00,0.42,12637.0,France
547194,22554,PLASTERS IN TIN WOODLAND ANIMALS,1,2011-03-21 12:42:00,1.65,12637.0,France
547194,22555,PLASTERS IN TIN STRONGMAN,2,2011-03-21 12:42:00,1.65,12637.0,France
547194,22556,PLASTERS IN TIN CIRCUS PARADE ,2,2011-03-21 12:42:00,1.65,12637.0,France
547194,22551,PLASTERS IN TIN SPACEBOY,2,2011-03-21 12:42:00,1.65,12637.0,France
547194,22553,PLASTERS IN TIN SKULLS,2,2011-03-21 12:42:00,1.65,12637.0,France
547194,22554,PLASTERS IN TIN WOODLAND ANIMALS,1,2011-03-21 12:42:00,1.65,12637.0,France
547194,22326,ROUND SNACK BOXES SET OF4 WOODLAND ,4,2011-03-21 12:42:00,2.95,12637.0,France
547194,22328,ROUND SNACK BOXES SET OF 4 FRUITS ,6,2011-03-21 12:42:00,2.95,12637.0,France
547194,22629,SPACEBOY LUNCH BOX ,2,2011-03-21 12:42:00,1.95,12637.0,France
547194,22631,CIRCUS PARADE LUNCH BOX ,2,2011-03-21 12:42:00,1.95,12637.0,France
547194,21930,JUMBO STORAGE BAG SKULLS,1,2011-03-21 12:42:00,1.95,12637.0,France
547194,20713,JUMBO BAG OWLS,2,2011-03-21 12:42:00,1.95,12637.0,France
547194,22663,JUMBO BAG DOLLY GIRL DESIGN,1,2011-03-21 12:42:00,1.95,12637.0,France
547194,85099B,JUMBO BAG RED RETROSPOT,1,2011-03-21 12:42:00,1.95,12637.0,France
547194,22385,JUMBO BAG SPACEBOY DESIGN,3,2011-03-21 12:42:00,1.95,12637.0,France
547194,20727,LUNCH BAG  BLACK SKULL.,2,2011-03-21 12:42:00,1.65,12637.0,France
547194,22382,LUNCH BAG SPACEBOY DESIGN ,2,2011-03-21 12:42:00,1.65,12637.0,France
547194,20726,LUNCH BAG WOODLAND,1,2011-03-21 12:42:00,1.65,12637.0,France
547194,20725,LUNCH BAG RED RETROSPOT,3,2011-03-21 12:42:00,1.65,12637.0,France
547194,20728,LUNCH BAG CARS BLUE,1,2011-03-21 12:42:00,1.65,12637.0,France
547194,22383,LUNCH BAG SUKI DESIGN ,2,2011-03-21 12:42:00,1.65,12637.0,France
547194,22662,LUNCH BAG DOLLY GIRL DESIGN,1,2011-03-21 12:42:00,1.65,12637.0,France
547194,22558,CLOTHES PEGS RETROSPOT PACK 24 ,2,2011-03-21 12:42:00,1.49,12637.0,France
547194,20914,SET/5 RED RETROSPOT LID GLASS BOWLS,3,2011-03-21 12:42:00,2.95,12637.0,France
547194,22892,SET OF SALT AND PEPPER TOADSTOOLS,6,2011-03-21 12:42:00,1.25,12637.0,France
547194,21232,STRAWBERRY CERAMIC TRINKET BOX,4,2011-03-21 12:42:00,1.25,12637.0,France
547194,21216,"SET 3 RETROSPOT TEA,COFFEE,SUGAR",3,2011-03-21 12:42:00,4.95,12637.0,France
547194,21035,SET/2 RED RETROSPOT TEA TOWELS ,1,2011-03-21 12:42:00,3.25,12637.0,France
547194,22895,SET OF 2 TEA TOWELS APPLE AND PEARS,1,2011-03-21 12:42:00,2.95,12637.0,France
547194,22908,PACK OF 20 NAPKINS RED APPLES,1,2011-03-21 12:42:00,0.85,12637.0,France
547195,84879,ASSORTED COLOUR BIRD ORNAMENT,24,2011-03-21 12:42:00,1.69,17204.0,United Kingdom
547195,22333,RETROSPOT PARTY BAG + STICKER SET,8,2011-03-21 12:42:00,1.65,17204.0,United Kingdom
547195,21121,SET/10 RED POLKADOT PARTY CANDLES,24,2011-03-21 12:42:00,1.25,17204.0,United Kingdom
547195,21122,SET/10 PINK POLKADOT PARTY CANDLES,24,2011-03-21 12:42:00,1.25,17204.0,United Kingdom
547195,21124,SET/10 BLUE POLKADOT PARTY CANDLES,24,2011-03-21 12:42:00,1.25,17204.0,United Kingdom
547195,47590B,PINK HAPPY BIRTHDAY BUNTING,3,2011-03-21 12:42:00,5.45,17204.0,United Kingdom
547195,47590A,BLUE HAPPY BIRTHDAY BUNTING,3,2011-03-21 12:42:00,5.45,17204.0,United Kingdom
547195,21094,SET/6 RED SPOTTY PAPER PLATES,24,2011-03-21 12:42:00,0.85,17204.0,United Kingdom
547195,21086,SET/6 RED SPOTTY PAPER CUPS,24,2011-03-21 12:42:00,0.65,17204.0,United Kingdom
547195,22813,PACK 3 BOXES BIRD PANNETONE ,12,2011-03-21 12:42:00,1.95,17204.0,United Kingdom
547195,21210,SET OF 72 RETROSPOT PAPER  DOILIES,12,2011-03-21 12:42:00,1.45,17204.0,United Kingdom
547195,22933,BAKING MOULD EASTER EGG MILK CHOC,6,2011-03-21 12:42:00,2.95,17204.0,United Kingdom
547195,22499,WOODEN UNION JACK BUNTING,3,2011-03-21 12:42:00,5.95,17204.0,United Kingdom
547195,22841,ROUND CAKE TIN VINTAGE GREEN,2,2011-03-21 12:42:00,7.95,17204.0,United Kingdom
547195,22843,BISCUIT TIN VINTAGE GREEN,2,2011-03-21 12:42:00,6.75,17204.0,United Kingdom
547195,20727,LUNCH BAG  BLACK SKULL.,10,2011-03-21 12:42:00,1.65,17204.0,United Kingdom
547195,20726,LUNCH BAG WOODLAND,10,2011-03-21 12:42:00,1.65,17204.0,United Kingdom
547195,22383,LUNCH BAG SUKI DESIGN ,10,2011-03-21 12:42:00,1.65,17204.0,United Kingdom
547195,20728,LUNCH BAG CARS BLUE,10,2011-03-21 12:42:00,1.65,17204.0,United Kingdom
547195,22662,LUNCH BAG DOLLY GIRL DESIGN,10,2011-03-21 12:42:00,1.65,17204.0,United Kingdom
547195,20725,LUNCH BAG RED RETROSPOT,10,2011-03-21 12:42:00,1.65,17204.0,United Kingdom
547195,21389,IVORY HANGING DECORATION  BIRD,24,2011-03-21 12:42:00,0.85,17204.0,United Kingdom
547195,21469,POLKA DOT RAFFIA FOOD COVER,6,2011-03-21 12:42:00,3.75,17204.0,United Kingdom
547195,22967,SET 3 SONG BIRD PAPER EGGS ASSORTED,24,2011-03-21 12:42:00,2.95,17204.0,United Kingdom
547195,22957,SET 3 PAPER VINTAGE CHICK PAPER EGG,24,2011-03-21 12:42:00,2.95,17204.0,United Kingdom
547195,22236,CAKE STAND 3 TIER MAGIC GARDEN,1,2011-03-21 12:42:00,12.75,17204.0,United Kingdom
547195,21217,RED RETROSPOT ROUND CAKE TINS,3,2011-03-21 12:42:00,9.95,17204.0,United Kingdom
547195,21218,RED SPOTTY BISCUIT TIN,6,2011-03-21 12:42:00,3.75,17204.0,United Kingdom
547195,21975,PACK OF 60 DINOSAUR CAKE CASES,24,2011-03-21 12:42:00,0.55,17204.0,United Kingdom
547195,22849,BREAD BIN DINER STYLE MINT,2,2011-03-21 12:42:00,16.95,17204.0,United Kingdom
547195,20914,SET/5 RED RETROSPOT LID GLASS BOWLS,12,2011-03-21 12:42:00,2.95,17204.0,United Kingdom
547195,22628,PICNIC BOXES SET OF 3 RETROSPOT ,8,2011-03-21 12:42:00,4.95,17204.0,United Kingdom
547196,23004,TRAVEL CARD WALLET PANTRY,1,2011-03-21 12:44:00,0.42,12637.0,France
547196,22999,TRAVEL CARD WALLET RETRO PETALS,1,2011-03-21 12:44:00,0.42,12637.0,France
547196,23000,TRAVEL CARD WALLET TRANSPORT,2,2011-03-21 12:44:00,0.42,12637.0,France
547196,20665,RED RETROSPOT PURSE ,1,2011-03-21 12:44:00,2.95,12637.0,France
547197,22558,CLOTHES PEGS RETROSPOT PACK 24 ,3,2011-03-21 12:45:00,1.49,17811.0,United Kingdom
547197,22084,PAPER CHAIN KIT EMPIRE,4,2011-03-21 12:45:00,2.95,17811.0,United Kingdom
547197,22148,EASTER CRAFT 4 CHICKS ,2,2011-03-21 12:45:00,1.95,17811.0,United Kingdom
547197,21731,RED TOADSTOOL LED NIGHT LIGHT,4,2011-03-21 12:45:00,1.65,17811.0,United Kingdom
547197,21872,GLAMOROUS  MUG,1,2011-03-21 12:45:00,1.25,17811.0,United Kingdom
547197,22619,SET OF 6 SOLDIER SKITTLES,4,2011-03-21 12:45:00,3.75,17811.0,United Kingdom
547197,22427,ENAMEL FLOWER JUG CREAM,12,2011-03-21 12:45:00,5.45,17811.0,United Kingdom
C547198,22423,REGENCY CAKESTAND 3 TIER,-1,2011-03-21 12:50:00,12.75,14606.0,United Kingdom
C547198,22227,HANGING HEART MIRROR DECORATION ,-1,2011-03-21 12:50:00,0.65,14606.0,United Kingdom
C547198,21447,12 IVORY ROSE PEG PLACE SETTINGS,-1,2011-03-21 12:50:00,1.25,14606.0,United Kingdom
547199,17003,BROCADE RING PURSE ,2,2011-03-21 12:53:00,0.29,14606.0,United Kingdom
547199,21068,VINTAGE BILLBOARD LOVE/HATE MUG,2,2011-03-21 12:53:00,1.25,14606.0,United Kingdom
547199,84879,ASSORTED COLOUR BIRD ORNAMENT,8,2011-03-21 12:53:00,1.69,14606.0,United Kingdom
547199,21413,PERIWINKLE T-LIGHT HOLDER,1,2011-03-21 12:53:00,1.25,14606.0,United Kingdom
547199,22322,BIRD DECORATION GREEN POLKADOT,1,2011-03-21 12:53:00,0.85,14606.0,United Kingdom
547199,22532,MAGIC DRAWING SLATE LEAP FROG ,1,2011-03-21 12:53:00,0.42,14606.0,United Kingdom
547199,22533,MAGIC DRAWING SLATE BAKE A CAKE ,1,2011-03-21 12:53:00,0.42,14606.0,United Kingdom
547199,22530,MAGIC DRAWING SLATE DOLLY GIRL ,1,2011-03-21 12:53:00,0.42,14606.0,United Kingdom
547199,22529,MAGIC DRAWING SLATE GO TO THE FAIR ,1,2011-03-21 12:53:00,0.42,14606.0,United Kingdom
547199,22534,MAGIC DRAWING SLATE SPACEBOY ,1,2011-03-21 12:53:00,0.42,14606.0,United Kingdom
547199,22286,"DECORATION , WOBBLY RABBIT , METAL ",1,2011-03-21 12:53:00,1.65,14606.0,United Kingdom
547199,22178,VICTORIAN GLASS HANGING T-LIGHT,3,2011-03-21 12:53:00,1.25,14606.0,United Kingdom
547199,20727,LUNCH BAG  BLACK SKULL.,1,2011-03-21 12:53:00,1.65,14606.0,United Kingdom
547199,21307,SET/4 BUTTERFLY MIRROR MAGNETS,1,2011-03-21 12:53:00,2.1,14606.0,United Kingdom
547199,21169,YOU'RE CONFUSING ME METAL SIGN ,1,2011-03-21 12:53:00,1.69,14606.0,United Kingdom
547199,21577,SAVE THE PLANET COTTON TOTE BAG,1,2011-03-21 12:53:00,2.25,14606.0,United Kingdom
547199,20886,BOX OF 9 PEBBLE CANDLES,1,2011-03-21 12:53:00,1.95,14606.0,United Kingdom
547199,85170D,SET/6 PINK BIRD T-LIGHT CANDLES,1,2011-03-21 12:53:00,2.1,14606.0,United Kingdom
547199,21669,BLUE STRIPE CERAMIC DRAWER KNOB,2,2011-03-21 12:53:00,1.25,14606.0,United Kingdom
547199,84692,BOX OF 24 COCKTAIL PARASOLS,1,2011-03-21 12:53:00,0.42,14606.0,United Kingdom
547199,51014C,"FEATHER PEN,COAL BLACK",12,2011-03-21 12:53:00,0.85,14606.0,United Kingdom
547199,22504,CABIN BAG VINTAGE RETROSPOT,1,2011-03-21 12:53:00,29.95,14606.0,United Kingdom
547199,22472,TV DINNER TRAY DOLLY GIRL,1,2011-03-21 12:53:00,4.95,14606.0,United Kingdom
547199,20768,GREEN FERN JOURNAL ,1,2011-03-21 12:53:00,2.55,14606.0,United Kingdom
547199,21949,SET OF 6 STRAWBERRY CHOPSTICKS,1,2011-03-21 12:53:00,1.25,14606.0,United Kingdom
547199,85114A,BLACK ENCHANTED FOREST PLACEMAT,3,2011-03-21 12:53:00,1.65,14606.0,United Kingdom
547199,48187,DOORMAT NEW ENGLAND,1,2011-03-21 12:53:00,7.95,14606.0,United Kingdom
547199,22483,RED GINGHAM TEDDY BEAR ,1,2011-03-21 12:53:00,2.95,14606.0,United Kingdom
547199,84988,SET OF 72 PINK HEART PAPER DOILIES,2,2011-03-21 12:53:00,1.45,14606.0,United Kingdom
547199,22078,RIBBON REEL LACE DESIGN ,1,2011-03-21 12:53:00,2.1,14606.0,United Kingdom
547199,22079,RIBBON REEL HEARTS DESIGN ,3,2011-03-21 12:53:00,1.65,14606.0,United Kingdom
547199,22200,FRYING PAN PINK POLKADOT,1,2011-03-21 12:53:00,4.25,14606.0,United Kingdom
547199,84849B,FAIRY SOAP SOAP HOLDER,1,2011-03-21 12:53:00,1.69,14606.0,United Kingdom
547199,21773,DECORATIVE ROSE BATHROOM BOTTLE,2,2011-03-21 12:53:00,1.25,14606.0,United Kingdom
547199,37370,RETRO COFFEE MUGS ASSORTED,6,2011-03-21 12:53:00,1.25,14606.0,United Kingdom
547200,21833,CAMOUFLAGE LED TORCH,36,2011-03-21 13:01:00,1.69,16036.0,United Kingdom
547200,22317,FIVE CATS HANGING DECORATION,1,2011-03-21 13:01:00,2.95,16036.0,United Kingdom
547200,84663A,GRASS HOPPER WOODEN WALL CLOCK ,1,2011-03-21 13:01:00,5.95,16036.0,United Kingdom
547200,47504H,ENGLISH ROSE SPIRIT LEVEL ,1,2011-03-21 13:01:00,1.95,16036.0,United Kingdom
547200,15036,ASSORTED COLOURS SILK FAN,24,2011-03-21 13:01:00,0.75,16036.0,United Kingdom
547200,22969,HOMEMADE JAM SCENTED CANDLES,36,2011-03-21 13:01:00,1.45,16036.0,United Kingdom
547200,37340,MULTICOLOUR SPRING FLOWER MUG,6,2011-03-21 13:01:00,0.39,16036.0,United Kingdom
547200,84969,BOX OF 6 ASSORTED COLOUR TEASPOONS,2,2011-03-21 13:01:00,4.25,16036.0,United Kingdom
547200,72741,GRAND CHOCOLATECANDLE,18,2011-03-21 13:01:00,1.45,16036.0,United Kingdom
547200,48111,DOORMAT 3 SMILEY CATS,1,2011-03-21 13:01:00,7.95,16036.0,United Kingdom
547200,84313B,BLUE TV TRAY TABLE ,1,2011-03-21 13:01:00,1.95,16036.0,United Kingdom
547201,21166,COOK WITH WINE METAL SIGN ,12,2011-03-21 13:35:00,2.08,13113.0,United Kingdom
547201,22423,REGENCY CAKESTAND 3 TIER,16,2011-03-21 13:35:00,10.95,13113.0,United Kingdom
547201,22176,BLUE OWL SOFT TOY,6,2011-03-21 13:35:00,2.95,13113.0,United Kingdom
547201,20685,DOORMAT RED RETROSPOT,10,2011-03-21 13:35:00,6.75,13113.0,United Kingdom
547201,22457,NATURAL SLATE HEART CHALKBOARD ,48,2011-03-21 13:35:00,2.55,13113.0,United Kingdom
547201,21430,SET/3 RED GINGHAM ROSE STORAGE BOX,24,2011-03-21 13:35:00,3.39,13113.0,United Kingdom
547202,84659A,WHITE TRAVEL ALARM CLOCK,55,2011-03-21 13:38:00,2.1,17841.0,United Kingdom
547202,84078A,SET/4 WHITE RETRO STORAGE CUBES ,1,2011-03-21 13:38:00,39.95,17841.0,United Kingdom
547202,21498,RED RETROSPOT WRAP ,25,2011-03-21 13:38:00,0.42,17841.0,United Kingdom
547202,22041,"RECORD FRAME 7"" SINGLE SIZE ",1,2011-03-21 13:38:00,2.55,17841.0,United Kingdom
547202,21672,WHITE SPOT RED CERAMIC DRAWER KNOB,1,2011-03-21 13:38:00,1.25,17841.0,United Kingdom
547202,21671,RED SPOT CERAMIC DRAWER KNOB,6,2011-03-21 13:38:00,1.25,17841.0,United Kingdom
547202,21668,RED STRIPE CERAMIC DRAWER KNOB,6,2011-03-21 13:38:00,1.25,17841.0,United Kingdom
547202,22087,PAPER BUNTING WHITE LACE,4,2011-03-21 13:38:00,2.95,17841.0,United Kingdom
547202,21041,RED RETROSPOT OVEN GLOVE DOUBLE,1,2011-03-21 13:38:00,2.95,17841.0,United Kingdom
547202,22961,JAM MAKING SET PRINTED,1,2011-03-21 13:38:00,1.45,17841.0,United Kingdom
547202,47480,HANGING PHOTO CLIP ROPE LADDER,2,2011-03-21 13:38:00,1.65,17841.0,United Kingdom
547202,20723,STRAWBERRY CHARLOTTE BAG,2,2011-03-21 13:38:00,0.85,17841.0,United Kingdom
547202,22475,SKULL DESIGN TV DINNER TRAY,1,2011-03-21 13:38:00,4.95,17841.0,United Kingdom
547202,22173,METAL 4 HOOK HANGER FRENCH CHATEAU,2,2011-03-21 13:38:00,2.95,17841.0,United Kingdom
547202,22357,KINGS CHOICE BISCUIT TIN,1,2011-03-21 13:38:00,4.25,17841.0,United Kingdom
547202,21935,SUKI  SHOULDER BAG,1,2011-03-21 13:38:00,1.65,17841.0,United Kingdom
547202,21363,HOME SMALL WOOD LETTERS,1,2011-03-21 13:38:00,4.95,17841.0,United Kingdom
547202,72800E,4 IVORY DINNER CANDLES SILVER FLOCK,1,2011-03-21 13:38:00,2.55,17841.0,United Kingdom
547202,22659,LUNCH BOX I LOVE LONDON,1,2011-03-21 13:38:00,1.95,17841.0,United Kingdom
547202,22726,ALARM CLOCK BAKELIKE GREEN,1,2011-03-21 13:38:00,3.75,17841.0,United Kingdom
547202,21382,SET/4 SPRING FLOWER DECORATION,1,2011-03-21 13:38:00,2.95,17841.0,United Kingdom
547202,23182,TOILET SIGN OCCUPIED OR VACANT,2,2011-03-21 13:38:00,0.83,17841.0,United Kingdom
547202,21380,WOODEN HAPPY BIRTHDAY GARLAND,1,2011-03-21 13:38:00,2.95,17841.0,United Kingdom
547202,22652,TRAVEL SEWING KIT,1,2011-03-21 13:38:00,1.65,17841.0,United Kingdom
547202,84989A,75 GREEN FAIRY CAKE CASES,1,2011-03-21 13:38:00,0.55,17841.0,United Kingdom
547202,22754,SMALL RED BABUSHKA NOTEBOOK ,1,2011-03-21 13:38:00,0.85,17841.0,United Kingdom
547202,22907,PACK OF 20 NAPKINS PANTRY DESIGN,1,2011-03-21 13:38:00,0.85,17841.0,United Kingdom
547202,22994,TRAVEL CARD WALLET RETROSPOT,1,2011-03-21 13:38:00,0.42,17841.0,United Kingdom
547202,22998,TRAVEL CARD WALLET KEEP CALM,1,2011-03-21 13:38:00,0.42,17841.0,United Kingdom
547203,22456,NATURAL SLATE CHALKBOARD LARGE ,3,2011-03-21 13:51:00,4.95,17146.0,United Kingdom
547203,22457,NATURAL SLATE HEART CHALKBOARD ,6,2011-03-21 13:51:00,2.95,17146.0,United Kingdom
547203,85150,LADIES & GENTLEMEN METAL SIGN,6,2011-03-21 13:51:00,2.55,17146.0,United Kingdom
547203,21668,RED STRIPE CERAMIC DRAWER KNOB,12,2011-03-21 13:51:00,1.25,17146.0,United Kingdom
547203,21671,RED SPOT CERAMIC DRAWER KNOB,12,2011-03-21 13:51:00,1.25,17146.0,United Kingdom
547203,48138,DOORMAT UNION FLAG,2,2011-03-21 13:51:00,7.95,17146.0,United Kingdom
547203,48173C,DOORMAT BLACK FLOCK ,2,2011-03-21 13:51:00,7.95,17146.0,United Kingdom
547203,22171,3 HOOK PHOTO SHELF ANTIQUE WHITE,2,2011-03-21 13:51:00,8.5,17146.0,United Kingdom
547203,21669,BLUE STRIPE CERAMIC DRAWER KNOB,12,2011-03-21 13:51:00,1.25,17146.0,United Kingdom
547203,84406B,CREAM CUPID HEARTS COAT HANGER,4,2011-03-21 13:51:00,4.15,17146.0,United Kingdom
547203,82580,BATHROOM METAL SIGN,12,2011-03-21 13:51:00,0.55,17146.0,United Kingdom
547203,21670,BLUE SPOT CERAMIC DRAWER KNOB,12,2011-03-21 13:51:00,1.25,17146.0,United Kingdom
547203,82494L,WOODEN FRAME ANTIQUE WHITE ,6,2011-03-21 13:51:00,2.95,17146.0,United Kingdom
547203,22768,FAMILY PHOTO FRAME CORNICE,2,2011-03-21 13:51:00,9.95,17146.0,United Kingdom
547203,21418,STARFISH SOAP DISH,6,2011-03-21 13:51:00,2.55,17146.0,United Kingdom
547203,84849B,FAIRY SOAP SOAP HOLDER,12,2011-03-21 13:51:00,1.69,17146.0,United Kingdom
547203,21417,COCKLE SHELL DISH,6,2011-03-21 13:51:00,2.1,17146.0,United Kingdom
547204,22348,TEA BAG PLATE RED RETROSPOT,12,2011-03-21 13:58:00,0.85,13491.0,United Kingdom
547204,47559B,TEA TIME OVEN GLOVE,10,2011-03-21 13:58:00,1.25,13491.0,United Kingdom
547204,22178,VICTORIAN GLASS HANGING T-LIGHT,12,2011-03-21 13:58:00,1.25,13491.0,United Kingdom
547204,82580,BATHROOM METAL SIGN,12,2011-03-21 13:58:00,0.55,13491.0,United Kingdom
547204,21175,GIN + TONIC DIET METAL SIGN,12,2011-03-21 13:58:00,2.55,13491.0,United Kingdom
547204,21527,RED RETROSPOT TRADITIONAL TEAPOT ,2,2011-03-21 13:58:00,7.95,13491.0,United Kingdom
547205,22960,JAM MAKING SET WITH JARS,6,2011-03-21 14:00:00,4.25,16558.0,United Kingdom
547205,22423,REGENCY CAKESTAND 3 TIER,3,2011-03-21 14:00:00,12.75,16558.0,United Kingdom
547205,21232,STRAWBERRY CERAMIC TRINKET BOX,12,2011-03-21 14:00:00,1.25,16558.0,United Kingdom
547205,85099B,JUMBO BAG RED RETROSPOT,10,2011-03-21 14:00:00,1.95,16558.0,United Kingdom
547205,22241,GARLAND WOODEN HAPPY EASTER,12,2011-03-21 14:00:00,1.25,16558.0,United Kingdom
547205,47566,PARTY BUNTING,4,2011-03-21 14:00:00,4.95,16558.0,United Kingdom
547205,79164,BLACK WINE GLASS,12,2011-03-21 14:00:00,1.65,16558.0,United Kingdom
547205,22501,PICNIC BASKET WICKER LARGE,2,2011-03-21 14:00:00,9.95,16558.0,United Kingdom
547205,22502,PICNIC BASKET WICKER SMALL,4,2011-03-21 14:00:00,5.95,16558.0,United Kingdom
547205,48173C,DOORMAT BLACK FLOCK ,2,2011-03-21 14:00:00,7.95,16558.0,United Kingdom
547205,22366,DOORMAT AIRMAIL ,2,2011-03-21 14:00:00,7.95,16558.0,United Kingdom
547205,22691,DOORMAT WELCOME SUNRISE,2,2011-03-21 14:00:00,7.95,16558.0,United Kingdom
547205,22175,PINK OWL SOFT TOY,6,2011-03-21 14:00:00,2.95,16558.0,United Kingdom
547205,22176,BLUE OWL SOFT TOY,6,2011-03-21 14:00:00,2.95,16558.0,United Kingdom
547205,23007, SPACEBOY BABY GIFT SET,1,2011-03-21 14:00:00,16.95,16558.0,United Kingdom
547205,23008,DOLLY GIRL BABY GIFT SET,1,2011-03-21 14:00:00,16.95,16558.0,United Kingdom
547206,21126,SET OF 6 GIRLS CELEBRATION CANDLES,3,2011-03-21 14:18:00,1.25,16791.0,United Kingdom
547206,22993,SET OF 4 PANTRY JELLY MOULDS,2,2011-03-21 14:18:00,1.25,16791.0,United Kingdom
547206,22863,SOAP DISH BROCANTE,1,2011-03-21 14:18:00,2.95,16791.0,United Kingdom
547206,21535,RED RETROSPOT SMALL MILK JUG,1,2011-03-21 14:18:00,2.55,16791.0,United Kingdom
547206,22285,HANGING HEN ON NEST DECORATION,2,2011-03-21 14:18:00,1.65,16791.0,United Kingdom
547206,22292,HANGING CHICK  YELLOW DECORATION,2,2011-03-21 14:18:00,1.45,16791.0,United Kingdom
547206,22284,HEN HOUSE DECORATION,2,2011-03-21 14:18:00,1.65,16791.0,United Kingdom
547206,22892,SET OF SALT AND PEPPER TOADSTOOLS,2,2011-03-21 14:18:00,1.25,16791.0,United Kingdom
547206,22966,GINGERBREAD MAN COOKIE CUTTER,2,2011-03-21 14:18:00,1.25,16791.0,United Kingdom
547206,22241,GARLAND WOODEN HAPPY EASTER,2,2011-03-21 14:18:00,1.25,16791.0,United Kingdom
547206,22914,BLUE COAT RACK PARIS FASHION,1,2011-03-21 14:18:00,4.95,16791.0,United Kingdom
547206,22860,EASTER TIN CHICKS PINK DAISY,1,2011-03-21 14:18:00,1.65,16791.0,United Kingdom
547206,22858,EASTER TIN KEEPSAKE,1,2011-03-21 14:18:00,1.65,16791.0,United Kingdom
547206,22859,EASTER TIN BUNNY BOUQUET,1,2011-03-21 14:18:00,1.65,16791.0,United Kingdom
547206,84991,60 TEATIME FAIRY CAKE CASES,2,2011-03-21 14:18:00,0.55,16791.0,United Kingdom
547206,21977,PACK OF 60 PINK PAISLEY CAKE CASES,4,2011-03-21 14:18:00,0.55,16791.0,United Kingdom
547206,21754,HOME BUILDING BLOCK WORD,1,2011-03-21 14:18:00,5.95,16791.0,United Kingdom
547206,22698,PINK REGENCY TEACUP AND SAUCER,3,2011-03-21 14:18:00,2.95,16791.0,United Kingdom
547206,22697,GREEN REGENCY TEACUP AND SAUCER,1,2011-03-21 14:18:00,2.95,16791.0,United Kingdom
547206,22699,ROSES REGENCY TEACUP AND SAUCER ,3,2011-03-21 14:18:00,2.95,16791.0,United Kingdom
547206,82486,WOOD S/3 CABINET ANT WHITE FINISH,1,2011-03-21 14:18:00,8.95,16791.0,United Kingdom
547206,22423,REGENCY CAKESTAND 3 TIER,2,2011-03-21 14:18:00,12.75,16791.0,United Kingdom
547206,85096,HILDA CANDY SPOT RABBIT,1,2011-03-21 14:18:00,3.75,16791.0,United Kingdom
547206,84581,DOG TOY WITH PINK CROCHET SKIRT,1,2011-03-21 14:18:00,3.75,16791.0,United Kingdom
547206,22907,PACK OF 20 NAPKINS PANTRY DESIGN,8,2011-03-21 14:18:00,0.85,16791.0,United Kingdom
547206,22908,PACK OF 20 NAPKINS RED APPLES,6,2011-03-21 14:18:00,0.85,16791.0,United Kingdom
547206,22851,SET 20 NAPKINS FAIRY CAKES DESIGN ,6,2011-03-21 14:18:00,0.85,16791.0,United Kingdom
547206,21078,SET/20 STRAWBERRY PAPER NAPKINS ,4,2011-03-21 14:18:00,0.85,16791.0,United Kingdom
547206,21080,SET/20 RED RETROSPOT PAPER NAPKINS ,6,2011-03-21 14:18:00,0.85,16791.0,United Kingdom
547206,22692,DOORMAT WELCOME TO OUR HOME,1,2011-03-21 14:18:00,7.95,16791.0,United Kingdom
547206,48173C,DOORMAT BLACK FLOCK ,1,2011-03-21 14:18:00,7.95,16791.0,United Kingdom
547207,75049L,LARGE CIRCULAR MIRROR MOBILE,12,2011-03-21 14:25:00,1.25,17763.0,United Kingdom
C547208,84978,HANGING HEART JAR T-LIGHT HOLDER,-5,2011-03-21 14:39:00,1.06,15189.0,United Kingdom
C547208,22423,REGENCY CAKESTAND 3 TIER,-10,2011-03-21 14:39:00,10.95,15189.0,United Kingdom
547209,21981,PACK OF 12 WOODLAND TISSUES ,24,2011-03-21 14:44:00,0.29,13081.0,United Kingdom
547209,21980,PACK OF 12 RED RETROSPOT TISSUES ,24,2011-03-21 14:44:00,0.29,13081.0,United Kingdom
547209,21976,PACK OF 60 MUSHROOM CAKE CASES,24,2011-03-21 14:44:00,0.55,13081.0,United Kingdom
547209,21121,SET/10 RED POLKADOT PARTY CANDLES,24,2011-03-21 14:44:00,1.25,13081.0,United Kingdom
547209,47566,PARTY BUNTING,24,2011-03-21 14:44:00,4.95,13081.0,United Kingdom
547209,21187,WHITE BELL HONEYCOMB PAPER GARLAND ,12,2011-03-21 14:44:00,1.65,13081.0,United Kingdom
547209,20723,STRAWBERRY CHARLOTTE BAG,10,2011-03-21 14:44:00,0.85,13081.0,United Kingdom
547209,21989,PACK OF 20 SKULL PAPER NAPKINS,24,2011-03-21 14:44:00,0.85,13081.0,United Kingdom
547209,22027,TEA PARTY BIRTHDAY CARD,12,2011-03-21 14:44:00,0.42,13081.0,United Kingdom
547209,21731,RED TOADSTOOL LED NIGHT LIGHT,12,2011-03-21 14:44:00,1.65,13081.0,United Kingdom
547209,21086,SET/6 RED SPOTTY PAPER CUPS,12,2011-03-21 14:44:00,0.65,13081.0,United Kingdom
547209,21987,PACK OF 6 SKULL PAPER CUPS,12,2011-03-21 14:44:00,0.65,13081.0,United Kingdom
547209,22089,PAPER BUNTING VINTAGE PAISLEY,12,2011-03-21 14:44:00,2.95,13081.0,United Kingdom
547209,22088,PAPER BUNTING COLOURED LACE,12,2011-03-21 14:44:00,2.95,13081.0,United Kingdom
547209,20971,PINK BLUE FELT CRAFT TRINKET BOX,12,2011-03-21 14:44:00,1.25,13081.0,United Kingdom
547209,21974,SET OF 36 PAISLEY FLOWER DOILIES,12,2011-03-21 14:44:00,1.45,13081.0,United Kingdom
547209,84380,SET OF 3 BUTTERFLY COOKIE CUTTERS,12,2011-03-21 14:44:00,1.25,13081.0,United Kingdom
547209,22558,CLOTHES PEGS RETROSPOT PACK 24 ,12,2011-03-21 14:44:00,1.49,13081.0,United Kingdom
547209,21059,PARTY INVITES DINOSAURS,12,2011-03-21 14:44:00,0.85,13081.0,United Kingdom
547209,22437,SET OF 9 BLACK SKULL BALLOONS,20,2011-03-21 14:44:00,0.85,13081.0,United Kingdom
547209,21866,UNION JACK FLAG LUGGAGE TAG,12,2011-03-21 14:44:00,1.25,13081.0,United Kingdom
547209,22055,MINI CAKE STAND  HANGING STRAWBERY,8,2011-03-21 14:44:00,1.65,13081.0,United Kingdom
547209,22423,REGENCY CAKESTAND 3 TIER,16,2011-03-21 14:44:00,10.95,13081.0,United Kingdom
547209,22434,BALLOON PUMP WITH 10 BALLOONS,16,2011-03-21 14:44:00,1.95,13081.0,United Kingdom
547209,22554,PLASTERS IN TIN WOODLAND ANIMALS,12,2011-03-21 14:44:00,1.65,13081.0,United Kingdom
547209,22352,LUNCH BOX WITH CUTLERY RETROSPOT ,12,2011-03-21 14:44:00,2.55,13081.0,United Kingdom
547209,22084,PAPER CHAIN KIT EMPIRE,12,2011-03-21 14:44:00,2.95,13081.0,United Kingdom
547209,22993,SET OF 4 PANTRY JELLY MOULDS,12,2011-03-21 14:44:00,1.25,13081.0,United Kingdom
547209,22502,PICNIC BASKET WICKER SMALL,8,2011-03-21 14:44:00,5.95,13081.0,United Kingdom
547209,22273,FELTCRAFT DOLL MOLLY,6,2011-03-21 14:44:00,2.95,13081.0,United Kingdom
547209,21558,SKULL LUNCH BOX WITH CUTLERY ,6,2011-03-21 14:44:00,2.55,13081.0,United Kingdom
547209,22271,FELTCRAFT DOLL ROSIE,6,2011-03-21 14:44:00,2.95,13081.0,United Kingdom
547209,22241,GARLAND WOODEN HAPPY EASTER,12,2011-03-21 14:44:00,1.25,13081.0,United Kingdom
547209,22501,PICNIC BASKET WICKER LARGE,6,2011-03-21 14:44:00,9.95,13081.0,United Kingdom
547209,22200,FRYING PAN PINK POLKADOT,4,2011-03-21 14:44:00,4.25,13081.0,United Kingdom
547209,22207,FRYING PAN UNION FLAG,4,2011-03-21 14:44:00,4.25,13081.0,United Kingdom
547209,22199,FRYING PAN RED RETROSPOT,4,2011-03-21 14:44:00,4.25,13081.0,United Kingdom
547209,22222,CAKE PLATE LOVEBIRD WHITE,3,2011-03-21 14:44:00,4.95,13081.0,United Kingdom
547209,22204,MILK PAN BLUE POLKADOT,4,2011-03-21 14:44:00,3.75,13081.0,United Kingdom
547209,22221,CAKE STAND LOVEBIRD 2 TIER PINK,4,2011-03-21 14:44:00,9.95,13081.0,United Kingdom
547209,22295,HEART FILIGREE DOVE LARGE,12,2011-03-21 14:44:00,1.65,13081.0,United Kingdom
547209,22294,HEART FILIGREE DOVE  SMALL,24,2011-03-21 14:44:00,1.25,13081.0,United Kingdom
547209,22220,CAKE STAND LOVEBIRD 2 TIER WHITE,2,2011-03-21 14:44:00,9.95,13081.0,United Kingdom
547209,22178,VICTORIAN GLASS HANGING T-LIGHT,12,2011-03-21 14:44:00,1.25,13081.0,United Kingdom
547209,22197,SMALL POPCORN HOLDER,24,2011-03-21 14:44:00,0.85,13081.0,United Kingdom
547209,22957,SET 3 PAPER VINTAGE CHICK PAPER EGG,12,2011-03-21 14:44:00,2.95,13081.0,United Kingdom
547209,84212,"ASSORTED FLOWER COLOUR ""LEIS""",96,2011-03-21 14:44:00,0.65,13081.0,United Kingdom
547209,21985,PACK OF 12 HEARTS DESIGN TISSUES ,48,2011-03-21 14:44:00,0.29,13081.0,United Kingdom
547209,21967,PACK OF 12 SKULL TISSUES,48,2011-03-21 14:44:00,0.29,13081.0,United Kingdom
547209,20725,LUNCH BAG RED RETROSPOT,30,2011-03-21 14:44:00,1.65,13081.0,United Kingdom
547209,20728,LUNCH BAG CARS BLUE,20,2011-03-21 14:44:00,1.65,13081.0,United Kingdom
547209,20726,LUNCH BAG WOODLAND,20,2011-03-21 14:44:00,1.65,13081.0,United Kingdom
547209,20727,LUNCH BAG  BLACK SKULL.,30,2011-03-21 14:44:00,1.65,13081.0,United Kingdom
547209,22382,LUNCH BAG SPACEBOY DESIGN ,20,2011-03-21 14:44:00,1.65,13081.0,United Kingdom
547209,22383,LUNCH BAG SUKI DESIGN ,20,2011-03-21 14:44:00,1.65,13081.0,United Kingdom
547209,22629,SPACEBOY LUNCH BOX ,12,2011-03-21 14:44:00,1.95,13081.0,United Kingdom
547209,22659,LUNCH BOX I LOVE LONDON,12,2011-03-21 14:44:00,1.95,13081.0,United Kingdom
547209,22384,LUNCH BAG PINK POLKADOT,20,2011-03-21 14:44:00,1.65,13081.0,United Kingdom
547209,22630,DOLLY GIRL LUNCH BOX,12,2011-03-21 14:44:00,1.95,13081.0,United Kingdom
547209,22662,LUNCH BAG DOLLY GIRL DESIGN,20,2011-03-21 14:44:00,1.65,13081.0,United Kingdom
547209,22431,WATERING CAN BLUE ELEPHANT,48,2011-03-21 14:44:00,1.65,13081.0,United Kingdom
547209,22433,WATERING CAN GREEN DINOSAUR,36,2011-03-21 14:44:00,1.95,13081.0,United Kingdom
547209,22432,WATERING CAN PINK BUNNY,24,2011-03-21 14:44:00,1.95,13081.0,United Kingdom
547209,22435,SET OF 9 HEART SHAPED BALLOONS,36,2011-03-21 14:44:00,1.25,13081.0,United Kingdom
547209,85123A,WHITE HANGING HEART T-LIGHT HOLDER,32,2011-03-21 14:44:00,2.55,13081.0,United Kingdom
547209,21733,RED HANGING HEART T-LIGHT HOLDER,32,2011-03-21 14:44:00,2.55,13081.0,United Kingdom
547209,22804,CANDLEHOLDER PINK HANGING HEART,32,2011-03-21 14:44:00,2.55,13081.0,United Kingdom
547209,22227,HANGING HEART MIRROR DECORATION ,24,2011-03-21 14:44:00,0.65,13081.0,United Kingdom
547209,16161P,WRAP ENGLISH ROSE ,25,2011-03-21 14:44:00,0.42,13081.0,United Kingdom
547209,21213,PACK OF 72 SKULL CAKE CASES,24,2011-03-21 14:44:00,0.55,13081.0,United Kingdom
547209,40016,CHINESE DRAGON PAPER LANTERNS,24,2011-03-21 14:44:00,0.42,13081.0,United Kingdom
547209,21977,PACK OF 60 PINK PAISLEY CAKE CASES,24,2011-03-21 14:44:00,0.55,13081.0,United Kingdom
547209,84692,BOX OF 24 COCKTAIL PARASOLS,25,2011-03-21 14:44:00,0.42,13081.0,United Kingdom
547209,21212,PACK OF 72 RETROSPOT CAKE CASES,24,2011-03-21 14:44:00,0.55,13081.0,United Kingdom
547209,21080,SET/20 RED RETROSPOT PAPER NAPKINS ,24,2011-03-21 14:44:00,0.85,13081.0,United Kingdom
547209,84006,MAGIC TREE -PAPER FLOWERS,24,2011-03-21 14:44:00,0.85,13081.0,United Kingdom
547209,21506,"FANCY FONT BIRTHDAY CARD, ",24,2011-03-21 14:44:00,0.42,13081.0,United Kingdom
547209,21094,SET/6 RED SPOTTY PAPER PLATES,36,2011-03-21 14:44:00,0.85,13081.0,United Kingdom
547209,22029,SPACEBOY BIRTHDAY CARD,24,2011-03-21 14:44:00,0.42,13081.0,United Kingdom
547209,22616,PACK OF 12 LONDON TISSUES ,24,2011-03-21 14:44:00,0.29,13081.0,United Kingdom
547209,21984,PACK OF 12 PINK PAISLEY TISSUES ,24,2011-03-21 14:44:00,0.29,13081.0,United Kingdom
547209,21982,PACK OF 12 SUKI TISSUES ,24,2011-03-21 14:44:00,0.29,13081.0,United Kingdom
547219,22915,ASSORTED BOTTLE TOP  MAGNETS ,36,2011-03-21 14:51:00,0.42,,United Kingdom
547219,21902,"KEY FOB , FRONT  DOOR ",1,2011-03-21 14:51:00,0.65,,United Kingdom
547219,84879,ASSORTED COLOUR BIRD ORNAMENT,8,2011-03-21 14:51:00,1.69,,United Kingdom
547219,22398,MAGNETS PACK OF 4 SWALLOWS,1,2011-03-21 14:51:00,1.25,,United Kingdom
547219,22948,METAL DECORATION NAUGHTY CHILDREN ,6,2011-03-21 14:51:00,0.85,,United Kingdom
547219,21224,SET/4 SKULL BADGES,6,2011-03-21 14:51:00,1.25,,United Kingdom
547219,22924,FRIDGE MAGNETS LA VIE EN ROSE,72,2011-03-21 14:51:00,0.85,,United Kingdom
547219,22922,FRIDGE MAGNETS US DINER ASSORTED,72,2011-03-21 14:51:00,0.85,,United Kingdom
547219,22923,FRIDGE MAGNETS LES ENFANTS ASSORTED,72,2011-03-21 14:51:00,0.85,,United Kingdom
547219,84929,ASSTD FRUIT+FLOWERS FRIDGE MAGNETS,144,2011-03-21 14:51:00,0.55,,United Kingdom
547219,22906,12 MESSAGE CARDS WITH ENVELOPES,1,2011-03-21 14:51:00,1.65,,United Kingdom
547219,22403,MAGNETS PACK OF 4 VINTAGE LABELS ,6,2011-03-21 14:51:00,1.25,,United Kingdom
547219,22396,MAGNETS PACK OF 4 RETRO PHOTO,6,2011-03-21 14:51:00,1.25,,United Kingdom
547219,22398,MAGNETS PACK OF 4 SWALLOWS,5,2011-03-21 14:51:00,1.25,,United Kingdom
547219,22399,MAGNETS PACK OF 4 CHILDHOOD MEMORY,6,2011-03-21 14:51:00,1.25,,United Kingdom
547219,22402,MAGNETS PACK OF 4 VINTAGE COLLAGE,6,2011-03-21 14:51:00,1.25,,United Kingdom
547219,21135,VICTORIAN  METAL POSTCARD SPRING,4,2011-03-21 14:51:00,1.69,,United Kingdom
547219,22710,WRAP I LOVE LONDON ,25,2011-03-21 14:51:00,0.42,,United Kingdom
547219,22711,WRAP CIRCUS PARADE,25,2011-03-21 14:51:00,0.42,,United Kingdom
547219,22052,VINTAGE CARAVAN GIFT WRAP,25,2011-03-21 14:51:00,0.42,,United Kingdom
547219,22045,SPACEBOY GIFT WRAP,25,2011-03-21 14:51:00,0.42,,United Kingdom
547219,23230,WRAP ALPHABET DESIGN,25,2011-03-21 14:51:00,0.42,,United Kingdom
547219,22945,CHRISTMAS METAL TAGS ASSORTED ,6,2011-03-21 14:51:00,0.85,,United Kingdom
547219,22991,GIRAFFE WOODEN RULER,6,2011-03-21 14:51:00,1.95,,United Kingdom
547219,22992,REVOLVER WOODEN RULER ,6,2011-03-21 14:51:00,1.95,,United Kingdom
547220,79321,CHILLI LIGHTS,4,2011-03-21 15:02:00,5.75,13410.0,United Kingdom
547220,21889,WOODEN BOX OF DOMINOES,12,2011-03-21 15:02:00,1.25,13410.0,United Kingdom
547220,21790,VINTAGE SNAP CARDS,12,2011-03-21 15:02:00,0.85,13410.0,United Kingdom
547220,22148,EASTER CRAFT 4 CHICKS ,24,2011-03-21 15:02:00,1.95,13410.0,United Kingdom
547220,22860,EASTER TIN CHICKS PINK DAISY,36,2011-03-21 15:02:00,1.65,13410.0,United Kingdom
547221,21982,PACK OF 12 SUKI TISSUES ,24,2011-03-21 15:06:00,0.29,13262.0,United Kingdom
547221,21986,PACK OF 12 PINK POLKADOT TISSUES,24,2011-03-21 15:06:00,0.29,13262.0,United Kingdom
547221,22560,TRADITIONAL MODELLING CLAY,24,2011-03-21 15:06:00,1.25,13262.0,United Kingdom
547221,22899,CHILDREN'S APRON DOLLY GIRL ,6,2011-03-21 15:06:00,2.1,13262.0,United Kingdom
547221,22654,DELUXE SEWING KIT ,3,2011-03-21 15:06:00,5.95,13262.0,United Kingdom
547221,22652,TRAVEL SEWING KIT,10,2011-03-21 15:06:00,1.65,13262.0,United Kingdom
547221,22962,JAM JAR WITH PINK LID,12,2011-03-21 15:06:00,0.85,13262.0,United Kingdom
547221,22328,ROUND SNACK BOXES SET OF 4 FRUITS ,6,2011-03-21 15:06:00,2.95,13262.0,United Kingdom
547221,22169,FAMILY ALBUM WHITE PICTURE FRAME,6,2011-03-21 15:06:00,8.5,13262.0,United Kingdom
547221,22171,3 HOOK PHOTO SHELF ANTIQUE WHITE,2,2011-03-21 15:06:00,8.5,13262.0,United Kingdom
547221,84879,ASSORTED COLOUR BIRD ORNAMENT,8,2011-03-21 15:06:00,1.69,13262.0,United Kingdom
547222,21843,RED RETROSPOT CAKE STAND,2,2011-03-21 15:07:00,10.95,18008.0,United Kingdom
547222,22210,WOOD STAMP SET BEST WISHES,2,2011-03-21 15:07:00,1.65,18008.0,United Kingdom
547222,22236,CAKE STAND 3 TIER MAGIC GARDEN,2,2011-03-21 15:07:00,12.75,18008.0,United Kingdom
547222,22220,CAKE STAND LOVEBIRD 2 TIER WHITE,2,2011-03-21 15:07:00,9.95,18008.0,United Kingdom
547222,22215,CAKE STAND WHITE TWO TIER LACE,2,2011-03-21 15:07:00,8.5,18008.0,United Kingdom
547222,22890,NOVELTY BISCUITS CAKE STAND 3 TIER,2,2011-03-21 15:07:00,9.95,18008.0,United Kingdom
547222,22060,LARGE CAKE STAND HANGING HEARTS,2,2011-03-21 15:07:00,3.95,18008.0,United Kingdom
547222,22061,LARGE CAKE STAND  HANGING STRAWBERY,2,2011-03-21 15:07:00,9.95,18008.0,United Kingdom
547222,72760B,VINTAGE CREAM 3 BASKET CAKE STAND,2,2011-03-21 15:07:00,9.95,18008.0,United Kingdom
547222,37449,CERAMIC CAKE STAND + HANGING CAKES,2,2011-03-21 15:07:00,9.95,18008.0,United Kingdom
547223,23233,WRAP POPPIES  DESIGN,25,2011-03-21 15:10:00,0.42,12867.0,United Kingdom
547223,21250,SET OF SKULL WALL STICKERS,1,2011-03-21 15:10:00,2.95,12867.0,United Kingdom
547223,21211,SET OF 72 SKULL PAPER  DOILIES,1,2011-03-21 15:10:00,1.45,12867.0,United Kingdom
547223,21207,SKULL AND CROSSBONES  GARLAND ,1,2011-03-21 15:10:00,1.65,12867.0,United Kingdom
547223,22934,BAKING MOULD EASTER EGG WHITE CHOC,2,2011-03-21 15:10:00,2.95,12867.0,United Kingdom
547223,21679,SKULLS  STICKERS,6,2011-03-21 15:10:00,0.85,12867.0,United Kingdom
547223,22251,BIRDHOUSE DECORATION MAGIC GARDEN,10,2011-03-21 15:10:00,1.25,12867.0,United Kingdom
547223,20676,RED RETROSPOT BOWL,5,2011-03-21 15:10:00,1.25,12867.0,United Kingdom
547223,20675,BLUE POLKADOT BOWL,5,2011-03-21 15:10:00,1.25,12867.0,United Kingdom
547223,20674,GREEN POLKADOT BOWL,5,2011-03-21 15:10:00,1.25,12867.0,United Kingdom
547223,20974,12 PENCILS SMALL TUBE SKULL,1,2011-03-21 15:10:00,0.65,12867.0,United Kingdom
547223,20975,12 PENCILS SMALL TUBE RED RETROSPOT,3,2011-03-21 15:10:00,0.65,12867.0,United Kingdom
547223,20974,12 PENCILS SMALL TUBE SKULL,4,2011-03-21 15:10:00,0.65,12867.0,United Kingdom
547223,20973,12 PENCIL SMALL TUBE WOODLAND,5,2011-03-21 15:10:00,0.65,12867.0,United Kingdom
547223,22244,3 HOOK HANGER MAGIC GARDEN,12,2011-03-21 15:10:00,1.95,12867.0,United Kingdom
547223,21870,I CAN ONLY PLEASE ONE PERSON MUG,6,2011-03-21 15:10:00,1.25,12867.0,United Kingdom
547223,10002,INFLATABLE POLITICAL GLOBE ,5,2011-03-21 15:10:00,0.85,12867.0,United Kingdom
547223,22974,CHILDRENS DOLLY GIRL MUG,6,2011-03-21 15:10:00,1.65,12867.0,United Kingdom
547223,21870,I CAN ONLY PLEASE ONE PERSON MUG,6,2011-03-21 15:10:00,1.25,12867.0,United Kingdom
547223,21871,SAVE THE PLANET MUG,6,2011-03-21 15:10:00,1.25,12867.0,United Kingdom
547223,22972,CHILDREN'S SPACEBOY MUG,6,2011-03-21 15:10:00,1.65,12867.0,United Kingdom
547223,85199S,SMALL HANGING IVORY/RED WOOD BIRD,5,2011-03-21 15:10:00,0.42,12867.0,United Kingdom
547223,22250,DECORATION  BUTTERFLY  MAGIC GARDEN,6,2011-03-21 15:10:00,0.85,12867.0,United Kingdom
547223,20724,RED RETROSPOT CHARLOTTE BAG,6,2011-03-21 15:10:00,0.85,12867.0,United Kingdom
547223,22661,CHARLOTTE BAG DOLLY GIRL DESIGN,3,2011-03-21 15:10:00,0.85,12867.0,United Kingdom
547223,20719,WOODLAND CHARLOTTE BAG,3,2011-03-21 15:10:00,0.85,12867.0,United Kingdom
547223,22355,CHARLOTTE BAG SUKI DESIGN,6,2011-03-21 15:10:00,0.85,12867.0,United Kingdom
547223,21383,PACK OF 12 STICKY BUNNIES,13,2011-03-21 15:10:00,0.65,12867.0,United Kingdom
547223,17003,BROCADE RING PURSE ,10,2011-03-21 15:10:00,0.29,12867.0,United Kingdom
547223,22248,DECORATION  PINK CHICK MAGIC GARDEN,5,2011-03-21 15:10:00,0.85,12867.0,United Kingdom
547223,22418,10 COLOUR SPACEBOY PEN,12,2011-03-21 15:10:00,0.85,12867.0,United Kingdom
547223,21703,BAG 125g SWIRLY MARBLES,6,2011-03-21 15:10:00,0.42,12867.0,United Kingdom
547223,84375,SET OF 20 KIDS COOKIE CUTTERS,5,2011-03-21 15:10:00,2.1,12867.0,United Kingdom
547223,84879,ASSORTED COLOUR BIRD ORNAMENT,6,2011-03-21 15:10:00,1.69,12867.0,United Kingdom
547223,21224,SET/4 SKULL BADGES,2,2011-03-21 15:10:00,1.25,12867.0,United Kingdom
547223,84378,SET OF 3 HEART COOKIE CUTTERS,5,2011-03-21 15:10:00,1.25,12867.0,United Kingdom
547223,84380,SET OF 3 BUTTERFLY COOKIE CUTTERS,5,2011-03-21 15:10:00,1.25,12867.0,United Kingdom
547223,79190D,RETRO PLASTIC DAISY TRAY,5,2011-03-21 15:10:00,0.42,12867.0,United Kingdom
547223,79190B,RETRO PLASTIC POLKA TRAY,5,2011-03-21 15:10:00,0.42,12867.0,United Kingdom
547223,21504,SKULLS GREETING CARD,12,2011-03-21 15:10:00,0.42,12867.0,United Kingdom
547223,22718,CARD CAT AND TREE ,12,2011-03-21 15:10:00,0.42,12867.0,United Kingdom
547223,22714,CARD BIRTHDAY COWBOY,12,2011-03-21 15:10:00,0.42,12867.0,United Kingdom
547223,22983,CARD BILLBOARD FONT,12,2011-03-21 15:10:00,0.42,12867.0,United Kingdom
547223,22984,CARD GINGHAM ROSE ,12,2011-03-21 15:10:00,0.42,12867.0,United Kingdom
547223,22817,CARD SUKI BIRTHDAY,12,2011-03-21 15:10:00,0.42,12867.0,United Kingdom
547223,22815,CARD PSYCHEDELIC APPLES,24,2011-03-21 15:10:00,0.42,12867.0,United Kingdom
547223,22741,FUNKY DIVA PEN,48,2011-03-21 15:10:00,0.85,12867.0,United Kingdom
547223,84970S,HANGING HEART ZINC T-LIGHT HOLDER,12,2011-03-21 15:10:00,0.85,12867.0,United Kingdom
547223,84755,COLOUR GLASS T-LIGHT HOLDER HANGING,8,2011-03-21 15:10:00,0.65,12867.0,United Kingdom
547223,84879,ASSORTED COLOUR BIRD ORNAMENT,8,2011-03-21 15:10:00,1.69,12867.0,United Kingdom
547223,20967,GREY FLORAL FELTCRAFT SHOULDER BAG,3,2011-03-21 15:10:00,3.75,12867.0,United Kingdom
547223,20969,RED FLORAL FELTCRAFT SHOULDER BAG,5,2011-03-21 15:10:00,3.75,12867.0,United Kingdom
547223,20725,LUNCH BAG RED RETROSPOT,2,2011-03-21 15:10:00,1.65,12867.0,United Kingdom
547223,20727,LUNCH BAG  BLACK SKULL.,1,2011-03-21 15:10:00,1.65,12867.0,United Kingdom
547223,17021,NAMASTE SWAGAT INCENSE,18,2011-03-21 15:10:00,0.3,12867.0,United Kingdom
547223,22382,LUNCH BAG SPACEBOY DESIGN ,2,2011-03-21 15:10:00,1.65,12867.0,United Kingdom
547223,20726,LUNCH BAG WOODLAND,2,2011-03-21 15:10:00,1.65,12867.0,United Kingdom
547223,22383,LUNCH BAG SUKI DESIGN ,2,2011-03-21 15:10:00,1.65,12867.0,United Kingdom
547223,20727,LUNCH BAG  BLACK SKULL.,1,2011-03-21 15:10:00,1.65,12867.0,United Kingdom
547223,22662,LUNCH BAG DOLLY GIRL DESIGN,2,2011-03-21 15:10:00,1.65,12867.0,United Kingdom
547223,22652,TRAVEL SEWING KIT,6,2011-03-21 15:10:00,1.65,12867.0,United Kingdom
547223,21791,VINTAGE HEADS AND TAILS CARD GAME ,2,2011-03-21 15:10:00,1.25,12867.0,United Kingdom
547223,21790,VINTAGE SNAP CARDS,3,2011-03-21 15:10:00,0.85,12867.0,United Kingdom
547223,22549,PICTURE DOMINOES,5,2011-03-21 15:10:00,1.45,12867.0,United Kingdom
547223,21213,PACK OF 72 SKULL CAKE CASES,10,2011-03-21 15:10:00,0.55,12867.0,United Kingdom
547223,21212,PACK OF 72 RETROSPOT CAKE CASES,5,2011-03-21 15:10:00,0.55,12867.0,United Kingdom
547223,22417,PACK OF 60 SPACEBOY CAKE CASES,5,2011-03-21 15:10:00,0.55,12867.0,United Kingdom
547223,22821,GIFT BAG PSYCHEDELIC APPLES,12,2011-03-21 15:10:00,0.65,12867.0,United Kingdom
547223,21977,PACK OF 60 PINK PAISLEY CAKE CASES,3,2011-03-21 15:10:00,0.55,12867.0,United Kingdom
547223,22951,60 CAKE CASES DOLLY GIRL DESIGN,5,2011-03-21 15:10:00,0.55,12867.0,United Kingdom
547223,21976,PACK OF 60 MUSHROOM CAKE CASES,3,2011-03-21 15:10:00,0.55,12867.0,United Kingdom
547223,21975,PACK OF 60 DINOSAUR CAKE CASES,5,2011-03-21 15:10:00,0.55,12867.0,United Kingdom
547223,84991,60 TEATIME FAIRY CAKE CASES,5,2011-03-21 15:10:00,0.55,12867.0,United Kingdom
547223,21544,SKULLS  WATER TRANSFER TATTOOS ,10,2011-03-21 15:10:00,0.85,12867.0,United Kingdom
547223,85175,CACTI T-LIGHT CANDLES,32,2011-03-21 15:10:00,0.42,12867.0,United Kingdom
547223,22068,BLACK PIRATE TREASURE CHEST,4,2011-03-21 15:10:00,1.65,12867.0,United Kingdom
547223,22650,CERAMIC PIRATE CHEST MONEY BANK,4,2011-03-21 15:10:00,1.45,12867.0,United Kingdom
547223,22722,SET OF 6 SPICE TINS PANTRY DESIGN,3,2011-03-21 15:10:00,3.95,12867.0,United Kingdom
547223,22960,JAM MAKING SET WITH JARS,2,2011-03-21 15:10:00,4.25,12867.0,United Kingdom
547224,22991,GIRAFFE WOODEN RULER,6,2011-03-21 15:15:00,1.95,,United Kingdom
547224,22992,REVOLVER WOODEN RULER ,6,2011-03-21 15:15:00,1.95,,United Kingdom
547224,22052,VINTAGE CARAVAN GIFT WRAP,25,2011-03-21 15:15:00,0.42,,United Kingdom
547224,22045,SPACEBOY GIFT WRAP,25,2011-03-21 15:15:00,0.42,,United Kingdom
547224,22710,WRAP I LOVE LONDON ,25,2011-03-21 15:15:00,0.42,,United Kingdom
547224,22711,WRAP CIRCUS PARADE,25,2011-03-21 15:15:00,0.42,,United Kingdom
547224,23000,TRAVEL CARD WALLET TRANSPORT,25,2011-03-21 15:15:00,0.42,,United Kingdom
547224,22945,CHRISTMAS METAL TAGS ASSORTED ,6,2011-03-21 15:15:00,0.85,,United Kingdom
547224,21224,SET/4 SKULL BADGES,6,2011-03-21 15:15:00,1.25,,United Kingdom
547224,22948,METAL DECORATION NAUGHTY CHILDREN ,6,2011-03-21 15:15:00,0.85,,United Kingdom
547224,22403,MAGNETS PACK OF 4 VINTAGE LABELS ,6,2011-03-21 15:15:00,1.25,,United Kingdom
547224,22399,MAGNETS PACK OF 4 CHILDHOOD MEMORY,6,2011-03-21 15:15:00,1.25,,United Kingdom
547224,84929,ASSTD FRUIT+FLOWERS FRIDGE MAGNETS,12,2011-03-21 15:15:00,0.55,,United Kingdom
547224,22915,ASSORTED BOTTLE TOP  MAGNETS ,6,2011-03-21 15:15:00,0.42,,United Kingdom
547224,22398,MAGNETS PACK OF 4 SWALLOWS,6,2011-03-21 15:15:00,1.25,,United Kingdom
547224,22922,FRIDGE MAGNETS US DINER ASSORTED,6,2011-03-21 15:15:00,0.85,,United Kingdom
547224,22924,FRIDGE MAGNETS LA VIE EN ROSE,6,2011-03-21 15:15:00,0.85,,United Kingdom
547224,22945,CHRISTMAS METAL TAGS ASSORTED ,6,2011-03-21 15:15:00,0.85,,United Kingdom
547224,22923,FRIDGE MAGNETS LES ENFANTS ASSORTED,6,2011-03-21 15:15:00,0.85,,United Kingdom
547224,22396,MAGNETS PACK OF 4 RETRO PHOTO,6,2011-03-21 15:15:00,1.25,,United Kingdom
547224,22402,MAGNETS PACK OF 4 VINTAGE COLLAGE,6,2011-03-21 15:15:00,1.25,,United Kingdom
547224,21135,VICTORIAN  METAL POSTCARD SPRING,4,2011-03-21 15:15:00,1.69,,United Kingdom
547224,84879,ASSORTED COLOUR BIRD ORNAMENT,8,2011-03-21 15:15:00,1.69,,United Kingdom
547225,72819,CUPID DESIGN SCENTED CANDLES,3,2011-03-21 15:20:00,2.55,,United Kingdom
547226,72807A,SET/3 ROSE CANDLE IN JEWELLED BOX,3,2011-03-21 15:33:00,4.25,14167.0,United Kingdom
547226,72802B,OCEAN SCENT CANDLE IN JEWELLED BOX,2,2011-03-21 15:33:00,4.25,14167.0,United Kingdom
547226,72802A,ROSE SCENT CANDLE IN JEWELLED BOX,2,2011-03-21 15:33:00,4.25,14167.0,United Kingdom
547226,72803A,ROSE SCENT CANDLE JEWELLED DRAWER,4,2011-03-21 15:33:00,4.25,14167.0,United Kingdom
547226,72807B,SET/3 OCEAN SCENT CANDLE JEWEL BOX,4,2011-03-21 15:33:00,4.25,14167.0,United Kingdom
547226,72807C,SET/3 VANILLA SCENTED CANDLE IN BOX,6,2011-03-21 15:33:00,4.25,14167.0,United Kingdom
547226,22649,STRAWBERRY FAIRY CAKE TEAPOT,1,2011-03-21 15:33:00,4.95,14167.0,United Kingdom
547226,22890,NOVELTY BISCUITS CAKE STAND 3 TIER,1,2011-03-21 15:33:00,9.95,14167.0,United Kingdom
547226,84231,EASTER BUNNY WITH BASKET ON BACK,10,2011-03-21 15:33:00,0.65,14167.0,United Kingdom
547227,22915,ASSORTED BOTTLE TOP  MAGNETS ,30,2011-03-21 15:40:00,0.42,12748.0,United Kingdom
547227,22924,FRIDGE MAGNETS LA VIE EN ROSE,60,2011-03-21 15:40:00,0.85,12748.0,United Kingdom
547227,84929,ASSTD FRUIT+FLOWERS FRIDGE MAGNETS,60,2011-03-21 15:40:00,0.55,12748.0,United Kingdom
547227,22922,FRIDGE MAGNETS US DINER ASSORTED,60,2011-03-21 15:40:00,0.85,12748.0,United Kingdom
C547228,21417,COCKLE SHELL DISH,-1,2011-03-21 15:48:00,2.1,16626.0,United Kingdom
C547229,22801,ANTIQUE GLASS PEDESTAL BOWL,-1,2011-03-21 15:49:00,3.75,17213.0,United Kingdom
C547229,22467,GUMBALL COAT RACK,-1,2011-03-21 15:49:00,2.55,17213.0,United Kingdom
C547230,20914,SET/5 RED RETROSPOT LID GLASS BOWLS,-2,2011-03-21 16:06:00,2.95,18189.0,United Kingdom
C547231,22173,METAL 4 HOOK HANGER FRENCH CHATEAU,-1,2011-03-21 16:07:00,2.95,15291.0,United Kingdom
C547232,22424,ENAMEL BREAD BIN CREAM,-1,2011-03-21 16:15:00,12.75,12994.0,United Kingdom
C547232,85178,VICTORIAN SEWING KIT,-1,2011-03-21 16:15:00,1.25,12994.0,United Kingdom
C547232,85053,FRENCH ENAMEL CANDLEHOLDER,-1,2011-03-21 16:15:00,2.1,12994.0,United Kingdom
C547232,22429,ENAMEL MEASURING JUG CREAM,-1,2011-03-21 16:15:00,4.25,12994.0,United Kingdom
C547232,22427,ENAMEL FLOWER JUG CREAM,-1,2011-03-21 16:15:00,5.95,12994.0,United Kingdom
C547232,22425,ENAMEL COLANDER CREAM,-2,2011-03-21 16:15:00,4.95,12994.0,United Kingdom
547233,47590B,PINK HAPPY BIRTHDAY BUNTING,9,2011-03-21 16:20:00,5.45,17152.0,United Kingdom
547233,47590A,BLUE HAPPY BIRTHDAY BUNTING,9,2011-03-21 16:20:00,5.45,17152.0,United Kingdom
547233,22128,PARTY CONES CANDY ASSORTED,120,2011-03-21 16:20:00,1.06,17152.0,United Kingdom
547233,21464,DISCO BALL ROTATOR BATTERY OPERATED,4,2011-03-21 16:20:00,4.25,17152.0,United Kingdom
547233,21463,MIRRORED DISCO BALL ,4,2011-03-21 16:20:00,5.95,17152.0,United Kingdom
547233,21213,PACK OF 72 SKULL CAKE CASES,24,2011-03-21 16:20:00,0.55,17152.0,United Kingdom
547233,22417,PACK OF 60 SPACEBOY CAKE CASES,24,2011-03-21 16:20:00,0.55,17152.0,United Kingdom
547233,22938,CUPCAKE LACE PAPER SET 6,12,2011-03-21 16:20:00,1.95,17152.0,United Kingdom
C547234,21537,RED RETROSPOT PUDDING BOWL,-1,2011-03-21 16:21:00,4.25,12428.0,Finland
C547234,21527,RED RETROSPOT TRADITIONAL TEAPOT ,-1,2011-03-21 16:21:00,7.95,12428.0,Finland
C547235,82486,WOOD S/3 CABINET ANT WHITE FINISH,-2,2011-03-21 16:25:00,8.95,15291.0,United Kingdom
C547236,22487,WHITE WOOD GARDEN PLANT LADDER,-1,2011-03-21 16:27:00,9.95,14180.0,United Kingdom
C547237,21833,CAMOUFLAGE LED TORCH,-24,2011-03-21 16:29:00,1.69,16080.0,United Kingdom
547238,21916,SET 12 RETRO WHITE CHALK STICKS,1,2011-03-21 16:31:00,0.42,,United Kingdom
547238,22457,NATURAL SLATE HEART CHALKBOARD ,1,2011-03-21 16:31:00,2.95,,United Kingdom
547238,22607,WOODEN ROUNDERS GARDEN SET ,1,2011-03-21 16:31:00,9.95,,United Kingdom
547238,22964,3 PIECE SPACEBOY COOKIE CUTTER SET,1,2011-03-21 16:31:00,2.1,,United Kingdom
547238,22417,PACK OF 60 SPACEBOY CAKE CASES,1,2011-03-21 16:31:00,0.55,,United Kingdom
547238,22367,CHILDRENS APRON SPACEBOY DESIGN,1,2011-03-21 16:31:00,1.95,,United Kingdom
547238,22439,6 ROCKET BALLOONS ,1,2011-03-21 16:31:00,0.65,,United Kingdom
547238,22556,PLASTERS IN TIN CIRCUS PARADE ,1,2011-03-21 16:31:00,1.65,,United Kingdom
547238,22382,LUNCH BAG SPACEBOY DESIGN ,1,2011-03-21 16:31:00,1.65,,United Kingdom
547238,22907,PACK OF 20 NAPKINS PANTRY DESIGN,1,2011-03-21 16:31:00,0.85,,United Kingdom
547238,22990,COTTON APRON PANTRY DESIGN,1,2011-03-21 16:31:00,4.95,,United Kingdom
547238,22989,SET 2 PANTRY DESIGN TEA TOWELS,1,2011-03-21 16:31:00,3.25,,United Kingdom
547238,82613A,"METAL SIGN,CUPCAKE SINGLE HOOK",2,2011-03-21 16:31:00,1.25,,United Kingdom
547238,82613D,METAL SIGN CUPCAKE SINGLE HOOK,1,2011-03-21 16:31:00,1.25,,United Kingdom
547238,82613B,"METAL SIGN,CUPCAKE SINGLE HOOK",1,2011-03-21 16:31:00,1.25,,United Kingdom
547239,20934,SET/3 POT PLANT CANDLES,1,2011-03-21 16:32:00,5.45,,United Kingdom
547239,21324,HANGING MEDINA LANTERN SMALL,1,2011-03-21 16:32:00,2.95,,United Kingdom
547240,85053,FRENCH ENAMEL CANDLEHOLDER,2,2011-03-21 16:32:00,2.1,17585.0,United Kingdom
547240,21967,PACK OF 12 SKULL TISSUES,1,2011-03-21 16:32:00,0.29,17585.0,United Kingdom
547240,21985,PACK OF 12 HEARTS DESIGN TISSUES ,1,2011-03-21 16:32:00,0.29,17585.0,United Kingdom
547240,22615,PACK OF 12 CIRCUS PARADE TISSUES ,1,2011-03-21 16:32:00,0.29,17585.0,United Kingdom
547240,21983,PACK OF 12 BLUE PAISLEY TISSUES ,2,2011-03-21 16:32:00,0.29,17585.0,United Kingdom
547240,21982,PACK OF 12 SUKI TISSUES ,2,2011-03-21 16:32:00,0.29,17585.0,United Kingdom
547240,22616,PACK OF 12 LONDON TISSUES ,2,2011-03-21 16:32:00,0.29,17585.0,United Kingdom
547240,21397,BLUE POLKADOT EGG CUP ,6,2011-03-21 16:32:00,0.39,17585.0,United Kingdom
547240,84457,SET/3 RABBITS FLOWER SKIPPPING ROPE,2,2011-03-21 16:32:00,0.85,17585.0,United Kingdom
547240,22957,SET 3 PAPER VINTAGE CHICK PAPER EGG,1,2011-03-21 16:32:00,2.95,17585.0,United Kingdom
547240,22065,CHRISTMAS PUDDING TRINKET POT ,1,2011-03-21 16:32:00,1.45,17585.0,United Kingdom
547240,20914,SET/5 RED RETROSPOT LID GLASS BOWLS,1,2011-03-21 16:32:00,2.95,17585.0,United Kingdom
547240,21592,RETROSPOT CIGAR BOX MATCHES ,1,2011-03-21 16:32:00,1.25,17585.0,United Kingdom
547240,21216,"SET 3 RETROSPOT TEA,COFFEE,SUGAR",1,2011-03-21 16:32:00,4.95,17585.0,United Kingdom
547240,21231,SWEETHEART CERAMIC TRINKET BOX,4,2011-03-21 16:32:00,1.25,17585.0,United Kingdom
547240,21232,STRAWBERRY CERAMIC TRINKET BOX,4,2011-03-21 16:32:00,1.25,17585.0,United Kingdom
547240,22645,CERAMIC HEART FAIRY CAKE MONEY BANK,4,2011-03-21 16:32:00,1.45,17585.0,United Kingdom
547240,22993,SET OF 4 PANTRY JELLY MOULDS,4,2011-03-21 16:32:00,1.25,17585.0,United Kingdom
547240,84228,HEN HOUSE W CHICK STANDING,2,2011-03-21 16:32:00,0.42,17585.0,United Kingdom
547240,21034,REX CASH+CARRY JUMBO SHOPPER,1,2011-03-21 16:32:00,0.95,17585.0,United Kingdom
547240,22988,SOLDIERS EGG CUP ,1,2011-03-21 16:32:00,1.25,17585.0,United Kingdom
547240,22975,SPACEBOY CHILDRENS EGG CUP,1,2011-03-21 16:32:00,1.25,17585.0,United Kingdom
547240,22269,EGG CUP NATURAL CHICKEN,2,2011-03-21 16:32:00,1.25,17585.0,United Kingdom
547240,22935,BAKING MOULD ROSE MILK CHOCOLATE,1,2011-03-21 16:32:00,3.25,17585.0,United Kingdom
547240,22927,GREEN GIANT GARDEN THERMOMETER,1,2011-03-21 16:32:00,5.95,17585.0,United Kingdom
547240,22914,BLUE COAT RACK PARIS FASHION,1,2011-03-21 16:32:00,4.95,17585.0,United Kingdom
547240,85200,BUNNY EGG BOX,2,2011-03-21 16:32:00,1.25,17585.0,United Kingdom
547240,22348,TEA BAG PLATE RED RETROSPOT,1,2011-03-21 16:32:00,0.85,17585.0,United Kingdom
547240,22860,EASTER TIN CHICKS PINK DAISY,1,2011-03-21 16:32:00,1.65,17585.0,United Kingdom
547240,22859,EASTER TIN BUNNY BOUQUET,1,2011-03-21 16:32:00,1.65,17585.0,United Kingdom
547240,22858,EASTER TIN KEEPSAKE,1,2011-03-21 16:32:00,1.65,17585.0,United Kingdom
547240,82582,AREA PATROLLED METAL SIGN,1,2011-03-21 16:32:00,2.1,17585.0,United Kingdom
547240,22418,10 COLOUR SPACEBOY PEN,1,2011-03-21 16:32:00,0.85,17585.0,United Kingdom
547240,21121,SET/10 RED POLKADOT PARTY CANDLES,1,2011-03-21 16:32:00,1.25,17585.0,United Kingdom
547240,21669,BLUE STRIPE CERAMIC DRAWER KNOB,6,2011-03-21 16:32:00,1.25,17585.0,United Kingdom
547240,21672,WHITE SPOT RED CERAMIC DRAWER KNOB,6,2011-03-21 16:32:00,1.25,17585.0,United Kingdom
547240,22996,TRAVEL CARD WALLET VINTAGE TICKET,3,2011-03-21 16:32:00,0.42,17585.0,United Kingdom
547240,22998,TRAVEL CARD WALLET KEEP CALM,2,2011-03-21 16:32:00,0.42,17585.0,United Kingdom
547240,22411,JUMBO SHOPPER VINTAGE RED PAISLEY,1,2011-03-21 16:32:00,1.95,17585.0,United Kingdom
547240,20712,JUMBO BAG WOODLAND ANIMALS,1,2011-03-21 16:32:00,1.95,17585.0,United Kingdom
547240,22488,NATURAL SLATE RECTANGLE CHALKBOARD,2,2011-03-21 16:32:00,1.65,17585.0,United Kingdom
547240,22066,LOVE HEART TRINKET POT,2,2011-03-21 16:32:00,0.39,17585.0,United Kingdom
C547241,85194L,HANGING SPRING FLOWER EGG LARGE,-8,2011-03-21 16:34:00,0.85,16817.0,United Kingdom
547243,22189,CREAM HEART CARD HOLDER,1,2011-03-21 16:59:00,3.95,17231.0,United Kingdom
547243,22264,FELT FARM ANIMAL WHITE BUNNY ,1,2011-03-21 16:59:00,0.85,17231.0,United Kingdom
547243,21383,PACK OF 12 STICKY BUNNIES,4,2011-03-21 16:59:00,0.65,17231.0,United Kingdom
547243,22267,EASTER DECORATION EGG BUNNY ,3,2011-03-21 16:59:00,1.25,17231.0,United Kingdom
547243,90014A,SILVER/MOP ORBIT NECKLACE,1,2011-03-21 16:59:00,9.95,17231.0,United Kingdom
547243,21901,"KEY FOB , BACK DOOR ",2,2011-03-21 16:59:00,0.65,17231.0,United Kingdom
547243,21902,"KEY FOB , FRONT  DOOR ",2,2011-03-21 16:59:00,0.65,17231.0,United Kingdom
547243,22722,SET OF 6 SPICE TINS PANTRY DESIGN,1,2011-03-21 16:59:00,3.95,17231.0,United Kingdom
547243,85049H,URBAN BLACK RIBBONS ,1,2011-03-21 16:59:00,1.25,17231.0,United Kingdom
547243,85049G,CHOCOLATE BOX RIBBONS ,2,2011-03-21 16:59:00,1.25,17231.0,United Kingdom
547243,85049D,BRIGHT BLUES RIBBONS ,2,2011-03-21 16:59:00,1.25,17231.0,United Kingdom
547243,85049C,ROMANTIC PINKS RIBBONS ,2,2011-03-21 16:59:00,1.25,17231.0,United Kingdom
547243,22077,6 RIBBONS RUSTIC CHARM,5,2011-03-21 16:59:00,1.65,17231.0,United Kingdom
547243,22078,RIBBON REEL LACE DESIGN ,3,2011-03-21 16:59:00,2.1,17231.0,United Kingdom
547243,22082,RIBBON REEL STRIPES DESIGN ,3,2011-03-21 16:59:00,1.65,17231.0,United Kingdom
547243,21754,HOME BUILDING BLOCK WORD,1,2011-03-21 16:59:00,5.95,17231.0,United Kingdom
547243,22907,PACK OF 20 NAPKINS PANTRY DESIGN,4,2011-03-21 16:59:00,0.85,17231.0,United Kingdom
547243,82482,WOODEN PICTURE FRAME WHITE FINISH,1,2011-03-21 16:59:00,2.55,17231.0,United Kingdom
547243,22766,PHOTO FRAME CORNICE,2,2011-03-21 16:59:00,2.95,17231.0,United Kingdom
547243,22722,SET OF 6 SPICE TINS PANTRY DESIGN,2,2011-03-21 16:59:00,3.95,17231.0,United Kingdom
547243,21876,POTTERING MUG,1,2011-03-21 16:59:00,1.25,17231.0,United Kingdom
547243,22989,SET 2 PANTRY DESIGN TEA TOWELS,2,2011-03-21 16:59:00,3.25,17231.0,United Kingdom
547243,84461,12 PINK HEN+CHICKS IN BASKET,1,2011-03-21 16:59:00,2.55,17231.0,United Kingdom
547243,84218,BOX/12 CHICK & EGG IN BASKET,1,2011-03-21 16:59:00,1.95,17231.0,United Kingdom
547243,21870,I CAN ONLY PLEASE ONE PERSON MUG,1,2011-03-21 16:59:00,1.25,17231.0,United Kingdom
547243,21868,POTTING SHED TEA MUG,2,2011-03-21 16:59:00,1.25,17231.0,United Kingdom
547243,90018A,SILVER M.O.P ORBIT DROP EARRINGS,2,2011-03-21 16:59:00,4.25,17231.0,United Kingdom
547243,90162C,ANT SILVER FUSCHIA BOUDICCA RING,3,2011-03-21 16:59:00,2.95,17231.0,United Kingdom
547243,90145,SILVER HOOP EARRINGS WITH FLOWER,3,2011-03-21 16:59:00,5.95,17231.0,United Kingdom
547243,84800S,SMALL WHITE/PINK ROSE ART FLOWER,3,2011-03-21 16:59:00,1.25,17231.0,United Kingdom
547243,85049F,BABY BOOM RIBBONS ,1,2011-03-21 16:59:00,1.25,17231.0,United Kingdom
547243,85205B,PINK FELT EASTER RABBIT GARLAND,2,2011-03-21 16:59:00,2.55,17231.0,United Kingdom
547243,84836,ZINC METAL HEART DECORATION,3,2011-03-21 16:59:00,1.25,17231.0,United Kingdom
547243,21383,PACK OF 12 STICKY BUNNIES,2,2011-03-21 16:59:00,0.65,17231.0,United Kingdom
547243,22256,FELT FARM ANIMAL CHICKEN,3,2011-03-21 16:59:00,1.25,17231.0,United Kingdom
547243,22264,FELT FARM ANIMAL WHITE BUNNY ,2,2011-03-21 16:59:00,0.85,17231.0,United Kingdom
547243,21901,"KEY FOB , BACK DOOR ",2,2011-03-21 16:59:00,0.65,17231.0,United Kingdom
547243,85152,HAND OVER THE CHOCOLATE   SIGN ,2,2011-03-21 16:59:00,2.1,17231.0,United Kingdom
547243,21181,PLEASE ONE PERSON METAL SIGN,2,2011-03-21 16:59:00,2.1,17231.0,United Kingdom
547243,21166,COOK WITH WINE METAL SIGN ,2,2011-03-21 16:59:00,2.08,17231.0,United Kingdom
547243,21172,PARTY METAL SIGN ,11,2011-03-21 16:59:00,1.45,17231.0,United Kingdom
547243,23182,TOILET SIGN OCCUPIED OR VACANT,2,2011-03-21 16:59:00,0.83,17231.0,United Kingdom
547243,22673,FRENCH GARDEN SIGN BLUE METAL,2,2011-03-21 16:59:00,1.25,17231.0,United Kingdom
547243,22720,SET OF 3 CAKE TINS PANTRY DESIGN ,2,2011-03-21 16:59:00,4.95,17231.0,United Kingdom
547243,21874,GIN AND TONIC MUG,1,2011-03-21 16:59:00,1.25,17231.0,United Kingdom
547243,22957,SET 3 PAPER VINTAGE CHICK PAPER EGG,3,2011-03-21 16:59:00,2.95,17231.0,United Kingdom
547243,23194,GYMKHANA TREASURE BOOK BOX,1,2011-03-21 16:59:00,2.25,17231.0,United Kingdom
547243,23176,ABC TREASURE BOOK BOX ,1,2011-03-21 16:59:00,2.25,17231.0,United Kingdom
547243,23177,TREASURE ISLAND BOOK BOX,1,2011-03-21 16:59:00,2.25,17231.0,United Kingdom
547243,21907,I'M ON HOLIDAY METAL SIGN,2,2011-03-21 16:59:00,2.1,17231.0,United Kingdom
547243,21908,CHOCOLATE THIS WAY METAL SIGN,1,2011-03-21 16:59:00,2.1,17231.0,United Kingdom
547243,21175,GIN + TONIC DIET METAL SIGN,1,2011-03-21 16:59:00,2.55,17231.0,United Kingdom
547243,21165,BEWARE OF THE CAT METAL SIGN ,1,2011-03-21 16:59:00,1.69,17231.0,United Kingdom
547243,82582,AREA PATROLLED METAL SIGN,1,2011-03-21 16:59:00,2.1,17231.0,United Kingdom
547243,22030,SWALLOWS GREETING CARD,12,2011-03-21 16:59:00,0.42,17231.0,United Kingdom
547243,22027,TEA PARTY BIRTHDAY CARD,12,2011-03-21 16:59:00,0.42,17231.0,United Kingdom
547243,22028,PENNY FARTHING BIRTHDAY CARD,12,2011-03-21 16:59:00,0.42,17231.0,United Kingdom
547243,22983,CARD BILLBOARD FONT,12,2011-03-21 16:59:00,0.42,17231.0,United Kingdom
547244,84596F,SMALL MARSHMALLOWS PINK BOWL,2,2011-03-21 17:10:00,0.42,16427.0,United Kingdom
547244,84879,ASSORTED COLOUR BIRD ORNAMENT,12,2011-03-21 17:10:00,1.69,16427.0,United Kingdom
547244,21695,SMALL SILVER FLOWER CANDLE POT,18,2011-03-21 17:10:00,2.95,16427.0,United Kingdom
547244,21136,PAINTED METAL PEARS ASSORTED,16,2011-03-21 17:10:00,1.69,16427.0,United Kingdom
547244,84978,HANGING HEART JAR T-LIGHT HOLDER,24,2011-03-21 17:10:00,1.25,16427.0,United Kingdom
