InvoiceNo,StockCode,Description,Quantity,InvoiceDate,UnitPrice,CustomerID,Country
542595,22856,ASSORTED EASTER DECORATIONS  BELLS,6,2011-01-30 10:19:00,1.25,14040.0,United Kingdom
542595,48194,DOORMAT HEARTS,1,2011-01-30 10:19:00,7.95,14040.0,United Kingdom
542595,20685,DOORMAT RED RETROSPOT,2,2011-01-30 10:19:00,7.95,14040.0,United Kingdom
542595,48188,DOORMAT WELCOME PUPPIES,1,2011-01-30 10:19:00,7.95,14040.0,United Kingdom
542595,21955,DOORMAT UNION JACK GUNS AND ROSES,1,2011-01-30 10:19:00,7.95,14040.0,United Kingdom
542595,48129,DOORMAT TOPIARY,1,2011-01-30 10:19:00,7.95,14040.0,United Kingdom
542595,21259,VICTORIAN SEWING BOX SMALL ,3,2011-01-30 10:19:00,5.95,14040.0,United Kingdom
542595,84406B,CREAM CUPID HEARTS COAT HANGER,1,2011-01-30 10:19:00,3.25,14040.0,United Kingdom
542595,85160B,BLACK BIRD GARDEN DESIGN MUG,6,2011-01-30 10:19:00,1.25,14040.0,United Kingdom
542595,22720,SET OF 3 CAKE TINS PANTRY DESIGN ,1,2011-01-30 10:19:00,4.95,14040.0,United Kingdom
542595,22197,SMALL POPCORN HOLDER,10,2011-01-30 10:19:00,0.85,14040.0,United Kingdom
542595,22667,RECIPE BOX RETROSPOT ,3,2011-01-30 10:19:00,2.95,14040.0,United Kingdom
542595,21755,LOVE BUILDING BLOCK WORD,3,2011-01-30 10:19:00,5.95,14040.0,United Kingdom
542595,22968,ROSE COTTAGE KEEPSAKE BOX ,1,2011-01-30 10:19:00,9.95,14040.0,United Kingdom
542595,22470,HEART OF WICKER LARGE,4,2011-01-30 10:19:00,2.95,14040.0,United Kingdom
542595,22491,PACK OF 12 COLOURED PENCILS,4,2011-01-30 10:19:00,0.85,14040.0,United Kingdom
542595,22821,GIFT BAG PSYCHEDELIC APPLES,12,2011-01-30 10:19:00,0.65,14040.0,United Kingdom
542595,22561,WOODEN SCHOOL COLOURING SET,2,2011-01-30 10:19:00,1.65,14040.0,United Kingdom
542595,22654,DELUXE SEWING KIT ,2,2011-01-30 10:19:00,5.95,14040.0,United Kingdom
542595,22489,PACK OF 12 TRADITIONAL CRAYONS,4,2011-01-30 10:19:00,0.42,14040.0,United Kingdom
542595,22564,ALPHABET STENCIL CRAFT,2,2011-01-30 10:19:00,1.25,14040.0,United Kingdom
542595,84029G,KNITTED UNION FLAG HOT WATER BOTTLE,1,2011-01-30 10:19:00,3.75,14040.0,United Kingdom
542595,21485,RETROSPOT HEART HOT WATER BOTTLE,2,2011-01-30 10:19:00,4.95,14040.0,United Kingdom
542595,35920,FOUR RABBIT EASTER DECORATIONS,2,2011-01-30 10:19:00,1.25,14040.0,United Kingdom
542595,21717,EASTER TIN BUCKET,4,2011-01-30 10:19:00,2.55,14040.0,United Kingdom
542595,85205B,PINK FELT EASTER RABBIT GARLAND,3,2011-01-30 10:19:00,2.55,14040.0,United Kingdom
542595,84459A,PINK METAL CHICKEN HEART ,3,2011-01-30 10:19:00,1.49,14040.0,United Kingdom
542595,22021,BLUE FELT EASTER EGG BASKET,2,2011-01-30 10:19:00,1.65,14040.0,United Kingdom
542595,85206A,CREAM FELT EASTER EGG BASKET,2,2011-01-30 10:19:00,1.65,14040.0,United Kingdom
542595,22957,SET 3 PAPER VINTAGE CHICK PAPER EGG,1,2011-01-30 10:19:00,2.95,14040.0,United Kingdom
542595,22967,SET 3 SONG BIRD PAPER EGGS ASSORTED,1,2011-01-30 10:19:00,2.95,14040.0,United Kingdom
542595,84465,15 PINK FLUFFY CHICKS IN BOX,2,2011-01-30 10:19:00,2.95,14040.0,United Kingdom
542595,85200,BUNNY EGG BOX,6,2011-01-30 10:19:00,1.25,14040.0,United Kingdom
542595,22808,SET OF 6 T-LIGHTS EASTER CHICKS,3,2011-01-30 10:19:00,2.95,14040.0,United Kingdom
542595,22241,GARLAND WOODEN HAPPY EASTER,4,2011-01-30 10:19:00,1.25,14040.0,United Kingdom
542595,22247,BUNNY DECORATION MAGIC GARDEN,4,2011-01-30 10:19:00,0.85,14040.0,United Kingdom
542595,21733,RED HANGING HEART T-LIGHT HOLDER,32,2011-01-30 10:19:00,2.55,14040.0,United Kingdom
542595,85123A,WHITE HANGING HEART T-LIGHT HOLDER,32,2011-01-30 10:19:00,2.55,14040.0,United Kingdom
542596,48188,DOORMAT WELCOME PUPPIES,3,2011-01-30 10:27:00,7.95,14532.0,United Kingdom
542596,48116,DOORMAT MULTICOLOUR STRIPE,2,2011-01-30 10:27:00,7.95,14532.0,United Kingdom
542596,48138,DOORMAT UNION FLAG,5,2011-01-30 10:27:00,7.95,14532.0,United Kingdom
542596,20685,DOORMAT RED RETROSPOT,2,2011-01-30 10:27:00,7.95,14532.0,United Kingdom
542596,48194,DOORMAT HEARTS,3,2011-01-30 10:27:00,7.95,14532.0,United Kingdom
542596,48184,DOORMAT ENGLISH ROSE ,2,2011-01-30 10:27:00,7.95,14532.0,United Kingdom
542596,48111,DOORMAT 3 SMILEY CATS,3,2011-01-30 10:27:00,7.95,14532.0,United Kingdom
542596,48129,DOORMAT TOPIARY,2,2011-01-30 10:27:00,7.95,14532.0,United Kingdom
542596,84884A,ANT WHITE WIRE HEART SPIRAL,2,2011-01-30 10:27:00,3.95,14532.0,United Kingdom
542597,48188,DOORMAT WELCOME PUPPIES,2,2011-01-30 10:33:00,7.95,16326.0,United Kingdom
542597,48129,DOORMAT TOPIARY,2,2011-01-30 10:33:00,7.95,16326.0,United Kingdom
542597,48111,DOORMAT 3 SMILEY CATS,2,2011-01-30 10:33:00,7.95,16326.0,United Kingdom
542597,20685,DOORMAT RED RETROSPOT,1,2011-01-30 10:33:00,7.95,16326.0,United Kingdom
542597,48194,DOORMAT HEARTS,2,2011-01-30 10:33:00,7.95,16326.0,United Kingdom
542597,48184,DOORMAT ENGLISH ROSE ,1,2011-01-30 10:33:00,7.95,16326.0,United Kingdom
542597,48129,DOORMAT TOPIARY,3,2011-01-30 10:33:00,7.95,16326.0,United Kingdom
542597,22366,DOORMAT AIRMAIL ,1,2011-01-30 10:33:00,7.95,16326.0,United Kingdom
542597,21523,DOORMAT FANCY FONT HOME SWEET HOME,1,2011-01-30 10:33:00,7.95,16326.0,United Kingdom
542597,48173C,DOORMAT BLACK FLOCK ,2,2011-01-30 10:33:00,7.95,16326.0,United Kingdom
542597,21755,LOVE BUILDING BLOCK WORD,1,2011-01-30 10:33:00,5.95,16326.0,United Kingdom
542597,21781,MA CAMPAGNE CUTLERY BOX,1,2011-01-30 10:33:00,14.95,16326.0,United Kingdom
542597,21381,MINI WOODEN HAPPY BIRTHDAY GARLAND,2,2011-01-30 10:33:00,1.69,16326.0,United Kingdom
542598,22167, OVAL WALL MIRROR DIAMANTE ,2,2011-01-30 10:43:00,9.95,14805.0,United Kingdom
542598,22105,MIRROR MOSAIC GOBLET CANDLE HOLDER,2,2011-01-30 10:43:00,4.25,14805.0,United Kingdom
542598,21471,STRAWBERRY RAFFIA FOOD COVER,1,2011-01-30 10:43:00,3.75,14805.0,United Kingdom
542598,21465,PINK FLOWER CROCHET FOOD COVER,1,2011-01-30 10:43:00,3.75,14805.0,United Kingdom
542598,21470,FLOWER VINE RAFFIA FOOD COVER,1,2011-01-30 10:43:00,3.75,14805.0,United Kingdom
542598,21472,LADYBIRD + BEE RAFFIA FOOD COVER,1,2011-01-30 10:43:00,3.75,14805.0,United Kingdom
542598,21466,RED FLOWER CROCHET FOOD COVER,1,2011-01-30 10:43:00,3.75,14805.0,United Kingdom
542598,72741,GRAND CHOCOLATECANDLE,9,2011-01-30 10:43:00,1.45,14805.0,United Kingdom
542598,82600,NO SINGING METAL SIGN,1,2011-01-30 10:43:00,2.1,14805.0,United Kingdom
542598,22413,METAL SIGN TAKE IT OR LEAVE IT ,1,2011-01-30 10:43:00,2.95,14805.0,United Kingdom
542598,22116,METAL SIGN HIS DINNER IS SERVED,1,2011-01-30 10:43:00,2.95,14805.0,United Kingdom
542598,21181,PLEASE ONE PERSON METAL SIGN,1,2011-01-30 10:43:00,2.1,14805.0,United Kingdom
542598,21908,CHOCOLATE THIS WAY METAL SIGN,1,2011-01-30 10:43:00,2.1,14805.0,United Kingdom
542598,22117,METAL SIGN HER DINNER IS SERVED ,1,2011-01-30 10:43:00,2.95,14805.0,United Kingdom
542598,21175,GIN + TONIC DIET METAL SIGN,1,2011-01-30 10:43:00,2.1,14805.0,United Kingdom
542598,21523,DOORMAT FANCY FONT HOME SWEET HOME,1,2011-01-30 10:43:00,7.95,14805.0,United Kingdom
542598,48187,DOORMAT NEW ENGLAND,1,2011-01-30 10:43:00,7.95,14805.0,United Kingdom
542598,21524,DOORMAT SPOTTY HOME SWEET HOME,1,2011-01-30 10:43:00,7.95,14805.0,United Kingdom
542598,48138,DOORMAT UNION FLAG,1,2011-01-30 10:43:00,7.95,14805.0,United Kingdom
542599,84378,SET OF 3 HEART COOKIE CUTTERS,3,2011-01-30 11:01:00,1.25,17062.0,United Kingdom
542599,21358,TOAST ITS - HAPPY BIRTHDAY,3,2011-01-30 11:01:00,1.25,17062.0,United Kingdom
542599,21355,TOAST ITS - I LOVE YOU ,3,2011-01-30 11:01:00,1.25,17062.0,United Kingdom
542599,22469,HEART OF WICKER SMALL,4,2011-01-30 11:01:00,1.65,17062.0,United Kingdom
542599,22079,RIBBON REEL HEARTS DESIGN ,5,2011-01-30 11:01:00,1.65,17062.0,United Kingdom
542599,72232,FENG SHUI PILLAR CANDLE,36,2011-01-30 11:01:00,0.19,17062.0,United Kingdom
542599,84763,ZINC FINISH 15CM PLANTER POTS,10,2011-01-30 11:01:00,1.25,17062.0,United Kingdom
542599,21317,GLASS SPHERE CANDLE STAND MEDIUM,2,2011-01-30 11:01:00,5.45,17062.0,United Kingdom
542599,22178,VICTORIAN GLASS HANGING T-LIGHT,12,2011-01-30 11:01:00,1.25,17062.0,United Kingdom
542599,21733,RED HANGING HEART T-LIGHT HOLDER,2,2011-01-30 11:01:00,2.95,17062.0,United Kingdom
542599,22854,CREAM SWEETHEART EGG HOLDER,1,2011-01-30 11:01:00,4.95,17062.0,United Kingdom
542599,84050,PINK HEART SHAPE EGG FRYING PAN,3,2011-01-30 11:01:00,1.65,17062.0,United Kingdom
542599,21866,UNION JACK FLAG LUGGAGE TAG,2,2011-01-30 11:01:00,1.25,17062.0,United Kingdom
542599,20652,BLUE POLKADOT LUGGAGE TAG ,1,2011-01-30 11:01:00,1.25,17062.0,United Kingdom
542599,20658,RED RETROSPOT LUGGAGE TAG,2,2011-01-30 11:01:00,1.25,17062.0,United Kingdom
542599,21867,PINK UNION JACK  LUGGAGE TAG,2,2011-01-30 11:01:00,1.25,17062.0,United Kingdom
542599,85150,LADIES & GENTLEMEN METAL SIGN,1,2011-01-30 11:01:00,2.55,17062.0,United Kingdom
542599,21175,GIN + TONIC DIET METAL SIGN,2,2011-01-30 11:01:00,2.1,17062.0,United Kingdom
542600,22697,GREEN REGENCY TEACUP AND SAUCER,6,2011-01-30 11:11:00,2.95,16923.0,United Kingdom
542600,22699,ROSES REGENCY TEACUP AND SAUCER ,5,2011-01-30 11:11:00,2.95,16923.0,United Kingdom
542600,21259,VICTORIAN SEWING BOX SMALL ,2,2011-01-30 11:11:00,5.95,16923.0,United Kingdom
542600,21258,VICTORIAN SEWING BOX LARGE,1,2011-01-30 11:11:00,12.75,16923.0,United Kingdom
542600,21210,SET OF 72 RETROSPOT PAPER  DOILIES,2,2011-01-30 11:11:00,1.45,16923.0,United Kingdom
542600,22939,APRON APPLE DELIGHT,1,2011-01-30 11:11:00,4.95,16923.0,United Kingdom
542600,21908,CHOCOLATE THIS WAY METAL SIGN,7,2011-01-30 11:11:00,2.1,16923.0,United Kingdom
542600,84978,HANGING HEART JAR T-LIGHT HOLDER,12,2011-01-30 11:11:00,1.25,16923.0,United Kingdom
542600,85150,LADIES & GENTLEMEN METAL SIGN,12,2011-01-30 11:11:00,2.55,16923.0,United Kingdom
542600,22464,HANGING METAL HEART LANTERN,6,2011-01-30 11:11:00,1.65,16923.0,United Kingdom
542600,22251,BIRDHOUSE DECORATION MAGIC GARDEN,4,2011-01-30 11:11:00,1.25,16923.0,United Kingdom
542600,85204,HANGING WOOD AND FELT FLOWER,4,2011-01-30 11:11:00,0.42,16923.0,United Kingdom
542600,85202,HANGING WOOD AND FELT HEART,4,2011-01-30 11:11:00,0.42,16923.0,United Kingdom
542600,21390,FILIGRIS HEART WITH BUTTERFLY,1,2011-01-30 11:11:00,1.25,16923.0,United Kingdom
542600,35971,ROSE FOLKART HEART DECORATIONS,4,2011-01-30 11:11:00,1.25,16923.0,United Kingdom
542600,21868,POTTING SHED TEA MUG,2,2011-01-30 11:11:00,1.25,16923.0,United Kingdom
542600,47567B,TEA TIME KITCHEN APRON,2,2011-01-30 11:11:00,5.95,16923.0,United Kingdom
542600,21592,RETROSPOT CIGAR BOX MATCHES ,1,2011-01-30 11:11:00,1.25,16923.0,United Kingdom
542600,22224,WHITE LOVEBIRD LANTERN,2,2011-01-30 11:11:00,2.95,16923.0,United Kingdom
542600,85188B,PINK METAL SWINGING BUNNY,9,2011-01-30 11:11:00,0.85,16923.0,United Kingdom
542600,85188A,GREEN METAL SWINGING BUNNY,9,2011-01-30 11:11:00,0.85,16923.0,United Kingdom
542600,35971,ROSE FOLKART HEART DECORATIONS,1,2011-01-30 11:11:00,1.25,16923.0,United Kingdom
542600,21390,FILIGRIS HEART WITH BUTTERFLY,8,2011-01-30 11:11:00,1.25,16923.0,United Kingdom
542600,35971,ROSE FOLKART HEART DECORATIONS,2,2011-01-30 11:11:00,1.25,16923.0,United Kingdom
542600,22844,VINTAGE CREAM DOG FOOD CONTAINER,1,2011-01-30 11:11:00,8.5,16923.0,United Kingdom
542600,22776,SWEETHEART CAKESTAND 3 TIER,2,2011-01-30 11:11:00,9.95,16923.0,United Kingdom
542600,22604,SET OF 4 NAPKIN CHARMS CUTLERY,6,2011-01-30 11:11:00,2.55,16923.0,United Kingdom
542600,20723,STRAWBERRY CHARLOTTE BAG,10,2011-01-30 11:11:00,0.85,16923.0,United Kingdom
542600,22138,BAKING SET 9 PIECE RETROSPOT ,1,2011-01-30 11:11:00,4.95,16923.0,United Kingdom
542600,22799,SWEETHEART WIRE FRUIT BOWL,2,2011-01-30 11:11:00,8.5,16923.0,United Kingdom
542600,22766,PHOTO FRAME CORNICE,4,2011-01-30 11:11:00,2.95,16923.0,United Kingdom
542600,21155,RED RETROSPOT PEG BAG,4,2011-01-30 11:11:00,2.1,16923.0,United Kingdom
542600,21257,VICTORIAN SEWING BOX MEDIUM,2,2011-01-30 11:11:00,7.95,16923.0,United Kingdom
542601,85144,JARDIN ETCHED GLASS CHEESE DISH,1,2011-01-30 11:52:00,7.25,16897.0,United Kingdom
542601,21658,GLASS  BEURRE DISH,2,2011-01-30 11:52:00,3.95,16897.0,United Kingdom
542601,85135C,RED DRAGONFLY HELICOPTER,1,2011-01-30 11:52:00,7.95,16897.0,United Kingdom
542601,21868,POTTING SHED TEA MUG,6,2011-01-30 11:52:00,1.25,16897.0,United Kingdom
542601,21067,VINTAGE RED TEATIME MUG,6,2011-01-30 11:52:00,1.25,16897.0,United Kingdom
542601,72760B,VINTAGE CREAM 3 BASKET CAKE STAND,1,2011-01-30 11:52:00,9.95,16897.0,United Kingdom
542601,85053,FRENCH ENAMEL CANDLEHOLDER,2,2011-01-30 11:52:00,2.1,16897.0,United Kingdom
542601,22839,3 TIER CAKE TIN GREEN AND CREAM,1,2011-01-30 11:52:00,14.95,16897.0,United Kingdom
542601,22840,ROUND CAKE TIN VINTAGE RED,1,2011-01-30 11:52:00,7.95,16897.0,United Kingdom
542601,22841,ROUND CAKE TIN VINTAGE GREEN,1,2011-01-30 11:52:00,7.95,16897.0,United Kingdom
542601,21523,DOORMAT FANCY FONT HOME SWEET HOME,1,2011-01-30 11:52:00,7.95,16897.0,United Kingdom
542601,48138,DOORMAT UNION FLAG,1,2011-01-30 11:52:00,7.95,16897.0,United Kingdom
542601,21484,CHICK GREY HOT WATER BOTTLE,2,2011-01-30 11:52:00,3.45,16897.0,United Kingdom
542601,21071,VINTAGE BILLBOARD DRINK ME MUG,6,2011-01-30 11:52:00,1.25,16897.0,United Kingdom
542601,35241,ENAMEL BLUE RIM BISCUIT BIN,2,2011-01-30 11:52:00,4.95,16897.0,United Kingdom
542601,22778,GLASS CLOCHE SMALL,1,2011-01-30 11:52:00,3.95,16897.0,United Kingdom
542601,84849D,HOT BATHS SOAP HOLDER,2,2011-01-30 11:52:00,1.69,16897.0,United Kingdom
542601,22720,SET OF 3 CAKE TINS PANTRY DESIGN ,2,2011-01-30 11:52:00,4.95,16897.0,United Kingdom
542601,21894,POTTING SHED SEED ENVELOPES,2,2011-01-30 11:52:00,1.25,16897.0,United Kingdom
542601,22680,FRENCH BLUE METAL DOOR SIGN 5,1,2011-01-30 11:52:00,1.25,16897.0,United Kingdom
542601,22683,FRENCH BLUE METAL DOOR SIGN 8,1,2011-01-30 11:52:00,1.25,16897.0,United Kingdom
542601,22723,SET OF 6 HERB TINS SKETCHBOOK,2,2011-01-30 11:52:00,3.95,16897.0,United Kingdom
542601,22722,SET OF 6 SPICE TINS PANTRY DESIGN,2,2011-01-30 11:52:00,3.95,16897.0,United Kingdom
542601,22852,DOG BOWL VINTAGE CREAM,2,2011-01-30 11:52:00,4.25,16897.0,United Kingdom
542601,22666,RECIPE BOX PANTRY YELLOW DESIGN,2,2011-01-30 11:52:00,2.95,16897.0,United Kingdom
542601,22667,RECIPE BOX RETROSPOT ,2,2011-01-30 11:52:00,2.95,16897.0,United Kingdom
542601,22192,BLUE DINER WALL CLOCK,1,2011-01-30 11:52:00,8.5,16897.0,United Kingdom
542601,22191,IVORY DINER WALL CLOCK,1,2011-01-30 11:52:00,8.5,16897.0,United Kingdom
542601,84032B,CHARLIE + LOLA RED HOT WATER BOTTLE,2,2011-01-30 11:52:00,2.95,16897.0,United Kingdom
542601,22777,GLASS CLOCHE LARGE,1,2011-01-30 11:52:00,8.5,16897.0,United Kingdom
542602,22772,PINK DRAWER KNOB ACRYLIC EDWARDIAN,4,2011-01-30 12:09:00,1.25,15579.0,United Kingdom
542602,21669,BLUE STRIPE CERAMIC DRAWER KNOB,2,2011-01-30 12:09:00,1.25,15579.0,United Kingdom
542602,21673,WHITE SPOT BLUE CERAMIC DRAWER KNOB,2,2011-01-30 12:09:00,1.25,15579.0,United Kingdom
542602,21668,RED STRIPE CERAMIC DRAWER KNOB,4,2011-01-30 12:09:00,1.25,15579.0,United Kingdom
542602,21671,RED SPOT CERAMIC DRAWER KNOB,4,2011-01-30 12:09:00,1.25,15579.0,United Kingdom
542602,21672,WHITE SPOT RED CERAMIC DRAWER KNOB,4,2011-01-30 12:09:00,1.25,15579.0,United Kingdom
542602,21670,BLUE SPOT CERAMIC DRAWER KNOB,4,2011-01-30 12:09:00,1.25,15579.0,United Kingdom
542602,21730,GLASS STAR FROSTED T-LIGHT HOLDER,2,2011-01-30 12:09:00,4.95,15579.0,United Kingdom
542602,21733,RED HANGING HEART T-LIGHT HOLDER,2,2011-01-30 12:09:00,2.95,15579.0,United Kingdom
542602,22804,CANDLEHOLDER PINK HANGING HEART,2,2011-01-30 12:09:00,2.95,15579.0,United Kingdom
542602,85123A,WHITE HANGING HEART T-LIGHT HOLDER,2,2011-01-30 12:09:00,2.95,15579.0,United Kingdom
542602,22841,ROUND CAKE TIN VINTAGE GREEN,1,2011-01-30 12:09:00,7.95,15579.0,United Kingdom
542602,22840,ROUND CAKE TIN VINTAGE RED,1,2011-01-30 12:09:00,7.95,15579.0,United Kingdom
542602,21485,RETROSPOT HEART HOT WATER BOTTLE,2,2011-01-30 12:09:00,4.95,15579.0,United Kingdom
542602,22112,CHOCOLATE HOT WATER BOTTLE,2,2011-01-30 12:09:00,4.95,15579.0,United Kingdom
542602,84030E,ENGLISH ROSE HOT WATER BOTTLE,1,2011-01-30 12:09:00,4.25,15579.0,United Kingdom
542602,84029G,KNITTED UNION FLAG HOT WATER BOTTLE,2,2011-01-30 12:09:00,3.75,15579.0,United Kingdom
542602,84030E,ENGLISH ROSE HOT WATER BOTTLE,1,2011-01-30 12:09:00,4.25,15579.0,United Kingdom
542602,22649,STRAWBERRY FAIRY CAKE TEAPOT,2,2011-01-30 12:09:00,4.95,15579.0,United Kingdom
542602,22055,MINI CAKE STAND  HANGING STRAWBERY,2,2011-01-30 12:09:00,1.65,15579.0,United Kingdom
542602,21411,GINGHAM HEART  DOORSTOP RED,2,2011-01-30 12:09:00,4.25,15579.0,United Kingdom
542602,21843,RED RETROSPOT CAKE STAND,1,2011-01-30 12:09:00,10.95,15579.0,United Kingdom
542602,37449,CERAMIC CAKE STAND + HANGING CAKES,1,2011-01-30 12:09:00,9.95,15579.0,United Kingdom
542602,48194,DOORMAT HEARTS,2,2011-01-30 12:09:00,7.95,15579.0,United Kingdom
542602,48187,DOORMAT NEW ENGLAND,2,2011-01-30 12:09:00,7.95,15579.0,United Kingdom
542602,48129,DOORMAT TOPIARY,2,2011-01-30 12:09:00,7.95,15579.0,United Kingdom
542603,22957,SET 3 PAPER VINTAGE CHICK PAPER EGG,12,2011-01-30 12:09:00,2.95,16985.0,United Kingdom
542603,22859,EASTER TIN BUNNY BOUQUET,6,2011-01-30 12:09:00,1.65,16985.0,United Kingdom
542603,22858,EASTER TIN KEEPSAKE,6,2011-01-30 12:09:00,1.65,16985.0,United Kingdom
542603,22860,EASTER TIN CHICKS PINK DAISY,6,2011-01-30 12:09:00,1.65,16985.0,United Kingdom
542603,84879,ASSORTED COLOUR BIRD ORNAMENT,16,2011-01-30 12:09:00,1.69,16985.0,United Kingdom
542603,22856,ASSORTED EASTER DECORATIONS  BELLS,24,2011-01-30 12:09:00,1.25,16985.0,United Kingdom
542603,21670,BLUE SPOT CERAMIC DRAWER KNOB,12,2011-01-30 12:09:00,1.25,16985.0,United Kingdom
542603,21673,WHITE SPOT BLUE CERAMIC DRAWER KNOB,12,2011-01-30 12:09:00,1.25,16985.0,United Kingdom
542603,21669,BLUE STRIPE CERAMIC DRAWER KNOB,12,2011-01-30 12:09:00,1.25,16985.0,United Kingdom
542603,22423,REGENCY CAKESTAND 3 TIER,2,2011-01-30 12:09:00,12.75,16985.0,United Kingdom
542603,85123A,WHITE HANGING HEART T-LIGHT HOLDER,32,2011-01-30 12:09:00,2.55,16985.0,United Kingdom
542603,22960,JAM MAKING SET WITH JARS,12,2011-01-30 12:09:00,3.75,16985.0,United Kingdom
542603,23231,WRAP DOILEY DESIGN,25,2011-01-30 12:09:00,0.42,16985.0,United Kingdom
542603,22986,GINGHAM ROSE WRAP,25,2011-01-30 12:09:00,0.42,16985.0,United Kingdom
C542604,22796,PHOTO FRAME 3 CLASSIC HANGING,-3,2011-01-30 12:35:00,9.95,13148.0,United Kingdom
C542604,22625,RED KITCHEN SCALES,-1,2011-01-30 12:35:00,8.5,13148.0,United Kingdom
C542604,22768,FAMILY PHOTO FRAME CORNICE,-1,2011-01-30 12:35:00,9.95,13148.0,United Kingdom
C542604,22666,RECIPE BOX PANTRY YELLOW DESIGN,-1,2011-01-30 12:35:00,2.95,13148.0,United Kingdom
C542604,21352,EUCALYPTUS & PINECONE  WREATH,-3,2011-01-30 12:35:00,6.75,13148.0,United Kingdom
C542604,21351,CINAMMON & ORANGE WREATH,-5,2011-01-30 12:35:00,6.75,13148.0,United Kingdom
C542604,21262,WHITE GOOSE FEATHER CHRISTMAS TREE ,-2,2011-01-30 12:35:00,16.95,13148.0,United Kingdom
C542604,84799,SPRIG LAVENDER ARTIFICIAL FLOWER,-48,2011-01-30 12:35:00,0.42,13148.0,United Kingdom
542605,22720,SET OF 3 CAKE TINS PANTRY DESIGN ,6,2011-01-30 12:42:00,4.95,17796.0,United Kingdom
542605,22721,SET OF 3 CAKE TINS SKETCHBOOK,4,2011-01-30 12:42:00,4.95,17796.0,United Kingdom
542605,22960,JAM MAKING SET WITH JARS,2,2011-01-30 12:42:00,4.25,17796.0,United Kingdom
542605,22624,IVORY KITCHEN SCALES,1,2011-01-30 12:42:00,8.5,17796.0,United Kingdom
542605,22625,RED KITCHEN SCALES,4,2011-01-30 12:42:00,8.5,17796.0,United Kingdom
542605,22427,ENAMEL FLOWER JUG CREAM,2,2011-01-30 12:42:00,5.95,17796.0,United Kingdom
542605,21216,"SET 3 RETROSPOT TEA,COFFEE,SUGAR",8,2011-01-30 12:42:00,4.95,17796.0,United Kingdom
542605,21539,RED RETROSPOT BUTTER DISH,1,2011-01-30 12:42:00,4.95,17796.0,United Kingdom
542605,22073,RED RETROSPOT STORAGE JAR,1,2011-01-30 12:42:00,3.75,17796.0,United Kingdom
542605,21535,RED RETROSPOT SMALL MILK JUG,3,2011-01-30 12:42:00,2.55,17796.0,United Kingdom
542605,22587,FELTCRAFT HAIRBAND RED AND BLUE,1,2011-01-30 12:42:00,0.85,17796.0,United Kingdom
542605,22566,FELTCRAFT HAIRBAND PINK AND PURPLE,1,2011-01-30 12:42:00,0.85,17796.0,United Kingdom
542605,20970,PINK FLORAL FELTCRAFT SHOULDER BAG,1,2011-01-30 12:42:00,3.75,17796.0,United Kingdom
542605,20967,GREY FLORAL FELTCRAFT SHOULDER BAG,1,2011-01-30 12:42:00,3.75,17796.0,United Kingdom
542605,22750,FELTCRAFT PRINCESS LOLA DOLL,1,2011-01-30 12:42:00,3.75,17796.0,United Kingdom
542605,22751,FELTCRAFT PRINCESS OLIVIA DOLL,1,2011-01-30 12:42:00,3.75,17796.0,United Kingdom
542605,22569,FELTCRAFT CUSHION BUTTERFLY,3,2011-01-30 12:42:00,3.75,17796.0,United Kingdom
542605,22110,BIRD HOUSE HOT WATER BOTTLE,1,2011-01-30 12:42:00,2.55,17796.0,United Kingdom
542605,22113,GREY HEART HOT WATER BOTTLE,1,2011-01-30 12:42:00,3.75,17796.0,United Kingdom
542605,21484,CHICK GREY HOT WATER BOTTLE,1,2011-01-30 12:42:00,3.45,17796.0,United Kingdom
542605,22150,3 STRIPEY MICE FELTCRAFT,2,2011-01-30 12:42:00,1.95,17796.0,United Kingdom
542605,22147,FELTCRAFT BUTTERFLY HEARTS,1,2011-01-30 12:42:00,1.45,17796.0,United Kingdom
542605,22149,FELTCRAFT 6 FLOWER FRIENDS,2,2011-01-30 12:42:00,2.1,17796.0,United Kingdom
542605,21034,REX CASH+CARRY JUMBO SHOPPER,10,2011-01-30 12:42:00,0.95,17796.0,United Kingdom
542606,21181,PLEASE ONE PERSON METAL SIGN,12,2011-01-30 13:36:00,2.1,14595.0,United Kingdom
542606,22117,METAL SIGN HER DINNER IS SERVED ,12,2011-01-30 13:36:00,2.95,14595.0,United Kingdom
542606,21175,GIN + TONIC DIET METAL SIGN,12,2011-01-30 13:36:00,2.1,14595.0,United Kingdom
542606,85123A,WHITE HANGING HEART T-LIGHT HOLDER,20,2011-01-30 13:36:00,2.95,14595.0,United Kingdom
542606,72122,COFFEE SCENT PILLAR CANDLE,20,2011-01-30 13:36:00,0.95,14595.0,United Kingdom
542607,22189,CREAM HEART CARD HOLDER,3,2011-01-30 13:48:00,3.95,13148.0,United Kingdom
542607,22227,HANGING HEART MIRROR DECORATION ,1,2011-01-30 13:48:00,0.65,13148.0,United Kingdom
542607,22219,LOVEBIRD HANGING DECORATION WHITE ,1,2011-01-30 13:48:00,0.85,13148.0,United Kingdom
542607,22335,HEART DECORATION PAINTED ZINC ,1,2011-01-30 13:48:00,0.65,13148.0,United Kingdom
542607,35961,FOLKART ZINC HEART CHRISTMAS DEC,1,2011-01-30 13:48:00,0.85,13148.0,United Kingdom
542607,22554,PLASTERS IN TIN WOODLAND ANIMALS,1,2011-01-30 13:48:00,1.65,13148.0,United Kingdom
542607,20886,BOX OF 9 PEBBLE CANDLES,1,2011-01-30 13:48:00,1.95,13148.0,United Kingdom
542607,85038,6 CHOCOLATE LOVE HEART T-LIGHTS,1,2011-01-30 13:48:00,2.1,13148.0,United Kingdom
542607,84978,HANGING HEART JAR T-LIGHT HOLDER,6,2011-01-30 13:48:00,1.25,13148.0,United Kingdom
542607,22196,SMALL HEART MEASURING SPOONS,3,2011-01-30 13:48:00,0.85,13148.0,United Kingdom
542607,84947,ANTIQUE SILVER TEA GLASS ENGRAVED,4,2011-01-30 13:48:00,1.25,13148.0,United Kingdom
542607,22435,SET OF 9 HEART SHAPED BALLOONS,2,2011-01-30 13:48:00,1.25,13148.0,United Kingdom
542607,35961,FOLKART ZINC HEART CHRISTMAS DEC,3,2011-01-30 13:48:00,0.85,13148.0,United Kingdom
542607,22131,FOOD CONTAINER SET 3 LOVE HEART ,3,2011-01-30 13:48:00,1.95,13148.0,United Kingdom
542607,22195,LARGE HEART MEASURING SPOONS,2,2011-01-30 13:48:00,1.65,13148.0,United Kingdom
542607,22243,5 HOOK HANGER RED MAGIC TOADSTOOL,2,2011-01-30 13:48:00,1.65,13148.0,United Kingdom
542607,21535,RED RETROSPOT SMALL MILK JUG,1,2011-01-30 13:48:00,2.55,13148.0,United Kingdom
542607,20851,ZINC HEART LATTICE TRAY OVAL ,2,2011-01-30 13:48:00,5.95,13148.0,United Kingdom
542607,47504H,ENGLISH ROSE SPIRIT LEVEL ,1,2011-01-30 13:48:00,1.95,13148.0,United Kingdom
542607,22185,SLATE TILE NATURAL HANGING,2,2011-01-30 13:48:00,1.65,13148.0,United Kingdom
542607,21613,S/12 VANILLA  BOTANICAL T-LIGHTS,2,2011-01-30 13:48:00,2.95,13148.0,United Kingdom
542607,22931,BAKING MOULD HEART WHITE CHOCOLATE,1,2011-01-30 13:48:00,2.55,13148.0,United Kingdom
542607,22807,SET OF 6 T-LIGHTS TOADSTOOLS,1,2011-01-30 13:48:00,2.95,13148.0,United Kingdom
542607,22389,PAPERWEIGHT SAVE THE PLANET,2,2011-01-30 13:48:00,2.55,13148.0,United Kingdom
542607,22937,BAKING MOULD CHOCOLATE CUPCAKES,2,2011-01-30 13:48:00,2.55,13148.0,United Kingdom
542607,85038,6 CHOCOLATE LOVE HEART T-LIGHTS,3,2011-01-30 13:48:00,2.1,13148.0,United Kingdom
542607,21609,SET 12 LAVENDER  BOTANICAL T-LIGHTS,3,2011-01-30 13:48:00,2.95,13148.0,United Kingdom
542607,22227,HANGING HEART MIRROR DECORATION ,7,2011-01-30 13:48:00,0.65,13148.0,United Kingdom
542607,22577,WOODEN HEART CHRISTMAS SCANDINAVIAN,6,2011-01-30 13:48:00,0.85,13148.0,United Kingdom
542607,22926,IVORY GIANT GARDEN THERMOMETER,2,2011-01-30 13:48:00,5.95,13148.0,United Kingdom
542607,21363,HOME SMALL WOOD LETTERS,2,2011-01-30 13:48:00,4.95,13148.0,United Kingdom
542607,85123A,WHITE HANGING HEART T-LIGHT HOLDER,6,2011-01-30 13:48:00,2.95,13148.0,United Kingdom
542607,35961,FOLKART ZINC HEART CHRISTMAS DEC,2,2011-01-30 13:48:00,0.85,13148.0,United Kingdom
542607,22335,HEART DECORATION PAINTED ZINC ,1,2011-01-30 13:48:00,0.65,13148.0,United Kingdom
542607,20845,ZINC HEART LATTICE 2 WALL PLANTER,1,2011-01-30 13:48:00,6.35,13148.0,United Kingdom
542607,22794,SWEETHEART WIRE MAGAZINE RACK,1,2011-01-30 13:48:00,7.95,13148.0,United Kingdom
542607,22795,SWEETHEART RECIPE BOOK STAND,2,2011-01-30 13:48:00,6.75,13148.0,United Kingdom
542607,20886,BOX OF 9 PEBBLE CANDLES,4,2011-01-30 13:48:00,1.95,13148.0,United Kingdom
542607,22770,MIRROR CORNICE,1,2011-01-30 13:48:00,14.95,13148.0,United Kingdom
542607,22936,BAKING MOULD ROSE WHITE CHOCOLATE,1,2011-01-30 13:48:00,3.25,13148.0,United Kingdom
542607,22931,BAKING MOULD HEART WHITE CHOCOLATE,1,2011-01-30 13:48:00,2.55,13148.0,United Kingdom
542607,22171,3 HOOK PHOTO SHELF ANTIQUE WHITE,2,2011-01-30 13:48:00,8.5,13148.0,United Kingdom
542607,22935,BAKING MOULD ROSE MILK CHOCOLATE,1,2011-01-30 13:48:00,3.25,13148.0,United Kingdom
542607,22930,BAKING MOULD HEART MILK CHOCOLATE,2,2011-01-30 13:48:00,2.55,13148.0,United Kingdom
542607,22219,LOVEBIRD HANGING DECORATION WHITE ,4,2011-01-30 13:48:00,0.85,13148.0,United Kingdom
542607,22227,HANGING HEART MIRROR DECORATION ,5,2011-01-30 13:48:00,0.65,13148.0,United Kingdom
542607,21533,RETROSPOT LARGE MILK JUG,1,2011-01-30 13:48:00,4.95,13148.0,United Kingdom
542607,21361,LOVE LARGE WOOD LETTERS ,1,2011-01-30 13:48:00,12.75,13148.0,United Kingdom
542607,21535,RED RETROSPOT SMALL MILK JUG,1,2011-01-30 13:48:00,2.55,13148.0,United Kingdom
542607,22185,SLATE TILE NATURAL HANGING,2,2011-01-30 13:48:00,1.65,13148.0,United Kingdom
542607,18098C,PORCELAIN BUTTERFLY OIL BURNER,6,2011-01-30 13:48:00,2.95,13148.0,United Kingdom
542607,22469,HEART OF WICKER SMALL,5,2011-01-30 13:48:00,1.65,13148.0,United Kingdom
542607,22470,HEART OF WICKER LARGE,3,2011-01-30 13:48:00,2.95,13148.0,United Kingdom
542607,22881,NUMBER TILE VINTAGE FONT 2,1,2011-01-30 13:48:00,1.95,13148.0,United Kingdom
542607,22882,NUMBER TILE VINTAGE FONT 3,1,2011-01-30 13:48:00,1.95,13148.0,United Kingdom
542607,22191,IVORY DINER WALL CLOCK,1,2011-01-30 13:48:00,8.5,13148.0,United Kingdom
542607,22193,RED DINER WALL CLOCK,1,2011-01-30 13:48:00,8.5,13148.0,United Kingdom
542607,21363,HOME SMALL WOOD LETTERS,2,2011-01-30 13:48:00,4.95,13148.0,United Kingdom
542607,22624,IVORY KITCHEN SCALES,2,2011-01-30 13:48:00,8.5,13148.0,United Kingdom
542607,22777,GLASS CLOCHE LARGE,1,2011-01-30 13:48:00,8.5,13148.0,United Kingdom
542607,22625,RED KITCHEN SCALES,1,2011-01-30 13:48:00,8.5,13148.0,United Kingdom
542607,21360,JOY LARGE WOOD LETTERS,1,2011-01-30 13:48:00,9.95,13148.0,United Kingdom
542607,84378,SET OF 3 HEART COOKIE CUTTERS,3,2011-01-30 13:48:00,1.25,13148.0,United Kingdom
542607,22588,CARD HOLDER GINGHAM HEART,3,2011-01-30 13:48:00,2.55,13148.0,United Kingdom
542607,21755,LOVE BUILDING BLOCK WORD,3,2011-01-30 13:48:00,5.95,13148.0,United Kingdom
542608,21784,SHOE SHINE BOX ,1,2011-01-30 13:51:00,9.95,16770.0,United Kingdom
542608,21686,MEDINA STAMPED METAL STOOL,1,2011-01-30 13:51:00,39.95,16770.0,United Kingdom
542608,20972,PINK CREAM FELT CRAFT TRINKET BOX ,4,2011-01-30 13:51:00,1.25,16770.0,United Kingdom
542608,22457,NATURAL SLATE HEART CHALKBOARD ,4,2011-01-30 13:51:00,2.95,16770.0,United Kingdom
542608,21454,PAINTED PINK RABBIT ,5,2011-01-30 13:51:00,0.85,16770.0,United Kingdom
542608,21454,PAINTED PINK RABBIT ,4,2011-01-30 13:51:00,0.85,16770.0,United Kingdom
542608,22287,"DECORATION , WOBBLY CHICKEN, METAL ",4,2011-01-30 13:51:00,1.65,16770.0,United Kingdom
542608,22294,HEART FILIGREE DOVE  SMALL,2,2011-01-30 13:51:00,1.25,16770.0,United Kingdom
542608,22268,EASTER DECORATION SITTING BUNNY,4,2011-01-30 13:51:00,0.85,16770.0,United Kingdom
542608,21914,BLUE HARMONICA IN BOX ,1,2011-01-30 13:51:00,1.25,16770.0,United Kingdom
542608,84459B,YELLOW METAL CHICKEN HEART ,2,2011-01-30 13:51:00,1.49,16770.0,United Kingdom
542608,22024,RAINY LADIES BIRTHDAY CARD,12,2011-01-30 13:51:00,0.42,16770.0,United Kingdom
542608,22028,PENNY FARTHING BIRTHDAY CARD,12,2011-01-30 13:51:00,0.42,16770.0,United Kingdom
542608,22983,CARD BILLBOARD FONT,12,2011-01-30 13:51:00,0.42,16770.0,United Kingdom
542608,21507,"ELEPHANT, BIRTHDAY CARD, ",12,2011-01-30 13:51:00,0.42,16770.0,United Kingdom
542608,21985,PACK OF 12 HEARTS DESIGN TISSUES ,12,2011-01-30 13:51:00,0.29,16770.0,United Kingdom
542608,22507,MEMO BOARD RETROSPOT  DESIGN,1,2011-01-30 13:51:00,4.95,16770.0,United Kingdom
542608,85123A,WHITE HANGING HEART T-LIGHT HOLDER,4,2011-01-30 13:51:00,2.95,16770.0,United Kingdom
542608,21733,RED HANGING HEART T-LIGHT HOLDER,4,2011-01-30 13:51:00,2.95,16770.0,United Kingdom
542608,21915,RED  HARMONICA IN BOX ,2,2011-01-30 13:51:00,1.25,16770.0,United Kingdom
542608,21914,BLUE HARMONICA IN BOX ,1,2011-01-30 13:51:00,1.25,16770.0,United Kingdom
542608,20974,12 PENCILS SMALL TUBE SKULL,5,2011-01-30 13:51:00,0.65,16770.0,United Kingdom
542608,21873,IF YOU CAN'T STAND THE HEAT MUG,1,2011-01-30 13:51:00,1.25,16770.0,United Kingdom
542608,21870,I CAN ONLY PLEASE ONE PERSON MUG,2,2011-01-30 13:51:00,1.25,16770.0,United Kingdom
542608,21872,GLAMOROUS  MUG,2,2011-01-30 13:51:00,1.25,16770.0,United Kingdom
542608,21535,RED RETROSPOT SMALL MILK JUG,1,2011-01-30 13:51:00,2.55,16770.0,United Kingdom
542608,21531,RED RETROSPOT SUGAR JAM BOWL,1,2011-01-30 13:51:00,2.55,16770.0,United Kingdom
542608,22754,SMALL RED BABUSHKA NOTEBOOK ,3,2011-01-30 13:51:00,0.85,16770.0,United Kingdom
542608,22753,SMALL YELLOW BABUSHKA NOTEBOOK ,3,2011-01-30 13:51:00,0.85,16770.0,United Kingdom
542608,22755,SMALL PURPLE BABUSHKA NOTEBOOK ,3,2011-01-30 13:51:00,0.85,16770.0,United Kingdom
542608,20615,BLUE POLKADOT PASSPORT COVER,1,2011-01-30 13:51:00,2.1,16770.0,United Kingdom
542608,20617,FIRST CLASS PASSPORT COVER ,1,2011-01-30 13:51:00,2.1,16770.0,United Kingdom
542608,20618,QUEEN OF THE SKIES PASSPORT COVER ,1,2011-01-30 13:51:00,2.1,16770.0,United Kingdom
542608,21175,GIN + TONIC DIET METAL SIGN,1,2011-01-30 13:51:00,2.1,16770.0,United Kingdom
542608,21181,PLEASE ONE PERSON METAL SIGN,2,2011-01-30 13:51:00,2.1,16770.0,United Kingdom
542608,21166,COOK WITH WINE METAL SIGN ,2,2011-01-30 13:51:00,1.95,16770.0,United Kingdom
542608,22412,METAL SIGN NEIGHBOURHOOD WITCH ,1,2011-01-30 13:51:00,2.1,16770.0,United Kingdom
542608,85152,HAND OVER THE CHOCOLATE   SIGN ,2,2011-01-30 13:51:00,2.1,16770.0,United Kingdom
542608,21907,I'M ON HOLIDAY METAL SIGN,1,2011-01-30 13:51:00,2.1,16770.0,United Kingdom
542608,22294,HEART FILIGREE DOVE  SMALL,2,2011-01-30 13:51:00,1.25,16770.0,United Kingdom
542608,21967,PACK OF 12 SKULL TISSUES,12,2011-01-30 13:51:00,0.29,16770.0,United Kingdom
542608,35961,FOLKART ZINC HEART CHRISTMAS DEC,4,2011-01-30 13:51:00,0.85,16770.0,United Kingdom
542608,22269,EGG CUP NATURAL CHICKEN,4,2011-01-30 13:51:00,1.25,16770.0,United Kingdom
542608,85038,6 CHOCOLATE LOVE HEART T-LIGHTS,3,2011-01-30 13:51:00,2.1,16770.0,United Kingdom
542608,22469,HEART OF WICKER SMALL,4,2011-01-30 13:51:00,1.65,16770.0,United Kingdom
542608,22470,HEART OF WICKER LARGE,4,2011-01-30 13:51:00,2.95,16770.0,United Kingdom
542608,84050,PINK HEART SHAPE EGG FRYING PAN,1,2011-01-30 13:51:00,1.65,16770.0,United Kingdom
542608,22906,12 MESSAGE CARDS WITH ENVELOPES,2,2011-01-30 13:51:00,1.65,16770.0,United Kingdom
542608,21922,UNION STRIPE WITH FRINGE  HAMMOCK,1,2011-01-30 13:51:00,7.95,16770.0,United Kingdom
542608,71477,COLOUR GLASS. STAR T-LIGHT HOLDER,1,2011-01-30 13:51:00,3.25,16770.0,United Kingdom
542608,21730,GLASS STAR FROSTED T-LIGHT HOLDER,2,2011-01-30 13:51:00,4.95,16770.0,United Kingdom
542608,22898,CHILDRENS APRON APPLES DESIGN,1,2011-01-30 13:51:00,1.95,16770.0,United Kingdom
542608,22904,CALENDAR PAPER CUT DESIGN,1,2011-01-30 13:51:00,2.95,16770.0,United Kingdom
542608,21677,HEARTS  STICKERS,6,2011-01-30 13:51:00,0.85,16770.0,United Kingdom
542609,22170,PICTURE FRAME WOOD TRIPLE PORTRAIT,4,2011-01-30 14:03:00,6.75,13161.0,United Kingdom
542609,82482,WOODEN PICTURE FRAME WHITE FINISH,6,2011-01-30 14:03:00,2.55,13161.0,United Kingdom
542609,82494L,WOODEN FRAME ANTIQUE WHITE ,6,2011-01-30 14:03:00,2.95,13161.0,United Kingdom
542609,22168,ORGANISER WOOD ANTIQUE WHITE ,1,2011-01-30 14:03:00,8.5,13161.0,United Kingdom
542609,85123A,WHITE HANGING HEART T-LIGHT HOLDER,8,2011-01-30 14:03:00,2.95,13161.0,United Kingdom
542609,71038,WHITE HANGING BEADS CANDLE HOLDER,2,2011-01-30 14:03:00,5.45,13161.0,United Kingdom
542609,22171,3 HOOK PHOTO SHELF ANTIQUE WHITE,1,2011-01-30 14:03:00,8.5,13161.0,United Kingdom
542609,40003,WHITE BAMBOO RIBS LAMPSHADE,1,2011-01-30 14:03:00,1.25,13161.0,United Kingdom
542610,21034,REX CASH+CARRY JUMBO SHOPPER,1,2011-01-30 14:05:00,0.95,13148.0,United Kingdom
542610,21249,WOODLAND  HEIGHT CHART STICKERS ,3,2011-01-30 14:05:00,2.95,13148.0,United Kingdom
542610,21251,DINOSAUR HEIGHT CHART STICKER SET,2,2011-01-30 14:05:00,2.95,13148.0,United Kingdom
542610,22273,FELTCRAFT DOLL MOLLY,3,2011-01-30 14:05:00,2.95,13148.0,United Kingdom
542610,22274,FELTCRAFT DOLL EMILY,3,2011-01-30 14:05:00,2.95,13148.0,United Kingdom
542610,21829,DINOSAUR KEYRINGS ASSORTED,36,2011-01-30 14:05:00,0.21,13148.0,United Kingdom
542610,21892,TRADITIONAL WOODEN CATCH CUP GAME ,5,2011-01-30 14:05:00,1.25,13148.0,United Kingdom
542610,21890,S/6 WOODEN SKITTLES IN COTTON BAG,3,2011-01-30 14:05:00,2.95,13148.0,United Kingdom
542610,22553,PLASTERS IN TIN SKULLS,10,2011-01-30 14:05:00,1.65,13148.0,United Kingdom
542610,22554,PLASTERS IN TIN WOODLAND ANIMALS,10,2011-01-30 14:05:00,1.65,13148.0,United Kingdom
542610,22557,PLASTERS IN TIN VINTAGE PAISLEY ,8,2011-01-30 14:05:00,1.65,13148.0,United Kingdom
542610,22556,PLASTERS IN TIN CIRCUS PARADE ,8,2011-01-30 14:05:00,1.65,13148.0,United Kingdom
542610,22551,PLASTERS IN TIN SPACEBOY,4,2011-01-30 14:05:00,1.65,13148.0,United Kingdom
542610,22780,LIGHT GARLAND BUTTERFILES PINK,4,2011-01-30 14:05:00,4.25,13148.0,United Kingdom
542610,22779,WOODEN OWLS LIGHT GARLAND ,7,2011-01-30 14:05:00,4.25,13148.0,United Kingdom
542610,22438,BALLOON ART MAKE YOUR OWN FLOWERS,10,2011-01-30 14:05:00,1.95,13148.0,United Kingdom
542610,20719,WOODLAND CHARLOTTE BAG,10,2011-01-30 14:05:00,0.85,13148.0,United Kingdom
542610,21704,BAG 250g SWIRLY MARBLES,3,2011-01-30 14:05:00,0.85,13148.0,United Kingdom
542610,21703,BAG 125g SWIRLY MARBLES,10,2011-01-30 14:05:00,0.42,13148.0,United Kingdom
542610,22489,PACK OF 12 TRADITIONAL CRAYONS,10,2011-01-30 14:05:00,0.42,13148.0,United Kingdom
542610,21731,RED TOADSTOOL LED NIGHT LIGHT,10,2011-01-30 14:05:00,1.65,13148.0,United Kingdom
542610,20971,PINK BLUE FELT CRAFT TRINKET BOX,8,2011-01-30 14:05:00,1.25,13148.0,United Kingdom
542610,10135,COLOURING PENCILS BROWN TUBE,10,2011-01-30 14:05:00,1.25,13148.0,United Kingdom
542610,21479,WHITE SKULL HOT WATER BOTTLE ,1,2011-01-30 14:05:00,3.75,13148.0,United Kingdom
542610,84625C,BLUE NEW BAROQUE CANDLESTICK CANDLE,2,2011-01-30 14:05:00,2.95,13148.0,United Kingdom
542610,84625A,PINK NEW BAROQUECANDLESTICK CANDLE,2,2011-01-30 14:05:00,2.95,13148.0,United Kingdom
542610,22493,PAINT YOUR OWN CANVAS SET,5,2011-01-30 14:05:00,1.65,13148.0,United Kingdom
542610,84715,SET OF 6 ICE CREAM SKITTLES,8,2011-01-30 14:05:00,2.95,13148.0,United Kingdom
542610,22560,TRADITIONAL MODELLING CLAY,10,2011-01-30 14:05:00,1.25,13148.0,United Kingdom
542610,22384,LUNCH BAG PINK POLKADOT,10,2011-01-30 14:05:00,1.65,13148.0,United Kingdom
542610,20727,LUNCH BAG  BLACK SKULL.,10,2011-01-30 14:05:00,1.65,13148.0,United Kingdom
542610,10002,INFLATABLE POLITICAL GLOBE ,14,2011-01-30 14:05:00,0.85,13148.0,United Kingdom
542611,22241,GARLAND WOODEN HAPPY EASTER,12,2011-01-30 14:13:00,1.25,15415.0,United Kingdom
542611,22637,PIGGY BANK RETROSPOT ,4,2011-01-30 14:13:00,2.55,15415.0,United Kingdom
542611,22650,CERAMIC PIRATE CHEST MONEY BANK,4,2011-01-30 14:13:00,1.45,15415.0,United Kingdom
542611,22558,CLOTHES PEGS RETROSPOT PACK 24 ,4,2011-01-30 14:13:00,1.49,15415.0,United Kingdom
542611,22109,FULL ENGLISH BREAKFAST PLATE,1,2011-01-30 14:13:00,3.75,15415.0,United Kingdom
542611,22107,PIZZA PLATE IN BOX,1,2011-01-30 14:13:00,3.75,15415.0,United Kingdom
542611,22893,MINI CAKE STAND T-LIGHT HOLDER,24,2011-01-30 14:13:00,0.42,15415.0,United Kingdom
542611,22243,5 HOOK HANGER RED MAGIC TOADSTOOL,12,2011-01-30 14:13:00,1.65,15415.0,United Kingdom
542611,22892,SET OF SALT AND PEPPER TOADSTOOLS,12,2011-01-30 14:13:00,1.25,15415.0,United Kingdom
542611,22893,MINI CAKE STAND T-LIGHT HOLDER,12,2011-01-30 14:13:00,0.42,15415.0,United Kingdom
542611,21231,SWEETHEART CERAMIC TRINKET BOX,4,2011-01-30 14:13:00,1.25,15415.0,United Kingdom
542611,21232,STRAWBERRY CERAMIC TRINKET BOX,4,2011-01-30 14:13:00,1.25,15415.0,United Kingdom
542611,84596E,SMALL LICORICE DES PINK BOWL,8,2011-01-30 14:13:00,1.25,15415.0,United Kingdom
542611,22384,LUNCH BAG PINK POLKADOT,6,2011-01-30 14:13:00,1.65,15415.0,United Kingdom
542611,21870,I CAN ONLY PLEASE ONE PERSON MUG,6,2011-01-30 14:13:00,1.25,15415.0,United Kingdom
542611,21875,KINGS CHOICE MUG,6,2011-01-30 14:13:00,1.25,15415.0,United Kingdom
542611,37467,PIG MUG IN TWO COLOUR DESIGNS,12,2011-01-30 14:13:00,0.85,15415.0,United Kingdom
542611,21733,RED HANGING HEART T-LIGHT HOLDER,6,2011-01-30 14:13:00,2.95,15415.0,United Kingdom
542611,22625,RED KITCHEN SCALES,1,2011-01-30 14:13:00,8.5,15415.0,United Kingdom
542611,22624,IVORY KITCHEN SCALES,1,2011-01-30 14:13:00,8.5,15415.0,United Kingdom
542611,82581,TOILET METAL SIGN,25,2011-01-30 14:13:00,0.55,15415.0,United Kingdom
542611,21900,"KEY FOB , SHED",48,2011-01-30 14:13:00,0.65,15415.0,United Kingdom
542611,21899,"KEY FOB , GARAGE DESIGN",48,2011-01-30 14:13:00,0.65,15415.0,United Kingdom
542611,82578,KITCHEN METAL SIGN,25,2011-01-30 14:13:00,0.55,15415.0,United Kingdom
542611,82580,BATHROOM METAL SIGN,25,2011-01-30 14:13:00,0.55,15415.0,United Kingdom
542611,20727,LUNCH BAG  BLACK SKULL.,10,2011-01-30 14:13:00,1.65,15415.0,United Kingdom
542611,22804,CANDLEHOLDER PINK HANGING HEART,6,2011-01-30 14:13:00,2.95,15415.0,United Kingdom
542611,84991,60 TEATIME FAIRY CAKE CASES,24,2011-01-30 14:13:00,0.55,15415.0,United Kingdom
542611,21281,VINTAGE KITCHEN PRINT SEAFOOD,6,2011-01-30 14:13:00,2.55,15415.0,United Kingdom
542611,84992,72 SWEETHEART FAIRY CAKE CASES,24,2011-01-30 14:13:00,0.55,15415.0,United Kingdom
542611,21930,JUMBO STORAGE BAG SKULLS,10,2011-01-30 14:13:00,1.95,15415.0,United Kingdom
542611,22386,JUMBO BAG PINK POLKADOT,10,2011-01-30 14:13:00,1.95,15415.0,United Kingdom
542611,84763,ZINC FINISH 15CM PLANTER POTS,10,2011-01-30 14:13:00,1.25,15415.0,United Kingdom
542611,22332,SKULLS PARTY BAG + STICKER SET,3,2011-01-30 14:13:00,1.65,15415.0,United Kingdom
542611,85123A,WHITE HANGING HEART T-LIGHT HOLDER,6,2011-01-30 14:13:00,2.95,15415.0,United Kingdom
542611,21504,SKULLS GREETING CARD,36,2011-01-30 14:13:00,0.42,15415.0,United Kingdom
542611,22079,RIBBON REEL HEARTS DESIGN ,10,2011-01-30 14:13:00,1.65,15415.0,United Kingdom
542611,22483,RED GINGHAM TEDDY BEAR ,3,2011-01-30 14:13:00,2.95,15415.0,United Kingdom
542611,20963,APPLE BATH SPONGE,10,2011-01-30 14:13:00,1.25,15415.0,United Kingdom
542611,20966,SANDWICH BATH SPONGE,12,2011-01-30 14:13:00,1.25,15415.0,United Kingdom
542611,20961,STRAWBERRY BATH SPONGE ,10,2011-01-30 14:13:00,1.25,15415.0,United Kingdom
542611,22644,CERAMIC CHERRY CAKE MONEY BANK,4,2011-01-30 14:13:00,1.45,15415.0,United Kingdom
542611,84992,72 SWEETHEART FAIRY CAKE CASES,24,2011-01-30 14:13:00,0.55,15415.0,United Kingdom
542611,21985,PACK OF 12 HEARTS DESIGN TISSUES ,24,2011-01-30 14:13:00,0.29,15415.0,United Kingdom
542611,84378,SET OF 3 HEART COOKIE CUTTERS,12,2011-01-30 14:13:00,1.25,15415.0,United Kingdom
542611,22646,CERAMIC STRAWBERRY CAKE MONEY BANK,4,2011-01-30 14:13:00,1.45,15415.0,United Kingdom
542611,22645,CERAMIC HEART FAIRY CAKE MONEY BANK,4,2011-01-30 14:13:00,1.45,15415.0,United Kingdom
542611,21034,REX CASH+CARRY JUMBO SHOPPER,2,2011-01-30 14:13:00,0.95,15415.0,United Kingdom
542612,22469,HEART OF WICKER SMALL,1,2011-01-30 14:19:00,1.65,17841.0,United Kingdom
542612,22795,SWEETHEART RECIPE BOOK STAND,1,2011-01-30 14:19:00,6.75,17841.0,United Kingdom
542612,22173,METAL 4 HOOK HANGER FRENCH CHATEAU,1,2011-01-30 14:19:00,2.95,17841.0,United Kingdom
542612,22212,FOUR HOOK  WHITE LOVEBIRDS,1,2011-01-30 14:19:00,2.1,17841.0,United Kingdom
542612,21673,WHITE SPOT BLUE CERAMIC DRAWER KNOB,10,2011-01-30 14:19:00,1.25,17841.0,United Kingdom
542612,22837,HOT WATER BOTTLE BABUSHKA ,7,2011-01-30 14:19:00,4.65,17841.0,United Kingdom
542612,22659,LUNCH BOX I LOVE LONDON,1,2011-01-30 14:19:00,1.95,17841.0,United Kingdom
542612,22629,SPACEBOY LUNCH BOX ,1,2011-01-30 14:19:00,1.95,17841.0,United Kingdom
542612,22726,ALARM CLOCK BAKELIKE GREEN,1,2011-01-30 14:19:00,3.75,17841.0,United Kingdom
542612,22041,"RECORD FRAME 7"" SINGLE SIZE ",1,2011-01-30 14:19:00,2.55,17841.0,United Kingdom
542612,20619,TROPICAL PASSPORT COVER ,1,2011-01-30 14:19:00,2.1,17841.0,United Kingdom
542612,22483,RED GINGHAM TEDDY BEAR ,1,2011-01-30 14:19:00,2.95,17841.0,United Kingdom
542612,21363,HOME SMALL WOOD LETTERS,1,2011-01-30 14:19:00,4.95,17841.0,United Kingdom
542612,22110,BIRD HOUSE HOT WATER BOTTLE,1,2011-01-30 14:19:00,2.55,17841.0,United Kingdom
542612,20713,JUMBO BAG OWLS,1,2011-01-30 14:19:00,1.95,17841.0,United Kingdom
542612,21485,RETROSPOT HEART HOT WATER BOTTLE,2,2011-01-30 14:19:00,4.95,17841.0,United Kingdom
542612,22355,CHARLOTTE BAG SUKI DESIGN,30,2011-01-30 14:19:00,0.85,17841.0,United Kingdom
542612,21935,SUKI  SHOULDER BAG,11,2011-01-30 14:19:00,1.65,17841.0,United Kingdom
542612,22468,BABUSHKA LIGHTS STRING OF 10,1,2011-01-30 14:19:00,6.75,17841.0,United Kingdom
542612,22470,HEART OF WICKER LARGE,2,2011-01-30 14:19:00,2.95,17841.0,United Kingdom
542612,22376,AIRLINE BAG VINTAGE JET SET WHITE,1,2011-01-30 14:19:00,4.25,17841.0,United Kingdom
542612,84997A,GREEN 3 PIECE POLKADOT CUTLERY SET,1,2011-01-30 14:19:00,3.75,17841.0,United Kingdom
542612,84997D,PINK 3 PIECE POLKADOT CUTLERY SET,1,2011-01-30 14:19:00,3.75,17841.0,United Kingdom
542612,85099F,JUMBO BAG STRAWBERRY,2,2011-01-30 14:19:00,1.95,17841.0,United Kingdom
542612,22661,CHARLOTTE BAG DOLLY GIRL DESIGN,1,2011-01-30 14:19:00,0.85,17841.0,United Kingdom
542613,21383,PACK OF 12 STICKY BUNNIES,9,2011-01-30 14:36:00,0.65,17431.0,United Kingdom
542613,85203,HANGING WOOD AND FELT BUTTERFLY ,1,2011-01-30 14:36:00,0.42,17431.0,United Kingdom
542613,22266,EASTER DECORATION HANGING BUNNY,6,2011-01-30 14:36:00,0.65,17431.0,United Kingdom
542613,22270,HAPPY EASTER HANGING DECORATION,3,2011-01-30 14:36:00,3.75,17431.0,United Kingdom
542613,22247,BUNNY DECORATION MAGIC GARDEN,6,2011-01-30 14:36:00,0.85,17431.0,United Kingdom
542613,22250,DECORATION  BUTTERFLY  MAGIC GARDEN,6,2011-01-30 14:36:00,0.85,17431.0,United Kingdom
542613,22248,DECORATION  PINK CHICK MAGIC GARDEN,6,2011-01-30 14:36:00,0.85,17431.0,United Kingdom
542613,21977,PACK OF 60 PINK PAISLEY CAKE CASES,1,2011-01-30 14:36:00,0.55,17431.0,United Kingdom
542613,22577,WOODEN HEART CHRISTMAS SCANDINAVIAN,4,2011-01-30 14:36:00,0.85,17431.0,United Kingdom
542613,85203,HANGING WOOD AND FELT BUTTERFLY ,5,2011-01-30 14:36:00,0.42,17431.0,United Kingdom
542613,20774,GREEN FERN NOTEBOOK,3,2011-01-30 14:36:00,1.65,17431.0,United Kingdom
542613,20773,BLUE PAISLEY NOTEBOOK,3,2011-01-30 14:36:00,1.65,17431.0,United Kingdom
542613,22241,GARLAND WOODEN HAPPY EASTER,1,2011-01-30 14:36:00,1.25,17431.0,United Kingdom
542613,85194L,HANGING SPRING FLOWER EGG LARGE,36,2011-01-30 14:36:00,0.85,17431.0,United Kingdom
542613,22229,BUNNY WOODEN PAINTED WITH FLOWER ,12,2011-01-30 14:36:00,0.85,17431.0,United Kingdom
542613,22228,BUNNY WOODEN PAINTED WITH BIRD ,12,2011-01-30 14:36:00,0.85,17431.0,United Kingdom
542613,21039,RED RETROSPOT SHOPPING BAG,3,2011-01-30 14:36:00,2.55,17431.0,United Kingdom
542613,21035,SET/2 RED RETROSPOT TEA TOWELS ,3,2011-01-30 14:36:00,2.95,17431.0,United Kingdom
542613,21977,PACK OF 60 PINK PAISLEY CAKE CASES,2,2011-01-30 14:36:00,0.55,17431.0,United Kingdom
542613,21212,PACK OF 72 RETROSPOT CAKE CASES,4,2011-01-30 14:36:00,0.55,17431.0,United Kingdom
542613,84919,BLUE CUSHION COVER WITH FLOWER,2,2011-01-30 14:36:00,6.95,17431.0,United Kingdom
542613,84907,PINK YELLOW PATCH CUSHION COVER,2,2011-01-30 14:36:00,7.65,17431.0,United Kingdom
542613,21985,PACK OF 12 HEARTS DESIGN TISSUES ,12,2011-01-30 14:36:00,0.29,17431.0,United Kingdom
542613,22499,WOODEN UNION JACK BUNTING,1,2011-01-30 14:36:00,5.95,17431.0,United Kingdom
542613,20676,RED RETROSPOT BOWL,6,2011-01-30 14:36:00,1.25,17431.0,United Kingdom
542613,21210,SET OF 72 RETROSPOT PAPER  DOILIES,3,2011-01-30 14:36:00,1.45,17431.0,United Kingdom
542613,21974,SET OF 36 PAISLEY FLOWER DOILIES,3,2011-01-30 14:36:00,1.45,17431.0,United Kingdom
542613,22969,HOMEMADE JAM SCENTED CANDLES,3,2011-01-30 14:36:00,1.45,17431.0,United Kingdom
542613,20762,GREEN FERN SKETCHBOOK ,3,2011-01-30 14:36:00,3.75,17431.0,United Kingdom
542613,20761,BLUE PAISLEY SKETCHBOOK,3,2011-01-30 14:36:00,3.75,17431.0,United Kingdom
542613,22961,JAM MAKING SET PRINTED,24,2011-01-30 14:36:00,1.45,17431.0,United Kingdom
542613,22960,JAM MAKING SET WITH JARS,4,2011-01-30 14:36:00,4.25,17431.0,United Kingdom
542613,22720,SET OF 3 CAKE TINS PANTRY DESIGN ,5,2011-01-30 14:36:00,4.95,17431.0,United Kingdom
542613,22908,PACK OF 20 NAPKINS RED APPLES,3,2011-01-30 14:36:00,0.85,17431.0,United Kingdom
542613,21291,SMALL POLKADOT CHOCOLATE GIFT BAG ,16,2011-01-30 14:36:00,0.85,17431.0,United Kingdom
542613,22907,PACK OF 20 NAPKINS PANTRY DESIGN,6,2011-01-30 14:36:00,0.85,17431.0,United Kingdom
542613,22644,CERAMIC CHERRY CAKE MONEY BANK,4,2011-01-30 14:36:00,1.45,17431.0,United Kingdom
542613,20914,SET/5 RED RETROSPOT LID GLASS BOWLS,3,2011-01-30 14:36:00,2.95,17431.0,United Kingdom
542613,22859,EASTER TIN BUNNY BOUQUET,6,2011-01-30 14:36:00,1.65,17431.0,United Kingdom
542613,21385,IVORY HANGING DECORATION  HEART,24,2011-01-30 14:36:00,0.85,17431.0,United Kingdom
542613,22294,HEART FILIGREE DOVE  SMALL,24,2011-01-30 14:36:00,1.25,17431.0,United Kingdom
542613,22303,COFFEE MUG APPLES DESIGN,6,2011-01-30 14:36:00,2.55,17431.0,United Kingdom
542613,21380,WOODEN HAPPY BIRTHDAY GARLAND,3,2011-01-30 14:36:00,2.95,17431.0,United Kingdom
542614,21755,LOVE BUILDING BLOCK WORD,6,2011-01-30 14:37:00,5.95,15708.0,United Kingdom
542614,21754,HOME BUILDING BLOCK WORD,3,2011-01-30 14:37:00,5.95,15708.0,United Kingdom
542614,21380,WOODEN HAPPY BIRTHDAY GARLAND,6,2011-01-30 14:37:00,2.95,15708.0,United Kingdom
542614,22469,HEART OF WICKER SMALL,12,2011-01-30 14:37:00,1.65,15708.0,United Kingdom
542614,22470,HEART OF WICKER LARGE,12,2011-01-30 14:37:00,2.95,15708.0,United Kingdom
542614,21733,RED HANGING HEART T-LIGHT HOLDER,12,2011-01-30 14:37:00,2.95,15708.0,United Kingdom
542614,85123A,WHITE HANGING HEART T-LIGHT HOLDER,12,2011-01-30 14:37:00,2.95,15708.0,United Kingdom
542615,21476,STEEL SWEETHEART ROUND TABLE CREAM,1,2011-01-30 15:22:00,14.95,13148.0,United Kingdom
542616,20975,12 PENCILS SMALL TUBE RED RETROSPOT,24,2011-01-30 15:40:00,0.65,16816.0,United Kingdom
542616,20749,ASSORTED COLOUR MINI CASES,2,2011-01-30 15:40:00,7.95,16816.0,United Kingdom
542616,22457,NATURAL SLATE HEART CHALKBOARD ,6,2011-01-30 15:40:00,2.95,16816.0,United Kingdom
542616,22505,MEMO BOARD COTTAGE DESIGN,4,2011-01-30 15:40:00,4.95,16816.0,United Kingdom
542616,22585,PACK OF 6 BIRDY GIFT TAGS,12,2011-01-30 15:40:00,1.25,16816.0,United Kingdom
542616,22261,FELT EGG COSY WHITE RABBIT ,12,2011-01-30 15:40:00,0.85,16816.0,United Kingdom
542616,21135,VICTORIAN  METAL POSTCARD SPRING,8,2011-01-30 15:40:00,1.69,16816.0,United Kingdom
542616,47566,PARTY BUNTING,5,2011-01-30 15:40:00,4.65,16816.0,United Kingdom
542616,22975,SPACEBOY CHILDRENS EGG CUP,12,2011-01-30 15:40:00,1.25,16816.0,United Kingdom
542616,22977,DOLLY GIRL CHILDRENS EGG CUP,12,2011-01-30 15:40:00,1.25,16816.0,United Kingdom
542616,22813,PACK 3 BOXES BIRD PANNETONE ,12,2011-01-30 15:40:00,1.95,16816.0,United Kingdom
542616,22583,PACK OF 6 HANDBAG GIFT BOXES,6,2011-01-30 15:40:00,2.55,16816.0,United Kingdom
542616,22318,FIVE HEART HANGING DECORATION,6,2011-01-30 15:40:00,2.95,16816.0,United Kingdom
542616,21114,LAVENDER SCENTED FABRIC HEART,10,2011-01-30 15:40:00,1.25,16816.0,United Kingdom
542616,22759,SET OF 3 NOTEBOOKS IN PARCEL,12,2011-01-30 15:40:00,1.65,16816.0,United Kingdom
542617,21500,PINK POLKADOT WRAP ,25,2011-01-30 15:48:00,0.42,17463.0,United Kingdom
542617,21499,BLUE POLKADOT WRAP,25,2011-01-30 15:48:00,0.42,17463.0,United Kingdom
542617,21495,SKULLS AND CROSSBONES WRAP,25,2011-01-30 15:48:00,0.42,17463.0,United Kingdom
542617,22986,GINGHAM ROSE WRAP,25,2011-01-30 15:48:00,0.42,17463.0,United Kingdom
542617,21033,JUMBO BAG CHARLIE AND LOLA TOYS,2,2011-01-30 15:48:00,2.95,17463.0,United Kingdom
542617,48184,DOORMAT ENGLISH ROSE ,1,2011-01-30 15:48:00,7.95,17463.0,United Kingdom
542617,20731,POSY CANDY BAG,3,2011-01-30 15:48:00,1.25,17463.0,United Kingdom
542617,21683,MEDIUM MEDINA STAMPED METAL BOWL ,2,2011-01-30 15:48:00,2.95,17463.0,United Kingdom
542617,22566,FELTCRAFT HAIRBAND PINK AND PURPLE,1,2011-01-30 15:48:00,0.85,17463.0,United Kingdom
542617,21326,AGED GLASS SILVER T-LIGHT HOLDER,4,2011-01-30 15:48:00,0.65,17463.0,United Kingdom
542617,22566,FELTCRAFT HAIRBAND PINK AND PURPLE,1,2011-01-30 15:48:00,0.85,17463.0,United Kingdom
542617,22586,FELTCRAFT HAIRBAND PINK AND BLUE,2,2011-01-30 15:48:00,0.85,17463.0,United Kingdom
542617,22565,FELTCRAFT HAIRBANDS PINK AND WHITE ,2,2011-01-30 15:48:00,0.85,17463.0,United Kingdom
542617,21733,RED HANGING HEART T-LIGHT HOLDER,2,2011-01-30 15:48:00,2.95,17463.0,United Kingdom
542617,79071B,ENGLISH ROSE METAL WASTE BIN,2,2011-01-30 15:48:00,2.95,17463.0,United Kingdom
542617,22804,CANDLEHOLDER PINK HANGING HEART,4,2011-01-30 15:48:00,2.95,17463.0,United Kingdom
542617,21161,KEEP OUT BOYS DOOR HANGER ,3,2011-01-30 15:48:00,1.45,17463.0,United Kingdom
542617,22558,CLOTHES PEGS RETROSPOT PACK 24 ,2,2011-01-30 15:48:00,1.49,17463.0,United Kingdom
542617,20830,SILVER PHOTO FRAME,2,2011-01-30 15:48:00,2.1,17463.0,United Kingdom
542617,22133,PINK LOVE HEART SHAPE CUP,2,2011-01-30 15:48:00,0.85,17463.0,United Kingdom
542617,22147,FELTCRAFT BUTTERFLY HEARTS,2,2011-01-30 15:48:00,1.45,17463.0,United Kingdom
542617,22150,3 STRIPEY MICE FELTCRAFT,1,2011-01-30 15:48:00,1.95,17463.0,United Kingdom
542617,22148,EASTER CRAFT 4 CHICKS ,2,2011-01-30 15:48:00,1.95,17463.0,United Kingdom
542617,22149,FELTCRAFT 6 FLOWER FRIENDS,2,2011-01-30 15:48:00,2.1,17463.0,United Kingdom
542617,84817,DANISH ROSE DECORATIVE PLATE,3,2011-01-30 15:48:00,2.1,17463.0,United Kingdom
542617,84821,DANISH ROSE DELUXE COASTER,6,2011-01-30 15:48:00,0.85,17463.0,United Kingdom
542617,22433,WATERING CAN GREEN DINOSAUR,2,2011-01-30 15:48:00,1.95,17463.0,United Kingdom
542617,22432,WATERING CAN PINK BUNNY,2,2011-01-30 15:48:00,1.95,17463.0,United Kingdom
542617,84879,ASSORTED COLOUR BIRD ORNAMENT,8,2011-01-30 15:48:00,1.69,17463.0,United Kingdom
542617,20727,LUNCH BAG  BLACK SKULL.,4,2011-01-30 15:48:00,1.65,17463.0,United Kingdom
542617,21794,CLASSIC FRENCH STYLE BASKET NATURAL,3,2011-01-30 15:48:00,6.75,17463.0,United Kingdom
542617,22384,LUNCH BAG PINK POLKADOT,3,2011-01-30 15:48:00,1.65,17463.0,United Kingdom
542617,22460,EMBOSSED GLASS TEALIGHT HOLDER,4,2011-01-30 15:48:00,1.25,17463.0,United Kingdom
542617,21682,LARGE MEDINA STAMPED METAL BOWL ,2,2011-01-30 15:48:00,4.95,17463.0,United Kingdom
542617,22469,HEART OF WICKER SMALL,5,2011-01-30 15:48:00,1.65,17463.0,United Kingdom
542617,22470,HEART OF WICKER LARGE,6,2011-01-30 15:48:00,2.95,17463.0,United Kingdom
542617,71279,PINK GLASS CANDLEHOLDER,2,2011-01-30 15:48:00,2.95,17463.0,United Kingdom
542617,84755,COLOUR GLASS T-LIGHT HOLDER HANGING,8,2011-01-30 15:48:00,0.65,17463.0,United Kingdom
542617,21534,DAIRY MAID LARGE MILK JUG,1,2011-01-30 15:48:00,4.95,17463.0,United Kingdom
542617,84945,MULTI COLOUR SILVER T-LIGHT HOLDER,8,2011-01-30 15:48:00,0.85,17463.0,United Kingdom
542617,22291,HANGING CHICK CREAM DECORATION,1,2011-01-30 15:48:00,1.45,17463.0,United Kingdom
542617,72807B,SET/3 OCEAN SCENT CANDLE JEWEL BOX,2,2011-01-30 15:48:00,4.25,17463.0,United Kingdom
542617,85036C,ROSE 1 WICK MORRIS BOXED CANDLE,3,2011-01-30 15:48:00,4.25,17463.0,United Kingdom
542617,84970S,HANGING HEART ZINC T-LIGHT HOLDER,12,2011-01-30 15:48:00,0.85,17463.0,United Kingdom
542617,85066,CREAM SWEETHEART MINI CHEST,2,2011-01-30 15:48:00,12.75,17463.0,United Kingdom
542617,84949,SILVER HANGING T-LIGHT HOLDER,4,2011-01-30 15:48:00,1.65,17463.0,United Kingdom
542617,84947,ANTIQUE SILVER TEA GLASS ENGRAVED,4,2011-01-30 15:48:00,1.25,17463.0,United Kingdom
542617,22120,WELCOME  WOODEN BLOCK LETTERS,1,2011-01-30 15:48:00,9.95,17463.0,United Kingdom
542617,21755,LOVE BUILDING BLOCK WORD,1,2011-01-30 15:48:00,5.95,17463.0,United Kingdom
542617,21754,HOME BUILDING BLOCK WORD,4,2011-01-30 15:48:00,5.95,17463.0,United Kingdom
542617,84707B,PINK JEWELLED MIRROR TRINKET TRAY,2,2011-01-30 15:48:00,9.95,17463.0,United Kingdom
542617,85024B,EAU DE NILE JEWELLED PHOTOFRAME,3,2011-01-30 15:48:00,1.65,17463.0,United Kingdom
542617,85025B,EAU DE NILE HEART SHAPE PHOTO FRAME,2,2011-01-30 15:48:00,1.65,17463.0,United Kingdom
542617,85025B,EAU DE NILE HEART SHAPE PHOTO FRAME,2,2011-01-30 15:48:00,1.65,17463.0,United Kingdom
542617,21668,RED STRIPE CERAMIC DRAWER KNOB,6,2011-01-30 15:48:00,1.25,17463.0,United Kingdom
542617,21669,BLUE STRIPE CERAMIC DRAWER KNOB,6,2011-01-30 15:48:00,1.25,17463.0,United Kingdom
542617,21670,BLUE SPOT CERAMIC DRAWER KNOB,12,2011-01-30 15:48:00,1.25,17463.0,United Kingdom
542617,21673,WHITE SPOT BLUE CERAMIC DRAWER KNOB,6,2011-01-30 15:48:00,1.25,17463.0,United Kingdom
542617,21671,RED SPOT CERAMIC DRAWER KNOB,12,2011-01-30 15:48:00,1.25,17463.0,United Kingdom
542617,21985,PACK OF 12 HEARTS DESIGN TISSUES ,12,2011-01-30 15:48:00,0.29,17463.0,United Kingdom
542617,85053,FRENCH ENAMEL CANDLEHOLDER,2,2011-01-30 15:48:00,2.1,17463.0,United Kingdom
542617,22291,HANGING CHICK CREAM DECORATION,1,2011-01-30 15:48:00,1.45,17463.0,United Kingdom
542617,22791,T-LIGHT GLASS FLUTED ANTIQUE,4,2011-01-30 15:48:00,1.25,17463.0,United Kingdom
542617,84978,HANGING HEART JAR T-LIGHT HOLDER,4,2011-01-30 15:48:00,1.25,17463.0,United Kingdom
542617,85035A,GARDENIA 3 WICK MORRIS BOXED CANDLE,1,2011-01-30 15:48:00,4.25,17463.0,United Kingdom
542617,72802B,OCEAN SCENT CANDLE IN JEWELLED BOX,4,2011-01-30 15:48:00,4.25,17463.0,United Kingdom
542617,21695,SMALL SILVER FLOWER CANDLE POT,4,2011-01-30 15:48:00,2.95,17463.0,United Kingdom
542617,21284,RETROSPOT CANDLE  SMALL,2,2011-01-30 15:48:00,1.69,17463.0,United Kingdom
542617,21690,SILVER  CANDLEPOT JARDIN ,2,2011-01-30 15:48:00,3.75,17463.0,United Kingdom
542617,21690,SILVER  CANDLEPOT JARDIN ,2,2011-01-30 15:48:00,3.75,17463.0,United Kingdom
542617,72351A,SET/6 TURQUOISE BUTTERFLY T-LIGHTS,4,2011-01-30 15:48:00,2.1,17463.0,United Kingdom
542617,22293,HANGING CHICK GREEN DECORATION,3,2011-01-30 15:48:00,1.45,17463.0,United Kingdom
542617,22292,HANGING CHICK  YELLOW DECORATION,4,2011-01-30 15:48:00,1.45,17463.0,United Kingdom
542617,85231B,CINAMMON SET OF 9 T-LIGHTS,3,2011-01-30 15:48:00,0.85,17463.0,United Kingdom
542617,72351A,SET/6 TURQUOISE BUTTERFLY T-LIGHTS,2,2011-01-30 15:48:00,2.1,17463.0,United Kingdom
542617,85231G,ORANGE SCENTED SET/9 T-LIGHTS,2,2011-01-30 15:48:00,0.85,17463.0,United Kingdom
542617,21294,ETCHED GLASS COASTER,4,2011-01-30 15:48:00,1.25,17463.0,United Kingdom
542617,21535,RED RETROSPOT SMALL MILK JUG,2,2011-01-30 15:48:00,2.55,17463.0,United Kingdom
542617,21534,DAIRY MAID LARGE MILK JUG,1,2011-01-30 15:48:00,4.95,17463.0,United Kingdom
542617,22170,PICTURE FRAME WOOD TRIPLE PORTRAIT,4,2011-01-30 15:48:00,6.75,17463.0,United Kingdom
542617,22171,3 HOOK PHOTO SHELF ANTIQUE WHITE,2,2011-01-30 15:48:00,8.5,17463.0,United Kingdom
542617,72802A,ROSE SCENT CANDLE IN JEWELLED BOX,3,2011-01-30 15:48:00,4.25,17463.0,United Kingdom
542617,85034A,3 GARDENIA MORRIS BOXED CANDLES,1,2011-01-30 15:48:00,4.25,17463.0,United Kingdom
542617,72807C,SET/3 VANILLA SCENTED CANDLE IN BOX,1,2011-01-30 15:48:00,4.25,17463.0,United Kingdom
542617,72803A,ROSE SCENT CANDLE JEWELLED DRAWER,3,2011-01-30 15:48:00,4.25,17463.0,United Kingdom
542617,85035A,GARDENIA 3 WICK MORRIS BOXED CANDLE,2,2011-01-30 15:48:00,4.25,17463.0,United Kingdom
542617,85040B,SET/4 BLUE FLOWER CANDLES IN BOWL,2,2011-01-30 15:48:00,1.65,17463.0,United Kingdom
542617,85040A,S/4 PINK FLOWER CANDLES IN BOWL,4,2011-01-30 15:48:00,1.65,17463.0,United Kingdom
542617,22131,FOOD CONTAINER SET 3 LOVE HEART ,2,2011-01-30 15:48:00,1.95,17463.0,United Kingdom
542617,84997D,PINK 3 PIECE POLKADOT CUTLERY SET,3,2011-01-30 15:48:00,3.75,17463.0,United Kingdom
542617,84997A,GREEN 3 PIECE POLKADOT CUTLERY SET,3,2011-01-30 15:48:00,3.75,17463.0,United Kingdom
542617,21479,WHITE SKULL HOT WATER BOTTLE ,2,2011-01-30 15:48:00,3.75,17463.0,United Kingdom
542617,21137,BLACK RECORD COVER FRAME,3,2011-01-30 15:48:00,3.75,17463.0,United Kingdom
542617,23232,WRAP VINTAGE PETALS  DESIGN,25,2011-01-30 15:48:00,0.42,17463.0,United Kingdom
542618,22078,RIBBON REEL LACE DESIGN ,1,2011-01-30 15:52:00,2.1,14502.0,United Kingdom
542618,22558,CLOTHES PEGS RETROSPOT PACK 24 ,1,2011-01-30 15:52:00,1.49,14502.0,United Kingdom
542618,22960,JAM MAKING SET WITH JARS,1,2011-01-30 15:52:00,4.25,14502.0,United Kingdom
542618,21259,VICTORIAN SEWING BOX SMALL ,1,2011-01-30 15:52:00,5.95,14502.0,United Kingdom
542618,22078,RIBBON REEL LACE DESIGN ,2,2011-01-30 15:52:00,2.1,14502.0,United Kingdom
542618,22077,6 RIBBONS RUSTIC CHARM,2,2011-01-30 15:52:00,1.65,14502.0,United Kingdom
542618,84987,SET OF 36 TEATIME PAPER DOILIES,1,2011-01-30 15:52:00,1.45,14502.0,United Kingdom
542618,84988,SET OF 72 PINK HEART PAPER DOILIES,2,2011-01-30 15:52:00,1.45,14502.0,United Kingdom
542618,21210,SET OF 72 RETROSPOT PAPER  DOILIES,1,2011-01-30 15:52:00,1.45,14502.0,United Kingdom
542618,22469,HEART OF WICKER SMALL,3,2011-01-30 15:52:00,1.65,14502.0,United Kingdom
542618,22138,BAKING SET 9 PIECE RETROSPOT ,1,2011-01-30 15:52:00,4.95,14502.0,United Kingdom
542618,20979,36 PENCILS TUBE RED RETROSPOT,1,2011-01-30 15:52:00,1.25,14502.0,United Kingdom
542618,20980,36 PENCILS TUBE POSY,1,2011-01-30 15:52:00,1.25,14502.0,United Kingdom
542618,22196,SMALL HEART MEASURING SPOONS,3,2011-01-30 15:52:00,0.85,14502.0,United Kingdom
542618,22359,GLASS JAR KINGS CHOICE,1,2011-01-30 15:52:00,2.95,14502.0,United Kingdom
542618,22361,GLASS JAR DAISY FRESH COTTON WOOL,1,2011-01-30 15:52:00,2.95,14502.0,United Kingdom
542618,22720,SET OF 3 CAKE TINS PANTRY DESIGN ,1,2011-01-30 15:52:00,4.95,14502.0,United Kingdom
542618,35241,ENAMEL BLUE RIM BISCUIT BIN,1,2011-01-30 15:52:00,4.95,14502.0,United Kingdom
542618,22558,CLOTHES PEGS RETROSPOT PACK 24 ,1,2011-01-30 15:52:00,1.49,14502.0,United Kingdom
542618,21984,PACK OF 12 PINK PAISLEY TISSUES ,4,2011-01-30 15:52:00,0.29,14502.0,United Kingdom
542618,84992,72 SWEETHEART FAIRY CAKE CASES,2,2011-01-30 15:52:00,0.55,14502.0,United Kingdom
542618,20977,36 PENCILS TUBE WOODLAND,1,2011-01-30 15:52:00,1.25,14502.0,United Kingdom
542618,21980,PACK OF 12 RED RETROSPOT TISSUES ,4,2011-01-30 15:52:00,0.29,14502.0,United Kingdom
542618,21982,PACK OF 12 SUKI TISSUES ,4,2011-01-30 15:52:00,0.29,14502.0,United Kingdom
542618,22766,PHOTO FRAME CORNICE,2,2011-01-30 15:52:00,2.95,14502.0,United Kingdom
542618,82494L,WOODEN FRAME ANTIQUE WHITE ,1,2011-01-30 15:52:00,2.95,14502.0,United Kingdom
542618,22624,IVORY KITCHEN SCALES,1,2011-01-30 15:52:00,8.5,14502.0,United Kingdom
542618,22627,MINT KITCHEN SCALES,1,2011-01-30 15:52:00,8.5,14502.0,United Kingdom
542618,22223,CAKE PLATE LOVEBIRD PINK,1,2011-01-30 15:52:00,4.95,14502.0,United Kingdom
542618,22222,CAKE PLATE LOVEBIRD WHITE,1,2011-01-30 15:52:00,4.95,14502.0,United Kingdom
542618,21430,SET/3 RED GINGHAM ROSE STORAGE BOX,2,2011-01-30 15:52:00,3.75,14502.0,United Kingdom
542618,22854,CREAM SWEETHEART EGG HOLDER,2,2011-01-30 15:52:00,4.95,14502.0,United Kingdom
542618,84884A,ANT WHITE WIRE HEART SPIRAL,1,2011-01-30 15:52:00,3.95,14502.0,United Kingdom
542618,22588,CARD HOLDER GINGHAM HEART,2,2011-01-30 15:52:00,2.55,14502.0,United Kingdom
542618,22457,NATURAL SLATE HEART CHALKBOARD ,2,2011-01-30 15:52:00,2.95,14502.0,United Kingdom
542618,22469,HEART OF WICKER SMALL,1,2011-01-30 15:52:00,1.65,14502.0,United Kingdom
542618,22667,RECIPE BOX RETROSPOT ,1,2011-01-30 15:52:00,2.95,14502.0,United Kingdom
542618,85123A,WHITE HANGING HEART T-LIGHT HOLDER,1,2011-01-30 15:52:00,2.95,14502.0,United Kingdom
542618,22804,CANDLEHOLDER PINK HANGING HEART,1,2011-01-30 15:52:00,2.95,14502.0,United Kingdom
542618,22469,HEART OF WICKER SMALL,1,2011-01-30 15:52:00,1.65,14502.0,United Kingdom
542618,22470,HEART OF WICKER LARGE,2,2011-01-30 15:52:00,2.95,14502.0,United Kingdom
542618,22666,RECIPE BOX PANTRY YELLOW DESIGN,1,2011-01-30 15:52:00,2.95,14502.0,United Kingdom
542618,21034,REX CASH+CARRY JUMBO SHOPPER,1,2011-01-30 15:52:00,0.95,14502.0,United Kingdom
542619,21902,"KEY FOB , FRONT  DOOR ",2,2011-01-30 15:54:00,0.65,13869.0,United Kingdom
542619,21900,"KEY FOB , SHED",6,2011-01-30 15:54:00,0.65,13869.0,United Kingdom
542619,21899,"KEY FOB , GARAGE DESIGN",8,2011-01-30 15:54:00,0.65,13869.0,United Kingdom
542619,21901,"KEY FOB , BACK DOOR ",5,2011-01-30 15:54:00,0.65,13869.0,United Kingdom
542619,21902,"KEY FOB , FRONT  DOOR ",6,2011-01-30 15:54:00,0.65,13869.0,United Kingdom
542619,22557,PLASTERS IN TIN VINTAGE PAISLEY ,4,2011-01-30 15:54:00,1.65,13869.0,United Kingdom
542619,22554,PLASTERS IN TIN WOODLAND ANIMALS,4,2011-01-30 15:54:00,1.65,13869.0,United Kingdom
542619,22555,PLASTERS IN TIN STRONGMAN,4,2011-01-30 15:54:00,1.65,13869.0,United Kingdom
542619,82583,HOT BATHS METAL SIGN,3,2011-01-30 15:54:00,2.1,13869.0,United Kingdom
542619,22766,PHOTO FRAME CORNICE,4,2011-01-30 15:54:00,2.95,13869.0,United Kingdom
542619,22212,FOUR HOOK  WHITE LOVEBIRDS,3,2011-01-30 15:54:00,2.1,13869.0,United Kingdom
542619,22470,HEART OF WICKER LARGE,6,2011-01-30 15:54:00,2.95,13869.0,United Kingdom
542619,22469,HEART OF WICKER SMALL,9,2011-01-30 15:54:00,1.65,13869.0,United Kingdom
542619,22188,BLACK HEART CARD HOLDER,4,2011-01-30 15:54:00,3.95,13869.0,United Kingdom
542619,22768,FAMILY PHOTO FRAME CORNICE,2,2011-01-30 15:54:00,9.95,13869.0,United Kingdom
542619,82482,WOODEN PICTURE FRAME WHITE FINISH,6,2011-01-30 15:54:00,2.55,13869.0,United Kingdom
542619,85066,CREAM SWEETHEART MINI CHEST,2,2011-01-30 15:54:00,12.75,13869.0,United Kingdom
542619,82494L,WOODEN FRAME ANTIQUE WHITE ,6,2011-01-30 15:54:00,2.95,13869.0,United Kingdom
542619,85062,PEARL CRYSTAL PUMPKIN T-LIGHT HLDR,6,2011-01-30 15:54:00,1.65,13869.0,United Kingdom
542619,20749,ASSORTED COLOUR MINI CASES,2,2011-01-30 15:54:00,7.95,13869.0,United Kingdom
542619,21755,LOVE BUILDING BLOCK WORD,6,2011-01-30 15:54:00,5.95,13869.0,United Kingdom
542619,22720,SET OF 3 CAKE TINS PANTRY DESIGN ,2,2011-01-30 15:54:00,4.95,13869.0,United Kingdom
542619,22423,REGENCY CAKESTAND 3 TIER,1,2011-01-30 15:54:00,12.75,13869.0,United Kingdom
542619,22178,VICTORIAN GLASS HANGING T-LIGHT,6,2011-01-30 15:54:00,1.25,13869.0,United Kingdom
542619,21756,BATH BUILDING BLOCK WORD,2,2011-01-30 15:54:00,5.95,13869.0,United Kingdom
542619,22920,HERB MARKER BASIL,6,2011-01-30 15:54:00,0.65,13869.0,United Kingdom
542619,22171,3 HOOK PHOTO SHELF ANTIQUE WHITE,2,2011-01-30 15:54:00,8.5,13869.0,United Kingdom
542619,22588,CARD HOLDER GINGHAM HEART,5,2011-01-30 15:54:00,2.55,13869.0,United Kingdom
542619,22457,NATURAL SLATE HEART CHALKBOARD ,6,2011-01-30 15:54:00,2.95,13869.0,United Kingdom
542619,22918,HERB MARKER PARSLEY,6,2011-01-30 15:54:00,0.65,13869.0,United Kingdom
542619,22917,HERB MARKER ROSEMARY,6,2011-01-30 15:54:00,0.65,13869.0,United Kingdom
542619,22916,HERB MARKER THYME,6,2011-01-30 15:54:00,0.65,13869.0,United Kingdom
542619,22919,HERB MARKER MINT,6,2011-01-30 15:54:00,0.65,13869.0,United Kingdom
542619,22921,HERB MARKER CHIVES ,6,2011-01-30 15:54:00,0.65,13869.0,United Kingdom
542619,21135,VICTORIAN  METAL POSTCARD SPRING,8,2011-01-30 15:54:00,1.69,13869.0,United Kingdom
542619,21136,PAINTED METAL PEARS ASSORTED,8,2011-01-30 15:54:00,1.69,13869.0,United Kingdom
542619,22926,IVORY GIANT GARDEN THERMOMETER,4,2011-01-30 15:54:00,5.95,13869.0,United Kingdom
542619,22766,PHOTO FRAME CORNICE,4,2011-01-30 15:54:00,2.95,13869.0,United Kingdom
542619,22265,EASTER DECORATION NATURAL CHICK,11,2011-01-30 15:54:00,0.65,13869.0,United Kingdom
542619,84836,ZINC METAL HEART DECORATION,5,2011-01-30 15:54:00,1.25,13869.0,United Kingdom
542619,22294,HEART FILIGREE DOVE  SMALL,6,2011-01-30 15:54:00,1.25,13869.0,United Kingdom
542619,21385,IVORY HANGING DECORATION  HEART,24,2011-01-30 15:54:00,0.85,13869.0,United Kingdom
542619,22699,ROSES REGENCY TEACUP AND SAUCER ,3,2011-01-30 15:54:00,2.95,13869.0,United Kingdom
542619,22300,COFFEE MUG DOG + BALL DESIGN,6,2011-01-30 15:54:00,2.55,13869.0,United Kingdom
542619,22301,COFFEE MUG CAT + BIRD DESIGN,6,2011-01-30 15:54:00,2.55,13869.0,United Kingdom
542619,22303,COFFEE MUG APPLES DESIGN,6,2011-01-30 15:54:00,2.55,13869.0,United Kingdom
542619,22302,COFFEE MUG PEARS  DESIGN,6,2011-01-30 15:54:00,2.55,13869.0,United Kingdom
542619,22722,SET OF 6 SPICE TINS PANTRY DESIGN,2,2011-01-30 15:54:00,3.95,13869.0,United Kingdom
542619,22723,SET OF 6 HERB TINS SKETCHBOOK,2,2011-01-30 15:54:00,3.95,13869.0,United Kingdom
542619,22832,BROCANTE SHELF WITH HOOKS,2,2011-01-30 15:54:00,10.75,13869.0,United Kingdom
