InvoiceNo,StockCode,Description,Quantity,InvoiceDate,UnitPrice,CustomerID,Country
551515,21731,RED TOADSTOOL LED NIGHT LIGHT,12,2011-05-01 10:51:00,1.65,15606.0,United Kingdom
551515,20749,ASSORTED COLOUR MINI CASES,12,2011-05-01 10:51:00,6.35,15606.0,United Kingdom
551515,22729,ALARM CLOCK BAKELIKE ORANGE,8,2011-05-01 10:51:00,3.75,15606.0,United Kingdom
551515,22998,TRAVEL CARD WALLET KEEP CALM,24,2011-05-01 10:51:00,0.42,15606.0,United Kingdom
551515,22665,RECIPE BOX BLUE SKETCHBOOK DESIGN,24,2011-05-01 10:51:00,2.55,15606.0,United Kingdom
551515,22371,AIRLINE BAG VINTAGE TOKYO 78,12,2011-05-01 10:51:00,3.95,15606.0,United Kingdom
551515,20750,RED RETROSPOT MINI CASES,12,2011-05-01 10:51:00,6.35,15606.0,United Kingdom
551516,21067,VINTAGE RED TEATIME MUG,1,2011-05-01 11:10:00,1.25,14800.0,United Kingdom
551516,21845,DAIRY MAID STRIPE MUG,1,2011-05-01 11:10:00,0.79,14800.0,United Kingdom
551516,21868,POTTING SHED TEA MUG,1,2011-05-01 11:10:00,1.25,14800.0,United Kingdom
551516,22884,NUMBER TILE VINTAGE FONT 5,1,2011-05-01 11:10:00,1.95,14800.0,United Kingdom
551516,23065,LARGE DECO JEWELLERY STAND,1,2011-05-01 11:10:00,12.5,14800.0,United Kingdom
551516,21912,VINTAGE SNAKES & LADDERS,1,2011-05-01 11:10:00,3.75,14800.0,United Kingdom
551516,21179,NO JUNK MAIL METAL SIGN,1,2011-05-01 11:10:00,1.25,14800.0,United Kingdom
551516,23205,CHARLOTTE BAG VINTAGE ALPHABET ,1,2011-05-01 11:10:00,0.85,14800.0,United Kingdom
551516,23208,LUNCH BAG VINTAGE LEAF DESIGN,1,2011-05-01 11:10:00,1.65,14800.0,United Kingdom
551516,22352,LUNCH BOX WITH CUTLERY RETROSPOT ,1,2011-05-01 11:10:00,2.55,14800.0,United Kingdom
551516,22139,RETROSPOT TEA SET CERAMIC 11 PC ,24,2011-05-01 11:10:00,4.25,14800.0,United Kingdom
551516,23077,DOUGHNUT LIP GLOSS ,20,2011-05-01 11:10:00,1.25,14800.0,United Kingdom
551516,23158,SET OF 5 LUCKY CAT MAGNETS ,12,2011-05-01 11:10:00,2.08,14800.0,United Kingdom
551516,23159,SET OF 5 PANCAKE DAY MAGNETS,12,2011-05-01 11:10:00,2.08,14800.0,United Kingdom
551516,23156,SET OF 5 MINI GROCERY MAGNETS,12,2011-05-01 11:10:00,2.08,14800.0,United Kingdom
551516,22431,WATERING CAN BLUE ELEPHANT,3,2011-05-01 11:10:00,1.95,14800.0,United Kingdom
551516,22433,WATERING CAN GREEN DINOSAUR,3,2011-05-01 11:10:00,1.95,14800.0,United Kingdom
551516,21790,VINTAGE SNAP CARDS,1,2011-05-01 11:10:00,0.85,14800.0,United Kingdom
551516,23154,SET OF 4 JAM JAR MAGNETS,12,2011-05-01 11:10:00,2.08,14800.0,United Kingdom
551516,23254,CHILDRENS CUTLERY DOLLY GIRL ,5,2011-05-01 11:10:00,4.15,14800.0,United Kingdom
551516,23256,CHILDRENS CUTLERY SPACEBOY ,5,2011-05-01 11:10:00,4.15,14800.0,United Kingdom
551516,22432,WATERING CAN PINK BUNNY,3,2011-05-01 11:10:00,1.95,14800.0,United Kingdom
551516,22941,CHRISTMAS LIGHTS 10 REINDEER,12,2011-05-01 11:10:00,8.5,14800.0,United Kingdom
551516,22560,TRADITIONAL MODELLING CLAY,24,2011-05-01 11:10:00,1.25,14800.0,United Kingdom
551516,22526,WHEELBARROW FOR CHILDREN ,1,2011-05-01 11:10:00,12.75,14800.0,United Kingdom
551516,20992,JAZZ HEARTS PURSE NOTEBOOK,24,2011-05-01 11:10:00,0.85,14800.0,United Kingdom
551516,22474,SPACEBOY TV DINNER TRAY,1,2011-05-01 11:10:00,4.95,14800.0,United Kingdom
551516,22472,TV DINNER TRAY DOLLY GIRL,1,2011-05-01 11:10:00,4.95,14800.0,United Kingdom
551516,22487,WHITE WOOD GARDEN PLANT LADDER,1,2011-05-01 11:10:00,9.95,14800.0,United Kingdom
551516,21716,BOYS VINTAGE TIN SEASIDE BUCKET,10,2011-05-01 11:10:00,2.55,14800.0,United Kingdom
551516,20727,LUNCH BAG  BLACK SKULL.,10,2011-05-01 11:10:00,1.65,14800.0,United Kingdom
551516,21981,PACK OF 12 WOODLAND TISSUES ,12,2011-05-01 11:10:00,0.29,14800.0,United Kingdom
551516,21985,PACK OF 12 HEARTS DESIGN TISSUES ,12,2011-05-01 11:10:00,0.29,14800.0,United Kingdom
551516,21982,PACK OF 12 SUKI TISSUES ,12,2011-05-01 11:10:00,0.29,14800.0,United Kingdom
551516,22751,FELTCRAFT PRINCESS OLIVIA DOLL,5,2011-05-01 11:10:00,3.75,14800.0,United Kingdom
551516,20970,PINK FLORAL FELTCRAFT SHOULDER BAG,4,2011-05-01 11:10:00,3.75,14800.0,United Kingdom
551516,22520,CHILDS GARDEN TROWEL BLUE ,6,2011-05-01 11:10:00,0.85,14800.0,United Kingdom
551516,22521,CHILDS GARDEN TROWEL PINK,3,2011-05-01 11:10:00,0.85,14800.0,United Kingdom
551516,21718,RED METAL BEACH SPADE ,10,2011-05-01 11:10:00,1.25,14800.0,United Kingdom
551516,22750,FELTCRAFT PRINCESS LOLA DOLL,4,2011-05-01 11:10:00,3.75,14800.0,United Kingdom
551516,23207,LUNCH BAG ALPHABET DESIGN,6,2011-05-01 11:10:00,1.65,14800.0,United Kingdom
551516,23208,LUNCH BAG VINTAGE LEAF DESIGN,5,2011-05-01 11:10:00,1.65,14800.0,United Kingdom
551516,23205,CHARLOTTE BAG VINTAGE ALPHABET ,10,2011-05-01 11:10:00,0.85,14800.0,United Kingdom
551516,22437,SET OF 9 BLACK SKULL BALLOONS,5,2011-05-01 11:10:00,0.85,14800.0,United Kingdom
551516,22752,SET 7 BABUSHKA NESTING BOXES,2,2011-05-01 11:10:00,8.5,14800.0,United Kingdom
551516,22436,12 COLOURED PARTY BALLOONS,10,2011-05-01 11:10:00,0.65,14800.0,United Kingdom
551516,23176,ABC TREASURE BOOK BOX ,1,2011-05-01 11:10:00,2.25,14800.0,United Kingdom
551516,23194,GYMKHANA TREASURE BOOK BOX,1,2011-05-01 11:10:00,2.25,14800.0,United Kingdom
551516,23177,TREASURE ISLAND BOOK BOX,1,2011-05-01 11:10:00,2.25,14800.0,United Kingdom
551516,20972,PINK CREAM FELT CRAFT TRINKET BOX ,3,2011-05-01 11:10:00,1.25,14800.0,United Kingdom
551516,20971,PINK BLUE FELT CRAFT TRINKET BOX,2,2011-05-01 11:10:00,1.25,14800.0,United Kingdom
551516,22128,PARTY CONES CANDY ASSORTED,6,2011-05-01 11:10:00,1.25,14800.0,United Kingdom
551516,22029,SPACEBOY BIRTHDAY CARD,12,2011-05-01 11:10:00,0.42,14800.0,United Kingdom
551516,22712,CARD DOLLY GIRL ,24,2011-05-01 11:10:00,0.42,14800.0,United Kingdom
551516,22998,TRAVEL CARD WALLET KEEP CALM,24,2011-05-01 11:10:00,0.42,14800.0,United Kingdom
551516,22385,JUMBO BAG SPACEBOY DESIGN,2,2011-05-01 11:10:00,2.08,14800.0,United Kingdom
551516,22663,JUMBO BAG DOLLY GIRL DESIGN,2,2011-05-01 11:10:00,2.08,14800.0,United Kingdom
551516,23201,JUMBO BAG ALPHABET,2,2011-05-01 11:10:00,2.08,14800.0,United Kingdom
551516,22411,JUMBO SHOPPER VINTAGE RED PAISLEY,2,2011-05-01 11:10:00,2.08,14800.0,United Kingdom
551516,21251,DINOSAUR HEIGHT CHART STICKER SET,5,2011-05-01 11:10:00,2.95,14800.0,United Kingdom
551516,21912,VINTAGE SNAKES & LADDERS,1,2011-05-01 11:10:00,3.75,14800.0,United Kingdom
551516,20969,RED FLORAL FELTCRAFT SHOULDER BAG,2,2011-05-01 11:10:00,3.75,14800.0,United Kingdom
551516,21888,BINGO SET,1,2011-05-01 11:10:00,3.75,14800.0,United Kingdom
551516,22549,PICTURE DOMINOES,2,2011-05-01 11:10:00,1.45,14800.0,United Kingdom
551516,21791,VINTAGE HEADS AND TAILS CARD GAME ,2,2011-05-01 11:10:00,1.25,14800.0,United Kingdom
551516,22559,SEASIDE FLYING DISC,5,2011-05-01 11:10:00,1.25,14800.0,United Kingdom
551516,22708,WRAP DOLLY GIRL,25,2011-05-01 11:10:00,0.42,14800.0,United Kingdom
551516,22045,SPACEBOY GIFT WRAP,25,2011-05-01 11:10:00,0.42,14800.0,United Kingdom
551517,22435,SET OF 9 HEART SHAPED BALLOONS,3,2011-05-01 11:14:00,1.25,16931.0,United Kingdom
551517,23283,DOORMAT VINTAGE LEAVES DESIGN ,1,2011-05-01 11:14:00,7.95,16931.0,United Kingdom
551517,21991,BOHEMIAN COLLAGE STATIONERY SET,3,2011-05-01 11:14:00,2.95,16931.0,United Kingdom
551517,85144,JARDIN ETCHED GLASS CHEESE DISH,1,2011-05-01 11:14:00,1.95,16931.0,United Kingdom
551517,22771,CLEAR DRAWER KNOB ACRYLIC EDWARDIAN,2,2011-05-01 11:14:00,1.25,16931.0,United Kingdom
551517,22149,FELTCRAFT 6 FLOWER FRIENDS,3,2011-05-01 11:14:00,2.1,16931.0,United Kingdom
551517,22548,HEADS AND TAILS SPORTING FUN,2,2011-05-01 11:14:00,1.25,16931.0,United Kingdom
551517,21892,TRADITIONAL WOODEN CATCH CUP GAME ,1,2011-05-01 11:14:00,1.25,16931.0,United Kingdom
551517,84879,ASSORTED COLOUR BIRD ORNAMENT,1,2011-05-01 11:14:00,1.69,16931.0,United Kingdom
551517,22904,CALENDAR PAPER CUT DESIGN,3,2011-05-01 11:14:00,2.95,16931.0,United Kingdom
551517,20972,PINK CREAM FELT CRAFT TRINKET BOX ,3,2011-05-01 11:14:00,1.25,16931.0,United Kingdom
551517,20971,PINK BLUE FELT CRAFT TRINKET BOX,3,2011-05-01 11:14:00,1.25,16931.0,United Kingdom
551517,22551,PLASTERS IN TIN SPACEBOY,2,2011-05-01 11:14:00,1.65,16931.0,United Kingdom
551517,22555,PLASTERS IN TIN STRONGMAN,3,2011-05-01 11:14:00,1.65,16931.0,United Kingdom
551517,22554,PLASTERS IN TIN WOODLAND ANIMALS,3,2011-05-01 11:14:00,1.65,16931.0,United Kingdom
551517,22557,PLASTERS IN TIN VINTAGE PAISLEY ,3,2011-05-01 11:14:00,1.65,16931.0,United Kingdom
551517,22995,TRAVEL CARD WALLET SUKI,4,2011-05-01 11:14:00,0.42,16931.0,United Kingdom
551517,22999,TRAVEL CARD WALLET RETRO PETALS,3,2011-05-01 11:14:00,0.42,16931.0,United Kingdom
551517,23006,TRAVEL CARD WALLET FLOWER MEADOW,3,2011-05-01 11:14:00,0.42,16931.0,United Kingdom
551517,23004,TRAVEL CARD WALLET PANTRY,3,2011-05-01 11:14:00,0.42,16931.0,United Kingdom
551517,23003,TRAVEL CARD WALLET VINTAGE ROSE ,3,2011-05-01 11:14:00,0.42,16931.0,United Kingdom
551517,22147,FELTCRAFT BUTTERFLY HEARTS,3,2011-05-01 11:14:00,1.45,16931.0,United Kingdom
551517,22570,FELTCRAFT CUSHION RABBIT,2,2011-05-01 11:14:00,3.75,16931.0,United Kingdom
551517,23201,JUMBO BAG ALPHABET,1,2011-05-01 11:14:00,2.08,16931.0,United Kingdom
551517,23205,CHARLOTTE BAG VINTAGE ALPHABET ,3,2011-05-01 11:14:00,0.85,16931.0,United Kingdom
551517,20726,LUNCH BAG WOODLAND,3,2011-05-01 11:14:00,1.65,16931.0,United Kingdom
551517,21294,ETCHED GLASS COASTER,8,2011-05-01 11:14:00,0.39,16931.0,United Kingdom
551517,21792,CLASSIC FRENCH STYLE BASKET GREEN ,1,2011-05-01 11:14:00,3.95,16931.0,United Kingdom
551517,21932,SCANDINAVIAN PAISLEY PICNIC BAG,3,2011-05-01 11:14:00,1.65,16931.0,United Kingdom
551517,85123A,WHITE HANGING HEART T-LIGHT HOLDER,2,2011-05-01 11:14:00,2.95,16931.0,United Kingdom
551517,22560,TRADITIONAL MODELLING CLAY,3,2011-05-01 11:14:00,1.25,16931.0,United Kingdom
551517,79030G,TUMBLER NEW ENGLAND,12,2011-05-01 11:14:00,0.39,16931.0,United Kingdom
551517,22432,WATERING CAN PINK BUNNY,1,2011-05-01 11:14:00,1.95,16931.0,United Kingdom
551517,22433,WATERING CAN GREEN DINOSAUR,2,2011-05-01 11:14:00,1.95,16931.0,United Kingdom
551517,22431,WATERING CAN BLUE ELEPHANT,3,2011-05-01 11:14:00,1.95,16931.0,United Kingdom
551517,85040A,S/4 PINK FLOWER CANDLES IN BOWL,2,2011-05-01 11:14:00,1.65,16931.0,United Kingdom
551517,21993,FLORAL FOLK STATIONERY SET,3,2011-05-01 11:14:00,2.95,16931.0,United Kingdom
551517,84510A,SET OF 4 ENGLISH ROSE COASTERS,6,2011-05-01 11:14:00,1.25,16931.0,United Kingdom
551517,21868,POTTING SHED TEA MUG,3,2011-05-01 11:14:00,1.25,16931.0,United Kingdom
551517,21871,SAVE THE PLANET MUG,6,2011-05-01 11:14:00,1.25,16931.0,United Kingdom
551517,85141,JARDIN ETCHED GLASS FRUITBOWL,1,2011-05-01 11:14:00,3.95,16931.0,United Kingdom
551517,22139,RETROSPOT TEA SET CERAMIC 11 PC ,3,2011-05-01 11:14:00,4.95,16931.0,United Kingdom
551517,84378,SET OF 3 HEART COOKIE CUTTERS,3,2011-05-01 11:14:00,1.25,16931.0,United Kingdom
551517,22993,SET OF 4 PANTRY JELLY MOULDS,3,2011-05-01 11:14:00,1.25,16931.0,United Kingdom
551517,84519B,CARROT CHARLIE+LOLA COASTER SET,3,2011-05-01 11:14:00,1.25,16931.0,United Kingdom
551517,85132B,CHARLIE AND LOLA TABLE TINS,1,2011-05-01 11:14:00,1.95,16931.0,United Kingdom
551517,85132C,CHARLIE AND LOLA FIGURES TINS,1,2011-05-01 11:14:00,1.95,16931.0,United Kingdom
551517,85132A,CHARLIE + LOLA BISCUITS TINS,1,2011-05-01 11:14:00,1.95,16931.0,United Kingdom
551518,23146,TRIPLE HOOK ANTIQUE IVORY ROSE,3,2011-05-01 11:36:00,3.29,15708.0,United Kingdom
551518,22192,BLUE DINER WALL CLOCK,1,2011-05-01 11:36:00,8.5,15708.0,United Kingdom
551518,22423,REGENCY CAKESTAND 3 TIER,1,2011-05-01 11:36:00,12.75,15708.0,United Kingdom
551518,82482,WOODEN PICTURE FRAME WHITE FINISH,12,2011-05-01 11:36:00,2.55,15708.0,United Kingdom
551518,82484,WOOD BLACK BOARD ANT WHITE FINISH,4,2011-05-01 11:36:00,7.95,15708.0,United Kingdom
551518,22456,NATURAL SLATE CHALKBOARD LARGE ,6,2011-05-01 11:36:00,4.95,15708.0,United Kingdom
551518,85123A,WHITE HANGING HEART T-LIGHT HOLDER,10,2011-05-01 11:36:00,2.95,15708.0,United Kingdom
551518,22457,NATURAL SLATE HEART CHALKBOARD ,12,2011-05-01 11:36:00,2.95,15708.0,United Kingdom
551518,71038,WHITE HANGING BEADS CANDLE HOLDER,12,2011-05-01 11:36:00,5.45,15708.0,United Kingdom
551518,84406B,CREAM CUPID HEARTS COAT HANGER,1,2011-05-01 11:36:00,4.15,15708.0,United Kingdom
551518,72741,GRAND CHOCOLATECANDLE,9,2011-05-01 11:36:00,1.45,15708.0,United Kingdom
551518,22969,HOMEMADE JAM SCENTED CANDLES,12,2011-05-01 11:36:00,1.45,15708.0,United Kingdom
551518,23147,SINGLE ANTIQUE ROSE HOOK IVORY,6,2011-05-01 11:36:00,1.45,15708.0,United Kingdom
551518,21916,SET 12 RETRO WHITE CHALK STICKS,9,2011-05-01 11:36:00,0.42,15708.0,United Kingdom
551518,84997C,CHILDRENS CUTLERY POLKADOT BLUE,2,2011-05-01 11:36:00,4.15,15708.0,United Kingdom
551518,84997A,CHILDRENS CUTLERY POLKADOT GREEN ,2,2011-05-01 11:36:00,4.15,15708.0,United Kingdom
551518,84997D,CHILDRENS CUTLERY POLKADOT PINK,2,2011-05-01 11:36:00,4.15,15708.0,United Kingdom
551518,84997B,CHILDRENS CUTLERY RETROSPOT RED ,2,2011-05-01 11:36:00,4.15,15708.0,United Kingdom
551518,72122,COFFEE SCENT PILLAR CANDLE,3,2011-05-01 11:36:00,0.95,15708.0,United Kingdom
551518,22729,ALARM CLOCK BAKELIKE ORANGE,1,2011-05-01 11:36:00,3.75,15708.0,United Kingdom
551518,22728,ALARM CLOCK BAKELIKE PINK,1,2011-05-01 11:36:00,3.75,15708.0,United Kingdom
551518,22730,ALARM CLOCK BAKELIKE IVORY,1,2011-05-01 11:36:00,3.75,15708.0,United Kingdom
551518,22725,ALARM CLOCK BAKELIKE CHOCOLATE,1,2011-05-01 11:36:00,3.75,15708.0,United Kingdom
551518,22727,ALARM CLOCK BAKELIKE RED ,1,2011-05-01 11:36:00,3.75,15708.0,United Kingdom
551518,21371,MIRRORED WALL ART POPPIES,3,2011-05-01 11:36:00,2.55,15708.0,United Kingdom
551518,35961,FOLKART ZINC HEART CHRISTMAS DEC,12,2011-05-01 11:36:00,0.85,15708.0,United Kingdom
551518,22626,BLACK KITCHEN SCALES,1,2011-05-01 11:36:00,8.5,15708.0,United Kingdom
551518,22721,SET OF 3 CAKE TINS SKETCHBOOK,3,2011-05-01 11:36:00,4.95,15708.0,United Kingdom
551518,21754,HOME BUILDING BLOCK WORD,6,2011-05-01 11:36:00,5.95,15708.0,United Kingdom
551518,22488,NATURAL SLATE RECTANGLE CHALKBOARD,7,2011-05-01 11:36:00,1.65,15708.0,United Kingdom
551519,22560,TRADITIONAL MODELLING CLAY,24,2011-05-01 11:50:00,1.25,14304.0,United Kingdom
551519,22692,DOORMAT WELCOME TO OUR HOME,2,2011-05-01 11:50:00,7.95,14304.0,United Kingdom
551519,22690,DOORMAT HOME SWEET HOME BLUE ,4,2011-05-01 11:50:00,7.95,14304.0,United Kingdom
551519,22366,DOORMAT AIRMAIL ,4,2011-05-01 11:50:00,7.95,14304.0,United Kingdom
551519,22558,CLOTHES PEGS RETROSPOT PACK 24 ,12,2011-05-01 11:50:00,1.65,14304.0,United Kingdom
551519,20685,DOORMAT RED RETROSPOT,6,2011-05-01 11:50:00,7.95,14304.0,United Kingdom
551519,22493,PAINT YOUR OWN CANVAS SET,12,2011-05-01 11:50:00,1.65,14304.0,United Kingdom
551519,22606,WOODEN SKITTLES GARDEN SET,1,2011-05-01 11:50:00,15.95,14304.0,United Kingdom
551519,21890,S/6 WOODEN SKITTLES IN COTTON BAG,6,2011-05-01 11:50:00,3.25,14304.0,United Kingdom
551519,22519,CHILDS GARDEN BRUSH PINK,6,2011-05-01 11:50:00,2.1,14304.0,United Kingdom
551519,22518,CHILDS GARDEN BRUSH BLUE,6,2011-05-01 11:50:00,2.1,14304.0,United Kingdom
551519,22087,PAPER BUNTING WHITE LACE,12,2011-05-01 11:50:00,2.95,14304.0,United Kingdom
551519,22693,GROW A FLYTRAP OR SUNFLOWER IN TIN,24,2011-05-01 11:50:00,1.25,14304.0,United Kingdom
551519,22617,BAKING SET SPACEBOY DESIGN,3,2011-05-01 11:50:00,4.95,14304.0,United Kingdom
551519,20750,RED RETROSPOT MINI CASES,2,2011-05-01 11:50:00,7.95,14304.0,United Kingdom
551519,22138,BAKING SET 9 PIECE RETROSPOT ,3,2011-05-01 11:50:00,4.95,14304.0,United Kingdom
551519,22966,GINGERBREAD MAN COOKIE CUTTER,12,2011-05-01 11:50:00,1.25,14304.0,United Kingdom
551520,21137,BLACK RECORD COVER FRAME,2,2011-05-01 11:55:00,3.75,13301.0,United Kingdom
551520,85049E,SCANDINAVIAN REDS RIBBONS,3,2011-05-01 11:55:00,1.25,13301.0,United Kingdom
551520,85049A,TRADITIONAL CHRISTMAS RIBBONS,3,2011-05-01 11:55:00,1.25,13301.0,United Kingdom
551520,22075,6 RIBBONS ELEGANT CHRISTMAS ,3,2011-05-01 11:55:00,1.65,13301.0,United Kingdom
551520,22294,HEART FILIGREE DOVE  SMALL,24,2011-05-01 11:55:00,1.25,13301.0,United Kingdom
551520,21204,DAISIES  HONEYCOMB GARLAND ,3,2011-05-01 11:55:00,1.65,13301.0,United Kingdom
551520,21867,PINK UNION JACK  LUGGAGE TAG,1,2011-05-01 11:55:00,1.25,13301.0,United Kingdom
551520,21832,CHOCOLATE CALCULATOR,1,2011-05-01 11:55:00,1.65,13301.0,United Kingdom
551520,21866,UNION JACK FLAG LUGGAGE TAG,1,2011-05-01 11:55:00,1.25,13301.0,United Kingdom
551520,21713,CITRONELLA CANDLE FLOWERPOT,4,2011-05-01 11:55:00,2.1,13301.0,United Kingdom
551520,23130,MISTLETOE HEART WREATH GREEN,3,2011-05-01 11:55:00,4.15,13301.0,United Kingdom
551520,22341,LOVE GARLAND PAINTED ZINC ,4,2011-05-01 11:55:00,1.65,13301.0,United Kingdom
551520,21205,MULTICOLOUR 3D BALLS GARLAND,1,2011-05-01 11:55:00,2.55,13301.0,United Kingdom
551520,47566,PARTY BUNTING,3,2011-05-01 11:55:00,4.95,13301.0,United Kingdom
551520,22079,RIBBON REEL HEARTS DESIGN ,5,2011-05-01 11:55:00,1.65,13301.0,United Kingdom
551520,84970S,HANGING HEART ZINC T-LIGHT HOLDER,12,2011-05-01 11:55:00,0.85,13301.0,United Kingdom
551520,23068,ALUMINIUM STAMPED HEART,4,2011-05-01 11:55:00,2.49,13301.0,United Kingdom
551520,71459,HANGING JAM JAR T-LIGHT HOLDER,12,2011-05-01 11:55:00,0.85,13301.0,United Kingdom
551520,47341B,BLUE TABLE RUN FLOWER,1,2011-05-01 11:55:00,1.25,13301.0,United Kingdom
551520,47341A,FUSCHIA TABLE RUN FLOWER ,1,2011-05-01 11:55:00,1.25,13301.0,United Kingdom
551520,22158,3 HEARTS HANGING DECORATION RUSTIC,3,2011-05-01 11:55:00,2.95,13301.0,United Kingdom
C551521,22198,LARGE POPCORN HOLDER ,-2,2011-05-01 11:58:00,1.65,16401.0,United Kingdom
C551522,22662,LUNCH BAG DOLLY GIRL DESIGN,-1,2011-05-01 11:59:00,1.65,14800.0,United Kingdom
C551522,22834,HAND WARMER BABUSHKA DESIGN,-1,2011-05-01 11:59:00,2.1,14800.0,United Kingdom
551523,22087,PAPER BUNTING WHITE LACE,18,2011-05-01 12:09:00,2.95,16634.0,United Kingdom
551524,20975,12 PENCILS SMALL TUBE RED RETROSPOT,1,2011-05-01 12:35:00,0.65,16401.0,United Kingdom
551524,47590B,PINK HAPPY BIRTHDAY BUNTING,2,2011-05-01 12:35:00,5.45,16401.0,United Kingdom
551524,47590A,BLUE HAPPY BIRTHDAY BUNTING,4,2011-05-01 12:35:00,5.45,16401.0,United Kingdom
551524,21931,JUMBO STORAGE BAG SUKI,10,2011-05-01 12:35:00,2.08,16401.0,United Kingdom
551524,22386,JUMBO BAG PINK POLKADOT,10,2011-05-01 12:35:00,2.08,16401.0,United Kingdom
551524,22346,PARTY PIZZA DISH GREEN POLKADOT,6,2011-05-01 12:35:00,0.85,16401.0,United Kingdom
551524,22345,PARTY PIZZA DISH BLUE POLKADOT,6,2011-05-01 12:35:00,0.85,16401.0,United Kingdom
551524,22344,PARTY PIZZA DISH PINK POLKADOT,6,2011-05-01 12:35:00,0.85,16401.0,United Kingdom
551524,22343,PARTY PIZZA DISH RED RETROSPOT,12,2011-05-01 12:35:00,0.85,16401.0,United Kingdom
551524,22197,SMALL POPCORN HOLDER,200,2011-05-01 12:35:00,0.72,16401.0,United Kingdom
551524,22554,PLASTERS IN TIN WOODLAND ANIMALS,24,2011-05-01 12:35:00,1.65,16401.0,United Kingdom
551524,22557,PLASTERS IN TIN VINTAGE PAISLEY ,24,2011-05-01 12:35:00,1.65,16401.0,United Kingdom
551524,21828,EIGHT PIECE SNAKE  SET,1,2011-05-01 12:35:00,1.25,16401.0,United Kingdom
551524,22433,WATERING CAN GREEN DINOSAUR,5,2011-05-01 12:35:00,1.95,16401.0,United Kingdom
551524,21592,RETROSPOT CIGAR BOX MATCHES ,24,2011-05-01 12:35:00,1.25,16401.0,United Kingdom
551524,21584,RETROSPOT SMALL TUBE MATCHES,20,2011-05-01 12:35:00,1.65,16401.0,United Kingdom
551524,22432,WATERING CAN PINK BUNNY,5,2011-05-01 12:35:00,1.95,16401.0,United Kingdom
551524,22431,WATERING CAN BLUE ELEPHANT,5,2011-05-01 12:35:00,1.95,16401.0,United Kingdom
551524,21986,PACK OF 12 PINK POLKADOT TISSUES,12,2011-05-01 12:35:00,0.29,16401.0,United Kingdom
551524,21982,PACK OF 12 SUKI TISSUES ,12,2011-05-01 12:35:00,0.29,16401.0,United Kingdom
551524,21985,PACK OF 12 HEARTS DESIGN TISSUES ,12,2011-05-01 12:35:00,0.29,16401.0,United Kingdom
551524,20728,LUNCH BAG CARS BLUE,10,2011-05-01 12:35:00,1.65,16401.0,United Kingdom
551524,20725,LUNCH BAG RED RETROSPOT,10,2011-05-01 12:35:00,1.65,16401.0,United Kingdom
551524,22383,LUNCH BAG SUKI DESIGN ,10,2011-05-01 12:35:00,1.65,16401.0,United Kingdom
551525,23201,JUMBO BAG ALPHABET,20,2011-05-01 12:37:00,2.08,14667.0,United Kingdom
551525,21056,DOCTOR'S BAG SOFT TOY,1,2011-05-01 12:37:00,8.95,14667.0,United Kingdom
551525,21054,NURSE'S BAG SOFT TOY,1,2011-05-01 12:37:00,8.95,14667.0,United Kingdom
551525,22908,PACK OF 20 NAPKINS RED APPLES,12,2011-05-01 12:37:00,0.85,14667.0,United Kingdom
551525,21928,JUMBO BAG SCANDINAVIAN BLUE PAISLEY,10,2011-05-01 12:37:00,2.08,14667.0,United Kingdom
551525,22377,BOTTLE BAG RETROSPOT ,10,2011-05-01 12:37:00,2.1,14667.0,United Kingdom
551525,85099B,JUMBO BAG RED RETROSPOT,45,2011-05-01 12:37:00,2.08,14667.0,United Kingdom
551525,23199,JUMBO BAG APPLES,30,2011-05-01 12:37:00,2.08,14667.0,United Kingdom
551525,22722,SET OF 6 SPICE TINS PANTRY DESIGN,3,2011-05-01 12:37:00,3.95,14667.0,United Kingdom
551525,22723,SET OF 6 HERB TINS SKETCHBOOK,3,2011-05-01 12:37:00,3.95,14667.0,United Kingdom
551525,21212,PACK OF 72 RETROSPOT CAKE CASES,24,2011-05-01 12:37:00,0.55,14667.0,United Kingdom
551525,84991,60 TEATIME FAIRY CAKE CASES,24,2011-05-01 12:37:00,0.55,14667.0,United Kingdom
551525,22991,GIRAFFE WOODEN RULER,3,2011-05-01 12:37:00,1.95,14667.0,United Kingdom
551525,22492,MINI PAINT SET VINTAGE ,36,2011-05-01 12:37:00,0.65,14667.0,United Kingdom
551525,85049D,BRIGHT BLUES RIBBONS ,7,2011-05-01 12:37:00,1.25,14667.0,United Kingdom
551525,21592,RETROSPOT CIGAR BOX MATCHES ,5,2011-05-01 12:37:00,1.25,14667.0,United Kingdom
551525,22077,6 RIBBONS RUSTIC CHARM,10,2011-05-01 12:37:00,1.65,14667.0,United Kingdom
551525,22789,T-LIGHT HOLDER SWEETHEART HANGING,12,2011-05-01 12:37:00,1.95,14667.0,United Kingdom
551525,85049C,ROMANTIC PINKS RIBBONS ,6,2011-05-01 12:37:00,1.25,14667.0,United Kingdom
551525,21559,STRAWBERRY LUNCH BOX WITH CUTLERY,6,2011-05-01 12:37:00,2.55,14667.0,United Kingdom
551525,22352,LUNCH BOX WITH CUTLERY RETROSPOT ,6,2011-05-01 12:37:00,2.55,14667.0,United Kingdom
C551526,M,Manual,-1,2011-05-01 12:38:00,1.95,16401.0,United Kingdom
551527,21866,UNION JACK FLAG LUGGAGE TAG,4,2011-05-01 12:41:00,1.25,14395.0,United Kingdom
551527,21867,PINK UNION JACK  LUGGAGE TAG,4,2011-05-01 12:41:00,1.25,14395.0,United Kingdom
551527,21864,UNION JACK FLAG PASSPORT COVER ,4,2011-05-01 12:41:00,2.1,14395.0,United Kingdom
551527,21865,PINK UNION JACK  PASSPORT COVER ,4,2011-05-01 12:41:00,2.1,14395.0,United Kingdom
551527,82486,WOOD S/3 CABINET ANT WHITE FINISH,2,2011-05-01 12:41:00,8.95,14395.0,United Kingdom
551527,21175,GIN + TONIC DIET METAL SIGN,5,2011-05-01 12:41:00,2.55,14395.0,United Kingdom
551527,21904,HOUSE WRECKING METAL SIGN ,1,2011-05-01 12:41:00,2.1,14395.0,United Kingdom
551527,21169,YOU'RE CONFUSING ME METAL SIGN ,10,2011-05-01 12:41:00,1.69,14395.0,United Kingdom
551527,21166,COOK WITH WINE METAL SIGN ,6,2011-05-01 12:41:00,2.08,14395.0,United Kingdom
551527,21174,POTTERING IN THE SHED METAL SIGN,1,2011-05-01 12:41:00,2.08,14395.0,United Kingdom
551527,21908,CHOCOLATE THIS WAY METAL SIGN,6,2011-05-01 12:41:00,2.1,14395.0,United Kingdom
551527,21907,I'M ON HOLIDAY METAL SIGN,6,2011-05-01 12:41:00,2.1,14395.0,United Kingdom
551527,21903,MAN FLU METAL SIGN,4,2011-05-01 12:41:00,2.1,14395.0,United Kingdom
551527,21181,PLEASE ONE PERSON METAL SIGN,6,2011-05-01 12:41:00,2.1,14395.0,United Kingdom
551527,85152,HAND OVER THE CHOCOLATE   SIGN ,6,2011-05-01 12:41:00,2.1,14395.0,United Kingdom
551527,82583,HOT BATHS METAL SIGN,4,2011-05-01 12:41:00,2.1,14395.0,United Kingdom
551527,82582,AREA PATROLLED METAL SIGN,6,2011-05-01 12:41:00,2.1,14395.0,United Kingdom
551527,21172,PARTY METAL SIGN ,6,2011-05-01 12:41:00,1.45,14395.0,United Kingdom
551527,21175,GIN + TONIC DIET METAL SIGN,1,2011-05-01 12:41:00,2.55,14395.0,United Kingdom
551527,22505,MEMO BOARD COTTAGE DESIGN,1,2011-05-01 12:41:00,4.95,14395.0,United Kingdom
551527,48187,DOORMAT NEW ENGLAND,1,2011-05-01 12:41:00,7.95,14395.0,United Kingdom
551527,47566,PARTY BUNTING,6,2011-05-01 12:41:00,4.95,14395.0,United Kingdom
551527,22507,MEMO BOARD RETROSPOT  DESIGN,6,2011-05-01 12:41:00,4.95,14395.0,United Kingdom
551527,84406B,CREAM CUPID HEARTS COAT HANGER,2,2011-05-01 12:41:00,4.15,14395.0,United Kingdom
551527,22508,DOORSTOP RETROSPOT HEART,4,2011-05-01 12:41:00,3.75,14395.0,United Kingdom
551527,22854,CREAM SWEETHEART EGG HOLDER,6,2011-05-01 12:41:00,4.95,14395.0,United Kingdom
551527,21756,BATH BUILDING BLOCK WORD,6,2011-05-01 12:41:00,5.95,14395.0,United Kingdom
551527,21429,RED GINGHAM ROSE JEWELLERY BOX,1,2011-05-01 12:41:00,1.95,14395.0,United Kingdom
551527,22212,FOUR HOOK  WHITE LOVEBIRDS,6,2011-05-01 12:41:00,2.1,14395.0,United Kingdom
551527,82482,WOODEN PICTURE FRAME WHITE FINISH,6,2011-05-01 12:41:00,2.55,14395.0,United Kingdom
551527,20983,12 PENCILS TALL TUBE RED RETROSPOT,6,2011-05-01 12:41:00,0.85,14395.0,United Kingdom
551527,20984,12 PENCILS TALL TUBE POSY,6,2011-05-01 12:41:00,0.85,14395.0,United Kingdom
551527,20981,12 PENCILS TALL TUBE WOODLAND,6,2011-05-01 12:41:00,0.85,14395.0,United Kingdom
551528,47422,ASSORTED MONKEY SUCTION CUP HOOK,6,2011-05-01 12:54:00,0.42,12841.0,United Kingdom
551528,21080,SET/20 RED RETROSPOT PAPER NAPKINS ,5,2011-05-01 12:54:00,0.85,12841.0,United Kingdom
551528,15036,ASSORTED COLOURS SILK FAN,24,2011-05-01 12:54:00,0.83,12841.0,United Kingdom
551528,72760B,VINTAGE CREAM 3 BASKET CAKE STAND,2,2011-05-01 12:54:00,9.95,12841.0,United Kingdom
551528,22890,NOVELTY BISCUITS CAKE STAND 3 TIER,2,2011-05-01 12:54:00,9.95,12841.0,United Kingdom
551528,47566,PARTY BUNTING,6,2011-05-01 12:54:00,4.95,12841.0,United Kingdom
551528,22220,CAKE STAND LOVEBIRD 2 TIER WHITE,1,2011-05-01 12:54:00,9.95,12841.0,United Kingdom
551528,22061,LARGE CAKE STAND  HANGING STRAWBERY,1,2011-05-01 12:54:00,9.95,12841.0,United Kingdom
551529,21936,RED RETROSPOT PICNIC BAG,5,2011-05-01 13:18:00,2.95,12524.0,Germany
551529,22501,PICNIC BASKET WICKER LARGE,2,2011-05-01 13:18:00,9.95,12524.0,Germany
551529,22502,PICNIC BASKET WICKER SMALL,4,2011-05-01 13:18:00,5.95,12524.0,Germany
551529,22972,CHILDREN'S SPACEBOY MUG,12,2011-05-01 13:18:00,1.65,12524.0,Germany
551529,22974,CHILDRENS DOLLY GIRL MUG,12,2011-05-01 13:18:00,1.65,12524.0,Germany
551529,37340,MULTICOLOUR SPRING FLOWER MUG,48,2011-05-01 13:18:00,0.39,12524.0,Germany
551529,23204,CHARLOTTE BAG APPLES DESIGN,40,2011-05-01 13:18:00,0.85,12524.0,Germany
551529,23206,LUNCH BAG APPLE DESIGN,40,2011-05-01 13:18:00,1.65,12524.0,Germany
551529,22551,PLASTERS IN TIN SPACEBOY,12,2011-05-01 13:18:00,1.65,12524.0,Germany
551529,22554,PLASTERS IN TIN WOODLAND ANIMALS,12,2011-05-01 13:18:00,1.65,12524.0,Germany
551529,22556,PLASTERS IN TIN CIRCUS PARADE ,12,2011-05-01 13:18:00,1.65,12524.0,Germany
551529,22555,PLASTERS IN TIN STRONGMAN,12,2011-05-01 13:18:00,1.65,12524.0,Germany
551529,22745,POPPY'S PLAYHOUSE BEDROOM ,6,2011-05-01 13:18:00,2.1,12524.0,Germany
551529,22747,POPPY'S PLAYHOUSE BATHROOM,6,2011-05-01 13:18:00,2.1,12524.0,Germany
551529,22746,POPPY'S PLAYHOUSE LIVINGROOM ,6,2011-05-01 13:18:00,2.1,12524.0,Germany
551529,22748,POPPY'S PLAYHOUSE KITCHEN,6,2011-05-01 13:18:00,2.1,12524.0,Germany
551529,84828,JUNGLE POPSICLES ICE LOLLY MOULDS,48,2011-05-01 13:18:00,1.06,12524.0,Germany
551529,21242,RED RETROSPOT PLATE ,16,2011-05-01 13:18:00,1.69,12524.0,Germany
551529,21238,RED RETROSPOT CUP,32,2011-05-01 13:18:00,0.85,12524.0,Germany
551529,21086,SET/6 RED SPOTTY PAPER CUPS,24,2011-05-01 13:18:00,0.65,12524.0,Germany
551529,21088,SET/6 FRUIT SALAD PAPER CUPS,24,2011-05-01 13:18:00,0.19,12524.0,Germany
551529,21096,SET/6 FRUIT SALAD  PAPER PLATES,12,2011-05-01 13:18:00,0.39,12524.0,Germany
551529,21094,SET/6 RED SPOTTY PAPER PLATES,12,2011-05-01 13:18:00,0.85,12524.0,Germany
551529,21883,STARS GIFT TAPE ,12,2011-05-01 13:18:00,0.65,12524.0,Germany
551529,22629,SPACEBOY LUNCH BOX ,24,2011-05-01 13:18:00,1.95,12524.0,Germany
551529,20726,LUNCH BAG WOODLAND,10,2011-05-01 13:18:00,1.65,12524.0,Germany
551529,20727,LUNCH BAG  BLACK SKULL.,10,2011-05-01 13:18:00,1.65,12524.0,Germany
551529,21558,SKULL LUNCH BOX WITH CUTLERY ,12,2011-05-01 13:18:00,2.55,12524.0,Germany
551529,22352,LUNCH BOX WITH CUTLERY RETROSPOT ,60,2011-05-01 13:18:00,2.1,12524.0,Germany
551529,21559,STRAWBERRY LUNCH BOX WITH CUTLERY,60,2011-05-01 13:18:00,2.1,12524.0,Germany
551529,22631,CIRCUS PARADE LUNCH BOX ,24,2011-05-01 13:18:00,1.95,12524.0,Germany
551529,22659,LUNCH BOX I LOVE LONDON,24,2011-05-01 13:18:00,1.95,12524.0,Germany
551529,POST,POSTAGE,8,2011-05-01 13:18:00,18.0,12524.0,Germany
551530,85170C,SET/6 EAU DE NIL BIRD T-LIGHTS,1,2011-05-01 13:26:00,2.1,12748.0,United Kingdom
551531,22390,PAPERWEIGHT CHILDHOOD MEMORIES,6,2011-05-01 13:45:00,2.55,15376.0,United Kingdom
551531,22389,PAPERWEIGHT SAVE THE PLANET,6,2011-05-01 13:45:00,2.55,15376.0,United Kingdom
551531,22393,PAPERWEIGHT VINTAGE COLLAGE,5,2011-05-01 13:45:00,2.55,15376.0,United Kingdom
551531,84926F,PSYCHEDELIC TILE COASTER,12,2011-05-01 13:45:00,1.25,15376.0,United Kingdom
551531,21912,VINTAGE SNAKES & LADDERS,4,2011-05-01 13:45:00,3.75,15376.0,United Kingdom
551531,21913,VINTAGE SEASIDE JIGSAW PUZZLES,4,2011-05-01 13:45:00,3.75,15376.0,United Kingdom
551531,22413,METAL SIGN TAKE IT OR LEAVE IT ,6,2011-05-01 13:45:00,2.95,15376.0,United Kingdom
551531,21175,GIN + TONIC DIET METAL SIGN,6,2011-05-01 13:45:00,2.55,15376.0,United Kingdom
551531,21166,COOK WITH WINE METAL SIGN ,6,2011-05-01 13:45:00,2.08,15376.0,United Kingdom
551531,22548,HEADS AND TAILS SPORTING FUN,4,2011-05-01 13:45:00,1.25,15376.0,United Kingdom
551531,22619,SET OF 6 SOLDIER SKITTLES,4,2011-05-01 13:45:00,3.75,15376.0,United Kingdom
551531,21790,VINTAGE SNAP CARDS,12,2011-05-01 13:45:00,0.85,15376.0,United Kingdom
551531,21791,VINTAGE HEADS AND TAILS CARD GAME ,4,2011-05-01 13:45:00,1.25,15376.0,United Kingdom
551531,22423,REGENCY CAKESTAND 3 TIER,2,2011-05-01 13:45:00,12.75,15376.0,United Kingdom
551531,84360,TABLE LAMP WHITE SHADE WOOD BASE,2,2011-05-01 13:45:00,5.95,15376.0,United Kingdom
551531,22699,ROSES REGENCY TEACUP AND SAUCER ,4,2011-05-01 13:45:00,2.95,15376.0,United Kingdom
551531,22697,GREEN REGENCY TEACUP AND SAUCER,2,2011-05-01 13:45:00,2.95,15376.0,United Kingdom
551531,22969,HOMEMADE JAM SCENTED CANDLES,24,2011-05-01 13:45:00,1.45,15376.0,United Kingdom
551531,84358,FLOOR LAMP SHADE WOOD BASE,1,2011-05-01 13:45:00,9.95,15376.0,United Kingdom
551531,20830,SILVER PHOTO FRAME,1,2011-05-01 13:45:00,2.1,15376.0,United Kingdom
551531,22560,TRADITIONAL MODELLING CLAY,4,2011-05-01 13:45:00,1.25,15376.0,United Kingdom
551531,21116,OWL DOORSTOP,3,2011-05-01 13:45:00,4.95,15376.0,United Kingdom
551531,84597C,RETRO PINK BALL ASHTRAY ,3,2011-05-01 13:45:00,1.25,15376.0,United Kingdom
551531,84597B,RETRO BROWN BALL ASHTRAY ,3,2011-05-01 13:45:00,1.25,15376.0,United Kingdom
551531,84927F,PSYCHEDELIC TILE HOOK,4,2011-05-01 13:45:00,2.1,15376.0,United Kingdom
551531,21408,SPOTTY PINK DUCK DOORSTOP,3,2011-05-01 13:45:00,4.25,15376.0,United Kingdom
551531,84356,POMPOM CURTAIN,2,2011-05-01 13:45:00,6.95,15376.0,United Kingdom
551531,22561,WOODEN SCHOOL COLOURING SET,3,2011-05-01 13:45:00,1.65,15376.0,United Kingdom
551531,84629,WHITE 3 FRAME BIRDS AND TREE ,1,2011-05-01 13:45:00,21.95,15376.0,United Kingdom
551531,22135,MINI LADLE LOVE HEART PINK,12,2011-05-01 13:45:00,0.42,15376.0,United Kingdom
551531,22134,MINI LADLE LOVE HEART RED ,7,2011-05-01 13:45:00,0.42,15376.0,United Kingdom
551531,22131,FOOD CONTAINER SET 3 LOVE HEART ,6,2011-05-01 13:45:00,1.95,15376.0,United Kingdom
551531,22133,PINK LOVE HEART SHAPE CUP,8,2011-05-01 13:45:00,0.85,15376.0,United Kingdom
551531,22132,RED LOVE HEART SHAPE CUP,8,2011-05-01 13:45:00,0.85,15376.0,United Kingdom
551531,22781,GUMBALL MAGAZINE RACK,2,2011-05-01 13:45:00,7.65,15376.0,United Kingdom
551531,22371,AIRLINE BAG VINTAGE TOKYO 78,2,2011-05-01 13:45:00,4.25,15376.0,United Kingdom
551531,20802,SMALL GLASS SUNDAE DISH CLEAR,6,2011-05-01 13:45:00,1.65,15376.0,United Kingdom
551531,20803,SMALL PINK GLASS SUNDAE DISH,6,2011-05-01 13:45:00,0.39,15376.0,United Kingdom
551531,79030G,TUMBLER NEW ENGLAND,24,2011-05-01 13:45:00,0.39,15376.0,United Kingdom
551531,21243,PINK  POLKADOT PLATE ,12,2011-05-01 13:45:00,1.69,15376.0,United Kingdom
551531,21244,BLUE POLKADOT PLATE ,12,2011-05-01 13:45:00,1.69,15376.0,United Kingdom
551531,22315,200 RED + WHITE BENDY STRAWS,6,2011-05-01 13:45:00,1.25,15376.0,United Kingdom
551531,21874,GIN AND TONIC MUG,12,2011-05-01 13:45:00,1.25,15376.0,United Kingdom
551531,21868,POTTING SHED TEA MUG,12,2011-05-01 13:45:00,1.25,15376.0,United Kingdom
551531,21872,GLAMOROUS  MUG,12,2011-05-01 13:45:00,1.25,15376.0,United Kingdom
551531,37340,MULTICOLOUR SPRING FLOWER MUG,6,2011-05-01 13:45:00,0.39,15376.0,United Kingdom
551531,85159B,"WHITE TEA,COFFEE,SUGAR JARS",4,2011-05-01 13:45:00,1.95,15376.0,United Kingdom
551531,20675,BLUE POLKADOT BOWL,8,2011-05-01 13:45:00,1.25,15376.0,United Kingdom
551531,22699,ROSES REGENCY TEACUP AND SAUCER ,4,2011-05-01 13:45:00,2.95,15376.0,United Kingdom
551531,22697,GREEN REGENCY TEACUP AND SAUCER,6,2011-05-01 13:45:00,2.95,15376.0,United Kingdom
551531,22698,PINK REGENCY TEACUP AND SAUCER,8,2011-05-01 13:45:00,2.95,15376.0,United Kingdom
551531,22066,LOVE HEART TRINKET POT,6,2011-05-01 13:45:00,0.39,15376.0,United Kingdom
551531,22630,DOLLY GIRL LUNCH BOX,3,2011-05-01 13:45:00,1.95,15376.0,United Kingdom
551531,22629,SPACEBOY LUNCH BOX ,3,2011-05-01 13:45:00,1.95,15376.0,United Kingdom
551531,84692,BOX OF 24 COCKTAIL PARASOLS,6,2011-05-01 13:45:00,0.42,15376.0,United Kingdom
551531,21239,PINK  POLKADOT CUP,12,2011-05-01 13:45:00,0.85,15376.0,United Kingdom
551531,21240,BLUE POLKADOT CUP,12,2011-05-01 13:45:00,0.85,15376.0,United Kingdom
551531,20677,PINK POLKADOT BOWL,8,2011-05-01 13:45:00,1.25,15376.0,United Kingdom
551531,84313C,ORANGE TV TRAY TABLE ,1,2011-05-01 13:45:00,1.95,15376.0,United Kingdom
551532,22792,FLUTED ANTIQUE CANDLE HOLDER,12,2011-05-01 14:17:00,0.85,16554.0,United Kingdom
551532,22776,SWEETHEART CAKESTAND 3 TIER,2,2011-05-01 14:17:00,9.95,16554.0,United Kingdom
551532,22798,ANTIQUE GLASS DRESSING TABLE POT,8,2011-05-01 14:17:00,2.95,16554.0,United Kingdom
551532,22800,ANTIQUE TALL SWIRLGLASS TRINKET POT,4,2011-05-01 14:17:00,3.75,16554.0,United Kingdom
551532,84946,ANTIQUE SILVER T-LIGHT GLASS,12,2011-05-01 14:17:00,1.25,16554.0,United Kingdom
551532,22180,RETROSPOT LAMP,1,2011-05-01 14:17:00,9.95,16554.0,United Kingdom
551532,21313,GLASS HEART T-LIGHT HOLDER ,12,2011-05-01 14:17:00,0.85,16554.0,United Kingdom
551532,22423,REGENCY CAKESTAND 3 TIER,1,2011-05-01 14:17:00,12.75,16554.0,United Kingdom
551532,21326,AGED GLASS SILVER T-LIGHT HOLDER,12,2011-05-01 14:17:00,0.65,16554.0,United Kingdom
551532,23056,FLOWERS CHANDELIER T-LIGHT HOLDER,3,2011-05-01 14:17:00,6.25,16554.0,United Kingdom
551532,23146,TRIPLE HOOK ANTIQUE IVORY ROSE,4,2011-05-01 14:17:00,3.29,16554.0,United Kingdom
551532,23147,SINGLE ANTIQUE ROSE HOOK IVORY,12,2011-05-01 14:17:00,1.45,16554.0,United Kingdom
551532,23132,SMALL IVORY HEART WALL ORGANISER,3,2011-05-01 14:17:00,5.75,16554.0,United Kingdom
551532,22822,CREAM WALL PLANTER HEART SHAPED,2,2011-05-01 14:17:00,5.95,16554.0,United Kingdom
551532,47566,PARTY BUNTING,4,2011-05-01 14:17:00,4.95,16554.0,United Kingdom
551532,82482,WOODEN PICTURE FRAME WHITE FINISH,6,2011-05-01 14:17:00,2.55,16554.0,United Kingdom
551532,22854,CREAM SWEETHEART EGG HOLDER,4,2011-05-01 14:17:00,4.95,16554.0,United Kingdom
551532,82484,WOOD BLACK BOARD ANT WHITE FINISH,2,2011-05-01 14:17:00,7.95,16554.0,United Kingdom
551532,22464,HANGING METAL HEART LANTERN,12,2011-05-01 14:17:00,1.65,16554.0,United Kingdom
551532,22342,HOME GARLAND PAINTED ZINC ,12,2011-05-01 14:17:00,1.65,16554.0,United Kingdom
551533,22663,JUMBO BAG DOLLY GIRL DESIGN,1,2011-05-01 14:58:00,2.08,15407.0,United Kingdom
551533,22926,IVORY GIANT GARDEN THERMOMETER,1,2011-05-01 14:58:00,5.95,15407.0,United Kingdom
551533,22990,COTTON APRON PANTRY DESIGN,1,2011-05-01 14:58:00,4.95,15407.0,United Kingdom
551533,47590A,BLUE HAPPY BIRTHDAY BUNTING,1,2011-05-01 14:58:00,5.45,15407.0,United Kingdom
551533,47590B,PINK HAPPY BIRTHDAY BUNTING,1,2011-05-01 14:58:00,5.45,15407.0,United Kingdom
551533,21260,FIRST AID TIN,1,2011-05-01 14:58:00,3.25,15407.0,United Kingdom
551533,21623,VINTAGE UNION JACK MEMOBOARD,1,2011-05-01 14:58:00,9.95,15407.0,United Kingdom
551533,16169K,WRAP FOLK ART,25,2011-05-01 14:58:00,0.42,15407.0,United Kingdom
551533,20981,12 PENCILS TALL TUBE WOODLAND,1,2011-05-01 14:58:00,0.85,15407.0,United Kingdom
551533,20975,12 PENCILS SMALL TUBE RED RETROSPOT,11,2011-05-01 14:58:00,0.65,15407.0,United Kingdom
551533,20974,12 PENCILS SMALL TUBE SKULL,3,2011-05-01 14:58:00,0.65,15407.0,United Kingdom
551533,84692,BOX OF 24 COCKTAIL PARASOLS,1,2011-05-01 14:58:00,0.42,15407.0,United Kingdom
551533,22485,SET OF 2 WOODEN MARKET CRATES,1,2011-05-01 14:58:00,12.75,15407.0,United Kingdom
551533,21476,STEEL SWEETHEART ROUND TABLE CREAM,1,2011-05-01 14:58:00,14.95,15407.0,United Kingdom
551533,21246,RED RETROSPOT BIG BOWL,1,2011-05-01 14:58:00,4.95,15407.0,United Kingdom
551533,22328,ROUND SNACK BOXES SET OF 4 FRUITS ,1,2011-05-01 14:58:00,2.95,15407.0,United Kingdom
551533,22631,CIRCUS PARADE LUNCH BOX ,1,2011-05-01 14:58:00,1.95,15407.0,United Kingdom
551533,22896,PEG BAG APPLES DESIGN,1,2011-05-01 14:58:00,2.55,15407.0,United Kingdom
551533,22482,BLUE TEA TOWEL CLASSIC DESIGN,1,2011-05-01 14:58:00,1.25,15407.0,United Kingdom
551533,22481,BLACK TEA TOWEL CLASSIC DESIGN,1,2011-05-01 14:58:00,1.25,15407.0,United Kingdom
551533,22480,RED TEA TOWEL CLASSIC DESIGN,1,2011-05-01 14:58:00,1.25,15407.0,United Kingdom
551533,22813,PACK 3 BOXES BIRD PANNETONE ,1,2011-05-01 14:58:00,1.95,15407.0,United Kingdom
551533,23141,TRIPLE WIRE HOOK PINK HEART,1,2011-05-01 14:58:00,4.15,15407.0,United Kingdom
551533,21928,JUMBO BAG SCANDINAVIAN BLUE PAISLEY,1,2011-05-01 14:58:00,2.08,15407.0,United Kingdom
551533,22411,JUMBO SHOPPER VINTAGE RED PAISLEY,1,2011-05-01 14:58:00,2.08,15407.0,United Kingdom
551533,22729,ALARM CLOCK BAKELIKE ORANGE,1,2011-05-01 14:58:00,3.75,15407.0,United Kingdom
551533,21043,APRON MODERN VINTAGE COTTON,1,2011-05-01 14:58:00,1.95,15407.0,United Kingdom
551533,21754,HOME BUILDING BLOCK WORD,1,2011-05-01 14:58:00,5.95,15407.0,United Kingdom
551533,22968,ROSE COTTAGE KEEPSAKE BOX ,1,2011-05-01 14:58:00,9.95,15407.0,United Kingdom
551533,22423,REGENCY CAKESTAND 3 TIER,1,2011-05-01 14:58:00,12.75,15407.0,United Kingdom
551533,20675,BLUE POLKADOT BOWL,2,2011-05-01 14:58:00,1.25,15407.0,United Kingdom
551533,20676,RED RETROSPOT BOWL,2,2011-05-01 14:58:00,1.25,15407.0,United Kingdom
551533,20674,GREEN POLKADOT BOWL,2,2011-05-01 14:58:00,1.25,15407.0,United Kingdom
551533,21670,BLUE SPOT CERAMIC DRAWER KNOB,1,2011-05-01 14:58:00,1.25,15407.0,United Kingdom
551533,21668,RED STRIPE CERAMIC DRAWER KNOB,1,2011-05-01 14:58:00,1.25,15407.0,United Kingdom
551533,21669,BLUE STRIPE CERAMIC DRAWER KNOB,1,2011-05-01 14:58:00,1.25,15407.0,United Kingdom
551533,21672,WHITE SPOT RED CERAMIC DRAWER KNOB,1,2011-05-01 14:58:00,1.25,15407.0,United Kingdom
551533,22502,PICNIC BASKET WICKER SMALL,1,2011-05-01 14:58:00,5.95,15407.0,United Kingdom
551534,21723,ALPHABET HEARTS STICKER SHEET,24,2011-05-01 14:59:00,0.85,14655.0,United Kingdom
551534,85099B,JUMBO BAG RED RETROSPOT,50,2011-05-01 14:59:00,2.08,14655.0,United Kingdom
551534,22386,JUMBO BAG PINK POLKADOT,100,2011-05-01 14:59:00,1.79,14655.0,United Kingdom
551534,21928,JUMBO BAG SCANDINAVIAN BLUE PAISLEY,20,2011-05-01 14:59:00,2.08,14655.0,United Kingdom
551534,21929,JUMBO BAG PINK VINTAGE PAISLEY,20,2011-05-01 14:59:00,2.08,14655.0,United Kingdom
551534,22411,JUMBO SHOPPER VINTAGE RED PAISLEY,50,2011-05-01 14:59:00,2.08,14655.0,United Kingdom
551534,23199,JUMBO BAG APPLES,50,2011-05-01 14:59:00,2.08,14655.0,United Kingdom
551534,21931,JUMBO STORAGE BAG SUKI,20,2011-05-01 14:59:00,2.08,14655.0,United Kingdom
551534,84970L,SINGLE HEART ZINC T-LIGHT HOLDER,12,2011-05-01 14:59:00,0.95,14655.0,United Kingdom
551534,23144,ZINC T-LIGHT HOLDER STARS SMALL,12,2011-05-01 14:59:00,0.83,14655.0,United Kingdom
551534,23077,DOUGHNUT LIP GLOSS ,20,2011-05-01 14:59:00,1.25,14655.0,United Kingdom
551534,23076,ICE CREAM SUNDAE LIP GLOSS,24,2011-05-01 14:59:00,1.25,14655.0,United Kingdom
551534,22652,TRAVEL SEWING KIT,20,2011-05-01 14:59:00,1.65,14655.0,United Kingdom
551534,22436,12 COLOURED PARTY BALLOONS,100,2011-05-01 14:59:00,0.65,14655.0,United Kingdom
551535,22477,WATERING CAN GARDEN MARKER,10,2011-05-01 15:33:00,1.25,17615.0,United Kingdom
551535,22456,NATURAL SLATE CHALKBOARD LARGE ,3,2011-05-01 15:33:00,4.95,17615.0,United Kingdom
551535,22087,PAPER BUNTING WHITE LACE,6,2011-05-01 15:33:00,2.95,17615.0,United Kingdom
551535,72760B,VINTAGE CREAM 3 BASKET CAKE STAND,2,2011-05-01 15:33:00,9.95,17615.0,United Kingdom
551535,21314,SMALL GLASS HEART TRINKET POT,48,2011-05-01 15:33:00,1.85,17615.0,United Kingdom
