InvoiceNo,StockCode,Description,Quantity,InvoiceDate,UnitPrice,CustomerID,Country
545339,22960,JAM MAKING SET WITH JARS,12,2011-03-02 08:26:00,3.75,14292.0,United Kingdom
545339,22961,JAM MAKING SET PRINTED,12,2011-03-02 08:26:00,1.45,14292.0,United Kingdom
545339,22962,JAM JAR WITH PINK LID,12,2011-03-02 08:26:00,0.85,14292.0,United Kingdom
545339,22963,JAM JAR WITH GREEN LID,12,2011-03-02 08:26:00,0.85,14292.0,United Kingdom
545339,22720,SET OF 3 CAKE TINS PANTRY DESIGN ,3,2011-03-02 08:26:00,4.95,14292.0,United Kingdom
545339,22722,SET OF 6 SPICE TINS PANTRY DESIGN,4,2011-03-02 08:26:00,3.95,14292.0,United Kingdom
545339,22979,PANTRY WASHING UP BRUSH,12,2011-03-02 08:26:00,1.45,14292.0,United Kingdom
545339,22723,SET OF 6 HERB TINS SKETCHBOOK,4,2011-03-02 08:26:00,3.95,14292.0,United Kingdom
545339,22846,BREAD BIN DINER STYLE RED ,1,2011-03-02 08:26:00,16.95,14292.0,United Kingdom
545339,21212,PACK OF 72 RETROSPOT CAKE CASES,24,2011-03-02 08:26:00,0.55,14292.0,United Kingdom
545339,21977,PACK OF 60 PINK PAISLEY CAKE CASES,24,2011-03-02 08:26:00,0.55,14292.0,United Kingdom
545339,84991,60 TEATIME FAIRY CAKE CASES,24,2011-03-02 08:26:00,0.55,14292.0,United Kingdom
545339,84992,72 SWEETHEART FAIRY CAKE CASES,24,2011-03-02 08:26:00,0.55,14292.0,United Kingdom
545339,22907,PACK OF 20 NAPKINS PANTRY DESIGN,12,2011-03-02 08:26:00,0.85,14292.0,United Kingdom
545339,22423,REGENCY CAKESTAND 3 TIER,16,2011-03-02 08:26:00,10.95,14292.0,United Kingdom
545339,22934,BAKING MOULD EASTER EGG WHITE CHOC,6,2011-03-02 08:26:00,2.95,14292.0,United Kingdom
545339,22933,BAKING MOULD EASTER EGG MILK CHOC,6,2011-03-02 08:26:00,2.95,14292.0,United Kingdom
545339,22908,PACK OF 20 NAPKINS RED APPLES,12,2011-03-02 08:26:00,0.85,14292.0,United Kingdom
545339,22898,CHILDRENS APRON APPLES DESIGN,8,2011-03-02 08:26:00,1.95,14292.0,United Kingdom
545340,22223,CAKE PLATE LOVEBIRD PINK,3,2011-03-02 08:41:00,4.95,15416.0,United Kingdom
545340,22222,CAKE PLATE LOVEBIRD WHITE,3,2011-03-02 08:41:00,4.95,15416.0,United Kingdom
545340,22221,CAKE STAND LOVEBIRD 2 TIER PINK,4,2011-03-02 08:41:00,9.95,15416.0,United Kingdom
545340,22220,CAKE STAND LOVEBIRD 2 TIER WHITE,4,2011-03-02 08:41:00,9.95,15416.0,United Kingdom
545340,21210,SET OF 72 RETROSPOT PAPER  DOILIES,12,2011-03-02 08:41:00,1.45,15416.0,United Kingdom
545340,21212,PACK OF 72 RETROSPOT CAKE CASES,24,2011-03-02 08:41:00,0.55,15416.0,United Kingdom
545340,20983,12 PENCILS TALL TUBE RED RETROSPOT,12,2011-03-02 08:41:00,0.85,15416.0,United Kingdom
545340,20975,12 PENCILS SMALL TUBE RED RETROSPOT,24,2011-03-02 08:41:00,0.65,15416.0,United Kingdom
545340,22961,JAM MAKING SET PRINTED,12,2011-03-02 08:41:00,1.45,15416.0,United Kingdom
545340,22960,JAM MAKING SET WITH JARS,6,2011-03-02 08:41:00,4.25,15416.0,United Kingdom
545340,22423,REGENCY CAKESTAND 3 TIER,12,2011-03-02 08:41:00,12.75,15416.0,United Kingdom
545340,22699,ROSES REGENCY TEACUP AND SAUCER ,6,2011-03-02 08:41:00,2.95,15416.0,United Kingdom
545340,22698,PINK REGENCY TEACUP AND SAUCER,6,2011-03-02 08:41:00,2.95,15416.0,United Kingdom
545340,22697,GREEN REGENCY TEACUP AND SAUCER,6,2011-03-02 08:41:00,2.95,15416.0,United Kingdom
545340,84997A,CHILDRENS CUTLERY POLKADOT GREEN ,4,2011-03-02 08:41:00,4.15,15416.0,United Kingdom
545340,21972,SET OF 36 DINOSAUR PAPER DOILIES,12,2011-03-02 08:41:00,1.45,15416.0,United Kingdom
545340,21974,SET OF 36 PAISLEY FLOWER DOILIES,12,2011-03-02 08:41:00,1.45,15416.0,United Kingdom
545340,21977,PACK OF 60 PINK PAISLEY CAKE CASES,24,2011-03-02 08:41:00,0.55,15416.0,United Kingdom
545340,21975,PACK OF 60 DINOSAUR CAKE CASES,24,2011-03-02 08:41:00,0.55,15416.0,United Kingdom
545340,79000,MOROCCAN TEA GLASS,12,2011-03-02 08:41:00,0.85,15416.0,United Kingdom
545340,21245,GREEN POLKADOT PLATE ,8,2011-03-02 08:41:00,1.69,15416.0,United Kingdom
545340,20674,GREEN POLKADOT BOWL,8,2011-03-02 08:41:00,1.25,15416.0,United Kingdom
545340,21115,ROSE CARAVAN DOORSTOP,2,2011-03-02 08:41:00,6.75,15416.0,United Kingdom
545340,22558,CLOTHES PEGS RETROSPOT PACK 24 ,12,2011-03-02 08:41:00,1.49,15416.0,United Kingdom
545340,21181,PLEASE ONE PERSON METAL SIGN,12,2011-03-02 08:41:00,2.1,15416.0,United Kingdom
545340,84755,COLOUR GLASS T-LIGHT HOLDER HANGING,16,2011-03-02 08:41:00,0.65,15416.0,United Kingdom
545340,21955,DOORMAT UNION JACK GUNS AND ROSES,4,2011-03-02 08:41:00,7.95,15416.0,United Kingdom
545340,20886,BOX OF 9 PEBBLE CANDLES,6,2011-03-02 08:41:00,1.95,15416.0,United Kingdom
545340,48129,DOORMAT TOPIARY,2,2011-03-02 08:41:00,7.95,15416.0,United Kingdom
545340,20685,DOORMAT RED RETROSPOT,2,2011-03-02 08:41:00,7.95,15416.0,United Kingdom
545340,22479,DAISY GARDEN MARKER,10,2011-03-02 08:41:00,1.25,15416.0,United Kingdom
545340,22185,SLATE TILE NATURAL HANGING,12,2011-03-02 08:41:00,1.65,15416.0,United Kingdom
545340,22488,NATURAL SLATE RECTANGLE CHALKBOARD,12,2011-03-02 08:41:00,1.65,15416.0,United Kingdom
545340,22457,NATURAL SLATE HEART CHALKBOARD ,6,2011-03-02 08:41:00,2.95,15416.0,United Kingdom
545340,22607,WOODEN ROUNDERS GARDEN SET ,2,2011-03-02 08:41:00,9.95,15416.0,United Kingdom
545340,22606,WOODEN SKITTLES GARDEN SET,2,2011-03-02 08:41:00,15.95,15416.0,United Kingdom
545340,22605,WOODEN CROQUET GARDEN SET,2,2011-03-02 08:41:00,14.95,15416.0,United Kingdom
545340,22853,CAT BOWL VINTAGE CREAM,6,2011-03-02 08:41:00,3.25,15416.0,United Kingdom
545340,22852,DOG BOWL VINTAGE CREAM,4,2011-03-02 08:41:00,4.25,15416.0,United Kingdom
545340,22844,VINTAGE CREAM DOG FOOD CONTAINER,2,2011-03-02 08:41:00,8.5,15416.0,United Kingdom
545340,22469,HEART OF WICKER SMALL,12,2011-03-02 08:41:00,1.65,15416.0,United Kingdom
545340,22470,HEART OF WICKER LARGE,6,2011-03-02 08:41:00,2.95,15416.0,United Kingdom
545340,22855,FINE WICKER HEART ,12,2011-03-02 08:41:00,1.25,15416.0,United Kingdom
545340,22077,6 RIBBONS RUSTIC CHARM,12,2011-03-02 08:41:00,1.65,15416.0,United Kingdom
545340,22854,CREAM SWEETHEART EGG HOLDER,4,2011-03-02 08:41:00,4.95,15416.0,United Kingdom
545340,82483,WOOD 2 DRAWER CABINET WHITE FINISH,4,2011-03-02 08:41:00,6.95,15416.0,United Kingdom
545340,22266,EASTER DECORATION HANGING BUNNY,24,2011-03-02 08:41:00,0.65,15416.0,United Kingdom
545340,21389,IVORY HANGING DECORATION  BIRD,12,2011-03-02 08:41:00,0.85,15416.0,United Kingdom
545340,21383,PACK OF 12 STICKY BUNNIES,12,2011-03-02 08:41:00,0.65,15416.0,United Kingdom
545340,21380,WOODEN HAPPY BIRTHDAY GARLAND,6,2011-03-02 08:41:00,2.95,15416.0,United Kingdom
545340,47590B,PINK HAPPY BIRTHDAY BUNTING,3,2011-03-02 08:41:00,5.45,15416.0,United Kingdom
545340,47590A,BLUE HAPPY BIRTHDAY BUNTING,3,2011-03-02 08:41:00,5.45,15416.0,United Kingdom
545340,22139,RETROSPOT TEA SET CERAMIC 11 PC ,3,2011-03-02 08:41:00,4.95,15416.0,United Kingdom
545340,22138,BAKING SET 9 PIECE RETROSPOT ,3,2011-03-02 08:41:00,4.95,15416.0,United Kingdom
545340,21704,BAG 250g SWIRLY MARBLES,12,2011-03-02 08:41:00,0.85,15416.0,United Kingdom
545340,22619,SET OF 6 SOLDIER SKITTLES,4,2011-03-02 08:41:00,3.75,15416.0,United Kingdom
545340,21891,TRADITIONAL WOODEN SKIPPING ROPE,12,2011-03-02 08:41:00,1.25,15416.0,United Kingdom
545340,16156S,WRAP PINK FAIRY CAKES ,25,2011-03-02 08:41:00,0.42,15416.0,United Kingdom
545340,22052,VINTAGE CARAVAN GIFT WRAP,25,2011-03-02 08:41:00,0.42,15416.0,United Kingdom
545340,21499,BLUE POLKADOT WRAP,25,2011-03-02 08:41:00,0.42,15416.0,United Kingdom
545340,21500,PINK POLKADOT WRAP ,25,2011-03-02 08:41:00,0.42,15416.0,United Kingdom
545340,21498,RED RETROSPOT WRAP ,25,2011-03-02 08:41:00,0.42,15416.0,United Kingdom
545340,22051,BLUE SCANDINAVIAN PAISLEY WRAP,25,2011-03-02 08:41:00,0.42,15416.0,United Kingdom
545340,22050,PINK PAISLEY ROSE GIFT WRAP,25,2011-03-02 08:41:00,0.42,15416.0,United Kingdom
545340,16161P,WRAP ENGLISH ROSE ,25,2011-03-02 08:41:00,0.42,15416.0,United Kingdom
545340,17003,BROCADE RING PURSE ,36,2011-03-02 08:41:00,0.29,15416.0,United Kingdom
545340,22851,SET 20 NAPKINS FAIRY CAKES DESIGN ,12,2011-03-02 08:41:00,0.85,15416.0,United Kingdom
545340,47570B,TEA TIME TABLE CLOTH,2,2011-03-02 08:41:00,10.65,15416.0,United Kingdom
545340,22084,PAPER CHAIN KIT EMPIRE,40,2011-03-02 08:41:00,2.55,15416.0,United Kingdom
545341,22423,REGENCY CAKESTAND 3 TIER,150,2011-03-02 09:03:00,10.95,17949.0,United Kingdom
545342,47566,PARTY BUNTING,5,2011-03-02 09:04:00,4.95,13497.0,United Kingdom
545342,22342,HOME GARLAND PAINTED ZINC ,12,2011-03-02 09:04:00,1.65,13497.0,United Kingdom
545342,21731,RED TOADSTOOL LED NIGHT LIGHT,12,2011-03-02 09:04:00,1.65,13497.0,United Kingdom
545342,84978,HANGING HEART JAR T-LIGHT HOLDER,12,2011-03-02 09:04:00,1.25,13497.0,United Kingdom
545342,22360,GLASS JAR ENGLISH CONFECTIONERY,12,2011-03-02 09:04:00,2.95,13497.0,United Kingdom
545342,21314,SMALL GLASS HEART TRINKET POT,8,2011-03-02 09:04:00,2.1,13497.0,United Kingdom
545342,22457,NATURAL SLATE HEART CHALKBOARD ,6,2011-03-02 09:04:00,2.95,13497.0,United Kingdom
545342,84946,ANTIQUE SILVER TEA GLASS ETCHED,12,2011-03-02 09:04:00,1.25,13497.0,United Kingdom
545342,22859,EASTER TIN BUNNY BOUQUET,6,2011-03-02 09:04:00,1.65,13497.0,United Kingdom
545342,22264,FELT FARM ANIMAL WHITE BUNNY ,24,2011-03-02 09:04:00,0.85,13497.0,United Kingdom
545343,22469,HEART OF WICKER SMALL,12,2011-03-02 09:05:00,1.65,15733.0,United Kingdom
545343,22697,GREEN REGENCY TEACUP AND SAUCER,6,2011-03-02 09:05:00,2.95,15733.0,United Kingdom
545343,22699,ROSES REGENCY TEACUP AND SAUCER ,6,2011-03-02 09:05:00,2.95,15733.0,United Kingdom
545343,84978,HANGING HEART JAR T-LIGHT HOLDER,12,2011-03-02 09:05:00,1.25,15733.0,United Kingdom
545343,21257,VICTORIAN SEWING BOX MEDIUM,2,2011-03-02 09:05:00,7.95,15733.0,United Kingdom
545343,21259,VICTORIAN SEWING BOX SMALL ,2,2011-03-02 09:05:00,5.95,15733.0,United Kingdom
545343,22855,FINE WICKER HEART ,12,2011-03-02 09:05:00,1.25,15733.0,United Kingdom
545343,21621,VINTAGE UNION JACK BUNTING,2,2011-03-02 09:05:00,8.5,15733.0,United Kingdom
545343,22624,IVORY KITCHEN SCALES,2,2011-03-02 09:05:00,8.5,15733.0,United Kingdom
545343,22639,SET OF 4 NAPKIN CHARMS HEARTS,6,2011-03-02 09:05:00,2.55,15733.0,United Kingdom
545344,22458,CAST IRON HOOK GARDEN FORK,8,2011-03-02 09:24:00,2.55,16678.0,United Kingdom
545344,22459,CAST IRON HOOK GARDEN TROWEL,8,2011-03-02 09:24:00,2.55,16678.0,United Kingdom
545344,22558,CLOTHES PEGS RETROSPOT PACK 24 ,12,2011-03-02 09:24:00,1.49,16678.0,United Kingdom
545344,22567,20 DOLLY PEGS RETROSPOT,12,2011-03-02 09:24:00,1.25,16678.0,United Kingdom
545344,22093,MOTORING TISSUE BOX,12,2011-03-02 09:24:00,1.25,16678.0,United Kingdom
545344,22098,BOUDOIR SQUARE TISSUE BOX,12,2011-03-02 09:24:00,1.25,16678.0,United Kingdom
545344,22099,CARAVAN SQUARE TISSUE BOX,12,2011-03-02 09:24:00,1.25,16678.0,United Kingdom
545344,21135,VICTORIAN  METAL POSTCARD SPRING,8,2011-03-02 09:24:00,1.69,16678.0,United Kingdom
545344,22718,CARD CAT AND TREE ,12,2011-03-02 09:24:00,0.42,16678.0,United Kingdom
545344,22717,CARD DOG AND BALL ,12,2011-03-02 09:24:00,0.42,16678.0,United Kingdom
545344,22585,PACK OF 6 BIRDY GIFT TAGS,12,2011-03-02 09:24:00,1.25,16678.0,United Kingdom
545344,84978,HANGING HEART JAR T-LIGHT HOLDER,12,2011-03-02 09:24:00,1.25,16678.0,United Kingdom
545344,22960,JAM MAKING SET WITH JARS,6,2011-03-02 09:24:00,4.25,16678.0,United Kingdom
545344,21888,BINGO SET,8,2011-03-02 09:24:00,3.75,16678.0,United Kingdom
545344,21912,VINTAGE SNAKES & LADDERS,8,2011-03-02 09:24:00,3.75,16678.0,United Kingdom
545344,22857,ASSORTED EASTER GIFT TAGS,12,2011-03-02 09:24:00,0.85,16678.0,United Kingdom
545344,21878,PACK OF 6 SANDCASTLE FLAGS ASSORTED,12,2011-03-02 09:24:00,0.85,16678.0,United Kingdom
545344,21621,VINTAGE UNION JACK BUNTING,4,2011-03-02 09:24:00,8.5,16678.0,United Kingdom
545345,22827,RUSTIC  SEVENTEEN DRAWER SIDEBOARD,1,2011-03-02 09:33:00,165.0,14180.0,United Kingdom
545345,22839,3 TIER CAKE TIN GREEN AND CREAM,1,2011-03-02 09:33:00,14.95,14180.0,United Kingdom
545345,22842,BISCUIT TIN VINTAGE RED,2,2011-03-02 09:33:00,6.75,14180.0,United Kingdom
545345,22487,WHITE WOOD GARDEN PLANT LADDER,1,2011-03-02 09:33:00,9.95,14180.0,United Kingdom
545345,22072,RED RETROSPOT TEA CUP AND SAUCER ,4,2011-03-02 09:33:00,3.75,14180.0,United Kingdom
545345,22788,BROCANTE COAT RACK,1,2011-03-02 09:33:00,9.95,14180.0,United Kingdom
545345,22784,LANTERN CREAM GAZEBO ,3,2011-03-02 09:33:00,4.95,14180.0,United Kingdom
545345,22622,BOX OF VINTAGE ALPHABET BLOCKS,2,2011-03-02 09:33:00,9.95,14180.0,United Kingdom
545345,21844,RED RETROSPOT MUG,6,2011-03-02 09:33:00,2.95,14180.0,United Kingdom
545345,22844,VINTAGE CREAM DOG FOOD CONTAINER,2,2011-03-02 09:33:00,8.5,14180.0,United Kingdom
545345,22845,VINTAGE CREAM CAT FOOD CONTAINER,2,2011-03-02 09:33:00,6.35,14180.0,United Kingdom
545345,21754,HOME BUILDING BLOCK WORD,3,2011-03-02 09:33:00,5.95,14180.0,United Kingdom
545345,22637,PIGGY BANK RETROSPOT ,4,2011-03-02 09:33:00,2.55,14180.0,United Kingdom
545345,21217,RED RETROSPOT ROUND CAKE TINS,1,2011-03-02 09:33:00,9.95,14180.0,United Kingdom
545345,21041,RED RETROSPOT OVEN GLOVE DOUBLE,6,2011-03-02 09:33:00,2.95,14180.0,United Kingdom
545345,22794,SWEETHEART WIRE MAGAZINE RACK,2,2011-03-02 09:33:00,7.95,14180.0,United Kingdom
545346,22690,DOORMAT HOME SWEET HOME BLUE ,2,2011-03-02 09:49:00,7.95,12834.0,United Kingdom
545346,22365,DOORMAT RESPECTABLE HOUSE,2,2011-03-02 09:49:00,7.95,12834.0,United Kingdom
545346,48185,DOORMAT FAIRY CAKE,2,2011-03-02 09:49:00,7.95,12834.0,United Kingdom
545346,48187,DOORMAT NEW ENGLAND,2,2011-03-02 09:49:00,7.95,12834.0,United Kingdom
545346,48194,DOORMAT HEARTS,2,2011-03-02 09:49:00,7.95,12834.0,United Kingdom
545346,22251,BIRDHOUSE DECORATION MAGIC GARDEN,12,2011-03-02 09:49:00,1.25,12834.0,United Kingdom
545346,22249,DECORATION WHITE CHICK MAGIC GARDEN,16,2011-03-02 09:49:00,0.85,12834.0,United Kingdom
545346,22283,6 EGG HOUSE PAINTED WOOD,2,2011-03-02 09:49:00,7.95,12834.0,United Kingdom
545346,20685,DOORMAT RED RETROSPOT,2,2011-03-02 09:49:00,7.95,12834.0,United Kingdom
545346,85150,LADIES & GENTLEMEN METAL SIGN,6,2011-03-02 09:49:00,2.55,12834.0,United Kingdom
545346,82582,AREA PATROLLED METAL SIGN,12,2011-03-02 09:49:00,2.1,12834.0,United Kingdom
545346,82600,NO SINGING METAL SIGN,12,2011-03-02 09:49:00,2.1,12834.0,United Kingdom
545346,21181,PLEASE ONE PERSON METAL SIGN,12,2011-03-02 09:49:00,2.1,12834.0,United Kingdom
545346,21165,BEWARE OF THE CAT METAL SIGN ,12,2011-03-02 09:49:00,1.69,12834.0,United Kingdom
545346,22904,CALENDAR PAPER CUT DESIGN,6,2011-03-02 09:49:00,2.95,12834.0,United Kingdom
545346,22928,YELLOW GIANT GARDEN THERMOMETER,2,2011-03-02 09:49:00,5.95,12834.0,United Kingdom
545346,22927,GREEN GIANT GARDEN THERMOMETER,2,2011-03-02 09:49:00,5.95,12834.0,United Kingdom
545346,47566,PARTY BUNTING,4,2011-03-02 09:49:00,4.95,12834.0,United Kingdom
545347,22791,T-LIGHT GLASS FLUTED ANTIQUE,72,2011-03-02 10:20:00,1.06,13094.0,United Kingdom
545348,18097C,WHITE TALL PORCELAIN T-LIGHT HOLDER,6,2011-03-02 10:49:00,2.55,12913.0,United Kingdom
545348,84946,ANTIQUE SILVER TEA GLASS ETCHED,72,2011-03-02 10:49:00,1.06,12913.0,United Kingdom
545348,90185D,CRYSTAL DIAMANTE EXPANDABLE RING,6,2011-03-02 10:49:00,4.25,12913.0,United Kingdom
545348,85014A,BLACK/BLUE POLKADOT UMBRELLA,3,2011-03-02 10:49:00,5.95,12913.0,United Kingdom
545349,22197,SMALL POPCORN HOLDER,100,2011-03-02 11:07:00,0.72,18118.0,United Kingdom
545349,22920,HERB MARKER BASIL,1,2011-03-02 11:07:00,0.65,18118.0,United Kingdom
545349,22918,HERB MARKER PARSLEY,1,2011-03-02 11:07:00,0.65,18118.0,United Kingdom
545349,22917,HERB MARKER ROSEMARY,1,2011-03-02 11:07:00,0.65,18118.0,United Kingdom
545349,22919,HERB MARKER MINT,1,2011-03-02 11:07:00,0.65,18118.0,United Kingdom
545349,22921,HERB MARKER CHIVES ,1,2011-03-02 11:07:00,0.65,18118.0,United Kingdom
545349,22916,HERB MARKER THYME,1,2011-03-02 11:07:00,0.65,18118.0,United Kingdom
545349,22570,FELTCRAFT CUSHION RABBIT,1,2011-03-02 11:07:00,3.75,18118.0,United Kingdom
545349,21623,VINTAGE UNION JACK MEMOBOARD,1,2011-03-02 11:07:00,9.95,18118.0,United Kingdom
545349,21213,PACK OF 72 SKULL CAKE CASES,1,2011-03-02 11:07:00,0.55,18118.0,United Kingdom
545349,21975,PACK OF 60 DINOSAUR CAKE CASES,1,2011-03-02 11:07:00,0.55,18118.0,United Kingdom
545349,84992,72 SWEETHEART FAIRY CAKE CASES,1,2011-03-02 11:07:00,0.55,18118.0,United Kingdom
545349,21212,PACK OF 72 RETROSPOT CAKE CASES,1,2011-03-02 11:07:00,0.55,18118.0,United Kingdom
545349,22520,CHILDS GARDEN TROWEL BLUE ,3,2011-03-02 11:07:00,0.85,18118.0,United Kingdom
545349,22061,LARGE CAKE STAND  HANGING STRAWBERY,1,2011-03-02 11:07:00,9.95,18118.0,United Kingdom
545349,22522,CHILDS GARDEN FORK BLUE ,3,2011-03-02 11:07:00,0.85,18118.0,United Kingdom
545349,21430,SET/3 RED GINGHAM ROSE STORAGE BOX,1,2011-03-02 11:07:00,3.75,18118.0,United Kingdom
545349,47591D,PINK FAIRY CAKE CHILDRENS APRON,1,2011-03-02 11:07:00,1.95,18118.0,United Kingdom
545349,21947,SET OF 6 HEART CHOPSTICKS,3,2011-03-02 11:07:00,1.25,18118.0,United Kingdom
545349,15056N,EDWARDIAN PARASOL NATURAL,1,2011-03-02 11:07:00,5.95,18118.0,United Kingdom
545349,22384,LUNCH BAG PINK POLKADOT,1,2011-03-02 11:07:00,1.65,18118.0,United Kingdom
545349,20727,LUNCH BAG  BLACK SKULL.,1,2011-03-02 11:07:00,1.65,18118.0,United Kingdom
545349,22383,LUNCH BAG SUKI DESIGN ,1,2011-03-02 11:07:00,1.65,18118.0,United Kingdom
545349,22645,CERAMIC HEART FAIRY CAKE MONEY BANK,1,2011-03-02 11:07:00,1.45,18118.0,United Kingdom
545349,22646,CERAMIC STRAWBERRY CAKE MONEY BANK,1,2011-03-02 11:07:00,1.45,18118.0,United Kingdom
545349,22084,PAPER CHAIN KIT EMPIRE,3,2011-03-02 11:07:00,2.95,18118.0,United Kingdom
545349,21558,SKULL LUNCH BOX WITH CUTLERY ,1,2011-03-02 11:07:00,2.55,18118.0,United Kingdom
545349,22352,LUNCH BOX WITH CUTLERY RETROSPOT ,1,2011-03-02 11:07:00,2.55,18118.0,United Kingdom
545349,21559,STRAWBERRY LUNCH BOX WITH CUTLERY,3,2011-03-02 11:07:00,2.55,18118.0,United Kingdom
545349,22993,SET OF 4 PANTRY JELLY MOULDS,1,2011-03-02 11:07:00,1.25,18118.0,United Kingdom
545349,22476,EMPIRE UNION JACK TV DINNER TRAY,1,2011-03-02 11:07:00,4.95,18118.0,United Kingdom
545349,20914,SET/5 RED RETROSPOT LID GLASS BOWLS,3,2011-03-02 11:07:00,2.95,18118.0,United Kingdom
545349,85099B,JUMBO BAG RED RETROSPOT,2,2011-03-02 11:07:00,1.95,18118.0,United Kingdom
545349,85099C,JUMBO  BAG BAROQUE BLACK WHITE,1,2011-03-02 11:07:00,1.95,18118.0,United Kingdom
545377,22311,OFFICE MUG WARMER BLACK+SILVER ,1,2011-03-02 11:32:00,2.95,14606.0,United Kingdom
545377,21447,12 IVORY ROSE PEG PLACE SETTINGS,1,2011-03-02 11:32:00,1.25,14606.0,United Kingdom
545377,22196,SMALL HEART MEASURING SPOONS,2,2011-03-02 11:32:00,0.85,14606.0,United Kingdom
545377,22134,MINI LADLE LOVE HEART RED ,1,2011-03-02 11:32:00,0.42,14606.0,United Kingdom
545377,21381,MINI WOODEN HAPPY BIRTHDAY GARLAND,1,2011-03-02 11:32:00,1.69,14606.0,United Kingdom
545377,22335,HEART DECORATION PAINTED ZINC ,1,2011-03-02 11:32:00,0.65,14606.0,United Kingdom
545377,22219,LOVEBIRD HANGING DECORATION WHITE ,1,2011-03-02 11:32:00,0.85,14606.0,United Kingdom
545377,22227,HANGING HEART MIRROR DECORATION ,2,2011-03-02 11:32:00,0.65,14606.0,United Kingdom
545377,21577,SAVE THE PLANET COTTON TOTE BAG,1,2011-03-02 11:32:00,2.25,14606.0,United Kingdom
545377,84520B,PACK 20 ENGLISH ROSE PAPER NAPKINS,2,2011-03-02 11:32:00,0.85,14606.0,United Kingdom
545377,21563,RED HEART SHAPE LOVE BUCKET ,2,2011-03-02 11:32:00,2.95,14606.0,United Kingdom
545377,22697,GREEN REGENCY TEACUP AND SAUCER,1,2011-03-02 11:32:00,2.95,14606.0,United Kingdom
545377,21452,TOADSTOOL MONEY BOX,1,2011-03-02 11:32:00,2.95,14606.0,United Kingdom
545377,84692,BOX OF 24 COCKTAIL PARASOLS,1,2011-03-02 11:32:00,0.42,14606.0,United Kingdom
545377,84674,FLYING PIG WATERING CAN,4,2011-03-02 11:32:00,2.95,14606.0,United Kingdom
545377,22431,WATERING CAN BLUE ELEPHANT,1,2011-03-02 11:32:00,1.95,14606.0,United Kingdom
545377,22411,JUMBO SHOPPER VINTAGE RED PAISLEY,1,2011-03-02 11:32:00,1.95,14606.0,United Kingdom
545377,21700,BIG DOUGHNUT FRIDGE MAGNETS,12,2011-03-02 11:32:00,0.85,14606.0,United Kingdom
545377,85059,FRENCH ENAMEL WATER BASIN,1,2011-03-02 11:32:00,3.75,14606.0,United Kingdom
545377,22425,ENAMEL COLANDER CREAM,1,2011-03-02 11:32:00,4.95,14606.0,United Kingdom
545377,22132,RED LOVE HEART SHAPE CUP,6,2011-03-02 11:32:00,0.85,14606.0,United Kingdom
545377,85169D,PINK LOVE BIRD CANDLE,2,2011-03-02 11:32:00,1.25,14606.0,United Kingdom
545377,21210,SET OF 72 RETROSPOT PAPER  DOILIES,1,2011-03-02 11:32:00,1.45,14606.0,United Kingdom
545377,84988,SET OF 72 PINK HEART PAPER DOILIES,1,2011-03-02 11:32:00,1.45,14606.0,United Kingdom
545377,22212,FOUR HOOK  WHITE LOVEBIRDS,1,2011-03-02 11:32:00,2.1,14606.0,United Kingdom
545377,21165,BEWARE OF THE CAT METAL SIGN ,1,2011-03-02 11:32:00,1.69,14606.0,United Kingdom
545377,22201,FRYING PAN BLUE POLKADOT,1,2011-03-02 11:32:00,4.25,14606.0,United Kingdom
545377,22199,FRYING PAN RED RETROSPOT,1,2011-03-02 11:32:00,4.25,14606.0,United Kingdom
545377,22432,WATERING CAN PINK BUNNY,2,2011-03-02 11:32:00,1.95,14606.0,United Kingdom
545377,21629,SQUARE FLOOR CUSHION VINTAGE RED,1,2011-03-02 11:32:00,7.95,14606.0,United Kingdom
545377,21627,ELEPHANT CARNIVAL POUFFE,1,2011-03-02 11:32:00,14.95,14606.0,United Kingdom
545377,20727,LUNCH BAG  BLACK SKULL.,1,2011-03-02 11:32:00,1.65,14606.0,United Kingdom
545377,20728,LUNCH BAG CARS BLUE,1,2011-03-02 11:32:00,1.65,14606.0,United Kingdom
545377,21789,KIDS RAIN MAC PINK,1,2011-03-02 11:32:00,0.85,14606.0,United Kingdom
545377,84507C,BLUE CIRCLES DESIGN MONKEY DOLL,1,2011-03-02 11:32:00,2.55,14606.0,United Kingdom
545377,17090D,VANILLA INCENSE 40 CONES IN TIN,1,2011-03-02 11:32:00,1.25,14606.0,United Kingdom
545377,20914,SET/5 RED RETROSPOT LID GLASS BOWLS,1,2011-03-02 11:32:00,2.95,14606.0,United Kingdom
545398,22423,REGENCY CAKESTAND 3 TIER,3,2011-03-02 11:43:00,12.75,13722.0,United Kingdom
545398,21313,GLASS HEART T-LIGHT HOLDER ,24,2011-03-02 11:43:00,0.85,13722.0,United Kingdom
545398,22119,PEACE WOODEN BLOCK LETTERS,12,2011-03-02 11:43:00,6.35,13722.0,United Kingdom
545398,22169,FAMILY ALBUM WHITE PICTURE FRAME,4,2011-03-02 11:43:00,8.5,13722.0,United Kingdom
545398,22193,RED DINER WALL CLOCK,6,2011-03-02 11:43:00,8.5,13722.0,United Kingdom
545398,22192,BLUE DINER WALL CLOCK,6,2011-03-02 11:43:00,8.5,13722.0,United Kingdom
545398,22191,IVORY DINER WALL CLOCK,6,2011-03-02 11:43:00,8.5,13722.0,United Kingdom
545398,47566,PARTY BUNTING,12,2011-03-02 11:43:00,4.95,13722.0,United Kingdom
545398,22726,ALARM CLOCK BAKELIKE GREEN,8,2011-03-02 11:43:00,3.75,13722.0,United Kingdom
545398,22727,ALARM CLOCK BAKELIKE RED ,12,2011-03-02 11:43:00,3.75,13722.0,United Kingdom
545398,22729,ALARM CLOCK BAKELIKE ORANGE,8,2011-03-02 11:43:00,3.75,13722.0,United Kingdom
545398,22730,ALARM CLOCK BAKELIKE IVORY,12,2011-03-02 11:43:00,3.75,13722.0,United Kingdom
545398,22398,MAGNETS PACK OF 4 SWALLOWS,12,2011-03-02 11:43:00,1.25,13722.0,United Kingdom
545398,22400,MAGNETS PACK OF 4 HOME SWEET HOME,12,2011-03-02 11:43:00,1.25,13722.0,United Kingdom
545398,22402,MAGNETS PACK OF 4 VINTAGE COLLAGE,12,2011-03-02 11:43:00,1.25,13722.0,United Kingdom
545398,84991,60 TEATIME FAIRY CAKE CASES,24,2011-03-02 11:43:00,0.55,13722.0,United Kingdom
545398,21212,PACK OF 72 RETROSPOT CAKE CASES,24,2011-03-02 11:43:00,0.55,13722.0,United Kingdom
545398,84987,SET OF 36 TEATIME PAPER DOILIES,12,2011-03-02 11:43:00,1.45,13722.0,United Kingdom
545398,21210,SET OF 72 RETROSPOT PAPER  DOILIES,12,2011-03-02 11:43:00,1.45,13722.0,United Kingdom
545398,22088,PAPER BUNTING COLOURED LACE,12,2011-03-02 11:43:00,2.95,13722.0,United Kingdom
545398,22892,SET OF SALT AND PEPPER TOADSTOOLS,24,2011-03-02 11:43:00,1.25,13722.0,United Kingdom
545398,22896,PEG BAG APPLES DESIGN,12,2011-03-02 11:43:00,2.55,13722.0,United Kingdom
545398,22898,CHILDRENS APRON APPLES DESIGN,8,2011-03-02 11:43:00,1.95,13722.0,United Kingdom
545398,21907,I'M ON HOLIDAY METAL SIGN,12,2011-03-02 11:43:00,2.1,13722.0,United Kingdom
545398,21166,COOK WITH WINE METAL SIGN ,12,2011-03-02 11:43:00,2.08,13722.0,United Kingdom
545398,21174,POTTERING IN THE SHED METAL SIGN,12,2011-03-02 11:43:00,2.08,13722.0,United Kingdom
545398,21181,PLEASE ONE PERSON METAL SIGN,12,2011-03-02 11:43:00,2.1,13722.0,United Kingdom
545398,82581,TOILET METAL SIGN,24,2011-03-02 11:43:00,0.55,13722.0,United Kingdom
545398,82552,WASHROOM METAL SIGN,12,2011-03-02 11:43:00,1.45,13722.0,United Kingdom
545398,23182,TOILET SIGN OCCUPIED OR VACANT,24,2011-03-02 11:43:00,0.83,13722.0,United Kingdom
545398,21621,VINTAGE UNION JACK BUNTING,10,2011-03-02 11:43:00,8.5,13722.0,United Kingdom
545398,21791,VINTAGE HEADS AND TAILS CARD GAME ,12,2011-03-02 11:43:00,1.25,13722.0,United Kingdom
545398,84077,WORLD WAR 2 GLIDERS ASSTD DESIGNS,288,2011-03-02 11:43:00,0.21,13722.0,United Kingdom
545398,20723,STRAWBERRY CHARLOTTE BAG,20,2011-03-02 11:43:00,0.85,13722.0,United Kingdom
545398,85099F,JUMBO BAG STRAWBERRY,20,2011-03-02 11:43:00,1.95,13722.0,United Kingdom
545398,47566B,TEA TIME PARTY BUNTING,12,2011-03-02 11:43:00,4.95,13722.0,United Kingdom
545398,21498,RED RETROSPOT WRAP ,25,2011-03-02 11:43:00,0.42,13722.0,United Kingdom
545398,21500,PINK POLKADOT WRAP ,25,2011-03-02 11:43:00,0.42,13722.0,United Kingdom
545398,16156S,WRAP PINK FAIRY CAKES ,25,2011-03-02 11:43:00,0.42,13722.0,United Kingdom
545398,16161P,WRAP ENGLISH ROSE ,25,2011-03-02 11:43:00,0.42,13722.0,United Kingdom
545398,22704,WRAP RED APPLES ,25,2011-03-02 11:43:00,0.42,13722.0,United Kingdom
545398,23232,WRAP VINTAGE PETALS  DESIGN,25,2011-03-02 11:43:00,0.42,13722.0,United Kingdom
545398,23230,WRAP ALPHABET DESIGN,25,2011-03-02 11:43:00,0.42,13722.0,United Kingdom
545398,21755,LOVE BUILDING BLOCK WORD,12,2011-03-02 11:43:00,5.95,13722.0,United Kingdom
545398,21756,BATH BUILDING BLOCK WORD,12,2011-03-02 11:43:00,5.95,13722.0,United Kingdom
545398,21754,HOME BUILDING BLOCK WORD,12,2011-03-02 11:43:00,5.95,13722.0,United Kingdom
545399,22740,POLKADOT PEN,48,2011-03-02 11:48:00,0.85,14934.0,Channel Islands
545399,22174,PHOTO CUBE,12,2011-03-02 11:48:00,1.65,14934.0,Channel Islands
545399,22692,DOORMAT WELCOME TO OUR HOME,2,2011-03-02 11:48:00,7.95,14934.0,Channel Islands
545399,21523,DOORMAT FANCY FONT HOME SWEET HOME,2,2011-03-02 11:48:00,7.95,14934.0,Channel Islands
545399,22365,DOORMAT RESPECTABLE HOUSE,2,2011-03-02 11:48:00,7.95,14934.0,Channel Islands
545399,22228,BUNNY WOODEN PAINTED WITH BIRD ,12,2011-03-02 11:48:00,0.85,14934.0,Channel Islands
545399,22861,EASTER TIN CHICKS IN GARDEN,6,2011-03-02 11:48:00,1.65,14934.0,Channel Islands
545399,22859,EASTER TIN BUNNY BOUQUET,6,2011-03-02 11:48:00,1.65,14934.0,Channel Islands
545399,22858,EASTER TIN KEEPSAKE,6,2011-03-02 11:48:00,1.65,14934.0,Channel Islands
545399,22967,SET 3 SONG BIRD PAPER EGGS ASSORTED,12,2011-03-02 11:48:00,2.95,14934.0,Channel Islands
545399,84692,BOX OF 24 COCKTAIL PARASOLS,25,2011-03-02 11:48:00,0.42,14934.0,Channel Islands
545399,84050,PINK HEART SHAPE EGG FRYING PAN,6,2011-03-02 11:48:00,1.65,14934.0,Channel Islands
545399,22423,REGENCY CAKESTAND 3 TIER,4,2011-03-02 11:48:00,12.75,14934.0,Channel Islands
545399,21754,HOME BUILDING BLOCK WORD,6,2011-03-02 11:48:00,5.95,14934.0,Channel Islands
545399,22485,SET OF 2 WOODEN MARKET CRATES,2,2011-03-02 11:48:00,12.75,14934.0,Channel Islands
545399,22079,RIBBON REEL HEARTS DESIGN ,10,2011-03-02 11:48:00,1.65,14934.0,Channel Islands
545399,85049E,SCANDINAVIAN REDS RIBBONS,12,2011-03-02 11:48:00,1.25,14934.0,Channel Islands
545399,22077,6 RIBBONS RUSTIC CHARM,12,2011-03-02 11:48:00,1.65,14934.0,Channel Islands
545399,21755,LOVE BUILDING BLOCK WORD,3,2011-03-02 11:48:00,5.95,14934.0,Channel Islands
545399,21314,SMALL GLASS HEART TRINKET POT,8,2011-03-02 11:48:00,2.1,14934.0,Channel Islands
545399,22727,ALARM CLOCK BAKELIKE RED ,4,2011-03-02 11:48:00,3.75,14934.0,Channel Islands
545399,21877,HOME SWEET HOME MUG,12,2011-03-02 11:48:00,1.25,14934.0,Channel Islands
545399,21870,I CAN ONLY PLEASE ONE PERSON MUG,12,2011-03-02 11:48:00,1.25,14934.0,Channel Islands
545399,21181,PLEASE ONE PERSON METAL SIGN,36,2011-03-02 11:48:00,2.1,14934.0,Channel Islands
545399,82600,NO SINGING METAL SIGN,12,2011-03-02 11:48:00,2.1,14934.0,Channel Islands
545399,21908,CHOCOLATE THIS WAY METAL SIGN,12,2011-03-02 11:48:00,2.1,14934.0,Channel Islands
545399,85150,LADIES & GENTLEMEN METAL SIGN,6,2011-03-02 11:48:00,2.55,14934.0,Channel Islands
545399,21166,COOK WITH WINE METAL SIGN ,12,2011-03-02 11:48:00,2.08,14934.0,Channel Islands
545399,21035,SET/2 RED RETROSPOT TEA TOWELS ,6,2011-03-02 11:48:00,3.25,14934.0,Channel Islands
545399,22509,SEWING BOX RETROSPOT DESIGN ,1,2011-03-02 11:48:00,16.95,14934.0,Channel Islands
545399,22667,RECIPE BOX RETROSPOT ,6,2011-03-02 11:48:00,2.95,14934.0,Channel Islands
545399,21212,PACK OF 72 RETROSPOT CAKE CASES,24,2011-03-02 11:48:00,0.55,14934.0,Channel Islands
545399,21843,RED RETROSPOT CAKE STAND,4,2011-03-02 11:48:00,10.95,14934.0,Channel Islands
545399,22321,BIRD DECORATION RED RETROSPOT,12,2011-03-02 11:48:00,0.85,14934.0,Channel Islands
545399,21916,SET 12 RETRO WHITE CHALK STICKS,24,2011-03-02 11:48:00,0.42,14934.0,Channel Islands
545399,22197,SMALL POPCORN HOLDER,12,2011-03-02 11:48:00,0.85,14934.0,Channel Islands
545399,20726,LUNCH BAG WOODLAND,10,2011-03-02 11:48:00,1.65,14934.0,Channel Islands
545399,20725,LUNCH BAG RED RETROSPOT,10,2011-03-02 11:48:00,1.65,14934.0,Channel Islands
545399,22741,FUNKY DIVA PEN,48,2011-03-02 11:48:00,0.85,14934.0,Channel Islands
545400,22789,T-LIGHT HOLDER SWEETHEART HANGING,8,2011-03-02 12:03:00,1.95,17048.0,United Kingdom
545400,22969,HOMEMADE JAM SCENTED CANDLES,24,2011-03-02 12:03:00,1.45,17048.0,United Kingdom
545400,22989,SET 2 PANTRY DESIGN TEA TOWELS,6,2011-03-02 12:03:00,3.25,17048.0,United Kingdom
545400,22666,RECIPE BOX PANTRY YELLOW DESIGN,12,2011-03-02 12:03:00,2.95,17048.0,United Kingdom
545400,22960,JAM MAKING SET WITH JARS,6,2011-03-02 12:03:00,4.25,17048.0,United Kingdom
545400,21907,I'M ON HOLIDAY METAL SIGN,12,2011-03-02 12:03:00,2.1,17048.0,United Kingdom
545400,21166,COOK WITH WINE METAL SIGN ,12,2011-03-02 12:03:00,2.08,17048.0,United Kingdom
545400,21175,GIN + TONIC DIET METAL SIGN,12,2011-03-02 12:03:00,2.55,17048.0,United Kingdom
545400,23182,TOILET SIGN OCCUPIED OR VACANT,24,2011-03-02 12:03:00,0.83,17048.0,United Kingdom
545400,21169,YOU'RE CONFUSING ME METAL SIGN ,12,2011-03-02 12:03:00,1.69,17048.0,United Kingdom
545400,22084,PAPER CHAIN KIT EMPIRE,12,2011-03-02 12:03:00,2.95,17048.0,United Kingdom
545400,22357,KINGS CHOICE BISCUIT TIN,4,2011-03-02 12:03:00,4.25,17048.0,United Kingdom
545400,22499,WOODEN UNION JACK BUNTING,3,2011-03-02 12:03:00,5.95,17048.0,United Kingdom
545400,22906,12 MESSAGE CARDS WITH ENVELOPES,24,2011-03-02 12:03:00,1.65,17048.0,United Kingdom
545400,22652,TRAVEL SEWING KIT,10,2011-03-02 12:03:00,1.65,17048.0,United Kingdom
545400,20972,PINK CREAM FELT CRAFT TRINKET BOX ,12,2011-03-02 12:03:00,1.25,17048.0,United Kingdom
545400,20971,PINK BLUE FELT CRAFT TRINKET BOX,12,2011-03-02 12:03:00,1.25,17048.0,United Kingdom
545400,22023,EMPIRE BIRTHDAY CARD,12,2011-03-02 12:03:00,0.42,17048.0,United Kingdom
545400,21519,GIN & TONIC DIET GREETING CARD ,12,2011-03-02 12:03:00,0.42,17048.0,United Kingdom
545400,22281,EASTER TREE YELLOW BIRDS,4,2011-03-02 12:03:00,5.95,17048.0,United Kingdom
545400,22251,BIRDHOUSE DECORATION MAGIC GARDEN,12,2011-03-02 12:03:00,1.25,17048.0,United Kingdom
545400,22262,FELT EGG COSY CHICKEN,12,2011-03-02 12:03:00,0.85,17048.0,United Kingdom
545400,22292,HANGING CHICK  YELLOW DECORATION,24,2011-03-02 12:03:00,1.45,17048.0,United Kingdom
545401,21769,showroom,-5,2011-03-02 12:03:00,0.0,,United Kingdom
545402,22862,,-33,2011-03-02 12:07:00,0.0,,United Kingdom
545408,22957,SET 3 PAPER VINTAGE CHICK PAPER EGG,12,2011-03-02 12:10:00,2.95,15067.0,United Kingdom
545408,22859,EASTER TIN BUNNY BOUQUET,6,2011-03-02 12:10:00,1.65,15067.0,United Kingdom
545408,22260,FELT EGG COSY BLUE RABBIT ,12,2011-03-02 12:10:00,0.85,15067.0,United Kingdom
545408,22813,PACK 3 BOXES BIRD PANNETONE ,12,2011-03-02 12:10:00,1.95,15067.0,United Kingdom
545408,22934,BAKING MOULD EASTER EGG WHITE CHOC,6,2011-03-02 12:10:00,2.95,15067.0,United Kingdom
545408,22931,BAKING MOULD HEART WHITE CHOCOLATE,6,2011-03-02 12:10:00,2.55,15067.0,United Kingdom
545408,22740,POLKADOT PEN,48,2011-03-02 12:10:00,0.85,15067.0,United Kingdom
545408,22752,SET 7 BABUSHKA NESTING BOXES,2,2011-03-02 12:10:00,8.5,15067.0,United Kingdom
545408,22975,SPACEBOY CHILDRENS EGG CUP,12,2011-03-02 12:10:00,1.25,15067.0,United Kingdom
545408,22972,CHILDREN'S SPACEBOY MUG,12,2011-03-02 12:10:00,1.65,15067.0,United Kingdom
545408,22964,3 PIECE SPACEBOY COOKIE CUTTER SET,6,2011-03-02 12:10:00,2.1,15067.0,United Kingdom
545408,21912,VINTAGE SNAKES & LADDERS,4,2011-03-02 12:10:00,3.75,15067.0,United Kingdom
545408,22991,GIRAFFE WOODEN RULER,12,2011-03-02 12:10:00,1.95,15067.0,United Kingdom
545408,23177,TREASURE ISLAND BOOK BOX,8,2011-03-02 12:10:00,2.25,15067.0,United Kingdom
545408,23193,BUFFALO BILL TREASURE BOOK BOX,8,2011-03-02 12:10:00,2.25,15067.0,United Kingdom
545408,23194,GYMKHANNA TREASURE BOOK BOX,8,2011-03-02 12:10:00,2.25,15067.0,United Kingdom
545408,23176,ABC TREASURE BOOK BOX ,8,2011-03-02 12:10:00,2.25,15067.0,United Kingdom
545408,22492,MINI PAINT SET VINTAGE ,36,2011-03-02 12:10:00,0.65,15067.0,United Kingdom
545408,21217,RED RETROSPOT ROUND CAKE TINS,6,2011-03-02 12:10:00,9.95,15067.0,United Kingdom
545408,22960,JAM MAKING SET WITH JARS,6,2011-03-02 12:10:00,4.25,15067.0,United Kingdom
545408,22961,JAM MAKING SET PRINTED,12,2011-03-02 12:10:00,1.45,15067.0,United Kingdom
545408,22720,SET OF 3 CAKE TINS PANTRY DESIGN ,24,2011-03-02 12:10:00,4.25,15067.0,United Kingdom
545408,22722,SET OF 6 SPICE TINS PANTRY DESIGN,8,2011-03-02 12:10:00,3.95,15067.0,United Kingdom
545408,22723,SET OF 6 HERB TINS SKETCHBOOK,4,2011-03-02 12:10:00,3.95,15067.0,United Kingdom
545408,22626,BLACK KITCHEN SCALES,2,2011-03-02 12:10:00,8.5,15067.0,United Kingdom
545408,22625,RED KITCHEN SCALES,2,2011-03-02 12:10:00,8.5,15067.0,United Kingdom
545408,22846,BREAD BIN DINER STYLE RED ,4,2011-03-02 12:10:00,14.95,15067.0,United Kingdom
545408,22457,NATURAL SLATE HEART CHALKBOARD ,6,2011-03-02 12:10:00,2.95,15067.0,United Kingdom
545408,22456,NATURAL SLATE CHALKBOARD LARGE ,3,2011-03-02 12:10:00,4.95,15067.0,United Kingdom
545408,22802,FAUX FUR CHOCOLATE THROW,2,2011-03-02 12:10:00,19.95,15067.0,United Kingdom
545408,47591D,PINK FAIRY CAKE CHILDRENS APRON,8,2011-03-02 12:10:00,1.95,15067.0,United Kingdom
545408,22898,CHILDRENS APRON APPLES DESIGN,8,2011-03-02 12:10:00,1.95,15067.0,United Kingdom
545408,22467,GUMBALL COAT RACK,6,2011-03-02 12:10:00,2.55,15067.0,United Kingdom
545408,22367,CHILDRENS APRON SPACEBOY DESIGN,8,2011-03-02 12:10:00,1.95,15067.0,United Kingdom
545408,22899,CHILDREN'S APRON DOLLY GIRL ,8,2011-03-02 12:10:00,2.1,15067.0,United Kingdom
545410,22851,SET 20 NAPKINS FAIRY CAKES DESIGN ,12,2011-03-02 12:18:00,0.85,16670.0,United Kingdom
545410,21498,RED RETROSPOT WRAP ,25,2011-03-02 12:18:00,0.42,16670.0,United Kingdom
545410,16156S,WRAP PINK FAIRY CAKES ,25,2011-03-02 12:18:00,0.42,16670.0,United Kingdom
545410,22698,PINK REGENCY TEACUP AND SAUCER,6,2011-03-02 12:18:00,2.95,16670.0,United Kingdom
545410,22697,GREEN REGENCY TEACUP AND SAUCER,6,2011-03-02 12:18:00,2.95,16670.0,United Kingdom
545410,22112,CHOCOLATE HOT WATER BOTTLE,3,2011-03-02 12:18:00,4.95,16670.0,United Kingdom
545410,22411,JUMBO SHOPPER VINTAGE RED PAISLEY,10,2011-03-02 12:18:00,1.95,16670.0,United Kingdom
545410,20717,STRAWBERRY SHOPPER BAG,10,2011-03-02 12:18:00,1.25,16670.0,United Kingdom
545410,85099F,JUMBO BAG STRAWBERRY,10,2011-03-02 12:18:00,1.95,16670.0,United Kingdom
545410,22419,LIPSTICK PEN RED,12,2011-03-02 12:18:00,0.42,16670.0,United Kingdom
545410,22421,LIPSTICK PEN FUSCHIA,12,2011-03-02 12:18:00,0.42,16670.0,United Kingdom
545410,47567B,TEA TIME KITCHEN APRON,3,2011-03-02 12:18:00,5.95,16670.0,United Kingdom
545410,47559B,TEA TIME OVEN GLOVE,10,2011-03-02 12:18:00,1.25,16670.0,United Kingdom
545410,47566,PARTY BUNTING,5,2011-03-02 12:18:00,4.95,16670.0,United Kingdom
545410,21080,SET/20 RED RETROSPOT PAPER NAPKINS ,12,2011-03-02 12:18:00,0.85,16670.0,United Kingdom
545410,85099B,JUMBO BAG RED RETROSPOT,10,2011-03-02 12:18:00,1.95,16670.0,United Kingdom
545410,21843,RED RETROSPOT CAKE STAND,3,2011-03-02 12:18:00,10.95,16670.0,United Kingdom
545410,21531,RED RETROSPOT SUGAR JAM BOWL,6,2011-03-02 12:18:00,2.55,16670.0,United Kingdom
545410,21535,RED RETROSPOT SMALL MILK JUG,6,2011-03-02 12:18:00,2.55,16670.0,United Kingdom
545410,22982,PANTRY PASTRY BRUSH,12,2011-03-02 12:18:00,1.25,16670.0,United Kingdom
545410,22978,PANTRY ROLLING PIN,6,2011-03-02 12:18:00,3.75,16670.0,United Kingdom
545410,22720,SET OF 3 CAKE TINS PANTRY DESIGN ,3,2011-03-02 12:18:00,4.95,16670.0,United Kingdom
545410,22722,SET OF 6 SPICE TINS PANTRY DESIGN,4,2011-03-02 12:18:00,3.95,16670.0,United Kingdom
545410,22965,3 TRADITIONAl BISCUIT CUTTERS  SET,6,2011-03-02 12:18:00,2.1,16670.0,United Kingdom
545410,22966,GINGERBREAD MAN COOKIE CUTTER,12,2011-03-02 12:18:00,1.25,16670.0,United Kingdom
545410,84378,SET OF 3 HEART COOKIE CUTTERS,12,2011-03-02 12:18:00,1.25,16670.0,United Kingdom
545410,21877,HOME SWEET HOME MUG,12,2011-03-02 12:18:00,1.25,16670.0,United Kingdom
545410,84050,PINK HEART SHAPE EGG FRYING PAN,6,2011-03-02 12:18:00,1.65,16670.0,United Kingdom
545410,21071,VINTAGE BILLBOARD DRINK ME MUG,12,2011-03-02 12:18:00,1.25,16670.0,United Kingdom
545410,21069,VINTAGE BILLBOARD TEA MUG,12,2011-03-02 12:18:00,1.25,16670.0,United Kingdom
545410,21210,SET OF 72 RETROSPOT PAPER  DOILIES,12,2011-03-02 12:18:00,1.45,16670.0,United Kingdom
545410,22892,SET OF SALT AND PEPPER TOADSTOOLS,12,2011-03-02 12:18:00,1.25,16670.0,United Kingdom
545410,22178,VICTORIAN GLASS HANGING T-LIGHT,12,2011-03-02 12:18:00,1.25,16670.0,United Kingdom
545410,71459,HANGING JAM JAR T-LIGHT HOLDER,12,2011-03-02 12:18:00,0.85,16670.0,United Kingdom
545410,22804,CANDLEHOLDER PINK HANGING HEART,6,2011-03-02 12:18:00,2.95,16670.0,United Kingdom
545410,21733,RED HANGING HEART T-LIGHT HOLDER,6,2011-03-02 12:18:00,2.95,16670.0,United Kingdom
545410,85123A,WHITE HANGING HEART T-LIGHT HOLDER,6,2011-03-02 12:18:00,2.95,16670.0,United Kingdom
545410,71053,WHITE METAL LANTERN,4,2011-03-02 12:18:00,3.75,16670.0,United Kingdom
545410,22807,SET OF 6 T-LIGHTS TOADSTOOLS,6,2011-03-02 12:18:00,2.95,16670.0,United Kingdom
545410,21876,POTTERING MUG,12,2011-03-02 12:18:00,1.25,16670.0,United Kingdom
545411,22957,SET 3 PAPER VINTAGE CHICK PAPER EGG,6,2011-03-02 12:21:00,2.95,16128.0,United Kingdom
545411,22967,SET 3 SONG BIRD PAPER EGGS ASSORTED,6,2011-03-02 12:21:00,2.95,16128.0,United Kingdom
545411,22930,BAKING MOULD HEART MILK CHOCOLATE,6,2011-03-02 12:21:00,2.55,16128.0,United Kingdom
545411,22937,BAKING MOULD CHOCOLATE CUPCAKES,6,2011-03-02 12:21:00,2.55,16128.0,United Kingdom
545411,20972,PINK CREAM FELT CRAFT TRINKET BOX ,12,2011-03-02 12:21:00,1.25,16128.0,United Kingdom
545411,22139,RETROSPOT TEA SET CERAMIC 11 PC ,3,2011-03-02 12:21:00,4.95,16128.0,United Kingdom
545411,20975,12 PENCILS SMALL TUBE RED RETROSPOT,24,2011-03-02 12:21:00,0.65,16128.0,United Kingdom
545411,22759,SET OF 3 NOTEBOOKS IN PARCEL,12,2011-03-02 12:21:00,1.65,16128.0,United Kingdom
545411,20914,SET/5 RED RETROSPOT LID GLASS BOWLS,6,2011-03-02 12:21:00,2.95,16128.0,United Kingdom
545411,22960,JAM MAKING SET WITH JARS,12,2011-03-02 12:21:00,3.75,16128.0,United Kingdom
545411,22993,SET OF 4 PANTRY JELLY MOULDS,12,2011-03-02 12:21:00,1.25,16128.0,United Kingdom
545411,22961,JAM MAKING SET PRINTED,24,2011-03-02 12:21:00,1.45,16128.0,United Kingdom
545411,22966,GINGERBREAD MAN COOKIE CUTTER,12,2011-03-02 12:21:00,1.25,16128.0,United Kingdom
545411,22979,PANTRY WASHING UP BRUSH,12,2011-03-02 12:21:00,1.45,16128.0,United Kingdom
545411,22722,SET OF 6 SPICE TINS PANTRY DESIGN,4,2011-03-02 12:21:00,3.95,16128.0,United Kingdom
545411,22776,SWEETHEART CAKESTAND 3 TIER,1,2011-03-02 12:21:00,9.95,16128.0,United Kingdom
545411,22423,REGENCY CAKESTAND 3 TIER,4,2011-03-02 12:21:00,12.75,16128.0,United Kingdom
545411,22697,GREEN REGENCY TEACUP AND SAUCER,4,2011-03-02 12:21:00,2.95,16128.0,United Kingdom
545411,22698,PINK REGENCY TEACUP AND SAUCER,4,2011-03-02 12:21:00,2.95,16128.0,United Kingdom
545411,22699,ROSES REGENCY TEACUP AND SAUCER ,4,2011-03-02 12:21:00,2.95,16128.0,United Kingdom
545412,71459,HANGING JAM JAR T-LIGHT HOLDER,48,2011-03-02 12:24:00,0.72,15061.0,United Kingdom
545412,48184,DOORMAT ENGLISH ROSE ,30,2011-03-02 12:24:00,6.75,15061.0,United Kingdom
545412,48116,DOORMAT MULTICOLOUR STRIPE,30,2011-03-02 12:24:00,6.75,15061.0,United Kingdom
545412,22558,CLOTHES PEGS RETROSPOT PACK 24 ,24,2011-03-02 12:24:00,1.25,15061.0,United Kingdom
545412,22467,GUMBALL COAT RACK,36,2011-03-02 12:24:00,2.1,15061.0,United Kingdom
545412,22328,ROUND SNACK BOXES SET OF 4 FRUITS ,15,2011-03-02 12:24:00,2.55,15061.0,United Kingdom
545412,20719,WOODLAND CHARLOTTE BAG,20,2011-03-02 12:24:00,0.72,15061.0,United Kingdom
545413,21500,PINK POLKADOT WRAP ,250,2011-03-02 12:24:00,0.34,15061.0,United Kingdom
545413,21499,BLUE POLKADOT WRAP,200,2011-03-02 12:24:00,0.34,15061.0,United Kingdom
545413,21498,RED RETROSPOT WRAP ,300,2011-03-02 12:24:00,0.34,15061.0,United Kingdom
545414,84078A,SET/4 WHITE RETRO STORAGE CUBES ,24,2011-03-02 12:43:00,34.95,12980.0,United Kingdom
545415,22720,SET OF 3 CAKE TINS PANTRY DESIGN ,3,2011-03-02 13:03:00,4.95,15641.0,United Kingdom
545415,22722,SET OF 6 SPICE TINS PANTRY DESIGN,4,2011-03-02 13:03:00,3.95,15641.0,United Kingdom
545415,22978,PANTRY ROLLING PIN,6,2011-03-02 13:03:00,3.75,15641.0,United Kingdom
545415,22980,PANTRY SCRUBBING BRUSH,12,2011-03-02 13:03:00,1.65,15641.0,United Kingdom
545415,22356,CHARLOTTE BAG PINK POLKADOT,10,2011-03-02 13:03:00,0.85,15641.0,United Kingdom
545415,22661,CHARLOTTE BAG DOLLY GIRL DESIGN,10,2011-03-02 13:03:00,0.85,15641.0,United Kingdom
545415,22355,CHARLOTTE BAG SUKI DESIGN,10,2011-03-02 13:03:00,0.85,15641.0,United Kingdom
545415,20723,STRAWBERRY CHARLOTTE BAG,10,2011-03-02 13:03:00,0.85,15641.0,United Kingdom
545415,20724,RED RETROSPOT CHARLOTTE BAG,20,2011-03-02 13:03:00,0.85,15641.0,United Kingdom
545415,20716,PARTY FOOD SHOPPER BAG,10,2011-03-02 13:03:00,1.25,15641.0,United Kingdom
545415,20717,STRAWBERRY SHOPPER BAG,10,2011-03-02 13:03:00,1.25,15641.0,United Kingdom
545415,22989,SET 2 PANTRY DESIGN TEA TOWELS,6,2011-03-02 13:03:00,3.25,15641.0,United Kingdom
545415,21877,HOME SWEET HOME MUG,12,2011-03-02 13:03:00,1.25,15641.0,United Kingdom
545415,20711,JUMBO BAG TOYS ,10,2011-03-02 13:03:00,1.95,15641.0,United Kingdom
545415,20713,JUMBO BAG OWLS,10,2011-03-02 13:03:00,1.95,15641.0,United Kingdom
545415,21033,JUMBO BAG CHARLIE AND LOLA TOYS,10,2011-03-02 13:03:00,2.95,15641.0,United Kingdom
545415,47599A,PINK PARTY BAGS,6,2011-03-02 13:03:00,2.1,15641.0,United Kingdom
545415,47599B,BLUE PARTY BAGS ,6,2011-03-02 13:03:00,2.1,15641.0,United Kingdom
545415,22666,RECIPE BOX PANTRY YELLOW DESIGN,6,2011-03-02 13:03:00,2.95,15641.0,United Kingdom
545415,22962,JAM JAR WITH PINK LID,12,2011-03-02 13:03:00,0.85,15641.0,United Kingdom
545415,22963,JAM JAR WITH GREEN LID,12,2011-03-02 13:03:00,0.85,15641.0,United Kingdom
545415,22652,TRAVEL SEWING KIT,10,2011-03-02 13:03:00,1.65,15641.0,United Kingdom
545415,20971,PINK BLUE FELT CRAFT TRINKET BOX,12,2011-03-02 13:03:00,1.25,15641.0,United Kingdom
545415,22568,FELTCRAFT CUSHION OWL,4,2011-03-02 13:03:00,3.75,15641.0,United Kingdom
545415,22586,FELTCRAFT HAIRBAND PINK AND BLUE,12,2011-03-02 13:03:00,0.85,15641.0,United Kingdom
545415,22229,BUNNY WOODEN PAINTED WITH FLOWER ,12,2011-03-02 13:03:00,0.85,15641.0,United Kingdom
545415,84228,HEN HOUSE W CHICK STANDING,12,2011-03-02 13:03:00,0.42,15641.0,United Kingdom
545415,85187,S/12 MINI RABBIT EASTER,6,2011-03-02 13:03:00,1.65,15641.0,United Kingdom
545415,85212,MINI PAINTED GARDEN DECORATION ,12,2011-03-02 13:03:00,0.85,15641.0,United Kingdom
545415,22693,GROW A FLYTRAP OR SUNFLOWER IN TIN,24,2011-03-02 13:03:00,1.25,15641.0,United Kingdom
545415,22382,LUNCH BAG SPACEBOY DESIGN ,10,2011-03-02 13:03:00,1.65,15641.0,United Kingdom
545416,22625,RED KITCHEN SCALES,3,2011-03-02 13:35:00,8.5,17770.0,United Kingdom
545416,22626,BLACK KITCHEN SCALES,2,2011-03-02 13:35:00,8.5,17770.0,United Kingdom
545416,21034,REX CASH+CARRY JUMBO SHOPPER,1,2011-03-02 13:35:00,0.95,17770.0,United Kingdom
545416,21116,OWL DOORSTOP,3,2011-03-02 13:35:00,4.95,17770.0,United Kingdom
545416,85114B,IVORY ENCHANTED FOREST PLACEMAT,10,2011-03-02 13:35:00,1.65,17770.0,United Kingdom
545416,85114C,RED ENCHANTED FOREST PLACEMAT,10,2011-03-02 13:35:00,1.65,17770.0,United Kingdom
545416,85114A,BLACK ENCHANTED FOREST PLACEMAT,10,2011-03-02 13:35:00,1.65,17770.0,United Kingdom
545416,84968D,SET OF 16 VINTAGE RED CUTLERY,8,2011-03-02 13:35:00,12.75,17770.0,United Kingdom
545416,84968E,SET OF 16 VINTAGE BLACK CUTLERY,8,2011-03-02 13:35:00,12.75,17770.0,United Kingdom
545416,21983,PACK OF 12 BLUE PAISLEY TISSUES ,24,2011-03-02 13:35:00,0.29,17770.0,United Kingdom
545416,21984,PACK OF 12 PINK PAISLEY TISSUES ,24,2011-03-02 13:35:00,0.29,17770.0,United Kingdom
545416,22852,DOG BOWL VINTAGE CREAM,4,2011-03-02 13:35:00,4.25,17770.0,United Kingdom
545416,22853,CAT BOWL VINTAGE CREAM,4,2011-03-02 13:35:00,3.25,17770.0,United Kingdom
545416,22079,RIBBON REEL HEARTS DESIGN ,15,2011-03-02 13:35:00,1.65,17770.0,United Kingdom
545416,22078,RIBBON REEL LACE DESIGN ,15,2011-03-02 13:35:00,2.1,17770.0,United Kingdom
545416,84945,MULTI COLOUR SILVER T-LIGHT HOLDER,48,2011-03-02 13:35:00,0.85,17770.0,United Kingdom
545416,84968C,SET OF 16 VINTAGE PISTACHIO CUTLERY,8,2011-03-02 13:35:00,12.75,17770.0,United Kingdom
545416,21172,PARTY METAL SIGN ,4,2011-03-02 13:35:00,1.45,17770.0,United Kingdom
545416,82582,AREA PATROLLED METAL SIGN,3,2011-03-02 13:35:00,2.1,17770.0,United Kingdom
545416,21905,MORE BUTTER METAL SIGN ,3,2011-03-02 13:35:00,2.1,17770.0,United Kingdom
545416,22460,EMBOSSED GLASS TEALIGHT HOLDER,24,2011-03-02 13:35:00,1.25,17770.0,United Kingdom
545417,22725,ALARM CLOCK BAKELIKE CHOCOLATE,4,2011-03-02 13:42:00,3.75,15622.0,United Kingdom
545417,22726,ALARM CLOCK BAKELIKE GREEN,4,2011-03-02 13:42:00,3.75,15622.0,United Kingdom
545417,22727,ALARM CLOCK BAKELIKE RED ,4,2011-03-02 13:42:00,3.75,15622.0,United Kingdom
545417,22840,ROUND CAKE TIN VINTAGE RED,2,2011-03-02 13:42:00,7.95,15622.0,United Kingdom
545417,22841,ROUND CAKE TIN VINTAGE GREEN,2,2011-03-02 13:42:00,7.95,15622.0,United Kingdom
545417,22843,BISCUIT TIN VINTAGE GREEN,2,2011-03-02 13:42:00,6.75,15622.0,United Kingdom
545417,22842,BISCUIT TIN VINTAGE RED,2,2011-03-02 13:42:00,6.75,15622.0,United Kingdom
545417,21876,POTTERING MUG,12,2011-03-02 13:42:00,1.25,15622.0,United Kingdom
545417,21871,SAVE THE PLANET MUG,12,2011-03-02 13:42:00,1.25,15622.0,United Kingdom
545417,21877,HOME SWEET HOME MUG,12,2011-03-02 13:42:00,1.25,15622.0,United Kingdom
545417,82582,AREA PATROLLED METAL SIGN,12,2011-03-02 13:42:00,2.1,15622.0,United Kingdom
545417,85152,HAND OVER THE CHOCOLATE   SIGN ,12,2011-03-02 13:42:00,2.1,15622.0,United Kingdom
545417,21181,PLEASE ONE PERSON METAL SIGN,12,2011-03-02 13:42:00,2.1,15622.0,United Kingdom
545417,21169,YOU'RE CONFUSING ME METAL SIGN ,12,2011-03-02 13:42:00,1.69,15622.0,United Kingdom
545417,21903,MAN FLU METAL SIGN,12,2011-03-02 13:42:00,2.1,15622.0,United Kingdom
545417,23182,TOILET SIGN OCCUPIED OR VACANT,24,2011-03-02 13:42:00,0.83,15622.0,United Kingdom
545417,21908,CHOCOLATE THIS WAY METAL SIGN,12,2011-03-02 13:42:00,2.1,15622.0,United Kingdom
545417,82551,LAUNDRY 15C METAL SIGN,12,2011-03-02 13:42:00,1.45,15622.0,United Kingdom
545417,82552,WASHROOM METAL SIGN,12,2011-03-02 13:42:00,1.45,15622.0,United Kingdom
545417,21930,JUMBO STORAGE BAG SKULLS,10,2011-03-02 13:42:00,1.95,15622.0,United Kingdom
545417,85099F,JUMBO BAG STRAWBERRY,10,2011-03-02 13:42:00,1.95,15622.0,United Kingdom
545417,85099C,JUMBO  BAG BAROQUE BLACK WHITE,10,2011-03-02 13:42:00,1.95,15622.0,United Kingdom
545417,22848,BREAD BIN DINER STYLE PINK,2,2011-03-02 13:42:00,16.95,15622.0,United Kingdom
545417,22849,BREAD BIN DINER STYLE MINT,2,2011-03-02 13:42:00,16.95,15622.0,United Kingdom
545417,22846,BREAD BIN DINER STYLE RED ,2,2011-03-02 13:42:00,16.95,15622.0,United Kingdom
545417,22193,RED DINER WALL CLOCK,2,2011-03-02 13:42:00,8.5,15622.0,United Kingdom
545417,22192,BLUE DINER WALL CLOCK,2,2011-03-02 13:42:00,8.5,15622.0,United Kingdom
545417,22191,IVORY DINER WALL CLOCK,2,2011-03-02 13:42:00,8.5,15622.0,United Kingdom
545417,22730,ALARM CLOCK BAKELIKE IVORY,4,2011-03-02 13:42:00,3.75,15622.0,United Kingdom
545418,21621,VINTAGE UNION JACK BUNTING,10,2011-03-02 13:56:00,8.5,14473.0,United Kingdom
545419,22797,CHEST OF DRAWERS GINGHAM HEART ,2,2011-03-02 14:16:00,16.95,15104.0,United Kingdom
545419,22469,HEART OF WICKER SMALL,12,2011-03-02 14:16:00,1.65,15104.0,United Kingdom
545419,21259,VICTORIAN SEWING BOX SMALL ,2,2011-03-02 14:16:00,5.95,15104.0,United Kingdom
545419,22849,BREAD BIN DINER STYLE MINT,1,2011-03-02 14:16:00,16.95,15104.0,United Kingdom
545419,84992,72 SWEETHEART FAIRY CAKE CASES,24,2011-03-02 14:16:00,0.55,15104.0,United Kingdom
545419,22366,DOORMAT AIRMAIL ,2,2011-03-02 14:16:00,7.95,15104.0,United Kingdom
545419,48138,DOORMAT UNION FLAG,2,2011-03-02 14:16:00,7.95,15104.0,United Kingdom
545419,21903,MAN FLU METAL SIGN,12,2011-03-02 14:16:00,2.1,15104.0,United Kingdom
545419,20992,JAZZ HEARTS PURSE NOTEBOOK,12,2011-03-02 14:16:00,0.85,15104.0,United Kingdom
545419,21509,COWBOYS AND INDIANS BIRTHDAY CARD ,12,2011-03-02 14:16:00,0.42,15104.0,United Kingdom
545419,21506,"FANCY FONT BIRTHDAY CARD, ",12,2011-03-02 14:16:00,0.42,15104.0,United Kingdom
545419,22027,TEA PARTY BIRTHDAY CARD,12,2011-03-02 14:16:00,0.42,15104.0,United Kingdom
545419,22029,SPACEBOY BIRTHDAY CARD,12,2011-03-02 14:16:00,0.42,15104.0,United Kingdom
545419,22983,CARD BILLBOARD FONT,12,2011-03-02 14:16:00,0.42,15104.0,United Kingdom
545419,21520,BOOZE & WOMEN GREETING CARD ,12,2011-03-02 14:16:00,0.42,15104.0,United Kingdom
545419,21519,GIN & TONIC DIET GREETING CARD ,12,2011-03-02 14:16:00,0.42,15104.0,United Kingdom
545419,22715,CARD WEDDING DAY,12,2011-03-02 14:16:00,0.42,15104.0,United Kingdom
545419,22035,VINTAGE CARAVAN GREETING CARD ,12,2011-03-02 14:16:00,0.42,15104.0,United Kingdom
545419,84251B,"GREETING CARD, STICKY GORDON",12,2011-03-02 14:16:00,0.19,15104.0,United Kingdom
545419,21108,FAIRY CAKE FLANNEL ASSORTED COLOUR,9,2011-03-02 14:16:00,2.55,15104.0,United Kingdom
545419,84913A,SOFT PINK ROSE TOWEL ,4,2011-03-02 14:16:00,4.65,15104.0,United Kingdom
545419,84913B,MINT GREEN ROSE TOWEL,4,2011-03-02 14:16:00,4.65,15104.0,United Kingdom
545419,84916,HAND TOWEL PALE BLUE W FLOWERS,2,2011-03-02 14:16:00,5.95,15104.0,United Kingdom
545419,84917,WHITE HAND TOWEL WITH BUTTERFLY,2,2011-03-02 14:16:00,5.95,15104.0,United Kingdom
545419,22802,FAUX FUR CHOCOLATE THROW,1,2011-03-02 14:16:00,19.95,15104.0,United Kingdom
545419,46775D,SUNSET COLOUR CHUNKY KNITTED THROW,1,2011-03-02 14:16:00,16.95,15104.0,United Kingdom
545419,85066,CREAM SWEETHEART MINI CHEST,2,2011-03-02 14:16:00,12.75,15104.0,United Kingdom
545419,22470,HEART OF WICKER LARGE,6,2011-03-02 14:16:00,2.95,15104.0,United Kingdom
C545421,22684,FRENCH BLUE METAL DOOR SIGN 9,-2,2011-03-02 14:28:00,1.25,13166.0,United Kingdom
545423,22423,REGENCY CAKESTAND 3 TIER,2,2011-03-02 14:34:00,12.75,15643.0,United Kingdom
545423,22794,SWEETHEART WIRE MAGAZINE RACK,2,2011-03-02 14:34:00,7.95,15643.0,United Kingdom
545423,22781,GUMBALL MAGAZINE RACK,2,2011-03-02 14:34:00,7.65,15643.0,United Kingdom
545423,22467,GUMBALL COAT RACK,6,2011-03-02 14:34:00,2.55,15643.0,United Kingdom
545423,21843,RED RETROSPOT CAKE STAND,2,2011-03-02 14:34:00,10.95,15643.0,United Kingdom
545423,21217,RED RETROSPOT ROUND CAKE TINS,2,2011-03-02 14:34:00,9.95,15643.0,United Kingdom
545423,22676,FRENCH BLUE METAL DOOR SIGN 1,10,2011-03-02 14:34:00,1.25,15643.0,United Kingdom
545423,22677,FRENCH BLUE METAL DOOR SIGN 2,10,2011-03-02 14:34:00,1.25,15643.0,United Kingdom
545423,22680,FRENCH BLUE METAL DOOR SIGN 5,10,2011-03-02 14:34:00,1.25,15643.0,United Kingdom
545423,22681,FRENCH BLUE METAL DOOR SIGN 6,10,2011-03-02 14:34:00,1.25,15643.0,United Kingdom
545423,22682,FRENCH BLUE METAL DOOR SIGN 7,10,2011-03-02 14:34:00,1.25,15643.0,United Kingdom
545423,22683,FRENCH BLUE METAL DOOR SIGN 8,10,2011-03-02 14:34:00,1.25,15643.0,United Kingdom
545423,22684,FRENCH BLUE METAL DOOR SIGN 9,10,2011-03-02 14:34:00,1.25,15643.0,United Kingdom
545423,22685,FRENCH BLUE METAL DOOR SIGN 0,10,2011-03-02 14:34:00,1.25,15643.0,United Kingdom
545423,22678,FRENCH BLUE METAL DOOR SIGN 3,10,2011-03-02 14:34:00,1.25,15643.0,United Kingdom
545423,22679,FRENCH BLUE METAL DOOR SIGN 4,10,2011-03-02 14:34:00,1.25,15643.0,United Kingdom
545423,22722,SET OF 6 SPICE TINS PANTRY DESIGN,4,2011-03-02 14:34:00,3.95,15643.0,United Kingdom
545423,22720,SET OF 3 CAKE TINS PANTRY DESIGN ,3,2011-03-02 14:34:00,4.95,15643.0,United Kingdom
545423,22846,BREAD BIN DINER STYLE RED ,1,2011-03-02 14:34:00,16.95,15643.0,United Kingdom
545423,22849,BREAD BIN DINER STYLE MINT,1,2011-03-02 14:34:00,16.95,15643.0,United Kingdom
545423,22424,ENAMEL BREAD BIN CREAM,1,2011-03-02 14:34:00,12.75,15643.0,United Kingdom
545423,16156S,WRAP PINK FAIRY CAKES ,25,2011-03-02 14:34:00,0.42,15643.0,United Kingdom
545423,21498,RED RETROSPOT WRAP ,25,2011-03-02 14:34:00,0.42,15643.0,United Kingdom
545424,21034,REX CASH+CARRY JUMBO SHOPPER,4,2011-03-02 14:34:00,0.95,,United Kingdom
545425,22070,SMALL RED RETROSPOT MUG IN BOX ,1,2011-03-02 14:39:00,3.75,16792.0,United Kingdom
545425,21340,CLASSIC METAL BIRDCAGE PLANT HOLDER,1,2011-03-02 14:39:00,12.75,16792.0,United Kingdom
545425,85199S,SMALL HANGING IVORY/RED WOOD BIRD,9,2011-03-02 14:39:00,0.42,16792.0,United Kingdom
545425,21442,GREEN BIRDHOUSE DECORATION,6,2011-03-02 14:39:00,0.85,16792.0,United Kingdom
545425,21441,BLUE BIRDHOUSE DECORATION,6,2011-03-02 14:39:00,0.85,16792.0,United Kingdom
545425,85123A,WHITE HANGING HEART T-LIGHT HOLDER,3,2011-03-02 14:39:00,2.95,16792.0,United Kingdom
545425,22071,SMALL WHITE RETROSPOT MUG IN BOX ,3,2011-03-02 14:39:00,3.75,16792.0,United Kingdom
545425,22070,SMALL RED RETROSPOT MUG IN BOX ,3,2011-03-02 14:39:00,3.75,16792.0,United Kingdom
545425,22189,CREAM HEART CARD HOLDER,7,2011-03-02 14:39:00,3.95,16792.0,United Kingdom
545425,21181,PLEASE ONE PERSON METAL SIGN,1,2011-03-02 14:39:00,2.1,16792.0,United Kingdom
545425,22470,HEART OF WICKER LARGE,3,2011-03-02 14:39:00,2.95,16792.0,United Kingdom
545426,21790,VINTAGE SNAP CARDS,12,2011-03-02 14:41:00,0.85,15189.0,United Kingdom
545426,84978,HANGING HEART JAR T-LIGHT HOLDER,36,2011-03-02 14:41:00,1.06,15189.0,United Kingdom
545426,22423,REGENCY CAKESTAND 3 TIER,16,2011-03-02 14:41:00,10.95,15189.0,United Kingdom
545426,22698,PINK REGENCY TEACUP AND SAUCER,6,2011-03-02 14:41:00,2.95,15189.0,United Kingdom
545426,22699,ROSES REGENCY TEACUP AND SAUCER ,6,2011-03-02 14:41:00,2.95,15189.0,United Kingdom
545426,22697,GREEN REGENCY TEACUP AND SAUCER,6,2011-03-02 14:41:00,2.95,15189.0,United Kingdom
545427,22829,SWEETHEART WIRE WALL TIDY,1,2011-03-02 14:41:00,9.95,16792.0,United Kingdom
545428,22840,ROUND CAKE TIN VINTAGE RED,4,2011-03-02 14:43:00,7.95,14239.0,United Kingdom
545428,22846,BREAD BIN DINER STYLE RED ,2,2011-03-02 14:43:00,16.95,14239.0,United Kingdom
545428,22845,VINTAGE CREAM CAT FOOD CONTAINER,2,2011-03-02 14:43:00,6.35,14239.0,United Kingdom
545428,22844,VINTAGE CREAM DOG FOOD CONTAINER,4,2011-03-02 14:43:00,8.5,14239.0,United Kingdom
545428,22860,EASTER TIN CHICKS PINK DAISY,6,2011-03-02 14:43:00,1.65,14239.0,United Kingdom
545428,22859,EASTER TIN BUNNY BOUQUET,6,2011-03-02 14:43:00,1.65,14239.0,United Kingdom
545428,22858,EASTER TIN KEEPSAKE,6,2011-03-02 14:43:00,1.65,14239.0,United Kingdom
545428,22957,SET 3 PAPER VINTAGE CHICK PAPER EGG,12,2011-03-02 14:43:00,2.95,14239.0,United Kingdom
545428,22138,BAKING SET 9 PIECE RETROSPOT ,3,2011-03-02 14:43:00,4.95,14239.0,United Kingdom
545428,22652,TRAVEL SEWING KIT,10,2011-03-02 14:43:00,1.65,14239.0,United Kingdom
545428,22720,SET OF 3 CAKE TINS PANTRY DESIGN ,3,2011-03-02 14:43:00,4.95,14239.0,United Kingdom
545428,22722,SET OF 6 SPICE TINS PANTRY DESIGN,4,2011-03-02 14:43:00,3.95,14239.0,United Kingdom
545428,22982,PANTRY PASTRY BRUSH,12,2011-03-02 14:43:00,1.25,14239.0,United Kingdom
545428,22978,PANTRY ROLLING PIN,6,2011-03-02 14:43:00,3.75,14239.0,United Kingdom
545428,21354,TOAST ITS - BEST MUM,12,2011-03-02 14:43:00,1.25,14239.0,United Kingdom
545428,22699,ROSES REGENCY TEACUP AND SAUCER ,6,2011-03-02 14:43:00,2.95,14239.0,United Kingdom
545428,22698,PINK REGENCY TEACUP AND SAUCER,6,2011-03-02 14:43:00,2.95,14239.0,United Kingdom
545428,22697,GREEN REGENCY TEACUP AND SAUCER,6,2011-03-02 14:43:00,2.95,14239.0,United Kingdom
545428,22423,REGENCY CAKESTAND 3 TIER,4,2011-03-02 14:43:00,12.75,14239.0,United Kingdom
545428,84755,COLOUR GLASS T-LIGHT HOLDER HANGING,16,2011-03-02 14:43:00,0.65,14239.0,United Kingdom
545428,84970L,SINGLE HEART ZINC T-LIGHT HOLDER,12,2011-03-02 14:43:00,0.95,14239.0,United Kingdom
545428,21896,POTTING SHED TWINE,6,2011-03-02 14:43:00,2.1,14239.0,United Kingdom
545429,22858,EASTER TIN KEEPSAKE,2,2011-03-02 14:46:00,1.65,15031.0,United Kingdom
545429,22860,EASTER TIN CHICKS PINK DAISY,2,2011-03-02 14:46:00,1.65,15031.0,United Kingdom
545429,22998,TRAVEL CARD WALLET KEEP CALM,2,2011-03-02 14:46:00,0.42,15031.0,United Kingdom
545429,23003,TRAVEL CARD WALLET VINTAGE ROSE ,2,2011-03-02 14:46:00,0.42,15031.0,United Kingdom
545429,23004,TRAVEL CARD WALLET PANTRY,2,2011-03-02 14:46:00,0.42,15031.0,United Kingdom
545429,22996,TRAVEL CARD WALLET VINTAGE TICKET,2,2011-03-02 14:46:00,0.42,15031.0,United Kingdom
545429,82581,TOILET METAL SIGN,1,2011-03-02 14:46:00,0.55,15031.0,United Kingdom
545429,84978,HANGING HEART JAR T-LIGHT HOLDER,3,2011-03-02 14:46:00,1.25,15031.0,United Kingdom
545429,84879,ASSORTED COLOUR BIRD ORNAMENT,6,2011-03-02 14:46:00,1.69,15031.0,United Kingdom
545429,21135,VICTORIAN  METAL POSTCARD SPRING,2,2011-03-02 14:46:00,1.69,15031.0,United Kingdom
545429,22730,ALARM CLOCK BAKELIKE IVORY,1,2011-03-02 14:46:00,3.75,15031.0,United Kingdom
545429,22914,BLUE COAT RACK PARIS FASHION,2,2011-03-02 14:46:00,4.95,15031.0,United Kingdom
545429,22957,SET 3 PAPER VINTAGE CHICK PAPER EGG,1,2011-03-02 14:46:00,2.95,15031.0,United Kingdom
545429,21670,BLUE SPOT CERAMIC DRAWER KNOB,6,2011-03-02 14:46:00,1.25,15031.0,United Kingdom
545429,21669,BLUE STRIPE CERAMIC DRAWER KNOB,12,2011-03-02 14:46:00,1.25,15031.0,United Kingdom
545429,48173C,DOORMAT BLACK FLOCK ,1,2011-03-02 14:46:00,7.95,15031.0,United Kingdom
545429,48187,DOORMAT NEW ENGLAND,1,2011-03-02 14:46:00,7.95,15031.0,United Kingdom
545429,22423,REGENCY CAKESTAND 3 TIER,2,2011-03-02 14:46:00,12.75,15031.0,United Kingdom
545429,22699,ROSES REGENCY TEACUP AND SAUCER ,4,2011-03-02 14:46:00,2.95,15031.0,United Kingdom
545429,22697,GREEN REGENCY TEACUP AND SAUCER,2,2011-03-02 14:46:00,2.95,15031.0,United Kingdom
545429,22698,PINK REGENCY TEACUP AND SAUCER,2,2011-03-02 14:46:00,2.95,15031.0,United Kingdom
545429,22963,JAM JAR WITH GREEN LID,6,2011-03-02 14:46:00,0.85,15031.0,United Kingdom
545429,22666,RECIPE BOX PANTRY YELLOW DESIGN,2,2011-03-02 14:46:00,2.95,15031.0,United Kingdom
545429,22794,SWEETHEART WIRE MAGAZINE RACK,1,2011-03-02 14:46:00,7.95,15031.0,United Kingdom
545430,22670,FRENCH WC SIGN BLUE METAL,12,2011-03-02 14:50:00,1.25,15636.0,United Kingdom
545430,85123A,WHITE HANGING HEART T-LIGHT HOLDER,18,2011-03-02 14:50:00,2.95,15636.0,United Kingdom
545430,82483,WOOD 2 DRAWER CABINET WHITE FINISH,10,2011-03-02 14:50:00,6.95,15636.0,United Kingdom
545430,82486,WOOD S/3 CABINET ANT WHITE FINISH,8,2011-03-02 14:50:00,8.95,15636.0,United Kingdom
545430,82484,WOOD BLACK BOARD ANT WHITE FINISH,4,2011-03-02 14:50:00,7.95,15636.0,United Kingdom
545430,82494L,WOODEN FRAME ANTIQUE WHITE ,12,2011-03-02 14:50:00,2.95,15636.0,United Kingdom
545430,82482,WOODEN PICTURE FRAME WHITE FINISH,6,2011-03-02 14:50:00,2.55,15636.0,United Kingdom
545430,84946,ANTIQUE SILVER TEA GLASS ETCHED,12,2011-03-02 14:50:00,1.25,15636.0,United Kingdom
545431,21621,VINTAGE UNION JACK BUNTING,8,2011-03-02 14:58:00,8.5,12873.0,United Kingdom
545431,22084,PAPER CHAIN KIT EMPIRE,40,2011-03-02 14:58:00,2.55,12873.0,United Kingdom
545431,22910,PAPER CHAIN KIT VINTAGE CHRISTMAS,40,2011-03-02 14:58:00,2.55,12873.0,United Kingdom
545431,22086,PAPER CHAIN KIT 50'S CHRISTMAS ,40,2011-03-02 14:58:00,2.55,12873.0,United Kingdom
545433,47566,PARTY BUNTING,50,2011-03-02 15:15:00,4.15,17923.0,United Kingdom
C545432,22220,CAKE STAND LOVEBIRD 2 TIER WHITE,-1,2011-03-02 15:15:00,9.95,14657.0,United Kingdom
C545434,22148,EASTER CRAFT 4 CHICKS ,-3,2011-03-02 15:24:00,1.95,13410.0,United Kingdom
545435,22720,SET OF 3 CAKE TINS PANTRY DESIGN ,3,2011-03-02 15:28:00,4.95,16217.0,United Kingdom
545435,22961,JAM MAKING SET PRINTED,12,2011-03-02 15:28:00,1.45,16217.0,United Kingdom
545435,21181,PLEASE ONE PERSON METAL SIGN,12,2011-03-02 15:28:00,2.1,16217.0,United Kingdom
545435,20886,BOX OF 9 PEBBLE CANDLES,6,2011-03-02 15:28:00,1.95,16217.0,United Kingdom
545435,22926,IVORY GIANT GARDEN THERMOMETER,2,2011-03-02 15:28:00,5.95,16217.0,United Kingdom
545435,22427,ENAMEL FLOWER JUG CREAM,3,2011-03-02 15:28:00,5.95,16217.0,United Kingdom
545435,22212,FOUR HOOK  WHITE LOVEBIRDS,6,2011-03-02 15:28:00,2.1,16217.0,United Kingdom
545435,22863,SOAP DISH BROCANTE,8,2011-03-02 15:28:00,2.95,16217.0,United Kingdom
545435,84792,ENCHANTED BIRD COATHANGER 5 HOOK,4,2011-03-02 15:28:00,4.65,16217.0,United Kingdom
545435,21906,PHARMACIE FIRST AID TIN,2,2011-03-02 15:28:00,6.75,16217.0,United Kingdom
545435,82484,WOOD BLACK BOARD ANT WHITE FINISH,2,2011-03-02 15:28:00,7.9,16217.0,United Kingdom
C545436,20725,LUNCH BAG RED RETROSPOT,-1,2011-03-02 15:52:00,1.65,13093.0,United Kingdom
C545436,22383,LUNCH BAG SUKI DESIGN ,-1,2011-03-02 15:52:00,1.65,13093.0,United Kingdom
C545436,22846,BREAD BIN DINER STYLE RED ,-1,2011-03-02 15:52:00,14.95,13093.0,United Kingdom
C545437,22423,REGENCY CAKESTAND 3 TIER,-1,2011-03-02 15:52:00,10.95,13093.0,United Kingdom
C545438,22697,GREEN REGENCY TEACUP AND SAUCER,-1,2011-03-02 15:54:00,2.95,14231.0,United Kingdom
C545438,22698,PINK REGENCY TEACUP AND SAUCER,-1,2011-03-02 15:54:00,2.95,14231.0,United Kingdom
C545438,22427,ENAMEL FLOWER JUG CREAM,-3,2011-03-02 15:54:00,5.95,14231.0,United Kingdom
C545439,37495,FAIRY CAKE BIRTHDAY CANDLE SET,-4,2011-03-02 15:58:00,3.75,14243.0,United Kingdom
C545440,22303,COFFEE MUG APPLES DESIGN,-5,2011-03-02 16:03:00,2.55,16843.0,United Kingdom
545441,84380,SET OF 3 BUTTERFLY COOKIE CUTTERS,9,2011-03-02 16:17:00,1.25,14657.0,United Kingdom
545441,84378,SET OF 3 HEART COOKIE CUTTERS,9,2011-03-02 16:17:00,1.25,14657.0,United Kingdom
545441,21976,PACK OF 60 MUSHROOM CAKE CASES,6,2011-03-02 16:17:00,0.55,14657.0,United Kingdom
545441,84375,SET OF 20 KIDS COOKIE CUTTERS,12,2011-03-02 16:17:00,2.1,14657.0,United Kingdom
545441,22241,GARLAND WOODEN HAPPY EASTER,3,2011-03-02 16:17:00,1.25,14657.0,United Kingdom
545441,22955,36 FOIL STAR CAKE CASES ,3,2011-03-02 16:17:00,2.1,14657.0,United Kingdom
545441,22956,36 FOIL HEART CAKE CASES,3,2011-03-02 16:17:00,2.1,14657.0,United Kingdom
545441,22084,PAPER CHAIN KIT EMPIRE,4,2011-03-02 16:17:00,2.95,14657.0,United Kingdom
545441,22964,3 PIECE SPACEBOY COOKIE CUTTER SET,3,2011-03-02 16:17:00,2.1,14657.0,United Kingdom
545441,84218,BOX/12 CHICK & EGG IN BASKET,4,2011-03-02 16:17:00,1.95,14657.0,United Kingdom
545441,37448,CERAMIC CAKE DESIGN SPOTTED MUG,3,2011-03-02 16:17:00,1.49,14657.0,United Kingdom
545441,21621,VINTAGE UNION JACK BUNTING,1,2011-03-02 16:17:00,8.5,14657.0,United Kingdom
545441,72127,COLUMBIAN CANDLE ROUND ,1,2011-03-02 16:17:00,1.25,14657.0,United Kingdom
545441,72128,COLUMBIAN CANDLE ROUND,1,2011-03-02 16:17:00,0.85,14657.0,United Kingdom
C545442,22776,SWEETHEART CAKESTAND 3 TIER,-1,2011-03-02 16:17:00,9.95,17063.0,United Kingdom
C545443,22720,SET OF 3 CAKE TINS PANTRY DESIGN ,-1,2011-03-02 16:20:00,4.95,17442.0,United Kingdom
C545443,22781,GUMBALL MAGAZINE RACK,-1,2011-03-02 16:20:00,7.65,17442.0,United Kingdom
C545444,22729,ALARM CLOCK BAKELIKE ORANGE,-1,2011-03-02 16:24:00,3.75,13767.0,United Kingdom
C545444,22697,GREEN REGENCY TEACUP AND SAUCER,-1,2011-03-02 16:24:00,2.95,13767.0,United Kingdom
C545444,22698,PINK REGENCY TEACUP AND SAUCER,-2,2011-03-02 16:24:00,2.95,13767.0,United Kingdom
545445,22423,REGENCY CAKESTAND 3 TIER,4,2011-03-02 16:26:00,12.75,17738.0,United Kingdom
545445,22699,ROSES REGENCY TEACUP AND SAUCER ,6,2011-03-02 16:26:00,2.95,17738.0,United Kingdom
545445,22087,PAPER BUNTING WHITE LACE,6,2011-03-02 16:26:00,2.95,17738.0,United Kingdom
545445,22227,HANGING HEART MIRROR DECORATION ,24,2011-03-02 16:26:00,0.65,17738.0,United Kingdom
545445,21447,12 IVORY ROSE PEG PLACE SETTINGS,12,2011-03-02 16:26:00,1.25,17738.0,United Kingdom
545445,22776,SWEETHEART CAKESTAND 3 TIER,4,2011-03-02 16:26:00,9.95,17738.0,United Kingdom
545445,85123A,WHITE HANGING HEART T-LIGHT HOLDER,6,2011-03-02 16:26:00,2.95,17738.0,United Kingdom
545445,21340,CLASSIC METAL BIRDCAGE PLANT HOLDER,4,2011-03-02 16:26:00,12.75,17738.0,United Kingdom
545445,22178,VICTORIAN GLASS HANGING T-LIGHT,12,2011-03-02 16:26:00,1.25,17738.0,United Kingdom
545445,22624,IVORY KITCHEN SCALES,2,2011-03-02 16:26:00,8.5,17738.0,United Kingdom
545445,22969,HOMEMADE JAM SCENTED CANDLES,12,2011-03-02 16:26:00,1.45,17738.0,United Kingdom
545445,22720,SET OF 3 CAKE TINS PANTRY DESIGN ,3,2011-03-02 16:26:00,4.95,17738.0,United Kingdom
545445,22979,PANTRY WASHING UP BRUSH,12,2011-03-02 16:26:00,1.45,17738.0,United Kingdom
545445,22960,JAM MAKING SET WITH JARS,6,2011-03-02 16:26:00,4.25,17738.0,United Kingdom
545445,22961,JAM MAKING SET PRINTED,12,2011-03-02 16:26:00,1.45,17738.0,United Kingdom
545445,21913,VINTAGE SEASIDE JIGSAW PUZZLES,4,2011-03-02 16:26:00,3.75,17738.0,United Kingdom
545445,22674,FRENCH TOILET SIGN BLUE METAL,12,2011-03-02 16:26:00,1.25,17738.0,United Kingdom
545445,22670,FRENCH WC SIGN BLUE METAL,12,2011-03-02 16:26:00,1.25,17738.0,United Kingdom
545445,23182,TOILET SIGN OCCUPIED OR VACANT,24,2011-03-02 16:26:00,0.83,17738.0,United Kingdom
545445,22301,COFFEE MUG CAT + BIRD DESIGN,6,2011-03-02 16:26:00,2.55,17738.0,United Kingdom
545445,22302,COFFEE MUG PEARS  DESIGN,6,2011-03-02 16:26:00,2.55,17738.0,United Kingdom
545445,22303,COFFEE MUG APPLES DESIGN,6,2011-03-02 16:26:00,2.55,17738.0,United Kingdom
545445,22898,CHILDRENS APRON APPLES DESIGN,8,2011-03-02 16:26:00,1.95,17738.0,United Kingdom
545445,22896,PEG BAG APPLES DESIGN,6,2011-03-02 16:26:00,2.55,17738.0,United Kingdom
545445,22939,APRON APPLE DELIGHT,4,2011-03-02 16:26:00,4.95,17738.0,United Kingdom
545445,22561,WOODEN SCHOOL COLOURING SET,12,2011-03-02 16:26:00,1.65,17738.0,United Kingdom
545445,22745,POPPY'S PLAYHOUSE BEDROOM ,6,2011-03-02 16:26:00,2.1,17738.0,United Kingdom
545445,23126,DOLLCRAFT GIRL AMELIE KIT,4,2011-03-02 16:26:00,4.95,17738.0,United Kingdom
545445,23127,DOLLCRAFT GIRL NICOLE,4,2011-03-02 16:26:00,4.95,17738.0,United Kingdom
545445,47590A,BLUE HAPPY BIRTHDAY BUNTING,3,2011-03-02 16:26:00,5.45,17738.0,United Kingdom
545445,47590B,PINK HAPPY BIRTHDAY BUNTING,3,2011-03-02 16:26:00,5.45,17738.0,United Kingdom
545445,20972,PINK CREAM FELT CRAFT TRINKET BOX ,12,2011-03-02 16:26:00,1.25,17738.0,United Kingdom
545445,22930,BAKING MOULD HEART MILK CHOCOLATE,6,2011-03-02 16:26:00,2.55,17738.0,United Kingdom
545445,22937,BAKING MOULD CHOCOLATE CUPCAKES,6,2011-03-02 16:26:00,2.55,17738.0,United Kingdom
545445,22967,SET 3 SONG BIRD PAPER EGGS ASSORTED,6,2011-03-02 16:26:00,2.95,17738.0,United Kingdom
545445,22858,EASTER TIN KEEPSAKE,6,2011-03-02 16:26:00,1.65,17738.0,United Kingdom
545445,48187,DOORMAT NEW ENGLAND,2,2011-03-02 16:26:00,7.95,17738.0,United Kingdom
545445,22690,DOORMAT HOME SWEET HOME BLUE ,2,2011-03-02 16:26:00,7.95,17738.0,United Kingdom
545445,22502,PICNIC BASKET WICKER SMALL,4,2011-03-02 16:26:00,5.95,17738.0,United Kingdom
545445,22607,WOODEN ROUNDERS GARDEN SET ,2,2011-03-02 16:26:00,9.95,17738.0,United Kingdom
545445,22605,WOODEN CROQUET GARDEN SET,1,2011-03-02 16:26:00,14.95,17738.0,United Kingdom
C545446,22957,SET 3 PAPER VINTAGE CHICK PAPER EGG,-12,2011-03-02 16:33:00,2.55,12753.0,Japan
C545446,22654,DELUXE SEWING KIT ,-2,2011-03-02 16:33:00,4.95,12753.0,Japan
C545446,22661,CHARLOTTE BAG DOLLY GIRL DESIGN,-1,2011-03-02 16:33:00,0.72,12753.0,Japan
C545446,20725,LUNCH BAG RED RETROSPOT,-1,2011-03-02 16:33:00,1.45,12753.0,Japan
C545446,20724,RED RETROSPOT CHARLOTTE BAG,-1,2011-03-02 16:33:00,0.72,12753.0,Japan
545447,22846,BREAD BIN DINER STYLE RED ,2,2011-03-02 16:34:00,16.95,17426.0,United Kingdom
545447,22849,BREAD BIN DINER STYLE MINT,2,2011-03-02 16:34:00,16.95,17426.0,United Kingdom
545447,22730,ALARM CLOCK BAKELIKE IVORY,4,2011-03-02 16:34:00,3.75,17426.0,United Kingdom
545447,22727,ALARM CLOCK BAKELIKE RED ,4,2011-03-02 16:34:00,3.75,17426.0,United Kingdom
545447,22726,ALARM CLOCK BAKELIKE GREEN,4,2011-03-02 16:34:00,3.75,17426.0,United Kingdom
545447,22841,ROUND CAKE TIN VINTAGE GREEN,2,2011-03-02 16:34:00,7.95,17426.0,United Kingdom
545447,22840,ROUND CAKE TIN VINTAGE RED,2,2011-03-02 16:34:00,7.95,17426.0,United Kingdom
545447,22843,BISCUIT TIN VINTAGE GREEN,4,2011-03-02 16:34:00,6.75,17426.0,United Kingdom
545447,22842,BISCUIT TIN VINTAGE RED,4,2011-03-02 16:34:00,6.75,17426.0,United Kingdom
545447,22839,3 TIER CAKE TIN GREEN AND CREAM,2,2011-03-02 16:34:00,14.95,17426.0,United Kingdom
545447,22838,3 TIER CAKE TIN RED AND CREAM,2,2011-03-02 16:34:00,14.95,17426.0,United Kingdom
545447,21977,PACK OF 60 PINK PAISLEY CAKE CASES,24,2011-03-02 16:34:00,0.55,17426.0,United Kingdom
545447,84991,60 TEATIME FAIRY CAKE CASES,24,2011-03-02 16:34:00,0.55,17426.0,United Kingdom
545447,21212,PACK OF 72 RETROSPOT CAKE CASES,24,2011-03-02 16:34:00,0.55,17426.0,United Kingdom
545447,22892,SET OF SALT AND PEPPER TOADSTOOLS,24,2011-03-02 16:34:00,1.25,17426.0,United Kingdom
545447,21588,RETROSPOT GIANT TUBE MATCHES,12,2011-03-02 16:34:00,2.55,17426.0,United Kingdom
545447,22991,GIRAFFE WOODEN RULER,12,2011-03-02 16:34:00,1.95,17426.0,United Kingdom
545447,21790,VINTAGE SNAP CARDS,12,2011-03-02 16:34:00,0.85,17426.0,United Kingdom
545447,22411,JUMBO SHOPPER VINTAGE RED PAISLEY,10,2011-03-02 16:34:00,1.95,17426.0,United Kingdom
545447,20713,JUMBO BAG OWLS,10,2011-03-02 16:34:00,1.95,17426.0,United Kingdom
545447,20972,PINK CREAM FELT CRAFT TRINKET BOX ,12,2011-03-02 16:34:00,1.25,17426.0,United Kingdom
545447,20971,PINK BLUE FELT CRAFT TRINKET BOX,12,2011-03-02 16:34:00,1.25,17426.0,United Kingdom
545447,20970,PINK FLORAL FELTCRAFT SHOULDER BAG,4,2011-03-02 16:34:00,3.75,17426.0,United Kingdom
545447,20969,RED FLORAL FELTCRAFT SHOULDER BAG,4,2011-03-02 16:34:00,3.75,17426.0,United Kingdom
545447,22274,FELTCRAFT DOLL EMILY,6,2011-03-02 16:34:00,2.95,17426.0,United Kingdom
545447,22150,3 STRIPEY MICE FELTCRAFT,6,2011-03-02 16:34:00,1.95,17426.0,United Kingdom
545447,22149,FELTCRAFT 6 FLOWER FRIENDS,6,2011-03-02 16:34:00,2.1,17426.0,United Kingdom
545447,22780,LIGHT GARLAND BUTTERFILES PINK,4,2011-03-02 16:34:00,4.25,17426.0,United Kingdom
545447,22779,WOODEN OWLS LIGHT GARLAND ,4,2011-03-02 16:34:00,4.25,17426.0,United Kingdom
545447,48187,DOORMAT NEW ENGLAND,4,2011-03-02 16:34:00,7.95,17426.0,United Kingdom
545447,22568,FELTCRAFT CUSHION OWL,4,2011-03-02 16:34:00,3.75,17426.0,United Kingdom
545447,22570,FELTCRAFT CUSHION RABBIT,4,2011-03-02 16:34:00,3.75,17426.0,United Kingdom
545447,22563,HAPPY STENCIL CRAFT,12,2011-03-02 16:34:00,1.25,17426.0,United Kingdom
545447,22746,POPPY'S PLAYHOUSE LIVINGROOM ,6,2011-03-02 16:34:00,2.1,17426.0,United Kingdom
545447,22745,POPPY'S PLAYHOUSE BEDROOM ,6,2011-03-02 16:34:00,2.1,17426.0,United Kingdom
545447,22747,POPPY'S PLAYHOUSE BATHROOM,6,2011-03-02 16:34:00,2.1,17426.0,United Kingdom
545447,22748,POPPY'S PLAYHOUSE KITCHEN,6,2011-03-02 16:34:00,2.1,17426.0,United Kingdom
545447,22751,FELTCRAFT PRINCESS OLIVIA DOLL,4,2011-03-02 16:34:00,3.75,17426.0,United Kingdom
545447,22749,FELTCRAFT PRINCESS CHARLOTTE DOLL,4,2011-03-02 16:34:00,3.75,17426.0,United Kingdom
545447,22750,FELTCRAFT PRINCESS LOLA DOLL,4,2011-03-02 16:34:00,3.75,17426.0,United Kingdom
545447,21982,PACK OF 12 SUKI TISSUES ,24,2011-03-02 16:34:00,0.29,17426.0,United Kingdom
545447,21169,YOU'RE CONFUSING ME METAL SIGN ,12,2011-03-02 16:34:00,1.69,17426.0,United Kingdom
545447,21181,PLEASE ONE PERSON METAL SIGN,12,2011-03-02 16:34:00,2.1,17426.0,United Kingdom
545447,85150,LADIES & GENTLEMEN METAL SIGN,6,2011-03-02 16:34:00,2.55,17426.0,United Kingdom
545447,22646,CERAMIC STRAWBERRY CAKE MONEY BANK,12,2011-03-02 16:34:00,1.45,17426.0,United Kingdom
545447,21232,STRAWBERRY CERAMIC TRINKET BOX,12,2011-03-02 16:34:00,1.25,17426.0,United Kingdom
545447,37446,MINI CAKE STAND WITH HANGING CAKES,16,2011-03-02 16:34:00,1.45,17426.0,United Kingdom
545447,22083,PAPER CHAIN KIT RETROSPOT,6,2011-03-02 16:34:00,2.95,17426.0,United Kingdom
545447,22960,JAM MAKING SET WITH JARS,6,2011-03-02 16:34:00,4.25,17426.0,United Kingdom
545447,22720,SET OF 3 CAKE TINS PANTRY DESIGN ,3,2011-03-02 16:34:00,4.95,17426.0,United Kingdom
545447,22722,SET OF 6 SPICE TINS PANTRY DESIGN,4,2011-03-02 16:34:00,3.95,17426.0,United Kingdom
545447,22993,SET OF 4 PANTRY JELLY MOULDS,12,2011-03-02 16:34:00,1.25,17426.0,United Kingdom
545447,22966,GINGERBREAD MAN COOKIE CUTTER,12,2011-03-02 16:34:00,1.25,17426.0,United Kingdom
545447,22961,JAM MAKING SET PRINTED,12,2011-03-02 16:34:00,1.45,17426.0,United Kingdom
545447,22423,REGENCY CAKESTAND 3 TIER,2,2011-03-02 16:34:00,12.75,17426.0,United Kingdom
545447,48185,DOORMAT FAIRY CAKE,2,2011-03-02 16:34:00,7.95,17426.0,United Kingdom
545447,21479,WHITE SKULL HOT WATER BOTTLE ,4,2011-03-02 16:34:00,3.75,17426.0,United Kingdom
545447,21389,IVORY HANGING DECORATION  BIRD,12,2011-03-02 16:34:00,0.85,17426.0,United Kingdom
545447,22489,PACK OF 12 TRADITIONAL CRAYONS,24,2011-03-02 16:34:00,0.42,17426.0,United Kingdom
545447,22361,GLASS JAR DAISY FRESH COTTON WOOL,6,2011-03-02 16:34:00,2.95,17426.0,United Kingdom
545447,22427,ENAMEL FLOWER JUG CREAM,3,2011-03-02 16:34:00,5.95,17426.0,United Kingdom
545447,22429,ENAMEL MEASURING JUG CREAM,4,2011-03-02 16:34:00,4.25,17426.0,United Kingdom
545447,22625,RED KITCHEN SCALES,2,2011-03-02 16:34:00,8.5,17426.0,United Kingdom
545447,22558,CLOTHES PEGS RETROSPOT PACK 24 ,24,2011-03-02 16:34:00,1.49,17426.0,United Kingdom
545447,22584,PACK OF 6 PANNETONE GIFT BOXES,6,2011-03-02 16:34:00,2.55,17426.0,United Kingdom
545447,20752,BLUE POLKADOT WASHING UP GLOVES,6,2011-03-02 16:34:00,2.1,17426.0,United Kingdom
545448,22967,SET 3 SONG BIRD PAPER EGGS ASSORTED,6,2011-03-02 16:35:00,2.55,12753.0,Japan
C545449,22666,RECIPE BOX PANTRY YELLOW DESIGN,-1,2011-03-02 16:38:00,2.95,16573.0,United Kingdom
C545449,37446,MINI CAKE STAND WITH HANGING CAKES,-3,2011-03-02 16:38:00,1.45,16573.0,United Kingdom
C545449,22699,ROSES REGENCY TEACUP AND SAUCER ,-1,2011-03-02 16:38:00,2.95,16573.0,United Kingdom
C545450,21527,RED RETROSPOT TRADITIONAL TEAPOT ,-2,2011-03-02 16:46:00,7.95,16839.0,United Kingdom
C545451,22442,GROW YOUR OWN FLOWERS SET OF 3,-1,2011-03-02 16:53:00,7.95,13477.0,United Kingdom
C545452,47590B,PINK HAPPY BIRTHDAY BUNTING,-2,2011-03-02 16:56:00,4.65,16422.0,United Kingdom
C545453,22846,BREAD BIN DINER STYLE RED ,-1,2011-03-02 16:57:00,16.95,14639.0,United Kingdom
C545453,22960,JAM MAKING SET WITH JARS,-1,2011-03-02 16:57:00,4.25,14639.0,United Kingdom
C545454,47566,PARTY BUNTING,-1,2011-03-02 17:04:00,4.95,15189.0,United Kingdom
C545454,22423,REGENCY CAKESTAND 3 TIER,-8,2011-03-02 17:04:00,10.95,15189.0,United Kingdom
C545455,22791,T-LIGHT GLASS FLUTED ANTIQUE,-1,2011-03-02 17:11:00,1.25,16473.0,United Kingdom
C545456,21527,RED RETROSPOT TRADITIONAL TEAPOT ,-1,2011-03-02 17:15:00,7.95,17865.0,United Kingdom
C545456,22697,GREEN REGENCY TEACUP AND SAUCER,-1,2011-03-02 17:15:00,2.95,17865.0,United Kingdom
C545456,21231,SWEETHEART CERAMIC TRINKET BOX,-2,2011-03-02 17:15:00,1.25,17865.0,United Kingdom
C545457,22698,PINK REGENCY TEACUP AND SAUCER,-3,2011-03-02 17:18:00,2.95,17428.0,United Kingdom
C545457,21217,RED RETROSPOT ROUND CAKE TINS,-1,2011-03-02 17:18:00,9.95,17428.0,United Kingdom
C545457,22780,LIGHT GARLAND BUTTERFILES PINK,-2,2011-03-02 17:18:00,4.25,17428.0,United Kingdom
C545457,22779,WOODEN OWLS LIGHT GARLAND ,-3,2011-03-02 17:18:00,4.25,17428.0,United Kingdom
C545458,21539,RED RETROSPOT BUTTER DISH,-1,2011-03-02 17:19:00,4.95,13018.0,United Kingdom
545459,21781,MA CAMPAGNE CUTLERY BOX,1,2011-03-02 17:21:00,14.95,17576.0,United Kingdom
545459,84800L,LARGE WHITE/PINK ROSE ART FLOWER,6,2011-03-02 17:21:00,2.12,17576.0,United Kingdom
545459,22150,3 STRIPEY MICE FELTCRAFT,4,2011-03-02 17:21:00,1.95,17576.0,United Kingdom
545459,21781,MA CAMPAGNE CUTLERY BOX,1,2011-03-02 17:21:00,14.95,17576.0,United Kingdom
545459,85175,CACTI T-LIGHT CANDLES,32,2011-03-02 17:21:00,0.42,17576.0,United Kingdom
545459,85230A,OPIUM SCENTED VOTIVE CANDLE,24,2011-03-02 17:21:00,0.29,17576.0,United Kingdom
545459,85230B,CINNAMON SCENTED VOTIVE CANDLE,24,2011-03-02 17:21:00,0.29,17576.0,United Kingdom
545459,84832,ZINC WILLIE WINKIE  CANDLE STICK,1,2011-03-02 17:21:00,0.85,17576.0,United Kingdom
545459,22460,EMBOSSED GLASS TEALIGHT HOLDER,1,2011-03-02 17:21:00,1.25,17576.0,United Kingdom
545459,22285,HANGING HEN ON NEST DECORATION,12,2011-03-02 17:21:00,1.65,17576.0,United Kingdom
545459,22666,RECIPE BOX PANTRY YELLOW DESIGN,2,2011-03-02 17:21:00,2.95,17576.0,United Kingdom
545459,85172,HYACINTH BULB T-LIGHT CANDLES,32,2011-03-02 17:21:00,0.42,17576.0,United Kingdom
545459,20914,SET/5 RED RETROSPOT LID GLASS BOWLS,3,2011-03-02 17:21:00,2.95,17576.0,United Kingdom
545459,22665,RECIPE BOX BLUE SKETCHBOOK DESIGN,1,2011-03-02 17:21:00,2.95,17576.0,United Kingdom
545459,84947,ANTIQUE SILVER TEA GLASS ENGRAVED,6,2011-03-02 17:21:00,1.25,17576.0,United Kingdom
545459,21340,CLASSIC METAL BIRDCAGE PLANT HOLDER,1,2011-03-02 17:21:00,12.75,17576.0,United Kingdom
545460,21034,REX CASH+CARRY JUMBO SHOPPER,2,2011-03-02 17:32:00,0.95,13230.0,United Kingdom
545460,85206A,CREAM FELT EASTER EGG BASKET,1,2011-03-02 17:33:00,1.65,13230.0,United Kingdom
545460,20914,SET/5 RED RETROSPOT LID GLASS BOWLS,1,2011-03-02 17:33:00,2.95,13230.0,United Kingdom
545460,84596F,SMALL MARSHMALLOWS PINK BOWL,2,2011-03-02 17:33:00,1.25,13230.0,United Kingdom
545460,84596B,SMALL DOLLY MIX DESIGN ORANGE BOWL,2,2011-03-02 17:33:00,1.25,13230.0,United Kingdom
545460,84945,MULTI COLOUR SILVER T-LIGHT HOLDER,4,2011-03-02 17:33:00,0.85,13230.0,United Kingdom
545460,21832,CHOCOLATE CALCULATOR,3,2011-03-02 17:33:00,1.65,13230.0,United Kingdom
545460,22697,GREEN REGENCY TEACUP AND SAUCER,1,2011-03-02 17:33:00,2.95,13230.0,United Kingdom
545460,20754,RETROSPOT RED WASHING UP GLOVES,1,2011-03-02 17:33:00,2.1,13230.0,United Kingdom
545460,22021,BLUE FELT EASTER EGG BASKET,1,2011-03-02 17:33:00,1.65,13230.0,United Kingdom
545460,22699,ROSES REGENCY TEACUP AND SAUCER ,1,2011-03-02 17:33:00,2.95,13230.0,United Kingdom
545460,22698,PINK REGENCY TEACUP AND SAUCER,1,2011-03-02 17:33:00,2.95,13230.0,United Kingdom
545460,22148,EASTER CRAFT 4 CHICKS ,1,2011-03-02 17:33:00,1.95,13230.0,United Kingdom
545460,20975,12 PENCILS SMALL TUBE RED RETROSPOT,2,2011-03-02 17:33:00,0.65,13230.0,United Kingdom
545460,22148,EASTER CRAFT 4 CHICKS ,1,2011-03-02 17:33:00,1.95,13230.0,United Kingdom
545460,22650,CERAMIC PIRATE CHEST MONEY BANK,1,2011-03-02 17:33:00,1.45,13230.0,United Kingdom
545460,16020C,CLEAR STATIONERY BOX SET ,2,2011-03-02 17:33:00,0.85,13230.0,United Kingdom
545460,21561,DINOSAUR LUNCH BOX WITH CUTLERY,1,2011-03-02 17:33:00,2.55,13230.0,United Kingdom
545460,22976,CIRCUS PARADE CHILDRENS EGG CUP ,1,2011-03-02 17:33:00,1.25,13230.0,United Kingdom
545460,22972,CHILDREN'S SPACEBOY MUG,1,2011-03-02 17:33:00,1.65,13230.0,United Kingdom
545460,37370,RETRO COFFEE MUGS ASSORTED,1,2011-03-02 17:33:00,1.25,13230.0,United Kingdom
545460,22974,CHILDRENS DOLLY GIRL MUG,1,2011-03-02 17:33:00,1.65,13230.0,United Kingdom
545460,22973,CHILDREN'S CIRCUS PARADE MUG,1,2011-03-02 17:33:00,1.65,13230.0,United Kingdom
545460,21844,RED RETROSPOT MUG,2,2011-03-02 17:33:00,2.95,13230.0,United Kingdom
545460,37370,RETRO COFFEE MUGS ASSORTED,2,2011-03-02 17:33:00,1.25,13230.0,United Kingdom
545460,37370,RETRO COFFEE MUGS ASSORTED,1,2011-03-02 17:33:00,1.25,13230.0,United Kingdom
545460,22977,DOLLY GIRL CHILDRENS EGG CUP,1,2011-03-02 17:33:00,1.25,13230.0,United Kingdom
545460,22976,CIRCUS PARADE CHILDRENS EGG CUP ,1,2011-03-02 17:33:00,1.25,13230.0,United Kingdom
545460,22975,SPACEBOY CHILDRENS EGG CUP,1,2011-03-02 17:33:00,1.25,13230.0,United Kingdom
545460,22348,TEA BAG PLATE RED RETROSPOT,1,2011-03-02 17:33:00,0.85,13230.0,United Kingdom
545460,22423,REGENCY CAKESTAND 3 TIER,2,2011-03-02 17:33:00,12.75,13230.0,United Kingdom
545460,22982,PANTRY PASTRY BRUSH,2,2011-03-02 17:33:00,1.25,13230.0,United Kingdom
545460,21062,PARTY INVITES SPACEMAN,1,2011-03-02 17:33:00,0.85,13230.0,United Kingdom
545460,21061,PARTY INVITES FOOTBALL,1,2011-03-02 17:33:00,0.85,13230.0,United Kingdom
545460,22073,RED RETROSPOT STORAGE JAR,1,2011-03-02 17:33:00,3.75,13230.0,United Kingdom
545460,22353,LUNCH BOX WITH CUTLERY FAIRY CAKES ,1,2011-03-02 17:33:00,2.55,13230.0,United Kingdom
545460,47559B,TEA TIME OVEN GLOVE,2,2011-03-02 17:33:00,1.25,13230.0,United Kingdom
545460,22630,DOLLY GIRL LUNCH BOX,1,2011-03-02 17:33:00,1.95,13230.0,United Kingdom
545460,21535,RED RETROSPOT SMALL MILK JUG,1,2011-03-02 17:33:00,2.55,13230.0,United Kingdom
545460,22650,CERAMIC PIRATE CHEST MONEY BANK,1,2011-03-02 17:33:00,1.45,13230.0,United Kingdom
545460,22487,WHITE WOOD GARDEN PLANT LADDER,1,2011-03-02 17:33:00,9.95,13230.0,United Kingdom
545460,21468,BUTTERFLY CROCHET FOOD COVER,1,2011-03-02 17:33:00,3.75,13230.0,United Kingdom
545460,22980,PANTRY SCRUBBING BRUSH,2,2011-03-02 17:33:00,1.65,13230.0,United Kingdom
545460,22979,PANTRY WASHING UP BRUSH,2,2011-03-02 17:33:00,1.45,13230.0,United Kingdom
545460,85053,FRENCH ENAMEL CANDLEHOLDER,1,2011-03-02 17:33:00,2.1,13230.0,United Kingdom
545460,22489,PACK OF 12 TRADITIONAL CRAYONS,2,2011-03-02 17:33:00,0.42,13230.0,United Kingdom
545460,22493,PAINT YOUR OWN CANVAS SET,2,2011-03-02 17:33:00,1.65,13230.0,United Kingdom
545460,21537,RED RETROSPOT PUDDING BOWL,1,2011-03-02 17:33:00,4.25,13230.0,United Kingdom
545460,22629,SPACEBOY LUNCH BOX ,1,2011-03-02 17:33:00,1.95,13230.0,United Kingdom
545460,22329,ROUND CONTAINER SET OF 5 RETROSPOT,1,2011-03-02 17:33:00,1.65,13230.0,United Kingdom
545460,21527,RED RETROSPOT TRADITIONAL TEAPOT ,1,2011-03-02 17:33:00,7.95,13230.0,United Kingdom
545460,21063,PARTY INVITES JAZZ HEARTS,2,2011-03-02 17:33:00,0.85,13230.0,United Kingdom
545460,22998,TRAVEL CARD WALLET KEEP CALM,3,2011-03-02 17:33:00,0.42,13230.0,United Kingdom
545460,84792,ENCHANTED BIRD COATHANGER 5 HOOK,1,2011-03-02 17:33:00,4.65,13230.0,United Kingdom
545460,21059,PARTY INVITES DINOSAURS,1,2011-03-02 17:33:00,0.85,13230.0,United Kingdom
545460,23004,TRAVEL CARD WALLET PANTRY,1,2011-03-02 17:33:00,0.42,13230.0,United Kingdom
545460,23003,TRAVEL CARD WALLET VINTAGE ROSE ,2,2011-03-02 17:33:00,0.42,13230.0,United Kingdom
545460,23000,TRAVEL CARD WALLET TRANSPORT,2,2011-03-02 17:33:00,0.42,13230.0,United Kingdom
545460,22996,TRAVEL CARD WALLET VINTAGE TICKET,2,2011-03-02 17:33:00,0.42,13230.0,United Kingdom
545460,84945,MULTI COLOUR SILVER T-LIGHT HOLDER,3,2011-03-02 17:33:00,0.85,13230.0,United Kingdom
545460,22189,CREAM HEART CARD HOLDER,2,2011-03-02 17:33:00,3.95,13230.0,United Kingdom
545460,22722,SET OF 6 SPICE TINS PANTRY DESIGN,2,2011-03-02 17:33:00,3.95,13230.0,United Kingdom
545460,20846,ZINC HEART LATTICE T-LIGHT HOLDER,2,2011-03-02 17:33:00,1.25,13230.0,United Kingdom
545460,21684,SMALL MEDINA STAMPED METAL BOWL ,2,2011-03-02 17:33:00,0.85,13230.0,United Kingdom
545460,22723,SET OF 6 HERB TINS SKETCHBOOK,2,2011-03-02 17:33:00,3.95,13230.0,United Kingdom
545460,85099B,JUMBO BAG RED RETROSPOT,1,2011-03-02 17:33:00,1.95,13230.0,United Kingdom
545460,22385,JUMBO BAG SPACEBOY DESIGN,1,2011-03-02 17:33:00,1.95,13230.0,United Kingdom
545460,20713,JUMBO BAG OWLS,4,2011-03-02 17:33:00,1.95,13230.0,United Kingdom
545460,85099F,JUMBO BAG STRAWBERRY,2,2011-03-02 17:33:00,1.95,13230.0,United Kingdom
545460,20712,JUMBO BAG WOODLAND ANIMALS,2,2011-03-02 17:33:00,1.95,13230.0,United Kingdom
545460,20780,BLACK EAR MUFF HEADPHONES,1,2011-03-02 17:33:00,5.49,13230.0,United Kingdom
545460,85099B,JUMBO BAG RED RETROSPOT,3,2011-03-02 17:33:00,1.95,13230.0,United Kingdom
545460,85099C,JUMBO  BAG BAROQUE BLACK WHITE,3,2011-03-02 17:33:00,1.95,13230.0,United Kingdom
545460,21929,JUMBO BAG PINK VINTAGE PAISLEY,7,2011-03-02 17:33:00,1.95,13230.0,United Kingdom
545460,22411,JUMBO SHOPPER VINTAGE RED PAISLEY,4,2011-03-02 17:33:00,1.95,13230.0,United Kingdom
545460,85099C,JUMBO  BAG BAROQUE BLACK WHITE,2,2011-03-02 17:33:00,1.95,13230.0,United Kingdom
545460,22386,JUMBO BAG PINK POLKADOT,4,2011-03-02 17:33:00,1.95,13230.0,United Kingdom
545460,22385,JUMBO BAG SPACEBOY DESIGN,3,2011-03-02 17:33:00,1.95,13230.0,United Kingdom
545460,22507,MEMO BOARD RETROSPOT  DESIGN,2,2011-03-02 17:33:00,4.95,13230.0,United Kingdom
545460,22637,PIGGY BANK RETROSPOT ,1,2011-03-02 17:33:00,2.55,13230.0,United Kingdom
