InvoiceNo,StockCode,Description,Quantity,InvoiceDate,UnitPrice,CustomerID,Country
549539,22423,REGENCY CAKESTAND 3 TIER,24,2011-04-10 10:10:00,10.95,15465.0,United Kingdom
549539,22241,GARLAND WOODEN HAPPY EASTER,24,2011-04-10 10:10:00,1.25,15465.0,United Kingdom
C549540,22443,GROW YOUR OWN HERBS SET OF 3,-1,2011-04-10 10:12:00,7.95,17114.0,United Kingdom
C549540,22442,GROW YOUR OWN FLOWERS SET OF 3,-1,2011-04-10 10:12:00,7.95,17114.0,United Kingdom
549541,71459,HANGING JAM JAR T-LIGHT HOLDER,192,2011-04-10 10:16:00,0.72,17268.0,United Kingdom
549542,22778,GLASS CLOCHE SMALL,48,2011-04-10 11:11:00,3.39,15311.0,United Kingdom
549542,84978,HANGING HEART JAR T-LIGHT HOLDER,36,2011-04-10 11:11:00,1.06,15311.0,United Kingdom
549542,22719,GUMBALL MONOCHROME COAT RACK,36,2011-04-10 11:11:00,1.06,15311.0,United Kingdom
549542,17129F,BLUE GLASS GEMS IN BAG,48,2011-04-10 11:11:00,0.64,15311.0,United Kingdom
549542,21931,JUMBO STORAGE BAG SUKI,100,2011-04-10 11:11:00,1.79,15311.0,United Kingdom
549542,37446,MINI CAKE STAND WITH HANGING CAKES,32,2011-04-10 11:11:00,1.25,15311.0,United Kingdom
549542,21035,SET/2 RED RETROSPOT TEA TOWELS ,100,2011-04-10 11:11:00,2.75,15311.0,United Kingdom
549542,21470,FLOWER VINE RAFFIA FOOD COVER,4,2011-04-10 11:11:00,3.75,15311.0,United Kingdom
549542,21166,COOK WITH WINE METAL SIGN ,2,2011-04-10 11:11:00,2.08,15311.0,United Kingdom
549542,22089,PAPER BUNTING VINTAGE PAISLEY,2,2011-04-10 11:11:00,2.95,15311.0,United Kingdom
549542,22523,CHILDS GARDEN FORK PINK,3,2011-04-10 11:11:00,0.85,15311.0,United Kingdom
549542,20655,QUEEN OF SKIES LUGGAGE TAG,2,2011-04-10 11:11:00,1.25,15311.0,United Kingdom
549542,84997A,CHILDRENS CUTLERY POLKADOT GREEN ,4,2011-04-10 11:11:00,4.15,15311.0,United Kingdom
549542,85200,BUNNY EGG BOX,2,2011-04-10 11:11:00,1.25,15311.0,United Kingdom
549542,21389,IVORY HANGING DECORATION  BIRD,2,2011-04-10 11:11:00,0.85,15311.0,United Kingdom
549542,22291,HANGING CHICK CREAM DECORATION,5,2011-04-10 11:11:00,1.45,15311.0,United Kingdom
549542,22525,CHILDRENS GARDEN GLOVES PINK,20,2011-04-10 11:11:00,1.25,15311.0,United Kingdom
549542,22558,CLOTHES PEGS RETROSPOT PACK 24 ,2,2011-04-10 11:11:00,1.65,15311.0,United Kingdom
549542,22755,SMALL PURPLE BABUSHKA NOTEBOOK ,2,2011-04-10 11:11:00,0.85,15311.0,United Kingdom
549542,22758,LARGE PURPLE BABUSHKA NOTEBOOK  ,2,2011-04-10 11:11:00,1.25,15311.0,United Kingdom
549542,22756,LARGE YELLOW BABUSHKA NOTEBOOK ,2,2011-04-10 11:11:00,1.25,15311.0,United Kingdom
549542,22753,SMALL YELLOW BABUSHKA NOTEBOOK ,2,2011-04-10 11:11:00,0.85,15311.0,United Kingdom
549542,22754,SMALL RED BABUSHKA NOTEBOOK ,2,2011-04-10 11:11:00,0.85,15311.0,United Kingdom
549542,22757,LARGE RED BABUSHKA NOTEBOOK ,2,2011-04-10 11:11:00,1.25,15311.0,United Kingdom
549543,22064,PINK DOUGHNUT TRINKET POT ,2,2011-04-10 11:14:00,1.65,18118.0,United Kingdom
549543,21385,IVORY HANGING DECORATION  HEART,2,2011-04-10 11:14:00,0.85,18118.0,United Kingdom
549543,21866,UNION JACK FLAG LUGGAGE TAG,1,2011-04-10 11:14:00,1.25,18118.0,United Kingdom
549543,22066,LOVE HEART TRINKET POT,2,2011-04-10 11:14:00,0.39,18118.0,United Kingdom
549543,84992,72 SWEETHEART FAIRY CAKE CASES,1,2011-04-10 11:14:00,0.55,18118.0,United Kingdom
549543,84991,60 TEATIME FAIRY CAKE CASES,1,2011-04-10 11:14:00,0.55,18118.0,United Kingdom
549543,21975,PACK OF 60 DINOSAUR CAKE CASES,1,2011-04-10 11:14:00,0.55,18118.0,United Kingdom
549543,21212,PACK OF 72 RETROSPOT CAKE CASES,1,2011-04-10 11:14:00,0.55,18118.0,United Kingdom
549543,22208,WOOD STAMP SET THANK YOU,1,2011-04-10 11:14:00,1.65,18118.0,United Kingdom
549543,79026B,"S/4 ICON COASTER,ELVIS LIVES",1,2011-04-10 11:14:00,0.39,18118.0,United Kingdom
549543,21231,SWEETHEART CERAMIC TRINKET BOX,2,2011-04-10 11:14:00,1.25,18118.0,United Kingdom
549543,84380,SET OF 3 BUTTERFLY COOKIE CUTTERS,2,2011-04-10 11:14:00,1.25,18118.0,United Kingdom
549543,22896,PEG BAG APPLES DESIGN,1,2011-04-10 11:14:00,2.55,18118.0,United Kingdom
549543,21155,RED RETROSPOT PEG BAG,4,2011-04-10 11:14:00,2.55,18118.0,United Kingdom
549543,51020A,SUMMER FUN DESIGN SHOWER CAP,1,2011-04-10 11:14:00,0.29,18118.0,United Kingdom
549543,47591D,PINK FAIRY CAKE CHILDRENS APRON,1,2011-04-10 11:14:00,1.95,18118.0,United Kingdom
549543,84050,PINK HEART SHAPE EGG FRYING PAN,1,2011-04-10 11:14:00,1.65,18118.0,United Kingdom
549543,20941,FROG CANDLE,1,2011-04-10 11:14:00,1.25,18118.0,United Kingdom
549543,22521,CHILDS GARDEN TROWEL PINK,2,2011-04-10 11:14:00,0.85,18118.0,United Kingdom
549543,22519,CHILDS GARDEN BRUSH PINK,2,2011-04-10 11:14:00,2.1,18118.0,United Kingdom
549543,22517,CHILDS GARDEN RAKE PINK,3,2011-04-10 11:14:00,2.1,18118.0,United Kingdom
549543,22515,CHILDS GARDEN SPADE PINK,3,2011-04-10 11:14:00,2.1,18118.0,United Kingdom
549543,22516,CHILDS GARDEN RAKE BLUE,1,2011-04-10 11:14:00,2.1,18118.0,United Kingdom
549543,21470,FLOWER VINE RAFFIA FOOD COVER,1,2011-04-10 11:14:00,3.75,18118.0,United Kingdom
549543,21466,RED FLOWER CROCHET FOOD COVER,2,2011-04-10 11:14:00,3.75,18118.0,United Kingdom
549543,35961,FOLKART ZINC HEART CHRISTMAS DEC,1,2011-04-10 11:14:00,0.85,18118.0,United Kingdom
549543,22464,HANGING METAL HEART LANTERN,1,2011-04-10 11:14:00,1.65,18118.0,United Kingdom
549543,22518,CHILDS GARDEN BRUSH BLUE,1,2011-04-10 11:14:00,2.1,18118.0,United Kingdom
549543,22417,PACK OF 60 SPACEBOY CAKE CASES,1,2011-04-10 11:14:00,0.55,18118.0,United Kingdom
549543,21213,PACK OF 72 SKULL CAKE CASES,1,2011-04-10 11:14:00,0.55,18118.0,United Kingdom
549543,22516,CHILDS GARDEN RAKE BLUE,2,2011-04-10 11:14:00,2.1,18118.0,United Kingdom
549543,22514,CHILDS GARDEN SPADE BLUE,2,2011-04-10 11:14:00,2.1,18118.0,United Kingdom
549543,21063,PARTY INVITES JAZZ HEARTS,1,2011-04-10 11:14:00,0.85,18118.0,United Kingdom
549543,22138,BAKING SET 9 PIECE RETROSPOT ,3,2011-04-10 11:14:00,4.95,18118.0,United Kingdom
549543,82482,WOODEN PICTURE FRAME WHITE FINISH,1,2011-04-10 11:14:00,2.55,18118.0,United Kingdom
549543,22457,NATURAL SLATE HEART CHALKBOARD ,1,2011-04-10 11:14:00,2.95,18118.0,United Kingdom
549543,21122,SET/10 PINK POLKADOT PARTY CANDLES,1,2011-04-10 11:14:00,1.25,18118.0,United Kingdom
549543,21559,STRAWBERRY LUNCH BOX WITH CUTLERY,2,2011-04-10 11:14:00,2.55,18118.0,United Kingdom
549543,22433,WATERING CAN GREEN DINOSAUR,2,2011-04-10 11:14:00,1.95,18118.0,United Kingdom
549543,20914,SET/5 RED RETROSPOT LID GLASS BOWLS,1,2011-04-10 11:14:00,2.95,18118.0,United Kingdom
549543,35965,FOLKART HEART NAPKIN RINGS,6,2011-04-10 11:14:00,0.79,18118.0,United Kingdom
549543,85152,HAND OVER THE CHOCOLATE   SIGN ,1,2011-04-10 11:14:00,2.1,18118.0,United Kingdom
549543,22666,RECIPE BOX PANTRY YELLOW DESIGN,1,2011-04-10 11:14:00,2.95,18118.0,United Kingdom
549543,22197,SMALL POPCORN HOLDER,4,2011-04-10 11:14:00,0.85,18118.0,United Kingdom
549543,22324,BLUE POLKADOT KIDS BAG,2,2011-04-10 11:14:00,1.95,18118.0,United Kingdom
549543,22384,LUNCH BAG PINK POLKADOT,2,2011-04-10 11:14:00,1.65,18118.0,United Kingdom
549543,21937,STRAWBERRY   PICNIC BAG,1,2011-04-10 11:14:00,2.95,18118.0,United Kingdom
549543,20725,LUNCH BAG RED RETROSPOT,2,2011-04-10 11:14:00,1.65,18118.0,United Kingdom
549543,21936,RED RETROSPOT PICNIC BAG,2,2011-04-10 11:14:00,2.95,18118.0,United Kingdom
549543,22508,DOORSTOP RETROSPOT HEART,1,2011-04-10 11:14:00,3.75,18118.0,United Kingdom
549543,21713,CITRONELLA CANDLE FLOWERPOT,4,2011-04-10 11:14:00,2.1,18118.0,United Kingdom
549543,21125,SET 6 FOOTBALL CELEBRATION CANDLES,1,2011-04-10 11:14:00,1.25,18118.0,United Kingdom
549543,22646,CERAMIC STRAWBERRY CAKE MONEY BANK,4,2011-04-10 11:14:00,1.45,18118.0,United Kingdom
549543,21931,JUMBO STORAGE BAG SUKI,5,2011-04-10 11:14:00,2.08,18118.0,United Kingdom
549543,21125,SET 6 FOOTBALL CELEBRATION CANDLES,1,2011-04-10 11:14:00,1.25,18118.0,United Kingdom
549543,21363,HOME SMALL WOOD LETTERS,1,2011-04-10 11:14:00,4.95,18118.0,United Kingdom
549543,21364,PEACE SMALL WOOD LETTERS,1,2011-04-10 11:14:00,6.75,18118.0,United Kingdom
549543,22720,SET OF 3 CAKE TINS PANTRY DESIGN ,1,2011-04-10 11:14:00,4.95,18118.0,United Kingdom
549543,84674,FLYING PIG WATERING CAN,1,2011-04-10 11:14:00,2.95,18118.0,United Kingdom
C549544,21035,SET/2 RED RETROSPOT TEA TOWELS ,-100,2011-04-10 11:15:00,2.75,15311.0,United Kingdom
C549545,21125,SET 6 FOOTBALL CELEBRATION CANDLES,-1,2011-04-10 11:19:00,1.25,18118.0,United Kingdom
549546,22424,ENAMEL BREAD BIN CREAM,1,2011-04-10 11:24:00,12.75,16889.0,United Kingdom
549546,21718,RED METAL BEACH SPADE ,6,2011-04-10 11:24:00,1.25,16889.0,United Kingdom
549546,22979,PANTRY WASHING UP BRUSH,6,2011-04-10 11:24:00,1.45,16889.0,United Kingdom
549546,22431,WATERING CAN BLUE ELEPHANT,3,2011-04-10 11:24:00,1.95,16889.0,United Kingdom
549546,84674,FLYING PIG WATERING CAN,3,2011-04-10 11:24:00,2.95,16889.0,United Kingdom
549546,22433,WATERING CAN GREEN DINOSAUR,3,2011-04-10 11:24:00,1.95,16889.0,United Kingdom
549546,22491,PACK OF 12 COLOURED PENCILS,12,2011-04-10 11:24:00,0.85,16889.0,United Kingdom
549546,22989,SET 2 PANTRY DESIGN TEA TOWELS,6,2011-04-10 11:24:00,3.25,16889.0,United Kingdom
549546,22938,CUPCAKE LACE PAPER SET 6,4,2011-04-10 11:24:00,1.95,16889.0,United Kingdom
549546,22980,PANTRY SCRUBBING BRUSH,6,2011-04-10 11:24:00,1.65,16889.0,United Kingdom
549546,22978,PANTRY ROLLING PIN,4,2011-04-10 11:24:00,3.75,16889.0,United Kingdom
549546,21715,GIRLS VINTAGE TIN SEASIDE BUCKET,4,2011-04-10 11:24:00,2.55,16889.0,United Kingdom
549546,21716,BOYS VINTAGE TIN SEASIDE BUCKET,2,2011-04-10 11:24:00,2.55,16889.0,United Kingdom
549546,22567,20 DOLLY PEGS RETROSPOT,4,2011-04-10 11:24:00,1.45,16889.0,United Kingdom
549546,22607,WOODEN ROUNDERS GARDEN SET ,3,2011-04-10 11:24:00,9.95,16889.0,United Kingdom
549546,22423,REGENCY CAKESTAND 3 TIER,4,2011-04-10 11:24:00,12.75,16889.0,United Kingdom
549546,20914,SET/5 RED RETROSPOT LID GLASS BOWLS,4,2011-04-10 11:24:00,2.95,16889.0,United Kingdom
549546,22666,RECIPE BOX PANTRY YELLOW DESIGN,4,2011-04-10 11:24:00,2.95,16889.0,United Kingdom
549546,22429,ENAMEL MEASURING JUG CREAM,1,2011-04-10 11:24:00,4.25,16889.0,United Kingdom
549546,22099,CARAVAN SQUARE TISSUE BOX,1,2011-04-10 11:24:00,1.25,16889.0,United Kingdom
549546,22993,SET OF 4 PANTRY JELLY MOULDS,12,2011-04-10 11:24:00,1.25,16889.0,United Kingdom
549546,22197,SMALL POPCORN HOLDER,12,2011-04-10 11:24:00,0.85,16889.0,United Kingdom
549546,20978,36 PENCILS TUBE SKULLS,16,2011-04-10 11:24:00,1.25,16889.0,United Kingdom
549546,20979,36 PENCILS TUBE RED RETROSPOT,16,2011-04-10 11:24:00,1.25,16889.0,United Kingdom
549546,20677,PINK POLKADOT BOWL,8,2011-04-10 11:24:00,1.25,16889.0,United Kingdom
549546,20675,BLUE POLKADOT BOWL,12,2011-04-10 11:24:00,1.25,16889.0,United Kingdom
549546,22561,WOODEN SCHOOL COLOURING SET,24,2011-04-10 11:24:00,1.65,16889.0,United Kingdom
549546,22786,CUSHION COVER PINK UNION JACK,4,2011-04-10 11:24:00,5.95,16889.0,United Kingdom
549546,84029G,KNITTED UNION FLAG HOT WATER BOTTLE,2,2011-04-10 11:24:00,3.75,16889.0,United Kingdom
549546,21485,RETROSPOT HEART HOT WATER BOTTLE,2,2011-04-10 11:24:00,4.95,16889.0,United Kingdom
549546,21984,PACK OF 12 PINK PAISLEY TISSUES ,12,2011-04-10 11:24:00,0.29,16889.0,United Kingdom
549546,21986,PACK OF 12 PINK POLKADOT TISSUES,12,2011-04-10 11:24:00,0.29,16889.0,United Kingdom
549546,20727,LUNCH BAG  BLACK SKULL.,10,2011-04-10 11:24:00,1.65,16889.0,United Kingdom
549546,22089,PAPER BUNTING VINTAGE PAISLEY,4,2011-04-10 11:24:00,2.95,16889.0,United Kingdom
549546,21936,RED RETROSPOT PICNIC BAG,4,2011-04-10 11:24:00,2.95,16889.0,United Kingdom
549546,22384,LUNCH BAG PINK POLKADOT,10,2011-04-10 11:24:00,1.65,16889.0,United Kingdom
549546,21913,VINTAGE SEASIDE JIGSAW PUZZLES,3,2011-04-10 11:24:00,3.75,16889.0,United Kingdom
549546,21912,VINTAGE SNAKES & LADDERS,3,2011-04-10 11:24:00,3.75,16889.0,United Kingdom
549546,22178,VICTORIAN GLASS HANGING T-LIGHT,6,2011-04-10 11:24:00,1.25,16889.0,United Kingdom
549546,22729,ALARM CLOCK BAKELIKE ORANGE,2,2011-04-10 11:24:00,3.75,16889.0,United Kingdom
549546,22725,ALARM CLOCK BAKELIKE CHOCOLATE,2,2011-04-10 11:24:00,3.75,16889.0,United Kingdom
549546,22727,ALARM CLOCK BAKELIKE RED ,2,2011-04-10 11:24:00,3.75,16889.0,United Kingdom
549546,22730,ALARM CLOCK BAKELIKE IVORY,2,2011-04-10 11:24:00,3.75,16889.0,United Kingdom
549546,22726,ALARM CLOCK BAKELIKE GREEN,2,2011-04-10 11:24:00,3.75,16889.0,United Kingdom
549546,22728,ALARM CLOCK BAKELIKE PINK,2,2011-04-10 11:24:00,3.75,16889.0,United Kingdom
549546,22634,CHILDS BREAKFAST SET SPACEBOY ,2,2011-04-10 11:24:00,9.95,16889.0,United Kingdom
549546,22635,CHILDS BREAKFAST SET DOLLY GIRL ,2,2011-04-10 11:24:00,9.95,16889.0,United Kingdom
549546,22550,HOLIDAY FUN LUDO,3,2011-04-10 11:24:00,3.75,16889.0,United Kingdom
549546,22622,BOX OF VINTAGE ALPHABET BLOCKS,2,2011-04-10 11:24:00,11.95,16889.0,United Kingdom
549546,22381,TOY TIDY PINK POLKADOT,3,2011-04-10 11:24:00,2.1,16889.0,United Kingdom
549546,20725,LUNCH BAG RED RETROSPOT,10,2011-04-10 11:24:00,1.65,16889.0,United Kingdom
549546,37500,TEA TIME TEAPOT IN GIFT BOX,1,2011-04-10 11:24:00,4.95,16889.0,United Kingdom
549546,48138,DOORMAT UNION FLAG,1,2011-04-10 11:24:00,7.95,16889.0,United Kingdom
549546,22382,LUNCH BAG SPACEBOY DESIGN ,10,2011-04-10 11:24:00,1.65,16889.0,United Kingdom
549546,22379,RECYCLING BAG RETROSPOT ,3,2011-04-10 11:24:00,2.1,16889.0,United Kingdom
549546,47566,PARTY BUNTING,3,2011-04-10 11:24:00,4.95,16889.0,United Kingdom
549546,21034,REX CASH+CARRY JUMBO SHOPPER,5,2011-04-10 11:24:00,0.95,16889.0,United Kingdom
549547,22655,VINTAGE RED KITCHEN CABINET,1,2011-04-10 11:33:00,125.0,16359.0,United Kingdom
549547,22656,VINTAGE BLUE KITCHEN CABINET,1,2011-04-10 11:33:00,125.0,16359.0,United Kingdom
549547,22722,SET OF 6 SPICE TINS PANTRY DESIGN,2,2011-04-10 11:33:00,3.95,16359.0,United Kingdom
549547,20752,BLUE POLKADOT WASHING UP GLOVES,1,2011-04-10 11:33:00,2.1,16359.0,United Kingdom
549547,22854,CREAM SWEETHEART EGG HOLDER,2,2011-04-10 11:33:00,4.95,16359.0,United Kingdom
549547,22362,GLASS JAR PEACOCK BATH SALTS,4,2011-04-10 11:33:00,2.95,16359.0,United Kingdom
549547,84836,ZINC METAL HEART DECORATION,60,2011-04-10 11:33:00,1.25,16359.0,United Kingdom
549547,22916,HERB MARKER THYME,12,2011-04-10 11:33:00,0.65,16359.0,United Kingdom
549547,22921,HERB MARKER CHIVES ,12,2011-04-10 11:33:00,0.65,16359.0,United Kingdom
549547,22918,HERB MARKER PARSLEY,12,2011-04-10 11:33:00,0.65,16359.0,United Kingdom
549547,22919,HERB MARKER MINT,12,2011-04-10 11:33:00,0.65,16359.0,United Kingdom
549547,22920,HERB MARKER BASIL,12,2011-04-10 11:33:00,0.65,16359.0,United Kingdom
549547,22917,HERB MARKER ROSEMARY,12,2011-04-10 11:33:00,0.65,16359.0,United Kingdom
549547,22829,SWEETHEART WIRE WALL TIDY,2,2011-04-10 11:33:00,9.95,16359.0,United Kingdom
549548,21157,RED RETROSPOT WASHBAG,1,2011-04-10 11:35:00,2.1,13548.0,United Kingdom
549548,21143,ANTIQUE GLASS HEART DECORATION ,2,2011-04-10 11:35:00,1.95,13548.0,United Kingdom
549548,22694,WICKER STAR ,2,2011-04-10 11:35:00,2.1,13548.0,United Kingdom
549548,22523,CHILDS GARDEN FORK PINK,1,2011-04-10 11:35:00,0.85,13548.0,United Kingdom
549548,22521,CHILDS GARDEN TROWEL PINK,1,2011-04-10 11:35:00,0.85,13548.0,United Kingdom
549548,22519,CHILDS GARDEN BRUSH PINK,1,2011-04-10 11:35:00,2.1,13548.0,United Kingdom
549548,21936,RED RETROSPOT PICNIC BAG,1,2011-04-10 11:35:00,2.95,13548.0,United Kingdom
549548,84509C,SET OF 4 POLKADOT PLACEMATS ,3,2011-04-10 11:35:00,3.75,13548.0,United Kingdom
549548,22607,WOODEN ROUNDERS GARDEN SET ,1,2011-04-10 11:35:00,9.95,13548.0,United Kingdom
549548,84510C,SET OF 4 POLKADOT COASTERS,3,2011-04-10 11:35:00,1.25,13548.0,United Kingdom
549548,21400,RED PUDDING SPOON,24,2011-04-10 11:35:00,0.12,13548.0,United Kingdom
549548,21090,SET/6 COLLAGE PAPER PLATES,3,2011-04-10 11:35:00,0.39,13548.0,United Kingdom
549548,22311,OFFICE MUG WARMER BLACK+SILVER ,1,2011-04-10 11:35:00,2.95,13548.0,United Kingdom
549548,22558,CLOTHES PEGS RETROSPOT PACK 24 ,1,2011-04-10 11:35:00,1.65,13548.0,United Kingdom
549548,22931,BAKING MOULD HEART WHITE CHOCOLATE,1,2011-04-10 11:35:00,2.55,13548.0,United Kingdom
549548,21992,VINTAGE PAISLEY STATIONERY SET,1,2011-04-10 11:35:00,2.95,13548.0,United Kingdom
549548,21993,FLORAL FOLK STATIONERY SET,1,2011-04-10 11:35:00,2.95,13548.0,United Kingdom
549548,22926,IVORY GIANT GARDEN THERMOMETER,1,2011-04-10 11:35:00,5.95,13548.0,United Kingdom
549548,21169,YOU'RE CONFUSING ME METAL SIGN ,1,2011-04-10 11:35:00,1.69,13548.0,United Kingdom
549548,22117,METAL SIGN HER DINNER IS SERVED ,1,2011-04-10 11:35:00,2.95,13548.0,United Kingdom
549548,85230B,CINNAMON SCENTED VOTIVE CANDLE,12,2011-04-10 11:35:00,0.29,13548.0,United Kingdom
549548,22558,CLOTHES PEGS RETROSPOT PACK 24 ,2,2011-04-10 11:35:00,1.65,13548.0,United Kingdom
549548,21121,SET/10 RED POLKADOT PARTY CANDLES,2,2011-04-10 11:35:00,1.25,13548.0,United Kingdom
549548,21843,RED RETROSPOT CAKE STAND,1,2011-04-10 11:35:00,10.95,13548.0,United Kingdom
549548,20914,SET/5 RED RETROSPOT LID GLASS BOWLS,3,2011-04-10 11:35:00,2.95,13548.0,United Kingdom
549548,22313,OFFICE MUG WARMER PINK,1,2011-04-10 11:35:00,2.95,13548.0,United Kingdom
549548,22071,SMALL WHITE RETROSPOT MUG IN BOX ,2,2011-04-10 11:35:00,3.75,13548.0,United Kingdom
549548,21714,CITRONELLA CANDLE GARDEN POT,2,2011-04-10 11:35:00,1.25,13548.0,United Kingdom
549548,22789,T-LIGHT HOLDER SWEETHEART HANGING,8,2011-04-10 11:35:00,1.95,13548.0,United Kingdom
549548,90032,IVORY SHELL HEART NECKLACE,1,2011-04-10 11:35:00,6.25,13548.0,United Kingdom
549548,90198B,VINTAGE ROSE BEAD BRACELET BLACK,1,2011-04-10 11:35:00,4.25,13548.0,United Kingdom
549548,90175A,WHITE GLASS CHUNKY CHARM BRACELET,1,2011-04-10 11:35:00,8.95,13548.0,United Kingdom
549548,90014A,SILVER/MOP ORBIT NECKLACE,1,2011-04-10 11:35:00,9.95,13548.0,United Kingdom
549548,21326,AGED GLASS SILVER T-LIGHT HOLDER,24,2011-04-10 11:35:00,0.65,13548.0,United Kingdom
549548,22766,PHOTO FRAME CORNICE,1,2011-04-10 11:35:00,2.95,13548.0,United Kingdom
549548,21466,RED FLOWER CROCHET FOOD COVER,2,2011-04-10 11:35:00,3.75,13548.0,United Kingdom
549548,84596F,SMALL MARSHMALLOWS PINK BOWL,2,2011-04-10 11:35:00,0.42,13548.0,United Kingdom
549548,84596G,SMALL CHOCOLATES PINK BOWL,1,2011-04-10 11:35:00,0.42,13548.0,United Kingdom
549548,84596B,SMALL DOLLY MIX DESIGN ORANGE BOWL,2,2011-04-10 11:35:00,0.42,13548.0,United Kingdom
549548,20846,ZINC HEART LATTICE T-LIGHT HOLDER,5,2011-04-10 11:35:00,1.25,13548.0,United Kingdom
549548,22312,OFFICE MUG WARMER POLKADOT,1,2011-04-10 11:35:00,2.95,13548.0,United Kingdom
549548,22982,PANTRY PASTRY BRUSH,1,2011-04-10 11:35:00,1.25,13548.0,United Kingdom
549548,48138,DOORMAT UNION FLAG,1,2011-04-10 11:35:00,7.95,13548.0,United Kingdom
549548,22151,PLACE SETTING WHITE HEART,3,2011-04-10 11:35:00,0.42,13548.0,United Kingdom
549548,21094,SET/6 RED SPOTTY PAPER PLATES,3,2011-04-10 11:35:00,0.85,13548.0,United Kingdom
549548,21080,SET/20 RED RETROSPOT PAPER NAPKINS ,4,2011-04-10 11:35:00,0.85,13548.0,United Kingdom
549548,22196,SMALL HEART MEASURING SPOONS,1,2011-04-10 11:35:00,0.85,13548.0,United Kingdom
549548,20666,ECONOMY HOLIDAY PURSE,1,2011-04-10 11:35:00,2.95,13548.0,United Kingdom
549548,22097,SWALLOW SQUARE TISSUE BOX,1,2011-04-10 11:35:00,1.25,13548.0,United Kingdom
549548,21281,VINTAGE KITCHEN PRINT SEAFOOD,1,2011-04-10 11:35:00,2.55,13548.0,United Kingdom
549548,22904,CALENDAR PAPER CUT DESIGN,2,2011-04-10 11:35:00,2.95,13548.0,United Kingdom
549548,22905,CALENDAR IN SEASON DESIGN,1,2011-04-10 11:35:00,2.95,13548.0,United Kingdom
549548,22195,LARGE HEART MEASURING SPOONS,1,2011-04-10 11:35:00,1.65,13548.0,United Kingdom
549548,22296,HEART IVORY TRELLIS LARGE,4,2011-04-10 11:35:00,1.65,13548.0,United Kingdom
549548,21143,ANTIQUE GLASS HEART DECORATION ,1,2011-04-10 11:35:00,1.95,13548.0,United Kingdom
549548,47566,PARTY BUNTING,5,2011-04-10 11:35:00,4.95,13548.0,United Kingdom
549548,21035,SET/2 RED RETROSPOT TEA TOWELS ,3,2011-04-10 11:35:00,3.25,13548.0,United Kingdom
549548,22411,JUMBO SHOPPER VINTAGE RED PAISLEY,1,2011-04-10 11:35:00,2.08,13548.0,United Kingdom
549548,21041,RED RETROSPOT OVEN GLOVE DOUBLE,1,2011-04-10 11:35:00,2.95,13548.0,United Kingdom
549548,22953,BIRTHDAY PARTY CORDON BARRIER TAPE,2,2011-04-10 11:35:00,1.25,13548.0,United Kingdom
549548,22131,FOOD CONTAINER SET 3 LOVE HEART ,1,2011-04-10 11:35:00,1.95,13548.0,United Kingdom
C549549,22656,VINTAGE BLUE KITCHEN CABINET,-1,2011-04-10 11:37:00,125.0,16359.0,United Kingdom
C549549,22655,VINTAGE RED KITCHEN CABINET,-1,2011-04-10 11:37:00,125.0,16359.0,United Kingdom
549550,90024D,NEW BAROQUE B'FLY NECKLACE PINK,1,2011-04-10 11:45:00,8.5,15038.0,United Kingdom
549550,90123A,PINK HEART OF GLASS BRACELET,1,2011-04-10 11:45:00,5.95,15038.0,United Kingdom
549550,90010E,AMBER GLASS/SILVER BRACELET,1,2011-04-10 11:45:00,8.95,15038.0,United Kingdom
549550,82494L,WOODEN FRAME ANTIQUE WHITE ,1,2011-04-10 11:45:00,2.95,15038.0,United Kingdom
549550,82482,WOODEN PICTURE FRAME WHITE FINISH,1,2011-04-10 11:45:00,2.55,15038.0,United Kingdom
549550,22432,WATERING CAN PINK BUNNY,1,2011-04-10 11:45:00,1.95,15038.0,United Kingdom
549550,15056N,EDWARDIAN PARASOL NATURAL,1,2011-04-10 11:45:00,5.95,15038.0,United Kingdom
549550,22430,ENAMEL WATERING CAN CREAM,1,2011-04-10 11:45:00,4.95,15038.0,United Kingdom
549550,22427,ENAMEL FLOWER JUG CREAM,1,2011-04-10 11:45:00,5.95,15038.0,United Kingdom
549550,21746,SMALL RED RETROSPOT WINDMILL,1,2011-04-10 11:45:00,1.25,15038.0,United Kingdom
549550,22768,FAMILY PHOTO FRAME CORNICE,1,2011-04-10 11:45:00,9.95,15038.0,United Kingdom
549550,22434,BALLOON PUMP WITH 10 BALLOONS,1,2011-04-10 11:45:00,1.95,15038.0,United Kingdom
549550,22436,12 COLOURED PARTY BALLOONS,2,2011-04-10 11:45:00,0.65,15038.0,United Kingdom
549550,22649,STRAWBERRY FAIRY CAKE TEAPOT,1,2011-04-10 11:45:00,4.95,15038.0,United Kingdom
549550,22327,ROUND SNACK BOXES SET OF 4 SKULLS,1,2011-04-10 11:45:00,2.95,15038.0,United Kingdom
549550,84380,SET OF 3 BUTTERFLY COOKIE CUTTERS,1,2011-04-10 11:45:00,1.25,15038.0,United Kingdom
549550,21874,GIN AND TONIC MUG,1,2011-04-10 11:45:00,1.25,15038.0,United Kingdom
549550,21876,POTTERING MUG,2,2011-04-10 11:45:00,1.25,15038.0,United Kingdom
549550,22501,PICNIC BASKET WICKER LARGE,1,2011-04-10 11:45:00,9.95,15038.0,United Kingdom
549550,90010B,BLACK/WHITE GLASS/SILVER BRACELET,2,2011-04-10 11:45:00,8.95,15038.0,United Kingdom
549550,90010A,MIDNIGHT BLUE GLASS/SILVER BRACELET,1,2011-04-10 11:45:00,8.95,15038.0,United Kingdom
549550,90175A,WHITE GLASS CHUNKY CHARM BRACELET,1,2011-04-10 11:45:00,8.95,15038.0,United Kingdom
549550,90147,CHUNKY SILVER NECKLACE PASTEL FLOWE,1,2011-04-10 11:45:00,9.95,15038.0,United Kingdom
549550,90184A,AMBER CHUNKY BEAD BRACELET W STRAP,1,2011-04-10 11:45:00,8.95,15038.0,United Kingdom
549550,90184C,BLACK CHUNKY BEAD BRACELET W STRAP,1,2011-04-10 11:45:00,8.95,15038.0,United Kingdom
549550,90184B,AMETHYST CHUNKY BEAD BRACELET W STR,1,2011-04-10 11:45:00,8.95,15038.0,United Kingdom
549551,23182,TOILET SIGN OCCUPIED OR VACANT,24,2011-04-10 11:48:00,0.83,15955.0,United Kingdom
549551,85123A,WHITE HANGING HEART T-LIGHT HOLDER,12,2011-04-10 11:48:00,2.95,15955.0,United Kingdom
549551,22925,BLUE GIANT GARDEN THERMOMETER,4,2011-04-10 11:48:00,5.95,15955.0,United Kingdom
549551,22927,GREEN GIANT GARDEN THERMOMETER,4,2011-04-10 11:48:00,5.95,15955.0,United Kingdom
549551,22926,IVORY GIANT GARDEN THERMOMETER,6,2011-04-10 11:48:00,5.95,15955.0,United Kingdom
549551,22766,PHOTO FRAME CORNICE,8,2011-04-10 11:48:00,2.95,15955.0,United Kingdom
549551,82482,WOODEN PICTURE FRAME WHITE FINISH,6,2011-04-10 11:48:00,2.55,15955.0,United Kingdom
549551,22502,PICNIC BASKET WICKER SMALL,4,2011-04-10 11:48:00,5.95,15955.0,United Kingdom
549551,22501,PICNIC BASKET WICKER LARGE,6,2011-04-10 11:48:00,9.95,15955.0,United Kingdom
549551,47566,PARTY BUNTING,8,2011-04-10 11:48:00,4.95,15955.0,United Kingdom
549551,22112,CHOCOLATE HOT WATER BOTTLE,3,2011-04-10 11:48:00,4.95,15955.0,United Kingdom
549551,22835,HOT WATER BOTTLE I AM SO POORLY,4,2011-04-10 11:48:00,4.65,15955.0,United Kingdom
549551,22961,JAM MAKING SET PRINTED,12,2011-04-10 11:48:00,1.45,15955.0,United Kingdom
549551,21871,SAVE THE PLANET MUG,12,2011-04-10 11:48:00,1.25,15955.0,United Kingdom
549551,21870,I CAN ONLY PLEASE ONE PERSON MUG,12,2011-04-10 11:48:00,1.25,15955.0,United Kingdom
549551,21868,POTTING SHED TEA MUG,12,2011-04-10 11:48:00,1.25,15955.0,United Kingdom
549551,22841,ROUND CAKE TIN VINTAGE GREEN,2,2011-04-10 11:48:00,7.95,15955.0,United Kingdom
549551,21770,OPEN CLOSED METAL SIGN,2,2011-04-10 11:48:00,4.95,15955.0,United Kingdom
549551,21316,SMALL CHUNKY GLASS ROMAN  BOWL,88,2011-04-10 11:48:00,0.79,15955.0,United Kingdom
549552,48138,DOORMAT UNION FLAG,2,2011-04-10 11:58:00,7.95,13508.0,United Kingdom
549552,20685,DOORMAT RED RETROSPOT,2,2011-04-10 11:58:00,7.95,13508.0,United Kingdom
549552,22354,RETROSPOT PADDED SEAT CUSHION,4,2011-04-10 11:58:00,3.75,13508.0,United Kingdom
549552,20780,BLACK EAR MUFF HEADPHONES,1,2011-04-10 11:58:00,5.49,13508.0,United Kingdom
549552,20781,GOLD EAR MUFF HEADPHONES,1,2011-04-10 11:58:00,5.49,13508.0,United Kingdom
549552,22424,ENAMEL BREAD BIN CREAM,1,2011-04-10 11:58:00,12.75,13508.0,United Kingdom
549552,47590B,PINK HAPPY BIRTHDAY BUNTING,1,2011-04-10 11:58:00,5.45,13508.0,United Kingdom
549552,22411,JUMBO SHOPPER VINTAGE RED PAISLEY,3,2011-04-10 11:58:00,2.08,13508.0,United Kingdom
549552,22084,PAPER CHAIN KIT EMPIRE,2,2011-04-10 11:58:00,2.95,13508.0,United Kingdom
549552,85049C,ROMANTIC PINKS RIBBONS ,2,2011-04-10 11:58:00,1.25,13508.0,United Kingdom
549552,85049G,CHOCOLATE BOX RIBBONS ,2,2011-04-10 11:58:00,1.25,13508.0,United Kingdom
549552,22499,WOODEN UNION JACK BUNTING,3,2011-04-10 11:58:00,5.95,13508.0,United Kingdom
549553,20985,HEART CALCULATOR,3,2011-04-10 12:22:00,1.25,16931.0,United Kingdom
549553,22219,LOVEBIRD HANGING DECORATION WHITE ,6,2011-04-10 12:22:00,0.85,16931.0,United Kingdom
549553,22398,MAGNETS PACK OF 4 SWALLOWS,2,2011-04-10 12:22:00,1.25,16931.0,United Kingdom
549553,22268,EASTER DECORATION SITTING BUNNY,6,2011-04-10 12:22:00,0.85,16931.0,United Kingdom
549553,22250,DECORATION  BUTTERFLY  MAGIC GARDEN,3,2011-04-10 12:22:00,0.85,16931.0,United Kingdom
549553,22249,DECORATION WHITE CHICK MAGIC GARDEN,3,2011-04-10 12:22:00,0.85,16931.0,United Kingdom
549553,85040A,S/4 PINK FLOWER CANDLES IN BOWL,4,2011-04-10 12:22:00,1.65,16931.0,United Kingdom
549553,85040B,SET/4 BLUE FLOWER CANDLES IN BOWL,4,2011-04-10 12:22:00,1.65,16931.0,United Kingdom
549553,85170D,SET/6 PINK BIRD T-LIGHT CANDLES,1,2011-04-10 12:22:00,2.1,16931.0,United Kingdom
549553,85170C,SET/6 EAU DE NIL BIRD T-LIGHTS,1,2011-04-10 12:22:00,2.1,16931.0,United Kingdom
549553,21135,VICTORIAN  METAL POSTCARD SPRING,6,2011-04-10 12:22:00,1.69,16931.0,United Kingdom
549553,22148,EASTER CRAFT 4 CHICKS ,3,2011-04-10 12:22:00,1.95,16931.0,United Kingdom
549553,22431,WATERING CAN BLUE ELEPHANT,1,2011-04-10 12:22:00,1.95,16931.0,United Kingdom
549553,22433,WATERING CAN GREEN DINOSAUR,3,2011-04-10 12:22:00,1.95,16931.0,United Kingdom
549553,85123A,WHITE HANGING HEART T-LIGHT HOLDER,6,2011-04-10 12:22:00,2.95,16931.0,United Kingdom
549553,37482P,CUBIC MUG PINK POLKADOT,5,2011-04-10 12:22:00,0.39,16931.0,United Kingdom
549553,22139,RETROSPOT TEA SET CERAMIC 11 PC ,2,2011-04-10 12:22:00,4.95,16931.0,United Kingdom
549553,37482P,CUBIC MUG PINK POLKADOT,6,2011-04-10 12:22:00,0.39,16931.0,United Kingdom
549553,21871,SAVE THE PLANET MUG,3,2011-04-10 12:22:00,1.25,16931.0,United Kingdom
549553,22087,PAPER BUNTING WHITE LACE,3,2011-04-10 12:22:00,2.95,16931.0,United Kingdom
549553,22381,TOY TIDY PINK POLKADOT,2,2011-04-10 12:22:00,2.1,16931.0,United Kingdom
549553,20719,WOODLAND CHARLOTTE BAG,2,2011-04-10 12:22:00,0.85,16931.0,United Kingdom
549553,22380,TOY TIDY SPACEBOY  ,3,2011-04-10 12:22:00,2.1,16931.0,United Kingdom
549553,22664,TOY TIDY DOLLY GIRL DESIGN,3,2011-04-10 12:22:00,2.1,16931.0,United Kingdom
549553,22360,GLASS JAR ENGLISH CONFECTIONERY,3,2011-04-10 12:22:00,2.95,16931.0,United Kingdom
549553,20712,JUMBO BAG WOODLAND ANIMALS,3,2011-04-10 12:22:00,2.08,16931.0,United Kingdom
549553,21033,JUMBO BAG CHARLIE AND LOLA TOYS,3,2011-04-10 12:22:00,2.08,16931.0,United Kingdom
549554,21874,GIN AND TONIC MUG,12,2011-04-10 12:36:00,1.25,16779.0,United Kingdom
549554,84378,SET OF 3 HEART COOKIE CUTTERS,12,2011-04-10 12:36:00,1.25,16779.0,United Kingdom
549554,82494L,WOODEN FRAME ANTIQUE WHITE ,6,2011-04-10 12:36:00,2.95,16779.0,United Kingdom
549554,82482,WOODEN PICTURE FRAME WHITE FINISH,6,2011-04-10 12:36:00,2.55,16779.0,United Kingdom
549554,20754,RETROSPOT RED WASHING UP GLOVES,12,2011-04-10 12:36:00,2.1,16779.0,United Kingdom
549554,21218,RED SPOTTY BISCUIT TIN,24,2011-04-10 12:36:00,3.25,16779.0,United Kingdom
549554,21216,"SET 3 RETROSPOT TEA,COFFEE,SUGAR",24,2011-04-10 12:36:00,4.25,16779.0,United Kingdom
549554,22195,LARGE HEART MEASURING SPOONS,12,2011-04-10 12:36:00,1.65,16779.0,United Kingdom
549554,71053,WHITE METAL LANTERN,24,2011-04-10 12:36:00,3.39,16779.0,United Kingdom
549554,22412,METAL SIGN NEIGHBOURHOOD WITCH ,24,2011-04-10 12:36:00,2.1,16779.0,United Kingdom
549554,21936,RED RETROSPOT PICNIC BAG,5,2011-04-10 12:36:00,2.95,16779.0,United Kingdom
549554,21937,STRAWBERRY   PICNIC BAG,5,2011-04-10 12:36:00,2.95,16779.0,United Kingdom
549554,22998,TRAVEL CARD WALLET KEEP CALM,24,2011-04-10 12:36:00,0.42,16779.0,United Kingdom
549554,22381,TOY TIDY PINK POLKADOT,5,2011-04-10 12:36:00,2.1,16779.0,United Kingdom
549554,84692,BOX OF 24 COCKTAIL PARASOLS,25,2011-04-10 12:36:00,0.42,16779.0,United Kingdom
549555,21781,MA CAMPAGNE CUTLERY BOX,1,2011-04-10 12:52:00,14.95,13606.0,United Kingdom
549555,21361,LOVE LARGE WOOD LETTERS ,1,2011-04-10 12:52:00,12.75,13606.0,United Kingdom
549555,22587,FELTCRAFT HAIRBAND RED AND BLUE,12,2011-04-10 12:52:00,0.85,13606.0,United Kingdom
549555,22993,SET OF 4 PANTRY JELLY MOULDS,2,2011-04-10 12:52:00,1.25,13606.0,United Kingdom
549555,21380,WOODEN HAPPY BIRTHDAY GARLAND,2,2011-04-10 12:52:00,2.95,13606.0,United Kingdom
549555,21358,TOAST ITS - HAPPY BIRTHDAY,1,2011-04-10 12:52:00,1.25,13606.0,United Kingdom
549555,21356,TOAST ITS - FAIRY FLOWER,1,2011-04-10 12:52:00,1.25,13606.0,United Kingdom
549555,21381,MINI WOODEN HAPPY BIRTHDAY GARLAND,1,2011-04-10 12:52:00,1.69,13606.0,United Kingdom
549555,21381,MINI WOODEN HAPPY BIRTHDAY GARLAND,1,2011-04-10 12:52:00,1.69,13606.0,United Kingdom
549555,22604,SET OF 4 NAPKIN CHARMS CUTLERY,1,2011-04-10 12:52:00,2.55,13606.0,United Kingdom
549555,85078,SCANDINAVIAN 3 HEARTS NAPKIN RING,12,2011-04-10 12:52:00,0.19,13606.0,United Kingdom
549555,20972,PINK CREAM FELT CRAFT TRINKET BOX ,1,2011-04-10 12:52:00,1.25,13606.0,United Kingdom
549555,20971,PINK BLUE FELT CRAFT TRINKET BOX,1,2011-04-10 12:52:00,1.25,13606.0,United Kingdom
549555,22638,SET OF 4 NAPKIN CHARMS CROWNS ,1,2011-04-10 12:52:00,2.55,13606.0,United Kingdom
549555,35914,PINK CHICK EGG WARMER + EGG CUP,1,2011-04-10 12:52:00,0.85,13606.0,United Kingdom
549555,22147,FELTCRAFT BUTTERFLY HEARTS,1,2011-04-10 12:52:00,1.45,13606.0,United Kingdom
549555,22197,SMALL POPCORN HOLDER,6,2011-04-10 12:52:00,0.85,13606.0,United Kingdom
549555,22938,CUPCAKE LACE PAPER SET 6,6,2011-04-10 12:52:00,1.95,13606.0,United Kingdom
549555,22639,SET OF 4 NAPKIN CHARMS HEARTS,1,2011-04-10 12:52:00,2.55,13606.0,United Kingdom
549555,22209,WOOD STAMP SET HAPPY BIRTHDAY,1,2011-04-10 12:52:00,1.65,13606.0,United Kingdom
549555,22570,FELTCRAFT CUSHION RABBIT,1,2011-04-10 12:52:00,3.75,13606.0,United Kingdom
549555,22568,FELTCRAFT CUSHION OWL,1,2011-04-10 12:52:00,3.75,13606.0,United Kingdom
549555,22128,PARTY CONES CANDY ASSORTED,12,2011-04-10 12:52:00,1.25,13606.0,United Kingdom
549555,22569,FELTCRAFT CUSHION BUTTERFLY,1,2011-04-10 12:52:00,3.75,13606.0,United Kingdom
549555,22208,WOOD STAMP SET THANK YOU,2,2011-04-10 12:52:00,1.65,13606.0,United Kingdom
549555,85006,SET 4 NURSERY DES ROUND BOXES,2,2011-04-10 12:52:00,0.85,13606.0,United Kingdom
549555,22129,PARTY CONES CANDY TREE DECORATION,36,2011-04-10 12:52:00,0.85,13606.0,United Kingdom
549555,21398,RED POLKADOT COFFEE  MUG,6,2011-04-10 12:52:00,0.39,13606.0,United Kingdom
549555,22956,36 FOIL HEART CAKE CASES,1,2011-04-10 12:52:00,2.1,13606.0,United Kingdom
549555,35914,PINK CHICK EGG WARMER + EGG CUP,1,2011-04-10 12:52:00,0.85,13606.0,United Kingdom
549555,20971,PINK BLUE FELT CRAFT TRINKET BOX,1,2011-04-10 12:52:00,1.25,13606.0,United Kingdom
549555,22077,6 RIBBONS RUSTIC CHARM,3,2011-04-10 12:52:00,1.65,13606.0,United Kingdom
549555,22930,BAKING MOULD HEART MILK CHOCOLATE,1,2011-04-10 12:52:00,2.55,13606.0,United Kingdom
549555,22932,BAKING MOULD TOFFEE CUP CHOCOLATE,1,2011-04-10 12:52:00,2.55,13606.0,United Kingdom
549555,22953,BIRTHDAY PARTY CORDON BARRIER TAPE,3,2011-04-10 12:52:00,1.25,13606.0,United Kingdom
549555,21539,RED RETROSPOT BUTTER DISH,1,2011-04-10 12:52:00,4.95,13606.0,United Kingdom
549555,85145,JARDIN ETCHED GLASS LARGE BELL JAR,2,2011-04-10 12:52:00,3.95,13606.0,United Kingdom
549556,22993,SET OF 4 PANTRY JELLY MOULDS,4,2011-04-10 12:53:00,1.25,17372.0,United Kingdom
549556,21088,SET/6 FRUIT SALAD PAPER CUPS,10,2011-04-10 12:53:00,0.19,17372.0,United Kingdom
549556,21096,SET/6 FRUIT SALAD  PAPER PLATES,10,2011-04-10 12:53:00,0.39,17372.0,United Kingdom
549556,72802B,OCEAN SCENT CANDLE IN JEWELLED BOX,2,2011-04-10 12:53:00,4.25,17372.0,United Kingdom
549556,22251,BIRDHOUSE DECORATION MAGIC GARDEN,2,2011-04-10 12:53:00,1.25,17372.0,United Kingdom
549556,22250,DECORATION  BUTTERFLY  MAGIC GARDEN,2,2011-04-10 12:53:00,0.85,17372.0,United Kingdom
549556,22622,BOX OF VINTAGE ALPHABET BLOCKS,1,2011-04-10 12:53:00,11.95,17372.0,United Kingdom
549556,22623,BOX OF VINTAGE JIGSAW BLOCKS ,1,2011-04-10 12:53:00,5.95,17372.0,United Kingdom
549556,22971,QUEENS GUARD COFFEE MUG,4,2011-04-10 12:53:00,2.55,17372.0,United Kingdom
549556,23255,CHILDRENS CUTLERY CIRCUS PARADE,2,2011-04-10 12:53:00,4.15,17372.0,United Kingdom
549556,23256,CHILDRENS CUTLERY SPACEBOY ,2,2011-04-10 12:53:00,4.15,17372.0,United Kingdom
549556,23254,CHILDRENS CUTLERY DOLLY GIRL ,2,2011-04-10 12:53:00,4.15,17372.0,United Kingdom
549556,22233,JIGSAW RABBIT AND BIRDHOUSE,1,2011-04-10 12:53:00,1.65,17372.0,United Kingdom
549556,22977,DOLLY GIRL CHILDRENS EGG CUP,4,2011-04-10 12:53:00,1.25,17372.0,United Kingdom
549556,22976,CIRCUS PARADE CHILDRENS EGG CUP ,4,2011-04-10 12:53:00,1.25,17372.0,United Kingdom
549556,82494L,WOODEN FRAME ANTIQUE WHITE ,3,2011-04-10 12:53:00,2.95,17372.0,United Kingdom
549556,22654,DELUXE SEWING KIT ,2,2011-04-10 12:53:00,5.95,17372.0,United Kingdom
549556,22652,TRAVEL SEWING KIT,4,2011-04-10 12:53:00,1.65,17372.0,United Kingdom
549556,22858,EASTER TIN KEEPSAKE,1,2011-04-10 12:53:00,1.65,17372.0,United Kingdom
549556,22860,EASTER TIN CHICKS PINK DAISY,1,2011-04-10 12:53:00,1.65,17372.0,United Kingdom
549556,22766,PHOTO FRAME CORNICE,4,2011-04-10 12:53:00,2.95,17372.0,United Kingdom
549556,84580,MOUSE TOY WITH PINK T-SHIRT,2,2011-04-10 12:53:00,3.75,17372.0,United Kingdom
549556,22982,PANTRY PASTRY BRUSH,4,2011-04-10 12:53:00,1.25,17372.0,United Kingdom
549556,22525,CHILDRENS GARDEN GLOVES PINK,3,2011-04-10 12:53:00,1.25,17372.0,United Kingdom
549556,22524,CHILDRENS GARDEN GLOVES BLUE,3,2011-04-10 12:53:00,1.25,17372.0,United Kingdom
549556,22962,JAM JAR WITH PINK LID,1,2011-04-10 12:53:00,0.85,17372.0,United Kingdom
549556,22631,CIRCUS PARADE LUNCH BOX ,2,2011-04-10 12:53:00,1.95,17372.0,United Kingdom
549556,22630,DOLLY GIRL LUNCH BOX,2,2011-04-10 12:53:00,1.95,17372.0,United Kingdom
549556,22431,WATERING CAN BLUE ELEPHANT,1,2011-04-10 12:53:00,1.95,17372.0,United Kingdom
549556,84674,FLYING PIG WATERING CAN,1,2011-04-10 12:53:00,2.95,17372.0,United Kingdom
549556,21122,SET/10 PINK POLKADOT PARTY CANDLES,3,2011-04-10 12:53:00,1.25,17372.0,United Kingdom
549556,21124,SET/10 BLUE POLKADOT PARTY CANDLES,3,2011-04-10 12:53:00,1.25,17372.0,United Kingdom
549556,22659,LUNCH BOX I LOVE LONDON,2,2011-04-10 12:53:00,1.95,17372.0,United Kingdom
549556,22999,TRAVEL CARD WALLET RETRO PETALS,2,2011-04-10 12:53:00,0.42,17372.0,United Kingdom
549556,22996,TRAVEL CARD WALLET VINTAGE TICKET,4,2011-04-10 12:53:00,0.42,17372.0,United Kingdom
549556,85040A,S/4 PINK FLOWER CANDLES IN BOWL,2,2011-04-10 12:53:00,1.65,17372.0,United Kingdom
549556,85040B,SET/4 BLUE FLOWER CANDLES IN BOWL,1,2011-04-10 12:53:00,1.65,17372.0,United Kingdom
549556,22519,CHILDS GARDEN BRUSH PINK,1,2011-04-10 12:53:00,2.1,17372.0,United Kingdom
549556,22518,CHILDS GARDEN BRUSH BLUE,1,2011-04-10 12:53:00,2.1,17372.0,United Kingdom
549556,22992,REVOLVER WOODEN RULER ,1,2011-04-10 12:53:00,1.95,17372.0,United Kingdom
549556,22991,GIRAFFE WOODEN RULER,1,2011-04-10 12:53:00,1.95,17372.0,United Kingdom
549556,22561,WOODEN SCHOOL COLOURING SET,2,2011-04-10 12:53:00,1.65,17372.0,United Kingdom
549556,23183,MOTHER'S KITCHEN SPOON REST ,2,2011-04-10 12:53:00,3.75,17372.0,United Kingdom
549556,22521,CHILDS GARDEN TROWEL PINK,3,2011-04-10 12:53:00,0.85,17372.0,United Kingdom
549556,22520,CHILDS GARDEN TROWEL BLUE ,3,2011-04-10 12:53:00,0.85,17372.0,United Kingdom
549556,22523,CHILDS GARDEN FORK PINK,3,2011-04-10 12:53:00,0.85,17372.0,United Kingdom
549556,22522,CHILDS GARDEN FORK BLUE ,3,2011-04-10 12:53:00,0.85,17372.0,United Kingdom
549557,21900,"KEY FOB , SHED",1,2011-04-10 12:59:00,0.65,14450.0,United Kingdom
549557,85099B,JUMBO BAG RED RETROSPOT,4,2011-04-10 12:59:00,2.08,14450.0,United Kingdom
549557,22990,COTTON APRON PANTRY DESIGN,3,2011-04-10 12:59:00,4.95,14450.0,United Kingdom
549557,21770,OPEN CLOSED METAL SIGN,1,2011-04-10 12:59:00,4.95,14450.0,United Kingdom
549557,22999,TRAVEL CARD WALLET RETRO PETALS,10,2011-04-10 12:59:00,0.42,14450.0,United Kingdom
549557,22996,TRAVEL CARD WALLET VINTAGE TICKET,10,2011-04-10 12:59:00,0.42,14450.0,United Kingdom
549557,20914,SET/5 RED RETROSPOT LID GLASS BOWLS,5,2011-04-10 12:59:00,2.95,14450.0,United Kingdom
549557,20754,RETROSPOT RED WASHING UP GLOVES,4,2011-04-10 12:59:00,2.1,14450.0,United Kingdom
549557,84692,BOX OF 24 COCKTAIL PARASOLS,25,2011-04-10 12:59:00,0.42,14450.0,United Kingdom
549557,22720,SET OF 3 CAKE TINS PANTRY DESIGN ,2,2011-04-10 12:59:00,4.95,14450.0,United Kingdom
549557,22722,SET OF 6 SPICE TINS PANTRY DESIGN,2,2011-04-10 12:59:00,3.95,14450.0,United Kingdom
549557,23184,BULL DOG BOTTLE OPENER,4,2011-04-10 12:59:00,4.95,14450.0,United Kingdom
549558,22700,BLACK AND WHITE DOG BOWL,1,2011-04-10 13:21:00,2.95,15058.0,United Kingdom
549558,22480,RED TEA TOWEL CLASSIC DESIGN,1,2011-04-10 13:21:00,1.25,15058.0,United Kingdom
549558,22481,BLACK TEA TOWEL CLASSIC DESIGN,1,2011-04-10 13:21:00,1.25,15058.0,United Kingdom
549558,22482,BLUE TEA TOWEL CLASSIC DESIGN,1,2011-04-10 13:21:00,1.25,15058.0,United Kingdom
549558,22638,SET OF 4 NAPKIN CHARMS CROWNS ,1,2011-04-10 13:21:00,2.55,15058.0,United Kingdom
549558,22640,SET OF 4 NAPKIN CHARMS 3 KEYS ,2,2011-04-10 13:21:00,2.55,15058.0,United Kingdom
549558,22639,SET OF 4 NAPKIN CHARMS HEARTS,2,2011-04-10 13:21:00,2.55,15058.0,United Kingdom
549558,22921,HERB MARKER CHIVES ,1,2011-04-10 13:21:00,0.65,15058.0,United Kingdom
549558,22918,HERB MARKER PARSLEY,1,2011-04-10 13:21:00,0.65,15058.0,United Kingdom
549558,22919,HERB MARKER MINT,1,2011-04-10 13:21:00,0.65,15058.0,United Kingdom
549558,21617,4 LILY  BOTANICAL DINNER CANDLES,1,2011-04-10 13:21:00,3.75,15058.0,United Kingdom
549558,23176,ABC TREASURE BOOK BOX ,1,2011-04-10 13:21:00,2.25,15058.0,United Kingdom
549558,22979,PANTRY WASHING UP BRUSH,1,2011-04-10 13:21:00,1.45,15058.0,United Kingdom
549558,21792,CLASSIC FRENCH STYLE BASKET GREEN ,1,2011-04-10 13:21:00,6.75,15058.0,United Kingdom
549558,84858C,PINK RIVIERA HANDBAG,1,2011-04-10 13:21:00,5.95,15058.0,United Kingdom
549558,85014A,BLACK/BLUE POLKADOT UMBRELLA,1,2011-04-10 13:21:00,5.95,15058.0,United Kingdom
549558,15056BL,EDWARDIAN PARASOL BLACK,1,2011-04-10 13:21:00,5.95,15058.0,United Kingdom
549558,15056N,EDWARDIAN PARASOL NATURAL,1,2011-04-10 13:21:00,5.95,15058.0,United Kingdom
549558,21694,SMALL REGAL  SILVER CANDLEPOT ,6,2011-04-10 13:21:00,2.95,15058.0,United Kingdom
549558,21696,SMALL SILVER TRELLIS CANDLEPOT,6,2011-04-10 13:21:00,2.95,15058.0,United Kingdom
549558,22349,DOG BOWL CHASING BALL DESIGN,1,2011-04-10 13:21:00,3.75,15058.0,United Kingdom
549558,22979,PANTRY WASHING UP BRUSH,1,2011-04-10 13:21:00,1.45,15058.0,United Kingdom
549558,22918,HERB MARKER PARSLEY,1,2011-04-10 13:21:00,0.65,15058.0,United Kingdom
549558,22921,HERB MARKER CHIVES ,1,2011-04-10 13:21:00,0.65,15058.0,United Kingdom
549558,22919,HERB MARKER MINT,1,2011-04-10 13:21:00,0.65,15058.0,United Kingdom
549558,22920,HERB MARKER BASIL,1,2011-04-10 13:21:00,0.65,15058.0,United Kingdom
549558,22917,HERB MARKER ROSEMARY,1,2011-04-10 13:21:00,0.65,15058.0,United Kingdom
549558,22197,SMALL POPCORN HOLDER,2,2011-04-10 13:21:00,0.85,15058.0,United Kingdom
549558,23078,ICE CREAM PEN LIP GLOSS ,24,2011-04-10 13:21:00,1.25,15058.0,United Kingdom
549558,23193,BUFFALO BILL TREASURE BOOK BOX,1,2011-04-10 13:21:00,2.25,15058.0,United Kingdom
549558,23177,TREASURE ISLAND BOOK BOX,1,2011-04-10 13:21:00,2.25,15058.0,United Kingdom
549558,22766,PHOTO FRAME CORNICE,1,2011-04-10 13:21:00,2.95,15058.0,United Kingdom
549558,22457,NATURAL SLATE HEART CHALKBOARD ,1,2011-04-10 13:21:00,2.95,15058.0,United Kingdom
549558,21592,RETROSPOT CIGAR BOX MATCHES ,1,2011-04-10 13:21:00,1.25,15058.0,United Kingdom
549558,21034,REX CASH+CARRY JUMBO SHOPPER,1,2011-04-10 13:21:00,0.95,15058.0,United Kingdom
549558,21471,STRAWBERRY RAFFIA FOOD COVER,1,2011-04-10 13:21:00,3.75,15058.0,United Kingdom
549558,78034B,BLUE NETTING STORAGE HANGER,1,2011-04-10 13:21:00,1.95,15058.0,United Kingdom
549558,22499,WOODEN UNION JACK BUNTING,1,2011-04-10 13:21:00,5.95,15058.0,United Kingdom
549558,22672,FRENCH BATHROOM SIGN BLUE METAL,1,2011-04-10 13:21:00,1.65,15058.0,United Kingdom
549558,84789,ENCHANTED BIRD PLANT CAGE,1,2011-04-10 13:21:00,3.75,15058.0,United Kingdom
549558,20845,ZINC HEART LATTICE 2 WALL PLANTER,1,2011-04-10 13:21:00,6.35,15058.0,United Kingdom
549559,20712,JUMBO BAG WOODLAND ANIMALS,10,2011-04-10 13:25:00,1.95,12447.0,Belgium
549559,85099B,JUMBO BAG RED RETROSPOT,10,2011-04-10 13:25:00,1.95,12447.0,Belgium
549559,20749,ASSORTED COLOUR MINI CASES,2,2011-04-10 13:25:00,7.95,12447.0,Belgium
549559,20750,RED RETROSPOT MINI CASES,2,2011-04-10 13:25:00,7.95,12447.0,Belgium
549559,21217,RED RETROSPOT ROUND CAKE TINS,2,2011-04-10 13:25:00,9.95,12447.0,Belgium
549559,22551,PLASTERS IN TIN SPACEBOY,12,2011-04-10 13:25:00,1.65,12447.0,Belgium
549559,22554,PLASTERS IN TIN WOODLAND ANIMALS,12,2011-04-10 13:25:00,1.65,12447.0,Belgium
549559,22556,PLASTERS IN TIN CIRCUS PARADE ,12,2011-04-10 13:25:00,1.65,12447.0,Belgium
549559,22555,PLASTERS IN TIN STRONGMAN,12,2011-04-10 13:25:00,1.65,12447.0,Belgium
549559,21533,RETROSPOT LARGE MILK JUG,3,2011-04-10 13:25:00,4.95,12447.0,Belgium
549559,21535,RED RETROSPOT SMALL MILK JUG,6,2011-04-10 13:25:00,2.55,12447.0,Belgium
549559,21531,RED RETROSPOT SUGAR JAM BOWL,6,2011-04-10 13:25:00,2.55,12447.0,Belgium
549559,21238,RED RETROSPOT CUP,8,2011-04-10 13:25:00,0.85,12447.0,Belgium
549559,21242,RED RETROSPOT PLATE ,8,2011-04-10 13:25:00,1.69,12447.0,Belgium
549559,21245,GREEN POLKADOT PLATE ,8,2011-04-10 13:25:00,1.69,12447.0,Belgium
549559,20674,GREEN POLKADOT BOWL,8,2011-04-10 13:25:00,1.25,12447.0,Belgium
549559,20676,RED RETROSPOT BOWL,8,2011-04-10 13:25:00,1.25,12447.0,Belgium
549559,21246,RED RETROSPOT BIG BOWL,6,2011-04-10 13:25:00,4.95,12447.0,Belgium
549559,22303,COFFEE MUG APPLES DESIGN,6,2011-04-10 13:25:00,2.55,12447.0,Belgium
549559,22302,COFFEE MUG PEARS  DESIGN,6,2011-04-10 13:25:00,2.55,12447.0,Belgium
549559,22326,ROUND SNACK BOXES SET OF4 WOODLAND ,6,2011-04-10 13:25:00,2.95,12447.0,Belgium
549559,22328,ROUND SNACK BOXES SET OF 4 FRUITS ,6,2011-04-10 13:25:00,2.95,12447.0,Belgium
549559,22628,PICNIC BOXES SET OF 3 RETROSPOT ,4,2011-04-10 13:25:00,4.95,12447.0,Belgium
549559,22631,CIRCUS PARADE LUNCH BOX ,12,2011-04-10 13:25:00,1.95,12447.0,Belgium
549559,22659,LUNCH BOX I LOVE LONDON,12,2011-04-10 13:25:00,1.95,12447.0,Belgium
549559,POST,POSTAGE,3,2011-04-10 13:25:00,15.0,12447.0,Belgium
549560,84947,ANTIQUE SILVER TEA GLASS ENGRAVED,24,2011-04-10 13:26:00,1.25,15058.0,United Kingdom
549560,48138,DOORMAT UNION FLAG,1,2011-04-10 13:26:00,7.95,15058.0,United Kingdom
549560,20845,ZINC HEART LATTICE 2 WALL PLANTER,1,2011-04-10 13:26:00,6.35,15058.0,United Kingdom
549560,22488,NATURAL SLATE RECTANGLE CHALKBOARD,4,2011-04-10 13:26:00,1.65,15058.0,United Kingdom
549560,21592,RETROSPOT CIGAR BOX MATCHES ,1,2011-04-10 13:26:00,1.25,15058.0,United Kingdom
549560,22410,MONEY BOX HOUSEKEEPING DESIGN,1,2011-04-10 13:26:00,1.25,15058.0,United Kingdom
549560,22409,MONEY BOX BISCUITS DESIGN,1,2011-04-10 13:26:00,1.25,15058.0,United Kingdom
549560,21658,GLASS  BEURRE DISH,1,2011-04-10 13:26:00,3.95,15058.0,United Kingdom
549560,21034,REX CASH+CARRY JUMBO SHOPPER,1,2011-04-10 13:26:00,0.95,15058.0,United Kingdom
549560,22557,PLASTERS IN TIN VINTAGE PAISLEY ,2,2011-04-10 13:26:00,1.65,15058.0,United Kingdom
549560,22918,HERB MARKER PARSLEY,1,2011-04-10 13:26:00,0.65,15058.0,United Kingdom
549560,22916,HERB MARKER THYME,1,2011-04-10 13:26:00,0.65,15058.0,United Kingdom
549560,22077,6 RIBBONS RUSTIC CHARM,1,2011-04-10 13:26:00,1.65,15058.0,United Kingdom
549560,22920,HERB MARKER BASIL,1,2011-04-10 13:26:00,0.65,15058.0,United Kingdom
549560,22917,HERB MARKER ROSEMARY,1,2011-04-10 13:26:00,0.65,15058.0,United Kingdom
549560,22919,HERB MARKER MINT,1,2011-04-10 13:26:00,0.65,15058.0,United Kingdom
549560,22921,HERB MARKER CHIVES ,1,2011-04-10 13:26:00,0.65,15058.0,United Kingdom
549560,21136,PAINTED METAL PEARS ASSORTED,1,2011-04-10 13:26:00,1.69,15058.0,United Kingdom
549560,22428,ENAMEL FIRE BUCKET CREAM,2,2011-04-10 13:26:00,6.95,15058.0,United Kingdom
549560,84970L,SINGLE HEART ZINC T-LIGHT HOLDER,2,2011-04-10 13:26:00,0.95,15058.0,United Kingdom
549560,22557,PLASTERS IN TIN VINTAGE PAISLEY ,1,2011-04-10 13:26:00,1.65,15058.0,United Kingdom
549560,22097,SWALLOW SQUARE TISSUE BOX,1,2011-04-10 13:26:00,1.25,15058.0,United Kingdom
549560,22360,GLASS JAR ENGLISH CONFECTIONERY,1,2011-04-10 13:26:00,2.95,15058.0,United Kingdom
549561,22246,MAGIC GARDEN FELT GARLAND ,2,2011-04-10 13:36:00,1.95,13570.0,United Kingdom
549561,48187,DOORMAT NEW ENGLAND,1,2011-04-10 13:36:00,7.95,13570.0,United Kingdom
549561,22294,HEART FILIGREE DOVE  SMALL,1,2011-04-10 13:36:00,1.25,13570.0,United Kingdom
549561,23177,TREASURE ISLAND BOOK BOX,1,2011-04-10 13:36:00,2.25,13570.0,United Kingdom
549561,23193,BUFFALO BILL TREASURE BOOK BOX,1,2011-04-10 13:36:00,2.25,13570.0,United Kingdom
549561,23194,GYMKHANA TREASURE BOOK BOX,1,2011-04-10 13:36:00,2.25,13570.0,United Kingdom
549561,23176,ABC TREASURE BOOK BOX ,1,2011-04-10 13:36:00,2.25,13570.0,United Kingdom
549561,22295,HEART FILIGREE DOVE LARGE,12,2011-04-10 13:36:00,1.65,13570.0,United Kingdom
549561,35095B,RED VICTORIAN FABRIC OVAL BOX,12,2011-04-10 13:36:00,0.42,13570.0,United Kingdom
549561,35095A,BLUE VICTORIAN FABRIC OVAL BOX,12,2011-04-10 13:36:00,0.42,13570.0,United Kingdom
549561,47566,PARTY BUNTING,3,2011-04-10 13:36:00,4.95,13570.0,United Kingdom
549561,84818,DANISH ROSE PHOTO FRAME,4,2011-04-10 13:36:00,2.55,13570.0,United Kingdom
549561,22219,LOVEBIRD HANGING DECORATION WHITE ,12,2011-04-10 13:36:00,0.85,13570.0,United Kingdom
549561,22577,WOODEN HEART CHRISTMAS SCANDINAVIAN,1,2011-04-10 13:36:00,0.85,13570.0,United Kingdom
549561,21319,GLASS CHALICE GREEN  SMALL ,4,2011-04-10 13:36:00,0.39,13570.0,United Kingdom
549561,20803,SMALL PINK GLASS SUNDAE DISH,3,2011-04-10 13:36:00,0.39,13570.0,United Kingdom
549561,79051A,SMOKEY GREY COLOUR D.O.F. GLASS,5,2011-04-10 13:36:00,0.29,13570.0,United Kingdom
549561,35965,FOLKART HEART NAPKIN RINGS,8,2011-04-10 13:36:00,0.79,13570.0,United Kingdom
549561,22129,PARTY CONES CANDY TREE DECORATION,6,2011-04-10 13:36:00,0.85,13570.0,United Kingdom
549561,22128,PARTY CONES CANDY ASSORTED,6,2011-04-10 13:36:00,1.25,13570.0,United Kingdom
549561,22083,PAPER CHAIN KIT RETROSPOT,2,2011-04-10 13:36:00,2.95,13570.0,United Kingdom
549561,21288,STRIPEY CHOCOLATE NESTING BOXES,5,2011-04-10 13:36:00,2.95,13570.0,United Kingdom
549561,21034,REX CASH+CARRY JUMBO SHOPPER,2,2011-04-10 13:36:00,0.95,13570.0,United Kingdom
549561,21135,VICTORIAN  METAL POSTCARD SPRING,24,2011-04-10 13:36:00,1.69,13570.0,United Kingdom
549561,84879,ASSORTED COLOUR BIRD ORNAMENT,24,2011-04-10 13:36:00,1.69,13570.0,United Kingdom
549561,22890,NOVELTY BISCUITS CAKE STAND 3 TIER,2,2011-04-10 13:36:00,9.95,13570.0,United Kingdom
549561,21316,SMALL CHUNKY GLASS ROMAN  BOWL,6,2011-04-10 13:36:00,0.79,13570.0,United Kingdom
549562,22270,HAPPY EASTER HANGING DECORATION,2,2011-04-10 13:48:00,3.75,13232.0,United Kingdom
549562,85099B,JUMBO BAG RED RETROSPOT,10,2011-04-10 13:48:00,2.08,13232.0,United Kingdom
549562,22090,PAPER BUNTING RETROSPOT,2,2011-04-10 13:48:00,2.95,13232.0,United Kingdom
549562,21791,VINTAGE HEADS AND TAILS CARD GAME ,1,2011-04-10 13:48:00,1.25,13232.0,United Kingdom
549562,21889,WOODEN BOX OF DOMINOES,1,2011-04-10 13:48:00,1.25,13232.0,United Kingdom
549562,21790,VINTAGE SNAP CARDS,1,2011-04-10 13:48:00,0.85,13232.0,United Kingdom
549562,20754,RETROSPOT RED WASHING UP GLOVES,1,2011-04-10 13:48:00,2.1,13232.0,United Kingdom
549562,22994,TRAVEL CARD WALLET RETROSPOT,72,2011-04-10 13:48:00,0.42,13232.0,United Kingdom
549562,85049E,SCANDINAVIAN REDS RIBBONS,2,2011-04-10 13:48:00,1.25,13232.0,United Kingdom
549562,22549,PICTURE DOMINOES,1,2011-04-10 13:48:00,1.45,13232.0,United Kingdom
549562,22419,LIPSTICK PEN RED,100,2011-04-10 13:48:00,0.36,13232.0,United Kingdom
549562,15044D,RED PAPER PARASOL,1,2011-04-10 13:48:00,2.95,13232.0,United Kingdom
549562,22413,METAL SIGN TAKE IT OR LEAVE IT ,1,2011-04-10 13:48:00,2.95,13232.0,United Kingdom
549562,21169,YOU'RE CONFUSING ME METAL SIGN ,1,2011-04-10 13:48:00,1.69,13232.0,United Kingdom
549563,23010,CIRCUS PARADE BABY GIFT SET,1,2011-04-10 14:02:00,16.95,14030.0,United Kingdom
549563,23007, SPACEBOY BABY GIFT SET,1,2011-04-10 14:02:00,16.95,14030.0,United Kingdom
549563,22996,TRAVEL CARD WALLET VINTAGE TICKET,3,2011-04-10 14:02:00,0.42,14030.0,United Kingdom
549563,23000,TRAVEL CARD WALLET TRANSPORT,3,2011-04-10 14:02:00,0.42,14030.0,United Kingdom
549563,22999,TRAVEL CARD WALLET RETRO PETALS,3,2011-04-10 14:02:00,0.42,14030.0,United Kingdom
549563,23004,TRAVEL CARD WALLET PANTRY,2,2011-04-10 14:02:00,0.42,14030.0,United Kingdom
549563,23003,TRAVEL CARD WALLET VINTAGE ROSE ,2,2011-04-10 14:02:00,0.42,14030.0,United Kingdom
549563,22998,TRAVEL CARD WALLET KEEP CALM,3,2011-04-10 14:02:00,0.42,14030.0,United Kingdom
549563,79030D,TUMBLER BAROQUE,6,2011-04-10 14:02:00,0.39,14030.0,United Kingdom
549563,21398,RED POLKADOT COFFEE  MUG,6,2011-04-10 14:02:00,0.39,14030.0,United Kingdom
549563,21399,BLUE POLKADOT COFFEE MUG,6,2011-04-10 14:02:00,0.39,14030.0,United Kingdom
549563,82482,WOODEN PICTURE FRAME WHITE FINISH,6,2011-04-10 14:02:00,2.55,14030.0,United Kingdom
549563,79191B,RETRO PLASTIC POLKA TRAY,12,2011-04-10 14:02:00,0.85,14030.0,United Kingdom
549563,79191C,RETRO PLASTIC ELEPHANT TRAY,12,2011-04-10 14:02:00,0.85,14030.0,United Kingdom
549563,22907,PACK OF 20 NAPKINS PANTRY DESIGN,5,2011-04-10 14:02:00,0.85,14030.0,United Kingdom
549563,82011C,BATHROOM SCALES FOOTPRINTS IN SAND,1,2011-04-10 14:02:00,3.75,14030.0,United Kingdom
549563,23178,JAM CLOCK MAGNET,1,2011-04-10 14:02:00,2.89,14030.0,United Kingdom
549563,23180,MUM'S KITCHEN CLOCK,1,2011-04-10 14:02:00,4.95,14030.0,United Kingdom
549563,23179,CLOCK MAGNET MUM'S KITCHEN,1,2011-04-10 14:02:00,2.89,14030.0,United Kingdom
549563,23183,MOTHER'S KITCHEN SPOON REST ,1,2011-04-10 14:02:00,3.75,14030.0,United Kingdom
549563,85027L,FRENCH CHATEAU LARGE PLATTER ,4,2011-04-10 14:02:00,1.95,14030.0,United Kingdom
549564,22115,METAL SIGN EMPIRE TEA,1,2011-04-10 14:16:00,2.95,18129.0,United Kingdom
549564,85008,SET OF 3 CONEY ISLAND OVAL BOXES,1,2011-04-10 14:16:00,1.5,18129.0,United Kingdom
549564,22115,METAL SIGN EMPIRE TEA,3,2011-04-10 14:16:00,2.95,18129.0,United Kingdom
549564,22412,METAL SIGN NEIGHBOURHOOD WITCH ,1,2011-04-10 14:16:00,2.1,18129.0,United Kingdom
549564,47599B,BLUE PARTY BAGS ,1,2011-04-10 14:16:00,2.1,18129.0,United Kingdom
549564,47599A,PINK PARTY BAGS,1,2011-04-10 14:16:00,2.1,18129.0,United Kingdom
549564,21122,SET/10 PINK POLKADOT PARTY CANDLES,2,2011-04-10 14:16:00,1.25,18129.0,United Kingdom
549564,22969,HOMEMADE JAM SCENTED CANDLES,12,2011-04-10 14:16:00,1.45,18129.0,United Kingdom
549564,35809B,ENAMEL BLUE RIM TEA CONTAINER,1,2011-04-10 14:16:00,2.1,18129.0,United Kingdom
549564,21875,KINGS CHOICE MUG,6,2011-04-10 14:16:00,1.25,18129.0,United Kingdom
549564,21868,POTTING SHED TEA MUG,6,2011-04-10 14:16:00,1.25,18129.0,United Kingdom
549564,22485,SET OF 2 WOODEN MARKET CRATES,1,2011-04-10 14:16:00,12.75,18129.0,United Kingdom
549564,22357,KINGS CHOICE BISCUIT TIN,6,2011-04-10 14:16:00,4.25,18129.0,United Kingdom
549564,22358,KINGS CHOICE TEA CADDY ,6,2011-04-10 14:16:00,2.95,18129.0,United Kingdom
C549565,22841,ROUND CAKE TIN VINTAGE GREEN,-1,2011-04-10 14:26:00,7.95,13610.0,United Kingdom
549566,22832,BROCANTE SHELF WITH HOOKS,1,2011-04-10 14:27:00,10.75,13610.0,United Kingdom
549566,48111,DOORMAT 3 SMILEY CATS,1,2011-04-10 14:27:00,7.95,13610.0,United Kingdom
549566,48184,DOORMAT ENGLISH ROSE ,1,2011-04-10 14:27:00,7.95,13610.0,United Kingdom
549566,20685,DOORMAT RED RETROSPOT,1,2011-04-10 14:27:00,7.95,13610.0,United Kingdom
549566,22690,DOORMAT HOME SWEET HOME BLUE ,1,2011-04-10 14:27:00,7.95,13610.0,United Kingdom
549566,21977,PACK OF 60 PINK PAISLEY CAKE CASES,1,2011-04-10 14:27:00,0.55,13610.0,United Kingdom
549566,22948,METAL DECORATION NAUGHTY CHILDREN ,3,2011-04-10 14:27:00,0.85,13610.0,United Kingdom
549566,22772,PINK DRAWER KNOB ACRYLIC EDWARDIAN,4,2011-04-10 14:27:00,1.25,13610.0,United Kingdom
549566,22773,GREEN DRAWER KNOB ACRYLIC EDWARDIAN,4,2011-04-10 14:27:00,1.25,13610.0,United Kingdom
549566,21977,PACK OF 60 PINK PAISLEY CAKE CASES,1,2011-04-10 14:27:00,0.55,13610.0,United Kingdom
549566,22961,JAM MAKING SET PRINTED,1,2011-04-10 14:27:00,1.45,13610.0,United Kingdom
549566,79071B,ENGLISH ROSE METAL WASTE BIN,2,2011-04-10 14:27:00,2.95,13610.0,United Kingdom
549566,22961,JAM MAKING SET PRINTED,1,2011-04-10 14:27:00,1.45,13610.0,United Kingdom
549566,22976,CIRCUS PARADE CHILDRENS EGG CUP ,12,2011-04-10 14:27:00,1.25,13610.0,United Kingdom
549566,22558,CLOTHES PEGS RETROSPOT PACK 24 ,1,2011-04-10 14:27:00,1.65,13610.0,United Kingdom
549566,17107D,"FLOWER FAIRY,5 SUMMER B'DRAW LINERS",2,2011-04-10 14:27:00,2.55,13610.0,United Kingdom
549566,22413,METAL SIGN TAKE IT OR LEAVE IT ,1,2011-04-10 14:27:00,2.95,13610.0,United Kingdom
549566,21770,OPEN CLOSED METAL SIGN,1,2011-04-10 14:27:00,4.95,13610.0,United Kingdom
549566,21714,CITRONELLA CANDLE GARDEN POT,6,2011-04-10 14:27:00,1.25,13610.0,United Kingdom
549566,21713,CITRONELLA CANDLE FLOWERPOT,4,2011-04-10 14:27:00,2.1,13610.0,United Kingdom
549567,48184,DOORMAT ENGLISH ROSE ,1,2011-04-10 15:07:00,7.95,13632.0,United Kingdom
549567,48194,DOORMAT HEARTS,1,2011-04-10 15:07:00,7.95,13632.0,United Kingdom
549567,48173C,DOORMAT BLACK FLOCK ,1,2011-04-10 15:07:00,7.95,13632.0,United Kingdom
549567,46776B,WOVEN BERRIES CUSHION COVER ,2,2011-04-10 15:07:00,4.95,13632.0,United Kingdom
549567,22507,MEMO BOARD RETROSPOT  DESIGN,1,2011-04-10 15:07:00,4.95,13632.0,United Kingdom
549567,47566,PARTY BUNTING,2,2011-04-10 15:07:00,4.95,13632.0,United Kingdom
549567,46776C,WOVEN FROST CUSHION COVER,2,2011-04-10 15:07:00,4.95,13632.0,United Kingdom
549567,22411,JUMBO SHOPPER VINTAGE RED PAISLEY,2,2011-04-10 15:07:00,2.08,13632.0,United Kingdom
549567,85099C,JUMBO  BAG BAROQUE BLACK WHITE,2,2011-04-10 15:07:00,2.08,13632.0,United Kingdom
549567,21928,JUMBO BAG SCANDINAVIAN BLUE PAISLEY,2,2011-04-10 15:07:00,2.08,13632.0,United Kingdom
549567,21929,JUMBO BAG PINK VINTAGE PAISLEY,2,2011-04-10 15:07:00,2.08,13632.0,United Kingdom
549567,82484,WOOD BLACK BOARD ANT WHITE FINISH,2,2011-04-10 15:07:00,7.95,13632.0,United Kingdom
549567,72741,GRAND CHOCOLATECANDLE,9,2011-04-10 15:07:00,1.45,13632.0,United Kingdom
549567,22423,REGENCY CAKESTAND 3 TIER,1,2011-04-10 15:07:00,12.75,13632.0,United Kingdom
549567,21428,SET3 BOOK BOX GREEN GINGHAM FLOWER ,4,2011-04-10 15:07:00,4.25,13632.0,United Kingdom
549567,18097C,WHITE TALL PORCELAIN T-LIGHT HOLDER,6,2011-04-10 15:07:00,2.55,13632.0,United Kingdom
549567,22178,VICTORIAN GLASS HANGING T-LIGHT,6,2011-04-10 15:07:00,1.25,13632.0,United Kingdom
549567,79329,PINK FLOCK GLASS CANDLEHOLDER,6,2011-04-10 15:07:00,0.38,13632.0,United Kingdom
549567,79337,BLUE FLOCK GLASS CANDLEHOLDER,6,2011-04-10 15:07:00,0.38,13632.0,United Kingdom
549567,85123A,WHITE HANGING HEART T-LIGHT HOLDER,2,2011-04-10 15:07:00,2.95,13632.0,United Kingdom
549567,85059,FRENCH ENAMEL WATER BASIN,1,2011-04-10 15:07:00,3.75,13632.0,United Kingdom
549567,22082,RIBBON REEL STRIPES DESIGN ,5,2011-04-10 15:07:00,1.65,13632.0,United Kingdom
549567,21248,DOOR HANGER  MUM + DADS ROOM,1,2011-04-10 15:07:00,1.45,13632.0,United Kingdom
549567,21163,DO NOT TOUCH MY STUFF DOOR HANGER ,1,2011-04-10 15:07:00,1.45,13632.0,United Kingdom
549567,21158,MOODY GIRL DOOR HANGER ,1,2011-04-10 15:07:00,1.45,13632.0,United Kingdom
549567,21159,MOODY BOY  DOOR HANGER ,1,2011-04-10 15:07:00,1.45,13632.0,United Kingdom
549567,21162,TOXIC AREA  DOOR HANGER ,1,2011-04-10 15:07:00,1.45,13632.0,United Kingdom
549567,22796,PHOTO FRAME 3 CLASSIC HANGING,1,2011-04-10 15:07:00,9.95,13632.0,United Kingdom
549567,22766,PHOTO FRAME CORNICE,2,2011-04-10 15:07:00,2.95,13632.0,United Kingdom
549567,72807C,SET/3 VANILLA SCENTED CANDLE IN BOX,1,2011-04-10 15:07:00,4.25,13632.0,United Kingdom
549567,72802A,ROSE SCENT CANDLE IN JEWELLED BOX,1,2011-04-10 15:07:00,4.25,13632.0,United Kingdom
549567,72803A,ROSE SCENT CANDLE JEWELLED DRAWER,1,2011-04-10 15:07:00,4.25,13632.0,United Kingdom
549567,72802C,VANILLA SCENT CANDLE JEWELLED BOX,1,2011-04-10 15:07:00,4.25,13632.0,United Kingdom
549567,22767,TRIPLE PHOTO FRAME CORNICE ,1,2011-04-10 15:07:00,9.95,13632.0,United Kingdom
549567,21755,LOVE BUILDING BLOCK WORD,2,2011-04-10 15:07:00,5.95,13632.0,United Kingdom
549567,22456,NATURAL SLATE CHALKBOARD LARGE ,1,2011-04-10 15:07:00,4.95,13632.0,United Kingdom
549567,22457,NATURAL SLATE HEART CHALKBOARD ,1,2011-04-10 15:07:00,2.95,13632.0,United Kingdom
549567,22426,ENAMEL WASH BOWL CREAM,1,2011-04-10 15:07:00,3.75,13632.0,United Kingdom
549567,21314,SMALL GLASS HEART TRINKET POT,2,2011-04-10 15:07:00,2.1,13632.0,United Kingdom
549567,79030G,TUMBLER NEW ENGLAND,6,2011-04-10 15:07:00,0.39,13632.0,United Kingdom
549567,79030G,TUMBLER NEW ENGLAND,6,2011-04-10 15:07:00,0.39,13632.0,United Kingdom
549568,22666,RECIPE BOX PANTRY YELLOW DESIGN,12,2011-04-10 15:09:00,2.95,15665.0,United Kingdom
549568,22382,LUNCH BAG SPACEBOY DESIGN ,4,2011-04-10 15:09:00,1.65,15665.0,United Kingdom
549568,20728,LUNCH BAG CARS BLUE,6,2011-04-10 15:09:00,1.65,15665.0,United Kingdom
549568,22383,LUNCH BAG SUKI DESIGN ,4,2011-04-10 15:09:00,1.65,15665.0,United Kingdom
549568,20723,STRAWBERRY CHARLOTTE BAG,6,2011-04-10 15:09:00,0.85,15665.0,United Kingdom
549568,22355,CHARLOTTE BAG SUKI DESIGN,3,2011-04-10 15:09:00,0.85,15665.0,United Kingdom
549568,85099F,JUMBO BAG STRAWBERRY,4,2011-04-10 15:09:00,2.08,15665.0,United Kingdom
549568,22379,RECYCLING BAG RETROSPOT ,5,2011-04-10 15:09:00,2.1,15665.0,United Kingdom
549568,21936,RED RETROSPOT PICNIC BAG,4,2011-04-10 15:09:00,2.95,15665.0,United Kingdom
549568,21932,SCANDINAVIAN PAISLEY PICNIC BAG,2,2011-04-10 15:09:00,2.95,15665.0,United Kingdom
549568,21937,STRAWBERRY   PICNIC BAG,6,2011-04-10 15:09:00,2.95,15665.0,United Kingdom
549568,21931,JUMBO STORAGE BAG SUKI,3,2011-04-10 15:09:00,2.08,15665.0,United Kingdom
549568,21930,JUMBO STORAGE BAG SKULLS,4,2011-04-10 15:09:00,2.08,15665.0,United Kingdom
549568,85099C,JUMBO  BAG BAROQUE BLACK WHITE,10,2011-04-10 15:09:00,2.08,15665.0,United Kingdom
549568,22386,JUMBO BAG PINK POLKADOT,10,2011-04-10 15:09:00,2.08,15665.0,United Kingdom
549568,85099B,JUMBO BAG RED RETROSPOT,10,2011-04-10 15:09:00,2.08,15665.0,United Kingdom
549568,22662,LUNCH BAG DOLLY GIRL DESIGN,10,2011-04-10 15:09:00,1.65,15665.0,United Kingdom
549568,20726,LUNCH BAG WOODLAND,10,2011-04-10 15:09:00,1.65,15665.0,United Kingdom
549568,20725,LUNCH BAG RED RETROSPOT,10,2011-04-10 15:09:00,1.65,15665.0,United Kingdom
549568,22384,LUNCH BAG PINK POLKADOT,10,2011-04-10 15:09:00,1.65,15665.0,United Kingdom
549568,22356,CHARLOTTE BAG PINK POLKADOT,10,2011-04-10 15:09:00,0.85,15665.0,United Kingdom
549568,20724,RED RETROSPOT CHARLOTTE BAG,10,2011-04-10 15:09:00,0.85,15665.0,United Kingdom
549568,20727,LUNCH BAG  BLACK SKULL.,10,2011-04-10 15:09:00,1.65,15665.0,United Kingdom
549568,84077,WORLD WAR 2 GLIDERS ASSTD DESIGNS,48,2011-04-10 15:09:00,0.29,15665.0,United Kingdom
549568,22417,PACK OF 60 SPACEBOY CAKE CASES,10,2011-04-10 15:09:00,0.55,15665.0,United Kingdom
549568,21975,PACK OF 60 DINOSAUR CAKE CASES,10,2011-04-10 15:09:00,0.55,15665.0,United Kingdom
549568,21155,RED RETROSPOT PEG BAG,6,2011-04-10 15:09:00,2.55,15665.0,United Kingdom
549568,84978,HANGING HEART JAR T-LIGHT HOLDER,12,2011-04-10 15:09:00,1.25,15665.0,United Kingdom
549568,85059,FRENCH ENAMEL WATER BASIN,8,2011-04-10 15:09:00,3.75,15665.0,United Kingdom
549568,22296,HEART IVORY TRELLIS LARGE,12,2011-04-10 15:09:00,1.65,15665.0,United Kingdom
549568,22294,HEART FILIGREE DOVE  SMALL,24,2011-04-10 15:09:00,1.25,15665.0,United Kingdom
549568,85144,JARDIN ETCHED GLASS CHEESE DISH,2,2011-04-10 15:09:00,1.95,15665.0,United Kingdom
549568,22293,HANGING CHICK GREEN DECORATION,24,2011-04-10 15:09:00,1.45,15665.0,United Kingdom
549568,22295,HEART FILIGREE DOVE LARGE,12,2011-04-10 15:09:00,1.65,15665.0,United Kingdom
549568,84970L,SINGLE HEART ZINC T-LIGHT HOLDER,12,2011-04-10 15:09:00,0.95,15665.0,United Kingdom
549568,84970S,HANGING HEART ZINC T-LIGHT HOLDER,12,2011-04-10 15:09:00,0.85,15665.0,United Kingdom
549568,21294,ETCHED GLASS COASTER,96,2011-04-10 15:09:00,0.39,15665.0,United Kingdom
549568,22292,HANGING CHICK  YELLOW DECORATION,24,2011-04-10 15:09:00,1.45,15665.0,United Kingdom
549568,84849B,FAIRY SOAP SOAP HOLDER,6,2011-04-10 15:09:00,1.69,15665.0,United Kingdom
549568,84991,60 TEATIME FAIRY CAKE CASES,24,2011-04-10 15:09:00,0.55,15665.0,United Kingdom
549568,22429,ENAMEL MEASURING JUG CREAM,2,2011-04-10 15:09:00,4.25,15665.0,United Kingdom
549568,84992,72 SWEETHEART FAIRY CAKE CASES,24,2011-04-10 15:09:00,0.55,15665.0,United Kingdom
549568,22296,HEART IVORY TRELLIS LARGE,12,2011-04-10 15:09:00,1.65,15665.0,United Kingdom
549568,22464,HANGING METAL HEART LANTERN,6,2011-04-10 15:09:00,1.65,15665.0,United Kingdom
549568,85141,JARDIN ETCHED GLASS FRUITBOWL,2,2011-04-10 15:09:00,3.95,15665.0,United Kingdom
549568,21212,PACK OF 72 RETROSPOT CAKE CASES,24,2011-04-10 15:09:00,0.55,15665.0,United Kingdom
549568,21213,PACK OF 72 SKULL CAKE CASES,24,2011-04-10 15:09:00,0.55,15665.0,United Kingdom
549568,22951,60 CAKE CASES DOLLY GIRL DESIGN,24,2011-04-10 15:09:00,0.55,15665.0,United Kingdom
549568,84821,DANISH ROSE DELUXE COASTER,24,2011-04-10 15:09:00,0.85,15665.0,United Kingdom
549568,20992,JAZZ HEARTS PURSE NOTEBOOK,24,2011-04-10 15:09:00,0.85,15665.0,United Kingdom
549568,20973,12 PENCIL SMALL TUBE WOODLAND,48,2011-04-10 15:09:00,0.65,15665.0,United Kingdom
549568,20975,12 PENCILS SMALL TUBE RED RETROSPOT,48,2011-04-10 15:09:00,0.65,15665.0,United Kingdom
549568,82552,WASHROOM METAL SIGN,24,2011-04-10 15:09:00,1.45,15665.0,United Kingdom
549568,82551,LAUNDRY 15C METAL SIGN,24,2011-04-10 15:09:00,1.45,15665.0,United Kingdom
549568,20974,12 PENCILS SMALL TUBE SKULL,48,2011-04-10 15:09:00,0.65,15665.0,United Kingdom
549568,21390,FILIGRIS HEART WITH BUTTERFLY,24,2011-04-10 15:09:00,1.25,15665.0,United Kingdom
549568,21385,IVORY HANGING DECORATION  HEART,48,2011-04-10 15:09:00,0.85,15665.0,United Kingdom
549568,21121,SET/10 RED POLKADOT PARTY CANDLES,24,2011-04-10 15:09:00,1.25,15665.0,United Kingdom
549568,84879,ASSORTED COLOUR BIRD ORNAMENT,13,2011-04-10 15:09:00,1.69,15665.0,United Kingdom
549568,21124,SET/10 BLUE POLKADOT PARTY CANDLES,24,2011-04-10 15:09:00,1.25,15665.0,United Kingdom
549568,21122,SET/10 PINK POLKADOT PARTY CANDLES,24,2011-04-10 15:09:00,1.25,15665.0,United Kingdom
549568,22297,HEART IVORY TRELLIS SMALL,24,2011-04-10 15:09:00,1.25,15665.0,United Kingdom
549568,22784,LANTERN CREAM GAZEBO ,6,2011-04-10 15:09:00,4.95,15665.0,United Kingdom
549568,85054,FRENCH ENAMEL POT W LID,6,2011-04-10 15:09:00,2.95,15665.0,United Kingdom
549568,82482,WOODEN PICTURE FRAME WHITE FINISH,12,2011-04-10 15:09:00,2.55,15665.0,United Kingdom
549568,82494L,WOODEN FRAME ANTIQUE WHITE ,12,2011-04-10 15:09:00,2.95,15665.0,United Kingdom
549568,21080,SET/20 RED RETROSPOT PAPER NAPKINS ,12,2011-04-10 15:09:00,0.85,15665.0,United Kingdom
549568,21078,SET/20 STRAWBERRY PAPER NAPKINS ,12,2011-04-10 15:09:00,0.85,15665.0,United Kingdom
549568,22851,SET 20 NAPKINS FAIRY CAKES DESIGN ,12,2011-04-10 15:09:00,0.85,15665.0,United Kingdom
549568,21159,MOODY BOY  DOOR HANGER ,6,2011-04-10 15:09:00,1.45,15665.0,United Kingdom
549568,21158,MOODY GIRL DOOR HANGER ,10,2011-04-10 15:09:00,1.45,15665.0,United Kingdom
549568,21136,PAINTED METAL PEARS ASSORTED,8,2011-04-10 15:09:00,1.69,15665.0,United Kingdom
549568,85123A,WHITE HANGING HEART T-LIGHT HOLDER,12,2011-04-10 15:09:00,2.95,15665.0,United Kingdom
549568,82486,WOOD S/3 CABINET ANT WHITE FINISH,2,2011-04-10 15:09:00,8.95,15665.0,United Kingdom
549568,21754,HOME BUILDING BLOCK WORD,12,2011-04-10 15:09:00,5.95,15665.0,United Kingdom
549568,21755,LOVE BUILDING BLOCK WORD,2,2011-04-10 15:09:00,5.95,15665.0,United Kingdom
549568,21756,BATH BUILDING BLOCK WORD,6,2011-04-10 15:09:00,5.95,15665.0,United Kingdom
549569,22710,WRAP I LOVE LONDON ,25,2011-04-10 15:15:00,0.42,15547.0,United Kingdom
549569,22039,BOTANICAL LILY GIFT WRAP,25,2011-04-10 15:15:00,0.42,15547.0,United Kingdom
549569,22233,JIGSAW RABBIT AND BIRDHOUSE,2,2011-04-10 15:15:00,1.65,15547.0,United Kingdom
549569,35921,EASTER BUNNY HANGING GARLAND,3,2011-04-10 15:15:00,1.25,15547.0,United Kingdom
549569,84457,SET/3 RABBITS FLOWER SKIPPPING ROPE,2,2011-04-10 15:15:00,0.85,15547.0,United Kingdom
549569,84692,BOX OF 24 COCKTAIL PARASOLS,2,2011-04-10 15:15:00,0.42,15547.0,United Kingdom
549569,22251,BIRDHOUSE DECORATION MAGIC GARDEN,5,2011-04-10 15:15:00,1.25,15547.0,United Kingdom
549569,22292,HANGING CHICK  YELLOW DECORATION,4,2011-04-10 15:15:00,1.45,15547.0,United Kingdom
549569,22249,DECORATION WHITE CHICK MAGIC GARDEN,4,2011-04-10 15:15:00,0.85,15547.0,United Kingdom
549569,22148,EASTER CRAFT 4 CHICKS ,2,2011-04-10 15:15:00,1.95,15547.0,United Kingdom
549569,84978,HANGING HEART JAR T-LIGHT HOLDER,6,2011-04-10 15:15:00,1.25,15547.0,United Kingdom
549569,20886,BOX OF 9 PEBBLE CANDLES,2,2011-04-10 15:15:00,1.95,15547.0,United Kingdom
549569,23154,SET OF 4 JAM JAR MAGNETS,6,2011-04-10 15:15:00,2.08,15547.0,United Kingdom
549569,72122,COFFEE SCENT PILLAR CANDLE,2,2011-04-10 15:15:00,0.95,15547.0,United Kingdom
549569,85123A,WHITE HANGING HEART T-LIGHT HOLDER,8,2011-04-10 15:15:00,2.95,15547.0,United Kingdom
549569,85150,LADIES & GENTLEMEN METAL SIGN,4,2011-04-10 15:15:00,2.55,15547.0,United Kingdom
549569,22713,CARD I LOVE LONDON ,12,2011-04-10 15:15:00,0.42,15547.0,United Kingdom
549569,21232,STRAWBERRY CERAMIC TRINKET BOX,4,2011-04-10 15:15:00,1.25,15547.0,United Kingdom
549569,18094C,WHITE AND BLUE CERAMIC OIL BURNER,6,2011-04-10 15:15:00,1.25,15547.0,United Kingdom
549569,22970,LONDON BUS COFFEE MUG,3,2011-04-10 15:15:00,2.55,15547.0,United Kingdom
549569,79403,FROSTED WHITE BASE ,3,2011-04-10 15:15:00,0.85,15547.0,United Kingdom
549569,72780,BLACK SILOUETTE CANDLE PLATE,3,2011-04-10 15:15:00,0.85,15547.0,United Kingdom
549569,72709,IVORY SCULPTED RND CANDLE ,9,2011-04-10 15:15:00,0.85,15547.0,United Kingdom
549569,72741,GRAND CHOCOLATECANDLE,9,2011-04-10 15:15:00,1.45,15547.0,United Kingdom
549569,22649,STRAWBERRY FAIRY CAKE TEAPOT,1,2011-04-10 15:15:00,4.95,15547.0,United Kingdom
549569,37500,TEA TIME TEAPOT IN GIFT BOX,2,2011-04-10 15:15:00,4.95,15547.0,United Kingdom
549569,40016,CHINESE DRAGON PAPER LANTERNS,1,2011-04-10 15:15:00,0.42,15547.0,United Kingdom
549569,85175,CACTI T-LIGHT CANDLES,16,2011-04-10 15:15:00,0.42,15547.0,United Kingdom
549569,72351B,SET/6 PINK  BUTTERFLY T-LIGHTS,1,2011-04-10 15:15:00,2.1,15547.0,United Kingdom
549569,72351A,SET/6 TURQUOISE BUTTERFLY T-LIGHTS,1,2011-04-10 15:15:00,2.1,15547.0,United Kingdom
549569,85231B,CINAMMON SET OF 9 T-LIGHTS,2,2011-04-10 15:15:00,0.85,15547.0,United Kingdom
549569,22138,BAKING SET 9 PIECE RETROSPOT ,1,2011-04-10 15:15:00,4.95,15547.0,United Kingdom
549569,21870,I CAN ONLY PLEASE ONE PERSON MUG,6,2011-04-10 15:15:00,1.25,15547.0,United Kingdom
549569,85230E,STRAWBRY SCENTED VOTIVE CANDLE,21,2011-04-10 15:15:00,0.29,15547.0,United Kingdom
549569,20914,SET/5 RED RETROSPOT LID GLASS BOWLS,1,2011-04-10 15:15:00,2.95,15547.0,United Kingdom
549569,21259,VICTORIAN SEWING BOX SMALL ,1,2011-04-10 15:15:00,5.95,15547.0,United Kingdom
549569,62086A,PINK RETRO BIG FLOWER BAG,1,2011-04-10 15:15:00,1.95,15547.0,United Kingdom
549569,22374,AIRLINE BAG VINTAGE JET SET RED,1,2011-04-10 15:15:00,4.25,15547.0,United Kingdom
549569,22371,AIRLINE BAG VINTAGE TOKYO 78,1,2011-04-10 15:15:00,4.25,15547.0,United Kingdom
549569,22148,EASTER CRAFT 4 CHICKS ,3,2011-04-10 15:15:00,1.95,15547.0,United Kingdom
549569,22468,BABUSHKA LIGHTS STRING OF 10,1,2011-04-10 15:15:00,6.75,15547.0,United Kingdom
549569,84358,FLOOR LAMP SHADE WOOD BASE,2,2011-04-10 15:15:00,9.95,15547.0,United Kingdom
549569,17084R,ASSORTED INCENSE PACK,72,2011-04-10 15:15:00,0.21,15547.0,United Kingdom
549569,22179,SET 10 LIGHTS NIGHT OWL,1,2011-04-10 15:15:00,6.75,15547.0,United Kingdom
549570,22861,EASTER TIN CHICKS IN GARDEN,1,2011-04-10 15:19:00,1.65,17550.0,United Kingdom
549570,22859,EASTER TIN BUNNY BOUQUET,1,2011-04-10 15:19:00,1.65,17550.0,United Kingdom
549570,22860,EASTER TIN CHICKS PINK DAISY,1,2011-04-10 15:19:00,1.65,17550.0,United Kingdom
549570,22354,RETROSPOT PADDED SEAT CUSHION,4,2011-04-10 15:19:00,3.75,17550.0,United Kingdom
549570,22147,FELTCRAFT BUTTERFLY HEARTS,1,2011-04-10 15:19:00,1.45,17550.0,United Kingdom
549570,22149,FELTCRAFT 6 FLOWER FRIENDS,1,2011-04-10 15:19:00,2.1,17550.0,United Kingdom
549570,22150,3 STRIPEY MICE FELTCRAFT,2,2011-04-10 15:19:00,1.95,17550.0,United Kingdom
549570,85186A,EASTER BUNNY GARLAND OF FLOWERS,3,2011-04-10 15:19:00,0.42,17550.0,United Kingdom
549570,85186C,BUNNY EGG GARLAND,3,2011-04-10 15:19:00,0.42,17550.0,United Kingdom
549570,22287,DECORATION WOBBLY CHICKEN,4,2011-04-10 15:19:00,1.65,17550.0,United Kingdom
549570,47566,PARTY BUNTING,2,2011-04-10 15:19:00,4.95,17550.0,United Kingdom
549570,22957,SET 3 PAPER VINTAGE CHICK PAPER EGG,2,2011-04-10 15:19:00,2.95,17550.0,United Kingdom
549570,22967,SET 3 SONG BIRD PAPER EGGS ASSORTED,2,2011-04-10 15:19:00,2.95,17550.0,United Kingdom
549570,22907,PACK OF 20 NAPKINS PANTRY DESIGN,2,2011-04-10 15:19:00,0.85,17550.0,United Kingdom
549570,84912B,GREEN ROSE WASHBAG,2,2011-04-10 15:19:00,3.75,17550.0,United Kingdom
549570,84912A,PINK ROSE WASHBAG,2,2011-04-10 15:19:00,3.75,17550.0,United Kingdom
549570,22286,DECORATION WOBBLY RABBIT METAL ,4,2011-04-10 15:19:00,1.65,17550.0,United Kingdom
549570,20724,RED RETROSPOT CHARLOTTE BAG,3,2011-04-10 15:19:00,0.85,17550.0,United Kingdom
549570,22356,CHARLOTTE BAG PINK POLKADOT,3,2011-04-10 15:19:00,0.85,17550.0,United Kingdom
549570,22723,SET OF 6 HERB TINS SKETCHBOOK,3,2011-04-10 15:19:00,3.95,17550.0,United Kingdom
549570,22960,JAM MAKING SET WITH JARS,1,2011-04-10 15:19:00,4.25,17550.0,United Kingdom
549570,22720,SET OF 3 CAKE TINS PANTRY DESIGN ,1,2011-04-10 15:19:00,4.95,17550.0,United Kingdom
549570,22084,PAPER CHAIN KIT EMPIRE,2,2011-04-10 15:19:00,2.95,17550.0,United Kingdom
549570,22722,SET OF 6 SPICE TINS PANTRY DESIGN,4,2011-04-10 15:19:00,3.95,17550.0,United Kingdom
549570,47566B,TEA TIME PARTY BUNTING,2,2011-04-10 15:19:00,4.95,17550.0,United Kingdom
549570,90001C,ANTIQUE OPAL WHITE FLOWER EARRINGS,1,2011-04-10 15:19:00,4.25,17550.0,United Kingdom
549570,90184A,AMBER CHUNKY BEAD BRACELET W STRAP,1,2011-04-10 15:19:00,8.95,17550.0,United Kingdom
549570,90025A,BAROQUE BUTTERFLY EARRINGS BLACK,1,2011-04-10 15:19:00,3.75,17550.0,United Kingdom
549571,20749,ASSORTED COLOUR MINI CASES,2,2011-04-10 15:25:00,7.95,15655.0,United Kingdom
549571,20750,RED RETROSPOT MINI CASES,2,2011-04-10 15:25:00,7.95,15655.0,United Kingdom
549571,20665,RED RETROSPOT PURSE ,6,2011-04-10 15:25:00,2.95,15655.0,United Kingdom
549571,71459,HANGING JAM JAR T-LIGHT HOLDER,12,2011-04-10 15:25:00,0.85,15655.0,United Kingdom
549571,84755,COLOUR GLASS T-LIGHT HOLDER HANGING,16,2011-04-10 15:25:00,0.65,15655.0,United Kingdom
549571,84970S,HANGING HEART ZINC T-LIGHT HOLDER,12,2011-04-10 15:25:00,0.85,15655.0,United Kingdom
549571,84970L,SINGLE HEART ZINC T-LIGHT HOLDER,12,2011-04-10 15:25:00,0.95,15655.0,United Kingdom
549571,84978,HANGING HEART JAR T-LIGHT HOLDER,12,2011-04-10 15:25:00,1.25,15655.0,United Kingdom
549571,84945,MULTI COLOUR SILVER T-LIGHT HOLDER,12,2011-04-10 15:25:00,0.85,15655.0,United Kingdom
549571,85066,CREAM SWEETHEART MINI CHEST,2,2011-04-10 15:25:00,12.75,15655.0,United Kingdom
549571,82483,WOOD 2 DRAWER CABINET WHITE FINISH,2,2011-04-10 15:25:00,6.95,15655.0,United Kingdom
549571,82486,WOOD S/3 CABINET ANT WHITE FINISH,2,2011-04-10 15:25:00,8.95,15655.0,United Kingdom
549571,22117,METAL SIGN HER DINNER IS SERVED ,6,2011-04-10 15:25:00,2.95,15655.0,United Kingdom
549571,22413,METAL SIGN TAKE IT OR LEAVE IT ,6,2011-04-10 15:25:00,2.95,15655.0,United Kingdom
549571,21166,COOK WITH WINE METAL SIGN ,12,2011-04-10 15:25:00,2.08,15655.0,United Kingdom
549571,21181,PLEASE ONE PERSON METAL SIGN,12,2011-04-10 15:25:00,2.1,15655.0,United Kingdom
549571,21174,POTTERING IN THE SHED METAL SIGN,12,2011-04-10 15:25:00,2.08,15655.0,United Kingdom
549571,21903,MAN FLU METAL SIGN,12,2011-04-10 15:25:00,2.1,15655.0,United Kingdom
549571,21668,RED STRIPE CERAMIC DRAWER KNOB,12,2011-04-10 15:25:00,1.25,15655.0,United Kingdom
549571,21671,RED SPOT CERAMIC DRAWER KNOB,12,2011-04-10 15:25:00,1.25,15655.0,United Kingdom
549571,22771,CLEAR DRAWER KNOB ACRYLIC EDWARDIAN,12,2011-04-10 15:25:00,1.25,15655.0,United Kingdom
549571,21669,BLUE STRIPE CERAMIC DRAWER KNOB,12,2011-04-10 15:25:00,1.25,15655.0,United Kingdom
549571,21672,WHITE SPOT RED CERAMIC DRAWER KNOB,12,2011-04-10 15:25:00,1.25,15655.0,United Kingdom
549571,22772,PINK DRAWER KNOB ACRYLIC EDWARDIAN,12,2011-04-10 15:25:00,1.25,15655.0,United Kingdom
549571,22773,GREEN DRAWER KNOB ACRYLIC EDWARDIAN,12,2011-04-10 15:25:00,1.25,15655.0,United Kingdom
549571,22774,RED DRAWER KNOB ACRYLIC EDWARDIAN,12,2011-04-10 15:25:00,1.25,15655.0,United Kingdom
549571,22775,PURPLE DRAWERKNOB ACRYLIC EDWARDIAN,12,2011-04-10 15:25:00,1.25,15655.0,United Kingdom
549571,22805,BLUE DRAWER KNOB ACRYLIC EDWARDIAN,12,2011-04-10 15:25:00,1.25,15655.0,United Kingdom
549571,21870,I CAN ONLY PLEASE ONE PERSON MUG,12,2011-04-10 15:25:00,1.25,15655.0,United Kingdom
549571,22180,RETROSPOT LAMP,2,2011-04-10 15:25:00,9.95,15655.0,United Kingdom
549571,16161P,WRAP ENGLISH ROSE ,25,2011-04-10 15:25:00,0.42,15655.0,United Kingdom
549571,21755,LOVE BUILDING BLOCK WORD,3,2011-04-10 15:25:00,5.95,15655.0,United Kingdom
549571,47566,PARTY BUNTING,4,2011-04-10 15:25:00,4.95,15655.0,United Kingdom
549571,22088,PAPER BUNTING COLOURED LACE,6,2011-04-10 15:25:00,2.95,15655.0,United Kingdom
549572,22354,RETROSPOT PADDED SEAT CUSHION,3,2011-04-10 15:32:00,3.75,17757.0,United Kingdom
549572,22426,ENAMEL WASH BOWL CREAM,4,2011-04-10 15:32:00,3.75,17757.0,United Kingdom
549572,47518F,ICON PLACEMAT POP ART ELVIS,4,2011-04-10 15:32:00,0.12,17757.0,United Kingdom
549572,22430,ENAMEL WATERING CAN CREAM,1,2011-04-10 15:32:00,4.95,17757.0,United Kingdom
549572,22482,BLUE TEA TOWEL CLASSIC DESIGN,4,2011-04-10 15:32:00,1.25,17757.0,United Kingdom
549572,22865,HAND WARMER OWL DESIGN,6,2011-04-10 15:32:00,2.1,17757.0,United Kingdom
549572,22867,HAND WARMER BIRD DESIGN,3,2011-04-10 15:32:00,2.1,17757.0,United Kingdom
549572,22676,FRENCH BLUE METAL DOOR SIGN 1,1,2011-04-10 15:32:00,1.25,17757.0,United Kingdom
549572,22685,FRENCH BLUE METAL DOOR SIGN 0,1,2011-04-10 15:32:00,1.25,17757.0,United Kingdom
549572,21121,SET/10 RED POLKADOT PARTY CANDLES,3,2011-04-10 15:32:00,1.25,17757.0,United Kingdom
549572,22620,4 TRADITIONAL SPINNING TOPS,1,2011-04-10 15:32:00,1.45,17757.0,United Kingdom
549572,22654,DELUXE SEWING KIT ,1,2011-04-10 15:32:00,5.95,17757.0,United Kingdom
549572,21035,SET/2 RED RETROSPOT TEA TOWELS ,3,2011-04-10 15:32:00,3.25,17757.0,United Kingdom
549572,22193,RED DINER WALL CLOCK,1,2011-04-10 15:32:00,8.5,17757.0,United Kingdom
549572,22084,PAPER CHAIN KIT EMPIRE,10,2011-04-10 15:32:00,2.95,17757.0,United Kingdom
549572,23159,SET OF 5 PANCAKE DAY MAGNETS,12,2011-04-10 15:32:00,2.08,17757.0,United Kingdom
549572,23156,SET OF 5 MINI GROCERY MAGNETS,12,2011-04-10 15:32:00,2.08,17757.0,United Kingdom
549572,23154,SET OF 4 JAM JAR MAGNETS,12,2011-04-10 15:32:00,2.08,17757.0,United Kingdom
549573,22494,EMERGENCY FIRST AID TIN ,4,2011-04-10 16:01:00,1.25,14504.0,United Kingdom
549573,84836,ZINC METAL HEART DECORATION,4,2011-04-10 16:01:00,1.25,14504.0,United Kingdom
549573,21906,PHARMACIE FIRST AID TIN,2,2011-04-10 16:01:00,6.75,14504.0,United Kingdom
549573,84849D,HOT BATHS SOAP HOLDER,1,2011-04-10 16:01:00,1.69,14504.0,United Kingdom
549573,84849B,FAIRY SOAP SOAP HOLDER,1,2011-04-10 16:01:00,1.69,14504.0,United Kingdom
549573,85039B,S/4 IVORY MINI ROSE CANDLE IN BOWL,1,2011-04-10 16:01:00,1.65,14504.0,United Kingdom
549573,23182,TOILET SIGN OCCUPIED OR VACANT,1,2011-04-10 16:01:00,0.83,14504.0,United Kingdom
549573,22261,FELT EGG COSY WHITE RABBIT ,5,2011-04-10 16:01:00,0.85,14504.0,United Kingdom
549573,22759,SET OF 3 NOTEBOOKS IN PARCEL,1,2011-04-10 16:01:00,1.65,14504.0,United Kingdom
549573,21916,SET 12 RETRO WHITE CHALK STICKS,2,2011-04-10 16:01:00,0.42,14504.0,United Kingdom
549573,22792,FLUTED ANTIQUE CANDLE HOLDER,2,2011-04-10 16:01:00,0.85,14504.0,United Kingdom
549573,85123A,WHITE HANGING HEART T-LIGHT HOLDER,2,2011-04-10 16:01:00,2.95,14504.0,United Kingdom
549573,21313,GLASS HEART T-LIGHT HOLDER ,2,2011-04-10 16:01:00,0.85,14504.0,United Kingdom
549573,22457,NATURAL SLATE HEART CHALKBOARD ,2,2011-04-10 16:01:00,2.95,14504.0,United Kingdom
549573,21626,VINTAGE UNION JACK PENNANT,2,2011-04-10 16:01:00,1.95,14504.0,United Kingdom
549573,84592,CROCHET ROSE PURSE WITH SUEDE BACK,2,2011-04-10 16:01:00,2.95,14504.0,United Kingdom
549573,85150,LADIES & GENTLEMEN METAL SIGN,4,2011-04-10 16:01:00,2.55,14504.0,United Kingdom
549573,85152,HAND OVER THE CHOCOLATE   SIGN ,3,2011-04-10 16:01:00,2.1,14504.0,United Kingdom
549573,82582,AREA PATROLLED METAL SIGN,5,2011-04-10 16:01:00,2.1,14504.0,United Kingdom
549573,82583,HOT BATHS METAL SIGN,3,2011-04-10 16:01:00,2.1,14504.0,United Kingdom
549573,21175,GIN + TONIC DIET METAL SIGN,3,2011-04-10 16:01:00,2.55,14504.0,United Kingdom
549573,21166,COOK WITH WINE METAL SIGN ,1,2011-04-10 16:01:00,2.08,14504.0,United Kingdom
549573,22117,METAL SIGN HER DINNER IS SERVED ,1,2011-04-10 16:01:00,2.95,14504.0,United Kingdom
549573,21770,OPEN CLOSED METAL SIGN,1,2011-04-10 16:01:00,4.95,14504.0,United Kingdom
549573,21181,PLEASE ONE PERSON METAL SIGN,1,2011-04-10 16:01:00,2.1,14504.0,United Kingdom
549573,21908,CHOCOLATE THIS WAY METAL SIGN,1,2011-04-10 16:01:00,2.1,14504.0,United Kingdom
549573,21519,GIN & TONIC DIET GREETING CARD ,12,2011-04-10 16:01:00,0.42,14504.0,United Kingdom
549573,21745,GAOLERS KEYS DECORATIVE GARDEN ,1,2011-04-10 16:01:00,3.75,14504.0,United Kingdom
549573,22360,GLASS JAR ENGLISH CONFECTIONERY,2,2011-04-10 16:01:00,2.95,14504.0,United Kingdom
549573,84789,ENCHANTED BIRD PLANT CAGE,1,2011-04-10 16:01:00,3.75,14504.0,United Kingdom
549573,21500,PINK POLKADOT WRAP ,25,2011-04-10 16:01:00,0.42,14504.0,United Kingdom
549573,90175A,WHITE GLASS CHUNKY CHARM BRACELET,1,2011-04-10 16:01:00,8.95,14504.0,United Kingdom
549573,90175D,TIGRIS EYE CHUNKY CHARM BRACELET,1,2011-04-10 16:01:00,8.95,14504.0,United Kingdom
549573,90123D,WHITE HEART OF GLASS BRACELET,2,2011-04-10 16:01:00,5.95,14504.0,United Kingdom
549573,90142D,MOP PENDANT SHELL NECKLACE,2,2011-04-10 16:01:00,4.95,14504.0,United Kingdom
549573,90123A,PINK HEART OF GLASS BRACELET,2,2011-04-10 16:01:00,5.95,14504.0,United Kingdom
549573,90123B,TURQUOISE HEART OF GLASS BRACELET,2,2011-04-10 16:01:00,5.95,14504.0,United Kingdom
549573,90143,SILVER BRACELET W PASTEL FLOWER,2,2011-04-10 16:01:00,7.5,14504.0,United Kingdom
549573,90062,CARNIVAL BRACELET,1,2011-04-10 16:01:00,12.75,14504.0,United Kingdom
549573,90200E,GREEN SWEETHEART BRACELET,2,2011-04-10 16:01:00,4.25,14504.0,United Kingdom
549573,90200D,PINK SWEETHEART BRACELET,2,2011-04-10 16:01:00,4.25,14504.0,United Kingdom
549573,90003D,CRYSTAL PAIR HEART HAIR SLIDES,2,2011-04-10 16:01:00,3.75,14504.0,United Kingdom
549574,22855,FINE WICKER HEART ,24,2011-04-10 16:02:00,1.25,18226.0,United Kingdom
549574,22295,HEART FILIGREE DOVE LARGE,12,2011-04-10 16:02:00,1.65,18226.0,United Kingdom
549574,84755,COLOUR GLASS T-LIGHT HOLDER HANGING,32,2011-04-10 16:02:00,0.65,18226.0,United Kingdom
549574,85123A,WHITE HANGING HEART T-LIGHT HOLDER,32,2011-04-10 16:02:00,2.55,18226.0,United Kingdom
549574,22178,VICTORIAN GLASS HANGING T-LIGHT,12,2011-04-10 16:02:00,1.25,18226.0,United Kingdom
549574,22898,CHILDRENS APRON APPLES DESIGN,8,2011-04-10 16:02:00,1.95,18226.0,United Kingdom
549574,23232,WRAP VINTAGE PETALS  DESIGN,25,2011-04-10 16:02:00,0.42,18226.0,United Kingdom
549574,20971,PINK BLUE FELT CRAFT TRINKET BOX,12,2011-04-10 16:02:00,1.25,18226.0,United Kingdom
549574,20972,PINK CREAM FELT CRAFT TRINKET BOX ,12,2011-04-10 16:02:00,1.25,18226.0,United Kingdom
549574,21889,WOODEN BOX OF DOMINOES,12,2011-04-10 16:02:00,1.25,18226.0,United Kingdom
549574,21915,RED  HARMONICA IN BOX ,12,2011-04-10 16:02:00,1.25,18226.0,United Kingdom
549574,21914,BLUE HARMONICA IN BOX ,12,2011-04-10 16:02:00,1.25,18226.0,United Kingdom
549574,22138,BAKING SET 9 PIECE RETROSPOT ,3,2011-04-10 16:02:00,4.95,18226.0,United Kingdom
549574,20749,ASSORTED COLOUR MINI CASES,2,2011-04-10 16:02:00,7.95,18226.0,United Kingdom
549574,47566,PARTY BUNTING,4,2011-04-10 16:02:00,4.95,18226.0,United Kingdom
549574,22595,GINGHAM HEART DECORATION,12,2011-04-10 16:02:00,0.85,18226.0,United Kingdom
549575,22287,DECORATION WOBBLY CHICKEN,1,2011-04-10 16:04:00,1.65,13956.0,United Kingdom
549575,22293,HANGING CHICK GREEN DECORATION,1,2011-04-10 16:04:00,1.45,13956.0,United Kingdom
549575,84789,ENCHANTED BIRD PLANT CAGE,1,2011-04-10 16:04:00,3.75,13956.0,United Kingdom
549575,84792,ENCHANTED BIRD COATHANGER 5 HOOK,2,2011-04-10 16:04:00,4.65,13956.0,United Kingdom
549575,22212,FOUR HOOK  WHITE LOVEBIRDS,2,2011-04-10 16:04:00,2.1,13956.0,United Kingdom
549575,21430,SET/3 RED GINGHAM ROSE STORAGE BOX,1,2011-04-10 16:04:00,3.75,13956.0,United Kingdom
549575,22722,SET OF 6 SPICE TINS PANTRY DESIGN,2,2011-04-10 16:04:00,3.95,13956.0,United Kingdom
549575,85197,SET OF 12 MINI BUNNIES IN A BUCKET,1,2011-04-10 16:04:00,2.1,13956.0,United Kingdom
549575,82484,WOOD BLACK BOARD ANT WHITE FINISH,2,2011-04-10 16:04:00,7.95,13956.0,United Kingdom
549575,21428,SET3 BOOK BOX GREEN GINGHAM FLOWER ,1,2011-04-10 16:04:00,4.25,13956.0,United Kingdom
549575,22501,PICNIC BASKET WICKER LARGE,2,2011-04-10 16:04:00,9.95,13956.0,United Kingdom
549575,22500,SET OF 2 TINS JARDIN DE PROVENCE,1,2011-04-10 16:04:00,4.95,13956.0,United Kingdom
549575,22961,JAM MAKING SET PRINTED,3,2011-04-10 16:04:00,1.45,13956.0,United Kingdom
549575,21314,SMALL GLASS HEART TRINKET POT,2,2011-04-10 16:04:00,2.1,13956.0,United Kingdom
549575,21889,WOODEN BOX OF DOMINOES,2,2011-04-10 16:04:00,1.25,13956.0,United Kingdom
549575,85187,S/12 MINI RABBIT EASTER,1,2011-04-10 16:04:00,1.65,13956.0,United Kingdom
549575,21454,PAINTED PINK RABBIT ,1,2011-04-10 16:04:00,0.85,13956.0,United Kingdom
549575,21383,PACK OF 12 STICKY BUNNIES,3,2011-04-10 16:04:00,0.65,13956.0,United Kingdom
549575,84452,METAL RABBIT LADDER EASTER ,1,2011-04-10 16:04:00,0.85,13956.0,United Kingdom
549575,21385,IVORY HANGING DECORATION  HEART,2,2011-04-10 16:04:00,0.85,13956.0,United Kingdom
549575,21389,IVORY HANGING DECORATION  BIRD,1,2011-04-10 16:04:00,0.85,13956.0,United Kingdom
549575,21389,IVORY HANGING DECORATION  BIRD,14,2011-04-10 16:04:00,0.85,13956.0,United Kingdom
549575,21385,IVORY HANGING DECORATION  HEART,10,2011-04-10 16:04:00,0.85,13956.0,United Kingdom
549575,21135,VICTORIAN  METAL POSTCARD SPRING,5,2011-04-10 16:04:00,1.69,13956.0,United Kingdom
549575,22494,EMERGENCY FIRST AID TIN ,1,2011-04-10 16:04:00,1.25,13956.0,United Kingdom
549575,22860,EASTER TIN CHICKS PINK DAISY,1,2011-04-10 16:04:00,1.65,13956.0,United Kingdom
549575,22858,EASTER TIN KEEPSAKE,3,2011-04-10 16:04:00,1.65,13956.0,United Kingdom
549575,22767,TRIPLE PHOTO FRAME CORNICE ,1,2011-04-10 16:04:00,9.95,13956.0,United Kingdom
549575,22191,IVORY DINER WALL CLOCK,1,2011-04-10 16:04:00,8.5,13956.0,United Kingdom
549575,85130C,BEADED CRYSTAL HEART BLUE  LARGE,1,2011-04-10 16:04:00,1.65,13956.0,United Kingdom
549575,85130B,BEADED CRYSTAL HEART GREEN LARGE,2,2011-04-10 16:04:00,1.65,13956.0,United Kingdom
549575,85130C,BEADED CRYSTAL HEART BLUE  LARGE,1,2011-04-10 16:04:00,1.65,13956.0,United Kingdom
549575,85130D,BEADED CRYSTAL HEART PINK LARGE,2,2011-04-10 16:04:00,1.65,13956.0,United Kingdom
549575,71038,WHITE HANGING BEADS CANDLE HOLDER,2,2011-04-10 16:04:00,5.45,13956.0,United Kingdom
