InvoiceNo,StockCode,Description,Quantity,InvoiceDate,UnitPrice,CustomerID,Country
546681,22138,BAKING SET 9 PIECE RETROSPOT ,3,2011-03-16 08:29:00,4.95,16297.0,United Kingdom
546681,22720,SET OF 3 CAKE TINS PANTRY DESIGN ,3,2011-03-16 08:29:00,4.95,16297.0,United Kingdom
546681,21934,SKULL SHOULDER BAG,10,2011-03-16 08:29:00,1.65,16297.0,United Kingdom
546681,22371,AIRLINE BAG VINTAGE TOKYO 78,4,2011-03-16 08:29:00,4.25,16297.0,United Kingdom
546681,22207,FRYING PAN UNION FLAG,4,2011-03-16 08:29:00,4.25,16297.0,United Kingdom
546681,22629,SPACEBOY LUNCH BOX ,12,2011-03-16 08:29:00,1.95,16297.0,United Kingdom
546681,21356,TOAST ITS - FAIRY FLOWER,12,2011-03-16 08:29:00,1.25,16297.0,United Kingdom
546681,22727,ALARM CLOCK BAKELIKE RED ,4,2011-03-16 08:29:00,3.75,16297.0,United Kingdom
546681,82552,WASHROOM METAL SIGN,12,2011-03-16 08:29:00,1.45,16297.0,United Kingdom
546681,21899,"KEY FOB , GARAGE DESIGN",24,2011-03-16 08:29:00,0.65,16297.0,United Kingdom
546681,21891,TRADITIONAL WOODEN SKIPPING ROPE,12,2011-03-16 08:29:00,1.25,16297.0,United Kingdom
546681,22418,10 COLOUR SPACEBOY PEN,24,2011-03-16 08:29:00,0.85,16297.0,United Kingdom
546681,22356,CHARLOTTE BAG PINK POLKADOT,10,2011-03-16 08:29:00,0.85,16297.0,United Kingdom
546681,21577,SAVE THE PLANET COTTON TOTE BAG,6,2011-03-16 08:29:00,2.25,16297.0,United Kingdom
546681,21829,DINOSAUR KEYRINGS ASSORTED,36,2011-03-16 08:29:00,0.21,16297.0,United Kingdom
546681,22367,CHILDRENS APRON SPACEBOY DESIGN,8,2011-03-16 08:29:00,1.95,16297.0,United Kingdom
546681,90201B,BLACK ENAMEL FLOWER RING,6,2011-03-16 08:29:00,2.95,16297.0,United Kingdom
546681,90143,SILVER BRACELET W PASTEL FLOWER,2,2011-03-16 08:29:00,7.5,16297.0,United Kingdom
546681,22191,IVORY DINER WALL CLOCK,2,2011-03-16 08:29:00,8.5,16297.0,United Kingdom
546681,22983,CARD BILLBOARD FONT,12,2011-03-16 08:29:00,0.42,16297.0,United Kingdom
546682,48187,DOORMAT NEW ENGLAND,2,2011-03-16 08:31:00,7.95,12994.0,United Kingdom
546682,21922,UNION STRIPE WITH FRINGE  HAMMOCK,2,2011-03-16 08:31:00,7.95,12994.0,United Kingdom
546682,22607,WOODEN ROUNDERS GARDEN SET ,2,2011-03-16 08:31:00,9.95,12994.0,United Kingdom
546682,85178,VICTORIAN SEWING KIT,12,2011-03-16 08:31:00,1.25,12994.0,United Kingdom
546682,22188,BLACK HEART CARD HOLDER,4,2011-03-16 08:31:00,3.95,12994.0,United Kingdom
546682,22429,ENAMEL MEASURING JUG CREAM,4,2011-03-16 08:31:00,4.25,12994.0,United Kingdom
546682,85053,FRENCH ENAMEL CANDLEHOLDER,6,2011-03-16 08:31:00,2.1,12994.0,United Kingdom
546682,22427,ENAMEL FLOWER JUG CREAM,3,2011-03-16 08:31:00,5.95,12994.0,United Kingdom
546682,22426,ENAMEL WASH BOWL CREAM,4,2011-03-16 08:31:00,3.75,12994.0,United Kingdom
546682,22424,ENAMEL BREAD BIN CREAM,1,2011-03-16 08:31:00,12.75,12994.0,United Kingdom
546682,22425,ENAMEL COLANDER CREAM,3,2011-03-16 08:31:00,4.95,12994.0,United Kingdom
546682,22191,IVORY DINER WALL CLOCK,2,2011-03-16 08:31:00,8.5,12994.0,United Kingdom
546682,22993,SET OF 4 PANTRY JELLY MOULDS,12,2011-03-16 08:31:00,1.25,12994.0,United Kingdom
546682,22960,JAM MAKING SET WITH JARS,6,2011-03-16 08:31:00,4.25,12994.0,United Kingdom
546682,22720,SET OF 3 CAKE TINS PANTRY DESIGN ,3,2011-03-16 08:31:00,4.95,12994.0,United Kingdom
546682,47566,PARTY BUNTING,4,2011-03-16 08:31:00,4.95,12994.0,United Kingdom
546682,22567,20 DOLLY PEGS RETROSPOT,12,2011-03-16 08:31:00,1.25,12994.0,United Kingdom
546682,16161P,WRAP ENGLISH ROSE ,25,2011-03-16 08:31:00,0.42,12994.0,United Kingdom
546682,21498,RED RETROSPOT WRAP ,25,2011-03-16 08:31:00,0.42,12994.0,United Kingdom
546682,85017B,ENVELOPE 50 BLOSSOM IMAGES,12,2011-03-16 08:31:00,0.85,12994.0,United Kingdom
546682,22082,RIBBON REEL STRIPES DESIGN ,10,2011-03-16 08:31:00,1.65,12994.0,United Kingdom
546682,21181,PLEASE ONE PERSON METAL SIGN,12,2011-03-16 08:31:00,2.1,12994.0,United Kingdom
546683,22666,RECIPE BOX PANTRY YELLOW DESIGN,6,2011-03-16 09:38:00,2.95,12868.0,United Kingdom
546683,22720,SET OF 3 CAKE TINS PANTRY DESIGN ,3,2011-03-16 09:38:00,4.95,12868.0,United Kingdom
546683,22178,VICTORIAN GLASS HANGING T-LIGHT,12,2011-03-16 09:38:00,1.25,12868.0,United Kingdom
546683,22460,EMBOSSED GLASS TEALIGHT HOLDER,12,2011-03-16 09:38:00,1.25,12868.0,United Kingdom
546683,22699,ROSES REGENCY TEACUP AND SAUCER ,6,2011-03-16 09:38:00,2.95,12868.0,United Kingdom
546683,22698,PINK REGENCY TEACUP AND SAUCER,6,2011-03-16 09:38:00,2.95,12868.0,United Kingdom
546683,85231G,ORANGE SCENTED SET/9 T-LIGHTS,12,2011-03-16 09:38:00,0.85,12868.0,United Kingdom
546683,22176,BLUE OWL SOFT TOY,6,2011-03-16 09:38:00,2.95,12868.0,United Kingdom
546683,21556,CERAMIC STRAWBERRY MONEY BOX,6,2011-03-16 09:38:00,2.55,12868.0,United Kingdom
546683,22960,JAM MAKING SET WITH JARS,6,2011-03-16 09:38:00,4.25,12868.0,United Kingdom
546683,22149,FELTCRAFT 6 FLOWER FRIENDS,6,2011-03-16 09:38:00,2.1,12868.0,United Kingdom
546683,82482,WOODEN PICTURE FRAME WHITE FINISH,6,2011-03-16 09:38:00,2.55,12868.0,United Kingdom
546683,84879,ASSORTED COLOUR BIRD ORNAMENT,8,2011-03-16 09:38:00,1.69,12868.0,United Kingdom
546683,22595,GINGHAM HEART DECORATION,12,2011-03-16 09:38:00,0.85,12868.0,United Kingdom
546683,37444A,YELLOW BREAKFAST CUP AND SAUCER,8,2011-03-16 09:38:00,0.39,12868.0,United Kingdom
546683,22027,TEA PARTY BIRTHDAY CARD,12,2011-03-16 09:38:00,0.42,12868.0,United Kingdom
546683,22718,CARD CAT AND TREE ,12,2011-03-16 09:38:00,0.42,12868.0,United Kingdom
546683,21314,SMALL GLASS HEART TRINKET POT,8,2011-03-16 09:38:00,2.1,12868.0,United Kingdom
546684,21733,RED HANGING HEART T-LIGHT HOLDER,32,2011-03-16 09:47:00,2.55,16152.0,United Kingdom
546684,22804,CANDLEHOLDER PINK HANGING HEART,32,2011-03-16 09:47:00,2.55,16152.0,United Kingdom
546684,47566,PARTY BUNTING,24,2011-03-16 09:47:00,4.95,16152.0,United Kingdom
546684,22848,BREAD BIN DINER STYLE PINK,2,2011-03-16 09:47:00,16.95,16152.0,United Kingdom
546684,22849,BREAD BIN DINER STYLE MINT,2,2011-03-16 09:47:00,16.95,16152.0,United Kingdom
546684,22846,BREAD BIN DINER STYLE RED ,2,2011-03-16 09:47:00,16.95,16152.0,United Kingdom
546684,22624,IVORY KITCHEN SCALES,4,2011-03-16 09:47:00,8.5,16152.0,United Kingdom
546684,22625,RED KITCHEN SCALES,4,2011-03-16 09:47:00,8.5,16152.0,United Kingdom
546684,22193,RED DINER WALL CLOCK,2,2011-03-16 09:47:00,8.5,16152.0,United Kingdom
546684,22192,BLUE DINER WALL CLOCK,2,2011-03-16 09:47:00,8.5,16152.0,United Kingdom
546684,22191,IVORY DINER WALL CLOCK,2,2011-03-16 09:47:00,8.5,16152.0,United Kingdom
546684,37370,RETRO COFFEE MUGS ASSORTED,72,2011-03-16 09:47:00,1.06,16152.0,United Kingdom
546684,22502,PICNIC BASKET WICKER SMALL,8,2011-03-16 09:47:00,5.95,16152.0,United Kingdom
546684,22501,PICNIC BASKET WICKER LARGE,4,2011-03-16 09:47:00,9.95,16152.0,United Kingdom
546684,22246,MAGIC GARDEN FELT GARLAND ,24,2011-03-16 09:47:00,1.95,16152.0,United Kingdom
546684,22890,NOVELTY BISCUITS CAKE STAND 3 TIER,12,2011-03-16 09:47:00,8.5,16152.0,United Kingdom
546684,22637,PIGGY BANK RETROSPOT ,48,2011-03-16 09:47:00,2.1,16152.0,United Kingdom
546684,21539,RED RETROSPOT BUTTER DISH,18,2011-03-16 09:47:00,4.25,16152.0,United Kingdom
546684,21531,RED RETROSPOT SUGAR JAM BOWL,24,2011-03-16 09:47:00,2.1,16152.0,United Kingdom
546684,21843,RED RETROSPOT CAKE STAND,12,2011-03-16 09:47:00,10.95,16152.0,United Kingdom
546684,22072,RED RETROSPOT TEA CUP AND SAUCER ,24,2011-03-16 09:47:00,3.39,16152.0,United Kingdom
546684,21535,RED RETROSPOT SMALL MILK JUG,24,2011-03-16 09:47:00,2.55,16152.0,United Kingdom
546684,21533,RETROSPOT LARGE MILK JUG,12,2011-03-16 09:47:00,4.25,16152.0,United Kingdom
546684,21844,RED RETROSPOT MUG,36,2011-03-16 09:47:00,2.55,16152.0,United Kingdom
546684,21749,LARGE RED RETROSPOT WINDMILL,48,2011-03-16 09:47:00,1.85,16152.0,United Kingdom
546684,21746,SMALL RED RETROSPOT WINDMILL,96,2011-03-16 09:47:00,1.06,16152.0,United Kingdom
546684,21041,RED RETROSPOT OVEN GLOVE DOUBLE,24,2011-03-16 09:47:00,2.95,16152.0,United Kingdom
546684,21154,RED RETROSPOT OVEN GLOVE ,24,2011-03-16 09:47:00,1.25,16152.0,United Kingdom
546684,21035,SET/2 RED RETROSPOT TEA TOWELS ,24,2011-03-16 09:47:00,3.25,16152.0,United Kingdom
546685,22626,BLACK KITCHEN SCALES,2,2011-03-16 09:52:00,8.5,15687.0,United Kingdom
546685,22625,RED KITCHEN SCALES,2,2011-03-16 09:52:00,8.5,15687.0,United Kingdom
546685,22624,IVORY KITCHEN SCALES,2,2011-03-16 09:52:00,8.5,15687.0,United Kingdom
546685,21527,RED RETROSPOT TRADITIONAL TEAPOT ,2,2011-03-16 09:52:00,7.95,15687.0,United Kingdom
546685,85099C,JUMBO  BAG BAROQUE BLACK WHITE,10,2011-03-16 09:52:00,1.95,15687.0,United Kingdom
546685,22386,JUMBO BAG PINK POLKADOT,10,2011-03-16 09:52:00,1.95,15687.0,United Kingdom
546685,21928,JUMBO BAG SCANDINAVIAN BLUE PAISLEY,10,2011-03-16 09:52:00,1.95,15687.0,United Kingdom
546685,85099B,JUMBO BAG RED RETROSPOT,10,2011-03-16 09:52:00,1.95,15687.0,United Kingdom
546685,82483,WOOD 2 DRAWER CABINET WHITE FINISH,3,2011-03-16 09:52:00,6.95,15687.0,United Kingdom
546685,85066,CREAM SWEETHEART MINI CHEST,2,2011-03-16 09:52:00,12.75,15687.0,United Kingdom
546685,22282,12 EGG HOUSE PAINTED WOOD,2,2011-03-16 09:52:00,12.75,15687.0,United Kingdom
546685,22429,ENAMEL MEASURING JUG CREAM,4,2011-03-16 09:52:00,4.25,15687.0,United Kingdom
546685,22348,TEA BAG PLATE RED RETROSPOT,12,2011-03-16 09:52:00,0.85,15687.0,United Kingdom
546685,21977,PACK OF 60 PINK PAISLEY CAKE CASES,24,2011-03-16 09:52:00,0.55,15687.0,United Kingdom
546685,22424,ENAMEL BREAD BIN CREAM,1,2011-03-16 09:52:00,12.75,15687.0,United Kingdom
546685,22675,FRENCH KITCHEN SIGN BLUE METAL,12,2011-03-16 09:52:00,1.25,15687.0,United Kingdom
546685,22236,CAKE STAND 3 TIER MAGIC GARDEN,1,2011-03-16 09:52:00,12.75,15687.0,United Kingdom
546685,22139,RETROSPOT TEA SET CERAMIC 11 PC ,3,2011-03-16 09:52:00,4.95,15687.0,United Kingdom
546685,22666,RECIPE BOX PANTRY YELLOW DESIGN,6,2011-03-16 09:52:00,2.95,15687.0,United Kingdom
546685,22220,CAKE STAND LOVEBIRD 2 TIER WHITE,2,2011-03-16 09:52:00,9.95,15687.0,United Kingdom
546685,22854,CREAM SWEETHEART EGG HOLDER,4,2011-03-16 09:52:00,4.95,15687.0,United Kingdom
546686,20712,JUMBO BAG WOODLAND ANIMALS,10,2011-03-16 09:52:00,1.95,14636.0,United Kingdom
546686,21481,FAWN BLUE HOT WATER BOTTLE,6,2011-03-16 09:52:00,2.95,14636.0,United Kingdom
546686,21129,SILVER FISHING GNOME ,4,2011-03-16 09:52:00,6.95,14636.0,United Kingdom
546686,21128,GOLD FISHING GNOME,4,2011-03-16 09:52:00,6.95,14636.0,United Kingdom
546686,21249,WOODLAND  HEIGHT CHART STICKERS ,6,2011-03-16 09:52:00,2.95,14636.0,United Kingdom
546686,22326,ROUND SNACK BOXES SET OF4 WOODLAND ,6,2011-03-16 09:52:00,2.95,14636.0,United Kingdom
546686,79321,CHILLI LIGHTS,4,2011-03-16 09:52:00,5.75,14636.0,United Kingdom
546686,84429A,MEDIUM PINK BUDDHA HEAD ,6,2011-03-16 09:52:00,2.95,14636.0,United Kingdom
546686,21731,RED TOADSTOOL LED NIGHT LIGHT,12,2011-03-16 09:52:00,1.65,14636.0,United Kingdom
546686,22471,TV DINNER TRAY AIR HOSTESS ,3,2011-03-16 09:52:00,4.95,14636.0,United Kingdom
546686,21135,VICTORIAN  METAL POSTCARD SPRING,8,2011-03-16 09:52:00,1.69,14636.0,United Kingdom
546686,84879,ASSORTED COLOUR BIRD ORNAMENT,8,2011-03-16 09:52:00,1.69,14636.0,United Kingdom
546686,22969,HOMEMADE JAM SCENTED CANDLES,12,2011-03-16 09:52:00,1.45,14636.0,United Kingdom
546686,22457,NATURAL SLATE HEART CHALKBOARD ,6,2011-03-16 09:52:00,2.95,14636.0,United Kingdom
546686,22178,VICTORIAN GLASS HANGING T-LIGHT,12,2011-03-16 09:52:00,1.25,14636.0,United Kingdom
546686,85099F,JUMBO BAG STRAWBERRY,10,2011-03-16 09:52:00,1.95,14636.0,United Kingdom
546687,21735,TWO DOOR CURIO CABINET,2,2011-03-16 09:58:00,12.75,16040.0,United Kingdom
546687,21934,SKULL SHOULDER BAG,10,2011-03-16 09:58:00,1.65,16040.0,United Kingdom
546687,21935,SUKI  SHOULDER BAG,10,2011-03-16 09:58:00,1.65,16040.0,United Kingdom
546687,22531,MAGIC DRAWING SLATE CIRCUS PARADE  ,48,2011-03-16 09:58:00,0.42,16040.0,United Kingdom
546687,22744,MAKE YOUR OWN MONSOON CARD KIT,6,2011-03-16 09:58:00,2.95,16040.0,United Kingdom
546687,22743,MAKE YOUR OWN FLOWERPOWER CARD KIT,6,2011-03-16 09:58:00,2.95,16040.0,United Kingdom
546687,22796,PHOTO FRAME 3 CLASSIC HANGING,2,2011-03-16 09:58:00,9.95,16040.0,United Kingdom
546687,22766,PHOTO FRAME CORNICE,8,2011-03-16 09:58:00,2.95,16040.0,United Kingdom
546687,84879,ASSORTED COLOUR BIRD ORNAMENT,24,2011-03-16 09:58:00,1.69,16040.0,United Kingdom
546687,84279B,CHERRY BLOSSOM DECORATIVE FLASK,4,2011-03-16 09:58:00,3.75,16040.0,United Kingdom
546687,84279P,CHERRY BLOSSOM  DECORATIVE FLASK,4,2011-03-16 09:58:00,3.75,16040.0,United Kingdom
546687,22738,RIBBON REEL SNOWY VILLAGE,10,2011-03-16 09:58:00,1.65,16040.0,United Kingdom
546687,84946,ANTIQUE SILVER TEA GLASS ETCHED,12,2011-03-16 09:58:00,1.25,16040.0,United Kingdom
546687,22487,WHITE WOOD GARDEN PLANT LADDER,1,2011-03-16 09:58:00,9.95,16040.0,United Kingdom
546687,22779,WOODEN OWLS LIGHT GARLAND ,8,2011-03-16 09:58:00,4.25,16040.0,United Kingdom
546687,22449,SILK PURSE BABUSHKA PINK,6,2011-03-16 09:58:00,3.35,16040.0,United Kingdom
546687,21829,DINOSAUR KEYRINGS ASSORTED,36,2011-03-16 09:58:00,0.21,16040.0,United Kingdom
546687,21915,RED  HARMONICA IN BOX ,12,2011-03-16 09:58:00,1.25,16040.0,United Kingdom
546687,22560,TRADITIONAL MODELLING CLAY,24,2011-03-16 09:58:00,1.25,16040.0,United Kingdom
546687,22619,SET OF 6 SOLDIER SKITTLES,4,2011-03-16 09:58:00,3.75,16040.0,United Kingdom
546687,20975,12 PENCILS SMALL TUBE RED RETROSPOT,24,2011-03-16 09:58:00,0.65,16040.0,United Kingdom
546687,20974,12 PENCILS SMALL TUBE SKULL,24,2011-03-16 09:58:00,0.65,16040.0,United Kingdom
546688,22697,GREEN REGENCY TEACUP AND SAUCER,6,2011-03-16 10:17:00,2.95,16497.0,United Kingdom
546688,22699,ROSES REGENCY TEACUP AND SAUCER ,6,2011-03-16 10:17:00,2.95,16497.0,United Kingdom
546688,22698,PINK REGENCY TEACUP AND SAUCER,6,2011-03-16 10:17:00,2.95,16497.0,United Kingdom
546688,22423,REGENCY CAKESTAND 3 TIER,6,2011-03-16 10:17:00,12.75,16497.0,United Kingdom
546688,22789,T-LIGHT HOLDER SWEETHEART HANGING,8,2011-03-16 10:17:00,1.95,16497.0,United Kingdom
546688,22792,FLUTED ANTIQUE CANDLE HOLDER,12,2011-03-16 10:17:00,0.85,16497.0,United Kingdom
546688,22788,BROCANTE COAT RACK,2,2011-03-16 10:17:00,9.95,16497.0,United Kingdom
546689,47566,PARTY BUNTING,4,2011-03-16 10:24:00,4.95,16985.0,United Kingdom
546689,48184,DOORMAT ENGLISH ROSE ,10,2011-03-16 10:24:00,6.75,16985.0,United Kingdom
546689,48187,DOORMAT NEW ENGLAND,10,2011-03-16 10:24:00,6.75,16985.0,United Kingdom
546689,48138,DOORMAT UNION FLAG,10,2011-03-16 10:24:00,6.75,16985.0,United Kingdom
546689,21523,DOORMAT FANCY FONT HOME SWEET HOME,10,2011-03-16 10:24:00,6.75,16985.0,United Kingdom
546689,72807C,SET/3 VANILLA SCENTED CANDLE IN BOX,8,2011-03-16 10:24:00,4.25,16985.0,United Kingdom
546689,72807B,SET/3 OCEAN SCENT CANDLE JEWEL BOX,8,2011-03-16 10:24:00,4.25,16985.0,United Kingdom
546689,85123A,WHITE HANGING HEART T-LIGHT HOLDER,64,2011-03-16 10:24:00,2.55,16985.0,United Kingdom
546689,23231,WRAP DOILEY DESIGN,25,2011-03-16 10:24:00,0.42,16985.0,United Kingdom
546689,22986,GINGHAM ROSE WRAP,25,2011-03-16 10:24:00,0.42,16985.0,United Kingdom
546689,84879,ASSORTED COLOUR BIRD ORNAMENT,40,2011-03-16 10:24:00,1.69,16985.0,United Kingdom
546689,22077,6 RIBBONS RUSTIC CHARM,12,2011-03-16 10:24:00,1.65,16985.0,United Kingdom
546689,22423,REGENCY CAKESTAND 3 TIER,4,2011-03-16 10:24:00,12.75,16985.0,United Kingdom
546690,23054,RECYCLED ACAPULCO MAT LAVENDER,6,2011-03-16 10:25:00,8.25,16985.0,United Kingdom
546690,23050,RECYCLED ACAPULCO MAT GREEN,6,2011-03-16 10:25:00,8.25,16985.0,United Kingdom
546690,23052,RECYCLED ACAPULCO MAT TURQUOISE,6,2011-03-16 10:25:00,8.25,16985.0,United Kingdom
546691,85123A,WHITE HANGING HEART T-LIGHT HOLDER,32,2011-03-16 10:45:00,2.55,15793.0,United Kingdom
546691,84946,ANTIQUE SILVER TEA GLASS ETCHED,72,2011-03-16 10:45:00,1.06,15793.0,United Kingdom
546691,84879,ASSORTED COLOUR BIRD ORNAMENT,88,2011-03-16 10:45:00,1.69,15793.0,United Kingdom
546724,84380,SET OF 3 BUTTERFLY COOKIE CUTTERS,1,2011-03-16 11:02:00,1.25,12845.0,United Kingdom
546724,84375,SET OF 20 KIDS COOKIE CUTTERS,1,2011-03-16 11:02:00,2.1,12845.0,United Kingdom
546724,22966,GINGERBREAD MAN COOKIE CUTTER,1,2011-03-16 11:02:00,1.25,12845.0,United Kingdom
546724,22964,3 PIECE SPACEBOY COOKIE CUTTER SET,1,2011-03-16 11:02:00,2.1,12845.0,United Kingdom
546728,22827,RUSTIC  SEVENTEEN DRAWER SIDEBOARD,2,2011-03-16 11:09:00,145.0,13983.0,United Kingdom
546729,22021,BLUE FELT EASTER EGG BASKET,7,2011-03-16 11:36:00,1.65,18231.0,United Kingdom
546729,22720,SET OF 3 CAKE TINS PANTRY DESIGN ,4,2011-03-16 11:36:00,4.95,18231.0,United Kingdom
546729,22805,BLUE DRAWER KNOB ACRYLIC EDWARDIAN,12,2011-03-16 11:36:00,1.25,18231.0,United Kingdom
546729,22775,PURPLE DRAWERKNOB ACRYLIC EDWARDIAN,12,2011-03-16 11:36:00,1.25,18231.0,United Kingdom
546729,22774,RED DRAWER KNOB ACRYLIC EDWARDIAN,12,2011-03-16 11:36:00,1.25,18231.0,United Kingdom
546729,22773,GREEN DRAWER KNOB ACRYLIC EDWARDIAN,12,2011-03-16 11:36:00,1.25,18231.0,United Kingdom
546729,22772,PINK DRAWER KNOB ACRYLIC EDWARDIAN,12,2011-03-16 11:36:00,1.25,18231.0,United Kingdom
546729,22771,CLEAR DRAWER KNOB ACRYLIC EDWARDIAN,12,2011-03-16 11:36:00,1.25,18231.0,United Kingdom
546729,22890,NOVELTY BISCUITS CAKE STAND 3 TIER,4,2011-03-16 11:36:00,9.95,18231.0,United Kingdom
546729,23181,BULL DOG BOTTLE TOP WALL CLOCK,4,2011-03-16 11:36:00,8.25,18231.0,United Kingdom
546729,23184,BULL DOG BOTTLE OPENER,4,2011-03-16 11:36:00,4.95,18231.0,United Kingdom
546729,22721,SET OF 3 CAKE TINS SKETCHBOOK,4,2011-03-16 11:36:00,4.95,18231.0,United Kingdom
546731,15044A,PINK PAPER PARASOL ,6,2011-03-16 11:39:00,2.95,13089.0,United Kingdom
546731,15036,ASSORTED COLOURS SILK FAN,24,2011-03-16 11:39:00,0.75,13089.0,United Kingdom
546731,85014B,RED RETROSPOT UMBRELLA,3,2011-03-16 11:39:00,5.95,13089.0,United Kingdom
546731,21977,PACK OF 60 PINK PAISLEY CAKE CASES,24,2011-03-16 11:39:00,0.55,13089.0,United Kingdom
546731,21916,SET 12 RETRO WHITE CHALK STICKS,24,2011-03-16 11:39:00,0.42,13089.0,United Kingdom
546731,21918,SET 12 KIDS COLOUR  CHALK STICKS,24,2011-03-16 11:39:00,0.42,13089.0,United Kingdom
546731,22084,PAPER CHAIN KIT EMPIRE,12,2011-03-16 11:39:00,2.95,13089.0,United Kingdom
546731,22967,SET 3 SONG BIRD PAPER EGGS ASSORTED,48,2011-03-16 11:39:00,2.55,13089.0,United Kingdom
546731,85123A,WHITE HANGING HEART T-LIGHT HOLDER,32,2011-03-16 11:39:00,2.55,13089.0,United Kingdom
546731,71459,HANGING JAM JAR T-LIGHT HOLDER,12,2011-03-16 11:39:00,0.85,13089.0,United Kingdom
546731,47566B,TEA TIME PARTY BUNTING,12,2011-03-16 11:39:00,4.95,13089.0,United Kingdom
546731,47566,PARTY BUNTING,12,2011-03-16 11:39:00,4.95,13089.0,United Kingdom
546731,22241,GARLAND WOODEN HAPPY EASTER,24,2011-03-16 11:39:00,1.25,13089.0,United Kingdom
546731,22170,PICTURE FRAME WOOD TRIPLE PORTRAIT,4,2011-03-16 11:39:00,6.75,13089.0,United Kingdom
546731,22090,PAPER BUNTING RETROSPOT,12,2011-03-16 11:39:00,2.95,13089.0,United Kingdom
546731,22089,PAPER BUNTING VINTAGE PAISLEY,12,2011-03-16 11:39:00,2.95,13089.0,United Kingdom
546731,22088,PAPER BUNTING COLOURED LACE,12,2011-03-16 11:39:00,2.95,13089.0,United Kingdom
546731,22087,PAPER BUNTING WHITE LACE,12,2011-03-16 11:39:00,2.95,13089.0,United Kingdom
546731,22084,PAPER CHAIN KIT EMPIRE,24,2011-03-16 11:39:00,2.95,13089.0,United Kingdom
546731,22083,PAPER CHAIN KIT RETROSPOT,12,2011-03-16 11:39:00,2.95,13089.0,United Kingdom
546731,21672,WHITE SPOT RED CERAMIC DRAWER KNOB,12,2011-03-16 11:39:00,1.25,13089.0,United Kingdom
546731,21210,SET OF 72 RETROSPOT PAPER  DOILIES,12,2011-03-16 11:39:00,1.45,13089.0,United Kingdom
546731,15036,ASSORTED COLOURS SILK FAN,12,2011-03-16 11:39:00,0.75,13089.0,United Kingdom
546731,85131A,BEADED PEARL HEART WHITE ON STICK,12,2011-03-16 11:39:00,1.25,13089.0,United Kingdom
546731,22296,HEART IVORY TRELLIS LARGE,12,2011-03-16 11:39:00,1.65,13089.0,United Kingdom
546731,21626,VINTAGE UNION JACK PENNANT,12,2011-03-16 11:39:00,1.95,13089.0,United Kingdom
546731,15056N,EDWARDIAN PARASOL NATURAL,6,2011-03-16 11:39:00,5.95,13089.0,United Kingdom
546731,15044A,PINK PAPER PARASOL ,6,2011-03-16 11:39:00,2.95,13089.0,United Kingdom
546731,85014B,RED RETROSPOT UMBRELLA,3,2011-03-16 11:39:00,5.95,13089.0,United Kingdom
546731,21977,PACK OF 60 PINK PAISLEY CAKE CASES,24,2011-03-16 11:39:00,0.55,13089.0,United Kingdom
546731,82552,WASHROOM METAL SIGN,12,2011-03-16 11:39:00,1.45,13089.0,United Kingdom
C546730,21937,STRAWBERRY   PICNIC BAG,-2,2011-03-16 11:39:00,2.95,18183.0,United Kingdom
C546730,22720,SET OF 3 CAKE TINS PANTRY DESIGN ,-1,2011-03-16 11:39:00,4.95,18183.0,United Kingdom
546732,22078,RIBBON REEL LACE DESIGN ,1,2011-03-16 11:41:00,2.1,14606.0,United Kingdom
546732,37448,CERAMIC CAKE DESIGN SPOTTED MUG,1,2011-03-16 11:41:00,1.49,14606.0,United Kingdom
546732,84692,BOX OF 24 COCKTAIL PARASOLS,2,2011-03-16 11:41:00,0.42,14606.0,United Kingdom
546732,84712B,PINK JEWELLED PHOTO FRAME,1,2011-03-16 11:41:00,7.95,14606.0,United Kingdom
546732,21669,BLUE STRIPE CERAMIC DRAWER KNOB,1,2011-03-16 11:41:00,1.25,14606.0,United Kingdom
546732,21210,SET OF 72 RETROSPOT PAPER  DOILIES,1,2011-03-16 11:41:00,1.45,14606.0,United Kingdom
546732,21662,VINTAGE GLASS COFFEE CADDY,1,2011-03-16 11:41:00,5.95,14606.0,United Kingdom
546732,85123A,WHITE HANGING HEART T-LIGHT HOLDER,5,2011-03-16 11:41:00,2.95,14606.0,United Kingdom
546732,21425,SKULLS STORAGE BOX LARGE,1,2011-03-16 11:41:00,2.95,14606.0,United Kingdom
546732,22331,WOODLAND PARTY BAG + STICKER SET,1,2011-03-16 11:41:00,1.65,14606.0,United Kingdom
546732,22332,SKULLS PARTY BAG + STICKER SET,2,2011-03-16 11:41:00,1.65,14606.0,United Kingdom
546732,22414,DOORMAT NEIGHBOURHOOD WITCH ,1,2011-03-16 11:41:00,7.95,14606.0,United Kingdom
546732,85175,CACTI T-LIGHT CANDLES,80,2011-03-16 11:41:00,0.42,14606.0,United Kingdom
546732,85130D,BEADED CRYSTAL HEART PINK LARGE,1,2011-03-16 11:41:00,1.65,14606.0,United Kingdom
546732,20996,JAZZ HEARTS ADDRESS BOOK,1,2011-03-16 11:41:00,0.42,14606.0,United Kingdom
546732,20665,RED RETROSPOT PURSE ,1,2011-03-16 11:41:00,2.95,14606.0,United Kingdom
546732,21204,DAISIES  HONEYCOMB GARLAND ,1,2011-03-16 11:41:00,1.65,14606.0,United Kingdom
546732,84880,WHITE WIRE EGG HOLDER,1,2011-03-16 11:41:00,7.5,14606.0,United Kingdom
546732,21686,MEDINA STAMPED METAL STOOL,1,2011-03-16 11:41:00,39.95,14606.0,United Kingdom
546733,22933,BAKING MOULD EASTER EGG MILK CHOC,144,2011-03-16 11:47:00,2.1,16029.0,United Kingdom
546733,22932,BAKING MOULD TOFFEE CUP CHOCOLATE,96,2011-03-16 11:47:00,2.1,16029.0,United Kingdom
546733,22930,BAKING MOULD HEART MILK CHOCOLATE,96,2011-03-16 11:47:00,2.1,16029.0,United Kingdom
546734,22933,BAKING MOULD EASTER EGG MILK CHOC,144,2011-03-16 11:49:00,2.1,16029.0,United Kingdom
546734,22932,BAKING MOULD TOFFEE CUP CHOCOLATE,96,2011-03-16 11:49:00,2.1,16029.0,United Kingdom
546734,22930,BAKING MOULD HEART MILK CHOCOLATE,96,2011-03-16 11:49:00,2.1,16029.0,United Kingdom
C546735,22933,BAKING MOULD EASTER EGG MILK CHOC,-144,2011-03-16 11:50:00,2.1,16029.0,United Kingdom
C546735,22932,BAKING MOULD TOFFEE CUP CHOCOLATE,-96,2011-03-16 11:50:00,2.1,16029.0,United Kingdom
C546735,22930,BAKING MOULD HEART MILK CHOCOLATE,-96,2011-03-16 11:50:00,2.1,16029.0,United Kingdom
546736,22740,POLKADOT PEN,576,2011-03-16 11:52:00,0.72,16013.0,United Kingdom
546737,82486,WOOD S/3 CABINET ANT WHITE FINISH,2,2011-03-16 11:52:00,8.95,13358.0,United Kingdom
546737,22174,PHOTO CUBE,12,2011-03-16 11:52:00,1.65,13358.0,United Kingdom
546737,35911A,MULTICOLOUR RABBIT EGG WARMER,12,2011-03-16 11:52:00,0.85,13358.0,United Kingdom
546737,21530,DAIRY MAID TOASTRACK,6,2011-03-16 11:52:00,2.95,13358.0,United Kingdom
546737,21534,DAIRY MAID LARGE MILK JUG,3,2011-03-16 11:52:00,4.95,13358.0,United Kingdom
546737,21535,RED RETROSPOT SMALL MILK JUG,6,2011-03-16 11:52:00,2.55,13358.0,United Kingdom
546737,21531,RED RETROSPOT SUGAR JAM BOWL,6,2011-03-16 11:52:00,2.55,13358.0,United Kingdom
546737,21533,RETROSPOT LARGE MILK JUG,3,2011-03-16 11:52:00,4.95,13358.0,United Kingdom
546737,84879,ASSORTED COLOUR BIRD ORNAMENT,8,2011-03-16 11:52:00,1.69,13358.0,United Kingdom
546737,84678,CLASSICAL ROSE SMALL VASE,6,2011-03-16 11:52:00,2.55,13358.0,United Kingdom
546737,85186C,BUNNY EGG GARLAND,24,2011-03-16 11:52:00,0.42,13358.0,United Kingdom
546737,21397,BLUE POLKADOT EGG CUP ,48,2011-03-16 11:52:00,0.39,13358.0,United Kingdom
546737,21403,BLUE EGG  SPOON,24,2011-03-16 11:52:00,0.12,13358.0,United Kingdom
546737,22720,SET OF 3 CAKE TINS PANTRY DESIGN ,3,2011-03-16 11:52:00,4.95,13358.0,United Kingdom
546737,21982,PACK OF 12 SUKI TISSUES ,24,2011-03-16 11:52:00,0.29,13358.0,United Kingdom
546737,21980,PACK OF 12 RED RETROSPOT TISSUES ,24,2011-03-16 11:52:00,0.29,13358.0,United Kingdom
546737,21967,PACK OF 12 SKULL TISSUES,24,2011-03-16 11:52:00,0.29,13358.0,United Kingdom
546737,22138,BAKING SET 9 PIECE RETROSPOT ,3,2011-03-16 11:52:00,4.95,13358.0,United Kingdom
546737,22617,BAKING SET SPACEBOY DESIGN,3,2011-03-16 11:52:00,4.95,13358.0,United Kingdom
546737,22178,VICTORIAN GLASS HANGING T-LIGHT,12,2011-03-16 11:52:00,1.25,13358.0,United Kingdom
546737,47566,PARTY BUNTING,4,2011-03-16 11:52:00,4.95,13358.0,United Kingdom
546737,48194,DOORMAT HEARTS,2,2011-03-16 11:52:00,7.95,13358.0,United Kingdom
546737,48187,DOORMAT NEW ENGLAND,2,2011-03-16 11:52:00,7.95,13358.0,United Kingdom
546737,20685,DOORMAT RED RETROSPOT,2,2011-03-16 11:52:00,7.95,13358.0,United Kingdom
546737,C2,CARRIAGE,1,2011-03-16 11:52:00,50.0,13358.0,United Kingdom
546737,22664,TOY TIDY DOLLY GIRL DESIGN,5,2011-03-16 11:52:00,2.1,13358.0,United Kingdom
546737,22355,CHARLOTTE BAG SUKI DESIGN,10,2011-03-16 11:52:00,0.85,13358.0,United Kingdom
546737,15056BL,EDWARDIAN PARASOL BLACK,3,2011-03-16 11:52:00,5.95,13358.0,United Kingdom
546737,20679,EDWARDIAN PARASOL RED,3,2011-03-16 11:52:00,5.95,13358.0,United Kingdom
546738,20676,RED RETROSPOT BOWL,72,2011-03-16 11:57:00,1.06,16422.0,United Kingdom
546738,21989,PACK OF 20 SKULL PAPER NAPKINS,96,2011-03-16 11:57:00,0.72,16422.0,United Kingdom
546738,21094,SET/6 RED SPOTTY PAPER PLATES,96,2011-03-16 11:57:00,0.64,16422.0,United Kingdom
546738,22499,WOODEN UNION JACK BUNTING,3,2011-03-16 11:57:00,5.95,16422.0,United Kingdom
546738,17003,BROCADE RING PURSE ,720,2011-03-16 11:57:00,0.25,16422.0,United Kingdom
546738,20974,12 PENCILS SMALL TUBE SKULL,72,2011-03-16 11:57:00,0.65,16422.0,United Kingdom
546738,21380,WOODEN HAPPY BIRTHDAY GARLAND,24,2011-03-16 11:57:00,2.95,16422.0,United Kingdom
546738,22083,PAPER CHAIN KIT RETROSPOT,40,2011-03-16 11:57:00,2.55,16422.0,United Kingdom
546738,22090,PAPER BUNTING RETROSPOT,40,2011-03-16 11:57:00,2.55,16422.0,United Kingdom
546738,47566B,TEA TIME PARTY BUNTING,5,2011-03-16 11:57:00,4.95,16422.0,United Kingdom
546738,22088,PAPER BUNTING COLOURED LACE,40,2011-03-16 11:57:00,2.55,16422.0,United Kingdom
546739,82484,WOOD BLACK BOARD ANT WHITE FINISH,12,2011-03-16 12:12:00,6.75,17511.0,United Kingdom
546739,22768,FAMILY PHOTO FRAME CORNICE,16,2011-03-16 12:12:00,8.5,17511.0,United Kingdom
546739,22170,PICTURE FRAME WOOD TRIPLE PORTRAIT,12,2011-03-16 12:12:00,5.95,17511.0,United Kingdom
546739,22169,FAMILY ALBUM WHITE PICTURE FRAME,8,2011-03-16 12:12:00,7.65,17511.0,United Kingdom
546739,21907,I'M ON HOLIDAY METAL SIGN,48,2011-03-16 12:12:00,1.85,17511.0,United Kingdom
546739,85152,HAND OVER THE CHOCOLATE   SIGN ,48,2011-03-16 12:12:00,1.85,17511.0,United Kingdom
546739,21175,GIN + TONIC DIET METAL SIGN,48,2011-03-16 12:12:00,2.08,17511.0,United Kingdom
546739,82583,HOT BATHS METAL SIGN,72,2011-03-16 12:12:00,1.85,17511.0,United Kingdom
546739,22197,SMALL POPCORN HOLDER,100,2011-03-16 12:12:00,0.72,17511.0,United Kingdom
546739,22423,REGENCY CAKESTAND 3 TIER,16,2011-03-16 12:12:00,10.95,17511.0,United Kingdom
546739,21535,RED RETROSPOT SMALL MILK JUG,48,2011-03-16 12:12:00,2.1,17511.0,United Kingdom
546739,20750,RED RETROSPOT MINI CASES,12,2011-03-16 12:12:00,6.35,17511.0,United Kingdom
546739,21086,SET/6 RED SPOTTY PAPER CUPS,48,2011-03-16 12:12:00,0.65,17511.0,United Kingdom
546739,21094,SET/6 RED SPOTTY PAPER PLATES,96,2011-03-16 12:12:00,0.64,17511.0,United Kingdom
546739,21080,SET/20 RED RETROSPOT PAPER NAPKINS ,96,2011-03-16 12:12:00,0.72,17511.0,United Kingdom
546739,21217,RED RETROSPOT ROUND CAKE TINS,12,2011-03-16 12:12:00,8.95,17511.0,United Kingdom
546739,22667,RECIPE BOX RETROSPOT ,6,2011-03-16 12:12:00,2.95,17511.0,United Kingdom
546739,20828,GLITTER BUTTERFLY CLIPS,48,2011-03-16 12:12:00,2.1,17511.0,United Kingdom
546739,16161P,WRAP ENGLISH ROSE ,25,2011-03-16 12:12:00,0.42,17511.0,United Kingdom
546739,22704,WRAP RED APPLES ,25,2011-03-16 12:12:00,0.42,17511.0,United Kingdom
546739,21500,PINK POLKADOT WRAP ,25,2011-03-16 12:12:00,0.42,17511.0,United Kingdom
546739,22047,EMPIRE GIFT WRAP,25,2011-03-16 12:12:00,0.42,17511.0,United Kingdom
546739,22585,PACK OF 6 BIRDY GIFT TAGS,144,2011-03-16 12:12:00,1.06,17511.0,United Kingdom
546739,22668,PINK BABY BUNTING,50,2011-03-16 12:12:00,2.55,17511.0,United Kingdom
546739,22817,CARD SUKI BIRTHDAY,72,2011-03-16 12:12:00,0.36,17511.0,United Kingdom
546739,22035,VINTAGE CARAVAN GREETING CARD ,72,2011-03-16 12:12:00,0.36,17511.0,United Kingdom
546739,21506,"FANCY FONT BIRTHDAY CARD, ",72,2011-03-16 12:12:00,0.36,17511.0,United Kingdom
546739,21508,VINTAGE KID DOLLY CARD ,72,2011-03-16 12:12:00,0.36,17511.0,United Kingdom
546739,21509,COWBOYS AND INDIANS BIRTHDAY CARD ,72,2011-03-16 12:12:00,0.36,17511.0,United Kingdom
546739,22717,CARD DOG AND BALL ,72,2011-03-16 12:12:00,0.36,17511.0,United Kingdom
546739,22718,CARD CAT AND TREE ,72,2011-03-16 12:12:00,0.36,17511.0,United Kingdom
546739,22659,LUNCH BOX I LOVE LONDON,64,2011-03-16 12:12:00,1.65,17511.0,United Kingdom
546739,21122,SET/10 PINK POLKADOT PARTY CANDLES,24,2011-03-16 12:12:00,1.25,17511.0,United Kingdom
546739,21121,SET/10 RED POLKADOT PARTY CANDLES,24,2011-03-16 12:12:00,1.25,17511.0,United Kingdom
546739,22386,JUMBO BAG PINK POLKADOT,100,2011-03-16 12:12:00,1.65,17511.0,United Kingdom
546739,22411,JUMBO SHOPPER VINTAGE RED PAISLEY,100,2011-03-16 12:12:00,1.65,17511.0,United Kingdom
546739,21928,JUMBO BAG SCANDINAVIAN BLUE PAISLEY,100,2011-03-16 12:12:00,1.65,17511.0,United Kingdom
546739,21212,PACK OF 72 RETROSPOT CAKE CASES,120,2011-03-16 12:12:00,0.42,17511.0,United Kingdom
546739,84991,60 TEATIME FAIRY CAKE CASES,120,2011-03-16 12:12:00,0.42,17511.0,United Kingdom
546739,20685,DOORMAT RED RETROSPOT,10,2011-03-16 12:12:00,6.75,17511.0,United Kingdom
546739,22998,TRAVEL CARD WALLET KEEP CALM,24,2011-03-16 12:12:00,0.42,17511.0,United Kingdom
546739,23182,TOILET SIGN OCCUPIED OR VACANT,144,2011-03-16 12:12:00,0.72,17511.0,United Kingdom
C546740,21455,PAINTED YELLOW WOODEN DAISY,-13,2011-03-16 12:13:00,0.85,16983.0,United Kingdom
546741,47566,PARTY BUNTING,20,2011-03-16 12:22:00,4.95,13261.0,United Kingdom
546742,22291,HANGING CHICK CREAM DECORATION,24,2011-03-16 12:26:00,1.45,12849.0,United Kingdom
546742,22967,SET 3 SONG BIRD PAPER EGGS ASSORTED,6,2011-03-16 12:26:00,2.95,12849.0,United Kingdom
546742,22287,"DECORATION , WOBBLY CHICKEN, METAL ",12,2011-03-16 12:26:00,1.65,12849.0,United Kingdom
546742,22286,"DECORATION , WOBBLY RABBIT , METAL ",12,2011-03-16 12:26:00,1.65,12849.0,United Kingdom
546742,22322,BIRD DECORATION GREEN POLKADOT,1,2011-03-16 12:26:00,0.85,12849.0,United Kingdom
546742,22291,HANGING CHICK CREAM DECORATION,24,2011-03-16 12:26:00,1.45,12849.0,United Kingdom
546742,22267,EASTER DECORATION EGG BUNNY ,12,2011-03-16 12:26:00,1.25,12849.0,United Kingdom
546742,21455,PAINTED YELLOW WOODEN DAISY,36,2011-03-16 12:26:00,0.85,12849.0,United Kingdom
546742,22292,HANGING CHICK  YELLOW DECORATION,24,2011-03-16 12:26:00,1.45,12849.0,United Kingdom
546742,84459B,YELLOW METAL CHICKEN HEART ,12,2011-03-16 12:26:00,1.49,12849.0,United Kingdom
546742,22241,GARLAND WOODEN HAPPY EASTER,12,2011-03-16 12:26:00,1.25,12849.0,United Kingdom
546742,22266,EASTER DECORATION HANGING BUNNY,64,2011-03-16 12:26:00,0.65,12849.0,United Kingdom
546742,22285,HANGING HEN ON NEST DECORATION,12,2011-03-16 12:26:00,1.65,12849.0,United Kingdom
546742,22231,JIGSAW TREE WITH BIRDHOUSE,3,2011-03-16 12:26:00,1.45,12849.0,United Kingdom
546742,85212,MINI PAINTED GARDEN DECORATION ,1,2011-03-16 12:26:00,0.85,12849.0,United Kingdom
546742,22501,PICNIC BASKET WICKER LARGE,1,2011-03-16 12:26:00,9.95,12849.0,United Kingdom
546742,21389,IVORY HANGING DECORATION  BIRD,24,2011-03-16 12:26:00,0.85,12849.0,United Kingdom
546742,22721,SET OF 3 CAKE TINS SKETCHBOOK,2,2011-03-16 12:26:00,4.95,12849.0,United Kingdom
546742,22890,NOVELTY BISCUITS CAKE STAND 3 TIER,2,2011-03-16 12:26:00,9.95,12849.0,United Kingdom
546742,85174,S/4 CACTI CANDLES,3,2011-03-16 12:26:00,4.95,12849.0,United Kingdom
546742,85205B,PINK FELT EASTER RABBIT GARLAND,15,2011-03-16 12:26:00,2.55,12849.0,United Kingdom
546742,22502,PICNIC BASKET WICKER SMALL,1,2011-03-16 12:26:00,5.95,12849.0,United Kingdom
546742,85206A,CREAM FELT EASTER EGG BASKET,1,2011-03-16 12:26:00,1.65,12849.0,United Kingdom
546742,22021,BLUE FELT EASTER EGG BASKET,3,2011-03-16 12:26:00,1.65,12849.0,United Kingdom
546742,85186A,EASTER BUNNY GARLAND OF FLOWERS,24,2011-03-16 12:26:00,0.42,12849.0,United Kingdom
546742,22084,PAPER CHAIN KIT EMPIRE,4,2011-03-16 12:26:00,2.95,12849.0,United Kingdom
546742,20828,GLITTER BUTTERFLY CLIPS,7,2011-03-16 12:26:00,2.55,12849.0,United Kingdom
546742,M,Manual,12,2011-03-16 12:26:00,0.42,12849.0,United Kingdom
546742,M,Manual,6,2011-03-16 12:26:00,2.1,12849.0,United Kingdom
546742,22270,HAPPY EASTER HANGING DECORATION,12,2011-03-16 12:26:00,3.75,12849.0,United Kingdom
546742,22250,DECORATION  BUTTERFLY  MAGIC GARDEN,21,2011-03-16 12:26:00,0.85,12849.0,United Kingdom
546742,85212,MINI PAINTED GARDEN DECORATION ,1,2011-03-16 12:26:00,0.85,12849.0,United Kingdom
546742,85187,S/12 MINI RABBIT EASTER,48,2011-03-16 12:26:00,1.45,12849.0,United Kingdom
546742,22293,HANGING CHICK GREEN DECORATION,24,2011-03-16 12:26:00,1.45,12849.0,United Kingdom
546742,85200,BUNNY EGG BOX,12,2011-03-16 12:26:00,1.25,12849.0,United Kingdom
546742,85194L,HANGING SPRING FLOWER EGG LARGE,36,2011-03-16 12:26:00,0.85,12849.0,United Kingdom
546748,22188,BLACK HEART CARD HOLDER,4,2011-03-16 12:42:00,3.95,15182.0,United Kingdom
546748,22189,CREAM HEART CARD HOLDER,4,2011-03-16 12:42:00,3.95,15182.0,United Kingdom
546748,84884A,ANT WHITE WIRE HEART SPIRAL,5,2011-03-16 12:42:00,3.95,15182.0,United Kingdom
546748,21181,PLEASE ONE PERSON METAL SIGN,12,2011-03-16 12:42:00,2.1,15182.0,United Kingdom
546748,21175,GIN + TONIC DIET METAL SIGN,12,2011-03-16 12:42:00,2.55,15182.0,United Kingdom
546748,47566,PARTY BUNTING,5,2011-03-16 12:42:00,4.95,15182.0,United Kingdom
546748,21381,MINI WOODEN HAPPY BIRTHDAY GARLAND,12,2011-03-16 12:42:00,1.69,15182.0,United Kingdom
546748,21928,JUMBO BAG SCANDINAVIAN BLUE PAISLEY,10,2011-03-16 12:42:00,1.95,15182.0,United Kingdom
546748,21929,JUMBO BAG PINK VINTAGE PAISLEY,10,2011-03-16 12:42:00,1.95,15182.0,United Kingdom
546748,20828,GLITTER BUTTERFLY CLIPS,12,2011-03-16 12:42:00,2.55,15182.0,United Kingdom
546748,20829,GLITTER HANGING BUTTERFLY STRING,16,2011-03-16 12:42:00,2.1,15182.0,United Kingdom
546748,37450,CERAMIC CAKE BOWL + HANGING CAKES,6,2011-03-16 12:42:00,2.95,15182.0,United Kingdom
546748,37446,MINI CAKE STAND WITH HANGING CAKES,8,2011-03-16 12:42:00,1.45,15182.0,United Kingdom
546748,18097C,WHITE TALL PORCELAIN T-LIGHT HOLDER,12,2011-03-16 12:42:00,2.55,15182.0,United Kingdom
546748,18098C,PORCELAIN BUTTERFLY OIL BURNER,12,2011-03-16 12:42:00,2.95,15182.0,United Kingdom
546748,22854,CREAM SWEETHEART EGG HOLDER,4,2011-03-16 12:42:00,4.95,15182.0,United Kingdom
546749,21216,"SET 3 RETROSPOT TEA,COFFEE,SUGAR",8,2011-03-16 12:43:00,4.95,14543.0,United Kingdom
546749,22487,WHITE WOOD GARDEN PLANT LADDER,32,2011-03-16 12:43:00,8.5,14543.0,United Kingdom
546749,22207,FRYING PAN UNION FLAG,4,2011-03-16 12:43:00,4.25,14543.0,United Kingdom
546750,21926,RED/CREAM STRIPE CUSHION COVER ,12,2011-03-16 12:44:00,1.25,14543.0,United Kingdom
546751,85053,FRENCH ENAMEL CANDLEHOLDER,48,2011-03-16 12:45:00,1.69,13668.0,United Kingdom
546751,21181,PLEASE ONE PERSON METAL SIGN,12,2011-03-16 12:45:00,2.1,13668.0,United Kingdom
546751,21175,GIN + TONIC DIET METAL SIGN,12,2011-03-16 12:45:00,2.55,13668.0,United Kingdom
546751,21166,COOK WITH WINE METAL SIGN ,12,2011-03-16 12:45:00,2.08,13668.0,United Kingdom
546751,82583,HOT BATHS METAL SIGN,3,2011-03-16 12:45:00,2.1,13668.0,United Kingdom
546751,82582,AREA PATROLLED METAL SIGN,2,2011-03-16 12:45:00,2.1,13668.0,United Kingdom
546751,22441,GROW YOUR OWN BASIL IN ENAMEL MUG,2,2011-03-16 12:45:00,2.1,13668.0,United Kingdom
546751,22431,WATERING CAN BLUE ELEPHANT,2,2011-03-16 12:45:00,1.95,13668.0,United Kingdom
546751,22432,WATERING CAN PINK BUNNY,2,2011-03-16 12:45:00,1.95,13668.0,United Kingdom
546751,84674,FLYING PIG WATERING CAN,2,2011-03-16 12:45:00,2.95,13668.0,United Kingdom
546751,21259,VICTORIAN SEWING BOX SMALL ,2,2011-03-16 12:45:00,5.95,13668.0,United Kingdom
546751,21784,SHOE SHINE BOX ,1,2011-03-16 12:45:00,9.95,13668.0,United Kingdom
546751,22567,20 DOLLY PEGS RETROSPOT,4,2011-03-16 12:45:00,1.25,13668.0,United Kingdom
546751,22501,PICNIC BASKET WICKER LARGE,1,2011-03-16 12:45:00,9.95,13668.0,United Kingdom
546751,22502,PICNIC BASKET WICKER SMALL,1,2011-03-16 12:45:00,5.95,13668.0,United Kingdom
546751,85040B,SET/4 BLUE FLOWER CANDLES IN BOWL,5,2011-03-16 12:45:00,1.65,13668.0,United Kingdom
546751,85040A,S/4 PINK FLOWER CANDLES IN BOWL,5,2011-03-16 12:45:00,1.65,13668.0,United Kingdom
546751,21916,SET 12 RETRO WHITE CHALK STICKS,4,2011-03-16 12:45:00,0.42,13668.0,United Kingdom
546751,21918,SET 12 KIDS COLOUR  CHALK STICKS,4,2011-03-16 12:45:00,0.42,13668.0,United Kingdom
546751,47566B,TEA TIME PARTY BUNTING,2,2011-03-16 12:45:00,4.95,13668.0,United Kingdom
546751,48173C,DOORMAT BLACK FLOCK ,2,2011-03-16 12:45:00,7.95,13668.0,United Kingdom
546751,48185,DOORMAT FAIRY CAKE,1,2011-03-16 12:45:00,7.95,13668.0,United Kingdom
546751,21504,SKULLS GREETING CARD,12,2011-03-16 12:45:00,0.42,13668.0,United Kingdom
546751,21518,BANK ACCOUNT  GREETING  CARD ,12,2011-03-16 12:45:00,0.42,13668.0,United Kingdom
546751,21519,GIN & TONIC DIET GREETING CARD ,12,2011-03-16 12:45:00,0.42,13668.0,United Kingdom
546751,47566,PARTY BUNTING,2,2011-03-16 12:45:00,4.95,13668.0,United Kingdom
546752,22456,NATURAL SLATE CHALKBOARD LARGE ,6,2011-03-16 12:55:00,4.95,13299.0,United Kingdom
546752,22501,PICNIC BASKET WICKER LARGE,6,2011-03-16 12:55:00,9.95,13299.0,United Kingdom
546752,22699,ROSES REGENCY TEACUP AND SAUCER ,6,2011-03-16 12:55:00,2.95,13299.0,United Kingdom
546752,22326,ROUND SNACK BOXES SET OF4 WOODLAND ,6,2011-03-16 12:55:00,2.95,13299.0,United Kingdom
546752,22457,NATURAL SLATE HEART CHALKBOARD ,6,2011-03-16 12:55:00,2.95,13299.0,United Kingdom
546753,22711,WRAP CIRCUS PARADE,25,2011-03-16 13:00:00,0.42,16383.0,United Kingdom
546753,21389,IVORY HANGING DECORATION  BIRD,6,2011-03-16 13:00:00,0.85,16383.0,United Kingdom
546753,85049D,BRIGHT BLUES RIBBONS ,1,2011-03-16 13:00:00,1.25,16383.0,United Kingdom
546753,22292,HANGING CHICK  YELLOW DECORATION,6,2011-03-16 13:00:00,1.45,16383.0,United Kingdom
546753,22291,HANGING CHICK CREAM DECORATION,3,2011-03-16 13:00:00,1.45,16383.0,United Kingdom
546753,22653,BUTTON BOX ,2,2011-03-16 13:00:00,1.95,16383.0,United Kingdom
546753,22654,DELUXE SEWING KIT ,2,2011-03-16 13:00:00,5.95,16383.0,United Kingdom
546753,22566,FELTCRAFT HAIRBAND PINK AND PURPLE,12,2011-03-16 13:00:00,0.85,16383.0,United Kingdom
546753,85040B,SET/4 BLUE FLOWER CANDLES IN BOWL,2,2011-03-16 13:00:00,1.65,16383.0,United Kingdom
546753,22334,DINOSAUR PARTY BAG + STICKER SET,2,2011-03-16 13:00:00,1.65,16383.0,United Kingdom
546753,22332,SKULLS PARTY BAG + STICKER SET,2,2011-03-16 13:00:00,1.65,16383.0,United Kingdom
546753,22331,WOODLAND PARTY BAG + STICKER SET,2,2011-03-16 13:00:00,1.65,16383.0,United Kingdom
546753,84077,WORLD WAR 2 GLIDERS ASSTD DESIGNS,48,2011-03-16 13:00:00,0.29,16383.0,United Kingdom
546753,85040A,S/4 PINK FLOWER CANDLES IN BOWL,2,2011-03-16 13:00:00,1.65,16383.0,United Kingdom
546753,20971,PINK BLUE FELT CRAFT TRINKET BOX,1,2011-03-16 13:00:00,1.25,16383.0,United Kingdom
546753,20972,PINK CREAM FELT CRAFT TRINKET BOX ,2,2011-03-16 13:00:00,1.25,16383.0,United Kingdom
546753,21826,EIGHT PIECE DINOSAUR SET,6,2011-03-16 13:00:00,1.25,16383.0,United Kingdom
546753,21828,EIGHT PIECE SNAKE  SET,6,2011-03-16 13:00:00,1.25,16383.0,United Kingdom
546753,22740,POLKADOT PEN,48,2011-03-16 13:00:00,0.85,16383.0,United Kingdom
546753,20983,12 PENCILS TALL TUBE RED RETROSPOT,2,2011-03-16 13:00:00,0.85,16383.0,United Kingdom
546753,20975,12 PENCILS SMALL TUBE RED RETROSPOT,2,2011-03-16 13:00:00,0.65,16383.0,United Kingdom
546753,47599A,PINK PARTY BAGS,2,2011-03-16 13:00:00,2.1,16383.0,United Kingdom
546753,20969,RED FLORAL FELTCRAFT SHOULDER BAG,2,2011-03-16 13:00:00,3.75,16383.0,United Kingdom
546753,20970,PINK FLORAL FELTCRAFT SHOULDER BAG,2,2011-03-16 13:00:00,3.75,16383.0,United Kingdom
546753,16156S,WRAP PINK FAIRY CAKES ,25,2011-03-16 13:00:00,0.42,16383.0,United Kingdom
546753,20725,LUNCH BAG RED RETROSPOT,2,2011-03-16 13:00:00,1.65,16383.0,United Kingdom
546753,22384,LUNCH BAG PINK POLKADOT,2,2011-03-16 13:00:00,1.65,16383.0,United Kingdom
546753,85049F,BABY BOOM RIBBONS ,1,2011-03-16 13:00:00,1.25,16383.0,United Kingdom
546753,85049G,CHOCOLATE BOX RIBBONS ,4,2011-03-16 13:00:00,1.25,16383.0,United Kingdom
546753,85049C,ROMANTIC PINKS RIBBONS ,3,2011-03-16 13:00:00,1.25,16383.0,United Kingdom
546753,22076,6 RIBBONS EMPIRE  ,3,2011-03-16 13:00:00,1.65,16383.0,United Kingdom
546753,22074,6 RIBBONS SHIMMERING PINKS ,3,2011-03-16 13:00:00,1.65,16383.0,United Kingdom
546753,85049D,BRIGHT BLUES RIBBONS ,3,2011-03-16 13:00:00,1.25,16383.0,United Kingdom
546753,85049F,BABY BOOM RIBBONS ,3,2011-03-16 13:00:00,1.25,16383.0,United Kingdom
546753,85049E,SCANDINAVIAN REDS RIBBONS,3,2011-03-16 13:00:00,1.25,16383.0,United Kingdom
546753,22489,PACK OF 12 TRADITIONAL CRAYONS,2,2011-03-16 13:00:00,0.42,16383.0,United Kingdom
546753,22759,SET OF 3 NOTEBOOKS IN PARCEL,2,2011-03-16 13:00:00,1.65,16383.0,United Kingdom
546753,22090,PAPER BUNTING RETROSPOT,2,2011-03-16 13:00:00,2.95,16383.0,United Kingdom
546753,21328,BALLOONS  WRITING SET ,2,2011-03-16 13:00:00,1.65,16383.0,United Kingdom
546753,21327,SKULLS WRITING SET ,2,2011-03-16 13:00:00,1.65,16383.0,United Kingdom
546753,21329,DINOSAURS  WRITING SET ,2,2011-03-16 13:00:00,1.65,16383.0,United Kingdom
546753,22491,PACK OF 12 COLOURED PENCILS,3,2011-03-16 13:00:00,0.85,16383.0,United Kingdom
546753,22489,PACK OF 12 TRADITIONAL CRAYONS,1,2011-03-16 13:00:00,0.42,16383.0,United Kingdom
546753,21833,CAMOUFLAGE LED TORCH,12,2011-03-16 13:00:00,1.69,16383.0,United Kingdom
546753,85123A,WHITE HANGING HEART T-LIGHT HOLDER,2,2011-03-16 13:00:00,2.95,16383.0,United Kingdom
546753,21993,FLORAL FOLK STATIONERY SET,1,2011-03-16 13:00:00,2.95,16383.0,United Kingdom
546753,20751,FUNKY WASHING UP GLOVES ASSORTED,1,2011-03-16 13:00:00,2.1,16383.0,United Kingdom
546753,85040B,SET/4 BLUE FLOWER CANDLES IN BOWL,6,2011-03-16 13:00:00,1.65,16383.0,United Kingdom
546753,85039B,S/4 IVORY MINI ROSE CANDLE IN BOWL,2,2011-03-16 13:00:00,1.65,16383.0,United Kingdom
546753,85040A,S/4 PINK FLOWER CANDLES IN BOWL,4,2011-03-16 13:00:00,1.65,16383.0,United Kingdom
546753,82482,WOODEN PICTURE FRAME WHITE FINISH,1,2011-03-16 13:00:00,2.55,16383.0,United Kingdom
546753,22488,NATURAL SLATE RECTANGLE CHALKBOARD,1,2011-03-16 13:00:00,1.65,16383.0,United Kingdom
546753,21145,ANTIQUE GLASS PLACE SETTING,12,2011-03-16 13:00:00,1.25,16383.0,United Kingdom
546754,84992,72 SWEETHEART FAIRY CAKE CASES,480,2011-03-16 13:13:00,0.4,13027.0,United Kingdom
546754,84991,60 TEATIME FAIRY CAKE CASES,240,2011-03-16 13:13:00,0.4,13027.0,United Kingdom
546754,21212,PACK OF 72 RETROSPOT CAKE CASES,240,2011-03-16 13:13:00,0.4,13027.0,United Kingdom
546755,22754,SMALL RED BABUSHKA NOTEBOOK ,12,2011-03-16 13:29:00,0.85,12502.0,Spain
546755,85161,ACRYLIC GEOMETRIC LAMP,1,2011-03-16 13:29:00,18.95,12502.0,Spain
546755,22326,ROUND SNACK BOXES SET OF4 WOODLAND ,6,2011-03-16 13:29:00,2.95,12502.0,Spain
546755,22383,LUNCH BAG SUKI DESIGN ,10,2011-03-16 13:29:00,1.65,12502.0,Spain
546755,84870B,BLUE GEISHA GIRL ,4,2011-03-16 13:29:00,3.75,12502.0,Spain
546755,21656,RIDGED GLASS POSY VASE ,6,2011-03-16 13:29:00,1.45,12502.0,Spain
546755,22725,ALARM CLOCK BAKELIKE CHOCOLATE,4,2011-03-16 13:29:00,3.75,12502.0,Spain
546755,22727,ALARM CLOCK BAKELIKE RED ,4,2011-03-16 13:29:00,3.75,12502.0,Spain
546755,22728,ALARM CLOCK BAKELIKE PINK,4,2011-03-16 13:29:00,3.75,12502.0,Spain
546755,22968,ROSE COTTAGE KEEPSAKE BOX ,2,2011-03-16 13:29:00,9.95,12502.0,Spain
546755,85141,JARDIN ETCHED GLASS FRUITBOWL,1,2011-03-16 13:29:00,10.75,12502.0,Spain
546755,85144,JARDIN ETCHED GLASS CHEESE DISH,4,2011-03-16 13:29:00,7.25,12502.0,Spain
546755,21523,DOORMAT FANCY FONT HOME SWEET HOME,2,2011-03-16 13:29:00,7.95,12502.0,Spain
546755,21524,DOORMAT SPOTTY HOME SWEET HOME,2,2011-03-16 13:29:00,7.95,12502.0,Spain
546755,22691,DOORMAT WELCOME SUNRISE,2,2011-03-16 13:29:00,7.95,12502.0,Spain
546755,22692,DOORMAT WELCOME TO OUR HOME,2,2011-03-16 13:29:00,7.95,12502.0,Spain
546755,48194,DOORMAT HEARTS,2,2011-03-16 13:29:00,7.95,12502.0,Spain
546755,22485,SET OF 2 WOODEN MARKET CRATES,2,2011-03-16 13:29:00,12.75,12502.0,Spain
546755,22781,GUMBALL MAGAZINE RACK,4,2011-03-16 13:29:00,7.65,12502.0,Spain
546755,21314,SMALL GLASS HEART TRINKET POT,8,2011-03-16 13:29:00,2.1,12502.0,Spain
546755,22423,REGENCY CAKESTAND 3 TIER,6,2011-03-16 13:29:00,12.75,12502.0,Spain
546755,22178,VICTORIAN GLASS HANGING T-LIGHT,12,2011-03-16 13:29:00,1.25,12502.0,Spain
546755,22449,SILK PURSE BABUSHKA PINK,6,2011-03-16 13:29:00,3.35,12502.0,Spain
546755,21577,SAVE THE PLANET COTTON TOTE BAG,6,2011-03-16 13:29:00,2.25,12502.0,Spain
546755,21232,STRAWBERRY CERAMIC TRINKET BOX,12,2011-03-16 13:29:00,1.25,12502.0,Spain
546755,22467,GUMBALL COAT RACK,6,2011-03-16 13:29:00,2.55,12502.0,Spain
546755,79051A,SMOKEY GREY COLOUR D.O.F. GLASS,24,2011-03-16 13:29:00,0.65,12502.0,Spain
546755,79030G,"TUMBLER, NEW ENGLAND",12,2011-03-16 13:29:00,1.65,12502.0,Spain
546755,21317,GLASS SPHERE CANDLE STAND MEDIUM,2,2011-03-16 13:29:00,5.45,12502.0,Spain
546755,22626,BLACK KITCHEN SCALES,2,2011-03-16 13:29:00,8.5,12502.0,Spain
546755,POST,POSTAGE,5,2011-03-16 13:29:00,28.0,12502.0,Spain
546756,79067,,-5,2011-03-16 13:31:00,0.0,,United Kingdom
546757,21188,3D HEARTS  HONEYCOMB PAPER GARLAND,12,2011-03-16 13:44:00,2.95,15381.0,United Kingdom
546757,21201,TROPICAL  HONEYCOMB PAPER GARLAND ,12,2011-03-16 13:44:00,2.55,15381.0,United Kingdom
546757,21202,DOLLY HONEYCOMB GARLAND,12,2011-03-16 13:44:00,1.65,15381.0,United Kingdom
546757,21204,DAISIES  HONEYCOMB GARLAND ,24,2011-03-16 13:44:00,1.65,15381.0,United Kingdom
546757,21206,STRAWBERRY HONEYCOMB  GARLAND ,48,2011-03-16 13:44:00,1.45,15381.0,United Kingdom
546757,21187,WHITE BELL HONEYCOMB PAPER GARLAND ,48,2011-03-16 13:44:00,1.45,15381.0,United Kingdom
546757,22957,SET 3 PAPER VINTAGE CHICK PAPER EGG,6,2011-03-16 13:44:00,2.95,15381.0,United Kingdom
C546758,22212,FOUR HOOK  WHITE LOVEBIRDS,-1,2011-03-16 13:47:00,2.1,,United Kingdom
546759,23054,RECYCLED ACAPULCO MAT LAVENDER,2,2011-03-16 13:58:00,8.25,12712.0,Germany
546759,23053,RECYCLED ACAPULCO MAT PINK,2,2011-03-16 13:58:00,8.25,12712.0,Germany
546759,23050,RECYCLED ACAPULCO MAT GREEN,2,2011-03-16 13:58:00,8.25,12712.0,Germany
546759,23052,RECYCLED ACAPULCO MAT TURQUOISE,2,2011-03-16 13:58:00,8.25,12712.0,Germany
546759,20702,PINK PADDED MOBILE,9,2011-03-16 13:58:00,4.25,12712.0,Germany
546759,22171,3 HOOK PHOTO SHELF ANTIQUE WHITE,8,2011-03-16 13:58:00,8.5,12712.0,Germany
546759,22788,BROCANTE COAT RACK,4,2011-03-16 13:58:00,9.95,12712.0,Germany
546759,22554,PLASTERS IN TIN WOODLAND ANIMALS,12,2011-03-16 13:58:00,1.65,12712.0,Germany
546759,22550,HOLIDAY FUN LUDO,4,2011-03-16 13:58:00,3.75,12712.0,Germany
546759,15056N,EDWARDIAN PARASOL NATURAL,3,2011-03-16 13:58:00,5.95,12712.0,Germany
546759,POST,POSTAGE,2,2011-03-16 13:58:00,18.0,12712.0,Germany
546760,POST,POSTAGE,3,2011-03-16 14:00:00,28.0,12597.0,Spain
546760,22138,BAKING SET 9 PIECE RETROSPOT ,3,2011-03-16 14:00:00,4.95,12597.0,Spain
546760,21880,RED RETROSPOT TAPE,12,2011-03-16 14:00:00,0.65,12597.0,Spain
546760,21883,STARS GIFT TAPE ,12,2011-03-16 14:00:00,0.65,12597.0,Spain
546760,22271,FELTCRAFT DOLL ROSIE,6,2011-03-16 14:00:00,2.95,12597.0,Spain
546760,22621,TRADITIONAL KNITTING NANCY,12,2011-03-16 14:00:00,1.45,12597.0,Spain
546760,21428,SET3 BOOK BOX GREEN GINGHAM FLOWER ,4,2011-03-16 14:00:00,4.25,12597.0,Spain
546760,21114,LAVENDER SCENTED FABRIC HEART,10,2011-03-16 14:00:00,1.25,12597.0,Spain
546760,22180,RETROSPOT LAMP,1,2011-03-16 14:00:00,9.95,12597.0,Spain
546760,22960,JAM MAKING SET WITH JARS,6,2011-03-16 14:00:00,4.25,12597.0,Spain
546760,22989,SET 2 PANTRY DESIGN TEA TOWELS,6,2011-03-16 14:00:00,3.25,12597.0,Spain
546760,22720,SET OF 3 CAKE TINS PANTRY DESIGN ,3,2011-03-16 14:00:00,4.95,12597.0,Spain
546760,22699,ROSES REGENCY TEACUP AND SAUCER ,6,2011-03-16 14:00:00,2.95,12597.0,Spain
546760,22697,GREEN REGENCY TEACUP AND SAUCER,6,2011-03-16 14:00:00,2.95,12597.0,Spain
546760,22636,CHILDS BREAKFAST SET CIRCUS PARADE,2,2011-03-16 14:00:00,8.5,12597.0,Spain
546760,22723,SET OF 6 HERB TINS SKETCHBOOK,4,2011-03-16 14:00:00,3.95,12597.0,Spain
546760,21977,PACK OF 60 PINK PAISLEY CAKE CASES,24,2011-03-16 14:00:00,0.55,12597.0,Spain
546760,84991,60 TEATIME FAIRY CAKE CASES,24,2011-03-16 14:00:00,0.55,12597.0,Spain
546760,22891,TEA FOR ONE POLKADOT,3,2011-03-16 14:00:00,4.25,12597.0,Spain
546760,22728,ALARM CLOCK BAKELIKE PINK,4,2011-03-16 14:00:00,3.75,12597.0,Spain
546760,22361,GLASS JAR DAISY FRESH COTTON WOOL,6,2011-03-16 14:00:00,2.95,12597.0,Spain
546760,82581,TOILET METAL SIGN,12,2011-03-16 14:00:00,0.55,12597.0,Spain
546760,22849,BREAD BIN DINER STYLE MINT,1,2011-03-16 14:00:00,16.95,12597.0,Spain
546760,22077,6 RIBBONS RUSTIC CHARM,12,2011-03-16 14:00:00,1.65,12597.0,Spain
546760,22168,ORGANISER WOOD ANTIQUE WHITE ,2,2011-03-16 14:00:00,8.5,12597.0,Spain
546760,20712,JUMBO BAG WOODLAND ANIMALS,10,2011-03-16 14:00:00,1.95,12597.0,Spain
546760,21578,WOODLAND DESIGN  COTTON TOTE BAG,6,2011-03-16 14:00:00,2.25,12597.0,Spain
546760,21577,SAVE THE PLANET COTTON TOTE BAG,6,2011-03-16 14:00:00,2.25,12597.0,Spain
546760,22322,BIRD DECORATION GREEN POLKADOT,12,2011-03-16 14:00:00,0.85,12597.0,Spain
546760,22321,BIRD DECORATION RED RETROSPOT,12,2011-03-16 14:00:00,0.85,12597.0,Spain
546761,21340,CLASSIC METAL BIRDCAGE PLANT HOLDER,4,2011-03-16 14:02:00,12.75,17858.0,United Kingdom
546761,84792,ENCHANTED BIRD COATHANGER 5 HOOK,12,2011-03-16 14:02:00,4.65,17858.0,United Kingdom
546761,84406B,CREAM CUPID HEARTS COAT HANGER,16,2011-03-16 14:02:00,4.15,17858.0,United Kingdom
546761,82482,WOODEN PICTURE FRAME WHITE FINISH,12,2011-03-16 14:02:00,2.55,17858.0,United Kingdom
546761,82494L,WOODEN FRAME ANTIQUE WHITE ,12,2011-03-16 14:02:00,2.95,17858.0,United Kingdom
546761,82483,WOOD 2 DRAWER CABINET WHITE FINISH,16,2011-03-16 14:02:00,5.95,17858.0,United Kingdom
546761,82486,WOOD S/3 CABINET ANT WHITE FINISH,12,2011-03-16 14:02:00,8.15,17858.0,United Kingdom
546762,22317,FIVE CATS HANGING DECORATION,1,2011-03-16 14:12:00,2.95,17961.0,United Kingdom
546762,20728,LUNCH BAG CARS BLUE,1,2011-03-16 14:12:00,1.65,17961.0,United Kingdom
546762,22382,LUNCH BAG SPACEBOY DESIGN ,1,2011-03-16 14:12:00,1.65,17961.0,United Kingdom
546762,20675,BLUE POLKADOT BOWL,2,2011-03-16 14:12:00,1.25,17961.0,United Kingdom
546762,20676,RED RETROSPOT BOWL,3,2011-03-16 14:12:00,1.25,17961.0,United Kingdom
546762,21244,BLUE POLKADOT PLATE ,2,2011-03-16 14:12:00,1.69,17961.0,United Kingdom
546762,21240,BLUE POLKADOT CUP,1,2011-03-16 14:12:00,0.85,17961.0,United Kingdom
546762,22431,WATERING CAN BLUE ELEPHANT,1,2011-03-16 14:12:00,1.95,17961.0,United Kingdom
546762,21034,REX CASH+CARRY JUMBO SHOPPER,10,2011-03-16 14:12:00,0.95,17961.0,United Kingdom
546763,46000R,POLYESTER FILLER PAD 45x30cm,2,2011-03-16 14:24:00,1.45,,United Kingdom
546763,22569,FELTCRAFT CUSHION BUTTERFLY,1,2011-03-16 14:24:00,3.75,,United Kingdom
546763,22568,FELTCRAFT CUSHION OWL,1,2011-03-16 14:24:00,3.75,,United Kingdom
546763,22570,FELTCRAFT CUSHION RABBIT,1,2011-03-16 14:24:00,3.75,,United Kingdom
546763,22667,RECIPE BOX RETROSPOT ,2,2011-03-16 14:24:00,2.95,,United Kingdom
546763,21137,BLACK RECORD COVER FRAME,3,2011-03-16 14:24:00,3.75,,United Kingdom
546763,22786,CUSHION COVER PINK UNION JACK,2,2011-03-16 14:24:00,5.95,,United Kingdom
546763,46000S,POLYESTER FILLER PAD 40x40cm,2,2011-03-16 14:24:00,1.45,,United Kingdom
546763,22785,SQUARECUSHION COVER PINK UNION FLAG,2,2011-03-16 14:24:00,6.75,,United Kingdom
546763,22751,FELTCRAFT PRINCESS OLIVIA DOLL,2,2011-03-16 14:24:00,3.75,,United Kingdom
546763,22750,FELTCRAFT PRINCESS LOLA DOLL,2,2011-03-16 14:24:00,3.75,,United Kingdom
546763,22749,FELTCRAFT PRINCESS CHARLOTTE DOLL,4,2011-03-16 14:24:00,3.75,,United Kingdom
546763,22662,LUNCH BAG DOLLY GIRL DESIGN,4,2011-03-16 14:24:00,1.65,,United Kingdom
546763,20728,LUNCH BAG CARS BLUE,3,2011-03-16 14:24:00,1.65,,United Kingdom
546763,22630,DOLLY GIRL LUNCH BOX,4,2011-03-16 14:24:00,1.95,,United Kingdom
546763,22629,SPACEBOY LUNCH BOX ,2,2011-03-16 14:24:00,1.95,,United Kingdom
546764,22508,DOORSTOP RETROSPOT HEART,4,2011-03-16 14:31:00,3.75,15671.0,United Kingdom
546764,22595,GINGHAM HEART DECORATION,12,2011-03-16 14:31:00,0.85,15671.0,United Kingdom
546764,22457,NATURAL SLATE HEART CHALKBOARD ,12,2011-03-16 14:31:00,2.95,15671.0,United Kingdom
546764,22465,HANGING METAL STAR LANTERN,12,2011-03-16 14:31:00,1.65,15671.0,United Kingdom
546764,85066,CREAM SWEETHEART MINI CHEST,2,2011-03-16 14:31:00,12.75,15671.0,United Kingdom
546764,22185,SLATE TILE NATURAL HANGING,12,2011-03-16 14:31:00,1.65,15671.0,United Kingdom
546764,22558,CLOTHES PEGS RETROSPOT PACK 24 ,12,2011-03-16 14:31:00,1.49,15671.0,United Kingdom
546764,22084,PAPER CHAIN KIT EMPIRE,6,2011-03-16 14:31:00,2.95,15671.0,United Kingdom
546764,22759,SET OF 3 NOTEBOOKS IN PARCEL,12,2011-03-16 14:31:00,1.65,15671.0,United Kingdom
546764,22483,RED GINGHAM TEDDY BEAR ,6,2011-03-16 14:31:00,2.95,15671.0,United Kingdom
546764,84970L,SINGLE HEART ZINC T-LIGHT HOLDER,12,2011-03-16 14:31:00,0.95,15671.0,United Kingdom
546764,22083,PAPER CHAIN KIT RETROSPOT,6,2011-03-16 14:31:00,2.95,15671.0,United Kingdom
546764,20975,12 PENCILS SMALL TUBE RED RETROSPOT,24,2011-03-16 14:31:00,0.65,15671.0,United Kingdom
546764,22168,ORGANISER WOOD ANTIQUE WHITE ,2,2011-03-16 14:31:00,8.5,15671.0,United Kingdom
546764,85199L,LARGE HANGING IVORY & RED WOOD BIRD,12,2011-03-16 14:31:00,0.65,15671.0,United Kingdom
546764,84988,SET OF 72 PINK HEART PAPER DOILIES,12,2011-03-16 14:31:00,1.45,15671.0,United Kingdom
546764,22639,SET OF 4 NAPKIN CHARMS HEARTS,6,2011-03-16 14:31:00,2.55,15671.0,United Kingdom
546765,21219,SET/4 BADGES BALLOON GIRL,10,2011-03-16 14:37:00,1.25,12437.0,France
546765,21086,SET/6 RED SPOTTY PAPER CUPS,36,2011-03-16 14:37:00,0.65,12437.0,France
546765,21094,SET/6 RED SPOTTY PAPER PLATES,12,2011-03-16 14:37:00,0.85,12437.0,France
546765,21080,SET/20 RED RETROSPOT PAPER NAPKINS ,12,2011-03-16 14:37:00,0.85,12437.0,France
546765,21244,BLUE POLKADOT PLATE ,8,2011-03-16 14:37:00,1.69,12437.0,France
546765,21843,RED RETROSPOT CAKE STAND,3,2011-03-16 14:37:00,10.95,12437.0,France
546765,21243,PINK  POLKADOT PLATE ,16,2011-03-16 14:37:00,1.69,12437.0,France
546765,POST,POSTAGE,1,2011-03-16 14:37:00,18.0,12437.0,France
546766,84741C,CITRUS GARLAND FELT FLOWERS ,6,2011-03-16 14:49:00,1.95,12971.0,United Kingdom
546766,22084,PAPER CHAIN KIT EMPIRE,6,2011-03-16 14:49:00,2.95,12971.0,United Kingdom
546766,22938,CUPCAKE LACE PAPER SET 6,12,2011-03-16 14:49:00,1.95,12971.0,United Kingdom
546767,35915C,PEACH KNITTED HEN ,6,2011-03-16 14:51:00,1.65,12971.0,United Kingdom
546767,22152,PLACE SETTING WHITE STAR,48,2011-03-16 14:51:00,0.42,12971.0,United Kingdom
546767,84988,SET OF 72 PINK HEART PAPER DOILIES,12,2011-03-16 14:51:00,1.45,12971.0,United Kingdom
546767,35915B,BLUE KNITTED HEN ,6,2011-03-16 14:51:00,1.65,12971.0,United Kingdom
546767,22284,HEN HOUSE DECORATION,12,2011-03-16 14:51:00,1.65,12971.0,United Kingdom
546768,22781,GUMBALL MAGAZINE RACK,12,2011-03-16 14:54:00,6.75,15694.0,United Kingdom
546768,47566,PARTY BUNTING,12,2011-03-16 14:54:00,4.95,15694.0,United Kingdom
546768,21137,BLACK RECORD COVER FRAME,24,2011-03-16 14:54:00,3.39,15694.0,United Kingdom
546768,35004B,SET OF 3 BLACK FLYING DUCKS,24,2011-03-16 14:54:00,4.65,15694.0,United Kingdom
546768,20749,ASSORTED COLOUR MINI CASES,12,2011-03-16 14:54:00,6.35,15694.0,United Kingdom
546768,22423,REGENCY CAKESTAND 3 TIER,16,2011-03-16 14:54:00,10.95,15694.0,United Kingdom
546769,84459B,YELLOW METAL CHICKEN HEART ,12,2011-03-16 14:57:00,1.49,17504.0,United Kingdom
546769,84459A,PINK METAL CHICKEN HEART ,12,2011-03-16 14:57:00,1.49,17504.0,United Kingdom
546769,22268,EASTER DECORATION SITTING BUNNY,12,2011-03-16 14:57:00,0.85,17504.0,United Kingdom
546769,22261,FELT EGG COSY WHITE RABBIT ,12,2011-03-16 14:57:00,0.85,17504.0,United Kingdom
546769,22266,EASTER DECORATION HANGING BUNNY,24,2011-03-16 14:57:00,0.65,17504.0,United Kingdom
546769,21385,IVORY HANGING DECORATION  HEART,24,2011-03-16 14:57:00,0.85,17504.0,United Kingdom
546769,22251,BIRDHOUSE DECORATION MAGIC GARDEN,12,2011-03-16 14:57:00,1.25,17504.0,United Kingdom
546769,22250,DECORATION  BUTTERFLY  MAGIC GARDEN,16,2011-03-16 14:57:00,0.85,17504.0,United Kingdom
546769,22249,DECORATION WHITE CHICK MAGIC GARDEN,16,2011-03-16 14:57:00,0.85,17504.0,United Kingdom
546769,22248,DECORATION  PINK CHICK MAGIC GARDEN,16,2011-03-16 14:57:00,0.85,17504.0,United Kingdom
546769,22247,BUNNY DECORATION MAGIC GARDEN,16,2011-03-16 14:57:00,0.85,17504.0,United Kingdom
546769,22228,BUNNY WOODEN PAINTED WITH BIRD ,12,2011-03-16 14:57:00,0.85,17504.0,United Kingdom
546769,22229,BUNNY WOODEN PAINTED WITH FLOWER ,12,2011-03-16 14:57:00,0.85,17504.0,United Kingdom
546769,22233,JIGSAW RABBIT AND BIRDHOUSE,12,2011-03-16 14:57:00,1.65,17504.0,United Kingdom
546769,22231,JIGSAW TREE WITH BIRDHOUSE,12,2011-03-16 14:57:00,1.45,17504.0,United Kingdom
546769,22622,BOX OF VINTAGE ALPHABET BLOCKS,2,2011-03-16 14:57:00,9.95,17504.0,United Kingdom
546769,22621,TRADITIONAL KNITTING NANCY,12,2011-03-16 14:57:00,1.45,17504.0,United Kingdom
546769,22620,4 TRADITIONAL SPINNING TOPS,12,2011-03-16 14:57:00,1.25,17504.0,United Kingdom
546769,22561,WOODEN SCHOOL COLOURING SET,12,2011-03-16 14:57:00,1.65,17504.0,United Kingdom
546769,22499,WOODEN UNION JACK BUNTING,3,2011-03-16 14:57:00,5.95,17504.0,United Kingdom
546769,22423,REGENCY CAKESTAND 3 TIER,7,2011-03-16 14:57:00,12.75,17504.0,United Kingdom
546769,22283,6 EGG HOUSE PAINTED WOOD,2,2011-03-16 14:57:00,7.95,17504.0,United Kingdom
546769,22284,HEN HOUSE DECORATION,12,2011-03-16 14:57:00,1.65,17504.0,United Kingdom
546769,22285,HANGING HEN ON NEST DECORATION,12,2011-03-16 14:57:00,1.65,17504.0,United Kingdom
546769,22465,HANGING METAL STAR LANTERN,12,2011-03-16 14:57:00,1.65,17504.0,United Kingdom
546769,22464,HANGING METAL HEART LANTERN,12,2011-03-16 14:57:00,1.65,17504.0,United Kingdom
546769,22479,DAISY GARDEN MARKER,10,2011-03-16 14:57:00,1.25,17504.0,United Kingdom
546769,22478,BIRDHOUSE GARDEN MARKER ,10,2011-03-16 14:57:00,1.25,17504.0,United Kingdom
546769,22477,WATERING CAN GARDEN MARKER,10,2011-03-16 14:57:00,1.25,17504.0,United Kingdom
546769,21902,"KEY FOB , FRONT  DOOR ",24,2011-03-16 14:57:00,0.65,17504.0,United Kingdom
546769,21901,"KEY FOB , BACK DOOR ",24,2011-03-16 14:57:00,0.65,17504.0,United Kingdom
546769,21900,"KEY FOB , SHED",24,2011-03-16 14:57:00,0.65,17504.0,United Kingdom
546769,21899,"KEY FOB , GARAGE DESIGN",24,2011-03-16 14:57:00,0.65,17504.0,United Kingdom
546769,22845,VINTAGE CREAM CAT FOOD CONTAINER,2,2011-03-16 14:57:00,6.35,17504.0,United Kingdom
546769,22844,VINTAGE CREAM DOG FOOD CONTAINER,2,2011-03-16 14:57:00,8.5,17504.0,United Kingdom
546769,22227,HANGING HEART MIRROR DECORATION ,24,2011-03-16 14:57:00,0.65,17504.0,United Kingdom
546769,22784,LANTERN CREAM GAZEBO ,12,2011-03-16 14:57:00,4.25,17504.0,United Kingdom
546769,22219,LOVEBIRD HANGING DECORATION WHITE ,12,2011-03-16 14:57:00,0.85,17504.0,United Kingdom
546769,22224,WHITE LOVEBIRD LANTERN,6,2011-03-16 14:57:00,2.95,17504.0,United Kingdom
546769,22120,WELCOME  WOODEN BLOCK LETTERS,3,2011-03-16 14:57:00,9.95,17504.0,United Kingdom
546769,21754,HOME BUILDING BLOCK WORD,6,2011-03-16 14:57:00,5.95,17504.0,United Kingdom
546769,82484,WOOD BLACK BOARD ANT WHITE FINISH,6,2011-03-16 14:57:00,7.9,17504.0,United Kingdom
546769,21888,BINGO SET,4,2011-03-16 14:57:00,3.75,17504.0,United Kingdom
546769,21462,"NURSERY A,B,C PAINTED LETTERS",2,2011-03-16 14:57:00,6.75,17504.0,United Kingdom
546770,22423,REGENCY CAKESTAND 3 TIER,1,2011-03-16 15:17:00,12.75,12523.0,France
546770,22269,EGG CUP NATURAL CHICKEN,8,2011-03-16 15:17:00,1.25,12523.0,France
546770,23178,JAM CLOCK MAGNET,6,2011-03-16 15:17:00,2.89,12523.0,France
546770,21671,RED SPOT CERAMIC DRAWER KNOB,12,2011-03-16 15:17:00,1.25,12523.0,France
546770,22797,CHEST OF DRAWERS GINGHAM HEART ,1,2011-03-16 15:17:00,16.95,12523.0,France
546770,22967,SET 3 SONG BIRD PAPER EGGS ASSORTED,6,2011-03-16 15:17:00,2.95,12523.0,France
546770,23233,WRAP POPPIES  DESIGN,25,2011-03-16 15:17:00,0.42,12523.0,France
546770,22720,SET OF 3 CAKE TINS PANTRY DESIGN ,3,2011-03-16 15:17:00,4.95,12523.0,France
546771,21735,TWO DOOR CURIO CABINET,1,2011-03-16 15:19:00,12.75,17515.0,United Kingdom
546771,22426,ENAMEL WASH BOWL CREAM,2,2011-03-16 15:19:00,3.75,17515.0,United Kingdom
546771,22678,FRENCH BLUE METAL DOOR SIGN 3,3,2011-03-16 15:19:00,1.25,17515.0,United Kingdom
546771,22677,FRENCH BLUE METAL DOOR SIGN 2,3,2011-03-16 15:19:00,1.25,17515.0,United Kingdom
546771,22679,FRENCH BLUE METAL DOOR SIGN 4,3,2011-03-16 15:19:00,1.25,17515.0,United Kingdom
546771,22680,FRENCH BLUE METAL DOOR SIGN 5,3,2011-03-16 15:19:00,1.25,17515.0,United Kingdom
546771,22681,FRENCH BLUE METAL DOOR SIGN 6,3,2011-03-16 15:19:00,1.25,17515.0,United Kingdom
546771,22683,FRENCH BLUE METAL DOOR SIGN 8,3,2011-03-16 15:19:00,1.25,17515.0,United Kingdom
546771,22685,FRENCH BLUE METAL DOOR SIGN 0,3,2011-03-16 15:19:00,1.25,17515.0,United Kingdom
546771,22676,FRENCH BLUE METAL DOOR SIGN 1,3,2011-03-16 15:19:00,1.25,17515.0,United Kingdom
546771,22675,FRENCH KITCHEN SIGN BLUE METAL,3,2011-03-16 15:19:00,1.25,17515.0,United Kingdom
546771,22672,FRENCH BATHROOM SIGN BLUE METAL,3,2011-03-16 15:19:00,1.65,17515.0,United Kingdom
546771,23182,TOILET SIGN OCCUPIED OR VACANT,6,2011-03-16 15:19:00,0.83,17515.0,United Kingdom
546771,21476,STEEL SWEETHEART ROUND TABLE CREAM,1,2011-03-16 15:19:00,14.95,17515.0,United Kingdom
546771,23051,RECYCLED ACAPULCO MAT BLUE,2,2011-03-16 15:19:00,8.25,17515.0,United Kingdom
546771,82486,WOOD S/3 CABINET ANT WHITE FINISH,2,2011-03-16 15:19:00,8.95,17515.0,United Kingdom
546771,85059,FRENCH ENAMEL WATER BASIN,2,2011-03-16 15:19:00,3.75,17515.0,United Kingdom
546771,22423,REGENCY CAKESTAND 3 TIER,1,2011-03-16 15:19:00,12.75,17515.0,United Kingdom
546771,82582,AREA PATROLLED METAL SIGN,2,2011-03-16 15:19:00,2.1,17515.0,United Kingdom
546771,21174,POTTERING IN THE SHED METAL SIGN,1,2011-03-16 15:19:00,2.08,17515.0,United Kingdom
546771,21165,BEWARE OF THE CAT METAL SIGN ,1,2011-03-16 15:19:00,1.69,17515.0,United Kingdom
546771,22912,YELLOW COAT RACK PARIS FASHION,2,2011-03-16 15:19:00,4.95,17515.0,United Kingdom
546771,22914,BLUE COAT RACK PARIS FASHION,2,2011-03-16 15:19:00,4.95,17515.0,United Kingdom
546771,22832,BROCANTE SHELF WITH HOOKS,2,2011-03-16 15:19:00,10.75,17515.0,United Kingdom
546771,22829,SWEETHEART WIRE WALL TIDY,1,2011-03-16 15:19:00,9.95,17515.0,United Kingdom
546771,22794,SWEETHEART WIRE MAGAZINE RACK,1,2011-03-16 15:19:00,7.95,17515.0,United Kingdom
546772,21078,SET/20 STRAWBERRY PAPER NAPKINS ,36,2011-03-16 15:34:00,0.85,15030.0,United Kingdom
546772,22907,PACK OF 20 NAPKINS PANTRY DESIGN,24,2011-03-16 15:34:00,0.85,15030.0,United Kingdom
546772,22178,VICTORIAN GLASS HANGING T-LIGHT,96,2011-03-16 15:34:00,1.06,15030.0,United Kingdom
C546773,22941,CHRISTMAS LIGHTS 10 REINDEER,-2,2011-03-16 15:42:00,8.5,14505.0,United Kingdom
C546773,22942,CHRISTMAS LIGHTS 10 SANTAS ,-2,2011-03-16 15:42:00,8.5,14505.0,United Kingdom
546774,22914,BLUE COAT RACK PARIS FASHION,1,2011-03-16 15:45:00,4.95,14505.0,United Kingdom
546774,23053,RECYCLED ACAPULCO MAT PINK,1,2011-03-16 15:45:00,8.25,14505.0,United Kingdom
546774,23052,RECYCLED ACAPULCO MAT TURQUOISE,1,2011-03-16 15:45:00,8.25,14505.0,United Kingdom
546774,23053,RECYCLED ACAPULCO MAT PINK,1,2011-03-16 15:45:00,8.25,14505.0,United Kingdom
546774,23050,RECYCLED ACAPULCO MAT GREEN,1,2011-03-16 15:45:00,8.25,14505.0,United Kingdom
546774,46000M,POLYESTER FILLER PAD 45x45cm,2,2011-03-16 15:45:00,1.55,14505.0,United Kingdom
546774,22411,JUMBO SHOPPER VINTAGE RED PAISLEY,2,2011-03-16 15:45:00,1.95,14505.0,United Kingdom
546774,22967,SET 3 SONG BIRD PAPER EGGS ASSORTED,1,2011-03-16 15:45:00,2.95,14505.0,United Kingdom
546774,22957,SET 3 PAPER VINTAGE CHICK PAPER EGG,2,2011-03-16 15:45:00,2.95,14505.0,United Kingdom
546774,21928,JUMBO BAG SCANDINAVIAN BLUE PAISLEY,4,2011-03-16 15:45:00,1.95,14505.0,United Kingdom
546774,21929,JUMBO BAG PINK VINTAGE PAISLEY,3,2011-03-16 15:45:00,1.95,14505.0,United Kingdom
546774,21931,JUMBO STORAGE BAG SUKI,2,2011-03-16 15:45:00,1.95,14505.0,United Kingdom
546774,20728,LUNCH BAG CARS BLUE,2,2011-03-16 15:45:00,1.65,14505.0,United Kingdom
546774,22785,SQUARECUSHION COVER PINK UNION FLAG,2,2011-03-16 15:45:00,6.75,14505.0,United Kingdom
546774,79321,CHILLI LIGHTS,2,2011-03-16 15:45:00,5.75,14505.0,United Kingdom
546774,85232D,SET/3 DECOUPAGE STACKING TINS,1,2011-03-16 15:45:00,4.95,14505.0,United Kingdom
546774,22263,FELT EGG COSY LADYBIRD ,3,2011-03-16 15:45:00,0.85,14505.0,United Kingdom
546774,21470,FLOWER VINE RAFFIA FOOD COVER,2,2011-03-16 15:45:00,3.75,14505.0,United Kingdom
546774,21468,BUTTERFLY CROCHET FOOD COVER,1,2011-03-16 15:45:00,3.75,14505.0,United Kingdom
546774,21467,CHERRY CROCHET FOOD COVER,2,2011-03-16 15:45:00,3.75,14505.0,United Kingdom
546774,21466,RED FLOWER CROCHET FOOD COVER,1,2011-03-16 15:45:00,3.75,14505.0,United Kingdom
546774,21472,LADYBIRD + BEE RAFFIA FOOD COVER,1,2011-03-16 15:45:00,3.75,14505.0,United Kingdom
546774,21470,FLOWER VINE RAFFIA FOOD COVER,2,2011-03-16 15:45:00,3.75,14505.0,United Kingdom
546774,22531,MAGIC DRAWING SLATE CIRCUS PARADE  ,5,2011-03-16 15:45:00,0.42,14505.0,United Kingdom
546774,22529,MAGIC DRAWING SLATE GO TO THE FAIR ,2,2011-03-16 15:45:00,0.42,14505.0,United Kingdom
546774,22548,HEADS AND TAILS SPORTING FUN,1,2011-03-16 15:45:00,1.25,14505.0,United Kingdom
546774,21791,VINTAGE HEADS AND TAILS CARD GAME ,2,2011-03-16 15:45:00,1.25,14505.0,United Kingdom
546774,21790,VINTAGE SNAP CARDS,2,2011-03-16 15:45:00,0.85,14505.0,United Kingdom
546774,22662,LUNCH BAG DOLLY GIRL DESIGN,3,2011-03-16 15:45:00,1.65,14505.0,United Kingdom
546774,22383,LUNCH BAG SUKI DESIGN ,5,2011-03-16 15:45:00,1.65,14505.0,United Kingdom
546774,20725,LUNCH BAG RED RETROSPOT,2,2011-03-16 15:45:00,1.65,14505.0,United Kingdom
546774,22295,HEART FILIGREE DOVE LARGE,2,2011-03-16 15:45:00,1.65,14505.0,United Kingdom
546774,85053,FRENCH ENAMEL CANDLEHOLDER,4,2011-03-16 15:45:00,2.1,14505.0,United Kingdom
546774,23177,TREASURE ISLAND BOOK BOX,4,2011-03-16 15:45:00,2.25,14505.0,United Kingdom
546774,22988,SOLDIERS EGG CUP ,6,2011-03-16 15:45:00,1.25,14505.0,United Kingdom
546774,84406B,CREAM CUPID HEARTS COAT HANGER,2,2011-03-16 15:45:00,4.15,14505.0,United Kingdom
546774,22822,CREAM WALL PLANTER HEART SHAPED,1,2011-03-16 15:45:00,5.95,14505.0,United Kingdom
546774,15036,ASSORTED COLOURS SILK FAN,12,2011-03-16 15:45:00,0.75,14505.0,United Kingdom
546774,85195,HANGING HEART BASKET,2,2011-03-16 15:45:00,2.1,14505.0,United Kingdom
546774,21389,IVORY HANGING DECORATION  BIRD,3,2011-03-16 15:45:00,0.85,14505.0,United Kingdom
546774,85189,HANGING BUTTERFLY  EGG,1,2011-03-16 15:45:00,0.85,14505.0,United Kingdom
546774,22292,HANGING CHICK  YELLOW DECORATION,2,2011-03-16 15:45:00,1.45,14505.0,United Kingdom
546774,85189,HANGING BUTTERFLY  EGG,2,2011-03-16 15:45:00,0.85,14505.0,United Kingdom
546774,21454,PAINTED PINK RABBIT ,4,2011-03-16 15:45:00,0.85,14505.0,United Kingdom
546774,22922,FRIDGE MAGNETS US DINER ASSORTED,6,2011-03-16 15:45:00,0.85,14505.0,United Kingdom
546774,85061W,WHITE JEWELLED HEART DECORATION,7,2011-03-16 15:45:00,0.85,14505.0,United Kingdom
546774,84755,COLOUR GLASS T-LIGHT HOLDER HANGING,8,2011-03-16 15:45:00,0.65,14505.0,United Kingdom
546774,22969,HOMEMADE JAM SCENTED CANDLES,12,2011-03-16 15:45:00,1.45,14505.0,United Kingdom
546774,20828,GLITTER BUTTERFLY CLIPS,2,2011-03-16 15:45:00,2.55,14505.0,United Kingdom
546774,85015,SET OF 12  VINTAGE POSTCARD SET,4,2011-03-16 15:45:00,2.55,14505.0,United Kingdom
546774,22907,PACK OF 20 NAPKINS PANTRY DESIGN,1,2011-03-16 15:45:00,0.85,14505.0,United Kingdom
546774,22989,SET 2 PANTRY DESIGN TEA TOWELS,8,2011-03-16 15:45:00,3.25,14505.0,United Kingdom
546774,22851,SET 20 NAPKINS FAIRY CAKES DESIGN ,4,2011-03-16 15:45:00,0.85,14505.0,United Kingdom
546774,22907,PACK OF 20 NAPKINS PANTRY DESIGN,2,2011-03-16 15:45:00,0.85,14505.0,United Kingdom
546774,47566,PARTY BUNTING,2,2011-03-16 15:45:00,4.95,14505.0,United Kingdom
546774,47566B,TEA TIME PARTY BUNTING,2,2011-03-16 15:45:00,4.95,14505.0,United Kingdom
546774,22933,BAKING MOULD EASTER EGG MILK CHOC,1,2011-03-16 15:45:00,2.95,14505.0,United Kingdom
546774,22934,BAKING MOULD EASTER EGG WHITE CHOC,1,2011-03-16 15:45:00,2.95,14505.0,United Kingdom
546774,22775,PURPLE DRAWERKNOB ACRYLIC EDWARDIAN,6,2011-03-16 15:45:00,1.25,14505.0,United Kingdom
546774,22295,HEART FILIGREE DOVE LARGE,2,2011-03-16 15:45:00,1.65,14505.0,United Kingdom
546774,22859,EASTER TIN BUNNY BOUQUET,6,2011-03-16 15:45:00,1.65,14505.0,United Kingdom
546774,85187,S/12 MINI RABBIT EASTER,2,2011-03-16 15:45:00,1.65,14505.0,United Kingdom
546774,84457,SET/3 RABBITS FLOWER SKIPPPING ROPE,1,2011-03-16 15:45:00,0.85,14505.0,United Kingdom
546774,85194L,HANGING SPRING FLOWER EGG LARGE,7,2011-03-16 15:45:00,0.85,14505.0,United Kingdom
546774,85186A,EASTER BUNNY GARLAND OF FLOWERS,4,2011-03-16 15:45:00,0.42,14505.0,United Kingdom
546774,85188A,GREEN METAL SWINGING BUNNY,4,2011-03-16 15:45:00,0.85,14505.0,United Kingdom
546774,21671,RED SPOT CERAMIC DRAWER KNOB,1,2011-03-16 15:45:00,1.25,14505.0,United Kingdom
546774,21672,WHITE SPOT RED CERAMIC DRAWER KNOB,1,2011-03-16 15:45:00,1.25,14505.0,United Kingdom
546774,21671,RED SPOT CERAMIC DRAWER KNOB,2,2011-03-16 15:45:00,1.25,14505.0,United Kingdom
546774,21673,WHITE SPOT BLUE CERAMIC DRAWER KNOB,2,2011-03-16 15:45:00,1.25,14505.0,United Kingdom
546774,22773,GREEN DRAWER KNOB ACRYLIC EDWARDIAN,1,2011-03-16 15:45:00,1.25,14505.0,United Kingdom
546774,22773,GREEN DRAWER KNOB ACRYLIC EDWARDIAN,5,2011-03-16 15:45:00,1.25,14505.0,United Kingdom
546774,21670,BLUE SPOT CERAMIC DRAWER KNOB,2,2011-03-16 15:45:00,1.25,14505.0,United Kingdom
546774,47503A,ASS FLORAL PRINT MULTI SCREWDRIVER,3,2011-03-16 15:45:00,1.25,14505.0,United Kingdom
546774,22128,PARTY CONES CANDY ASSORTED,12,2011-03-16 15:45:00,1.25,14505.0,United Kingdom
546774,47566,PARTY BUNTING,4,2011-03-16 15:45:00,4.95,14505.0,United Kingdom
546774,21775,DECORATIVE FLORE BATHROOM BOTTLE,3,2011-03-16 15:45:00,1.25,14505.0,United Kingdom
546774,21774,DECORATIVE CATS BATHROOM BOTTLE,3,2011-03-16 15:45:00,1.25,14505.0,United Kingdom
546774,21773,DECORATIVE ROSE BATHROOM BOTTLE,3,2011-03-16 15:45:00,1.25,14505.0,United Kingdom
546774,22283,6 EGG HOUSE PAINTED WOOD,1,2011-03-16 15:45:00,7.95,14505.0,United Kingdom
546774,20973,12 PENCIL SMALL TUBE WOODLAND,7,2011-03-16 15:45:00,0.65,14505.0,United Kingdom
546774,84535A,ENGLISH ROSE NOTEBOOK A6 SIZE,3,2011-03-16 15:45:00,0.65,14505.0,United Kingdom
546774,84536A,ENGLISH ROSE NOTEBOOK A7 SIZE,6,2011-03-16 15:45:00,0.42,14505.0,United Kingdom
546774,22993,SET OF 4 PANTRY JELLY MOULDS,3,2011-03-16 15:45:00,1.25,14505.0,United Kingdom
546774,21192,WHITE BELL HONEYCOMB PAPER ,2,2011-03-16 15:45:00,1.65,14505.0,United Kingdom
546774,21187,WHITE BELL HONEYCOMB PAPER GARLAND ,6,2011-03-16 15:45:00,1.65,14505.0,United Kingdom
546774,21191,LARGE WHITE HONEYCOMB PAPER BELL  ,1,2011-03-16 15:45:00,2.1,14505.0,United Kingdom
546774,21195,PINK  HONEYCOMB PAPER BALL ,2,2011-03-16 15:45:00,2.1,14505.0,United Kingdom
546774,21189,WHITE HONEYCOMB PAPER GARLAND ,4,2011-03-16 15:45:00,1.65,14505.0,United Kingdom
546774,21194,PINK  HONEYCOMB PAPER FAN,1,2011-03-16 15:45:00,2.1,14505.0,United Kingdom
546774,21209,MULTICOLOUR HONEYCOMB FAN,4,2011-03-16 15:45:00,1.65,14505.0,United Kingdom
546774,21188,3D HEARTS  HONEYCOMB PAPER GARLAND,2,2011-03-16 15:45:00,2.95,14505.0,United Kingdom
546774,21192,WHITE BELL HONEYCOMB PAPER ,1,2011-03-16 15:45:00,1.65,14505.0,United Kingdom
546774,21194,PINK  HONEYCOMB PAPER FAN,1,2011-03-16 15:45:00,2.1,14505.0,United Kingdom
546774,85059,FRENCH ENAMEL WATER BASIN,2,2011-03-16 15:45:00,3.75,14505.0,United Kingdom
546774,21745,GAOLERS KEYS DECORATIVE GARDEN ,2,2011-03-16 15:45:00,3.75,14505.0,United Kingdom
546774,22441,GROW YOUR OWN BASIL IN ENAMEL MUG,2,2011-03-16 15:45:00,2.1,14505.0,United Kingdom
546774,71459,HANGING JAM JAR T-LIGHT HOLDER,12,2011-03-16 15:45:00,0.85,14505.0,United Kingdom
546774,21625,VINTAGE UNION JACK APRON,3,2011-03-16 15:45:00,6.95,14505.0,United Kingdom
546774,48194,DOORMAT HEARTS,1,2011-03-16 15:45:00,7.95,14505.0,United Kingdom
546774,48187,DOORMAT NEW ENGLAND,1,2011-03-16 15:45:00,7.95,14505.0,United Kingdom
546774,48184,DOORMAT ENGLISH ROSE ,1,2011-03-16 15:45:00,7.95,14505.0,United Kingdom
546775,22988,SOLDIERS EGG CUP ,144,2011-03-16 15:58:00,1.06,17306.0,United Kingdom
546776,22665,RECIPE BOX BLUE SKETCHBOOK DESIGN,6,2011-03-16 16:08:00,2.95,17460.0,United Kingdom
546776,22499,WOODEN UNION JACK BUNTING,3,2011-03-16 16:08:00,5.95,17460.0,United Kingdom
546776,22284,HEN HOUSE DECORATION,12,2011-03-16 16:08:00,1.65,17460.0,United Kingdom
546776,85123A,WHITE HANGING HEART T-LIGHT HOLDER,6,2011-03-16 16:08:00,2.95,17460.0,United Kingdom
546776,22926,IVORY GIANT GARDEN THERMOMETER,3,2011-03-16 16:08:00,5.95,17460.0,United Kingdom
546776,37448,CERAMIC CAKE DESIGN SPOTTED MUG,12,2011-03-16 16:08:00,1.49,17460.0,United Kingdom
546776,37449,CERAMIC CAKE STAND + HANGING CAKES,2,2011-03-16 16:08:00,9.95,17460.0,United Kingdom
546776,22851,SET 20 NAPKINS FAIRY CAKES DESIGN ,12,2011-03-16 16:08:00,0.85,17460.0,United Kingdom
C546777,84978,HANGING HEART JAR T-LIGHT HOLDER,-2,2011-03-16 16:23:00,1.06,17080.0,United Kingdom
546778,22668,PINK BABY BUNTING,5,2011-03-16 16:38:00,2.95,14572.0,United Kingdom
546778,47566B,TEA TIME PARTY BUNTING,2,2011-03-16 16:38:00,4.95,14572.0,United Kingdom
546778,47566,PARTY BUNTING,2,2011-03-16 16:38:00,4.95,14572.0,United Kingdom
546778,47590B,PINK HAPPY BIRTHDAY BUNTING,2,2011-03-16 16:38:00,5.45,14572.0,United Kingdom
546778,47590A,BLUE HAPPY BIRTHDAY BUNTING,1,2011-03-16 16:38:00,5.45,14572.0,United Kingdom
546778,22499,WOODEN UNION JACK BUNTING,5,2011-03-16 16:38:00,5.95,14572.0,United Kingdom
546778,22498,WOODEN REGATTA BUNTING,3,2011-03-16 16:38:00,5.95,14572.0,United Kingdom
546778,21878,PACK OF 6 SANDCASTLE FLAGS ASSORTED,12,2011-03-16 16:38:00,0.85,14572.0,United Kingdom
546778,85152,HAND OVER THE CHOCOLATE   SIGN ,12,2011-03-16 16:38:00,2.1,14572.0,United Kingdom
546778,22413,METAL SIGN TAKE IT OR LEAVE IT ,12,2011-03-16 16:38:00,2.95,14572.0,United Kingdom
546778,21908,CHOCOLATE THIS WAY METAL SIGN,12,2011-03-16 16:38:00,2.1,14572.0,United Kingdom
546778,22970,LONDON BUS COFFEE MUG,6,2011-03-16 16:38:00,2.55,14572.0,United Kingdom
546778,22971,QUEENS GUARD COFFEE MUG,6,2011-03-16 16:38:00,2.55,14572.0,United Kingdom
546778,22090,PAPER BUNTING RETROSPOT,2,2011-03-16 16:38:00,2.95,14572.0,United Kingdom
546778,22089,PAPER BUNTING VINTAGE PAISLEY,1,2011-03-16 16:38:00,2.95,14572.0,United Kingdom
546778,22084,PAPER CHAIN KIT EMPIRE,2,2011-03-16 16:38:00,2.95,14572.0,United Kingdom
546778,84519B,CARROT CHARLIE+LOLA COASTER SET,1,2011-03-16 16:38:00,1.25,14572.0,United Kingdom
546778,22063,CERAMIC BOWL WITH STRAWBERRY DESIGN,2,2011-03-16 16:38:00,2.95,14572.0,United Kingdom
546778,21122,SET/10 PINK POLKADOT PARTY CANDLES,3,2011-03-16 16:38:00,1.25,14572.0,United Kingdom
546778,21124,SET/10 BLUE POLKADOT PARTY CANDLES,3,2011-03-16 16:38:00,1.25,14572.0,United Kingdom
546778,21121,SET/10 RED POLKADOT PARTY CANDLES,2,2011-03-16 16:38:00,1.25,14572.0,United Kingdom
546778,21123,SET/10 IVORY POLKADOT PARTY CANDLES,2,2011-03-16 16:38:00,1.25,14572.0,United Kingdom
546778,20751,FUNKY WASHING UP GLOVES ASSORTED,5,2011-03-16 16:38:00,2.1,14572.0,United Kingdom
546778,37450,CERAMIC CAKE BOWL + HANGING CAKES,2,2011-03-16 16:38:00,2.95,14572.0,United Kingdom
546778,22178,VICTORIAN GLASS HANGING T-LIGHT,12,2011-03-16 16:38:00,1.25,14572.0,United Kingdom
546778,22423,REGENCY CAKESTAND 3 TIER,2,2011-03-16 16:38:00,12.75,14572.0,United Kingdom
546778,22989,SET 2 PANTRY DESIGN TEA TOWELS,3,2011-03-16 16:38:00,3.25,14572.0,United Kingdom
546778,22990,COTTON APRON PANTRY DESIGN,2,2011-03-16 16:38:00,4.95,14572.0,United Kingdom
546778,22900, SET 2 TEA TOWELS I LOVE LONDON ,4,2011-03-16 16:38:00,2.95,14572.0,United Kingdom
546778,21162,TOXIC AREA  DOOR HANGER ,3,2011-03-16 16:38:00,1.45,14572.0,United Kingdom
546778,21161,KEEP OUT BOYS DOOR HANGER ,3,2011-03-16 16:38:00,1.45,14572.0,United Kingdom
546778,21163,DO NOT TOUCH MY STUFF DOOR HANGER ,2,2011-03-16 16:38:00,1.45,14572.0,United Kingdom
546778,21248,DOOR HANGER  MUM + DADS ROOM,7,2011-03-16 16:38:00,1.45,14572.0,United Kingdom
546778,21159,MOODY BOY  DOOR HANGER ,3,2011-03-16 16:38:00,1.45,14572.0,United Kingdom
546778,82599,FANNY'S REST STOPMETAL SIGN,12,2011-03-16 16:38:00,2.1,14572.0,United Kingdom
546778,85150,LADIES & GENTLEMEN METAL SIGN,24,2011-03-16 16:38:00,2.55,14572.0,United Kingdom
546778,22115,METAL SIGN EMPIRE TEA,12,2011-03-16 16:38:00,2.95,14572.0,United Kingdom
546778,85071D,CHARLIE+LOLA MY ROOM DOOR SIGN,5,2011-03-16 16:38:00,2.55,14572.0,United Kingdom
546778,85071C,"CHARLIE+LOLA""EXTREMELY BUSY"" SIGN",5,2011-03-16 16:38:00,2.55,14572.0,United Kingdom
546778,85071A,BLUE CHARLIE+LOLA PERSONAL DOORSIGN,2,2011-03-16 16:38:00,2.95,14572.0,United Kingdom
546778,85071B,RED CHARLIE+LOLA PERSONAL DOORSIGN,8,2011-03-16 16:38:00,2.95,14572.0,United Kingdom
546778,21158,MOODY GIRL DOOR HANGER ,4,2011-03-16 16:38:00,1.45,14572.0,United Kingdom
546778,82582,AREA PATROLLED METAL SIGN,9,2011-03-16 16:38:00,2.1,14572.0,United Kingdom
546778,82600,NO SINGING METAL SIGN,12,2011-03-16 16:38:00,2.1,14572.0,United Kingdom
546778,82567,"AIRLINE LOUNGE,METAL SIGN",12,2011-03-16 16:38:00,2.1,14572.0,United Kingdom
546779,22617,BAKING SET SPACEBOY DESIGN,1,2011-03-16 17:19:00,4.95,,United Kingdom
546779,22138,BAKING SET 9 PIECE RETROSPOT ,2,2011-03-16 17:19:00,4.95,,United Kingdom
