InvoiceNo,StockCode,Description,Quantity,InvoiceDate,UnitPrice,CustomerID,Country
544439,21928,JUMBO BAG SCANDINAVIAN PAISLEY,100,2011-02-20 10:16:00,1.65,13798.0,United Kingdom
544439,21908,CHOCOLATE THIS WAY METAL SIGN,48,2011-02-20 10:16:00,1.85,13798.0,United Kingdom
544439,82581,TOILET METAL SIGN,250,2011-02-20 10:16:00,0.42,13798.0,United Kingdom
544440,22423,REGENCY CAKESTAND 3 TIER,48,2011-02-20 10:28:00,10.95,15465.0,United Kingdom
544440,21430,SET/3 RED GINGHAM ROSE STORAGE BOX,24,2011-02-20 10:28:00,3.39,15465.0,United Kingdom
544440,21756,BATH BUILDING BLOCK WORD,5,2011-02-20 10:28:00,5.95,15465.0,United Kingdom
544440,22666,RECIPE BOX PANTRY YELLOW DESIGN,3,2011-02-20 10:28:00,2.95,15465.0,United Kingdom
544441,21340,CLASSIC METAL BIRDCAGE PLANT HOLDER,8,2011-02-20 10:29:00,9.95,16566.0,United Kingdom
544441,18097C,WHITE TALL PORCELAIN T-LIGHT HOLDER,6,2011-02-20 10:29:00,2.55,16566.0,United Kingdom
C544442,22423,REGENCY CAKESTAND 3 TIER,-3,2011-02-20 10:30:00,10.95,15465.0,United Kingdom
544443,22501,PICNIC BASKET WICKER LARGE,16,2011-02-20 10:43:00,8.5,13725.0,United Kingdom
544444,82484,WOOD BLACK BOARD ANT WHITE FINISH,1,2011-02-20 10:51:00,7.95,13246.0,United Kingdom
544444,23005,TRAVEL CARD WALLET I LOVE LONDON,5,2011-02-20 10:51:00,0.42,13246.0,United Kingdom
544444,22997,TRAVEL CARD WALLET UNION JACK,5,2011-02-20 10:51:00,0.42,13246.0,United Kingdom
544444,23000,TRAVEL CARD WALLET TRANSPORT,5,2011-02-20 10:51:00,0.42,13246.0,United Kingdom
544444,22999,TRAVEL CARD WALLET RETRO PETALS,5,2011-02-20 10:51:00,0.42,13246.0,United Kingdom
544444,22994,TRAVEL CARD WALLET RETROSPOT,10,2011-02-20 10:51:00,0.42,13246.0,United Kingdom
544444,22998,TRAVEL CARD WALLET KEEP CALM,10,2011-02-20 10:51:00,0.42,13246.0,United Kingdom
544444,23003,TRAVEL CARD WALLET VINTAGE ROSE ,10,2011-02-20 10:51:00,0.42,13246.0,United Kingdom
544444,22975,SPACEBOY CHILDRENS EGG CUP,6,2011-02-20 10:51:00,1.25,13246.0,United Kingdom
544444,22972,CHILDREN'S SPACEBOY MUG,6,2011-02-20 10:51:00,1.65,13246.0,United Kingdom
544444,22892,SET OF SALT AND PEPPER TOADSTOOLS,6,2011-02-20 10:51:00,1.25,13246.0,United Kingdom
544444,84970S,HANGING HEART ZINC T-LIGHT HOLDER,12,2011-02-20 10:51:00,0.85,13246.0,United Kingdom
544444,22749,FELTCRAFT PRINCESS CHARLOTTE DOLL,1,2011-02-20 10:51:00,3.75,13246.0,United Kingdom
544444,22748,POPPY'S PLAYHOUSE KITCHEN,1,2011-02-20 10:51:00,2.1,13246.0,United Kingdom
544444,22727,ALARM CLOCK BAKELIKE RED ,1,2011-02-20 10:51:00,3.75,13246.0,United Kingdom
544444,21452,TOADSTOOL MONEY BOX,1,2011-02-20 10:51:00,2.95,13246.0,United Kingdom
544444,21731,RED TOADSTOOL LED NIGHT LIGHT,4,2011-02-20 10:51:00,1.65,13246.0,United Kingdom
544444,22668,PINK BABY BUNTING,50,2011-02-20 10:51:00,2.55,13246.0,United Kingdom
544444,22852,DOG BOWL VINTAGE CREAM,1,2011-02-20 10:51:00,4.25,13246.0,United Kingdom
544444,22844,VINTAGE CREAM DOG FOOD CONTAINER,1,2011-02-20 10:51:00,8.5,13246.0,United Kingdom
544444,20726,LUNCH BAG WOODLAND,10,2011-02-20 10:51:00,1.65,13246.0,United Kingdom
544444,20724,RED RETROSPOT CHARLOTTE BAG,100,2011-02-20 10:51:00,0.72,13246.0,United Kingdom
544444,20719,WOODLAND CHARLOTTE BAG,100,2011-02-20 10:51:00,0.72,13246.0,United Kingdom
544444,20726,LUNCH BAG WOODLAND,10,2011-02-20 10:51:00,1.65,13246.0,United Kingdom
544445,22720,SET OF 3 CAKE TINS PANTRY DESIGN ,2,2011-02-20 10:56:00,4.95,16746.0,United Kingdom
544445,22380,TOY TIDY SPACEBOY  ,5,2011-02-20 10:56:00,2.1,16746.0,United Kingdom
544445,22785,SQUARECUSHION COVER PINK UNION FLAG,2,2011-02-20 10:56:00,6.75,16746.0,United Kingdom
544445,21621,VINTAGE UNION JACK BUNTING,2,2011-02-20 10:56:00,8.5,16746.0,United Kingdom
544445,20972,PINK CREAM FELT CRAFT TRINKET BOX ,12,2011-02-20 10:56:00,1.25,16746.0,United Kingdom
544445,22499,WOODEN UNION JACK BUNTING,2,2011-02-20 10:56:00,5.95,16746.0,United Kingdom
544445,22980,PANTRY SCRUBBING BRUSH,1,2011-02-20 10:56:00,1.65,16746.0,United Kingdom
544445,22399,MAGNETS PACK OF 4 CHILDHOOD MEMORY,3,2011-02-20 10:56:00,1.25,16746.0,United Kingdom
544445,22175,PINK OWL SOFT TOY,1,2011-02-20 10:56:00,2.95,16746.0,United Kingdom
544445,21925,UNION STRIPE CUSHION COVER ,6,2011-02-20 10:56:00,1.25,16746.0,United Kingdom
544445,15056N,EDWARDIAN PARASOL NATURAL,1,2011-02-20 10:56:00,5.95,16746.0,United Kingdom
544445,22727,ALARM CLOCK BAKELIKE RED ,1,2011-02-20 10:56:00,3.75,16746.0,United Kingdom
544445,22728,ALARM CLOCK BAKELIKE PINK,1,2011-02-20 10:56:00,3.75,16746.0,United Kingdom
544445,22872,NUMBER TILE COTTAGE GARDEN 4,2,2011-02-20 10:56:00,1.95,16746.0,United Kingdom
544445,20728,LUNCH BAG CARS BLUE,10,2011-02-20 10:56:00,1.65,16746.0,United Kingdom
544445,22434,BALLOON PUMP WITH 10 BALLOONS,1,2011-02-20 10:56:00,1.95,16746.0,United Kingdom
544445,22780,LIGHT GARLAND BUTTERFILES PINK,4,2011-02-20 10:56:00,4.25,16746.0,United Kingdom
544445,22434,BALLOON PUMP WITH 10 BALLOONS,1,2011-02-20 10:56:00,1.95,16746.0,United Kingdom
544445,22434,BALLOON PUMP WITH 10 BALLOONS,1,2011-02-20 10:56:00,1.95,16746.0,United Kingdom
544445,22383,LUNCH BAG SUKI  DESIGN ,10,2011-02-20 10:56:00,1.65,16746.0,United Kingdom
544445,22620,4 TRADITIONAL SPINNING TOPS,4,2011-02-20 10:56:00,1.25,16746.0,United Kingdom
544445,22621,TRADITIONAL KNITTING NANCY,10,2011-02-20 10:56:00,1.45,16746.0,United Kingdom
544445,22894,TABLECLOTH RED APPLES DESIGN ,1,2011-02-20 10:56:00,9.95,16746.0,United Kingdom
544445,21925,UNION STRIPE CUSHION COVER ,1,2011-02-20 10:56:00,1.25,16746.0,United Kingdom
544445,22898,CHILDRENS APRON APPLES DESIGN,2,2011-02-20 10:56:00,1.95,16746.0,United Kingdom
544445,22175,PINK OWL SOFT TOY,1,2011-02-20 10:56:00,2.95,16746.0,United Kingdom
544445,22837,HOT WATER BOTTLE BABUSHKA ,4,2011-02-20 10:56:00,4.65,16746.0,United Kingdom
544445,22611,VINTAGE UNION JACK SHOPPING BAG,1,2011-02-20 10:56:00,4.95,16746.0,United Kingdom
544445,22939,APRON APPLE DELIGHT,1,2011-02-20 10:56:00,4.95,16746.0,United Kingdom
544445,22446,PIN CUSHION BABUSHKA PINK,1,2011-02-20 10:56:00,3.35,16746.0,United Kingdom
544445,22980,PANTRY SCRUBBING BRUSH,3,2011-02-20 10:56:00,1.65,16746.0,United Kingdom
544445,22448,PIN CUSHION BABUSHKA RED,1,2011-02-20 10:56:00,3.35,16746.0,United Kingdom
544445,22451,SILK PURSE BABUSHKA RED,2,2011-02-20 10:56:00,3.35,16746.0,United Kingdom
544445,22449,SILK PURSE BABUSHKA PINK,2,2011-02-20 10:56:00,3.35,16746.0,United Kingdom
544445,22450,SILK PURSE BABUSHKA BLUE,2,2011-02-20 10:56:00,3.35,16746.0,United Kingdom
544445,22447,PIN CUSHION BABUSHKA BLUE,1,2011-02-20 10:56:00,3.35,16746.0,United Kingdom
544445,21155,RED RETROSPOT PEG BAG,6,2011-02-20 10:56:00,2.55,16746.0,United Kingdom
544445,84969,BOX OF 6 ASSORTED COLOUR TEASPOONS,1,2011-02-20 10:56:00,4.25,16746.0,United Kingdom
544445,22084,PAPER CHAIN KIT EMPIRE,3,2011-02-20 10:56:00,2.95,16746.0,United Kingdom
544445,22148,EASTER CRAFT 4 CHICKS ,4,2011-02-20 10:56:00,1.95,16746.0,United Kingdom
544445,22629,SPACEBOY LUNCH BOX ,2,2011-02-20 10:56:00,1.95,16746.0,United Kingdom
544445,22567,20 DOLLY PEGS RETROSPOT,8,2011-02-20 10:56:00,1.25,16746.0,United Kingdom
544445,21424,WOODLAND STORAGE BOX LARGE ,2,2011-02-20 10:56:00,2.95,16746.0,United Kingdom
544445,22662,LUNCH BAG DOLLY GIRL DESIGN,10,2011-02-20 10:56:00,1.65,16746.0,United Kingdom
544445,22993,SET OF 4 PANTRY JELLY MOULDS,4,2011-02-20 10:56:00,1.25,16746.0,United Kingdom
544445,84968D,SET OF 16 VINTAGE RED CUTLERY,1,2011-02-20 10:56:00,12.75,16746.0,United Kingdom
544445,84968C,SET OF 16 VINTAGE PISTACHIO CUTLERY,1,2011-02-20 10:56:00,12.75,16746.0,United Kingdom
544445,84968A,SET OF 16 VINTAGE ROSE CUTLERY,1,2011-02-20 10:56:00,12.75,16746.0,United Kingdom
544445,20719,WOODLAND CHARLOTTE BAG,10,2011-02-20 10:56:00,0.85,16746.0,United Kingdom
544445,20726,LUNCH BAG WOODLAND,10,2011-02-20 10:56:00,1.65,16746.0,United Kingdom
544445,21949,SET OF 6 STRAWBERRY CHOPSTICKS,6,2011-02-20 10:56:00,1.25,16746.0,United Kingdom
544445,21781,MA CAMPAGNE CUTLERY BOX,2,2011-02-20 10:56:00,14.95,16746.0,United Kingdom
544445,21623,VINTAGE UNION JACK MEMOBOARD,1,2011-02-20 10:56:00,9.95,16746.0,United Kingdom
544445,22423,REGENCY CAKESTAND 3 TIER,3,2011-02-20 10:56:00,12.75,16746.0,United Kingdom
544445,22505,MEMO BOARD COTTAGE DESIGN,2,2011-02-20 10:56:00,4.95,16746.0,United Kingdom
544445,79000,MOROCCAN TEA GLASS,12,2011-02-20 10:56:00,0.85,16746.0,United Kingdom
544445,22968,ROSE COTTAGE KEEPSAKE BOX ,3,2011-02-20 10:56:00,9.95,16746.0,United Kingdom
544445,21622,VINTAGE UNION JACK CUSHION COVER,2,2011-02-20 10:56:00,4.95,16746.0,United Kingdom
544445,15056BL,EDWARDIAN PARASOL BLACK,1,2011-02-20 10:56:00,5.95,16746.0,United Kingdom
544446,21495,SKULLS AND CROSSBONES WRAP,100,2011-02-20 11:28:00,0.42,12891.0,United Kingdom
544447,21314,SMALL GLASS HEART TRINKET POT,4,2011-02-20 11:39:00,2.1,16466.0,United Kingdom
544447,22604,SET OF 4 NAPKIN CHARMS CUTLERY,6,2011-02-20 11:39:00,2.55,16466.0,United Kingdom
544447,22748,POPPY'S PLAYHOUSE KITCHEN,1,2011-02-20 11:39:00,2.1,16466.0,United Kingdom
544447,22745,POPPY'S PLAYHOUSE BEDROOM ,1,2011-02-20 11:39:00,2.1,16466.0,United Kingdom
544447,22284,HEN HOUSE DECORATION,3,2011-02-20 11:39:00,1.65,16466.0,United Kingdom
544447,22285,HANGING HEN ON NEST DECORATION,1,2011-02-20 11:39:00,1.65,16466.0,United Kingdom
544447,84459B,YELLOW METAL CHICKEN HEART ,3,2011-02-20 11:39:00,1.49,16466.0,United Kingdom
544447,22250,DECORATION  BUTTERFLY  MAGIC GARDEN,6,2011-02-20 11:39:00,0.85,16466.0,United Kingdom
544447,22265,EASTER DECORATION NATURAL CHICK,4,2011-02-20 11:39:00,0.65,16466.0,United Kingdom
544447,21442,GREEN BIRDHOUSE DECORATION,3,2011-02-20 11:39:00,0.85,16466.0,United Kingdom
544447,84949,SILVER HANGING T-LIGHT HOLDER,6,2011-02-20 11:39:00,1.65,16466.0,United Kingdom
544447,22265,EASTER DECORATION NATURAL CHICK,2,2011-02-20 11:39:00,0.65,16466.0,United Kingdom
544447,22285,HANGING HEN ON NEST DECORATION,5,2011-02-20 11:39:00,1.65,16466.0,United Kingdom
544447,22229,BUNNY WOODEN PAINTED WITH FLOWER ,3,2011-02-20 11:39:00,0.85,16466.0,United Kingdom
544447,21592,RETROSPOT CIGAR BOX MATCHES ,2,2011-02-20 11:39:00,1.25,16466.0,United Kingdom
544447,21442,GREEN BIRDHOUSE DECORATION,3,2011-02-20 11:39:00,0.85,16466.0,United Kingdom
544447,85123A,WHITE HANGING HEART T-LIGHT HOLDER,12,2011-02-20 11:39:00,2.95,16466.0,United Kingdom
544448,22645,CERAMIC HEART FAIRY CAKE MONEY BANK,1,2011-02-20 12:01:00,1.45,14878.0,United Kingdom
544448,22557,PLASTERS IN TIN VINTAGE PAISLEY ,2,2011-02-20 12:01:00,1.65,14878.0,United Kingdom
544448,22139,RETROSPOT TEA SET CERAMIC 11 PC ,4,2011-02-20 12:01:00,4.95,14878.0,United Kingdom
544448,21700,BIG DOUGHNUT FRIDGE MAGNETS,24,2011-02-20 12:01:00,0.85,14878.0,United Kingdom
544448,84559B,3D SHEET OF CAT STICKERS,1,2011-02-20 12:01:00,0.85,14878.0,United Kingdom
544448,37501,TEA TIME TEA SET IN GIFT BOX,1,2011-02-20 12:01:00,6.95,14878.0,United Kingdom
544448,22996,TRAVEL CARD WALLET VINTAGE TICKET,1,2011-02-20 12:01:00,0.42,14878.0,United Kingdom
544448,22998,TRAVEL CARD WALLET KEEP CALM,2,2011-02-20 12:01:00,0.42,14878.0,United Kingdom
544448,22997,TRAVEL CARD WALLET UNION JACK,5,2011-02-20 12:01:00,0.42,14878.0,United Kingdom
544448,22996,TRAVEL CARD WALLET VINTAGE TICKET,2,2011-02-20 12:01:00,0.42,14878.0,United Kingdom
544448,37448,CERAMIC CAKE DESIGN SPOTTED MUG,2,2011-02-20 12:01:00,1.49,14878.0,United Kingdom
544448,47567B,TEA TIME KITCHEN APRON,2,2011-02-20 12:01:00,5.95,14878.0,United Kingdom
544448,22138,BAKING SET 9 PIECE RETROSPOT ,2,2011-02-20 12:01:00,4.95,14878.0,United Kingdom
544448,21258,VICTORIAN SEWING BOX LARGE,1,2011-02-20 12:01:00,12.75,14878.0,United Kingdom
544448,20856,DENIM PATCH PURSE PINK BUTTERFLY,3,2011-02-20 12:01:00,1.65,14878.0,United Kingdom
544448,20854,BLUE PATCH PURSE PINK HEART,3,2011-02-20 12:01:00,1.65,14878.0,United Kingdom
544448,22510,GINGHAM BABUSHKA DOORSTOP,1,2011-02-20 12:01:00,3.75,14878.0,United Kingdom
544448,22511,RETROSPOT BABUSHKA DOORSTOP,1,2011-02-20 12:01:00,3.75,14878.0,United Kingdom
544449,22567,20 DOLLY PEGS RETROSPOT,2,2011-02-20 12:14:00,1.25,16115.0,United Kingdom
544449,22489,PACK OF 12 TRADITIONAL CRAYONS,4,2011-02-20 12:14:00,0.42,16115.0,United Kingdom
544449,22491,PACK OF 12 COLOURED PENCILS,4,2011-02-20 12:14:00,0.85,16115.0,United Kingdom
544449,22198,LARGE POPCORN HOLDER ,5,2011-02-20 12:14:00,1.65,16115.0,United Kingdom
544449,22197,SMALL POPCORN HOLDER,10,2011-02-20 12:14:00,0.85,16115.0,United Kingdom
544449,22667,RECIPE BOX RETROSPOT ,2,2011-02-20 12:14:00,2.95,16115.0,United Kingdom
544449,22666,RECIPE BOX PANTRY YELLOW DESIGN,2,2011-02-20 12:14:00,2.95,16115.0,United Kingdom
544449,20725,LUNCH BAG RED RETROSPOT,4,2011-02-20 12:14:00,1.65,16115.0,United Kingdom
544449,21042,RED RETROSPOT APRON ,1,2011-02-20 12:14:00,5.95,16115.0,United Kingdom
544449,22256,FELT FARM ANIMAL CHICKEN,2,2011-02-20 12:14:00,1.25,16115.0,United Kingdom
544449,22257,FELT FARM ANIMAL SHEEP,2,2011-02-20 12:14:00,1.25,16115.0,United Kingdom
544449,22258,FELT FARM ANIMAL RABBIT,2,2011-02-20 12:14:00,1.25,16115.0,United Kingdom
544449,21843,RED RETROSPOT CAKE STAND,2,2011-02-20 12:14:00,10.95,16115.0,United Kingdom
544449,21533,RETROSPOT LARGE MILK JUG,1,2011-02-20 12:14:00,4.95,16115.0,United Kingdom
544449,21212,PACK OF 72 RETROSPOT CAKE CASES,12,2011-02-20 12:14:00,0.55,16115.0,United Kingdom
544449,22232,JIGSAW TOADSTOOLS 3 PIECE,2,2011-02-20 12:14:00,1.65,16115.0,United Kingdom
544449,22934,BAKING MOULD EASTER EGG WHITE CHOC,3,2011-02-20 12:14:00,2.95,16115.0,United Kingdom
544449,22671,FRENCH LAUNDRY SIGN BLUE METAL,2,2011-02-20 12:14:00,1.65,16115.0,United Kingdom
544449,22672,FRENCH BATHROOM SIGN BLUE METAL,3,2011-02-20 12:14:00,1.65,16115.0,United Kingdom
544449,22670,FRENCH WC SIGN BLUE METAL,2,2011-02-20 12:14:00,1.25,16115.0,United Kingdom
544449,22720,SET OF 3 CAKE TINS PANTRY DESIGN ,2,2011-02-20 12:14:00,4.95,16115.0,United Kingdom
544449,21535,RED RETROSPOT SMALL MILK JUG,2,2011-02-20 12:14:00,2.55,16115.0,United Kingdom
544449,22722,SET OF 6 SPICE TINS PANTRY DESIGN,2,2011-02-20 12:14:00,3.95,16115.0,United Kingdom
544449,22348,TEA BAG PLATE RED RETROSPOT,4,2011-02-20 12:14:00,0.85,16115.0,United Kingdom
544450,22844,VINTAGE CREAM DOG FOOD CONTAINER,2,2011-02-20 12:23:00,8.5,17811.0,United Kingdom
544450,79066K,RETRO MOD TRAY,6,2011-02-20 12:23:00,0.85,17811.0,United Kingdom
544450,85206A,CREAM FELT EASTER EGG BASKET,3,2011-02-20 12:23:00,1.65,17811.0,United Kingdom
544450,22021,BLUE FELT EASTER EGG BASKET,3,2011-02-20 12:23:00,1.65,17811.0,United Kingdom
544450,22852,DOG BOWL VINTAGE CREAM,4,2011-02-20 12:23:00,4.25,17811.0,United Kingdom
544450,22841,ROUND CAKE TIN VINTAGE GREEN,1,2011-02-20 12:23:00,7.95,17811.0,United Kingdom
544450,84836,ZINC METAL HEART DECORATION,3,2011-02-20 12:23:00,1.25,17811.0,United Kingdom
544450,22296,HEART IVORY TRELLIS LARGE,3,2011-02-20 12:23:00,1.65,17811.0,United Kingdom
544450,22842,BISCUIT TIN VINTAGE RED,1,2011-02-20 12:23:00,6.75,17811.0,United Kingdom
544450,22845,VINTAGE CREAM CAT FOOD CONTAINER,2,2011-02-20 12:23:00,6.35,17811.0,United Kingdom
544450,22843,BISCUIT TIN VINTAGE GREEN,1,2011-02-20 12:23:00,6.75,17811.0,United Kingdom
544450,22840,ROUND CAKE TIN VINTAGE RED,1,2011-02-20 12:23:00,7.95,17811.0,United Kingdom
544450,21870,I CAN ONLY PLEASE ONE PERSON MUG,2,2011-02-20 12:23:00,1.25,17811.0,United Kingdom
544450,21874,GIN AND TONIC MUG,3,2011-02-20 12:23:00,1.25,17811.0,United Kingdom
544450,21870,I CAN ONLY PLEASE ONE PERSON MUG,1,2011-02-20 12:23:00,1.25,17811.0,United Kingdom
544450,22720,SET OF 3 CAKE TINS PANTRY DESIGN ,3,2011-02-20 12:23:00,4.95,17811.0,United Kingdom
544450,22426,ENAMEL WASH BOWL CREAM,3,2011-02-20 12:23:00,3.75,17811.0,United Kingdom
544450,35810A,ENAMEL PINK COFFEE CONTAINER,4,2011-02-20 12:23:00,2.1,17811.0,United Kingdom
544450,22303,COFFEE MUG APPLES DESIGN,6,2011-02-20 12:23:00,2.55,17811.0,United Kingdom
544450,22989,SET 2 PANTRY DESIGN TEA TOWELS,5,2011-02-20 12:23:00,3.25,17811.0,United Kingdom
544450,47591D,PINK FAIRY CAKE CHILDRENS APRON,6,2011-02-20 12:23:00,1.95,17811.0,United Kingdom
544450,22993,SET OF 4 PANTRY JELLY MOULDS,3,2011-02-20 12:23:00,1.25,17811.0,United Kingdom
544450,47567B,TEA TIME KITCHEN APRON,1,2011-02-20 12:23:00,5.95,17811.0,United Kingdom
544450,47570B,TEA TIME TABLE CLOTH,2,2011-02-20 12:23:00,10.65,17811.0,United Kingdom
544450,47567B,TEA TIME KITCHEN APRON,1,2011-02-20 12:23:00,5.95,17811.0,United Kingdom
544450,21155,RED RETROSPOT PEG BAG,2,2011-02-20 12:23:00,2.55,17811.0,United Kingdom
544450,22895,SET OF 2 TEA TOWELS APPLE AND PEARS,5,2011-02-20 12:23:00,2.95,17811.0,United Kingdom
544450,22896,PEG BAG APPLES DESIGN,1,2011-02-20 12:23:00,2.55,17811.0,United Kingdom
544450,22894,TABLECLOTH RED APPLES DESIGN ,3,2011-02-20 12:23:00,9.95,17811.0,United Kingdom
544450,47559B,TEA TIME OVEN GLOVE,5,2011-02-20 12:23:00,1.25,17811.0,United Kingdom
544450,47567B,TEA TIME KITCHEN APRON,1,2011-02-20 12:23:00,5.95,17811.0,United Kingdom
544450,47567B,TEA TIME KITCHEN APRON,1,2011-02-20 12:23:00,5.95,17811.0,United Kingdom
544450,21155,RED RETROSPOT PEG BAG,4,2011-02-20 12:23:00,2.55,17811.0,United Kingdom
544450,21042,RED RETROSPOT APRON ,2,2011-02-20 12:23:00,5.95,17811.0,United Kingdom
544450,22428,ENAMEL FIRE BUCKET CREAM,3,2011-02-20 12:23:00,6.95,17811.0,United Kingdom
544450,22425,ENAMEL COLANDER CREAM,4,2011-02-20 12:23:00,4.95,17811.0,United Kingdom
544450,21042,RED RETROSPOT APRON ,1,2011-02-20 12:23:00,5.95,17811.0,United Kingdom
544450,22895,SET OF 2 TEA TOWELS APPLE AND PEARS,2,2011-02-20 12:23:00,2.95,17811.0,United Kingdom
544450,22897,OVEN MITT APPLES DESIGN,4,2011-02-20 12:23:00,1.45,17811.0,United Kingdom
544450,22896,PEG BAG APPLES DESIGN,4,2011-02-20 12:23:00,2.55,17811.0,United Kingdom
544450,22202,MILK PAN PINK POLKADOT,1,2011-02-20 12:23:00,3.75,17811.0,United Kingdom
544450,22204,MILK PAN BLUE POLKADOT,4,2011-02-20 12:23:00,3.75,17811.0,United Kingdom
544450,22203,MILK PAN RED RETROSPOT,5,2011-02-20 12:23:00,3.75,17811.0,United Kingdom
544450,22199,FRYING PAN RED RETROSPOT,3,2011-02-20 12:23:00,4.25,17811.0,United Kingdom
544450,22200,FRYING PAN PINK POLKADOT,3,2011-02-20 12:23:00,4.25,17811.0,United Kingdom
544450,22201,FRYING PAN BLUE POLKADOT,3,2011-02-20 12:23:00,4.25,17811.0,United Kingdom
544450,21246,RED RETROSPOT BIG BOWL,6,2011-02-20 12:23:00,4.95,17811.0,United Kingdom
544450,21469,POLKA DOT RAFFIA FOOD COVER,4,2011-02-20 12:23:00,3.75,17811.0,United Kingdom
544450,21472,LADYBIRD + BEE RAFFIA FOOD COVER,4,2011-02-20 12:23:00,3.75,17811.0,United Kingdom
544450,22329,ROUND CONTAINER SET OF 5 RETROSPOT,3,2011-02-20 12:23:00,1.65,17811.0,United Kingdom
544450,22430,ENAMEL WATERING CAN CREAM,1,2011-02-20 12:23:00,4.95,17811.0,United Kingdom
544450,21242,RED RETROSPOT PLATE ,8,2011-02-20 12:23:00,1.69,17811.0,United Kingdom
544450,21243,PINK  POLKADOT PLATE ,12,2011-02-20 12:23:00,1.69,17811.0,United Kingdom
544450,21217,RED RETROSPOT ROUND CAKE TINS,2,2011-02-20 12:23:00,9.95,17811.0,United Kingdom
544450,22430,ENAMEL WATERING CAN CREAM,1,2011-02-20 12:23:00,4.95,17811.0,United Kingdom
544450,21238,RED RETROSPOT CUP,13,2011-02-20 12:23:00,0.85,17811.0,United Kingdom
544450,21239,PINK  POLKADOT CUP,13,2011-02-20 12:23:00,0.85,17811.0,United Kingdom
544450,21240,BLUE POLKADOT CUP,5,2011-02-20 12:23:00,0.85,17811.0,United Kingdom
544450,22430,ENAMEL WATERING CAN CREAM,1,2011-02-20 12:23:00,4.95,17811.0,United Kingdom
544450,84997C,CHILDRENS CUTLERY POLKADOT BLUE,5,2011-02-20 12:23:00,4.15,17811.0,United Kingdom
544450,84997D,CHILDRENS CUTLERY POLKADOT PINK,5,2011-02-20 12:23:00,4.15,17811.0,United Kingdom
544450,20675,BLUE POLKADOT BOWL,8,2011-02-20 12:23:00,1.25,17811.0,United Kingdom
544450,22558,CLOTHES PEGS RETROSPOT PACK 24 ,3,2011-02-20 12:23:00,1.49,17811.0,United Kingdom
544450,21987,PACK OF 6 SKULL PAPER CUPS,1,2011-02-20 12:23:00,0.65,17811.0,United Kingdom
544450,21240,BLUE POLKADOT CUP,8,2011-02-20 12:23:00,0.85,17811.0,United Kingdom
544450,20914,SET/5 RED RETROSPOT LID GLASS BOWLS,2,2011-02-20 12:23:00,2.95,17811.0,United Kingdom
544450,21245,GREEN POLKADOT PLATE ,12,2011-02-20 12:23:00,1.69,17811.0,United Kingdom
544450,20674,GREEN POLKADOT BOWL,12,2011-02-20 12:23:00,1.25,17811.0,United Kingdom
544450,21715,GIRLS VINTAGE TIN SEASIDE BUCKET,3,2011-02-20 12:23:00,2.55,17811.0,United Kingdom
544450,21718,RED METAL BEACH SPADE ,6,2011-02-20 12:23:00,1.25,17811.0,United Kingdom
544450,22328,ROUND SNACK BOXES SET OF 4 FRUITS ,3,2011-02-20 12:23:00,2.95,17811.0,United Kingdom
544450,22668,PINK BABY BUNTING,5,2011-02-20 12:23:00,2.95,17811.0,United Kingdom
544450,22278,OVERNIGHT BAG VINTAGE ROSE PAISLEY,3,2011-02-20 12:23:00,4.95,17811.0,United Kingdom
544450,21907,I'M ON HOLIDAY METAL SIGN,3,2011-02-20 12:23:00,2.1,17811.0,United Kingdom
544450,21164,HOME SWEET HOME METAL SIGN ,3,2011-02-20 12:23:00,2.95,17811.0,United Kingdom
544450,22628,PICNIC BOXES SET OF 3 RETROSPOT ,3,2011-02-20 12:23:00,4.95,17811.0,United Kingdom
544450,21789,KIDS RAIN MAC PINK,1,2011-02-20 12:23:00,0.85,17811.0,United Kingdom
544450,22523,CHILDS GARDEN FORK PINK,19,2011-02-20 12:23:00,0.85,17811.0,United Kingdom
544450,22521,CHILDS GARDEN TROWEL PINK,15,2011-02-20 12:23:00,0.85,17811.0,United Kingdom
544450,22669,RED BABY BUNTING ,5,2011-02-20 12:23:00,2.95,17811.0,United Kingdom
544450,22514,CHILDS GARDEN SPADE BLUE,4,2011-02-20 12:23:00,2.1,17811.0,United Kingdom
544450,22515,CHILDS GARDEN SPADE PINK,6,2011-02-20 12:23:00,2.1,17811.0,United Kingdom
544450,22431,WATERING CAN BLUE ELEPHANT,5,2011-02-20 12:23:00,1.95,17811.0,United Kingdom
544450,84674,FLYING PIG WATERING CAN,3,2011-02-20 12:23:00,2.95,17811.0,United Kingdom
544450,22433,WATERING CAN GREEN DINOSAUR,4,2011-02-20 12:23:00,1.95,17811.0,United Kingdom
544450,22457,NATURAL SLATE HEART CHALKBOARD ,4,2011-02-20 12:23:00,2.95,17811.0,United Kingdom
544450,21896,POTTING SHED TWINE,2,2011-02-20 12:23:00,2.1,17811.0,United Kingdom
544450,22522,CHILDS GARDEN FORK BLUE ,10,2011-02-20 12:23:00,0.85,17811.0,United Kingdom
544450,22520,CHILDS GARDEN TROWEL BLUE ,20,2011-02-20 12:23:00,0.85,17811.0,United Kingdom
544450,22519,CHILDS GARDEN BRUSH PINK,3,2011-02-20 12:23:00,2.1,17811.0,United Kingdom
544450,22518,CHILDS GARDEN BRUSH BLUE,5,2011-02-20 12:23:00,2.1,17811.0,United Kingdom
544450,22525,CHILDRENS GARDEN GLOVES PINK,20,2011-02-20 12:23:00,1.25,17811.0,United Kingdom
544450,22524,CHILDRENS GARDEN GLOVES BLUE,20,2011-02-20 12:23:00,1.25,17811.0,United Kingdom
544450,21789,KIDS RAIN MAC PINK,1,2011-02-20 12:23:00,0.85,17811.0,United Kingdom
544450,21788,KIDS RAIN MAC BLUE,5,2011-02-20 12:23:00,0.85,17811.0,United Kingdom
544450,21743,STAR PORTABLE TABLE LIGHT ,4,2011-02-20 12:23:00,2.95,17811.0,United Kingdom
544450,21731,RED TOADSTOOL LED NIGHT LIGHT,2,2011-02-20 12:23:00,1.65,17811.0,United Kingdom
544450,21789,KIDS RAIN MAC PINK,3,2011-02-20 12:23:00,0.85,17811.0,United Kingdom
544450,22379,RECYCLING BAG RETROSPOT ,10,2011-02-20 12:23:00,2.1,17811.0,United Kingdom
544450,22381,TOY TIDY PINK POLKADOT,5,2011-02-20 12:23:00,2.1,17811.0,United Kingdom
544450,21679,SKULLS  STICKERS,1,2011-02-20 12:23:00,0.85,17811.0,United Kingdom
544450,47566B,TEA TIME PARTY BUNTING,5,2011-02-20 12:23:00,4.95,17811.0,United Kingdom
544450,22378,WALL TIDY RETROSPOT ,10,2011-02-20 12:23:00,2.1,17811.0,United Kingdom
544450,22607,WOODEN ROUNDERS GARDEN SET ,4,2011-02-20 12:23:00,9.95,17811.0,United Kingdom
544450,22605,WOODEN CROQUET GARDEN SET,4,2011-02-20 12:23:00,12.75,17811.0,United Kingdom
544450,22485,SET OF 2 WOODEN MARKET CRATES,2,2011-02-20 12:23:00,12.75,17811.0,United Kingdom
544450,20685,DOORMAT RED RETROSPOT,1,2011-02-20 12:23:00,7.95,17811.0,United Kingdom
544450,48116,DOORMAT MULTICOLOUR STRIPE,1,2011-02-20 12:23:00,7.95,17811.0,United Kingdom
544450,48138,DOORMAT UNION FLAG,4,2011-02-20 12:23:00,7.95,17811.0,United Kingdom
C544451,22472,TV DINNER TRAY DOLLY GIRL,-1,2011-02-20 12:31:00,4.95,13097.0,United Kingdom
C544451,21658,GLASS  BEURRE DISH,-1,2011-02-20 12:31:00,3.95,13097.0,United Kingdom
544452,85066,CREAM SWEETHEART MINI CHEST,2,2011-02-20 12:32:00,12.75,14162.0,United Kingdom
544452,22429,ENAMEL MEASURING JUG CREAM,2,2011-02-20 12:32:00,4.25,14162.0,United Kingdom
544452,22426,ENAMEL WASH BOWL CREAM,2,2011-02-20 12:32:00,3.75,14162.0,United Kingdom
544452,85125,SMALL ROUND CUT GLASS CANDLESTICK,2,2011-02-20 12:32:00,4.95,14162.0,United Kingdom
544452,20757,RED DAISY POCKET BOOK ,3,2011-02-20 12:32:00,0.85,14162.0,United Kingdom
544452,21986,PACK OF 12 PINK POLKADOT TISSUES,12,2011-02-20 12:32:00,0.29,14162.0,United Kingdom
544452,84917,WHITE HAND TOWEL WITH BUTTERFLY,3,2011-02-20 12:32:00,5.95,14162.0,United Kingdom
544452,22470,HEART OF WICKER LARGE,2,2011-02-20 12:32:00,2.95,14162.0,United Kingdom
544452,84806A,PINK CANDYSTUFT ARTIFICIAL FLOWER,12,2011-02-20 12:32:00,1.45,14162.0,United Kingdom
544452,84799,SPRIG LAVENDER ARTIFICIAL FLOWER,16,2011-02-20 12:32:00,1.25,14162.0,United Kingdom
544452,22740,POLKADOT PEN,48,2011-02-20 12:32:00,0.85,14162.0,United Kingdom
544452,85144,JARDIN ETCHED GLASS CHEESE DISH,2,2011-02-20 12:32:00,7.25,14162.0,United Kingdom
544452,21034,REX CASH+CARRY JUMBO SHOPPER,4,2011-02-20 12:32:00,0.95,14162.0,United Kingdom
544453,22200,FRYING PAN PINK POLKADOT,1,2011-02-20 13:06:00,4.25,17214.0,United Kingdom
544453,22469,HEART OF WICKER SMALL,1,2011-02-20 13:06:00,1.65,17214.0,United Kingdom
544453,85169C,EAU DE NIL LOVE BIRD CANDLE,2,2011-02-20 13:06:00,1.25,17214.0,United Kingdom
544453,85169B,BLACK LOVE BIRD CANDLE,2,2011-02-20 13:06:00,1.25,17214.0,United Kingdom
544453,22095,LADS ONLY TISSUE BOX,1,2011-02-20 13:06:00,1.25,17214.0,United Kingdom
544453,21361,LOVE LARGE WOOD LETTERS ,2,2011-02-20 13:06:00,12.75,17214.0,United Kingdom
544453,21179,NO JUNK MAIL METAL SIGN,1,2011-02-20 13:06:00,1.25,17214.0,United Kingdom
544453,22117,METAL SIGN HER DINNER IS SERVED ,2,2011-02-20 13:06:00,2.95,17214.0,United Kingdom
544453,21181,PLEASE ONE PERSON METAL SIGN,2,2011-02-20 13:06:00,2.1,17214.0,United Kingdom
544453,21179,NO JUNK MAIL METAL SIGN,6,2011-02-20 13:06:00,1.25,17214.0,United Kingdom
544453,85114A,BLACK ENCHANTED FOREST PLACEMAT,6,2011-02-20 13:06:00,1.65,17214.0,United Kingdom
544453,21363,HOME SMALL WOOD LETTERS,2,2011-02-20 13:06:00,4.95,17214.0,United Kingdom
544453,21034,REX CASH+CARRY JUMBO SHOPPER,1,2011-02-20 13:06:00,0.95,17214.0,United Kingdom
544453,84952C,MIRROR LOVE BIRD T-LIGHT HOLDER,5,2011-02-20 13:06:00,3.75,17214.0,United Kingdom
544453,79337,BLUE FLOCK GLASS CANDLEHOLDER,6,2011-02-20 13:06:00,1.65,17214.0,United Kingdom
544453,79331,PINK FLOCK GLASS CANDLEHOLDER,6,2011-02-20 13:06:00,1.65,17214.0,United Kingdom
544453,21756,BATH BUILDING BLOCK WORD,2,2011-02-20 13:06:00,5.95,17214.0,United Kingdom
544453,21755,LOVE BUILDING BLOCK WORD,2,2011-02-20 13:06:00,5.95,17214.0,United Kingdom
544453,22120,WELCOME  WOODEN BLOCK LETTERS,1,2011-02-20 13:06:00,9.95,17214.0,United Kingdom
544454,21818,GLITTER HEART DECORATION,36,2011-02-20 13:13:00,0.85,13301.0,United Kingdom
544454,85205B,PINK FELT EASTER RABBIT GARLAND,3,2011-02-20 13:13:00,2.55,13301.0,United Kingdom
544454,22241,GARLAND WOODEN HAPPY EASTER,2,2011-02-20 13:13:00,1.25,13301.0,United Kingdom
544454,21381,MINI WOODEN HAPPY BIRTHDAY GARLAND,3,2011-02-20 13:13:00,1.69,13301.0,United Kingdom
544454,85049G,CHOCOLATE BOX RIBBONS ,2,2011-02-20 13:13:00,1.25,13301.0,United Kingdom
544454,85049H,URBAN BLACK RIBBONS ,2,2011-02-20 13:13:00,1.25,13301.0,United Kingdom
544454,85049F,BABY BOOM RIBBONS ,2,2011-02-20 13:13:00,1.25,13301.0,United Kingdom
544454,85049C,ROMANTIC PINKS RIBBONS ,2,2011-02-20 13:13:00,1.25,13301.0,United Kingdom
544454,85049D,BRIGHT BLUES RIBBONS ,2,2011-02-20 13:13:00,1.25,13301.0,United Kingdom
544454,22077,6 RIBBONS RUSTIC CHARM,2,2011-02-20 13:13:00,1.65,13301.0,United Kingdom
544454,21205,MULTICOLOUR 3D BALLS GARLAND,4,2011-02-20 13:13:00,2.55,13301.0,United Kingdom
544454,85214,TUB 24 PINK FLOWER PEGS,1,2011-02-20 13:13:00,1.65,13301.0,United Kingdom
544454,22469,HEART OF WICKER SMALL,6,2011-02-20 13:13:00,1.65,13301.0,United Kingdom
544454,22694,WICKER STAR ,6,2011-02-20 13:13:00,2.1,13301.0,United Kingdom
544454,84763,ZINC FINISH 15CM PLANTER POTS,6,2011-02-20 13:13:00,1.25,13301.0,United Kingdom
544454,21621,VINTAGE UNION JACK BUNTING,4,2011-02-20 13:13:00,8.5,13301.0,United Kingdom
544454,84459B,YELLOW METAL CHICKEN HEART ,6,2011-02-20 13:13:00,1.49,13301.0,United Kingdom
544454,22776,SWEETHEART CAKESTAND 3 TIER,1,2011-02-20 13:13:00,9.95,13301.0,United Kingdom
544454,79321,CHILLI LIGHTS,1,2011-02-20 13:13:00,5.75,13301.0,United Kingdom
544454,22084,PAPER CHAIN KIT EMPIRE,4,2011-02-20 13:13:00,2.95,13301.0,United Kingdom
544455,84597C,RETRO PINK BALL ASHTRAY ,12,2011-02-20 13:18:00,1.25,13097.0,United Kingdom
544455,84597B,RETRO BROWN BALL ASHTRAY ,12,2011-02-20 13:18:00,1.25,13097.0,United Kingdom
544455,22487,WHITE WOOD GARDEN PLANT LADDER,1,2011-02-20 13:18:00,9.95,13097.0,United Kingdom
544455,21781,MA CAMPAGNE CUTLERY BOX,1,2011-02-20 13:18:00,14.95,13097.0,United Kingdom
544455,22727,ALARM CLOCK BAKELIKE RED ,1,2011-02-20 13:18:00,3.75,13097.0,United Kingdom
544455,22467,GUMBALL COAT RACK,24,2011-02-20 13:18:00,2.55,13097.0,United Kingdom
544455,21260,FIRST AID TIN,6,2011-02-20 13:18:00,3.25,13097.0,United Kingdom
544455,22498,WOODEN REGATTA BUNTING,2,2011-02-20 13:18:00,5.95,13097.0,United Kingdom
544455,22499,WOODEN UNION JACK BUNTING,2,2011-02-20 13:18:00,5.95,13097.0,United Kingdom
544455,47590B,PINK HAPPY BIRTHDAY BUNTING,2,2011-02-20 13:18:00,5.45,13097.0,United Kingdom
544455,47589,CONGRATULATIONS BUNTING,3,2011-02-20 13:18:00,5.45,13097.0,United Kingdom
544455,47566,PARTY BUNTING,5,2011-02-20 13:18:00,4.95,13097.0,United Kingdom
544455,21621,VINTAGE UNION JACK BUNTING,4,2011-02-20 13:18:00,8.5,13097.0,United Kingdom
544455,22548,HEADS AND TAILS SPORTING FUN,4,2011-02-20 13:18:00,1.25,13097.0,United Kingdom
544455,21791,VINTAGE HEADS AND TAILS CARD GAME ,4,2011-02-20 13:18:00,1.25,13097.0,United Kingdom
544455,82599,FANNY'S REST STOPMETAL SIGN,3,2011-02-20 13:18:00,2.1,13097.0,United Kingdom
544455,85053,FRENCH ENAMEL CANDLEHOLDER,1,2011-02-20 13:18:00,2.1,13097.0,United Kingdom
544455,22728,ALARM CLOCK BAKELIKE PINK,4,2011-02-20 13:18:00,3.75,13097.0,United Kingdom
544455,22727,ALARM CLOCK BAKELIKE RED ,3,2011-02-20 13:18:00,3.75,13097.0,United Kingdom
544455,22726,ALARM CLOCK BAKELIKE GREEN,4,2011-02-20 13:18:00,3.75,13097.0,United Kingdom
544455,22467,GUMBALL COAT RACK,12,2011-02-20 13:18:00,2.55,13097.0,United Kingdom
544455,22550,HOLIDAY FUN LUDO,2,2011-02-20 13:18:00,3.75,13097.0,United Kingdom
544455,22093,MOTORING TISSUE BOX,3,2011-02-20 13:18:00,1.25,13097.0,United Kingdom
544455,21899,"KEY FOB , GARAGE DESIGN",24,2011-02-20 13:18:00,0.65,13097.0,United Kingdom
544455,22957,SET 3 PAPER VINTAGE CHICK PAPER EGG,1,2011-02-20 13:18:00,2.95,13097.0,United Kingdom
544455,22859,EASTER TIN BUNNY BOUQUET,5,2011-02-20 13:18:00,1.65,13097.0,United Kingdom
544455,79066K,RETRO MOD TRAY,24,2011-02-20 13:18:00,0.85,13097.0,United Kingdom
544455,22625,RED KITCHEN SCALES,1,2011-02-20 13:18:00,8.5,13097.0,United Kingdom
544455,22624,IVORY KITCHEN SCALES,1,2011-02-20 13:18:00,8.5,13097.0,United Kingdom
544455,22720,SET OF 3 CAKE TINS PANTRY DESIGN ,2,2011-02-20 13:18:00,4.95,13097.0,United Kingdom
544455,21201,TROPICAL  HONEYCOMB PAPER GARLAND ,5,2011-02-20 13:18:00,2.55,13097.0,United Kingdom
544455,21200,MULTICOLOUR HONEYCOMB PAPER GARLAND,5,2011-02-20 13:18:00,1.65,13097.0,United Kingdom
544455,22090,PAPER BUNTING RETROSPOT,3,2011-02-20 13:18:00,2.95,13097.0,United Kingdom
544455,22996,TRAVEL CARD WALLET VINTAGE TICKET,24,2011-02-20 13:18:00,0.42,13097.0,United Kingdom
544455,22998,TRAVEL CARD WALLET KEEP CALM,24,2011-02-20 13:18:00,0.42,13097.0,United Kingdom
544455,22443,GROW YOUR OWN HERBS SET OF 3,1,2011-02-20 13:18:00,7.95,13097.0,United Kingdom
544455,85053,FRENCH ENAMEL CANDLEHOLDER,1,2011-02-20 13:18:00,2.1,13097.0,United Kingdom
544455,37495,FAIRY CAKE BIRTHDAY CANDLE SET,1,2011-02-20 13:18:00,3.75,13097.0,United Kingdom
544455,22859,EASTER TIN BUNNY BOUQUET,1,2011-02-20 13:18:00,1.65,13097.0,United Kingdom
544455,22621,TRADITIONAL KNITTING NANCY,4,2011-02-20 13:18:00,1.45,13097.0,United Kingdom
544455,22084,PAPER CHAIN KIT EMPIRE,4,2011-02-20 13:18:00,2.95,13097.0,United Kingdom
544455,22083,PAPER CHAIN KIT RETROSPOT,4,2011-02-20 13:18:00,2.95,13097.0,United Kingdom
544455,21868,POTTING SHED TEA MUG,6,2011-02-20 13:18:00,1.25,13097.0,United Kingdom
544455,37370,RETRO COFFEE MUGS ASSORTED,6,2011-02-20 13:18:00,1.25,13097.0,United Kingdom
544455,22423,REGENCY CAKESTAND 3 TIER,1,2011-02-20 13:18:00,12.75,13097.0,United Kingdom
544455,22957,SET 3 PAPER VINTAGE CHICK PAPER EGG,2,2011-02-20 13:18:00,2.95,13097.0,United Kingdom
544455,21657,MILK BOTTLE WITH GLASS STOPPER ,1,2011-02-20 13:18:00,6.95,13097.0,United Kingdom
544455,21658,GLASS  BEURRE DISH,1,2011-02-20 13:18:00,3.95,13097.0,United Kingdom
544455,84562A,PINK/WHITE RIBBED MELAMINE JUG,1,2011-02-20 13:18:00,7.95,13097.0,United Kingdom
544455,22651,GENTLEMAN SHIRT REPAIR KIT ,10,2011-02-20 13:18:00,0.85,13097.0,United Kingdom
544455,85176,SEWING SUSAN 21 NEEDLE SET,10,2011-02-20 13:18:00,0.85,13097.0,United Kingdom
544456,84817,DANISH ROSE DECORATIVE PLATE,1,2011-02-20 13:21:00,2.1,14803.0,United Kingdom
544456,84969,BOX OF 6 ASSORTED COLOUR TEASPOONS,1,2011-02-20 13:21:00,4.25,14803.0,United Kingdom
544456,22835,HOT WATER BOTTLE I AM SO POORLY,1,2011-02-20 13:21:00,4.65,14803.0,United Kingdom
544456,22907,PACK OF 20 NAPKINS PANTRY DESIGN,8,2011-02-20 13:21:00,0.85,14803.0,United Kingdom
544456,85092,CANDY SPOT TEA COSY,24,2011-02-20 13:21:00,1.25,14803.0,United Kingdom
544456,84596F,SMALL MARSHMALLOWS PINK BOWL,8,2011-02-20 13:21:00,1.25,14803.0,United Kingdom
544456,84306,S/3 PINK SQUARE PLANTERS ROSES,1,2011-02-20 13:21:00,10.95,14803.0,United Kingdom
544456,22697,GREEN REGENCY TEACUP AND SAUCER,6,2011-02-20 13:21:00,2.95,14803.0,United Kingdom
544456,22698,PINK REGENCY TEACUP AND SAUCER,6,2011-02-20 13:21:00,2.95,14803.0,United Kingdom
544456,22223,CAKE PLATE LOVEBIRD PINK,4,2011-02-20 13:21:00,4.95,14803.0,United Kingdom
544456,22223,CAKE PLATE LOVEBIRD PINK,12,2011-02-20 13:21:00,4.25,14803.0,United Kingdom
544456,22697,GREEN REGENCY TEACUP AND SAUCER,48,2011-02-20 13:21:00,2.55,14803.0,United Kingdom
544456,22699,ROSES REGENCY TEACUP AND SAUCER ,48,2011-02-20 13:21:00,2.55,14803.0,United Kingdom
544456,22698,PINK REGENCY TEACUP AND SAUCER,48,2011-02-20 13:21:00,2.55,14803.0,United Kingdom
544457,22385,JUMBO BAG SPACEBOY DESIGN,10,2011-02-20 13:46:00,1.95,14667.0,United Kingdom
544457,21931,JUMBO STORAGE BAG SUKI,10,2011-02-20 13:46:00,1.95,14667.0,United Kingdom
544457,20713,JUMBO BAG OWLS,10,2011-02-20 13:46:00,1.95,14667.0,United Kingdom
544457,20711,JUMBO BAG TOYS ,10,2011-02-20 13:46:00,1.95,14667.0,United Kingdom
544457,21930,JUMBO STORAGE BAG SKULLS,18,2011-02-20 13:46:00,1.95,14667.0,United Kingdom
544457,21929,JUMBO BAG PINK VINTAGE PAISLEY,10,2011-02-20 13:46:00,1.95,14667.0,United Kingdom
544457,85099B,JUMBO BAG RED RETROSPOT,30,2011-02-20 13:46:00,1.95,14667.0,United Kingdom
544457,22386,JUMBO BAG PINK POLKADOT,10,2011-02-20 13:46:00,1.95,14667.0,United Kingdom
544457,22663,JUMBO BAG DOLLY GIRL DESIGN,10,2011-02-20 13:46:00,1.95,14667.0,United Kingdom
544457,85099F,JUMBO BAG STRAWBERRY,20,2011-02-20 13:46:00,1.95,14667.0,United Kingdom
544457,20712,JUMBO BAG WOODLAND ANIMALS,20,2011-02-20 13:46:00,1.95,14667.0,United Kingdom
544457,21735,TWO DOOR CURIO CABINET,2,2011-02-20 13:46:00,12.75,14667.0,United Kingdom
C544458,85099B,JUMBO BAG RED RETROSPOT,-1,2011-02-20 13:48:00,1.95,14667.0,United Kingdom
C544458,22632,HAND WARMER RED RETROSPOT,-1,2011-02-20 13:48:00,2.1,14667.0,United Kingdom
544459,22665,RECIPE BOX BLUE SKETCHBOOK DESIGN,4,2011-02-20 13:52:00,2.95,17838.0,United Kingdom
544459,22993,SET OF 4 PANTRY JELLY MOULDS,12,2011-02-20 13:52:00,1.25,17838.0,United Kingdom
544459,79066K,RETRO MOD TRAY,24,2011-02-20 13:52:00,0.85,17838.0,United Kingdom
544459,21868,POTTING SHED TEA MUG,12,2011-02-20 13:52:00,1.25,17838.0,United Kingdom
544459,21875,KINGS CHOICE MUG,12,2011-02-20 13:52:00,1.25,17838.0,United Kingdom
544459,21876,POTTERING MUG,12,2011-02-20 13:52:00,1.25,17838.0,United Kingdom
544459,21874,GIN AND TONIC MUG,12,2011-02-20 13:52:00,1.25,17838.0,United Kingdom
544459,22723,SET OF 6 HERB TINS SKETCHBOOK,6,2011-02-20 13:52:00,3.95,17838.0,United Kingdom
544459,22722,SET OF 6 SPICE TINS PANTRY DESIGN,6,2011-02-20 13:52:00,3.95,17838.0,United Kingdom
544459,22424,ENAMEL BREAD BIN CREAM,4,2011-02-20 13:52:00,12.75,17838.0,United Kingdom
544459,22721,SET OF 3 CAKE TINS SKETCHBOOK,6,2011-02-20 13:52:00,4.95,17838.0,United Kingdom
544459,22666,RECIPE BOX PANTRY YELLOW DESIGN,4,2011-02-20 13:52:00,2.95,17838.0,United Kingdom
544459,22978,PANTRY ROLLING PIN,6,2011-02-20 13:52:00,3.75,17838.0,United Kingdom
544459,22720,SET OF 3 CAKE TINS PANTRY DESIGN ,6,2011-02-20 13:52:00,4.95,17838.0,United Kingdom
544459,22425,ENAMEL COLANDER CREAM,5,2011-02-20 13:52:00,4.95,17838.0,United Kingdom
544459,22840,ROUND CAKE TIN VINTAGE RED,4,2011-02-20 13:52:00,7.95,17838.0,United Kingdom
544459,22842,BISCUIT TIN VINTAGE RED,4,2011-02-20 13:52:00,6.75,17838.0,United Kingdom
544459,22843,BISCUIT TIN VINTAGE GREEN,4,2011-02-20 13:52:00,6.75,17838.0,United Kingdom
544459,22841,ROUND CAKE TIN VINTAGE GREEN,4,2011-02-20 13:52:00,7.95,17838.0,United Kingdom
544459,22845,VINTAGE CREAM CAT FOOD CONTAINER,4,2011-02-20 13:52:00,6.35,17838.0,United Kingdom
544459,22844,VINTAGE CREAM DOG FOOD CONTAINER,4,2011-02-20 13:52:00,8.5,17838.0,United Kingdom
544459,21890,S/6 WOODEN SKITTLES IN COTTON BAG,2,2011-02-20 13:52:00,2.95,17838.0,United Kingdom
544459,21892,TRADITIONAL WOODEN CATCH CUP GAME ,11,2011-02-20 13:52:00,1.25,17838.0,United Kingdom
544459,22620,4 TRADITIONAL SPINNING TOPS,6,2011-02-20 13:52:00,1.25,17838.0,United Kingdom
544459,21891,TRADITIONAL WOODEN SKIPPING ROPE,12,2011-02-20 13:52:00,1.25,17838.0,United Kingdom
544459,21890,S/6 WOODEN SKITTLES IN COTTON BAG,10,2011-02-20 13:52:00,2.95,17838.0,United Kingdom
544459,22621,TRADITIONAL KNITTING NANCY,13,2011-02-20 13:52:00,1.45,17838.0,United Kingdom
544459,85136A,YELLOW SHARK HELICOPTER,1,2011-02-20 13:52:00,7.95,17838.0,United Kingdom
544459,22405,MONEY BOX POCKET MONEY DESIGN,12,2011-02-20 13:52:00,1.25,17838.0,United Kingdom
544459,84077,WORLD WAR 2 GLIDERS ASSTD DESIGNS,192,2011-02-20 13:52:00,0.29,17838.0,United Kingdom
544459,22407,MONEY BOX FIRST ADE DESIGN,12,2011-02-20 13:52:00,1.25,17838.0,United Kingdom
544459,22406,MONEY BOX KINGS CHOICE DESIGN,12,2011-02-20 13:52:00,1.25,17838.0,United Kingdom
544459,21703,BAG 125g SWIRLY MARBLES,48,2011-02-20 13:52:00,0.42,17838.0,United Kingdom
544459,48138,DOORMAT UNION FLAG,4,2011-02-20 13:52:00,7.95,17838.0,United Kingdom
544460,16237,SLEEPING CAT ERASERS,30,2011-02-20 14:01:00,0.21,16931.0,United Kingdom
544460,10120,DOGGY RUBBER,30,2011-02-20 14:01:00,0.21,16931.0,United Kingdom
544460,85146,JARDIN ETCHED GLASS SMALL BELL JAR,1,2011-02-20 14:01:00,5.95,16931.0,United Kingdom
544460,21383,PACK OF 12 STICKY BUNNIES,6,2011-02-20 14:01:00,0.65,16931.0,United Kingdom
544460,21135,VICTORIAN  METAL POSTCARD SPRING,1,2011-02-20 14:01:00,1.69,16931.0,United Kingdom
544460,21385,IVORY HANGING DECORATION  HEART,7,2011-02-20 14:01:00,0.85,16931.0,United Kingdom
544460,21272,SALLE DE BAIN HOOK,3,2011-02-20 14:01:00,1.25,16931.0,United Kingdom
544460,22265,EASTER DECORATION NATURAL CHICK,3,2011-02-20 14:01:00,0.65,16931.0,United Kingdom
544460,85038,6 CHOCOLATE LOVE HEART T-LIGHTS,3,2011-02-20 14:01:00,2.1,16931.0,United Kingdom
544460,22219,LOVEBIRD HANGING DECORATION WHITE ,5,2011-02-20 14:01:00,0.85,16931.0,United Kingdom
544460,22521,CHILDS GARDEN TROWEL PINK,1,2011-02-20 14:01:00,0.85,16931.0,United Kingdom
544460,22523,CHILDS GARDEN FORK PINK,1,2011-02-20 14:01:00,0.85,16931.0,United Kingdom
544460,22520,CHILDS GARDEN TROWEL BLUE ,1,2011-02-20 14:01:00,0.85,16931.0,United Kingdom
544460,22522,CHILDS GARDEN FORK BLUE ,1,2011-02-20 14:01:00,0.85,16931.0,United Kingdom
544460,22524,CHILDRENS GARDEN GLOVES BLUE,1,2011-02-20 14:01:00,1.25,16931.0,United Kingdom
544460,22519,CHILDS GARDEN BRUSH PINK,1,2011-02-20 14:01:00,2.1,16931.0,United Kingdom
544460,21122,SET/10 PINK POLKADOT PARTY CANDLES,3,2011-02-20 14:01:00,1.25,16931.0,United Kingdom
544460,21124,SET/10 BLUE POLKADOT PARTY CANDLES,3,2011-02-20 14:01:00,1.25,16931.0,United Kingdom
544460,21121,SET/10 RED POLKADOT PARTY CANDLES,3,2011-02-20 14:01:00,1.25,16931.0,United Kingdom
544460,22834,HAND WARMER BABUSHKA DESIGN,5,2011-02-20 14:01:00,2.1,16931.0,United Kingdom
544460,22621,TRADITIONAL KNITTING NANCY,4,2011-02-20 14:01:00,1.45,16931.0,United Kingdom
544460,22804,CANDLEHOLDER PINK HANGING HEART,3,2011-02-20 14:01:00,2.95,16931.0,United Kingdom
544460,22568,FELTCRAFT CUSHION OWL,2,2011-02-20 14:01:00,3.75,16931.0,United Kingdom
544460,22570,FELTCRAFT CUSHION RABBIT,2,2011-02-20 14:01:00,3.75,16931.0,United Kingdom
544460,22569,FELTCRAFT CUSHION BUTTERFLY,1,2011-02-20 14:01:00,3.75,16931.0,United Kingdom
544460,22438,BALLOON ART MAKE YOUR OWN FLOWERS,3,2011-02-20 14:01:00,1.95,16931.0,United Kingdom
544460,22148,EASTER CRAFT 4 CHICKS ,2,2011-02-20 14:01:00,1.95,16931.0,United Kingdom
544460,22147,FELTCRAFT BUTTERFLY HEARTS,3,2011-02-20 14:01:00,1.45,16931.0,United Kingdom
544460,22554,PLASTERS IN TIN WOODLAND ANIMALS,3,2011-02-20 14:01:00,1.65,16931.0,United Kingdom
544460,22551,PLASTERS IN TIN SPACEBOY,3,2011-02-20 14:01:00,1.65,16931.0,United Kingdom
544460,22746,POPPY'S PLAYHOUSE LIVINGROOM ,2,2011-02-20 14:01:00,2.1,16931.0,United Kingdom
544460,22747,POPPY'S PLAYHOUSE BATHROOM,2,2011-02-20 14:01:00,2.1,16931.0,United Kingdom
544460,22748,POPPY'S PLAYHOUSE KITCHEN,2,2011-02-20 14:01:00,2.1,16931.0,United Kingdom
544460,22745,POPPY'S PLAYHOUSE BEDROOM ,2,2011-02-20 14:01:00,2.1,16931.0,United Kingdom
544460,84199,GLOW IN DARK DOLPHINS,3,2011-02-20 14:01:00,0.21,16931.0,United Kingdom
544460,22334,DINOSAUR PARTY BAG + STICKER SET,6,2011-02-20 14:01:00,1.65,16931.0,United Kingdom
544460,22274,FELTCRAFT DOLL EMILY,1,2011-02-20 14:01:00,2.95,16931.0,United Kingdom
544460,22272,FELTCRAFT DOLL MARIA,1,2011-02-20 14:01:00,2.95,16931.0,United Kingdom
544460,22273,FELTCRAFT DOLL MOLLY,1,2011-02-20 14:01:00,2.95,16931.0,United Kingdom
544460,22271,FELTCRAFT DOLL ROSIE,1,2011-02-20 14:01:00,2.95,16931.0,United Kingdom
544460,22469,HEART OF WICKER SMALL,3,2011-02-20 14:01:00,1.65,16931.0,United Kingdom
544460,22470,HEART OF WICKER LARGE,3,2011-02-20 14:01:00,2.95,16931.0,United Kingdom
544460,22548,HEADS AND TAILS SPORTING FUN,3,2011-02-20 14:01:00,1.25,16931.0,United Kingdom
544460,22175,PINK OWL SOFT TOY,1,2011-02-20 14:01:00,2.95,16931.0,United Kingdom
544460,22176,BLUE OWL SOFT TOY,1,2011-02-20 14:01:00,2.95,16931.0,United Kingdom
544460,21621,VINTAGE UNION JACK BUNTING,2,2011-02-20 14:01:00,8.5,16931.0,United Kingdom
544460,84520B,PACK 20 ENGLISH ROSE PAPER NAPKINS,3,2011-02-20 14:01:00,0.85,16931.0,United Kingdom
544460,21080,SET/20 RED RETROSPOT PAPER NAPKINS ,3,2011-02-20 14:01:00,0.85,16931.0,United Kingdom
544460,22613,PACK OF 20 SPACEBOY NAPKINS,3,2011-02-20 14:01:00,0.85,16931.0,United Kingdom
544460,22991,GIRAFFE WOODEN RULER,6,2011-02-20 14:01:00,1.95,16931.0,United Kingdom
544460,85066,CREAM SWEETHEART MINI CHEST,1,2011-02-20 14:01:00,12.75,16931.0,United Kingdom
544460,84828,JUNGLE POPSICLES ICE LOLLY HOLDERS,3,2011-02-20 14:01:00,1.25,16931.0,United Kingdom
544460,21705,BAG 500g SWIRLY MARBLES,3,2011-02-20 14:01:00,1.65,16931.0,United Kingdom
544460,22559,SEASIDE FLYING DISC,3,2011-02-20 14:01:00,1.25,16931.0,United Kingdom
544460,22631,CIRCUS PARADE LUNCH BOX ,1,2011-02-20 14:01:00,1.95,16931.0,United Kingdom
544460,22659,LUNCH BOX I LOVE LONDON,1,2011-02-20 14:01:00,1.95,16931.0,United Kingdom
544460,85127,SMALL SQUARE CUT GLASS CANDLESTICK,1,2011-02-20 14:01:00,4.95,16931.0,United Kingdom
544460,21875,KINGS CHOICE MUG,3,2011-02-20 14:01:00,1.25,16931.0,United Kingdom
544460,21871,SAVE THE PLANET MUG,6,2011-02-20 14:01:00,1.25,16931.0,United Kingdom
544460,22624,IVORY KITCHEN SCALES,1,2011-02-20 14:01:00,8.5,16931.0,United Kingdom
544460,21868,POTTING SHED TEA MUG,3,2011-02-20 14:01:00,1.25,16931.0,United Kingdom
544460,21069,VINTAGE BILLBOARD TEA MUG,3,2011-02-20 14:01:00,1.25,16931.0,United Kingdom
544460,22664,TOY TIDY DOLLY GIRL DESIGN,1,2011-02-20 14:01:00,2.1,16931.0,United Kingdom
544460,21931,JUMBO STORAGE BAG SUKI,1,2011-02-20 14:01:00,1.95,16931.0,United Kingdom
544460,20711,JUMBO BAG TOYS ,1,2011-02-20 14:01:00,1.95,16931.0,United Kingdom
544460,22386,JUMBO BAG PINK POLKADOT,1,2011-02-20 14:01:00,1.95,16931.0,United Kingdom
544460,20713,JUMBO BAG OWLS,1,2011-02-20 14:01:00,1.95,16931.0,United Kingdom
544461,15036,ASSORTED COLOURS SILK FAN,24,2011-02-20 14:08:00,0.75,13744.0,United Kingdom
544461,16219,HOUSE SHAPE PENCIL SHARPENER,24,2011-02-20 14:08:00,0.21,13744.0,United Kingdom
544461,17003,BROCADE RING PURSE ,144,2011-02-20 14:08:00,0.29,13744.0,United Kingdom
544461,22037,ROBOT BIRTHDAY CARD,12,2011-02-20 14:08:00,0.42,13744.0,United Kingdom
544461,22027,TEA PARTY BIRTHDAY CARD,12,2011-02-20 14:08:00,0.42,13744.0,United Kingdom
544461,22024,RAINY LADIES BIRTHDAY CARD,12,2011-02-20 14:08:00,0.42,13744.0,United Kingdom
544461,22023,EMPIRE BIRTHDAY CARD,12,2011-02-20 14:08:00,0.42,13744.0,United Kingdom
544461,22029,SPACEBOY BIRTHDAY CARD,12,2011-02-20 14:08:00,0.42,13744.0,United Kingdom
544461,22024,RAINY LADIES BIRTHDAY CARD,12,2011-02-20 14:08:00,0.42,13744.0,United Kingdom
544461,22023,EMPIRE BIRTHDAY CARD,12,2011-02-20 14:08:00,0.42,13744.0,United Kingdom
544461,22025,RING OF ROSES BIRTHDAY CARD,12,2011-02-20 14:08:00,0.42,13744.0,United Kingdom
544461,22029,SPACEBOY BIRTHDAY CARD,12,2011-02-20 14:08:00,0.42,13744.0,United Kingdom
544461,22037,ROBOT BIRTHDAY CARD,12,2011-02-20 14:08:00,0.42,13744.0,United Kingdom
544461,22027,TEA PARTY BIRTHDAY CARD,12,2011-02-20 14:08:00,0.42,13744.0,United Kingdom
544461,22025,RING OF ROSES BIRTHDAY CARD,12,2011-02-20 14:08:00,0.42,13744.0,United Kingdom
544461,22420,LIPSTICK PEN BABY PINK,50,2011-02-20 14:08:00,0.42,13744.0,United Kingdom
544461,22419,LIPSTICK PEN RED,50,2011-02-20 14:08:00,0.42,13744.0,United Kingdom
544461,22421,LIPSTICK PEN FUSCHIA,50,2011-02-20 14:08:00,0.42,13744.0,United Kingdom
544461,22772,PINK DRAWER KNOB ACRYLIC EDWARDIAN,12,2011-02-20 14:08:00,1.25,13744.0,United Kingdom
544461,22191,IVORY DINER WALL CLOCK,1,2011-02-20 14:08:00,8.5,13744.0,United Kingdom
544461,22192,BLUE DINER WALL CLOCK,1,2011-02-20 14:08:00,8.5,13744.0,United Kingdom
544461,22775,PURPLE DRAWERKNOB ACRYLIC EDWARDIAN,24,2011-02-20 14:08:00,1.25,13744.0,United Kingdom
544461,22774,RED DRAWER KNOB ACRYLIC EDWARDIAN,12,2011-02-20 14:08:00,1.25,13744.0,United Kingdom
544461,22674,FRENCH TOILET SIGN BLUE METAL,24,2011-02-20 14:08:00,1.25,13744.0,United Kingdom
544461,22675,FRENCH KITCHEN SIGN BLUE METAL,24,2011-02-20 14:08:00,1.25,13744.0,United Kingdom
544461,22193,RED DINER WALL CLOCK,1,2011-02-20 14:08:00,8.5,13744.0,United Kingdom
544461,22467,GUMBALL COAT RACK,12,2011-02-20 14:08:00,2.55,13744.0,United Kingdom
544461,22467,GUMBALL COAT RACK,12,2011-02-20 14:08:00,2.55,13744.0,United Kingdom
544461,22672,FRENCH BATHROOM SIGN BLUE METAL,24,2011-02-20 14:08:00,1.65,13744.0,United Kingdom
544461,82552,WASHROOM METAL SIGN,24,2011-02-20 14:08:00,1.45,13744.0,United Kingdom
544461,44092C,PURPLE/COPPER HANGING LAMPSHADE,4,2011-02-20 14:08:00,0.85,13744.0,United Kingdom
544461,44092B,BLUE WHITE PLASTIC RINGS LAMPSHADE,6,2011-02-20 14:08:00,0.85,13744.0,United Kingdom
544461,84849A,HELLO SAILOR BLUE SOAP HOLDER,12,2011-02-20 14:08:00,1.69,13744.0,United Kingdom
544461,22670,FRENCH WC SIGN BLUE METAL,24,2011-02-20 14:08:00,1.25,13744.0,United Kingdom
544461,22683,FRENCH BLUE METAL DOOR SIGN 8,20,2011-02-20 14:08:00,1.25,13744.0,United Kingdom
544461,22680,FRENCH BLUE METAL DOOR SIGN 5,20,2011-02-20 14:08:00,1.25,13744.0,United Kingdom
544461,22678,FRENCH BLUE METAL DOOR SIGN 3,20,2011-02-20 14:08:00,1.25,13744.0,United Kingdom
544461,21671,RED SPOT CERAMIC DRAWER KNOB,6,2011-02-20 14:08:00,1.25,13744.0,United Kingdom
544461,21672,WHITE SPOT RED CERAMIC DRAWER KNOB,6,2011-02-20 14:08:00,1.25,13744.0,United Kingdom
544461,22684,FRENCH BLUE METAL DOOR SIGN 9,20,2011-02-20 14:08:00,1.25,13744.0,United Kingdom
544461,22679,FRENCH BLUE METAL DOOR SIGN 4,20,2011-02-20 14:08:00,1.25,13744.0,United Kingdom
544461,22682,FRENCH BLUE METAL DOOR SIGN 7,20,2011-02-20 14:08:00,1.25,13744.0,United Kingdom
544461,21671,RED SPOT CERAMIC DRAWER KNOB,6,2011-02-20 14:08:00,1.25,13744.0,United Kingdom
544461,21672,WHITE SPOT RED CERAMIC DRAWER KNOB,6,2011-02-20 14:08:00,1.25,13744.0,United Kingdom
544461,22677,FRENCH BLUE METAL DOOR SIGN 2,20,2011-02-20 14:08:00,1.25,13744.0,United Kingdom
544461,22681,FRENCH BLUE METAL DOOR SIGN 6,20,2011-02-20 14:08:00,1.25,13744.0,United Kingdom
544461,21669,BLUE STRIPE CERAMIC DRAWER KNOB,12,2011-02-20 14:08:00,1.25,13744.0,United Kingdom
544461,21668,RED STRIPE CERAMIC DRAWER KNOB,12,2011-02-20 14:08:00,1.25,13744.0,United Kingdom
544461,21670,BLUE SPOT CERAMIC DRAWER KNOB,12,2011-02-20 14:08:00,1.25,13744.0,United Kingdom
544461,21673,WHITE SPOT BLUE CERAMIC DRAWER KNOB,12,2011-02-20 14:08:00,1.25,13744.0,United Kingdom
544461,22686,FRENCH BLUE METAL DOOR SIGN No,20,2011-02-20 14:08:00,1.25,13744.0,United Kingdom
544461,22676,FRENCH BLUE METAL DOOR SIGN 1,20,2011-02-20 14:08:00,1.25,13744.0,United Kingdom
544461,22685,FRENCH BLUE METAL DOOR SIGN 0,20,2011-02-20 14:08:00,1.25,13744.0,United Kingdom
544462,22081,RIBBON REEL FLORA + FAUNA ,2,2011-02-20 14:21:00,1.65,17050.0,United Kingdom
544462,22079,RIBBON REEL HEARTS DESIGN ,1,2011-02-20 14:21:00,1.65,17050.0,United Kingdom
544462,21891,TRADITIONAL WOODEN SKIPPING ROPE,6,2011-02-20 14:21:00,1.25,17050.0,United Kingdom
544462,21892,TRADITIONAL WOODEN CATCH CUP GAME ,4,2011-02-20 14:21:00,1.25,17050.0,United Kingdom
544462,21890,S/6 WOODEN SKITTLES IN COTTON BAG,6,2011-02-20 14:21:00,2.95,17050.0,United Kingdom
544462,22620,4 TRADITIONAL SPINNING TOPS,2,2011-02-20 14:21:00,1.25,17050.0,United Kingdom
544462,22621,TRADITIONAL KNITTING NANCY,4,2011-02-20 14:21:00,1.45,17050.0,United Kingdom
544462,22467,GUMBALL COAT RACK,1,2011-02-20 14:21:00,2.55,17050.0,United Kingdom
544462,23000,TRAVEL CARD WALLET TRANSPORT,4,2011-02-20 14:21:00,0.42,17050.0,United Kingdom
544462,23003,TRAVEL CARD WALLET VINTAGE ROSE ,4,2011-02-20 14:21:00,0.42,17050.0,United Kingdom
544462,22559,SEASIDE FLYING DISC,1,2011-02-20 14:21:00,1.25,17050.0,United Kingdom
544462,22652,TRAVEL SEWING KIT,4,2011-02-20 14:21:00,1.65,17050.0,United Kingdom
544462,22557,PLASTERS IN TIN VINTAGE PAISLEY ,3,2011-02-20 14:21:00,1.65,17050.0,United Kingdom
544462,22962,JAM JAR WITH PINK LID,2,2011-02-20 14:21:00,0.85,17050.0,United Kingdom
544462,22963,JAM JAR WITH GREEN LID,2,2011-02-20 14:21:00,0.85,17050.0,United Kingdom
544462,22079,RIBBON REEL HEARTS DESIGN ,1,2011-02-20 14:21:00,1.65,17050.0,United Kingdom
544462,22620,4 TRADITIONAL SPINNING TOPS,1,2011-02-20 14:21:00,1.25,17050.0,United Kingdom
544462,20996,JAZZ HEARTS ADDRESS BOOK,4,2011-02-20 14:21:00,0.42,17050.0,United Kingdom
544462,84536B,FAIRY CAKES NOTEBOOK A7 SIZE,8,2011-02-20 14:21:00,0.42,17050.0,United Kingdom
544462,84536A,ENGLISH ROSE NOTEBOOK A7 SIZE,8,2011-02-20 14:21:00,0.42,17050.0,United Kingdom
544462,85049G,CHOCOLATE BOX RIBBONS ,3,2011-02-20 14:21:00,1.25,17050.0,United Kingdom
544462,22077,6 RIBBONS RUSTIC CHARM,3,2011-02-20 14:21:00,1.65,17050.0,United Kingdom
544462,22980,PANTRY SCRUBBING BRUSH,6,2011-02-20 14:21:00,1.65,17050.0,United Kingdom
544462,22993,SET OF 4 PANTRY JELLY MOULDS,1,2011-02-20 14:21:00,1.25,17050.0,United Kingdom
544462,22965,3 TRADITIONAl BISCUIT CUTTERS  SET,2,2011-02-20 14:21:00,2.1,17050.0,United Kingdom
544462,84380,SET OF 3 BUTTERFLY COOKIE CUTTERS,2,2011-02-20 14:21:00,1.25,17050.0,United Kingdom
544462,22961,JAM MAKING SET PRINTED,3,2011-02-20 14:21:00,1.45,17050.0,United Kingdom
544462,22966,GINGERBREAD MAN COOKIE CUTTER,2,2011-02-20 14:21:00,1.25,17050.0,United Kingdom
544462,22993,SET OF 4 PANTRY JELLY MOULDS,5,2011-02-20 14:21:00,1.25,17050.0,United Kingdom
544462,22978,PANTRY ROLLING PIN,5,2011-02-20 14:21:00,3.75,17050.0,United Kingdom
544462,22721,SET OF 3 CAKE TINS SKETCHBOOK,1,2011-02-20 14:21:00,4.95,17050.0,United Kingdom
544462,22898,CHILDRENS APRON APPLES DESIGN,2,2011-02-20 14:21:00,1.95,17050.0,United Kingdom
544462,22894,TABLECLOTH RED APPLES DESIGN ,2,2011-02-20 14:21:00,9.95,17050.0,United Kingdom
544462,22939,APRON APPLE DELIGHT,2,2011-02-20 14:21:00,4.95,17050.0,United Kingdom
544462,22897,OVEN MITT APPLES DESIGN,2,2011-02-20 14:21:00,1.45,17050.0,United Kingdom
544462,22895,SET OF 2 TEA TOWELS APPLE AND PEARS,2,2011-02-20 14:21:00,2.95,17050.0,United Kingdom
544462,22989,SET 2 PANTRY DESIGN TEA TOWELS,3,2011-02-20 14:21:00,3.25,17050.0,United Kingdom
544462,22966,GINGERBREAD MAN COOKIE CUTTER,6,2011-02-20 14:21:00,1.25,17050.0,United Kingdom
544462,22723,SET OF 6 HERB TINS SKETCHBOOK,3,2011-02-20 14:21:00,3.95,17050.0,United Kingdom
544462,22721,SET OF 3 CAKE TINS SKETCHBOOK,2,2011-02-20 14:21:00,4.95,17050.0,United Kingdom
544462,21328,BALLOONS  WRITING SET ,2,2011-02-20 14:21:00,1.65,17050.0,United Kingdom
544462,47599B,BLUE PARTY BAGS ,2,2011-02-20 14:21:00,2.1,17050.0,United Kingdom
544462,47599A,PINK PARTY BAGS,2,2011-02-20 14:21:00,2.1,17050.0,United Kingdom
544462,21174,POTTERING IN THE SHED METAL SIGN,6,2011-02-20 14:21:00,2.08,17050.0,United Kingdom
544462,22720,SET OF 3 CAKE TINS PANTRY DESIGN ,3,2011-02-20 14:21:00,4.95,17050.0,United Kingdom
544462,22839,3 TIER CAKE TIN GREEN AND CREAM,1,2011-02-20 14:21:00,14.95,17050.0,United Kingdom
544462,22840,ROUND CAKE TIN VINTAGE RED,1,2011-02-20 14:21:00,7.95,17050.0,United Kingdom
544462,21382,SET/4 SPRING FLOWER DECORATION,12,2011-02-20 14:21:00,2.95,17050.0,United Kingdom
544462,22561,WOODEN SCHOOL COLOURING SET,6,2011-02-20 14:21:00,1.65,17050.0,United Kingdom
544462,21889,WOODEN BOX OF DOMINOES,6,2011-02-20 14:21:00,1.25,17050.0,United Kingdom
544462,22624,IVORY KITCHEN SCALES,1,2011-02-20 14:21:00,8.5,17050.0,United Kingdom
544462,22722,SET OF 6 SPICE TINS PANTRY DESIGN,4,2011-02-20 14:21:00,3.95,17050.0,United Kingdom
544462,22625,RED KITCHEN SCALES,1,2011-02-20 14:21:00,8.5,17050.0,United Kingdom
544462,22624,IVORY KITCHEN SCALES,1,2011-02-20 14:21:00,8.5,17050.0,United Kingdom
544462,22904,CALENDAR PAPER CUT DESIGN,4,2011-02-20 14:21:00,2.95,17050.0,United Kingdom
544462,22907,PACK OF 20 NAPKINS PANTRY DESIGN,6,2011-02-20 14:21:00,0.85,17050.0,United Kingdom
544462,22908,PACK OF 20 NAPKINS RED APPLES,4,2011-02-20 14:21:00,0.85,17050.0,United Kingdom
544462,22191,IVORY DINER WALL CLOCK,2,2011-02-20 14:21:00,8.5,17050.0,United Kingdom
544462,22960,JAM MAKING SET WITH JARS,2,2011-02-20 14:21:00,4.25,17050.0,United Kingdom
544462,22740,POLKADOT PEN,48,2011-02-20 14:21:00,0.85,17050.0,United Kingdom
544462,22442,GROW YOUR OWN FLOWERS SET OF 3,2,2011-02-20 14:21:00,7.95,17050.0,United Kingdom
544462,22838,3 TIER CAKE TIN RED AND CREAM,1,2011-02-20 14:21:00,14.95,17050.0,United Kingdom
544462,22843,BISCUIT TIN VINTAGE GREEN,1,2011-02-20 14:21:00,6.75,17050.0,United Kingdom
544462,22841,ROUND CAKE TIN VINTAGE GREEN,1,2011-02-20 14:21:00,7.95,17050.0,United Kingdom
544462,22842,BISCUIT TIN VINTAGE RED,1,2011-02-20 14:21:00,6.75,17050.0,United Kingdom
544462,20961,STRAWBERRY BATH SPONGE ,10,2011-02-20 14:21:00,1.25,17050.0,United Kingdom
544462,22666,RECIPE BOX PANTRY YELLOW DESIGN,2,2011-02-20 14:21:00,2.95,17050.0,United Kingdom
544462,22665,RECIPE BOX BLUE SKETCHBOOK DESIGN,2,2011-02-20 14:21:00,2.95,17050.0,United Kingdom
544463,90018B,GOLD M.O.P ORBIT DROP EARRINGS,1,2011-02-20 14:31:00,4.25,12988.0,United Kingdom
544463,90160D,PINK BOUDICCA LARGE BRACELET,1,2011-02-20 14:31:00,6.95,12988.0,United Kingdom
544463,90160C,TURQ+RED BOUDICCA LARGE BRACELET,1,2011-02-20 14:31:00,6.95,12988.0,United Kingdom
544463,90014B,GOLD M PEARL  ORBIT NECKLACE,1,2011-02-20 14:31:00,9.95,12988.0,United Kingdom
544463,90065A,WHITE VINTAGE CRYSTAL BRACELET,2,2011-02-20 14:31:00,6.75,12988.0,United Kingdom
544463,90016B,GOLD/M.O.P PENDANT ORBIT NECKLACE,1,2011-02-20 14:31:00,8.5,12988.0,United Kingdom
544463,90191,SILVER LARIAT 40CM,1,2011-02-20 14:31:00,12.75,12988.0,United Kingdom
544463,90024F,NEW BAROQUE B'FLY NECKLACE CRYSTAL,2,2011-02-20 14:31:00,8.5,12988.0,United Kingdom
544463,90147,CHUNKY SILVER NECKLACE PASTEL FLOWE,3,2011-02-20 14:31:00,9.95,12988.0,United Kingdom
544463,90026D,GLASS BEAD HOOP NECKLACE AMETHYST,1,2011-02-20 14:31:00,8.5,12988.0,United Kingdom
544463,90065A,WHITE VINTAGE CRYSTAL BRACELET,2,2011-02-20 14:31:00,6.75,12988.0,United Kingdom
544463,90184C,BLACK CHUNKY BEAD BRACELET W STRAP,1,2011-02-20 14:31:00,8.95,12988.0,United Kingdom
544463,90063A,WHITE VINT ART DECO CRYSTAL NECKLAC,2,2011-02-20 14:31:00,8.5,12988.0,United Kingdom
544463,90143,SILVER BRACELET W PASTEL FLOWER,2,2011-02-20 14:31:00,7.5,12988.0,United Kingdom
544463,90024C,NEW BAROQUE B'FLY NECKLACE GREEN,2,2011-02-20 14:31:00,8.5,12988.0,United Kingdom
544463,90000B,MIDNIGHT BLUE COPPER FLOWER NECKLAC,1,2011-02-20 14:31:00,5.95,12988.0,United Kingdom
544463,90000D,COPPER/OLIVE GREEN FLOWER NECKLACE,1,2011-02-20 14:31:00,5.95,12988.0,United Kingdom
544463,90000A,RASPBERRY ANT COPPER FLOWER NECKLAC,1,2011-02-20 14:31:00,5.95,12988.0,United Kingdom
544463,90064A,WHITE VINTAGE CRYSTAL EARRINGS,4,2011-02-20 14:31:00,3.75,12988.0,United Kingdom
544463,90026C,GLASS BEAD HOOP NECKLACE GREEN,1,2011-02-20 14:31:00,8.5,12988.0,United Kingdom
544463,90026B,GLASS BEAD HOOP NECKLACE MONTANA,1,2011-02-20 14:31:00,8.5,12988.0,United Kingdom
544463,90148,LONG SILVER NECKLACE PASTEL FLOWER,2,2011-02-20 14:31:00,12.75,12988.0,United Kingdom
544463,20718,RED RETROSPOT SHOPPER BAG,1,2011-02-20 14:31:00,1.25,12988.0,United Kingdom
544463,21934,SKULL SHOULDER BAG,1,2011-02-20 14:31:00,1.65,12988.0,United Kingdom
544463,21937,STRAWBERRY   PICNIC BAG,1,2011-02-20 14:31:00,2.95,12988.0,United Kingdom
544463,22423,REGENCY CAKESTAND 3 TIER,1,2011-02-20 14:31:00,12.75,12988.0,United Kingdom
544463,22429,ENAMEL MEASURING JUG CREAM,1,2011-02-20 14:31:00,4.25,12988.0,United Kingdom
544463,22256,FELT FARM ANIMAL CHICKEN,1,2011-02-20 14:31:00,1.25,12988.0,United Kingdom
544463,22257,FELT FARM ANIMAL SHEEP,2,2011-02-20 14:31:00,1.25,12988.0,United Kingdom
544463,22262,FELT EGG COSY CHICKEN,2,2011-02-20 14:31:00,0.85,12988.0,United Kingdom
544463,22247,BUNNY DECORATION MAGIC GARDEN,1,2011-02-20 14:31:00,0.85,12988.0,United Kingdom
544463,22804,CANDLEHOLDER PINK HANGING HEART,1,2011-02-20 14:31:00,2.95,12988.0,United Kingdom
544463,22090,PAPER BUNTING RETROSPOT,1,2011-02-20 14:31:00,2.95,12988.0,United Kingdom
544463,21564,PINK  HEART SHAPE LOVE BUCKET ,1,2011-02-20 14:31:00,2.95,12988.0,United Kingdom
544463,22914,BLUE COAT RACK PARIS FASHION,1,2011-02-20 14:31:00,4.95,12988.0,United Kingdom
544463,22567,20 DOLLY PEGS RETROSPOT,1,2011-02-20 14:31:00,1.25,12988.0,United Kingdom
544463,22567,20 DOLLY PEGS RETROSPOT,1,2011-02-20 14:31:00,1.25,12988.0,United Kingdom
544463,85205B,PINK FELT EASTER RABBIT GARLAND,2,2011-02-20 14:31:00,2.55,12988.0,United Kingdom
544463,20699,MOUSEY LONG LEGS SOFT TOY,1,2011-02-20 14:31:00,2.55,12988.0,United Kingdom
544463,35913B,WHITE/PINK CHICK EASTER DECORATION,1,2011-02-20 14:31:00,0.85,12988.0,United Kingdom
544463,85206A,CREAM FELT EASTER EGG BASKET,3,2011-02-20 14:31:00,1.65,12988.0,United Kingdom
544463,22256,FELT FARM ANIMAL CHICKEN,1,2011-02-20 14:31:00,1.25,12988.0,United Kingdom
544463,21625,VINTAGE UNION JACK APRON,1,2011-02-20 14:31:00,6.95,12988.0,United Kingdom
544463,21932,SCANDINAVIAN PAISLEY PICNIC BAG,1,2011-02-20 14:31:00,2.95,12988.0,United Kingdom
544463,21937,STRAWBERRY   PICNIC BAG,1,2011-02-20 14:31:00,2.95,12988.0,United Kingdom
544463,21935,SUKI  SHOULDER BAG,1,2011-02-20 14:31:00,1.65,12988.0,United Kingdom
544463,21623,VINTAGE UNION JACK MEMOBOARD,1,2011-02-20 14:31:00,9.95,12988.0,United Kingdom
544463,21933,PINK VINTAGE PAISLEY PICNIC BAG,1,2011-02-20 14:31:00,2.95,12988.0,United Kingdom
544463,22248,DECORATION  PINK CHICK MAGIC GARDEN,1,2011-02-20 14:31:00,0.85,12988.0,United Kingdom
544463,22256,FELT FARM ANIMAL CHICKEN,1,2011-02-20 14:31:00,1.25,12988.0,United Kingdom
544463,22270,HAPPY EASTER HANGING DECORATION,2,2011-02-20 14:31:00,3.75,12988.0,United Kingdom
544463,22261,FELT EGG COSY WHITE RABBIT ,1,2011-02-20 14:31:00,0.85,12988.0,United Kingdom
544463,22258,FELT FARM ANIMAL RABBIT,1,2011-02-20 14:31:00,1.25,12988.0,United Kingdom
544463,22257,FELT FARM ANIMAL SHEEP,3,2011-02-20 14:31:00,1.25,12988.0,United Kingdom
544463,35913B,WHITE/PINK CHICK EASTER DECORATION,1,2011-02-20 14:31:00,0.85,12988.0,United Kingdom
544463,22256,FELT FARM ANIMAL CHICKEN,1,2011-02-20 14:31:00,1.25,12988.0,United Kingdom
544463,22254,FELT TOADSTOOL LARGE,1,2011-02-20 14:31:00,1.25,12988.0,United Kingdom
544463,22138,BAKING SET 9 PIECE RETROSPOT ,1,2011-02-20 14:31:00,4.95,12988.0,United Kingdom
544463,22498,WOODEN REGATTA BUNTING,1,2011-02-20 14:31:00,5.95,12988.0,United Kingdom
544463,21116,OWL DOORSTOP,1,2011-02-20 14:31:00,4.95,12988.0,United Kingdom
544463,20705,MRS ROBOT SOFT TOY,1,2011-02-20 14:31:00,6.95,12988.0,United Kingdom
544463,21181,PLEASE ONE PERSON METAL SIGN,1,2011-02-20 14:31:00,2.1,12988.0,United Kingdom
544463,22021,BLUE FELT EASTER EGG BASKET,1,2011-02-20 14:31:00,1.65,12988.0,United Kingdom
544463,22861,EASTER TIN CHICKS IN GARDEN,5,2011-02-20 14:31:00,1.65,12988.0,United Kingdom
544463,20694,FLORAL PINK MONSTER,1,2011-02-20 14:31:00,3.75,12988.0,United Kingdom
544463,20704,MR ROBOT SOFT TOY,1,2011-02-20 14:31:00,6.95,12988.0,United Kingdom
544463,22470,HEART OF WICKER LARGE,2,2011-02-20 14:31:00,2.95,12988.0,United Kingdom
544463,85205B,PINK FELT EASTER RABBIT GARLAND,1,2011-02-20 14:31:00,2.55,12988.0,United Kingdom
544463,22117,METAL SIGN HER DINNER IS SERVED ,1,2011-02-20 14:31:00,2.95,12988.0,United Kingdom
544463,84974,S/2 ZINC HEART DESIGN PLANTERS,1,2011-02-20 14:31:00,9.95,12988.0,United Kingdom
544463,84879,ASSORTED COLOUR BIRD ORNAMENT,8,2011-02-20 14:31:00,1.69,12988.0,United Kingdom
544463,22429,ENAMEL MEASURING JUG CREAM,1,2011-02-20 14:31:00,4.25,12988.0,United Kingdom
544463,22262,FELT EGG COSY CHICKEN,1,2011-02-20 14:31:00,0.85,12988.0,United Kingdom
544463,22804,CANDLEHOLDER PINK HANGING HEART,4,2011-02-20 14:31:00,2.95,12988.0,United Kingdom
544463,35471D,SET OF 3 BIRD LIGHT PINK FEATHER ,1,2011-02-20 14:31:00,1.25,12988.0,United Kingdom
544463,21908,CHOCOLATE THIS WAY METAL SIGN,1,2011-02-20 14:31:00,2.1,12988.0,United Kingdom
544463,21907,I'M ON HOLIDAY METAL SIGN,1,2011-02-20 14:31:00,2.1,12988.0,United Kingdom
544463,21903,MAN FLU METAL SIGN,1,2011-02-20 14:31:00,2.1,12988.0,United Kingdom
544463,22270,HAPPY EASTER HANGING DECORATION,1,2011-02-20 14:31:00,3.75,12988.0,United Kingdom
544463,22250,DECORATION  BUTTERFLY  MAGIC GARDEN,1,2011-02-20 14:31:00,0.85,12988.0,United Kingdom
544463,22249,DECORATION WHITE CHICK MAGIC GARDEN,1,2011-02-20 14:31:00,0.85,12988.0,United Kingdom
544463,22257,FELT FARM ANIMAL SHEEP,1,2011-02-20 14:31:00,1.25,12988.0,United Kingdom
544463,22256,FELT FARM ANIMAL CHICKEN,2,2011-02-20 14:31:00,1.25,12988.0,United Kingdom
544463,35912B,WHITE/PINK CHICK DECORATION,2,2011-02-20 14:31:00,1.25,12988.0,United Kingdom
544463,22804,CANDLEHOLDER PINK HANGING HEART,1,2011-02-20 14:31:00,2.95,12988.0,United Kingdom
544463,85059,FRENCH ENAMEL WATER BASIN,1,2011-02-20 14:31:00,3.75,12988.0,United Kingdom
544463,22912,YELLOW COAT RACK PARIS FASHION,1,2011-02-20 14:31:00,4.95,12988.0,United Kingdom
544463,22913,RED COAT RACK PARIS FASHION,1,2011-02-20 14:31:00,4.95,12988.0,United Kingdom
544463,85124B,BLUE JUICY FRUIT PHOTO FRAME,2,2011-02-20 14:31:00,2.55,12988.0,United Kingdom
544463,85124C,GREEN JUICY FRUIT PHOTO FRAME,2,2011-02-20 14:31:00,2.55,12988.0,United Kingdom
544463,22470,HEART OF WICKER LARGE,1,2011-02-20 14:31:00,2.95,12988.0,United Kingdom
544463,82494L,WOODEN FRAME ANTIQUE WHITE ,6,2011-02-20 14:31:00,2.95,12988.0,United Kingdom
544464,M,Manual,4,2011-02-20 14:38:00,0.85,17323.0,United Kingdom
544464,22999,TRAVEL CARD WALLET RETRO PETALS,2,2011-02-20 14:38:00,0.42,17323.0,United Kingdom
544464,22021,BLUE FELT EASTER EGG BASKET,3,2011-02-20 14:38:00,1.65,17323.0,United Kingdom
544464,85206A,CREAM FELT EASTER EGG BASKET,3,2011-02-20 14:38:00,1.65,17323.0,United Kingdom
544464,85049D,BRIGHT BLUES RIBBONS ,2,2011-02-20 14:38:00,1.25,17323.0,United Kingdom
544464,85049G,CHOCOLATE BOX RIBBONS ,2,2011-02-20 14:38:00,1.25,17323.0,United Kingdom
544464,85049C,ROMANTIC PINKS RIBBONS ,2,2011-02-20 14:38:00,1.25,17323.0,United Kingdom
544464,85049F,BABY BOOM RIBBONS ,2,2011-02-20 14:38:00,1.25,17323.0,United Kingdom
544464,20658,RED RETROSPOT LUGGAGE TAG,2,2011-02-20 14:38:00,1.25,17323.0,United Kingdom
544464,20669,RED HEART LUGGAGE TAG,1,2011-02-20 14:38:00,1.25,17323.0,United Kingdom
544464,22436,12 COLOURED PARTY BALLOONS,10,2011-02-20 14:38:00,0.65,17323.0,United Kingdom
544464,22439,6 ROCKET BALLOONS ,10,2011-02-20 14:38:00,0.65,17323.0,United Kingdom
544464,84559B,3D SHEET OF CAT STICKERS,3,2011-02-20 14:38:00,0.85,17323.0,United Kingdom
544464,84559B,3D SHEET OF CAT STICKERS,2,2011-02-20 14:38:00,0.85,17323.0,United Kingdom
544464,22507,MEMO BOARD RETROSPOT  DESIGN,3,2011-02-20 14:38:00,4.95,17323.0,United Kingdom
544464,22562,MONSTERS STENCIL CRAFT,2,2011-02-20 14:38:00,1.25,17323.0,United Kingdom
544464,22563,HAPPY STENCIL CRAFT,2,2011-02-20 14:38:00,1.25,17323.0,United Kingdom
544464,22564,ALPHABET STENCIL CRAFT,2,2011-02-20 14:38:00,1.25,17323.0,United Kingdom
544464,22440,BALLOON WATER BOMB PACK OF 35,10,2011-02-20 14:38:00,0.42,17323.0,United Kingdom
544464,47591D,PINK FAIRY CAKE CHILDRENS APRON,2,2011-02-20 14:38:00,1.95,17323.0,United Kingdom
544464,84596F,SMALL MARSHMALLOWS PINK BOWL,1,2011-02-20 14:38:00,1.25,17323.0,United Kingdom
544464,22131,FOOD CONTAINER SET 3 LOVE HEART ,1,2011-02-20 14:38:00,1.95,17323.0,United Kingdom
544464,21383,PACK OF 12 STICKY BUNNIES,12,2011-02-20 14:38:00,0.65,17323.0,United Kingdom
544464,84462,3 PINK HEN+CHICKS IN BASKET,3,2011-02-20 14:38:00,1.25,17323.0,United Kingdom
544464,22355,CHARLOTTE BAG SUKI DESIGN,10,2011-02-20 14:38:00,0.85,17323.0,United Kingdom
544464,20719,WOODLAND CHARLOTTE BAG,10,2011-02-20 14:38:00,0.85,17323.0,United Kingdom
544464,84218,BOX/12 CHICK & EGG IN BASKET,1,2011-02-20 14:38:00,1.95,17323.0,United Kingdom
544464,84226,HEN HOUSE W FAMILY IN BARN & NEST,3,2011-02-20 14:38:00,0.85,17323.0,United Kingdom
544464,21424,WOODLAND STORAGE BOX LARGE ,2,2011-02-20 14:38:00,2.95,17323.0,United Kingdom
544464,21426,WOODLAND STORAGE BOX SMALL,2,2011-02-20 14:38:00,2.1,17323.0,United Kingdom
544464,21428,SET3 BOOK BOX GREEN GINGHAM FLOWER ,2,2011-02-20 14:38:00,4.25,17323.0,United Kingdom
544464,21430,SET/3 RED GINGHAM ROSE STORAGE BOX,3,2011-02-20 14:38:00,3.75,17323.0,United Kingdom
544465,85049G,CHOCOLATE BOX RIBBONS ,1,2011-02-20 15:06:00,1.25,13168.0,United Kingdom
544465,17107D,"FLOWER FAIRY,5 SUMMER B'DRAW LINERS",6,2011-02-20 15:06:00,2.55,13168.0,United Kingdom
544465,35638A,PINK AND BLACK STRING CURTAIN,1,2011-02-20 15:06:00,5.95,13168.0,United Kingdom
544465,17091J,VANILLA INCENSE IN TIN,6,2011-02-20 15:06:00,1.25,13168.0,United Kingdom
544465,22720,SET OF 3 CAKE TINS PANTRY DESIGN ,3,2011-02-20 15:06:00,4.95,13168.0,United Kingdom
544465,85049G,CHOCOLATE BOX RIBBONS ,1,2011-02-20 15:06:00,1.25,13168.0,United Kingdom
544465,85071B,RED CHARLIE+LOLA PERSONAL DOORSIGN,1,2011-02-20 15:06:00,2.95,13168.0,United Kingdom
544465,20829,GLITTER HANGING BUTTERFLY STRING,1,2011-02-20 15:06:00,2.1,13168.0,United Kingdom
544465,82582,AREA PATROLLED METAL SIGN,1,2011-02-20 15:06:00,2.1,13168.0,United Kingdom
544465,22937,BAKING MOULD CHOCOLATE CUPCAKES,1,2011-02-20 15:06:00,2.55,13168.0,United Kingdom
544465,22077,6 RIBBONS RUSTIC CHARM,2,2011-02-20 15:06:00,1.65,13168.0,United Kingdom
544465,22967,SET 3 SONG BIRD PAPER EGGS ASSORTED,4,2011-02-20 15:06:00,2.95,13168.0,United Kingdom
544465,84947,ANTIQUE SILVER TEA GLASS ENGRAVED,6,2011-02-20 15:06:00,1.25,13168.0,United Kingdom
544465,22932,BAKING MOULD TOFFEE CUP CHOCOLATE,1,2011-02-20 15:06:00,2.55,13168.0,United Kingdom
544465,22268,EASTER DECORATION SITTING BUNNY,12,2011-02-20 15:06:00,0.85,13168.0,United Kingdom
544465,85123A,WHITE HANGING HEART T-LIGHT HOLDER,16,2011-02-20 15:06:00,2.95,13168.0,United Kingdom
544465,21163,DO NOT TOUCH MY STUFF DOOR HANGER ,1,2011-02-20 15:06:00,1.45,13168.0,United Kingdom
544465,23231,WRAP DOILEY DESIGN,25,2011-02-20 15:06:00,0.42,13168.0,United Kingdom
544465,21498,RED RETROSPOT WRAP ,25,2011-02-20 15:06:00,0.42,13168.0,United Kingdom
544465,21497,FANCY FONTS BIRTHDAY WRAP,25,2011-02-20 15:06:00,0.42,13168.0,United Kingdom
544465,17091A,LAVENDER INCENSE IN TIN,3,2011-02-20 15:06:00,1.25,13168.0,United Kingdom
544465,22624,IVORY KITCHEN SCALES,1,2011-02-20 15:06:00,8.5,13168.0,United Kingdom
544465,22626,BLACK KITCHEN SCALES,1,2011-02-20 15:06:00,8.5,13168.0,United Kingdom
544465,22625,RED KITCHEN SCALES,1,2011-02-20 15:06:00,8.5,13168.0,United Kingdom
544465,22624,IVORY KITCHEN SCALES,1,2011-02-20 15:06:00,8.5,13168.0,United Kingdom
544466,21425,SKULLS STORAGE BOX LARGE,1,2011-02-20 15:43:00,2.95,14606.0,United Kingdom
544466,21849,SILVER DIAMANTE PEN IN GIFT BOX,1,2011-02-20 15:43:00,4.95,14606.0,United Kingdom
544466,85040A,S/4 PINK FLOWER CANDLES IN BOWL,2,2011-02-20 15:43:00,1.65,14606.0,United Kingdom
544466,21666,RIDGED GLASS T-LIGHT HOLDER,10,2011-02-20 15:43:00,0.65,14606.0,United Kingdom
544466,22180,RETROSPOT LAMP,1,2011-02-20 15:43:00,9.95,14606.0,United Kingdom
544466,22296,HEART IVORY TRELLIS LARGE,1,2011-02-20 15:43:00,1.65,14606.0,United Kingdom
544466,21238,RED RETROSPOT CUP,1,2011-02-20 15:43:00,0.85,14606.0,United Kingdom
544466,22479,DAISY GARDEN MARKER,10,2011-02-20 15:43:00,1.25,14606.0,United Kingdom
544466,20986,BLUE CALCULATOR RULER,1,2011-02-20 15:43:00,1.25,14606.0,United Kingdom
544466,21407,BROWN CHECK CAT DOORSTOP ,1,2011-02-20 15:43:00,4.25,14606.0,United Kingdom
544466,22333,RETROSPOT PARTY BAG + STICKER SET,1,2011-02-20 15:43:00,1.65,14606.0,United Kingdom
544466,22227,HANGING HEART MIRROR DECORATION ,2,2011-02-20 15:43:00,0.65,14606.0,United Kingdom
544466,85078,SCANDINAVIAN 3 HEARTS NAPKIN RING,3,2011-02-20 15:43:00,0.65,14606.0,United Kingdom
544466,85176,SEWING SUSAN 21 NEEDLE SET,1,2011-02-20 15:43:00,0.85,14606.0,United Kingdom
544466,20727,LUNCH BAG  BLACK SKULL.,1,2011-02-20 15:43:00,1.65,14606.0,United Kingdom
544466,22349,DOG BOWL CHASING BALL DESIGN,1,2011-02-20 15:43:00,3.75,14606.0,United Kingdom
544466,20979,36 PENCILS TUBE RED RETROSPOT,1,2011-02-20 15:43:00,1.25,14606.0,United Kingdom
544466,21094,SET/6 RED SPOTTY PAPER PLATES,3,2011-02-20 15:43:00,0.85,14606.0,United Kingdom
544466,84989A,75 GREEN FAIRY CAKE CASES,1,2011-02-20 15:43:00,0.55,14606.0,United Kingdom
544466,21080,SET/20 RED RETROSPOT PAPER NAPKINS ,1,2011-02-20 15:43:00,0.85,14606.0,United Kingdom
544466,20726,LUNCH BAG WOODLAND,1,2011-02-20 15:43:00,1.65,14606.0,United Kingdom
544466,22282,12 EGG HOUSE PAINTED WOOD,1,2011-02-20 15:43:00,12.75,14606.0,United Kingdom
544466,21067,VINTAGE RED TEATIME MUG,3,2011-02-20 15:43:00,1.25,14606.0,United Kingdom
544466,21326,AGED GLASS SILVER T-LIGHT HOLDER,48,2011-02-20 15:43:00,0.65,14606.0,United Kingdom
544467,22487,WHITE WOOD GARDEN PLANT LADDER,1,2011-02-20 15:51:00,9.95,14502.0,United Kingdom
544467,35241,ENAMEL BLUE RIM BISCUIT BIN,2,2011-02-20 15:51:00,4.95,14502.0,United Kingdom
544467,22168,ORGANISER WOOD ANTIQUE WHITE ,1,2011-02-20 15:51:00,8.5,14502.0,United Kingdom
544467,21430,SET/3 RED GINGHAM ROSE STORAGE BOX,1,2011-02-20 15:51:00,3.75,14502.0,United Kingdom
544467,85206A,CREAM FELT EASTER EGG BASKET,1,2011-02-20 15:51:00,1.65,14502.0,United Kingdom
544467,21717,EASTER TIN BUCKET,1,2011-02-20 15:51:00,2.55,14502.0,United Kingdom
544467,22957,SET 3 PAPER VINTAGE CHICK PAPER EGG,1,2011-02-20 15:51:00,2.95,14502.0,United Kingdom
544467,22720,SET OF 3 CAKE TINS PANTRY DESIGN ,2,2011-02-20 15:51:00,4.95,14502.0,United Kingdom
544467,22558,CLOTHES PEGS RETROSPOT PACK 24 ,2,2011-02-20 15:51:00,1.49,14502.0,United Kingdom
544467,22077,6 RIBBONS RUSTIC CHARM,3,2011-02-20 15:51:00,1.65,14502.0,United Kingdom
544467,85232A,SET/3 POLKADOT STACKING TINS,1,2011-02-20 15:51:00,4.95,14502.0,United Kingdom
544467,22362,GLASS JAR PEACOCK BATH SALTS,1,2011-02-20 15:51:00,2.95,14502.0,United Kingdom
544467,22361,GLASS JAR DAISY FRESH COTTON WOOL,1,2011-02-20 15:51:00,2.95,14502.0,United Kingdom
544467,21212,PACK OF 72 RETROSPOT CAKE CASES,1,2011-02-20 15:51:00,0.55,14502.0,United Kingdom
544467,21533,RETROSPOT LARGE MILK JUG,1,2011-02-20 15:51:00,4.95,14502.0,United Kingdom
544467,20914,SET/5 RED RETROSPOT LID GLASS BOWLS,1,2011-02-20 15:51:00,2.95,14502.0,United Kingdom
544467,22993,SET OF 4 PANTRY JELLY MOULDS,1,2011-02-20 15:51:00,1.25,14502.0,United Kingdom
544467,22625,RED KITCHEN SCALES,1,2011-02-20 15:51:00,8.5,14502.0,United Kingdom
544467,22200,FRYING PAN PINK POLKADOT,2,2011-02-20 15:51:00,4.25,14502.0,United Kingdom
544467,22203,MILK PAN RED RETROSPOT,1,2011-02-20 15:51:00,3.75,14502.0,United Kingdom
544467,22202,MILK PAN PINK POLKADOT,1,2011-02-20 15:51:00,3.75,14502.0,United Kingdom
544467,21531,RED RETROSPOT SUGAR JAM BOWL,1,2011-02-20 15:51:00,2.55,14502.0,United Kingdom
544467,21539,RED RETROSPOT BUTTER DISH,1,2011-02-20 15:51:00,4.95,14502.0,United Kingdom
544467,21316,SMALL CHUNKY GLASS ROMAN  BOWL,1,2011-02-20 15:51:00,2.95,14502.0,United Kingdom
544467,22980,PANTRY SCRUBBING BRUSH,1,2011-02-20 15:51:00,1.65,14502.0,United Kingdom
544467,35809A,ENAMEL PINK TEA CONTAINER,1,2011-02-20 15:51:00,2.1,14502.0,United Kingdom
544467,21272,SALLE DE BAIN HOOK,3,2011-02-20 15:51:00,1.25,14502.0,United Kingdom
544467,71038,WHITE HANGING BEADS CANDLE HOLDER,2,2011-02-20 15:51:00,5.45,14502.0,United Kingdom
544467,22722,SET OF 6 SPICE TINS PANTRY DESIGN,1,2011-02-20 15:51:00,3.95,14502.0,United Kingdom
544467,22978,PANTRY ROLLING PIN,1,2011-02-20 15:51:00,3.75,14502.0,United Kingdom
544467,35810A,ENAMEL PINK COFFEE CONTAINER,1,2011-02-20 15:51:00,2.1,14502.0,United Kingdom
544467,22425,ENAMEL COLANDER CREAM,1,2011-02-20 15:51:00,4.95,14502.0,United Kingdom
544467,21658,GLASS  BEURRE DISH,1,2011-02-20 15:51:00,3.95,14502.0,United Kingdom
544467,22429,ENAMEL MEASURING JUG CREAM,1,2011-02-20 15:51:00,4.25,14502.0,United Kingdom
544467,21654,RIDGED GLASS FINGER BOWL,1,2011-02-20 15:51:00,1.45,14502.0,United Kingdom
544467,21316,SMALL CHUNKY GLASS ROMAN  BOWL,1,2011-02-20 15:51:00,2.95,14502.0,United Kingdom
544467,22777,GLASS CLOCHE LARGE,1,2011-02-20 15:51:00,8.5,14502.0,United Kingdom
544467,85061W,WHITE JEWELLED HEART DECORATION,1,2011-02-20 15:51:00,0.85,14502.0,United Kingdom
544467,85169D,PINK LOVE BIRD CANDLE,1,2011-02-20 15:51:00,1.25,14502.0,United Kingdom
544467,22424,ENAMEL BREAD BIN CREAM,1,2011-02-20 15:51:00,12.75,14502.0,United Kingdom
544467,22778,GLASS CLOCHE SMALL,1,2011-02-20 15:51:00,3.95,14502.0,United Kingdom
544467,21314,SMALL GLASS HEART TRINKET POT,1,2011-02-20 15:51:00,2.1,14502.0,United Kingdom
544467,85062,PEARL CRYSTAL PUMPKIN T-LIGHT HLDR,2,2011-02-20 15:51:00,1.65,14502.0,United Kingdom
544467,85131A,BEADED PEARL HEART WHITE ON STICK,1,2011-02-20 15:51:00,1.25,14502.0,United Kingdom
544467,22178,VICTORIAN GLASS HANGING T-LIGHT,2,2011-02-20 15:51:00,1.25,14502.0,United Kingdom
544467,21391,FRENCH LAVENDER SCENT HEART,1,2011-02-20 15:51:00,2.1,14502.0,United Kingdom
544467,21391,FRENCH LAVENDER SCENT HEART,1,2011-02-20 15:51:00,2.1,14502.0,United Kingdom
544467,21272,SALLE DE BAIN HOOK,2,2011-02-20 15:51:00,1.25,14502.0,United Kingdom
544467,22217,T-LIGHT HOLDER HANGING LACE,1,2011-02-20 15:51:00,1.25,14502.0,United Kingdom
544467,85130C,BEADED CRYSTAL HEART BLUE  LARGE,1,2011-02-20 15:51:00,1.65,14502.0,United Kingdom
544467,22078,RIBBON REEL LACE DESIGN ,2,2011-02-20 15:51:00,2.1,14502.0,United Kingdom
544467,85169A,IVORY LOVE BIRD CANDLE,1,2011-02-20 15:51:00,1.25,14502.0,United Kingdom
544467,21422,PORCELAIN ROSE SMALL,8,2011-02-20 15:51:00,0.85,14502.0,United Kingdom
544467,21421,PORCELAIN ROSE LARGE ,6,2011-02-20 15:51:00,1.25,14502.0,United Kingdom
544467,21755,LOVE BUILDING BLOCK WORD,1,2011-02-20 15:51:00,5.95,14502.0,United Kingdom
544467,22464,HANGING METAL HEART LANTERN,1,2011-02-20 15:51:00,1.65,14502.0,United Kingdom
544467,21535,RED RETROSPOT SMALL MILK JUG,1,2011-02-20 15:51:00,2.55,14502.0,United Kingdom
544467,22161,HEART DECORATION RUSTIC HANGING ,1,2011-02-20 15:51:00,0.65,14502.0,United Kingdom
544467,22156,HEART DECORATION WITH PEARLS ,2,2011-02-20 15:51:00,0.85,14502.0,United Kingdom
544467,21390,FILIGRIS HEART WITH BUTTERFLY,2,2011-02-20 15:51:00,1.25,14502.0,United Kingdom
544467,22335,HEART DECORATION PAINTED ZINC ,2,2011-02-20 15:51:00,0.65,14502.0,United Kingdom
544467,22294,HEART FILIGREE DOVE  SMALL,1,2011-02-20 15:51:00,1.25,14502.0,United Kingdom
544467,22297,HEART IVORY TRELLIS SMALL,2,2011-02-20 15:51:00,1.25,14502.0,United Kingdom
544467,21385,IVORY HANGING DECORATION  HEART,4,2011-02-20 15:51:00,0.85,14502.0,United Kingdom
544467,21259,VICTORIAN SEWING BOX SMALL ,1,2011-02-20 15:51:00,5.95,14502.0,United Kingdom
544467,72780,BLACK SILOUETTE CANDLE PLATE,2,2011-02-20 15:51:00,0.85,14502.0,United Kingdom
544467,82483,WOOD 2 DRAWER CABINET WHITE FINISH,1,2011-02-20 15:51:00,6.95,14502.0,United Kingdom
544467,22224,WHITE LOVEBIRD LANTERN,1,2011-02-20 15:51:00,2.95,14502.0,United Kingdom
544467,22784,LANTERN CREAM GAZEBO ,1,2011-02-20 15:51:00,4.95,14502.0,United Kingdom
544467,22427,ENAMEL FLOWER JUG CREAM,1,2011-02-20 15:51:00,5.95,14502.0,United Kingdom
544467,22799,SWEETHEART WIRE FRUIT BOWL,1,2011-02-20 15:51:00,8.5,14502.0,United Kingdom
544467,22776,SWEETHEART CAKESTAND 3 TIER,1,2011-02-20 15:51:00,9.95,14502.0,United Kingdom
544467,22789,T-LIGHT HOLDER SWEETHEART HANGING,2,2011-02-20 15:51:00,1.95,14502.0,United Kingdom
