InvoiceNo,StockCode,Description,Quantity,InvoiceDate,UnitPrice,CustomerID,Country
557667,22730,ALARM CLOCK BAKELIKE IVORY,12,2011-06-22 08:30:00,3.75,15606.0,United Kingdom
557667,85232D,SET/3 DECOUPAGE STACKING TINS,3,2011-06-22 08:30:00,4.95,15606.0,United Kingdom
557667,22727,ALARM CLOCK BAKELIKE RED ,24,2011-06-22 08:30:00,3.75,15606.0,United Kingdom
557667,23084,RABBIT NIGHT LIGHT,24,2011-06-22 08:30:00,1.79,15606.0,United Kingdom
557667,22726,ALARM CLOCK BAKELIKE GREEN,24,2011-06-22 08:30:00,3.75,15606.0,United Kingdom
557667,22179,SET 10 NIGHT OWL LIGHTS,4,2011-06-22 08:30:00,6.75,15606.0,United Kingdom
557668,23228,FILIGREE HEART BIRD WHITE ,24,2011-06-22 09:02:00,1.25,17828.0,Malta
557669,23084,RABBIT NIGHT LIGHT,24,2011-06-22 09:43:00,1.79,12674.0,France
557669,23119,PACK OF 6 LARGE FRUIT STRAWS ,12,2011-06-22 09:43:00,0.62,12674.0,France
557669,22693,GROW A FLYTRAP OR SUNFLOWER IN TIN,24,2011-06-22 09:43:00,1.25,12674.0,France
557669,22630,DOLLY GIRL LUNCH BOX,12,2011-06-22 09:43:00,1.95,12674.0,France
557669,22629,SPACEBOY LUNCH BOX ,12,2011-06-22 09:43:00,1.95,12674.0,France
557669,22631,CIRCUS PARADE LUNCH BOX ,12,2011-06-22 09:43:00,1.95,12674.0,France
557669,22319,HAIRCLIPS FORTIES FABRIC ASSORTED,12,2011-06-22 09:43:00,0.65,12674.0,France
557669,23076,ICE CREAM SUNDAE LIP GLOSS,24,2011-06-22 09:43:00,1.25,12674.0,France
557669,22328,ROUND SNACK BOXES SET OF 4 FRUITS ,6,2011-06-22 09:43:00,2.95,12674.0,France
557669,22326,ROUND SNACK BOXES SET OF4 WOODLAND ,6,2011-06-22 09:43:00,2.95,12674.0,France
557669,21881,CUTE CATS TAPE,12,2011-06-22 09:43:00,0.65,12674.0,France
557669,21883,STARS GIFT TAPE ,12,2011-06-22 09:43:00,0.65,12674.0,France
557669,16237,SLEEPING CAT ERASERS,30,2011-06-22 09:43:00,0.21,12674.0,France
557669,22492,MINI PAINT SET VINTAGE ,36,2011-06-22 09:43:00,0.65,12674.0,France
557669,22727,ALARM CLOCK BAKELIKE RED ,4,2011-06-22 09:43:00,3.75,12674.0,France
557669,22726,ALARM CLOCK BAKELIKE GREEN,4,2011-06-22 09:43:00,3.75,12674.0,France
557669,22728,ALARM CLOCK BAKELIKE PINK,4,2011-06-22 09:43:00,3.75,12674.0,France
557669,22398,MAGNETS PACK OF 4 SWALLOWS,12,2011-06-22 09:43:00,1.25,12674.0,France
557669,23158,SET OF 5 LUCKY CAT MAGNETS ,12,2011-06-22 09:43:00,2.08,12674.0,France
557669,POST,POSTAGE,2,2011-06-22 09:43:00,18.0,12674.0,France
557670,23084,RABBIT NIGHT LIGHT,288,2011-06-22 10:11:00,1.79,12798.0,Japan
557670,22491,PACK OF 12 COLOURED PENCILS,576,2011-06-22 10:11:00,0.72,12798.0,Japan
557670,22489,PACK OF 12 TRADITIONAL CRAYONS,432,2011-06-22 10:11:00,0.36,12798.0,Japan
557670,21918,SET 12 KIDS COLOUR  CHALK STICKS,576,2011-06-22 10:11:00,0.36,12798.0,Japan
557670,22181,SNOWSTORM PHOTO FRAME FRIDGE MAGNET,96,2011-06-22 10:11:00,0.72,12798.0,Japan
557670,85178,VICTORIAN SEWING KIT,288,2011-06-22 10:11:00,0.85,12798.0,Japan
557671,85049C,ROMANTIC PINKS RIBBONS ,12,2011-06-22 10:11:00,1.25,13849.0,United Kingdom
557671,22076,6 RIBBONS EMPIRE  ,12,2011-06-22 10:11:00,1.65,13849.0,United Kingdom
557671,22258,FELT FARM ANIMAL RABBIT,12,2011-06-22 10:11:00,1.25,13849.0,United Kingdom
557671,22895,SET OF 2 TEA TOWELS APPLE AND PEARS,6,2011-06-22 10:11:00,3.25,13849.0,United Kingdom
557671,85185B,PINK HORSE SOCK PUPPET,6,2011-06-22 10:11:00,2.95,13849.0,United Kingdom
557671,21136,PAINTED METAL PEARS ASSORTED,8,2011-06-22 10:11:00,1.69,13849.0,United Kingdom
557671,84832,ZINC WILLIE WINKIE  CANDLE STICK,12,2011-06-22 10:11:00,0.85,13849.0,United Kingdom
557671,71279,PINK GLASS CANDLEHOLDER,6,2011-06-22 10:11:00,2.95,13849.0,United Kingdom
557671,22464,HANGING METAL HEART LANTERN,12,2011-06-22 10:11:00,1.65,13849.0,United Kingdom
557671,22851,SET 20 NAPKINS FAIRY CAKES DESIGN ,12,2011-06-22 10:11:00,0.85,13849.0,United Kingdom
557671,22908,PACK OF 20 NAPKINS RED APPLES,12,2011-06-22 10:11:00,0.85,13849.0,United Kingdom
557671,62086A,PINK RETRO BIG FLOWER BAG,4,2011-06-22 10:11:00,1.95,13849.0,United Kingdom
557671,22894,TABLECLOTH RED APPLES DESIGN ,2,2011-06-22 10:11:00,9.95,13849.0,United Kingdom
557671,22435,SET OF 9 HEART SHAPED BALLOONS,12,2011-06-22 10:11:00,1.25,13849.0,United Kingdom
557671,22597,MUSICAL ZINC HEART DECORATION ,12,2011-06-22 10:11:00,0.85,13849.0,United Kingdom
557671,85038,6 CHOCOLATE LOVE HEART T-LIGHTS,6,2011-06-22 10:11:00,2.1,13849.0,United Kingdom
557671,84969,BOX OF 6 ASSORTED COLOUR TEASPOONS,6,2011-06-22 10:11:00,4.25,13849.0,United Kingdom
557671,22969,HOMEMADE JAM SCENTED CANDLES,12,2011-06-22 10:11:00,1.45,13849.0,United Kingdom
557671,21843,RED RETROSPOT CAKE STAND,1,2011-06-22 10:11:00,10.95,13849.0,United Kingdom
557671,22221,CAKE STAND LOVEBIRD 2 TIER PINK,2,2011-06-22 10:11:00,9.95,13849.0,United Kingdom
557671,22215,CAKE STAND WHITE TWO TIER LACE,2,2011-06-22 10:11:00,8.5,13849.0,United Kingdom
557671,22776,SWEETHEART CAKESTAND 3 TIER,1,2011-06-22 10:11:00,9.95,13849.0,United Kingdom
557671,72760B,VINTAGE CREAM 3 BASKET CAKE STAND,2,2011-06-22 10:11:00,9.95,13849.0,United Kingdom
557671,21985,PACK OF 12 HEARTS DESIGN TISSUES ,24,2011-06-22 10:11:00,0.29,13849.0,United Kingdom
557671,22149,FELTCRAFT 6 FLOWER FRIENDS,6,2011-06-22 10:11:00,2.1,13849.0,United Kingdom
557671,84569A,PACK 3 IRON ON DOG PATCHES,12,2011-06-22 10:11:00,1.25,13849.0,United Kingdom
557671,22556,PLASTERS IN TIN CIRCUS PARADE ,12,2011-06-22 10:11:00,1.65,13849.0,United Kingdom
557671,22620,4 TRADITIONAL SPINNING TOPS,12,2011-06-22 10:11:00,1.45,13849.0,United Kingdom
557671,21056,DOCTOR'S BAG SOFT TOY,1,2011-06-22 10:11:00,8.95,13849.0,United Kingdom
557671,21055,TOOL BOX SOFT TOY ,1,2011-06-22 10:11:00,8.95,13849.0,United Kingdom
557671,84507B,STRIPES DESIGN MONKEY DOLL,6,2011-06-22 10:11:00,2.55,13849.0,United Kingdom
557671,23204,CHARLOTTE BAG APPLES DESIGN,10,2011-06-22 10:11:00,0.85,13849.0,United Kingdom
557671,23207,LUNCH BAG ALPHABET DESIGN,10,2011-06-22 10:11:00,1.65,13849.0,United Kingdom
557671,21035,SET/2 RED RETROSPOT TEA TOWELS ,6,2011-06-22 10:11:00,3.25,13849.0,United Kingdom
557671,23103,JINGLE BELL HEART DECORATION,24,2011-06-22 10:11:00,1.65,13849.0,United Kingdom
557671,23190,BUNDLE OF 3 SCHOOL EXERCISE BOOKS  ,12,2011-06-22 10:11:00,1.65,13849.0,United Kingdom
557671,23263,SET OF 3 WOODEN HEART DECORATIONS,12,2011-06-22 10:11:00,1.25,13849.0,United Kingdom
557671,23251,VINTAGE RED ENAMEL TRIM MUG ,12,2011-06-22 10:11:00,1.25,13849.0,United Kingdom
557672,22697,GREEN REGENCY TEACUP AND SAUCER,6,2011-06-22 10:13:00,2.95,16114.0,United Kingdom
557672,22699,ROSES REGENCY TEACUP AND SAUCER ,6,2011-06-22 10:13:00,2.95,16114.0,United Kingdom
557672,22698,PINK REGENCY TEACUP AND SAUCER,6,2011-06-22 10:13:00,2.95,16114.0,United Kingdom
557672,22720,SET OF 3 CAKE TINS PANTRY DESIGN ,3,2011-06-22 10:13:00,4.95,16114.0,United Kingdom
557672,22666,RECIPE BOX PANTRY YELLOW DESIGN,6,2011-06-22 10:13:00,2.95,16114.0,United Kingdom
557672,23243,SET OF TEA COFFEE SUGAR TINS PANTRY,4,2011-06-22 10:13:00,4.95,16114.0,United Kingdom
557672,22904,CALENDAR PAPER CUT DESIGN,6,2011-06-22 10:13:00,2.95,16114.0,United Kingdom
557672,22965,3 TRADITIONAl BISCUIT CUTTERS  SET,6,2011-06-22 10:13:00,2.1,16114.0,United Kingdom
557673,21754,HOME BUILDING BLOCK WORD,3,2011-06-22 10:15:00,5.95,16180.0,United Kingdom
557673,23209,LUNCH BAG DOILEY PATTERN ,20,2011-06-22 10:15:00,1.65,16180.0,United Kingdom
557673,23207,LUNCH BAG ALPHABET DESIGN,20,2011-06-22 10:15:00,1.65,16180.0,United Kingdom
557673,23208,LUNCH BAG VINTAGE LEAF DESIGN,20,2011-06-22 10:15:00,1.65,16180.0,United Kingdom
557673,23201,JUMBO BAG ALPHABET,100,2011-06-22 10:15:00,1.79,16180.0,United Kingdom
557673,23203,JUMBO BAG DOILEY PATTERNS,100,2011-06-22 10:15:00,1.79,16180.0,United Kingdom
557673,23202,JUMBO BAG VINTAGE LEAF,100,2011-06-22 10:15:00,1.79,16180.0,United Kingdom
557673,21928,JUMBO BAG SCANDINAVIAN BLUE PAISLEY,100,2011-06-22 10:15:00,1.79,16180.0,United Kingdom
557673,21929,JUMBO BAG PINK VINTAGE PAISLEY,100,2011-06-22 10:15:00,1.79,16180.0,United Kingdom
557673,85099B,JUMBO BAG RED RETROSPOT,100,2011-06-22 10:15:00,1.79,16180.0,United Kingdom
557673,23200,JUMBO BAG PEARS,100,2011-06-22 10:15:00,1.79,16180.0,United Kingdom
557673,23199,JUMBO BAG APPLES,100,2011-06-22 10:15:00,1.79,16180.0,United Kingdom
557673,23206,LUNCH BAG APPLE DESIGN,20,2011-06-22 10:15:00,1.65,16180.0,United Kingdom
557674,21094,SET/6 RED SPOTTY PAPER PLATES,96,2011-06-22 10:19:00,0.64,16422.0,United Kingdom
557674,21080,SET/20 RED RETROSPOT PAPER NAPKINS ,96,2011-06-22 10:19:00,0.72,16422.0,United Kingdom
557674,21086,SET/6 RED SPOTTY PAPER CUPS,216,2011-06-22 10:19:00,0.53,16422.0,United Kingdom
557674,22333,RETROSPOT PARTY BAG + STICKER SET,48,2011-06-22 10:19:00,1.45,16422.0,United Kingdom
557674,21207,SKULL AND CROSSBONES  GARLAND ,48,2011-06-22 10:19:00,1.45,16422.0,United Kingdom
557674,21213,PACK OF 72 SKULL CAKE CASES,120,2011-06-22 10:19:00,0.42,16422.0,United Kingdom
557674,17003,BROCADE RING PURSE ,720,2011-06-22 10:19:00,0.25,16422.0,United Kingdom
557674,21380,WOODEN HAPPY BIRTHDAY GARLAND,24,2011-06-22 10:19:00,2.95,16422.0,United Kingdom
557674,22083,PAPER CHAIN KIT RETROSPOT,40,2011-06-22 10:19:00,2.55,16422.0,United Kingdom
557674,22090,PAPER BUNTING RETROSPOT,120,2011-06-22 10:19:00,2.55,16422.0,United Kingdom
557674,21172,PARTY METAL SIGN ,96,2011-06-22 10:19:00,1.25,16422.0,United Kingdom
557674,47566B,TEA TIME PARTY BUNTING,40,2011-06-22 10:19:00,4.95,16422.0,United Kingdom
557674,22088,PAPER BUNTING COLOURED LACE,15,2011-06-22 10:19:00,2.55,16422.0,United Kingdom
557674,21121,SET/10 RED POLKADOT PARTY CANDLES,288,2011-06-22 10:19:00,1.06,16422.0,United Kingdom
557675,21915,RED  HARMONICA IN BOX ,24,2011-06-22 10:27:00,1.25,,Hong Kong
557675,22622,BOX OF VINTAGE ALPHABET BLOCKS,6,2011-06-22 10:27:00,11.95,,Hong Kong
557675,22620,4 TRADITIONAL SPINNING TOPS,24,2011-06-22 10:27:00,1.45,,Hong Kong
557675,21791,VINTAGE HEADS AND TAILS CARD GAME ,24,2011-06-22 10:27:00,1.25,,Hong Kong
557675,22452,MEASURING TAPE BABUSHKA PINK,12,2011-06-22 10:27:00,2.95,,Hong Kong
557675,22328,ROUND SNACK BOXES SET OF 4 FRUITS ,6,2011-06-22 10:27:00,2.95,,Hong Kong
557675,21559,STRAWBERRY LUNCH BOX WITH CUTLERY,12,2011-06-22 10:27:00,2.55,,Hong Kong
557675,22418,10 COLOUR SPACEBOY PEN,48,2011-06-22 10:27:00,0.85,,Hong Kong
557675,20750,RED RETROSPOT MINI CASES,8,2011-06-22 10:27:00,7.95,,Hong Kong
557675,22139,RETROSPOT TEA SET CERAMIC 11 PC ,6,2011-06-22 10:27:00,4.95,,Hong Kong
557675,23229,VINTAGE DONKEY TAIL GAME ,6,2011-06-22 10:27:00,3.75,,Hong Kong
557675,23122,PARTY CHARMS 50 PIECES,108,2011-06-22 10:27:00,0.83,,Hong Kong
557675,84077,WORLD WAR 2 GLIDERS ASSTD DESIGNS,144,2011-06-22 10:27:00,0.29,,Hong Kong
557675,21700,BIG DOUGHNUT FRIDGE MAGNETS,60,2011-06-22 10:27:00,0.85,,Hong Kong
557675,23119,PACK OF 6 LARGE FRUIT STRAWS ,48,2011-06-22 10:27:00,0.62,,Hong Kong
557675,POST,POSTAGE,1,2011-06-22 10:27:00,15.0,,Hong Kong
557676,22051,BLUE SCANDINAVIAN PAISLEY WRAP,25,2011-06-22 10:28:00,0.42,15804.0,United Kingdom
557676,22050,PINK PAISLEY ROSE GIFT WRAP,25,2011-06-22 10:28:00,0.42,15804.0,United Kingdom
557676,23232,WRAP VINTAGE PETALS  DESIGN,25,2011-06-22 10:28:00,0.42,15804.0,United Kingdom
557676,23233,WRAP POPPIES  DESIGN,25,2011-06-22 10:28:00,0.42,15804.0,United Kingdom
557676,22985,WRAP BILLBOARD FONTS DESIGN,25,2011-06-22 10:28:00,0.42,15804.0,United Kingdom
557676,22035,VINTAGE CARAVAN GREETING CARD ,12,2011-06-22 10:28:00,0.42,15804.0,United Kingdom
557676,84247G,"DECOUPAGE,GREETING CARD,",12,2011-06-22 10:28:00,0.42,15804.0,United Kingdom
557676,22029,SPACEBOY BIRTHDAY CARD,12,2011-06-22 10:28:00,0.42,15804.0,United Kingdom
557676,23084,RABBIT NIGHT LIGHT,12,2011-06-22 10:28:00,2.08,15804.0,United Kingdom
557676,21658,GLASS  BEURRE DISH,4,2011-06-22 10:28:00,3.95,15804.0,United Kingdom
557676,22655,VINTAGE RED KITCHEN CABINET,2,2011-06-22 10:28:00,125.0,15804.0,United Kingdom
557676,84968C,SET OF 16 VINTAGE PISTACHIO CUTLERY,1,2011-06-22 10:28:00,12.75,15804.0,United Kingdom
557676,23052,RECYCLED ACAPULCO MAT TURQUOISE,2,2011-06-22 10:28:00,8.25,15804.0,United Kingdom
557676,23049,RECYCLED ACAPULCO MAT RED,2,2011-06-22 10:28:00,8.25,15804.0,United Kingdom
557676,23054,RECYCLED ACAPULCO MAT LAVENDER,2,2011-06-22 10:28:00,8.25,15804.0,United Kingdom
557676,21770,OPEN CLOSED METAL SIGN,2,2011-06-22 10:28:00,4.95,15804.0,United Kingdom
557676,22635,CHILDS BREAKFAST SET DOLLY GIRL ,2,2011-06-22 10:28:00,9.95,15804.0,United Kingdom
557676,23108,SET OF 10 LED DOLLY LIGHTS,2,2011-06-22 10:28:00,6.25,15804.0,United Kingdom
557676,23254,CHILDRENS CUTLERY DOLLY GIRL ,4,2011-06-22 10:28:00,4.15,15804.0,United Kingdom
557676,84968A,SET OF 16 VINTAGE ROSE CUTLERY,1,2011-06-22 10:28:00,12.75,15804.0,United Kingdom
557676,22082,RIBBON REEL STRIPES DESIGN ,10,2011-06-22 10:28:00,1.65,15804.0,United Kingdom
557676,22634,CHILDS BREAKFAST SET SPACEBOY ,2,2011-06-22 10:28:00,9.95,15804.0,United Kingdom
557676,23256,CHILDRENS CUTLERY SPACEBOY ,4,2011-06-22 10:28:00,4.15,15804.0,United Kingdom
557676,22423,REGENCY CAKESTAND 3 TIER,1,2011-06-22 10:28:00,12.75,15804.0,United Kingdom
557676,22045,SPACEBOY GIFT WRAP,25,2011-06-22 10:28:00,0.42,15804.0,United Kingdom
557676,22047,EMPIRE GIFT WRAP,25,2011-06-22 10:28:00,0.42,15804.0,United Kingdom
557676,22048,BIRTHDAY BANQUET GIFT WRAP,25,2011-06-22 10:28:00,0.42,15804.0,United Kingdom
557676,22708,WRAP DOLLY GIRL,25,2011-06-22 10:28:00,0.42,15804.0,United Kingdom
557681,23444,Next Day Carriage,1,2011-06-22 10:31:00,15.0,14463.0,United Kingdom
557681,15056N,EDWARDIAN PARASOL NATURAL,30,2011-06-22 10:31:00,5.95,14463.0,United Kingdom
C557709,22720,SET OF 3 CAKE TINS PANTRY DESIGN ,-2,2011-06-22 10:39:00,4.95,15840.0,United Kingdom
557734,20974,12 PENCILS SMALL TUBE SKULL,48,2011-06-22 11:20:00,0.65,12684.0,France
557734,23190,BUNDLE OF 3 SCHOOL EXERCISE BOOKS  ,12,2011-06-22 11:20:00,1.65,12684.0,France
557734,22149,FELTCRAFT 6 FLOWER FRIENDS,6,2011-06-22 11:20:00,2.1,12684.0,France
557734,23126,FELTCRAFT GIRL AMELIE KIT,4,2011-06-22 11:20:00,4.95,12684.0,France
557734,22437,SET OF 9 BLACK SKULL BALLOONS,40,2011-06-22 11:20:00,0.85,12684.0,France
557734,22492,MINI PAINT SET VINTAGE ,108,2011-06-22 11:20:00,0.65,12684.0,France
557734,22992,REVOLVER WOODEN RULER ,48,2011-06-22 11:20:00,1.95,12684.0,France
557734,22493,PAINT YOUR OWN CANVAS SET,36,2011-06-22 11:20:00,1.65,12684.0,France
557734,22620,4 TRADITIONAL SPINNING TOPS,12,2011-06-22 11:20:00,1.45,12684.0,France
557734,21915,RED  HARMONICA IN BOX ,24,2011-06-22 11:20:00,1.25,12684.0,France
557734,22553,PLASTERS IN TIN SKULLS,12,2011-06-22 11:20:00,1.65,12684.0,France
557734,15039,SANDALWOOD FAN,10,2011-06-22 11:20:00,0.85,12684.0,France
557734,22489,PACK OF 12 TRADITIONAL CRAYONS,24,2011-06-22 11:20:00,0.42,12684.0,France
557734,POST,POSTAGE,2,2011-06-22 11:20:00,18.0,12684.0,France
557735,23173,REGENCY TEAPOT ROSES ,12,2011-06-22 11:30:00,8.15,16214.0,United Kingdom
557735,22699,ROSES REGENCY TEACUP AND SAUCER ,12,2011-06-22 11:30:00,2.95,16214.0,United Kingdom
557735,22697,GREEN REGENCY TEACUP AND SAUCER,12,2011-06-22 11:30:00,2.95,16214.0,United Kingdom
557735,22698,PINK REGENCY TEACUP AND SAUCER,12,2011-06-22 11:30:00,2.95,16214.0,United Kingdom
557735,23245,SET OF 3 REGENCY CAKE TINS,4,2011-06-22 11:30:00,4.95,16214.0,United Kingdom
557735,23170,REGENCY TEA PLATE ROSES ,12,2011-06-22 11:30:00,1.65,16214.0,United Kingdom
557735,23272,TREE T-LIGHT HOLDER WILLIE WINKIE,12,2011-06-22 11:30:00,1.65,16214.0,United Kingdom
557735,23163,REGENCY SUGAR TONGS,12,2011-06-22 11:30:00,2.49,16214.0,United Kingdom
557735,23171,REGENCY TEA PLATE GREEN ,12,2011-06-22 11:30:00,1.65,16214.0,United Kingdom
557736,21974,SET OF 36 PAISLEY FLOWER DOILIES,12,2011-06-22 11:35:00,1.45,13420.0,United Kingdom
557736,84988,SET OF 72 PINK HEART PAPER DOILIES,12,2011-06-22 11:35:00,1.45,13420.0,United Kingdom
557736,16161P,WRAP ENGLISH ROSE ,25,2011-06-22 11:35:00,0.42,13420.0,United Kingdom
557736,22986,WRAP GINGHAM ROSE ,25,2011-06-22 11:35:00,0.42,13420.0,United Kingdom
557739,23200,JUMBO BAG PEARS,1,2011-06-22 11:43:00,2.08,13780.0,United Kingdom
557739,22082,RIBBON REEL STRIPES DESIGN ,3,2011-06-22 11:43:00,1.65,13780.0,United Kingdom
557739,85049D,BRIGHT BLUES RIBBONS ,3,2011-06-22 11:43:00,1.25,13780.0,United Kingdom
557739,85049C,ROMANTIC PINKS RIBBONS ,3,2011-06-22 11:43:00,1.25,13780.0,United Kingdom
557739,85049A,TRADITIONAL CHRISTMAS RIBBONS,3,2011-06-22 11:43:00,1.25,13780.0,United Kingdom
557739,22654,DELUXE SEWING KIT ,1,2011-06-22 11:43:00,5.95,13780.0,United Kingdom
557739,21932,SCANDINAVIAN PAISLEY PICNIC BAG,2,2011-06-22 11:43:00,1.65,13780.0,United Kingdom
557739,21937,STRAWBERRY   PICNIC BAG,1,2011-06-22 11:43:00,2.95,13780.0,United Kingdom
557739,21326,AGED GLASS SILVER T-LIGHT HOLDER,156,2011-06-22 11:43:00,0.55,13780.0,United Kingdom
557742,84970S,HANGING HEART ZINC T-LIGHT HOLDER,36,2011-06-22 11:46:00,0.85,14911.0,EIRE
557742,22561,WOODEN SCHOOL COLOURING SET,12,2011-06-22 11:46:00,1.65,14911.0,EIRE
557742,22443,GROW YOUR OWN HERBS SET OF 3,6,2011-06-22 11:46:00,7.95,14911.0,EIRE
557742,23168,CLASSIC CAFE SUGAR DISPENSER,12,2011-06-22 11:46:00,1.25,14911.0,EIRE
557742,21084,SET/6 COLLAGE PAPER CUPS,24,2011-06-22 11:46:00,0.19,14911.0,EIRE
557742,21090,SET/6 COLLAGE PAPER PLATES,24,2011-06-22 11:46:00,0.39,14911.0,EIRE
557742,84944,SET OF 6 KASHMIR FOLKART BAUBLES,24,2011-06-22 11:46:00,1.65,14911.0,EIRE
557742,C2,CARRIAGE,1,2011-06-22 11:46:00,50.0,14911.0,EIRE
557742,23249,VINTAGE RED ENAMEL TRIM PLATE,12,2011-06-22 11:46:00,1.65,14911.0,EIRE
557742,23250,VINTAGE RED TRIM ENAMEL BOWL ,12,2011-06-22 11:46:00,1.25,14911.0,EIRE
557742,23251,VINTAGE RED ENAMEL TRIM MUG ,12,2011-06-22 11:46:00,1.25,14911.0,EIRE
557742,23252,VINTAGE RED ENAMEL TRIM JUG ,8,2011-06-22 11:46:00,3.75,14911.0,EIRE
557742,84978,HANGING HEART JAR T-LIGHT HOLDER,36,2011-06-22 11:46:00,1.06,14911.0,EIRE
557742,23166,MEDIUM CERAMIC TOP STORAGE JAR,12,2011-06-22 11:46:00,1.25,14911.0,EIRE
557742,23165,LARGE CERAMIC TOP STORAGE JAR,12,2011-06-22 11:46:00,1.65,14911.0,EIRE
557742,23167,SMALL CERAMIC TOP STORAGE JAR ,24,2011-06-22 11:46:00,0.83,14911.0,EIRE
557742,23169,CLASSIC GLASS COOKIE JAR,6,2011-06-22 11:46:00,4.15,14911.0,EIRE
557742,21658,GLASS  BEURRE DISH,24,2011-06-22 11:46:00,3.39,14911.0,EIRE
557742,18097C,WHITE TALL PORCELAIN T-LIGHT HOLDER,12,2011-06-22 11:46:00,2.55,14911.0,EIRE
557743,22429,ENAMEL MEASURING JUG CREAM,4,2011-06-22 11:59:00,4.25,18155.0,United Kingdom
557743,21658,GLASS  BEURRE DISH,4,2011-06-22 11:59:00,3.95,18155.0,United Kingdom
557743,22151,PLACE SETTING WHITE HEART,24,2011-06-22 11:59:00,0.42,18155.0,United Kingdom
557743,22427,ENAMEL FLOWER JUG CREAM,3,2011-06-22 11:59:00,5.95,18155.0,United Kingdom
557743,84978,HANGING HEART JAR T-LIGHT HOLDER,12,2011-06-22 11:59:00,1.25,18155.0,United Kingdom
557743,23168,CLASSIC CAFE SUGAR DISPENSER,12,2011-06-22 11:59:00,1.25,18155.0,United Kingdom
557743,22156,HEART DECORATION WITH PEARLS ,12,2011-06-22 11:59:00,0.85,18155.0,United Kingdom
557743,21313,GLASS HEART T-LIGHT HOLDER ,12,2011-06-22 11:59:00,0.85,18155.0,United Kingdom
557743,23036,T-LIGHT HOLDER SILVER PETIT FOUR ,12,2011-06-22 11:59:00,1.25,18155.0,United Kingdom
557743,23023,RIDGED BONNE JAM JAR T-LIGHT HOLDER,6,2011-06-22 11:59:00,1.65,18155.0,United Kingdom
557743,23021,GLASS BONNE JAM JAR,4,2011-06-22 11:59:00,4.15,18155.0,United Kingdom
557744,22711,WRAP CIRCUS PARADE,25,2011-06-22 12:09:00,0.42,15194.0,United Kingdom
557744,22904,CALENDAR PAPER CUT DESIGN,6,2011-06-22 12:09:00,2.95,15194.0,United Kingdom
557744,22969,HOMEMADE JAM SCENTED CANDLES,12,2011-06-22 12:09:00,1.45,15194.0,United Kingdom
557744,23301,GARDENERS KNEELING PAD KEEP CALM ,12,2011-06-22 12:09:00,1.65,15194.0,United Kingdom
557744,22386,JUMBO BAG PINK POLKADOT,10,2011-06-22 12:09:00,2.08,15194.0,United Kingdom
557744,23118,PARISIENNE JEWELLERY DRAWER ,2,2011-06-22 12:09:00,7.5,15194.0,United Kingdom
557744,22962,JAM JAR WITH PINK LID,12,2011-06-22 12:09:00,0.85,15194.0,United Kingdom
557744,22720,SET OF 3 CAKE TINS PANTRY DESIGN ,3,2011-06-22 12:09:00,4.95,15194.0,United Kingdom
557744,23166,MEDIUM CERAMIC TOP STORAGE JAR,12,2011-06-22 12:09:00,1.25,15194.0,United Kingdom
557744,23167,SMALL CERAMIC TOP STORAGE JAR ,12,2011-06-22 12:09:00,0.83,15194.0,United Kingdom
557744,23165,LARGE CERAMIC TOP STORAGE JAR,12,2011-06-22 12:09:00,1.65,15194.0,United Kingdom
557744,23245,SET OF 3 REGENCY CAKE TINS,4,2011-06-22 12:09:00,4.95,15194.0,United Kingdom
557744,23243,SET OF TEA COFFEE SUGAR TINS PANTRY,4,2011-06-22 12:09:00,4.95,15194.0,United Kingdom
557744,23307,SET OF 60 PANTRY DESIGN CAKE CASES ,24,2011-06-22 12:09:00,0.55,15194.0,United Kingdom
557744,23306,SET OF 36 DOILIES PANTRY DESIGN,12,2011-06-22 12:09:00,1.45,15194.0,United Kingdom
557744,23322,LARGE WHITE HEART OF WICKER,12,2011-06-22 12:09:00,2.95,15194.0,United Kingdom
557744,23321,SMALL WHITE HEART OF WICKER,12,2011-06-22 12:09:00,1.65,15194.0,United Kingdom
557744,21654,RIDGED GLASS FINGER BOWL,36,2011-06-22 12:09:00,0.39,15194.0,United Kingdom
557744,79051A,SMOKEY GREY COLOUR D.O.F. GLASS,48,2011-06-22 12:09:00,0.29,15194.0,United Kingdom
557744,79163,BLACK CHAMPAGNE GLASS,48,2011-06-22 12:09:00,0.39,15194.0,United Kingdom
557744,84596B,SMALL DOLLY MIX DESIGN ORANGE BOWL,16,2011-06-22 12:09:00,0.42,15194.0,United Kingdom
557744,84595E,LARGE TORTILLA DESIGN RED BOWL,12,2011-06-22 12:09:00,1.65,15194.0,United Kingdom
557744,84596F,SMALL MARSHMALLOWS PINK BOWL,16,2011-06-22 12:09:00,0.42,15194.0,United Kingdom
557744,21990,MODERN FLORAL STATIONERY SET,12,2011-06-22 12:09:00,1.25,15194.0,United Kingdom
557744,21991,BOHEMIAN COLLAGE STATIONERY SET,12,2011-06-22 12:09:00,1.25,15194.0,United Kingdom
557745,23300,GARDENERS KNEELING PAD CUP OF TEA ,2,2011-06-22 12:16:00,1.65,15750.0,United Kingdom
557745,23301,GARDENERS KNEELING PAD KEEP CALM ,2,2011-06-22 12:16:00,1.65,15750.0,United Kingdom
557745,23302,KNEELING MAT HOUSEWORK  DESIGN,2,2011-06-22 12:16:00,1.65,15750.0,United Kingdom
557745,22038,BOTANICAL LAVENDER GIFT WRAP ,25,2011-06-22 12:16:00,0.42,15750.0,United Kingdom
557745,23232,WRAP VINTAGE LEAF DESIGN,25,2011-06-22 12:16:00,0.42,15750.0,United Kingdom
557745,22709,WRAP WEDDING DAY,25,2011-06-22 12:16:00,0.42,15750.0,United Kingdom
557745,22706,WRAP COWBOYS  ,25,2011-06-22 12:16:00,0.42,15750.0,United Kingdom
557745,22040,BOTANICAL ROSE GIFT WRAP,25,2011-06-22 12:16:00,0.42,15750.0,United Kingdom
557745,85014A,BLACK/BLUE POLKADOT UMBRELLA,2,2011-06-22 12:16:00,5.95,15750.0,United Kingdom
557745,20686,DOLLY MIXTURE CHILDREN'S UMBRELLA,2,2011-06-22 12:16:00,3.25,15750.0,United Kingdom
557745,20682,RED RETROSPOT CHILDRENS UMBRELLA,2,2011-06-22 12:16:00,3.25,15750.0,United Kingdom
557745,22714,CARD BIRTHDAY COWBOY,12,2011-06-22 12:16:00,0.42,15750.0,United Kingdom
557745,22028,PENNY FARTHING BIRTHDAY CARD,12,2011-06-22 12:16:00,0.42,15750.0,United Kingdom
557745,22024,RAINY LADIES BIRTHDAY CARD,12,2011-06-22 12:16:00,0.42,15750.0,United Kingdom
557745,22025,RING OF ROSES BIRTHDAY CARD,12,2011-06-22 12:16:00,0.42,15750.0,United Kingdom
557745,22715,CARD WEDDING DAY,12,2011-06-22 12:16:00,0.42,15750.0,United Kingdom
557745,22023,EMPIRE BIRTHDAY CARD,12,2011-06-22 12:16:00,0.42,15750.0,United Kingdom
557745,22032,BOTANICAL LILY GREETING CARD,12,2011-06-22 12:16:00,0.42,15750.0,United Kingdom
557745,22031,BOTANICAL LAVENDER BIRTHDAY CARD,12,2011-06-22 12:16:00,0.42,15750.0,United Kingdom
557745,22033,BOTANICAL ROSE GREETING CARD,12,2011-06-22 12:16:00,0.42,15750.0,United Kingdom
557745,21507,"ELEPHANT, BIRTHDAY CARD, ",12,2011-06-22 12:16:00,0.42,15750.0,United Kingdom
557745,21506,"FANCY FONT BIRTHDAY CARD, ",12,2011-06-22 12:16:00,0.42,15750.0,United Kingdom
557745,22030,SWALLOWS GREETING CARD,12,2011-06-22 12:16:00,0.42,15750.0,United Kingdom
557745,23084,RABBIT NIGHT LIGHT,2,2011-06-22 12:16:00,2.08,15750.0,United Kingdom
557745,21707,FOLDING UMBRELLA BLACKBLUE POLKADOT,1,2011-06-22 12:16:00,4.95,15750.0,United Kingdom
557745,20727,LUNCH BAG  BLACK SKULL.,3,2011-06-22 12:16:00,1.65,15750.0,United Kingdom
557745,22383,LUNCH BAG SUKI DESIGN ,3,2011-06-22 12:16:00,1.65,15750.0,United Kingdom
557745,22384,LUNCH BAG PINK POLKADOT,3,2011-06-22 12:16:00,1.65,15750.0,United Kingdom
557745,21559,STRAWBERRY LUNCH BOX WITH CUTLERY,6,2011-06-22 12:16:00,2.55,15750.0,United Kingdom
557745,21586,KINGS CHOICE GIANT TUBE MATCHES,3,2011-06-22 12:16:00,2.55,15750.0,United Kingdom
557745,23076,ICE CREAM SUNDAE LIP GLOSS,24,2011-06-22 12:16:00,1.25,15750.0,United Kingdom
557745,23077,DOUGHNUT LIP GLOSS ,20,2011-06-22 12:16:00,1.25,15750.0,United Kingdom
557745,23078,ICE CREAM PEN LIP GLOSS ,24,2011-06-22 12:16:00,1.25,15750.0,United Kingdom
557745,20717,STRAWBERRY SHOPPER BAG,4,2011-06-22 12:16:00,1.25,15750.0,United Kingdom
557745,21931,JUMBO STORAGE BAG SUKI,3,2011-06-22 12:16:00,2.08,15750.0,United Kingdom
557745,85099C,JUMBO  BAG BAROQUE BLACK WHITE,4,2011-06-22 12:16:00,2.08,15750.0,United Kingdom
557745,22411,JUMBO SHOPPER VINTAGE RED PAISLEY,4,2011-06-22 12:16:00,2.08,15750.0,United Kingdom
557745,22386,JUMBO BAG PINK POLKADOT,3,2011-06-22 12:16:00,2.08,15750.0,United Kingdom
557745,23322,LARGE WHITE HEART OF WICKER,2,2011-06-22 12:16:00,2.95,15750.0,United Kingdom
557745,22112,CHOCOLATE HOT WATER BOTTLE,2,2011-06-22 12:16:00,4.95,15750.0,United Kingdom
557745,22835,HOT WATER BOTTLE I AM SO POORLY,2,2011-06-22 12:16:00,4.65,15750.0,United Kingdom
557745,22469,HEART OF WICKER SMALL,2,2011-06-22 12:16:00,1.65,15750.0,United Kingdom
557745,22470,HEART OF WICKER LARGE,2,2011-06-22 12:16:00,2.95,15750.0,United Kingdom
557745,21558,SKULL LUNCH BOX WITH CUTLERY ,3,2011-06-22 12:16:00,2.55,15750.0,United Kingdom
557745,21561,DINOSAUR LUNCH BOX WITH CUTLERY,3,2011-06-22 12:16:00,2.55,15750.0,United Kingdom
557745,22352,LUNCH BOX WITH CUTLERY RETROSPOT ,3,2011-06-22 12:16:00,2.55,15750.0,United Kingdom
557745,82600,NO SINGING METAL SIGN,4,2011-06-22 12:16:00,2.1,15750.0,United Kingdom
557745,85152,HAND OVER THE CHOCOLATE   SIGN ,3,2011-06-22 12:16:00,2.1,15750.0,United Kingdom
557745,82582,AREA PATROLLED METAL SIGN,3,2011-06-22 12:16:00,2.1,15750.0,United Kingdom
557745,21165,BEWARE OF THE CAT METAL SIGN ,3,2011-06-22 12:16:00,1.69,15750.0,United Kingdom
557745,23241,TREASURE TIN GYMKHANA DESIGN,2,2011-06-22 12:16:00,2.08,15750.0,United Kingdom
557745,20622,VIPPASSPORT COVER ,3,2011-06-22 12:16:00,2.1,15750.0,United Kingdom
557745,21866,UNION JACK FLAG LUGGAGE TAG,3,2011-06-22 12:16:00,1.25,15750.0,United Kingdom
557745,21864,UNION JACK FLAG PASSPORT COVER ,3,2011-06-22 12:16:00,2.1,15750.0,United Kingdom
557745,21620,SET OF 4 ROSE BOTANICAL CANDLES,2,2011-06-22 12:16:00,3.75,15750.0,United Kingdom
557745,21615,4 LAVENDER BOTANICAL DINNER CANDLES,2,2011-06-22 12:16:00,3.75,15750.0,United Kingdom
557745,23237,SET OF 4 KNICK KNACK TINS LEAVES ,1,2011-06-22 12:16:00,4.15,15750.0,United Kingdom
557745,23238,SET OF 4 KNICK KNACK TINS LONDON ,1,2011-06-22 12:16:00,4.15,15750.0,United Kingdom
557745,72807B,SET/3 OCEAN SCENT CANDLE JEWEL BOX,2,2011-06-22 12:16:00,4.25,15750.0,United Kingdom
557745,84987,SET OF 36 TEATIME PAPER DOILIES,3,2011-06-22 12:16:00,1.45,15750.0,United Kingdom
557745,23176,ABC TREASURE BOOK BOX ,2,2011-06-22 12:16:00,2.25,15750.0,United Kingdom
557745,23177,TREASURE ISLAND BOOK BOX,1,2011-06-22 12:16:00,2.25,15750.0,United Kingdom
557745,23194,GYMKHANA TREASURE BOOK BOX,3,2011-06-22 12:16:00,2.25,15750.0,United Kingdom
557745,23310,BUBBLEGUM RING ASSORTED,36,2011-06-22 12:16:00,0.42,15750.0,United Kingdom
557745,23103,JINGLE BELL HEART DECORATION,3,2011-06-22 12:16:00,1.65,15750.0,United Kingdom
557745,23184,BULL DOG BOTTLE OPENER,2,2011-06-22 12:16:00,4.95,15750.0,United Kingdom
557746,22998,TRAVEL CARD WALLET KEEP CALM,1,2011-06-22 12:24:00,0.42,15059.0,United Kingdom
557746,22996,TRAVEL CARD WALLET VINTAGE TICKET,6,2011-06-22 12:24:00,0.42,15059.0,United Kingdom
557746,85049D,BRIGHT BLUES RIBBONS ,1,2011-06-22 12:24:00,1.25,15059.0,United Kingdom
557746,85049A,TRADITIONAL CHRISTMAS RIBBONS,1,2011-06-22 12:24:00,1.25,15059.0,United Kingdom
557746,22558,CLOTHES PEGS RETROSPOT PACK 24 ,1,2011-06-22 12:24:00,1.65,15059.0,United Kingdom
557746,85180B,PINK HEARTS LIGHT CHAIN ,1,2011-06-22 12:24:00,4.65,15059.0,United Kingdom
557746,85180A,RED HEARTS LIGHT CHAIN ,1,2011-06-22 12:24:00,4.65,15059.0,United Kingdom
557746,21731,RED TOADSTOOL LED NIGHT LIGHT,1,2011-06-22 12:24:00,1.65,15059.0,United Kingdom
557746,23152,IVORY SWEETHEART WIRE LETTER RACK ,4,2011-06-22 12:24:00,3.75,15059.0,United Kingdom
557746,21530,DAIRY MAID TOASTRACK,2,2011-06-22 12:24:00,0.79,15059.0,United Kingdom
557746,22556,PLASTERS IN TIN CIRCUS PARADE ,1,2011-06-22 12:24:00,1.65,15059.0,United Kingdom
557746,22554,PLASTERS IN TIN WOODLAND ANIMALS,2,2011-06-22 12:24:00,1.65,15059.0,United Kingdom
557746,22551,PLASTERS IN TIN SPACEBOY,1,2011-06-22 12:24:00,1.65,15059.0,United Kingdom
557746,23168,CLASSIC CAFE SUGAR DISPENSER,3,2011-06-22 12:24:00,1.25,15059.0,United Kingdom
557746,22800,ANTIQUE TALL SWIRLGLASS TRINKET POT,1,2011-06-22 12:24:00,3.75,15059.0,United Kingdom
557746,22798,ANTIQUE GLASS DRESSING TABLE POT,1,2011-06-22 12:24:00,2.95,15059.0,United Kingdom
557746,82600,NO SINGING METAL SIGN,2,2011-06-22 12:24:00,2.1,15059.0,United Kingdom
557746,82552,WASHROOM METAL SIGN,2,2011-06-22 12:24:00,1.45,15059.0,United Kingdom
557746,82551,LAUNDRY 15C METAL SIGN,2,2011-06-22 12:24:00,1.45,15059.0,United Kingdom
557746,21166,COOK WITH WINE METAL SIGN ,1,2011-06-22 12:24:00,2.08,15059.0,United Kingdom
557746,82582,AREA PATROLLED METAL SIGN,1,2011-06-22 12:24:00,2.1,15059.0,United Kingdom
557746,85152,HAND OVER THE CHOCOLATE   SIGN ,2,2011-06-22 12:24:00,2.1,15059.0,United Kingdom
557746,21175,GIN + TONIC DIET METAL SIGN,4,2011-06-22 12:24:00,2.55,15059.0,United Kingdom
557746,21908,CHOCOLATE THIS WAY METAL SIGN,2,2011-06-22 12:24:00,2.1,15059.0,United Kingdom
557746,22413,METAL SIGN TAKE IT OR LEAVE IT ,4,2011-06-22 12:24:00,2.95,15059.0,United Kingdom
557746,23164,REGENCY CAKE SLICE,1,2011-06-22 12:24:00,4.95,15059.0,United Kingdom
557746,23281,FOLDING BUTTERFLY MIRROR RED  ,2,2011-06-22 12:24:00,0.83,15059.0,United Kingdom
557746,23280,FOLDING BUTTERFLY MIRROR HOT PINK ,2,2011-06-22 12:24:00,0.83,15059.0,United Kingdom
557746,23282,FOLDING BUTTERFLY MIRROR IVORY ,6,2011-06-22 12:24:00,0.83,15059.0,United Kingdom
557746,82494L,WOODEN FRAME ANTIQUE WHITE ,1,2011-06-22 12:24:00,2.95,15059.0,United Kingdom
557746,22197,POPCORN HOLDER,1,2011-06-22 12:24:00,0.85,15059.0,United Kingdom
557746,21539,RED RETROSPOT BUTTER DISH,1,2011-06-22 12:24:00,4.95,15059.0,United Kingdom
557746,22361,GLASS JAR DAISY FRESH COTTON WOOL,1,2011-06-22 12:24:00,2.95,15059.0,United Kingdom
557746,22364,GLASS JAR DIGESTIVE BISCUITS,1,2011-06-22 12:24:00,2.95,15059.0,United Kingdom
557746,22362,GLASS JAR PEACOCK BATH SALTS,1,2011-06-22 12:24:00,2.95,15059.0,United Kingdom
557746,23241,TREASURE TIN GYMKHANA DESIGN,2,2011-06-22 12:24:00,2.08,15059.0,United Kingdom
557746,22854,CREAM SWEETHEART EGG HOLDER,2,2011-06-22 12:24:00,4.95,15059.0,United Kingdom
557746,22193,RED DINER WALL CLOCK,1,2011-06-22 12:24:00,8.5,15059.0,United Kingdom
557746,23300,GARDENERS KNEELING PAD CUP OF TEA ,2,2011-06-22 12:24:00,1.65,15059.0,United Kingdom
557746,23302,KNEELING MAT HOUSEWORK  DESIGN,2,2011-06-22 12:24:00,1.65,15059.0,United Kingdom
557746,22781,GUMBALL MAGAZINE RACK,1,2011-06-22 12:24:00,7.65,15059.0,United Kingdom
557747,22980,PANTRY SCRUBBING BRUSH,12,2011-06-22 12:25:00,1.65,13611.0,United Kingdom
557747,48194,DOORMAT HEARTS,2,2011-06-22 12:25:00,7.95,13611.0,United Kingdom
557747,23237,SET OF 4 KNICK KNACK TINS LEAVES ,6,2011-06-22 12:25:00,4.15,13611.0,United Kingdom
557747,22904,CALENDAR PAPER CUT DESIGN,6,2011-06-22 12:25:00,2.95,13611.0,United Kingdom
557747,47590A,BLUE HAPPY BIRTHDAY BUNTING,3,2011-06-22 12:25:00,5.45,13611.0,United Kingdom
557747,23082,SET 6 PAPER TABLE LANTERN HEARTS ,6,2011-06-22 12:25:00,3.75,13611.0,United Kingdom
557747,84879,ASSORTED COLOUR BIRD ORNAMENT,16,2011-06-22 12:25:00,1.69,13611.0,United Kingdom
557747,21900,"KEY FOB , SHED",24,2011-06-22 12:25:00,0.65,13611.0,United Kingdom
557747,21899,"KEY FOB , GARAGE DESIGN",24,2011-06-22 12:25:00,0.65,13611.0,United Kingdom
557747,21901,"KEY FOB , BACK DOOR ",24,2011-06-22 12:25:00,0.65,13611.0,United Kingdom
557747,23283,DOORMAT VINTAGE LEAVES DESIGN ,2,2011-06-22 12:25:00,7.95,13611.0,United Kingdom
557747,84945,MULTI COLOUR SILVER T-LIGHT HOLDER,12,2011-06-22 12:25:00,0.85,13611.0,United Kingdom
557747,22429,ENAMEL MEASURING JUG CREAM,4,2011-06-22 12:25:00,4.25,13611.0,United Kingdom
557747,84375,SET OF 20 KIDS COOKIE CUTTERS,12,2011-06-22 12:25:00,2.1,13611.0,United Kingdom
557747,22991,GIRAFFE WOODEN RULER,12,2011-06-22 12:25:00,1.95,13611.0,United Kingdom
557747,22489,PACK OF 12 TRADITIONAL CRAYONS,24,2011-06-22 12:25:00,0.42,13611.0,United Kingdom
557747,22741,FUNKY DIVA PEN,48,2011-06-22 12:25:00,0.85,13611.0,United Kingdom
557748,22795,SWEETHEART RECIPE BOOK STAND,2,2011-06-22 12:32:00,6.75,14527.0,United Kingdom
557748,23067,HANGING ENGRAVED METAL HEART,1,2011-06-22 12:32:00,4.15,14527.0,United Kingdom
557748,23068,ALUMINIUM STAMPED HEART,1,2011-06-22 12:32:00,2.49,14527.0,United Kingdom
557748,85099C,JUMBO  BAG BAROQUE BLACK WHITE,4,2011-06-22 12:32:00,2.08,14527.0,United Kingdom
557748,21931,JUMBO STORAGE BAG SUKI,2,2011-06-22 12:32:00,2.08,14527.0,United Kingdom
557748,23201,JUMBO BAG ALPHABET,1,2011-06-22 12:32:00,2.08,14527.0,United Kingdom
557748,44089C,LILAC GAUZE BUTTERFLY LAMPSHADE,10,2011-06-22 12:32:00,0.42,14527.0,United Kingdom
557748,23298,SPOTTY BUNTING,1,2011-06-22 12:32:00,4.95,14527.0,United Kingdom
557748,22666,RECIPE BOX PANTRY YELLOW DESIGN,3,2011-06-22 12:32:00,2.95,14527.0,United Kingdom
557748,22667,RECIPE BOX RETROSPOT ,1,2011-06-22 12:32:00,2.95,14527.0,United Kingdom
557748,82484,WOOD BLACK BOARD ANT WHITE FINISH,2,2011-06-22 12:32:00,7.95,14527.0,United Kingdom
557748,22526,WHEELBARROW FOR CHILDREN ,1,2011-06-22 12:32:00,12.75,14527.0,United Kingdom
557748,82580,BATHROOM METAL SIGN,2,2011-06-22 12:32:00,0.55,14527.0,United Kingdom
557748,22670,FRENCH WC SIGN BLUE METAL,1,2011-06-22 12:32:00,1.25,14527.0,United Kingdom
557749,15036,ASSORTED COLOURS SILK FAN,12,2011-06-22 12:44:00,0.83,13477.0,United Kingdom
557749,22037,ROBOT BIRTHDAY CARD,12,2011-06-22 12:44:00,0.42,13477.0,United Kingdom
557749,22028,PENNY FARTHING BIRTHDAY CARD,12,2011-06-22 12:44:00,0.42,13477.0,United Kingdom
557749,22712,CARD DOLLY GIRL ,12,2011-06-22 12:44:00,0.42,13477.0,United Kingdom
557749,22983,CARD BILLBOARD FONT,12,2011-06-22 12:44:00,0.42,13477.0,United Kingdom
557749,22030,SWALLOWS GREETING CARD,12,2011-06-22 12:44:00,0.42,13477.0,United Kingdom
557749,23231,WRAP DOILEY DESIGN,25,2011-06-22 12:44:00,0.42,13477.0,United Kingdom
557749,22423,REGENCY CAKESTAND 3 TIER,6,2011-06-22 12:44:00,12.75,13477.0,United Kingdom
557749,23084,RABBIT NIGHT LIGHT,24,2011-06-22 12:44:00,1.79,13477.0,United Kingdom
557749,21731,RED TOADSTOOL LED NIGHT LIGHT,12,2011-06-22 12:44:00,1.65,13477.0,United Kingdom
557749,22466,FAIRY TALE COTTAGE NIGHTLIGHT,12,2011-06-22 12:44:00,1.95,13477.0,United Kingdom
557749,21829,DINOSAUR KEYRINGS ASSORTED,36,2011-06-22 12:44:00,0.21,13477.0,United Kingdom
557749,11001,ASSTD DESIGN RACING CAR PEN,16,2011-06-22 12:44:00,1.69,13477.0,United Kingdom
557749,22610,PENS ASSORTED FUNNY FACE,36,2011-06-22 12:44:00,0.19,13477.0,United Kingdom
557750,16218,CARTOON  PENCIL SHARPENERS,80,2011-06-22 12:50:00,0.06,16841.0,United Kingdom
557750,16219,HOUSE SHAPE PENCIL SHARPENER,48,2011-06-22 12:50:00,0.06,16841.0,United Kingdom
557750,20996,JAZZ HEARTS ADDRESS BOOK,48,2011-06-22 12:50:00,0.19,16841.0,United Kingdom
557750,20984,12 PENCILS TALL TUBE POSY,24,2011-06-22 12:50:00,0.29,16841.0,United Kingdom
557750,22208,WOOD STAMP SET THANK YOU,24,2011-06-22 12:50:00,0.83,16841.0,United Kingdom
557750,21219,SET/4 BADGES BALLOON GIRL,10,2011-06-22 12:50:00,1.25,16841.0,United Kingdom
557750,84077,WORLD WAR 2 GLIDERS ASSTD DESIGNS,48,2011-06-22 12:50:00,0.29,16841.0,United Kingdom
557750,21679,SKULLS  STICKERS,12,2011-06-22 12:50:00,0.85,16841.0,United Kingdom
557750,84665,SQUARE CHERRY BLOSSOM CABINET,16,2011-06-22 12:50:00,5.95,16841.0,United Kingdom
557750,23121,PACK OF 6 COCKTAIL PARASOL STRAWS,24,2011-06-22 12:50:00,0.42,16841.0,United Kingdom
557750,23119,PACK OF 6 LARGE FRUIT STRAWS ,24,2011-06-22 12:50:00,0.62,16841.0,United Kingdom
557750,22089,PAPER BUNTING VINTAGE PAISLEY,6,2011-06-22 12:50:00,2.95,16841.0,United Kingdom
557750,22090,PAPER BUNTING RETROSPOT,12,2011-06-22 12:50:00,2.95,16841.0,United Kingdom
557750,23205,CHARLOTTE BAG VINTAGE ALPHABET ,10,2011-06-22 12:50:00,0.85,16841.0,United Kingdom
557750,22355,CHARLOTTE BAG SUKI DESIGN,10,2011-06-22 12:50:00,0.85,16841.0,United Kingdom
557750,23204,CHARLOTTE BAG APPLES DESIGN,10,2011-06-22 12:50:00,0.85,16841.0,United Kingdom
557750,20719,WOODLAND CHARLOTTE BAG,10,2011-06-22 12:50:00,0.85,16841.0,United Kingdom
557750,21224,SET/4 SKULL BADGES,10,2011-06-22 12:50:00,1.25,16841.0,United Kingdom
557751,22720,SET OF 3 CAKE TINS PANTRY DESIGN ,9,2011-06-22 12:56:00,4.95,14092.0,United Kingdom
557751,23245,SET OF 3 REGENCY CAKE TINS,4,2011-06-22 12:56:00,4.95,14092.0,United Kingdom
557751,22960,JAM MAKING SET WITH JARS,12,2011-06-22 12:56:00,3.75,14092.0,United Kingdom
557751,21790,VINTAGE SNAP CARDS,12,2011-06-22 12:56:00,0.85,14092.0,United Kingdom
557751,22607,WOODEN ROUNDERS GARDEN SET ,2,2011-06-22 12:56:00,9.95,14092.0,United Kingdom
557751,21706,FOLDING UMBRELLA RED/WHITE POLKADOT,4,2011-06-22 12:56:00,4.95,14092.0,United Kingdom
557751,23119,PACK OF 6 LARGE FRUIT STRAWS ,12,2011-06-22 12:56:00,0.62,14092.0,United Kingdom
557751,23229,VINTAGE DONKEY TAIL GAME ,6,2011-06-22 12:56:00,3.75,14092.0,United Kingdom
557751,23306,SET OF 36 DOILIES PANTRY DESIGN,12,2011-06-22 12:56:00,1.45,14092.0,United Kingdom
557751,22820,GIFT BAG BIRTHDAY,12,2011-06-22 12:56:00,0.65,14092.0,United Kingdom
557751,23301,GARDENERS KNEELING PAD KEEP CALM ,12,2011-06-22 12:56:00,1.65,14092.0,United Kingdom
557751,23284,DOORMAT KEEP CALM AND COME IN,2,2011-06-22 12:56:00,7.95,14092.0,United Kingdom
557752,22720,SET OF 3 CAKE TINS PANTRY DESIGN ,6,2011-06-22 12:57:00,4.95,14092.0,United Kingdom
557753,21706,FOLDING UMBRELLA RED/WHITE POLKADOT,12,2011-06-22 13:00:00,4.95,17877.0,United Kingdom
557753,21157,RED RETROSPOT WASHBAG,1,2011-06-22 13:00:00,2.1,17877.0,United Kingdom
557753,21041,RED RETROSPOT OVEN GLOVE DOUBLE,2,2011-06-22 13:00:00,2.95,17877.0,United Kingdom
557753,21094,SET/6 RED SPOTTY PAPER PLATES,12,2011-06-22 13:00:00,0.85,17877.0,United Kingdom
557753,21888,BINGO SET,1,2011-06-22 13:00:00,3.75,17877.0,United Kingdom
557753,23229,VINTAGE DONKEY TAIL GAME ,1,2011-06-22 13:00:00,3.75,17877.0,United Kingdom
557753,23254,CHILDRENS CUTLERY DOLLY GIRL ,1,2011-06-22 13:00:00,4.15,17877.0,United Kingdom
557753,21980,PACK OF 12 RED RETROSPOT TISSUES ,24,2011-06-22 13:00:00,0.29,17877.0,United Kingdom
557753,22894,TABLECLOTH RED APPLES DESIGN ,8,2011-06-22 13:00:00,9.95,17877.0,United Kingdom
557753,21042,RED RETROSPOT APRON ,2,2011-06-22 13:00:00,5.95,17877.0,United Kingdom
557753,22090,PAPER BUNTING RETROSPOT,10,2011-06-22 13:00:00,2.95,17877.0,United Kingdom
557753,21080,SET/20 RED RETROSPOT PAPER NAPKINS ,24,2011-06-22 13:00:00,0.85,17877.0,United Kingdom
557754,POST,POSTAGE,1,2011-06-22 13:12:00,700.0,12432.0,Norway
557755,17091J,VANILLA INCENSE IN TIN,36,2011-06-22 13:14:00,0.38,14733.0,United Kingdom
557755,48194,DOORMAT HEARTS,10,2011-06-22 13:14:00,6.75,14733.0,United Kingdom
557755,47566,PARTY BUNTING,16,2011-06-22 13:14:00,4.95,14733.0,United Kingdom
557755,22469,HEART OF WICKER SMALL,40,2011-06-22 13:14:00,1.45,14733.0,United Kingdom
557755,22795,SWEETHEART RECIPE BOOK STAND,8,2011-06-22 13:14:00,6.75,14733.0,United Kingdom
557755,82483,WOOD 2 DRAWER CABINET WHITE FINISH,4,2011-06-22 13:14:00,6.95,14733.0,United Kingdom
557755,82484,WOOD BLACK BOARD ANT WHITE FINISH,4,2011-06-22 13:14:00,7.95,14733.0,United Kingdom
557755,22169,FAMILY ALBUM WHITE PICTURE FRAME,8,2011-06-22 13:14:00,7.65,14733.0,United Kingdom
557755,21175,GIN + TONIC DIET METAL SIGN,12,2011-06-22 13:14:00,2.55,14733.0,United Kingdom
557755,22666,RECIPE BOX PANTRY YELLOW DESIGN,6,2011-06-22 13:14:00,2.95,14733.0,United Kingdom
557756,22567,,-14,2011-06-22 13:18:00,0.0,,United Kingdom
557757,22605,WOODEN CROQUET GARDEN SET,1,2011-06-22 13:28:00,14.95,14606.0,United Kingdom
557757,15060B,FAIRY CAKE DESIGN UMBRELLA,1,2011-06-22 13:28:00,3.75,14606.0,United Kingdom
557757,84950,ASSORTED COLOUR T-LIGHT HOLDER,1,2011-06-22 13:28:00,0.65,14606.0,United Kingdom
557757,21666,RIDGED GLASS T-LIGHT HOLDER,2,2011-06-22 13:28:00,0.65,14606.0,United Kingdom
557757,21447,12 IVORY ROSE PEG PLACE SETTINGS,24,2011-06-22 13:28:00,1.25,14606.0,United Kingdom
557757,22221,CAKE STAND LOVEBIRD 2 TIER PINK,1,2011-06-22 13:28:00,9.95,14606.0,United Kingdom
557757,20718,RED RETROSPOT SHOPPER BAG,2,2011-06-22 13:28:00,1.25,14606.0,United Kingdom
557757,21949,SET OF 6 STRAWBERRY CHOPSTICKS,1,2011-06-22 13:28:00,1.25,14606.0,United Kingdom
557757,85114A,BLACK ENCHANTED FOREST PLACEMAT,4,2011-06-22 13:28:00,1.65,14606.0,United Kingdom
557757,21171,BATHROOM METAL SIGN ,2,2011-06-22 13:28:00,1.45,14606.0,United Kingdom
557757,21669,BLUE STRIPE CERAMIC DRAWER KNOB,12,2011-06-22 13:28:00,1.25,14606.0,United Kingdom
557757,84970L,SINGLE HEART ZINC T-LIGHT HOLDER,12,2011-06-22 13:28:00,0.95,14606.0,United Kingdom
557757,23002,TRAVEL CARD WALLET SKULLS,1,2011-06-22 13:28:00,0.42,14606.0,United Kingdom
557758,21530,DAIRY MAID TOASTRACK,7,2011-06-22 13:28:00,0.79,17585.0,United Kingdom
557758,20718,RED RETROSPOT SHOPPER BAG,3,2011-06-22 13:28:00,1.25,17585.0,United Kingdom
557758,21990,MODERN FLORAL STATIONERY SET,1,2011-06-22 13:28:00,1.25,17585.0,United Kingdom
557758,21992,VINTAGE PAISLEY STATIONERY SET,4,2011-06-22 13:28:00,1.25,17585.0,United Kingdom
557758,21990,MODERN FLORAL STATIONERY SET,1,2011-06-22 13:28:00,1.25,17585.0,United Kingdom
557758,22608,PENS ASSORTED FUNKY JEWELED ,36,2011-06-22 13:28:00,0.19,17585.0,United Kingdom
557758,22609,PENS ASSORTED SPACEBALL,36,2011-06-22 13:28:00,0.19,17585.0,United Kingdom
557758,84944,SET OF 6 KASHMIR FOLKART BAUBLES,3,2011-06-22 13:28:00,1.65,17585.0,United Kingdom
557758,22066,LOVE HEART TRINKET POT,4,2011-06-22 13:28:00,0.39,17585.0,United Kingdom
557758,21231,SWEETHEART CERAMIC TRINKET BOX,4,2011-06-22 13:28:00,1.25,17585.0,United Kingdom
557758,21232,STRAWBERRY CERAMIC TRINKET BOX,4,2011-06-22 13:28:00,1.25,17585.0,United Kingdom
557758,21232,STRAWBERRY CERAMIC TRINKET BOX,4,2011-06-22 13:28:00,1.25,17585.0,United Kingdom
557758,21231,SWEETHEART CERAMIC TRINKET BOX,4,2011-06-22 13:28:00,1.25,17585.0,United Kingdom
557758,85132C,CHARLIE AND LOLA FIGURES TINS,6,2011-06-22 13:28:00,1.95,17585.0,United Kingdom
557758,22064,PINK DOUGHNUT TRINKET POT ,2,2011-06-22 13:28:00,1.65,17585.0,United Kingdom
557758,20984,12 PENCILS TALL TUBE POSY,6,2011-06-22 13:28:00,0.29,17585.0,United Kingdom
557758,22644,CERAMIC CHERRY CAKE MONEY BANK,4,2011-06-22 13:28:00,1.45,17585.0,United Kingdom
557758,22646,CERAMIC STRAWBERRY CAKE MONEY BANK,4,2011-06-22 13:28:00,1.45,17585.0,United Kingdom
557758,23263,SET OF 3 WOODEN HEART DECORATIONS,3,2011-06-22 13:28:00,1.25,17585.0,United Kingdom
557758,85032C,CURIOUS IMAGES GIFT WRAP SET,4,2011-06-22 13:28:00,0.65,17585.0,United Kingdom
557758,85017B,ENVELOPE 50 BLOSSOM IMAGES,5,2011-06-22 13:28:00,0.42,17585.0,United Kingdom
557758,21932,SCANDINAVIAN PAISLEY PICNIC BAG,2,2011-06-22 13:28:00,1.65,17585.0,United Kingdom
557758,21933,PINK VINTAGE PAISLEY PICNIC BAG,2,2011-06-22 13:28:00,1.65,17585.0,United Kingdom
557758,23201,JUMBO BAG ALPHABET,1,2011-06-22 13:28:00,2.08,17585.0,United Kingdom
557758,82552,WASHROOM METAL SIGN,1,2011-06-22 13:28:00,1.45,17585.0,United Kingdom
557758,22499,WOODEN UNION JACK BUNTING,1,2011-06-22 13:28:00,5.95,17585.0,United Kingdom
557758,47566,PARTY BUNTING,1,2011-06-22 13:28:00,4.95,17585.0,United Kingdom
557758,22348,TEA BAG PLATE RED RETROSPOT,2,2011-06-22 13:28:00,0.85,17585.0,United Kingdom
557758,84944,SET OF 6 KASHMIR FOLKART BAUBLES,1,2011-06-22 13:28:00,1.65,17585.0,United Kingdom
557758,82580,BATHROOM METAL SIGN,4,2011-06-22 13:28:00,0.55,17585.0,United Kingdom
557758,22269,EGG CUP NATURAL CHICKEN,6,2011-06-22 13:28:00,0.39,17585.0,United Kingdom
557758,22501,PICNIC BASKET WICKER LARGE,1,2011-06-22 13:28:00,9.95,17585.0,United Kingdom
557758,85204,HANGING WOOD AND FELT FLOWER,10,2011-06-22 13:28:00,0.12,17585.0,United Kingdom
557758,23298,SPOTTY BUNTING,1,2011-06-22 13:28:00,4.95,17585.0,United Kingdom
557758,23322,LARGE WHITE HEART OF WICKER,1,2011-06-22 13:28:00,2.95,17585.0,United Kingdom
557758,22469,HEART OF WICKER SMALL,1,2011-06-22 13:28:00,1.65,17585.0,United Kingdom
557758,23321,SMALL WHITE HEART OF WICKER,3,2011-06-22 13:28:00,1.65,17585.0,United Kingdom
557758,47566,PARTY BUNTING,2,2011-06-22 13:28:00,4.95,17585.0,United Kingdom
557758,22536,MAGIC DRAWING SLATE PURDEY,10,2011-06-22 13:28:00,0.42,17585.0,United Kingdom
557758,21790,VINTAGE SNAP CARDS,1,2011-06-22 13:28:00,0.85,17585.0,United Kingdom
557758,22231,JIGSAW TREE WITH BIRDHOUSE,2,2011-06-22 13:28:00,0.59,17585.0,United Kingdom
557758,22233,JIGSAW RABBIT AND BIRDHOUSE,1,2011-06-22 13:28:00,0.59,17585.0,United Kingdom
557758,22232,JIGSAW TOADSTOOLS 3 PIECE,2,2011-06-22 13:28:00,0.59,17585.0,United Kingdom
557758,22720,SET OF 3 CAKE TINS PANTRY DESIGN ,2,2011-06-22 13:28:00,4.95,17585.0,United Kingdom
557758,22057,CERAMIC PLATE STRAWBERRY DESIGN,1,2011-06-22 13:28:00,1.49,17585.0,United Kingdom
557758,21507,"ELEPHANT, BIRTHDAY CARD, ",12,2011-06-22 13:28:00,0.42,17585.0,United Kingdom
557758,22914,BLUE COAT RACK PARIS FASHION,1,2011-06-22 13:28:00,4.95,17585.0,United Kingdom
557758,21913,VINTAGE SEASIDE JIGSAW PUZZLES,1,2011-06-22 13:28:00,3.75,17585.0,United Kingdom
557758,22912,YELLOW COAT RACK PARIS FASHION,1,2011-06-22 13:28:00,4.95,17585.0,United Kingdom
557758,23300,GARDENERS KNEELING PAD CUP OF TEA ,6,2011-06-22 13:28:00,1.65,17585.0,United Kingdom
557758,23301,GARDENERS KNEELING PAD KEEP CALM ,4,2011-06-22 13:28:00,1.65,17585.0,United Kingdom
557758,16216,LETTER SHAPE PENCIL SHARPENER,80,2011-06-22 13:28:00,0.06,17585.0,United Kingdom
557758,22988,SOLDIERS EGG CUP ,4,2011-06-22 13:28:00,1.25,17585.0,United Kingdom
557758,20838,FRENCH LATTICE CUSHION COVER ,6,2011-06-22 13:28:00,0.85,17585.0,United Kingdom
557758,20839,FRENCH PAISLEY CUSHION COVER ,6,2011-06-22 13:28:00,0.85,17585.0,United Kingdom
557758,20840,FRENCH FLORAL CUSHION COVER ,6,2011-06-22 13:28:00,0.85,17585.0,United Kingdom
557758,85212,MINI PAINTED GARDEN DECORATION ,1,2011-06-22 13:28:00,0.29,17585.0,United Kingdom
557758,72232,FENG SHUI PILLAR CANDLE,12,2011-06-22 13:28:00,0.19,17585.0,United Kingdom
557758,21530,DAIRY MAID TOASTRACK,1,2011-06-22 13:28:00,0.79,17585.0,United Kingdom
557758,71477,COLOUR GLASS. STAR T-LIGHT HOLDER,2,2011-06-22 13:28:00,3.25,17585.0,United Kingdom
557758,21672,WHITE SPOT RED CERAMIC DRAWER KNOB,6,2011-06-22 13:28:00,1.25,17585.0,United Kingdom
557758,21668,RED STRIPE CERAMIC DRAWER KNOB,6,2011-06-22 13:28:00,1.25,17585.0,United Kingdom
557758,21673,WHITE SPOT BLUE CERAMIC DRAWER KNOB,6,2011-06-22 13:28:00,1.25,17585.0,United Kingdom
557758,21669,BLUE STRIPE CERAMIC DRAWER KNOB,6,2011-06-22 13:28:00,1.25,17585.0,United Kingdom
557758,21845,DAIRY MAID STRIPE MUG,18,2011-06-22 13:28:00,0.79,17585.0,United Kingdom
557759,23091,ZINC HERB GARDEN CONTAINER,3,2011-06-22 13:52:00,6.25,14156.0,EIRE
557759,23108,SET OF 10 LED DOLLY LIGHTS,2,2011-06-22 13:52:00,6.25,14156.0,EIRE
557759,23161,REGENCY CAKE FORK,12,2011-06-22 13:52:00,1.25,14156.0,EIRE
557759,23170,REGENCY TEA PLATE ROSES ,12,2011-06-22 13:52:00,1.65,14156.0,EIRE
557759,23165,LARGE CERAMIC TOP STORAGE JAR,12,2011-06-22 13:52:00,1.65,14156.0,EIRE
557759,23171,REGENCY TEA PLATE GREEN ,12,2011-06-22 13:52:00,1.65,14156.0,EIRE
557759,23169,CLASSIC GLASS COOKIE JAR,6,2011-06-22 13:52:00,4.15,14156.0,EIRE
557759,23172,REGENCY TEA PLATE PINK,12,2011-06-22 13:52:00,1.65,14156.0,EIRE
557759,23173,REGENCY TEAPOT ROSES ,2,2011-06-22 13:52:00,9.95,14156.0,EIRE
557759,23174,REGENCY SUGAR BOWL GREEN,6,2011-06-22 13:52:00,4.15,14156.0,EIRE
557759,23175,REGENCY MILK JUG PINK ,4,2011-06-22 13:52:00,3.25,14156.0,EIRE
557759,23299,FOOD COVER WITH BEADS SET 2 ,6,2011-06-22 13:52:00,3.75,14156.0,EIRE
557759,23301,GARDENERS KNEELING PAD KEEP CALM ,12,2011-06-22 13:52:00,1.65,14156.0,EIRE
557759,23298,SPOTTY BUNTING,3,2011-06-22 13:52:00,4.95,14156.0,EIRE
557759,21792,CLASSIC FRENCH STYLE BASKET GREEN ,8,2011-06-22 13:52:00,3.95,14156.0,EIRE
557759,23112,PARISIENNE CURIO CABINET,2,2011-06-22 13:52:00,7.5,14156.0,EIRE
557759,23188,VINTAGE  2 METER FOLDING RULER,12,2011-06-22 13:52:00,1.65,14156.0,EIRE
557759,23245,SET OF 3 REGENCY CAKE TINS,4,2011-06-22 13:52:00,4.95,14156.0,EIRE
557759,23252,VINTAGE RED ENAMEL TRIM JUG ,4,2011-06-22 13:52:00,3.75,14156.0,EIRE
557759,23292,SPACEBOY CHILDRENS CUP,8,2011-06-22 13:52:00,1.25,14156.0,EIRE
557759,23308,SET OF 60 VINTAGE LEAF CAKE CASES ,24,2011-06-22 13:52:00,0.55,14156.0,EIRE
557759,23322,LARGE WHITE HEART OF WICKER,6,2011-06-22 13:52:00,2.95,14156.0,EIRE
557759,20984,12 PENCILS TALL TUBE POSY,48,2011-06-22 13:52:00,0.29,14156.0,EIRE
557759,21089,SET/6 GREEN SPRING PAPER CUPS,12,2011-06-22 13:52:00,0.19,14156.0,EIRE
557759,21209,MULTICOLOUR HONEYCOMB FAN,12,2011-06-22 13:52:00,0.39,14156.0,EIRE
557759,79051A,SMOKEY GREY COLOUR D.O.F. GLASS,24,2011-06-22 13:52:00,0.29,14156.0,EIRE
557759,85032B,BLOSSOM IMAGES GIFT WRAP SET,12,2011-06-22 13:52:00,0.65,14156.0,EIRE
557759,C2,CARRIAGE,1,2011-06-22 13:52:00,50.0,14156.0,EIRE
557760,21977,PACK OF 60 PINK PAISLEY CAKE CASES,420,2011-06-22 13:57:00,0.55,12901.0,United Kingdom
557760,22840,ROUND CAKE TIN VINTAGE RED,6,2011-06-22 13:57:00,6.95,12901.0,United Kingdom
557760,21915,RED  HARMONICA IN BOX ,36,2011-06-22 13:57:00,0.98,12901.0,United Kingdom
557760,22713,CARD I LOVE LONDON ,16,2011-06-22 13:57:00,0.42,12901.0,United Kingdom
557760,22970,LONDON BUS COFFEE MUG,48,2011-06-22 13:57:00,2.55,12901.0,United Kingdom
557760,22971,QUEENS GUARD COFFEE MUG,12,2011-06-22 13:57:00,2.55,12901.0,United Kingdom
557760,22988,SOLDIERS EGG CUP ,60,2011-06-22 13:57:00,1.25,12901.0,United Kingdom
557761,21577,SAVE THE PLANET COTTON TOTE BAG,6,2011-06-22 13:59:00,2.25,14214.0,United Kingdom
557761,22161,HEART DECORATION RUSTIC HANGING ,24,2011-06-22 13:59:00,0.19,14214.0,United Kingdom
557761,22610,PENS ASSORTED FUNNY FACE,36,2011-06-22 13:59:00,0.19,14214.0,United Kingdom
557761,23203,JUMBO BAG DOILEY PATTERNS,10,2011-06-22 13:59:00,2.08,14214.0,United Kingdom
557761,21374,MIRRORED WALL ART SKULLS,12,2011-06-22 13:59:00,1.25,14214.0,United Kingdom
557761,22035,VINTAGE CARAVAN GREETING CARD ,12,2011-06-22 13:59:00,0.42,14214.0,United Kingdom
557761,22714,CARD BIRTHDAY COWBOY,12,2011-06-22 13:59:00,0.42,14214.0,United Kingdom
557761,22028,PENNY FARTHING BIRTHDAY CARD,12,2011-06-22 13:59:00,0.42,14214.0,United Kingdom
557761,16161P,WRAP ENGLISH ROSE ,25,2011-06-22 13:59:00,0.42,14214.0,United Kingdom
557761,22706,WRAP COWBOYS  ,25,2011-06-22 13:59:00,0.42,14214.0,United Kingdom
557761,84945,MULTI COLOUR SILVER T-LIGHT HOLDER,24,2011-06-22 13:59:00,0.85,14214.0,United Kingdom
557761,21084,SET/6 COLLAGE PAPER CUPS,24,2011-06-22 13:59:00,0.19,14214.0,United Kingdom
557761,21090,SET/6 COLLAGE PAPER PLATES,12,2011-06-22 13:59:00,0.39,14214.0,United Kingdom
557761,23199,JUMBO BAG APPLES,10,2011-06-22 13:59:00,2.08,14214.0,United Kingdom
557761,84212,"ASSORTED FLOWER COLOUR ""LEIS""",24,2011-06-22 13:59:00,0.65,14214.0,United Kingdom
557761,22708,WRAP DOLLY GIRL,25,2011-06-22 13:59:00,0.42,14214.0,United Kingdom
557761,71459,HANGING JAM JAR T-LIGHT HOLDER,12,2011-06-22 13:59:00,0.85,14214.0,United Kingdom
557762,20713,JUMBO BAG OWLS,10,2011-06-22 14:01:00,2.08,15810.0,United Kingdom
557762,21930,JUMBO STORAGE BAG SKULLS,10,2011-06-22 14:01:00,2.08,15810.0,United Kingdom
557762,22385,JUMBO BAG SPACEBOY DESIGN,10,2011-06-22 14:01:00,2.08,15810.0,United Kingdom
557762,84997B,CHILDRENS CUTLERY RETROSPOT RED ,4,2011-06-22 14:01:00,4.15,15810.0,United Kingdom
557762,84997D,CHILDRENS CUTLERY POLKADOT PINK,4,2011-06-22 14:01:00,4.15,15810.0,United Kingdom
557762,21242,RED RETROSPOT PLATE ,8,2011-06-22 14:01:00,1.69,15810.0,United Kingdom
557762,21238,RED RETROSPOT CUP,8,2011-06-22 14:01:00,0.85,15810.0,United Kingdom
557762,21094,SET/6 RED SPOTTY PAPER PLATES,12,2011-06-22 14:01:00,0.85,15810.0,United Kingdom
557762,21122,SET/10 PINK POLKADOT PARTY CANDLES,24,2011-06-22 14:01:00,1.25,15810.0,United Kingdom
557762,22333,RETROSPOT PARTY BAG + STICKER SET,16,2011-06-22 14:01:00,1.65,15810.0,United Kingdom
557762,22332,SKULLS PARTY BAG + STICKER SET,8,2011-06-22 14:01:00,1.65,15810.0,United Kingdom
557762,22085,PAPER CHAIN KIT SKULLS ,6,2011-06-22 14:01:00,2.95,15810.0,United Kingdom
557762,21987,PACK OF 6 SKULL PAPER CUPS,12,2011-06-22 14:01:00,0.65,15810.0,United Kingdom
557762,21988,PACK OF 6 SKULL PAPER PLATES,12,2011-06-22 14:01:00,0.85,15810.0,United Kingdom
557762,21989,PACK OF 20 SKULL PAPER NAPKINS,12,2011-06-22 14:01:00,0.85,15810.0,United Kingdom
557762,21213,PACK OF 72 SKULL CAKE CASES,24,2011-06-22 14:01:00,0.55,15810.0,United Kingdom
557762,22437,SET OF 9 BLACK SKULL BALLOONS,20,2011-06-22 14:01:00,0.85,15810.0,United Kingdom
557762,22356,CHARLOTTE BAG PINK POLKADOT,10,2011-06-22 14:01:00,0.85,15810.0,United Kingdom
557762,23009,I LOVE LONDON BABY GIFT SET,1,2011-06-22 14:01:00,16.95,15810.0,United Kingdom
557762,20725,LUNCH BAG RED RETROSPOT,10,2011-06-22 14:01:00,1.65,15810.0,United Kingdom
557762,20728,LUNCH BAG CARS BLUE,10,2011-06-22 14:01:00,1.65,15810.0,United Kingdom
557762,20726,LUNCH BAG WOODLAND,10,2011-06-22 14:01:00,1.65,15810.0,United Kingdom
557762,22382,LUNCH BAG SPACEBOY DESIGN ,10,2011-06-22 14:01:00,1.65,15810.0,United Kingdom
557762,22384,LUNCH BAG PINK POLKADOT,10,2011-06-22 14:01:00,1.65,15810.0,United Kingdom
557762,23206,LUNCH BAG APPLE DESIGN,20,2011-06-22 14:01:00,1.65,15810.0,United Kingdom
557762,22379,RECYCLING BAG RETROSPOT ,10,2011-06-22 14:01:00,2.1,15810.0,United Kingdom
557762,22381,TOY TIDY PINK POLKADOT,15,2011-06-22 14:01:00,2.1,15810.0,United Kingdom
557762,22380,TOY TIDY SPACEBOY  ,10,2011-06-22 14:01:00,2.1,15810.0,United Kingdom
557762,23199,JUMBO BAG APPLES,10,2011-06-22 14:01:00,2.08,15810.0,United Kingdom
557763,21930,JUMBO STORAGE BAG SKULLS,30,2011-06-22 14:10:00,2.08,17669.0,United Kingdom
557763,23199,JUMBO BAG APPLES,30,2011-06-22 14:10:00,2.08,17669.0,United Kingdom
557763,23209,LUNCH BAG DOILEY PATTERN ,10,2011-06-22 14:10:00,1.65,17669.0,United Kingdom
557763,22384,LUNCH BAG PINK POLKADOT,10,2011-06-22 14:10:00,1.65,17669.0,United Kingdom
557763,22386,JUMBO BAG PINK POLKADOT,20,2011-06-22 14:10:00,2.08,17669.0,United Kingdom
557763,22383,LUNCH BAG SUKI DESIGN ,10,2011-06-22 14:10:00,1.65,17669.0,United Kingdom
557763,22355,CHARLOTTE BAG SUKI DESIGN,10,2011-06-22 14:10:00,0.85,17669.0,United Kingdom
557763,20727,LUNCH BAG  BLACK SKULL.,10,2011-06-22 14:10:00,1.65,17669.0,United Kingdom
557763,23204,CHARLOTTE BAG APPLES DESIGN,20,2011-06-22 14:10:00,0.85,17669.0,United Kingdom
557763,23206,LUNCH BAG APPLE DESIGN,20,2011-06-22 14:10:00,1.65,17669.0,United Kingdom
557763,23298,SPOTTY BUNTING,6,2011-06-22 14:10:00,4.95,17669.0,United Kingdom
557763,23236,DOILEY STORAGE TIN,6,2011-06-22 14:10:00,2.89,17669.0,United Kingdom
557763,23121,PACK OF 6 COCKTAIL PARASOL STRAWS,24,2011-06-22 14:10:00,0.42,17669.0,United Kingdom
557763,23240,SET OF 4 KNICK KNACK TINS DOILEY ,6,2011-06-22 14:10:00,4.15,17669.0,United Kingdom
557763,85123A,WHITE HANGING HEART T-LIGHT HOLDER,6,2011-06-22 14:10:00,2.95,17669.0,United Kingdom
557763,21326,AGED GLASS SILVER T-LIGHT HOLDER,12,2011-06-22 14:10:00,0.65,17669.0,United Kingdom
557763,22303,COFFEE MUG APPLES DESIGN,6,2011-06-22 14:10:00,2.55,17669.0,United Kingdom
557763,23307,SET OF 60 PANTRY DESIGN CAKE CASES ,24,2011-06-22 14:10:00,0.55,17669.0,United Kingdom
557763,21977,PACK OF 60 PINK PAISLEY CAKE CASES,24,2011-06-22 14:10:00,0.55,17669.0,United Kingdom
557763,23286,BLUE VINTAGE SPOT BEAKER,8,2011-06-22 14:10:00,0.85,17669.0,United Kingdom
557763,23285,PINK VINTAGE SPOT BEAKER,8,2011-06-22 14:10:00,0.85,17669.0,United Kingdom
557764,21191,LARGE WHITE HONEYCOMB PAPER BELL  ,6,2011-06-22 14:21:00,2.1,13089.0,United Kingdom
557764,21993,FLORAL FOLK STATIONERY SET,12,2011-06-22 14:21:00,1.25,13089.0,United Kingdom
557764,21114,LAVENDER SCENTED FABRIC HEART,12,2011-06-22 14:21:00,1.25,13089.0,United Kingdom
557764,22294,HEART FILIGREE DOVE  SMALL,24,2011-06-22 14:21:00,1.25,13089.0,United Kingdom
557764,22478,BIRDHOUSE GARDEN MARKER ,12,2011-06-22 14:21:00,1.25,13089.0,United Kingdom
557764,22457,NATURAL SLATE HEART CHALKBOARD ,6,2011-06-22 14:21:00,2.95,13089.0,United Kingdom
557764,21730,GLASS STAR FROSTED T-LIGHT HOLDER,6,2011-06-22 14:21:00,4.95,13089.0,United Kingdom
557764,22219,LOVEBIRD HANGING DECORATION WHITE ,12,2011-06-22 14:21:00,0.85,13089.0,United Kingdom
557764,21773,DECORATIVE ROSE BATHROOM BOTTLE,12,2011-06-22 14:21:00,1.25,13089.0,United Kingdom
557764,15036,ASSORTED COLOURS SILK FAN,24,2011-06-22 14:21:00,0.83,13089.0,United Kingdom
557764,15039,SANDALWOOD FAN,20,2011-06-22 14:21:00,0.85,13089.0,United Kingdom
557764,22296,HEART IVORY TRELLIS LARGE,12,2011-06-22 14:21:00,1.65,13089.0,United Kingdom
557764,22773,GREEN DRAWER KNOB ACRYLIC EDWARDIAN,24,2011-06-22 14:21:00,1.25,13089.0,United Kingdom
557764,48194,DOORMAT HEARTS,4,2011-06-22 14:21:00,7.95,13089.0,United Kingdom
557764,23108,SET OF 10 LED DOLLY LIGHTS,6,2011-06-22 14:21:00,6.25,13089.0,United Kingdom
557764,85099F,JUMBO BAG STRAWBERRY,12,2011-06-22 14:21:00,2.08,13089.0,United Kingdom
557764,22170,PICTURE FRAME WOOD TRIPLE PORTRAIT,4,2011-06-22 14:21:00,6.75,13089.0,United Kingdom
557764,20727,LUNCH BAG  BLACK SKULL.,12,2011-06-22 14:21:00,1.65,13089.0,United Kingdom
557764,22629,SPACEBOY LUNCH BOX ,12,2011-06-22 14:21:00,1.95,13089.0,United Kingdom
557764,21559,STRAWBERRY LUNCH BOX WITH CUTLERY,12,2011-06-22 14:21:00,2.55,13089.0,United Kingdom
557764,20726,LUNCH BAG WOODLAND,12,2011-06-22 14:21:00,1.65,13089.0,United Kingdom
557764,22384,LUNCH BAG PINK POLKADOT,12,2011-06-22 14:21:00,1.65,13089.0,United Kingdom
557764,23206,LUNCH BAG APPLE DESIGN,12,2011-06-22 14:21:00,1.65,13089.0,United Kingdom
557764,21523,DOORMAT FANCY FONT HOME SWEET HOME,4,2011-06-22 14:21:00,7.95,13089.0,United Kingdom
557764,23209,LUNCH BAG DOILEY PATTERN ,12,2011-06-22 14:21:00,1.65,13089.0,United Kingdom
557764,82484,WOOD BLACK BOARD ANT WHITE FINISH,4,2011-06-22 14:21:00,7.95,13089.0,United Kingdom
557764,21390,FILIGRIS HEART WITH BUTTERFLY,24,2011-06-22 14:21:00,1.25,13089.0,United Kingdom
557764,21673,WHITE SPOT BLUE CERAMIC DRAWER KNOB,24,2011-06-22 14:21:00,1.25,13089.0,United Kingdom
557764,22771,CLEAR DRAWER KNOB ACRYLIC EDWARDIAN,24,2011-06-22 14:21:00,1.25,13089.0,United Kingdom
557764,22630,DOLLY GIRL LUNCH BOX,12,2011-06-22 14:21:00,1.95,13089.0,United Kingdom
557764,20725,LUNCH BAG RED RETROSPOT,12,2011-06-22 14:21:00,1.65,13089.0,United Kingdom
557764,22456,NATURAL SLATE CHALKBOARD LARGE ,6,2011-06-22 14:21:00,4.95,13089.0,United Kingdom
557764,22662,LUNCH BAG DOLLY GIRL DESIGN,12,2011-06-22 14:21:00,1.65,13089.0,United Kingdom
557764,21166,COOK WITH WINE METAL SIGN ,12,2011-06-22 14:21:00,2.08,13089.0,United Kingdom
557764,82486,WOOD S/3 CABINET ANT WHITE FINISH,12,2011-06-22 14:21:00,8.15,13089.0,United Kingdom
557764,84879,ASSORTED COLOUR BIRD ORNAMENT,36,2011-06-22 14:21:00,1.69,13089.0,United Kingdom
557764,85015,SET OF 12  VINTAGE POSTCARD SET,24,2011-06-22 14:21:00,0.65,13089.0,United Kingdom
557764,84970S,HANGING HEART ZINC T-LIGHT HOLDER,24,2011-06-22 14:21:00,0.85,13089.0,United Kingdom
557765,22456,NATURAL SLATE CHALKBOARD LARGE ,1,2011-06-22 14:23:00,4.95,16247.0,United Kingdom
557765,21933,PINK VINTAGE PAISLEY PICNIC BAG,4,2011-06-22 14:23:00,1.65,16247.0,United Kingdom
557765,22557,PLASTERS IN TIN VINTAGE PAISLEY ,1,2011-06-22 14:23:00,1.65,16247.0,United Kingdom
557765,22620,4 TRADITIONAL SPINNING TOPS,1,2011-06-22 14:23:00,1.45,16247.0,United Kingdom
557765,21916,SET 12 RETRO WHITE CHALK STICKS,1,2011-06-22 14:23:00,0.42,16247.0,United Kingdom
557765,22907,PACK OF 20 NAPKINS PANTRY DESIGN,6,2011-06-22 14:23:00,0.85,16247.0,United Kingdom
557765,82552,WASHROOM METAL SIGN,1,2011-06-22 14:23:00,1.45,16247.0,United Kingdom
557765,22457,NATURAL SLATE HEART CHALKBOARD ,3,2011-06-22 14:23:00,2.95,16247.0,United Kingdom
557765,22488,NATURAL SLATE RECTANGLE CHALKBOARD,3,2011-06-22 14:23:00,1.65,16247.0,United Kingdom
557765,84077,WORLD WAR 2 GLIDERS ASSTD DESIGNS,48,2011-06-22 14:23:00,0.29,16247.0,United Kingdom
557765,21625,VINTAGE UNION JACK APRON,2,2011-06-22 14:23:00,6.95,16247.0,United Kingdom
557765,21621,VINTAGE UNION JACK BUNTING,1,2011-06-22 14:23:00,8.5,16247.0,United Kingdom
557765,22610,PENS ASSORTED FUNNY FACE,36,2011-06-22 14:23:00,0.19,16247.0,United Kingdom
557765,20984,12 PENCILS TALL TUBE POSY,24,2011-06-22 14:23:00,0.29,16247.0,United Kingdom
557765,22268,DECORATION SITTING BUNNY,48,2011-06-22 14:23:00,0.19,16247.0,United Kingdom
557765,22776,SWEETHEART CAKESTAND 3 TIER,2,2011-06-22 14:23:00,9.95,16247.0,United Kingdom
557766,21012,ANTIQUE ALL GLASS CANDLESTICK,64,2011-06-22 14:24:00,1.69,16566.0,United Kingdom
557766,72598,SET/12 TAPER CANDLES,12,2011-06-22 14:24:00,0.85,16566.0,United Kingdom
557766,22427,ENAMEL FLOWER JUG CREAM,12,2011-06-22 14:24:00,5.45,16566.0,United Kingdom
557767,23198,PANTRY MAGNETIC  SHOPPING LIST,12,2011-06-22 14:24:00,1.45,13089.0,United Kingdom
557768,POST,POSTAGE,1,2011-06-22 14:26:00,3.01,,United Kingdom
557769,23027,DRAWER KNOB VINTAGE GLASS HEXAGON,12,2011-06-22 14:38:00,2.08,16626.0,United Kingdom
557769,21326,AGED GLASS SILVER T-LIGHT HOLDER,12,2011-06-22 14:38:00,0.65,16626.0,United Kingdom
557769,23028,DRAWER KNOB CRACKLE GLAZE BLUE,6,2011-06-22 14:38:00,1.65,16626.0,United Kingdom
557769,23029,DRAWER KNOB CRACKLE GLAZE GREEN,6,2011-06-22 14:38:00,1.65,16626.0,United Kingdom
557769,23031,DRAWER KNOB CRACKLE GLAZE PINK,6,2011-06-22 14:38:00,1.65,16626.0,United Kingdom
557769,23032,DRAWER KNOB CRACKLE GLAZE IVORY,6,2011-06-22 14:38:00,1.65,16626.0,United Kingdom
557769,21930,JUMBO STORAGE BAG SKULLS,10,2011-06-22 14:38:00,2.08,16626.0,United Kingdom
557769,22624,IVORY KITCHEN SCALES,6,2011-06-22 14:38:00,8.5,16626.0,United Kingdom
557769,22627,MINT KITCHEN SCALES,6,2011-06-22 14:38:00,8.5,16626.0,United Kingdom
557770,20984,12 PENCILS TALL TUBE POSY,24,2011-06-22 14:41:00,0.29,14643.0,United Kingdom
557770,21391,FRENCH LAVENDER SCENT HEART,48,2011-06-22 14:41:00,0.75,14643.0,United Kingdom
557770,22161,HEART DECORATION RUSTIC HANGING ,24,2011-06-22 14:41:00,0.19,14643.0,United Kingdom
557770,35471D,SET OF 3 BIRD LIGHT PINK FEATHER ,48,2011-06-22 14:41:00,0.39,14643.0,United Kingdom
557770,23186,FRENCH STYLE STORAGE JAR CAFE ,48,2011-06-22 14:41:00,0.29,14643.0,United Kingdom
557770,23187,FRENCH STYLE STORAGE JAR BONBONS,48,2011-06-22 14:41:00,0.29,14643.0,United Kingdom
557770,22467,GUMBALL COAT RACK,36,2011-06-22 14:41:00,2.1,14643.0,United Kingdom
557770,22720,SET OF 3 CAKE TINS PANTRY DESIGN ,9,2011-06-22 14:41:00,4.95,14643.0,United Kingdom
557770,47348A,FUSCHIA VOILE POINTY SHOE DEC,24,2011-06-22 14:41:00,0.39,14643.0,United Kingdom
557770,21430,SET/3 RED GINGHAM ROSE STORAGE BOX,4,2011-06-22 14:41:00,3.75,14643.0,United Kingdom
557770,22219,LOVEBIRD HANGING DECORATION WHITE ,12,2011-06-22 14:41:00,0.85,14643.0,United Kingdom
557770,47021G,SET/6 BEAD COASTERS GAUZE BAG GOLD,48,2011-06-22 14:41:00,0.39,14643.0,United Kingdom
557770,23012,GLASS APOTHECARY BOTTLE PERFUME,4,2011-06-22 14:41:00,3.95,14643.0,United Kingdom
557770,23243,SET OF TEA COFFEE SUGAR TINS PANTRY,8,2011-06-22 14:41:00,4.95,14643.0,United Kingdom
557770,10133,COLOURING PENCILS BROWN TUBE,20,2011-06-22 14:41:00,0.42,14643.0,United Kingdom
557770,20996,JAZZ HEARTS ADDRESS BOOK,24,2011-06-22 14:41:00,0.19,14643.0,United Kingdom
557771,85123A,WHITE HANGING HEART T-LIGHT HOLDER,6,2011-06-22 14:43:00,2.95,15601.0,United Kingdom
557771,21668,RED STRIPE CERAMIC DRAWER KNOB,12,2011-06-22 14:43:00,1.25,15601.0,United Kingdom
557771,22771,CLEAR DRAWER KNOB ACRYLIC EDWARDIAN,12,2011-06-22 14:43:00,1.25,15601.0,United Kingdom
557771,21669,BLUE STRIPE CERAMIC DRAWER KNOB,12,2011-06-22 14:43:00,1.25,15601.0,United Kingdom
557771,21672,WHITE SPOT RED CERAMIC DRAWER KNOB,12,2011-06-22 14:43:00,1.25,15601.0,United Kingdom
557771,22772,PINK DRAWER KNOB ACRYLIC EDWARDIAN,12,2011-06-22 14:43:00,1.25,15601.0,United Kingdom
557771,21670,BLUE SPOT CERAMIC DRAWER KNOB,12,2011-06-22 14:43:00,1.25,15601.0,United Kingdom
557771,22774,RED DRAWER KNOB ACRYLIC EDWARDIAN,12,2011-06-22 14:43:00,1.25,15601.0,United Kingdom
557771,22775,PURPLE DRAWERKNOB ACRYLIC EDWARDIAN,12,2011-06-22 14:43:00,1.25,15601.0,United Kingdom
557771,23033,DRAWER KNOB CERAMIC RED,6,2011-06-22 14:43:00,1.45,15601.0,United Kingdom
557771,23034,DRAWER KNOB CERAMIC BLACK,6,2011-06-22 14:43:00,1.45,15601.0,United Kingdom
557771,23035,DRAWER KNOB CERAMIC IVORY,6,2011-06-22 14:43:00,1.45,15601.0,United Kingdom
557771,23032,DRAWER KNOB CRACKLE GLAZE IVORY,6,2011-06-22 14:43:00,1.65,15601.0,United Kingdom
557771,23028,DRAWER KNOB CRACKLE GLAZE BLUE,6,2011-06-22 14:43:00,1.65,15601.0,United Kingdom
557771,23029,DRAWER KNOB CRACKLE GLAZE GREEN,6,2011-06-22 14:43:00,1.65,15601.0,United Kingdom
557771,23031,DRAWER KNOB CRACKLE GLAZE PINK,6,2011-06-22 14:43:00,1.65,15601.0,United Kingdom
557771,23245,SET OF 3 REGENCY CAKE TINS,4,2011-06-22 14:43:00,4.95,15601.0,United Kingdom
557771,22173,METAL 4 HOOK HANGER FRENCH CHATEAU,8,2011-06-22 14:43:00,2.95,15601.0,United Kingdom
557771,40016,CHINESE DRAGON PAPER LANTERNS,24,2011-06-22 14:43:00,0.42,15601.0,United Kingdom
557771,22720,SET OF 3 CAKE TINS PANTRY DESIGN ,3,2011-06-22 14:43:00,4.95,15601.0,United Kingdom
557771,23243,SET OF TEA COFFEE SUGAR TINS PANTRY,4,2011-06-22 14:43:00,4.95,15601.0,United Kingdom
557771,23237,SET OF 4 KNICK KNACK TINS LEAVES ,6,2011-06-22 14:43:00,4.15,15601.0,United Kingdom
557771,23244,ROUND STORAGE TIN VINTAGE LEAF,12,2011-06-22 14:43:00,1.95,15601.0,United Kingdom
557771,22030,SWALLOWS GREETING CARD,24,2011-06-22 14:43:00,0.42,15601.0,United Kingdom
557771,23240,SET OF 4 KNICK KNACK TINS DOILEY ,6,2011-06-22 14:43:00,4.15,15601.0,United Kingdom
557772,85099B,JUMBO BAG RED RETROSPOT,20,2011-06-22 14:47:00,2.08,16458.0,United Kingdom
557772,21931,JUMBO STORAGE BAG SUKI,10,2011-06-22 14:47:00,2.08,16458.0,United Kingdom
557772,85099F,JUMBO BAG STRAWBERRY,20,2011-06-22 14:47:00,2.08,16458.0,United Kingdom
557772,85099C,JUMBO  BAG BAROQUE BLACK WHITE,10,2011-06-22 14:47:00,2.08,16458.0,United Kingdom
557772,20723,STRAWBERRY CHARLOTTE BAG,20,2011-06-22 14:47:00,0.85,16458.0,United Kingdom
557772,22356,CHARLOTTE BAG PINK POLKADOT,20,2011-06-22 14:47:00,0.85,16458.0,United Kingdom
557772,20724,RED RETROSPOT CHARLOTTE BAG,20,2011-06-22 14:47:00,0.85,16458.0,United Kingdom
557772,82482,WOODEN PICTURE FRAME WHITE FINISH,6,2011-06-22 14:47:00,2.55,16458.0,United Kingdom
557772,82494L,WOODEN FRAME ANTIQUE WHITE ,6,2011-06-22 14:47:00,2.95,16458.0,United Kingdom
557772,82580,BATHROOM METAL SIGN,12,2011-06-22 14:47:00,0.55,16458.0,United Kingdom
557772,82581,TOILET METAL SIGN,12,2011-06-22 14:47:00,0.55,16458.0,United Kingdom
C557773,22854,CREAM SWEETHEART EGG HOLDER,-1,2011-06-22 14:55:00,4.95,15059.0,United Kingdom
557774,22214,CANDLE PLATE LACE WHITE,6,2011-06-22 15:00:00,2.55,13695.0,United Kingdom
557774,22470,HEART OF WICKER LARGE,6,2011-06-22 15:00:00,2.95,13695.0,United Kingdom
557774,47566,PARTY BUNTING,12,2011-06-22 15:00:00,4.95,13695.0,United Kingdom
557774,84879,ASSORTED COLOUR BIRD ORNAMENT,8,2011-06-22 15:00:00,1.69,13695.0,United Kingdom
557774,23322,LARGE WHITE HEART OF WICKER,6,2011-06-22 15:00:00,2.95,13695.0,United Kingdom
557775,21703,BAG 125g SWIRLY MARBLES,48,2011-06-22 15:06:00,0.42,16966.0,United Kingdom
557775,21890,S/6 WOODEN SKITTLES IN COTTON BAG,96,2011-06-22 15:06:00,3.25,16966.0,United Kingdom
557776,21922,UNION STRIPE WITH FRINGE  HAMMOCK,6,2011-06-22 15:07:00,7.95,14422.0,United Kingdom
557776,22916,HERB MARKER THYME,12,2011-06-22 15:07:00,0.65,14422.0,United Kingdom
557776,22919,HERB MARKER MINT,12,2011-06-22 15:07:00,0.65,14422.0,United Kingdom
557776,22917,HERB MARKER ROSEMARY,12,2011-06-22 15:07:00,0.65,14422.0,United Kingdom
557776,22920,HERB MARKER BASIL,12,2011-06-22 15:07:00,0.65,14422.0,United Kingdom
557776,22921,HERB MARKER CHIVES ,12,2011-06-22 15:07:00,0.65,14422.0,United Kingdom
557776,22918,HERB MARKER PARSLEY,12,2011-06-22 15:07:00,0.65,14422.0,United Kingdom
557776,23301,GARDENERS KNEELING PAD KEEP CALM ,12,2011-06-22 15:07:00,1.65,14422.0,United Kingdom
557776,23300,GARDENERS KNEELING PAD CUP OF TEA ,12,2011-06-22 15:07:00,1.65,14422.0,United Kingdom
557776,21713,CITRONELLA CANDLE FLOWERPOT,8,2011-06-22 15:07:00,2.1,14422.0,United Kingdom
557776,22178,VICTORIAN GLASS HANGING T-LIGHT,12,2011-06-22 15:07:00,1.25,14422.0,United Kingdom
557776,71459,HANGING JAM JAR T-LIGHT HOLDER,12,2011-06-22 15:07:00,0.85,14422.0,United Kingdom
557776,71477,COLOUR GLASS. STAR T-LIGHT HOLDER,8,2011-06-22 15:07:00,3.25,14422.0,United Kingdom
557776,84755,COLOUR GLASS T-LIGHT HOLDER HANGING,32,2011-06-22 15:07:00,0.65,14422.0,United Kingdom
557776,84970L,SINGLE HEART ZINC T-LIGHT HOLDER,12,2011-06-22 15:07:00,0.95,14422.0,United Kingdom
557776,84970S,HANGING HEART ZINC T-LIGHT HOLDER,12,2011-06-22 15:07:00,0.85,14422.0,United Kingdom
557776,85123A,WHITE HANGING HEART T-LIGHT HOLDER,6,2011-06-22 15:07:00,2.95,14422.0,United Kingdom
557776,84978,HANGING HEART JAR T-LIGHT HOLDER,12,2011-06-22 15:07:00,1.25,14422.0,United Kingdom
557776,22791,T-LIGHT GLASS FLUTED ANTIQUE,24,2011-06-22 15:07:00,1.25,14422.0,United Kingdom
557776,21313,GLASS HEART T-LIGHT HOLDER ,12,2011-06-22 15:07:00,0.85,14422.0,United Kingdom
557776,22776,SWEETHEART CAKESTAND 3 TIER,2,2011-06-22 15:07:00,9.95,14422.0,United Kingdom
557776,23099,FRENCH CARRIAGE LANTERN,4,2011-06-22 15:07:00,6.65,14422.0,United Kingdom
557776,72760B,VINTAGE CREAM 3 BASKET CAKE STAND,4,2011-06-22 15:07:00,9.95,14422.0,United Kingdom
557776,22171,3 HOOK PHOTO SHELF ANTIQUE WHITE,4,2011-06-22 15:07:00,8.5,14422.0,United Kingdom
557776,85175,CACTI T-LIGHT CANDLES,16,2011-06-22 15:07:00,0.42,14422.0,United Kingdom
557776,85172,HYACINTH BULB T-LIGHT CANDLES,16,2011-06-22 15:07:00,0.42,14422.0,United Kingdom
557776,23112,PARISIENNE CURIO CABINET,2,2011-06-22 15:07:00,7.5,14422.0,United Kingdom
557776,23110,PARISIENNE KEY CABINET ,2,2011-06-22 15:07:00,5.75,14422.0,United Kingdom
557776,82483,WOOD 2 DRAWER CABINET WHITE FINISH,2,2011-06-22 15:07:00,6.95,14422.0,United Kingdom
557776,82486,WOOD S/3 CABINET ANT WHITE FINISH,2,2011-06-22 15:07:00,8.95,14422.0,United Kingdom
557776,21735,TWO DOOR CURIO CABINET,2,2011-06-22 15:07:00,12.75,14422.0,United Kingdom
557776,82494L,WOODEN FRAME ANTIQUE WHITE ,6,2011-06-22 15:07:00,2.95,14422.0,United Kingdom
557776,22678,FRENCH BLUE METAL DOOR SIGN 3,10,2011-06-22 15:07:00,1.25,14422.0,United Kingdom
557776,23033,DRAWER KNOB CERAMIC RED,6,2011-06-22 15:07:00,1.45,14422.0,United Kingdom
557776,23032,DRAWER KNOB CRACKLE GLAZE IVORY,6,2011-06-22 15:07:00,1.65,14422.0,United Kingdom
557776,23034,DRAWER KNOB CERAMIC BLACK,6,2011-06-22 15:07:00,1.45,14422.0,United Kingdom
557776,23035,DRAWER KNOB CERAMIC IVORY,6,2011-06-22 15:07:00,1.45,14422.0,United Kingdom
557776,23031,DRAWER KNOB CRACKLE GLAZE PINK,6,2011-06-22 15:07:00,1.65,14422.0,United Kingdom
557776,23029,DRAWER KNOB CRACKLE GLAZE GREEN,6,2011-06-22 15:07:00,1.65,14422.0,United Kingdom
557776,23028,DRAWER KNOB CRACKLE GLAZE BLUE,6,2011-06-22 15:07:00,1.65,14422.0,United Kingdom
557777,44265,,-5,2011-06-22 15:11:00,0.0,,United Kingdom
557778,21161,,-38,2011-06-22 15:11:00,0.0,,United Kingdom
C557779,23168,CLASSIC CAFE SUGAR DISPENSER,-4,2011-06-22 15:12:00,1.25,13004.0,United Kingdom
557780,40001,WHITE BAMBOO RIBS LAMPSHADE,3,2011-06-22 15:15:00,0.85,,United Kingdom
557780,85152,HAND OVER THE CHOCOLATE   SIGN ,1,2011-06-22 15:15:00,2.1,,United Kingdom
557780,21932,SCANDINAVIAN PAISLEY PICNIC BAG,5,2011-06-22 15:15:00,1.65,,United Kingdom
557780,85159A,"BLACK TEA,COFFEE,SUGAR JARS",1,2011-06-22 15:15:00,1.95,,United Kingdom
557780,22725,ALARM CLOCK BAKELIKE CHOCOLATE,1,2011-06-22 15:15:00,3.75,,United Kingdom
557781,84978,HANGING HEART JAR T-LIGHT HOLDER,42,2011-06-22 15:30:00,1.25,17389.0,United Kingdom
557782,22423,REGENCY CAKESTAND 3 TIER,4,2011-06-22 15:41:00,12.75,14640.0,United Kingdom
557782,22697,GREEN REGENCY TEACUP AND SAUCER,6,2011-06-22 15:41:00,2.95,14640.0,United Kingdom
557782,22698,PINK REGENCY TEACUP AND SAUCER,6,2011-06-22 15:41:00,2.95,14640.0,United Kingdom
557782,23173,REGENCY TEAPOT ROSES ,2,2011-06-22 15:41:00,9.95,14640.0,United Kingdom
557782,23175,REGENCY MILK JUG PINK ,4,2011-06-22 15:41:00,3.25,14640.0,United Kingdom
557782,23015,CORDIAL GLASS JUG,4,2011-06-22 15:41:00,8.25,14640.0,United Kingdom
557782,23016,GLASS TWIST BON BON JAR,4,2011-06-22 15:41:00,7.85,14640.0,United Kingdom
557782,23024,LARGE BONNE JAM JAR  T-LIGHT HOLDER,6,2011-06-22 15:41:00,2.89,14640.0,United Kingdom
557782,23022,SMALL BONNE JAM JAR  T-LIGHT HOLDER,6,2011-06-22 15:41:00,2.08,14640.0,United Kingdom
557782,23112,PARISIENNE CURIO CABINET,2,2011-06-22 15:41:00,7.5,14640.0,United Kingdom
557782,23118,PARISIENNE JEWELLERY DRAWER ,2,2011-06-22 15:41:00,7.5,14640.0,United Kingdom
557782,23252,VINTAGE RED ENAMEL TRIM JUG ,4,2011-06-22 15:41:00,3.75,14640.0,United Kingdom
557782,22427,ENAMEL FLOWER JUG CREAM,6,2011-06-22 15:41:00,5.95,14640.0,United Kingdom
557782,21534,DAIRY MAID LARGE MILK JUG,3,2011-06-22 15:41:00,4.95,14640.0,United Kingdom
557782,21533,RETROSPOT LARGE MILK JUG,3,2011-06-22 15:41:00,4.95,14640.0,United Kingdom
557782,47566,PARTY BUNTING,8,2011-06-22 15:41:00,4.95,14640.0,United Kingdom
557782,22457,NATURAL SLATE HEART CHALKBOARD ,6,2011-06-22 15:41:00,2.95,14640.0,United Kingdom
557782,22983,CARD BILLBOARD FONT,12,2011-06-22 15:41:00,0.42,14640.0,United Kingdom
557782,22819,"BIRTHDAY CARD, RETRO SPOT",12,2011-06-22 15:41:00,0.42,14640.0,United Kingdom
557782,22252,BIRDCAGE DECORATION TEALIGHT HOLDER,12,2011-06-22 15:41:00,1.25,14640.0,United Kingdom
557783,23337,EGG FRYING PAN MINT ,1,2011-06-22 15:43:00,2.08,12748.0,United Kingdom
557783,23338,EGG FRYING PAN RED ,1,2011-06-22 15:43:00,2.08,12748.0,United Kingdom
557783,37468,HARDMAN MUG 3 ASSORTED,2,2011-06-22 15:43:00,0.39,12748.0,United Kingdom
557784,21421,damaged,-5,2011-06-22 15:49:00,0.0,,United Kingdom
557785,21084,SET/6 COLLAGE PAPER CUPS,24,2011-06-22 15:50:00,0.19,14364.0,United Kingdom
557785,21090,SET/6 COLLAGE PAPER PLATES,12,2011-06-22 15:50:00,0.39,14364.0,United Kingdom
557785,21634,ASSORTED MINI MADRAS NOTEBOOK,24,2011-06-22 15:50:00,0.39,14364.0,United Kingdom
557785,21636,MADRAS NOTEBOOK MEDIUM,12,2011-06-22 15:50:00,0.75,14364.0,United Kingdom
557785,47578A,ENGLISH ROSE SMALL SCENTED FLOWER,10,2011-06-22 15:50:00,0.85,14364.0,United Kingdom
557785,20665,RED RETROSPOT PURSE ,6,2011-06-22 15:50:00,2.95,14364.0,United Kingdom
557785,84968F,SET OF 16 VINTAGE SKY BLUE CUTLERY,1,2011-06-22 15:50:00,12.75,14364.0,United Kingdom
557785,21210,SET OF 72 RETROSPOT PAPER  DOILIES,12,2011-06-22 15:50:00,1.45,14364.0,United Kingdom
557785,23306,SET OF 36 DOILIES PANTRY DESIGN,12,2011-06-22 15:50:00,1.45,14364.0,United Kingdom
557785,22279,POCKET BAG BLUE PAISLEY RED SPOT,120,2011-06-22 15:50:00,1.06,14364.0,United Kingdom
557785,22111,SCOTTIE DOG HOT WATER BOTTLE,24,2011-06-22 15:50:00,4.25,14364.0,United Kingdom
557786,23208,LUNCH BAG VINTAGE LEAF DESIGN,4,2011-06-22 16:01:00,1.65,15550.0,United Kingdom
557786,22662,LUNCH BAG DOLLY GIRL DESIGN,4,2011-06-22 16:01:00,1.65,15550.0,United Kingdom
557786,22423,REGENCY CAKESTAND 3 TIER,1,2011-06-22 16:01:00,12.75,15550.0,United Kingdom
557786,22178,VICTORIAN GLASS HANGING T-LIGHT,12,2011-06-22 16:01:00,1.25,15550.0,United Kingdom
557786,84950,ASSORTED COLOUR T-LIGHT HOLDER,12,2011-06-22 16:01:00,0.65,15550.0,United Kingdom
557786,23165,LARGE CERAMIC TOP STORAGE JAR,4,2011-06-22 16:01:00,1.65,15550.0,United Kingdom
557786,23207,LUNCH BAG ALPHABET DESIGN,4,2011-06-22 16:01:00,1.65,15550.0,United Kingdom
557786,22383,LUNCH BAG SUKI DESIGN ,4,2011-06-22 16:01:00,1.65,15550.0,United Kingdom
557786,20726,LUNCH BAG WOODLAND,4,2011-06-22 16:01:00,1.65,15550.0,United Kingdom
557786,21794,CLASSIC FRENCH STYLE BASKET NATURAL,2,2011-06-22 16:01:00,3.95,15550.0,United Kingdom
557786,21793,CLASSIC FRENCH STYLE BASKET BROWN,1,2011-06-22 16:01:00,3.95,15550.0,United Kingdom
557786,21792,CLASSIC FRENCH STYLE BASKET GREEN ,2,2011-06-22 16:01:00,3.95,15550.0,United Kingdom
557786,23245,SET OF 3 REGENCY CAKE TINS,4,2011-06-22 16:01:00,4.95,15550.0,United Kingdom
557786,21165,BEWARE OF THE CAT METAL SIGN ,1,2011-06-22 16:01:00,1.69,15550.0,United Kingdom
557786,23051,RECYCLED ACAPULCO MAT BLUE,1,2011-06-22 16:01:00,8.25,15550.0,United Kingdom
557786,23050,RECYCLED ACAPULCO MAT GREEN,1,2011-06-22 16:01:00,8.25,15550.0,United Kingdom
557786,23054,RECYCLED ACAPULCO MAT LAVENDER,1,2011-06-22 16:01:00,8.25,15550.0,United Kingdom
557787,23131,MISTLETOE HEART WREATH CREAM,1,2011-06-22 16:16:00,4.15,15041.0,United Kingdom
557787,23130,MISTLETOE HEART WREATH GREEN,1,2011-06-22 16:16:00,4.15,15041.0,United Kingdom
557787,22158,3 HEARTS HANGING DECORATION RUSTIC,1,2011-06-22 16:16:00,2.95,15041.0,United Kingdom
557787,21179,NO JUNK MAIL METAL SIGN,1,2011-06-22 16:16:00,1.25,15041.0,United Kingdom
557787,23080,RED METAL BOX TOP SECRET,2,2011-06-22 16:16:00,8.25,15041.0,United Kingdom
557787,18097A,PINK TALL PORCELAIN T-LIGHT HOLDER ,1,2011-06-22 16:16:00,2.55,15041.0,United Kingdom
557787,22971,QUEENS GUARD COFFEE MUG,2,2011-06-22 16:16:00,2.55,15041.0,United Kingdom
557787,22963,JAM JAR WITH GREEN LID,1,2011-06-22 16:16:00,0.85,15041.0,United Kingdom
557787,23041,PAPER LANTERN 9 POINT SNOW STAR,1,2011-06-22 16:16:00,4.15,15041.0,United Kingdom
557787,22491,PACK OF 12 COLOURED PENCILS,2,2011-06-22 16:16:00,0.85,15041.0,United Kingdom
557787,22489,PACK OF 12 TRADITIONAL CRAYONS,4,2011-06-22 16:16:00,0.42,15041.0,United Kingdom
557787,22252,BIRDCAGE DECORATION TEALIGHT HOLDER,1,2011-06-22 16:16:00,1.25,15041.0,United Kingdom
557787,22155,STAR DECORATION RUSTIC,5,2011-06-22 16:16:00,0.42,15041.0,United Kingdom
557787,22161,HEART DECORATION RUSTIC HANGING ,10,2011-06-22 16:16:00,0.19,15041.0,United Kingdom
557787,22962,JAM JAR WITH PINK LID,1,2011-06-22 16:16:00,0.85,15041.0,United Kingdom
557787,21642,ASSORTED TUTTI FRUTTI PEN,2,2011-06-22 16:16:00,0.85,15041.0,United Kingdom
557787,23193,BUFFALO BILL TREASURE BOOK BOX,1,2011-06-22 16:16:00,2.25,15041.0,United Kingdom
557787,22214,CANDLE PLATE LACE WHITE,2,2011-06-22 16:16:00,2.55,15041.0,United Kingdom
557787,21917,SET 12 KIDS  WHITE CHALK STICKS,1,2011-06-22 16:16:00,0.42,15041.0,United Kingdom
557787,21918,SET 12 KIDS COLOUR  CHALK STICKS,2,2011-06-22 16:16:00,0.42,15041.0,United Kingdom
557787,21917,SET 12 KIDS  WHITE CHALK STICKS,1,2011-06-22 16:16:00,0.42,15041.0,United Kingdom
557787,21790,VINTAGE SNAP CARDS,1,2011-06-22 16:16:00,0.85,15041.0,United Kingdom
557787,22686,FRENCH BLUE METAL DOOR SIGN No,1,2011-06-22 16:16:00,1.25,15041.0,United Kingdom
557787,22685,FRENCH BLUE METAL DOOR SIGN 0,1,2011-06-22 16:16:00,1.25,15041.0,United Kingdom
557787,22676,FRENCH BLUE METAL DOOR SIGN 1,2,2011-06-22 16:16:00,1.25,15041.0,United Kingdom
557787,22678,FRENCH BLUE METAL DOOR SIGN 3,1,2011-06-22 16:16:00,1.25,15041.0,United Kingdom
557787,22679,FRENCH BLUE METAL DOOR SIGN 4,1,2011-06-22 16:16:00,1.25,15041.0,United Kingdom
557787,22680,FRENCH BLUE METAL DOOR SIGN 5,1,2011-06-22 16:16:00,1.25,15041.0,United Kingdom
557787,22446,PIN CUSHION BABUSHKA PINK,1,2011-06-22 16:16:00,3.35,15041.0,United Kingdom
557787,22447,PIN CUSHION BABUSHKA BLUE,1,2011-06-22 16:16:00,3.35,15041.0,United Kingdom
557787,22162,HEART GARLAND RUSTIC PADDED,3,2011-06-22 16:16:00,2.95,15041.0,United Kingdom
557787,22399,MAGNETS PACK OF 4 CHILDHOOD MEMORY,1,2011-06-22 16:16:00,1.25,15041.0,United Kingdom
557787,22402,MAGNETS PACK OF 4 VINTAGE COLLAGE,1,2011-06-22 16:16:00,1.25,15041.0,United Kingdom
557787,23191,BUNDLE OF 3 RETRO NOTE BOOKS,1,2011-06-22 16:16:00,1.65,15041.0,United Kingdom
557787,23190,BUNDLE OF 3 SCHOOL EXERCISE BOOKS  ,3,2011-06-22 16:16:00,1.65,15041.0,United Kingdom
557787,23192,BUNDLE OF 3 ALPHABET EXERCISE BOOKS,1,2011-06-22 16:16:00,1.65,15041.0,United Kingdom
557787,23280,FOLDING BUTTERFLY MIRROR HOT PINK ,1,2011-06-22 16:16:00,0.83,15041.0,United Kingdom
557787,23282,FOLDING BUTTERFLY MIRROR IVORY ,1,2011-06-22 16:16:00,0.83,15041.0,United Kingdom
557787,23281,FOLDING BUTTERFLY MIRROR RED  ,1,2011-06-22 16:16:00,0.83,15041.0,United Kingdom
557787,22452,MEASURING TAPE BABUSHKA PINK,1,2011-06-22 16:16:00,2.95,15041.0,United Kingdom
557787,22454,MEASURING TAPE BABUSHKA RED,1,2011-06-22 16:16:00,2.95,15041.0,United Kingdom
557787,15044C,PURPLE PAPER PARASOL,1,2011-06-22 16:16:00,2.95,15041.0,United Kingdom
557787,15044B,BLUE PAPER PARASOL ,1,2011-06-22 16:16:00,2.95,15041.0,United Kingdom
557787,15044A,PINK PAPER PARASOL ,1,2011-06-22 16:16:00,2.95,15041.0,United Kingdom
557787,22174,PHOTO CUBE,1,2011-06-22 16:16:00,1.65,15041.0,United Kingdom
557787,23177,TREASURE ISLAND BOOK BOX,1,2011-06-22 16:16:00,2.25,15041.0,United Kingdom
557787,23089,GLASS BON BON JAR,1,2011-06-22 16:16:00,1.65,15041.0,United Kingdom
557787,22622,BOX OF VINTAGE ALPHABET BLOCKS,1,2011-06-22 16:16:00,11.95,15041.0,United Kingdom
557787,23048,SET OF 10 LANTERNS FAIRY LIGHT STAR,2,2011-06-22 16:16:00,4.15,15041.0,United Kingdom
557787,10135,COLOURING PENCILS BROWN TUBE,1,2011-06-22 16:16:00,1.25,15041.0,United Kingdom
557787,10133,COLOURING PENCILS BROWN TUBE,2,2011-06-22 16:16:00,0.42,15041.0,United Kingdom
557787,79190A,RETRO PLASTIC 70'S TRAY,1,2011-06-22 16:16:00,0.42,15041.0,United Kingdom
557787,22992,REVOLVER WOODEN RULER ,1,2011-06-22 16:16:00,1.95,15041.0,United Kingdom
557787,22620,4 TRADITIONAL SPINNING TOPS,2,2011-06-22 16:16:00,1.45,15041.0,United Kingdom
557787,22759,SET OF 3 NOTEBOOKS IN PARCEL,1,2011-06-22 16:16:00,1.65,15041.0,United Kingdom
557787,85049E,SCANDINAVIAN REDS RIBBONS,2,2011-06-22 16:16:00,1.25,15041.0,United Kingdom
557787,22082,RIBBON REEL STRIPES DESIGN ,3,2011-06-22 16:16:00,1.65,15041.0,United Kingdom
557787,21880,RED RETROSPOT TAPE,4,2011-06-22 16:16:00,0.65,15041.0,United Kingdom
557787,21773,DECORATIVE ROSE BATHROOM BOTTLE,1,2011-06-22 16:16:00,1.25,15041.0,United Kingdom
557787,21949,SET OF 6 STRAWBERRY CHOPSTICKS,2,2011-06-22 16:16:00,1.25,15041.0,United Kingdom
557787,23084,RABBIT NIGHT LIGHT,1,2011-06-22 16:16:00,2.08,15041.0,United Kingdom
557787,22360,GLASS JAR ENGLISH CONFECTIONERY,1,2011-06-22 16:16:00,2.95,15041.0,United Kingdom
557787,22364,GLASS JAR DIGESTIVE BISCUITS,1,2011-06-22 16:16:00,2.95,15041.0,United Kingdom
557787,23241,TREASURE TIN GYMKHANA DESIGN,1,2011-06-22 16:16:00,2.08,15041.0,United Kingdom
557787,23242,TREASURE TIN BUFFALO BILL ,1,2011-06-22 16:16:00,2.08,15041.0,United Kingdom
557787,23322,LARGE WHITE HEART OF WICKER,1,2011-06-22 16:16:00,2.95,15041.0,United Kingdom
557787,23321,SMALL WHITE HEART OF WICKER,1,2011-06-22 16:16:00,1.65,15041.0,United Kingdom
557788,22485,SET OF 2 WOODEN MARKET CRATES,2,2011-06-22 16:32:00,10.95,14088.0,United Kingdom
557788,21232,STRAWBERRY CERAMIC TRINKET BOX,1,2011-06-22 16:32:00,1.06,14088.0,United Kingdom
557788,22698,PINK REGENCY TEACUP AND SAUCER,3,2011-06-22 16:32:00,2.55,14088.0,United Kingdom
557788,22697,GREEN REGENCY TEACUP AND SAUCER,1,2011-06-22 16:32:00,2.55,14088.0,United Kingdom
557789,20750,RED RETROSPOT MINI CASES,12,2011-06-22 16:32:00,6.35,12379.0,Belgium
557789,20665,RED RETROSPOT PURSE ,6,2011-06-22 16:32:00,2.95,12379.0,Belgium
557789,20674,GREEN POLKADOT BOWL,8,2011-06-22 16:32:00,1.25,12379.0,Belgium
557789,20676,RED RETROSPOT BOWL,8,2011-06-22 16:32:00,1.25,12379.0,Belgium
557789,21246,RED RETROSPOT BIG BOWL,6,2011-06-22 16:32:00,4.95,12379.0,Belgium
557789,22303,COFFEE MUG APPLES DESIGN,6,2011-06-22 16:32:00,2.55,12379.0,Belgium
557789,22301,COFFEE MUG CAT + BIRD DESIGN,6,2011-06-22 16:32:00,2.55,12379.0,Belgium
557789,22302,COFFEE MUG PEARS  DESIGN,6,2011-06-22 16:32:00,2.55,12379.0,Belgium
557789,84997B,CHILDRENS CUTLERY RETROSPOT RED ,4,2011-06-22 16:32:00,4.15,12379.0,Belgium
557789,22908,PACK OF 20 NAPKINS RED APPLES,12,2011-06-22 16:32:00,0.85,12379.0,Belgium
557789,22740,POLKADOT PEN,48,2011-06-22 16:32:00,0.85,12379.0,Belgium
557789,23236,DOILEY STORAGE TIN,6,2011-06-22 16:32:00,2.89,12379.0,Belgium
557789,21080,SET/20 RED RETROSPOT PAPER NAPKINS ,12,2011-06-22 16:32:00,0.85,12379.0,Belgium
557789,22352,LUNCH BOX WITH CUTLERY RETROSPOT ,6,2011-06-22 16:32:00,2.55,12379.0,Belgium
557789,23238,SET OF 4 KNICK KNACK TINS LONDON ,6,2011-06-22 16:32:00,4.15,12379.0,Belgium
557789,22659,LUNCH BOX I LOVE LONDON,12,2011-06-22 16:32:00,1.95,12379.0,Belgium
557789,22631,CIRCUS PARADE LUNCH BOX ,12,2011-06-22 16:32:00,1.95,12379.0,Belgium
557789,22619,SET OF 6 SOLDIER SKITTLES,8,2011-06-22 16:32:00,3.75,12379.0,Belgium
557789,21212,PACK OF 72 RETROSPOT CAKE CASES,24,2011-06-22 16:32:00,0.55,12379.0,Belgium
557789,POST,POSTAGE,3,2011-06-22 16:32:00,15.0,12379.0,Belgium
557790,21754,HOME BUILDING BLOCK WORD,4,2011-06-22 16:33:00,5.95,14099.0,United Kingdom
557790,23010,CIRCUS PARADE BABY GIFT SET,1,2011-06-22 16:33:00,16.95,14099.0,United Kingdom
557790,21755,LOVE BUILDING BLOCK WORD,4,2011-06-22 16:33:00,5.95,14099.0,United Kingdom
557790,23108,SET OF 10 LED DOLLY LIGHTS,2,2011-06-22 16:33:00,6.25,14099.0,United Kingdom
557790,22548,HEADS AND TAILS SPORTING FUN,4,2011-06-22 16:33:00,1.25,14099.0,United Kingdom
557790,21864,UNION JACK FLAG PASSPORT COVER ,2,2011-06-22 16:33:00,2.1,14099.0,United Kingdom
557790,21865,PINK UNION JACK  PASSPORT COVER ,2,2011-06-22 16:33:00,2.1,14099.0,United Kingdom
557790,21358,TOAST ITS - HAPPY BIRTHDAY,6,2011-06-22 16:33:00,1.25,14099.0,United Kingdom
557790,22312,OFFICE MUG WARMER POLKADOT,4,2011-06-22 16:33:00,2.95,14099.0,United Kingdom
557790,22313,OFFICE MUG WARMER PINK,4,2011-06-22 16:33:00,2.95,14099.0,United Kingdom
557790,22311,OFFICE MUG WARMER BLACK+SILVER ,2,2011-06-22 16:33:00,2.95,14099.0,United Kingdom
557790,22314,OFFICE MUG WARMER CHOC+BLUE,2,2011-06-22 16:33:00,2.95,14099.0,United Kingdom
557790,21908,CHOCOLATE THIS WAY METAL SIGN,12,2011-06-22 16:33:00,2.1,14099.0,United Kingdom
557790,21169,YOU'RE CONFUSING ME METAL SIGN ,6,2011-06-22 16:33:00,1.69,14099.0,United Kingdom
557790,21175,GIN + TONIC DIET METAL SIGN,12,2011-06-22 16:33:00,2.55,14099.0,United Kingdom
557790,21166,COOK WITH WINE METAL SIGN ,12,2011-06-22 16:33:00,2.08,14099.0,United Kingdom
557790,21165,BEWARE OF THE CAT METAL SIGN ,10,2011-06-22 16:33:00,1.69,14099.0,United Kingdom
557790,21164,HOME SWEET HOME METAL SIGN ,6,2011-06-22 16:33:00,2.95,14099.0,United Kingdom
557790,21985,PACK OF 12 HEARTS DESIGN TISSUES ,12,2011-06-22 16:33:00,0.29,14099.0,United Kingdom
557790,22174,PHOTO CUBE,12,2011-06-22 16:33:00,1.65,14099.0,United Kingdom
557790,72351B,SET/6 PINK  BUTTERFLY T-LIGHTS,72,2011-06-22 16:33:00,1.69,14099.0,United Kingdom
C557791,23181,BULL DOG BOTTLE TOP WALL CLOCK,-1,2011-06-22 16:36:00,8.25,14099.0,United Kingdom
C557791,22483,RED GINGHAM TEDDY BEAR ,-1,2011-06-22 16:36:00,2.95,14099.0,United Kingdom
557792,23301,GARDENERS KNEELING PAD KEEP CALM ,3,2011-06-22 16:44:00,1.65,16987.0,United Kingdom
557792,22605,WOODEN CROQUET GARDEN SET,1,2011-06-22 16:44:00,14.95,16987.0,United Kingdom
557792,22188,BLACK HEART CARD HOLDER,2,2011-06-22 16:44:00,3.95,16987.0,United Kingdom
557792,48188,DOORMAT WELCOME PUPPIES,1,2011-06-22 16:44:00,7.95,16987.0,United Kingdom
557792,23283,DOORMAT VINTAGE LEAVES DESIGN ,1,2011-06-22 16:44:00,7.95,16987.0,United Kingdom
557792,22690,DOORMAT HOME SWEET HOME BLUE ,2,2011-06-22 16:44:00,7.95,16987.0,United Kingdom
557792,48129,DOORMAT TOPIARY,1,2011-06-22 16:44:00,7.95,16987.0,United Kingdom
557792,48138,DOORMAT UNION FLAG,2,2011-06-22 16:44:00,7.95,16987.0,United Kingdom
557792,23284,DOORMAT KEEP CALM AND COME IN,4,2011-06-22 16:44:00,7.95,16987.0,United Kingdom
557792,22607,WOODEN ROUNDERS GARDEN SET ,22,2011-06-22 16:44:00,8.5,16987.0,United Kingdom
557793,22222,CAKE PLATE LOVEBIRD WHITE,1,2011-06-22 17:30:00,4.95,14998.0,United Kingdom
557793,21533,RETROSPOT LARGE MILK JUG,2,2011-06-22 17:30:00,4.95,14998.0,United Kingdom
557793,21121,SET/10 RED POLKADOT PARTY CANDLES,5,2011-06-22 17:30:00,1.25,14998.0,United Kingdom
557793,21212,PACK OF 72 RETROSPOT CAKE CASES,2,2011-06-22 17:30:00,0.55,14998.0,United Kingdom
557793,22456,NATURAL SLATE CHALKBOARD LARGE ,1,2011-06-22 17:30:00,4.95,14998.0,United Kingdom
557793,85019B,BLOSSOM  IMAGES NOTEBOOK SET,1,2011-06-22 17:30:00,1.25,14998.0,United Kingdom
557793,85019A,ROMANTIC IMAGES NOTEBOOK SET,4,2011-06-22 17:30:00,1.25,14998.0,United Kingdom
557793,84836,ZINC METAL HEART DECORATION,1,2011-06-22 17:30:00,1.25,14998.0,United Kingdom
557793,20754,RETROSPOT RED WASHING UP GLOVES,1,2011-06-22 17:30:00,2.1,14998.0,United Kingdom
557793,23120,PACK OF 6 SMALL FRUIT STRAWS,24,2011-06-22 17:30:00,0.42,14998.0,United Kingdom
557793,21080,SET/20 RED RETROSPOT PAPER NAPKINS ,6,2011-06-22 17:30:00,0.85,14998.0,United Kingdom
557793,23298,SPOTTY BUNTING,3,2011-06-22 17:30:00,4.95,14998.0,United Kingdom
557793,20676,RED RETROSPOT BOWL,12,2011-06-22 17:30:00,1.25,14998.0,United Kingdom
557793,22813,PACK 3 BOXES BIRD PANNETONE ,1,2011-06-22 17:30:00,1.95,14998.0,United Kingdom
557793,23307,SET OF 60 PANTRY DESIGN CAKE CASES ,1,2011-06-22 17:30:00,0.55,14998.0,United Kingdom
557793,23162,REGENCY TEA STRAINER,2,2011-06-22 17:30:00,3.75,14998.0,United Kingdom
557793,21034,REX CASH+CARRY JUMBO SHOPPER,2,2011-06-22 17:30:00,0.95,14998.0,United Kingdom
557793,23121,PACK OF 6 COCKTAIL PARASOL STRAWS,24,2011-06-22 17:30:00,0.42,14998.0,United Kingdom
557793,20676,RED RETROSPOT BOWL,12,2011-06-22 17:30:00,1.25,14998.0,United Kingdom
557793,23174,REGENCY SUGAR BOWL GREEN,2,2011-06-22 17:30:00,4.15,14998.0,United Kingdom
557793,21906,PHARMACIE FIRST AID TIN,1,2011-06-22 17:30:00,6.75,14998.0,United Kingdom
557793,23167,SMALL CERAMIC TOP STORAGE JAR ,10,2011-06-22 17:30:00,0.83,14998.0,United Kingdom
557793,23166,MEDIUM CERAMIC TOP STORAGE JAR,8,2011-06-22 17:30:00,1.25,14998.0,United Kingdom
557793,23167,SMALL CERAMIC TOP STORAGE JAR ,4,2011-06-22 17:30:00,0.83,14998.0,United Kingdom
557793,21843,RED RETROSPOT CAKE STAND,4,2011-06-22 17:30:00,10.95,14998.0,United Kingdom
557793,22082,RIBBON REEL STRIPES DESIGN ,10,2011-06-22 17:30:00,1.65,14998.0,United Kingdom
557793,21080,SET/20 RED RETROSPOT PAPER NAPKINS ,14,2011-06-22 17:30:00,0.85,14998.0,United Kingdom
557793,85032A,ROMANTIC IMAGES GIFT WRAP SET,1,2011-06-22 17:30:00,0.65,14998.0,United Kingdom
557793,82567,"AIRLINE LOUNGE,METAL SIGN",1,2011-06-22 17:30:00,2.1,14998.0,United Kingdom
557793,21172,PARTY METAL SIGN ,2,2011-06-22 17:30:00,1.45,14998.0,United Kingdom
557793,22426,ENAMEL WASH BOWL CREAM,1,2011-06-22 17:30:00,3.75,14998.0,United Kingdom
557793,22429,ENAMEL MEASURING JUG CREAM,1,2011-06-22 17:30:00,4.25,14998.0,United Kingdom
557793,22425,ENAMEL COLANDER CREAM,1,2011-06-22 17:30:00,4.95,14998.0,United Kingdom
