InvoiceNo,StockCode,Description,Quantity,InvoiceDate,UnitPrice,CustomerID,Country
553174,23155,KNICKERBOCKERGLORY MAGNET ASSORTED ,6,2011-05-15 11:04:00,0.83,16206.0,United Kingdom
553174,48187,DOORMAT NEW ENGLAND,1,2011-05-15 11:04:00,7.95,16206.0,United Kingdom
553174,48129,DOORMAT TOPIARY,1,2011-05-15 11:04:00,7.95,16206.0,United Kingdom
553174,22844,VINTAGE CREAM DOG FOOD CONTAINER,1,2011-05-15 11:04:00,8.5,16206.0,United Kingdom
553174,23159,SET OF 5 PANCAKE DAY MAGNETS,1,2011-05-15 11:04:00,2.08,16206.0,United Kingdom
553174,23156,SET OF 5 MINI GROCERY MAGNETS,1,2011-05-15 11:04:00,2.08,16206.0,United Kingdom
553174,23154,SET OF 4 JAM JAR MAGNETS,2,2011-05-15 11:04:00,2.08,16206.0,United Kingdom
553174,23091,ZINC HERB GARDEN CONTAINER,2,2011-05-15 11:04:00,6.25,16206.0,United Kingdom
553174,22966,GINGERBREAD MAN COOKIE CUTTER,2,2011-05-15 11:04:00,1.25,16206.0,United Kingdom
553174,84378,SET OF 3 HEART COOKIE CUTTERS,2,2011-05-15 11:04:00,1.25,16206.0,United Kingdom
553174,84375,SET OF 20 KIDS COOKIE CUTTERS,2,2011-05-15 11:04:00,2.1,16206.0,United Kingdom
553174,22316,200 BENDY SKULL STRAWS,1,2011-05-15 11:04:00,1.25,16206.0,United Kingdom
553174,23077,DOUGHNUT LIP GLOSS ,20,2011-05-15 11:04:00,1.25,16206.0,United Kingdom
553174,23078,ICE CREAM PEN LIP GLOSS ,24,2011-05-15 11:04:00,1.25,16206.0,United Kingdom
553174,85123A,WHITE HANGING HEART T-LIGHT HOLDER,2,2011-05-15 11:04:00,2.95,16206.0,United Kingdom
553174,22804,CANDLEHOLDER PINK HANGING HEART,2,2011-05-15 11:04:00,2.95,16206.0,United Kingdom
553175,22487,WHITE WOOD GARDEN PLANT LADDER,2,2011-05-15 11:17:00,9.95,,United Kingdom
553175,23109,LED TEA LIGHTS,6,2011-05-15 11:17:00,2.89,,United Kingdom
553175,22752,SET 7 BABUSHKA NESTING BOXES,1,2011-05-15 11:17:00,8.5,,United Kingdom
553175,72819,CUPID DESIGN SCENTED CANDLES,2,2011-05-15 11:17:00,2.55,,United Kingdom
553175,22150,3 STRIPEY MICE FELTCRAFT,1,2011-05-15 11:17:00,1.95,,United Kingdom
553175,22149,FELTCRAFT 6 FLOWER FRIENDS,2,2011-05-15 11:17:00,2.1,,United Kingdom
553175,72598,SET/12 TAPER CANDLES,2,2011-05-15 11:17:00,0.85,,United Kingdom
553175,23083,SET 6 PAPER TABLE LANTERN STARS ,2,2011-05-15 11:17:00,3.75,,United Kingdom
553175,23084,RABBIT NIGHT LIGHT,1,2011-05-15 11:17:00,2.08,,United Kingdom
553175,21192,WHITE BELL HONEYCOMB PAPER ,5,2011-05-15 11:17:00,1.65,,United Kingdom
553175,21189,WHITE HONEYCOMB PAPER GARLAND ,2,2011-05-15 11:17:00,1.65,,United Kingdom
553175,21191,LARGE WHITE HONEYCOMB PAPER BELL  ,5,2011-05-15 11:17:00,2.1,,United Kingdom
553175,15036,ASSORTED COLOURS SILK FAN,12,2011-05-15 11:17:00,0.83,,United Kingdom
553175,22336,DOVE DECORATION PAINTED ZINC ,5,2011-05-15 11:17:00,0.65,,United Kingdom
553175,22227,HANGING HEART MIRROR DECORATION ,5,2011-05-15 11:17:00,0.65,,United Kingdom
553175,22219,LOVEBIRD HANGING DECORATION WHITE ,5,2011-05-15 11:17:00,0.85,,United Kingdom
553175,85130B,BEADED CRYSTAL HEART GREEN LARGE,4,2011-05-15 11:17:00,1.65,,United Kingdom
553175,22799,SWEETHEART WIRE FRUIT BOWL,1,2011-05-15 11:17:00,8.5,,United Kingdom
553175,21468,BUTTERFLY CROCHET FOOD COVER,1,2011-05-15 11:17:00,3.75,,United Kingdom
553175,21086,SET/6 RED SPOTTY PAPER CUPS,1,2011-05-15 11:17:00,0.65,,United Kingdom
553175,21987,PACK OF 6 SKULL PAPER CUPS,1,2011-05-15 11:17:00,0.65,,United Kingdom
553175,22089,PAPER BUNTING VINTAGE PAISLEY,1,2011-05-15 11:17:00,2.95,,United Kingdom
553175,22088,PAPER BUNTING COLOURED LACE,2,2011-05-15 11:17:00,2.95,,United Kingdom
553175,21189,WHITE HONEYCOMB PAPER GARLAND ,1,2011-05-15 11:17:00,1.65,,United Kingdom
553175,22813,PACK 3 BOXES BIRD PANNETONE ,1,2011-05-15 11:17:00,1.95,,United Kingdom
553175,21391,FRENCH LAVENDER SCENT HEART,3,2011-05-15 11:17:00,2.1,,United Kingdom
553175,22822,CREAM WALL PLANTER HEART SHAPED,2,2011-05-15 11:17:00,5.95,,United Kingdom
553175,85232D,SET/3 DECOUPAGE STACKING TINS,1,2011-05-15 11:17:00,4.95,,United Kingdom
553175,21896,POTTING SHED TWINE,1,2011-05-15 11:17:00,2.1,,United Kingdom
553175,22908,PACK OF 20 NAPKINS RED APPLES,2,2011-05-15 11:17:00,0.85,,United Kingdom
553175,22907,PACK OF 20 NAPKINS PANTRY DESIGN,2,2011-05-15 11:17:00,0.85,,United Kingdom
553175,21078,SET/20 STRAWBERRY PAPER NAPKINS ,2,2011-05-15 11:17:00,0.85,,United Kingdom
553175,21989,PACK OF 20 SKULL PAPER NAPKINS,1,2011-05-15 11:17:00,0.85,,United Kingdom
553175,21080,SET/20 RED RETROSPOT PAPER NAPKINS ,1,2011-05-15 11:17:00,0.85,,United Kingdom
553175,85061W,WHITE JEWELLED HEART DECORATION,4,2011-05-15 11:17:00,0.85,,United Kingdom
553175,23193,BUFFALO BILL TREASURE BOOK BOX,1,2011-05-15 11:17:00,2.25,,United Kingdom
553175,85019B,BLOSSOM  IMAGES NOTEBOOK SET,1,2011-05-15 11:17:00,1.25,,United Kingdom
553175,22295,HEART FILIGREE DOVE LARGE,2,2011-05-15 11:17:00,1.65,,United Kingdom
553175,22295,HEART FILIGREE DOVE LARGE,3,2011-05-15 11:17:00,1.65,,United Kingdom
553175,47566,PARTY BUNTING,1,2011-05-15 11:17:00,4.95,,United Kingdom
553175,22129,PARTY CONES CANDY TREE DECORATION,24,2011-05-15 11:17:00,0.85,,United Kingdom
553175,21209,MULTICOLOUR HONEYCOMB FAN,1,2011-05-15 11:17:00,1.65,,United Kingdom
553175,21208,PASTEL COLOUR HONEYCOMB FAN,1,2011-05-15 11:17:00,1.65,,United Kingdom
553175,23052,RECYCLED ACAPULCO MAT TURQUOISE,1,2011-05-15 11:17:00,8.25,,United Kingdom
553175,23053,RECYCLED ACAPULCO MAT PINK,1,2011-05-15 11:17:00,8.25,,United Kingdom
553175,23050,RECYCLED ACAPULCO MAT GREEN,1,2011-05-15 11:17:00,8.25,,United Kingdom
553176,48138,DOORMAT UNION FLAG,1,2011-05-15 11:22:00,7.95,14689.0,United Kingdom
553176,23209,LUNCH BAG DOILEY PATTERN ,6,2011-05-15 11:22:00,1.65,14689.0,United Kingdom
553176,20984,12 PENCILS TALL TUBE POSY,4,2011-05-15 11:22:00,0.85,14689.0,United Kingdom
553176,22557,PLASTERS IN TIN VINTAGE PAISLEY ,6,2011-05-15 11:22:00,1.65,14689.0,United Kingdom
553176,21977,PACK OF 60 PINK PAISLEY CAKE CASES,6,2011-05-15 11:22:00,0.55,14689.0,United Kingdom
553176,20980,36 PENCILS TUBE POSY,4,2011-05-15 11:22:00,1.25,14689.0,United Kingdom
553176,85123A,WHITE HANGING HEART T-LIGHT HOLDER,3,2011-05-15 11:22:00,2.95,14689.0,United Kingdom
553176,22804,CANDLEHOLDER PINK HANGING HEART,3,2011-05-15 11:22:00,2.95,14689.0,United Kingdom
553176,47504K,ENGLISH ROSE GARDEN SECATEURS,2,2011-05-15 11:22:00,1.95,14689.0,United Kingdom
553176,20772,GARDEN PATH JOURNAL,3,2011-05-15 11:22:00,2.55,14689.0,United Kingdom
553176,47504H,ENGLISH ROSE SPIRIT LEVEL ,2,2011-05-15 11:22:00,1.95,14689.0,United Kingdom
553176,35961,FOLKART ZINC HEART CHRISTMAS DEC,12,2011-05-15 11:22:00,0.85,14689.0,United Kingdom
553176,22693,GROW A FLYTRAP OR SUNFLOWER IN TIN,24,2011-05-15 11:22:00,1.25,14689.0,United Kingdom
553177,22791,T-LIGHT GLASS FLUTED ANTIQUE,72,2011-05-15 11:23:00,1.06,13094.0,United Kingdom
553177,84946,ANTIQUE SILVER T-LIGHT GLASS,72,2011-05-15 11:23:00,1.06,13094.0,United Kingdom
553177,85123A,WHITE HANGING HEART T-LIGHT HOLDER,18,2011-05-15 11:23:00,2.95,13094.0,United Kingdom
553178,84949,SILVER HANGING T-LIGHT HOLDER,1,2011-05-15 11:29:00,1.65,17302.0,United Kingdom
553178,23177,TREASURE ISLAND BOOK BOX,1,2011-05-15 11:29:00,2.25,17302.0,United Kingdom
553178,22163,HEART STRING MEMO HOLDER HANGING,1,2011-05-15 11:29:00,2.95,17302.0,United Kingdom
553178,20956,PORCELAIN T-LIGHT HOLDERS ASSORTED,1,2011-05-15 11:29:00,1.25,17302.0,United Kingdom
553178,22295,HEART FILIGREE DOVE LARGE,1,2011-05-15 11:29:00,1.65,17302.0,United Kingdom
553178,21390,FILIGRIS HEART WITH BUTTERFLY,1,2011-05-15 11:29:00,1.25,17302.0,United Kingdom
553178,21811,HANGING HEART WITH BELL,1,2011-05-15 11:29:00,1.25,17302.0,United Kingdom
553178,22595,GINGHAM HEART DECORATION,1,2011-05-15 11:29:00,0.85,17302.0,United Kingdom
553178,22335,HEART DECORATION PAINTED ZINC ,1,2011-05-15 11:29:00,0.65,17302.0,United Kingdom
553178,35961,FOLKART ZINC HEART CHRISTMAS DEC,1,2011-05-15 11:29:00,0.85,17302.0,United Kingdom
553178,23088,ZINC HEART FLOWER T-LIGHT HOLDER,3,2011-05-15 11:29:00,1.25,17302.0,United Kingdom
553178,22460,EMBOSSED GLASS TEALIGHT HOLDER,1,2011-05-15 11:29:00,1.25,17302.0,United Kingdom
553178,21326,AGED GLASS SILVER T-LIGHT HOLDER,1,2011-05-15 11:29:00,0.65,17302.0,United Kingdom
553178,23145,ZINC T-LIGHT HOLDER STAR LARGE,3,2011-05-15 11:29:00,0.95,17302.0,United Kingdom
553178,37413,ICON MUG REVOLUTIONARY,1,2011-05-15 11:29:00,0.39,17302.0,United Kingdom
553178,22998,TRAVEL CARD WALLET KEEP CALM,24,2011-05-15 11:29:00,0.42,17302.0,United Kingdom
553178,23082,SET 6 PAPER TABLE LANTERN HEARTS ,5,2011-05-15 11:29:00,3.75,17302.0,United Kingdom
553178,21043,APRON MODERN VINTAGE COTTON,3,2011-05-15 11:29:00,1.95,17302.0,United Kingdom
553178,22445,PENCIL CASE LIFE IS BEAUTIFUL,1,2011-05-15 11:29:00,2.95,17302.0,United Kingdom
553178,84592,CROCHET ROSE PURSE WITH SUEDE BACK,1,2011-05-15 11:29:00,2.95,17302.0,United Kingdom
553178,22113,GREY HEART HOT WATER BOTTLE,4,2011-05-15 11:29:00,3.75,17302.0,United Kingdom
553178,23203,JUMBO BAG DOILEY PATTERNS,10,2011-05-15 11:29:00,2.08,17302.0,United Kingdom
553178,22594,CHRISTMAS GINGHAM TREE,12,2011-05-15 11:29:00,0.85,17302.0,United Kingdom
553178,22593,CHRISTMAS GINGHAM STAR,12,2011-05-15 11:29:00,0.85,17302.0,United Kingdom
553179,21705,BAG 500g SWIRLY MARBLES,2,2011-05-15 11:30:00,1.65,15440.0,United Kingdom
553179,21703,BAG 125g SWIRLY MARBLES,2,2011-05-15 11:30:00,0.42,15440.0,United Kingdom
553179,22754,SMALL RED BABUSHKA NOTEBOOK ,6,2011-05-15 11:30:00,0.85,15440.0,United Kingdom
553179,21916,SET 12 RETRO WHITE CHALK STICKS,4,2011-05-15 11:30:00,0.42,15440.0,United Kingdom
553179,21918,SET 12 KIDS COLOUR  CHALK STICKS,2,2011-05-15 11:30:00,0.42,15440.0,United Kingdom
553179,21790,VINTAGE SNAP CARDS,2,2011-05-15 11:30:00,0.85,15440.0,United Kingdom
553179,22548,HEADS AND TAILS SPORTING FUN,2,2011-05-15 11:30:00,1.25,15440.0,United Kingdom
553179,22745,POPPY'S PLAYHOUSE BEDROOM ,1,2011-05-15 11:30:00,2.1,15440.0,United Kingdom
553179,22748,POPPY'S PLAYHOUSE KITCHEN,1,2011-05-15 11:30:00,2.1,15440.0,United Kingdom
553179,22746,POPPY'S PLAYHOUSE LIVINGROOM ,1,2011-05-15 11:30:00,2.1,15440.0,United Kingdom
553179,21888,BINGO SET,2,2011-05-15 11:30:00,3.75,15440.0,United Kingdom
553179,22550,HOLIDAY FUN LUDO,1,2011-05-15 11:30:00,3.75,15440.0,United Kingdom
553179,21912,VINTAGE SNAKES & LADDERS,1,2011-05-15 11:30:00,3.75,15440.0,United Kingdom
553179,23201,JUMBO BAG ALPHABET,3,2011-05-15 11:30:00,2.08,15440.0,United Kingdom
553179,23192,BUNDLE OF 3 ALPHABET EXERCISE BOOKS,2,2011-05-15 11:30:00,1.65,15440.0,United Kingdom
553179,22619,SET OF 6 SOLDIER SKITTLES,2,2011-05-15 11:30:00,3.75,15440.0,United Kingdom
553179,22752,SET 7 BABUSHKA NESTING BOXES,2,2011-05-15 11:30:00,8.5,15440.0,United Kingdom
553179,21891,TRADITIONAL WOODEN SKIPPING ROPE,10,2011-05-15 11:30:00,1.45,15440.0,United Kingdom
553179,20978,36 PENCILS TUBE SKULLS,16,2011-05-15 11:30:00,1.25,15440.0,United Kingdom
553179,20979,36 PENCILS TUBE RED RETROSPOT,16,2011-05-15 11:30:00,1.25,15440.0,United Kingdom
553180,23091,ZINC HERB GARDEN CONTAINER,4,2011-05-15 11:35:00,6.25,16466.0,United Kingdom
553180,22831,WHITE BROCANTE SOAP DISH,2,2011-05-15 11:35:00,2.95,16466.0,United Kingdom
553180,22604,SET OF 4 NAPKIN CHARMS CUTLERY,4,2011-05-15 11:35:00,2.55,16466.0,United Kingdom
553180,21584,RETROSPOT SMALL TUBE MATCHES,2,2011-05-15 11:35:00,1.65,16466.0,United Kingdom
553180,82552,WASHROOM METAL SIGN,1,2011-05-15 11:35:00,1.45,16466.0,United Kingdom
553180,85123A,WHITE HANGING HEART T-LIGHT HOLDER,12,2011-05-15 11:35:00,2.95,16466.0,United Kingdom
553180,22178,VICTORIAN GLASS HANGING T-LIGHT,6,2011-05-15 11:35:00,1.25,16466.0,United Kingdom
553180,84949,SILVER HANGING T-LIGHT HOLDER,12,2011-05-15 11:35:00,1.65,16466.0,United Kingdom
553180,21314,SMALL GLASS HEART TRINKET POT,4,2011-05-15 11:35:00,2.1,16466.0,United Kingdom
553180,21326,AGED GLASS SILVER T-LIGHT HOLDER,12,2011-05-15 11:35:00,0.65,16466.0,United Kingdom
553180,85062,PEARL CRYSTAL PUMPKIN T-LIGHT HLDR,12,2011-05-15 11:35:00,1.65,16466.0,United Kingdom
553180,23298,SPOTTY BUNTING,2,2011-05-15 11:35:00,4.95,16466.0,United Kingdom
553180,21172,PARTY METAL SIGN ,1,2011-05-15 11:35:00,1.45,16466.0,United Kingdom
553180,85152,HAND OVER THE CHOCOLATE   SIGN ,2,2011-05-15 11:35:00,2.1,16466.0,United Kingdom
553180,84947,ANTIQUE SILVER TEA GLASS ENGRAVED,12,2011-05-15 11:35:00,1.25,16466.0,United Kingdom
553180,15056BL,EDWARDIAN PARASOL BLACK,1,2011-05-15 11:35:00,5.95,16466.0,United Kingdom
553180,84978,HANGING HEART JAR T-LIGHT HOLDER,6,2011-05-15 11:35:00,1.25,16466.0,United Kingdom
553180,22457,NATURAL SLATE HEART CHALKBOARD ,3,2011-05-15 11:35:00,2.95,16466.0,United Kingdom
553180,21745,GAOLERS KEYS DECORATIVE GARDEN ,4,2011-05-15 11:35:00,3.75,16466.0,United Kingdom
553181,23301,GARDENERS KNEELING PAD KEEP CALM ,12,2011-05-15 11:43:00,1.65,16168.0,United Kingdom
553181,23300,GARDENERS KNEELING PAD CUP OF TEA ,96,2011-05-15 11:43:00,1.45,16168.0,United Kingdom
553182,75049L,LARGE CIRCULAR MIRROR MOBILE,192,2011-05-15 12:21:00,0.85,17107.0,United Kingdom
553182,85123A,WHITE HANGING HEART T-LIGHT HOLDER,64,2011-05-15 12:21:00,2.55,17107.0,United Kingdom
553182,22178,VICTORIAN GLASS HANGING T-LIGHT,96,2011-05-15 12:21:00,1.06,17107.0,United Kingdom
553182,21754,HOME BUILDING BLOCK WORD,18,2011-05-15 12:21:00,5.45,17107.0,United Kingdom
553182,22660,DOORMAT I LOVE LONDON,10,2011-05-15 12:21:00,6.75,17107.0,United Kingdom
553182,23284,DOORMAT KEEP CALM AND COME IN,10,2011-05-15 12:21:00,6.75,17107.0,United Kingdom
553182,23283,DOORMAT VINTAGE LEAVES DESIGN ,10,2011-05-15 12:21:00,6.75,17107.0,United Kingdom
553182,21524,DOORMAT SPOTTY HOME SWEET HOME,10,2011-05-15 12:21:00,6.75,17107.0,United Kingdom
553182,48173C,DOORMAT BLACK FLOCK ,10,2011-05-15 12:21:00,6.75,17107.0,United Kingdom
553182,48138,DOORMAT UNION FLAG,10,2011-05-15 12:21:00,6.75,17107.0,United Kingdom
553182,21955,DOORMAT UNION JACK GUNS AND ROSES,10,2011-05-15 12:21:00,6.75,17107.0,United Kingdom
553182,48194,DOORMAT HEARTS,10,2011-05-15 12:21:00,6.75,17107.0,United Kingdom
553182,48111,DOORMAT 3 SMILEY CATS,10,2011-05-15 12:21:00,6.75,17107.0,United Kingdom
553182,20685,DOORMAT RED RETROSPOT,10,2011-05-15 12:21:00,6.75,17107.0,United Kingdom
553182,48184,DOORMAT ENGLISH ROSE ,10,2011-05-15 12:21:00,6.75,17107.0,United Kingdom
553182,22366,DOORMAT AIRMAIL ,10,2011-05-15 12:21:00,6.75,17107.0,United Kingdom
553182,22365,DOORMAT RESPECTABLE HOUSE,10,2011-05-15 12:21:00,6.75,17107.0,United Kingdom
553182,22414,DOORMAT NEIGHBOURHOOD WITCH ,10,2011-05-15 12:21:00,6.75,17107.0,United Kingdom
553182,22692,DOORMAT WELCOME TO OUR HOME,20,2011-05-15 12:21:00,6.75,17107.0,United Kingdom
553182,22383,LUNCH BAG SUKI DESIGN ,5,2011-05-15 12:21:00,1.65,17107.0,United Kingdom
553182,23209,LUNCH BAG DOILEY PATTERN ,8,2011-05-15 12:21:00,1.65,17107.0,United Kingdom
553182,22382,LUNCH BAG SPACEBOY DESIGN ,10,2011-05-15 12:21:00,1.65,17107.0,United Kingdom
553182,23206,LUNCH BAG APPLE DESIGN,10,2011-05-15 12:21:00,1.65,17107.0,United Kingdom
553182,20727,LUNCH BAG  BLACK SKULL.,10,2011-05-15 12:21:00,1.65,17107.0,United Kingdom
553182,20725,LUNCH BAG RED RETROSPOT,10,2011-05-15 12:21:00,1.65,17107.0,United Kingdom
553182,22662,LUNCH BAG DOLLY GIRL DESIGN,10,2011-05-15 12:21:00,1.65,17107.0,United Kingdom
553182,21933,PINK VINTAGE PAISLEY PICNIC BAG,2,2011-05-15 12:21:00,1.65,17107.0,United Kingdom
553182,21936,RED RETROSPOT PICNIC BAG,2,2011-05-15 12:21:00,2.95,17107.0,United Kingdom
553182,21937,STRAWBERRY   PICNIC BAG,2,2011-05-15 12:21:00,2.95,17107.0,United Kingdom
553182,23199,JUMBO BAG APPLES,10,2011-05-15 12:21:00,2.08,17107.0,United Kingdom
553182,21137,BLACK RECORD COVER FRAME,2,2011-05-15 12:21:00,3.75,17107.0,United Kingdom
553182,22041,"RECORD FRAME 7"" SINGLE SIZE ",2,2011-05-15 12:21:00,2.55,17107.0,United Kingdom
553182,21361,LOVE LARGE WOOD LETTERS ,1,2011-05-15 12:21:00,12.75,17107.0,United Kingdom
553182,23154,SET OF 4 JAM JAR MAGNETS,12,2011-05-15 12:21:00,2.08,17107.0,United Kingdom
553182,23158,SET OF 5 LUCKY CAT MAGNETS ,12,2011-05-15 12:21:00,2.08,17107.0,United Kingdom
553182,23159,SET OF 5 PANCAKE DAY MAGNETS,12,2011-05-15 12:21:00,2.08,17107.0,United Kingdom
553182,22925,BLUE GIANT GARDEN THERMOMETER,2,2011-05-15 12:21:00,5.95,17107.0,United Kingdom
553182,23301,GARDENERS KNEELING PAD KEEP CALM ,6,2011-05-15 12:21:00,1.65,17107.0,United Kingdom
553182,23300,GARDENERS KNEELING PAD CUP OF TEA ,6,2011-05-15 12:21:00,1.65,17107.0,United Kingdom
553182,23156,SET OF 5 MINI GROCERY MAGNETS,6,2011-05-15 12:21:00,2.08,17107.0,United Kingdom
553182,21224,SET/4 SKULL BADGES,1,2011-05-15 12:21:00,1.25,17107.0,United Kingdom
553182,21212,PACK OF 72 RETROSPOT CAKE CASES,1,2011-05-15 12:21:00,0.55,17107.0,United Kingdom
553182,22951,60 CAKE CASES DOLLY GIRL DESIGN,3,2011-05-15 12:21:00,0.55,17107.0,United Kingdom
553182,21977,PACK OF 60 PINK PAISLEY CAKE CASES,4,2011-05-15 12:21:00,0.55,17107.0,United Kingdom
553182,84970S,HANGING HEART ZINC T-LIGHT HOLDER,6,2011-05-15 12:21:00,0.85,17107.0,United Kingdom
553182,84970L,SINGLE HEART ZINC T-LIGHT HOLDER,6,2011-05-15 12:21:00,0.95,17107.0,United Kingdom
553182,23080,RED METAL BOX TOP SECRET,2,2011-05-15 12:21:00,8.25,17107.0,United Kingdom
553182,23081,GREEN METAL BOX ARMY SUPPLIES,2,2011-05-15 12:21:00,8.25,17107.0,United Kingdom
553182,22960,JAM MAKING SET WITH JARS,1,2011-05-15 12:21:00,4.25,17107.0,United Kingdom
553182,20848,ZINC HEART LATTICE CHARGER SMALL,4,2011-05-15 12:21:00,2.95,17107.0,United Kingdom
553182,23299,FOOD COVER WITH BEADS SET 2 ,3,2011-05-15 12:21:00,3.75,17107.0,United Kingdom
553182,23298,SPOTTY BUNTING,3,2011-05-15 12:21:00,4.95,17107.0,United Kingdom
553182,21683,MEDIUM MEDINA STAMPED METAL BOWL ,6,2011-05-15 12:21:00,2.95,17107.0,United Kingdom
553182,20754,RETROSPOT RED WASHING UP GLOVES,2,2011-05-15 12:21:00,2.1,17107.0,United Kingdom
553182,23082,SET 6 PAPER TABLE LANTERN HEARTS ,6,2011-05-15 12:21:00,3.75,17107.0,United Kingdom
553182,21876,POTTERING MUG,6,2011-05-15 12:21:00,1.25,17107.0,United Kingdom
553182,84836,ZINC METAL HEART DECORATION,12,2011-05-15 12:21:00,1.25,17107.0,United Kingdom
553182,22085,PAPER CHAIN KIT SKULLS ,2,2011-05-15 12:21:00,2.95,17107.0,United Kingdom
553182,22083,PAPER CHAIN KIT RETROSPOT,4,2011-05-15 12:21:00,2.95,17107.0,United Kingdom
553182,23171,REGENCY TEA PLATE GREEN ,6,2011-05-15 12:21:00,1.65,17107.0,United Kingdom
553182,21385,IVORY HANGING DECORATION  HEART,24,2011-05-15 12:21:00,0.85,17107.0,United Kingdom
553182,82580,BATHROOM METAL SIGN,3,2011-05-15 12:21:00,0.55,17107.0,United Kingdom
553182,82581,TOILET METAL SIGN,4,2011-05-15 12:21:00,0.55,17107.0,United Kingdom
553182,22671,FRENCH LAUNDRY SIGN BLUE METAL,1,2011-05-15 12:21:00,1.65,17107.0,United Kingdom
553182,22670,FRENCH WC SIGN BLUE METAL,4,2011-05-15 12:21:00,1.25,17107.0,United Kingdom
553182,17084R,ASSORTED INCENSE PACK,72,2011-05-15 12:21:00,0.21,17107.0,United Kingdom
553182,23182,TOILET SIGN OCCUPIED OR VACANT,24,2011-05-15 12:21:00,0.83,17107.0,United Kingdom
553182,21181,PLEASE ONE PERSON METAL SIGN,4,2011-05-15 12:21:00,2.1,17107.0,United Kingdom
553182,21907,I'M ON HOLIDAY METAL SIGN,3,2011-05-15 12:21:00,2.1,17107.0,United Kingdom
553182,21908,CHOCOLATE THIS WAY METAL SIGN,3,2011-05-15 12:21:00,2.1,17107.0,United Kingdom
553182,21905,MORE BUTTER METAL SIGN ,2,2011-05-15 12:21:00,2.1,17107.0,United Kingdom
553182,21169,YOU'RE CONFUSING ME METAL SIGN ,3,2011-05-15 12:21:00,1.69,17107.0,United Kingdom
553182,21174,POTTERING IN THE SHED METAL SIGN,4,2011-05-15 12:21:00,2.08,17107.0,United Kingdom
553182,21164,HOME SWEET HOME METAL SIGN ,2,2011-05-15 12:21:00,2.95,17107.0,United Kingdom
553182,82600,NO SINGING METAL SIGN,5,2011-05-15 12:21:00,2.1,17107.0,United Kingdom
553182,23194,GYMKHANA TREASURE BOOK BOX,4,2011-05-15 12:21:00,2.25,17107.0,United Kingdom
553182,22699,ROSES REGENCY TEACUP AND SAUCER ,2,2011-05-15 12:21:00,2.95,17107.0,United Kingdom
553182,21211,SET OF 72 SKULL PAPER  DOILIES,1,2011-05-15 12:21:00,1.45,17107.0,United Kingdom
553182,22416,SET OF 36 DOILIES SPACEBOY DESIGN ,2,2011-05-15 12:21:00,1.45,17107.0,United Kingdom
553182,22949,36 DOILIES DOLLY GIRL,3,2011-05-15 12:21:00,1.45,17107.0,United Kingdom
553182,23175,REGENCY MILK JUG PINK ,2,2011-05-15 12:21:00,3.25,17107.0,United Kingdom
553182,23173,REGENCY TEAPOT ROSES ,1,2011-05-15 12:21:00,9.95,17107.0,United Kingdom
553182,84987,SET OF 36 TEATIME PAPER DOILIES,6,2011-05-15 12:21:00,1.45,17107.0,United Kingdom
553182,21972,SET OF 36 DINOSAUR PAPER DOILIES,2,2011-05-15 12:21:00,1.45,17107.0,United Kingdom
553182,21211,SET OF 72 SKULL PAPER  DOILIES,1,2011-05-15 12:21:00,1.45,17107.0,United Kingdom
553182,23174,REGENCY SUGAR BOWL GREEN,2,2011-05-15 12:21:00,4.15,17107.0,United Kingdom
553182,23172,REGENCY TEA PLATE PINK,6,2011-05-15 12:21:00,1.65,17107.0,United Kingdom
553182,22697,GREEN REGENCY TEACUP AND SAUCER,2,2011-05-15 12:21:00,2.95,17107.0,United Kingdom
553182,22698,PINK REGENCY TEACUP AND SAUCER,2,2011-05-15 12:21:00,2.95,17107.0,United Kingdom
553182,23146,TRIPLE HOOK ANTIQUE IVORY ROSE,2,2011-05-15 12:21:00,3.29,17107.0,United Kingdom
553182,23163,REGENCY SUGAR TONGS,3,2011-05-15 12:21:00,2.49,17107.0,United Kingdom
553182,23162,REGENCY TEA STRAINER,1,2011-05-15 12:21:00,3.75,17107.0,United Kingdom
553182,51014A,"FEATHER PEN,HOT PINK",12,2011-05-15 12:21:00,0.85,17107.0,United Kingdom
553182,51014L,"FEATHER PEN,LIGHT PINK",12,2011-05-15 12:21:00,0.85,17107.0,United Kingdom
553182,23147,SINGLE ANTIQUE ROSE HOOK IVORY,4,2011-05-15 12:21:00,1.45,17107.0,United Kingdom
553182,23170,REGENCY TEA PLATE ROSES ,6,2011-05-15 12:21:00,1.65,17107.0,United Kingdom
553182,23109,LED TEA LIGHTS,6,2011-05-15 12:21:00,2.89,17107.0,United Kingdom
553182,23100,SILVER BELLS TABLE DECORATION,12,2011-05-15 12:21:00,1.25,17107.0,United Kingdom
553182,23102,SILVER HEARTS TABLE DECORATION,12,2011-05-15 12:21:00,0.83,17107.0,United Kingdom
553182,22644,CERAMIC CHERRY CAKE MONEY BANK,4,2011-05-15 12:21:00,1.45,17107.0,United Kingdom
553182,22646,CERAMIC STRAWBERRY CAKE MONEY BANK,4,2011-05-15 12:21:00,1.45,17107.0,United Kingdom
553182,23007, SPACEBOY BABY GIFT SET,1,2011-05-15 12:21:00,16.95,17107.0,United Kingdom
553182,23008,DOLLY GIRL BABY GIFT SET,1,2011-05-15 12:21:00,16.95,17107.0,United Kingdom
553182,21747,SMALL SKULL WINDMILL,1,2011-05-15 12:21:00,1.25,17107.0,United Kingdom
553183,21936,RED RETROSPOT PICNIC BAG,5,2011-05-15 12:31:00,2.95,16076.0,United Kingdom
553183,23298,SPOTTY BUNTING,3,2011-05-15 12:31:00,4.95,16076.0,United Kingdom
553183,22090,PAPER BUNTING RETROSPOT,6,2011-05-15 12:31:00,2.95,16076.0,United Kingdom
553183,22139,RETROSPOT TEA SET CERAMIC 11 PC ,12,2011-05-15 12:31:00,4.95,16076.0,United Kingdom
553183,22138,BAKING SET 9 PIECE RETROSPOT ,12,2011-05-15 12:31:00,4.95,16076.0,United Kingdom
553183,22617,BAKING SET SPACEBOY DESIGN,3,2011-05-15 12:31:00,4.95,16076.0,United Kingdom
553183,22230,JIGSAW TREE WITH WATERING CAN,12,2011-05-15 12:31:00,0.85,16076.0,United Kingdom
553183,22520,CHILDS GARDEN TROWEL BLUE ,12,2011-05-15 12:31:00,0.85,16076.0,United Kingdom
553183,22522,CHILDS GARDEN FORK BLUE ,12,2011-05-15 12:31:00,0.85,16076.0,United Kingdom
553183,22515,CHILDS GARDEN SPADE PINK,6,2011-05-15 12:31:00,2.1,16076.0,United Kingdom
553183,22514,CHILDS GARDEN SPADE BLUE,6,2011-05-15 12:31:00,2.1,16076.0,United Kingdom
553183,22517,CHILDS GARDEN RAKE PINK,6,2011-05-15 12:31:00,2.1,16076.0,United Kingdom
553183,22516,CHILDS GARDEN RAKE BLUE,6,2011-05-15 12:31:00,2.1,16076.0,United Kingdom
553183,22519,CHILDS GARDEN BRUSH PINK,6,2011-05-15 12:31:00,2.1,16076.0,United Kingdom
553183,21212,PACK OF 72 RETROSPOT CAKE CASES,24,2011-05-15 12:31:00,0.55,16076.0,United Kingdom
553183,22457,NATURAL SLATE HEART CHALKBOARD ,6,2011-05-15 12:31:00,2.95,16076.0,United Kingdom
553184,21314,SMALL GLASS HEART TRINKET POT,4,2011-05-15 12:33:00,2.1,13232.0,United Kingdom
553184,20726,LUNCH BAG WOODLAND,2,2011-05-15 12:33:00,1.65,13232.0,United Kingdom
553184,20725,LUNCH BAG RED RETROSPOT,1,2011-05-15 12:33:00,1.65,13232.0,United Kingdom
553184,22384,LUNCH BAG PINK POLKADOT,2,2011-05-15 12:33:00,1.65,13232.0,United Kingdom
553184,21524,DOORMAT SPOTTY HOME SWEET HOME,1,2011-05-15 12:33:00,7.95,13232.0,United Kingdom
553184,23284,DOORMAT KEEP CALM AND COME IN,1,2011-05-15 12:33:00,7.95,13232.0,United Kingdom
553184,48138,DOORMAT UNION FLAG,1,2011-05-15 12:33:00,7.95,13232.0,United Kingdom
553184,22382,LUNCH BAG SPACEBOY DESIGN ,2,2011-05-15 12:33:00,1.65,13232.0,United Kingdom
553184,20725,LUNCH BAG RED RETROSPOT,2,2011-05-15 12:33:00,1.65,13232.0,United Kingdom
553184,22637,PIGGY BANK RETROSPOT ,2,2011-05-15 12:33:00,2.55,13232.0,United Kingdom
553184,21174,POTTERING IN THE SHED METAL SIGN,2,2011-05-15 12:33:00,2.08,13232.0,United Kingdom
553184,21164,HOME SWEET HOME METAL SIGN ,1,2011-05-15 12:33:00,2.95,13232.0,United Kingdom
553184,21175,GIN + TONIC DIET METAL SIGN,1,2011-05-15 12:33:00,2.55,13232.0,United Kingdom
553184,21908,CHOCOLATE THIS WAY METAL SIGN,1,2011-05-15 12:33:00,2.1,13232.0,United Kingdom
553184,21172,PARTY METAL SIGN ,2,2011-05-15 12:33:00,1.45,13232.0,United Kingdom
553184,22853,CAT BOWL VINTAGE CREAM,1,2011-05-15 12:33:00,3.25,13232.0,United Kingdom
553184,21746,SMALL RED RETROSPOT WINDMILL,4,2011-05-15 12:33:00,1.25,13232.0,United Kingdom
553184,22196,SMALL HEART MEASURING SPOONS,5,2011-05-15 12:33:00,0.85,13232.0,United Kingdom
553184,21933,PINK VINTAGE PAISLEY PICNIC BAG,3,2011-05-15 12:33:00,1.65,13232.0,United Kingdom
553184,21937,STRAWBERRY   PICNIC BAG,2,2011-05-15 12:33:00,2.95,13232.0,United Kingdom
553184,21936,RED RETROSPOT PICNIC BAG,2,2011-05-15 12:33:00,2.95,13232.0,United Kingdom
553184,22969,HOMEMADE JAM SCENTED CANDLES,12,2011-05-15 12:33:00,1.45,13232.0,United Kingdom
553184,85184C,S/4 VALENTINE DECOUPAGE HEART BOX,1,2011-05-15 12:33:00,2.95,13232.0,United Kingdom
553184,84991,60 TEATIME FAIRY CAKE CASES,1,2011-05-15 12:33:00,0.55,13232.0,United Kingdom
553184,22193,RED DINER WALL CLOCK,1,2011-05-15 12:33:00,8.5,13232.0,United Kingdom
553184,22098,BOUDOIR SQUARE TISSUE BOX,3,2011-05-15 12:33:00,1.25,13232.0,United Kingdom
553184,23301,GARDENERS KNEELING PAD KEEP CALM ,2,2011-05-15 12:33:00,1.65,13232.0,United Kingdom
553184,21868,POTTING SHED TEA MUG,2,2011-05-15 12:33:00,1.25,13232.0,United Kingdom
553184,21787,RAIN PONCHO RETROSPOT,1,2011-05-15 12:33:00,0.85,13232.0,United Kingdom
553184,21786,POLKADOT RAIN HAT ,6,2011-05-15 12:33:00,0.42,13232.0,United Kingdom
553184,20754,RETROSPOT RED WASHING UP GLOVES,2,2011-05-15 12:33:00,2.1,13232.0,United Kingdom
553184,23254,CHILDRENS CUTLERY DOLLY GIRL ,1,2011-05-15 12:33:00,4.15,13232.0,United Kingdom
553184,21976,PACK OF 60 MUSHROOM CAKE CASES,1,2011-05-15 12:33:00,0.55,13232.0,United Kingdom
553184,22993,SET OF 4 PANTRY JELLY MOULDS,1,2011-05-15 12:33:00,1.25,13232.0,United Kingdom
553184,21212,PACK OF 72 RETROSPOT CAKE CASES,2,2011-05-15 12:33:00,0.55,13232.0,United Kingdom
553184,22845,VINTAGE CREAM CAT FOOD CONTAINER,1,2011-05-15 12:33:00,6.35,13232.0,United Kingdom
553184,22193,RED DINER WALL CLOCK,1,2011-05-15 12:33:00,8.5,13232.0,United Kingdom
553184,22191,IVORY DINER WALL CLOCK,2,2011-05-15 12:33:00,8.5,13232.0,United Kingdom
553184,22852,DOG BOWL VINTAGE CREAM,1,2011-05-15 12:33:00,4.25,13232.0,United Kingdom
553184,23190,BUNDLE OF 3 SCHOOL EXERCISE BOOKS  ,1,2011-05-15 12:33:00,1.65,13232.0,United Kingdom
553184,22501,PICNIC BASKET WICKER LARGE,1,2011-05-15 12:33:00,9.95,13232.0,United Kingdom
553184,22666,RECIPE BOX PANTRY YELLOW DESIGN,2,2011-05-15 12:33:00,2.95,13232.0,United Kingdom
553184,21080,SET/20 RED RETROSPOT PAPER NAPKINS ,4,2011-05-15 12:33:00,0.85,13232.0,United Kingdom
553184,22966,GINGERBREAD MAN COOKIE CUTTER,2,2011-05-15 12:33:00,1.25,13232.0,United Kingdom
553184,22502,PICNIC BASKET WICKER SMALL,1,2011-05-15 12:33:00,5.95,13232.0,United Kingdom
553184,22066,LOVE HEART TRINKET POT,2,2011-05-15 12:33:00,0.39,13232.0,United Kingdom
553184,22064,PINK DOUGHNUT TRINKET POT ,2,2011-05-15 12:33:00,1.65,13232.0,United Kingdom
553184,22131,FOOD CONTAINER SET 3 LOVE HEART ,3,2011-05-15 12:33:00,1.95,13232.0,United Kingdom
553184,23300,GARDENERS KNEELING PAD CUP OF TEA ,2,2011-05-15 12:33:00,1.65,13232.0,United Kingdom
553184,20914,SET/5 RED RETROSPOT LID GLASS BOWLS,3,2011-05-15 12:33:00,2.95,13232.0,United Kingdom
553184,22090,PAPER BUNTING RETROSPOT,2,2011-05-15 12:33:00,2.95,13232.0,United Kingdom
553184,22649,STRAWBERRY FAIRY CAKE TEAPOT,1,2011-05-15 12:33:00,4.95,13232.0,United Kingdom
553184,22727,ALARM CLOCK BAKELIKE RED ,3,2011-05-15 12:33:00,3.75,13232.0,United Kingdom
553184,84378,SET OF 3 HEART COOKIE CUTTERS,2,2011-05-15 12:33:00,1.25,13232.0,United Kingdom
553184,84380,SET OF 3 BUTTERFLY COOKIE CUTTERS,2,2011-05-15 12:33:00,1.25,13232.0,United Kingdom
553184,20682,RED RETROSPOT CHILDRENS UMBRELLA,1,2011-05-15 12:33:00,3.25,13232.0,United Kingdom
553184,85014B,RED RETROSPOT UMBRELLA,1,2011-05-15 12:33:00,5.95,13232.0,United Kingdom
553184,15056N,EDWARDIAN PARASOL NATURAL,2,2011-05-15 12:33:00,5.95,13232.0,United Kingdom
553184,20679,EDWARDIAN PARASOL RED,2,2011-05-15 12:33:00,5.95,13232.0,United Kingdom
553184,22847,BREAD BIN DINER STYLE IVORY,1,2011-05-15 12:33:00,16.95,13232.0,United Kingdom
553185,21792,CLASSIC FRENCH STYLE BASKET GREEN ,4,2011-05-15 12:35:00,3.95,17504.0,United Kingdom
553185,22158,3 HEARTS HANGING DECORATION RUSTIC,8,2011-05-15 12:35:00,2.95,17504.0,United Kingdom
553185,23133,LARGE IVORY HEART WALL ORGANISER,4,2011-05-15 12:35:00,8.25,17504.0,United Kingdom
553185,23142,IVORY WIRE KITCHEN ORGANISER,4,2011-05-15 12:35:00,10.4,17504.0,United Kingdom
553185,23147,SINGLE ANTIQUE ROSE HOOK IVORY,12,2011-05-15 12:35:00,1.45,17504.0,United Kingdom
553185,23148,MINIATURE ANTIQUE ROSE HOOK IVORY,24,2011-05-15 12:35:00,0.83,17504.0,United Kingdom
553185,22854,CREAM SWEETHEART EGG HOLDER,4,2011-05-15 12:35:00,4.95,17504.0,United Kingdom
553185,22595,GINGHAM HEART DECORATION,36,2011-05-15 12:35:00,0.85,17504.0,United Kingdom
553185,22267,EASTER DECORATION EGG BUNNY ,12,2011-05-15 12:35:00,1.25,17504.0,United Kingdom
553185,82484,WOOD BLACK BOARD ANT WHITE FINISH,6,2011-05-15 12:35:00,7.95,17504.0,United Kingdom
553185,84971S,SMALL HEART FLOWERS HOOK ,24,2011-05-15 12:35:00,0.85,17504.0,United Kingdom
553185,22079,RIBBON REEL HEARTS DESIGN ,5,2011-05-15 12:35:00,1.65,17504.0,United Kingdom
553185,22139,RETROSPOT TEA SET CERAMIC 11 PC ,1,2011-05-15 12:35:00,4.95,17504.0,United Kingdom
553185,22082,RIBBON REEL STRIPES DESIGN ,5,2011-05-15 12:35:00,1.65,17504.0,United Kingdom
553185,22561,WOODEN SCHOOL COLOURING SET,6,2011-05-15 12:35:00,1.65,17504.0,United Kingdom
553185,21385,IVORY HANGING DECORATION  HEART,24,2011-05-15 12:35:00,0.85,17504.0,United Kingdom
553185,22670,FRENCH WC SIGN BLUE METAL,24,2011-05-15 12:35:00,1.25,17504.0,United Kingdom
553185,23182,TOILET SIGN OCCUPIED OR VACANT,24,2011-05-15 12:35:00,0.83,17504.0,United Kingdom
553185,22266,EASTER DECORATION HANGING BUNNY,14,2011-05-15 12:35:00,0.65,17504.0,United Kingdom
553185,84347,ROTATING SILVER ANGELS T-LIGHT HLDR,48,2011-05-15 12:35:00,2.55,17504.0,United Kingdom
553185,71477,COLOUR GLASS. STAR T-LIGHT HOLDER,6,2011-05-15 12:35:00,3.25,17504.0,United Kingdom
553186,21870,I CAN ONLY PLEASE ONE PERSON MUG,12,2011-05-15 12:46:00,1.25,13183.0,United Kingdom
553186,21874,GIN AND TONIC MUG,12,2011-05-15 12:46:00,1.25,13183.0,United Kingdom
553186,82583,HOT BATHS METAL SIGN,72,2011-05-15 12:46:00,1.85,13183.0,United Kingdom
553186,82551,LAUNDRY 15C METAL SIGN,12,2011-05-15 12:46:00,1.45,13183.0,United Kingdom
553186,21166,COOK WITH WINE METAL SIGN ,48,2011-05-15 12:46:00,1.85,13183.0,United Kingdom
553186,21181,PLEASE ONE PERSON METAL SIGN,48,2011-05-15 12:46:00,1.85,13183.0,United Kingdom
553186,22670,FRENCH WC SIGN BLUE METAL,12,2011-05-15 12:46:00,1.25,13183.0,United Kingdom
553186,21272,SALLE DE BAIN HOOK,12,2011-05-15 12:46:00,1.25,13183.0,United Kingdom
553187,21213,PACK OF 72 SKULL CAKE CASES,10,2011-05-15 12:53:00,0.55,16809.0,United Kingdom
553187,22951,60 CAKE CASES DOLLY GIRL DESIGN,8,2011-05-15 12:53:00,0.55,16809.0,United Kingdom
553187,22417,PACK OF 60 SPACEBOY CAKE CASES,6,2011-05-15 12:53:00,0.55,16809.0,United Kingdom
553187,21975,PACK OF 60 DINOSAUR CAKE CASES,4,2011-05-15 12:53:00,0.55,16809.0,United Kingdom
553187,21212,PACK OF 72 RETROSPOT CAKE CASES,2,2011-05-15 12:53:00,0.55,16809.0,United Kingdom
553187,84992,72 SWEETHEART FAIRY CAKE CASES,10,2011-05-15 12:53:00,0.55,16809.0,United Kingdom
553187,21977,PACK OF 60 PINK PAISLEY CAKE CASES,10,2011-05-15 12:53:00,0.55,16809.0,United Kingdom
553187,84991,60 TEATIME FAIRY CAKE CASES,10,2011-05-15 12:53:00,0.55,16809.0,United Kingdom
553187,23207,LUNCH BAG ALPHABET DESIGN,10,2011-05-15 12:53:00,1.65,16809.0,United Kingdom
553187,23208,LUNCH BAG VINTAGE LEAF DESIGN,5,2011-05-15 12:53:00,1.65,16809.0,United Kingdom
553187,23209,LUNCH BAG DOILEY PATTERN ,5,2011-05-15 12:53:00,1.65,16809.0,United Kingdom
553187,23206,LUNCH BAG APPLE DESIGN,5,2011-05-15 12:53:00,1.65,16809.0,United Kingdom
553187,23203,JUMBO BAG DOILEY PATTERNS,5,2011-05-15 12:53:00,2.08,16809.0,United Kingdom
553187,23202,JUMBO BAG VINTAGE LEAF,5,2011-05-15 12:53:00,2.08,16809.0,United Kingdom
553187,23200,JUMBO BAG PEARS,5,2011-05-15 12:53:00,2.08,16809.0,United Kingdom
553187,23199,JUMBO BAG APPLES,5,2011-05-15 12:53:00,2.08,16809.0,United Kingdom
553187,48138,DOORMAT UNION FLAG,1,2011-05-15 12:53:00,7.95,16809.0,United Kingdom
553187,20717,STRAWBERRY SHOPPER BAG,2,2011-05-15 12:53:00,1.25,16809.0,United Kingdom
553187,20718,RED RETROSPOT SHOPPER BAG,2,2011-05-15 12:53:00,1.25,16809.0,United Kingdom
553188,84879,ASSORTED COLOUR BIRD ORNAMENT,24,2011-05-15 12:55:00,1.69,15379.0,United Kingdom
553188,22328,ROUND SNACK BOXES SET OF 4 FRUITS ,6,2011-05-15 12:55:00,2.95,15379.0,United Kingdom
553188,22384,LUNCH BAG PINK POLKADOT,10,2011-05-15 12:55:00,1.65,15379.0,United Kingdom
553188,85123A,WHITE HANGING HEART T-LIGHT HOLDER,12,2011-05-15 12:55:00,2.95,15379.0,United Kingdom
553188,23068,ALUMINIUM STAMPED HEART,8,2011-05-15 12:55:00,2.49,15379.0,United Kingdom
553188,22386,JUMBO BAG PINK POLKADOT,10,2011-05-15 12:55:00,2.08,15379.0,United Kingdom
553188,22381,TOY TIDY PINK POLKADOT,5,2011-05-15 12:55:00,2.1,15379.0,United Kingdom
553188,22383,LUNCH BAG SUKI DESIGN ,10,2011-05-15 12:55:00,1.65,15379.0,United Kingdom
553188,21931,JUMBO STORAGE BAG SUKI,10,2011-05-15 12:55:00,2.08,15379.0,United Kingdom
553188,22664,TOY TIDY DOLLY GIRL DESIGN,5,2011-05-15 12:55:00,2.1,15379.0,United Kingdom
553189,22928,YELLOW GIANT GARDEN THERMOMETER,1,2011-05-15 13:14:00,5.95,15033.0,United Kingdom
553189,22925,BLUE GIANT GARDEN THERMOMETER,1,2011-05-15 13:14:00,5.95,15033.0,United Kingdom
553189,22953,BIRTHDAY PARTY CORDON BARRIER TAPE,1,2011-05-15 13:14:00,1.25,15033.0,United Kingdom
553189,M,Manual,2,2011-05-15 13:14:00,1.65,15033.0,United Kingdom
553189,22293,HANGING CHICK GREEN DECORATION,2,2011-05-15 13:14:00,1.45,15033.0,United Kingdom
553189,22156,HEART DECORATION WITH PEARLS ,5,2011-05-15 13:14:00,0.85,15033.0,United Kingdom
553189,22291,HANGING CHICK CREAM DECORATION,4,2011-05-15 13:14:00,1.45,15033.0,United Kingdom
553189,23068,ALUMINIUM STAMPED HEART,1,2011-05-15 13:14:00,2.49,15033.0,United Kingdom
553189,22399,MAGNETS PACK OF 4 CHILDHOOD MEMORY,2,2011-05-15 13:14:00,1.25,15033.0,United Kingdom
553189,22396,MAGNETS PACK OF 4 RETRO PHOTO,3,2011-05-15 13:14:00,1.25,15033.0,United Kingdom
553189,22403,MAGNETS PACK OF 4 VINTAGE LABELS ,2,2011-05-15 13:14:00,1.25,15033.0,United Kingdom
553189,22400,MAGNETS PACK OF 4 HOME SWEET HOME,2,2011-05-15 13:14:00,1.25,15033.0,United Kingdom
553189,22402,MAGNETS PACK OF 4 VINTAGE COLLAGE,2,2011-05-15 13:14:00,1.25,15033.0,United Kingdom
553189,21124,SET/10 BLUE POLKADOT PARTY CANDLES,1,2011-05-15 13:14:00,1.25,15033.0,United Kingdom
553189,22211,WOOD STAMP SET FLOWERS,2,2011-05-15 13:14:00,1.65,15033.0,United Kingdom
553189,22210,WOOD STAMP SET BEST WISHES,2,2011-05-15 13:14:00,1.65,15033.0,United Kingdom
553189,22208,WOOD STAMP SET THANK YOU,2,2011-05-15 13:14:00,1.65,15033.0,United Kingdom
553189,22209,WOOD STAMP SET HAPPY BIRTHDAY,2,2011-05-15 13:14:00,1.65,15033.0,United Kingdom
553189,23136,IVORY WIRE SWEETHEART LETTER TRAY,2,2011-05-15 13:14:00,3.75,15033.0,United Kingdom
553189,23300,GARDENERS KNEELING PAD CUP OF TEA ,2,2011-05-15 13:14:00,1.65,15033.0,United Kingdom
553189,23301,GARDENERS KNEELING PAD KEEP CALM ,2,2011-05-15 13:14:00,1.65,15033.0,United Kingdom
553189,47591D,PINK FAIRY CAKE CHILDRENS APRON,2,2011-05-15 13:14:00,1.95,15033.0,United Kingdom
553189,22367,CHILDRENS APRON SPACEBOY DESIGN,1,2011-05-15 13:14:00,1.95,15033.0,United Kingdom
553189,22899,CHILDREN'S APRON DOLLY GIRL ,2,2011-05-15 13:14:00,2.1,15033.0,United Kingdom
553189,22456,NATURAL SLATE CHALKBOARD LARGE ,1,2011-05-15 13:14:00,4.95,15033.0,United Kingdom
553189,37500,TEA TIME TEAPOT IN GIFT BOX,1,2011-05-15 13:14:00,4.95,15033.0,United Kingdom
553189,85152,HAND OVER THE CHOCOLATE   SIGN ,1,2011-05-15 13:14:00,2.1,15033.0,United Kingdom
553189,22423,REGENCY CAKESTAND 3 TIER,2,2011-05-15 13:14:00,12.75,15033.0,United Kingdom
553189,21172,PARTY METAL SIGN ,3,2011-05-15 13:14:00,1.45,15033.0,United Kingdom
553189,21907,I'M ON HOLIDAY METAL SIGN,1,2011-05-15 13:14:00,2.1,15033.0,United Kingdom
553189,21908,CHOCOLATE THIS WAY METAL SIGN,1,2011-05-15 13:14:00,2.1,15033.0,United Kingdom
553189,22558,CLOTHES PEGS RETROSPOT PACK 24 ,5,2011-05-15 13:14:00,1.65,15033.0,United Kingdom
553189,23068,ALUMINIUM STAMPED HEART,2,2011-05-15 13:14:00,2.49,15033.0,United Kingdom
553189,21389,IVORY HANGING DECORATION  BIRD,5,2011-05-15 13:14:00,0.85,15033.0,United Kingdom
553189,82613A,"METAL SIGN,CUPCAKE SINGLE HOOK",3,2011-05-15 13:14:00,1.25,15033.0,United Kingdom
553189,82613B,"METAL SIGN,CUPCAKE SINGLE HOOK",3,2011-05-15 13:14:00,1.25,15033.0,United Kingdom
553189,82613D,METAL SIGN CUPCAKE SINGLE HOOK,3,2011-05-15 13:14:00,1.25,15033.0,United Kingdom
553189,21843,RED RETROSPOT CAKE STAND,2,2011-05-15 13:14:00,10.95,15033.0,United Kingdom
553189,20752,BLUE POLKADOT WASHING UP GLOVES,2,2011-05-15 13:14:00,2.1,15033.0,United Kingdom
553189,20754,RETROSPOT RED WASHING UP GLOVES,2,2011-05-15 13:14:00,2.1,15033.0,United Kingdom
553189,20751,FUNKY WASHING UP GLOVES ASSORTED,2,2011-05-15 13:14:00,2.1,15033.0,United Kingdom
553189,23206,LUNCH BAG APPLE DESIGN,2,2011-05-15 13:14:00,1.65,15033.0,United Kingdom
553189,21359,RELAX LARGE WOOD LETTERS,2,2011-05-15 13:14:00,15.95,15033.0,United Kingdom
553189,21360,JOY LARGE WOOD LETTERS,1,2011-05-15 13:14:00,3.95,15033.0,United Kingdom
553189,21364,PEACE SMALL WOOD LETTERS,1,2011-05-15 13:14:00,6.75,15033.0,United Kingdom
553189,21936,RED RETROSPOT PICNIC BAG,2,2011-05-15 13:14:00,2.95,15033.0,United Kingdom
553189,21462,"NURSERY A,B,C PAINTED LETTERS",1,2011-05-15 13:14:00,6.75,15033.0,United Kingdom
553189,84879,ASSORTED COLOUR BIRD ORNAMENT,8,2011-05-15 13:14:00,1.69,15033.0,United Kingdom
553189,23061,VINTAGE EMBOSSED HEART,6,2011-05-15 13:14:00,1.25,15033.0,United Kingdom
553189,22778,GLASS CLOCHE SMALL,3,2011-05-15 13:14:00,3.95,15033.0,United Kingdom
553189,20914,SET/5 RED RETROSPOT LID GLASS BOWLS,3,2011-05-15 13:14:00,2.95,15033.0,United Kingdom
553189,21715,GIRLS VINTAGE TIN SEASIDE BUCKET,2,2011-05-15 13:14:00,2.55,15033.0,United Kingdom
553189,21716,BOYS VINTAGE TIN SEASIDE BUCKET,2,2011-05-15 13:14:00,2.55,15033.0,United Kingdom
553189,21718,RED METAL BEACH SPADE ,3,2011-05-15 13:14:00,1.25,15033.0,United Kingdom
553189,21790,VINTAGE SNAP CARDS,3,2011-05-15 13:14:00,0.85,15033.0,United Kingdom
553189,21124,SET/10 BLUE POLKADOT PARTY CANDLES,2,2011-05-15 13:14:00,1.25,15033.0,United Kingdom
553189,21121,SET/10 RED POLKADOT PARTY CANDLES,3,2011-05-15 13:14:00,1.25,15033.0,United Kingdom
553189,21122,SET/10 PINK POLKADOT PARTY CANDLES,3,2011-05-15 13:14:00,1.25,15033.0,United Kingdom
553189,22748,POPPY'S PLAYHOUSE KITCHEN,2,2011-05-15 13:14:00,2.1,15033.0,United Kingdom
553189,22745,POPPY'S PLAYHOUSE BEDROOM ,2,2011-05-15 13:14:00,2.1,15033.0,United Kingdom
553189,22746,POPPY'S PLAYHOUSE LIVINGROOM ,2,2011-05-15 13:14:00,2.1,15033.0,United Kingdom
553189,21892,TRADITIONAL WOODEN CATCH CUP GAME ,3,2011-05-15 13:14:00,1.25,15033.0,United Kingdom
553189,22620,4 TRADITIONAL SPINNING TOPS,3,2011-05-15 13:14:00,1.45,15033.0,United Kingdom
553189,22906,12 MESSAGE CARDS WITH ENVELOPES,4,2011-05-15 13:14:00,1.65,15033.0,United Kingdom
553189,22619,SET OF 6 SOLDIER SKITTLES,3,2011-05-15 13:14:00,3.75,15033.0,United Kingdom
553189,21380,WOODEN HAPPY BIRTHDAY GARLAND,3,2011-05-15 13:14:00,2.95,15033.0,United Kingdom
553189,21889,WOODEN BOX OF DOMINOES,3,2011-05-15 13:14:00,1.25,15033.0,United Kingdom
553189,22549,PICTURE DOMINOES,2,2011-05-15 13:14:00,1.45,15033.0,United Kingdom
553189,21791,VINTAGE HEADS AND TAILS CARD GAME ,1,2011-05-15 13:14:00,1.25,15033.0,United Kingdom
553189,22548,HEADS AND TAILS SPORTING FUN,1,2011-05-15 13:14:00,1.25,15033.0,United Kingdom
553189,21447,12 IVORY ROSE PEG PLACE SETTINGS,3,2011-05-15 13:14:00,1.25,15033.0,United Kingdom
553189,21446,12 RED ROSE PEG PLACE SETTINGS,3,2011-05-15 13:14:00,1.25,15033.0,United Kingdom
553189,85214,TUB 24 PINK FLOWER PEGS,2,2011-05-15 13:14:00,1.65,15033.0,United Kingdom
553189,21891,TRADITIONAL WOODEN SKIPPING ROPE,3,2011-05-15 13:14:00,1.45,15033.0,United Kingdom
553189,23207,LUNCH BAG ALPHABET DESIGN,2,2011-05-15 13:14:00,1.65,15033.0,United Kingdom
553189,21937,STRAWBERRY   PICNIC BAG,2,2011-05-15 13:14:00,2.95,15033.0,United Kingdom
553189,21933,PINK VINTAGE PAISLEY PICNIC BAG,6,2011-05-15 13:14:00,1.65,15033.0,United Kingdom
553189,20725,LUNCH BAG RED RETROSPOT,2,2011-05-15 13:14:00,1.65,15033.0,United Kingdom
553189,20728,LUNCH BAG CARS BLUE,2,2011-05-15 13:14:00,1.65,15033.0,United Kingdom
553189,22662,LUNCH BAG DOLLY GIRL DESIGN,1,2011-05-15 13:14:00,1.65,15033.0,United Kingdom
553190,21896,POTTING SHED TWINE,1,2011-05-15 13:14:00,2.1,15164.0,United Kingdom
553190,23068,ALUMINIUM STAMPED HEART,2,2011-05-15 13:14:00,2.49,15164.0,United Kingdom
553190,22296,HEART IVORY TRELLIS LARGE,1,2011-05-15 13:14:00,1.65,15164.0,United Kingdom
553190,85062,PEARL CRYSTAL PUMPKIN T-LIGHT HLDR,3,2011-05-15 13:14:00,1.65,15164.0,United Kingdom
553190,84970L,SINGLE HEART ZINC T-LIGHT HOLDER,3,2011-05-15 13:14:00,0.95,15164.0,United Kingdom
553190,20846,ZINC HEART LATTICE T-LIGHT HOLDER,3,2011-05-15 13:14:00,1.25,15164.0,United Kingdom
553190,23131,MISTLETOE HEART WREATH CREAM,2,2011-05-15 13:14:00,4.15,15164.0,United Kingdom
553190,23130,MISTLETOE HEART WREATH GREEN,2,2011-05-15 13:14:00,4.15,15164.0,United Kingdom
553190,21476,STEEL SWEETHEART ROUND TABLE CREAM,1,2011-05-15 13:14:00,14.95,15164.0,United Kingdom
553190,23301,GARDENERS KNEELING PAD KEEP CALM ,1,2011-05-15 13:14:00,1.65,15164.0,United Kingdom
553190,23300,GARDENERS KNEELING PAD CUP OF TEA ,1,2011-05-15 13:14:00,1.65,15164.0,United Kingdom
553190,84974,S/2 ZINC HEART DESIGN PLANTERS,1,2011-05-15 13:14:00,9.95,15164.0,United Kingdom
553190,23096,PETIT TRAY CHIC,3,2011-05-15 13:14:00,1.65,15164.0,United Kingdom
553190,85214,TUB 24 PINK FLOWER PEGS,2,2011-05-15 13:14:00,1.65,15164.0,United Kingdom
553190,23106,ZINC HEARTS PLANT POT HOLDER,2,2011-05-15 13:14:00,2.89,15164.0,United Kingdom
553190,22457,NATURAL SLATE HEART CHALKBOARD ,3,2011-05-15 13:14:00,2.95,15164.0,United Kingdom
553190,84789,ENCHANTED BIRD PLANT CAGE,3,2011-05-15 13:14:00,3.75,15164.0,United Kingdom
553190,84879,ASSORTED COLOUR BIRD ORNAMENT,8,2011-05-15 13:14:00,1.69,15164.0,United Kingdom
553190,22925,BLUE GIANT GARDEN THERMOMETER,1,2011-05-15 13:14:00,5.95,15164.0,United Kingdom
553190,22227,HANGING HEART MIRROR DECORATION ,2,2011-05-15 13:14:00,0.65,15164.0,United Kingdom
553190,22219,LOVEBIRD HANGING DECORATION WHITE ,3,2011-05-15 13:14:00,0.85,15164.0,United Kingdom
553190,21714,CITRONELLA CANDLE GARDEN POT,3,2011-05-15 13:14:00,1.25,15164.0,United Kingdom
553190,21870,I CAN ONLY PLEASE ONE PERSON MUG,1,2011-05-15 13:14:00,1.25,15164.0,United Kingdom
553190,21876,POTTERING MUG,1,2011-05-15 13:14:00,1.25,15164.0,United Kingdom
553190,21871,SAVE THE PLANET MUG,1,2011-05-15 13:14:00,1.25,15164.0,United Kingdom
553190,21868,POTTING SHED TEA MUG,2,2011-05-15 13:14:00,1.25,15164.0,United Kingdom
553190,21136,PAINTED METAL PEARS ASSORTED,5,2011-05-15 13:14:00,1.69,15164.0,United Kingdom
553190,22478,BIRDHOUSE GARDEN MARKER ,1,2011-05-15 13:14:00,1.25,15164.0,United Kingdom
553190,22479,DAISY GARDEN MARKER,1,2011-05-15 13:14:00,1.25,15164.0,United Kingdom
553190,22477,WATERING CAN GARDEN MARKER,1,2011-05-15 13:14:00,1.25,15164.0,United Kingdom
553190,23091,ZINC HERB GARDEN CONTAINER,2,2011-05-15 13:14:00,6.25,15164.0,United Kingdom
553190,84879,ASSORTED COLOUR BIRD ORNAMENT,4,2011-05-15 13:14:00,1.69,15164.0,United Kingdom
553190,21385,IVORY HANGING DECORATION  HEART,3,2011-05-15 13:14:00,0.85,15164.0,United Kingdom
553190,22297,HEART IVORY TRELLIS SMALL,3,2011-05-15 13:14:00,1.25,15164.0,United Kingdom
553190,22294,HEART FILIGREE DOVE  SMALL,4,2011-05-15 13:14:00,1.25,15164.0,United Kingdom
553190,22295,HEART FILIGREE DOVE LARGE,3,2011-05-15 13:14:00,1.65,15164.0,United Kingdom
553190,21390,FILIGRIS HEART WITH BUTTERFLY,4,2011-05-15 13:14:00,1.25,15164.0,United Kingdom
553190,35972,DAISY FOLKART HEART DECORATION,2,2011-05-15 13:14:00,1.25,15164.0,United Kingdom
553190,35971,ROSE FOLKART HEART DECORATIONS,3,2011-05-15 13:14:00,1.25,15164.0,United Kingdom
553190,22296,HEART IVORY TRELLIS LARGE,2,2011-05-15 13:14:00,1.65,15164.0,United Kingdom
553191,22925,BLUE GIANT GARDEN THERMOMETER,4,2011-05-15 13:22:00,5.95,13118.0,United Kingdom
553191,22927,GREEN GIANT GARDEN THERMOMETER,4,2011-05-15 13:22:00,5.95,13118.0,United Kingdom
553191,22928,YELLOW GIANT GARDEN THERMOMETER,4,2011-05-15 13:22:00,5.95,13118.0,United Kingdom
553191,79191B,RETRO PLASTIC POLKA TRAY,1,2011-05-15 13:22:00,0.85,13118.0,United Kingdom
553191,79190B,RETRO PLASTIC POLKA TRAY,2,2011-05-15 13:22:00,0.42,13118.0,United Kingdom
553191,85214,TUB 24 PINK FLOWER PEGS,1,2011-05-15 13:22:00,1.65,13118.0,United Kingdom
553191,84535B,FAIRY CAKES NOTEBOOK A6 SIZE,1,2011-05-15 13:22:00,0.65,13118.0,United Kingdom
553191,75049L,LARGE CIRCULAR MIRROR MOBILE,3,2011-05-15 13:22:00,1.25,13118.0,United Kingdom
553191,23172,REGENCY TEA PLATE PINK,3,2011-05-15 13:22:00,1.65,13118.0,United Kingdom
553191,23171,REGENCY TEA PLATE GREEN ,3,2011-05-15 13:22:00,1.65,13118.0,United Kingdom
553191,23170,REGENCY TEA PLATE ROSES ,3,2011-05-15 13:22:00,1.65,13118.0,United Kingdom
553191,22698,PINK REGENCY TEACUP AND SAUCER,3,2011-05-15 13:22:00,2.95,13118.0,United Kingdom
553191,22699,ROSES REGENCY TEACUP AND SAUCER ,3,2011-05-15 13:22:00,2.95,13118.0,United Kingdom
553191,22697,GREEN REGENCY TEACUP AND SAUCER,3,2011-05-15 13:22:00,2.95,13118.0,United Kingdom
553191,23091,ZINC HERB GARDEN CONTAINER,12,2011-05-15 13:22:00,5.39,13118.0,United Kingdom
553192,20969,RED FLORAL FELTCRAFT SHOULDER BAG,6,2011-05-15 13:27:00,3.75,15333.0,United Kingdom
553192,20967,GREY FLORAL FELTCRAFT SHOULDER BAG,3,2011-05-15 13:27:00,3.75,15333.0,United Kingdom
553192,22566,FELTCRAFT HAIRBAND PINK AND PURPLE,12,2011-05-15 13:27:00,0.85,15333.0,United Kingdom
553192,20970,PINK FLORAL FELTCRAFT SHOULDER BAG,6,2011-05-15 13:27:00,3.75,15333.0,United Kingdom
553192,20971,PINK BLUE FELT CRAFT TRINKET BOX,12,2011-05-15 13:27:00,1.25,15333.0,United Kingdom
553192,20972,PINK CREAM FELT CRAFT TRINKET BOX ,24,2011-05-15 13:27:00,1.25,15333.0,United Kingdom
553192,22569,FELTCRAFT CUSHION BUTTERFLY,6,2011-05-15 13:27:00,3.75,15333.0,United Kingdom
553192,22568,FELTCRAFT CUSHION OWL,1,2011-05-15 13:27:00,3.75,15333.0,United Kingdom
553192,22274,FELTCRAFT DOLL EMILY,10,2011-05-15 13:27:00,2.95,15333.0,United Kingdom
553192,22272,FELTCRAFT DOLL MARIA,6,2011-05-15 13:27:00,2.95,15333.0,United Kingdom
553192,22273,FELTCRAFT DOLL MOLLY,18,2011-05-15 13:27:00,2.95,15333.0,United Kingdom
553192,22749,FELTCRAFT PRINCESS CHARLOTTE DOLL,48,2011-05-15 13:27:00,3.39,15333.0,United Kingdom
553192,22751,FELTCRAFT PRINCESS OLIVIA DOLL,48,2011-05-15 13:27:00,3.39,15333.0,United Kingdom
553192,22750,FELTCRAFT PRINCESS LOLA DOLL,48,2011-05-15 13:27:00,3.39,15333.0,United Kingdom
553192,22940,FELTCRAFT CHRISTMAS FAIRY,48,2011-05-15 13:27:00,3.75,15333.0,United Kingdom
553192,22271,FELTCRAFT DOLL ROSIE,48,2011-05-15 13:27:00,2.55,15333.0,United Kingdom
553193,22762,CUPBOARD 3 DRAWER MA CAMPAGNE,2,2011-05-15 13:31:00,14.95,15081.0,United Kingdom
553193,84970S,HANGING HEART ZINC T-LIGHT HOLDER,12,2011-05-15 13:31:00,0.85,15081.0,United Kingdom
553193,85123A,WHITE HANGING HEART T-LIGHT HOLDER,6,2011-05-15 13:31:00,2.95,15081.0,United Kingdom
553193,23144,ZINC T-LIGHT HOLDER STARS SMALL,12,2011-05-15 13:31:00,0.83,15081.0,United Kingdom
553193,23145,ZINC T-LIGHT HOLDER STAR LARGE,12,2011-05-15 13:31:00,0.95,15081.0,United Kingdom
553193,22427,ENAMEL FLOWER JUG CREAM,3,2011-05-15 13:31:00,5.95,15081.0,United Kingdom
553193,22487,WHITE WOOD GARDEN PLANT LADDER,1,2011-05-15 13:31:00,9.95,15081.0,United Kingdom
553193,23093,SMALL PARISIENNE HEART PHOTO FRAME ,6,2011-05-15 13:31:00,2.49,15081.0,United Kingdom
553193,23112,PARISIENNE CURIO CABINET,2,2011-05-15 13:31:00,7.5,15081.0,United Kingdom
553194,22561,WOODEN SCHOOL COLOURING SET,6,2011-05-15 13:37:00,1.65,16283.0,United Kingdom
553194,21508,VINTAGE KID DOLLY CARD ,12,2011-05-15 13:37:00,0.42,16283.0,United Kingdom
553194,21507,"ELEPHANT, BIRTHDAY CARD, ",12,2011-05-15 13:37:00,0.42,16283.0,United Kingdom
553194,21509,COWBOYS AND INDIANS BIRTHDAY CARD ,12,2011-05-15 13:37:00,0.42,16283.0,United Kingdom
553194,47594B,SCOTTIES DESIGN WASHBAG,3,2011-05-15 13:37:00,1.95,16283.0,United Kingdom
553194,47594A,CAROUSEL DESIGN WASHBAG,3,2011-05-15 13:37:00,1.95,16283.0,United Kingdom
553194,21242,RED RETROSPOT PLATE ,8,2011-05-15 13:37:00,1.69,16283.0,United Kingdom
553194,21244,BLUE POLKADOT PLATE ,12,2011-05-15 13:37:00,1.69,16283.0,United Kingdom
553194,21238,RED RETROSPOT CUP,8,2011-05-15 13:37:00,0.85,16283.0,United Kingdom
553194,21240,BLUE POLKADOT CUP,8,2011-05-15 13:37:00,0.85,16283.0,United Kingdom
553194,22433,WATERING CAN GREEN DINOSAUR,3,2011-05-15 13:37:00,1.95,16283.0,United Kingdom
553194,22431,WATERING CAN BLUE ELEPHANT,3,2011-05-15 13:37:00,1.95,16283.0,United Kingdom
553194,22432,WATERING CAN PINK BUNNY,3,2011-05-15 13:37:00,1.95,16283.0,United Kingdom
553194,84673A,PINK FLY SWAT,1,2011-05-15 13:37:00,0.65,16283.0,United Kingdom
553194,22467,GUMBALL COAT RACK,3,2011-05-15 13:37:00,2.55,16283.0,United Kingdom
553194,22212,FOUR HOOK  WHITE LOVEBIRDS,3,2011-05-15 13:37:00,2.1,16283.0,United Kingdom
553194,72800D,4 BLUE DINNER CANDLES SILVER FLOCK,1,2011-05-15 13:37:00,2.55,16283.0,United Kingdom
553194,72800C,4 PINK DINNER CANDLE SILVER FLOCK,1,2011-05-15 13:37:00,2.55,16283.0,United Kingdom
553194,72800B, 4 PURPLE FLOCK DINNER CANDLES,1,2011-05-15 13:37:00,2.55,16283.0,United Kingdom
553194,85124B,BLUE JUICY FRUIT PHOTO FRAME,3,2011-05-15 13:37:00,2.55,16283.0,United Kingdom
553194,85124C,GREEN JUICY FRUIT PHOTO FRAME,3,2011-05-15 13:37:00,2.55,16283.0,United Kingdom
553194,22197,SMALL POPCORN HOLDER,10,2011-05-15 13:37:00,0.85,16283.0,United Kingdom
553194,84828,JUNGLE POPSICLES ICE LOLLY MOULDS,6,2011-05-15 13:37:00,1.25,16283.0,United Kingdom
553194,22429,ENAMEL MEASURING JUG CREAM,3,2011-05-15 13:37:00,4.25,16283.0,United Kingdom
553194,22376,AIRLINE BAG VINTAGE JET SET WHITE,1,2011-05-15 13:37:00,4.25,16283.0,United Kingdom
553194,22374,AIRLINE BAG VINTAGE JET SET RED,1,2011-05-15 13:37:00,4.25,16283.0,United Kingdom
553194,71279,PINK GLASS CANDLEHOLDER,6,2011-05-15 13:37:00,2.95,16283.0,United Kingdom
553194,84375,SET OF 20 KIDS COOKIE CUTTERS,3,2011-05-15 13:37:00,2.1,16283.0,United Kingdom
553194,23084,RABBIT NIGHT LIGHT,3,2011-05-15 13:37:00,2.08,16283.0,United Kingdom
553194,22991,GIRAFFE WOODEN RULER,3,2011-05-15 13:37:00,1.95,16283.0,United Kingdom
553194,22992,REVOLVER WOODEN RULER ,3,2011-05-15 13:37:00,1.95,16283.0,United Kingdom
553194,23190,BUNDLE OF 3 SCHOOL EXERCISE BOOKS  ,6,2011-05-15 13:37:00,1.65,16283.0,United Kingdom
553194,23052,RECYCLED ACAPULCO MAT TURQUOISE,1,2011-05-15 13:37:00,8.25,16283.0,United Kingdom
553194,23051,RECYCLED ACAPULCO MAT BLUE,1,2011-05-15 13:37:00,8.25,16283.0,United Kingdom
553194,23050,RECYCLED ACAPULCO MAT GREEN,2,2011-05-15 13:37:00,8.25,16283.0,United Kingdom
553194,23049,RECYCLED ACAPULCO MAT RED,2,2011-05-15 13:37:00,8.25,16283.0,United Kingdom
553195,21086,SET/6 RED SPOTTY PAPER CUPS,24,2011-05-15 13:45:00,0.65,12599.0,France
553195,21094,SET/6 RED SPOTTY PAPER PLATES,12,2011-05-15 13:45:00,0.85,12599.0,France
553195,21121,SET/10 RED POLKADOT PARTY CANDLES,24,2011-05-15 13:45:00,1.25,12599.0,France
553195,21988,PACK OF 6 SKULL PAPER PLATES,12,2011-05-15 13:45:00,0.85,12599.0,France
553195,22437,SET OF 9 BLACK SKULL BALLOONS,20,2011-05-15 13:45:00,0.85,12599.0,France
553195,21746,SMALL RED RETROSPOT WINDMILL,12,2011-05-15 13:45:00,1.25,12599.0,France
553195,21989,PACK OF 20 SKULL PAPER NAPKINS,12,2011-05-15 13:45:00,0.85,12599.0,France
553195,22435,SET OF 9 HEART SHAPED BALLOONS,12,2011-05-15 13:45:00,1.25,12599.0,France
553195,22908,PACK OF 20 NAPKINS RED APPLES,12,2011-05-15 13:45:00,0.85,12599.0,France
553195,POST,POSTAGE,1,2011-05-15 13:45:00,18.0,12599.0,France
553196,22476,EMPIRE UNION JACK TV DINNER TRAY,1,2011-05-15 14:15:00,4.95,17114.0,United Kingdom
553196,22507,MEMO BOARD RETROSPOT  DESIGN,1,2011-05-15 14:15:00,4.95,17114.0,United Kingdom
553196,21539,RED RETROSPOT BUTTER DISH,1,2011-05-15 14:15:00,4.95,17114.0,United Kingdom
553196,22847,BREAD BIN DINER STYLE IVORY,1,2011-05-15 14:15:00,16.95,17114.0,United Kingdom
553196,82484,WOOD BLACK BOARD ANT WHITE FINISH,1,2011-05-15 14:15:00,7.95,17114.0,United Kingdom
553196,21755,LOVE BUILDING BLOCK WORD,1,2011-05-15 14:15:00,5.95,17114.0,United Kingdom
553197,21034,REX CASH+CARRY JUMBO SHOPPER,1,2011-05-15 14:32:00,0.95,17263.0,United Kingdom
553197,85053,FRENCH ENAMEL CANDLEHOLDER,2,2011-05-15 14:32:00,2.1,17263.0,United Kingdom
553197,22999,TRAVEL CARD WALLET RETRO PETALS,2,2011-05-15 14:32:00,0.42,17263.0,United Kingdom
553197,23002,TRAVEL CARD WALLET SKULLS,1,2011-05-15 14:32:00,0.42,17263.0,United Kingdom
553197,22998,TRAVEL CARD WALLET KEEP CALM,2,2011-05-15 14:32:00,0.42,17263.0,United Kingdom
553197,23000,TRAVEL CARD WALLET TRANSPORT,2,2011-05-15 14:32:00,0.42,17263.0,United Kingdom
553197,23003,TRAVEL CARD WALLET VINTAGE ROSE ,1,2011-05-15 14:32:00,0.42,17263.0,United Kingdom
553197,22994,TRAVEL CARD WALLET RETROSPOT,2,2011-05-15 14:32:00,0.42,17263.0,United Kingdom
553197,22727,ALARM CLOCK BAKELIKE RED ,1,2011-05-15 14:32:00,3.75,17263.0,United Kingdom
553197,22729,ALARM CLOCK BAKELIKE ORANGE,1,2011-05-15 14:32:00,3.75,17263.0,United Kingdom
553197,22725,ALARM CLOCK BAKELIKE CHOCOLATE,1,2011-05-15 14:32:00,3.75,17263.0,United Kingdom
553197,22804,CANDLEHOLDER PINK HANGING HEART,1,2011-05-15 14:32:00,2.95,17263.0,United Kingdom
553197,21733,RED HANGING HEART T-LIGHT HOLDER,2,2011-05-15 14:32:00,2.95,17263.0,United Kingdom
553197,85123A,WHITE HANGING HEART T-LIGHT HOLDER,2,2011-05-15 14:32:00,2.95,17263.0,United Kingdom
553197,21670,BLUE SPOT CERAMIC DRAWER KNOB,4,2011-05-15 14:32:00,1.25,17263.0,United Kingdom
553197,21669,BLUE STRIPE CERAMIC DRAWER KNOB,2,2011-05-15 14:32:00,1.25,17263.0,United Kingdom
553197,21671,RED SPOT CERAMIC DRAWER KNOB,2,2011-05-15 14:32:00,1.25,17263.0,United Kingdom
553197,21668,RED STRIPE CERAMIC DRAWER KNOB,2,2011-05-15 14:32:00,1.25,17263.0,United Kingdom
553197,22170,PICTURE FRAME WOOD TRIPLE PORTRAIT,1,2011-05-15 14:32:00,6.75,17263.0,United Kingdom
553197,22413,METAL SIGN TAKE IT OR LEAVE IT ,1,2011-05-15 14:32:00,2.95,17263.0,United Kingdom
553197,21169,YOU'RE CONFUSING ME METAL SIGN ,1,2011-05-15 14:32:00,1.69,17263.0,United Kingdom
553197,21905,MORE BUTTER METAL SIGN ,1,2011-05-15 14:32:00,2.1,17263.0,United Kingdom
553197,21181,PLEASE ONE PERSON METAL SIGN,1,2011-05-15 14:32:00,2.1,17263.0,United Kingdom
553198,21340,CLASSIC METAL BIRDCAGE PLANT HOLDER,4,2011-05-15 14:48:00,12.75,13752.0,United Kingdom
553198,23230,WRAP ALPHABET DESIGN,25,2011-05-15 14:48:00,0.42,13752.0,United Kingdom
553198,22606,WOODEN SKITTLES GARDEN SET,1,2011-05-15 14:48:00,15.95,13752.0,United Kingdom
553198,21654,RIDGED GLASS FINGER BOWL,6,2011-05-15 14:48:00,0.39,13752.0,United Kingdom
553198,23109,LED TEA LIGHTS,12,2011-05-15 14:48:00,2.89,13752.0,United Kingdom
553198,23089,GLASS BON BON JAR,6,2011-05-15 14:48:00,1.65,13752.0,United Kingdom
553198,22801,ANTIQUE GLASS PEDESTAL BOWL,3,2011-05-15 14:48:00,3.75,13752.0,United Kingdom
553198,23102,SILVER HEARTS TABLE DECORATION,12,2011-05-15 14:48:00,0.83,13752.0,United Kingdom
553198,23100,SILVER BELLS TABLE DECORATION,12,2011-05-15 14:48:00,1.25,13752.0,United Kingdom
553198,21326,AGED GLASS SILVER T-LIGHT HOLDER,36,2011-05-15 14:48:00,0.65,13752.0,United Kingdom
553198,22360,GLASS JAR ENGLISH CONFECTIONERY,3,2011-05-15 14:48:00,2.95,13752.0,United Kingdom
553198,22089,PAPER BUNTING VINTAGE PAISLEY,6,2011-05-15 14:48:00,2.95,13752.0,United Kingdom
553198,20974,12 PENCILS SMALL TUBE SKULL,12,2011-05-15 14:48:00,0.65,13752.0,United Kingdom
553198,20973,12 PENCIL SMALL TUBE WOODLAND,7,2011-05-15 14:48:00,0.65,13752.0,United Kingdom
553198,20992,JAZZ HEARTS PURSE NOTEBOOK,7,2011-05-15 14:48:00,0.85,13752.0,United Kingdom
553198,22530,MAGIC DRAWING SLATE DOLLY GIRL ,7,2011-05-15 14:48:00,0.42,13752.0,United Kingdom
553198,22534,MAGIC DRAWING SLATE SPACEBOY ,12,2011-05-15 14:48:00,0.42,13752.0,United Kingdom
553198,22544,MINI JIGSAW SPACEBOY,12,2011-05-15 14:48:00,0.42,13752.0,United Kingdom
553198,22539,MINI JIGSAW DOLLY GIRL,7,2011-05-15 14:48:00,0.42,13752.0,United Kingdom
553198,21327,SKULLS WRITING SET ,12,2011-05-15 14:48:00,1.65,13752.0,United Kingdom
553198,21721,CANDY SHOP  STICKER SHEET,7,2011-05-15 14:48:00,0.85,13752.0,United Kingdom
553198,21790,VINTAGE SNAP CARDS,7,2011-05-15 14:48:00,0.85,13752.0,United Kingdom
553198,21791,VINTAGE HEADS AND TAILS CARD GAME ,12,2011-05-15 14:48:00,1.25,13752.0,United Kingdom
553198,21913,VINTAGE SEASIDE JIGSAW PUZZLES,1,2011-05-15 14:48:00,3.75,13752.0,United Kingdom
553198,21912,VINTAGE SNAKES & LADDERS,1,2011-05-15 14:48:00,3.75,13752.0,United Kingdom
553199,21249,WOODLAND  HEIGHT CHART STICKERS ,1,2011-05-15 15:13:00,2.95,17758.0,United Kingdom
553199,21251,DINOSAUR HEIGHT CHART STICKER SET,2,2011-05-15 15:13:00,2.95,17758.0,United Kingdom
553199,22717,CARD DOG AND BALL ,12,2011-05-15 15:13:00,0.42,17758.0,United Kingdom
553199,22718,CARD CAT AND TREE ,12,2011-05-15 15:13:00,0.42,17758.0,United Kingdom
553199,23284,DOORMAT KEEP CALM AND COME IN,3,2011-05-15 15:13:00,7.95,17758.0,United Kingdom
553199,48138,DOORMAT UNION FLAG,2,2011-05-15 15:13:00,7.95,17758.0,United Kingdom
553199,22690,DOORMAT HOME SWEET HOME BLUE ,1,2011-05-15 15:13:00,7.95,17758.0,United Kingdom
553199,23283,DOORMAT VINTAGE LEAVES DESIGN ,1,2011-05-15 15:13:00,7.95,17758.0,United Kingdom
553199,22366,DOORMAT AIRMAIL ,1,2011-05-15 15:13:00,7.95,17758.0,United Kingdom
553199,84596B,SMALL DOLLY MIX DESIGN ORANGE BOWL,3,2011-05-15 15:13:00,0.42,17758.0,United Kingdom
553199,17011F,ORIGAMI SANDLEWOOD INCENSE+FLOWER,1,2011-05-15 15:13:00,0.65,17758.0,United Kingdom
553199,15044B,BLUE PAPER PARASOL ,1,2011-05-15 15:13:00,2.95,17758.0,United Kingdom
553199,20686,DOLLY MIXTURE CHILDREN'S UMBRELLA,2,2011-05-15 15:13:00,3.25,17758.0,United Kingdom
553199,20936,FORKED CACTUS CANDLE,3,2011-05-15 15:13:00,2.95,17758.0,United Kingdom
553199,23148,MINIATURE ANTIQUE ROSE HOOK IVORY,2,2011-05-15 15:13:00,0.83,17758.0,United Kingdom
553199,84755,COLOUR GLASS T-LIGHT HOLDER HANGING,16,2011-05-15 15:13:00,0.65,17758.0,United Kingdom
553199,22969,HOMEMADE JAM SCENTED CANDLES,12,2011-05-15 15:13:00,1.45,17758.0,United Kingdom
553199,20768,GREEN FERN JOURNAL ,1,2011-05-15 15:13:00,2.55,17758.0,United Kingdom
553199,20767,BLUE PAISLEY JOURNAL ,1,2011-05-15 15:13:00,2.55,17758.0,United Kingdom
553199,85175,CACTI T-LIGHT CANDLES,16,2011-05-15 15:13:00,0.42,17758.0,United Kingdom
553199,84192,ASSORTED COLOUR METAL CAT ,1,2011-05-15 15:13:00,1.25,17758.0,United Kingdom
553199,84508A,CAMOUFLAGE DESIGN TEDDY,1,2011-05-15 15:13:00,2.55,17758.0,United Kingdom
553199,22467,GUMBALL COAT RACK,1,2011-05-15 15:13:00,2.55,17758.0,United Kingdom
553199,22938,CUPCAKE LACE PAPER SET 6,2,2011-05-15 15:13:00,1.95,17758.0,United Kingdom
553199,21577,SAVE THE PLANET COTTON TOTE BAG,2,2011-05-15 15:13:00,2.25,17758.0,United Kingdom
553199,22902,TOTE BAG I LOVE LONDON,4,2011-05-15 15:13:00,2.1,17758.0,United Kingdom
553199,23182,TOILET SIGN OCCUPIED OR VACANT,3,2011-05-15 15:13:00,0.83,17758.0,United Kingdom
553199,22674,FRENCH TOILET SIGN BLUE METAL,3,2011-05-15 15:13:00,1.25,17758.0,United Kingdom
553199,22672,FRENCH BATHROOM SIGN BLUE METAL,2,2011-05-15 15:13:00,1.65,17758.0,United Kingdom
553199,21623,VINTAGE UNION JACK MEMOBOARD,2,2011-05-15 15:14:00,9.95,17758.0,United Kingdom
553199,23298,SPOTTY BUNTING,3,2011-05-15 15:14:00,4.95,17758.0,United Kingdom
553199,47590A,BLUE HAPPY BIRTHDAY BUNTING,3,2011-05-15 15:14:00,5.45,17758.0,United Kingdom
553199,47566,PARTY BUNTING,4,2011-05-15 15:14:00,4.95,17758.0,United Kingdom
553199,22663,JUMBO BAG DOLLY GIRL DESIGN,3,2011-05-15 15:14:00,2.08,17758.0,United Kingdom
553199,23201,JUMBO BAG ALPHABET,6,2011-05-15 15:14:00,2.08,17758.0,United Kingdom
553199,21936,RED RETROSPOT PICNIC BAG,1,2011-05-15 15:14:00,2.95,17758.0,United Kingdom
553199,23200,JUMBO BAG PEARS,3,2011-05-15 15:14:00,2.08,17758.0,United Kingdom
553199,23203,JUMBO BAG DOILEY PATTERNS,3,2011-05-15 15:14:00,2.08,17758.0,United Kingdom
553199,23202,JUMBO BAG VINTAGE LEAF,3,2011-05-15 15:14:00,2.08,17758.0,United Kingdom
553199,85099B,JUMBO BAG RED RETROSPOT,3,2011-05-15 15:14:00,2.08,17758.0,United Kingdom
553199,22662,LUNCH BAG DOLLY GIRL DESIGN,4,2011-05-15 15:14:00,1.65,17758.0,United Kingdom
553199,22383,LUNCH BAG SUKI DESIGN ,4,2011-05-15 15:14:00,1.65,17758.0,United Kingdom
553199,23209,LUNCH BAG DOILEY PATTERN ,4,2011-05-15 15:14:00,1.65,17758.0,United Kingdom
553199,23207,LUNCH BAG ALPHABET DESIGN,4,2011-05-15 15:14:00,1.65,17758.0,United Kingdom
553199,23208,LUNCH BAG VINTAGE LEAF DESIGN,4,2011-05-15 15:14:00,1.65,17758.0,United Kingdom
553199,23078,ICE CREAM PEN LIP GLOSS ,24,2011-05-15 15:14:00,1.25,17758.0,United Kingdom
553199,21932,SCANDINAVIAN PAISLEY PICNIC BAG,5,2011-05-15 15:14:00,1.65,17758.0,United Kingdom
553199,21933,PINK VINTAGE PAISLEY PICNIC BAG,2,2011-05-15 15:14:00,1.65,17758.0,United Kingdom
553199,22379,RECYCLING BAG RETROSPOT ,3,2011-05-15 15:14:00,2.1,17758.0,United Kingdom
553199,20725,LUNCH BAG RED RETROSPOT,1,2011-05-15 15:14:00,1.65,17758.0,United Kingdom
553199,20727,LUNCH BAG  BLACK SKULL.,2,2011-05-15 15:14:00,1.65,17758.0,United Kingdom
553199,21936,RED RETROSPOT PICNIC BAG,1,2011-05-15 15:14:00,2.95,17758.0,United Kingdom
553199,22377,BOTTLE BAG RETROSPOT ,3,2011-05-15 15:14:00,2.1,17758.0,United Kingdom
553199,23077,DOUGHNUT LIP GLOSS ,20,2011-05-15 15:14:00,1.25,17758.0,United Kingdom
553199,22664,TOY TIDY DOLLY GIRL DESIGN,3,2011-05-15 15:14:00,2.1,17758.0,United Kingdom
553199,22380,TOY TIDY SPACEBOY  ,3,2011-05-15 15:14:00,2.1,17758.0,United Kingdom
553199,23204,CHARLOTTE BAG APPLES DESIGN,4,2011-05-15 15:14:00,0.85,17758.0,United Kingdom
553199,23206,LUNCH BAG APPLE DESIGN,4,2011-05-15 15:14:00,1.65,17758.0,United Kingdom
553199,21713,CITRONELLA CANDLE FLOWERPOT,4,2011-05-15 15:14:00,2.1,17758.0,United Kingdom
553200,47590B,PINK HAPPY BIRTHDAY BUNTING,3,2011-05-15 15:14:00,5.45,16034.0,United Kingdom
553200,47590A,BLUE HAPPY BIRTHDAY BUNTING,3,2011-05-15 15:14:00,5.45,16034.0,United Kingdom
553200,47566,PARTY BUNTING,3,2011-05-15 15:14:00,4.95,16034.0,United Kingdom
553200,84970S,HANGING HEART ZINC T-LIGHT HOLDER,12,2011-05-15 15:14:00,0.85,16034.0,United Kingdom
553200,22464,HANGING METAL HEART LANTERN,12,2011-05-15 15:14:00,1.65,16034.0,United Kingdom
553200,22102,MIRROR MOSAIC T-LIGHT HOLDER ,12,2011-05-15 15:14:00,1.65,16034.0,United Kingdom
553200,71459,HANGING JAM JAR T-LIGHT HOLDER,12,2011-05-15 15:14:00,0.85,16034.0,United Kingdom
553200,22465,HANGING METAL STAR LANTERN,6,2011-05-15 15:14:00,1.65,16034.0,United Kingdom
553200,22106,MIRROR MOSAIC HURRICANE LAMP ,3,2011-05-15 15:14:00,6.75,16034.0,United Kingdom
553201,22925,BLUE GIANT GARDEN THERMOMETER,1,2011-05-15 15:31:00,5.95,17758.0,United Kingdom
553201,23301,GARDENERS KNEELING PAD KEEP CALM ,4,2011-05-15 15:31:00,1.65,17758.0,United Kingdom
553201,23302,KNEELING MAT HOUSEWORK  DESIGN,4,2011-05-15 15:31:00,1.65,17758.0,United Kingdom
553201,23300,GARDENERS KNEELING PAD CUP OF TEA ,4,2011-05-15 15:31:00,1.65,17758.0,United Kingdom
553202,22199,FRYING PAN RED RETROSPOT,1,2011-05-15 16:02:00,4.25,15854.0,United Kingdom
553202,22203,MILK PAN RED RETROSPOT,1,2011-05-15 16:02:00,3.75,15854.0,United Kingdom
553202,21539,RED RETROSPOT BUTTER DISH,1,2011-05-15 16:02:00,4.95,15854.0,United Kingdom
553202,22697,GREEN REGENCY TEACUP AND SAUCER,1,2011-05-15 16:02:00,2.95,15854.0,United Kingdom
553202,22699,ROSES REGENCY TEACUP AND SAUCER ,1,2011-05-15 16:02:00,2.95,15854.0,United Kingdom
553202,37448,CERAMIC CAKE DESIGN SPOTTED MUG,1,2011-05-15 16:02:00,1.49,15854.0,United Kingdom
553202,22279,POCKET BAG BLUE PAISLEY RED SPOT,6,2011-05-15 16:02:00,1.25,15854.0,United Kingdom
553202,22686,FRENCH BLUE METAL DOOR SIGN No,1,2011-05-15 16:02:00,1.25,15854.0,United Kingdom
553202,22676,FRENCH BLUE METAL DOOR SIGN 1,1,2011-05-15 16:02:00,1.25,15854.0,United Kingdom
553202,22685,FRENCH BLUE METAL DOOR SIGN 0,1,2011-05-15 16:02:00,1.25,15854.0,United Kingdom
553202,47574B,ENGLISH ROSE SCENTED HANGING HEART,1,2011-05-15 16:02:00,4.25,15854.0,United Kingdom
553202,82482,WOODEN PICTURE FRAME WHITE FINISH,1,2011-05-15 16:02:00,2.55,15854.0,United Kingdom
553202,21527,RED RETROSPOT TRADITIONAL TEAPOT ,1,2011-05-15 16:02:00,7.95,15854.0,United Kingdom
553202,10120,DOGGY RUBBER,1,2011-05-15 16:02:00,0.21,15854.0,United Kingdom
553202,22922,FRIDGE MAGNETS US DINER ASSORTED,1,2011-05-15 16:02:00,0.85,15854.0,United Kingdom
553202,21930,JUMBO STORAGE BAG SKULLS,1,2011-05-15 16:02:00,2.08,15854.0,United Kingdom
553202,84006,MAGIC TREE -PAPER FLOWERS,1,2011-05-15 16:02:00,0.85,15854.0,United Kingdom
553202,22072,RED RETROSPOT TEA CUP AND SAUCER ,2,2011-05-15 16:02:00,3.75,15854.0,United Kingdom
553202,22746,POPPY'S PLAYHOUSE LIVINGROOM ,1,2011-05-15 16:02:00,2.1,15854.0,United Kingdom
553202,22748,POPPY'S PLAYHOUSE KITCHEN,1,2011-05-15 16:02:00,2.1,15854.0,United Kingdom
553202,84987,SET OF 36 TEATIME PAPER DOILIES,1,2011-05-15 16:02:00,1.45,15854.0,United Kingdom
553202,21041,RED RETROSPOT OVEN GLOVE DOUBLE,1,2011-05-15 16:02:00,2.95,15854.0,United Kingdom
553202,21035,SET/2 RED RETROSPOT TEA TOWELS ,1,2011-05-15 16:02:00,3.25,15854.0,United Kingdom
553202,21535,RED RETROSPOT SMALL MILK JUG,1,2011-05-15 16:02:00,2.55,15854.0,United Kingdom
553202,21213,PACK OF 72 SKULL CAKE CASES,1,2011-05-15 16:02:00,0.55,15854.0,United Kingdom
553202,84991,60 TEATIME FAIRY CAKE CASES,1,2011-05-15 16:02:00,0.55,15854.0,United Kingdom
553202,37342,POLKADOT COFFEE CUP & SAUCER PINK,4,2011-05-15 16:02:00,0.79,15854.0,United Kingdom
553202,85059,FRENCH ENAMEL WATER BASIN,1,2011-05-15 16:02:00,3.75,15854.0,United Kingdom
553202,15034,PAPER POCKET TRAVELING FAN ,12,2011-05-15 16:02:00,0.14,15854.0,United Kingdom
553202,22551,PLASTERS IN TIN SPACEBOY,1,2011-05-15 16:02:00,1.65,15854.0,United Kingdom
553202,22662,LUNCH BAG DOLLY GIRL DESIGN,1,2011-05-15 16:02:00,1.65,15854.0,United Kingdom
553202,21733,RED HANGING HEART T-LIGHT HOLDER,6,2011-05-15 16:02:00,2.95,15854.0,United Kingdom
553202,21704,BAG 250g SWIRLY MARBLES,1,2011-05-15 16:02:00,0.85,15854.0,United Kingdom
553202,22914,BLUE COAT RACK PARIS FASHION,1,2011-05-15 16:02:00,4.95,15854.0,United Kingdom
553202,22913,RED COAT RACK PARIS FASHION,1,2011-05-15 16:02:00,4.95,15854.0,United Kingdom
553202,21090,SET/6 COLLAGE PAPER PLATES,2,2011-05-15 16:02:00,0.39,15854.0,United Kingdom
553202,21988,PACK OF 6 SKULL PAPER PLATES,1,2011-05-15 16:02:00,0.85,15854.0,United Kingdom
553202,22953,BIRTHDAY PARTY CORDON BARRIER TAPE,1,2011-05-15 16:02:00,1.25,15854.0,United Kingdom
553202,21084,SET/6 COLLAGE PAPER CUPS,8,2011-05-15 16:02:00,0.19,15854.0,United Kingdom
553202,21830,ASSORTED CREEPY CRAWLIES,24,2011-05-15 16:02:00,0.42,15854.0,United Kingdom
553202,22197,SMALL POPCORN HOLDER,1,2011-05-15 16:02:00,0.85,15854.0,United Kingdom
553202,22437,SET OF 9 BLACK SKULL BALLOONS,2,2011-05-15 16:02:00,0.85,15854.0,United Kingdom
553202,22435,SET OF 9 HEART SHAPED BALLOONS,2,2011-05-15 16:02:00,1.25,15854.0,United Kingdom
553202,21915,RED  HARMONICA IN BOX ,16,2011-05-15 16:02:00,1.25,15854.0,United Kingdom
553202,21914,BLUE HARMONICA IN BOX ,14,2011-05-15 16:02:00,1.25,15854.0,United Kingdom
553202,84077,WORLD WAR 2 GLIDERS ASSTD DESIGNS,96,2011-05-15 16:02:00,0.29,15854.0,United Kingdom
553202,21395,BLUE POLKADOT BEAKER ,1,2011-05-15 16:02:00,0.39,15854.0,United Kingdom
553202,21394,RED POLKADOT BEAKER ,1,2011-05-15 16:02:00,0.39,15854.0,United Kingdom
553202,22977,DOLLY GIRL CHILDRENS EGG CUP,1,2011-05-15 16:02:00,1.25,15854.0,United Kingdom
553202,84692,BOX OF 24 COCKTAIL PARASOLS,1,2011-05-15 16:02:00,0.42,15854.0,United Kingdom
553202,21034,REX CASH+CARRY JUMBO SHOPPER,6,2011-05-15 16:02:00,0.95,15854.0,United Kingdom
553202,21703,BAG 125g SWIRLY MARBLES,25,2011-05-15 16:02:00,0.42,15854.0,United Kingdom
553203,C2,CARRIAGE,1,2011-05-15 16:10:00,50.0,14911.0,EIRE
553203,22798,ANTIQUE GLASS DRESSING TABLE POT,8,2011-05-15 16:10:00,2.95,14911.0,EIRE
553203,21314,SMALL GLASS HEART TRINKET POT,8,2011-05-15 16:10:00,2.1,14911.0,EIRE
553203,22088,PAPER BUNTING COLOURED LACE,6,2011-05-15 16:10:00,2.95,14911.0,EIRE
553203,22089,PAPER BUNTING VINTAGE PAISLEY,6,2011-05-15 16:10:00,2.95,14911.0,EIRE
553203,23298,SPOTTY BUNTING,6,2011-05-15 16:10:00,4.95,14911.0,EIRE
553203,22804,CANDLEHOLDER PINK HANGING HEART,18,2011-05-15 16:10:00,2.95,14911.0,EIRE
553203,85123A,WHITE HANGING HEART T-LIGHT HOLDER,24,2011-05-15 16:10:00,2.95,14911.0,EIRE
553203,21285,RETROSPOT CANDLE  MEDIUM,12,2011-05-15 16:10:00,2.1,14911.0,EIRE
553203,21284,RETROSPOT CANDLE  SMALL,12,2011-05-15 16:10:00,1.69,14911.0,EIRE
553203,22742,MAKE YOUR OWN PLAYTIME CARD KIT,6,2011-05-15 16:10:00,2.95,14911.0,EIRE
553203,85066,CREAM SWEETHEART MINI CHEST,2,2011-05-15 16:10:00,12.75,14911.0,EIRE
553203,22766,PHOTO FRAME CORNICE,8,2011-05-15 16:10:00,2.95,14911.0,EIRE
553203,22796,PHOTO FRAME 3 CLASSIC HANGING,2,2011-05-15 16:10:00,9.95,14911.0,EIRE
553203,22767,TRIPLE PHOTO FRAME CORNICE ,8,2011-05-15 16:10:00,9.95,14911.0,EIRE
553203,22768,FAMILY PHOTO FRAME CORNICE,4,2011-05-15 16:10:00,9.95,14911.0,EIRE
553203,22635,CHILDS BREAKFAST SET DOLLY GIRL ,4,2011-05-15 16:10:00,9.95,14911.0,EIRE
553203,23133,LARGE IVORY HEART WALL ORGANISER,4,2011-05-15 16:10:00,8.25,14911.0,EIRE
553204,22797,CHEST OF DRAWERS GINGHAM HEART ,1,2011-05-15 16:13:00,16.95,16877.0,United Kingdom
553204,84686,BEACH HUT MIRROR,1,2011-05-15 16:13:00,4.25,16877.0,United Kingdom
553204,22502,PICNIC BASKET WICKER SMALL,1,2011-05-15 16:13:00,5.95,16877.0,United Kingdom
553204,21136,PAINTED METAL PEARS ASSORTED,3,2011-05-15 16:13:00,1.69,16877.0,United Kingdom
553204,22483,RED GINGHAM TEDDY BEAR ,1,2011-05-15 16:13:00,2.95,16877.0,United Kingdom
553204,22233,JIGSAW RABBIT AND BIRDHOUSE,1,2011-05-15 16:13:00,1.65,16877.0,United Kingdom
553204,21677,HEARTS  STICKERS,6,2011-05-15 16:13:00,0.85,16877.0,United Kingdom
553204,84685,BEACH HUT KEY CABINET,1,2011-05-15 16:13:00,3.75,16877.0,United Kingdom
553204,22231,JIGSAW TREE WITH BIRDHOUSE,1,2011-05-15 16:13:00,1.45,16877.0,United Kingdom
553204,22232,JIGSAW TOADSTOOLS 3 PIECE,1,2011-05-15 16:13:00,1.65,16877.0,United Kingdom
553204,21755,LOVE BUILDING BLOCK WORD,1,2011-05-15 16:13:00,5.95,16877.0,United Kingdom
553204,21172,PARTY METAL SIGN ,2,2011-05-15 16:13:00,1.45,16877.0,United Kingdom
553204,21394,RED POLKADOT BEAKER ,1,2011-05-15 16:13:00,0.39,16877.0,United Kingdom
553204,21395,BLUE POLKADOT BEAKER ,1,2011-05-15 16:13:00,0.39,16877.0,United Kingdom
553204,84192,ASSORTED COLOUR METAL CAT ,1,2011-05-15 16:13:00,1.25,16877.0,United Kingdom
553204,84192,ASSORTED COLOUR METAL CAT ,2,2011-05-15 16:13:00,1.25,16877.0,United Kingdom
553204,21462,"NURSERY A,B,C PAINTED LETTERS",1,2011-05-15 16:13:00,6.75,16877.0,United Kingdom
553204,23302,KNEELING MAT HOUSEWORK  DESIGN,1,2011-05-15 16:13:00,1.65,16877.0,United Kingdom
553204,23301,GARDENERS KNEELING PAD KEEP CALM ,1,2011-05-15 16:13:00,1.65,16877.0,United Kingdom
553204,23300,GARDENERS KNEELING PAD CUP OF TEA ,1,2011-05-15 16:13:00,1.65,16877.0,United Kingdom
553204,22918,HERB MARKER PARSLEY,1,2011-05-15 16:13:00,0.65,16877.0,United Kingdom
553204,22919,HERB MARKER MINT,1,2011-05-15 16:13:00,0.65,16877.0,United Kingdom
553204,22917,HERB MARKER ROSEMARY,1,2011-05-15 16:13:00,0.65,16877.0,United Kingdom
553204,22916,HERB MARKER THYME,1,2011-05-15 16:13:00,0.65,16877.0,United Kingdom
553204,22920,HERB MARKER BASIL,1,2011-05-15 16:13:00,0.65,16877.0,United Kingdom
553204,22921,HERB MARKER CHIVES ,1,2011-05-15 16:13:00,0.65,16877.0,United Kingdom
