InvoiceNo,StockCode,Description,Quantity,InvoiceDate,UnitPrice,CustomerID,Country
563364,21210,SET OF 72 RETROSPOT PAPER  DOILIES,12,2011-08-16 08:39:00,1.45,14466.0,United Kingdom
563364,21974,SET OF 36 PAISLEY FLOWER DOILIES,12,2011-08-16 08:39:00,1.45,14466.0,United Kingdom
563364,23306,SET OF 36 DOILIES PANTRY DESIGN,12,2011-08-16 08:39:00,1.45,14466.0,United Kingdom
563364,84988,SET OF 72 PINK HEART PAPER DOILIES,12,2011-08-16 08:39:00,1.45,14466.0,United Kingdom
563364,22367,CHILDRENS APRON SPACEBOY DESIGN,8,2011-08-16 08:39:00,1.95,14466.0,United Kingdom
563364,21625,VINTAGE UNION JACK APRON,6,2011-08-16 08:39:00,6.95,14466.0,United Kingdom
563364,22898,CHILDRENS APRON APPLES DESIGN,8,2011-08-16 08:39:00,1.95,14466.0,United Kingdom
563364,22899,CHILDREN'S APRON DOLLY GIRL ,6,2011-08-16 08:39:00,2.1,14466.0,United Kingdom
563364,47567B,TEA TIME KITCHEN APRON,3,2011-08-16 08:39:00,5.95,14466.0,United Kingdom
563364,23308,SET OF 60 VINTAGE LEAF CAKE CASES ,24,2011-08-16 08:39:00,0.55,14466.0,United Kingdom
563364,23309,SET OF 60 I LOVE LONDON CAKE CASES ,24,2011-08-16 08:39:00,0.55,14466.0,United Kingdom
563364,22666,RECIPE BOX PANTRY YELLOW DESIGN,6,2011-08-16 08:39:00,2.95,14466.0,United Kingdom
563364,22667,RECIPE BOX RETROSPOT ,6,2011-08-16 08:39:00,2.95,14466.0,United Kingdom
563365,22192,BLUE DINER WALL CLOCK,2,2011-08-16 08:50:00,8.5,15373.0,United Kingdom
563366,21216,"SET 3 RETROSPOT TEA,COFFEE,SUGAR",12,2011-08-16 08:52:00,4.95,15373.0,United Kingdom
563366,22090,PAPER BUNTING RETROSPOT,6,2011-08-16 08:52:00,2.95,15373.0,United Kingdom
563366,84708B,PINK JEWELLED PHOTO FRAME ,4,2011-08-16 08:52:00,4.95,15373.0,United Kingdom
563366,23069,EDWARDIAN PHOTO FRAME,2,2011-08-16 08:52:00,6.25,15373.0,United Kingdom
563366,22089,PAPER BUNTING VINTAGE PAISLEY,6,2011-08-16 08:52:00,2.95,15373.0,United Kingdom
563366,84817,DANISH ROSE DECORATIVE PLATE,6,2011-08-16 08:52:00,2.1,15373.0,United Kingdom
563366,20802,SMALL GLASS SUNDAE DISH CLEAR,6,2011-08-16 08:52:00,1.65,15373.0,United Kingdom
563367,22624,IVORY KITCHEN SCALES,4,2011-08-16 08:58:00,8.5,16133.0,United Kingdom
563367,22625,RED KITCHEN SCALES,8,2011-08-16 08:58:00,8.5,16133.0,United Kingdom
563367,22627,MINT KITCHEN SCALES,2,2011-08-16 08:58:00,8.5,16133.0,United Kingdom
563367,22429,ENAMEL MEASURING JUG CREAM,4,2011-08-16 08:58:00,4.25,16133.0,United Kingdom
563367,23252,VINTAGE RED ENAMEL TRIM JUG ,4,2011-08-16 08:58:00,3.75,16133.0,United Kingdom
563367,23026,DRAWER KNOB VINTAGE GLASS STAR,6,2011-08-16 08:58:00,2.08,16133.0,United Kingdom
563367,22961,JAM MAKING SET PRINTED,12,2011-08-16 08:58:00,1.45,16133.0,United Kingdom
563367,21592,RETROSPOT CIGAR BOX MATCHES ,24,2011-08-16 08:58:00,1.25,16133.0,United Kingdom
563367,22606,WOODEN SKITTLES GARDEN SET,1,2011-08-16 08:58:00,15.95,16133.0,United Kingdom
563367,21668,RED STRIPE CERAMIC DRAWER KNOB,12,2011-08-16 08:58:00,1.25,16133.0,United Kingdom
563367,21671,RED SPOT CERAMIC DRAWER KNOB,12,2011-08-16 08:58:00,1.25,16133.0,United Kingdom
563367,21669,BLUE STRIPE CERAMIC DRAWER KNOB,12,2011-08-16 08:58:00,1.25,16133.0,United Kingdom
563367,21670,BLUE SPOT CERAMIC DRAWER KNOB,12,2011-08-16 08:58:00,1.25,16133.0,United Kingdom
563367,22497,SET OF 2 TINS VINTAGE BATHROOM ,4,2011-08-16 08:58:00,4.25,16133.0,United Kingdom
563368,20725,LUNCH BAG RED RETROSPOT,10,2011-08-16 09:00:00,1.65,13995.0,United Kingdom
563368,20728,LUNCH BAG CARS BLUE,10,2011-08-16 09:00:00,1.65,13995.0,United Kingdom
563368,20726,LUNCH BAG WOODLAND,10,2011-08-16 09:00:00,1.65,13995.0,United Kingdom
563368,20727,LUNCH BAG  BLACK SKULL.,10,2011-08-16 09:00:00,1.65,13995.0,United Kingdom
563368,22383,LUNCH BAG SUKI DESIGN ,10,2011-08-16 09:00:00,1.65,13995.0,United Kingdom
563368,23209,LUNCH BAG VINTAGE DOILY ,10,2011-08-16 09:00:00,1.65,13995.0,United Kingdom
563368,23206,LUNCH BAG APPLE DESIGN,10,2011-08-16 09:00:00,1.65,13995.0,United Kingdom
563368,21204,DAISIES  HONEYCOMB GARLAND ,12,2011-08-16 09:00:00,1.65,13995.0,United Kingdom
563368,23079,TOADSTOOL BEDSIDE LIGHT ,2,2011-08-16 09:00:00,8.95,13995.0,United Kingdom
563369,22161,HEART DECORATION RUSTIC HANGING ,24,2011-08-16 09:25:00,0.19,13394.0,United Kingdom
563369,35651,VINTAGE BEAD PINK SCARF ,12,2011-08-16 09:25:00,1.65,13394.0,United Kingdom
563369,35648,VINTAGE BEAD PINK PURSE ,24,2011-08-16 09:25:00,0.83,13394.0,United Kingdom
563369,47503A,ASS FLORAL PRINT MULTI SCREWDRIVER,24,2011-08-16 09:25:00,0.42,13394.0,United Kingdom
563369,47504K,ENGLISH ROSE GARDEN SECATEURS,12,2011-08-16 09:25:00,0.79,13394.0,United Kingdom
563369,47504H,ENGLISH ROSE SPIRIT LEVEL ,12,2011-08-16 09:25:00,0.79,13394.0,United Kingdom
563369,72232,FENG SHUI PILLAR CANDLE,48,2011-08-16 09:25:00,0.19,13394.0,United Kingdom
563369,81952V,ROUND PURPLE CLOCK WITH SUCKER,10,2011-08-16 09:25:00,0.19,13394.0,United Kingdom
563369,84660A,WHITE STITCHED WALL CLOCK,20,2011-08-16 09:25:00,0.79,13394.0,United Kingdom
563369,22469,HEART OF WICKER SMALL,12,2011-08-16 09:25:00,1.65,13394.0,United Kingdom
563369,21985,PACK OF 12 HEARTS DESIGN TISSUES ,24,2011-08-16 09:25:00,0.29,13394.0,United Kingdom
563369,22595,GINGHAM HEART DECORATION,12,2011-08-16 09:25:00,0.85,13394.0,United Kingdom
563369,84978,HANGING HEART JAR T-LIGHT HOLDER,12,2011-08-16 09:25:00,1.25,13394.0,United Kingdom
563369,22178,VICTORIAN GLASS HANGING T-LIGHT,12,2011-08-16 09:25:00,1.25,13394.0,United Kingdom
563369,22301,COFFEE MUG CAT + BIRD DESIGN,36,2011-08-16 09:25:00,2.1,13394.0,United Kingdom
563369,21238,RED RETROSPOT CUP,8,2011-08-16 09:25:00,0.85,13394.0,United Kingdom
563369,20914,SET/5 RED RETROSPOT LID GLASS BOWLS,6,2011-08-16 09:25:00,2.95,13394.0,United Kingdom
563369,21980,PACK OF 12 RED RETROSPOT TISSUES ,24,2011-08-16 09:25:00,0.29,13394.0,United Kingdom
563369,22083,PAPER CHAIN KIT RETROSPOT,6,2011-08-16 09:25:00,2.95,13394.0,United Kingdom
563369,23275,SET OF 3 HANGING OWLS OLLIE BEAK,12,2011-08-16 09:25:00,1.25,13394.0,United Kingdom
563370,23198,PANTRY MAGNETIC  SHOPPING LIST,12,2011-08-16 09:34:00,1.45,16153.0,United Kingdom
563370,23243,SET OF TEA COFFEE SUGAR TINS PANTRY,4,2011-08-16 09:34:00,4.95,16153.0,United Kingdom
563370,23295,SET OF 12 MINI LOAF BAKING CASES,8,2011-08-16 09:34:00,0.83,16153.0,United Kingdom
563370,22384,LUNCH BAG PINK POLKADOT,30,2011-08-16 09:34:00,1.65,16153.0,United Kingdom
563370,21216,"SET 3 RETROSPOT TEA,COFFEE,SUGAR",4,2011-08-16 09:34:00,4.95,16153.0,United Kingdom
563370,21539,RED RETROSPOT BUTTER DISH,6,2011-08-16 09:34:00,4.95,16153.0,United Kingdom
563370,47566,PARTY BUNTING,4,2011-08-16 09:34:00,4.95,16153.0,United Kingdom
563370,84031B,CHARLIE LOLA BLUE HOT WATER BOTTLE ,3,2011-08-16 09:34:00,4.65,16153.0,United Kingdom
563370,21479,WHITE SKULL HOT WATER BOTTLE ,4,2011-08-16 09:34:00,3.75,16153.0,United Kingdom
563370,22111,SCOTTIE DOG HOT WATER BOTTLE,3,2011-08-16 09:34:00,4.95,16153.0,United Kingdom
563370,22113,GREY HEART HOT WATER BOTTLE,4,2011-08-16 09:34:00,3.75,16153.0,United Kingdom
563370,21080,SET/20 RED RETROSPOT PAPER NAPKINS ,12,2011-08-16 09:34:00,0.85,16153.0,United Kingdom
563370,22666,RECIPE BOX PANTRY YELLOW DESIGN,6,2011-08-16 09:34:00,2.95,16153.0,United Kingdom
563370,22720,SET OF 3 CAKE TINS PANTRY DESIGN ,3,2011-08-16 09:34:00,4.95,16153.0,United Kingdom
563370,22841,ROUND CAKE TIN VINTAGE GREEN,2,2011-08-16 09:34:00,7.95,16153.0,United Kingdom
563370,84380,SET OF 3 BUTTERFLY COOKIE CUTTERS,12,2011-08-16 09:34:00,1.25,16153.0,United Kingdom
563370,22843,BISCUIT TIN VINTAGE GREEN,2,2011-08-16 09:34:00,6.75,16153.0,United Kingdom
563370,23298,SPOTTY BUNTING,3,2011-08-16 09:34:00,4.95,16153.0,United Kingdom
563371,20725,LUNCH BAG RED RETROSPOT,10,2011-08-16 09:39:00,1.65,14006.0,United Kingdom
563371,22384,LUNCH BAG PINK POLKADOT,10,2011-08-16 09:39:00,1.65,14006.0,United Kingdom
563371,22383,LUNCH BAG SUKI DESIGN ,10,2011-08-16 09:39:00,1.65,14006.0,United Kingdom
563371,23206,LUNCH BAG APPLE DESIGN,10,2011-08-16 09:39:00,1.65,14006.0,United Kingdom
563371,23207,LUNCH BAG ALPHABET DESIGN,10,2011-08-16 09:39:00,1.65,14006.0,United Kingdom
563371,23208,LUNCH BAG VINTAGE LEAF DESIGN,10,2011-08-16 09:39:00,1.65,14006.0,United Kingdom
563371,23209,LUNCH BAG VINTAGE DOILY ,100,2011-08-16 09:39:00,1.45,14006.0,United Kingdom
563371,22556,PLASTERS IN TIN CIRCUS PARADE ,12,2011-08-16 09:39:00,1.65,14006.0,United Kingdom
563371,22557,PLASTERS IN TIN VINTAGE PAISLEY ,12,2011-08-16 09:39:00,1.65,14006.0,United Kingdom
563371,20728,LUNCH BAG CARS BLUE,10,2011-08-16 09:39:00,1.65,14006.0,United Kingdom
563372,23268,SET OF 2 CERAMIC CHRISTMAS REINDEER,12,2011-08-16 09:50:00,1.45,15653.0,United Kingdom
563372,22573,STAR WOODEN CHRISTMAS DECORATION,12,2011-08-16 09:50:00,0.85,15653.0,United Kingdom
563372,22581,WOOD STOCKING CHRISTMAS SCANDISPOT,12,2011-08-16 09:50:00,0.85,15653.0,United Kingdom
563372,22601,CHRISTMAS RETROSPOT ANGEL WOOD,12,2011-08-16 09:50:00,0.85,15653.0,United Kingdom
563373,20754,RETROSPOT RED WASHING UP GLOVES,6,2011-08-16 10:02:00,2.1,12569.0,Germany
563373,15060B,FAIRY CAKE DESIGN UMBRELLA,4,2011-08-16 10:02:00,3.75,12569.0,Germany
563373,21481,FAWN BLUE HOT WATER BOTTLE,6,2011-08-16 10:02:00,2.95,12569.0,Germany
563373,22625,RED KITCHEN SCALES,4,2011-08-16 10:02:00,8.5,12569.0,Germany
563373,POST,POSTAGE,2,2011-08-16 10:02:00,18.0,12569.0,Germany
563374,47566B,TEA TIME PARTY BUNTING,4,2011-08-16 10:03:00,4.95,13953.0,United Kingdom
563374,47590B,PINK HAPPY BIRTHDAY BUNTING,4,2011-08-16 10:03:00,5.45,13953.0,United Kingdom
563374,47566,PARTY BUNTING,4,2011-08-16 10:03:00,4.95,13953.0,United Kingdom
563374,21086,SET/6 RED SPOTTY PAPER CUPS,12,2011-08-16 10:03:00,0.65,13953.0,United Kingdom
563374,15036,ASSORTED COLOURS SILK FAN,12,2011-08-16 10:03:00,0.83,13953.0,United Kingdom
563374,47599B,BLUE PARTY BAGS ,6,2011-08-16 10:03:00,2.1,13953.0,United Kingdom
563374,47599A,PINK PARTY BAGS,6,2011-08-16 10:03:00,2.1,13953.0,United Kingdom
563374,62018,SOMBRERO ,200,2011-08-16 10:03:00,1.25,13953.0,United Kingdom
C563375,23149,ANTIQUE IVORY WIRE BOWL SMALL,-6,2011-08-16 10:27:00,2.49,14911.0,EIRE
C563375,23073,GEORGIAN TRINKET BOX,-1,2011-08-16 10:27:00,12.5,14911.0,EIRE
C563375,22989,SET 2 PANTRY DESIGN TEA TOWELS,-6,2011-08-16 10:27:00,3.25,14911.0,EIRE
C563375,22193,RED DINER WALL CLOCK,-2,2011-08-16 10:27:00,8.5,14911.0,EIRE
563376,23199,JUMBO BAG APPLES,5,2011-08-16 10:36:00,2.08,15752.0,United Kingdom
563376,23200,JUMBO BAG PEARS,5,2011-08-16 10:36:00,2.08,15752.0,United Kingdom
563376,22386,JUMBO BAG PINK POLKADOT,5,2011-08-16 10:36:00,2.08,15752.0,United Kingdom
563376,21930,JUMBO STORAGE BAG SKULLS,3,2011-08-16 10:36:00,2.08,15752.0,United Kingdom
563376,23203,JUMBO BAG VINTAGE DOILY ,5,2011-08-16 10:36:00,2.08,15752.0,United Kingdom
563376,21929,JUMBO BAG PINK VINTAGE PAISLEY,5,2011-08-16 10:36:00,2.08,15752.0,United Kingdom
563376,85099B,JUMBO BAG RED RETROSPOT,5,2011-08-16 10:36:00,2.08,15752.0,United Kingdom
563376,20712,JUMBO BAG WOODLAND ANIMALS,5,2011-08-16 10:36:00,2.08,15752.0,United Kingdom
563376,23202,JUMBO BAG VINTAGE LEAF,5,2011-08-16 10:36:00,2.08,15752.0,United Kingdom
563376,22385,JUMBO BAG SPACEBOY DESIGN,6,2011-08-16 10:36:00,2.08,15752.0,United Kingdom
563376,84596L,BISCUITS SMALL BOWL LIGHT BLUE,8,2011-08-16 10:36:00,0.42,15752.0,United Kingdom
563376,84596F,SMALL MARSHMALLOWS PINK BOWL,16,2011-08-16 10:36:00,0.42,15752.0,United Kingdom
563376,84596G,SMALL CHOCOLATES PINK BOWL,16,2011-08-16 10:36:00,0.42,15752.0,United Kingdom
563376,84596B,SMALL DOLLY MIX DESIGN ORANGE BOWL,16,2011-08-16 10:36:00,0.42,15752.0,United Kingdom
563376,20718,RED RETROSPOT SHOPPER BAG,5,2011-08-16 10:36:00,1.25,15752.0,United Kingdom
563376,20717,STRAWBERRY SHOPPER BAG,5,2011-08-16 10:36:00,1.25,15752.0,United Kingdom
563376,23209,LUNCH BAG VINTAGE DOILY ,1,2011-08-16 10:36:00,1.65,15752.0,United Kingdom
563376,20725,LUNCH BAG RED RETROSPOT,1,2011-08-16 10:36:00,1.65,15752.0,United Kingdom
563376,20726,LUNCH BAG WOODLAND,2,2011-08-16 10:36:00,1.65,15752.0,United Kingdom
563376,23207,LUNCH BAG ALPHABET DESIGN,2,2011-08-16 10:36:00,1.65,15752.0,United Kingdom
563376,23208,LUNCH BAG VINTAGE LEAF DESIGN,2,2011-08-16 10:36:00,1.65,15752.0,United Kingdom
563376,23206,LUNCH BAG APPLE DESIGN,2,2011-08-16 10:36:00,1.65,15752.0,United Kingdom
563376,23209,LUNCH BAG VINTAGE DOILY ,2,2011-08-16 10:36:00,1.65,15752.0,United Kingdom
563376,23204,CHARLOTTE BAG APPLES DESIGN,6,2011-08-16 10:36:00,0.85,15752.0,United Kingdom
563376,20723,STRAWBERRY CHARLOTTE BAG,5,2011-08-16 10:36:00,0.85,15752.0,United Kingdom
563376,20728,LUNCH BAG CARS BLUE,2,2011-08-16 10:36:00,1.65,15752.0,United Kingdom
563376,23205,CHARLOTTE BAG VINTAGE ALPHABET ,5,2011-08-16 10:36:00,0.85,15752.0,United Kingdom
563376,22355,CHARLOTTE BAG SUKI DESIGN,3,2011-08-16 10:36:00,0.85,15752.0,United Kingdom
563376,20719,WOODLAND CHARLOTTE BAG,4,2011-08-16 10:36:00,0.85,15752.0,United Kingdom
563376,23206,LUNCH BAG APPLE DESIGN,1,2011-08-16 10:36:00,1.65,15752.0,United Kingdom
563376,20725,LUNCH BAG RED RETROSPOT,1,2011-08-16 10:36:00,1.65,15752.0,United Kingdom
563376,22384,LUNCH BAG PINK POLKADOT,2,2011-08-16 10:36:00,1.65,15752.0,United Kingdom
563376,22356,CHARLOTTE BAG PINK POLKADOT,5,2011-08-16 10:36:00,0.85,15752.0,United Kingdom
563376,20724,RED RETROSPOT CHARLOTTE BAG,5,2011-08-16 10:36:00,0.85,15752.0,United Kingdom
563376,20719,WOODLAND CHARLOTTE BAG,1,2011-08-16 10:36:00,0.85,15752.0,United Kingdom
563376,20996,JAZZ HEARTS ADDRESS BOOK,4,2011-08-16 10:36:00,0.19,15752.0,United Kingdom
563376,23322,LARGE WHITE HEART OF WICKER,4,2011-08-16 10:36:00,2.95,15752.0,United Kingdom
563376,23332,IVORY WICKER HEART LARGE,1,2011-08-16 10:36:00,1.65,15752.0,United Kingdom
563376,21985,PACK OF 12 HEARTS DESIGN TISSUES ,12,2011-08-16 10:36:00,0.29,15752.0,United Kingdom
563376,21986,PACK OF 12 PINK POLKADOT TISSUES,12,2011-08-16 10:36:00,0.29,15752.0,United Kingdom
563376,21980,PACK OF 12 RED RETROSPOT TISSUES ,12,2011-08-16 10:36:00,0.29,15752.0,United Kingdom
563376,21981,PACK OF 12 WOODLAND TISSUES ,12,2011-08-16 10:36:00,0.29,15752.0,United Kingdom
563376,21985,PACK OF 12 HEARTS DESIGN TISSUES ,12,2011-08-16 10:36:00,0.29,15752.0,United Kingdom
563376,23333,IVORY WICKER HEART MEDIUM,4,2011-08-16 10:36:00,1.25,15752.0,United Kingdom
563376,23329,DECORATIVE WICKER HEART LARGE,6,2011-08-16 10:36:00,1.65,15752.0,United Kingdom
563376,23332,IVORY WICKER HEART LARGE,5,2011-08-16 10:36:00,1.65,15752.0,United Kingdom
563376,23330,DECORATIVE WICKER HEART MEDIUM,4,2011-08-16 10:36:00,1.25,15752.0,United Kingdom
563376,21833,CAMOUFLAGE LED TORCH,6,2011-08-16 10:36:00,1.69,15752.0,United Kingdom
563376,22815,CARD PSYCHEDELIC APPLES,12,2011-08-16 10:36:00,0.42,15752.0,United Kingdom
563376,22814,CARD PARTY GAMES ,12,2011-08-16 10:36:00,0.42,15752.0,United Kingdom
563376,22717,CARD DOG AND BALL ,12,2011-08-16 10:36:00,0.42,15752.0,United Kingdom
563376,22030,SWALLOWS GREETING CARD,12,2011-08-16 10:36:00,0.42,15752.0,United Kingdom
563376,22554,PLASTERS IN TIN WOODLAND ANIMALS,2,2011-08-16 10:36:00,1.65,15752.0,United Kingdom
563376,22555,PLASTERS IN TIN STRONGMAN,2,2011-08-16 10:36:00,1.65,15752.0,United Kingdom
563376,22557,PLASTERS IN TIN VINTAGE PAISLEY ,2,2011-08-16 10:36:00,1.65,15752.0,United Kingdom
563376,22553,PLASTERS IN TIN SKULLS,2,2011-08-16 10:36:00,1.65,15752.0,United Kingdom
563376,22551,PLASTERS IN TIN SPACEBOY,2,2011-08-16 10:36:00,1.65,15752.0,United Kingdom
563376,22536,MAGIC DRAWING SLATE PURDEY,5,2011-08-16 10:36:00,0.42,15752.0,United Kingdom
563376,84569D,PACK 6 HEART/ICE-CREAM PATCHES,12,2011-08-16 10:36:00,1.25,15752.0,United Kingdom
563376,84569A,PACK 3 IRON ON DOG PATCHES,12,2011-08-16 10:36:00,1.25,15752.0,United Kingdom
563377,85123A,WHITE HANGING HEART T-LIGHT HOLDER,12,2011-08-16 10:44:00,2.95,15002.0,United Kingdom
563377,23329,DECORATIVE WICKER HEART LARGE,6,2011-08-16 10:44:00,1.65,15002.0,United Kingdom
563377,23332,IVORY WICKER HEART LARGE,8,2011-08-16 10:44:00,1.65,15002.0,United Kingdom
563377,23374,RED SPOT PAPER GIFT BAG,24,2011-08-16 10:44:00,0.82,15002.0,United Kingdom
563377,23321,SMALL WHITE HEART OF WICKER,4,2011-08-16 10:44:00,1.65,15002.0,United Kingdom
563377,23322,LARGE WHITE HEART OF WICKER,6,2011-08-16 10:44:00,2.95,15002.0,United Kingdom
563377,22470,HEART OF WICKER LARGE,4,2011-08-16 10:44:00,2.95,15002.0,United Kingdom
563377,22819,"BIRTHDAY CARD, RETRO SPOT",12,2011-08-16 10:44:00,0.42,15002.0,United Kingdom
563377,22815,CARD PSYCHEDELIC APPLES,12,2011-08-16 10:44:00,0.42,15002.0,United Kingdom
563377,22197,POPCORN HOLDER,24,2011-08-16 10:44:00,0.85,15002.0,United Kingdom
563377,72351A,SET/6 TURQUOISE BUTTERFLY T-LIGHTS,4,2011-08-16 10:44:00,2.1,15002.0,United Kingdom
563377,85107,CUT GLASS T-LIGHT HOLDER OCTAGON,12,2011-08-16 10:44:00,2.55,15002.0,United Kingdom
563377,22436,12 COLOURED PARTY BALLOONS,10,2011-08-16 10:44:00,0.65,15002.0,United Kingdom
563377,72351B,SET/6 PINK  BUTTERFLY T-LIGHTS,6,2011-08-16 10:44:00,2.1,15002.0,United Kingdom
563377,23359,SET OF 12 T-LIGHTS VINTAGE DOILY,8,2011-08-16 10:44:00,1.95,15002.0,United Kingdom
563377,23296,SET OF 6 TEA TIME BAKING CASES,7,2011-08-16 10:44:00,1.25,15002.0,United Kingdom
563377,23295,SET OF 12 MINI LOAF BAKING CASES,16,2011-08-16 10:44:00,0.83,15002.0,United Kingdom
563377,23297,SET 40 HEART SHAPE PETIT FOUR CASES,4,2011-08-16 10:44:00,1.65,15002.0,United Kingdom
563377,23254,CHILDRENS CUTLERY DOLLY GIRL ,3,2011-08-16 10:44:00,4.15,15002.0,United Kingdom
563377,23256,CHILDRENS CUTLERY SPACEBOY ,3,2011-08-16 10:44:00,4.15,15002.0,United Kingdom
563377,21558,SKULL LUNCH BOX WITH CUTLERY ,3,2011-08-16 10:44:00,2.55,15002.0,United Kingdom
563377,22717,CARD DOG AND BALL ,12,2011-08-16 10:44:00,0.42,15002.0,United Kingdom
563377,21506,"FANCY FONT BIRTHDAY CARD, ",12,2011-08-16 10:44:00,0.42,15002.0,United Kingdom
563377,21519,GIN & TONIC DIET GREETING CARD ,12,2011-08-16 10:44:00,0.42,15002.0,United Kingdom
563377,22718,CARD CAT AND TREE ,12,2011-08-16 10:44:00,0.42,15002.0,United Kingdom
563377,22716,CARD CIRCUS PARADE,12,2011-08-16 10:44:00,0.42,15002.0,United Kingdom
563377,22983,CARD BILLBOARD FONT,12,2011-08-16 10:44:00,0.42,15002.0,United Kingdom
563377,22352,LUNCH BOX WITH CUTLERY RETROSPOT ,4,2011-08-16 10:44:00,2.55,15002.0,United Kingdom
563377,22993,SET OF 4 PANTRY JELLY MOULDS,3,2011-08-16 10:44:00,1.25,15002.0,United Kingdom
563377,21754,HOME BUILDING BLOCK WORD,1,2011-08-16 10:44:00,5.95,15002.0,United Kingdom
563377,21755,LOVE BUILDING BLOCK WORD,5,2011-08-16 10:44:00,5.95,15002.0,United Kingdom
563377,84879,ASSORTED COLOUR BIRD ORNAMENT,16,2011-08-16 10:44:00,1.69,15002.0,United Kingdom
563377,22645,CERAMIC HEART FAIRY CAKE MONEY BANK,4,2011-08-16 10:44:00,1.45,15002.0,United Kingdom
563377,22644,CERAMIC CHERRY CAKE MONEY BANK,4,2011-08-16 10:44:00,1.45,15002.0,United Kingdom
563377,22507,MEMO BOARD RETROSPOT  DESIGN,4,2011-08-16 10:44:00,4.95,15002.0,United Kingdom
563377,23206,LUNCH BAG APPLE DESIGN,10,2011-08-16 10:44:00,1.65,15002.0,United Kingdom
563377,23208,LUNCH BAG VINTAGE LEAF DESIGN,10,2011-08-16 10:44:00,1.65,15002.0,United Kingdom
563377,20727,LUNCH BAG  BLACK SKULL.,10,2011-08-16 10:44:00,1.65,15002.0,United Kingdom
563377,21754,HOME BUILDING BLOCK WORD,3,2011-08-16 10:44:00,5.95,15002.0,United Kingdom
563377,21452,TOADSTOOL MONEY BOX,3,2011-08-16 10:44:00,2.95,15002.0,United Kingdom
563381,21705,BAG 500g SWIRLY MARBLES,12,2011-08-16 10:48:00,1.65,15768.0,United Kingdom
563381,22138,BAKING SET 9 PIECE RETROSPOT ,3,2011-08-16 10:48:00,4.95,15768.0,United Kingdom
563381,23240,SET OF 4 KNICK KNACK TINS DOILY ,6,2011-08-16 10:48:00,4.15,15768.0,United Kingdom
563381,22561,WOODEN SCHOOL COLOURING SET,12,2011-08-16 10:48:00,1.65,15768.0,United Kingdom
563381,21916,SET 12 RETRO WHITE CHALK STICKS,24,2011-08-16 10:48:00,0.42,15768.0,United Kingdom
563381,22423,REGENCY CAKESTAND 3 TIER,1,2011-08-16 10:48:00,12.75,15768.0,United Kingdom
563381,22729,ALARM CLOCK BAKELIKE ORANGE,4,2011-08-16 10:48:00,3.75,15768.0,United Kingdom
563381,22726,ALARM CLOCK BAKELIKE GREEN,4,2011-08-16 10:48:00,3.75,15768.0,United Kingdom
563381,23230,WRAP ALPHABET DESIGN,25,2011-08-16 10:48:00,0.42,15768.0,United Kingdom
563382,23245,SET OF 3 REGENCY CAKE TINS,4,2011-08-16 10:50:00,4.95,18221.0,United Kingdom
563382,22791,T-LIGHT GLASS FLUTED ANTIQUE,12,2011-08-16 10:50:00,1.25,18221.0,United Kingdom
563382,22460,EMBOSSED GLASS TEALIGHT HOLDER,12,2011-08-16 10:50:00,1.25,18221.0,United Kingdom
563382,21326,AGED GLASS SILVER T-LIGHT HOLDER,12,2011-08-16 10:50:00,0.65,18221.0,United Kingdom
563382,84832,ZINC WILLIE WINKIE  CANDLE STICK,12,2011-08-16 10:50:00,0.85,18221.0,United Kingdom
563382,35598D,PINK/WHITE CHRISTMAS TREE 60CM,24,2011-08-16 10:50:00,0.65,18221.0,United Kingdom
563382,35597D,PINK/WHITE CHRISTMAS TREE 30CM,24,2011-08-16 10:50:00,0.38,18221.0,United Kingdom
563382,22090,PAPER BUNTING RETROSPOT,6,2011-08-16 10:50:00,2.95,18221.0,United Kingdom
563382,21621,VINTAGE UNION JACK BUNTING,2,2011-08-16 10:50:00,8.5,18221.0,United Kingdom
563382,22423,REGENCY CAKESTAND 3 TIER,1,2011-08-16 10:50:00,12.75,18221.0,United Kingdom
563382,21918,SET 12 KIDS COLOUR  CHALK STICKS,24,2011-08-16 10:50:00,0.42,18221.0,United Kingdom
563382,22558,CLOTHES PEGS RETROSPOT PACK 24 ,12,2011-08-16 10:50:00,1.65,18221.0,United Kingdom
563383,POST,POSTAGE,1,2011-08-16 10:52:00,15.0,14407.0,United Kingdom
563384,23173,REGENCY TEAPOT ROSES ,1,2011-08-16 10:52:00,9.95,17315.0,United Kingdom
563384,71053,WHITE METAL LANTERN,2,2011-08-16 10:52:00,3.75,17315.0,United Kingdom
563384,21041,RED RETROSPOT OVEN GLOVE DOUBLE,3,2011-08-16 10:52:00,2.95,17315.0,United Kingdom
563384,23332,IVORY WICKER HEART LARGE,10,2011-08-16 10:52:00,1.65,17315.0,United Kingdom
563384,23322,LARGE WHITE HEART OF WICKER,5,2011-08-16 10:52:00,2.95,17315.0,United Kingdom
563384,85066,CREAM SWEETHEART MINI CHEST,1,2011-08-16 10:52:00,12.75,17315.0,United Kingdom
563384,90108,BLUE BLOSSOM HAIR CLIP,1,2011-08-16 10:52:00,1.05,17315.0,United Kingdom
563384,90096,NECKLACE+BRACELET SET BLUE BLOSSOM,1,2011-08-16 10:52:00,2.55,17315.0,United Kingdom
563384,90094,NECKLACE+BRACELET SET FRUIT SALAD ,1,2011-08-16 10:52:00,2.55,17315.0,United Kingdom
563384,90098,NECKLACE+BRACELET PINK BUTTERFLY,1,2011-08-16 10:52:00,2.55,17315.0,United Kingdom
563384,84569A,PACK 3 IRON ON DOG PATCHES,2,2011-08-16 10:52:00,1.25,17315.0,United Kingdom
563384,23302,KNEELING MAT HOUSEWORK  DESIGN,1,2011-08-16 10:52:00,1.65,17315.0,United Kingdom
563384,23172,REGENCY TEA PLATE PINK,6,2011-08-16 10:52:00,1.65,17315.0,United Kingdom
563384,84970S,HANGING HEART ZINC T-LIGHT HOLDER,12,2011-08-16 10:52:00,0.85,17315.0,United Kingdom
563384,22699,ROSES REGENCY TEACUP AND SAUCER ,8,2011-08-16 10:52:00,2.95,17315.0,United Kingdom
563384,22698,PINK REGENCY TEACUP AND SAUCER,8,2011-08-16 10:52:00,2.95,17315.0,United Kingdom
563384,22697,GREEN REGENCY TEACUP AND SAUCER,6,2011-08-16 10:52:00,2.95,17315.0,United Kingdom
563404,21931,JUMBO STORAGE BAG SUKI,20,2011-08-16 11:04:00,2.08,16303.0,United Kingdom
563404,20713,JUMBO BAG OWLS,20,2011-08-16 11:04:00,2.08,16303.0,United Kingdom
563404,21929,JUMBO BAG PINK VINTAGE PAISLEY,20,2011-08-16 11:04:00,2.08,16303.0,United Kingdom
563404,22385,JUMBO BAG SPACEBOY DESIGN,20,2011-08-16 11:04:00,2.08,16303.0,United Kingdom
563404,22663,JUMBO BAG DOLLY GIRL DESIGN,20,2011-08-16 11:04:00,2.08,16303.0,United Kingdom
563404,22411,JUMBO SHOPPER VINTAGE RED PAISLEY,10,2011-08-16 11:04:00,2.08,16303.0,United Kingdom
563404,23201,JUMBO BAG ALPHABET,10,2011-08-16 11:04:00,2.08,16303.0,United Kingdom
563404,22377,BOTTLE BAG RETROSPOT ,20,2011-08-16 11:04:00,2.1,16303.0,United Kingdom
563404,21788,KIDS RAIN MAC BLUE,48,2011-08-16 11:04:00,0.85,16303.0,United Kingdom
563404,21789,KIDS RAIN MAC PINK,48,2011-08-16 11:04:00,0.85,16303.0,United Kingdom
563404,21787,RAIN PONCHO RETROSPOT,48,2011-08-16 11:04:00,0.85,16303.0,United Kingdom
563404,20686,DOLLY MIXTURE CHILDREN'S UMBRELLA,6,2011-08-16 11:04:00,3.25,16303.0,United Kingdom
563404,20682,RED RETROSPOT CHILDRENS UMBRELLA,6,2011-08-16 11:04:00,3.25,16303.0,United Kingdom
563404,21739,COSY SLIPPER SHOES SMALL GREEN,12,2011-08-16 11:04:00,2.95,16303.0,United Kingdom
563404,21741,COSY SLIPPER SHOES LARGE GREEN,12,2011-08-16 11:04:00,2.95,16303.0,United Kingdom
563404,21479,WHITE SKULL HOT WATER BOTTLE ,8,2011-08-16 11:04:00,3.75,16303.0,United Kingdom
563404,21481,FAWN BLUE HOT WATER BOTTLE,12,2011-08-16 11:04:00,2.95,16303.0,United Kingdom
563404,22113,GREY HEART HOT WATER BOTTLE,8,2011-08-16 11:04:00,3.75,16303.0,United Kingdom
563404,21484,CHICK GREY HOT WATER BOTTLE,8,2011-08-16 11:04:00,3.45,16303.0,United Kingdom
563404,22111,SCOTTIE DOG HOT WATER BOTTLE,6,2011-08-16 11:04:00,4.95,16303.0,United Kingdom
563404,22580,ADVENT CALENDAR GINGHAM SACK,3,2011-08-16 11:04:00,5.95,16303.0,United Kingdom
563404,22946,WOODEN ADVENT CALENDAR CREAM,2,2011-08-16 11:04:00,16.95,16303.0,United Kingdom
563404,22947,WOODEN ADVENT CALENDAR RED,2,2011-08-16 11:04:00,16.95,16303.0,United Kingdom
563404,47590B,PINK HAPPY BIRTHDAY BUNTING,6,2011-08-16 11:04:00,5.45,16303.0,United Kingdom
563404,47590A,BLUE HAPPY BIRTHDAY BUNTING,6,2011-08-16 11:04:00,5.45,16303.0,United Kingdom
563404,21174,POTTERING IN THE SHED METAL SIGN,12,2011-08-16 11:04:00,2.08,16303.0,United Kingdom
563404,22083,PAPER CHAIN KIT RETROSPOT,24,2011-08-16 11:04:00,2.95,16303.0,United Kingdom
563404,21204,DAISIES  HONEYCOMB GARLAND ,12,2011-08-16 11:04:00,1.65,16303.0,United Kingdom
563404,20725,LUNCH BAG RED RETROSPOT,30,2011-08-16 11:04:00,1.65,16303.0,United Kingdom
563404,20728,LUNCH BAG CARS BLUE,30,2011-08-16 11:04:00,1.65,16303.0,United Kingdom
563404,20726,LUNCH BAG WOODLAND,30,2011-08-16 11:04:00,1.65,16303.0,United Kingdom
563404,22382,LUNCH BAG SPACEBOY DESIGN ,20,2011-08-16 11:04:00,1.65,16303.0,United Kingdom
563404,22383,LUNCH BAG SUKI DESIGN ,30,2011-08-16 11:04:00,1.65,16303.0,United Kingdom
563404,22630,DOLLY GIRL LUNCH BOX,12,2011-08-16 11:04:00,1.95,16303.0,United Kingdom
563404,22629,SPACEBOY LUNCH BOX ,12,2011-08-16 11:04:00,1.95,16303.0,United Kingdom
563404,23207,LUNCH BAG ALPHABET DESIGN,10,2011-08-16 11:04:00,1.65,16303.0,United Kingdom
563404,22662,LUNCH BAG DOLLY GIRL DESIGN,20,2011-08-16 11:04:00,1.65,16303.0,United Kingdom
563404,21155,RED RETROSPOT PEG BAG,12,2011-08-16 11:04:00,2.55,16303.0,United Kingdom
563404,22896,PEG BAG APPLES DESIGN,12,2011-08-16 11:04:00,2.55,16303.0,United Kingdom
563404,22343,PARTY PIZZA DISH RED RETROSPOT,12,2011-08-16 11:04:00,0.85,16303.0,United Kingdom
563404,21876,POTTERING MUG,24,2011-08-16 11:04:00,1.25,16303.0,United Kingdom
563404,23007, SPACEBOY BABY GIFT SET,2,2011-08-16 11:04:00,16.95,16303.0,United Kingdom
563404,23010,CIRCUS PARADE BABY GIFT SET,2,2011-08-16 11:04:00,16.95,16303.0,United Kingdom
563404,23008,DOLLY GIRL BABY GIFT SET,2,2011-08-16 11:04:00,16.95,16303.0,United Kingdom
563404,21833,CAMOUFLAGE LED TORCH,24,2011-08-16 11:04:00,1.69,16303.0,United Kingdom
563404,20985,HEART CALCULATOR,12,2011-08-16 11:04:00,1.25,16303.0,United Kingdom
563404,21062,PARTY INVITES SPACEMAN,12,2011-08-16 11:04:00,0.85,16303.0,United Kingdom
563404,21058,PARTY INVITES WOODLAND,12,2011-08-16 11:04:00,0.85,16303.0,United Kingdom
563404,21059,PARTY INVITES DINOSAURS,12,2011-08-16 11:04:00,0.85,16303.0,United Kingdom
563404,21063,PARTY INVITES JAZZ HEARTS,12,2011-08-16 11:04:00,0.85,16303.0,United Kingdom
563404,20979,36 PENCILS TUBE RED RETROSPOT,16,2011-08-16 11:04:00,1.25,16303.0,United Kingdom
563404,20977,36 PENCILS TUBE WOODLAND,16,2011-08-16 11:04:00,1.25,16303.0,United Kingdom
563404,21452,TOADSTOOL MONEY BOX,12,2011-08-16 11:04:00,2.95,16303.0,United Kingdom
563404,22637,PIGGY BANK RETROSPOT ,8,2011-08-16 11:04:00,2.55,16303.0,United Kingdom
563404,21556,CERAMIC STRAWBERRY MONEY BOX,12,2011-08-16 11:04:00,2.55,16303.0,United Kingdom
563404,22650,CERAMIC PIRATE CHEST MONEY BANK,12,2011-08-16 11:04:00,1.45,16303.0,United Kingdom
563404,22138,BAKING SET 9 PIECE RETROSPOT ,6,2011-08-16 11:04:00,4.95,16303.0,United Kingdom
563404,22139,RETROSPOT TEA SET CERAMIC 11 PC ,6,2011-08-16 11:04:00,4.95,16303.0,United Kingdom
563404,22617,BAKING SET SPACEBOY DESIGN,3,2011-08-16 11:04:00,4.95,16303.0,United Kingdom
563404,20969,RED FLORAL FELTCRAFT SHOULDER BAG,8,2011-08-16 11:04:00,3.75,16303.0,United Kingdom
563404,20970,PINK FLORAL FELTCRAFT SHOULDER BAG,8,2011-08-16 11:04:00,3.75,16303.0,United Kingdom
563404,20972,PINK CREAM FELT CRAFT TRINKET BOX ,12,2011-08-16 11:04:00,1.25,16303.0,United Kingdom
563404,22147,FELTCRAFT BUTTERFLY HEARTS,12,2011-08-16 11:04:00,1.45,16303.0,United Kingdom
563404,20971,PINK BLUE FELT CRAFT TRINKET BOX,12,2011-08-16 11:04:00,1.25,16303.0,United Kingdom
563404,22568,FELTCRAFT CUSHION OWL,4,2011-08-16 11:04:00,3.75,16303.0,United Kingdom
563404,22569,FELTCRAFT CUSHION BUTTERFLY,4,2011-08-16 11:04:00,3.75,16303.0,United Kingdom
563404,22570,FELTCRAFT CUSHION RABBIT,4,2011-08-16 11:04:00,3.75,16303.0,United Kingdom
563404,22566,FELTCRAFT HAIRBAND PINK AND PURPLE,12,2011-08-16 11:04:00,0.85,16303.0,United Kingdom
563404,22587,FELTCRAFT HAIRBAND RED AND BLUE,12,2011-08-16 11:04:00,0.85,16303.0,United Kingdom
563404,22751,FELTCRAFT PRINCESS OLIVIA DOLL,4,2011-08-16 11:04:00,3.75,16303.0,United Kingdom
563404,22750,FELTCRAFT PRINCESS LOLA DOLL,4,2011-08-16 11:04:00,3.75,16303.0,United Kingdom
563404,22749,FELTCRAFT PRINCESS CHARLOTTE DOLL,4,2011-08-16 11:04:00,3.75,16303.0,United Kingdom
563404,85185B,PINK HORSE SOCK PUPPET,24,2011-08-16 11:04:00,2.55,16303.0,United Kingdom
563404,23188,VINTAGE  2 METER FOLDING RULER,36,2011-08-16 11:04:00,1.65,16303.0,United Kingdom
563404,23346,SPACEBOY BEAKER,48,2011-08-16 11:04:00,1.25,16303.0,United Kingdom
563404,23345, DOLLY GIRL BEAKER,48,2011-08-16 11:04:00,1.25,16303.0,United Kingdom
563404,23189,SET OF 12 FORK CANDLES,12,2011-08-16 11:04:00,2.89,16303.0,United Kingdom
563404,23287,RED VINTAGE SPOT BEAKER,48,2011-08-16 11:04:00,0.85,16303.0,United Kingdom
563404,23290,SPACEBOY CHILDRENS BOWL,48,2011-08-16 11:04:00,1.25,16303.0,United Kingdom
563404,23289,DOLLY GIRL CHILDRENS BOWL,48,2011-08-16 11:04:00,1.25,16303.0,United Kingdom
563404,23291,DOLLY GIRL CHILDRENS CUP,48,2011-08-16 11:04:00,1.25,16303.0,United Kingdom
563404,23292,SPACEBOY CHILDRENS CUP,48,2011-08-16 11:04:00,1.25,16303.0,United Kingdom
563404,23311,VINTAGE CHRISTMAS STOCKING ,36,2011-08-16 11:04:00,2.55,16303.0,United Kingdom
563404,23312,VINTAGE CHRISTMAS GIFT SACK,16,2011-08-16 11:04:00,4.15,16303.0,United Kingdom
563404,23313,VINTAGE CHRISTMAS BUNTING,25,2011-08-16 11:04:00,4.95,16303.0,United Kingdom
563404,23343,JUMBO BAG VINTAGE CHRISTMAS ,10,2011-08-16 11:04:00,2.08,16303.0,United Kingdom
563404,23344,JUMBO BAG 50'S CHRISTMAS ,10,2011-08-16 11:04:00,2.08,16303.0,United Kingdom
563404,47566,PARTY BUNTING,20,2011-08-16 11:04:00,4.95,16303.0,United Kingdom
563404,85099B,JUMBO BAG RED RETROSPOT,30,2011-08-16 11:04:00,2.08,16303.0,United Kingdom
563404,22331,WOODLAND PARTY BAG + STICKER SET,16,2011-08-16 11:04:00,1.65,16303.0,United Kingdom
563404,22334,DINOSAUR PARTY BAG + STICKER SET,16,2011-08-16 11:04:00,1.65,16303.0,United Kingdom
563404,22333,RETROSPOT PARTY BAG + STICKER SET,16,2011-08-16 11:04:00,1.65,16303.0,United Kingdom
563404,20711,JUMBO BAG TOYS ,20,2011-08-16 11:04:00,2.08,16303.0,United Kingdom
563404,20712,JUMBO BAG WOODLAND ANIMALS,20,2011-08-16 11:04:00,2.08,16303.0,United Kingdom
563411,84212,"ASSORTED FLOWER COLOUR ""LEIS""",480,2011-08-16 11:10:00,0.42,16927.0,United Kingdom
563425,22732,3D VINTAGE CHRISTMAS STICKERS ,18,2011-08-16 11:37:00,1.25,15140.0,United Kingdom
563425,22731,3D CHRISTMAS STAMPS STICKERS ,18,2011-08-16 11:37:00,1.25,15140.0,United Kingdom
563425,22733,3D TRADITIONAL CHRISTMAS STICKERS,18,2011-08-16 11:37:00,1.25,15140.0,United Kingdom
563425,22734,SET OF 6 RIBBONS VINTAGE CHRISTMAS,24,2011-08-16 11:37:00,2.89,15140.0,United Kingdom
563425,23314,VINTAGE CHRISTMAS TABLECLOTH,4,2011-08-16 11:37:00,12.5,15140.0,United Kingdom
563425,23545,WRAP RED VINTAGE DOILY,25,2011-08-16 11:37:00,0.42,15140.0,United Kingdom
563425,23349,ROLL WRAP VINTAGE CHRISTMAS,24,2011-08-16 11:37:00,1.25,15140.0,United Kingdom
563425,23340,VINTAGE CHRISTMAS CAKE FRILL,12,2011-08-16 11:37:00,1.65,15140.0,United Kingdom
563425,23318,BOX OF 6 MINI VINTAGE CRACKERS,12,2011-08-16 11:37:00,2.49,15140.0,United Kingdom
563425,23320,GIANT 50'S CHRISTMAS CRACKER,24,2011-08-16 11:37:00,2.89,15140.0,United Kingdom
563425,23308,SET OF 60 VINTAGE LEAF CAKE CASES ,24,2011-08-16 11:37:00,0.55,15140.0,United Kingdom
563425,23296,SET OF 6 TEA TIME BAKING CASES,16,2011-08-16 11:37:00,1.25,15140.0,United Kingdom
563425,23293,SET OF 12 FAIRY CAKE BAKING CASES,16,2011-08-16 11:37:00,0.83,15140.0,United Kingdom
563425,23189,SET OF 12 FORK CANDLES,12,2011-08-16 11:37:00,2.89,15140.0,United Kingdom
563425,23301,GARDENERS KNEELING PAD KEEP CALM ,48,2011-08-16 11:37:00,1.45,15140.0,United Kingdom
563425,23300,GARDENERS KNEELING PAD CUP OF TEA ,48,2011-08-16 11:37:00,1.45,15140.0,United Kingdom
563426,22080,RIBBON REEL POLKADOTS ,10,2011-08-16 11:38:00,1.65,15140.0,United Kingdom
563426,23306,SET OF 36 DOILIES PANTRY DESIGN,12,2011-08-16 11:38:00,1.45,15140.0,United Kingdom
563427,17003,BROCADE RING PURSE ,6,2011-08-16 11:40:00,0.29,16470.0,United Kingdom
563427,20777,CHRYSANTHEMUM NOTEBOOK,1,2011-08-16 11:40:00,1.65,16470.0,United Kingdom
563427,22560,TRADITIONAL MODELLING CLAY,3,2011-08-16 11:40:00,1.25,16470.0,United Kingdom
563427,22491,PACK OF 12 COLOURED PENCILS,3,2011-08-16 11:40:00,0.85,16470.0,United Kingdom
563427,22544,MINI JIGSAW SPACEBOY,4,2011-08-16 11:40:00,0.42,16470.0,United Kingdom
563427,22559,SEASIDE FLYING DISC,2,2011-08-16 11:40:00,1.25,16470.0,United Kingdom
563427,22545,MINI JIGSAW BUNNIES,4,2011-08-16 11:40:00,0.42,16470.0,United Kingdom
563427,20658,RED RETROSPOT LUGGAGE TAG,3,2011-08-16 11:40:00,1.25,16470.0,United Kingdom
563427,22278,OVERNIGHT BAG VINTAGE ROSE PAISLEY,6,2011-08-16 11:40:00,4.95,16470.0,United Kingdom
563427,20665,RED RETROSPOT PURSE ,3,2011-08-16 11:40:00,2.95,16470.0,United Kingdom
563427,22629,SPACEBOY LUNCH BOX ,2,2011-08-16 11:40:00,1.95,16470.0,United Kingdom
563427,22630,DOLLY GIRL LUNCH BOX,2,2011-08-16 11:40:00,1.95,16470.0,United Kingdom
563427,22540,MINI JIGSAW CIRCUS PARADE ,4,2011-08-16 11:40:00,0.42,16470.0,United Kingdom
563427,22537,MAGIC DRAWING SLATE DINOSAUR,4,2011-08-16 11:40:00,0.42,16470.0,United Kingdom
563427,22530,MAGIC DRAWING SLATE DOLLY GIRL ,4,2011-08-16 11:40:00,0.42,16470.0,United Kingdom
563427,22531,MAGIC DRAWING SLATE CIRCUS PARADE  ,3,2011-08-16 11:40:00,0.42,16470.0,United Kingdom
563427,20726,LUNCH BAG WOODLAND,1,2011-08-16 11:40:00,1.65,16470.0,United Kingdom
563427,22382,LUNCH BAG SPACEBOY DESIGN ,1,2011-08-16 11:40:00,1.65,16470.0,United Kingdom
563427,21788,KIDS RAIN MAC BLUE,2,2011-08-16 11:40:00,0.85,16470.0,United Kingdom
563427,21789,KIDS RAIN MAC PINK,2,2011-08-16 11:40:00,0.85,16470.0,United Kingdom
563427,23345, DOLLY GIRL BEAKER,4,2011-08-16 11:40:00,1.25,16470.0,United Kingdom
563427,23209,LUNCH BAG VINTAGE DOILY ,3,2011-08-16 11:40:00,1.65,16470.0,United Kingdom
563427,22759,SET OF 3 NOTEBOOKS IN PARCEL,2,2011-08-16 11:40:00,1.65,16470.0,United Kingdom
563427,21791,VINTAGE HEADS AND TAILS CARD GAME ,3,2011-08-16 11:40:00,1.25,16470.0,United Kingdom
563427,21790,VINTAGE SNAP CARDS,3,2011-08-16 11:40:00,0.85,16470.0,United Kingdom
563427,20675,BLUE POLKADOT BOWL,4,2011-08-16 11:40:00,1.25,16470.0,United Kingdom
563427,20676,RED RETROSPOT BOWL,4,2011-08-16 11:40:00,1.25,16470.0,United Kingdom
563427,22652,TRAVEL SEWING KIT,4,2011-08-16 11:40:00,1.65,16470.0,United Kingdom
563427,85178,VICTORIAN SEWING KIT,4,2011-08-16 11:40:00,1.25,16470.0,United Kingdom
563427,21724,PANDA AND BUNNIES STICKER SHEET,3,2011-08-16 11:40:00,0.85,16470.0,United Kingdom
563427,85227,SET OF 6 3D KIT CARDS FOR KIDS,2,2011-08-16 11:40:00,0.85,16470.0,United Kingdom
563427,22557,PLASTERS IN TIN VINTAGE PAISLEY ,5,2011-08-16 11:40:00,1.65,16470.0,United Kingdom
563427,84077,WORLD WAR 2 GLIDERS ASSTD DESIGNS,48,2011-08-16 11:40:00,0.29,16470.0,United Kingdom
563427,21922,UNION STRIPE WITH FRINGE  HAMMOCK,1,2011-08-16 11:40:00,7.95,16470.0,United Kingdom
563427,22492,MINI PAINT SET VINTAGE ,36,2011-08-16 11:40:00,0.65,16470.0,United Kingdom
563427,15058A,BLUE POLKADOT GARDEN PARASOL,2,2011-08-16 11:40:00,7.95,16470.0,United Kingdom
563428,22668,PINK BABY BUNTING,5,2011-08-16 11:44:00,2.95,13159.0,United Kingdom
563428,20749,ASSORTED COLOUR MINI CASES,2,2011-08-16 11:44:00,7.95,13159.0,United Kingdom
563428,20750,RED RETROSPOT MINI CASES,2,2011-08-16 11:44:00,7.95,13159.0,United Kingdom
563428,21507,"ELEPHANT, BIRTHDAY CARD, ",12,2011-08-16 11:44:00,0.42,13159.0,United Kingdom
563428,22037,ROBOT BIRTHDAY CARD,12,2011-08-16 11:44:00,0.42,13159.0,United Kingdom
563428,22029,SPACEBOY BIRTHDAY CARD,12,2011-08-16 11:44:00,0.42,13159.0,United Kingdom
563428,21504,SKULLS GREETING CARD,12,2011-08-16 11:44:00,0.42,13159.0,United Kingdom
563428,21495,SKULLS AND CROSSBONES WRAP,25,2011-08-16 11:44:00,0.42,13159.0,United Kingdom
563428,22046,TEA PARTY  WRAPPING PAPER ,25,2011-08-16 11:44:00,0.42,13159.0,United Kingdom
563428,23547,WRAP FLOWER SHOP  ,25,2011-08-16 11:44:00,0.42,13159.0,United Kingdom
563428,16161P,WRAP ENGLISH ROSE ,25,2011-08-16 11:44:00,0.42,13159.0,United Kingdom
563428,22825,DECORATIVE PLANT POT WITH FRIEZE,4,2011-08-16 11:44:00,7.95,13159.0,United Kingdom
563428,82482,WOODEN PICTURE FRAME WHITE FINISH,6,2011-08-16 11:44:00,2.55,13159.0,United Kingdom
563428,21114,LAVENDER SCENTED FABRIC HEART,10,2011-08-16 11:44:00,1.25,13159.0,United Kingdom
563428,21381,MINI WOODEN HAPPY BIRTHDAY GARLAND,12,2011-08-16 11:44:00,1.69,13159.0,United Kingdom
563428,47566,PARTY BUNTING,4,2011-08-16 11:44:00,4.95,13159.0,United Kingdom
563428,82483,WOOD 2 DRAWER CABINET WHITE FINISH,2,2011-08-16 11:44:00,6.95,13159.0,United Kingdom
563428,22173,METAL 4 HOOK HANGER FRENCH CHATEAU,8,2011-08-16 11:44:00,2.95,13159.0,United Kingdom
563428,23012,GLASS APOTHECARY BOTTLE PERFUME,4,2011-08-16 11:44:00,3.95,13159.0,United Kingdom
563428,23328,SET 6 SCHOOL MILK BOTTLES IN CRATE,4,2011-08-16 11:44:00,3.75,13159.0,United Kingdom
563428,22423,REGENCY CAKESTAND 3 TIER,2,2011-08-16 11:44:00,12.75,13159.0,United Kingdom
563428,23066,SMALL DECO JEWELLERY STAND,2,2011-08-16 11:44:00,8.25,13159.0,United Kingdom
563428,23065,LARGE DECO JEWELLERY STAND,1,2011-08-16 11:44:00,12.5,13159.0,United Kingdom
563428,22969,HOMEMADE JAM SCENTED CANDLES,12,2011-08-16 11:44:00,1.45,13159.0,United Kingdom
563428,23080,RED METAL BOX TOP SECRET,2,2011-08-16 11:44:00,8.25,13159.0,United Kingdom
563428,21063,PARTY INVITES JAZZ HEARTS,12,2011-08-16 11:44:00,0.85,13159.0,United Kingdom
563428,21059,PARTY INVITES DINOSAURS,12,2011-08-16 11:44:00,0.85,13159.0,United Kingdom
563428,21062,PARTY INVITES SPACEMAN,12,2011-08-16 11:44:00,0.85,13159.0,United Kingdom
563428,21060,PARTY INVITES BALLOON GIRL,12,2011-08-16 11:44:00,0.85,13159.0,United Kingdom
563428,22208,WOOD STAMP SET THANK YOU,12,2011-08-16 11:44:00,0.83,13159.0,United Kingdom
563428,22209,WOOD STAMP SET HAPPY BIRTHDAY,12,2011-08-16 11:44:00,0.83,13159.0,United Kingdom
563428,21500,PINK POLKADOT WRAP ,25,2011-08-16 11:44:00,0.42,13159.0,United Kingdom
563428,21503,TOYBOX  WRAP ,25,2011-08-16 11:44:00,0.42,13159.0,United Kingdom
563428,21499,BLUE POLKADOT WRAP,25,2011-08-16 11:44:00,0.42,13159.0,United Kingdom
563429,23209,LUNCH BAG VINTAGE DOILY ,10,2011-08-16 11:48:00,1.65,13999.0,United Kingdom
563429,23208,LUNCH BAG VINTAGE LEAF DESIGN,10,2011-08-16 11:48:00,1.65,13999.0,United Kingdom
563429,23241,TREASURE TIN GYMKHANA DESIGN,12,2011-08-16 11:48:00,2.08,13999.0,United Kingdom
563429,23242,TREASURE TIN BUFFALO BILL ,6,2011-08-16 11:48:00,2.08,13999.0,United Kingdom
563429,22492,MINI PAINT SET VINTAGE ,36,2011-08-16 11:48:00,0.65,13999.0,United Kingdom
563429,23192,BUNDLE OF 3 ALPHABET EXERCISE BOOKS,12,2011-08-16 11:48:00,1.65,13999.0,United Kingdom
563429,23191,BUNDLE OF 3 RETRO NOTE BOOKS,12,2011-08-16 11:48:00,1.65,13999.0,United Kingdom
563429,23251,VINTAGE RED ENAMEL TRIM MUG ,12,2011-08-16 11:48:00,1.25,13999.0,United Kingdom
563429,23250,VINTAGE RED TRIM ENAMEL BOWL ,12,2011-08-16 11:48:00,1.25,13999.0,United Kingdom
563429,22676,FRENCH BLUE METAL DOOR SIGN 1,10,2011-08-16 11:48:00,1.25,13999.0,United Kingdom
563429,22678,FRENCH BLUE METAL DOOR SIGN 3,10,2011-08-16 11:48:00,1.25,13999.0,United Kingdom
563429,23328,SET 6 SCHOOL MILK BOTTLES IN CRATE,4,2011-08-16 11:48:00,3.75,13999.0,United Kingdom
563429,21929,JUMBO BAG PINK VINTAGE PAISLEY,10,2011-08-16 11:48:00,2.08,13999.0,United Kingdom
563429,22411,JUMBO SHOPPER VINTAGE RED PAISLEY,10,2011-08-16 11:48:00,2.08,13999.0,United Kingdom
563429,85099B,JUMBO BAG RED RETROSPOT,10,2011-08-16 11:48:00,2.08,13999.0,United Kingdom
563429,23202,JUMBO BAG VINTAGE LEAF,10,2011-08-16 11:48:00,2.08,13999.0,United Kingdom
563429,23203,JUMBO BAG VINTAGE DOILY ,10,2011-08-16 11:48:00,2.08,13999.0,United Kingdom
563429,20725,LUNCH BAG RED RETROSPOT,10,2011-08-16 11:48:00,1.65,13999.0,United Kingdom
563429,84755,COLOUR GLASS T-LIGHT HOLDER HANGING,16,2011-08-16 11:48:00,0.65,13999.0,United Kingdom
563430,82600,NO SINGING METAL SIGN,24,2011-08-16 11:50:00,2.1,14918.0,United Kingdom
563430,21908,CHOCOLATE THIS WAY METAL SIGN,24,2011-08-16 11:50:00,2.1,14918.0,United Kingdom
563430,22297,HEART IVORY TRELLIS SMALL,24,2011-08-16 11:50:00,1.25,14918.0,United Kingdom
563430,82580,BATHROOM METAL SIGN,12,2011-08-16 11:50:00,0.55,14918.0,United Kingdom
563430,21417,COCKLE SHELL DISH,6,2011-08-16 11:50:00,2.1,14918.0,United Kingdom
563430,21415,CLAM SHELL SMALL ,6,2011-08-16 11:50:00,2.1,14918.0,United Kingdom
563430,84804A,CREAM DELPHINIUM ARTIFICIAL FLOWER,24,2011-08-16 11:50:00,2.95,14918.0,United Kingdom
563430,84804B,BLUE DELPHINIUM ARTIFICIAL FLOWER,24,2011-08-16 11:50:00,2.95,14918.0,United Kingdom
563430,22173,METAL 4 HOOK HANGER FRENCH CHATEAU,8,2011-08-16 11:50:00,2.95,14918.0,United Kingdom
563430,84800S,SMALL WHITE/PINK ROSE ART FLOWER,36,2011-08-16 11:50:00,1.06,14918.0,United Kingdom
563430,22188,BLACK HEART CARD HOLDER,4,2011-08-16 11:50:00,3.95,14918.0,United Kingdom
563430,22189,CREAM HEART CARD HOLDER,4,2011-08-16 11:50:00,3.95,14918.0,United Kingdom
563430,85123A,WHITE HANGING HEART T-LIGHT HOLDER,32,2011-08-16 11:50:00,2.55,14918.0,United Kingdom
563430,84926A,WAKE UP COCKEREL TILE COASTER,24,2011-08-16 11:50:00,0.29,14918.0,United Kingdom
563430,84926E,FLOWERS TILE COASTER,24,2011-08-16 11:50:00,0.29,14918.0,United Kingdom
563430,21114,LAVENDER SCENTED FABRIC HEART,10,2011-08-16 11:50:00,1.25,14918.0,United Kingdom
563430,22283,6 EGG HOUSE PAINTED WOOD,4,2011-08-16 11:50:00,7.95,14918.0,United Kingdom
563430,22424,ENAMEL BREAD BIN CREAM,2,2011-08-16 11:50:00,12.75,14918.0,United Kingdom
563430,21212,PACK OF 72 RETROSPOT CAKE CASES,24,2011-08-16 11:50:00,0.55,14918.0,United Kingdom
563430,22111,SCOTTIE DOG HOT WATER BOTTLE,3,2011-08-16 11:50:00,4.95,14918.0,United Kingdom
563430,22692,DOORMAT WELCOME TO OUR HOME,10,2011-08-16 11:50:00,6.75,14918.0,United Kingdom
563430,21706,FOLDING UMBRELLA RED/WHITE POLKADOT,8,2011-08-16 11:50:00,4.95,14918.0,United Kingdom
563430,21708,FOLDING UMBRELLA CREAM POLKADOT,8,2011-08-16 11:50:00,4.95,14918.0,United Kingdom
563430,21710,FOLDING UMBRELLA PINKWHITE POLKADOT,8,2011-08-16 11:50:00,4.95,14918.0,United Kingdom
563430,21523,DOORMAT FANCY FONT HOME SWEET HOME,10,2011-08-16 11:50:00,6.75,14918.0,United Kingdom
563431,48194,DOORMAT HEARTS,1,2011-08-16 12:00:00,7.95,16266.0,United Kingdom
563431,47503A,ASS FLORAL PRINT MULTI SCREWDRIVER,1,2011-08-16 12:00:00,0.42,16266.0,United Kingdom
563431,23207,LUNCH BAG ALPHABET DESIGN,10,2011-08-16 12:00:00,1.65,16266.0,United Kingdom
563431,20719,WOODLAND CHARLOTTE BAG,10,2011-08-16 12:00:00,0.85,16266.0,United Kingdom
563431,48138,DOORMAT UNION FLAG,3,2011-08-16 12:00:00,7.95,16266.0,United Kingdom
563431,48184,DOORMAT ENGLISH ROSE ,2,2011-08-16 12:00:00,7.95,16266.0,United Kingdom
563431,22690,DOORMAT HOME SWEET HOME BLUE ,2,2011-08-16 12:00:00,7.95,16266.0,United Kingdom
563431,23144,ZINC T-LIGHT HOLDER STARS SMALL,12,2011-08-16 12:00:00,0.83,16266.0,United Kingdom
563431,23145,ZINC T-LIGHT HOLDER STAR LARGE,12,2011-08-16 12:00:00,0.95,16266.0,United Kingdom
563432,22171,3 HOOK PHOTO SHELF ANTIQUE WHITE,2,2011-08-16 12:12:00,8.5,16713.0,United Kingdom
563432,22985,WRAP BILLBOARD FONTS DESIGN,25,2011-08-16 12:12:00,0.42,16713.0,United Kingdom
563432,23230,WRAP ALPHABET DESIGN,25,2011-08-16 12:12:00,0.42,16713.0,United Kingdom
563432,22983,CARD BILLBOARD FONT,12,2011-08-16 12:12:00,0.42,16713.0,United Kingdom
563432,21429,RED GINGHAM ROSE JEWELLERY BOX,4,2011-08-16 12:12:00,1.95,16713.0,United Kingdom
563432,22169,FAMILY ALBUM WHITE PICTURE FRAME,2,2011-08-16 12:12:00,8.5,16713.0,United Kingdom
563432,22170,PICTURE FRAME WOOD TRIPLE PORTRAIT,2,2011-08-16 12:12:00,6.75,16713.0,United Kingdom
563432,21165,BEWARE OF THE CAT METAL SIGN ,2,2011-08-16 12:12:00,1.69,16713.0,United Kingdom
563432,23032,DRAWER KNOB CRACKLE GLAZE IVORY,12,2011-08-16 12:12:00,1.65,16713.0,United Kingdom
563432,22771,CLEAR DRAWER KNOB ACRYLIC EDWARDIAN,12,2011-08-16 12:12:00,1.25,16713.0,United Kingdom
563432,22988,SOLDIERS EGG CUP ,12,2011-08-16 12:12:00,1.25,16713.0,United Kingdom
563432,22971,QUEENS GUARD COFFEE MUG,6,2011-08-16 12:12:00,2.55,16713.0,United Kingdom
563432,82600,NO SINGING METAL SIGN,2,2011-08-16 12:12:00,2.1,16713.0,United Kingdom
563432,22382,LUNCH BAG SPACEBOY DESIGN ,3,2011-08-16 12:12:00,1.65,16713.0,United Kingdom
563432,20727,LUNCH BAG  BLACK SKULL.,3,2011-08-16 12:12:00,1.65,16713.0,United Kingdom
563432,22383,LUNCH BAG SUKI DESIGN ,3,2011-08-16 12:12:00,1.65,16713.0,United Kingdom
563432,20728,LUNCH BAG CARS BLUE,3,2011-08-16 12:12:00,1.65,16713.0,United Kingdom
563432,23207,LUNCH BAG ALPHABET DESIGN,3,2011-08-16 12:12:00,1.65,16713.0,United Kingdom
563432,22374,AIRLINE BAG VINTAGE JET SET RED,2,2011-08-16 12:12:00,4.25,16713.0,United Kingdom
563432,22371,AIRLINE BAG VINTAGE TOKYO 78,2,2011-08-16 12:12:00,4.25,16713.0,United Kingdom
563432,22372,AIRLINE BAG VINTAGE WORLD CHAMPION ,1,2011-08-16 12:12:00,4.25,16713.0,United Kingdom
563432,22375,AIRLINE BAG VINTAGE JET SET BROWN,2,2011-08-16 12:12:00,4.25,16713.0,United Kingdom
563432,22467,GUMBALL COAT RACK,2,2011-08-16 12:12:00,2.55,16713.0,United Kingdom
563432,23005,TRAVEL CARD WALLET I LOVE LONDON,6,2011-08-16 12:12:00,0.42,16713.0,United Kingdom
563432,23002,TRAVEL CARD WALLET SKULLS,6,2011-08-16 12:12:00,0.42,16713.0,United Kingdom
563432,22997,TRAVEL CARD WALLET UNION JACK,6,2011-08-16 12:12:00,0.42,16713.0,United Kingdom
563432,22996,TRAVEL CARD WALLET VINTAGE TICKET,6,2011-08-16 12:12:00,0.42,16713.0,United Kingdom
563432,22995,TRAVEL CARD WALLET SUKI,6,2011-08-16 12:12:00,0.42,16713.0,United Kingdom
563432,22998,TRAVEL CARD WALLET KEEP CALM,6,2011-08-16 12:12:00,0.42,16713.0,United Kingdom
563432,22994,TRAVEL CARD WALLET RETROSPOT,6,2011-08-16 12:12:00,0.42,16713.0,United Kingdom
563432,23301,GARDENERS KNEELING PAD KEEP CALM ,3,2011-08-16 12:12:00,1.65,16713.0,United Kingdom
563432,23302,KNEELING MAT HOUSEWORK  DESIGN,3,2011-08-16 12:12:00,1.65,16713.0,United Kingdom
563432,23300,GARDENERS KNEELING PAD CUP OF TEA ,3,2011-08-16 12:12:00,1.65,16713.0,United Kingdom
563432,82483,WOOD 2 DRAWER CABINET WHITE FINISH,2,2011-08-16 12:12:00,6.95,16713.0,United Kingdom
563432,82486,WOOD S/3 CABINET ANT WHITE FINISH,2,2011-08-16 12:12:00,8.95,16713.0,United Kingdom
563432,22665,RECIPE BOX BLUE SKETCHBOOK DESIGN,1,2011-08-16 12:12:00,2.95,16713.0,United Kingdom
563432,85231B,CINAMMON SET OF 9 T-LIGHTS,3,2011-08-16 12:12:00,0.85,16713.0,United Kingdom
563432,22667,RECIPE BOX RETROSPOT ,1,2011-08-16 12:12:00,2.95,16713.0,United Kingdom
563432,22666,RECIPE BOX PANTRY YELLOW DESIGN,1,2011-08-16 12:12:00,2.95,16713.0,United Kingdom
563432,85231G,ORANGE SCENTED SET/9 T-LIGHTS,3,2011-08-16 12:12:00,0.85,16713.0,United Kingdom
563432,17003,BROCADE RING PURSE ,36,2011-08-16 12:12:00,0.29,16713.0,United Kingdom
563432,22173,METAL 4 HOOK HANGER FRENCH CHATEAU,2,2011-08-16 12:12:00,2.95,16713.0,United Kingdom
563432,23146,TRIPLE HOOK ANTIQUE IVORY ROSE,2,2011-08-16 12:12:00,3.29,16713.0,United Kingdom
563432,23147,SINGLE ANTIQUE ROSE HOOK IVORY,4,2011-08-16 12:12:00,1.45,16713.0,United Kingdom
563432,22728,ALARM CLOCK BAKELIKE PINK,2,2011-08-16 12:12:00,3.75,16713.0,United Kingdom
563432,22729,ALARM CLOCK BAKELIKE ORANGE,2,2011-08-16 12:12:00,3.75,16713.0,United Kingdom
563432,22727,ALARM CLOCK BAKELIKE RED ,3,2011-08-16 12:12:00,3.75,16713.0,United Kingdom
563432,22730,ALARM CLOCK BAKELIKE IVORY,2,2011-08-16 12:12:00,3.75,16713.0,United Kingdom
563432,22725,ALARM CLOCK BAKELIKE CHOCOLATE,2,2011-08-16 12:12:00,3.75,16713.0,United Kingdom
563432,22726,ALARM CLOCK BAKELIKE GREEN,2,2011-08-16 12:12:00,3.75,16713.0,United Kingdom
C563433,84629,WHITE 3 FRAME BIRDS AND TREE ,-1,2011-08-16 12:14:00,4.95,16033.0,United Kingdom
C563433,22666,RECIPE BOX PANTRY YELLOW DESIGN,-1,2011-08-16 12:14:00,2.95,16033.0,United Kingdom
C563433,21874,GIN AND TONIC MUG,-1,2011-08-16 12:14:00,1.25,16033.0,United Kingdom
563434,22814,CARD PARTY GAMES ,12,2011-08-16 12:21:00,0.42,14057.0,United Kingdom
563434,22522,CHILDS GARDEN FORK BLUE ,6,2011-08-16 12:21:00,0.85,14057.0,United Kingdom
563434,22523,CHILDS GARDEN FORK PINK,6,2011-08-16 12:21:00,0.85,14057.0,United Kingdom
563434,22418,10 COLOUR SPACEBOY PEN,12,2011-08-16 12:21:00,0.85,14057.0,United Kingdom
563434,22360,GLASS JAR ENGLISH CONFECTIONERY,1,2011-08-16 12:21:00,2.95,14057.0,United Kingdom
563434,23347,I LOVE LONDON BEAKER,12,2011-08-16 12:21:00,1.25,14057.0,United Kingdom
563434,22616,PACK OF 12 LONDON TISSUES ,48,2011-08-16 12:21:00,0.29,14057.0,United Kingdom
563434,22659,LUNCH BOX I LOVE LONDON,8,2011-08-16 12:21:00,1.95,14057.0,United Kingdom
563434,22902,TOTE BAG I LOVE LONDON,4,2011-08-16 12:21:00,2.1,14057.0,United Kingdom
563434,20749,ASSORTED COLOUR MINI CASES,4,2011-08-16 12:21:00,7.95,14057.0,United Kingdom
563434,22693,GROW A FLYTRAP OR SUNFLOWER IN TIN,24,2011-08-16 12:21:00,1.25,14057.0,United Kingdom
563434,20750,RED RETROSPOT MINI CASES,4,2011-08-16 12:21:00,7.95,14057.0,United Kingdom
563434,22561,WOODEN SCHOOL COLOURING SET,24,2011-08-16 12:21:00,1.65,14057.0,United Kingdom
563434,22491,PACK OF 12 COLOURED PENCILS,12,2011-08-16 12:21:00,0.85,14057.0,United Kingdom
563434,22489,PACK OF 12 TRADITIONAL CRAYONS,24,2011-08-16 12:21:00,0.42,14057.0,United Kingdom
563434,22555,PLASTERS IN TIN STRONGMAN,24,2011-08-16 12:21:00,1.65,14057.0,United Kingdom
563434,22556,PLASTERS IN TIN CIRCUS PARADE ,24,2011-08-16 12:21:00,1.65,14057.0,United Kingdom
563434,23238,SET OF 4 KNICK KNACK TINS LONDON ,24,2011-08-16 12:21:00,4.15,14057.0,United Kingdom
563434,22973,CHILDREN'S CIRCUS PARADE MUG,6,2011-08-16 12:21:00,1.65,14057.0,United Kingdom
563434,22976,CIRCUS PARADE CHILDRENS EGG CUP ,12,2011-08-16 12:21:00,1.25,14057.0,United Kingdom
563434,22988,SOLDIERS EGG CUP ,12,2011-08-16 12:21:00,1.25,14057.0,United Kingdom
563434,22970,LONDON BUS COFFEE MUG,12,2011-08-16 12:21:00,2.55,14057.0,United Kingdom
563434,22971,QUEENS GUARD COFFEE MUG,12,2011-08-16 12:21:00,2.55,14057.0,United Kingdom
563434,23199,JUMBO BAG APPLES,2,2011-08-16 12:21:00,2.08,14057.0,United Kingdom
563434,23201,JUMBO BAG ALPHABET,1,2011-08-16 12:21:00,2.08,14057.0,United Kingdom
563435,23144,ZINC T-LIGHT HOLDER STARS SMALL,48,2011-08-16 12:29:00,0.83,16131.0,United Kingdom
563435,48194,DOORMAT HEARTS,10,2011-08-16 12:29:00,6.75,16131.0,United Kingdom
563435,21985,PACK OF 12 HEARTS DESIGN TISSUES ,24,2011-08-16 12:29:00,0.29,16131.0,United Kingdom
563435,22595,GINGHAM HEART DECORATION,24,2011-08-16 12:29:00,0.85,16131.0,United Kingdom
563435,85123A,WHITE HANGING HEART T-LIGHT HOLDER,32,2011-08-16 12:29:00,2.55,16131.0,United Kingdom
563435,21982,PACK OF 12 SUKI TISSUES ,24,2011-08-16 12:29:00,0.29,16131.0,United Kingdom
563435,21986,PACK OF 12 PINK POLKADOT TISSUES,24,2011-08-16 12:29:00,0.29,16131.0,United Kingdom
563435,21984,PACK OF 12 PINK PAISLEY TISSUES ,24,2011-08-16 12:29:00,0.29,16131.0,United Kingdom
563435,22614,PACK OF 12 SPACEBOY TISSUES,24,2011-08-16 12:29:00,0.29,16131.0,United Kingdom
563435,22219,LOVEBIRD HANGING DECORATION WHITE ,48,2011-08-16 12:29:00,0.85,16131.0,United Kingdom
563435,84879,ASSORTED COLOUR BIRD ORNAMENT,24,2011-08-16 12:29:00,1.69,16131.0,United Kingdom
563435,22335,HEART DECORATION PAINTED ZINC ,24,2011-08-16 12:29:00,0.65,16131.0,United Kingdom
563435,23103,JINGLE BELL HEART DECORATION,24,2011-08-16 12:29:00,1.65,16131.0,United Kingdom
563435,21770,OPEN CLOSED METAL SIGN,8,2011-08-16 12:29:00,4.95,16131.0,United Kingdom
563435,82582,AREA PATROLLED METAL SIGN,72,2011-08-16 12:29:00,1.85,16131.0,United Kingdom
563435,22115,METAL SIGN EMPIRE TEA,12,2011-08-16 12:29:00,0.79,16131.0,United Kingdom
563435,22193,RED DINER WALL CLOCK,2,2011-08-16 12:29:00,8.5,16131.0,United Kingdom
563435,22192,BLUE DINER WALL CLOCK,2,2011-08-16 12:29:00,8.5,16131.0,United Kingdom
563436,22624,IVORY KITCHEN SCALES,2,2011-08-16 12:32:00,8.5,16131.0,United Kingdom
563437,16237,SLEEPING CAT ERASERS,30,2011-08-16 12:52:00,0.21,14232.0,United Kingdom
563437,21172,PARTY METAL SIGN ,24,2011-08-16 12:52:00,1.45,14232.0,United Kingdom
563437,23310,BUBBLEGUM RING ASSORTED,72,2011-08-16 12:52:00,0.42,14232.0,United Kingdom
563437,47563A,RETRO LONGBOARD IRONING BOARD COVER,12,2011-08-16 12:52:00,1.25,14232.0,United Kingdom
563437,84212,"ASSORTED FLOWER COLOUR ""LEIS""",48,2011-08-16 12:52:00,0.65,14232.0,United Kingdom
563437,21562,HAWAIIAN GRASS SKIRT ,12,2011-08-16 12:52:00,1.25,14232.0,United Kingdom
563437,21497,FANCY FONTS BIRTHDAY WRAP,25,2011-08-16 12:52:00,0.42,14232.0,United Kingdom
563437,23232,WRAP VINTAGE LEAF DESIGN,25,2011-08-16 12:52:00,0.42,14232.0,United Kingdom
563437,37327,ASSTD MULTICOLOUR CIRCLES MUG,48,2011-08-16 12:52:00,0.39,14232.0,United Kingdom
563437,82482,WOODEN PICTURE FRAME WHITE FINISH,12,2011-08-16 12:52:00,2.55,14232.0,United Kingdom
563437,22318,FIVE HEART HANGING DECORATION,6,2011-08-16 12:52:00,2.95,14232.0,United Kingdom
563437,23146,TRIPLE HOOK ANTIQUE IVORY ROSE,4,2011-08-16 12:52:00,3.29,14232.0,United Kingdom
563437,23148,MINIATURE ANTIQUE ROSE HOOK IVORY,12,2011-08-16 12:52:00,0.83,14232.0,United Kingdom
563437,84077,WORLD WAR 2 GLIDERS ASSTD DESIGNS,48,2011-08-16 12:52:00,0.29,14232.0,United Kingdom
563438,22560,TRADITIONAL MODELLING CLAY,24,2011-08-16 12:59:00,1.25,13743.0,United Kingdom
563438,23188,VINTAGE  2 METER FOLDING RULER,24,2011-08-16 12:59:00,1.65,13743.0,United Kingdom
563438,22493,PAINT YOUR OWN CANVAS SET,12,2011-08-16 12:59:00,1.65,13743.0,United Kingdom
563438,22561,WOODEN SCHOOL COLOURING SET,24,2011-08-16 12:59:00,1.65,13743.0,United Kingdom
563438,22492,MINI PAINT SET VINTAGE ,36,2011-08-16 12:59:00,0.65,13743.0,United Kingdom
563438,84077,WORLD WAR 2 GLIDERS ASSTD DESIGNS,48,2011-08-16 12:59:00,0.29,13743.0,United Kingdom
563439,20675,BLUE POLKADOT BOWL,2,2011-08-16 13:05:00,2.46,,United Kingdom
563439,20677,PINK POLKADOT BOWL,1,2011-08-16 13:05:00,2.46,,United Kingdom
563439,20719,WOODLAND CHARLOTTE BAG,40,2011-08-16 13:05:00,2.46,,United Kingdom
563439,20723,STRAWBERRY CHARLOTTE BAG,42,2011-08-16 13:05:00,2.46,,United Kingdom
563439,20724,RED RETROSPOT CHARLOTTE BAG,53,2011-08-16 13:05:00,2.46,,United Kingdom
563439,20725,LUNCH BAG RED RETROSPOT,28,2011-08-16 13:05:00,4.96,,United Kingdom
563439,20726,LUNCH BAG WOODLAND,20,2011-08-16 13:05:00,4.96,,United Kingdom
563439,20727,LUNCH BAG  BLACK SKULL.,19,2011-08-16 13:05:00,4.96,,United Kingdom
563439,20728,LUNCH BAG CARS BLUE,12,2011-08-16 13:05:00,4.96,,United Kingdom
563439,20966,SANDWICH BATH SPONGE,3,2011-08-16 13:05:00,2.46,,United Kingdom
563439,21041,RED RETROSPOT OVEN GLOVE DOUBLE,10,2011-08-16 13:05:00,6.63,,United Kingdom
563439,21154,RED RETROSPOT OVEN GLOVE ,12,2011-08-16 13:05:00,3.29,,United Kingdom
563439,21155,RED RETROSPOT PEG BAG,14,2011-08-16 13:05:00,4.96,,United Kingdom
563439,21212,PACK OF 72 RETROSPOT CAKE CASES,26,2011-08-16 13:05:00,2.08,,United Kingdom
563439,21212,PACK OF 72 RETROSPOT CAKE CASES,1,2011-08-16 13:05:00,5.0,,United Kingdom
563439,21213,PACK OF 72 SKULL CAKE CASES,6,2011-08-16 13:05:00,2.08,,United Kingdom
563439,21232,STRAWBERRY CERAMIC TRINKET BOX,1,2011-08-16 13:05:00,3.29,,United Kingdom
563439,21239,PINK  POLKADOT CUP,6,2011-08-16 13:05:00,1.63,,United Kingdom
563439,21240,BLUE POLKADOT CUP,7,2011-08-16 13:05:00,1.63,,United Kingdom
563439,21242,RED RETROSPOT PLATE ,3,2011-08-16 13:05:00,3.29,,United Kingdom
563439,21243,PINK  POLKADOT PLATE ,3,2011-08-16 13:05:00,3.29,,United Kingdom
563439,21244,BLUE POLKADOT PLATE ,1,2011-08-16 13:05:00,3.29,,United Kingdom
563439,21484,CHICK GREY HOT WATER BOTTLE,2,2011-08-16 13:05:00,8.29,,United Kingdom
563439,21668,RED STRIPE CERAMIC DRAWER KNOB,8,2011-08-16 13:05:00,2.46,,United Kingdom
563439,21670,BLUE SPOT CERAMIC DRAWER KNOB,6,2011-08-16 13:05:00,3.29,,United Kingdom
563439,21671,RED SPOT CERAMIC DRAWER KNOB,6,2011-08-16 13:05:00,3.29,,United Kingdom
563439,21672,WHITE SPOT RED CERAMIC DRAWER KNOB,8,2011-08-16 13:05:00,2.46,,United Kingdom
563439,21714,CITRONELLA CANDLE GARDEN POT,10,2011-08-16 13:05:00,3.29,,United Kingdom
563439,21976,PACK OF 60 MUSHROOM CAKE CASES,1,2011-08-16 13:05:00,2.08,,United Kingdom
563439,22041,"RECORD FRAME 7"" SINGLE SIZE ",6,2011-08-16 13:05:00,4.96,,United Kingdom
563439,22110,BIRD HOUSE HOT WATER BOTTLE,1,2011-08-16 13:05:00,7.46,,United Kingdom
563439,22174,PHOTO CUBE,1,2011-08-16 13:05:00,4.13,,United Kingdom
563439,22197,POPCORN HOLDER,9,2011-08-16 13:05:00,1.63,,United Kingdom
563439,22327,ROUND SNACK BOXES SET OF 4 SKULLS,6,2011-08-16 13:05:00,6.63,,United Kingdom
563439,22328,ROUND SNACK BOXES SET OF 4 FRUITS ,8,2011-08-16 13:05:00,4.13,,United Kingdom
563439,22355,CHARLOTTE BAG SUKI DESIGN,86,2011-08-16 13:05:00,2.46,,United Kingdom
563439,22356,CHARLOTTE BAG PINK POLKADOT,23,2011-08-16 13:05:00,2.46,,United Kingdom
563439,22377,BOTTLE BAG RETROSPOT ,2,2011-08-16 13:05:00,4.13,,United Kingdom
563439,22382,LUNCH BAG SPACEBOY DESIGN ,13,2011-08-16 13:05:00,4.96,,United Kingdom
563439,22383,LUNCH BAG SUKI DESIGN ,19,2011-08-16 13:05:00,4.96,,United Kingdom
563439,22384,LUNCH BAG PINK POLKADOT,4,2011-08-16 13:05:00,4.96,,United Kingdom
563439,22417,PACK OF 60 SPACEBOY CAKE CASES,3,2011-08-16 13:05:00,2.08,,United Kingdom
563439,22423,REGENCY CAKESTAND 3 TIER,8,2011-08-16 13:05:00,24.96,,United Kingdom
563439,22624,IVORY KITCHEN SCALES,1,2011-08-16 13:05:00,16.63,,United Kingdom
563439,22631,CIRCUS PARADE LUNCH BOX ,1,2011-08-16 13:05:00,3.29,,United Kingdom
563439,22644,CERAMIC CHERRY CAKE MONEY BANK,3,2011-08-16 13:05:00,4.13,,United Kingdom
563439,22660,DOORMAT I LOVE LONDON,1,2011-08-16 13:05:00,12.46,,United Kingdom
563439,22665,RECIPE BOX BLUE SKETCHBOOK DESIGN,4,2011-08-16 13:05:00,6.63,,United Kingdom
563439,22666,RECIPE BOX PANTRY YELLOW DESIGN,7,2011-08-16 13:05:00,6.63,,United Kingdom
563439,22691,DOORMAT WELCOME SUNRISE,1,2011-08-16 13:05:00,17.88,,United Kingdom
563439,22725,ALARM CLOCK BAKELIKE CHOCOLATE,1,2011-08-16 13:05:00,8.29,,United Kingdom
563439,22726,ALARM CLOCK BAKELIKE GREEN,3,2011-08-16 13:05:00,8.29,,United Kingdom
563439,22727,ALARM CLOCK BAKELIKE RED ,4,2011-08-16 13:05:00,8.29,,United Kingdom
563439,22728,ALARM CLOCK BAKELIKE PINK,2,2011-08-16 13:05:00,8.29,,United Kingdom
563439,22730,ALARM CLOCK BAKELIKE IVORY,1,2011-08-16 13:05:00,8.29,,United Kingdom
563439,22739,RIBBON REEL CHRISTMAS SOCK BAUBLE,1,2011-08-16 13:05:00,4.13,,United Kingdom
563439,22772,PINK DRAWER KNOB ACRYLIC EDWARDIAN,14,2011-08-16 13:05:00,2.46,,United Kingdom
563439,22775,PURPLE DRAWERKNOB ACRYLIC EDWARDIAN,12,2011-08-16 13:05:00,2.46,,United Kingdom
563439,22805,BLUE DRAWER KNOB ACRYLIC EDWARDIAN,1,2011-08-16 13:05:00,2.46,,United Kingdom
563439,22898,CHILDRENS APRON APPLES DESIGN,1,2011-08-16 13:05:00,4.96,,United Kingdom
563439,22910,PAPER CHAIN KIT VINTAGE CHRISTMAS,1,2011-08-16 13:05:00,6.63,,United Kingdom
563439,23168,CLASSIC CAFE SUGAR DISPENSER,2,2011-08-16 13:05:00,3.29,,United Kingdom
563439,23205,CHARLOTTE BAG VINTAGE ALPHABET ,13,2011-08-16 13:05:00,2.46,,United Kingdom
563439,23206,LUNCH BAG APPLE DESIGN,7,2011-08-16 13:05:00,4.96,,United Kingdom
563439,23207,LUNCH BAG ALPHABET DESIGN,1,2011-08-16 13:05:00,4.96,,United Kingdom
563439,23208,LUNCH BAG VINTAGE LEAF DESIGN,1,2011-08-16 13:05:00,4.96,,United Kingdom
563439,23298,SPOTTY BUNTING,20,2011-08-16 13:05:00,10.79,,United Kingdom
563439,47566,PARTY BUNTING,31,2011-08-16 13:05:00,10.79,,United Kingdom
563439,79321,CHILLI LIGHTS,8,2011-08-16 13:05:00,12.46,,United Kingdom
563439,82583,HOT BATHS METAL SIGN,17,2011-08-16 13:05:00,4.96,,United Kingdom
563439,84029E,RED WOOLLY HOTTIE WHITE HEART.,3,2011-08-16 13:05:00,7.46,,United Kingdom
563439,84692,BOX OF 24 COCKTAIL PARASOLS,12,2011-08-16 13:05:00,1.63,,United Kingdom
563439,84989a,75 GREEN FAIRY CAKE CASES,1,2011-08-16 13:05:00,2.08,,United Kingdom
563439,84997c,CHILDRENS CUTLERY POLKADOT BLUE,2,2011-08-16 13:05:00,8.29,,United Kingdom
563439,84997d,CHILDRENS CUTLERY POLKADOT PINK,1,2011-08-16 13:05:00,8.29,,United Kingdom
563440,16045,POPART WOODEN PENCILS ASST,100,2011-08-16 13:12:00,0.04,13189.0,United Kingdom
563440,16048,TEATIME ROUND PENCIL SHARPENER ,24,2011-08-16 13:12:00,0.12,13189.0,United Kingdom
563440,16054,POPART RECT PENCIL SHARPENER ASST,36,2011-08-16 13:12:00,0.12,13189.0,United Kingdom
563440,21084,SET/6 COLLAGE PAPER CUPS,24,2011-08-16 13:12:00,0.19,13189.0,United Kingdom
563440,21090,SET/6 COLLAGE PAPER PLATES,12,2011-08-16 13:12:00,0.39,13189.0,United Kingdom
563440,21088,SET/6 FRUIT SALAD PAPER CUPS,24,2011-08-16 13:12:00,0.19,13189.0,United Kingdom
563440,21096,SET/6 FRUIT SALAD  PAPER PLATES,12,2011-08-16 13:12:00,0.39,13189.0,United Kingdom
563440,21208,PASTEL COLOUR HONEYCOMB FAN,12,2011-08-16 13:12:00,0.39,13189.0,United Kingdom
563440,21179,NO JUNK MAIL METAL SIGN,24,2011-08-16 13:12:00,0.39,13189.0,United Kingdom
563440,21642,ASSORTED TUTTI FRUTTI PEN,24,2011-08-16 13:12:00,0.29,13189.0,United Kingdom
563440,22161,HEART DECORATION RUSTIC HANGING ,24,2011-08-16 13:12:00,0.19,13189.0,United Kingdom
563440,23187,FRENCH STYLE STORAGE JAR BONBONS,48,2011-08-16 13:12:00,0.29,13189.0,United Kingdom
563440,35818B,"ACRYLIC JEWEL ICICLE, BLUE",24,2011-08-16 13:12:00,0.38,13189.0,United Kingdom
563440,35816P,"ACRYLIC JEWEL ANGEL,PINK",30,2011-08-16 13:12:00,0.38,13189.0,United Kingdom
563440,35923,CANDY HEART HANGING DECORATION,12,2011-08-16 13:12:00,0.39,13189.0,United Kingdom
563440,79163,BLACK CHAMPAGNE GLASS,48,2011-08-16 13:12:00,0.39,13189.0,United Kingdom
563440,85212,MINI PAINTED GARDEN DECORATION ,24,2011-08-16 13:12:00,0.29,13189.0,United Kingdom
563440,72225C,LAVENDER SCENT CAKE CANDLE,24,2011-08-16 13:12:00,0.29,13189.0,United Kingdom
563441,85066,CREAM SWEETHEART MINI CHEST,2,2011-08-16 13:13:00,12.75,13140.0,United Kingdom
563441,22288,HANGING METAL RABBIT DECORATION,12,2011-08-16 13:13:00,1.25,13140.0,United Kingdom
563441,22286,DECORATION WOBBLY RABBIT METAL ,6,2011-08-16 13:13:00,0.39,13140.0,United Kingdom
563441,23202,JUMBO BAG VINTAGE LEAF,1,2011-08-16 13:13:00,2.08,13140.0,United Kingdom
563441,23093,SMALL PARISIENNE HEART PHOTO FRAME ,4,2011-08-16 13:13:00,2.49,13140.0,United Kingdom
563441,85123A,WHITE HANGING HEART T-LIGHT HOLDER,5,2011-08-16 13:13:00,2.95,13140.0,United Kingdom
563441,22703,PINK CAT BOWL,1,2011-08-16 13:13:00,2.1,13140.0,United Kingdom
563441,20845,ZINC HEART LATTICE 2 WALL PLANTER,1,2011-08-16 13:13:00,6.35,13140.0,United Kingdom
563441,84924A,WAKE UP COCKEREL CALENDAR SIGN ,2,2011-08-16 13:13:00,3.75,13140.0,United Kingdom
563441,23134,LARGE ZINC HEART WALL ORGANISER,2,2011-08-16 13:13:00,8.25,13140.0,United Kingdom
563441,22188,BLACK HEART CARD HOLDER,2,2011-08-16 13:13:00,3.95,13140.0,United Kingdom
563441,23135,SMALL ZINC HEART WALL ORGANISER,2,2011-08-16 13:13:00,5.75,13140.0,United Kingdom
563441,23332,IVORY WICKER HEART LARGE,6,2011-08-16 13:13:00,1.65,13140.0,United Kingdom
563441,22588,CARD HOLDER GINGHAM HEART,3,2011-08-16 13:13:00,2.89,13140.0,United Kingdom
563441,23322,LARGE WHITE HEART OF WICKER,2,2011-08-16 13:13:00,2.95,13140.0,United Kingdom
563441,23323,WHITE WICKER STAR ,2,2011-08-16 13:13:00,2.1,13140.0,United Kingdom
563442,23245,SET OF 3 REGENCY CAKE TINS,4,2011-08-16 13:25:00,4.95,17637.0,United Kingdom
563442,22923,FRIDGE MAGNETS LES ENFANTS ASSORTED,12,2011-08-16 13:25:00,0.85,17637.0,United Kingdom
563442,22915,ASSORTED BOTTLE TOP  MAGNETS ,12,2011-08-16 13:25:00,0.42,17637.0,United Kingdom
563442,23173,REGENCY TEAPOT ROSES ,2,2011-08-16 13:25:00,9.95,17637.0,United Kingdom
563442,84279P,CHERRY BLOSSOM  DECORATIVE FLASK,4,2011-08-16 13:25:00,3.75,17637.0,United Kingdom
563442,84968A,SET OF 16 VINTAGE ROSE CUTLERY,1,2011-08-16 13:25:00,12.75,17637.0,United Kingdom
563442,21465,PINK FLOWER CROCHET FOOD COVER,6,2011-08-16 13:25:00,3.75,17637.0,United Kingdom
563442,21471,STRAWBERRY RAFFIA FOOD COVER,6,2011-08-16 13:25:00,3.75,17637.0,United Kingdom
563442,22698,PINK REGENCY TEACUP AND SAUCER,6,2011-08-16 13:25:00,2.95,17637.0,United Kingdom
563442,22699,ROSES REGENCY TEACUP AND SAUCER ,6,2011-08-16 13:25:00,2.95,17637.0,United Kingdom
563442,22697,GREEN REGENCY TEACUP AND SAUCER,6,2011-08-16 13:25:00,2.95,17637.0,United Kingdom
563442,22030,SWALLOWS GREETING CARD,12,2011-08-16 13:25:00,0.42,17637.0,United Kingdom
563442,22715,CARD WEDDING DAY,12,2011-08-16 13:25:00,0.42,17637.0,United Kingdom
563442,22032,BOTANICAL LILY GREETING CARD,12,2011-08-16 13:25:00,0.42,17637.0,United Kingdom
563442,22984,CARD GINGHAM ROSE ,12,2011-08-16 13:25:00,0.42,17637.0,United Kingdom
563442,85015,SET OF 12  VINTAGE POSTCARD SET,24,2011-08-16 13:25:00,0.65,17637.0,United Kingdom
563442,47504K,ENGLISH ROSE GARDEN SECATEURS,12,2011-08-16 13:25:00,0.79,17637.0,United Kingdom
563442,22960,JAM MAKING SET WITH JARS,6,2011-08-16 13:25:00,4.25,17637.0,United Kingdom
563442,20831,GOLD PHOTO FRAME,6,2011-08-16 13:25:00,2.1,17637.0,United Kingdom
563442,82482,WOODEN PICTURE FRAME WHITE FINISH,6,2011-08-16 13:25:00,2.55,17637.0,United Kingdom
563442,84818,DANISH ROSE PHOTO FRAME,24,2011-08-16 13:25:00,0.79,17637.0,United Kingdom
563442,21135,VICTORIAN  METAL POSTCARD SPRING,8,2011-08-16 13:25:00,1.69,17637.0,United Kingdom
563442,21136,PAINTED METAL PEARS ASSORTED,8,2011-08-16 13:25:00,1.69,17637.0,United Kingdom
563442,84879,ASSORTED COLOUR BIRD ORNAMENT,8,2011-08-16 13:25:00,1.69,17637.0,United Kingdom
563443,22325,MOBILE VINTAGE HEARTS ,3,2011-08-16 13:26:00,4.95,12641.0,Sweden
563443,22556,PLASTERS IN TIN CIRCUS PARADE ,12,2011-08-16 13:26:00,1.65,12641.0,Sweden
563443,22371,AIRLINE BAG VINTAGE TOKYO 78,4,2011-08-16 13:26:00,4.25,12641.0,Sweden
563443,22377,BOTTLE BAG RETROSPOT ,5,2011-08-16 13:26:00,2.1,12641.0,Sweden
563443,22626,BLACK KITCHEN SCALES,2,2011-08-16 13:26:00,8.5,12641.0,Sweden
563443,22932,BAKING MOULD TOFFEE CUP CHOCOLATE,6,2011-08-16 13:26:00,2.55,12641.0,Sweden
563443,21977,PACK OF 60 PINK PAISLEY CAKE CASES,24,2011-08-16 13:26:00,0.55,12641.0,Sweden
563443,21108,FAIRY CAKE FLANNEL ASSORTED COLOUR,9,2011-08-16 13:26:00,2.55,12641.0,Sweden
563443,POST,POSTAGE,1,2011-08-16 13:26:00,40.0,12641.0,Sweden
563443,22467,GUMBALL COAT RACK,6,2011-08-16 13:26:00,2.55,12641.0,Sweden
563444,48138,DOORMAT UNION FLAG,2,2011-08-16 13:50:00,7.95,16033.0,United Kingdom
563444,22691,DOORMAT WELCOME SUNRISE,6,2011-08-16 13:50:00,7.95,16033.0,United Kingdom
563444,48129,DOORMAT TOPIARY,1,2011-08-16 13:50:00,7.95,16033.0,United Kingdom
563444,48111,DOORMAT 3 SMILEY CATS,1,2011-08-16 13:50:00,7.95,16033.0,United Kingdom
563444,21623,VINTAGE UNION JACK MEMOBOARD,1,2011-08-16 13:50:00,9.95,16033.0,United Kingdom
563444,22170,PICTURE FRAME WOOD TRIPLE PORTRAIT,4,2011-08-16 13:50:00,6.75,16033.0,United Kingdom
563444,22171,3 HOOK PHOTO SHELF ANTIQUE WHITE,2,2011-08-16 13:50:00,8.5,16033.0,United Kingdom
563444,22607,WOODEN ROUNDERS GARDEN SET ,2,2011-08-16 13:50:00,9.95,16033.0,United Kingdom
563444,22507,MEMO BOARD RETROSPOT  DESIGN,4,2011-08-16 13:50:00,4.95,16033.0,United Kingdom
563444,21786,POLKADOT RAIN HAT ,2,2011-08-16 13:50:00,0.42,16033.0,United Kingdom
563444,23374,RED SPOT PAPER GIFT BAG,5,2011-08-16 13:50:00,0.82,16033.0,United Kingdom
563444,22998,TRAVEL CARD WALLET KEEP CALM,24,2011-08-16 13:50:00,0.42,16033.0,United Kingdom
563444,21889,WOODEN BOX OF DOMINOES,2,2011-08-16 13:50:00,1.25,16033.0,United Kingdom
563444,85176,SEWING SUSAN 21 NEEDLE SET,4,2011-08-16 13:50:00,0.85,16033.0,United Kingdom
563444,85178,VICTORIAN SEWING KIT,4,2011-08-16 13:50:00,1.25,16033.0,United Kingdom
563444,22651,GENTLEMAN SHIRT REPAIR KIT ,2,2011-08-16 13:50:00,0.85,16033.0,United Kingdom
563444,21745,GAOLERS KEYS DECORATIVE GARDEN ,1,2011-08-16 13:50:00,3.75,16033.0,United Kingdom
563444,21787,RAIN PONCHO RETROSPOT,5,2011-08-16 13:50:00,0.85,16033.0,United Kingdom
563444,47566,PARTY BUNTING,7,2011-08-16 13:50:00,4.95,16033.0,United Kingdom
563444,47566B,TEA TIME PARTY BUNTING,1,2011-08-16 13:50:00,4.95,16033.0,United Kingdom
563444,23298,SPOTTY BUNTING,7,2011-08-16 13:50:00,4.95,16033.0,United Kingdom
563444,23301,GARDENERS KNEELING PAD KEEP CALM ,3,2011-08-16 13:50:00,1.65,16033.0,United Kingdom
563444,23300,GARDENERS KNEELING PAD CUP OF TEA ,3,2011-08-16 13:50:00,1.65,16033.0,United Kingdom
563444,23065,LARGE DECO JEWELLERY STAND,2,2011-08-16 13:50:00,12.5,16033.0,United Kingdom
563444,22763,KEY CABINET MA CAMPAGNE,1,2011-08-16 13:50:00,9.95,16033.0,United Kingdom
563444,22508,DOORSTOP RETROSPOT HEART,2,2011-08-16 13:50:00,3.75,16033.0,United Kingdom
563444,21411,GINGHAM HEART  DOORSTOP RED,2,2011-08-16 13:50:00,4.25,16033.0,United Kingdom
563444,22371,AIRLINE BAG VINTAGE TOKYO 78,1,2011-08-16 13:50:00,4.25,16033.0,United Kingdom
563444,22374,AIRLINE BAG VINTAGE JET SET RED,3,2011-08-16 13:50:00,4.25,16033.0,United Kingdom
563444,21755,LOVE BUILDING BLOCK WORD,1,2011-08-16 13:50:00,5.95,16033.0,United Kingdom
563444,85123A,WHITE HANGING HEART T-LIGHT HOLDER,6,2011-08-16 13:50:00,2.95,16033.0,United Kingdom
563444,22138,BAKING SET 9 PIECE RETROSPOT ,1,2011-08-16 13:50:00,4.95,16033.0,United Kingdom
563444,23132,SMALL IVORY HEART WALL ORGANISER,1,2011-08-16 13:50:00,5.75,16033.0,United Kingdom
563444,21903,MAN FLU METAL SIGN,2,2011-08-16 13:50:00,2.1,16033.0,United Kingdom
563444,21908,CHOCOLATE THIS WAY METAL SIGN,5,2011-08-16 13:50:00,2.1,16033.0,United Kingdom
563444,22115,METAL SIGN EMPIRE TEA,2,2011-08-16 13:50:00,0.79,16033.0,United Kingdom
563444,21175,GIN + TONIC DIET METAL SIGN,2,2011-08-16 13:50:00,2.55,16033.0,United Kingdom
563444,21174,POTTERING IN THE SHED METAL SIGN,2,2011-08-16 13:50:00,2.08,16033.0,United Kingdom
563444,82567,"AIRLINE LOUNGE,METAL SIGN",2,2011-08-16 13:50:00,2.1,16033.0,United Kingdom
563444,21165,BEWARE OF THE CAT METAL SIGN ,5,2011-08-16 13:50:00,1.69,16033.0,United Kingdom
563444,22382,LUNCH BAG SPACEBOY DESIGN ,4,2011-08-16 13:50:00,1.65,16033.0,United Kingdom
563444,20728,LUNCH BAG CARS BLUE,5,2011-08-16 13:50:00,1.65,16033.0,United Kingdom
563444,22384,LUNCH BAG PINK POLKADOT,6,2011-08-16 13:50:00,1.65,16033.0,United Kingdom
563444,21626,VINTAGE UNION JACK PENNANT,2,2011-08-16 13:50:00,1.95,16033.0,United Kingdom
563444,22053,EMPIRE DESIGN ROSETTE,2,2011-08-16 13:50:00,1.25,16033.0,United Kingdom
563444,21624,VINTAGE UNION JACK DOORSTOP,1,2011-08-16 13:50:00,5.95,16033.0,United Kingdom
563444,22099,CARAVAN SQUARE TISSUE BOX,4,2011-08-16 13:50:00,0.39,16033.0,United Kingdom
563444,23148,MINIATURE ANTIQUE ROSE HOOK IVORY,5,2011-08-16 13:50:00,0.83,16033.0,United Kingdom
563444,23146,TRIPLE HOOK ANTIQUE IVORY ROSE,2,2011-08-16 13:50:00,3.29,16033.0,United Kingdom
563444,22725,ALARM CLOCK BAKELIKE CHOCOLATE,1,2011-08-16 13:50:00,3.75,16033.0,United Kingdom
563444,22729,ALARM CLOCK BAKELIKE ORANGE,1,2011-08-16 13:50:00,3.75,16033.0,United Kingdom
563444,22666,RECIPE BOX PANTRY YELLOW DESIGN,1,2011-08-16 13:50:00,2.95,16033.0,United Kingdom
563444,22667,RECIPE BOX RETROSPOT ,2,2011-08-16 13:50:00,2.95,16033.0,United Kingdom
563444,22471,TV DINNER TRAY AIR HOSTESS ,1,2011-08-16 13:50:00,4.95,16033.0,United Kingdom
563444,22634,CHILDS BREAKFAST SET SPACEBOY ,1,2011-08-16 13:50:00,9.95,16033.0,United Kingdom
563444,23236,STORAGE TIN VINTAGE DOILY ,1,2011-08-16 13:50:00,2.89,16033.0,United Kingdom
563444,22445,PENCIL CASE LIFE IS BEAUTIFUL,2,2011-08-16 13:50:00,2.95,16033.0,United Kingdom
563444,23240,SET OF 4 KNICK KNACK TINS DOILY ,1,2011-08-16 13:50:00,4.15,16033.0,United Kingdom
563444,22561,WOODEN SCHOOL COLOURING SET,3,2011-08-16 13:50:00,1.65,16033.0,United Kingdom
563444,23112,PARISIENNE CURIO CABINET,1,2011-08-16 13:50:00,7.5,16033.0,United Kingdom
563444,23190,BUNDLE OF 3 SCHOOL EXERCISE BOOKS  ,3,2011-08-16 13:50:00,1.65,16033.0,United Kingdom
563444,21429,RED GINGHAM ROSE JEWELLERY BOX,1,2011-08-16 13:50:00,1.95,16033.0,United Kingdom
563444,23152,IVORY SWEETHEART WIRE LETTER RACK ,1,2011-08-16 13:50:00,3.75,16033.0,United Kingdom
563444,84912A,PINK ROSE WASHBAG,2,2011-08-16 13:50:00,3.75,16033.0,United Kingdom
563444,84912B,GREEN ROSE WASHBAG,2,2011-08-16 13:50:00,3.75,16033.0,United Kingdom
563444,22358,KINGS CHOICE TEA CADDY ,1,2011-08-16 13:50:00,2.95,16033.0,United Kingdom
563444,22845,VINTAGE CREAM CAT FOOD CONTAINER,1,2011-08-16 13:50:00,6.35,16033.0,United Kingdom
563444,23013,GLASS APOTHECARY BOTTLE TONIC,1,2011-08-16 13:50:00,3.95,16033.0,United Kingdom
563444,21534,DAIRY MAID LARGE MILK JUG,2,2011-08-16 13:50:00,4.95,16033.0,United Kingdom
563444,22429,ENAMEL MEASURING JUG CREAM,2,2011-08-16 13:50:00,4.25,16033.0,United Kingdom
563444,22359,GLASS JAR KINGS CHOICE,3,2011-08-16 13:50:00,2.95,16033.0,United Kingdom
563444,22293,HANGING CHICK GREEN DECORATION,4,2011-08-16 13:50:00,1.45,16033.0,United Kingdom
563444,20658,RED RETROSPOT LUGGAGE TAG,4,2011-08-16 13:50:00,1.25,16033.0,United Kingdom
563444,20652,BLUE POLKADOT LUGGAGE TAG ,4,2011-08-16 13:50:00,1.25,16033.0,United Kingdom
563444,20654,FIRST CLASS LUGGAGE TAG ,4,2011-08-16 13:50:00,1.25,16033.0,United Kingdom
563444,20669,RED HEART LUGGAGE TAG,2,2011-08-16 13:50:00,1.25,16033.0,United Kingdom
563444,22139,RETROSPOT TEA SET CERAMIC 11 PC ,5,2011-08-16 13:50:00,4.95,16033.0,United Kingdom
563444,22993,SET OF 4 PANTRY JELLY MOULDS,2,2011-08-16 13:50:00,1.25,16033.0,United Kingdom
563444,84879,ASSORTED COLOUR BIRD ORNAMENT,4,2011-08-16 13:50:00,1.69,16033.0,United Kingdom
563444,21875,KINGS CHOICE MUG,2,2011-08-16 13:50:00,1.25,16033.0,United Kingdom
563444,22423,REGENCY CAKESTAND 3 TIER,1,2011-08-16 13:50:00,12.75,16033.0,United Kingdom
563444,22357,KINGS CHOICE BISCUIT TIN,1,2011-08-16 13:50:00,4.25,16033.0,United Kingdom
563444,22091,EMPIRE TISSUE BOX,2,2011-08-16 13:50:00,0.39,16033.0,United Kingdom
563444,22093,MOTORING TISSUE BOX,8,2011-08-16 13:50:00,0.39,16033.0,United Kingdom
563444,22098,BOUDOIR SQUARE TISSUE BOX,2,2011-08-16 13:50:00,0.39,16033.0,United Kingdom
563445,85049D,,1,2011-08-16 14:18:00,0.0,,United Kingdom
C563446,POST,POSTAGE,-1,2011-08-16 14:24:00,4.41,15205.0,United Kingdom
563447,21033,,50,2011-08-16 14:25:00,0.0,,United Kingdom
563448,23328,SET 6 SCHOOL MILK BOTTLES IN CRATE,12,2011-08-16 14:28:00,3.75,15220.0,United Kingdom
563448,23145,ZINC T-LIGHT HOLDER STAR LARGE,12,2011-08-16 14:28:00,0.95,15220.0,United Kingdom
563448,23189,SET OF 12 FORK CANDLES,6,2011-08-16 14:28:00,2.89,15220.0,United Kingdom
563448,23144,ZINC T-LIGHT HOLDER STARS SMALL,12,2011-08-16 14:28:00,0.83,15220.0,United Kingdom
563448,23245,SET OF 3 REGENCY CAKE TINS,4,2011-08-16 14:28:00,4.95,15220.0,United Kingdom
563448,23271,CHRISTMAS TABLE SILVER CANDLE SPIKE,16,2011-08-16 14:28:00,0.83,15220.0,United Kingdom
563448,23313,VINTAGE CHRISTMAS BUNTING,5,2011-08-16 14:28:00,4.95,15220.0,United Kingdom
563448,22943,CHRISTMAS LIGHTS 10 VINTAGE BAUBLES,6,2011-08-16 14:28:00,4.95,15220.0,United Kingdom
563448,22035,VINTAGE CARAVAN GREETING CARD ,12,2011-08-16 14:28:00,0.42,15220.0,United Kingdom
563448,21520,BOOZE & WOMEN GREETING CARD ,12,2011-08-16 14:28:00,0.42,15220.0,United Kingdom
563448,22715,CARD WEDDING DAY,12,2011-08-16 14:28:00,0.42,15220.0,United Kingdom
563448,21506,"FANCY FONT BIRTHDAY CARD, ",12,2011-08-16 14:28:00,0.42,15220.0,United Kingdom
563448,22026,BANQUET BIRTHDAY  CARD  ,12,2011-08-16 14:28:00,0.42,15220.0,United Kingdom
563448,22716,CARD CIRCUS PARADE,12,2011-08-16 14:28:00,0.42,15220.0,United Kingdom
563448,22717,CARD DOG AND BALL ,12,2011-08-16 14:28:00,0.42,15220.0,United Kingdom
563448,22585,PACK OF 6 BIRDY GIFT TAGS,12,2011-08-16 14:28:00,1.25,15220.0,United Kingdom
563448,16008,SMALL FOLDING SCISSOR(POINTED EDGE),24,2011-08-16 14:28:00,0.12,15220.0,United Kingdom
563448,20686,DOLLY MIXTURE CHILDREN'S UMBRELLA,6,2011-08-16 14:28:00,3.25,15220.0,United Kingdom
563448,15060B,FAIRY CAKE DESIGN UMBRELLA,4,2011-08-16 14:28:00,3.75,15220.0,United Kingdom
563448,21055,TOOL BOX SOFT TOY ,1,2011-08-16 14:28:00,8.95,15220.0,United Kingdom
563448,84508A,CAMOUFLAGE DESIGN TEDDY,6,2011-08-16 14:28:00,2.55,15220.0,United Kingdom
563448,84580,MOUSE TOY WITH PINK T-SHIRT,4,2011-08-16 14:28:00,3.75,15220.0,United Kingdom
563448,22152,PLACE SETTING WHITE STAR,24,2011-08-16 14:28:00,0.42,15220.0,United Kingdom
563448,20704,MR ROBOT SOFT TOY,2,2011-08-16 14:28:00,6.95,15220.0,United Kingdom
563448,22030,SWALLOWS GREETING CARD,12,2011-08-16 14:28:00,0.42,15220.0,United Kingdom
563448,21504,SKULLS GREETING CARD,12,2011-08-16 14:28:00,0.42,15220.0,United Kingdom
563448,22714,CARD BIRTHDAY COWBOY,12,2011-08-16 14:28:00,0.42,15220.0,United Kingdom
563449,85152,,2,2011-08-16 14:28:00,0.0,,United Kingdom
563450,48111,DOORMAT 3 SMILEY CATS,6,2011-08-16 14:33:00,7.95,16523.0,United Kingdom
563450,48185,DOORMAT FAIRY CAKE,6,2011-08-16 14:33:00,7.95,16523.0,United Kingdom
563450,48184,DOORMAT ENGLISH ROSE ,6,2011-08-16 14:33:00,7.95,16523.0,United Kingdom
563450,48138,DOORMAT UNION FLAG,6,2011-08-16 14:33:00,7.95,16523.0,United Kingdom
563450,16161P,WRAP ENGLISH ROSE ,25,2011-08-16 14:33:00,0.42,16523.0,United Kingdom
563450,22383,LUNCH BAG SUKI DESIGN ,20,2011-08-16 14:33:00,1.65,16523.0,United Kingdom
563450,22384,LUNCH BAG PINK POLKADOT,10,2011-08-16 14:33:00,1.65,16523.0,United Kingdom
563450,22382,LUNCH BAG SPACEBOY DESIGN ,20,2011-08-16 14:33:00,1.65,16523.0,United Kingdom
563450,22385,JUMBO BAG SPACEBOY DESIGN,20,2011-08-16 14:33:00,2.08,16523.0,United Kingdom
563450,23201,JUMBO BAG ALPHABET,30,2011-08-16 14:33:00,2.08,16523.0,United Kingdom
563450,21928,JUMBO BAG SCANDINAVIAN BLUE PAISLEY,20,2011-08-16 14:33:00,2.08,16523.0,United Kingdom
563450,21929,JUMBO BAG PINK VINTAGE PAISLEY,20,2011-08-16 14:33:00,2.08,16523.0,United Kingdom
563450,22386,JUMBO BAG PINK POLKADOT,20,2011-08-16 14:33:00,2.08,16523.0,United Kingdom
563450,23203,JUMBO BAG VINTAGE DOILY ,30,2011-08-16 14:33:00,2.08,16523.0,United Kingdom
563450,21931,JUMBO STORAGE BAG SUKI,30,2011-08-16 14:33:00,2.08,16523.0,United Kingdom
563450,22411,JUMBO SHOPPER VINTAGE RED PAISLEY,30,2011-08-16 14:33:00,2.08,16523.0,United Kingdom
563450,23202,JUMBO BAG VINTAGE LEAF,20,2011-08-16 14:33:00,2.08,16523.0,United Kingdom
563451,37495,FAIRY CAKE BIRTHDAY CANDLE SET,4,2011-08-16 14:34:00,3.75,18241.0,United Kingdom
563451,84509G,SET OF 4 FAIRY CAKE PLACEMATS ,4,2011-08-16 14:34:00,3.75,18241.0,United Kingdom
563451,84509B,SET OF 4 FAIRY CAKE PLACEMATS,4,2011-08-16 14:34:00,3.75,18241.0,United Kingdom
563451,22993,SET OF 4 PANTRY JELLY MOULDS,24,2011-08-16 14:34:00,1.25,18241.0,United Kingdom
563451,22139,RETROSPOT TEA SET CERAMIC 11 PC ,6,2011-08-16 14:34:00,4.95,18241.0,United Kingdom
563452,21033,,12,2011-08-16 14:34:00,0.0,,United Kingdom
563453,21033,taig adjust no stock,-24,2011-08-16 14:34:00,0.0,,United Kingdom
563454,48194,DOORMAT HEARTS,4,2011-08-16 14:41:00,7.95,13305.0,United Kingdom
563454,22178,VICTORIAN GLASS HANGING T-LIGHT,12,2011-08-16 14:41:00,1.25,13305.0,United Kingdom
563454,48187,DOORMAT NEW ENGLAND,8,2011-08-16 14:41:00,7.95,13305.0,United Kingdom
563454,85061W,WHITE JEWELLED HEART DECORATION,24,2011-08-16 14:41:00,0.85,13305.0,United Kingdom
563454,21754,HOME BUILDING BLOCK WORD,3,2011-08-16 14:41:00,5.95,13305.0,United Kingdom
563454,23263,SET OF 3 WOODEN HEART DECORATIONS,12,2011-08-16 14:41:00,1.25,13305.0,United Kingdom
563454,23264,SET OF 3 WOODEN SLEIGH DECORATIONS,12,2011-08-16 14:41:00,1.25,13305.0,United Kingdom
563454,22687,DOORMAT CHRISTMAS VILLAGE,2,2011-08-16 14:41:00,7.95,13305.0,United Kingdom
C563459,84078A,SET/4 WHITE RETRO STORAGE CUBES ,-1,2011-08-16 14:51:00,39.95,17048.0,United Kingdom
563465,22185,SLATE TILE NATURAL HANGING,12,2011-08-16 14:55:00,1.65,16168.0,United Kingdom
563465,22488,NATURAL SLATE RECTANGLE CHALKBOARD,12,2011-08-16 14:55:00,1.65,16168.0,United Kingdom
563465,22456,NATURAL SLATE CHALKBOARD LARGE ,12,2011-08-16 14:55:00,4.95,16168.0,United Kingdom
563465,22457,NATURAL SLATE HEART CHALKBOARD ,12,2011-08-16 14:55:00,2.95,16168.0,United Kingdom
563467,85025C,PINK HEART SHAPE PHOTO FRAME,1,2011-08-16 14:55:00,1.65,,United Kingdom
563467,90179C,BLACK FINE BEAD NECKLACE W TASSEL,1,2011-08-16 14:55:00,5.95,,United Kingdom
563467,22445,PENCIL CASE LIFE IS BEAUTIFUL,1,2011-08-16 14:55:00,2.95,,United Kingdom
563467,22995,TRAVEL CARD WALLET SUKI,1,2011-08-16 14:55:00,0.42,,United Kingdom
563468,22668,PINK BABY BUNTING,10,2011-08-16 14:55:00,2.95,16168.0,United Kingdom
563468,22499,WOODEN UNION JACK BUNTING,6,2011-08-16 14:55:00,5.95,16168.0,United Kingdom
563476,23209,LUNCH BAG VINTAGE DOILY ,20,2011-08-16 15:22:00,1.65,17682.0,United Kingdom
563476,20725,LUNCH BAG RED RETROSPOT,20,2011-08-16 15:22:00,1.65,17682.0,United Kingdom
563476,20728,LUNCH BAG CARS BLUE,20,2011-08-16 15:22:00,1.65,17682.0,United Kingdom
563476,20726,LUNCH BAG WOODLAND,20,2011-08-16 15:22:00,1.65,17682.0,United Kingdom
563476,20727,LUNCH BAG  BLACK SKULL.,20,2011-08-16 15:22:00,1.65,17682.0,United Kingdom
563476,22382,LUNCH BAG SPACEBOY DESIGN ,10,2011-08-16 15:22:00,1.65,17682.0,United Kingdom
563476,22383,LUNCH BAG SUKI DESIGN ,20,2011-08-16 15:22:00,1.65,17682.0,United Kingdom
563476,22384,LUNCH BAG PINK POLKADOT,20,2011-08-16 15:22:00,1.65,17682.0,United Kingdom
563476,23206,LUNCH BAG APPLE DESIGN,20,2011-08-16 15:22:00,1.65,17682.0,United Kingdom
563476,23208,LUNCH BAG VINTAGE LEAF DESIGN,10,2011-08-16 15:22:00,1.65,17682.0,United Kingdom
563476,23207,LUNCH BAG ALPHABET DESIGN,20,2011-08-16 15:22:00,1.65,17682.0,United Kingdom
563476,22662,LUNCH BAG DOLLY GIRL DESIGN,20,2011-08-16 15:22:00,1.65,17682.0,United Kingdom
563476,22607,WOODEN ROUNDERS GARDEN SET ,2,2011-08-16 15:22:00,9.95,17682.0,United Kingdom
563476,22457,NATURAL SLATE HEART CHALKBOARD ,6,2011-08-16 15:22:00,2.95,17682.0,United Kingdom
563476,84879,ASSORTED COLOUR BIRD ORNAMENT,8,2011-08-16 15:22:00,1.69,17682.0,United Kingdom
563476,84978,HANGING HEART JAR T-LIGHT HOLDER,12,2011-08-16 15:22:00,1.25,17682.0,United Kingdom
563477,22243,5 HOOK HANGER RED MAGIC TOADSTOOL,1,2011-08-16 15:39:00,1.65,17097.0,Spain
563477,22244,3 HOOK HANGER MAGIC GARDEN,1,2011-08-16 15:39:00,1.95,17097.0,Spain
563477,47559B,TEA TIME OVEN GLOVE,1,2011-08-16 15:39:00,1.25,17097.0,Spain
563477,20711,JUMBO BAG TOYS ,1,2011-08-16 15:39:00,2.08,17097.0,Spain
563477,22663,JUMBO BAG DOLLY GIRL DESIGN,2,2011-08-16 15:39:00,2.08,17097.0,Spain
563477,23203,JUMBO BAG VINTAGE DOILY ,2,2011-08-16 15:39:00,2.08,17097.0,Spain
563477,21340,CLASSIC METAL BIRDCAGE PLANT HOLDER,1,2011-08-16 15:39:00,12.75,17097.0,Spain
563477,23172,REGENCY TEA PLATE PINK,2,2011-08-16 15:39:00,1.65,17097.0,Spain
563477,23171,REGENCY TEA PLATE GREEN ,4,2011-08-16 15:39:00,1.65,17097.0,Spain
563477,23170,REGENCY TEA PLATE ROSES ,4,2011-08-16 15:39:00,1.65,17097.0,Spain
563477,23174,REGENCY SUGAR BOWL GREEN,1,2011-08-16 15:39:00,4.15,17097.0,Spain
563477,22699,ROSES REGENCY TEACUP AND SAUCER ,5,2011-08-16 15:39:00,2.95,17097.0,Spain
563477,22727,ALARM CLOCK BAKELIKE RED ,1,2011-08-16 15:39:00,3.75,17097.0,Spain
563477,22726,ALARM CLOCK BAKELIKE GREEN,1,2011-08-16 15:39:00,3.75,17097.0,Spain
563477,22326,ROUND SNACK BOXES SET OF4 WOODLAND ,2,2011-08-16 15:39:00,2.95,17097.0,Spain
563477,72741,GRAND CHOCOLATECANDLE,9,2011-08-16 15:39:00,1.45,17097.0,Spain
563477,23173,REGENCY TEAPOT ROSES ,1,2011-08-16 15:39:00,9.95,17097.0,Spain
563477,23245,SET OF 3 REGENCY CAKE TINS,2,2011-08-16 15:39:00,4.95,17097.0,Spain
563477,23236,STORAGE TIN VINTAGE DOILY ,1,2011-08-16 15:39:00,2.89,17097.0,Spain
563477,23240,SET OF 4 KNICK KNACK TINS DOILY ,1,2011-08-16 15:39:00,4.15,17097.0,Spain
563477,23241,TREASURE TIN GYMKHANA DESIGN,1,2011-08-16 15:39:00,2.08,17097.0,Spain
563477,22630,DOLLY GIRL LUNCH BOX,2,2011-08-16 15:39:00,1.95,17097.0,Spain
563477,23005,TRAVEL CARD WALLET I LOVE LONDON,2,2011-08-16 15:39:00,0.42,17097.0,Spain
563477,22646,CERAMIC STRAWBERRY CAKE MONEY BANK,1,2011-08-16 15:39:00,1.45,17097.0,Spain
563477,22644,CERAMIC CHERRY CAKE MONEY BANK,1,2011-08-16 15:39:00,1.45,17097.0,Spain
563477,22645,CERAMIC HEART FAIRY CAKE MONEY BANK,1,2011-08-16 15:39:00,1.45,17097.0,Spain
563477,22399,MAGNETS PACK OF 4 CHILDHOOD MEMORY,3,2011-08-16 15:39:00,1.25,17097.0,Spain
563477,23291,DOLLY GIRL CHILDRENS CUP,1,2011-08-16 15:39:00,1.25,17097.0,Spain
563477,23292,SPACEBOY CHILDRENS CUP,1,2011-08-16 15:39:00,1.25,17097.0,Spain
563477,23290,SPACEBOY CHILDRENS BOWL,1,2011-08-16 15:39:00,1.25,17097.0,Spain
563477,23289,DOLLY GIRL CHILDRENS BOWL,1,2011-08-16 15:39:00,1.25,17097.0,Spain
563477,23146,TRIPLE HOOK ANTIQUE IVORY ROSE,2,2011-08-16 15:39:00,3.29,17097.0,Spain
563477,23147,SINGLE ANTIQUE ROSE HOOK IVORY,4,2011-08-16 15:39:00,1.45,17097.0,Spain
563477,21745,GAOLERS KEYS DECORATIVE GARDEN ,1,2011-08-16 15:39:00,3.75,17097.0,Spain
563477,21578,WOODLAND DESIGN  COTTON TOTE BAG,2,2011-08-16 15:39:00,2.25,17097.0,Spain
563477,21580,RABBIT  DESIGN  COTTON TOTE BAG,1,2011-08-16 15:39:00,2.25,17097.0,Spain
563477,22662,LUNCH BAG DOLLY GIRL DESIGN,2,2011-08-16 15:39:00,1.65,17097.0,Spain
563477,23209,LUNCH BAG VINTAGE DOILY ,2,2011-08-16 15:39:00,1.65,17097.0,Spain
563477,21034,REX CASH+CARRY JUMBO SHOPPER,1,2011-08-16 15:39:00,0.95,17097.0,Spain
563477,20726,LUNCH BAG WOODLAND,2,2011-08-16 15:39:00,1.65,17097.0,Spain
563480,POST,POSTAGE,1,2011-08-16 15:52:00,2.45,,United Kingdom
563482,21216,"SET 3 RETROSPOT TEA,COFFEE,SUGAR",1,2011-08-16 15:54:00,4.95,17097.0,Spain
563482,23256,CHILDRENS CUTLERY SPACEBOY ,1,2011-08-16 15:54:00,4.15,17097.0,Spain
563482,23254,CHILDRENS CUTLERY DOLLY GIRL ,2,2011-08-16 15:54:00,4.15,17097.0,Spain
563482,84997D,CHILDRENS CUTLERY POLKADOT PINK,1,2011-08-16 15:54:00,4.15,17097.0,Spain
563482,23255,CHILDRENS CUTLERY CIRCUS PARADE,1,2011-08-16 15:54:00,4.15,17097.0,Spain
563482,84997C,CHILDRENS CUTLERY POLKADOT BLUE,1,2011-08-16 15:54:00,4.15,17097.0,Spain
C563483,21713,CITRONELLA CANDLE FLOWERPOT,-3,2011-08-16 15:59:00,2.1,14175.0,United Kingdom
C563483,23108,SET OF 10 LED DOLLY LIGHTS,-1,2011-08-16 15:59:00,6.25,14175.0,United Kingdom
C563483,22927,GREEN GIANT GARDEN THERMOMETER,-1,2011-08-16 15:59:00,5.95,14175.0,United Kingdom
563498,23339,EGG FRYING PAN BLUE ,6,2011-08-16 16:17:00,2.08,17719.0,United Kingdom
563498,10133,COLOURING PENCILS BROWN TUBE,20,2011-08-16 16:17:00,0.42,17719.0,United Kingdom
563498,85049C,ROMANTIC PINKS RIBBONS ,12,2011-08-16 16:17:00,1.25,17719.0,United Kingdom
563498,85049E,SCANDINAVIAN REDS RIBBONS,12,2011-08-16 16:17:00,1.25,17719.0,United Kingdom
563498,85049H,URBAN BLACK RIBBONS ,12,2011-08-16 16:17:00,1.25,17719.0,United Kingdom
563498,22076,6 RIBBONS EMPIRE  ,12,2011-08-16 16:17:00,1.65,17719.0,United Kingdom
563498,22624,IVORY KITCHEN SCALES,2,2011-08-16 16:17:00,8.5,17719.0,United Kingdom
563498,22625,RED KITCHEN SCALES,2,2011-08-16 16:17:00,8.5,17719.0,United Kingdom
563498,22626,BLACK KITCHEN SCALES,2,2011-08-16 16:17:00,8.5,17719.0,United Kingdom
563498,22192,BLUE DINER WALL CLOCK,4,2011-08-16 16:17:00,8.5,17719.0,United Kingdom
563498,22193,RED DINER WALL CLOCK,2,2011-08-16 16:17:00,8.5,17719.0,United Kingdom
563498,23342,MINT DINER WALL CLOCK,4,2011-08-16 16:17:00,8.5,17719.0,United Kingdom
563498,23189,SET OF 12 FORK CANDLES,6,2011-08-16 16:17:00,2.89,17719.0,United Kingdom
563498,23324,RUSTIC STRAWBERRY JAM POT LARGE ,12,2011-08-16 16:17:00,2.08,17719.0,United Kingdom
563498,23325,RUSTIC STRAWBERRY JAM POT SMALL,12,2011-08-16 16:17:00,1.65,17719.0,United Kingdom
563498,23287,RED VINTAGE SPOT BEAKER,8,2011-08-16 16:17:00,0.85,17719.0,United Kingdom
563498,23285,PINK VINTAGE SPOT BEAKER,8,2011-08-16 16:17:00,0.85,17719.0,United Kingdom
563498,23288,GREEN VINTAGE SPOT BEAKER,8,2011-08-16 16:17:00,0.85,17719.0,United Kingdom
563498,23286,BLUE VINTAGE SPOT BEAKER,8,2011-08-16 16:17:00,0.85,17719.0,United Kingdom
563499,20725,LUNCH BAG RED RETROSPOT,10,2011-08-16 17:06:00,1.65,13470.0,United Kingdom
563499,20728,LUNCH BAG CARS BLUE,10,2011-08-16 17:06:00,1.65,13470.0,United Kingdom
563499,20727,LUNCH BAG  BLACK SKULL.,10,2011-08-16 17:06:00,1.65,13470.0,United Kingdom
563499,23207,LUNCH BAG ALPHABET DESIGN,10,2011-08-16 17:06:00,1.65,13470.0,United Kingdom
563499,20726,LUNCH BAG WOODLAND,10,2011-08-16 17:06:00,1.65,13470.0,United Kingdom
563499,22382,LUNCH BAG SPACEBOY DESIGN ,10,2011-08-16 17:06:00,1.65,13470.0,United Kingdom
563499,23206,LUNCH BAG APPLE DESIGN,10,2011-08-16 17:06:00,1.65,13470.0,United Kingdom
563500,85071B,RED CHARLIE+LOLA PERSONAL DOORSIGN,6,2011-08-16 17:25:00,0.39,15856.0,United Kingdom
563500,85071D,CHARLIE+LOLA MY ROOM DOOR SIGN,6,2011-08-16 17:25:00,0.39,15856.0,United Kingdom
563500,85071A,BLUE CHARLIE+LOLA PERSONAL DOORSIGN,6,2011-08-16 17:25:00,0.39,15856.0,United Kingdom
563500,85071C,"CHARLIE+LOLA""EXTREMELY BUSY"" SIGN",6,2011-08-16 17:25:00,0.39,15856.0,United Kingdom
563500,21164,HOME SWEET HOME METAL SIGN ,6,2011-08-16 17:25:00,2.95,15856.0,United Kingdom
563500,21165,BEWARE OF THE CAT METAL SIGN ,6,2011-08-16 17:25:00,1.69,15856.0,United Kingdom
563500,22115,METAL SIGN EMPIRE TEA,6,2011-08-16 17:25:00,0.79,15856.0,United Kingdom
563500,21908,CHOCOLATE THIS WAY METAL SIGN,6,2011-08-16 17:25:00,2.1,15856.0,United Kingdom
563500,21907,I'M ON HOLIDAY METAL SIGN,6,2011-08-16 17:25:00,2.1,15856.0,United Kingdom
563500,82551,LAUNDRY 15C METAL SIGN,6,2011-08-16 17:25:00,1.45,15856.0,United Kingdom
563500,82552,WASHROOM METAL SIGN,6,2011-08-16 17:25:00,1.45,15856.0,United Kingdom
563500,22670,FRENCH WC SIGN BLUE METAL,3,2011-08-16 17:25:00,1.25,15856.0,United Kingdom
563500,22674,FRENCH TOILET SIGN BLUE METAL,4,2011-08-16 17:25:00,1.25,15856.0,United Kingdom
563500,22674,FRENCH TOILET SIGN BLUE METAL,5,2011-08-16 17:25:00,1.25,15856.0,United Kingdom
563500,22675,FRENCH KITCHEN SIGN BLUE METAL,6,2011-08-16 17:25:00,1.25,15856.0,United Kingdom
563500,22672,FRENCH BATHROOM SIGN BLUE METAL,6,2011-08-16 17:25:00,1.65,15856.0,United Kingdom
563500,22671,FRENCH LAUNDRY SIGN BLUE METAL,4,2011-08-16 17:25:00,1.65,15856.0,United Kingdom
563500,82600,NO SINGING METAL SIGN,12,2011-08-16 17:25:00,2.1,15856.0,United Kingdom
563500,21179,NO JUNK MAIL METAL SIGN,6,2011-08-16 17:25:00,0.39,15856.0,United Kingdom
563500,21162,TOXIC AREA  DOOR HANGER ,6,2011-08-16 17:25:00,0.39,15856.0,United Kingdom
563500,82580,BATHROOM METAL SIGN,15,2011-08-16 17:25:00,0.55,15856.0,United Kingdom
563500,82578,KITCHEN METAL SIGN,15,2011-08-16 17:25:00,0.55,15856.0,United Kingdom
563500,82581,TOILET METAL SIGN,20,2011-08-16 17:25:00,0.55,15856.0,United Kingdom
563500,21172,PARTY METAL SIGN ,6,2011-08-16 17:25:00,1.45,15856.0,United Kingdom
563500,21770,OPEN CLOSED METAL SIGN,12,2011-08-16 17:25:00,4.95,15856.0,United Kingdom
563500,79062D,"RETRO TIN ASHTRAY,REVOLUTIONARY",12,2011-08-16 17:25:00,0.29,15856.0,United Kingdom
563500,22915,ASSORTED BOTTLE TOP  MAGNETS ,120,2011-08-16 17:25:00,0.36,15856.0,United Kingdom
563500,21700,BIG DOUGHNUT FRIDGE MAGNETS,12,2011-08-16 17:25:00,0.85,15856.0,United Kingdom
563500,21175,GIN + TONIC DIET METAL SIGN,12,2011-08-16 17:25:00,2.55,15856.0,United Kingdom
563500,23076,ICE CREAM SUNDAE LIP GLOSS,24,2011-08-16 17:25:00,1.25,15856.0,United Kingdom
563500,37413,ICON MUG REVOLUTIONARY,6,2011-08-16 17:25:00,0.39,15856.0,United Kingdom
563500,23078,ICE CREAM PEN LIP GLOSS ,24,2011-08-16 17:25:00,1.25,15856.0,United Kingdom
563500,23077,DOUGHNUT LIP GLOSS ,20,2011-08-16 17:25:00,1.25,15856.0,United Kingdom
563501,22312,OFFICE MUG WARMER POLKADOT,2,2011-08-16 17:27:00,2.95,15856.0,United Kingdom
563501,22313,OFFICE MUG WARMER PINK,2,2011-08-16 17:27:00,2.95,15856.0,United Kingdom
563501,22348,TEA BAG PLATE RED RETROSPOT,10,2011-08-16 17:27:00,0.85,15856.0,United Kingdom
