InvoiceNo,StockCode,Description,Quantity,InvoiceDate,UnitPrice,CustomerID,Country
546414,22844,VINTAGE CREAM DOG FOOD CONTAINER,2,2011-03-13 10:25:00,8.5,16768.0,United Kingdom
546414,22485,SET OF 2 WOODEN MARKET CRATES,1,2011-03-13 10:25:00,12.75,16768.0,United Kingdom
546414,22478,BIRDHOUSE GARDEN MARKER ,10,2011-03-13 10:25:00,1.25,16768.0,United Kingdom
546414,21844,RED RETROSPOT MUG,2,2011-03-13 10:25:00,2.95,16768.0,United Kingdom
546414,20914,SET/5 RED RETROSPOT LID GLASS BOWLS,1,2011-03-13 10:25:00,2.95,16768.0,United Kingdom
546414,37500,TEA TIME TEAPOT IN GIFT BOX,2,2011-03-13 10:25:00,4.95,16768.0,United Kingdom
546414,21531,RED RETROSPOT SUGAR JAM BOWL,1,2011-03-13 10:25:00,2.55,16768.0,United Kingdom
546414,21535,RED RETROSPOT SMALL MILK JUG,1,2011-03-13 10:25:00,2.55,16768.0,United Kingdom
546414,22649,STRAWBERRY FAIRY CAKE TEAPOT,2,2011-03-13 10:25:00,4.95,16768.0,United Kingdom
546414,22960,JAM MAKING SET WITH JARS,1,2011-03-13 10:25:00,4.25,16768.0,United Kingdom
546414,21217,RED RETROSPOT ROUND CAKE TINS,1,2011-03-13 10:25:00,9.95,16768.0,United Kingdom
546414,21843,RED RETROSPOT CAKE STAND,2,2011-03-13 10:25:00,10.95,16768.0,United Kingdom
546414,22646,CERAMIC STRAWBERRY CAKE MONEY BANK,4,2011-03-13 10:25:00,1.45,16768.0,United Kingdom
546414,22442,GROW YOUR OWN FLOWERS SET OF 3,1,2011-03-13 10:25:00,7.95,16768.0,United Kingdom
546414,21527,RED RETROSPOT TRADITIONAL TEAPOT ,1,2011-03-13 10:25:00,7.95,16768.0,United Kingdom
546414,21533,RETROSPOT LARGE MILK JUG,1,2011-03-13 10:25:00,4.95,16768.0,United Kingdom
546414,22073,RED RETROSPOT STORAGE JAR,1,2011-03-13 10:25:00,3.75,16768.0,United Kingdom
546414,22072,RED RETROSPOT TEA CUP AND SAUCER ,1,2011-03-13 10:25:00,3.75,16768.0,United Kingdom
546414,21232,STRAWBERRY CERAMIC TRINKET BOX,4,2011-03-13 10:25:00,1.25,16768.0,United Kingdom
546414,22443,GROW YOUR OWN HERBS SET OF 3,2,2011-03-13 10:25:00,7.95,16768.0,United Kingdom
546414,47559B,TEA TIME OVEN GLOVE,2,2011-03-13 10:25:00,1.25,16768.0,United Kingdom
546414,21080,SET/20 RED RETROSPOT PAPER NAPKINS ,2,2011-03-13 10:25:00,0.85,16768.0,United Kingdom
546414,21754,HOME BUILDING BLOCK WORD,2,2011-03-13 10:25:00,5.95,16768.0,United Kingdom
546415,22501,PICNIC BASKET WICKER LARGE,1,2011-03-13 10:27:00,9.95,17975.0,United Kingdom
546415,22502,PICNIC BASKET WICKER SMALL,2,2011-03-13 10:27:00,5.95,17975.0,United Kingdom
546415,84879,ASSORTED COLOUR BIRD ORNAMENT,6,2011-03-13 10:27:00,1.69,17975.0,United Kingdom
546415,21756,BATH BUILDING BLOCK WORD,10,2011-03-13 10:27:00,5.95,17975.0,United Kingdom
546415,82486,WOOD S/3 CABINET ANT WHITE FINISH,12,2011-03-13 10:27:00,8.15,17975.0,United Kingdom
546415,82483,WOOD 2 DRAWER CABINET WHITE FINISH,16,2011-03-13 10:27:00,5.95,17975.0,United Kingdom
546415,21754,HOME BUILDING BLOCK WORD,18,2011-03-13 10:27:00,5.45,17975.0,United Kingdom
546415,48194,DOORMAT HEARTS,2,2011-03-13 10:27:00,7.95,17975.0,United Kingdom
546415,22616,PACK OF 12 LONDON TISSUES ,12,2011-03-13 10:27:00,0.29,17975.0,United Kingdom
546415,22912,YELLOW COAT RACK PARIS FASHION,2,2011-03-13 10:27:00,4.95,17975.0,United Kingdom
546415,22914,BLUE COAT RACK PARIS FASHION,2,2011-03-13 10:27:00,4.95,17975.0,United Kingdom
546415,22913,RED COAT RACK PARIS FASHION,3,2011-03-13 10:27:00,4.95,17975.0,United Kingdom
546415,21832,CHOCOLATE CALCULATOR,2,2011-03-13 10:27:00,1.65,17975.0,United Kingdom
546415,22997,TRAVEL CARD WALLET UNION JACK,24,2011-03-13 10:27:00,0.42,17975.0,United Kingdom
546415,22998,TRAVEL CARD WALLET KEEP CALM,24,2011-03-13 10:27:00,0.42,17975.0,United Kingdom
546415,21056,DOCTOR'S BAG SOFT TOY,1,2011-03-13 10:27:00,8.95,17975.0,United Kingdom
546415,21054,NURSE'S BAG SOFT TOY,1,2011-03-13 10:27:00,8.95,17975.0,United Kingdom
546415,16012,FOOD/DRINK SPONGE STICKERS,48,2011-03-13 10:27:00,0.21,17975.0,United Kingdom
546417,22069,BROWN  PIRATE TREASURE CHEST ,2,2011-03-13 10:48:00,1.65,14800.0,United Kingdom
546417,22068,BLACK PIRATE TREASURE CHEST,2,2011-03-13 10:48:00,1.65,14800.0,United Kingdom
546417,20996,JAZZ HEARTS ADDRESS BOOK,24,2011-03-13 10:48:00,0.42,14800.0,United Kingdom
546417,22752,SET 7 BABUSHKA NESTING BOXES,2,2011-03-13 10:48:00,8.5,14800.0,United Kingdom
546417,22029,SPACEBOY BIRTHDAY CARD,24,2011-03-13 10:48:00,0.42,14800.0,United Kingdom
546417,22630,DOLLY GIRL LUNCH BOX,10,2011-03-13 10:48:00,1.95,14800.0,United Kingdom
546417,22659,LUNCH BOX I LOVE LONDON,10,2011-03-13 10:48:00,1.95,14800.0,United Kingdom
546417,22629,SPACEBOY LUNCH BOX ,10,2011-03-13 10:48:00,1.95,14800.0,United Kingdom
546417,17003,BROCADE RING PURSE ,36,2011-03-13 10:48:00,0.29,14800.0,United Kingdom
546417,22492,MINI PAINT SET VINTAGE ,36,2011-03-13 10:48:00,0.65,14800.0,United Kingdom
546417,16237,SLEEPING CAT ERASERS,30,2011-03-13 10:48:00,0.21,14800.0,United Kingdom
546417,21830,ASSORTED CREEPY CRAWLIES,24,2011-03-13 10:48:00,0.42,14800.0,United Kingdom
546417,22367,CHILDRENS APRON SPACEBOY DESIGN,10,2011-03-13 10:48:00,1.95,14800.0,United Kingdom
546417,22899,CHILDREN'S APRON DOLLY GIRL ,10,2011-03-13 10:48:00,2.1,14800.0,United Kingdom
546417,22974,CHILDRENS DOLLY GIRL MUG,6,2011-03-13 10:48:00,1.65,14800.0,United Kingdom
546417,22972,CHILDREN'S SPACEBOY MUG,6,2011-03-13 10:48:00,1.65,14800.0,United Kingdom
546417,22971,QUEENS GUARD COFFEE MUG,6,2011-03-13 10:48:00,2.55,14800.0,United Kingdom
546417,22970,LONDON BUS COFFEE MUG,6,2011-03-13 10:48:00,2.55,14800.0,United Kingdom
546417,22382,LUNCH BAG SPACEBOY DESIGN ,20,2011-03-13 10:48:00,1.65,14800.0,United Kingdom
546417,21891,TRADITIONAL WOODEN SKIPPING ROPE,36,2011-03-13 10:48:00,1.25,14800.0,United Kingdom
546417,22998,TRAVEL CARD WALLET KEEP CALM,24,2011-03-13 10:48:00,0.42,14800.0,United Kingdom
546417,22995,TRAVEL CARD WALLET SUKI,24,2011-03-13 10:48:00,0.42,14800.0,United Kingdom
546417,21829,DINOSAUR KEYRINGS ASSORTED,36,2011-03-13 10:48:00,0.21,14800.0,United Kingdom
546417,22749,FELTCRAFT PRINCESS CHARLOTTE DOLL,4,2011-03-13 10:48:00,3.75,14800.0,United Kingdom
546417,22586,FELTCRAFT HAIRBAND PINK AND BLUE,12,2011-03-13 10:48:00,0.85,14800.0,United Kingdom
546417,22620,4 TRADITIONAL SPINNING TOPS,20,2011-03-13 10:48:00,1.25,14800.0,United Kingdom
546417,22148,EASTER CRAFT 4 CHICKS ,5,2011-03-13 10:48:00,1.95,14800.0,United Kingdom
546417,22418,10 COLOUR SPACEBOY PEN,12,2011-03-13 10:48:00,0.85,14800.0,United Kingdom
546417,22405,MONEY BOX POCKET MONEY DESIGN,6,2011-03-13 10:48:00,1.25,14800.0,United Kingdom
546417,20972,PINK CREAM FELT CRAFT TRINKET BOX ,1,2011-03-13 10:48:00,1.25,14800.0,United Kingdom
546417,20971,PINK BLUE FELT CRAFT TRINKET BOX,2,2011-03-13 10:48:00,1.25,14800.0,United Kingdom
546417,22745,POPPY'S PLAYHOUSE BEDROOM ,5,2011-03-13 10:48:00,2.1,14800.0,United Kingdom
546417,22746,POPPY'S PLAYHOUSE LIVINGROOM ,5,2011-03-13 10:48:00,2.1,14800.0,United Kingdom
546417,22748,POPPY'S PLAYHOUSE KITCHEN,5,2011-03-13 10:48:00,2.1,14800.0,United Kingdom
546417,23008,DOLLY GIRL BABY GIFT SET,2,2011-03-13 10:48:00,16.95,14800.0,United Kingdom
546417,23009,I LOVE LONDON BABY GIFT SET,2,2011-03-13 10:48:00,16.95,14800.0,United Kingdom
546417,23007, SPACEBOY BABY GIFT SET,2,2011-03-13 10:48:00,16.95,14800.0,United Kingdom
546417,21497,FANCY FONTS BIRTHDAY WRAP,25,2011-03-13 10:48:00,0.42,14800.0,United Kingdom
546417,22045,SPACEBOY GIFT WRAP,25,2011-03-13 10:48:00,0.42,14800.0,United Kingdom
546417,23127,FELTCRAFT GIRL NICOLE KIT,3,2011-03-13 10:48:00,4.95,14800.0,United Kingdom
546417,23128,FELTCRAFT BOY JEAN-PAUL KIT,3,2011-03-13 10:48:00,4.95,14800.0,United Kingdom
546417,23126,FELTCRAFT GIRL AMELIE KIT,3,2011-03-13 10:48:00,4.95,14800.0,United Kingdom
C546416,22128,PARTY CONES CANDY ASSORTED,-2,2011-03-13 10:48:00,1.25,14800.0,United Kingdom
C546416,21642,ASSORTED TUTTI FRUTTI PEN,-5,2011-03-13 10:48:00,0.85,14800.0,United Kingdom
C546416,85098B,BLUE FLYING SINGING CANARY,-1,2011-03-13 10:48:00,3.75,14800.0,United Kingdom
546418,21928,JUMBO BAG SCANDINAVIAN BLUE PAISLEY,1,2011-03-13 10:57:00,1.95,17315.0,United Kingdom
546418,22411,JUMBO SHOPPER VINTAGE RED PAISLEY,2,2011-03-13 10:57:00,1.95,17315.0,United Kingdom
546418,85099C,JUMBO  BAG BAROQUE BLACK WHITE,2,2011-03-13 10:57:00,1.95,17315.0,United Kingdom
546418,22456,NATURAL SLATE CHALKBOARD LARGE ,1,2011-03-13 10:57:00,4.95,17315.0,United Kingdom
546418,22698,PINK REGENCY TEACUP AND SAUCER,4,2011-03-13 10:57:00,2.95,17315.0,United Kingdom
546418,85129D,BEADED CRYSTAL HEART PINK SMALL,1,2011-03-13 10:57:00,1.25,17315.0,United Kingdom
546418,21390,FILIGRIS HEART WITH BUTTERFLY,2,2011-03-13 10:57:00,1.25,17315.0,United Kingdom
546418,22224,WHITE LOVEBIRD LANTERN,2,2011-03-13 10:57:00,2.95,17315.0,United Kingdom
546418,71053,WHITE METAL LANTERN,3,2011-03-13 10:57:00,3.75,17315.0,United Kingdom
546418,85127,SMALL SQUARE CUT GLASS CANDLESTICK,1,2011-03-13 10:57:00,4.95,17315.0,United Kingdom
546418,22464,HANGING METAL HEART LANTERN,3,2011-03-13 10:57:00,1.65,17315.0,United Kingdom
546418,M,Manual,24,2011-03-13 10:57:00,0.42,17315.0,United Kingdom
546418,21898,POTTING SHED ROSE CANDLE,2,2011-03-13 10:57:00,2.95,17315.0,United Kingdom
546418,22806,SET OF 6 T-LIGHTS WEDDING CAKE ,3,2011-03-13 10:57:00,2.95,17315.0,United Kingdom
546418,22808,SET OF 6 T-LIGHTS EASTER CHICKS,3,2011-03-13 10:57:00,2.95,17315.0,United Kingdom
546418,84882,GREEN WIRE STANDING CANDLE HOLDER,1,2011-03-13 10:57:00,3.75,17315.0,United Kingdom
546418,85127,SMALL SQUARE CUT GLASS CANDLESTICK,3,2011-03-13 10:57:00,4.95,17315.0,United Kingdom
546419,22427,ENAMEL FLOWER JUG CREAM,4,2011-03-13 11:06:00,5.95,16693.0,United Kingdom
546419,84406B,CREAM CUPID HEARTS COAT HANGER,1,2011-03-13 11:06:00,4.15,16693.0,United Kingdom
546419,22173,METAL 4 HOOK HANGER FRENCH CHATEAU,2,2011-03-13 11:06:00,2.95,16693.0,United Kingdom
546419,84406B,CREAM CUPID HEARTS COAT HANGER,1,2011-03-13 11:06:00,4.15,16693.0,United Kingdom
546419,82484,WOOD BLACK BOARD ANT WHITE FINISH,1,2011-03-13 11:06:00,7.9,16693.0,United Kingdom
546419,22776,SWEETHEART CAKESTAND 3 TIER,1,2011-03-13 11:06:00,9.95,16693.0,United Kingdom
546419,22223,CAKE PLATE LOVEBIRD PINK,1,2011-03-13 11:06:00,4.95,16693.0,United Kingdom
546419,22222,CAKE PLATE LOVEBIRD WHITE,1,2011-03-13 11:06:00,4.95,16693.0,United Kingdom
546419,21534,DAIRY MAID LARGE MILK JUG,2,2011-03-13 11:06:00,4.95,16693.0,United Kingdom
546419,85232A,SET/3 POLKADOT STACKING TINS,1,2011-03-13 11:06:00,4.95,16693.0,United Kingdom
546419,22720,SET OF 3 CAKE TINS PANTRY DESIGN ,1,2011-03-13 11:06:00,4.95,16693.0,United Kingdom
546419,21468,BUTTERFLY CROCHET FOOD COVER,2,2011-03-13 11:06:00,3.75,16693.0,United Kingdom
546419,21469,POLKA DOT RAFFIA FOOD COVER,3,2011-03-13 11:06:00,3.75,16693.0,United Kingdom
546419,21467,CHERRY CROCHET FOOD COVER,1,2011-03-13 11:06:00,3.75,16693.0,United Kingdom
546419,22926,IVORY GIANT GARDEN THERMOMETER,2,2011-03-13 11:06:00,5.95,16693.0,United Kingdom
546419,21136,PAINTED METAL PEARS ASSORTED,4,2011-03-13 11:06:00,1.69,16693.0,United Kingdom
546419,84879,ASSORTED COLOUR BIRD ORNAMENT,6,2011-03-13 11:06:00,1.69,16693.0,United Kingdom
546419,21382,SET/4 SPRING FLOWER DECORATION,1,2011-03-13 11:06:00,2.95,16693.0,United Kingdom
546419,22857,ASSORTED EASTER GIFT TAGS,8,2011-03-13 11:06:00,0.85,16693.0,United Kingdom
546419,22288,HANGING METAL RABBIT DECORATION,4,2011-03-13 11:06:00,1.25,16693.0,United Kingdom
546419,84459B,YELLOW METAL CHICKEN HEART ,2,2011-03-13 11:06:00,1.49,16693.0,United Kingdom
546419,84459A,PINK METAL CHICKEN HEART ,2,2011-03-13 11:06:00,1.49,16693.0,United Kingdom
546420,22385,JUMBO BAG SPACEBOY DESIGN,6,2011-03-13 11:18:00,1.95,14810.0,United Kingdom
546420,21929,JUMBO BAG PINK VINTAGE PAISLEY,4,2011-03-13 11:18:00,1.95,14810.0,United Kingdom
546420,22411,JUMBO SHOPPER VINTAGE RED PAISLEY,4,2011-03-13 11:18:00,1.95,14810.0,United Kingdom
546420,85099F,JUMBO BAG STRAWBERRY,2,2011-03-13 11:18:00,1.95,14810.0,United Kingdom
546420,20718,RED RETROSPOT SHOPPER BAG,4,2011-03-13 11:18:00,1.25,14810.0,United Kingdom
546420,20717,STRAWBERRY SHOPPER BAG,4,2011-03-13 11:18:00,1.25,14810.0,United Kingdom
546420,22720,SET OF 3 CAKE TINS PANTRY DESIGN ,2,2011-03-13 11:18:00,4.95,14810.0,United Kingdom
546420,22382,LUNCH BAG SPACEBOY DESIGN ,4,2011-03-13 11:18:00,1.65,14810.0,United Kingdom
546420,20727,LUNCH BAG  BLACK SKULL.,2,2011-03-13 11:18:00,1.65,14810.0,United Kingdom
546420,22989,SET 2 PANTRY DESIGN TEA TOWELS,2,2011-03-13 11:18:00,3.25,14810.0,United Kingdom
546420,85184C,S/4 VALENTINE DECOUPAGE HEART BOX,4,2011-03-13 11:18:00,2.95,14810.0,United Kingdom
546420,22666,RECIPE BOX PANTRY YELLOW DESIGN,1,2011-03-13 11:18:00,2.95,14810.0,United Kingdom
546420,22907,PACK OF 20 NAPKINS PANTRY DESIGN,2,2011-03-13 11:18:00,0.85,14810.0,United Kingdom
546420,84535A,ENGLISH ROSE NOTEBOOK A6 SIZE,4,2011-03-13 11:18:00,0.65,14810.0,United Kingdom
546420,47591D,PINK FAIRY CAKE CHILDRENS APRON,2,2011-03-13 11:18:00,1.95,14810.0,United Kingdom
546420,22367,CHILDRENS APRON SPACEBOY DESIGN,2,2011-03-13 11:18:00,1.95,14810.0,United Kingdom
546420,22501,PICNIC BASKET WICKER LARGE,1,2011-03-13 11:18:00,9.95,14810.0,United Kingdom
546420,22804,CANDLEHOLDER PINK HANGING HEART,2,2011-03-13 11:18:00,2.95,14810.0,United Kingdom
546420,21937,STRAWBERRY   PICNIC BAG,4,2011-03-13 11:18:00,2.95,14810.0,United Kingdom
546420,22173,METAL 4 HOOK HANGER FRENCH CHATEAU,2,2011-03-13 11:18:00,2.95,14810.0,United Kingdom
546420,37482P,CUBIC MUG PINK POLKADOT,4,2011-03-13 11:18:00,0.39,14810.0,United Kingdom
546421,17003,BROCADE RING PURSE ,72,2011-03-13 11:21:00,0.29,13700.0,United Kingdom
546421,35921,EASTER BUNNY HANGING GARLAND,6,2011-03-13 11:21:00,1.25,13700.0,United Kingdom
546421,84989A,75 GREEN FAIRY CAKE CASES,1,2011-03-13 11:21:00,0.55,13700.0,United Kingdom
546421,84991,60 TEATIME FAIRY CAKE CASES,1,2011-03-13 11:21:00,0.55,13700.0,United Kingdom
546421,22566,FELTCRAFT HAIRBAND PINK AND PURPLE,5,2011-03-13 11:21:00,0.85,13700.0,United Kingdom
546421,22586,FELTCRAFT HAIRBAND PINK AND BLUE,2,2011-03-13 11:21:00,0.85,13700.0,United Kingdom
546421,22565,FELTCRAFT HAIRBANDS PINK AND WHITE ,1,2011-03-13 11:21:00,0.85,13700.0,United Kingdom
546421,22587,FELTCRAFT HAIRBAND RED AND BLUE,3,2011-03-13 11:21:00,0.85,13700.0,United Kingdom
546421,22150,3 STRIPEY MICE FELTCRAFT,3,2011-03-13 11:21:00,1.95,13700.0,United Kingdom
546421,47599A,PINK PARTY BAGS,6,2011-03-13 11:21:00,2.1,13700.0,United Kingdom
546421,22907,PACK OF 20 NAPKINS PANTRY DESIGN,6,2011-03-13 11:21:00,0.85,13700.0,United Kingdom
546421,22851,SET 20 NAPKINS FAIRY CAKES DESIGN ,6,2011-03-13 11:21:00,0.85,13700.0,United Kingdom
546421,21078,SET/20 STRAWBERRY PAPER NAPKINS ,6,2011-03-13 11:21:00,0.85,13700.0,United Kingdom
546421,22751,FELTCRAFT PRINCESS OLIVIA DOLL,1,2011-03-13 11:21:00,3.75,13700.0,United Kingdom
546421,22749,FELTCRAFT PRINCESS CHARLOTTE DOLL,1,2011-03-13 11:21:00,3.75,13700.0,United Kingdom
546421,22750,FELTCRAFT PRINCESS LOLA DOLL,1,2011-03-13 11:21:00,3.75,13700.0,United Kingdom
546421,20971,PINK BLUE FELT CRAFT TRINKET BOX,3,2011-03-13 11:21:00,1.25,13700.0,United Kingdom
546421,22900, SET 2 TEA TOWELS I LOVE LONDON ,12,2011-03-13 11:21:00,2.95,13700.0,United Kingdom
546421,22661,CHARLOTTE BAG DOLLY GIRL DESIGN,30,2011-03-13 11:21:00,0.85,13700.0,United Kingdom
546421,22355,CHARLOTTE BAG SUKI DESIGN,30,2011-03-13 11:21:00,0.85,13700.0,United Kingdom
546421,22356,CHARLOTTE BAG PINK POLKADOT,10,2011-03-13 11:21:00,0.85,13700.0,United Kingdom
546421,21181,PLEASE ONE PERSON METAL SIGN,7,2011-03-13 11:21:00,2.1,13700.0,United Kingdom
546421,21908,CHOCOLATE THIS WAY METAL SIGN,3,2011-03-13 11:21:00,2.1,13700.0,United Kingdom
546421,21166,COOK WITH WINE METAL SIGN ,3,2011-03-13 11:21:00,2.08,13700.0,United Kingdom
546421,22413,METAL SIGN TAKE IT OR LEAVE IT ,3,2011-03-13 11:21:00,2.95,13700.0,United Kingdom
546421,21169,YOU'RE CONFUSING ME METAL SIGN ,3,2011-03-13 11:21:00,1.69,13700.0,United Kingdom
546421,22948,METAL DECORATION NAUGHTY CHILDREN ,6,2011-03-13 11:21:00,0.85,13700.0,United Kingdom
546421,21175,GIN + TONIC DIET METAL SIGN,6,2011-03-13 11:21:00,2.55,13700.0,United Kingdom
546421,85152,HAND OVER THE CHOCOLATE   SIGN ,2,2011-03-13 11:21:00,2.1,13700.0,United Kingdom
546421,82600,NO SINGING METAL SIGN,2,2011-03-13 11:21:00,2.1,13700.0,United Kingdom
546421,21874,GIN AND TONIC MUG,6,2011-03-13 11:21:00,1.25,13700.0,United Kingdom
546421,21870,I CAN ONLY PLEASE ONE PERSON MUG,6,2011-03-13 11:21:00,1.25,13700.0,United Kingdom
546421,84596J,MIXED NUTS LIGHT GREEN BOWL,16,2011-03-13 11:21:00,0.42,13700.0,United Kingdom
546421,84596E,SMALL LICORICE DES PINK BOWL,16,2011-03-13 11:21:00,0.42,13700.0,United Kingdom
546421,84596L,BISCUITS SMALL BOWL LIGHT BLUE,16,2011-03-13 11:21:00,0.42,13700.0,United Kingdom
546421,84596B,SMALL DOLLY MIX DESIGN ORANGE BOWL,16,2011-03-13 11:21:00,0.42,13700.0,United Kingdom
546421,84596F,SMALL MARSHMALLOWS PINK BOWL,16,2011-03-13 11:21:00,0.42,13700.0,United Kingdom
546422,21908,CHOCOLATE THIS WAY METAL SIGN,2,2011-03-13 11:38:00,2.1,15547.0,United Kingdom
546422,21181,PLEASE ONE PERSON METAL SIGN,2,2011-03-13 11:38:00,2.1,15547.0,United Kingdom
546422,85152,HAND OVER THE CHOCOLATE   SIGN ,2,2011-03-13 11:38:00,2.1,15547.0,United Kingdom
546422,85150,LADIES & GENTLEMEN METAL SIGN,3,2011-03-13 11:38:00,2.55,15547.0,United Kingdom
546422,21870,I CAN ONLY PLEASE ONE PERSON MUG,6,2011-03-13 11:38:00,1.25,15547.0,United Kingdom
546422,22072,RED RETROSPOT TEA CUP AND SAUCER ,2,2011-03-13 11:38:00,3.75,15547.0,United Kingdom
546422,22072,RED RETROSPOT TEA CUP AND SAUCER ,2,2011-03-13 11:38:00,3.75,15547.0,United Kingdom
546422,21527,RED RETROSPOT TRADITIONAL TEAPOT ,2,2011-03-13 11:38:00,7.95,15547.0,United Kingdom
546422,72351A,SET/6 TURQUOISE BUTTERFLY T-LIGHTS,1,2011-03-13 11:38:00,2.1,15547.0,United Kingdom
546422,15034,PAPER POCKET TRAVELING FAN ,12,2011-03-13 11:38:00,0.14,15547.0,United Kingdom
546422,22083,PAPER CHAIN KIT RETROSPOT,1,2011-03-13 11:38:00,2.95,15547.0,United Kingdom
546422,72122,COFFEE SCENT PILLAR CANDLE,2,2011-03-13 11:38:00,0.95,15547.0,United Kingdom
546422,22798,ANTIQUE GLASS DRESSING TABLE POT,4,2011-03-13 11:38:00,2.95,15547.0,United Kingdom
546422,22073,RED RETROSPOT STORAGE JAR,2,2011-03-13 11:38:00,3.75,15547.0,United Kingdom
546422,22199,FRYING PAN RED RETROSPOT,2,2011-03-13 11:38:00,4.25,15547.0,United Kingdom
546422,20754,RETROSPOT RED WASHING UP GLOVES,1,2011-03-13 11:38:00,2.1,15547.0,United Kingdom
546422,20829,GLITTER HANGING BUTTERFLY STRING,2,2011-03-13 11:38:00,2.1,15547.0,United Kingdom
546422,85184C,S/4 VALENTINE DECOUPAGE HEART BOX,1,2011-03-13 11:38:00,2.95,15547.0,United Kingdom
546422,72709,IVORY SCULPTED RND CANDLE ,9,2011-03-13 11:38:00,0.85,15547.0,United Kingdom
546422,22457,NATURAL SLATE HEART CHALKBOARD ,4,2011-03-13 11:38:00,2.95,15547.0,United Kingdom
546422,18094C,WHITE AND BLUE CERAMIC OIL BURNER,5,2011-03-13 11:38:00,1.25,15547.0,United Kingdom
546422,84406B,CREAM CUPID HEARTS COAT HANGER,1,2011-03-13 11:38:00,4.15,15547.0,United Kingdom
546422,72232,FENG SHUI PILLAR CANDLE,12,2011-03-13 11:38:00,0.19,15547.0,United Kingdom
546422,22173,METAL 4 HOOK HANGER FRENCH CHATEAU,3,2011-03-13 11:38:00,2.95,15547.0,United Kingdom
546422,22792,FLUTED ANTIQUE CANDLE HOLDER,6,2011-03-13 11:38:00,0.85,15547.0,United Kingdom
546422,82482,WOODEN PICTURE FRAME WHITE FINISH,6,2011-03-13 11:38:00,2.55,15547.0,United Kingdom
546422,82494L,WOODEN FRAME ANTIQUE WHITE ,6,2011-03-13 11:38:00,2.95,15547.0,United Kingdom
546422,82483,WOOD 2 DRAWER CABINET WHITE FINISH,2,2011-03-13 11:38:00,6.95,15547.0,United Kingdom
546422,22970,LONDON BUS COFFEE MUG,4,2011-03-13 11:38:00,2.55,15547.0,United Kingdom
546422,22659,LUNCH BOX I LOVE LONDON,3,2011-03-13 11:38:00,1.95,15547.0,United Kingdom
546422,15056N,EDWARDIAN PARASOL NATURAL,4,2011-03-13 11:38:00,5.95,15547.0,United Kingdom
546422,82486,WOOD S/3 CABINET ANT WHITE FINISH,4,2011-03-13 11:38:00,8.95,15547.0,United Kingdom
546422,62018,SOMBRERO ,4,2011-03-13 11:38:00,1.95,15547.0,United Kingdom
546422,48187,DOORMAT NEW ENGLAND,1,2011-03-13 11:38:00,7.95,15547.0,United Kingdom
546423,84978,HANGING HEART JAR T-LIGHT HOLDER,2,2011-03-13 12:39:00,1.25,14502.0,United Kingdom
546423,22217,T-LIGHT HOLDER HANGING LACE,1,2011-03-13 12:39:00,1.25,14502.0,United Kingdom
546423,22178,VICTORIAN GLASS HANGING T-LIGHT,2,2011-03-13 12:39:00,1.25,14502.0,United Kingdom
546423,22460,EMBOSSED GLASS TEALIGHT HOLDER,2,2011-03-13 12:39:00,1.25,14502.0,United Kingdom
546423,85062,PEARL CRYSTAL PUMPKIN T-LIGHT HLDR,2,2011-03-13 12:39:00,1.65,14502.0,United Kingdom
546423,84755,COLOUR GLASS T-LIGHT HOLDER HANGING,8,2011-03-13 12:39:00,0.65,14502.0,United Kingdom
546423,84879,ASSORTED COLOUR BIRD ORNAMENT,6,2011-03-13 12:39:00,1.69,14502.0,United Kingdom
546423,22464,HANGING METAL HEART LANTERN,1,2011-03-13 12:39:00,1.65,14502.0,United Kingdom
546423,22624,IVORY KITCHEN SCALES,1,2011-03-13 12:39:00,8.5,14502.0,United Kingdom
546423,20845,ZINC HEART LATTICE 2 WALL PLANTER,1,2011-03-13 12:39:00,6.35,14502.0,United Kingdom
546423,22428,ENAMEL FIRE BUCKET CREAM,1,2011-03-13 12:39:00,6.95,14502.0,United Kingdom
546423,84836,ZINC METAL HEART DECORATION,2,2011-03-13 12:39:00,1.25,14502.0,United Kingdom
546423,85123A,WHITE HANGING HEART T-LIGHT HOLDER,1,2011-03-13 12:39:00,2.95,14502.0,United Kingdom
546423,22294,HEART FILIGREE DOVE  SMALL,2,2011-03-13 12:39:00,1.25,14502.0,United Kingdom
546423,21390,FILIGRIS HEART WITH BUTTERFLY,2,2011-03-13 12:39:00,1.25,14502.0,United Kingdom
546423,22430,ENAMEL WATERING CAN CREAM,1,2011-03-13 12:39:00,4.95,14502.0,United Kingdom
546423,22982,PANTRY PASTRY BRUSH,2,2011-03-13 12:39:00,1.25,14502.0,United Kingdom
546423,22979,PANTRY WASHING UP BRUSH,1,2011-03-13 12:39:00,1.45,14502.0,United Kingdom
546423,22804,CANDLEHOLDER PINK HANGING HEART,1,2011-03-13 12:39:00,2.95,14502.0,United Kingdom
546423,85008,SET OF 3 CONEY ISLAND OVAL BOXES,1,2011-03-13 12:39:00,4.95,14502.0,United Kingdom
546423,84792,ENCHANTED BIRD COATHANGER 5 HOOK,1,2011-03-13 12:39:00,4.65,14502.0,United Kingdom
546423,21397,BLUE POLKADOT EGG CUP ,6,2011-03-13 12:39:00,0.39,14502.0,United Kingdom
546423,21403,BLUE EGG  SPOON,3,2011-03-13 12:39:00,0.12,14502.0,United Kingdom
546423,21402,RED  EGG  SPOON,3,2011-03-13 12:39:00,0.12,14502.0,United Kingdom
546423,21774,DECORATIVE CATS BATHROOM BOTTLE,1,2011-03-13 12:39:00,1.25,14502.0,United Kingdom
546423,21775,DECORATIVE FLORE BATHROOM BOTTLE,1,2011-03-13 12:39:00,1.25,14502.0,United Kingdom
546423,21773,DECORATIVE ROSE BATHROOM BOTTLE,1,2011-03-13 12:39:00,1.25,14502.0,United Kingdom
546423,85053,FRENCH ENAMEL CANDLEHOLDER,1,2011-03-13 12:39:00,2.1,14502.0,United Kingdom
546423,22359,GLASS JAR KINGS CHOICE,2,2011-03-13 12:39:00,2.95,14502.0,United Kingdom
546423,22361,GLASS JAR DAISY FRESH COTTON WOOL,2,2011-03-13 12:39:00,2.95,14502.0,United Kingdom
546423,84882,GREEN WIRE STANDING CANDLE HOLDER,2,2011-03-13 12:39:00,3.75,14502.0,United Kingdom
546423,22156,HEART DECORATION WITH PEARLS ,2,2011-03-13 12:39:00,0.85,14502.0,United Kingdom
546423,22335,HEART DECORATION PAINTED ZINC ,1,2011-03-13 12:39:00,0.65,14502.0,United Kingdom
546423,22297,HEART IVORY TRELLIS SMALL,2,2011-03-13 12:39:00,1.25,14502.0,United Kingdom
546423,22957,SET 3 PAPER VINTAGE CHICK PAPER EGG,1,2011-03-13 12:39:00,2.95,14502.0,United Kingdom
546423,22967,SET 3 SONG BIRD PAPER EGGS ASSORTED,1,2011-03-13 12:39:00,2.95,14502.0,United Kingdom
546423,85206A,CREAM FELT EASTER EGG BASKET,1,2011-03-13 12:39:00,1.65,14502.0,United Kingdom
546423,22268,EASTER DECORATION SITTING BUNNY,2,2011-03-13 12:39:00,0.85,14502.0,United Kingdom
546423,85186A,EASTER BUNNY GARLAND OF FLOWERS,4,2011-03-13 12:39:00,0.42,14502.0,United Kingdom
546423,22248,DECORATION  PINK CHICK MAGIC GARDEN,2,2011-03-13 12:39:00,0.85,14502.0,United Kingdom
546423,22249,DECORATION WHITE CHICK MAGIC GARDEN,2,2011-03-13 12:39:00,0.85,14502.0,United Kingdom
546423,22021,BLUE FELT EASTER EGG BASKET,1,2011-03-13 12:39:00,1.65,14502.0,United Kingdom
546423,21114,LAVENDER SCENTED FABRIC HEART,5,2011-03-13 12:39:00,1.25,14502.0,United Kingdom
546423,22621,TRADITIONAL KNITTING NANCY,1,2011-03-13 12:39:00,1.45,14502.0,United Kingdom
546423,84970S,HANGING HEART ZINC T-LIGHT HOLDER,3,2011-03-13 12:39:00,0.85,14502.0,United Kingdom
546423,84970L,SINGLE HEART ZINC T-LIGHT HOLDER,3,2011-03-13 12:39:00,0.95,14502.0,United Kingdom
546423,22784,LANTERN CREAM GAZEBO ,1,2011-03-13 12:39:00,4.95,14502.0,United Kingdom
546423,85093,CANDY SPOT EGG WARMER HARE,5,2011-03-13 12:39:00,0.39,14502.0,United Kingdom
546423,22855,FINE WICKER HEART ,1,2011-03-13 12:39:00,1.25,14502.0,United Kingdom
546423,22219,LOVEBIRD HANGING DECORATION WHITE ,2,2011-03-13 12:39:00,0.85,14502.0,United Kingdom
546423,22857,ASSORTED EASTER GIFT TAGS,4,2011-03-13 12:39:00,0.85,14502.0,United Kingdom
546423,21386,IVORY HANGING DECORATION  EGG,1,2011-03-13 12:39:00,0.85,14502.0,United Kingdom
546423,21389,IVORY HANGING DECORATION  BIRD,1,2011-03-13 12:39:00,0.85,14502.0,United Kingdom
546423,85188B,PINK METAL SWINGING BUNNY,3,2011-03-13 12:39:00,0.85,14502.0,United Kingdom
546423,85194L,HANGING SPRING FLOWER EGG LARGE,2,2011-03-13 12:39:00,0.85,14502.0,United Kingdom
546423,85202,HANGING WOOD AND FELT HEART,2,2011-03-13 12:39:00,0.42,14502.0,United Kingdom
546423,48184,DOORMAT ENGLISH ROSE ,1,2011-03-13 12:39:00,7.95,14502.0,United Kingdom
546423,48187,DOORMAT NEW ENGLAND,1,2011-03-13 12:39:00,7.95,14502.0,United Kingdom
546423,22760,"TRAY, BREAKFAST IN BED",1,2011-03-13 12:39:00,12.75,14502.0,United Kingdom
546423,82494L,WOODEN FRAME ANTIQUE WHITE ,2,2011-03-13 12:39:00,2.95,14502.0,United Kingdom
546423,82482,WOODEN PICTURE FRAME WHITE FINISH,1,2011-03-13 12:39:00,2.55,14502.0,United Kingdom
546423,22487,WHITE WOOD GARDEN PLANT LADDER,1,2011-03-13 12:39:00,9.95,14502.0,United Kingdom
546423,22171,3 HOOK PHOTO SHELF ANTIQUE WHITE,1,2011-03-13 12:39:00,8.5,14502.0,United Kingdom
546424,22668,PINK BABY BUNTING,2,2011-03-13 12:51:00,2.95,13956.0,United Kingdom
546424,22251,BIRDHOUSE DECORATION MAGIC GARDEN,2,2011-03-13 12:51:00,1.25,13956.0,United Kingdom
546424,22228,BUNNY WOODEN PAINTED WITH BIRD ,1,2011-03-13 12:51:00,0.85,13956.0,United Kingdom
546424,22084,PAPER CHAIN KIT EMPIRE,4,2011-03-13 12:51:00,2.95,13956.0,United Kingdom
546424,22171,3 HOOK PHOTO SHELF ANTIQUE WHITE,2,2011-03-13 12:51:00,8.5,13956.0,United Kingdom
546424,22487,WHITE WOOD GARDEN PLANT LADDER,1,2011-03-13 12:51:00,9.95,13956.0,United Kingdom
546424,22249,DECORATION WHITE CHICK MAGIC GARDEN,1,2011-03-13 12:51:00,0.85,13956.0,United Kingdom
546424,22173,METAL 4 HOOK HANGER FRENCH CHATEAU,1,2011-03-13 12:51:00,2.95,13956.0,United Kingdom
546424,84879,ASSORTED COLOUR BIRD ORNAMENT,16,2011-03-13 12:51:00,1.69,13956.0,United Kingdom
546424,82483,WOOD 2 DRAWER CABINET WHITE FINISH,1,2011-03-13 12:51:00,6.95,13956.0,United Kingdom
546424,22960,JAM MAKING SET WITH JARS,1,2011-03-13 12:51:00,4.25,13956.0,United Kingdom
546424,22098,BOUDOIR SQUARE TISSUE BOX,1,2011-03-13 12:51:00,1.25,13956.0,United Kingdom
546424,21889,WOODEN BOX OF DOMINOES,1,2011-03-13 12:51:00,1.25,13956.0,United Kingdom
546424,22722,SET OF 6 SPICE TINS PANTRY DESIGN,1,2011-03-13 12:51:00,3.95,13956.0,United Kingdom
546424,22249,DECORATION WHITE CHICK MAGIC GARDEN,1,2011-03-13 12:51:00,0.85,13956.0,United Kingdom
546424,21385,IVORY HANGING DECORATION  HEART,8,2011-03-13 12:51:00,0.85,13956.0,United Kingdom
546424,22247,BUNNY DECORATION MAGIC GARDEN,2,2011-03-13 12:51:00,0.85,13956.0,United Kingdom
546424,85186C,BUNNY EGG GARLAND,4,2011-03-13 12:51:00,0.42,13956.0,United Kingdom
546424,22241,GARLAND WOODEN HAPPY EASTER,3,2011-03-13 12:51:00,1.25,13956.0,United Kingdom
546424,22229,BUNNY WOODEN PAINTED WITH FLOWER ,2,2011-03-13 12:51:00,0.85,13956.0,United Kingdom
546424,22228,BUNNY WOODEN PAINTED WITH BIRD ,1,2011-03-13 12:51:00,0.85,13956.0,United Kingdom
546424,22090,PAPER BUNTING RETROSPOT,1,2011-03-13 12:51:00,2.95,13956.0,United Kingdom
546424,22089,PAPER BUNTING VINTAGE PAISLEY,1,2011-03-13 12:51:00,2.95,13956.0,United Kingdom
546425,21454,PAINTED PINK RABBIT ,24,2011-03-13 13:36:00,0.85,16983.0,United Kingdom
546425,21455,PAINTED YELLOW WOODEN DAISY,24,2011-03-13 13:36:00,0.85,16983.0,United Kingdom
546425,85094,CANDY SPOT EGG WARMER RABBIT,11,2011-03-13 13:36:00,0.19,16983.0,United Kingdom
546425,21380,WOODEN HAPPY BIRTHDAY GARLAND,12,2011-03-13 13:36:00,2.95,16983.0,United Kingdom
546425,22228,BUNNY WOODEN PAINTED WITH BIRD ,24,2011-03-13 13:36:00,0.85,16983.0,United Kingdom
546425,22229,BUNNY WOODEN PAINTED WITH FLOWER ,24,2011-03-13 13:36:00,0.85,16983.0,United Kingdom
546425,22241,GARLAND WOODEN HAPPY EASTER,12,2011-03-13 13:36:00,1.25,16983.0,United Kingdom
546425,22262,FELT EGG COSY CHICKEN,12,2011-03-13 13:36:00,0.85,16983.0,United Kingdom
546425,22261,FELT EGG COSY WHITE RABBIT ,12,2011-03-13 13:36:00,0.85,16983.0,United Kingdom
546425,85036A,GARDENIA 1 WICK MORRIS BOXED CANDLE,2,2011-03-13 13:36:00,4.25,16983.0,United Kingdom
546425,85036C,ROSE 1 WICK MORRIS BOXED CANDLE,4,2011-03-13 13:36:00,4.25,16983.0,United Kingdom
546425,21936,RED RETROSPOT PICNIC BAG,1,2011-03-13 13:36:00,2.95,16983.0,United Kingdom
546425,22568,FELTCRAFT CUSHION OWL,6,2011-03-13 13:36:00,3.75,16983.0,United Kingdom
546425,22570,FELTCRAFT CUSHION RABBIT,3,2011-03-13 13:36:00,3.75,16983.0,United Kingdom
546425,22569,FELTCRAFT CUSHION BUTTERFLY,7,2011-03-13 13:36:00,3.75,16983.0,United Kingdom
546425,22254,FELT TOADSTOOL LARGE,1,2011-03-13 13:36:00,1.25,16983.0,United Kingdom
546425,22255,FELT TOADSTOOL  SMALL,2,2011-03-13 13:36:00,0.85,16983.0,United Kingdom
546425,21547,CERAMIC BIRDHOUSE CRESTED TIT SMALL,6,2011-03-13 13:36:00,2.95,16983.0,United Kingdom
546426,22286,"DECORATION , WOBBLY RABBIT , METAL ",3,2011-03-13 13:46:00,1.65,13708.0,United Kingdom
546426,22439,6 ROCKET BALLOONS ,20,2011-03-13 13:46:00,0.65,13708.0,United Kingdom
546426,23232,WRAP VINTAGE PETALS  DESIGN,25,2011-03-13 13:46:00,0.42,13708.0,United Kingdom
546426,23230,WRAP ALPHABET DESIGN,25,2011-03-13 13:46:00,0.42,13708.0,United Kingdom
546426,22047,EMPIRE GIFT WRAP,25,2011-03-13 13:46:00,0.42,13708.0,United Kingdom
546426,84218,BOX/12 CHICK & EGG IN BASKET,1,2011-03-13 13:46:00,1.95,13708.0,United Kingdom
546426,21830,ASSORTED CREEPY CRAWLIES,24,2011-03-13 13:46:00,0.42,13708.0,United Kingdom
546426,22084,PAPER CHAIN KIT EMPIRE,6,2011-03-13 13:46:00,2.95,13708.0,United Kingdom
546426,22023,EMPIRE BIRTHDAY CARD,12,2011-03-13 13:46:00,0.42,13708.0,United Kingdom
546426,85123A,WHITE HANGING HEART T-LIGHT HOLDER,2,2011-03-13 13:46:00,2.95,13708.0,United Kingdom
546426,21165,BEWARE OF THE CAT METAL SIGN ,2,2011-03-13 13:46:00,1.69,13708.0,United Kingdom
546426,82599,FANNY'S REST STOPMETAL SIGN,1,2011-03-13 13:46:00,2.1,13708.0,United Kingdom
546426,21174,POTTERING IN THE SHED METAL SIGN,1,2011-03-13 13:46:00,2.08,13708.0,United Kingdom
546426,82552,WASHROOM METAL SIGN,1,2011-03-13 13:46:00,1.45,13708.0,United Kingdom
546426,82551,LAUNDRY 15C METAL SIGN,1,2011-03-13 13:46:00,1.45,13708.0,United Kingdom
546426,21166,COOK WITH WINE METAL SIGN ,1,2011-03-13 13:46:00,2.08,13708.0,United Kingdom
546426,21904,HOUSE WRECKING METAL SIGN ,1,2011-03-13 13:46:00,2.1,13708.0,United Kingdom
546426,21907,I'M ON HOLIDAY METAL SIGN,1,2011-03-13 13:46:00,2.1,13708.0,United Kingdom
546426,85152,HAND OVER THE CHOCOLATE   SIGN ,1,2011-03-13 13:46:00,2.1,13708.0,United Kingdom
546426,84077,WORLD WAR 2 GLIDERS ASSTD DESIGNS,48,2011-03-13 13:46:00,0.29,13708.0,United Kingdom
546426,85096,HILDA CANDY SPOT RABBIT,2,2011-03-13 13:46:00,3.75,13708.0,United Kingdom
546426,22784,LANTERN CREAM GAZEBO ,1,2011-03-13 13:46:00,4.95,13708.0,United Kingdom
546426,21755,LOVE BUILDING BLOCK WORD,1,2011-03-13 13:46:00,5.95,13708.0,United Kingdom
546426,22650,CERAMIC PIRATE CHEST MONEY BANK,4,2011-03-13 13:46:00,1.45,13708.0,United Kingdom
546426,84946,ANTIQUE SILVER TEA GLASS ETCHED,6,2011-03-13 13:46:00,1.25,13708.0,United Kingdom
546426,21913,VINTAGE SEASIDE JIGSAW PUZZLES,2,2011-03-13 13:46:00,3.75,13708.0,United Kingdom
546426,21930,JUMBO STORAGE BAG SKULLS,1,2011-03-13 13:46:00,1.95,13708.0,United Kingdom
546426,22384,LUNCH BAG PINK POLKADOT,4,2011-03-13 13:46:00,1.65,13708.0,United Kingdom
546426,20727,LUNCH BAG  BLACK SKULL.,4,2011-03-13 13:46:00,1.65,13708.0,United Kingdom
546426,20728,LUNCH BAG CARS BLUE,4,2011-03-13 13:46:00,1.65,13708.0,United Kingdom
546426,20727,LUNCH BAG  BLACK SKULL.,4,2011-03-13 13:46:00,1.65,13708.0,United Kingdom
546426,77101A,UNION FLAG WINDSOCK,2,2011-03-13 13:46:00,1.25,13708.0,United Kingdom
546426,M,Manual,1,2011-03-13 13:46:00,2.0,13708.0,United Kingdom
546426,21754,HOME BUILDING BLOCK WORD,2,2011-03-13 13:46:00,5.95,13708.0,United Kingdom
546426,21324,HANGING MEDINA LANTERN SMALL,2,2011-03-13 13:46:00,2.95,13708.0,United Kingdom
546426,21843,RED RETROSPOT CAKE STAND,1,2011-03-13 13:46:00,10.95,13708.0,United Kingdom
546426,71053,WHITE METAL LANTERN,2,2011-03-13 13:46:00,3.75,13708.0,United Kingdom
546426,22784,LANTERN CREAM GAZEBO ,1,2011-03-13 13:46:00,4.95,13708.0,United Kingdom
546426,21390,FILIGRIS HEART WITH BUTTERFLY,4,2011-03-13 13:46:00,1.25,13708.0,United Kingdom
546426,22294,HEART FILIGREE DOVE  SMALL,4,2011-03-13 13:46:00,1.25,13708.0,United Kingdom
546426,22266,EASTER DECORATION HANGING BUNNY,6,2011-03-13 13:46:00,0.65,13708.0,United Kingdom
546426,85194S,HANGING SPRING FLOWER EGG SMALL,8,2011-03-13 13:46:00,0.65,13708.0,United Kingdom
546426,22285,HANGING HEN ON NEST DECORATION,6,2011-03-13 13:46:00,1.65,13708.0,United Kingdom
546426,22267,EASTER DECORATION EGG BUNNY ,4,2011-03-13 13:46:00,1.25,13708.0,United Kingdom
546426,22292,HANGING CHICK  YELLOW DECORATION,4,2011-03-13 13:46:00,1.45,13708.0,United Kingdom
546426,22288,HANGING METAL RABBIT DECORATION,6,2011-03-13 13:46:00,1.25,13708.0,United Kingdom
546426,22289,HANGING METAL CHICKEN DECORATION,4,2011-03-13 13:46:00,1.25,13708.0,United Kingdom
546426,85186A,EASTER BUNNY GARLAND OF FLOWERS,4,2011-03-13 13:46:00,0.42,13708.0,United Kingdom
546426,85186C,BUNNY EGG GARLAND,6,2011-03-13 13:46:00,0.42,13708.0,United Kingdom
546426,21383,PACK OF 12 STICKY BUNNIES,4,2011-03-13 13:46:00,0.65,13708.0,United Kingdom
546426,85187,S/12 MINI RABBIT EASTER,1,2011-03-13 13:46:00,1.65,13708.0,United Kingdom
546427,22199,FRYING PAN RED RETROSPOT,2,2011-03-13 14:29:00,4.25,14606.0,United Kingdom
546427,85054,FRENCH ENAMEL POT W LID,4,2011-03-13 14:29:00,2.95,14606.0,United Kingdom
546427,21934,SKULL SHOULDER BAG,1,2011-03-13 14:29:00,1.65,14606.0,United Kingdom
546427,20726,LUNCH BAG WOODLAND,1,2011-03-13 14:29:00,1.65,14606.0,United Kingdom
546427,21463,MIRRORED DISCO BALL ,1,2011-03-13 14:29:00,5.95,14606.0,United Kingdom
546427,21464,DISCO BALL ROTATOR BATTERY OPERATED,1,2011-03-13 14:29:00,4.25,14606.0,United Kingdom
546427,22488,NATURAL SLATE RECTANGLE CHALKBOARD,1,2011-03-13 14:29:00,1.65,14606.0,United Kingdom
546427,21468,BUTTERFLY CROCHET FOOD COVER,1,2011-03-13 14:29:00,3.75,14606.0,United Kingdom
546427,21742,LARGE ROUND WICKER PLATTER ,1,2011-03-13 14:29:00,5.95,14606.0,United Kingdom
546427,15060B,FAIRY CAKE DESIGN UMBRELLA,1,2011-03-13 14:29:00,3.75,14606.0,United Kingdom
546427,72349B,SET/6 PURPLE BUTTERFLY T-LIGHTS,1,2011-03-13 14:29:00,2.1,14606.0,United Kingdom
546427,21080,SET/20 RED RETROSPOT PAPER NAPKINS ,2,2011-03-13 14:29:00,0.85,14606.0,United Kingdom
546427,21094,SET/6 RED SPOTTY PAPER PLATES,5,2011-03-13 14:29:00,0.85,14606.0,United Kingdom
546427,22567,20 DOLLY PEGS RETROSPOT,1,2011-03-13 14:29:00,1.25,14606.0,United Kingdom
546427,85176,SEWING SUSAN 21 NEEDLE SET,1,2011-03-13 14:29:00,0.85,14606.0,United Kingdom
546427,84692,BOX OF 24 COCKTAIL PARASOLS,3,2011-03-13 14:29:00,0.42,14606.0,United Kingdom
546427,22563,HAPPY STENCIL CRAFT,1,2011-03-13 14:29:00,1.25,14606.0,United Kingdom
546427,84988,SET OF 72 PINK HEART PAPER DOILIES,1,2011-03-13 14:29:00,1.45,14606.0,United Kingdom
546427,22332,SKULLS PARTY BAG + STICKER SET,2,2011-03-13 14:29:00,1.65,14606.0,United Kingdom
546427,22361,GLASS JAR DAISY FRESH COTTON WOOL,1,2011-03-13 14:29:00,2.95,14606.0,United Kingdom
546427,21527,RED RETROSPOT TRADITIONAL TEAPOT ,1,2011-03-13 14:29:00,7.95,14606.0,United Kingdom
546427,21447,12 IVORY ROSE PEG PLACE SETTINGS,12,2011-03-13 14:29:00,1.25,14606.0,United Kingdom
546427,22227,HANGING HEART MIRROR DECORATION ,2,2011-03-13 14:29:00,0.65,14606.0,United Kingdom
546427,84849B,FAIRY SOAP SOAP HOLDER,1,2011-03-13 14:29:00,1.69,14606.0,United Kingdom
546427,20996,JAZZ HEARTS ADDRESS BOOK,2,2011-03-13 14:29:00,0.42,14606.0,United Kingdom
546427,21442,GREEN BIRDHOUSE DECORATION,1,2011-03-13 14:29:00,0.85,14606.0,United Kingdom
546427,20615,BLUE POLKADOT PASSPORT COVER,1,2011-03-13 14:29:00,2.1,14606.0,United Kingdom
546427,21260,FIRST AID TIN,1,2011-03-13 14:29:00,3.25,14606.0,United Kingdom
546427,22068,BLACK PIRATE TREASURE CHEST,1,2011-03-13 14:29:00,1.65,14606.0,United Kingdom
546428,21206,STRAWBERRY HONEYCOMB  GARLAND ,12,2011-03-13 14:55:00,1.65,12681.0,France
546428,21731,RED TOADSTOOL LED NIGHT LIGHT,24,2011-03-13 14:55:00,1.65,12681.0,France
546428,85227,SET OF 6 3D KIT CARDS FOR KIDS,12,2011-03-13 14:55:00,0.85,12681.0,France
546428,22746,POPPY'S PLAYHOUSE LIVINGROOM ,6,2011-03-13 14:55:00,2.1,12681.0,France
546428,22747,POPPY'S PLAYHOUSE BATHROOM,6,2011-03-13 14:55:00,2.1,12681.0,France
546428,21439,BASKET OF TOADSTOOLS,12,2011-03-13 14:55:00,1.25,12681.0,France
546428,21452,TOADSTOOL MONEY BOX,6,2011-03-13 14:55:00,2.95,12681.0,France
546428,84012,MAGIC SHEEP WOOL GROWING FROM PAPER,12,2011-03-13 14:55:00,2.55,12681.0,France
546428,22967,SET 3 SONG BIRD PAPER EGGS ASSORTED,6,2011-03-13 14:55:00,2.95,12681.0,France
546428,22957,SET 3 PAPER VINTAGE CHICK PAPER EGG,6,2011-03-13 14:55:00,2.95,12681.0,France
546428,22320,BIRDS MOBILE VINTAGE DESIGN,3,2011-03-13 14:55:00,5.95,12681.0,France
546428,20702,PINK PADDED MOBILE,6,2011-03-13 14:55:00,4.25,12681.0,France
546428,22620,4 TRADITIONAL SPINNING TOPS,12,2011-03-13 14:55:00,1.25,12681.0,France
546428,22560,TRADITIONAL MODELLING CLAY,24,2011-03-13 14:55:00,1.25,12681.0,France
546428,22586,FELTCRAFT HAIRBAND PINK AND BLUE,12,2011-03-13 14:55:00,0.85,12681.0,France
546428,22565,FELTCRAFT HAIRBANDS PINK AND WHITE ,12,2011-03-13 14:55:00,0.85,12681.0,France
546428,84228,HEN HOUSE W CHICK STANDING,12,2011-03-13 14:55:00,0.42,12681.0,France
546428,POST,POSTAGE,2,2011-03-13 14:55:00,18.0,12681.0,France
546429,16235,RECYCLED PENCIL WITH RABBIT ERASER,6,2011-03-13 15:25:00,0.21,17611.0,United Kingdom
546429,22915,ASSORTED BOTTLE TOP  MAGNETS ,6,2011-03-13 15:25:00,0.42,17611.0,United Kingdom
546429,21446,12 RED ROSE PEG PLACE SETTINGS,1,2011-03-13 15:25:00,1.25,17611.0,United Kingdom
546429,21447,12 IVORY ROSE PEG PLACE SETTINGS,1,2011-03-13 15:25:00,1.25,17611.0,United Kingdom
546429,20977,36 PENCILS TUBE WOODLAND,2,2011-03-13 15:25:00,1.25,17611.0,United Kingdom
546429,22209,WOOD STAMP SET HAPPY BIRTHDAY,2,2011-03-13 15:25:00,1.65,17611.0,United Kingdom
546429,22208,WOOD STAMP SET THANK YOU,1,2011-03-13 15:25:00,1.65,17611.0,United Kingdom
546429,22210,WOOD STAMP SET BEST WISHES,1,2011-03-13 15:25:00,1.65,17611.0,United Kingdom
546429,21564,PINK  HEART SHAPE LOVE BUCKET ,1,2011-03-13 15:25:00,2.95,17611.0,United Kingdom
546429,21563,RED HEART SHAPE LOVE BUCKET ,1,2011-03-13 15:25:00,2.95,17611.0,United Kingdom
546429,21915,RED  HARMONICA IN BOX ,3,2011-03-13 15:25:00,1.25,17611.0,United Kingdom
546429,21914,BLUE HARMONICA IN BOX ,3,2011-03-13 15:25:00,1.25,17611.0,United Kingdom
546429,84673B,BLUE FLY SWAT,1,2011-03-13 15:25:00,0.65,17611.0,United Kingdom
546429,22746,POPPY'S PLAYHOUSE LIVINGROOM ,2,2011-03-13 15:25:00,2.1,17611.0,United Kingdom
546429,22747,POPPY'S PLAYHOUSE BATHROOM,1,2011-03-13 15:25:00,2.1,17611.0,United Kingdom
546429,22748,POPPY'S PLAYHOUSE KITCHEN,1,2011-03-13 15:25:00,2.1,17611.0,United Kingdom
546429,22745,POPPY'S PLAYHOUSE BEDROOM ,1,2011-03-13 15:25:00,2.1,17611.0,United Kingdom
546429,17084R,ASSORTED INCENSE PACK,72,2011-03-13 15:25:00,0.21,17611.0,United Kingdom
546429,22744,MAKE YOUR OWN MONSOON CARD KIT,1,2011-03-13 15:25:00,2.95,17611.0,United Kingdom
546429,22023,EMPIRE BIRTHDAY CARD,12,2011-03-13 15:25:00,0.42,17611.0,United Kingdom
546429,22662,LUNCH BAG DOLLY GIRL DESIGN,6,2011-03-13 15:25:00,1.65,17611.0,United Kingdom
546429,21327,SKULLS WRITING SET ,1,2011-03-13 15:25:00,1.65,17611.0,United Kingdom
546429,21328,BALLOONS  WRITING SET ,1,2011-03-13 15:25:00,1.65,17611.0,United Kingdom
546429,37413,ICON MUG REVOLUTIONARY,6,2011-03-13 15:25:00,0.39,17611.0,United Kingdom
546429,20772,GARDEN PATH JOURNAL,1,2011-03-13 15:25:00,2.55,17611.0,United Kingdom
546429,20771,CHRYSANTHEMUM  JOURNAL,1,2011-03-13 15:25:00,2.55,17611.0,United Kingdom
546429,22189,CREAM HEART CARD HOLDER,1,2011-03-13 15:25:00,3.95,17611.0,United Kingdom
546429,84992,72 SWEETHEART FAIRY CAKE CASES,1,2011-03-13 15:25:00,0.55,17611.0,United Kingdom
546429,22951,60 CAKE CASES DOLLY GIRL DESIGN,1,2011-03-13 15:25:00,0.55,17611.0,United Kingdom
546429,21212,PACK OF 72 RETROSPOT CAKE CASES,1,2011-03-13 15:25:00,0.55,17611.0,United Kingdom
546429,22417,PACK OF 60 SPACEBOY CAKE CASES,1,2011-03-13 15:25:00,0.55,17611.0,United Kingdom
546429,84792,ENCHANTED BIRD COATHANGER 5 HOOK,1,2011-03-13 15:25:00,4.65,17611.0,United Kingdom
546429,22521,CHILDS GARDEN TROWEL PINK,1,2011-03-13 15:25:00,0.85,17611.0,United Kingdom
546429,22520,CHILDS GARDEN TROWEL BLUE ,1,2011-03-13 15:25:00,0.85,17611.0,United Kingdom
546429,22523,CHILDS GARDEN FORK PINK,1,2011-03-13 15:25:00,0.85,17611.0,United Kingdom
546429,22522,CHILDS GARDEN FORK BLUE ,1,2011-03-13 15:25:00,0.85,17611.0,United Kingdom
546429,84199,GLOW IN DARK DOLPHINS,2,2011-03-13 15:25:00,0.21,17611.0,United Kingdom
546429,22560,TRADITIONAL MODELLING CLAY,2,2011-03-13 15:25:00,1.25,17611.0,United Kingdom
546429,21588,RETROSPOT GIANT TUBE MATCHES,2,2011-03-13 15:25:00,2.55,17611.0,United Kingdom
546429,22417,PACK OF 60 SPACEBOY CAKE CASES,1,2011-03-13 15:25:00,0.55,17611.0,United Kingdom
546429,84992,72 SWEETHEART FAIRY CAKE CASES,1,2011-03-13 15:25:00,0.55,17611.0,United Kingdom
546429,22951,60 CAKE CASES DOLLY GIRL DESIGN,1,2011-03-13 15:25:00,0.55,17611.0,United Kingdom
546429,21212,PACK OF 72 RETROSPOT CAKE CASES,1,2011-03-13 15:25:00,0.55,17611.0,United Kingdom
546429,21975,PACK OF 60 DINOSAUR CAKE CASES,2,2011-03-13 15:25:00,0.55,17611.0,United Kingdom
546429,21790,VINTAGE SNAP CARDS,1,2011-03-13 15:25:00,0.85,17611.0,United Kingdom
546429,21558,SKULL LUNCH BOX WITH CUTLERY ,1,2011-03-13 15:25:00,2.55,17611.0,United Kingdom
546429,21559,STRAWBERRY LUNCH BOX WITH CUTLERY,1,2011-03-13 15:25:00,2.55,17611.0,United Kingdom
546429,21070,VINTAGE BILLBOARD MUG ,2,2011-03-13 15:25:00,1.25,17611.0,United Kingdom
546429,21870,I CAN ONLY PLEASE ONE PERSON MUG,2,2011-03-13 15:25:00,1.25,17611.0,United Kingdom
546429,22553,PLASTERS IN TIN SKULLS,2,2011-03-13 15:25:00,1.65,17611.0,United Kingdom
546429,21889,WOODEN BOX OF DOMINOES,2,2011-03-13 15:25:00,1.25,17611.0,United Kingdom
546429,23002,TRAVEL CARD WALLET SKULLS,4,2011-03-13 15:25:00,0.42,17611.0,United Kingdom
546429,23006,TRAVEL CARD WALLET FLOWER MEADOW,2,2011-03-13 15:25:00,0.42,17611.0,United Kingdom
546429,22995,TRAVEL CARD WALLET SUKI,2,2011-03-13 15:25:00,0.42,17611.0,United Kingdom
546429,22996,TRAVEL CARD WALLET VINTAGE TICKET,2,2011-03-13 15:25:00,0.42,17611.0,United Kingdom
546429,23003,TRAVEL CARD WALLET VINTAGE ROSE ,2,2011-03-13 15:25:00,0.42,17611.0,United Kingdom
546429,22997,TRAVEL CARD WALLET UNION JACK,2,2011-03-13 15:25:00,0.42,17611.0,United Kingdom
546429,23000,TRAVEL CARD WALLET TRANSPORT,2,2011-03-13 15:25:00,0.42,17611.0,United Kingdom
546429,84508C,BLUE CIRCLES DESIGN TEDDY,1,2011-03-13 15:25:00,2.55,17611.0,United Kingdom
546429,21985,PACK OF 12 HEARTS DESIGN TISSUES ,12,2011-03-13 15:25:00,0.29,17611.0,United Kingdom
546429,84828,JUNGLE POPSICLES ICE LOLLY HOLDERS,1,2011-03-13 15:25:00,1.25,17611.0,United Kingdom
546429,22367,CHILDRENS APRON SPACEBOY DESIGN,2,2011-03-13 15:25:00,1.95,17611.0,United Kingdom
546429,47591D,PINK FAIRY CAKE CHILDRENS APRON,2,2011-03-13 15:25:00,1.95,17611.0,United Kingdom
546429,22964,3 PIECE SPACEBOY COOKIE CUTTER SET,1,2011-03-13 15:25:00,2.1,17611.0,United Kingdom
546429,84828,JUNGLE POPSICLES ICE LOLLY HOLDERS,1,2011-03-13 15:25:00,1.25,17611.0,United Kingdom
546429,22804,CANDLEHOLDER PINK HANGING HEART,3,2011-03-13 15:25:00,2.95,17611.0,United Kingdom
546429,22515,CHILDS GARDEN SPADE PINK,2,2011-03-13 15:25:00,2.1,17611.0,United Kingdom
546429,22311,OFFICE MUG WARMER BLACK+SILVER ,2,2011-03-13 15:25:00,2.95,17611.0,United Kingdom
546429,22332,SKULLS PARTY BAG + STICKER SET,6,2011-03-13 15:25:00,1.65,17611.0,United Kingdom
546429,22147,FELTCRAFT BUTTERFLY HEARTS,1,2011-03-13 15:25:00,1.45,17611.0,United Kingdom
546429,22021,BLUE FELT EASTER EGG BASKET,2,2011-03-13 15:25:00,1.65,17611.0,United Kingdom
546429,85206A,CREAM FELT EASTER EGG BASKET,2,2011-03-13 15:25:00,1.65,17611.0,United Kingdom
546429,15036,ASSORTED COLOURS SILK FAN,12,2011-03-13 15:25:00,0.75,17611.0,United Kingdom
546429,22179,SET 10 LIGHTS NIGHT OWL,1,2011-03-13 15:25:00,6.75,17611.0,United Kingdom
546429,21731,RED TOADSTOOL LED NIGHT LIGHT,3,2011-03-13 15:25:00,1.65,17611.0,United Kingdom
546429,79321,CHILLI LIGHTS,5,2011-03-13 15:25:00,5.75,17611.0,United Kingdom
546429,15044C,PURPLE PAPER PARASOL,1,2011-03-13 15:25:00,2.95,17611.0,United Kingdom
546429,15044D,RED PAPER PARASOL,1,2011-03-13 15:25:00,2.95,17611.0,United Kingdom
546429,20971,PINK BLUE FELT CRAFT TRINKET BOX,1,2011-03-13 15:25:00,1.25,17611.0,United Kingdom
546429,21718,RED METAL BEACH SPADE ,4,2011-03-13 15:25:00,1.25,17611.0,United Kingdom
546429,21715,GIRLS VINTAGE TIN SEASIDE BUCKET,4,2011-03-13 15:25:00,2.55,17611.0,United Kingdom
546429,21679,SKULLS  STICKERS,6,2011-03-13 15:25:00,0.85,17611.0,United Kingdom
546429,22483,RED GINGHAM TEDDY BEAR ,1,2011-03-13 15:25:00,2.95,17611.0,United Kingdom
546429,22356,CHARLOTTE BAG PINK POLKADOT,3,2011-03-13 15:25:00,0.85,17611.0,United Kingdom
546429,16207A,PINK STRAWBERRY HANDBAG ,2,2011-03-13 15:25:00,2.95,17611.0,United Kingdom
546429,84508C,BLUE CIRCLES DESIGN TEDDY,1,2011-03-13 15:25:00,2.55,17611.0,United Kingdom
546429,22175,PINK OWL SOFT TOY,2,2011-03-13 15:25:00,2.95,17611.0,United Kingdom
546429,22176,BLUE OWL SOFT TOY,2,2011-03-13 15:25:00,2.95,17611.0,United Kingdom
546429,44092B,BLUE WHITE PLASTIC RINGS LAMPSHADE,1,2011-03-13 15:25:00,0.85,17611.0,United Kingdom
546429,84006,MAGIC TREE -PAPER FLOWERS,12,2011-03-13 15:25:00,0.85,17611.0,United Kingdom
546429,22750,FELTCRAFT PRINCESS LOLA DOLL,1,2011-03-13 15:25:00,3.75,17611.0,United Kingdom
546429,84077,WORLD WAR 2 GLIDERS ASSTD DESIGNS,48,2011-03-13 15:25:00,0.29,17611.0,United Kingdom
546429,21544,SKULLS  WATER TRANSFER TATTOOS ,10,2011-03-13 15:25:00,0.85,17611.0,United Kingdom
546429,22693,GROW A FLYTRAP OR SUNFLOWER IN TIN,24,2011-03-13 15:25:00,1.25,17611.0,United Kingdom
546429,21790,VINTAGE SNAP CARDS,2,2011-03-13 15:25:00,0.85,17611.0,United Kingdom
546429,79302M,"ART LIGHTS,FUNK MONKEY",4,2011-03-13 15:25:00,2.95,17611.0,United Kingdom
546430,21622,VINTAGE UNION JACK CUSHION COVER,2,2011-03-13 15:55:00,4.95,15918.0,United Kingdom
546430,22319,HAIRCLIPS FORTIES FABRIC ASSORTED,12,2011-03-13 15:55:00,0.65,15918.0,United Kingdom
546430,21135,VICTORIAN  METAL POSTCARD SPRING,8,2011-03-13 15:55:00,1.69,15918.0,United Kingdom
546430,84849D,HOT BATHS SOAP HOLDER,2,2011-03-13 15:55:00,1.69,15918.0,United Kingdom
546430,22212,FOUR HOOK  WHITE LOVEBIRDS,2,2011-03-13 15:55:00,2.1,15918.0,United Kingdom
546430,22284,HEN HOUSE DECORATION,2,2011-03-13 15:55:00,1.65,15918.0,United Kingdom
546430,22077,6 RIBBONS RUSTIC CHARM,3,2011-03-13 15:55:00,1.65,15918.0,United Kingdom
546430,22176,BLUE OWL SOFT TOY,2,2011-03-13 15:55:00,2.95,15918.0,United Kingdom
546430,22244,3 HOOK HANGER MAGIC GARDEN,2,2011-03-13 15:55:00,1.95,15918.0,United Kingdom
546430,22285,HANGING HEN ON NEST DECORATION,2,2011-03-13 15:55:00,1.65,15918.0,United Kingdom
546430,22243,5 HOOK HANGER RED MAGIC TOADSTOOL,5,2011-03-13 15:55:00,1.65,15918.0,United Kingdom
546430,20711,JUMBO BAG TOYS ,2,2011-03-13 15:55:00,1.95,15918.0,United Kingdom
546430,20724,RED RETROSPOT CHARLOTTE BAG,2,2011-03-13 15:55:00,0.85,15918.0,United Kingdom
546430,47566,PARTY BUNTING,2,2011-03-13 15:55:00,4.95,15918.0,United Kingdom
546430,22467,GUMBALL COAT RACK,2,2011-03-13 15:55:00,2.55,15918.0,United Kingdom
546430,22245,"HOOK, 1 HANGER ,MAGIC GARDEN",2,2011-03-13 15:55:00,0.85,15918.0,United Kingdom
546430,22317,FIVE CATS HANGING DECORATION,2,2011-03-13 15:55:00,2.95,15918.0,United Kingdom
546430,22318,FIVE HEART HANGING DECORATION,4,2011-03-13 15:55:00,2.95,15918.0,United Kingdom
546430,22325,MOBILE VINTAGE HEARTS ,2,2011-03-13 15:55:00,4.95,15918.0,United Kingdom
546430,22320,BIRDS MOBILE VINTAGE DESIGN,2,2011-03-13 15:55:00,5.95,15918.0,United Kingdom
546430,22175,PINK OWL SOFT TOY,3,2011-03-13 15:55:00,2.95,15918.0,United Kingdom
546430,22176,BLUE OWL SOFT TOY,1,2011-03-13 15:55:00,2.95,15918.0,United Kingdom
