InvoiceNo,StockCode,Description,Quantity,InvoiceDate,UnitPrice,CustomerID,Country
541238,21115,ROSE CARAVAN DOORSTOP,1,2011-01-16 10:42:00,6.75,16746.0,United Kingdom
541238,22957,SET 3 PAPER VINTAGE CHICK PAPER EGG,1,2011-01-16 10:42:00,2.95,16746.0,United Kingdom
541238,22758,LARGE PURPLE BABUSHKA NOTEBOOK  ,1,2011-01-16 10:42:00,1.25,16746.0,United Kingdom
541238,20750,RED RETROSPOT MINI CASES,2,2011-01-16 10:42:00,7.95,16746.0,United Kingdom
541238,22722,SET OF 6 SPICE TINS PANTRY DESIGN,1,2011-01-16 10:42:00,3.95,16746.0,United Kingdom
541238,22755,SMALL PURPLE BABUSHKA NOTEBOOK ,6,2011-01-16 10:42:00,0.85,16746.0,United Kingdom
541238,21115,ROSE CARAVAN DOORSTOP,1,2011-01-16 10:42:00,6.75,16746.0,United Kingdom
541238,22692,DOORMAT WELCOME TO OUR HOME,1,2011-01-16 10:42:00,7.95,16746.0,United Kingdom
541238,48187,DOORMAT NEW ENGLAND,1,2011-01-16 10:42:00,7.95,16746.0,United Kingdom
541238,15056N,EDWARDIAN PARASOL NATURAL,1,2011-01-16 10:42:00,5.95,16746.0,United Kingdom
541238,15056BL,EDWARDIAN PARASOL BLACK,2,2011-01-16 10:42:00,5.95,16746.0,United Kingdom
541238,22379,RECYCLING BAG RETROSPOT ,10,2011-01-16 10:42:00,2.1,16746.0,United Kingdom
541238,22380,TOY TIDY SPACEBOY  ,10,2011-01-16 10:42:00,2.1,16746.0,United Kingdom
541238,22381,TOY TIDY PINK POLKADOT,10,2011-01-16 10:42:00,2.1,16746.0,United Kingdom
541238,22179,SET 10 LIGHTS NIGHT OWL,2,2011-01-16 10:42:00,6.75,16746.0,United Kingdom
541238,22468,BABUSHKA LIGHTS STRING OF 10,4,2011-01-16 10:42:00,6.75,16746.0,United Kingdom
541238,21781,MA CAMPAGNE CUTLERY BOX,1,2011-01-16 10:42:00,14.95,16746.0,United Kingdom
541238,21682,LARGE MEDINA STAMPED METAL BOWL ,4,2011-01-16 10:42:00,4.95,16746.0,United Kingdom
541238,22450,SILK PURSE BABUSHKA BLUE,1,2011-01-16 10:42:00,3.35,16746.0,United Kingdom
541238,22449,SILK PURSE BABUSHKA PINK,1,2011-01-16 10:42:00,3.35,16746.0,United Kingdom
541238,22451,SILK PURSE BABUSHKA RED,1,2011-01-16 10:42:00,3.35,16746.0,United Kingdom
541238,22922,FRIDGE MAGNETS US DINER ASSORTED,6,2011-01-16 10:42:00,0.85,16746.0,United Kingdom
541238,22923,FRIDGE MAGNETS LES ENFANTS ASSORTED,6,2011-01-16 10:42:00,0.85,16746.0,United Kingdom
541238,22722,SET OF 6 SPICE TINS PANTRY DESIGN,1,2011-01-16 10:42:00,3.95,16746.0,United Kingdom
541238,79000,MOROCCAN TEA GLASS,12,2011-01-16 10:42:00,0.85,16746.0,United Kingdom
541238,22326,ROUND SNACK BOXES SET OF4 WOODLAND ,2,2011-01-16 10:42:00,2.95,16746.0,United Kingdom
541238,22779,WOODEN OWLS LIGHT GARLAND ,6,2011-01-16 10:42:00,4.25,16746.0,United Kingdom
541238,22628,PICNIC BOXES SET OF 3 RETROSPOT ,1,2011-01-16 10:42:00,4.95,16746.0,United Kingdom
541238,21361,LOVE LARGE WOOD LETTERS ,1,2011-01-16 10:42:00,12.75,16746.0,United Kingdom
541238,22931,BAKING MOULD HEART WHITE CHOCOLATE,1,2011-01-16 10:42:00,2.55,16746.0,United Kingdom
541238,22937,BAKING MOULD CHOCOLATE CUPCAKES,1,2011-01-16 10:42:00,2.55,16746.0,United Kingdom
541238,22621,TRADITIONAL KNITTING NANCY,10,2011-01-16 10:42:00,1.45,16746.0,United Kingdom
541238,22328,ROUND SNACK BOXES SET OF 4 FRUITS ,2,2011-01-16 10:42:00,2.95,16746.0,United Kingdom
541238,22837,HOT WATER BOTTLE BABUSHKA ,2,2011-01-16 10:42:00,4.65,16746.0,United Kingdom
541238,22968,ROSE COTTAGE KEEPSAKE BOX ,2,2011-01-16 10:42:00,9.95,16746.0,United Kingdom
541238,22423,REGENCY CAKESTAND 3 TIER,3,2011-01-16 10:42:00,12.75,16746.0,United Kingdom
541239,22557,PLASTERS IN TIN VINTAGE PAISLEY ,24,2011-01-16 10:56:00,1.65,16401.0,United Kingdom
541239,22554,PLASTERS IN TIN WOODLAND ANIMALS,24,2011-01-16 10:56:00,1.65,16401.0,United Kingdom
541239,21080,SET/20 RED RETROSPOT PAPER NAPKINS ,8,2011-01-16 10:56:00,0.85,16401.0,United Kingdom
541239,21986,PACK OF 12 PINK POLKADOT TISSUES,60,2011-01-16 10:56:00,0.29,16401.0,United Kingdom
541239,21354,TOAST ITS - BEST MUM,1,2011-01-16 10:56:00,1.25,16401.0,United Kingdom
541239,22328,ROUND SNACK BOXES SET OF 4 FRUITS ,1,2011-01-16 10:56:00,2.95,16401.0,United Kingdom
541239,20725,LUNCH BAG RED RETROSPOT,90,2011-01-16 10:56:00,1.65,16401.0,United Kingdom
541239,20676,RED RETROSPOT BOWL,36,2011-01-16 10:56:00,1.25,16401.0,United Kingdom
541239,21584,RETROSPOT SMALL TUBE MATCHES,5,2011-01-16 10:56:00,1.65,16401.0,United Kingdom
541239,22346,PARTY PIZZA DISH GREEN POLKADOT,30,2011-01-16 10:56:00,0.21,16401.0,United Kingdom
541239,21592,RETROSPOT CIGAR BOX MATCHES ,5,2011-01-16 10:56:00,1.25,16401.0,United Kingdom
541239,21559,STRAWBERRY LUNCH BOX WITH CUTLERY,4,2011-01-16 10:56:00,2.55,16401.0,United Kingdom
541239,22326,ROUND SNACK BOXES SET OF4 WOODLAND ,4,2011-01-16 10:56:00,2.95,16401.0,United Kingdom
541239,22197,SMALL POPCORN HOLDER,200,2011-01-16 10:56:00,0.72,16401.0,United Kingdom
541240,22469,HEART OF WICKER SMALL,15,2011-01-16 11:07:00,1.65,16206.0,United Kingdom
541240,22470,HEART OF WICKER LARGE,24,2011-01-16 11:07:00,2.95,16206.0,United Kingdom
541240,22892,SET OF SALT AND PEPPER TOADSTOOLS,6,2011-01-16 11:07:00,1.25,16206.0,United Kingdom
541240,21975,PACK OF 60 DINOSAUR CAKE CASES,1,2011-01-16 11:07:00,0.55,16206.0,United Kingdom
541240,21213,PACK OF 72 SKULL CAKE CASES,1,2011-01-16 11:07:00,0.55,16206.0,United Kingdom
541240,22417,PACK OF 60 SPACEBOY CAKE CASES,1,2011-01-16 11:07:00,0.55,16206.0,United Kingdom
541240,84378,SET OF 3 HEART COOKIE CUTTERS,1,2011-01-16 11:07:00,1.25,16206.0,United Kingdom
541240,84992,72 SWEETHEART FAIRY CAKE CASES,1,2011-01-16 11:07:00,0.55,16206.0,United Kingdom
541240,21367,MIRRORED WALL ART GENTS,1,2011-01-16 11:07:00,2.55,16206.0,United Kingdom
541240,21368,MIRRORED WALL ART LADIES,1,2011-01-16 11:07:00,2.55,16206.0,United Kingdom
541240,22136,LOVE HEART SOCK HANGER,2,2011-01-16 11:07:00,1.65,16206.0,United Kingdom
541240,22900, SET 2 TEA TOWELS I LOVE LONDON ,1,2011-01-16 11:07:00,2.95,16206.0,United Kingdom
541240,21357,TOAST ITS - DINOSAUR,1,2011-01-16 11:07:00,1.25,16206.0,United Kingdom
541240,21355,TOAST ITS - I LOVE YOU ,3,2011-01-16 11:07:00,1.25,16206.0,United Kingdom
541240,21354,TOAST ITS - BEST MUM,3,2011-01-16 11:07:00,1.25,16206.0,United Kingdom
541240,22136,LOVE HEART SOCK HANGER,1,2011-01-16 11:07:00,1.65,16206.0,United Kingdom
541240,22435,SET OF 9 HEART SHAPED BALLOONS,2,2011-01-16 11:07:00,1.25,16206.0,United Kingdom
541240,22956,36 FOIL HEART CAKE CASES,1,2011-01-16 11:07:00,2.1,16206.0,United Kingdom
541240,85131D,BEADED CRYSTAL HEART PINK ON STICK,3,2011-01-16 11:07:00,1.25,16206.0,United Kingdom
541240,85131C,BEADED CRYSTAL HEART BLUE ON STICK,3,2011-01-16 11:07:00,1.25,16206.0,United Kingdom
541240,85131B,BEADED CRYSTAL HEART GREEN ON STICK,3,2011-01-16 11:07:00,1.25,16206.0,United Kingdom
541240,85131A,BEADED PEARL HEART WHITE ON STICK,3,2011-01-16 11:07:00,1.25,16206.0,United Kingdom
541240,84050,PINK HEART SHAPE EGG FRYING PAN,1,2011-01-16 11:07:00,1.65,16206.0,United Kingdom
541240,21563,RED HEART SHAPE LOVE BUCKET ,2,2011-01-16 11:07:00,2.95,16206.0,United Kingdom
541240,21564,PINK  HEART SHAPE LOVE BUCKET ,2,2011-01-16 11:07:00,2.95,16206.0,United Kingdom
541241,84459B,YELLOW METAL CHICKEN HEART ,1,2011-01-16 11:08:00,1.49,13782.0,United Kingdom
541241,22269,EGG CUP NATURAL CHICKEN,2,2011-01-16 11:08:00,1.25,13782.0,United Kingdom
541241,21385,IVORY HANGING DECORATION  HEART,4,2011-01-16 11:08:00,0.85,13782.0,United Kingdom
541241,21389,IVORY HANGING DECORATION  BIRD,4,2011-01-16 11:08:00,0.85,13782.0,United Kingdom
541241,84879,ASSORTED COLOUR BIRD ORNAMENT,4,2011-01-16 11:08:00,1.69,13782.0,United Kingdom
541241,22297,HEART IVORY TRELLIS SMALL,2,2011-01-16 11:08:00,1.25,13782.0,United Kingdom
541241,35971,ROSE FOLKART HEART DECORATIONS,4,2011-01-16 11:08:00,1.25,13782.0,United Kingdom
541241,22296,HEART IVORY TRELLIS LARGE,2,2011-01-16 11:08:00,1.65,13782.0,United Kingdom
541241,22219,LOVEBIRD HANGING DECORATION WHITE ,2,2011-01-16 11:08:00,0.85,13782.0,United Kingdom
541241,22227,HANGING HEART MIRROR DECORATION ,4,2011-01-16 11:08:00,0.65,13782.0,United Kingdom
541241,22336,DOVE DECORATION PAINTED ZINC ,2,2011-01-16 11:08:00,0.65,13782.0,United Kingdom
541241,21411,GINGHAM HEART  DOORSTOP RED,1,2011-01-16 11:08:00,4.25,13782.0,United Kingdom
541241,22508,DOORSTOP RETROSPOT HEART,1,2011-01-16 11:08:00,3.75,13782.0,United Kingdom
541241,85184C,S/4 VALENTINE DECOUPAGE HEART BOX,2,2011-01-16 11:08:00,2.95,13782.0,United Kingdom
541241,84536A,ENGLISH ROSE NOTEBOOK A7 SIZE,32,2011-01-16 11:08:00,0.42,13782.0,United Kingdom
541241,84406B,CREAM CUPID HEARTS COAT HANGER,2,2011-01-16 11:08:00,3.25,13782.0,United Kingdom
541241,20866,BLUE ROSE FABRIC MIRROR,2,2011-01-16 11:08:00,1.25,13782.0,United Kingdom
541241,20867,PINK ROSE FABRIC MIRROR,2,2011-01-16 11:08:00,1.25,13782.0,United Kingdom
541241,22224,WHITE LOVEBIRD LANTERN,2,2011-01-16 11:08:00,2.95,13782.0,United Kingdom
541241,21175,GIN + TONIC DIET METAL SIGN,4,2011-01-16 11:08:00,2.1,13782.0,United Kingdom
541241,85006,SET 4 NURSERY DES ROUND BOXES,1,2011-01-16 11:08:00,2.95,13782.0,United Kingdom
541241,22804,CANDLEHOLDER PINK HANGING HEART,2,2011-01-16 11:08:00,2.95,13782.0,United Kingdom
541241,84884A,ANT WHITE WIRE HEART SPIRAL,4,2011-01-16 11:08:00,3.95,13782.0,United Kingdom
541241,22723,SET OF 6 HERB TINS SKETCHBOOK,1,2011-01-16 11:08:00,3.95,13782.0,United Kingdom
541241,85123A,WHITE HANGING HEART T-LIGHT HOLDER,2,2011-01-16 11:08:00,2.95,13782.0,United Kingdom
541241,22913,RED COAT RACK PARIS FASHION,1,2011-01-16 11:08:00,4.95,13782.0,United Kingdom
541241,22914,BLUE COAT RACK PARIS FASHION,1,2011-01-16 11:08:00,4.95,13782.0,United Kingdom
541241,22912,YELLOW COAT RACK PARIS FASHION,1,2011-01-16 11:08:00,4.95,13782.0,United Kingdom
541241,22588,CARD HOLDER GINGHAM HEART,4,2011-01-16 11:08:00,2.55,13782.0,United Kingdom
541241,82494L,WOODEN FRAME ANTIQUE WHITE ,1,2011-01-16 11:08:00,2.95,13782.0,United Kingdom
541241,82482,WOODEN PICTURE FRAME WHITE FINISH,1,2011-01-16 11:08:00,2.55,13782.0,United Kingdom
541241,22822,CREAM WALL PLANTER HEART SHAPED,2,2011-01-16 11:08:00,5.95,13782.0,United Kingdom
541241,22193,RED DINER WALL CLOCK,1,2011-01-16 11:08:00,8.5,13782.0,United Kingdom
541241,22192,BLUE DINER WALL CLOCK,1,2011-01-16 11:08:00,8.5,13782.0,United Kingdom
541241,22252,BIRDCAGE DECORATION TEALIGHT HOLDER,4,2011-01-16 11:08:00,1.25,13782.0,United Kingdom
541241,21733,RED HANGING HEART T-LIGHT HOLDER,2,2011-01-16 11:08:00,2.95,13782.0,United Kingdom
541242,22778,GLASS CLOCHE SMALL,1,2011-01-16 11:49:00,3.95,12924.0,United Kingdom
541242,22801,ANTIQUE GLASS PEDESTAL BOWL,16,2011-01-16 11:49:00,3.39,12924.0,United Kingdom
541243,85039A,SET/4 RED MINI ROSE CANDLE IN BOWL,48,2011-01-16 12:11:00,1.45,16593.0,United Kingdom
541244,48173C,DOORMAT BLACK FLOCK ,1,2011-01-16 12:35:00,7.95,15535.0,United Kingdom
541244,21955,DOORMAT UNION JACK GUNS AND ROSES,1,2011-01-16 12:35:00,7.95,15535.0,United Kingdom
541244,48116,DOORMAT MULTICOLOUR STRIPE,1,2011-01-16 12:35:00,7.95,15535.0,United Kingdom
541244,48111,DOORMAT 3 SMILEY CATS,1,2011-01-16 12:35:00,7.95,15535.0,United Kingdom
541244,48188,DOORMAT WELCOME PUPPIES,1,2011-01-16 12:35:00,7.95,15535.0,United Kingdom
541244,48129,DOORMAT TOPIARY,1,2011-01-16 12:35:00,7.95,15535.0,United Kingdom
541244,21623,VINTAGE UNION JACK MEMOBOARD,1,2011-01-16 12:35:00,9.95,15535.0,United Kingdom
541244,22507,MEMO BOARD RETROSPOT  DESIGN,1,2011-01-16 12:35:00,4.95,15535.0,United Kingdom
541244,22505,MEMO BOARD COTTAGE DESIGN,1,2011-01-16 12:35:00,4.95,15535.0,United Kingdom
541244,22461,SAVOY ART DECO CLOCK,2,2011-01-16 12:35:00,12.75,15535.0,United Kingdom
541244,22647,CERAMIC LOVE HEART MONEY BANK,4,2011-01-16 12:35:00,1.45,15535.0,United Kingdom
541244,85036C,ROSE 1 WICK MORRIS BOXED CANDLE,6,2011-01-16 12:35:00,4.25,15535.0,United Kingdom
541244,85036C,ROSE 1 WICK MORRIS BOXED CANDLE,6,2011-01-16 12:35:00,4.25,15535.0,United Kingdom
541244,22423,REGENCY CAKESTAND 3 TIER,2,2011-01-16 12:35:00,12.75,15535.0,United Kingdom
541244,21166,COOK WITH WINE METAL SIGN ,1,2011-01-16 12:35:00,1.95,15535.0,United Kingdom
541244,21181,PLEASE ONE PERSON METAL SIGN,1,2011-01-16 12:35:00,2.1,15535.0,United Kingdom
541244,21905,MORE BUTTER METAL SIGN ,1,2011-01-16 12:35:00,2.1,15535.0,United Kingdom
541244,82600,NO SINGING METAL SIGN,1,2011-01-16 12:35:00,2.1,15535.0,United Kingdom
541244,82599,FANNY'S REST STOPMETAL SIGN,1,2011-01-16 12:35:00,2.1,15535.0,United Kingdom
541244,85150,LADIES & GENTLEMEN METAL SIGN,1,2011-01-16 12:35:00,2.55,15535.0,United Kingdom
541244,82567,"AIRLINE LOUNGE,METAL SIGN",1,2011-01-16 12:35:00,2.1,15535.0,United Kingdom
541244,85152,HAND OVER THE CHOCOLATE   SIGN ,1,2011-01-16 12:35:00,2.1,15535.0,United Kingdom
541244,82583,HOT BATHS METAL SIGN,1,2011-01-16 12:35:00,2.1,15535.0,United Kingdom
541244,82582,AREA PATROLLED METAL SIGN,1,2011-01-16 12:35:00,2.1,15535.0,United Kingdom
541244,21175,GIN + TONIC DIET METAL SIGN,1,2011-01-16 12:35:00,2.1,15535.0,United Kingdom
541244,22116,METAL SIGN HIS DINNER IS SERVED,1,2011-01-16 12:35:00,2.95,15535.0,United Kingdom
541244,22117,METAL SIGN HER DINNER IS SERVED ,1,2011-01-16 12:35:00,2.95,15535.0,United Kingdom
541244,21169,YOU'RE CONFUSING ME METAL SIGN ,1,2011-01-16 12:35:00,1.69,15535.0,United Kingdom
541244,84030E,ENGLISH ROSE HOT WATER BOTTLE,1,2011-01-16 12:35:00,4.25,15535.0,United Kingdom
541244,22113,GREY HEART HOT WATER BOTTLE,1,2011-01-16 12:35:00,3.75,15535.0,United Kingdom
541244,22113,GREY HEART HOT WATER BOTTLE,1,2011-01-16 12:35:00,3.75,15535.0,United Kingdom
541244,22113,GREY HEART HOT WATER BOTTLE,2,2011-01-16 12:35:00,3.75,15535.0,United Kingdom
541244,84030E,ENGLISH ROSE HOT WATER BOTTLE,1,2011-01-16 12:35:00,4.25,15535.0,United Kingdom
541244,72349B,SET/6 PURPLE BUTTERFLY T-LIGHTS,1,2011-01-16 12:35:00,2.1,15535.0,United Kingdom
541244,72351B,SET/6 PINK  BUTTERFLY T-LIGHTS,2,2011-01-16 12:35:00,2.1,15535.0,United Kingdom
541244,72351A,SET/6 TURQUOISE BUTTERFLY T-LIGHTS,2,2011-01-16 12:35:00,2.1,15535.0,United Kingdom
541244,85184C,S/4 VALENTINE DECOUPAGE HEART BOX,24,2011-01-16 12:35:00,1.25,15535.0,United Kingdom
C541245,85036C,ROSE 1 WICK MORRIS BOXED CANDLE,-12,2011-01-16 12:40:00,4.25,15535.0,United Kingdom
541246,85036C,ROSE 1 WICK MORRIS BOXED CANDLE,12,2011-01-16 12:41:00,1.85,15535.0,United Kingdom
541247,72741,GRAND CHOCOLATECANDLE,648,2011-01-16 12:44:00,1.25,12989.0,United Kingdom
541248,22493,PAINT YOUR OWN CANVAS SET,1,2011-01-16 13:04:00,1.65,12748.0,United Kingdom
541248,17174,ASSTD RASTA KEY-CHAINS,1,2011-01-16 13:04:00,0.42,12748.0,United Kingdom
541248,21832,CHOCOLATE CALCULATOR,1,2011-01-16 13:04:00,1.65,12748.0,United Kingdom
541248,22561,WOODEN SCHOOL COLOURING SET,1,2011-01-16 13:04:00,1.65,12748.0,United Kingdom
541248,10002,INFLATABLE POLITICAL GLOBE ,1,2011-01-16 13:04:00,0.85,12748.0,United Kingdom
541248,21832,CHOCOLATE CALCULATOR,1,2011-01-16 13:04:00,1.65,12748.0,United Kingdom
541248,84673B,BLUE FLY SWAT,1,2011-01-16 13:04:00,0.65,12748.0,United Kingdom
541249,21986,PACK OF 12 PINK POLKADOT TISSUES,12,2011-01-16 13:18:00,0.29,13700.0,United Kingdom
541249,21985,PACK OF 12 HEARTS DESIGN TISSUES ,1,2011-01-16 13:18:00,0.29,13700.0,United Kingdom
541249,22616,PACK OF 12 LONDON TISSUES ,24,2011-01-16 13:18:00,0.29,13700.0,United Kingdom
541249,21175,GIN + TONIC DIET METAL SIGN,2,2011-01-16 13:18:00,2.1,13700.0,United Kingdom
541249,22900, SET 2 TEA TOWELS I LOVE LONDON ,1,2011-01-16 13:18:00,2.95,13700.0,United Kingdom
541249,22900, SET 2 TEA TOWELS I LOVE LONDON ,1,2011-01-16 13:18:00,2.95,13700.0,United Kingdom
541249,23230,WRAP ALPHABET DESIGN,25,2011-01-16 13:18:00,0.42,13700.0,United Kingdom
541249,23233,WRAP POPPIES  DESIGN,25,2011-01-16 13:18:00,0.42,13700.0,United Kingdom
541249,22710,WRAP I LOVE LONDON ,25,2011-01-16 13:18:00,0.42,13700.0,United Kingdom
541249,22985,"WRAP, BILLBOARD FONTS DESIGN",25,2011-01-16 13:18:00,0.42,13700.0,United Kingdom
541249,20980,36 PENCILS TUBE POSY,3,2011-01-16 13:18:00,1.25,13700.0,United Kingdom
541249,22661,CHARLOTTE BAG DOLLY GIRL DESIGN,10,2011-01-16 13:18:00,0.85,13700.0,United Kingdom
541249,21181,PLEASE ONE PERSON METAL SIGN,2,2011-01-16 13:18:00,2.1,13700.0,United Kingdom
541249,22661,CHARLOTTE BAG DOLLY GIRL DESIGN,10,2011-01-16 13:18:00,0.85,13700.0,United Kingdom
541249,22355,CHARLOTTE BAG SUKI DESIGN,10,2011-01-16 13:18:00,0.85,13700.0,United Kingdom
541249,21871,SAVE THE PLANET MUG,6,2011-01-16 13:18:00,1.25,13700.0,United Kingdom
541249,21870,I CAN ONLY PLEASE ONE PERSON MUG,6,2011-01-16 13:18:00,1.25,13700.0,United Kingdom
541249,21034,REX CASH+CARRY JUMBO SHOPPER,1,2011-01-16 13:18:00,0.95,13700.0,United Kingdom
541249,22752,SET 7 BABUSHKA NESTING BOXES,1,2011-01-16 13:18:00,8.5,13700.0,United Kingdom
541250,22028,PENNY FARTHING BIRTHDAY CARD,12,2011-01-16 13:19:00,0.42,13700.0,United Kingdom
541250,22713,CARD I LOVE LONDON ,12,2011-01-16 13:19:00,0.42,13700.0,United Kingdom
541250,21519,GIN & TONIC DIET GREETING CARD ,12,2011-01-16 13:19:00,0.42,13700.0,United Kingdom
541250,21506,"FANCY FONT BIRTHDAY CARD, ",12,2011-01-16 13:19:00,0.42,13700.0,United Kingdom
541250,21520,BOOZE & WOMEN GREETING CARD ,12,2011-01-16 13:19:00,0.42,13700.0,United Kingdom
541250,22713,CARD I LOVE LONDON ,12,2011-01-16 13:19:00,0.42,13700.0,United Kingdom
541250,21518,BANK ACCOUNT  GREETING  CARD ,12,2011-01-16 13:19:00,0.42,13700.0,United Kingdom
541251,22464,HANGING METAL HEART LANTERN,6,2011-01-16 13:25:00,1.65,15046.0,United Kingdom
541251,22287,"DECORATION , WOBBLY CHICKEN, METAL ",12,2011-01-16 13:25:00,1.65,15046.0,United Kingdom
541251,22286,"DECORATION , WOBBLY RABBIT , METAL ",12,2011-01-16 13:25:00,1.65,15046.0,United Kingdom
541251,22285,HANGING HEN ON NEST DECORATION,24,2011-01-16 13:25:00,1.65,15046.0,United Kingdom
541251,22284,HEN HOUSE DECORATION,12,2011-01-16 13:25:00,1.65,15046.0,United Kingdom
541251,22286,"DECORATION , WOBBLY RABBIT , METAL ",12,2011-01-16 13:25:00,1.65,15046.0,United Kingdom
541251,22284,HEN HOUSE DECORATION,12,2011-01-16 13:25:00,1.65,15046.0,United Kingdom
541251,22469,HEART OF WICKER SMALL,5,2011-01-16 13:25:00,1.65,15046.0,United Kingdom
541251,21034,REX CASH+CARRY JUMBO SHOPPER,2,2011-01-16 13:25:00,0.95,15046.0,United Kingdom
541251,21340,CLASSIC METAL BIRDCAGE PLANT HOLDER,8,2011-01-16 13:25:00,9.95,15046.0,United Kingdom
541251,22830,UTILTY CABINET WITH HOOKS,2,2011-01-16 13:25:00,10.0,15046.0,United Kingdom
541252,22487,WHITE WOOD GARDEN PLANT LADDER,2,2011-01-16 13:41:00,9.95,13064.0,United Kingdom
541252,75013B,"STRING OF 8 BUTTERFLIES,PINK",6,2011-01-16 13:41:00,1.65,13064.0,United Kingdom
541252,85123A,WHITE HANGING HEART T-LIGHT HOLDER,20,2011-01-16 13:41:00,2.95,13064.0,United Kingdom
541252,82483,WOOD 2 DRAWER CABINET WHITE FINISH,4,2011-01-16 13:41:00,5.95,13064.0,United Kingdom
541252,75013B,"STRING OF 8 BUTTERFLIES,PINK",3,2011-01-16 13:41:00,1.65,13064.0,United Kingdom
541252,22766,PHOTO FRAME CORNICE,4,2011-01-16 13:41:00,2.95,13064.0,United Kingdom
541252,72802A,ROSE SCENT CANDLE IN JEWELLED BOX,6,2011-01-16 13:41:00,4.25,13064.0,United Kingdom
541252,72807A,SET/3 ROSE CANDLE IN JEWELLED BOX,6,2011-01-16 13:41:00,4.25,13064.0,United Kingdom
541252,20828,GLITTER BUTTERFLY CLIPS,9,2011-01-16 13:41:00,2.55,13064.0,United Kingdom
541253,84050,PINK HEART SHAPE EGG FRYING PAN,1,2011-01-16 13:51:00,1.65,17841.0,United Kingdom
541253,84078A,SET/4 WHITE RETRO STORAGE CUBES ,1,2011-01-16 13:51:00,39.95,17841.0,United Kingdom
541253,84849D,HOT BATHS SOAP HOLDER,1,2011-01-16 13:51:00,1.69,17841.0,United Kingdom
541253,21781,MA CAMPAGNE CUTLERY BOX,1,2011-01-16 13:51:00,14.95,17841.0,United Kingdom
541253,47422,ASSORTED MONKEY SUCTION CUP HOOK,6,2011-01-16 13:51:00,0.42,17841.0,United Kingdom
541253,22970,LONDON BUS COFFEE MUG,1,2011-01-16 13:51:00,2.55,17841.0,United Kingdom
541253,22212,FOUR HOOK  WHITE LOVEBIRDS,1,2011-01-16 13:51:00,2.1,17841.0,United Kingdom
541253,20966,SANDWICH BATH SPONGE,1,2011-01-16 13:51:00,1.25,17841.0,United Kingdom
541253,21935,SUKI  SHOULDER BAG,2,2011-01-16 13:51:00,1.65,17841.0,United Kingdom
541253,22962,JAM JAR WITH PINK LID,2,2011-01-16 13:51:00,0.85,17841.0,United Kingdom
541253,22937,BAKING MOULD CHOCOLATE CUPCAKES,1,2011-01-16 13:51:00,2.55,17841.0,United Kingdom
541253,85099C,JUMBO  BAG BAROQUE BLACK WHITE,2,2011-01-16 13:51:00,1.95,17841.0,United Kingdom
541253,22112,CHOCOLATE HOT WATER BOTTLE,1,2011-01-16 13:51:00,4.95,17841.0,United Kingdom
541253,20735,BLACK MINI TAPE MEASURE ,1,2011-01-16 13:51:00,0.85,17841.0,United Kingdom
541253,22726,ALARM CLOCK BAKELIKE GREEN,1,2011-01-16 13:51:00,3.75,17841.0,United Kingdom
541253,22680,FRENCH BLUE METAL DOOR SIGN 5,1,2011-01-16 13:51:00,1.25,17841.0,United Kingdom
541253,22676,FRENCH BLUE METAL DOOR SIGN 1,2,2011-01-16 13:51:00,1.25,17841.0,United Kingdom
541253,22652,TRAVEL SEWING KIT,3,2011-01-16 13:51:00,1.65,17841.0,United Kingdom
541253,22754,SMALL RED BABUSHKA NOTEBOOK ,1,2011-01-16 13:51:00,0.85,17841.0,United Kingdom
541253,21733,RED HANGING HEART T-LIGHT HOLDER,2,2011-01-16 13:51:00,2.95,17841.0,United Kingdom
541253,22960,JAM MAKING SET WITH JARS,1,2011-01-16 13:51:00,4.25,17841.0,United Kingdom
541253,22931,BAKING MOULD HEART WHITE CHOCOLATE,1,2011-01-16 13:51:00,2.55,17841.0,United Kingdom
541253,22930,BAKING MOULD HEART MILK CHOCOLATE,1,2011-01-16 13:51:00,2.55,17841.0,United Kingdom
541253,20668,DISCO BALL CHRISTMAS DECORATION,24,2011-01-16 13:51:00,0.12,17841.0,United Kingdom
541253,22961,JAM MAKING SET PRINTED,2,2011-01-16 13:51:00,1.45,17841.0,United Kingdom
541253,22755,SMALL PURPLE BABUSHKA NOTEBOOK ,1,2011-01-16 13:51:00,0.85,17841.0,United Kingdom
541253,22467,GUMBALL COAT RACK,4,2011-01-16 13:51:00,2.55,17841.0,United Kingdom
541253,79321,CHILLI LIGHTS,30,2011-01-16 13:51:00,4.25,17841.0,United Kingdom
541253,21668,RED STRIPE CERAMIC DRAWER KNOB,5,2011-01-16 13:51:00,1.25,17841.0,United Kingdom
541253,21078,SET/20 STRAWBERRY PAPER NAPKINS ,1,2011-01-16 13:51:00,0.85,17841.0,United Kingdom
541253,84520B,PACK 20 ENGLISH ROSE PAPER NAPKINS,1,2011-01-16 13:51:00,0.85,17841.0,United Kingdom
541253,22907,PACK OF 20 NAPKINS PANTRY DESIGN,1,2011-01-16 13:51:00,0.85,17841.0,United Kingdom
541253,22907,PACK OF 20 NAPKINS PANTRY DESIGN,1,2011-01-16 13:51:00,0.85,17841.0,United Kingdom
541253,22470,HEART OF WICKER LARGE,1,2011-01-16 13:51:00,2.95,17841.0,United Kingdom
541253,15060B,FAIRY CAKE DESIGN UMBRELLA,1,2011-01-16 13:51:00,3.75,17841.0,United Kingdom
541253,22852,DOG BOWL VINTAGE CREAM,1,2011-01-16 13:51:00,4.25,17841.0,United Kingdom
C541254,21667,GLASS CAKE COVER AND PLATE,-2,2011-01-16 13:53:00,14.95,17841.0,United Kingdom
541255,22862,LOVE HEART NAPKIN BOX ,1,2011-01-16 13:54:00,4.25,17841.0,United Kingdom
541256,22188,BLACK HEART CARD HOLDER,2,2011-01-16 14:36:00,3.95,13048.0,United Kingdom
541256,22189,CREAM HEART CARD HOLDER,6,2011-01-16 14:36:00,3.95,13048.0,United Kingdom
541256,21535,RED RETROSPOT SMALL MILK JUG,3,2011-01-16 14:36:00,2.55,13048.0,United Kingdom
541256,22637,PIGGY BANK RETROSPOT ,2,2011-01-16 14:36:00,2.55,13048.0,United Kingdom
541256,21533,RETROSPOT LARGE MILK JUG,3,2011-01-16 14:36:00,4.95,13048.0,United Kingdom
541256,21531,RED RETROSPOT SUGAR JAM BOWL,2,2011-01-16 14:36:00,2.55,13048.0,United Kingdom
541256,22228,BUNNY WOODEN PAINTED WITH BIRD ,12,2011-01-16 14:36:00,0.85,13048.0,United Kingdom
541256,22229,BUNNY WOODEN PAINTED WITH FLOWER ,12,2011-01-16 14:36:00,0.85,13048.0,United Kingdom
541256,22457,NATURAL SLATE HEART CHALKBOARD ,6,2011-01-16 14:36:00,2.95,13048.0,United Kingdom
541256,22348,TEA BAG PLATE RED RETROSPOT,6,2011-01-16 14:36:00,0.85,13048.0,United Kingdom
541256,21383,PACK OF 12 STICKY BUNNIES,20,2011-01-16 14:36:00,0.65,13048.0,United Kingdom
541256,22249,DECORATION WHITE CHICK MAGIC GARDEN,12,2011-01-16 14:36:00,0.85,13048.0,United Kingdom
541256,22247,BUNNY DECORATION MAGIC GARDEN,2,2011-01-16 14:36:00,0.85,13048.0,United Kingdom
541256,22247,BUNNY DECORATION MAGIC GARDEN,10,2011-01-16 14:36:00,0.85,13048.0,United Kingdom
541256,21455,PAINTED YELLOW WOODEN DAISY,12,2011-01-16 14:36:00,0.85,13048.0,United Kingdom
541256,21448,12 DAISY PEGS IN WOOD BOX,6,2011-01-16 14:36:00,1.65,13048.0,United Kingdom
541256,21985,PACK OF 12 HEARTS DESIGN TISSUES ,24,2011-01-16 14:36:00,0.29,13048.0,United Kingdom
541256,21930,JUMBO STORAGE BAG SKULLS,10,2011-01-16 14:36:00,1.95,13048.0,United Kingdom
541256,85099B,JUMBO BAG RED RETROSPOT,10,2011-01-16 14:36:00,1.95,13048.0,United Kingdom
541256,84970S,HANGING HEART ZINC T-LIGHT HOLDER,12,2011-01-16 14:36:00,0.85,13048.0,United Kingdom
541256,22136,LOVE HEART SOCK HANGER,6,2011-01-16 14:36:00,1.65,13048.0,United Kingdom
541256,22131,FOOD CONTAINER SET 3 LOVE HEART ,3,2011-01-16 14:36:00,1.95,13048.0,United Kingdom
541256,22132,RED LOVE HEART SHAPE CUP,24,2011-01-16 14:36:00,0.85,13048.0,United Kingdom
541256,22386,JUMBO BAG PINK POLKADOT,10,2011-01-16 14:36:00,1.95,13048.0,United Kingdom
541256,85099C,JUMBO  BAG BAROQUE BLACK WHITE,10,2011-01-16 14:36:00,1.95,13048.0,United Kingdom
541256,20718,RED RETROSPOT SHOPPER BAG,10,2011-01-16 14:36:00,1.25,13048.0,United Kingdom
541256,20724,RED RETROSPOT CHARLOTTE BAG,10,2011-01-16 14:36:00,0.85,13048.0,United Kingdom
541256,84992,72 SWEETHEART FAIRY CAKE CASES,6,2011-01-16 14:36:00,0.55,13048.0,United Kingdom
541256,22730,ALARM CLOCK BAKELIKE IVORY,2,2011-01-16 14:36:00,3.75,13048.0,United Kingdom
541256,22727,ALARM CLOCK BAKELIKE RED ,2,2011-01-16 14:36:00,3.75,13048.0,United Kingdom
541256,22726,ALARM CLOCK BAKELIKE GREEN,2,2011-01-16 14:36:00,3.75,13048.0,United Kingdom
541256,22355,CHARLOTTE BAG SUKI DESIGN,10,2011-01-16 14:36:00,0.85,13048.0,United Kingdom
541256,22382,LUNCH BAG SPACEBOY DESIGN ,10,2011-01-16 14:36:00,1.65,13048.0,United Kingdom
541256,20728,LUNCH BAG CARS BLUE,10,2011-01-16 14:36:00,1.65,13048.0,United Kingdom
541256,22356,CHARLOTTE BAG PINK POLKADOT,10,2011-01-16 14:36:00,0.85,13048.0,United Kingdom
541256,20725,LUNCH BAG RED RETROSPOT,10,2011-01-16 14:36:00,1.65,13048.0,United Kingdom
541256,22383,LUNCH BAG SUKI  DESIGN ,10,2011-01-16 14:36:00,1.65,13048.0,United Kingdom
541256,22384,LUNCH BAG PINK POLKADOT,10,2011-01-16 14:36:00,1.65,13048.0,United Kingdom
541256,21931,JUMBO STORAGE BAG SUKI,10,2011-01-16 14:36:00,1.95,13048.0,United Kingdom
541256,20713,JUMBO BAG OWLS,10,2011-01-16 14:36:00,1.95,13048.0,United Kingdom
C541257,22111,SCOTTIE DOG HOT WATER BOTTLE,-1,2011-01-16 14:48:00,4.95,18069.0,United Kingdom
541258,21080,SET/20 RED RETROSPOT PAPER NAPKINS ,2,2011-01-16 15:30:00,0.85,13634.0,United Kingdom
541258,22971,QUEENS GUARD COFFEE MUG,3,2011-01-16 15:30:00,2.55,13634.0,United Kingdom
541258,22986,GINGHAM ROSE WRAP,25,2011-01-16 15:30:00,0.42,13634.0,United Kingdom
541258,48194,DOORMAT HEARTS,4,2011-01-16 15:30:00,7.95,13634.0,United Kingdom
541258,48138,DOORMAT UNION FLAG,2,2011-01-16 15:30:00,7.95,13634.0,United Kingdom
541258,85099C,JUMBO  BAG BAROQUE BLACK WHITE,4,2011-01-16 15:30:00,1.95,13634.0,United Kingdom
541258,21485,RETROSPOT HEART HOT WATER BOTTLE,1,2011-01-16 15:30:00,4.95,13634.0,United Kingdom
541258,22469,HEART OF WICKER SMALL,4,2011-01-16 15:30:00,1.65,13634.0,United Kingdom
541258,22470,HEART OF WICKER LARGE,6,2011-01-16 15:30:00,2.95,13634.0,United Kingdom
541258,21485,RETROSPOT HEART HOT WATER BOTTLE,2,2011-01-16 15:30:00,4.95,13634.0,United Kingdom
541258,85130D,BEADED CRYSTAL HEART PINK LARGE,2,2011-01-16 15:30:00,1.65,13634.0,United Kingdom
541258,84029G,KNITTED UNION FLAG HOT WATER BOTTLE,2,2011-01-16 15:30:00,3.75,13634.0,United Kingdom
541258,22113,GREY HEART HOT WATER BOTTLE,3,2011-01-16 15:30:00,3.75,13634.0,United Kingdom
541258,47367B,PAIR PADDED HANGERS PINK CHECK,3,2011-01-16 15:30:00,3.75,13634.0,United Kingdom
541258,85130D,BEADED CRYSTAL HEART PINK LARGE,4,2011-01-16 15:30:00,1.65,13634.0,United Kingdom
541258,72122,COFFEE SCENT PILLAR CANDLE,3,2011-01-16 15:30:00,0.95,13634.0,United Kingdom
541258,22804,CANDLEHOLDER PINK HANGING HEART,3,2011-01-16 15:30:00,2.95,13634.0,United Kingdom
541258,21733,RED HANGING HEART T-LIGHT HOLDER,3,2011-01-16 15:30:00,2.95,13634.0,United Kingdom
541258,85232A,SET/3 POLKADOT STACKING TINS,3,2011-01-16 15:30:00,4.95,13634.0,United Kingdom
541258,22188,BLACK HEART CARD HOLDER,4,2011-01-16 15:30:00,3.95,13634.0,United Kingdom
541258,22935,BAKING MOULD ROSE MILK CHOCOLATE,1,2011-01-16 15:30:00,3.25,13634.0,United Kingdom
541258,22933,BAKING MOULD EASTER EGG MILK CHOC,1,2011-01-16 15:30:00,2.95,13634.0,United Kingdom
541258,22961,JAM MAKING SET PRINTED,1,2011-01-16 15:30:00,1.45,13634.0,United Kingdom
541258,22822,CREAM WALL PLANTER HEART SHAPED,2,2011-01-16 15:30:00,5.95,13634.0,United Kingdom
541258,85049G,CHOCOLATE BOX RIBBONS ,3,2011-01-16 15:30:00,1.25,13634.0,United Kingdom
541258,85049E,SCANDINAVIAN REDS RIBBONS,3,2011-01-16 15:30:00,1.25,13634.0,United Kingdom
541258,22423,REGENCY CAKESTAND 3 TIER,1,2011-01-16 15:30:00,12.75,13634.0,United Kingdom
541258,22900, SET 2 TEA TOWELS I LOVE LONDON ,2,2011-01-16 15:30:00,2.95,13634.0,United Kingdom
541258,21355,TOAST ITS - I LOVE YOU ,4,2011-01-16 15:30:00,1.25,13634.0,United Kingdom
541258,22914,BLUE COAT RACK PARIS FASHION,1,2011-01-16 15:30:00,4.95,13634.0,United Kingdom
541258,22913,RED COAT RACK PARIS FASHION,1,2011-01-16 15:30:00,4.95,13634.0,United Kingdom
541258,22912,YELLOW COAT RACK PARIS FASHION,1,2011-01-16 15:30:00,4.95,13634.0,United Kingdom
541258,22795,SWEETHEART RECIPE BOOK STAND,3,2011-01-16 15:30:00,6.75,13634.0,United Kingdom
541258,82483,WOOD 2 DRAWER CABINET WHITE FINISH,2,2011-01-16 15:30:00,5.95,13634.0,United Kingdom
541258,82486,WOOD S/3 CABINET ANT WHITE FINISH,2,2011-01-16 15:30:00,7.95,13634.0,United Kingdom
541258,82483,WOOD 2 DRAWER CABINET WHITE FINISH,2,2011-01-16 15:30:00,5.95,13634.0,United Kingdom
541258,82486,WOOD S/3 CABINET ANT WHITE FINISH,2,2011-01-16 15:30:00,7.95,13634.0,United Kingdom
541258,22988,SOLDIERS EGG CUP ,12,2011-01-16 15:30:00,1.25,13634.0,United Kingdom
541259,20727,LUNCH BAG  BLACK SKULL.,10,2011-01-16 15:38:00,1.65,14404.0,United Kingdom
541259,22662,LUNCH BAG DOLLY GIRL DESIGN,10,2011-01-16 15:38:00,1.65,14404.0,United Kingdom
541259,22375,AIRLINE BAG VINTAGE JET SET BROWN,1,2011-01-16 15:38:00,4.25,14404.0,United Kingdom
541259,22371,AIRLINE BAG VINTAGE TOKYO 78,1,2011-01-16 15:38:00,4.25,14404.0,United Kingdom
541259,48184,DOORMAT ENGLISH ROSE ,1,2011-01-16 15:38:00,7.95,14404.0,United Kingdom
541259,20725,LUNCH BAG RED RETROSPOT,10,2011-01-16 15:38:00,1.65,14404.0,United Kingdom
541259,20727,LUNCH BAG  BLACK SKULL.,10,2011-01-16 15:38:00,1.65,14404.0,United Kingdom
541259,22423,REGENCY CAKESTAND 3 TIER,3,2011-01-16 15:38:00,12.75,14404.0,United Kingdom
541259,21955,DOORMAT UNION JACK GUNS AND ROSES,1,2011-01-16 15:38:00,7.95,14404.0,United Kingdom
541259,20726,LUNCH BAG WOODLAND,10,2011-01-16 15:38:00,1.65,14404.0,United Kingdom
541259,84050,PINK HEART SHAPE EGG FRYING PAN,8,2011-01-16 15:38:00,1.65,14404.0,United Kingdom
541259,84378,SET OF 3 HEART COOKIE CUTTERS,1,2011-01-16 15:38:00,1.25,14404.0,United Kingdom
541259,22376,AIRLINE BAG VINTAGE JET SET WHITE,1,2011-01-16 15:38:00,4.25,14404.0,United Kingdom
541259,22374,AIRLINE BAG VINTAGE JET SET RED,2,2011-01-16 15:38:00,4.25,14404.0,United Kingdom
541259,22384,LUNCH BAG PINK POLKADOT,10,2011-01-16 15:38:00,1.65,14404.0,United Kingdom
541259,22371,AIRLINE BAG VINTAGE TOKYO 78,1,2011-01-16 15:38:00,4.25,14404.0,United Kingdom
541259,84378,SET OF 3 HEART COOKIE CUTTERS,2,2011-01-16 15:38:00,1.25,14404.0,United Kingdom
541259,21631,HIPPY CHIC DECORATIVE PARASOL,12,2011-01-16 15:38:00,3.95,14404.0,United Kingdom
541259,22476,EMPIRE UNION JACK TV DINNER TRAY,8,2011-01-16 15:38:00,4.95,14404.0,United Kingdom
541260,22907,PACK OF 20 NAPKINS PANTRY DESIGN,1,2011-01-16 15:44:00,0.85,16059.0,United Kingdom
541260,22916,HERB MARKER THYME,4,2011-01-16 15:44:00,0.65,16059.0,United Kingdom
541260,22920,HERB MARKER BASIL,4,2011-01-16 15:44:00,0.65,16059.0,United Kingdom
541260,22917,HERB MARKER ROSEMARY,4,2011-01-16 15:44:00,0.65,16059.0,United Kingdom
541260,22919,HERB MARKER MINT,4,2011-01-16 15:44:00,0.65,16059.0,United Kingdom
541260,22918,HERB MARKER PARSLEY,4,2011-01-16 15:44:00,0.65,16059.0,United Kingdom
541260,22967,SET 3 SONG BIRD PAPER EGGS ASSORTED,1,2011-01-16 15:44:00,2.95,16059.0,United Kingdom
541260,22957,SET 3 PAPER VINTAGE CHICK PAPER EGG,1,2011-01-16 15:44:00,2.95,16059.0,United Kingdom
541260,22241,GARLAND WOODEN HAPPY EASTER,4,2011-01-16 15:44:00,1.25,16059.0,United Kingdom
541260,22072,RED RETROSPOT TEA CUP AND SAUCER ,1,2011-01-16 15:44:00,3.75,16059.0,United Kingdom
541260,22934,BAKING MOULD EASTER EGG WHITE CHOC,3,2011-01-16 15:44:00,2.95,16059.0,United Kingdom
541260,85094,CANDY SPOT EGG WARMER RABBIT,2,2011-01-16 15:44:00,1.25,16059.0,United Kingdom
541260,22720,SET OF 3 CAKE TINS PANTRY DESIGN ,2,2011-01-16 15:44:00,4.95,16059.0,United Kingdom
541260,22469,HEART OF WICKER SMALL,6,2011-01-16 15:44:00,1.65,16059.0,United Kingdom
541260,22470,HEART OF WICKER LARGE,2,2011-01-16 15:44:00,2.95,16059.0,United Kingdom
541260,22822,CREAM WALL PLANTER HEART SHAPED,1,2011-01-16 15:44:00,5.95,16059.0,United Kingdom
541260,22962,JAM JAR WITH PINK LID,1,2011-01-16 15:44:00,0.85,16059.0,United Kingdom
541260,22963,JAM JAR WITH GREEN LID,1,2011-01-16 15:44:00,0.85,16059.0,United Kingdom
541260,22078,RIBBON REEL LACE DESIGN ,1,2011-01-16 15:44:00,2.1,16059.0,United Kingdom
541260,84375,SET OF 20 KIDS COOKIE CUTTERS,3,2011-01-16 15:44:00,2.1,16059.0,United Kingdom
541260,22766,PHOTO FRAME CORNICE,2,2011-01-16 15:44:00,2.95,16059.0,United Kingdom
541260,22907,PACK OF 20 NAPKINS PANTRY DESIGN,2,2011-01-16 15:44:00,0.85,16059.0,United Kingdom
541260,22961,JAM MAKING SET PRINTED,7,2011-01-16 15:44:00,1.45,16059.0,United Kingdom
541260,22078,RIBBON REEL LACE DESIGN ,2,2011-01-16 15:44:00,2.1,16059.0,United Kingdom
541260,21535,RED RETROSPOT SMALL MILK JUG,2,2011-01-16 15:44:00,2.55,16059.0,United Kingdom
541260,22722,SET OF 6 SPICE TINS PANTRY DESIGN,2,2011-01-16 15:44:00,3.95,16059.0,United Kingdom
541260,22072,RED RETROSPOT TEA CUP AND SAUCER ,1,2011-01-16 15:44:00,3.75,16059.0,United Kingdom
541260,21324,HANGING MEDINA LANTERN SMALL,1,2011-01-16 15:44:00,2.95,16059.0,United Kingdom
541260,22666,RECIPE BOX PANTRY YELLOW DESIGN,2,2011-01-16 15:44:00,2.95,16059.0,United Kingdom
541260,20914,SET/5 RED RETROSPOT LID GLASS BOWLS,2,2011-01-16 15:44:00,2.95,16059.0,United Kingdom
541260,22829,SWEETHEART WIRE WALL TIDY,1,2011-01-16 15:44:00,9.95,16059.0,United Kingdom
C541261,22476,EMPIRE UNION JACK TV DINNER TRAY,-8,2011-01-16 15:48:00,4.95,14404.0,United Kingdom
541262,21463,MIRRORED DISCO BALL ,1,2011-01-16 15:50:00,5.95,18069.0,United Kingdom
541262,21755,LOVE BUILDING BLOCK WORD,1,2011-01-16 15:50:00,5.95,18069.0,United Kingdom
541262,22241,GARLAND WOODEN HAPPY EASTER,2,2011-01-16 15:50:00,1.25,18069.0,United Kingdom
541262,22241,GARLAND WOODEN HAPPY EASTER,2,2011-01-16 15:50:00,1.25,18069.0,United Kingdom
541262,22759,SET OF 3 NOTEBOOKS IN PARCEL,1,2011-01-16 15:50:00,1.65,18069.0,United Kingdom
541262,21381,MINI WOODEN HAPPY BIRTHDAY GARLAND,2,2011-01-16 15:50:00,1.69,18069.0,United Kingdom
541262,85038,6 CHOCOLATE LOVE HEART T-LIGHTS,2,2011-01-16 15:50:00,2.1,18069.0,United Kingdom
541262,21937,STRAWBERRY   PICNIC BAG,2,2011-01-16 15:50:00,2.95,18069.0,United Kingdom
541262,22665,RECIPE BOX BLUE SKETCHBOOK DESIGN,1,2011-01-16 15:50:00,2.95,18069.0,United Kingdom
541262,22667,RECIPE BOX RETROSPOT ,1,2011-01-16 15:50:00,2.95,18069.0,United Kingdom
541262,84970L,SINGLE HEART ZINC T-LIGHT HOLDER,3,2011-01-16 15:50:00,0.95,18069.0,United Kingdom
541262,84970S,HANGING HEART ZINC T-LIGHT HOLDER,6,2011-01-16 15:50:00,0.85,18069.0,United Kingdom
541262,75131,METAL TUBE CHIME ON BAMBOO,1,2011-01-16 15:50:00,1.69,18069.0,United Kingdom
541262,84509A,SET OF 4 ENGLISH ROSE PLACEMATS,2,2011-01-16 15:50:00,3.75,18069.0,United Kingdom
541262,22335,HEART DECORATION PAINTED ZINC ,2,2011-01-16 15:50:00,0.65,18069.0,United Kingdom
541262,22296,HEART IVORY TRELLIS LARGE,2,2011-01-16 15:50:00,1.65,18069.0,United Kingdom
541262,84836,ZINC METAL HEART DECORATION,4,2011-01-16 15:50:00,1.25,18069.0,United Kingdom
541262,22162,HEART GARLAND RUSTIC PADDED,1,2011-01-16 15:50:00,2.95,18069.0,United Kingdom
541262,21714,CITRONELLA CANDLE GARDEN POT,2,2011-01-16 15:50:00,1.25,18069.0,United Kingdom
541262,22548,HEADS AND TAILS SPORTING FUN,1,2011-01-16 15:50:00,1.25,18069.0,United Kingdom
541262,85061W,WHITE JEWELLED HEART DECORATION,2,2011-01-16 15:50:00,0.85,18069.0,United Kingdom
541262,10002,INFLATABLE POLITICAL GLOBE ,6,2011-01-16 15:50:00,0.85,18069.0,United Kingdom
541262,82580,BATHROOM METAL SIGN,1,2011-01-16 15:50:00,0.55,18069.0,United Kingdom
541262,82581,TOILET METAL SIGN,1,2011-01-16 15:50:00,0.55,18069.0,United Kingdom
541262,22811,SET OF 6 T-LIGHTS CACTI ,1,2011-01-16 15:50:00,2.95,18069.0,United Kingdom
541262,72351B,SET/6 PINK  BUTTERFLY T-LIGHTS,1,2011-01-16 15:50:00,2.1,18069.0,United Kingdom
541262,72807B,SET/3 OCEAN SCENT CANDLE JEWEL BOX,1,2011-01-16 15:50:00,4.25,18069.0,United Kingdom
541262,72807A,SET/3 ROSE CANDLE IN JEWELLED BOX,1,2011-01-16 15:50:00,4.25,18069.0,United Kingdom
541262,72807C,SET/3 VANILLA SCENTED CANDLE IN BOX,1,2011-01-16 15:50:00,4.25,18069.0,United Kingdom
541262,72351B,SET/6 PINK  BUTTERFLY T-LIGHTS,1,2011-01-16 15:50:00,2.1,18069.0,United Kingdom
541262,22460,EMBOSSED GLASS TEALIGHT HOLDER,2,2011-01-16 15:50:00,1.25,18069.0,United Kingdom
541262,84950,ASSORTED COLOUR T-LIGHT HOLDER,6,2011-01-16 15:50:00,0.65,18069.0,United Kingdom
541262,79066K,RETRO MOD TRAY,4,2011-01-16 15:50:00,0.85,18069.0,United Kingdom
541262,22755,SMALL PURPLE BABUSHKA NOTEBOOK ,2,2011-01-16 15:50:00,0.85,18069.0,United Kingdom
541262,22860,EASTER TIN CHICKS PINK DAISY,3,2011-01-16 15:50:00,1.65,18069.0,United Kingdom
541262,22789,T-LIGHT HOLDER SWEETHEART HANGING,2,2011-01-16 15:50:00,1.95,18069.0,United Kingdom
541262,35921,EASTER BUNNY HANGING GARLAND,2,2011-01-16 15:50:00,1.25,18069.0,United Kingdom
541262,79321,CHILLI LIGHTS,6,2011-01-16 15:50:00,4.95,18069.0,United Kingdom
541262,22035,VINTAGE CARAVAN GREETING CARD ,12,2011-01-16 15:50:00,0.42,18069.0,United Kingdom
541262,22549,PICTURE DOMINOES,1,2011-01-16 15:50:00,1.45,18069.0,United Kingdom
541262,22807,SET OF 6 T-LIGHTS TOADSTOOLS,1,2011-01-16 15:50:00,2.95,18069.0,United Kingdom
541262,85206B,PINK FELT EASTER EGG BASKET,1,2011-01-16 15:50:00,1.65,18069.0,United Kingdom
541262,22021,BLUE FELT EASTER EGG BASKET,1,2011-01-16 15:50:00,1.65,18069.0,United Kingdom
541262,85206A,CREAM FELT EASTER EGG BASKET,3,2011-01-16 15:50:00,1.65,18069.0,United Kingdom
541262,21219,SET/4 BADGES BALLOON GIRL,10,2011-01-16 15:50:00,1.25,18069.0,United Kingdom
541262,21705,BAG 500g SWIRLY MARBLES,2,2011-01-16 15:50:00,1.65,18069.0,United Kingdom
541262,21464,DISCO BALL ROTATOR BATTERY OPERATED,1,2011-01-16 15:50:00,4.25,18069.0,United Kingdom
541262,21790,VINTAGE SNAP CARDS,2,2011-01-16 15:50:00,0.85,18069.0,United Kingdom
541262,21889,WOODEN BOX OF DOMINOES,1,2011-01-16 15:50:00,1.25,18069.0,United Kingdom
541262,22435,SET OF 9 HEART SHAPED BALLOONS,1,2011-01-16 15:50:00,1.25,18069.0,United Kingdom
541262,22621,TRADITIONAL KNITTING NANCY,2,2011-01-16 15:50:00,1.45,18069.0,United Kingdom
541262,21891,TRADITIONAL WOODEN SKIPPING ROPE,2,2011-01-16 15:50:00,1.25,18069.0,United Kingdom
541262,21892,TRADITIONAL WOODEN CATCH CUP GAME ,2,2011-01-16 15:50:00,1.25,18069.0,United Kingdom
541262,22620,4 TRADITIONAL SPINNING TOPS,2,2011-01-16 15:50:00,1.25,18069.0,United Kingdom
541262,21430,SET/3 RED GINGHAM ROSE STORAGE BOX,1,2011-01-16 15:50:00,3.75,18069.0,United Kingdom
541262,85064,CREAM SWEETHEART LETTER RACK,1,2011-01-16 15:50:00,5.45,18069.0,United Kingdom
541262,21755,LOVE BUILDING BLOCK WORD,1,2011-01-16 15:50:00,5.95,18069.0,United Kingdom
541262,22148,EASTER CRAFT 4 CHICKS ,2,2011-01-16 15:50:00,1.95,18069.0,United Kingdom
541262,82482,WOODEN PICTURE FRAME WHITE FINISH,1,2011-01-16 15:50:00,2.55,18069.0,United Kingdom
541262,22831,WHITE BROCANTE SOAP DISH,1,2011-01-16 15:50:00,2.95,18069.0,United Kingdom
541262,22863,SOAP DISH BROCANTE,1,2011-01-16 15:50:00,2.95,18069.0,United Kingdom
541262,82567,"AIRLINE LOUNGE,METAL SIGN",1,2011-01-16 15:50:00,2.1,18069.0,United Kingdom
541262,85038,6 CHOCOLATE LOVE HEART T-LIGHTS,1,2011-01-16 15:50:00,2.1,18069.0,United Kingdom
541262,20727,LUNCH BAG  BLACK SKULL.,1,2011-01-16 15:50:00,1.65,18069.0,United Kingdom
541262,20725,LUNCH BAG RED RETROSPOT,2,2011-01-16 15:50:00,1.65,18069.0,United Kingdom
541262,22384,LUNCH BAG PINK POLKADOT,2,2011-01-16 15:50:00,1.65,18069.0,United Kingdom
541262,84050,PINK HEART SHAPE EGG FRYING PAN,4,2011-01-16 15:50:00,1.65,18069.0,United Kingdom
541262,85123A,WHITE HANGING HEART T-LIGHT HOLDER,1,2011-01-16 15:50:00,2.95,18069.0,United Kingdom
541262,21733,RED HANGING HEART T-LIGHT HOLDER,1,2011-01-16 15:50:00,2.95,18069.0,United Kingdom
541262,21355,TOAST ITS - I LOVE YOU ,2,2011-01-16 15:50:00,1.25,18069.0,United Kingdom
541262,22766,PHOTO FRAME CORNICE,2,2011-01-16 15:50:00,2.95,18069.0,United Kingdom
541262,22469,HEART OF WICKER SMALL,4,2011-01-16 15:50:00,1.65,18069.0,United Kingdom
541262,22470,HEART OF WICKER LARGE,1,2011-01-16 15:50:00,2.95,18069.0,United Kingdom
541262,84949,SILVER HANGING T-LIGHT HOLDER,2,2011-01-16 15:50:00,1.65,18069.0,United Kingdom
541262,84760S,SMALL HANGING GLASS+ZINC LANTERN,2,2011-01-16 15:50:00,1.45,18069.0,United Kingdom
541262,22752,SET 7 BABUSHKA NESTING BOXES,2,2011-01-16 15:50:00,8.5,18069.0,United Kingdom
541263,22242,5 HOOK HANGER MAGIC TOADSTOOL,24,2011-01-16 16:10:00,1.65,16843.0,United Kingdom
541263,20971,PINK BLUE FELT CRAFT TRINKET BOX,36,2011-01-16 16:10:00,1.25,16843.0,United Kingdom
541263,22570,FELTCRAFT CUSHION RABBIT,12,2011-01-16 16:10:00,3.75,16843.0,United Kingdom
541263,22568,FELTCRAFT CUSHION OWL,12,2011-01-16 16:10:00,3.75,16843.0,United Kingdom
541263,37448,CERAMIC CAKE DESIGN SPOTTED MUG,24,2011-01-16 16:10:00,1.49,16843.0,United Kingdom
541263,22358,KINGS CHOICE TEA CADDY ,6,2011-01-16 16:10:00,2.95,16843.0,United Kingdom
541263,20914,SET/5 RED RETROSPOT LID GLASS BOWLS,24,2011-01-16 16:10:00,2.95,16843.0,United Kingdom
541263,22960,JAM MAKING SET WITH JARS,12,2011-01-16 16:10:00,3.75,16843.0,United Kingdom
541263,22961,JAM MAKING SET PRINTED,24,2011-01-16 16:10:00,1.45,16843.0,United Kingdom
541263,22720,SET OF 3 CAKE TINS PANTRY DESIGN ,6,2011-01-16 16:10:00,4.95,16843.0,United Kingdom
541263,22722,SET OF 6 SPICE TINS PANTRY DESIGN,8,2011-01-16 16:10:00,3.95,16843.0,United Kingdom
541263,22964,3 PIECE SPACEBOY COOKIE CUTTER SET,24,2011-01-16 16:10:00,2.1,16843.0,United Kingdom
541263,22721,SET OF 3 CAKE TINS SKETCHBOOK,6,2011-01-16 16:10:00,4.95,16843.0,United Kingdom
541263,22723,SET OF 6 HERB TINS SKETCHBOOK,4,2011-01-16 16:10:00,3.95,16843.0,United Kingdom
541263,21213,PACK OF 72 SKULL CAKE CASES,120,2011-01-16 16:10:00,0.42,16843.0,United Kingdom
541263,84991,60 TEATIME FAIRY CAKE CASES,120,2011-01-16 16:10:00,0.42,16843.0,United Kingdom
541263,22666,RECIPE BOX PANTRY YELLOW DESIGN,6,2011-01-16 16:10:00,2.95,16843.0,United Kingdom
541263,22665,RECIPE BOX BLUE SKETCHBOOK DESIGN,6,2011-01-16 16:10:00,2.95,16843.0,United Kingdom
541263,22969,HOMEMADE JAM SCENTED CANDLES,60,2011-01-16 16:10:00,1.45,16843.0,United Kingdom
541264,22508,DOORSTOP RETROSPOT HEART,2,2011-01-16 16:10:00,3.75,17064.0,United Kingdom
541264,21115,ROSE CARAVAN DOORSTOP,2,2011-01-16 16:10:00,6.75,17064.0,United Kingdom
541264,21928,JUMBO BAG SCANDINAVIAN PAISLEY,2,2011-01-16 16:10:00,1.95,17064.0,United Kingdom
541264,85206A,CREAM FELT EASTER EGG BASKET,6,2011-01-16 16:10:00,1.65,17064.0,United Kingdom
541264,22090,PAPER BUNTING RETROSPOT,5,2011-01-16 16:10:00,2.95,17064.0,United Kingdom
541264,22272,FELTCRAFT DOLL MARIA,1,2011-01-16 16:10:00,2.95,17064.0,United Kingdom
541264,22271,FELTCRAFT DOLL ROSIE,1,2011-01-16 16:10:00,2.95,17064.0,United Kingdom
541264,22274,FELTCRAFT DOLL EMILY,1,2011-01-16 16:10:00,2.95,17064.0,United Kingdom
541264,22273,FELTCRAFT DOLL MOLLY,1,2011-01-16 16:10:00,2.95,17064.0,United Kingdom
541264,22148,EASTER CRAFT 4 CHICKS ,3,2011-01-16 16:10:00,1.95,17064.0,United Kingdom
541264,22457,NATURAL SLATE HEART CHALKBOARD ,3,2011-01-16 16:10:00,2.95,17064.0,United Kingdom
541264,22720,SET OF 3 CAKE TINS PANTRY DESIGN ,3,2011-01-16 16:10:00,4.95,17064.0,United Kingdom
541264,21592,RETROSPOT CIGAR BOX MATCHES ,3,2011-01-16 16:10:00,1.25,17064.0,United Kingdom
541264,21985,PACK OF 12 HEARTS DESIGN TISSUES ,12,2011-01-16 16:10:00,0.29,17064.0,United Kingdom
541264,21584,RETROSPOT SMALL TUBE MATCHES,3,2011-01-16 16:10:00,1.65,17064.0,United Kingdom
541264,85174,S/4 CACTI CANDLES,1,2011-01-16 16:10:00,4.95,17064.0,United Kingdom
541264,22624,IVORY KITCHEN SCALES,1,2011-01-16 16:10:00,8.5,17064.0,United Kingdom
541264,85175,CACTI T-LIGHT CANDLES,16,2011-01-16 16:10:00,0.42,17064.0,United Kingdom
541264,22386,JUMBO BAG PINK POLKADOT,3,2011-01-16 16:10:00,1.95,17064.0,United Kingdom
541264,22457,NATURAL SLATE HEART CHALKBOARD ,1,2011-01-16 16:10:00,2.95,17064.0,United Kingdom
541264,22722,SET OF 6 SPICE TINS PANTRY DESIGN,1,2011-01-16 16:10:00,3.95,17064.0,United Kingdom
541264,22366,DOORMAT AIRMAIL ,1,2011-01-16 16:10:00,7.95,17064.0,United Kingdom
541264,21928,JUMBO BAG SCANDINAVIAN PAISLEY,2,2011-01-16 16:10:00,1.95,17064.0,United Kingdom
541265,20711,JUMBO BAG TOYS ,2,2011-01-16 16:23:00,1.95,17609.0,United Kingdom
541265,M,Manual,2,2011-01-16 16:23:00,1.25,17609.0,United Kingdom
541265,20713,JUMBO BAG OWLS,2,2011-01-16 16:23:00,1.95,17609.0,United Kingdom
541265,21935,SUKI  SHOULDER BAG,2,2011-01-16 16:23:00,1.65,17609.0,United Kingdom
541265,20726,LUNCH BAG WOODLAND,1,2011-01-16 16:23:00,1.65,17609.0,United Kingdom
541265,22661,CHARLOTTE BAG DOLLY GIRL DESIGN,2,2011-01-16 16:23:00,0.85,17609.0,United Kingdom
541265,22383,LUNCH BAG SUKI  DESIGN ,2,2011-01-16 16:23:00,1.65,17609.0,United Kingdom
541265,22355,CHARLOTTE BAG SUKI DESIGN,4,2011-01-16 16:23:00,0.85,17609.0,United Kingdom
541265,20723,STRAWBERRY CHARLOTTE BAG,5,2011-01-16 16:23:00,0.85,17609.0,United Kingdom
541265,22380,TOY TIDY SPACEBOY  ,8,2011-01-16 16:23:00,2.1,17609.0,United Kingdom
541265,20717,STRAWBERRY SHOPPER BAG,6,2011-01-16 16:23:00,1.25,17609.0,United Kingdom
541265,84457,SET/3 RABBITS FLOWER SKIPPPING ROPE,2,2011-01-16 16:23:00,0.85,17609.0,United Kingdom
541265,20832,RED FLOCK LOVE HEART PHOTO FRAME,4,2011-01-16 16:23:00,0.85,17609.0,United Kingdom
541265,47503H,ASS FLORAL PRINT SPIRIT LEVEL ,2,2011-01-16 16:23:00,1.95,17609.0,United Kingdom
541265,47504K,ENGLISH ROSE GARDEN SECATEURS,2,2011-01-16 16:23:00,1.95,17609.0,United Kingdom
541265,20712,JUMBO BAG WOODLAND ANIMALS,3,2011-01-16 16:23:00,1.95,17609.0,United Kingdom
541265,85200,BUNNY EGG BOX,2,2011-01-16 16:23:00,1.25,17609.0,United Kingdom
541265,20711,JUMBO BAG TOYS ,3,2011-01-16 16:23:00,1.95,17609.0,United Kingdom
541265,21931,JUMBO STORAGE BAG SUKI,4,2011-01-16 16:23:00,1.95,17609.0,United Kingdom
541265,22448,PIN CUSHION BABUSHKA RED,2,2011-01-16 16:23:00,3.35,17609.0,United Kingdom
541265,47503A,ASS FLORAL PRINT MULTI SCREWDRIVER,2,2011-01-16 16:23:00,1.25,17609.0,United Kingdom
541265,22667,RECIPE BOX RETROSPOT ,1,2011-01-16 16:23:00,2.95,17609.0,United Kingdom
541265,20679,EDWARDIAN PARASOL RED,1,2011-01-16 16:23:00,5.95,17609.0,United Kingdom
541265,22452,MEASURING TAPE BABUSHKA PINK,2,2011-01-16 16:23:00,2.95,17609.0,United Kingdom
541265,22164,STRING OF STARS CARD HOLDER,1,2011-01-16 16:23:00,2.95,17609.0,United Kingdom
541265,22163,HEART STRING MEMO HOLDER HANGING,3,2011-01-16 16:23:00,2.95,17609.0,United Kingdom
541265,85066,CREAM SWEETHEART MINI CHEST,1,2011-01-16 16:23:00,12.75,17609.0,United Kingdom
541265,22079,RIBBON REEL HEARTS DESIGN ,5,2011-01-16 16:23:00,1.65,17609.0,United Kingdom
541265,22774,RED DRAWER KNOB ACRYLIC EDWARDIAN,4,2011-01-16 16:23:00,1.25,17609.0,United Kingdom
541265,22382,LUNCH BAG SPACEBOY DESIGN ,2,2011-01-16 16:23:00,1.65,17609.0,United Kingdom
541265,22661,CHARLOTTE BAG DOLLY GIRL DESIGN,1,2011-01-16 16:23:00,0.85,17609.0,United Kingdom
541265,20726,LUNCH BAG WOODLAND,1,2011-01-16 16:23:00,1.65,17609.0,United Kingdom
541265,22662,LUNCH BAG DOLLY GIRL DESIGN,2,2011-01-16 16:23:00,1.65,17609.0,United Kingdom
541265,21928,JUMBO BAG SCANDINAVIAN PAISLEY,3,2011-01-16 16:23:00,1.95,17609.0,United Kingdom
541265,21929,JUMBO BAG PINK VINTAGE PAISLEY,3,2011-01-16 16:23:00,1.95,17609.0,United Kingdom
541265,85099F,JUMBO BAG STRAWBERRY,3,2011-01-16 16:23:00,1.95,17609.0,United Kingdom
541265,85099C,JUMBO  BAG BAROQUE BLACK WHITE,3,2011-01-16 16:23:00,1.95,17609.0,United Kingdom
541265,85099C,JUMBO  BAG BAROQUE BLACK WHITE,2,2011-01-16 16:23:00,1.95,17609.0,United Kingdom
541265,20727,LUNCH BAG  BLACK SKULL.,2,2011-01-16 16:23:00,1.65,17609.0,United Kingdom
541265,22470,HEART OF WICKER LARGE,2,2011-01-16 16:23:00,2.95,17609.0,United Kingdom
541265,21755,LOVE BUILDING BLOCK WORD,1,2011-01-16 16:23:00,5.95,17609.0,United Kingdom
541265,21733,RED HANGING HEART T-LIGHT HOLDER,1,2011-01-16 16:23:00,2.95,17609.0,United Kingdom
541265,16207B,PINK HEART RED HANDBAG,1,2011-01-16 16:23:00,2.95,17609.0,United Kingdom
541265,22508,DOORSTOP RETROSPOT HEART,1,2011-01-16 16:23:00,3.75,17609.0,United Kingdom
541265,22505,MEMO BOARD COTTAGE DESIGN,1,2011-01-16 16:23:00,4.95,17609.0,United Kingdom
541265,22487,WHITE WOOD GARDEN PLANT LADDER,2,2011-01-16 16:23:00,9.95,17609.0,United Kingdom
541265,85114A,BLACK ENCHANTED FOREST PLACEMAT,4,2011-01-16 16:23:00,1.65,17609.0,United Kingdom
541265,22354,RETROSPOT PADDED SEAT CUSHION,2,2011-01-16 16:23:00,3.75,17609.0,United Kingdom
541265,21620,SET OF 4 ROSE BOTANICAL CANDLES,2,2011-01-16 16:23:00,3.75,17609.0,United Kingdom
541265,85025C,PINK HEART SHAPE PHOTO FRAME,1,2011-01-16 16:23:00,1.65,17609.0,United Kingdom
541265,85025C,PINK HEART SHAPE PHOTO FRAME,1,2011-01-16 16:23:00,1.65,17609.0,United Kingdom
541265,35095B,RED VICTORIAN FABRIC OVAL BOX,12,2011-01-16 16:23:00,0.42,17609.0,United Kingdom
541265,22224,WHITE LOVEBIRD LANTERN,1,2011-01-16 16:23:00,2.95,17609.0,United Kingdom
541265,22759,SET OF 3 NOTEBOOKS IN PARCEL,2,2011-01-16 16:23:00,1.65,17609.0,United Kingdom
541265,22469,HEART OF WICKER SMALL,3,2011-01-16 16:23:00,1.65,17609.0,United Kingdom
541265,22625,RED KITCHEN SCALES,1,2011-01-16 16:23:00,8.5,17609.0,United Kingdom
541265,22968,ROSE COTTAGE KEEPSAKE BOX ,1,2011-01-16 16:23:00,9.95,17609.0,United Kingdom
541265,22196,SMALL HEART MEASURING SPOONS,1,2011-01-16 16:23:00,0.85,17609.0,United Kingdom
541265,20985,HEART CALCULATOR,2,2011-01-16 16:23:00,1.25,17609.0,United Kingdom
541265,22134,MINI LADLE LOVE HEART RED ,3,2011-01-16 16:23:00,0.42,17609.0,United Kingdom
541265,22352,LUNCH BOX WITH CUTLERY RETROSPOT ,1,2011-01-16 16:23:00,2.55,17609.0,United Kingdom
541265,22195,LARGE HEART MEASURING SPOONS,1,2011-01-16 16:23:00,1.65,17609.0,United Kingdom
541265,22132,RED LOVE HEART SHAPE CUP,2,2011-01-16 16:23:00,0.85,17609.0,United Kingdom
541265,21558,SKULL LUNCH BOX WITH CUTLERY ,1,2011-01-16 16:23:00,2.55,17609.0,United Kingdom
541265,22957,SET 3 PAPER VINTAGE CHICK PAPER EGG,2,2011-01-16 16:23:00,2.95,17609.0,United Kingdom
541265,22967,SET 3 SONG BIRD PAPER EGGS ASSORTED,1,2011-01-16 16:23:00,2.95,17609.0,United Kingdom
541265,84459A,PINK METAL CHICKEN HEART ,1,2011-01-16 16:23:00,1.49,17609.0,United Kingdom
541265,84231,EASTER BUNNY WITH BASKET ON BACK,1,2011-01-16 16:23:00,0.65,17609.0,United Kingdom
541265,22287,"DECORATION , WOBBLY CHICKEN, METAL ",1,2011-01-16 16:23:00,1.65,17609.0,United Kingdom
541265,22243,5 HOOK HANGER RED MAGIC TOADSTOOL,1,2011-01-16 16:23:00,1.65,17609.0,United Kingdom
541265,22244,3 HOOK HANGER MAGIC GARDEN,2,2011-01-16 16:23:00,1.95,17609.0,United Kingdom
541265,22242,5 HOOK HANGER MAGIC TOADSTOOL,3,2011-01-16 16:23:00,1.65,17609.0,United Kingdom
541265,85114C,RED ENCHANTED FOREST PLACEMAT,1,2011-01-16 16:23:00,1.65,17609.0,United Kingdom
541265,21460,GREEN EASTER EGG HUNT START POST,1,2011-01-16 16:23:00,1.95,17609.0,United Kingdom
541265,21461,BLUE EASTER EGG HUNT START POST,5,2011-01-16 16:23:00,1.95,17609.0,United Kingdom
541265,22892,SET OF SALT AND PEPPER TOADSTOOLS,3,2011-01-16 16:23:00,1.25,17609.0,United Kingdom
541265,85114C,RED ENCHANTED FOREST PLACEMAT,4,2011-01-16 16:23:00,1.65,17609.0,United Kingdom
541265,84231,EASTER BUNNY WITH BASKET ON BACK,2,2011-01-16 16:23:00,0.65,17609.0,United Kingdom
541265,21154,RED RETROSPOT OVEN GLOVE ,2,2011-01-16 16:23:00,1.25,17609.0,United Kingdom
541265,22250,DECORATION  BUTTERFLY  MAGIC GARDEN,3,2011-01-16 16:23:00,0.85,17609.0,United Kingdom
541265,22268,EASTER DECORATION SITTING BUNNY,1,2011-01-16 16:23:00,0.85,17609.0,United Kingdom
541265,21439,BASKET OF TOADSTOOLS,4,2011-01-16 16:23:00,1.25,17609.0,United Kingdom
541265,22268,EASTER DECORATION SITTING BUNNY,2,2011-01-16 16:23:00,0.85,17609.0,United Kingdom
541265,22267,EASTER DECORATION EGG BUNNY ,2,2011-01-16 16:23:00,1.25,17609.0,United Kingdom
541265,21358,TOAST ITS - HAPPY BIRTHDAY,2,2011-01-16 16:23:00,1.25,17609.0,United Kingdom
541265,21355,TOAST ITS - I LOVE YOU ,3,2011-01-16 16:23:00,1.25,17609.0,United Kingdom
541265,22266,EASTER DECORATION HANGING BUNNY,3,2011-01-16 16:23:00,0.65,17609.0,United Kingdom
541265,22287,"DECORATION , WOBBLY CHICKEN, METAL ",1,2011-01-16 16:23:00,1.65,17609.0,United Kingdom
541265,84032B,CHARLIE + LOLA RED HOT WATER BOTTLE,1,2011-01-16 16:23:00,2.95,17609.0,United Kingdom
541265,84406B,CREAM CUPID HEARTS COAT HANGER,3,2011-01-16 16:23:00,3.25,17609.0,United Kingdom
541265,22212,FOUR HOOK  WHITE LOVEBIRDS,3,2011-01-16 16:23:00,2.1,17609.0,United Kingdom
541265,21485,RETROSPOT HEART HOT WATER BOTTLE,1,2011-01-16 16:23:00,4.95,17609.0,United Kingdom
541265,22267,EASTER DECORATION EGG BUNNY ,1,2011-01-16 16:23:00,1.25,17609.0,United Kingdom
541265,84459A,PINK METAL CHICKEN HEART ,1,2011-01-16 16:23:00,1.49,17609.0,United Kingdom
541265,84459B,YELLOW METAL CHICKEN HEART ,4,2011-01-16 16:23:00,1.49,17609.0,United Kingdom
541265,22241,GARLAND WOODEN HAPPY EASTER,3,2011-01-16 16:23:00,1.25,17609.0,United Kingdom
541265,21563,RED HEART SHAPE LOVE BUCKET ,1,2011-01-16 16:23:00,2.95,17609.0,United Kingdom
541265,84462,3 PINK HEN+CHICKS IN BASKET,2,2011-01-16 16:23:00,1.25,17609.0,United Kingdom
541265,84461,12 PINK HEN+CHICKS IN BASKET,1,2011-01-16 16:23:00,2.55,17609.0,United Kingdom
541265,35922,EASTER BUNNY WREATH,1,2011-01-16 16:23:00,4.95,17609.0,United Kingdom
541266,22385,JUMBO BAG SPACEBOY DESIGN,10,2011-01-16 16:25:00,1.95,15673.0,United Kingdom
541266,21929,JUMBO BAG PINK VINTAGE PAISLEY,10,2011-01-16 16:25:00,1.95,15673.0,United Kingdom
541266,21928,JUMBO BAG SCANDINAVIAN PAISLEY,10,2011-01-16 16:25:00,1.95,15673.0,United Kingdom
541266,21383,PACK OF 12 STICKY BUNNIES,16,2011-01-16 16:25:00,0.65,15673.0,United Kingdom
541266,22616,PACK OF 12 LONDON TISSUES ,12,2011-01-16 16:25:00,0.29,15673.0,United Kingdom
541266,21985,PACK OF 12 HEARTS DESIGN TISSUES ,12,2011-01-16 16:25:00,0.29,15673.0,United Kingdom
541266,22900, SET 2 TEA TOWELS I LOVE LONDON ,20,2011-01-16 16:25:00,2.95,15673.0,United Kingdom
541266,22898,CHILDRENS APRON APPLES DESIGN,8,2011-01-16 16:25:00,1.95,15673.0,United Kingdom
541266,22629,SPACEBOY LUNCH BOX ,2,2011-01-16 16:25:00,1.95,15673.0,United Kingdom
541266,22315,200 RED + WHITE BENDY STRAWS,12,2011-01-16 16:25:00,1.25,15673.0,United Kingdom
541266,22148,EASTER CRAFT 4 CHICKS ,6,2011-01-16 16:25:00,1.95,15673.0,United Kingdom
541266,22180,RETROSPOT LAMP,1,2011-01-16 16:25:00,9.95,15673.0,United Kingdom
541266,22988,SOLDIERS EGG CUP ,12,2011-01-16 16:25:00,1.25,15673.0,United Kingdom
541266,22988,SOLDIERS EGG CUP ,12,2011-01-16 16:25:00,1.25,15673.0,United Kingdom
541266,21755,LOVE BUILDING BLOCK WORD,1,2011-01-16 16:25:00,5.95,15673.0,United Kingdom
541266,21755,LOVE BUILDING BLOCK WORD,1,2011-01-16 16:25:00,5.95,15673.0,United Kingdom
541266,21755,LOVE BUILDING BLOCK WORD,1,2011-01-16 16:25:00,5.95,15673.0,United Kingdom
541266,21755,LOVE BUILDING BLOCK WORD,1,2011-01-16 16:25:00,5.95,15673.0,United Kingdom
541266,21755,LOVE BUILDING BLOCK WORD,1,2011-01-16 16:25:00,5.95,15673.0,United Kingdom
541266,21755,LOVE BUILDING BLOCK WORD,1,2011-01-16 16:25:00,5.95,15673.0,United Kingdom
541266,22411,JUMBO SHOPPER VINTAGE RED PAISLEY,10,2011-01-16 16:25:00,1.95,15673.0,United Kingdom
541266,21621,VINTAGE UNION JACK BUNTING,12,2011-01-16 16:25:00,8.5,15673.0,United Kingdom
541266,21621,VINTAGE UNION JACK BUNTING,13,2011-01-16 16:25:00,8.5,15673.0,United Kingdom
541266,21621,VINTAGE UNION JACK BUNTING,10,2011-01-16 16:25:00,8.5,15673.0,United Kingdom
541266,22195,LARGE HEART MEASURING SPOONS,3,2011-01-16 16:25:00,1.65,15673.0,United Kingdom
541266,21621,VINTAGE UNION JACK BUNTING,7,2011-01-16 16:25:00,8.5,15673.0,United Kingdom
541266,22197,SMALL POPCORN HOLDER,30,2011-01-16 16:25:00,0.85,15673.0,United Kingdom
541266,22899,CHILDREN'S APRON DOLLY GIRL ,7,2011-01-16 16:25:00,2.1,15673.0,United Kingdom
541266,84675,FROG KING WATERING CAN,5,2011-01-16 16:25:00,2.95,15673.0,United Kingdom
541266,21754,HOME BUILDING BLOCK WORD,1,2011-01-16 16:25:00,5.95,15673.0,United Kingdom
541266,21754,HOME BUILDING BLOCK WORD,1,2011-01-16 16:25:00,5.95,15673.0,United Kingdom
541266,21754,HOME BUILDING BLOCK WORD,1,2011-01-16 16:25:00,5.95,15673.0,United Kingdom
541266,21754,HOME BUILDING BLOCK WORD,1,2011-01-16 16:25:00,5.95,15673.0,United Kingdom
541266,21754,HOME BUILDING BLOCK WORD,1,2011-01-16 16:25:00,5.95,15673.0,United Kingdom
541266,21754,HOME BUILDING BLOCK WORD,1,2011-01-16 16:25:00,5.95,15673.0,United Kingdom
541266,22367,CHILDRENS APRON SPACEBOY DESIGN,11,2011-01-16 16:25:00,1.95,15673.0,United Kingdom
541266,22971,QUEENS GUARD COFFEE MUG,6,2011-01-16 16:25:00,2.55,15673.0,United Kingdom
541266,22970,LONDON BUS COFFEE MUG,6,2011-01-16 16:25:00,2.55,15673.0,United Kingdom
541266,22558,CLOTHES PEGS RETROSPOT PACK 24 ,6,2011-01-16 16:25:00,1.49,15673.0,United Kingdom
541266,22567,20 DOLLY PEGS RETROSPOT,5,2011-01-16 16:25:00,1.25,15673.0,United Kingdom
541266,22896,PEG BAG APPLES DESIGN,9,2011-01-16 16:25:00,2.55,15673.0,United Kingdom
541266,21563,RED HEART SHAPE LOVE BUCKET ,9,2011-01-16 16:25:00,2.95,15673.0,United Kingdom
541266,22974,CHILDRENS DOLLY GIRL MUG,6,2011-01-16 16:25:00,1.65,15673.0,United Kingdom
541266,22616,PACK OF 12 LONDON TISSUES ,24,2011-01-16 16:25:00,0.29,15673.0,United Kingdom
541266,22972,CHILDREN'S SPACEBOY MUG,6,2011-01-16 16:25:00,1.65,15673.0,United Kingdom
541266,22961,JAM MAKING SET PRINTED,24,2011-01-16 16:25:00,1.45,15673.0,United Kingdom
541266,22892,SET OF SALT AND PEPPER TOADSTOOLS,6,2011-01-16 16:25:00,1.25,15673.0,United Kingdom
541266,22957,SET 3 PAPER VINTAGE CHICK PAPER EGG,7,2011-01-16 16:25:00,2.95,15673.0,United Kingdom
541266,22567,20 DOLLY PEGS RETROSPOT,5,2011-01-16 16:25:00,1.25,15673.0,United Kingdom
541266,22558,CLOTHES PEGS RETROSPOT PACK 24 ,6,2011-01-16 16:25:00,1.49,15673.0,United Kingdom
541266,22630,DOLLY GIRL LUNCH BOX,4,2011-01-16 16:25:00,1.95,15673.0,United Kingdom
541266,22629,SPACEBOY LUNCH BOX ,4,2011-01-16 16:25:00,1.95,15673.0,United Kingdom
541266,22630,DOLLY GIRL LUNCH BOX,2,2011-01-16 16:25:00,1.95,15673.0,United Kingdom
