InvoiceNo,StockCode,Description,Quantity,InvoiceDate,UnitPrice,CustomerID,Country
549044,23008,DOLLY GIRL BABY GIFT SET,1,2011-04-06 09:11:00,16.95,16161.0,United Kingdom
549044,23010,CIRCUS PARADE BABY GIFT SET,1,2011-04-06 09:11:00,16.95,16161.0,United Kingdom
549044,23007, SPACEBOY BABY GIFT SET,1,2011-04-06 09:11:00,16.95,16161.0,United Kingdom
549044,21257,VICTORIAN SEWING BOX MEDIUM,2,2011-04-06 09:11:00,7.95,16161.0,United Kingdom
549044,21259,VICTORIAN SEWING BOX SMALL ,2,2011-04-06 09:11:00,5.95,16161.0,United Kingdom
549044,85099C,JUMBO  BAG BAROQUE BLACK WHITE,10,2011-04-06 09:11:00,1.95,16161.0,United Kingdom
549044,85099F,JUMBO BAG STRAWBERRY,10,2011-04-06 09:11:00,1.95,16161.0,United Kingdom
549044,21937,STRAWBERRY   PICNIC BAG,5,2011-04-06 09:11:00,2.95,16161.0,United Kingdom
549044,21936,RED RETROSPOT PICNIC BAG,5,2011-04-06 09:11:00,2.95,16161.0,United Kingdom
549044,22352,LUNCH BOX WITH CUTLERY RETROSPOT ,6,2011-04-06 09:11:00,2.55,16161.0,United Kingdom
549044,20728,LUNCH BAG CARS BLUE,10,2011-04-06 09:11:00,1.65,16161.0,United Kingdom
549044,22662,LUNCH BAG DOLLY GIRL DESIGN,10,2011-04-06 09:11:00,1.65,16161.0,United Kingdom
549044,22382,LUNCH BAG SPACEBOY DESIGN ,10,2011-04-06 09:11:00,1.65,16161.0,United Kingdom
549044,20725,LUNCH BAG RED RETROSPOT,10,2011-04-06 09:11:00,1.65,16161.0,United Kingdom
549044,20727,LUNCH BAG  BLACK SKULL.,10,2011-04-06 09:11:00,1.65,16161.0,United Kingdom
549044,22384,LUNCH BAG PINK POLKADOT,10,2011-04-06 09:11:00,1.65,16161.0,United Kingdom
549044,22383,LUNCH BAG SUKI DESIGN ,10,2011-04-06 09:11:00,1.65,16161.0,United Kingdom
549044,84828,JUNGLE POPSICLES ICE LOLLY MOULDS,12,2011-04-06 09:11:00,1.25,16161.0,United Kingdom
549044,21718,RED METAL BEACH SPADE ,12,2011-04-06 09:11:00,1.25,16161.0,United Kingdom
549044,21878,PACK OF 6 SANDCASTLE FLAGS ASSORTED,20,2011-04-06 09:11:00,0.85,16161.0,United Kingdom
549044,21716,BOYS VINTAGE TIN SEASIDE BUCKET,8,2011-04-06 09:11:00,2.55,16161.0,United Kingdom
C549045,22424,ENAMEL BREAD BIN CREAM,-1,2011-04-06 09:25:00,12.75,14407.0,United Kingdom
549046,21756,BATH BUILDING BLOCK WORD,6,2011-04-06 10:07:00,5.95,15291.0,United Kingdom
549046,20685,DOORMAT RED RETROSPOT,20,2011-04-06 10:07:00,6.75,15291.0,United Kingdom
549046,82486,WOOD S/3 CABINET ANT WHITE FINISH,12,2011-04-06 10:07:00,8.15,15291.0,United Kingdom
549046,46000S,POLYESTER FILLER PAD 40x40cm,10,2011-04-06 10:07:00,1.45,15291.0,United Kingdom
549046,22219,LOVEBIRD HANGING DECORATION WHITE ,24,2011-04-06 10:07:00,0.85,15291.0,United Kingdom
549047,21374,MIRRORED WALL ART SKULLS,1,2011-04-06 10:07:00,3.75,17783.0,United Kingdom
549047,21367,MIRRORED WALL ART GENTS,1,2011-04-06 10:07:00,2.55,17783.0,United Kingdom
549047,21658,GLASS  BEURRE DISH,1,2011-04-06 10:07:00,3.95,17783.0,United Kingdom
549047,21591,COSY HOUR CIGAR BOX MATCHES ,1,2011-04-06 10:07:00,1.25,17783.0,United Kingdom
549047,21212,PACK OF 72 RETROSPOT CAKE CASES,1,2011-04-06 10:07:00,0.55,17783.0,United Kingdom
549047,15044D,RED PAPER PARASOL,1,2011-04-06 10:07:00,2.95,17783.0,United Kingdom
549047,21368,MIRRORED WALL ART LADIES,1,2011-04-06 10:07:00,2.55,17783.0,United Kingdom
549047,22801,ANTIQUE GLASS PEDESTAL BOWL,2,2011-04-06 10:07:00,3.75,17783.0,United Kingdom
549047,21316,SMALL CHUNKY GLASS ROMAN  BOWL,3,2011-04-06 10:07:00,0.79,17783.0,United Kingdom
549047,84751B,BLACK MEDIUM GLASS CAKE STAND,2,2011-04-06 10:07:00,0.79,17783.0,United Kingdom
549047,22191,IVORY DINER WALL CLOCK,1,2011-04-06 10:07:00,8.5,17783.0,United Kingdom
549047,85099B,JUMBO BAG RED RETROSPOT,2,2011-04-06 10:07:00,2.08,17783.0,United Kingdom
549047,21666,RIDGED GLASS T-LIGHT HOLDER,6,2011-04-06 10:07:00,0.65,17783.0,United Kingdom
549047,22088,PAPER BUNTING COLOURED LACE,2,2011-04-06 10:07:00,2.95,17783.0,United Kingdom
549047,22555,PLASTERS IN TIN STRONGMAN,1,2011-04-06 10:07:00,1.65,17783.0,United Kingdom
549047,21207,SKULL AND CROSSBONES  GARLAND ,2,2011-04-06 10:07:00,1.65,17783.0,United Kingdom
549047,21034,REX CASH+CARRY JUMBO SHOPPER,2,2011-04-06 10:07:00,0.95,17783.0,United Kingdom
549047,22726,ALARM CLOCK BAKELIKE GREEN,1,2011-04-06 10:07:00,3.75,17783.0,United Kingdom
549047,21730,GLASS STAR FROSTED T-LIGHT HOLDER,2,2011-04-06 10:07:00,4.95,17783.0,United Kingdom
549047,79321,CHILLI LIGHTS,1,2011-04-06 10:07:00,5.75,17783.0,United Kingdom
549047,22720,SET OF 3 CAKE TINS PANTRY DESIGN ,1,2011-04-06 10:07:00,4.95,17783.0,United Kingdom
549047,22939,APRON APPLE DELIGHT,1,2011-04-06 10:07:00,4.95,17783.0,United Kingdom
549047,22938,CUPCAKE LACE PAPER SET 6,1,2011-04-06 10:07:00,1.95,17783.0,United Kingdom
549047,22964,3 PIECE SPACEBOY COOKIE CUTTER SET,1,2011-04-06 10:07:00,2.1,17783.0,United Kingdom
549047,22966,GINGERBREAD MAN COOKIE CUTTER,1,2011-04-06 10:07:00,1.25,17783.0,United Kingdom
549047,22437,SET OF 9 BLACK SKULL BALLOONS,1,2011-04-06 10:07:00,0.85,17783.0,United Kingdom
549047,21987,PACK OF 6 SKULL PAPER CUPS,6,2011-04-06 10:07:00,0.65,17783.0,United Kingdom
549047,21250,SET OF SKULL WALL STICKERS,4,2011-04-06 10:07:00,2.95,17783.0,United Kingdom
549047,22316,200 BENDY SKULL STRAWS,1,2011-04-06 10:07:00,1.25,17783.0,United Kingdom
549047,21544,SKULLS  WATER TRANSFER TATTOOS ,2,2011-04-06 10:07:00,0.85,17783.0,United Kingdom
549048,22619,SET OF 6 SOLDIER SKITTLES,2,2011-04-06 10:14:00,3.75,17811.0,United Kingdom
549048,22270,HAPPY EASTER HANGING DECORATION,1,2011-04-06 10:14:00,3.75,17811.0,United Kingdom
549048,21731,RED TOADSTOOL LED NIGHT LIGHT,10,2011-04-06 10:14:00,1.65,17811.0,United Kingdom
549048,22558,CLOTHES PEGS RETROSPOT PACK 24 ,2,2011-04-06 10:14:00,1.65,17811.0,United Kingdom
549048,22084,PAPER CHAIN KIT EMPIRE,19,2011-04-06 10:14:00,2.95,17811.0,United Kingdom
549048,21260,FIRST AID TIN,8,2011-04-06 10:14:00,3.25,17811.0,United Kingdom
C549049,22087,PAPER BUNTING WHITE LACE,-1,2011-04-06 10:15:00,2.55,17677.0,United Kingdom
C549050,15056BL,EDWARDIAN PARASOL BLACK,-2,2011-04-06 10:17:00,5.95,13767.0,United Kingdom
C549050,21314,SMALL GLASS HEART TRINKET POT,-3,2011-04-06 10:17:00,2.1,13767.0,United Kingdom
C549051,22797,CHEST OF DRAWERS GINGHAM HEART ,-2,2011-04-06 10:17:00,16.95,14747.0,United Kingdom
549052,84879,ASSORTED COLOUR BIRD ORNAMENT,16,2011-04-06 10:19:00,1.69,17682.0,United Kingdom
549052,84978,HANGING HEART JAR T-LIGHT HOLDER,12,2011-04-06 10:19:00,1.25,17682.0,United Kingdom
549052,84884A,ANT WHITE WIRE HEART SPIRAL,5,2011-04-06 10:19:00,3.95,17682.0,United Kingdom
549052,84970L,SINGLE HEART ZINC T-LIGHT HOLDER,12,2011-04-06 10:19:00,0.95,17682.0,United Kingdom
549052,84970S,HANGING HEART ZINC T-LIGHT HOLDER,12,2011-04-06 10:19:00,0.85,17682.0,United Kingdom
549052,85123A,WHITE HANGING HEART T-LIGHT HOLDER,12,2011-04-06 10:19:00,2.95,17682.0,United Kingdom
549052,22831,WHITE BROCANTE SOAP DISH,6,2011-04-06 10:19:00,2.95,17682.0,United Kingdom
549052,82551,LAUNDRY 15C METAL SIGN,12,2011-04-06 10:19:00,1.45,17682.0,United Kingdom
549052,82583,HOT BATHS METAL SIGN,12,2011-04-06 10:19:00,2.1,17682.0,United Kingdom
549052,22384,LUNCH BAG PINK POLKADOT,10,2011-04-06 10:19:00,1.65,17682.0,United Kingdom
549052,20725,LUNCH BAG RED RETROSPOT,10,2011-04-06 10:19:00,1.65,17682.0,United Kingdom
549052,20728,LUNCH BAG CARS BLUE,10,2011-04-06 10:19:00,1.65,17682.0,United Kingdom
549052,20726,LUNCH BAG WOODLAND,10,2011-04-06 10:19:00,1.65,17682.0,United Kingdom
549052,22662,LUNCH BAG DOLLY GIRL DESIGN,10,2011-04-06 10:19:00,1.65,17682.0,United Kingdom
549052,22561,WOODEN SCHOOL COLOURING SET,12,2011-04-06 10:19:00,1.65,17682.0,United Kingdom
549052,22697,GREEN REGENCY TEACUP AND SAUCER,6,2011-04-06 10:19:00,2.95,17682.0,United Kingdom
549052,22170,PICTURE FRAME WOOD TRIPLE PORTRAIT,4,2011-04-06 10:19:00,6.75,17682.0,United Kingdom
549052,22759,SET OF 3 NOTEBOOKS IN PARCEL,12,2011-04-06 10:19:00,1.65,17682.0,United Kingdom
549052,22607,WOODEN ROUNDERS GARDEN SET ,2,2011-04-06 10:19:00,9.95,17682.0,United Kingdom
549053,22281,EASTER TREE YELLOW BIRDS,2,2011-04-06 10:20:00,5.95,13863.0,United Kingdom
549053,22231,JIGSAW TREE WITH BIRDHOUSE,12,2011-04-06 10:20:00,1.45,13863.0,United Kingdom
549053,22265,EASTER DECORATION NATURAL CHICK,24,2011-04-06 10:20:00,0.65,13863.0,United Kingdom
549053,85186C,BUNNY EGG GARLAND,24,2011-04-06 10:20:00,0.42,13863.0,United Kingdom
549053,35915C,PEACH KNITTED HEN ,6,2011-04-06 10:20:00,1.65,13863.0,United Kingdom
549053,22288,HANGING METAL RABBIT DECORATION,24,2011-04-06 10:20:00,1.25,13863.0,United Kingdom
549053,22619,SET OF 6 SOLDIER SKITTLES,4,2011-04-06 10:20:00,3.75,13863.0,United Kingdom
549053,22622,BOX OF VINTAGE ALPHABET BLOCKS,2,2011-04-06 10:20:00,11.95,13863.0,United Kingdom
549053,22585,PACK OF 6 BIRDY GIFT TAGS,12,2011-04-06 10:20:00,1.25,13863.0,United Kingdom
549053,22904,CALENDAR PAPER CUT DESIGN,6,2011-04-06 10:20:00,2.95,13863.0,United Kingdom
549053,22821,GIFT BAG PSYCHEDELIC APPLES,12,2011-04-06 10:20:00,0.65,13863.0,United Kingdom
549053,22195,LARGE HEART MEASURING SPOONS,12,2011-04-06 10:20:00,1.65,13863.0,United Kingdom
549053,84879,ASSORTED COLOUR BIRD ORNAMENT,8,2011-04-06 10:20:00,1.69,13863.0,United Kingdom
549053,22666,RECIPE BOX PANTRY YELLOW DESIGN,6,2011-04-06 10:20:00,2.95,13863.0,United Kingdom
549053,21669,BLUE STRIPE CERAMIC DRAWER KNOB,12,2011-04-06 10:20:00,1.25,13863.0,United Kingdom
549053,22636,CHILDS BREAKFAST SET CIRCUS PARADE,2,2011-04-06 10:20:00,8.5,13863.0,United Kingdom
549053,20723,STRAWBERRY CHARLOTTE BAG,10,2011-04-06 10:20:00,0.85,13863.0,United Kingdom
549053,20717,STRAWBERRY SHOPPER BAG,10,2011-04-06 10:20:00,1.25,13863.0,United Kingdom
549053,21172,PARTY METAL SIGN ,12,2011-04-06 10:20:00,1.45,13863.0,United Kingdom
549053,22998,TRAVEL CARD WALLET KEEP CALM,24,2011-04-06 10:20:00,0.42,13863.0,United Kingdom
549054,22728,ALARM CLOCK BAKELIKE PINK,8,2011-04-06 10:21:00,3.75,17719.0,United Kingdom
549054,22653,BUTTON BOX ,10,2011-04-06 10:21:00,1.95,17719.0,United Kingdom
549054,21535,RED RETROSPOT SMALL MILK JUG,6,2011-04-06 10:21:00,2.55,17719.0,United Kingdom
549054,21531,RED RETROSPOT SUGAR JAM BOWL,6,2011-04-06 10:21:00,2.55,17719.0,United Kingdom
549054,21539,RED RETROSPOT BUTTER DISH,3,2011-04-06 10:21:00,4.95,17719.0,United Kingdom
549054,22723,SET OF 6 HERB TINS SKETCHBOOK,4,2011-04-06 10:21:00,3.95,17719.0,United Kingdom
549054,22073,RED RETROSPOT STORAGE JAR,4,2011-04-06 10:21:00,3.75,17719.0,United Kingdom
549054,21845,DAIRY MAID STRIPE MUG,36,2011-04-06 10:21:00,0.79,17719.0,United Kingdom
549054,22730,ALARM CLOCK BAKELIKE IVORY,12,2011-04-06 10:21:00,3.75,17719.0,United Kingdom
549054,22726,ALARM CLOCK BAKELIKE GREEN,12,2011-04-06 10:21:00,3.75,17719.0,United Kingdom
549054,22191,IVORY DINER WALL CLOCK,4,2011-04-06 10:21:00,8.5,17719.0,United Kingdom
549054,22192,BLUE DINER WALL CLOCK,4,2011-04-06 10:21:00,8.5,17719.0,United Kingdom
549055,85123A,WHITE HANGING HEART T-LIGHT HOLDER,12,2011-04-06 10:33:00,2.95,13515.0,United Kingdom
549055,48194,DOORMAT HEARTS,2,2011-04-06 10:33:00,7.95,13515.0,United Kingdom
549055,21770,OPEN CLOSED METAL SIGN,2,2011-04-06 10:33:00,4.95,13515.0,United Kingdom
549055,22851,SET 20 NAPKINS FAIRY CAKES DESIGN ,12,2011-04-06 10:33:00,0.85,13515.0,United Kingdom
549055,84991,60 TEATIME FAIRY CAKE CASES,24,2011-04-06 10:33:00,0.55,13515.0,United Kingdom
549055,21212,PACK OF 72 RETROSPOT CAKE CASES,24,2011-04-06 10:33:00,0.55,13515.0,United Kingdom
549055,22908,PACK OF 20 NAPKINS RED APPLES,12,2011-04-06 10:33:00,0.85,13515.0,United Kingdom
549055,22413,METAL SIGN TAKE IT OR LEAVE IT ,6,2011-04-06 10:33:00,2.95,13515.0,United Kingdom
549055,22366,DOORMAT AIRMAIL ,2,2011-04-06 10:33:00,7.95,13515.0,United Kingdom
549055,21900,"KEY FOB , SHED",24,2011-04-06 10:33:00,0.65,13515.0,United Kingdom
549055,21901,"KEY FOB , BACK DOOR ",24,2011-04-06 10:33:00,0.65,13515.0,United Kingdom
549055,21899,"KEY FOB , GARAGE DESIGN",24,2011-04-06 10:33:00,0.65,13515.0,United Kingdom
549055,22673,FRENCH GARDEN SIGN BLUE METAL,12,2011-04-06 10:33:00,1.25,13515.0,United Kingdom
549056,35914,PINK CHICK EGG WARMER + EGG CUP,12,2011-04-06 10:40:00,0.85,15917.0,United Kingdom
549056,35911A,MULTICOLOUR RABBIT EGG WARMER,12,2011-04-06 10:40:00,0.85,15917.0,United Kingdom
549056,22982,PANTRY PASTRY BRUSH,1,2011-04-06 10:40:00,1.25,15917.0,United Kingdom
549056,22501,PICNIC BASKET WICKER LARGE,2,2011-04-06 10:40:00,9.95,15917.0,United Kingdom
549056,22423,REGENCY CAKESTAND 3 TIER,1,2011-04-06 10:40:00,12.75,15917.0,United Kingdom
549056,22502,PICNIC BASKET WICKER SMALL,1,2011-04-06 10:40:00,5.95,15917.0,United Kingdom
549056,22979,PANTRY WASHING UP BRUSH,1,2011-04-06 10:40:00,1.45,15917.0,United Kingdom
549056,47566,PARTY BUNTING,1,2011-04-06 10:40:00,4.95,15917.0,United Kingdom
549056,21476,STEEL SWEETHEART ROUND TABLE CREAM,2,2011-04-06 10:40:00,14.95,15917.0,United Kingdom
549056,22697,GREEN REGENCY TEACUP AND SAUCER,3,2011-04-06 10:40:00,2.95,15917.0,United Kingdom
549056,22699,ROSES REGENCY TEACUP AND SAUCER ,4,2011-04-06 10:40:00,2.95,15917.0,United Kingdom
549056,22698,PINK REGENCY TEACUP AND SAUCER,2,2011-04-06 10:40:00,2.95,15917.0,United Kingdom
549059,23076,ICE CREAM SUNDAE LIP GLOSS,24,2011-04-06 10:46:00,1.25,15529.0,United Kingdom
549059,47566,PARTY BUNTING,12,2011-04-06 10:46:00,4.95,15529.0,United Kingdom
549059,85099C,JUMBO  BAG BAROQUE BLACK WHITE,1,2011-04-06 10:46:00,2.08,15529.0,United Kingdom
549059,21928,JUMBO BAG SCANDINAVIAN BLUE PAISLEY,1,2011-04-06 10:46:00,2.08,15529.0,United Kingdom
549059,22983,CARD BILLBOARD FONT,12,2011-04-06 10:46:00,0.42,15529.0,United Kingdom
549059,22027,TEA PARTY BIRTHDAY CARD,12,2011-04-06 10:46:00,0.42,15529.0,United Kingdom
549059,21519,GIN & TONIC DIET GREETING CARD ,12,2011-04-06 10:46:00,0.42,15529.0,United Kingdom
549059,84461,12 PINK HEN+CHICKS IN BASKET,1,2011-04-06 10:46:00,2.55,15529.0,United Kingdom
549059,22431,WATERING CAN BLUE ELEPHANT,2,2011-04-06 10:46:00,1.95,15529.0,United Kingdom
549059,22432,WATERING CAN PINK BUNNY,2,2011-04-06 10:46:00,1.95,15529.0,United Kingdom
549059,84086C,PINK/PURPLE RETRO RADIO,2,2011-04-06 10:46:00,2.95,15529.0,United Kingdom
549059,84086B,YELLOW/BLUE RETRO RADIO,2,2011-04-06 10:46:00,2.95,15529.0,United Kingdom
549059,21038,SET/4 MODERN VINTAGE COTTON NAPKINS,2,2011-04-06 10:46:00,0.79,15529.0,United Kingdom
549059,21043,APRON MODERN VINTAGE COTTON,3,2011-04-06 10:46:00,1.95,15529.0,United Kingdom
549059,21070,VINTAGE BILLBOARD MUG ,1,2011-04-06 10:46:00,1.25,15529.0,United Kingdom
549059,84375,SET OF 20 KIDS COOKIE CUTTERS,4,2011-04-06 10:46:00,2.1,15529.0,United Kingdom
549059,22752,SET 7 BABUSHKA NESTING BOXES,6,2011-04-06 10:46:00,8.5,15529.0,United Kingdom
C549098,21399,BLUE POLKADOT COFFEE MUG,-14,2011-04-06 11:06:00,0.39,12481.0,Germany
549099,21524,DOORMAT SPOTTY HOME SWEET HOME,1,2011-04-06 11:07:00,7.95,16241.0,United Kingdom
549099,48138,DOORMAT UNION FLAG,1,2011-04-06 11:07:00,7.95,16241.0,United Kingdom
549099,22473,TV DINNER TRAY VINTAGE PAISLEY,1,2011-04-06 11:07:00,4.95,16241.0,United Kingdom
549099,22297,HEART IVORY TRELLIS SMALL,2,2011-04-06 11:07:00,1.25,16241.0,United Kingdom
549099,35961,FOLKART ZINC HEART CHRISTMAS DEC,2,2011-04-06 11:07:00,0.85,16241.0,United Kingdom
549099,22294,HEART FILIGREE DOVE  SMALL,2,2011-04-06 11:07:00,1.25,16241.0,United Kingdom
549099,22295,HEART FILIGREE DOVE LARGE,2,2011-04-06 11:07:00,1.65,16241.0,United Kingdom
549099,20975,12 PENCILS SMALL TUBE RED RETROSPOT,2,2011-04-06 11:07:00,0.65,16241.0,United Kingdom
549099,20974,12 PENCILS SMALL TUBE SKULL,2,2011-04-06 11:07:00,0.65,16241.0,United Kingdom
549099,84536A,ENGLISH ROSE NOTEBOOK A7 SIZE,2,2011-04-06 11:07:00,0.42,16241.0,United Kingdom
549099,84536B,FAIRY CAKES NOTEBOOK A7 SIZE,2,2011-04-06 11:07:00,0.42,16241.0,United Kingdom
549099,21038,SET/4 MODERN VINTAGE COTTON NAPKINS,2,2011-04-06 11:07:00,0.79,16241.0,United Kingdom
549099,22030,SWALLOWS GREETING CARD,12,2011-04-06 11:07:00,0.42,16241.0,United Kingdom
549099,22983,CARD BILLBOARD FONT,12,2011-04-06 11:07:00,0.42,16241.0,United Kingdom
549099,21430,SET/3 RED GINGHAM ROSE STORAGE BOX,1,2011-04-06 11:07:00,3.75,16241.0,United Kingdom
549099,22384,LUNCH BAG PINK POLKADOT,1,2011-04-06 11:07:00,1.65,16241.0,United Kingdom
549099,20725,LUNCH BAG RED RETROSPOT,1,2011-04-06 11:07:00,1.65,16241.0,United Kingdom
549099,22382,LUNCH BAG SPACEBOY DESIGN ,1,2011-04-06 11:07:00,1.65,16241.0,United Kingdom
549099,84991,60 TEATIME FAIRY CAKE CASES,1,2011-04-06 11:07:00,0.55,16241.0,United Kingdom
549099,22951,60 CAKE CASES DOLLY GIRL DESIGN,1,2011-04-06 11:07:00,0.55,16241.0,United Kingdom
549099,22417,PACK OF 60 SPACEBOY CAKE CASES,1,2011-04-06 11:07:00,0.55,16241.0,United Kingdom
549099,21976,PACK OF 60 MUSHROOM CAKE CASES,1,2011-04-06 11:07:00,0.55,16241.0,United Kingdom
549099,21977,PACK OF 60 PINK PAISLEY CAKE CASES,1,2011-04-06 11:07:00,0.55,16241.0,United Kingdom
549099,21877,HOME SWEET HOME MUG,3,2011-04-06 11:07:00,1.25,16241.0,United Kingdom
549099,21877,HOME SWEET HOME MUG,3,2011-04-06 11:07:00,1.25,16241.0,United Kingdom
549099,21875,KINGS CHOICE MUG,1,2011-04-06 11:07:00,1.25,16241.0,United Kingdom
549099,21067,VINTAGE RED TEATIME MUG,2,2011-04-06 11:07:00,1.25,16241.0,United Kingdom
549099,21066,VINTAGE RED MUG,3,2011-04-06 11:07:00,1.25,16241.0,United Kingdom
549099,20914,SET/5 RED RETROSPOT LID GLASS BOWLS,2,2011-04-06 11:07:00,2.95,16241.0,United Kingdom
549099,22695,WICKER WREATH SMALL,2,2011-04-06 11:07:00,1.45,16241.0,United Kingdom
549099,22084,PAPER CHAIN KIT EMPIRE,10,2011-04-06 11:07:00,2.95,16241.0,United Kingdom
549099,22085,PAPER CHAIN KIT SKULLS ,1,2011-04-06 11:07:00,2.95,16241.0,United Kingdom
549099,22083,PAPER CHAIN KIT RETROSPOT,2,2011-04-06 11:07:00,2.95,16241.0,United Kingdom
549099,22383,LUNCH BAG SUKI DESIGN ,1,2011-04-06 11:07:00,1.65,16241.0,United Kingdom
549099,20727,LUNCH BAG  BLACK SKULL.,1,2011-04-06 11:07:00,1.65,16241.0,United Kingdom
549099,22212,FOUR HOOK  WHITE LOVEBIRDS,1,2011-04-06 11:07:00,2.1,16241.0,United Kingdom
549099,84406B,CREAM CUPID HEARTS COAT HANGER,1,2011-04-06 11:07:00,4.15,16241.0,United Kingdom
549099,22120,WELCOME  WOODEN BLOCK LETTERS,1,2011-04-06 11:07:00,9.95,16241.0,United Kingdom
549099,21755,LOVE BUILDING BLOCK WORD,1,2011-04-06 11:07:00,5.95,16241.0,United Kingdom
549099,22411,JUMBO SHOPPER VINTAGE RED PAISLEY,1,2011-04-06 11:07:00,2.08,16241.0,United Kingdom
549099,21929,JUMBO BAG PINK VINTAGE PAISLEY,1,2011-04-06 11:07:00,2.08,16241.0,United Kingdom
549099,23184,BULL DOG BOTTLE OPENER,1,2011-04-06 11:07:00,4.95,16241.0,United Kingdom
549099,82582,AREA PATROLLED METAL SIGN,1,2011-04-06 11:07:00,2.1,16241.0,United Kingdom
549099,21908,CHOCOLATE THIS WAY METAL SIGN,1,2011-04-06 11:07:00,2.1,16241.0,United Kingdom
549099,21907,I'M ON HOLIDAY METAL SIGN,1,2011-04-06 11:07:00,2.1,16241.0,United Kingdom
549099,21181,PLEASE ONE PERSON METAL SIGN,1,2011-04-06 11:07:00,2.1,16241.0,United Kingdom
549099,21166,COOK WITH WINE METAL SIGN ,1,2011-04-06 11:07:00,2.08,16241.0,United Kingdom
549099,22115,METAL SIGN EMPIRE TEA,1,2011-04-06 11:07:00,2.95,16241.0,United Kingdom
549099,22413,METAL SIGN TAKE IT OR LEAVE IT ,1,2011-04-06 11:07:00,2.95,16241.0,United Kingdom
549099,22117,METAL SIGN HER DINNER IS SERVED ,1,2011-04-06 11:07:00,2.95,16241.0,United Kingdom
549099,21175,GIN + TONIC DIET METAL SIGN,1,2011-04-06 11:07:00,2.55,16241.0,United Kingdom
549099,21164,HOME SWEET HOME METAL SIGN ,1,2011-04-06 11:07:00,2.95,16241.0,United Kingdom
549099,82599,FANNY'S REST STOPMETAL SIGN,1,2011-04-06 11:07:00,2.1,16241.0,United Kingdom
549099,82600,NO SINGING METAL SIGN,1,2011-04-06 11:07:00,2.1,16241.0,United Kingdom
549099,21169,YOU'RE CONFUSING ME METAL SIGN ,1,2011-04-06 11:07:00,1.69,16241.0,United Kingdom
549099,21905,MORE BUTTER METAL SIGN ,1,2011-04-06 11:07:00,2.1,16241.0,United Kingdom
549099,85123A,WHITE HANGING HEART T-LIGHT HOLDER,2,2011-04-06 11:07:00,2.95,16241.0,United Kingdom
549099,22668,PINK BABY BUNTING,1,2011-04-06 11:07:00,2.95,16241.0,United Kingdom
549099,21733,RED HANGING HEART T-LIGHT HOLDER,2,2011-04-06 11:07:00,2.95,16241.0,United Kingdom
549099,47566B,TEA TIME PARTY BUNTING,3,2011-04-06 11:07:00,4.95,16241.0,United Kingdom
549099,22499,WOODEN UNION JACK BUNTING,2,2011-04-06 11:07:00,5.95,16241.0,United Kingdom
549100,20675,BLUE POLKADOT BOWL,4,2011-04-06 11:14:00,2.46,,United Kingdom
549100,20677,PINK POLKADOT BOWL,2,2011-04-06 11:14:00,2.46,,United Kingdom
549100,20719,WOODLAND CHARLOTTE BAG,76,2011-04-06 11:14:00,2.46,,United Kingdom
549100,20723,STRAWBERRY CHARLOTTE BAG,44,2011-04-06 11:14:00,2.46,,United Kingdom
549100,20724,RED RETROSPOT CHARLOTTE BAG,62,2011-04-06 11:14:00,2.46,,United Kingdom
549100,20725,LUNCH BAG RED RETROSPOT,25,2011-04-06 11:14:00,4.96,,United Kingdom
549100,20728,LUNCH BAG CARS BLUE,11,2011-04-06 11:14:00,4.96,,United Kingdom
549100,20734,SILVER MINI TAPE MEASURE ,1,2011-04-06 11:14:00,1.63,,United Kingdom
549100,20961,STRAWBERRY BATH SPONGE ,1,2011-04-06 11:14:00,2.46,,United Kingdom
549100,20966,SANDWICH BATH SPONGE,1,2011-04-06 11:14:00,2.46,,United Kingdom
549100,21041,RED RETROSPOT OVEN GLOVE DOUBLE,5,2011-04-06 11:14:00,6.63,,United Kingdom
549100,21080,SET/20 RED RETROSPOT PAPER NAPKINS ,1,2011-04-06 11:14:00,2.46,,United Kingdom
549100,21154,RED RETROSPOT OVEN GLOVE ,15,2011-04-06 11:14:00,3.29,,United Kingdom
549100,21155,RED RETROSPOT PEG BAG,18,2011-04-06 11:14:00,4.96,,United Kingdom
549100,21212,PACK OF 72 RETROSPOT CAKE CASES,63,2011-04-06 11:14:00,2.08,,United Kingdom
549100,21213,PACK OF 72 SKULL CAKE CASES,7,2011-04-06 11:14:00,2.08,,United Kingdom
549100,21238,RED RETROSPOT CUP,6,2011-04-06 11:14:00,1.63,,United Kingdom
549100,21239,PINK  POLKADOT CUP,5,2011-04-06 11:14:00,1.63,,United Kingdom
549100,21240,BLUE POLKADOT CUP,4,2011-04-06 11:14:00,1.63,,United Kingdom
549100,21242,RED RETROSPOT PLATE ,3,2011-04-06 11:14:00,3.29,,United Kingdom
549100,21243,PINK  POLKADOT PLATE ,1,2011-04-06 11:14:00,3.29,,United Kingdom
549100,21244,BLUE POLKADOT PLATE ,1,2011-04-06 11:14:00,3.29,,United Kingdom
549100,21327,SKULLS WRITING SET ,2,2011-04-06 11:14:00,2.46,,United Kingdom
549100,21329,DINOSAURS  WRITING SET ,2,2011-04-06 11:14:00,3.29,,United Kingdom
549100,21452,TOADSTOOL MONEY BOX,1,2011-04-06 11:14:00,4.96,,United Kingdom
549100,21481,FAWN BLUE HOT WATER BOTTLE,1,2011-04-06 11:14:00,6.63,,United Kingdom
549100,21484,CHICK GREY HOT WATER BOTTLE,1,2011-04-06 11:14:00,0.0,,United Kingdom
549100,21484,CHICK GREY HOT WATER BOTTLE,1,2011-04-06 11:14:00,8.29,,United Kingdom
549100,21556,CERAMIC STRAWBERRY MONEY BOX,2,2011-04-06 11:14:00,4.13,,United Kingdom
549100,21929,JUMBO BAG PINK VINTAGE PAISLEY,18,2011-04-06 11:14:00,4.96,,United Kingdom
549100,21934,SKULL SHOULDER BAG,3,2011-04-06 11:14:00,3.29,,United Kingdom
549100,21972,SET OF 36 DINOSAUR PAPER DOILIES,2,2011-04-06 11:14:00,2.46,,United Kingdom
549100,21976,PACK OF 60 MUSHROOM CAKE CASES,2,2011-04-06 11:14:00,2.08,,United Kingdom
549100,21989,PACK OF 20 SKULL PAPER NAPKINS,1,2011-04-06 11:14:00,1.63,,United Kingdom
549100,22074,6 RIBBONS SHIMMERING PINKS ,1,2011-04-06 11:14:00,2.46,,United Kingdom
549100,22077,6 RIBBONS RUSTIC CHARM,9,2011-04-06 11:14:00,4.13,,United Kingdom
549100,22079,RIBBON REEL HEARTS DESIGN ,3,2011-04-06 11:14:00,2.46,,United Kingdom
549100,22112,CHOCOLATE HOT WATER BOTTLE,2,2011-04-06 11:14:00,12.46,,United Kingdom
549100,22174,PHOTO CUBE,2,2011-04-06 11:14:00,4.13,,United Kingdom
549100,22326,ROUND SNACK BOXES SET OF4 WOODLAND ,5,2011-04-06 11:14:00,6.63,,United Kingdom
549100,22327,ROUND SNACK BOXES SET OF 4 SKULLS,1,2011-04-06 11:14:00,6.63,,United Kingdom
549100,22328,ROUND SNACK BOXES SET OF 4 FRUITS ,3,2011-04-06 11:14:00,4.13,,United Kingdom
549100,22355,CHARLOTTE BAG SUKI DESIGN,129,2011-04-06 11:14:00,2.46,,United Kingdom
549100,22356,CHARLOTTE BAG PINK POLKADOT,31,2011-04-06 11:14:00,2.46,,United Kingdom
549100,22367,CHILDRENS APRON SPACEBOY DESIGN,2,2011-04-06 11:14:00,4.96,,United Kingdom
549100,22382,LUNCH BAG SPACEBOY DESIGN ,4,2011-04-06 11:14:00,4.96,,United Kingdom
549100,22384,LUNCH BAG PINK POLKADOT,1,2011-04-06 11:14:00,4.96,,United Kingdom
549100,22417,PACK OF 60 SPACEBOY CAKE CASES,2,2011-04-06 11:14:00,2.08,,United Kingdom
549100,22423,REGENCY CAKESTAND 3 TIER,22,2011-04-06 11:14:00,24.96,,United Kingdom
549100,22426,ENAMEL WASH BOWL CREAM,2,2011-04-06 11:14:00,8.29,,United Kingdom
549100,22551,PLASTERS IN TIN SPACEBOY,1,2011-04-06 11:14:00,3.29,,United Kingdom
549100,22553,PLASTERS IN TIN SKULLS,5,2011-04-06 11:14:00,3.29,,United Kingdom
549100,22554,PLASTERS IN TIN WOODLAND ANIMALS,1,2011-04-06 11:14:00,3.29,,United Kingdom
549100,22555,PLASTERS IN TIN STRONGMAN,1,2011-04-06 11:14:00,3.29,,United Kingdom
549100,22624,IVORY KITCHEN SCALES,1,2011-04-06 11:14:00,16.63,,United Kingdom
549100,22631,CIRCUS PARADE LUNCH BOX ,3,2011-04-06 11:14:00,3.29,,United Kingdom
549100,22644,CERAMIC CHERRY CAKE MONEY BANK,1,2011-04-06 11:14:00,4.13,,United Kingdom
549100,22645,CERAMIC HEART FAIRY CAKE MONEY BANK,4,2011-04-06 11:14:00,4.13,,United Kingdom
549100,22646,CERAMIC STRAWBERRY CAKE MONEY BANK,3,2011-04-06 11:14:00,4.13,,United Kingdom
549100,22652,TRAVEL SEWING KIT,2,2011-04-06 11:14:00,4.13,,United Kingdom
549100,22665,RECIPE BOX BLUE SKETCHBOOK DESIGN,1,2011-04-06 11:14:00,6.63,,United Kingdom
549100,22726,ALARM CLOCK BAKELIKE GREEN,2,2011-04-06 11:14:00,8.29,,United Kingdom
549100,22727,ALARM CLOCK BAKELIKE RED ,2,2011-04-06 11:14:00,8.29,,United Kingdom
549100,22745,POPPY'S PLAYHOUSE BEDROOM ,1,2011-04-06 11:14:00,3.29,,United Kingdom
549100,22746,POPPY'S PLAYHOUSE LIVINGROOM ,1,2011-04-06 11:14:00,3.29,,United Kingdom
549100,22747,POPPY'S PLAYHOUSE BATHROOM,2,2011-04-06 11:14:00,3.29,,United Kingdom
549100,22748,POPPY'S PLAYHOUSE KITCHEN,1,2011-04-06 11:14:00,3.29,,United Kingdom
549100,22835,HOT WATER BOTTLE I AM SO POORLY,1,2011-04-06 11:14:00,7.46,,United Kingdom
549100,22896,PEG BAG APPLES DESIGN,5,2011-04-06 11:14:00,5.79,,United Kingdom
549100,22897,OVEN MITT APPLES DESIGN,1,2011-04-06 11:14:00,3.75,,United Kingdom
549100,22898,CHILDRENS APRON APPLES DESIGN,2,2011-04-06 11:14:00,4.96,,United Kingdom
549100,47559b,TEA TIME OVEN GLOVE,5,2011-04-06 11:14:00,3.29,,United Kingdom
549100,47566,PARTY BUNTING,31,2011-04-06 11:14:00,10.79,,United Kingdom
549100,47580,TEA TIME DES TEA COSY,2,2011-04-06 11:14:00,5.79,,United Kingdom
549100,48187,DOORMAT NEW ENGLAND,2,2011-04-06 11:14:00,12.46,,United Kingdom
549100,48189,DOORMAT FRIENDSHIP ,1,2011-04-06 11:14:00,16.63,,United Kingdom
549100,79321,CHILLI LIGHTS,12,2011-04-06 11:14:00,12.46,,United Kingdom
549100,82583,HOT BATHS METAL SIGN,15,2011-04-06 11:14:00,4.96,,United Kingdom
549100,84029E,RED WOOLLY HOTTIE WHITE HEART.,1,2011-04-06 11:14:00,7.46,,United Kingdom
549100,84692,BOX OF 24 COCKTAIL PARASOLS,10,2011-04-06 11:14:00,1.63,,United Kingdom
549100,84991,60 TEATIME FAIRY CAKE CASES,13,2011-04-06 11:14:00,1.25,,United Kingdom
549100,84997b,CHILDRENS CUTLERY RETROSPOT RED ,10,2011-04-06 11:14:00,8.29,,United Kingdom
549100,84997c,CHILDRENS CUTLERY POLKADOT BLUE,1,2011-04-06 11:14:00,8.29,,United Kingdom
549100,84997d,CHILDRENS CUTLERY POLKADOT PINK,3,2011-04-06 11:14:00,8.29,,United Kingdom
549100,85049g,CHOCOLATE BOX RIBBONS ,1,2011-04-06 11:14:00,2.46,,United Kingdom
549101,22278,OVERNIGHT BAG VINTAGE ROSE PAISLEY,1,2011-04-06 11:34:00,4.95,14606.0,United Kingdom
549101,21658,GLASS  BEURRE DISH,1,2011-04-06 11:34:00,3.95,14606.0,United Kingdom
549101,84968B,SET OF 16 VINTAGE IVORY CUTLERY,1,2011-04-06 11:34:00,12.75,14606.0,United Kingdom
549101,15056BL,EDWARDIAN PARASOL BLACK,1,2011-04-06 11:34:00,5.95,14606.0,United Kingdom
549101,85130D,BEADED CRYSTAL HEART PINK LARGE,2,2011-04-06 11:34:00,1.65,14606.0,United Kingdom
549101,84989A,75 GREEN FAIRY CAKE CASES,3,2011-04-06 11:34:00,0.55,14606.0,United Kingdom
549101,21169,YOU'RE CONFUSING ME METAL SIGN ,1,2011-04-06 11:34:00,1.69,14606.0,United Kingdom
549101,82583,HOT BATHS METAL SIGN,1,2011-04-06 11:34:00,2.1,14606.0,United Kingdom
549101,84849B,FAIRY SOAP SOAP HOLDER,1,2011-04-06 11:34:00,1.69,14606.0,United Kingdom
549101,22382,LUNCH BAG SPACEBOY DESIGN ,1,2011-04-06 11:34:00,1.65,14606.0,United Kingdom
549101,20782,CAMOUFLAGE EAR MUFF HEADPHONES,1,2011-04-06 11:34:00,5.49,14606.0,United Kingdom
549101,22078,RIBBON REEL LACE DESIGN ,1,2011-04-06 11:34:00,2.1,14606.0,United Kingdom
549101,22150,3 STRIPEY MICE FELTCRAFT,1,2011-04-06 11:34:00,1.95,14606.0,United Kingdom
549101,22586,FELTCRAFT HAIRBAND PINK AND BLUE,1,2011-04-06 11:34:00,0.85,14606.0,United Kingdom
549101,20972,PINK CREAM FELT CRAFT TRINKET BOX ,1,2011-04-06 11:34:00,1.25,14606.0,United Kingdom
549101,20750,RED RETROSPOT MINI CASES,1,2011-04-06 11:34:00,7.95,14606.0,United Kingdom
549101,21326,AGED GLASS SILVER T-LIGHT HOLDER,6,2011-04-06 11:34:00,0.65,14606.0,United Kingdom
549101,84978,HANGING HEART JAR T-LIGHT HOLDER,10,2011-04-06 11:34:00,1.25,14606.0,United Kingdom
549101,22178,VICTORIAN GLASS HANGING T-LIGHT,56,2011-04-06 11:34:00,1.25,14606.0,United Kingdom
549101,90214A,"LETTER ""A"" BLING KEY RING",1,2011-04-06 11:34:00,1.25,14606.0,United Kingdom
549102,21398,RED POLKADOT COFFEE  MUG,96,2011-04-06 11:34:00,0.39,13266.0,United Kingdom
549102,21399,BLUE POLKADOT COFFEE MUG,96,2011-04-06 11:34:00,0.39,13266.0,United Kingdom
549102,21394,RED POLKADOT BEAKER ,48,2011-04-06 11:34:00,0.39,13266.0,United Kingdom
549102,47593B,SCOTTIE DOGS BABY BIB,48,2011-04-06 11:34:00,0.39,13266.0,United Kingdom
549102,85132A,CHARLIE + LOLA BISCUITS TINS,12,2011-04-06 11:34:00,1.95,13266.0,United Kingdom
549102,16168M,FUNKY MONKEY GIFT BAG MEDIUM,24,2011-04-06 11:34:00,0.42,13266.0,United Kingdom
549102,84078A,SET/4 WHITE RETRO STORAGE CUBES ,1,2011-04-06 11:34:00,39.95,13266.0,United Kingdom
549102,22993,SET OF 4 PANTRY JELLY MOULDS,12,2011-04-06 11:34:00,1.25,13266.0,United Kingdom
549102,21212,PACK OF 72 RETROSPOT CAKE CASES,24,2011-04-06 11:34:00,0.55,13266.0,United Kingdom
549102,23076,ICE CREAM SUNDAE LIP GLOSS,48,2011-04-06 11:34:00,1.25,13266.0,United Kingdom
549102,21746,SMALL RED RETROSPOT WINDMILL,24,2011-04-06 11:34:00,1.25,13266.0,United Kingdom
549103,82494L,,167,2011-04-06 11:39:00,0.0,,United Kingdom
549104,22771,CLEAR DRAWER KNOB ACRYLIC EDWARDIAN,192,2011-04-06 11:43:00,1.06,15311.0,United Kingdom
549104,22805,BLUE DRAWER KNOB ACRYLIC EDWARDIAN,192,2011-04-06 11:43:00,1.06,15311.0,United Kingdom
549104,22087,PAPER BUNTING WHITE LACE,40,2011-04-06 11:43:00,2.55,15311.0,United Kingdom
549104,82494L,WOODEN FRAME ANTIQUE WHITE ,30,2011-04-06 11:43:00,2.55,15311.0,United Kingdom
549104,21884,CAKES AND BOWS GIFT  TAPE,12,2011-04-06 11:43:00,0.65,15311.0,United Kingdom
549104,47580,TEA TIME DES TEA COSY,2,2011-04-06 11:43:00,2.55,15311.0,United Kingdom
549104,21563,RED HEART SHAPE LOVE BUCKET ,2,2011-04-06 11:43:00,2.95,15311.0,United Kingdom
549104,21564,PINK  HEART SHAPE LOVE BUCKET ,3,2011-04-06 11:43:00,2.95,15311.0,United Kingdom
549104,22521,CHILDS GARDEN TROWEL PINK,3,2011-04-06 11:43:00,0.85,15311.0,United Kingdom
549104,20829,GLITTER HANGING BUTTERFLY STRING,3,2011-04-06 11:43:00,2.1,15311.0,United Kingdom
549104,21380,WOODEN HAPPY BIRTHDAY GARLAND,2,2011-04-06 11:43:00,2.95,15311.0,United Kingdom
549104,22467,GUMBALL COAT RACK,36,2011-04-06 11:43:00,2.1,15311.0,United Kingdom
549105,84945,MULTI COLOUR SILVER T-LIGHT HOLDER,120,2011-04-06 12:05:00,0.85,17440.0,United Kingdom
549105,21326,AGED GLASS SILVER T-LIGHT HOLDER,24,2011-04-06 12:05:00,0.65,17440.0,United Kingdom
549106,20785,FUSCHIA RETRO BAR STOOL,1,2011-04-06 12:08:00,39.95,17045.0,United Kingdom
549107,21736,GOLD SCROLL GLASS T-LIGHT HOLDER,18,2011-04-06 12:08:00,0.39,17440.0,United Kingdom
549115,22197,SMALL POPCORN HOLDER,48,2011-04-06 12:41:00,0.85,13098.0,United Kingdom
549115,21318,GLASS CHALICE BLUE SMALL ,36,2011-04-06 12:41:00,0.39,13098.0,United Kingdom
549115,21316,SMALL CHUNKY GLASS ROMAN  BOWL,32,2011-04-06 12:41:00,0.79,13098.0,United Kingdom
549115,21320,GLASS CHALICE GREEN  LARGE ,48,2011-04-06 12:41:00,0.79,13098.0,United Kingdom
549115,85159B,"WHITE TEA,COFFEE,SUGAR JARS",24,2011-04-06 12:41:00,1.95,13098.0,United Kingdom
549115,20803,SMALL PINK GLASS SUNDAE DISH,72,2011-04-06 12:41:00,0.39,13098.0,United Kingdom
549115,20801,LARGE PINK GLASS SUNDAE DISH,32,2011-04-06 12:41:00,0.79,13098.0,United Kingdom
549115,85123A,WHITE HANGING HEART T-LIGHT HOLDER,32,2011-04-06 12:41:00,2.55,13098.0,United Kingdom
549115,85099B,JUMBO BAG RED RETROSPOT,100,2011-04-06 12:41:00,1.79,13098.0,United Kingdom
549115,84970S,HANGING HEART ZINC T-LIGHT HOLDER,48,2011-04-06 12:41:00,0.85,13098.0,United Kingdom
549115,16161P,WRAP ENGLISH ROSE ,25,2011-04-06 12:41:00,0.42,13098.0,United Kingdom
549115,84692,BOX OF 24 COCKTAIL PARASOLS,25,2011-04-06 12:41:00,0.42,13098.0,United Kingdom
549115,84050,PINK HEART SHAPE EGG FRYING PAN,48,2011-04-06 12:41:00,1.65,13098.0,United Kingdom
549115,22631,CIRCUS PARADE LUNCH BOX ,12,2011-04-06 12:41:00,1.95,13098.0,United Kingdom
549115,22630,DOLLY GIRL LUNCH BOX,12,2011-04-06 12:41:00,1.95,13098.0,United Kingdom
549115,22629,SPACEBOY LUNCH BOX ,24,2011-04-06 12:41:00,1.95,13098.0,United Kingdom
549115,22502,PICNIC BASKET WICKER SMALL,16,2011-04-06 12:41:00,4.95,13098.0,United Kingdom
549115,22423,REGENCY CAKESTAND 3 TIER,32,2011-04-06 12:41:00,10.95,13098.0,United Kingdom
549115,22385,JUMBO BAG SPACEBOY DESIGN,100,2011-04-06 12:41:00,1.79,13098.0,United Kingdom
549115,22383,LUNCH BAG SUKI DESIGN ,24,2011-04-06 12:41:00,1.65,13098.0,United Kingdom
549115,22382,LUNCH BAG SPACEBOY DESIGN ,24,2011-04-06 12:41:00,1.65,13098.0,United Kingdom
549115,22379,RECYCLING BAG RETROSPOT ,25,2011-04-06 12:41:00,2.1,13098.0,United Kingdom
549115,22352,LUNCH BOX WITH CUTLERY RETROSPOT ,6,2011-04-06 12:41:00,2.55,13098.0,United Kingdom
549115,22196,SMALL HEART MEASURING SPOONS,24,2011-04-06 12:41:00,0.85,13098.0,United Kingdom
549115,22045,SPACEBOY GIFT WRAP,25,2011-04-06 12:41:00,0.42,13098.0,United Kingdom
549115,22037,ROBOT BIRTHDAY CARD,12,2011-04-06 12:41:00,0.42,13098.0,United Kingdom
549115,22035,VINTAGE CARAVAN GREETING CARD ,24,2011-04-06 12:41:00,0.42,13098.0,United Kingdom
549115,22030,SWALLOWS GREETING CARD,12,2011-04-06 12:41:00,0.42,13098.0,United Kingdom
549115,22029,SPACEBOY BIRTHDAY CARD,24,2011-04-06 12:41:00,0.42,13098.0,United Kingdom
549115,21506,"FANCY FONT BIRTHDAY CARD, ",24,2011-04-06 12:41:00,0.42,13098.0,United Kingdom
549115,21498,RED RETROSPOT WRAP ,25,2011-04-06 12:41:00,0.42,13098.0,United Kingdom
549115,21497,FANCY FONTS BIRTHDAY WRAP,25,2011-04-06 12:41:00,0.42,13098.0,United Kingdom
549115,20914,SET/5 RED RETROSPOT LID GLASS BOWLS,32,2011-04-06 12:41:00,2.55,13098.0,United Kingdom
549115,20726,LUNCH BAG WOODLAND,24,2011-04-06 12:41:00,1.65,13098.0,United Kingdom
549115,20725,LUNCH BAG RED RETROSPOT,24,2011-04-06 12:41:00,1.65,13098.0,United Kingdom
549116,17011F,ORIGAMI SANDLEWOOD INCENSE+FLOWER,24,2011-04-06 12:49:00,0.65,16670.0,United Kingdom
549116,21398,RED POLKADOT COFFEE  MUG,48,2011-04-06 12:49:00,0.39,16670.0,United Kingdom
549116,21399,BLUE POLKADOT COFFEE MUG,48,2011-04-06 12:49:00,0.39,16670.0,United Kingdom
549116,21845,DAIRY MAID STRIPE MUG,36,2011-04-06 12:49:00,0.79,16670.0,United Kingdom
549116,21530,DAIRY MAID TOASTRACK,18,2011-04-06 12:49:00,0.79,16670.0,United Kingdom
549116,35809A,ENAMEL PINK TEA CONTAINER,12,2011-04-06 12:49:00,0.83,16670.0,United Kingdom
549116,35810A,ENAMEL PINK COFFEE CONTAINER,12,2011-04-06 12:49:00,0.83,16670.0,United Kingdom
549116,79331,PINK FLOCK GLASS CANDLEHOLDER,12,2011-04-06 12:49:00,0.38,16670.0,United Kingdom
549116,84877A,PINK ROUND COMPACT MIRROR,12,2011-04-06 12:49:00,1.25,16670.0,United Kingdom
549116,84875D,BLUE SQUARE COMPACT MIRROR,12,2011-04-06 12:49:00,1.25,16670.0,United Kingdom
549116,22499,WOODEN UNION JACK BUNTING,6,2011-04-06 12:49:00,5.95,16670.0,United Kingdom
549116,47566B,TEA TIME PARTY BUNTING,4,2011-04-06 12:49:00,4.95,16670.0,United Kingdom
549116,22212,FOUR HOOK  WHITE LOVEBIRDS,6,2011-04-06 12:49:00,2.1,16670.0,United Kingdom
549116,82483,WOOD 2 DRAWER CABINET WHITE FINISH,2,2011-04-06 12:49:00,6.95,16670.0,United Kingdom
549116,82486,WOOD S/3 CABINET ANT WHITE FINISH,2,2011-04-06 12:49:00,8.95,16670.0,United Kingdom
549116,85123A,WHITE HANGING HEART T-LIGHT HOLDER,6,2011-04-06 12:49:00,2.95,16670.0,United Kingdom
549116,21955,DOORMAT UNION JACK GUNS AND ROSES,2,2011-04-06 12:49:00,7.95,16670.0,United Kingdom
549116,21523,DOORMAT FANCY FONT HOME SWEET HOME,2,2011-04-06 12:49:00,7.95,16670.0,United Kingdom
549116,22691,DOORMAT WELCOME SUNRISE,2,2011-04-06 12:49:00,7.95,16670.0,United Kingdom
549116,71053,WHITE METAL LANTERN,4,2011-04-06 12:49:00,3.75,16670.0,United Kingdom
549116,37370,RETRO COFFEE MUGS ASSORTED,12,2011-04-06 12:49:00,1.25,16670.0,United Kingdom
549116,21868,POTTING SHED TEA MUG,12,2011-04-06 12:49:00,1.25,16670.0,United Kingdom
549116,21870,I CAN ONLY PLEASE ONE PERSON MUG,12,2011-04-06 12:49:00,1.25,16670.0,United Kingdom
549116,22476,EMPIRE UNION JACK TV DINNER TRAY,3,2011-04-06 12:49:00,4.95,16670.0,United Kingdom
549116,21625,VINTAGE UNION JACK APRON,3,2011-04-06 12:49:00,6.95,16670.0,United Kingdom
549116,21908,CHOCOLATE THIS WAY METAL SIGN,12,2011-04-06 12:49:00,2.1,16670.0,United Kingdom
549116,22998,TRAVEL CARD WALLET KEEP CALM,24,2011-04-06 12:49:00,0.42,16670.0,United Kingdom
549116,22106,MIRROR MOSAIC HURRICANE LAMP ,2,2011-04-06 12:49:00,6.75,16670.0,United Kingdom
549116,20801,LARGE PINK GLASS SUNDAE DISH,16,2011-04-06 12:49:00,0.79,16670.0,United Kingdom
549116,21287,SCENTED VELVET LOUNGE CANDLE ,12,2011-04-06 12:49:00,1.25,16670.0,United Kingdom
549116,17096,ASSORTED LAQUERED INCENSE HOLDERS,48,2011-04-06 12:49:00,0.21,16670.0,United Kingdom
549116,22989,SET 2 PANTRY DESIGN TEA TOWELS,6,2011-04-06 12:49:00,3.25,16670.0,United Kingdom
549116,22895,SET OF 2 TEA TOWELS APPLE AND PEARS,6,2011-04-06 12:49:00,3.25,16670.0,United Kingdom
549116,21733,RED HANGING HEART T-LIGHT HOLDER,6,2011-04-06 12:49:00,2.95,16670.0,United Kingdom
549117,84536B,FAIRY CAKES NOTEBOOK A7 SIZE,16,2011-04-06 12:56:00,0.42,13491.0,United Kingdom
549117,22414,DOORMAT NEIGHBOURHOOD WITCH ,2,2011-04-06 12:56:00,7.95,13491.0,United Kingdom
549117,22412,METAL SIGN NEIGHBOURHOOD WITCH ,12,2011-04-06 12:56:00,2.1,13491.0,United Kingdom
549117,82551,LAUNDRY 15C METAL SIGN,12,2011-04-06 12:56:00,1.45,13491.0,United Kingdom
549117,21398,RED POLKADOT COFFEE  MUG,48,2011-04-06 12:56:00,0.39,13491.0,United Kingdom
549117,37482P,CUBIC MUG PINK POLKADOT,6,2011-04-06 12:56:00,0.39,13491.0,United Kingdom
549117,84596B,SMALL DOLLY MIX DESIGN ORANGE BOWL,24,2011-04-06 12:56:00,0.42,13491.0,United Kingdom
549117,84596J,MIXED NUTS LIGHT GREEN BOWL,24,2011-04-06 12:56:00,0.42,13491.0,United Kingdom
549117,84596F,SMALL MARSHMALLOWS PINK BOWL,24,2011-04-06 12:56:00,0.42,13491.0,United Kingdom
549117,22962,JAM JAR WITH PINK LID,12,2011-04-06 12:56:00,0.85,13491.0,United Kingdom
549117,22963,JAM JAR WITH GREEN LID,12,2011-04-06 12:56:00,0.85,13491.0,United Kingdom
549118,22991,GIRAFFE WOODEN RULER,12,2011-04-06 13:18:00,1.95,14911.0,EIRE
549118,22993,SET OF 4 PANTRY JELLY MOULDS,12,2011-04-06 13:18:00,1.25,14911.0,EIRE
549118,23010,CIRCUS PARADE BABY GIFT SET,1,2011-04-06 13:18:00,16.95,14911.0,EIRE
549118,23126,FELTCRAFT GIRL AMELIE KIT,4,2011-04-06 13:18:00,4.95,14911.0,EIRE
549118,21287,SCENTED VELVET LOUNGE CANDLE ,12,2011-04-06 13:18:00,1.25,14911.0,EIRE
549118,21401,BLUE PUDDING SPOON,48,2011-04-06 13:18:00,0.12,14911.0,EIRE
549118,21403,BLUE EGG  SPOON,48,2011-04-06 13:18:00,0.12,14911.0,EIRE
549118,84531B,BLUE KNITTED EGG COSY,12,2011-04-06 13:18:00,0.39,14911.0,EIRE
549118,84531A,PINK KNITTED EGG COSY,12,2011-04-06 13:18:00,0.39,14911.0,EIRE
549118,85144,JARDIN ETCHED GLASS CHEESE DISH,12,2011-04-06 13:18:00,1.95,14911.0,EIRE
549118,22595,GINGHAM HEART DECORATION,12,2011-04-06 13:18:00,0.85,14911.0,EIRE
549118,20856,DENIM PATCH PURSE PINK BUTTERFLY,10,2011-04-06 13:18:00,1.65,14911.0,EIRE
549118,21485,RETROSPOT HEART HOT WATER BOTTLE,3,2011-04-06 13:18:00,4.95,14911.0,EIRE
549118,21481,FAWN BLUE HOT WATER BOTTLE,6,2011-04-06 13:18:00,2.95,14911.0,EIRE
549118,21484,CHICK GREY HOT WATER BOTTLE,4,2011-04-06 13:18:00,3.45,14911.0,EIRE
549118,22111,SCOTTIE DOG HOT WATER BOTTLE,3,2011-04-06 13:18:00,4.95,14911.0,EIRE
549118,71459,HANGING JAM JAR T-LIGHT HOLDER,12,2011-04-06 13:18:00,0.85,14911.0,EIRE
549118,21609,SET 12 LAVENDER  BOTANICAL T-LIGHTS,6,2011-04-06 13:18:00,2.95,14911.0,EIRE
549118,22807,SET OF 6 T-LIGHTS TOADSTOOLS,6,2011-04-06 13:18:00,2.95,14911.0,EIRE
549118,22808,SET OF 6 T-LIGHTS EASTER CHICKS,6,2011-04-06 13:18:00,2.95,14911.0,EIRE
549118,22623,BOX OF VINTAGE JIGSAW BLOCKS ,3,2011-04-06 13:18:00,5.95,14911.0,EIRE
549118,22556,PLASTERS IN TIN CIRCUS PARADE ,12,2011-04-06 13:18:00,1.65,14911.0,EIRE
549118,85227,SET OF 6 3D KIT CARDS FOR KIDS,12,2011-04-06 13:18:00,0.85,14911.0,EIRE
549118,21790,VINTAGE SNAP CARDS,12,2011-04-06 13:18:00,0.85,14911.0,EIRE
549118,21890,S/6 WOODEN SKITTLES IN COTTON BAG,6,2011-04-06 13:18:00,3.25,14911.0,EIRE
549118,21891,TRADITIONAL WOODEN SKIPPING ROPE,12,2011-04-06 13:18:00,1.45,14911.0,EIRE
549118,22550,HOLIDAY FUN LUDO,4,2011-04-06 13:18:00,3.75,14911.0,EIRE
549118,22548,HEADS AND TAILS SPORTING FUN,12,2011-04-06 13:18:00,1.25,14911.0,EIRE
549118,22620,4 TRADITIONAL SPINNING TOPS,12,2011-04-06 13:18:00,1.45,14911.0,EIRE
549118,22637,PIGGY BANK RETROSPOT ,4,2011-04-06 13:18:00,2.55,14911.0,EIRE
549118,21452,TOADSTOOL MONEY BOX,6,2011-04-06 13:18:00,2.95,14911.0,EIRE
549118,21448,12 DAISY PEGS IN WOOD BOX,12,2011-04-06 13:18:00,1.65,14911.0,EIRE
549118,22281,EASTER TREE YELLOW BIRDS,2,2011-04-06 13:18:00,5.95,14911.0,EIRE
549118,22287,DECORATION WOBBLY CHICKEN,12,2011-04-06 13:18:00,1.65,14911.0,EIRE
549118,22957,SET 3 PAPER VINTAGE CHICK PAPER EGG,6,2011-04-06 13:18:00,2.95,14911.0,EIRE
549118,22148,EASTER CRAFT 4 CHICKS ,12,2011-04-06 13:18:00,1.95,14911.0,EIRE
549118,22256,FELT FARM ANIMAL CHICKEN,12,2011-04-06 13:18:00,1.25,14911.0,EIRE
549118,22856,ASSORTED EASTER DECORATIONS  BELLS,12,2011-04-06 13:18:00,1.25,14911.0,EIRE
549118,84789,ENCHANTED BIRD PLANT CAGE,8,2011-04-06 13:18:00,3.75,14911.0,EIRE
549118,21523,DOORMAT FANCY FONT HOME SWEET HOME,2,2011-04-06 13:18:00,7.95,14911.0,EIRE
549118,22918,HERB MARKER PARSLEY,12,2011-04-06 13:18:00,0.65,14911.0,EIRE
549118,22920,HERB MARKER BASIL,12,2011-04-06 13:18:00,0.65,14911.0,EIRE
549118,22917,HERB MARKER ROSEMARY,12,2011-04-06 13:18:00,0.65,14911.0,EIRE
549118,22744,MAKE YOUR OWN MONSOON CARD KIT,6,2011-04-06 13:18:00,2.95,14911.0,EIRE
549118,22081,RIBBON REEL FLORA + FAUNA ,10,2011-04-06 13:18:00,1.65,14911.0,EIRE
549118,22078,RIBBON REEL LACE DESIGN ,5,2011-04-06 13:18:00,2.1,14911.0,EIRE
549118,20702,PINK PADDED MOBILE,3,2011-04-06 13:18:00,4.25,14911.0,EIRE
549118,22317,FIVE CATS HANGING DECORATION,6,2011-04-06 13:18:00,2.95,14911.0,EIRE
549118,22367,CHILDRENS APRON SPACEBOY DESIGN,8,2011-04-06 13:18:00,1.95,14911.0,EIRE
549118,22899,CHILDREN'S APRON DOLLY GIRL ,6,2011-04-06 13:18:00,2.1,14911.0,EIRE
549118,22260,FELT EGG COSY BLUE RABBIT ,12,2011-04-06 13:18:00,0.85,14911.0,EIRE
549118,84375,SET OF 20 KIDS COOKIE CUTTERS,12,2011-04-06 13:18:00,2.1,14911.0,EIRE
549118,22990,COTTON APRON PANTRY DESIGN,4,2011-04-06 13:18:00,4.95,14911.0,EIRE
549118,21042,RED RETROSPOT APRON ,3,2011-04-06 13:18:00,5.95,14911.0,EIRE
549118,21976,PACK OF 60 MUSHROOM CAKE CASES,24,2011-04-06 13:18:00,0.55,14911.0,EIRE
549118,22558,CLOTHES PEGS RETROSPOT PACK 24 ,12,2011-04-06 13:18:00,1.65,14911.0,EIRE
549118,22776,SWEETHEART CAKESTAND 3 TIER,1,2011-04-06 13:18:00,9.95,14911.0,EIRE
549118,22282,12 EGG HOUSE PAINTED WOOD,2,2011-04-06 13:18:00,12.75,14911.0,EIRE
549118,21471,STRAWBERRY RAFFIA FOOD COVER,6,2011-04-06 13:18:00,3.75,14911.0,EIRE
549118,84821,DANISH ROSE DELUXE COASTER,12,2011-04-06 13:18:00,0.85,14911.0,EIRE
549118,84692,BOX OF 24 COCKTAIL PARASOLS,25,2011-04-06 13:18:00,0.42,14911.0,EIRE
549118,22025,RING OF ROSES BIRTHDAY CARD,12,2011-04-06 13:18:00,0.42,14911.0,EIRE
549118,22024,RAINY LADIES BIRTHDAY CARD,12,2011-04-06 13:18:00,0.42,14911.0,EIRE
549118,22716,CARD CIRCUS PARADE,12,2011-04-06 13:18:00,0.42,14911.0,EIRE
549118,21507,"ELEPHANT, BIRTHDAY CARD, ",12,2011-04-06 13:18:00,0.42,14911.0,EIRE
549119,22426,ENAMEL WASH BOWL CREAM,16,2011-04-06 13:23:00,2.95,14220.0,United Kingdom
549119,22427,ENAMEL FLOWER JUG CREAM,12,2011-04-06 13:23:00,5.45,14220.0,United Kingdom
549119,22425,ENAMEL COLANDER CREAM,3,2011-04-06 13:23:00,4.95,14220.0,United Kingdom
549119,22500,SET OF 2 TINS JARDIN DE PROVENCE,8,2011-04-06 13:23:00,4.95,14220.0,United Kingdom
549119,22498,WOODEN REGATTA BUNTING,3,2011-04-06 13:23:00,5.95,14220.0,United Kingdom
549119,22671,FRENCH LAUNDRY SIGN BLUE METAL,12,2011-04-06 13:23:00,1.65,14220.0,United Kingdom
549119,82599,FANNY'S REST STOPMETAL SIGN,12,2011-04-06 13:23:00,2.1,14220.0,United Kingdom
549119,82551,LAUNDRY 15C METAL SIGN,24,2011-04-06 13:23:00,1.45,14220.0,United Kingdom
549119,82552,WASHROOM METAL SIGN,24,2011-04-06 13:23:00,1.45,14220.0,United Kingdom
549119,23182,TOILET SIGN OCCUPIED OR VACANT,24,2011-04-06 13:23:00,0.83,14220.0,United Kingdom
549120,82494L,WOODEN FRAME ANTIQUE WHITE ,4,2011-04-06 13:28:00,2.95,14587.0,United Kingdom
549120,85066,CREAM SWEETHEART MINI CHEST,1,2011-04-06 13:28:00,12.75,14587.0,United Kingdom
549120,82486,WOOD S/3 CABINET ANT WHITE FINISH,1,2011-04-06 13:28:00,8.95,14587.0,United Kingdom
549120,22423,REGENCY CAKESTAND 3 TIER,1,2011-04-06 13:28:00,12.75,14587.0,United Kingdom
549120,20674,GREEN POLKADOT BOWL,1,2011-04-06 13:28:00,1.25,14587.0,United Kingdom
549120,20675,BLUE POLKADOT BOWL,1,2011-04-06 13:28:00,1.25,14587.0,United Kingdom
549120,20676,RED RETROSPOT BOWL,1,2011-04-06 13:28:00,1.25,14587.0,United Kingdom
549120,20677,PINK POLKADOT BOWL,1,2011-04-06 13:28:00,1.25,14587.0,United Kingdom
549120,84997A,CHILDRENS CUTLERY POLKADOT GREEN ,2,2011-04-06 13:28:00,4.15,14587.0,United Kingdom
549120,21754,HOME BUILDING BLOCK WORD,1,2011-04-06 13:28:00,5.95,14587.0,United Kingdom
549120,84997B,CHILDRENS CUTLERY RETROSPOT RED ,2,2011-04-06 13:28:00,4.15,14587.0,United Kingdom
549120,84997D,CHILDRENS CUTLERY POLKADOT PINK,2,2011-04-06 13:28:00,4.15,14587.0,United Kingdom
549120,21900,"KEY FOB , SHED",2,2011-04-06 13:28:00,0.65,14587.0,United Kingdom
549120,21901,"KEY FOB , BACK DOOR ",2,2011-04-06 13:28:00,0.65,14587.0,United Kingdom
549120,21902,"KEY FOB , FRONT  DOOR ",2,2011-04-06 13:28:00,0.65,14587.0,United Kingdom
549120,21899,"KEY FOB , GARAGE DESIGN",2,2011-04-06 13:28:00,0.65,14587.0,United Kingdom
549120,21790,VINTAGE SNAP CARDS,1,2011-04-06 13:28:00,0.85,14587.0,United Kingdom
549120,84997C,CHILDRENS CUTLERY POLKADOT BLUE,4,2011-04-06 13:28:00,4.15,14587.0,United Kingdom
549120,22524,CHILDRENS GARDEN GLOVES BLUE,2,2011-04-06 13:28:00,1.25,14587.0,United Kingdom
549120,22525,CHILDRENS GARDEN GLOVES PINK,2,2011-04-06 13:28:00,1.25,14587.0,United Kingdom
549120,22523,CHILDS GARDEN FORK PINK,2,2011-04-06 13:28:00,0.85,14587.0,United Kingdom
549120,22522,CHILDS GARDEN FORK BLUE ,2,2011-04-06 13:28:00,0.85,14587.0,United Kingdom
549120,22521,CHILDS GARDEN TROWEL PINK,2,2011-04-06 13:28:00,0.85,14587.0,United Kingdom
549120,22520,CHILDS GARDEN TROWEL BLUE ,2,2011-04-06 13:28:00,0.85,14587.0,United Kingdom
549120,21733,RED HANGING HEART T-LIGHT HOLDER,2,2011-04-06 13:28:00,2.95,14587.0,United Kingdom
549120,20728,LUNCH BAG CARS BLUE,2,2011-04-06 13:28:00,1.65,14587.0,United Kingdom
549120,20727,LUNCH BAG  BLACK SKULL.,5,2011-04-06 13:28:00,1.65,14587.0,United Kingdom
549120,82482,WOODEN PICTURE FRAME WHITE FINISH,4,2011-04-06 13:28:00,2.55,14587.0,United Kingdom
549120,22558,CLOTHES PEGS RETROSPOT PACK 24 ,2,2011-04-06 13:28:00,1.65,14587.0,United Kingdom
549120,22384,LUNCH BAG PINK POLKADOT,4,2011-04-06 13:28:00,1.65,14587.0,United Kingdom
549120,20725,LUNCH BAG RED RETROSPOT,4,2011-04-06 13:28:00,1.65,14587.0,United Kingdom
549120,22697,GREEN REGENCY TEACUP AND SAUCER,2,2011-04-06 13:28:00,2.95,14587.0,United Kingdom
549120,22699,ROSES REGENCY TEACUP AND SAUCER ,2,2011-04-06 13:28:00,2.95,14587.0,United Kingdom
549120,22698,PINK REGENCY TEACUP AND SAUCER,2,2011-04-06 13:28:00,2.95,14587.0,United Kingdom
549121,35920,FOUR RABBIT EASTER DECORATIONS,6,2011-04-06 13:33:00,1.25,17140.0,United Kingdom
549121,22082,RIBBON REEL STRIPES DESIGN ,5,2011-04-06 13:33:00,1.65,17140.0,United Kingdom
549121,21314,SMALL GLASS HEART TRINKET POT,2,2011-04-06 13:33:00,2.1,17140.0,United Kingdom
549121,20802,SMALL GLASS SUNDAE DISH CLEAR,6,2011-04-06 13:33:00,1.65,17140.0,United Kingdom
549121,22456,NATURAL SLATE CHALKBOARD LARGE ,6,2011-04-06 13:33:00,4.95,17140.0,United Kingdom
549121,22358,KINGS CHOICE TEA CADDY ,1,2011-04-06 13:33:00,2.95,17140.0,United Kingdom
549121,84879,ASSORTED COLOUR BIRD ORNAMENT,8,2011-04-06 13:33:00,1.69,17140.0,United Kingdom
549121,20801,LARGE PINK GLASS SUNDAE DISH,2,2011-04-06 13:33:00,0.79,17140.0,United Kingdom
549121,22084,PAPER CHAIN KIT EMPIRE,6,2011-04-06 13:33:00,2.95,17140.0,United Kingdom
549121,21320,GLASS CHALICE GREEN  LARGE ,2,2011-04-06 13:33:00,0.79,17140.0,United Kingdom
549121,20801,LARGE PINK GLASS SUNDAE DISH,10,2011-04-06 13:33:00,0.79,17140.0,United Kingdom
549121,21034,REX CASH+CARRY JUMBO SHOPPER,1,2011-04-06 13:33:00,0.95,17140.0,United Kingdom
549121,22082,RIBBON REEL STRIPES DESIGN ,5,2011-04-06 13:33:00,1.65,17140.0,United Kingdom
549121,22423,REGENCY CAKESTAND 3 TIER,2,2011-04-06 13:33:00,12.75,17140.0,United Kingdom
549121,21770,OPEN CLOSED METAL SIGN,1,2011-04-06 13:33:00,4.95,17140.0,United Kingdom
549121,22358,KINGS CHOICE TEA CADDY ,1,2011-04-06 13:33:00,2.95,17140.0,United Kingdom
549121,20973,12 PENCIL SMALL TUBE WOODLAND,48,2011-04-06 13:33:00,0.65,17140.0,United Kingdom
549121,21320,GLASS CHALICE GREEN  LARGE ,6,2011-04-06 13:33:00,0.79,17140.0,United Kingdom
549121,22910,PAPER CHAIN KIT VINTAGE CHRISTMAS,40,2011-04-06 13:33:00,2.55,17140.0,United Kingdom
549121,84987,SET OF 36 TEATIME PAPER DOILIES,144,2011-04-06 13:33:00,1.25,17140.0,United Kingdom
549122,22799,SWEETHEART WIRE FRUIT BOWL,1,2011-04-06 13:53:00,8.5,,United Kingdom
549122,22702,BLACK AND WHITE CAT BOWL,1,2011-04-06 13:53:00,2.1,,United Kingdom
549122,22853,CAT BOWL VINTAGE CREAM,2,2011-04-06 13:53:00,3.25,,United Kingdom
549122,22845,VINTAGE CREAM CAT FOOD CONTAINER,1,2011-04-06 13:53:00,6.35,,United Kingdom
549123,22900, SET 2 TEA TOWELS I LOVE LONDON ,12,2011-04-06 14:02:00,3.25,15201.0,United Kingdom
549123,22675,FRENCH KITCHEN SIGN BLUE METAL,12,2011-04-06 14:02:00,1.25,15201.0,United Kingdom
549123,22674,FRENCH TOILET SIGN BLUE METAL,12,2011-04-06 14:02:00,1.25,15201.0,United Kingdom
549123,22672,FRENCH BATHROOM SIGN BLUE METAL,12,2011-04-06 14:02:00,1.65,15201.0,United Kingdom
549123,47590B,PINK HAPPY BIRTHDAY BUNTING,3,2011-04-06 14:02:00,5.45,15201.0,United Kingdom
549123,47590A,BLUE HAPPY BIRTHDAY BUNTING,3,2011-04-06 14:02:00,5.45,15201.0,United Kingdom
549123,23006,TRAVEL CARD WALLET FLOWER MEADOW,24,2011-04-06 14:02:00,0.42,15201.0,United Kingdom
549123,22999,TRAVEL CARD WALLET RETRO PETALS,24,2011-04-06 14:02:00,0.42,15201.0,United Kingdom
549123,22998,TRAVEL CARD WALLET KEEP CALM,24,2011-04-06 14:02:00,0.42,15201.0,United Kingdom
549123,22997,TRAVEL CARD WALLET UNION JACK,24,2011-04-06 14:02:00,0.42,15201.0,United Kingdom
549123,22995,TRAVEL CARD WALLET SUKI,24,2011-04-06 14:02:00,0.42,15201.0,United Kingdom
549123,22994,TRAVEL CARD WALLET RETROSPOT,24,2011-04-06 14:02:00,0.42,15201.0,United Kingdom
549123,22084,PAPER CHAIN KIT EMPIRE,12,2011-04-06 14:02:00,2.95,15201.0,United Kingdom
549123,21154,RED RETROSPOT OVEN GLOVE ,20,2011-04-06 14:02:00,1.25,15201.0,United Kingdom
549123,21035,SET/2 RED RETROSPOT TEA TOWELS ,6,2011-04-06 14:02:00,3.25,15201.0,United Kingdom
549123,21213,PACK OF 72 SKULL CAKE CASES,24,2011-04-06 14:02:00,0.55,15201.0,United Kingdom
549123,21212,PACK OF 72 RETROSPOT CAKE CASES,24,2011-04-06 14:02:00,0.55,15201.0,United Kingdom
549123,82581,TOILET METAL SIGN,12,2011-04-06 14:02:00,0.55,15201.0,United Kingdom
549123,82580,BATHROOM METAL SIGN,12,2011-04-06 14:02:00,0.55,15201.0,United Kingdom
549124,22729,ALARM CLOCK BAKELIKE ORANGE,12,2011-04-06 14:03:00,3.75,16672.0,United Kingdom
549124,22727,ALARM CLOCK BAKELIKE RED ,24,2011-04-06 14:03:00,3.75,16672.0,United Kingdom
549124,22726,ALARM CLOCK BAKELIKE GREEN,24,2011-04-06 14:03:00,3.75,16672.0,United Kingdom
549124,22699,ROSES REGENCY TEACUP AND SAUCER ,12,2011-04-06 14:03:00,2.95,16672.0,United Kingdom
549124,22629,SPACEBOY LUNCH BOX ,24,2011-04-06 14:03:00,1.95,16672.0,United Kingdom
549124,22630,DOLLY GIRL LUNCH BOX,24,2011-04-06 14:03:00,1.95,16672.0,United Kingdom
549124,22467,GUMBALL COAT RACK,18,2011-04-06 14:03:00,2.55,16672.0,United Kingdom
549124,22781,GUMBALL MAGAZINE RACK,12,2011-04-06 14:03:00,6.75,16672.0,United Kingdom
549125,90148,LONG SILVER NECKLACE PASTEL FLOWER,1,2011-04-06 14:13:00,12.75,14964.0,United Kingdom
549125,90180B,PURPLE AMETHYST NECKLACE W TASSEL,1,2011-04-06 14:13:00,9.95,14964.0,United Kingdom
549125,20777,CHRYSANTHEMUM NOTEBOOK,1,2011-04-06 14:13:00,1.65,14964.0,United Kingdom
549125,20666,ECONOMY HOLIDAY PURSE,1,2011-04-06 14:13:00,2.95,14964.0,United Kingdom
549125,47566,PARTY BUNTING,3,2011-04-06 14:13:00,4.95,14964.0,United Kingdom
549125,85198,ASSORTED FARMYARD ANIMALS IN BUCKET,12,2011-04-06 14:13:00,0.85,14964.0,United Kingdom
549125,22784,LANTERN CREAM GAZEBO ,6,2011-04-06 14:13:00,4.95,14964.0,United Kingdom
549125,21034,REX CASH+CARRY JUMBO SHOPPER,1,2011-04-06 14:13:00,0.95,14964.0,United Kingdom
549125,22249,DECORATION WHITE CHICK MAGIC GARDEN,3,2011-04-06 14:13:00,0.85,14964.0,United Kingdom
549125,22267,EASTER DECORATION EGG BUNNY ,3,2011-04-06 14:13:00,1.25,14964.0,United Kingdom
549125,22264,FELT FARM ANIMAL WHITE BUNNY ,9,2011-04-06 14:13:00,0.85,14964.0,United Kingdom
549125,22257,FELT FARM ANIMAL SHEEP,6,2011-04-06 14:13:00,1.25,14964.0,United Kingdom
549125,22178,VICTORIAN GLASS HANGING T-LIGHT,96,2011-04-06 14:13:00,1.06,14964.0,United Kingdom
549126,22776,SWEETHEART CAKESTAND 3 TIER,1,2011-04-06 14:23:00,9.95,16031.0,United Kingdom
549126,85114B,IVORY ENCHANTED FOREST PLACEMAT,8,2011-04-06 14:23:00,1.65,16031.0,United Kingdom
549126,84801A,PINK HYDRANGEA ART FLOWER,12,2011-04-06 14:23:00,2.1,16031.0,United Kingdom
549126,84801B,WHITE HYDRANGEA ART FLOWER,12,2011-04-06 14:23:00,2.1,16031.0,United Kingdom
549126,22487,WHITE WOOD GARDEN PLANT LADDER,1,2011-04-06 14:23:00,9.95,16031.0,United Kingdom
549126,22960,JAM MAKING SET WITH JARS,1,2011-04-06 14:23:00,4.25,16031.0,United Kingdom
549126,85062,PEARL CRYSTAL PUMPKIN T-LIGHT HLDR,6,2011-04-06 14:23:00,1.65,16031.0,United Kingdom
549126,22152,PLACE SETTING WHITE STAR,24,2011-04-06 14:23:00,0.42,16031.0,United Kingdom
549126,22151,PLACE SETTING WHITE HEART,24,2011-04-06 14:23:00,0.42,16031.0,United Kingdom
549126,48138,DOORMAT UNION FLAG,1,2011-04-06 14:23:00,7.95,16031.0,United Kingdom
549126,48184,DOORMAT ENGLISH ROSE ,1,2011-04-06 14:23:00,7.95,16031.0,United Kingdom
549126,16161P,WRAP ENGLISH ROSE ,25,2011-04-06 14:23:00,0.42,16031.0,United Kingdom
549126,21497,FANCY FONTS BIRTHDAY WRAP,25,2011-04-06 14:23:00,0.42,16031.0,United Kingdom
549126,85040A,S/4 PINK FLOWER CANDLES IN BOWL,2,2011-04-06 14:23:00,1.65,16031.0,United Kingdom
549126,85038,6 CHOCOLATE LOVE HEART T-LIGHTS,2,2011-04-06 14:23:00,2.1,16031.0,United Kingdom
549126,84030E,ENGLISH ROSE HOT WATER BOTTLE,2,2011-04-06 14:23:00,4.25,16031.0,United Kingdom
549126,84991,60 TEATIME FAIRY CAKE CASES,1,2011-04-06 14:23:00,0.55,16031.0,United Kingdom
549126,21484,CHICK GREY HOT WATER BOTTLE,2,2011-04-06 14:23:00,3.45,16031.0,United Kingdom
549126,72799E,IVORY PILLAR CANDLE SILVER FLOCK,4,2011-04-06 14:23:00,2.95,16031.0,United Kingdom
549126,22030,SWALLOWS GREETING CARD,12,2011-04-06 14:23:00,0.42,16031.0,United Kingdom
549126,22024,RAINY LADIES BIRTHDAY CARD,12,2011-04-06 14:23:00,0.42,16031.0,United Kingdom
549126,22713,CARD I LOVE LONDON ,12,2011-04-06 14:23:00,0.42,16031.0,United Kingdom
549126,21212,PACK OF 72 RETROSPOT CAKE CASES,1,2011-04-06 14:23:00,0.55,16031.0,United Kingdom
549126,22148,EASTER CRAFT 4 CHICKS ,2,2011-04-06 14:23:00,1.95,16031.0,United Kingdom
549126,22150,3 STRIPEY MICE FELTCRAFT,2,2011-04-06 14:23:00,1.95,16031.0,United Kingdom
549126,84916,HAND TOWEL PALE BLUE W FLOWERS,2,2011-04-06 14:23:00,5.95,16031.0,United Kingdom
549126,22276,WASH BAG VINTAGE ROSE PAISLEY,4,2011-04-06 14:23:00,2.55,16031.0,United Kingdom
549126,22482,BLUE TEA TOWEL CLASSIC DESIGN,3,2011-04-06 14:23:00,1.25,16031.0,United Kingdom
549126,22278,OVERNIGHT BAG VINTAGE ROSE PAISLEY,2,2011-04-06 14:23:00,4.95,16031.0,United Kingdom
549126,22084,PAPER CHAIN KIT EMPIRE,1,2011-04-06 14:23:00,2.95,16031.0,United Kingdom
549126,84992,72 SWEETHEART FAIRY CAKE CASES,1,2011-04-06 14:23:00,0.55,16031.0,United Kingdom
549126,22951,60 CAKE CASES DOLLY GIRL DESIGN,1,2011-04-06 14:23:00,0.55,16031.0,United Kingdom
549126,21976,PACK OF 60 MUSHROOM CAKE CASES,1,2011-04-06 14:23:00,0.55,16031.0,United Kingdom
549126,22652,TRAVEL SEWING KIT,2,2011-04-06 14:23:00,1.65,16031.0,United Kingdom
549126,22630,DOLLY GIRL LUNCH BOX,1,2011-04-06 14:23:00,1.95,16031.0,United Kingdom
549126,85214,TUB 24 PINK FLOWER PEGS,1,2011-04-06 14:23:00,1.65,16031.0,United Kingdom
549126,21124,SET/10 BLUE POLKADOT PARTY CANDLES,2,2011-04-06 14:23:00,1.25,16031.0,United Kingdom
549126,21122,SET/10 PINK POLKADOT PARTY CANDLES,2,2011-04-06 14:23:00,1.25,16031.0,United Kingdom
549126,84078A,SET/4 WHITE RETRO STORAGE CUBES ,1,2011-04-06 14:23:00,39.95,16031.0,United Kingdom
549127,23053,RECYCLED ACAPULCO MAT PINK,1,2011-04-06 14:23:00,8.25,14403.0,United Kingdom
549127,23052,RECYCLED ACAPULCO MAT TURQUOISE,1,2011-04-06 14:23:00,8.25,14403.0,United Kingdom
549127,23054,RECYCLED ACAPULCO MAT LAVENDER,1,2011-04-06 14:23:00,8.25,14403.0,United Kingdom
549127,23051,RECYCLED ACAPULCO MAT BLUE,1,2011-04-06 14:23:00,8.25,14403.0,United Kingdom
549127,23050,RECYCLED ACAPULCO MAT GREEN,1,2011-04-06 14:23:00,8.25,14403.0,United Kingdom
549127,23049,RECYCLED ACAPULCO MAT RED,1,2011-04-06 14:23:00,8.25,14403.0,United Kingdom
549127,22488,NATURAL SLATE RECTANGLE CHALKBOARD,48,2011-04-06 14:23:00,1.45,14403.0,United Kingdom
549127,22456,NATURAL SLATE CHALKBOARD LARGE ,18,2011-04-06 14:23:00,4.25,14403.0,United Kingdom
549127,22457,NATURAL SLATE HEART CHALKBOARD ,48,2011-04-06 14:23:00,2.55,14403.0,United Kingdom
549127,22927,GREEN GIANT GARDEN THERMOMETER,36,2011-04-06 14:23:00,4.95,14403.0,United Kingdom
549127,22478,BIRDHOUSE GARDEN MARKER ,50,2011-04-06 14:23:00,1.25,14403.0,United Kingdom
549127,22477,WATERING CAN GARDEN MARKER,50,2011-04-06 14:23:00,1.25,14403.0,United Kingdom
549127,21524,DOORMAT SPOTTY HOME SWEET HOME,10,2011-04-06 14:23:00,6.75,14403.0,United Kingdom
549127,22605,WOODEN CROQUET GARDEN SET,8,2011-04-06 14:23:00,12.75,14403.0,United Kingdom
549128,48129,DOORMAT TOPIARY,1,2011-04-06 14:25:00,7.95,16713.0,United Kingdom
549128,48184,DOORMAT ENGLISH ROSE ,1,2011-04-06 14:25:00,7.95,16713.0,United Kingdom
549128,20685,DOORMAT RED RETROSPOT,1,2011-04-06 14:25:00,7.95,16713.0,United Kingdom
549128,21955,DOORMAT UNION JACK GUNS AND ROSES,1,2011-04-06 14:25:00,7.95,16713.0,United Kingdom
549128,48138,DOORMAT UNION FLAG,1,2011-04-06 14:25:00,7.95,16713.0,United Kingdom
549128,82483,WOOD 2 DRAWER CABINET WHITE FINISH,2,2011-04-06 14:25:00,6.95,16713.0,United Kingdom
549128,21673,WHITE SPOT BLUE CERAMIC DRAWER KNOB,6,2011-04-06 14:25:00,1.25,16713.0,United Kingdom
549128,21671,RED SPOT CERAMIC DRAWER KNOB,6,2011-04-06 14:25:00,1.25,16713.0,United Kingdom
549128,21668,RED STRIPE CERAMIC DRAWER KNOB,6,2011-04-06 14:25:00,1.25,16713.0,United Kingdom
549128,22995,TRAVEL CARD WALLET SUKI,36,2011-04-06 14:25:00,0.42,16713.0,United Kingdom
549128,22771,CLEAR DRAWER KNOB ACRYLIC EDWARDIAN,5,2011-04-06 14:25:00,1.25,16713.0,United Kingdom
549128,22523,CHILDS GARDEN FORK PINK,3,2011-04-06 14:25:00,0.85,16713.0,United Kingdom
549128,22521,CHILDS GARDEN TROWEL PINK,3,2011-04-06 14:25:00,0.85,16713.0,United Kingdom
549128,22522,CHILDS GARDEN FORK BLUE ,3,2011-04-06 14:25:00,0.85,16713.0,United Kingdom
549128,22520,CHILDS GARDEN TROWEL BLUE ,3,2011-04-06 14:25:00,0.85,16713.0,United Kingdom
549128,22423,REGENCY CAKESTAND 3 TIER,1,2011-04-06 14:25:00,12.75,16713.0,United Kingdom
549128,22375,AIRLINE BAG VINTAGE JET SET BROWN,1,2011-04-06 14:25:00,4.25,16713.0,United Kingdom
549128,22374,AIRLINE BAG VINTAGE JET SET RED,1,2011-04-06 14:25:00,4.25,16713.0,United Kingdom
549128,22371,AIRLINE BAG VINTAGE TOKYO 78,1,2011-04-06 14:25:00,4.25,16713.0,United Kingdom
549128,22372,AIRLINE BAG VINTAGE WORLD CHAMPION ,1,2011-04-06 14:25:00,4.25,16713.0,United Kingdom
549128,22524,CHILDRENS GARDEN GLOVES BLUE,3,2011-04-06 14:25:00,1.25,16713.0,United Kingdom
549128,22525,CHILDRENS GARDEN GLOVES PINK,3,2011-04-06 14:25:00,1.25,16713.0,United Kingdom
549128,21731,RED TOADSTOOL LED NIGHT LIGHT,6,2011-04-06 14:25:00,1.65,16713.0,United Kingdom
549128,22170,PICTURE FRAME WOOD TRIPLE PORTRAIT,2,2011-04-06 14:25:00,6.75,16713.0,United Kingdom
549128,22171,3 HOOK PHOTO SHELF ANTIQUE WHITE,2,2011-04-06 14:25:00,8.5,16713.0,United Kingdom
549128,17003,BROCADE RING PURSE ,36,2011-04-06 14:25:00,0.29,16713.0,United Kingdom
549128,84406B,CREAM CUPID HEARTS COAT HANGER,3,2011-04-06 14:25:00,4.15,16713.0,United Kingdom
549128,22362,GLASS JAR PEACOCK BATH SALTS,1,2011-04-06 14:25:00,2.95,16713.0,United Kingdom
549128,22863,SOAP DISH BROCANTE,1,2011-04-06 14:25:00,2.95,16713.0,United Kingdom
549128,22892,SET OF SALT AND PEPPER TOADSTOOLS,1,2011-04-06 14:25:00,1.25,16713.0,United Kingdom
549128,22467,GUMBALL COAT RACK,3,2011-04-06 14:25:00,2.55,16713.0,United Kingdom
549128,22429,ENAMEL MEASURING JUG CREAM,1,2011-04-06 14:25:00,4.25,16713.0,United Kingdom
549128,22169,FAMILY ALBUM WHITE PICTURE FRAME,1,2011-04-06 14:25:00,8.5,16713.0,United Kingdom
549128,22174,PHOTO CUBE,3,2011-04-06 14:25:00,1.65,16713.0,United Kingdom
549128,82494L,WOODEN FRAME ANTIQUE WHITE ,2,2011-04-06 14:25:00,2.95,16713.0,United Kingdom
549128,21181,PLEASE ONE PERSON METAL SIGN,2,2011-04-06 14:25:00,2.1,16713.0,United Kingdom
549128,22672,FRENCH BATHROOM SIGN BLUE METAL,1,2011-04-06 14:25:00,1.65,16713.0,United Kingdom
549128,82486,WOOD S/3 CABINET ANT WHITE FINISH,1,2011-04-06 14:25:00,8.95,16713.0,United Kingdom
549128,82482,WOODEN PICTURE FRAME WHITE FINISH,2,2011-04-06 14:25:00,2.55,16713.0,United Kingdom
549128,22993,SET OF 4 PANTRY JELLY MOULDS,2,2011-04-06 14:25:00,1.25,16713.0,United Kingdom
549128,22728,ALARM CLOCK BAKELIKE PINK,1,2011-04-06 14:25:00,3.75,16713.0,United Kingdom
549128,22729,ALARM CLOCK BAKELIKE ORANGE,1,2011-04-06 14:25:00,3.75,16713.0,United Kingdom
549128,22730,ALARM CLOCK BAKELIKE IVORY,1,2011-04-06 14:25:00,3.75,16713.0,United Kingdom
549128,22727,ALARM CLOCK BAKELIKE RED ,2,2011-04-06 14:25:00,3.75,16713.0,United Kingdom
549128,22726,ALARM CLOCK BAKELIKE GREEN,2,2011-04-06 14:25:00,3.75,16713.0,United Kingdom
549128,22829,SWEETHEART WIRE WALL TIDY,1,2011-04-06 14:25:00,9.95,16713.0,United Kingdom
549129,22148,EASTER CRAFT 4 CHICKS ,4,2011-04-06 14:53:00,1.95,17042.0,United Kingdom
549129,22148,EASTER CRAFT 4 CHICKS ,4,2011-04-06 14:53:00,1.95,17042.0,United Kingdom
549129,21034,REX CASH+CARRY JUMBO SHOPPER,3,2011-04-06 14:53:00,0.95,17042.0,United Kingdom
549129,20684,STRAWBERRY DREAM CHILDS UMBRELLA,2,2011-04-06 14:53:00,3.25,17042.0,United Kingdom
549129,22136,LOVE HEART SOCK HANGER,2,2011-04-06 14:53:00,1.65,17042.0,United Kingdom
549129,22521,CHILDS GARDEN TROWEL PINK,1,2011-04-06 14:53:00,0.85,17042.0,United Kingdom
549129,22523,CHILDS GARDEN FORK PINK,1,2011-04-06 14:53:00,0.85,17042.0,United Kingdom
549129,22435,SET OF 9 HEART SHAPED BALLOONS,1,2011-04-06 14:53:00,1.25,17042.0,United Kingdom
549129,22132,RED LOVE HEART SHAPE CUP,1,2011-04-06 14:53:00,0.85,17042.0,United Kingdom
549129,22133,PINK LOVE HEART SHAPE CUP,1,2011-04-06 14:53:00,0.85,17042.0,United Kingdom
549129,22151,PLACE SETTING WHITE HEART,20,2011-04-06 14:53:00,0.42,17042.0,United Kingdom
549129,22432,WATERING CAN PINK BUNNY,3,2011-04-06 14:53:00,1.95,17042.0,United Kingdom
549129,22433,WATERING CAN GREEN DINOSAUR,3,2011-04-06 14:53:00,1.95,17042.0,United Kingdom
549129,22431,WATERING CAN BLUE ELEPHANT,3,2011-04-06 14:53:00,1.95,17042.0,United Kingdom
549129,47566,PARTY BUNTING,8,2011-04-06 14:53:00,4.95,17042.0,United Kingdom
549129,22650,CERAMIC PIRATE CHEST MONEY BANK,4,2011-04-06 14:53:00,1.45,17042.0,United Kingdom
549129,22752,SET 7 BABUSHKA NESTING BOXES,1,2011-04-06 14:53:00,8.5,17042.0,United Kingdom
549129,21544,SKULLS  WATER TRANSFER TATTOOS ,12,2011-04-06 14:53:00,0.85,17042.0,United Kingdom
549129,21675,BUTTERFLIES STICKERS,6,2011-04-06 14:53:00,0.85,17042.0,United Kingdom
549129,21679,SKULLS  STICKERS,6,2011-04-06 14:53:00,0.85,17042.0,United Kingdom
549129,22562,MONSTERS STENCIL CRAFT,6,2011-04-06 14:53:00,1.25,17042.0,United Kingdom
549129,22563,HAPPY STENCIL CRAFT,6,2011-04-06 14:53:00,1.25,17042.0,United Kingdom
549129,22418,10 COLOUR SPACEBOY PEN,12,2011-04-06 14:53:00,0.85,17042.0,United Kingdom
549129,21918,SET 12 KIDS COLOUR  CHALK STICKS,6,2011-04-06 14:53:00,0.42,17042.0,United Kingdom
549129,20973,12 PENCIL SMALL TUBE WOODLAND,6,2011-04-06 14:53:00,0.65,17042.0,United Kingdom
549129,20975,12 PENCILS SMALL TUBE RED RETROSPOT,6,2011-04-06 14:53:00,0.65,17042.0,United Kingdom
549129,20974,12 PENCILS SMALL TUBE SKULL,6,2011-04-06 14:53:00,0.65,17042.0,United Kingdom
549129,22587,FELTCRAFT HAIRBAND RED AND BLUE,12,2011-04-06 14:53:00,0.85,17042.0,United Kingdom
549129,21967,PACK OF 12 SKULL TISSUES,12,2011-04-06 14:53:00,0.29,17042.0,United Kingdom
549129,21985,PACK OF 12 HEARTS DESIGN TISSUES ,12,2011-04-06 14:53:00,0.29,17042.0,United Kingdom
549129,21981,PACK OF 12 WOODLAND TISSUES ,12,2011-04-06 14:53:00,0.29,17042.0,United Kingdom
549129,84596F,SMALL MARSHMALLOWS PINK BOWL,8,2011-04-06 14:53:00,0.42,17042.0,United Kingdom
549129,23052,RECYCLED ACAPULCO MAT TURQUOISE,1,2011-04-06 14:53:00,8.25,17042.0,United Kingdom
549129,23049,RECYCLED ACAPULCO MAT RED,1,2011-04-06 14:53:00,8.25,17042.0,United Kingdom
549129,21932,SCANDINAVIAN PAISLEY PICNIC BAG,1,2011-04-06 14:53:00,2.95,17042.0,United Kingdom
549129,22411,JUMBO SHOPPER VINTAGE RED PAISLEY,1,2011-04-06 14:53:00,2.08,17042.0,United Kingdom
549129,21829,DINOSAUR KEYRINGS ASSORTED,36,2011-04-06 14:53:00,0.21,17042.0,United Kingdom
549129,21830,ASSORTED CREEPY CRAWLIES,24,2011-04-06 14:53:00,0.42,17042.0,United Kingdom
549129,21731,RED TOADSTOOL LED NIGHT LIGHT,6,2011-04-06 14:53:00,1.65,17042.0,United Kingdom
549129,21563,RED HEART SHAPE LOVE BUCKET ,1,2011-04-06 14:53:00,2.95,17042.0,United Kingdom
549129,22439,6 ROCKET BALLOONS ,10,2011-04-06 14:53:00,0.65,17042.0,United Kingdom
549129,22440,BALLOON WATER BOMB PACK OF 35,10,2011-04-06 14:53:00,0.42,17042.0,United Kingdom
549129,84077,WORLD WAR 2 GLIDERS ASSTD DESIGNS,48,2011-04-06 14:53:00,0.29,17042.0,United Kingdom
549130,22289,HANGING METAL CHICKEN DECORATION,6,2011-04-06 15:02:00,1.25,14701.0,United Kingdom
549130,22292,HANGING CHICK  YELLOW DECORATION,1,2011-04-06 15:02:00,1.45,14701.0,United Kingdom
549130,22291,HANGING CHICK CREAM DECORATION,1,2011-04-06 15:02:00,1.45,14701.0,United Kingdom
549130,22293,HANGING CHICK GREEN DECORATION,1,2011-04-06 15:02:00,1.45,14701.0,United Kingdom
549130,22289,HANGING METAL CHICKEN DECORATION,2,2011-04-06 15:02:00,1.25,14701.0,United Kingdom
549130,85186A,EASTER BUNNY GARLAND OF FLOWERS,5,2011-04-06 15:02:00,0.42,14701.0,United Kingdom
549130,85194S,HANGING SPRING FLOWER EGG SMALL,4,2011-04-06 15:02:00,0.65,14701.0,United Kingdom
549130,22265,EASTER DECORATION NATURAL CHICK,8,2011-04-06 15:02:00,0.65,14701.0,United Kingdom
549130,21389,IVORY HANGING DECORATION  BIRD,7,2011-04-06 15:02:00,0.85,14701.0,United Kingdom
549130,22084,PAPER CHAIN KIT EMPIRE,5,2011-04-06 15:02:00,2.95,14701.0,United Kingdom
549130,22840,ROUND CAKE TIN VINTAGE RED,1,2011-04-06 15:02:00,7.95,14701.0,United Kingdom
549130,21867,PINK UNION JACK  LUGGAGE TAG,2,2011-04-06 15:02:00,1.25,14701.0,United Kingdom
549130,21865,PINK UNION JACK  PASSPORT COVER ,4,2011-04-06 15:02:00,2.1,14701.0,United Kingdom
549130,21864,UNION JACK FLAG PASSPORT COVER ,3,2011-04-06 15:02:00,2.1,14701.0,United Kingdom
549130,21467,CHERRY CROCHET FOOD COVER,1,2011-04-06 15:02:00,3.75,14701.0,United Kingdom
549130,22967,SET 3 SONG BIRD PAPER EGGS ASSORTED,3,2011-04-06 15:02:00,2.95,14701.0,United Kingdom
549130,22957,SET 3 PAPER VINTAGE CHICK PAPER EGG,3,2011-04-06 15:02:00,2.95,14701.0,United Kingdom
549130,22499,WOODEN UNION JACK BUNTING,5,2011-04-06 15:02:00,5.95,14701.0,United Kingdom
549130,21866,UNION JACK FLAG LUGGAGE TAG,4,2011-04-06 15:02:00,1.25,14701.0,United Kingdom
549130,22115,METAL SIGN EMPIRE TEA,3,2011-04-06 15:02:00,2.95,14701.0,United Kingdom
549130,21624,VINTAGE UNION JACK DOORSTOP,1,2011-04-06 15:02:00,5.95,14701.0,United Kingdom
549130,21864,UNION JACK FLAG PASSPORT COVER ,1,2011-04-06 15:02:00,2.1,14701.0,United Kingdom
549130,21867,PINK UNION JACK  LUGGAGE TAG,1,2011-04-06 15:02:00,1.25,14701.0,United Kingdom
549130,21867,PINK UNION JACK  LUGGAGE TAG,1,2011-04-06 15:02:00,1.25,14701.0,United Kingdom
549130,84988,SET OF 72 PINK HEART PAPER DOILIES,2,2011-04-06 15:02:00,1.45,14701.0,United Kingdom
549130,22505,MEMO BOARD COTTAGE DESIGN,1,2011-04-06 15:02:00,4.95,14701.0,United Kingdom
549130,22611,VINTAGE UNION JACK SHOPPING BAG,4,2011-04-06 15:02:00,4.95,14701.0,United Kingdom
549130,22488,NATURAL SLATE RECTANGLE CHALKBOARD,3,2011-04-06 15:02:00,1.65,14701.0,United Kingdom
549130,22457,NATURAL SLATE HEART CHALKBOARD ,3,2011-04-06 15:02:00,2.95,14701.0,United Kingdom
549130,22132,RED LOVE HEART SHAPE CUP,10,2011-04-06 15:02:00,0.85,14701.0,United Kingdom
549130,21246,RED RETROSPOT BIG BOWL,2,2011-04-06 15:02:00,4.95,14701.0,United Kingdom
549130,20676,RED RETROSPOT BOWL,6,2011-04-06 15:02:00,1.25,14701.0,United Kingdom
549130,21843,RED RETROSPOT CAKE STAND,1,2011-04-06 15:02:00,10.95,14701.0,United Kingdom
549130,22197,SMALL POPCORN HOLDER,8,2011-04-06 15:02:00,0.85,14701.0,United Kingdom
549130,22358,KINGS CHOICE TEA CADDY ,4,2011-04-06 15:02:00,2.95,14701.0,United Kingdom
549130,22357,KINGS CHOICE BISCUIT TIN,4,2011-04-06 15:02:00,4.25,14701.0,United Kingdom
549130,48138,DOORMAT UNION FLAG,1,2011-04-06 15:02:00,7.95,14701.0,United Kingdom
549130,22286,DECORATION WOBBLY RABBIT METAL ,3,2011-04-06 15:02:00,1.65,14701.0,United Kingdom
549130,22266,EASTER DECORATION HANGING BUNNY,4,2011-04-06 15:02:00,0.65,14701.0,United Kingdom
549131,22128,PARTY CONES CANDY ASSORTED,12,2011-04-06 15:07:00,1.25,16378.0,United Kingdom
549131,21383,PACK OF 12 STICKY BUNNIES,12,2011-04-06 15:07:00,0.65,16378.0,United Kingdom
549131,22084,PAPER CHAIN KIT EMPIRE,18,2011-04-06 15:07:00,2.95,16378.0,United Kingdom
549132,20756,,-70,2011-04-06 15:22:00,0.0,,United Kingdom
549133,20759,,-52,2011-04-06 15:22:00,0.0,,United Kingdom
549134,20758,,-54,2011-04-06 15:22:00,0.0,,United Kingdom
549135,20760,,31,2011-04-06 15:23:00,0.0,,United Kingdom
549136,21414,,-3,2011-04-06 15:23:00,0.0,,United Kingdom
549137,84459B,,-7,2011-04-06 15:24:00,0.0,,United Kingdom
549138,22988,,12,2011-04-06 15:25:00,0.0,,United Kingdom
549139,22988,,-91,2011-04-06 15:26:00,0.0,,United Kingdom
549140,35819B,,7,2011-04-06 15:26:00,0.0,,United Kingdom
549141,35819B,,70,2011-04-06 15:26:00,0.0,,United Kingdom
549142,35650,,-24,2011-04-06 15:26:00,0.0,,United Kingdom
549143,84597C,,-17,2011-04-06 15:27:00,0.0,,United Kingdom
549144,21416,,-14,2011-04-06 15:28:00,0.0,,United Kingdom
549145,21421,,26,2011-04-06 15:28:00,0.0,,United Kingdom
549146,85017A,,-10,2011-04-06 15:29:00,0.0,,United Kingdom
549147,20773,,-4,2011-04-06 15:30:00,0.0,,United Kingdom
549148,84406B,CREAM CUPID HEARTS COAT HANGER,1,2011-04-06 15:31:00,4.15,14534.0,United Kingdom
549148,22212,FOUR HOOK  WHITE LOVEBIRDS,2,2011-04-06 15:31:00,2.1,14534.0,United Kingdom
549148,22991,GIRAFFE WOODEN RULER,5,2011-04-06 15:31:00,1.95,14534.0,United Kingdom
549148,22992,REVOLVER WOODEN RULER ,4,2011-04-06 15:31:00,1.95,14534.0,United Kingdom
549148,20751,FUNKY WASHING UP GLOVES ASSORTED,2,2011-04-06 15:31:00,2.1,14534.0,United Kingdom
549148,22233,JIGSAW RABBIT AND BIRDHOUSE,2,2011-04-06 15:31:00,1.65,14534.0,United Kingdom
549148,22993,SET OF 4 PANTRY JELLY MOULDS,2,2011-04-06 15:31:00,1.25,14534.0,United Kingdom
549148,23233,WRAP POPPIES  DESIGN,25,2011-04-06 15:31:00,0.42,14534.0,United Kingdom
549148,23232,WRAP VINTAGE PETALS  DESIGN,25,2011-04-06 15:31:00,0.42,14534.0,United Kingdom
549148,21579,LOLITA  DESIGN  COTTON TOTE BAG,1,2011-04-06 15:31:00,2.25,14534.0,United Kingdom
549148,21466,RED FLOWER CROCHET FOOD COVER,1,2011-04-06 15:31:00,3.75,14534.0,United Kingdom
549148,21469,POLKA DOT RAFFIA FOOD COVER,2,2011-04-06 15:31:00,3.75,14534.0,United Kingdom
549148,84673B,BLUE FLY SWAT,1,2011-04-06 15:31:00,0.65,14534.0,United Kingdom
549148,22433,WATERING CAN GREEN DINOSAUR,1,2011-04-06 15:31:00,1.95,14534.0,United Kingdom
549148,84674,FLYING PIG WATERING CAN,1,2011-04-06 15:31:00,2.95,14534.0,United Kingdom
549148,22411,JUMBO SHOPPER VINTAGE RED PAISLEY,5,2011-04-06 15:31:00,2.08,14534.0,United Kingdom
549148,84796B,BLUE SAVANNAH PICNIC HAMPER FOR 2,1,2011-04-06 15:31:00,12.75,14534.0,United Kingdom
549148,84872A,TEATIME FUNKY FLOWER BACKPACK FOR 2,1,2011-04-06 15:31:00,16.95,14534.0,United Kingdom
549148,71459,HANGING JAM JAR T-LIGHT HOLDER,48,2011-04-06 15:31:00,0.85,14534.0,United Kingdom
549148,71053,WHITE METAL LANTERN,2,2011-04-06 15:31:00,3.75,14534.0,United Kingdom
549148,22784,LANTERN CREAM GAZEBO ,2,2011-04-06 15:31:00,4.95,14534.0,United Kingdom
549148,22822,CREAM WALL PLANTER HEART SHAPED,1,2011-04-06 15:31:00,5.95,14534.0,United Kingdom
549148,21714,CITRONELLA CANDLE GARDEN POT,6,2011-04-06 15:31:00,1.25,14534.0,United Kingdom
549149,35649,,-43,2011-04-06 15:31:00,0.0,,United Kingdom
549150,79336,,-47,2011-04-06 15:32:00,0.0,,United Kingdom
549151,21664,,20,2011-04-06 15:33:00,0.0,,United Kingdom
549153,22957,SET 3 PAPER VINTAGE CHICK PAPER EGG,6,2011-04-06 15:47:00,2.95,13771.0,United Kingdom
549153,22967,SET 3 SONG BIRD PAPER EGGS ASSORTED,6,2011-04-06 15:47:00,2.95,13771.0,United Kingdom
549153,22858,EASTER TIN KEEPSAKE,6,2011-04-06 15:47:00,1.65,13771.0,United Kingdom
549153,22859,EASTER TIN BUNNY BOUQUET,6,2011-04-06 15:47:00,1.65,13771.0,United Kingdom
549153,22860,EASTER TIN CHICKS PINK DAISY,6,2011-04-06 15:47:00,1.65,13771.0,United Kingdom
549153,22861,EASTER TIN CHICKS IN GARDEN,6,2011-04-06 15:47:00,1.65,13771.0,United Kingdom
549153,22813,PACK 3 BOXES BIRD PANNETONE ,24,2011-04-06 15:47:00,1.95,13771.0,United Kingdom
549153,22584,PACK OF 6 PANNETONE GIFT BOXES,12,2011-04-06 15:47:00,2.55,13771.0,United Kingdom
549153,48187,DOORMAT NEW ENGLAND,2,2011-04-06 15:47:00,7.95,13771.0,United Kingdom
549153,22691,DOORMAT WELCOME SUNRISE,2,2011-04-06 15:47:00,7.95,13771.0,United Kingdom
549153,22740,POLKADOT PEN,48,2011-04-06 15:47:00,0.85,13771.0,United Kingdom
549153,22741,FUNKY DIVA PEN,48,2011-04-06 15:47:00,0.85,13771.0,United Kingdom
549153,22752,SET 7 BABUSHKA NESTING BOXES,2,2011-04-06 15:47:00,8.5,13771.0,United Kingdom
549153,22755,SMALL PURPLE BABUSHKA NOTEBOOK ,12,2011-04-06 15:47:00,0.85,13771.0,United Kingdom
549153,22754,SMALL RED BABUSHKA NOTEBOOK ,12,2011-04-06 15:47:00,0.85,13771.0,United Kingdom
549153,22756,LARGE YELLOW BABUSHKA NOTEBOOK ,12,2011-04-06 15:47:00,1.25,13771.0,United Kingdom
549153,22757,LARGE RED BABUSHKA NOTEBOOK ,12,2011-04-06 15:47:00,1.25,13771.0,United Kingdom
549153,22630,DOLLY GIRL LUNCH BOX,12,2011-04-06 15:47:00,1.95,13771.0,United Kingdom
549153,22951,60 CAKE CASES DOLLY GIRL DESIGN,24,2011-04-06 15:47:00,0.55,13771.0,United Kingdom
549153,22949,36 DOILIES DOLLY GIRL,12,2011-04-06 15:47:00,1.45,13771.0,United Kingdom
549153,22662,LUNCH BAG DOLLY GIRL DESIGN,10,2011-04-06 15:47:00,1.65,13771.0,United Kingdom
549153,22661,CHARLOTTE BAG DOLLY GIRL DESIGN,10,2011-04-06 15:47:00,0.85,13771.0,United Kingdom
549153,20725,LUNCH BAG RED RETROSPOT,10,2011-04-06 15:47:00,1.65,13771.0,United Kingdom
549153,22383,LUNCH BAG SUKI  DESIGN ,10,2011-04-06 15:47:00,1.65,13771.0,United Kingdom
549153,21936,RED RETROSPOT PICNIC BAG,5,2011-04-06 15:47:00,2.95,13771.0,United Kingdom
549153,21932,SCANDINAVIAN PAISLEY PICNIC BAG,5,2011-04-06 15:47:00,2.95,13771.0,United Kingdom
549153,22663,JUMBO BAG DOLLY GIRL DESIGN,10,2011-04-06 15:47:00,1.95,13771.0,United Kingdom
549153,22084,PAPER CHAIN KIT EMPIRE,12,2011-04-06 15:47:00,2.95,13771.0,United Kingdom
549153,21878,PACK OF 6 SANDCASTLE FLAGS ASSORTED,12,2011-04-06 15:47:00,0.85,13771.0,United Kingdom
549153,22499,WOODEN UNION JACK BUNTING,6,2011-04-06 15:47:00,5.95,13771.0,United Kingdom
549153,21080,SET/20 RED RETROSPOT PAPER NAPKINS ,12,2011-04-06 15:47:00,0.85,13771.0,United Kingdom
549153,22352,LUNCH BOX WITH CUTLERY RETROSPOT ,6,2011-04-06 15:47:00,2.55,13771.0,United Kingdom
549153,21086,SET/6 RED SPOTTY PAPER CUPS,12,2011-04-06 15:47:00,0.65,13771.0,United Kingdom
549153,21094,SET/6 RED SPOTTY PAPER PLATES,12,2011-04-06 15:47:00,0.85,13771.0,United Kingdom
549153,21212,PACK OF 72 RETROSPOT CAKE CASES,24,2011-04-06 15:47:00,0.55,13771.0,United Kingdom
549153,22956,36 FOIL HEART CAKE CASES,6,2011-04-06 15:47:00,2.1,13771.0,United Kingdom
549153,22759,SET OF 3 NOTEBOOKS IN PARCEL,12,2011-04-06 15:47:00,1.65,13771.0,United Kingdom
549153,21584,RETROSPOT SMALL TUBE MATCHES,20,2011-04-06 15:47:00,1.65,13771.0,United Kingdom
549153,84992,72 SWEETHEART FAIRY CAKE CASES,24,2011-04-06 15:47:00,0.55,13771.0,United Kingdom
549153,84988,SET OF 72 PINK HEART PAPER DOILIES,12,2011-04-06 15:47:00,1.45,13771.0,United Kingdom
549153,84991,60 TEATIME FAIRY CAKE CASES,24,2011-04-06 15:47:00,0.55,13771.0,United Kingdom
549153,84987,SET OF 36 TEATIME PAPER DOILIES,12,2011-04-06 15:47:00,1.45,13771.0,United Kingdom
549153,22090,PAPER BUNTING RETROSPOT,6,2011-04-06 15:47:00,2.95,13771.0,United Kingdom
549153,47566,PARTY BUNTING,4,2011-04-06 15:47:00,4.95,13771.0,United Kingdom
549153,22804,CANDLEHOLDER PINK HANGING HEART,6,2011-04-06 15:47:00,2.95,13771.0,United Kingdom
549153,22965,3 TRADITIONAl BISCUIT CUTTERS  SET,6,2011-04-06 15:47:00,2.1,13771.0,United Kingdom
549153,84378,SET OF 3 HEART COOKIE CUTTERS,12,2011-04-06 15:47:00,1.25,13771.0,United Kingdom
549153,22993,SET OF 4 PANTRY JELLY MOULDS,12,2011-04-06 15:47:00,1.25,13771.0,United Kingdom
549153,84380,SET OF 3 BUTTERFLY COOKIE CUTTERS,12,2011-04-06 15:47:00,1.25,13771.0,United Kingdom
549154,21871,SAVE THE PLANET MUG,12,2011-04-06 16:47:00,1.25,17690.0,United Kingdom
549154,37370,RETRO COFFEE MUGS ASSORTED,12,2011-04-06 16:47:00,1.25,17690.0,United Kingdom
549154,22690,DOORMAT HOME SWEET HOME BLUE ,2,2011-04-06 16:47:00,7.95,17690.0,United Kingdom
549154,22691,DOORMAT WELCOME SUNRISE,2,2011-04-06 16:47:00,7.95,17690.0,United Kingdom
549154,48138,DOORMAT UNION FLAG,2,2011-04-06 16:47:00,7.95,17690.0,United Kingdom
549154,22840,ROUND CAKE TIN VINTAGE RED,2,2011-04-06 16:47:00,7.95,17690.0,United Kingdom
549154,22841,ROUND CAKE TIN VINTAGE GREEN,2,2011-04-06 16:47:00,7.95,17690.0,United Kingdom
549154,35241,ENAMEL BLUE RIM BISCUIT BIN,3,2011-04-06 16:47:00,4.25,17690.0,United Kingdom
549154,22626,BLACK KITCHEN SCALES,2,2011-04-06 16:47:00,8.5,17690.0,United Kingdom
549154,22993,SET OF 4 PANTRY JELLY MOULDS,12,2011-04-06 16:47:00,1.25,17690.0,United Kingdom
549154,23049,RECYCLED ACAPULCO MAT RED,2,2011-04-06 16:47:00,8.25,17690.0,United Kingdom
549154,23052,RECYCLED ACAPULCO MAT TURQUOISE,2,2011-04-06 16:47:00,8.25,17690.0,United Kingdom
549154,23053,RECYCLED ACAPULCO MAT PINK,2,2011-04-06 16:47:00,8.25,17690.0,United Kingdom
549154,23054,RECYCLED ACAPULCO MAT LAVENDER,2,2011-04-06 16:47:00,8.25,17690.0,United Kingdom
549154,22859,EASTER TIN BUNNY BOUQUET,6,2011-04-06 16:47:00,1.65,17690.0,United Kingdom
549154,21116,OWL DOORSTOP,3,2011-04-06 16:47:00,4.95,17690.0,United Kingdom
549154,21115,ROSE CARAVAN DOORSTOP,2,2011-04-06 16:47:00,6.75,17690.0,United Kingdom
549154,22084,PAPER CHAIN KIT EMPIRE,12,2011-04-06 16:47:00,2.95,17690.0,United Kingdom
549154,22083,PAPER CHAIN KIT RETROSPOT,6,2011-04-06 16:47:00,2.95,17690.0,United Kingdom
549155,21454,PAINTED PINK RABBIT ,6,2011-04-06 17:08:00,0.83,,United Kingdom
549155,21455,PAINTED YELLOW WOODEN DAISY,2,2011-04-06 17:08:00,0.83,,United Kingdom
549155,21461,BLUE EASTER EGG HUNT START POST,1,2011-04-06 17:08:00,4.13,,United Kingdom
549155,21533,RETROSPOT LARGE MILK JUG,1,2011-04-06 17:08:00,9.96,,United Kingdom
549155,21558,SKULL LUNCH BOX WITH CUTLERY ,1,2011-04-06 17:08:00,4.96,,United Kingdom
549155,21559,STRAWBERRY LUNCH BOX WITH CUTLERY,1,2011-04-06 17:08:00,4.96,,United Kingdom
549155,21621,VINTAGE UNION JACK BUNTING,1,2011-04-06 17:08:00,16.63,,United Kingdom
549155,21731,RED TOADSTOOL LED NIGHT LIGHT,1,2011-04-06 17:08:00,3.29,,United Kingdom
549155,21754,HOME BUILDING BLOCK WORD,1,2011-04-06 17:08:00,11.63,,United Kingdom
549155,21755,LOVE BUILDING BLOCK WORD,1,2011-04-06 17:08:00,11.63,,United Kingdom
549155,21866,UNION JACK FLAG LUGGAGE TAG,4,2011-04-06 17:08:00,2.46,,United Kingdom
549155,21877,HOME SWEET HOME MUG,1,2011-04-06 17:08:00,3.29,,United Kingdom
549155,21906,PHARMACIE FIRST AID TIN,1,2011-04-06 17:08:00,13.29,,United Kingdom
549155,21936,RED RETROSPOT PICNIC BAG,2,2011-04-06 17:08:00,5.79,,United Kingdom
549155,21990,MODERN FLORAL STATIONERY SET,1,2011-04-06 17:08:00,2.46,,United Kingdom
549155,21991,BOHEMIAN COLLAGE STATIONERY SET,1,2011-04-06 17:08:00,2.46,,United Kingdom
549155,21992,VINTAGE PAISLEY STATIONERY SET,1,2011-04-06 17:08:00,2.46,,United Kingdom
549155,22072,RED RETROSPOT TEA CUP AND SAUCER ,1,2011-04-06 17:08:00,7.46,,United Kingdom
549155,22087,PAPER BUNTING WHITE LACE,3,2011-04-06 17:08:00,5.79,,United Kingdom
549155,22088,PAPER BUNTING COLOURED LACE,6,2011-04-06 17:08:00,5.79,,United Kingdom
549155,22134,MINI LADLE LOVE HEART RED ,1,2011-04-06 17:08:00,0.83,,United Kingdom
549155,22156,HEART DECORATION WITH PEARLS ,3,2011-04-06 17:08:00,1.63,,United Kingdom
549155,22161,HEART DECORATION RUSTIC HANGING ,4,2011-04-06 17:08:00,0.79,,United Kingdom
549155,22178,VICTORIAN GLASS HANGING T-LIGHT,1,2011-04-06 17:08:00,2.46,,United Kingdom
549155,22203,MILK PAN RED RETROSPOT,1,2011-04-06 17:08:00,7.46,,United Kingdom
549155,22219,LOVEBIRD HANGING DECORATION WHITE ,12,2011-04-06 17:08:00,1.63,,United Kingdom
549155,22229,BUNNY WOODEN PAINTED WITH FLOWER ,2,2011-04-06 17:08:00,1.63,,United Kingdom
549155,22241,GARLAND WOODEN HAPPY EASTER,4,2011-04-06 17:08:00,2.46,,United Kingdom
549155,22245,"HOOK, 1 HANGER ,MAGIC GARDEN",1,2011-04-06 17:08:00,1.63,,United Kingdom
549155,22246,MAGIC GARDEN FELT GARLAND ,1,2011-04-06 17:08:00,4.13,,United Kingdom
549155,22247,BUNNY DECORATION MAGIC GARDEN,3,2011-04-06 17:08:00,1.63,,United Kingdom
549155,22248,DECORATION  PINK CHICK MAGIC GARDEN,1,2011-04-06 17:08:00,1.63,,United Kingdom
549155,22249,DECORATION WHITE CHICK MAGIC GARDEN,4,2011-04-06 17:08:00,1.63,,United Kingdom
549155,22251,BIRDHOUSE DECORATION MAGIC GARDEN,2,2011-04-06 17:08:00,2.46,,United Kingdom
549155,22254,FELT TOADSTOOL LARGE,2,2011-04-06 17:08:00,2.46,,United Kingdom
549155,22255,FELT TOADSTOOL  SMALL,1,2011-04-06 17:08:00,1.63,,United Kingdom
549155,22256,FELT FARM ANIMAL CHICKEN,1,2011-04-06 17:08:00,2.46,,United Kingdom
549155,22258,FELT FARM ANIMAL RABBIT,2,2011-04-06 17:08:00,2.46,,United Kingdom
549155,22264,FELT FARM ANIMAL WHITE BUNNY ,2,2011-04-06 17:08:00,1.63,,United Kingdom
549155,22267,EASTER DECORATION EGG BUNNY ,1,2011-04-06 17:08:00,2.46,,United Kingdom
549155,22268,EASTER DECORATION SITTING BUNNY,2,2011-04-06 17:08:00,1.63,,United Kingdom
549155,22281,EASTER TREE YELLOW BIRDS,1,2011-04-06 17:08:00,12.46,,United Kingdom
549155,22284,HEN HOUSE DECORATION,2,2011-04-06 17:08:00,3.29,,United Kingdom
549155,22286,DECORATION WOBBLY RABBIT METAL ,1,2011-04-06 17:08:00,3.29,,United Kingdom
549155,22291,HANGING CHICK CREAM DECORATION,1,2011-04-06 17:08:00,2.92,,United Kingdom
549155,22292,HANGING CHICK  YELLOW DECORATION,1,2011-04-06 17:08:00,2.92,,United Kingdom
549155,22293,HANGING CHICK GREEN DECORATION,1,2011-04-06 17:08:00,2.92,,United Kingdom
549155,22321,BIRD DECORATION RED RETROSPOT,1,2011-04-06 17:08:00,1.63,,United Kingdom
549155,22326,ROUND SNACK BOXES SET OF4 WOODLAND ,2,2011-04-06 17:08:00,5.79,,United Kingdom
549155,22327,ROUND SNACK BOXES SET OF 4 SKULLS,1,2011-04-06 17:08:00,5.79,,United Kingdom
549155,22329,ROUND CONTAINER SET OF 5 RETROSPOT,1,2011-04-06 17:08:00,3.29,,United Kingdom
549155,22341,LOVE GARLAND PAINTED ZINC ,1,2011-04-06 17:08:00,3.29,,United Kingdom
549155,22348,TEA BAG PLATE RED RETROSPOT,1,2011-04-06 17:08:00,1.63,,United Kingdom
549155,22349,DOG BOWL CHASING BALL DESIGN,1,2011-04-06 17:08:00,7.46,,United Kingdom
549155,22378,WALL TIDY RETROSPOT ,1,2011-04-06 17:08:00,4.13,,United Kingdom
549155,22386,JUMBO BAG PINK POLKADOT,1,2011-04-06 17:08:00,4.13,,United Kingdom
549155,22417,PACK OF 60 SPACEBOY CAKE CASES,1,2011-04-06 17:08:00,1.25,,United Kingdom
549155,22431,WATERING CAN BLUE ELEPHANT,1,2011-04-06 17:08:00,4.13,,United Kingdom
549155,22457,NATURAL SLATE HEART CHALKBOARD ,2,2011-04-06 17:08:00,5.79,,United Kingdom
549155,22546,MINI JIGSAW PURDEY,1,2011-04-06 17:08:00,0.83,,United Kingdom
549155,22547,MINI JIGSAW DINOSAUR ,1,2011-04-06 17:08:00,0.83,,United Kingdom
549155,22558,CLOTHES PEGS RETROSPOT PACK 24 ,1,2011-04-06 17:08:00,3.29,,United Kingdom
549155,22566,FELTCRAFT HAIRBAND PINK AND PURPLE,1,2011-04-06 17:08:00,1.63,,United Kingdom
549155,22587,FELTCRAFT HAIRBAND RED AND BLUE,1,2011-04-06 17:08:00,1.63,,United Kingdom
549155,22616,PACK OF 12 LONDON TISSUES ,2,2011-04-06 17:08:00,0.83,,United Kingdom
549155,22626,BLACK KITCHEN SCALES,1,2011-04-06 17:08:00,16.63,,United Kingdom
549155,22637,PIGGY BANK RETROSPOT ,1,2011-04-06 17:08:00,4.96,,United Kingdom
549155,22654,DELUXE SEWING KIT ,1,2011-04-06 17:08:00,11.63,,United Kingdom
549155,22666,RECIPE BOX PANTRY YELLOW DESIGN,2,2011-04-06 17:08:00,5.79,,United Kingdom
549155,22674,FRENCH TOILET SIGN BLUE METAL,1,2011-04-06 17:08:00,2.46,,United Kingdom
549155,22713,CARD I LOVE LONDON ,1,2011-04-06 17:08:00,0.83,,United Kingdom
549155,22722,SET OF 6 SPICE TINS PANTRY DESIGN,3,2011-04-06 17:08:00,8.29,,United Kingdom
549155,22749,FELTCRAFT PRINCESS CHARLOTTE DOLL,1,2011-04-06 17:08:00,7.46,,United Kingdom
549155,22771,CLEAR DRAWER KNOB ACRYLIC EDWARDIAN,24,2011-04-06 17:08:00,2.46,,United Kingdom
549155,22784,LANTERN CREAM GAZEBO ,1,2011-04-06 17:08:00,10.79,,United Kingdom
549155,22839,3 TIER CAKE TIN GREEN AND CREAM,1,2011-04-06 17:08:00,29.13,,United Kingdom
549155,22843,BISCUIT TIN VINTAGE GREEN,1,2011-04-06 17:08:00,13.29,,United Kingdom
549155,22851,SET 20 NAPKINS FAIRY CAKES DESIGN ,1,2011-04-06 17:08:00,1.63,,United Kingdom
549155,22859,EASTER TIN BUNNY BOUQUET,1,2011-04-06 17:08:00,3.29,,United Kingdom
549155,22905,CALENDAR IN SEASON DESIGN,1,2011-04-06 17:08:00,5.79,,United Kingdom
549155,22933,BAKING MOULD EASTER EGG MILK CHOC,2,2011-04-06 17:08:00,5.79,,United Kingdom
549155,22955,36 FOIL STAR CAKE CASES ,1,2011-04-06 17:08:00,4.13,,United Kingdom
549155,22960,JAM MAKING SET WITH JARS,1,2011-04-06 17:08:00,8.29,,United Kingdom
549155,22962,JAM JAR WITH PINK LID,1,2011-04-06 17:08:00,1.63,,United Kingdom
549155,22963,JAM JAR WITH GREEN LID,1,2011-04-06 17:08:00,1.63,,United Kingdom
549155,22973,CHILDREN'S CIRCUS PARADE MUG,1,2011-04-06 17:08:00,3.29,,United Kingdom
549155,22976,CIRCUS PARADE CHILDRENS EGG CUP ,1,2011-04-06 17:08:00,2.46,,United Kingdom
549155,22978,PANTRY ROLLING PIN,1,2011-04-06 17:08:00,7.46,,United Kingdom
549155,22982,PANTRY PASTRY BRUSH,1,2011-04-06 17:08:00,2.46,,United Kingdom
549155,22993,SET OF 4 PANTRY JELLY MOULDS,1,2011-04-06 17:08:00,2.46,,United Kingdom
549155,22994,TRAVEL CARD WALLET RETROSPOT,1,2011-04-06 17:08:00,0.83,,United Kingdom
549155,22997,TRAVEL CARD WALLET UNION JACK,1,2011-04-06 17:08:00,0.83,,United Kingdom
549155,22998,TRAVEL CARD WALLET KEEP CALM,2,2011-04-06 17:08:00,0.83,,United Kingdom
549155,23155,KNICKERBOCKERGLORY MAGNET ASSORTED ,1,2011-04-06 17:08:00,8.29,,United Kingdom
549155,23159,SET OF 5 PANCAKE DAY MAGNETS,1,2011-04-06 17:08:00,4.13,,United Kingdom
549155,23182,TOILET SIGN OCCUPIED OR VACANT,1,2011-04-06 17:08:00,2.46,,United Kingdom
549155,35911A,MULTICOLOUR RABBIT EGG WARMER,6,2011-04-06 17:08:00,0.83,,United Kingdom
549155,35914,PINK CHICK EGG WARMER + EGG CUP,2,2011-04-06 17:08:00,0.83,,United Kingdom
549155,35915C,PEACH KNITTED HEN ,1,2011-04-06 17:08:00,0.83,,United Kingdom
549155,35920,FOUR RABBIT EASTER DECORATIONS,2,2011-04-06 17:08:00,4.96,,United Kingdom
549155,35921,EASTER BUNNY HANGING GARLAND,1,2011-04-06 17:08:00,4.96,,United Kingdom
549155,37475,SET/4 COLOURFUL MIXING BOWLS,1,2011-04-06 17:08:00,8.29,,United Kingdom
549155,37495,FAIRY CAKE BIRTHDAY CANDLE SET,1,2011-04-06 17:08:00,7.46,,United Kingdom
549155,37500,TEA TIME TEAPOT IN GIFT BOX,1,2011-04-06 17:08:00,8.29,,United Kingdom
549155,47566,PARTY BUNTING,1,2011-04-06 17:08:00,10.79,,United Kingdom
549155,47574A,ENGLISH ROSE SCENTED HANGING FLOWER,9,2011-04-06 17:08:00,2.46,,United Kingdom
549155,47593B,SCOTTIE DOGS BABY BIB,1,2011-04-06 17:08:00,0.83,,United Kingdom
549155,82095,HEART BUTTONS JEWELLERY BOX,1,2011-04-06 17:08:00,4.96,,United Kingdom
549155,82567,"AIRLINE LOUNGE,METAL SIGN",2,2011-04-06 17:08:00,1.63,,United Kingdom
549155,82580,BATHROOM METAL SIGN,1,2011-04-06 17:08:00,1.25,,United Kingdom
549155,82581,TOILET METAL SIGN,1,2011-04-06 17:08:00,1.25,,United Kingdom
549155,82583,HOT BATHS METAL SIGN,1,2011-04-06 17:08:00,4.13,,United Kingdom
549155,84378,SET OF 3 HEART COOKIE CUTTERS,1,2011-04-06 17:08:00,2.46,,United Kingdom
549155,84380,SET OF 3 BUTTERFLY COOKIE CUTTERS,1,2011-04-06 17:08:00,2.46,,United Kingdom
549155,84457,SET/3 RABBITS FLOWER SKIPPPING ROPE,1,2011-04-06 17:08:00,1.63,,United Kingdom
549155,84459A,PINK METAL CHICKEN HEART ,1,2011-04-06 17:08:00,3.29,,United Kingdom
549155,84568,GIRLS ALPHABET IRON ON PATCHES ,9,2011-04-06 17:08:00,0.42,,United Kingdom
549155,84637,KITCHEN FLOWER POTS WALL PLAQUE,1,2011-04-06 17:08:00,4.96,,United Kingdom
549155,84638,SMALL KITCHEN FLOWER POTS PLAQUE,1,2011-04-06 17:08:00,5.83,,United Kingdom
549155,84796B,BLUE SAVANNAH PICNIC HAMPER FOR 2,1,2011-04-06 17:08:00,8.29,,United Kingdom
549155,84828,JUNGLE POPSICLES ICE LOLLY MOULDS,3,2011-04-06 17:08:00,2.46,,United Kingdom
549155,84872A,TEATIME FUNKY FLOWER BACKPACK FOR 2,1,2011-04-06 17:08:00,10.79,,United Kingdom
549155,84912B,GREEN ROSE WASHBAG,1,2011-04-06 17:08:00,3.29,,United Kingdom
549155,84946,ANTIQUE SILVER T-LIGHT GLASS,1,2011-04-06 17:08:00,2.46,,United Kingdom
549155,84951B,SET OF 4 BLACK LOVEBIRD COASTERS,2,2011-04-06 17:08:00,2.46,,United Kingdom
549155,84969,BOX OF 6 ASSORTED COLOUR TEASPOONS,1,2011-04-06 17:08:00,3.29,,United Kingdom
549155,84978,HANGING HEART JAR T-LIGHT HOLDER,36,2011-04-06 17:08:00,2.46,,United Kingdom
549155,84991,60 TEATIME FAIRY CAKE CASES,1,2011-04-06 17:08:00,1.25,,United Kingdom
549155,84997A,CHILDRENS CUTLERY POLKADOT GREEN ,1,2011-04-06 17:08:00,8.29,,United Kingdom
549155,84997D,CHILDRENS CUTLERY POLKADOT PINK,1,2011-04-06 17:08:00,8.33,,United Kingdom
549155,85015,SET OF 12  VINTAGE POSTCARD SET,1,2011-04-06 17:08:00,2.46,,United Kingdom
549155,85035A,GARDENIA 3 WICK MORRIS BOXED CANDLE,1,2011-04-06 17:08:00,8.29,,United Kingdom
549155,85087,CANDY SPOT CUSHION COVER,1,2011-04-06 17:08:00,8.29,,United Kingdom
549155,85093,CANDY SPOT EGG WARMER HARE,1,2011-04-06 17:08:00,0.83,,United Kingdom
549155,85099B,JUMBO BAG RED RETROSPOT,16,2011-04-06 17:08:00,2.46,,United Kingdom
549155,85123A,WHITE HANGING HEART T-LIGHT HOLDER,1,2011-04-06 17:08:00,5.79,,United Kingdom
549155,85132A,CHARLIE + LOLA BISCUITS TINS,2,2011-04-06 17:08:00,5.79,,United Kingdom
549155,85132B,CHARLIE AND LOLA TABLE TINS,1,2011-04-06 17:08:00,5.79,,United Kingdom
549155,85186C,BUNNY EGG GARLAND,1,2011-04-06 17:08:00,0.83,,United Kingdom
549155,85194L,HANGING SPRING FLOWER EGG LARGE,2,2011-04-06 17:08:00,1.63,,United Kingdom
549155,85194S,HANGING SPRING FLOWER EGG SMALL,3,2011-04-06 17:08:00,1.63,,United Kingdom
549155,85198,ASSORTED FARMYARD ANIMALS IN BUCKET,1,2011-04-06 17:08:00,1.63,,United Kingdom
549155,85199S,SMALL HANGING IVORY/RED WOOD BIRD,1,2011-04-06 17:08:00,0.83,,United Kingdom
549155,85203,HANGING WOOD AND FELT BUTTERFLY ,2,2011-04-06 17:08:00,0.79,,United Kingdom
549155,85204,HANGING WOOD AND FELT FLOWER,2,2011-04-06 17:08:00,0.42,,United Kingdom
549155,85212,MINI PAINTED GARDEN DECORATION ,1,2011-04-06 17:08:00,1.63,,United Kingdom
549155,90022,EDWARDIAN DROP EARRINGS JET BLACK,1,2011-04-06 17:08:00,3.73,,United Kingdom
549155,90104,PURPLE FRANGIPANI HAIRCLIP,1,2011-04-06 17:08:00,0.82,,United Kingdom
549155,90114,SUMMER DAISIES BAG CHARM,1,2011-04-06 17:08:00,2.46,,United Kingdom
549155,90161B,ANT COPPER TURQ BOUDICCA BRACELET,1,2011-04-06 17:08:00,4.98,,United Kingdom
549155,90177A,CLASSIC DIAMANTE EARRINGS JET,1,2011-04-06 17:08:00,2.9,,United Kingdom
549155,90183B,AMETHYST DROP EARRINGS W LONG BEADS,1,2011-04-06 17:08:00,2.9,,United Kingdom
549155,90200E,GREEN SWEETHEART BRACELET,2,2011-04-06 17:08:00,4.15,,United Kingdom
549155,DOT,DOTCOM POSTAGE,1,2011-04-06 17:08:00,187.21,,United Kingdom
549155,16207A,PINK STRAWBERRY HANDBAG ,2,2011-04-06 17:08:00,3.29,,United Kingdom
549155,16238,PARTY TIME PENCIL ERASERS,6,2011-04-06 17:08:00,0.42,,United Kingdom
549155,17084N,FAIRY DREAMS INCENSE ,2,2011-04-06 17:08:00,0.42,,United Kingdom
549155,20619,TROPICAL PASSPORT COVER ,1,2011-04-06 17:08:00,1.63,,United Kingdom
549155,20707,CRAZY DAISY HEART DECORATION,10,2011-04-06 17:08:00,0.83,,United Kingdom
549155,20735,BLACK MINI TAPE MEASURE ,1,2011-04-06 17:08:00,0.83,,United Kingdom
549155,20770,ABSTRACT CIRCLE JOURNAL ,1,2011-04-06 17:08:00,2.46,,United Kingdom
549155,20998,ROSE DU SUD OVEN GLOVE,2,2011-04-06 17:08:00,1.63,,United Kingdom
549155,21033,JUMBO BAG CHARLIE AND LOLA TOYS,1,2011-04-06 17:08:00,4.13,,United Kingdom
549155,21041,RED RETROSPOT OVEN GLOVE DOUBLE,1,2011-04-06 17:08:00,5.79,,United Kingdom
549155,21166,COOK WITH WINE METAL SIGN ,1,2011-04-06 17:08:00,4.13,,United Kingdom
549155,21169,YOU'RE CONFUSING ME METAL SIGN ,1,2011-04-06 17:08:00,4.13,,United Kingdom
549155,21197,MULTICOLOUR  CONFETTI IN TUBE,2,2011-04-06 17:08:00,3.29,,United Kingdom
549155,21198,WHITE HEART CONFETTI IN TUBE,2,2011-04-06 17:08:00,3.29,,United Kingdom
549155,21199,PINK  HEART CONFETTI IN TUBE,2,2011-04-06 17:08:00,3.29,,United Kingdom
549155,21207,SKULL AND CROSSBONES  GARLAND ,1,2011-04-06 17:08:00,1.63,,United Kingdom
549155,21212,PACK OF 72 RETROSPOT CAKE CASES,1,2011-04-06 17:08:00,1.25,,United Kingdom
549155,21213,PACK OF 72 SKULL CAKE CASES,2,2011-04-06 17:08:00,1.25,,United Kingdom
549155,21216,"SET 3 RETROSPOT TEA,COFFEE,SUGAR",1,2011-04-06 17:08:00,10.79,,United Kingdom
549155,21231,SWEETHEART CERAMIC TRINKET BOX,1,2011-04-06 17:08:00,2.46,,United Kingdom
549155,21246,RED RETROSPOT BIG BOWL,1,2011-04-06 17:08:00,4.13,,United Kingdom
549155,21326,AGED GLASS SILVER T-LIGHT HOLDER,1,2011-04-06 17:08:00,1.63,,United Kingdom
549155,21383,PACK OF 12 STICKY BUNNIES,1,2011-04-06 17:08:00,1.63,,United Kingdom
549155,21394,RED POLKADOT BEAKER ,1,2011-04-06 17:08:00,1.63,,United Kingdom
549155,21400,RED PUDDING SPOON,6,2011-04-06 17:08:00,0.42,,United Kingdom
549155,21402,RED  EGG  SPOON,2,2011-04-06 17:08:00,0.42,,United Kingdom
549155,21403,BLUE EGG  SPOON,2,2011-04-06 17:08:00,0.42,,United Kingdom
549155,21442,GREEN BIRDHOUSE DECORATION,2,2011-04-06 17:08:00,1.63,,United Kingdom
549155,21447,12 IVORY ROSE PEG PLACE SETTINGS,8,2011-04-06 17:08:00,2.46,,United Kingdom
549156,17013D,,-9,2011-04-06 17:11:00,0.0,,United Kingdom
549157,21511,,-9,2011-04-06 17:13:00,0.0,,United Kingdom
549158,21910,,-1,2011-04-06 17:13:00,0.0,,United Kingdom
549159,22052,,-25,2011-04-06 17:14:00,0.0,,United Kingdom
549160,81953P,,-7,2011-04-06 17:15:00,0.0,,United Kingdom
549161,21518,,-31,2011-04-06 17:15:00,0.0,,United Kingdom
C549162,22960,JAM MAKING SET WITH JARS,-1,2011-04-06 17:16:00,4.25,17438.0,United Kingdom
C549162,21844,RED RETROSPOT MUG,-2,2011-04-06 17:16:00,2.95,17438.0,United Kingdom
549163,84247L,,8,2011-04-06 17:18:00,0.0,,United Kingdom
549164,16169P,,-75,2011-04-06 17:20:00,0.0,,United Kingdom
549165,35815P,,-63,2011-04-06 17:20:00,0.0,,United Kingdom
549166,44265,,3,2011-04-06 17:21:00,0.0,,United Kingdom
549167,84846A,,-8,2011-04-06 17:24:00,0.0,,United Kingdom
549168,21161,,-10,2011-04-06 17:24:00,0.0,,United Kingdom
549169,21034,REX CASH+CARRY JUMBO SHOPPER,3,2011-04-06 17:25:00,0.95,17906.0,United Kingdom
549169,23009,I LOVE LONDON BABY GIFT SET,1,2011-04-06 17:25:00,16.95,17906.0,United Kingdom
549169,85027L,FRENCH CHATEAU LARGE PLATTER ,4,2011-04-06 17:25:00,1.95,17906.0,United Kingdom
549169,85030,FRENCH CHATEAU OVAL PLATTER,4,2011-04-06 17:25:00,1.95,17906.0,United Kingdom
549169,85028S,FRENCH CHATEAU SMALL FRUITBOWL,4,2011-04-06 17:25:00,1.95,17906.0,United Kingdom
549169,22109,FULL ENGLISH BREAKFAST PLATE,2,2011-04-06 17:25:00,3.75,17906.0,United Kingdom
549169,22808,SET OF 6 T-LIGHTS EASTER CHICKS,2,2011-04-06 17:25:00,2.95,17906.0,United Kingdom
549169,22111,SCOTTIE DOG HOT WATER BOTTLE,1,2011-04-06 17:25:00,4.95,17906.0,United Kingdom
549169,22349,DOG BOWL CHASING BALL DESIGN,1,2011-04-06 17:25:00,3.75,17906.0,United Kingdom
549169,22621,TRADITIONAL KNITTING NANCY,1,2011-04-06 17:25:00,1.65,17906.0,United Kingdom
549169,15039,SANDALWOOD FAN,2,2011-04-06 17:25:00,0.85,17906.0,United Kingdom
549169,22207,FRYING PAN UNION FLAG,1,2011-04-06 17:25:00,4.25,17906.0,United Kingdom
549170,82545A,,-4,2011-04-06 17:25:00,0.0,,United Kingdom
549171,84251F,,-2,2011-04-06 17:26:00,0.0,,United Kingdom
549172,21637,,-139,2011-04-06 17:27:00,0.0,,United Kingdom
549173,84218,,-2,2011-04-06 17:28:00,0.0,,United Kingdom
549174,21160,,-7,2011-04-06 17:30:00,0.0,,United Kingdom
549175,21171,,-30,2011-04-06 17:30:00,0.0,,United Kingdom
549176,35603B,,-12,2011-04-06 17:31:00,0.0,,United Kingdom
549177,20821,,9,2011-04-06 17:32:00,0.0,,United Kingdom
549178,47502,,-19,2011-04-06 17:33:00,0.0,,United Kingdom
549179,84007,,-3,2011-04-06 17:34:00,0.0,,United Kingdom
549180,84522,,-30,2011-04-06 17:34:00,0.0,,United Kingdom
