InvoiceNo,StockCode,Description,Quantity,InvoiceDate,UnitPrice,CustomerID,Country
541835,82484,WOOD BLACK BOARD ANT WHITE FINISH,2,2011-01-23 10:15:00,6.45,17243.0,United Kingdom
541835,21485,RETROSPOT HEART HOT WATER BOTTLE,10,2011-01-23 10:15:00,4.95,17243.0,United Kingdom
541835,82486,WOOD S/3 CABINET ANT WHITE FINISH,4,2011-01-23 10:15:00,7.95,17243.0,United Kingdom
541835,21313,GLASS HEART T-LIGHT HOLDER ,24,2011-01-23 10:15:00,0.85,17243.0,United Kingdom
541835,82494L,WOODEN FRAME ANTIQUE WHITE ,6,2011-01-23 10:15:00,2.95,17243.0,United Kingdom
541835,72799C,PINK PILLAR CANDLE SILVER FLOCK,1,2011-01-23 10:15:00,2.95,17243.0,United Kingdom
541835,72799E,IVORY PILLAR CANDLE SILVER FLOCK,4,2011-01-23 10:15:00,2.95,17243.0,United Kingdom
541835,72799F,IVORY PILLAR CANDLE GOLD FLOCK,1,2011-01-23 10:15:00,2.95,17243.0,United Kingdom
541835,22766,PHOTO FRAME CORNICE,4,2011-01-23 10:15:00,2.95,17243.0,United Kingdom
541836,22423,REGENCY CAKESTAND 3 TIER,32,2011-01-23 10:29:00,10.95,15465.0,United Kingdom
541836,22839,3 TIER CAKE TIN GREEN AND CREAM,1,2011-01-23 10:29:00,14.95,15465.0,United Kingdom
541836,22838,3 TIER CAKE TIN RED AND CREAM,1,2011-01-23 10:29:00,14.95,15465.0,United Kingdom
541836,22241,GARLAND WOODEN HAPPY EASTER,11,2011-01-23 10:29:00,1.25,15465.0,United Kingdom
541837,21494,ROTATING LEAVES T-LIGHT HOLDER,12,2011-01-23 10:32:00,1.25,17714.0,United Kingdom
541837,84347,ROTATING SILVER ANGELS T-LIGHT HLDR,6,2011-01-23 10:32:00,2.55,17714.0,United Kingdom
541837,85036B,CHOCOLATE 1 WICK MORRIS BOX CANDLE,12,2011-01-23 10:32:00,1.25,17714.0,United Kingdom
541837,85034B,3 WHITE CHOC MORRIS BOXED CANDLES,12,2011-01-23 10:32:00,1.25,17714.0,United Kingdom
541837,85035B,CHOCOLATE 3 WICK MORRIS BOX CANDLE,12,2011-01-23 10:32:00,1.25,17714.0,United Kingdom
541837,85159A,"BLACK TEA,COFFEE,SUGAR JARS",12,2011-01-23 10:32:00,1.25,17714.0,United Kingdom
541837,85180A,RED HEARTS LIGHT CHAIN ,12,2011-01-23 10:32:00,1.25,17714.0,United Kingdom
541837,22317,FIVE CATS HANGING DECORATION,6,2011-01-23 10:32:00,2.95,17714.0,United Kingdom
541837,84580,MOUSE TOY WITH PINK T-SHIRT,4,2011-01-23 10:32:00,3.75,17714.0,United Kingdom
541837,84581,DOG TOY WITH PINK CROCHET SKIRT,4,2011-01-23 10:32:00,3.75,17714.0,United Kingdom
541838,82482,WOODEN PICTURE FRAME WHITE FINISH,6,2011-01-23 10:43:00,2.55,12916.0,United Kingdom
541838,82486,WOOD S/3 CABINET ANT WHITE FINISH,6,2011-01-23 10:43:00,7.95,12916.0,United Kingdom
541838,47566,PARTY BUNTING,11,2011-01-23 10:43:00,4.65,12916.0,United Kingdom
541838,84946,ANTIQUE SILVER TEA GLASS ETCHED,6,2011-01-23 10:43:00,1.25,12916.0,United Kingdom
541838,82483,WOOD 2 DRAWER CABINET WHITE FINISH,4,2011-01-23 10:43:00,5.95,12916.0,United Kingdom
541838,21430,SET/3 RED GINGHAM ROSE STORAGE BOX,1,2011-01-23 10:43:00,3.75,12916.0,United Kingdom
541838,84946,ANTIQUE SILVER TEA GLASS ETCHED,6,2011-01-23 10:43:00,1.25,12916.0,United Kingdom
541838,84970S,HANGING HEART ZINC T-LIGHT HOLDER,12,2011-01-23 10:43:00,0.85,12916.0,United Kingdom
541838,85066,CREAM SWEETHEART MINI CHEST,2,2011-01-23 10:43:00,12.75,12916.0,United Kingdom
541838,85066,CREAM SWEETHEART MINI CHEST,2,2011-01-23 10:43:00,12.75,12916.0,United Kingdom
541838,22173,METAL 4 HOOK HANGER FRENCH CHATEAU,8,2011-01-23 10:43:00,2.95,12916.0,United Kingdom
541838,22189,CREAM HEART CARD HOLDER,6,2011-01-23 10:43:00,3.95,12916.0,United Kingdom
541838,84949,SILVER HANGING T-LIGHT HOLDER,12,2011-01-23 10:43:00,1.65,12916.0,United Kingdom
541838,21430,SET/3 RED GINGHAM ROSE STORAGE BOX,5,2011-01-23 10:43:00,3.75,12916.0,United Kingdom
541838,22078,RIBBON REEL LACE DESIGN ,15,2011-01-23 10:43:00,2.1,12916.0,United Kingdom
541838,22080,RIBBON REEL POLKADOTS ,1,2011-01-23 10:43:00,1.65,12916.0,United Kingdom
541838,22080,RIBBON REEL POLKADOTS ,3,2011-01-23 10:43:00,1.65,12916.0,United Kingdom
541838,22078,RIBBON REEL LACE DESIGN ,5,2011-01-23 10:43:00,2.1,12916.0,United Kingdom
541838,82483,WOOD 2 DRAWER CABINET WHITE FINISH,2,2011-01-23 10:43:00,5.95,12916.0,United Kingdom
541838,84949,SILVER HANGING T-LIGHT HOLDER,6,2011-01-23 10:43:00,1.65,12916.0,United Kingdom
541838,84520B,PACK 20 ENGLISH ROSE PAPER NAPKINS,6,2011-01-23 10:43:00,0.85,12916.0,United Kingdom
541838,22851,SET 20 NAPKINS FAIRY CAKES DESIGN ,6,2011-01-23 10:43:00,0.85,12916.0,United Kingdom
541838,22077,6 RIBBONS RUSTIC CHARM,24,2011-01-23 10:43:00,1.65,12916.0,United Kingdom
541838,21385,IVORY HANGING DECORATION  HEART,24,2011-01-23 10:43:00,0.85,12916.0,United Kingdom
541838,22795,SWEETHEART RECIPE BOOK STAND,2,2011-01-23 10:43:00,6.75,12916.0,United Kingdom
541838,22776,SWEETHEART CAKESTAND 3 TIER,3,2011-01-23 10:43:00,9.95,12916.0,United Kingdom
541838,21928,JUMBO BAG SCANDINAVIAN PAISLEY,10,2011-01-23 10:43:00,1.95,12916.0,United Kingdom
541838,85099C,JUMBO  BAG BAROQUE BLACK WHITE,10,2011-01-23 10:43:00,1.95,12916.0,United Kingdom
541838,21363,HOME SMALL WOOD LETTERS,6,2011-01-23 10:43:00,4.95,12916.0,United Kingdom
541838,22789,T-LIGHT HOLDER SWEETHEART HANGING,4,2011-01-23 10:43:00,1.95,12916.0,United Kingdom
541838,22386,JUMBO BAG PINK POLKADOT,10,2011-01-23 10:43:00,1.95,12916.0,United Kingdom
541838,84992,72 SWEETHEART FAIRY CAKE CASES,24,2011-01-23 10:43:00,0.55,12916.0,United Kingdom
541838,22862,LOVE HEART NAPKIN BOX ,8,2011-01-23 10:43:00,4.25,12916.0,United Kingdom
541838,22789,T-LIGHT HOLDER SWEETHEART HANGING,4,2011-01-23 10:43:00,1.95,12916.0,United Kingdom
541838,22795,SWEETHEART RECIPE BOOK STAND,4,2011-01-23 10:43:00,6.75,12916.0,United Kingdom
541838,22794,SWEETHEART WIRE MAGAZINE RACK,3,2011-01-23 10:43:00,7.95,12916.0,United Kingdom
541838,22804,CANDLEHOLDER PINK HANGING HEART,10,2011-01-23 10:43:00,2.95,12916.0,United Kingdom
541838,21733,RED HANGING HEART T-LIGHT HOLDER,10,2011-01-23 10:43:00,2.95,12916.0,United Kingdom
541838,85123A,WHITE HANGING HEART T-LIGHT HOLDER,32,2011-01-23 10:43:00,2.55,12916.0,United Kingdom
541838,82494L,WOODEN FRAME ANTIQUE WHITE ,6,2011-01-23 10:43:00,2.95,12916.0,United Kingdom
541839,22906,12 MESSAGE CARDS WITH ENVELOPES,14,2011-01-23 11:15:00,1.65,17769.0,United Kingdom
541839,21381,MINI WOODEN HAPPY BIRTHDAY GARLAND,6,2011-01-23 11:15:00,1.69,17769.0,United Kingdom
541839,22620,4 TRADITIONAL SPINNING TOPS,2,2011-01-23 11:15:00,1.25,17769.0,United Kingdom
541839,21890,S/6 WOODEN SKITTLES IN COTTON BAG,2,2011-01-23 11:15:00,2.95,17769.0,United Kingdom
541839,22619,SET OF 6 SOLDIER SKITTLES,3,2011-01-23 11:15:00,3.75,17769.0,United Kingdom
541839,21890,S/6 WOODEN SKITTLES IN COTTON BAG,2,2011-01-23 11:15:00,2.95,17769.0,United Kingdom
541839,22620,4 TRADITIONAL SPINNING TOPS,3,2011-01-23 11:15:00,1.25,17769.0,United Kingdom
541839,84375,SET OF 20 KIDS COOKIE CUTTERS,4,2011-01-23 11:15:00,2.1,17769.0,United Kingdom
541839,21507,"ELEPHANT, BIRTHDAY CARD, ",12,2011-01-23 11:15:00,0.42,17769.0,United Kingdom
541839,22037,ROBOT BIRTHDAY CARD,12,2011-01-23 11:15:00,0.42,17769.0,United Kingdom
541839,21791,VINTAGE HEADS AND TAILS CARD GAME ,4,2011-01-23 11:15:00,1.25,17769.0,United Kingdom
541839,22616,PACK OF 12 LONDON TISSUES ,12,2011-01-23 11:15:00,0.29,17769.0,United Kingdom
541839,21889,WOODEN BOX OF DOMINOES,3,2011-01-23 11:15:00,1.25,17769.0,United Kingdom
541839,21915,RED  HARMONICA IN BOX ,3,2011-01-23 11:15:00,1.25,17769.0,United Kingdom
541839,21914,BLUE HARMONICA IN BOX ,3,2011-01-23 11:15:00,1.25,17769.0,United Kingdom
541839,22435,SET OF 9 HEART SHAPED BALLOONS,1,2011-01-23 11:15:00,1.25,17769.0,United Kingdom
541839,20975,12 PENCILS SMALL TUBE RED RETROSPOT,5,2011-01-23 11:15:00,0.65,17769.0,United Kingdom
541839,22969,HOMEMADE JAM SCENTED CANDLES,12,2011-01-23 11:15:00,1.45,17769.0,United Kingdom
541839,22727,ALARM CLOCK BAKELIKE RED ,6,2011-01-23 11:15:00,3.75,17769.0,United Kingdom
541839,84879,ASSORTED COLOUR BIRD ORNAMENT,24,2011-01-23 11:15:00,1.69,17769.0,United Kingdom
541839,22726,ALARM CLOCK BAKELIKE GREEN,6,2011-01-23 11:15:00,3.75,17769.0,United Kingdom
541839,22988,SOLDIERS EGG CUP ,12,2011-01-23 11:15:00,1.25,17769.0,United Kingdom
541839,22789,T-LIGHT HOLDER SWEETHEART HANGING,4,2011-01-23 11:15:00,1.95,17769.0,United Kingdom
541839,21034,REX CASH+CARRY JUMBO SHOPPER,2,2011-01-23 11:15:00,0.95,17769.0,United Kingdom
541839,22720,SET OF 3 CAKE TINS PANTRY DESIGN ,3,2011-01-23 11:15:00,4.95,17769.0,United Kingdom
541839,22627,MINT KITCHEN SCALES,1,2011-01-23 11:15:00,8.5,17769.0,United Kingdom
541839,22792,FLUTED ANTIQUE CANDLE HOLDER,12,2011-01-23 11:15:00,0.85,17769.0,United Kingdom
541839,22666,RECIPE BOX PANTRY YELLOW DESIGN,2,2011-01-23 11:15:00,2.95,17769.0,United Kingdom
541839,22659,LUNCH BOX I LOVE LONDON,2,2011-01-23 11:15:00,1.95,17769.0,United Kingdom
541839,22970,LONDON BUS COFFEE MUG,6,2011-01-23 11:15:00,2.55,17769.0,United Kingdom
541839,22971,QUEENS GUARD COFFEE MUG,6,2011-01-23 11:15:00,2.55,17769.0,United Kingdom
541839,22120,WELCOME  WOODEN BLOCK LETTERS,1,2011-01-23 11:15:00,9.95,17769.0,United Kingdom
541839,21754,HOME BUILDING BLOCK WORD,4,2011-01-23 11:15:00,5.95,17769.0,United Kingdom
541839,21755,LOVE BUILDING BLOCK WORD,6,2011-01-23 11:15:00,5.95,17769.0,United Kingdom
541840,21530,DAIRY MAID TOASTRACK,1,2011-01-23 11:48:00,2.95,15059.0,United Kingdom
541841,35004C,SET OF 3 COLOURED  FLYING DUCKS,4,2011-01-23 11:53:00,5.45,14450.0,United Kingdom
541841,20914,SET/5 RED RETROSPOT LID GLASS BOWLS,4,2011-01-23 11:53:00,2.95,14450.0,United Kingdom
541841,22963,JAM JAR WITH GREEN LID,6,2011-01-23 11:53:00,0.85,14450.0,United Kingdom
541841,22969,HOMEMADE JAM SCENTED CANDLES,12,2011-01-23 11:53:00,1.45,14450.0,United Kingdom
541841,22727,ALARM CLOCK BAKELIKE RED ,5,2011-01-23 11:53:00,3.75,14450.0,United Kingdom
541841,22726,ALARM CLOCK BAKELIKE GREEN,4,2011-01-23 11:53:00,3.75,14450.0,United Kingdom
541841,22773,GREEN DRAWER KNOB ACRYLIC EDWARDIAN,6,2011-01-23 11:53:00,1.25,14450.0,United Kingdom
541841,21786,POLKADOT RAIN HAT ,24,2011-01-23 11:53:00,0.42,14450.0,United Kingdom
541841,21577,SAVE THE PLANET COTTON TOTE BAG,8,2011-01-23 11:53:00,2.25,14450.0,United Kingdom
541841,22722,SET OF 6 SPICE TINS PANTRY DESIGN,4,2011-01-23 11:53:00,3.95,14450.0,United Kingdom
541841,22720,SET OF 3 CAKE TINS PANTRY DESIGN ,4,2011-01-23 11:53:00,4.95,14450.0,United Kingdom
541842,22469,HEART OF WICKER SMALL,6,2011-01-23 12:07:00,1.65,16085.0,United Kingdom
541842,21733,RED HANGING HEART T-LIGHT HOLDER,4,2011-01-23 12:07:00,2.95,16085.0,United Kingdom
541842,22470,HEART OF WICKER LARGE,3,2011-01-23 12:07:00,2.95,16085.0,United Kingdom
541842,21755,LOVE BUILDING BLOCK WORD,2,2011-01-23 12:07:00,5.95,16085.0,United Kingdom
541842,22789,T-LIGHT HOLDER SWEETHEART HANGING,4,2011-01-23 12:07:00,1.95,16085.0,United Kingdom
541842,22969,HOMEMADE JAM SCENTED CANDLES,12,2011-01-23 12:07:00,1.45,16085.0,United Kingdom
541842,22961,JAM MAKING SET PRINTED,4,2011-01-23 12:07:00,1.45,16085.0,United Kingdom
541842,22766,PHOTO FRAME CORNICE,2,2011-01-23 12:07:00,2.95,16085.0,United Kingdom
541842,21231,SWEETHEART CERAMIC TRINKET BOX,4,2011-01-23 12:07:00,1.25,16085.0,United Kingdom
541842,22645,CERAMIC HEART FAIRY CAKE MONEY BANK,4,2011-01-23 12:07:00,1.45,16085.0,United Kingdom
541842,22906,12 MESSAGE CARDS WITH ENVELOPES,6,2011-01-23 12:07:00,1.65,16085.0,United Kingdom
541842,21891,TRADITIONAL WOODEN SKIPPING ROPE,3,2011-01-23 12:07:00,1.25,16085.0,United Kingdom
541842,85049B,LUSH GREENS RIBBONS,2,2011-01-23 12:07:00,1.25,16085.0,United Kingdom
541842,85049D,BRIGHT BLUES RIBBONS ,2,2011-01-23 12:07:00,1.25,16085.0,United Kingdom
541842,85049G,CHOCOLATE BOX RIBBONS ,2,2011-01-23 12:07:00,1.25,16085.0,United Kingdom
541842,85049F,BABY BOOM RIBBONS ,2,2011-01-23 12:07:00,1.25,16085.0,United Kingdom
541842,85049E,SCANDINAVIAN REDS RIBBONS,2,2011-01-23 12:07:00,1.25,16085.0,United Kingdom
541842,21791,VINTAGE HEADS AND TAILS CARD GAME ,3,2011-01-23 12:07:00,1.25,16085.0,United Kingdom
541842,21790,VINTAGE SNAP CARDS,3,2011-01-23 12:07:00,0.85,16085.0,United Kingdom
541842,22549,PICTURE DOMINOES,3,2011-01-23 12:07:00,1.45,16085.0,United Kingdom
541842,22845,VINTAGE CREAM CAT FOOD CONTAINER,1,2011-01-23 12:07:00,6.35,16085.0,United Kingdom
541842,85066,CREAM SWEETHEART MINI CHEST,1,2011-01-23 12:07:00,12.75,16085.0,United Kingdom
541842,84970L,SINGLE HEART ZINC T-LIGHT HOLDER,6,2011-01-23 12:07:00,0.95,16085.0,United Kingdom
541842,71459,HANGING JAM JAR T-LIGHT HOLDER,4,2011-01-23 12:07:00,0.85,16085.0,United Kingdom
541842,85150,LADIES & GENTLEMEN METAL SIGN,3,2011-01-23 12:07:00,2.55,16085.0,United Kingdom
541842,85152,HAND OVER THE CHOCOLATE   SIGN ,2,2011-01-23 12:07:00,2.1,16085.0,United Kingdom
541842,21174,POTTERING IN THE SHED METAL SIGN,3,2011-01-23 12:07:00,1.95,16085.0,United Kingdom
541842,22960,JAM MAKING SET WITH JARS,2,2011-01-23 12:07:00,4.25,16085.0,United Kingdom
541843,21448,12 DAISY PEGS IN WOOD BOX,24,2011-01-23 12:08:00,1.65,13659.0,United Kingdom
541843,85212,MINI PAINTED GARDEN DECORATION ,12,2011-01-23 12:08:00,0.85,13659.0,United Kingdom
541843,84459B,YELLOW METAL CHICKEN HEART ,12,2011-01-23 12:08:00,1.49,13659.0,United Kingdom
541843,22304,COFFEE MUG BLUE PAISLEY DESIGN,12,2011-01-23 12:08:00,2.55,13659.0,United Kingdom
541843,84991,60 TEATIME FAIRY CAKE CASES,24,2011-01-23 12:08:00,0.55,13659.0,United Kingdom
541843,22720,SET OF 3 CAKE TINS PANTRY DESIGN ,2,2011-01-23 12:08:00,4.95,13659.0,United Kingdom
541843,22776,SWEETHEART CAKESTAND 3 TIER,3,2011-01-23 12:08:00,9.95,13659.0,United Kingdom
541843,22963,JAM JAR WITH GREEN LID,6,2011-01-23 12:08:00,0.85,13659.0,United Kingdom
541843,22962,JAM JAR WITH PINK LID,6,2011-01-23 12:08:00,0.85,13659.0,United Kingdom
541843,85212,MINI PAINTED GARDEN DECORATION ,12,2011-01-23 12:08:00,0.85,13659.0,United Kingdom
541843,35961,FOLKART ZINC HEART CHRISTMAS DEC,12,2011-01-23 12:08:00,0.85,13659.0,United Kingdom
541843,22413,METAL SIGN TAKE IT OR LEAVE IT ,12,2011-01-23 12:08:00,2.95,13659.0,United Kingdom
541843,85206A,CREAM FELT EASTER EGG BASKET,6,2011-01-23 12:08:00,1.65,13659.0,United Kingdom
541843,21382,SET/4 SPRING FLOWER DECORATION,4,2011-01-23 12:08:00,2.95,13659.0,United Kingdom
541843,84459A,PINK METAL CHICKEN HEART ,12,2011-01-23 12:08:00,1.49,13659.0,United Kingdom
541843,22929,SCHOOL DESK AND CHAIR ,1,2011-01-23 12:08:00,65.0,13659.0,United Kingdom
541843,21385,IVORY HANGING DECORATION  HEART,24,2011-01-23 12:08:00,0.85,13659.0,United Kingdom
541843,85188B,PINK METAL SWINGING BUNNY,24,2011-01-23 12:08:00,0.85,13659.0,United Kingdom
541843,21231,SWEETHEART CERAMIC TRINKET BOX,8,2011-01-23 12:08:00,1.25,13659.0,United Kingdom
541843,82484,WOOD BLACK BOARD ANT WHITE FINISH,6,2011-01-23 12:08:00,6.45,13659.0,United Kingdom
541843,20828,GLITTER BUTTERFLY CLIPS,1,2011-01-23 12:08:00,2.55,13659.0,United Kingdom
541843,22470,HEART OF WICKER LARGE,6,2011-01-23 12:08:00,2.95,13659.0,United Kingdom
541843,22322,BIRD DECORATION GREEN POLKADOT,12,2011-01-23 12:08:00,0.85,13659.0,United Kingdom
541843,22752,SET 7 BABUSHKA NESTING BOXES,1,2011-01-23 12:08:00,8.5,13659.0,United Kingdom
541843,21207,SKULL AND CROSSBONES  GARLAND ,6,2011-01-23 12:08:00,1.65,13659.0,United Kingdom
541843,21644,ASSORTED TUTTI FRUTTI HEART BOX,12,2011-01-23 12:08:00,1.25,13659.0,United Kingdom
541843,21642,ASSORTED TUTTI FRUTTI PEN,24,2011-01-23 12:08:00,0.85,13659.0,United Kingdom
541843,22771,CLEAR DRAWER KNOB ACRYLIC EDWARDIAN,12,2011-01-23 12:08:00,1.25,13659.0,United Kingdom
541843,71101E,STANDING FAIRY POLE SUPPORT ,12,2011-01-23 12:08:00,0.85,13659.0,United Kingdom
541843,20893,HANGING BAUBLE T-LIGHT HOLDER SMALL,12,2011-01-23 12:08:00,2.55,13659.0,United Kingdom
541843,85194L,HANGING SPRING FLOWER EGG LARGE,36,2011-01-23 12:08:00,0.85,13659.0,United Kingdom
541843,22758,LARGE PURPLE BABUSHKA NOTEBOOK  ,12,2011-01-23 12:08:00,1.25,13659.0,United Kingdom
541843,47567B,TEA TIME KITCHEN APRON,6,2011-01-23 12:08:00,5.95,13659.0,United Kingdom
541843,21156,RETROSPOT CHILDRENS APRON,6,2011-01-23 12:08:00,1.95,13659.0,United Kingdom
541843,22720,SET OF 3 CAKE TINS PANTRY DESIGN ,1,2011-01-23 12:08:00,4.95,13659.0,United Kingdom
541843,84879,ASSORTED COLOUR BIRD ORNAMENT,2,2011-01-23 12:08:00,1.69,13659.0,United Kingdom
541843,22969,HOMEMADE JAM SCENTED CANDLES,12,2011-01-23 12:08:00,1.45,13659.0,United Kingdom
541843,21986,PACK OF 12 PINK POLKADOT TISSUES,12,2011-01-23 12:08:00,0.29,13659.0,United Kingdom
541843,21967,PACK OF 12 SKULL TISSUES,12,2011-01-23 12:08:00,0.29,13659.0,United Kingdom
541843,20828,GLITTER BUTTERFLY CLIPS,5,2011-01-23 12:08:00,2.55,13659.0,United Kingdom
541843,84879,ASSORTED COLOUR BIRD ORNAMENT,8,2011-01-23 12:08:00,1.69,13659.0,United Kingdom
541843,85123A,WHITE HANGING HEART T-LIGHT HOLDER,1,2011-01-23 12:08:00,2.95,13659.0,United Kingdom
541843,22804,CANDLEHOLDER PINK HANGING HEART,2,2011-01-23 12:08:00,2.95,13659.0,United Kingdom
541843,22168,ORGANISER WOOD ANTIQUE WHITE ,2,2011-01-23 12:08:00,8.5,13659.0,United Kingdom
541843,22804,CANDLEHOLDER PINK HANGING HEART,1,2011-01-23 12:08:00,2.95,13659.0,United Kingdom
541843,85123A,WHITE HANGING HEART T-LIGHT HOLDER,2,2011-01-23 12:08:00,2.95,13659.0,United Kingdom
541843,21201,TROPICAL  HONEYCOMB PAPER GARLAND ,6,2011-01-23 12:08:00,2.55,13659.0,United Kingdom
541843,20728,LUNCH BAG CARS BLUE,10,2011-01-23 12:08:00,1.65,13659.0,United Kingdom
541843,22449,SILK PURSE BABUSHKA PINK,12,2011-01-23 12:08:00,3.35,13659.0,United Kingdom
541843,22507,MEMO BOARD RETROSPOT  DESIGN,3,2011-01-23 12:08:00,4.95,13659.0,United Kingdom
541843,22505,MEMO BOARD COTTAGE DESIGN,3,2011-01-23 12:08:00,4.95,13659.0,United Kingdom
541843,20679,EDWARDIAN PARASOL RED,3,2011-01-23 12:08:00,5.95,13659.0,United Kingdom
541843,22639,SET OF 4 NAPKIN CHARMS HEARTS,32,2011-01-23 12:08:00,2.1,13659.0,United Kingdom
541843,22772,PINK DRAWER KNOB ACRYLIC EDWARDIAN,12,2011-01-23 12:08:00,1.25,13659.0,United Kingdom
541843,21380,WOODEN HAPPY BIRTHDAY GARLAND,12,2011-01-23 12:08:00,2.95,13659.0,United Kingdom
541843,22079,RIBBON REEL HEARTS DESIGN ,5,2011-01-23 12:08:00,1.65,13659.0,United Kingdom
541843,21985,PACK OF 12 HEARTS DESIGN TISSUES ,12,2011-01-23 12:08:00,0.29,13659.0,United Kingdom
541843,21363,HOME SMALL WOOD LETTERS,1,2011-01-23 12:08:00,4.95,13659.0,United Kingdom
541843,21915,RED  HARMONICA IN BOX ,12,2011-01-23 12:08:00,1.25,13659.0,United Kingdom
541843,22796,PHOTO FRAME 3 CLASSIC HANGING,2,2011-01-23 12:08:00,9.95,13659.0,United Kingdom
541843,21363,HOME SMALL WOOD LETTERS,3,2011-01-23 12:08:00,4.95,13659.0,United Kingdom
541843,21034,REX CASH+CARRY JUMBO SHOPPER,4,2011-01-23 12:08:00,0.95,13659.0,United Kingdom
541844,22865,HAND WARMER OWL DESIGN,3,2011-01-23 12:19:00,2.1,16931.0,United Kingdom
541844,22866,HAND WARMER SCOTTY DOG DESIGN,1,2011-01-23 12:19:00,2.1,16931.0,United Kingdom
541844,22834,HAND WARMER BABUSHKA DESIGN,2,2011-01-23 12:19:00,2.1,16931.0,United Kingdom
541844,20983,12 PENCILS TALL TUBE RED RETROSPOT,1,2011-01-23 12:19:00,0.85,16931.0,United Kingdom
541844,20758,ABSTRACT CIRCLES POCKET BOOK,3,2011-01-23 12:19:00,0.85,16931.0,United Kingdom
541844,20778,GARDEN PATH NOTEBOOK ,1,2011-01-23 12:19:00,1.65,16931.0,United Kingdom
541844,20777,CHRYSANTHEMUM NOTEBOOK,1,2011-01-23 12:19:00,1.65,16931.0,United Kingdom
541844,21829,DINOSAUR KEYRINGS ASSORTED,36,2011-01-23 12:19:00,0.21,16931.0,United Kingdom
541844,21733,RED HANGING HEART T-LIGHT HOLDER,3,2011-01-23 12:19:00,2.95,16931.0,United Kingdom
541844,22804,CANDLEHOLDER PINK HANGING HEART,3,2011-01-23 12:19:00,2.95,16931.0,United Kingdom
541844,20832,RED FLOCK LOVE HEART PHOTO FRAME,4,2011-01-23 12:19:00,0.85,16931.0,United Kingdom
541844,22555,PLASTERS IN TIN STRONGMAN,2,2011-01-23 12:19:00,1.65,16931.0,United Kingdom
541844,22557,PLASTERS IN TIN VINTAGE PAISLEY ,2,2011-01-23 12:19:00,1.65,16931.0,United Kingdom
541844,22554,PLASTERS IN TIN WOODLAND ANIMALS,2,2011-01-23 12:19:00,1.65,16931.0,United Kingdom
541844,22398,MAGNETS PACK OF 4 SWALLOWS,3,2011-01-23 12:19:00,1.25,16931.0,United Kingdom
541844,72127,COLUMBIAN CANDLE ROUND ,1,2011-01-23 12:19:00,1.25,16931.0,United Kingdom
541844,22754,SMALL RED BABUSHKA NOTEBOOK ,3,2011-01-23 12:19:00,0.85,16931.0,United Kingdom
541844,22190,LOCAL CAFE MUG,1,2011-01-23 12:19:00,2.1,16931.0,United Kingdom
541844,20970,PINK FLORAL FELTCRAFT SHOULDER BAG,1,2011-01-23 12:19:00,3.75,16931.0,United Kingdom
541844,22569,FELTCRAFT CUSHION BUTTERFLY,1,2011-01-23 12:19:00,3.75,16931.0,United Kingdom
541844,22568,FELTCRAFT CUSHION OWL,1,2011-01-23 12:19:00,3.75,16931.0,United Kingdom
541844,85169D,PINK LOVE BIRD CANDLE,3,2011-01-23 12:19:00,1.25,16931.0,United Kingdom
541844,85049C,ROMANTIC PINKS RIBBONS ,1,2011-01-23 12:19:00,1.25,16931.0,United Kingdom
541844,85049E,SCANDINAVIAN REDS RIBBONS,1,2011-01-23 12:19:00,1.25,16931.0,United Kingdom
541844,22139,RETROSPOT TEA SET CERAMIC 11 PC ,2,2011-01-23 12:19:00,4.95,16931.0,United Kingdom
541844,21908,CHOCOLATE THIS WAY METAL SIGN,2,2011-01-23 12:19:00,2.1,16931.0,United Kingdom
541844,21166,COOK WITH WINE METAL SIGN ,2,2011-01-23 12:19:00,1.95,16931.0,United Kingdom
541844,21883,STARS GIFT TAPE ,1,2011-01-23 12:19:00,0.65,16931.0,United Kingdom
541844,21880,RED RETROSPOT TAPE,1,2011-01-23 12:19:00,0.65,16931.0,United Kingdom
541844,84032B,CHARLIE + LOLA RED HOT WATER BOTTLE,1,2011-01-23 12:19:00,2.95,16931.0,United Kingdom
541844,85031A,ROMANTIC IMAGES SCRAP BOOK SET,1,2011-01-23 12:19:00,4.95,16931.0,United Kingdom
541844,22934,BAKING MOULD EASTER EGG WHITE CHOC,1,2011-01-23 12:19:00,2.95,16931.0,United Kingdom
541844,22720,SET OF 3 CAKE TINS PANTRY DESIGN ,1,2011-01-23 12:19:00,4.95,16931.0,United Kingdom
541844,79066K,RETRO MOD TRAY,2,2011-01-23 12:19:00,0.85,16931.0,United Kingdom
541844,21071,VINTAGE BILLBOARD DRINK ME MUG,1,2011-01-23 12:19:00,1.25,16931.0,United Kingdom
541844,21872,GLAMOROUS  MUG,1,2011-01-23 12:19:00,1.25,16931.0,United Kingdom
541844,21874,GIN AND TONIC MUG,3,2011-01-23 12:19:00,1.25,16931.0,United Kingdom
541844,21871,SAVE THE PLANET MUG,6,2011-01-23 12:19:00,1.25,16931.0,United Kingdom
541844,22089,PAPER BUNTING VINTAGE PAISLEY,3,2011-01-23 12:19:00,2.95,16931.0,United Kingdom
541844,21033,JUMBO BAG CHARLIE AND LOLA TOYS,1,2011-01-23 12:19:00,2.95,16931.0,United Kingdom
541844,22380,TOY TIDY SPACEBOY  ,2,2011-01-23 12:19:00,2.1,16931.0,United Kingdom
541844,21485,RETROSPOT HEART HOT WATER BOTTLE,3,2011-01-23 12:19:00,4.95,16931.0,United Kingdom
541844,21621,VINTAGE UNION JACK BUNTING,1,2011-01-23 12:19:00,8.5,16931.0,United Kingdom
541844,47590B,PINK HAPPY BIRTHDAY BUNTING,1,2011-01-23 12:19:00,5.45,16931.0,United Kingdom
541844,47566,PARTY BUNTING,2,2011-01-23 12:19:00,4.65,16931.0,United Kingdom
541844,21034,REX CASH+CARRY JUMBO SHOPPER,2,2011-01-23 12:19:00,0.95,16931.0,United Kingdom
541844,22175,PINK OWL SOFT TOY,4,2011-01-23 12:19:00,2.95,16931.0,United Kingdom
541844,22176,BLUE OWL SOFT TOY,4,2011-01-23 12:19:00,2.95,16931.0,United Kingdom
541845,21314,SMALL GLASS HEART TRINKET POT,1,2011-01-23 12:41:00,2.1,15167.0,United Kingdom
541845,84876D,BLUE HEART COMPACT MIRROR,1,2011-01-23 12:41:00,3.75,15167.0,United Kingdom
541845,48194,DOORMAT HEARTS,2,2011-01-23 12:41:00,7.95,15167.0,United Kingdom
541845,22896,PEG BAG APPLES DESIGN,1,2011-01-23 12:41:00,2.55,15167.0,United Kingdom
541845,22758,LARGE PURPLE BABUSHKA NOTEBOOK  ,1,2011-01-23 12:41:00,1.25,15167.0,United Kingdom
541845,22480,RED TEA TOWEL CLASSIC DESIGN,3,2011-01-23 12:41:00,1.25,15167.0,United Kingdom
541845,22173,METAL 4 HOOK HANGER FRENCH CHATEAU,1,2011-01-23 12:41:00,2.95,15167.0,United Kingdom
541845,21430,SET/3 RED GINGHAM ROSE STORAGE BOX,1,2011-01-23 12:41:00,3.75,15167.0,United Kingdom
541845,22457,NATURAL SLATE HEART CHALKBOARD ,1,2011-01-23 12:41:00,2.95,15167.0,United Kingdom
541845,21469,POLKA DOT RAFFIA FOOD COVER,2,2011-01-23 12:41:00,3.75,15167.0,United Kingdom
541845,22441,GROW YOUR OWN BASIL IN ENAMEL MUG,2,2011-01-23 12:41:00,2.1,15167.0,United Kingdom
541845,22561,WOODEN SCHOOL COLOURING SET,2,2011-01-23 12:41:00,1.65,15167.0,United Kingdom
541845,22211,WOOD STAMP SET FLOWERS,2,2011-01-23 12:41:00,1.65,15167.0,United Kingdom
541845,21329,DINOSAURS  WRITING SET ,2,2011-01-23 12:41:00,1.65,15167.0,United Kingdom
541845,22780,LIGHT GARLAND BUTTERFILES PINK,1,2011-01-23 12:41:00,4.25,15167.0,United Kingdom
541845,22147,FELTCRAFT BUTTERFLY HEARTS,2,2011-01-23 12:41:00,1.45,15167.0,United Kingdom
541845,22926,IVORY GIANT GARDEN THERMOMETER,1,2011-01-23 12:41:00,5.95,15167.0,United Kingdom
541845,22111,SCOTTIE DOG HOT WATER BOTTLE,1,2011-01-23 12:41:00,4.95,15167.0,United Kingdom
541845,22470,HEART OF WICKER LARGE,3,2011-01-23 12:41:00,2.95,15167.0,United Kingdom
541845,21181,PLEASE ONE PERSON METAL SIGN,3,2011-01-23 12:41:00,2.1,15167.0,United Kingdom
541845,21679,SKULLS  STICKERS,4,2011-01-23 12:41:00,0.85,15167.0,United Kingdom
541845,22566,FELTCRAFT HAIRBAND PINK AND PURPLE,1,2011-01-23 12:41:00,0.85,15167.0,United Kingdom
541845,22565,FELTCRAFT HAIRBANDS PINK AND WHITE ,1,2011-01-23 12:41:00,0.85,15167.0,United Kingdom
541845,22173,METAL 4 HOOK HANGER FRENCH CHATEAU,1,2011-01-23 12:41:00,2.95,15167.0,United Kingdom
541845,22722,SET OF 6 SPICE TINS PANTRY DESIGN,1,2011-01-23 12:41:00,3.95,15167.0,United Kingdom
541845,22719,GUMBALL MONOCHROME COAT RACK,1,2011-01-23 12:41:00,1.25,15167.0,United Kingdom
541845,22079,RIBBON REEL HEARTS DESIGN ,5,2011-01-23 12:41:00,1.65,15167.0,United Kingdom
541845,21892,TRADITIONAL WOODEN CATCH CUP GAME ,1,2011-01-23 12:41:00,1.25,15167.0,United Kingdom
541845,21080,SET/20 RED RETROSPOT PAPER NAPKINS ,1,2011-01-23 12:41:00,0.85,15167.0,United Kingdom
541845,21989,PACK OF 20 SKULL PAPER NAPKINS,1,2011-01-23 12:41:00,0.85,15167.0,United Kingdom
541845,21892,TRADITIONAL WOODEN CATCH CUP GAME ,1,2011-01-23 12:41:00,1.25,15167.0,United Kingdom
541845,22469,HEART OF WICKER SMALL,2,2011-01-23 12:41:00,1.65,15167.0,United Kingdom
541845,22437,SET OF 9 BLACK SKULL BALLOONS,2,2011-01-23 12:41:00,0.85,15167.0,United Kingdom
541845,22435,SET OF 9 HEART SHAPED BALLOONS,2,2011-01-23 12:41:00,1.25,15167.0,United Kingdom
541845,22961,JAM MAKING SET PRINTED,2,2011-01-23 12:41:00,1.45,15167.0,United Kingdom
541845,21658,GLASS  BEURRE DISH,1,2011-01-23 12:41:00,3.95,15167.0,United Kingdom
541845,22960,JAM MAKING SET WITH JARS,2,2011-01-23 12:41:00,4.25,15167.0,United Kingdom
541845,22845,VINTAGE CREAM CAT FOOD CONTAINER,1,2011-01-23 12:41:00,6.35,15167.0,United Kingdom
541845,22844,VINTAGE CREAM DOG FOOD CONTAINER,1,2011-01-23 12:41:00,8.5,15167.0,United Kingdom
541845,85099C,JUMBO  BAG BAROQUE BLACK WHITE,1,2011-01-23 12:41:00,1.95,15167.0,United Kingdom
541845,21931,JUMBO STORAGE BAG SUKI,2,2011-01-23 12:41:00,1.95,15167.0,United Kingdom
541846,22722,SET OF 6 SPICE TINS PANTRY DESIGN,4,2011-01-23 12:43:00,3.95,13050.0,United Kingdom
541846,22795,SWEETHEART RECIPE BOOK STAND,2,2011-01-23 12:43:00,6.75,13050.0,United Kingdom
541846,22151,PLACE SETTING WHITE HEART,72,2011-01-23 12:43:00,0.42,13050.0,United Kingdom
541846,22961,JAM MAKING SET PRINTED,12,2011-01-23 12:43:00,1.45,13050.0,United Kingdom
541846,22960,JAM MAKING SET WITH JARS,6,2011-01-23 12:43:00,4.25,13050.0,United Kingdom
541846,22988,SOLDIERS EGG CUP ,12,2011-01-23 12:43:00,1.25,13050.0,United Kingdom
541846,22766,PHOTO FRAME CORNICE,8,2011-01-23 12:43:00,2.95,13050.0,United Kingdom
541846,82494L,WOODEN FRAME ANTIQUE WHITE ,6,2011-01-23 12:43:00,2.95,13050.0,United Kingdom
541846,22469,HEART OF WICKER SMALL,12,2011-01-23 12:43:00,1.65,13050.0,United Kingdom
541846,82483,WOOD 2 DRAWER CABINET WHITE FINISH,4,2011-01-23 12:43:00,5.95,13050.0,United Kingdom
541846,22083,PAPER CHAIN KIT RETROSPOT,6,2011-01-23 12:43:00,2.95,13050.0,United Kingdom
541846,48194,DOORMAT HEARTS,2,2011-01-23 12:43:00,7.95,13050.0,United Kingdom
541846,22077,6 RIBBONS RUSTIC CHARM,12,2011-01-23 12:43:00,1.65,13050.0,United Kingdom
541846,22087,PAPER BUNTING WHITE LACE,6,2011-01-23 12:43:00,2.95,13050.0,United Kingdom
541846,22720,SET OF 3 CAKE TINS PANTRY DESIGN ,3,2011-01-23 12:43:00,4.95,13050.0,United Kingdom
541846,22585,PACK OF 6 BIRDY GIFT TAGS,12,2011-01-23 12:43:00,1.25,13050.0,United Kingdom
541846,22464,HANGING METAL HEART LANTERN,12,2011-01-23 12:43:00,1.65,13050.0,United Kingdom
541847,48129,DOORMAT TOPIARY,1,2011-01-23 13:25:00,7.95,15443.0,United Kingdom
541847,48111,DOORMAT 3 SMILEY CATS,1,2011-01-23 13:25:00,7.95,15443.0,United Kingdom
541847,20685,DOORMAT RED RETROSPOT,1,2011-01-23 13:25:00,7.95,15443.0,United Kingdom
541847,22690,DOORMAT HOME SWEET HOME BLUE ,1,2011-01-23 13:25:00,7.95,15443.0,United Kingdom
541847,22717,CARD DOG AND BALL ,8,2011-01-23 13:25:00,0.42,15443.0,United Kingdom
541847,22789,T-LIGHT HOLDER SWEETHEART HANGING,4,2011-01-23 13:25:00,1.95,15443.0,United Kingdom
541847,22284,HEN HOUSE DECORATION,12,2011-01-23 13:25:00,1.65,15443.0,United Kingdom
541847,22858,EASTER TIN KEEPSAKE,6,2011-01-23 13:25:00,1.65,15443.0,United Kingdom
541847,22295,HEART FILIGREE DOVE LARGE,12,2011-01-23 13:25:00,1.65,15443.0,United Kingdom
541847,22266,EASTER DECORATION HANGING BUNNY,10,2011-01-23 13:25:00,0.65,15443.0,United Kingdom
541847,22285,HANGING HEN ON NEST DECORATION,12,2011-01-23 13:25:00,1.65,15443.0,United Kingdom
541847,21457,2 PICTURE BOOK EGGS EASTER DUCKS,1,2011-01-23 13:25:00,1.25,15443.0,United Kingdom
541847,21458,2 PICTURE BOOK EGGS EASTER BUNNY,10,2011-01-23 13:25:00,1.25,15443.0,United Kingdom
541847,21584,RETROSPOT SMALL TUBE MATCHES,3,2011-01-23 13:25:00,1.65,15443.0,United Kingdom
541847,21588,RETROSPOT GIANT TUBE MATCHES,3,2011-01-23 13:25:00,2.55,15443.0,United Kingdom
541847,22508,DOORSTOP RETROSPOT HEART,1,2011-01-23 13:25:00,3.75,15443.0,United Kingdom
541847,22720,SET OF 3 CAKE TINS PANTRY DESIGN ,2,2011-01-23 13:25:00,4.95,15443.0,United Kingdom
541847,22084,PAPER CHAIN KIT EMPIRE,2,2011-01-23 13:25:00,2.95,15443.0,United Kingdom
541847,21411,GINGHAM HEART  DOORSTOP RED,1,2011-01-23 13:25:00,4.25,15443.0,United Kingdom
541847,22759,SET OF 3 NOTEBOOKS IN PARCEL,4,2011-01-23 13:25:00,1.65,15443.0,United Kingdom
541847,21757,LIGHTHOUSE PRINTED METAL SIGN,2,2011-01-23 13:25:00,4.95,15443.0,United Kingdom
541847,82600,NO SINGING METAL SIGN,2,2011-01-23 13:25:00,2.1,15443.0,United Kingdom
541847,85150,LADIES & GENTLEMEN METAL SIGN,2,2011-01-23 13:25:00,2.55,15443.0,United Kingdom
541847,82551,LAUNDRY 15C METAL SIGN,2,2011-01-23 13:25:00,1.45,15443.0,United Kingdom
541847,21181,PLEASE ONE PERSON METAL SIGN,2,2011-01-23 13:25:00,2.1,15443.0,United Kingdom
541847,22412,METAL SIGN NEIGHBOURHOOD WITCH ,2,2011-01-23 13:25:00,2.1,15443.0,United Kingdom
541847,21903,MAN FLU METAL SIGN,1,2011-01-23 13:25:00,2.1,15443.0,United Kingdom
541847,22115,METAL SIGN EMPIRE TEA,2,2011-01-23 13:25:00,2.95,15443.0,United Kingdom
541847,82583,HOT BATHS METAL SIGN,2,2011-01-23 13:25:00,2.1,15443.0,United Kingdom
541847,21171,BATHROOM METAL SIGN ,2,2011-01-23 13:25:00,1.45,15443.0,United Kingdom
541847,22567,20 DOLLY PEGS RETROSPOT,6,2011-01-23 13:25:00,1.25,15443.0,United Kingdom
541847,22767,TRIPLE PHOTO FRAME CORNICE ,2,2011-01-23 13:25:00,9.95,15443.0,United Kingdom
541847,22776,SWEETHEART CAKESTAND 3 TIER,1,2011-01-23 13:25:00,9.95,15443.0,United Kingdom
541847,21843,RED RETROSPOT CAKE STAND,1,2011-01-23 13:25:00,10.95,15443.0,United Kingdom
541847,21212,PACK OF 72 RETROSPOT CAKE CASES,6,2011-01-23 13:25:00,0.55,15443.0,United Kingdom
541847,22502,PICNIC BASKET WICKER SMALL,2,2011-01-23 13:25:00,5.95,15443.0,United Kingdom
541847,21844,RED RETROSPOT MUG,12,2011-01-23 13:25:00,2.95,15443.0,United Kingdom
541847,84884A,ANT WHITE WIRE HEART SPIRAL,2,2011-01-23 13:25:00,3.95,15443.0,United Kingdom
541847,22469,HEART OF WICKER SMALL,3,2011-01-23 13:25:00,1.65,15443.0,United Kingdom
541847,21533,RETROSPOT LARGE MILK JUG,2,2011-01-23 13:25:00,4.95,15443.0,United Kingdom
541847,21527,RED RETROSPOT TRADITIONAL TEAPOT ,1,2011-01-23 13:25:00,7.95,15443.0,United Kingdom
541847,21217,RED RETROSPOT ROUND CAKE TINS,2,2011-01-23 13:25:00,9.95,15443.0,United Kingdom
541847,21039,RED RETROSPOT SHOPPING BAG,2,2011-01-23 13:25:00,2.55,15443.0,United Kingdom
541847,21080,SET/20 RED RETROSPOT PAPER NAPKINS ,6,2011-01-23 13:25:00,0.85,15443.0,United Kingdom
541847,22073,RED RETROSPOT STORAGE JAR,2,2011-01-23 13:25:00,3.75,15443.0,United Kingdom
541847,21535,RED RETROSPOT SMALL MILK JUG,3,2011-01-23 13:25:00,2.55,15443.0,United Kingdom
541847,21035,SET/2 RED RETROSPOT TEA TOWELS ,2,2011-01-23 13:25:00,2.95,15443.0,United Kingdom
541847,22113,GREY HEART HOT WATER BOTTLE,2,2011-01-23 13:25:00,3.75,15443.0,United Kingdom
541847,21485,RETROSPOT HEART HOT WATER BOTTLE,2,2011-01-23 13:25:00,4.95,15443.0,United Kingdom
541847,22079,RIBBON REEL HEARTS DESIGN ,5,2011-01-23 13:25:00,1.65,15443.0,United Kingdom
541847,22588,CARD HOLDER GINGHAM HEART,4,2011-01-23 13:25:00,2.55,15443.0,United Kingdom
541848,90145,SILVER HOOP EARRINGS WITH FLOWER,2,2011-01-23 13:31:00,5.95,17611.0,United Kingdom
541848,90160B,RED BOUDICCA LARGE BRACELET,2,2011-01-23 13:31:00,6.95,17611.0,United Kingdom
541848,90160C,TURQ+RED BOUDICCA LARGE BRACELET,2,2011-01-23 13:31:00,6.95,17611.0,United Kingdom
541848,90161B,ANT COPPER TURQ BOUDICCA BRACELET,2,2011-01-23 13:31:00,4.95,17611.0,United Kingdom
541848,90161C,ANT COPPER LIME BOUDICCA BRACELET,2,2011-01-23 13:31:00,4.95,17611.0,United Kingdom
541848,90072,RUBY DROP CHANDELIER EARRINGS,2,2011-01-23 13:31:00,3.75,17611.0,United Kingdom
541848,90073,VINTAGE ENAMEL & CRYSTAL EARRINGS,2,2011-01-23 13:31:00,4.95,17611.0,United Kingdom
541848,22469,HEART OF WICKER SMALL,2,2011-01-23 13:31:00,1.65,17611.0,United Kingdom
541848,22294,HEART FILIGREE DOVE  SMALL,6,2011-01-23 13:31:00,1.25,17611.0,United Kingdom
541848,22565,FELTCRAFT HAIRBANDS PINK AND WHITE ,2,2011-01-23 13:31:00,0.85,17611.0,United Kingdom
541848,17164B,ASS COL SMALL SAND GECKO P'WEIGHT,3,2011-01-23 13:31:00,0.42,17611.0,United Kingdom
541848,21788,KIDS RAIN MAC BLUE,2,2011-01-23 13:31:00,0.85,17611.0,United Kingdom
541848,21789,KIDS RAIN MAC PINK,2,2011-01-23 13:31:00,0.85,17611.0,United Kingdom
541848,21679,SKULLS  STICKERS,6,2011-01-23 13:31:00,0.85,17611.0,United Kingdom
541848,21544,SKULLS  WATER TRANSFER TATTOOS ,6,2011-01-23 13:31:00,0.85,17611.0,United Kingdom
541848,21224,SET/4 SKULL BADGES,4,2011-01-23 13:31:00,1.25,17611.0,United Kingdom
541848,22550,HOLIDAY FUN LUDO,1,2011-01-23 13:31:00,3.75,17611.0,United Kingdom
541848,21704,BAG 250g SWIRLY MARBLES,2,2011-01-23 13:31:00,0.85,17611.0,United Kingdom
541848,22924,FRIDGE MAGNETS LA VIE EN ROSE,6,2011-01-23 13:31:00,0.85,17611.0,United Kingdom
541848,21915,RED  HARMONICA IN BOX ,2,2011-01-23 13:31:00,1.25,17611.0,United Kingdom
541848,21787,RAIN PONCHO RETROSPOT,2,2011-01-23 13:31:00,0.85,17611.0,United Kingdom
541848,21563,RED HEART SHAPE LOVE BUCKET ,2,2011-01-23 13:31:00,2.95,17611.0,United Kingdom
541848,21914,BLUE HARMONICA IN BOX ,2,2011-01-23 13:31:00,1.25,17611.0,United Kingdom
541848,22674,FRENCH TOILET SIGN BLUE METAL,1,2011-01-23 13:31:00,1.25,17611.0,United Kingdom
541848,21889,WOODEN BOX OF DOMINOES,2,2011-01-23 13:31:00,1.25,17611.0,United Kingdom
541848,22561,WOODEN SCHOOL COLOURING SET,2,2011-01-23 13:31:00,1.65,17611.0,United Kingdom
541848,79321,CHILLI LIGHTS,2,2011-01-23 13:31:00,4.95,17611.0,United Kingdom
541848,22652,TRAVEL SEWING KIT,2,2011-01-23 13:31:00,1.65,17611.0,United Kingdom
541848,21580,RABBIT  DESIGN  COTTON TOTE BAG,1,2011-01-23 13:31:00,2.25,17611.0,United Kingdom
541848,21579,LOLITA  DESIGN  COTTON TOTE BAG,1,2011-01-23 13:31:00,2.25,17611.0,United Kingdom
541848,20698,LITTLE PINK MONSTER SOFT TOY,1,2011-01-23 13:31:00,2.55,17611.0,United Kingdom
541848,20697,LITTLE GREEN MONSTER SOFT TOY,1,2011-01-23 13:31:00,2.55,17611.0,United Kingdom
541848,21495,SKULLS AND CROSSBONES WRAP,25,2011-01-23 13:31:00,0.42,17611.0,United Kingdom
541848,84507B,STRIPES DESIGN MONKEY DOLL,1,2011-01-23 13:31:00,2.55,17611.0,United Kingdom
541848,22176,BLUE OWL SOFT TOY,2,2011-01-23 13:31:00,2.95,17611.0,United Kingdom
541848,21829,DINOSAUR KEYRINGS ASSORTED,36,2011-01-23 13:31:00,0.21,17611.0,United Kingdom
541848,21100,CHARLIE AND LOLA CHARLOTTE BAG,2,2011-01-23 13:31:00,1.65,17611.0,United Kingdom
541848,22175,PINK OWL SOFT TOY,2,2011-01-23 13:31:00,2.95,17611.0,United Kingdom
541848,21358,TOAST ITS - HAPPY BIRTHDAY,1,2011-01-23 13:31:00,1.25,17611.0,United Kingdom
541848,21354,TOAST ITS - BEST MUM,2,2011-01-23 13:31:00,1.25,17611.0,United Kingdom
541848,21989,PACK OF 20 SKULL PAPER NAPKINS,2,2011-01-23 13:31:00,0.85,17611.0,United Kingdom
541848,21080,SET/20 RED RETROSPOT PAPER NAPKINS ,2,2011-01-23 13:31:00,0.85,17611.0,United Kingdom
541848,85184C,S/4 VALENTINE DECOUPAGE HEART BOX,1,2011-01-23 13:31:00,2.95,17611.0,United Kingdom
541848,22432,WATERING CAN PINK BUNNY,2,2011-01-23 13:31:00,1.95,17611.0,United Kingdom
541848,22431,WATERING CAN BLUE ELEPHANT,1,2011-01-23 13:31:00,1.95,17611.0,United Kingdom
541848,21479,WHITE SKULL HOT WATER BOTTLE ,1,2011-01-23 13:31:00,3.75,17611.0,United Kingdom
541848,21485,RETROSPOT HEART HOT WATER BOTTLE,2,2011-01-23 13:31:00,4.95,17611.0,United Kingdom
541848,22113,GREY HEART HOT WATER BOTTLE,2,2011-01-23 13:31:00,3.75,17611.0,United Kingdom
541848,21481,FAWN BLUE HOT WATER BOTTLE,1,2011-01-23 13:31:00,2.95,17611.0,United Kingdom
541848,21918,SET 12 KIDS COLOUR  CHALK STICKS,1,2011-01-23 13:31:00,0.42,17611.0,United Kingdom
541848,21917,SET 12 KIDS  WHITE CHALK STICKS,1,2011-01-23 13:31:00,0.42,17611.0,United Kingdom
541848,21790,VINTAGE SNAP CARDS,2,2011-01-23 13:31:00,0.85,17611.0,United Kingdom
541848,22653,BUTTON BOX ,2,2011-01-23 13:31:00,1.95,17611.0,United Kingdom
541848,22557,PLASTERS IN TIN VINTAGE PAISLEY ,2,2011-01-23 13:31:00,1.65,17611.0,United Kingdom
541848,22553,PLASTERS IN TIN SKULLS,2,2011-01-23 13:31:00,1.65,17611.0,United Kingdom
541848,79160,HEART SHAPE WIRELESS DOORBELL,1,2011-01-23 13:31:00,2.1,17611.0,United Kingdom
541848,22328,ROUND SNACK BOXES SET OF 4 FRUITS ,1,2011-01-23 13:31:00,2.95,17611.0,United Kingdom
541848,22326,ROUND SNACK BOXES SET OF4 WOODLAND ,1,2011-01-23 13:31:00,2.95,17611.0,United Kingdom
541848,21558,SKULL LUNCH BOX WITH CUTLERY ,1,2011-01-23 13:31:00,2.55,17611.0,United Kingdom
541848,21987,PACK OF 6 SKULL PAPER CUPS,2,2011-01-23 13:31:00,0.65,17611.0,United Kingdom
541848,85227,SET OF 6 3D KIT CARDS FOR KIDS,2,2011-01-23 13:31:00,0.85,17611.0,United Kingdom
541848,21357,TOAST ITS - DINOSAUR,2,2011-01-23 13:31:00,1.25,17611.0,United Kingdom
541848,21355,TOAST ITS - I LOVE YOU ,3,2011-01-23 13:31:00,1.25,17611.0,United Kingdom
541848,21913,VINTAGE SEASIDE JIGSAW PUZZLES,1,2011-01-23 13:31:00,3.75,17611.0,United Kingdom
541848,21912,VINTAGE SNAKES & LADDERS,1,2011-01-23 13:31:00,3.75,17611.0,United Kingdom
541848,22358,KINGS CHOICE TEA CADDY ,1,2011-01-23 13:31:00,2.95,17611.0,United Kingdom
541848,79191D,RETRO PLASTIC DAISY TRAY,1,2011-01-23 13:31:00,0.85,17611.0,United Kingdom
541848,79191C,RETRO PLASTIC ELEPHANT TRAY,1,2011-01-23 13:31:00,0.85,17611.0,United Kingdom
541848,79191B,RETRO PLASTIC POLKA TRAY,1,2011-01-23 13:31:00,0.85,17611.0,United Kingdom
541848,22357,KINGS CHOICE BISCUIT TIN,1,2011-01-23 13:31:00,4.25,17611.0,United Kingdom
541848,21071,VINTAGE BILLBOARD DRINK ME MUG,1,2011-01-23 13:31:00,1.25,17611.0,United Kingdom
541848,37370,RETRO COFFEE MUGS ASSORTED,6,2011-01-23 13:31:00,1.25,17611.0,United Kingdom
541848,21348,PINK SPOTS CHOCOLATE NESTING BOXES ,1,2011-01-23 13:31:00,2.95,17611.0,United Kingdom
541848,22973,CHILDREN'S CIRCUS PARADE MUG,6,2011-01-23 13:31:00,1.65,17611.0,United Kingdom
541848,22066,LOVE HEART TRINKET POT,2,2011-01-23 13:31:00,1.45,17611.0,United Kingdom
541848,21877,HOME SWEET HOME MUG,1,2011-01-23 13:31:00,1.25,17611.0,United Kingdom
541848,21874,GIN AND TONIC MUG,2,2011-01-23 13:31:00,1.25,17611.0,United Kingdom
541848,37343,POLKADOT MUG PINK ,2,2011-01-23 13:31:00,1.65,17611.0,United Kingdom
541848,22745,POPPY'S PLAYHOUSE BEDROOM ,2,2011-01-23 13:31:00,2.1,17611.0,United Kingdom
541848,22746,POPPY'S PLAYHOUSE LIVINGROOM ,2,2011-01-23 13:31:00,2.1,17611.0,United Kingdom
541848,22747,POPPY'S PLAYHOUSE BATHROOM,2,2011-01-23 13:31:00,2.1,17611.0,United Kingdom
541848,22748,POPPY'S PLAYHOUSE KITCHEN,2,2011-01-23 13:31:00,2.1,17611.0,United Kingdom
541848,21291,SMALL POLKADOT CHOCOLATE GIFT BAG ,16,2011-01-23 13:31:00,0.85,17611.0,United Kingdom
541848,21830,ASSORTED CREEPY CRAWLIES,24,2011-01-23 13:31:00,0.42,17611.0,United Kingdom
541848,21731,RED TOADSTOOL LED NIGHT LIGHT,4,2011-01-23 13:31:00,1.65,17611.0,United Kingdom
541848,20727,LUNCH BAG  BLACK SKULL.,10,2011-01-23 13:31:00,1.65,17611.0,United Kingdom
541848,20728,LUNCH BAG CARS BLUE,10,2011-01-23 13:31:00,1.65,17611.0,United Kingdom
541848,21888,BINGO SET,1,2011-01-23 13:31:00,3.75,17611.0,United Kingdom
541848,82616C,MIDNIGHT GLAMOUR SCARF KNITTING KIT,1,2011-01-23 13:31:00,2.95,17611.0,United Kingdom
541848,22549,PICTURE DOMINOES,1,2011-01-23 13:31:00,1.45,17611.0,United Kingdom
541848,22714,CARD BIRTHDAY COWBOY,12,2011-01-23 13:31:00,0.42,17611.0,United Kingdom
541848,22468,BABUSHKA LIGHTS STRING OF 10,2,2011-01-23 13:31:00,6.75,17611.0,United Kingdom
541848,22179,SET 10 LIGHTS NIGHT OWL,2,2011-01-23 13:31:00,6.75,17611.0,United Kingdom
541848,79302M,"ART LIGHTS,FUNK MONKEY",1,2011-01-23 13:31:00,2.95,17611.0,United Kingdom
541848,21791,VINTAGE HEADS AND TAILS CARD GAME ,2,2011-01-23 13:31:00,1.25,17611.0,United Kingdom
541848,22037,ROBOT BIRTHDAY CARD,12,2011-01-23 13:31:00,0.42,17611.0,United Kingdom
541848,22027,TEA PARTY BIRTHDAY CARD,12,2011-01-23 13:31:00,0.42,17611.0,United Kingdom
541848,79302M,"ART LIGHTS,FUNK MONKEY",2,2011-01-23 13:31:00,2.95,17611.0,United Kingdom
541848,21527,RED RETROSPOT TRADITIONAL TEAPOT ,1,2011-01-23 13:31:00,7.95,17611.0,United Kingdom
541848,79321,CHILLI LIGHTS,2,2011-01-23 13:31:00,4.95,17611.0,United Kingdom
541848,21213,PACK OF 72 SKULL CAKE CASES,24,2011-01-23 13:31:00,0.55,17611.0,United Kingdom
541848,21531,RED RETROSPOT SUGAR JAM BOWL,1,2011-01-23 13:31:00,2.55,17611.0,United Kingdom
541848,44091A,BLUE CRUSOE CHECK LAMPSHADE,6,2011-01-23 13:31:00,0.42,17611.0,United Kingdom
541849,22196,SMALL HEART MEASURING SPOONS,1,2011-01-23 13:33:00,0.85,13230.0,United Kingdom
541849,20975,12 PENCILS SMALL TUBE RED RETROSPOT,3,2011-01-23 13:34:00,0.65,13230.0,United Kingdom
541849,20973,12 PENCIL SMALL TUBE WOODLAND,2,2011-01-23 13:34:00,0.65,13230.0,United Kingdom
541849,21985,PACK OF 12 HEARTS DESIGN TISSUES ,6,2011-01-23 13:34:00,0.29,13230.0,United Kingdom
541849,21986,PACK OF 12 PINK POLKADOT TISSUES,2,2011-01-23 13:34:00,0.29,13230.0,United Kingdom
541849,21980,PACK OF 12 RED RETROSPOT TISSUES ,2,2011-01-23 13:34:00,0.29,13230.0,United Kingdom
541849,84992,72 SWEETHEART FAIRY CAKE CASES,1,2011-01-23 13:34:00,0.55,13230.0,United Kingdom
541849,21212,PACK OF 72 RETROSPOT CAKE CASES,2,2011-01-23 13:34:00,0.55,13230.0,United Kingdom
541849,21448,12 DAISY PEGS IN WOOD BOX,1,2011-01-23 13:34:00,1.65,13230.0,United Kingdom
541849,22464,HANGING METAL HEART LANTERN,1,2011-01-23 13:34:00,1.65,13230.0,United Kingdom
541849,21188,3D HEARTS  HONEYCOMB PAPER GARLAND,1,2011-01-23 13:34:00,2.95,13230.0,United Kingdom
541849,21155,RED RETROSPOT PEG BAG,1,2011-01-23 13:34:00,2.1,13230.0,United Kingdom
541849,22423,REGENCY CAKESTAND 3 TIER,1,2011-01-23 13:34:00,12.75,13230.0,United Kingdom
541849,21210,SET OF 72 RETROSPOT PAPER  DOILIES,2,2011-01-23 13:34:00,1.45,13230.0,United Kingdom
541849,84988,SET OF 72 PINK HEART PAPER DOILIES,1,2011-01-23 13:34:00,1.45,13230.0,United Kingdom
541849,21527,RED RETROSPOT TRADITIONAL TEAPOT ,1,2011-01-23 13:34:00,7.95,13230.0,United Kingdom
541849,48188,DOORMAT WELCOME PUPPIES,1,2011-01-23 13:34:00,7.95,13230.0,United Kingdom
541849,48129,DOORMAT TOPIARY,1,2011-01-23 13:34:00,7.95,13230.0,United Kingdom
541849,48194,DOORMAT HEARTS,1,2011-01-23 13:34:00,7.95,13230.0,United Kingdom
541849,21034,REX CASH+CARRY JUMBO SHOPPER,1,2011-01-23 13:34:00,0.95,13230.0,United Kingdom
541849,22784,LANTERN CREAM GAZEBO ,2,2011-01-23 13:34:00,4.95,13230.0,United Kingdom
541849,71053,WHITE METAL LANTERN,1,2011-01-23 13:34:00,3.75,13230.0,United Kingdom
541849,21844,RED RETROSPOT MUG,2,2011-01-23 13:34:00,2.95,13230.0,United Kingdom
541849,22961,JAM MAKING SET PRINTED,2,2011-01-23 13:34:00,1.45,13230.0,United Kingdom
541849,82613D,METAL SIGN CUPCAKE SINGLE HOOK,1,2011-01-23 13:34:00,1.25,13230.0,United Kingdom
541849,82613A,"METAL SIGN,CUPCAKE SINGLE HOOK",1,2011-01-23 13:34:00,1.25,13230.0,United Kingdom
541849,22931,BAKING MOULD HEART WHITE CHOCOLATE,1,2011-01-23 13:34:00,2.55,13230.0,United Kingdom
541849,85038,6 CHOCOLATE LOVE HEART T-LIGHTS,1,2011-01-23 13:34:00,2.1,13230.0,United Kingdom
541849,21535,RED RETROSPOT SMALL MILK JUG,1,2011-01-23 13:34:00,2.55,13230.0,United Kingdom
541849,22464,HANGING METAL HEART LANTERN,1,2011-01-23 13:34:00,1.65,13230.0,United Kingdom
541849,22072,RED RETROSPOT TEA CUP AND SAUCER ,1,2011-01-23 13:34:00,3.75,13230.0,United Kingdom
541849,22072,RED RETROSPOT TEA CUP AND SAUCER ,1,2011-01-23 13:34:00,3.75,13230.0,United Kingdom
541849,22749,FELTCRAFT PRINCESS CHARLOTTE DOLL,1,2011-01-23 13:34:00,3.75,13230.0,United Kingdom
541849,22750,FELTCRAFT PRINCESS LOLA DOLL,1,2011-01-23 13:34:00,3.75,13230.0,United Kingdom
541849,40016,CHINESE DRAGON PAPER LANTERNS,12,2011-01-23 13:34:00,0.42,13230.0,United Kingdom
541849,22212,FOUR HOOK  WHITE LOVEBIRDS,1,2011-01-23 13:34:00,2.1,13230.0,United Kingdom
541849,22467,GUMBALL COAT RACK,2,2011-01-23 13:34:00,2.55,13230.0,United Kingdom
541849,22719,GUMBALL MONOCHROME COAT RACK,1,2011-01-23 13:34:00,1.25,13230.0,United Kingdom
541849,22789,T-LIGHT HOLDER SWEETHEART HANGING,2,2011-01-23 13:34:00,1.95,13230.0,United Kingdom
541849,71053,WHITE METAL LANTERN,1,2011-01-23 13:34:00,3.75,13230.0,United Kingdom
541849,85123A,WHITE HANGING HEART T-LIGHT HOLDER,1,2011-01-23 13:34:00,2.95,13230.0,United Kingdom
541849,22467,GUMBALL COAT RACK,1,2011-01-23 13:34:00,2.55,13230.0,United Kingdom
541849,84406B,CREAM CUPID HEARTS COAT HANGER,1,2011-01-23 13:34:00,3.25,13230.0,United Kingdom
541849,84992,72 SWEETHEART FAIRY CAKE CASES,1,2011-01-23 13:34:00,0.55,13230.0,United Kingdom
541849,84378,SET OF 3 HEART COOKIE CUTTERS,1,2011-01-23 13:34:00,1.25,13230.0,United Kingdom
541849,22079,RIBBON REEL HEARTS DESIGN ,1,2011-01-23 13:34:00,1.65,13230.0,United Kingdom
541849,22136,LOVE HEART SOCK HANGER,2,2011-01-23 13:34:00,1.65,13230.0,United Kingdom
541849,22195,LARGE HEART MEASURING SPOONS,1,2011-01-23 13:34:00,1.65,13230.0,United Kingdom
541849,10002,INFLATABLE POLITICAL GLOBE ,2,2011-01-23 13:34:00,0.85,13230.0,United Kingdom
541850,85187,S/12 MINI RABBIT EASTER,2,2011-01-23 13:58:00,1.65,14224.0,United Kingdom
541850,22268,EASTER DECORATION SITTING BUNNY,3,2011-01-23 13:58:00,0.85,14224.0,United Kingdom
541850,22266,EASTER DECORATION HANGING BUNNY,3,2011-01-23 13:58:00,0.65,14224.0,United Kingdom
541850,84457,SET/3 RABBITS FLOWER SKIPPPING ROPE,1,2011-01-23 13:58:00,0.85,14224.0,United Kingdom
541850,22247,BUNNY DECORATION MAGIC GARDEN,2,2011-01-23 13:58:00,0.85,14224.0,United Kingdom
541850,21717,EASTER TIN BUCKET,2,2011-01-23 13:58:00,2.55,14224.0,United Kingdom
541850,22639,SET OF 4 NAPKIN CHARMS HEARTS,10,2011-01-23 13:58:00,2.55,14224.0,United Kingdom
541850,22247,BUNNY DECORATION MAGIC GARDEN,4,2011-01-23 13:58:00,0.85,14224.0,United Kingdom
541850,22288,HANGING METAL RABBIT DECORATION,1,2011-01-23 13:58:00,1.25,14224.0,United Kingdom
541850,22287,"DECORATION , WOBBLY CHICKEN, METAL ",1,2011-01-23 13:58:00,1.65,14224.0,United Kingdom
541850,22267,EASTER DECORATION EGG BUNNY ,2,2011-01-23 13:58:00,1.25,14224.0,United Kingdom
541850,22284,HEN HOUSE DECORATION,2,2011-01-23 13:58:00,1.65,14224.0,United Kingdom
541850,72133,COLUMBIAN CANDLE RECTANGLE,2,2011-01-23 13:58:00,1.25,14224.0,United Kingdom
541850,72134,COLUMBIAN  CUBE CANDLE ,2,2011-01-23 13:58:00,0.85,14224.0,United Kingdom
541850,22021,BLUE FELT EASTER EGG BASKET,1,2011-01-23 13:58:00,1.65,14224.0,United Kingdom
541850,85206A,CREAM FELT EASTER EGG BASKET,1,2011-01-23 13:58:00,1.65,14224.0,United Kingdom
541850,21683,MEDIUM MEDINA STAMPED METAL BOWL ,6,2011-01-23 13:58:00,2.95,14224.0,United Kingdom
541850,21684,SMALL MEDINA STAMPED METAL BOWL ,12,2011-01-23 13:58:00,0.85,14224.0,United Kingdom
541850,21781,MA CAMPAGNE CUTLERY BOX,1,2011-01-23 13:58:00,14.95,14224.0,United Kingdom
541850,84673B,BLUE FLY SWAT,1,2011-01-23 13:58:00,0.65,14224.0,United Kingdom
541850,21457,2 PICTURE BOOK EGGS EASTER DUCKS,2,2011-01-23 13:58:00,1.25,14224.0,United Kingdom
541850,21456,2 PICTURE BOOK EGGS EASTER CHICKS,2,2011-01-23 13:58:00,1.25,14224.0,United Kingdom
541850,21733,RED HANGING HEART T-LIGHT HOLDER,2,2011-01-23 13:58:00,2.95,14224.0,United Kingdom
541850,21459,YELLOW EASTER EGG HUNT START POST,2,2011-01-23 13:58:00,1.95,14224.0,United Kingdom
541850,22637,PIGGY BANK RETROSPOT ,4,2011-01-23 13:58:00,2.55,14224.0,United Kingdom
541850,22079,RIBBON REEL HEARTS DESIGN ,5,2011-01-23 13:58:00,1.65,14224.0,United Kingdom
541850,21034,REX CASH+CARRY JUMBO SHOPPER,1,2011-01-23 13:58:00,0.95,14224.0,United Kingdom
541850,22797,CHEST OF DRAWERS GINGHAM HEART ,1,2011-01-23 13:58:00,16.95,14224.0,United Kingdom
541850,22470,HEART OF WICKER LARGE,2,2011-01-23 13:58:00,2.95,14224.0,United Kingdom
541850,22617,BAKING SET SPACEBOY DESIGN,1,2011-01-23 13:58:00,4.95,14224.0,United Kingdom
541850,22469,HEART OF WICKER SMALL,2,2011-01-23 13:58:00,1.65,14224.0,United Kingdom
541850,22423,REGENCY CAKESTAND 3 TIER,1,2011-01-23 13:58:00,12.75,14224.0,United Kingdom
541850,22138,BAKING SET 9 PIECE RETROSPOT ,1,2011-01-23 13:58:00,4.95,14224.0,United Kingdom
541850,85066,CREAM SWEETHEART MINI CHEST,1,2011-01-23 13:58:00,12.75,14224.0,United Kingdom
541850,22634,CHILDS BREAKFAST SET SPACEBOY ,1,2011-01-23 13:58:00,9.95,14224.0,United Kingdom
541850,22635,CHILDS BREAKFAST SET DOLLY GIRL ,1,2011-01-23 13:58:00,9.95,14224.0,United Kingdom
541850,22618,COOKING SET RETROSPOT,1,2011-01-23 13:58:00,9.95,14224.0,United Kingdom
541850,22988,SOLDIERS EGG CUP ,8,2011-01-23 13:58:00,1.25,14224.0,United Kingdom
541850,82599,FANNY'S REST STOPMETAL SIGN,1,2011-01-23 13:58:00,2.1,14224.0,United Kingdom
541850,85150,LADIES & GENTLEMEN METAL SIGN,1,2011-01-23 13:58:00,2.55,14224.0,United Kingdom
541851,22047,EMPIRE GIFT WRAP,25,2011-01-23 14:20:00,0.42,17841.0,United Kingdom
541851,82483,WOOD 2 DRAWER CABINET WHITE FINISH,2,2011-01-23 14:20:00,5.95,17841.0,United Kingdom
541851,84685,BEACH HUT KEY CABINET,3,2011-01-23 14:20:00,3.75,17841.0,United Kingdom
541851,22673,FRENCH GARDEN SIGN BLUE METAL,1,2011-01-23 14:20:00,1.25,17841.0,United Kingdom
541851,22694,WICKER STAR ,1,2011-01-23 14:20:00,2.1,17841.0,United Kingdom
541851,84912A,PINK ROSE WASHBAG,1,2011-01-23 14:20:00,3.75,17841.0,United Kingdom
541851,84406B,CREAM CUPID HEARTS COAT HANGER,2,2011-01-23 14:20:00,3.25,17841.0,United Kingdom
541851,22173,METAL 4 HOOK HANGER FRENCH CHATEAU,1,2011-01-23 14:20:00,2.95,17841.0,United Kingdom
541851,22087,PAPER BUNTING WHITE LACE,1,2011-01-23 14:20:00,2.95,17841.0,United Kingdom
541851,84849D,HOT BATHS SOAP HOLDER,1,2011-01-23 14:20:00,1.69,17841.0,United Kingdom
541851,22179,SET 10 LIGHTS NIGHT OWL,4,2011-01-23 14:20:00,6.75,17841.0,United Kingdom
541851,21756,BATH BUILDING BLOCK WORD,1,2011-01-23 14:20:00,5.95,17841.0,United Kingdom
541851,22384,LUNCH BAG PINK POLKADOT,1,2011-01-23 14:20:00,1.65,17841.0,United Kingdom
541851,22383,LUNCH BAG SUKI  DESIGN ,1,2011-01-23 14:20:00,1.65,17841.0,United Kingdom
541851,15044D,RED PAPER PARASOL,2,2011-01-23 14:20:00,2.95,17841.0,United Kingdom
541851,22754,SMALL RED BABUSHKA NOTEBOOK ,4,2011-01-23 14:20:00,0.85,17841.0,United Kingdom
541851,22475,SKULL DESIGN TV DINNER TRAY,1,2011-01-23 14:20:00,4.95,17841.0,United Kingdom
C541852,21781,MA CAMPAGNE CUTLERY BOX,-1,2011-01-23 14:21:00,14.95,17841.0,United Kingdom
541853,21463,MIRRORED DISCO BALL ,4,2011-01-23 14:29:00,5.95,17858.0,United Kingdom
541853,82483,WOOD 2 DRAWER CABINET WHITE FINISH,6,2011-01-23 14:29:00,5.95,17858.0,United Kingdom
541853,82486,WOOD S/3 CABINET ANT WHITE FINISH,6,2011-01-23 14:29:00,7.95,17858.0,United Kingdom
541853,40001,WHITE BAMBOO RIBS LAMPSHADE,12,2011-01-23 14:29:00,0.85,17858.0,United Kingdom
541853,82484,WOOD BLACK BOARD ANT WHITE FINISH,6,2011-01-23 14:29:00,6.45,17858.0,United Kingdom
541853,82494L,WOODEN FRAME ANTIQUE WHITE ,5,2011-01-23 14:29:00,2.95,17858.0,United Kingdom
541853,84406B,CREAM CUPID HEARTS COAT HANGER,8,2011-01-23 14:29:00,3.25,17858.0,United Kingdom
541853,84792,ENCHANTED BIRD COATHANGER 5 HOOK,6,2011-01-23 14:29:00,4.65,17858.0,United Kingdom
541854,47559B,TEA TIME OVEN GLOVE,1,2011-01-23 14:58:00,1.25,18283.0,United Kingdom
541854,22147,FELTCRAFT BUTTERFLY HEARTS,1,2011-01-23 14:58:00,1.45,18283.0,United Kingdom
541854,22149,FELTCRAFT 6 FLOWER FRIENDS,1,2011-01-23 14:58:00,2.1,18283.0,United Kingdom
541854,22150,3 STRIPEY MICE FELTCRAFT,1,2011-01-23 14:58:00,1.95,18283.0,United Kingdom
541854,84997C,BLUE 3 PIECE POLKADOT CUTLERY SET,1,2011-01-23 14:58:00,3.75,18283.0,United Kingdom
541854,84997D,PINK 3 PIECE POLKADOT CUTLERY SET,1,2011-01-23 14:58:00,3.75,18283.0,United Kingdom
541854,84755,COLOUR GLASS T-LIGHT HOLDER HANGING,8,2011-01-23 14:58:00,0.65,18283.0,United Kingdom
541854,85152,HAND OVER THE CHOCOLATE   SIGN ,1,2011-01-23 14:58:00,2.1,18283.0,United Kingdom
541854,85150,LADIES & GENTLEMEN METAL SIGN,1,2011-01-23 14:58:00,2.55,18283.0,United Kingdom
541854,21907,I'M ON HOLIDAY METAL SIGN,1,2011-01-23 14:58:00,2.1,18283.0,United Kingdom
541854,21166,COOK WITH WINE METAL SIGN ,1,2011-01-23 14:58:00,1.95,18283.0,United Kingdom
541854,22586,FELTCRAFT HAIRBAND PINK AND BLUE,1,2011-01-23 14:58:00,0.85,18283.0,United Kingdom
541854,22367,CHILDRENS APRON SPACEBOY DESIGN,1,2011-01-23 14:58:00,1.95,18283.0,United Kingdom
541854,22469,HEART OF WICKER SMALL,1,2011-01-23 14:58:00,1.65,18283.0,United Kingdom
541854,22554,PLASTERS IN TIN WOODLAND ANIMALS,1,2011-01-23 14:58:00,1.65,18283.0,United Kingdom
541854,22551,PLASTERS IN TIN SPACEBOY,1,2011-01-23 14:58:00,1.65,18283.0,United Kingdom
541854,22553,PLASTERS IN TIN SKULLS,1,2011-01-23 14:58:00,1.65,18283.0,United Kingdom
541854,21828,EIGHT PIECE SNAKE  SET,1,2011-01-23 14:58:00,1.25,18283.0,United Kingdom
541854,21826,EIGHT PIECE DINOSAUR SET,1,2011-01-23 14:58:00,1.25,18283.0,United Kingdom
541854,20719,WOODLAND CHARLOTTE BAG,1,2011-01-23 14:58:00,0.85,18283.0,United Kingdom
541854,22933,BAKING MOULD EASTER EGG MILK CHOC,1,2011-01-23 14:58:00,2.95,18283.0,United Kingdom
541854,22935,BAKING MOULD ROSE MILK CHOCOLATE,1,2011-01-23 14:58:00,3.25,18283.0,United Kingdom
541854,22930,BAKING MOULD HEART MILK CHOCOLATE,1,2011-01-23 14:58:00,2.55,18283.0,United Kingdom
541854,22758,LARGE PURPLE BABUSHKA NOTEBOOK  ,1,2011-01-23 14:58:00,1.25,18283.0,United Kingdom
541854,22753,SMALL YELLOW BABUSHKA NOTEBOOK ,1,2011-01-23 14:58:00,0.85,18283.0,United Kingdom
541854,22755,SMALL PURPLE BABUSHKA NOTEBOOK ,1,2011-01-23 14:58:00,0.85,18283.0,United Kingdom
541854,22754,SMALL RED BABUSHKA NOTEBOOK ,1,2011-01-23 14:58:00,0.85,18283.0,United Kingdom
541854,22756,LARGE YELLOW BABUSHKA NOTEBOOK ,1,2011-01-23 14:58:00,1.25,18283.0,United Kingdom
541854,22758,LARGE PURPLE BABUSHKA NOTEBOOK  ,1,2011-01-23 14:58:00,1.25,18283.0,United Kingdom
541854,22666,RECIPE BOX PANTRY YELLOW DESIGN,1,2011-01-23 14:58:00,2.95,18283.0,United Kingdom
541854,22386,JUMBO BAG PINK POLKADOT,1,2011-01-23 14:58:00,1.95,18283.0,United Kingdom
541854,21931,JUMBO STORAGE BAG SUKI,1,2011-01-23 14:58:00,1.95,18283.0,United Kingdom
541854,22355,CHARLOTTE BAG SUKI DESIGN,1,2011-01-23 14:58:00,0.85,18283.0,United Kingdom
541854,85099F,JUMBO BAG STRAWBERRY,1,2011-01-23 14:58:00,1.95,18283.0,United Kingdom
541854,20712,JUMBO BAG WOODLAND ANIMALS,1,2011-01-23 14:58:00,1.95,18283.0,United Kingdom
541854,21928,JUMBO BAG SCANDINAVIAN PAISLEY,1,2011-01-23 14:58:00,1.95,18283.0,United Kingdom
541854,22748,POPPY'S PLAYHOUSE KITCHEN,1,2011-01-23 14:58:00,2.1,18283.0,United Kingdom
541854,20967,GREY FLORAL FELTCRAFT SHOULDER BAG,1,2011-01-23 14:58:00,3.75,18283.0,United Kingdom
541854,20728,LUNCH BAG CARS BLUE,1,2011-01-23 14:58:00,1.65,18283.0,United Kingdom
541854,22356,CHARLOTTE BAG PINK POLKADOT,1,2011-01-23 14:58:00,0.85,18283.0,United Kingdom
541854,21870,I CAN ONLY PLEASE ONE PERSON MUG,6,2011-01-23 14:58:00,1.25,18283.0,United Kingdom
541854,22649,STRAWBERRY FAIRY CAKE TEAPOT,1,2011-01-23 14:58:00,4.95,18283.0,United Kingdom
541854,21068,VINTAGE BILLBOARD LOVE/HATE MUG,6,2011-01-23 14:58:00,1.25,18283.0,United Kingdom
541854,21874,GIN AND TONIC MUG,3,2011-01-23 14:58:00,1.25,18283.0,United Kingdom
541854,21232,STRAWBERRY CERAMIC TRINKET BOX,4,2011-01-23 14:58:00,1.25,18283.0,United Kingdom
541855,21906,PHARMACIE FIRST AID TIN,1,2011-01-23 14:59:00,6.75,13742.0,United Kingdom
541855,22465,HANGING METAL STAR LANTERN,1,2011-01-23 14:59:00,1.65,13742.0,United Kingdom
541855,20886,BOX OF 9 PEBBLE CANDLES,1,2011-01-23 14:59:00,1.95,13742.0,United Kingdom
541855,21896,POTTING SHED TWINE,2,2011-01-23 14:59:00,2.1,13742.0,United Kingdom
541855,21730,GLASS STAR FROSTED T-LIGHT HOLDER,1,2011-01-23 14:59:00,4.95,13742.0,United Kingdom
541855,85123A,WHITE HANGING HEART T-LIGHT HOLDER,1,2011-01-23 14:59:00,2.95,13742.0,United Kingdom
541855,21430,SET/3 RED GINGHAM ROSE STORAGE BOX,1,2011-01-23 14:59:00,3.75,13742.0,United Kingdom
541855,21380,WOODEN HAPPY BIRTHDAY GARLAND,2,2011-01-23 14:59:00,2.95,13742.0,United Kingdom
541855,47590A,BLUE HAPPY BIRTHDAY BUNTING,1,2011-01-23 14:59:00,5.45,13742.0,United Kingdom
541855,47590B,PINK HAPPY BIRTHDAY BUNTING,1,2011-01-23 14:59:00,5.45,13742.0,United Kingdom
541855,21755,LOVE BUILDING BLOCK WORD,1,2011-01-23 14:59:00,5.95,13742.0,United Kingdom
541855,22694,WICKER STAR ,1,2011-01-23 14:59:00,2.1,13742.0,United Kingdom
541855,22470,HEART OF WICKER LARGE,2,2011-01-23 14:59:00,2.95,13742.0,United Kingdom
541855,22508,DOORSTOP RETROSPOT HEART,1,2011-01-23 14:59:00,3.75,13742.0,United Kingdom
541855,22027,TEA PARTY BIRTHDAY CARD,12,2011-01-23 14:59:00,0.42,13742.0,United Kingdom
541855,22984,CARD GINGHAM ROSE ,12,2011-01-23 14:59:00,0.42,13742.0,United Kingdom
541855,21519,GIN & TONIC DIET GREETING CARD ,12,2011-01-23 14:59:00,0.42,13742.0,United Kingdom
541855,22814,CARD PARTY GAMES ,12,2011-01-23 14:59:00,0.42,13742.0,United Kingdom
541855,21520,BOOZE & WOMEN GREETING CARD ,12,2011-01-23 14:59:00,0.42,13742.0,United Kingdom
541855,22983,CARD BILLBOARD FONT,12,2011-01-23 14:59:00,0.42,13742.0,United Kingdom
541855,22028,PENNY FARTHING BIRTHDAY CARD,12,2011-01-23 14:59:00,0.42,13742.0,United Kingdom
541855,21506,"FANCY FONT BIRTHDAY CARD, ",12,2011-01-23 14:59:00,0.42,13742.0,United Kingdom
541855,22717,CARD DOG AND BALL ,12,2011-01-23 14:59:00,0.42,13742.0,United Kingdom
541855,22029,SPACEBOY BIRTHDAY CARD,12,2011-01-23 14:59:00,0.42,13742.0,United Kingdom
541855,22819,"BIRTHDAY CARD, RETRO SPOT",12,2011-01-23 14:59:00,0.42,13742.0,United Kingdom
541855,21518,BANK ACCOUNT  GREETING  CARD ,12,2011-01-23 14:59:00,0.42,13742.0,United Kingdom
541855,84050,PINK HEART SHAPE EGG FRYING PAN,1,2011-01-23 14:59:00,1.65,13742.0,United Kingdom
541855,21260,FIRST AID TIN,2,2011-01-23 14:59:00,3.25,13742.0,United Kingdom
541855,22557,PLASTERS IN TIN VINTAGE PAISLEY ,1,2011-01-23 14:59:00,1.65,13742.0,United Kingdom
541855,22554,PLASTERS IN TIN WOODLAND ANIMALS,1,2011-01-23 14:59:00,1.65,13742.0,United Kingdom
541855,22551,PLASTERS IN TIN SPACEBOY,1,2011-01-23 14:59:00,1.65,13742.0,United Kingdom
541855,22469,HEART OF WICKER SMALL,2,2011-01-23 14:59:00,1.65,13742.0,United Kingdom
541855,21927,BLUE/CREAM STRIPE CUSHION COVER ,2,2011-01-23 14:59:00,1.25,13742.0,United Kingdom
541855,21925,UNION STRIPE CUSHION COVER ,2,2011-01-23 14:59:00,1.25,13742.0,United Kingdom
541855,21926,RED/CREAM STRIPE CUSHION COVER ,2,2011-01-23 14:59:00,1.25,13742.0,United Kingdom
541855,22499,WOODEN UNION JACK BUNTING,1,2011-01-23 14:59:00,5.95,13742.0,United Kingdom
541855,82484,WOOD BLACK BOARD ANT WHITE FINISH,1,2011-01-23 14:59:00,6.45,13742.0,United Kingdom
541855,22487,WHITE WOOD GARDEN PLANT LADDER,1,2011-01-23 14:59:00,9.95,13742.0,United Kingdom
541855,21901,"KEY FOB , BACK DOOR ",2,2011-01-23 14:59:00,0.65,13742.0,United Kingdom
541855,21754,HOME BUILDING BLOCK WORD,1,2011-01-23 14:59:00,5.95,13742.0,United Kingdom
541855,22723,SET OF 6 HERB TINS SKETCHBOOK,1,2011-01-23 14:59:00,3.95,13742.0,United Kingdom
541855,20886,BOX OF 9 PEBBLE CANDLES,1,2011-01-23 14:59:00,1.95,13742.0,United Kingdom
541855,21668,RED STRIPE CERAMIC DRAWER KNOB,4,2011-01-23 14:59:00,1.25,13742.0,United Kingdom
541855,22740,POLKADOT PEN,4,2011-01-23 14:59:00,0.85,13742.0,United Kingdom
541855,22457,NATURAL SLATE HEART CHALKBOARD ,1,2011-01-23 14:59:00,2.95,13742.0,United Kingdom
541855,22168,ORGANISER WOOD ANTIQUE WHITE ,1,2011-01-23 14:59:00,8.5,13742.0,United Kingdom
541855,21781,MA CAMPAGNE CUTLERY BOX,1,2011-01-23 14:59:00,14.95,13742.0,United Kingdom
541855,85053,FRENCH ENAMEL CANDLEHOLDER,2,2011-01-23 14:59:00,2.1,13742.0,United Kingdom
541855,21317,GLASS SPHERE CANDLE STAND MEDIUM,2,2011-01-23 14:59:00,5.45,13742.0,United Kingdom
541855,22193,RED DINER WALL CLOCK,1,2011-01-23 14:59:00,8.5,13742.0,United Kingdom
541855,22361,GLASS JAR DAISY FRESH COTTON WOOL,1,2011-01-23 14:59:00,2.95,13742.0,United Kingdom
541855,84970S,HANGING HEART ZINC T-LIGHT HOLDER,2,2011-01-23 14:59:00,0.85,13742.0,United Kingdom
541855,84949,SILVER HANGING T-LIGHT HOLDER,2,2011-01-23 14:59:00,1.65,13742.0,United Kingdom
541855,22464,HANGING METAL HEART LANTERN,2,2011-01-23 14:59:00,1.65,13742.0,United Kingdom
541855,22723,SET OF 6 HERB TINS SKETCHBOOK,1,2011-01-23 14:59:00,3.95,13742.0,United Kingdom
541855,22443,GROW YOUR OWN HERBS SET OF 3,1,2011-01-23 14:59:00,7.95,13742.0,United Kingdom
541855,85062,PEARL CRYSTAL PUMPKIN T-LIGHT HLDR,2,2011-01-23 14:59:00,1.65,13742.0,United Kingdom
541855,21733,RED HANGING HEART T-LIGHT HOLDER,1,2011-01-23 14:59:00,2.95,13742.0,United Kingdom
541855,21900,"KEY FOB , SHED",8,2011-01-23 14:59:00,0.65,13742.0,United Kingdom
541855,84970S,HANGING HEART ZINC T-LIGHT HOLDER,2,2011-01-23 14:59:00,0.85,13742.0,United Kingdom
541855,22722,SET OF 6 SPICE TINS PANTRY DESIGN,2,2011-01-23 14:59:00,3.95,13742.0,United Kingdom
541855,22456,NATURAL SLATE CHALKBOARD LARGE ,1,2011-01-23 14:59:00,4.95,13742.0,United Kingdom
541855,22457,NATURAL SLATE HEART CHALKBOARD ,2,2011-01-23 14:59:00,2.95,13742.0,United Kingdom
541855,22465,HANGING METAL STAR LANTERN,1,2011-01-23 14:59:00,1.65,13742.0,United Kingdom
541855,22626,BLACK KITCHEN SCALES,1,2011-01-23 14:59:00,8.5,13742.0,United Kingdom
541855,22766,PHOTO FRAME CORNICE,2,2011-01-23 14:59:00,2.95,13742.0,United Kingdom
541855,22926,IVORY GIANT GARDEN THERMOMETER,1,2011-01-23 14:59:00,5.95,13742.0,United Kingdom
541855,21658,GLASS  BEURRE DISH,1,2011-01-23 14:59:00,3.95,13742.0,United Kingdom
541855,22352,LUNCH BOX WITH CUTLERY RETROSPOT ,1,2011-01-23 14:59:00,2.55,13742.0,United Kingdom
541855,84510A,SET OF 4 ENGLISH ROSE COASTERS,2,2011-01-23 14:59:00,1.25,13742.0,United Kingdom
541855,21259,VICTORIAN SEWING BOX SMALL ,1,2011-01-23 14:59:00,5.95,13742.0,United Kingdom
541855,22789,T-LIGHT HOLDER SWEETHEART HANGING,2,2011-01-23 14:59:00,1.95,13742.0,United Kingdom
541855,22767,TRIPLE PHOTO FRAME CORNICE ,2,2011-01-23 14:59:00,9.95,13742.0,United Kingdom
541855,22329,ROUND CONTAINER SET OF 5 RETROSPOT,1,2011-01-23 14:59:00,1.65,13742.0,United Kingdom
541855,21843,RED RETROSPOT CAKE STAND,1,2011-01-23 14:59:00,10.95,13742.0,United Kingdom
541855,20751,FUNKY WASHING UP GLOVES ASSORTED,1,2011-01-23 14:59:00,2.1,13742.0,United Kingdom
541855,20752,BLUE POLKADOT WASHING UP GLOVES,1,2011-01-23 14:59:00,2.1,13742.0,United Kingdom
541855,22361,GLASS JAR DAISY FRESH COTTON WOOL,1,2011-01-23 14:59:00,2.95,13742.0,United Kingdom
541855,84509A,SET OF 4 ENGLISH ROSE PLACEMATS,1,2011-01-23 14:59:00,3.75,13742.0,United Kingdom
541855,22796,PHOTO FRAME 3 CLASSIC HANGING,3,2011-01-23 14:59:00,9.95,13742.0,United Kingdom
541855,22863,SOAP DISH BROCANTE,1,2011-01-23 14:59:00,2.95,13742.0,United Kingdom
541855,84836,ZINC METAL HEART DECORATION,2,2011-01-23 14:59:00,1.25,13742.0,United Kingdom
541855,21947,SET OF 6 HEART CHOPSTICKS,1,2011-01-23 14:59:00,1.25,13742.0,United Kingdom
541855,20978,36 PENCILS TUBE SKULLS,1,2011-01-23 14:59:00,1.25,13742.0,United Kingdom
541855,20979,36 PENCILS TUBE RED RETROSPOT,1,2011-01-23 14:59:00,1.25,13742.0,United Kingdom
541855,20975,12 PENCILS SMALL TUBE RED RETROSPOT,1,2011-01-23 14:59:00,0.65,13742.0,United Kingdom
541855,20982,12 PENCILS TALL TUBE SKULLS,1,2011-01-23 14:59:00,0.85,13742.0,United Kingdom
541855,20974,12 PENCILS SMALL TUBE SKULL,1,2011-01-23 14:59:00,0.65,13742.0,United Kingdom
541855,20983,12 PENCILS TALL TUBE RED RETROSPOT,1,2011-01-23 14:59:00,0.85,13742.0,United Kingdom
541855,22428,ENAMEL FIRE BUCKET CREAM,1,2011-01-23 14:59:00,6.95,13742.0,United Kingdom
541855,21154,RED RETROSPOT OVEN GLOVE ,1,2011-01-23 14:59:00,1.25,13742.0,United Kingdom
541855,22196,SMALL HEART MEASURING SPOONS,1,2011-01-23 14:59:00,0.85,13742.0,United Kingdom
541855,22195,LARGE HEART MEASURING SPOONS,2,2011-01-23 14:59:00,1.65,13742.0,United Kingdom
541855,22667,RECIPE BOX RETROSPOT ,2,2011-01-23 14:59:00,2.95,13742.0,United Kingdom
541855,21588,RETROSPOT GIANT TUBE MATCHES,12,2011-01-23 14:59:00,2.55,13742.0,United Kingdom
541856,15044A,PINK PAPER PARASOL ,1,2011-01-23 15:16:00,2.95,17673.0,United Kingdom
541856,22284,HEN HOUSE DECORATION,1,2011-01-23 15:16:00,1.65,17673.0,United Kingdom
541856,22247,BUNNY DECORATION MAGIC GARDEN,6,2011-01-23 15:16:00,0.85,17673.0,United Kingdom
541856,22250,DECORATION  BUTTERFLY  MAGIC GARDEN,6,2011-01-23 15:16:00,0.85,17673.0,United Kingdom
541856,22251,BIRDHOUSE DECORATION MAGIC GARDEN,6,2011-01-23 15:16:00,1.25,17673.0,United Kingdom
541856,22232,JIGSAW TOADSTOOLS 3 PIECE,2,2011-01-23 15:16:00,1.65,17673.0,United Kingdom
541856,21439,BASKET OF TOADSTOOLS,6,2011-01-23 15:16:00,1.25,17673.0,United Kingdom
541856,20974,12 PENCILS SMALL TUBE SKULL,6,2011-01-23 15:16:00,0.65,17673.0,United Kingdom
541856,22285,HANGING HEN ON NEST DECORATION,6,2011-01-23 15:16:00,1.65,17673.0,United Kingdom
541856,22439,6 ROCKET BALLOONS ,10,2011-01-23 15:16:00,0.65,17673.0,United Kingdom
541856,22434,BALLOON PUMP WITH 10 BALLOONS,2,2011-01-23 15:16:00,1.95,17673.0,United Kingdom
541856,21456,2 PICTURE BOOK EGGS EASTER CHICKS,12,2011-01-23 15:16:00,1.25,17673.0,United Kingdom
541856,35647,VINTAGE BEAD PINK SHADE ,12,2011-01-23 15:16:00,1.25,17673.0,United Kingdom
541856,79144B,PAINTED LIGHTBULB STAR+ MOON,12,2011-01-23 15:16:00,0.42,17673.0,United Kingdom
541856,22149,FELTCRAFT 6 FLOWER FRIENDS,4,2011-01-23 15:16:00,2.1,17673.0,United Kingdom
541856,21903,MAN FLU METAL SIGN,2,2011-01-23 15:16:00,2.1,17673.0,United Kingdom
541856,21327,SKULLS WRITING SET ,3,2011-01-23 15:16:00,1.65,17673.0,United Kingdom
541856,85200,BUNNY EGG BOX,12,2011-01-23 15:16:00,1.25,17673.0,United Kingdom
541856,22148,EASTER CRAFT 4 CHICKS ,4,2011-01-23 15:16:00,1.95,17673.0,United Kingdom
541856,21917,SET 12 KIDS  WHITE CHALK STICKS,6,2011-01-23 15:16:00,0.42,17673.0,United Kingdom
541856,21918,SET 12 KIDS COLOUR  CHALK STICKS,6,2011-01-23 15:16:00,0.42,17673.0,United Kingdom
541856,20977,36 PENCILS TUBE WOODLAND,6,2011-01-23 15:16:00,1.25,17673.0,United Kingdom
541856,20979,36 PENCILS TUBE RED RETROSPOT,3,2011-01-23 15:16:00,1.25,17673.0,United Kingdom
541856,20982,12 PENCILS TALL TUBE SKULLS,3,2011-01-23 15:16:00,0.85,17673.0,United Kingdom
541856,22740,POLKADOT PEN,48,2011-01-23 15:16:00,0.85,17673.0,United Kingdom
541856,22741,FUNKY DIVA PEN,48,2011-01-23 15:16:00,0.85,17673.0,United Kingdom
541856,16033,MINI HIGHLIGHTER PENS,120,2011-01-23 15:16:00,0.12,17673.0,United Kingdom
541856,16258A,SWIRLY CIRCULAR RUBBERS IN BAG,6,2011-01-23 15:16:00,0.42,17673.0,United Kingdom
541856,82583,HOT BATHS METAL SIGN,1,2011-01-23 15:16:00,2.1,17673.0,United Kingdom
541856,82582,AREA PATROLLED METAL SIGN,2,2011-01-23 15:16:00,2.1,17673.0,United Kingdom
541856,82578,KITCHEN METAL SIGN,2,2011-01-23 15:16:00,0.55,17673.0,United Kingdom
541856,21162,TOXIC AREA  DOOR HANGER ,4,2011-01-23 15:16:00,1.45,17673.0,United Kingdom
541856,21165,BEWARE OF THE CAT METAL SIGN ,2,2011-01-23 15:16:00,1.69,17673.0,United Kingdom
541856,22116,METAL SIGN HIS DINNER IS SERVED,1,2011-01-23 15:16:00,2.95,17673.0,United Kingdom
541856,21159,MOODY BOY  DOOR HANGER ,3,2011-01-23 15:16:00,1.45,17673.0,United Kingdom
541856,21907,I'M ON HOLIDAY METAL SIGN,2,2011-01-23 15:16:00,2.1,17673.0,United Kingdom
541856,21908,CHOCOLATE THIS WAY METAL SIGN,2,2011-01-23 15:16:00,2.1,17673.0,United Kingdom
541856,85040B,SET/4 BLUE FLOWER CANDLES IN BOWL,4,2011-01-23 15:16:00,1.65,17673.0,United Kingdom
541856,85040A,S/4 PINK FLOWER CANDLES IN BOWL,2,2011-01-23 15:16:00,1.65,17673.0,United Kingdom
541856,85175,CACTI T-LIGHT CANDLES,32,2011-01-23 15:16:00,0.42,17673.0,United Kingdom
541856,22569,FELTCRAFT CUSHION BUTTERFLY,2,2011-01-23 15:16:00,3.75,17673.0,United Kingdom
541856,22570,FELTCRAFT CUSHION RABBIT,3,2011-01-23 15:16:00,3.75,17673.0,United Kingdom
541856,51008,AFGHAN SLIPPER SOCK PAIR,20,2011-01-23 15:16:00,3.45,17673.0,United Kingdom
541856,15036,ASSORTED COLOURS SILK FAN,12,2011-01-23 15:16:00,0.75,17673.0,United Kingdom
541857,21195,PINK  HONEYCOMB PAPER BALL ,12,2011-01-23 15:17:00,2.1,12727.0,France
541857,21208,PASTEL COLOUR HONEYCOMB FAN,12,2011-01-23 15:17:00,1.65,12727.0,France
541857,82484,WOOD BLACK BOARD ANT WHITE FINISH,3,2011-01-23 15:17:00,6.45,12727.0,France
541857,84988,SET OF 72 PINK HEART PAPER DOILIES,12,2011-01-23 15:17:00,1.45,12727.0,France
541857,72760B,VINTAGE CREAM 3 BASKET CAKE STAND,6,2011-01-23 15:17:00,9.95,12727.0,France
541857,22851,SET 20 NAPKINS FAIRY CAKES DESIGN ,24,2011-01-23 15:17:00,0.85,12727.0,France
541857,72799E,IVORY PILLAR CANDLE SILVER FLOCK,6,2011-01-23 15:17:00,2.95,12727.0,France
541857,72800C,4 PINK DINNER CANDLE SILVER FLOCK,6,2011-01-23 15:17:00,2.55,12727.0,France
541857,15056N,EDWARDIAN PARASOL NATURAL,3,2011-01-23 15:17:00,5.95,12727.0,France
541857,22907,PACK OF 20 NAPKINS PANTRY DESIGN,12,2011-01-23 15:17:00,0.85,12727.0,France
541857,22215,CAKE STAND WHITE TWO TIER LACE,24,2011-01-23 15:17:00,7.65,12727.0,France
541857,POST,POSTAGE,6,2011-01-23 15:17:00,18.0,12727.0,France
541858,22033,BOTANICAL ROSE GREETING CARD,24,2011-01-23 15:34:00,0.42,16983.0,United Kingdom
541858,22029,SPACEBOY BIRTHDAY CARD,12,2011-01-23 15:34:00,0.42,16983.0,United Kingdom
541858,48129,DOORMAT TOPIARY,2,2011-01-23 15:34:00,7.95,16983.0,United Kingdom
541858,22714,CARD BIRTHDAY COWBOY,12,2011-01-23 15:34:00,0.42,16983.0,United Kingdom
541858,21509,COWBOYS AND INDIANS BIRTHDAY CARD ,12,2011-01-23 15:34:00,0.42,16983.0,United Kingdom
541858,84247L,FAWN AND MUSHROOM GREETING CARD,24,2011-01-23 15:34:00,0.42,16983.0,United Kingdom
541858,22983,CARD BILLBOARD FONT,12,2011-01-23 15:34:00,0.42,16983.0,United Kingdom
541858,22715,CARD WEDDING DAY,12,2011-01-23 15:34:00,0.42,16983.0,United Kingdom
541858,85200,BUNNY EGG BOX,12,2011-01-23 15:34:00,1.25,16983.0,United Kingdom
541858,22789,T-LIGHT HOLDER SWEETHEART HANGING,4,2011-01-23 15:34:00,1.95,16983.0,United Kingdom
541858,84580,MOUSE TOY WITH PINK T-SHIRT,3,2011-01-23 15:34:00,3.75,16983.0,United Kingdom
541858,22776,SWEETHEART CAKESTAND 3 TIER,1,2011-01-23 15:34:00,9.95,16983.0,United Kingdom
541858,22570,FELTCRAFT CUSHION RABBIT,12,2011-01-23 15:34:00,3.75,16983.0,United Kingdom
541858,22569,FELTCRAFT CUSHION BUTTERFLY,12,2011-01-23 15:34:00,3.75,16983.0,United Kingdom
541859,21784,SHOE SHINE BOX ,2,2011-01-23 15:34:00,9.95,14606.0,United Kingdom
541859,21357,TOAST ITS - DINOSAUR,3,2011-01-23 15:34:00,1.25,14606.0,United Kingdom
541859,47591B,SCOTTIES CHILDRENS APRON,1,2011-01-23 15:34:00,1.65,14606.0,United Kingdom
541859,22410,MONEY BOX HOUSEKEEPING DESIGN,2,2011-01-23 15:34:00,1.25,14606.0,United Kingdom
541859,20772,GARDEN PATH JOURNAL,1,2011-01-23 15:34:00,2.55,14606.0,United Kingdom
541859,21781,MA CAMPAGNE CUTLERY BOX,1,2011-01-23 15:34:00,14.95,14606.0,United Kingdom
541859,21042,RED RETROSPOT APRON ,1,2011-01-23 15:34:00,5.95,14606.0,United Kingdom
541859,85194L,HANGING SPRING FLOWER EGG LARGE,3,2011-01-23 15:34:00,0.85,14606.0,United Kingdom
541859,85194S,HANGING SPRING FLOWER EGG SMALL,3,2011-01-23 15:34:00,0.65,14606.0,United Kingdom
541859,20996,JAZZ HEARTS ADDRESS BOOK,6,2011-01-23 15:34:00,0.42,14606.0,United Kingdom
541859,85129B,BEADED CRYSTAL HEART GREEN SMALL,6,2011-01-23 15:34:00,1.25,14606.0,United Kingdom
541859,22212,FOUR HOOK  WHITE LOVEBIRDS,1,2011-01-23 15:34:00,2.1,14606.0,United Kingdom
541859,21459,YELLOW EASTER EGG HUNT START POST,1,2011-01-23 15:34:00,1.95,14606.0,United Kingdom
541859,22377,BOTTLE BAG RETROSPOT ,1,2011-01-23 15:34:00,2.1,14606.0,United Kingdom
541859,22697,GREEN REGENCY TEACUP AND SAUCER,1,2011-01-23 15:34:00,2.95,14606.0,United Kingdom
541859,21621,VINTAGE UNION JACK BUNTING,1,2011-01-23 15:34:00,8.5,14606.0,United Kingdom
541859,20681,PINK POLKADOT CHILDRENS UMBRELLA,1,2011-01-23 15:34:00,3.25,14606.0,United Kingdom
541859,21242,RED RETROSPOT PLATE ,1,2011-01-23 15:34:00,1.69,14606.0,United Kingdom
541859,22329,ROUND CONTAINER SET OF 5 RETROSPOT,1,2011-01-23 15:34:00,1.65,14606.0,United Kingdom
541859,22423,REGENCY CAKESTAND 3 TIER,1,2011-01-23 15:34:00,12.75,14606.0,United Kingdom
541859,21531,RED RETROSPOT SUGAR JAM BOWL,1,2011-01-23 15:34:00,2.55,14606.0,United Kingdom
541859,21617,4 LILY  BOTANICAL DINNER CANDLES,1,2011-01-23 15:34:00,3.75,14606.0,United Kingdom
541859,90214G,"LETTER ""G"" BLING KEY RING",1,2011-01-23 15:34:00,1.25,14606.0,United Kingdom
541859,22303,COFFEE MUG APPLES DESIGN,2,2011-01-23 15:34:00,2.55,14606.0,United Kingdom
541859,22659,LUNCH BOX I LOVE LONDON,1,2011-01-23 15:34:00,1.95,14606.0,United Kingdom
541859,82486,WOOD S/3 CABINET ANT WHITE FINISH,1,2011-01-23 15:34:00,7.95,14606.0,United Kingdom
541859,22178,VICTORIAN GLASS HANGING T-LIGHT,96,2011-01-23 15:34:00,1.06,14606.0,United Kingdom
541859,84978,HANGING HEART JAR T-LIGHT HOLDER,36,2011-01-23 15:34:00,1.06,14606.0,United Kingdom
541860,22692,DOORMAT WELCOME TO OUR HOME,2,2011-01-23 15:45:00,7.95,13963.0,United Kingdom
541860,22894,TABLECLOTH RED APPLES DESIGN ,2,2011-01-23 15:45:00,8.5,13963.0,United Kingdom
541860,48129,DOORMAT TOPIARY,2,2011-01-23 15:45:00,7.95,13963.0,United Kingdom
541860,22074,6 RIBBONS SHIMMERING PINKS ,24,2011-01-23 15:45:00,0.42,13963.0,United Kingdom
541860,22377,BOTTLE BAG RETROSPOT ,20,2011-01-23 15:45:00,0.85,13963.0,United Kingdom
541860,22782,SET 3 WICKER STORAGE BASKETS ,4,2011-01-23 15:45:00,9.95,13963.0,United Kingdom
C541861,22796,PHOTO FRAME 3 CLASSIC HANGING,-2,2011-01-23 15:48:00,9.95,13742.0,United Kingdom
541862,85123A,WHITE HANGING HEART T-LIGHT HOLDER,10,2011-01-23 16:02:00,2.95,14068.0,United Kingdom
541862,21733,RED HANGING HEART T-LIGHT HOLDER,5,2011-01-23 16:02:00,2.95,14068.0,United Kingdom
541862,22804,CANDLEHOLDER PINK HANGING HEART,5,2011-01-23 16:02:00,2.95,14068.0,United Kingdom
541862,22111,SCOTTIE DOG HOT WATER BOTTLE,1,2011-01-23 16:02:00,4.95,14068.0,United Kingdom
541862,22112,CHOCOLATE HOT WATER BOTTLE,2,2011-01-23 16:02:00,4.95,14068.0,United Kingdom
541862,22835,HOT WATER BOTTLE I AM SO POORLY,2,2011-01-23 16:02:00,4.65,14068.0,United Kingdom
541862,21485,RETROSPOT HEART HOT WATER BOTTLE,1,2011-01-23 16:02:00,4.95,14068.0,United Kingdom
541862,84032A,CHARLIE+LOLA PINK HOT WATER BOTTLE,2,2011-01-23 16:02:00,2.95,14068.0,United Kingdom
541862,22113,GREY HEART HOT WATER BOTTLE,1,2011-01-23 16:02:00,3.75,14068.0,United Kingdom
541862,22113,GREY HEART HOT WATER BOTTLE,2,2011-01-23 16:02:00,3.75,14068.0,United Kingdom
541862,21481,FAWN BLUE HOT WATER BOTTLE,2,2011-01-23 16:02:00,2.95,14068.0,United Kingdom
541862,47580,TEA TIME DES TEA COSY,4,2011-01-23 16:02:00,2.55,14068.0,United Kingdom
541862,47559B,TEA TIME OVEN GLOVE,4,2011-01-23 16:02:00,1.25,14068.0,United Kingdom
541862,22795,SWEETHEART RECIPE BOOK STAND,6,2011-01-23 16:02:00,6.75,14068.0,United Kingdom
541862,22646,CERAMIC STRAWBERRY CAKE MONEY BANK,4,2011-01-23 16:02:00,1.45,14068.0,United Kingdom
541862,22645,CERAMIC HEART FAIRY CAKE MONEY BANK,4,2011-01-23 16:02:00,1.45,14068.0,United Kingdom
541862,22625,RED KITCHEN SCALES,1,2011-01-23 16:02:00,8.5,14068.0,United Kingdom
541862,22624,IVORY KITCHEN SCALES,1,2011-01-23 16:02:00,8.5,14068.0,United Kingdom
541862,22721,SET OF 3 CAKE TINS SKETCHBOOK,3,2011-01-23 16:02:00,4.95,14068.0,United Kingdom
541862,22720,SET OF 3 CAKE TINS PANTRY DESIGN ,3,2011-01-23 16:02:00,4.95,14068.0,United Kingdom
541862,22722,SET OF 6 SPICE TINS PANTRY DESIGN,1,2011-01-23 16:02:00,3.95,14068.0,United Kingdom
541862,22723,SET OF 6 HERB TINS SKETCHBOOK,3,2011-01-23 16:02:00,3.95,14068.0,United Kingdom
541862,22722,SET OF 6 SPICE TINS PANTRY DESIGN,2,2011-01-23 16:02:00,3.95,14068.0,United Kingdom
541862,22960,JAM MAKING SET WITH JARS,4,2011-01-23 16:02:00,4.25,14068.0,United Kingdom
C541863,21231,SWEETHEART CERAMIC TRINKET BOX,-4,2011-01-23 16:08:00,1.06,13798.0,United Kingdom
C541863,20711,JUMBO BAG TOYS ,-4,2011-01-23 16:08:00,1.65,13798.0,United Kingdom
C541863,21936,RED RETROSPOT PICNIC BAG,-1,2011-01-23 16:08:00,2.55,13798.0,United Kingdom
C541863,21932,SCANDINAVIAN PAISLEY PICNIC BAG,-1,2011-01-23 16:08:00,2.55,13798.0,United Kingdom
C541863,20725,LUNCH BAG RED RETROSPOT,-1,2011-01-23 16:08:00,1.45,13798.0,United Kingdom
C541863,85099B,JUMBO BAG RED RETROSPOT,-6,2011-01-23 16:08:00,1.65,13798.0,United Kingdom
C541863,21181,PLEASE ONE PERSON METAL SIGN,-1,2011-01-23 16:08:00,1.85,13798.0,United Kingdom
C541863,82551,LAUNDRY 15C METAL SIGN,-2,2011-01-23 16:08:00,1.25,13798.0,United Kingdom
C541863,82583,HOT BATHS METAL SIGN,-1,2011-01-23 16:08:00,1.69,13798.0,United Kingdom
C541863,20727,LUNCH BAG  BLACK SKULL.,-1,2011-01-23 16:08:00,1.45,13798.0,United Kingdom
C541863,37446,MINI CAKE STAND WITH HANGING CAKES,-1,2011-01-23 16:08:00,1.25,13798.0,United Kingdom
C541863,37449,CERAMIC CAKE STAND + HANGING CAKES,-2,2011-01-23 16:08:00,8.5,13798.0,United Kingdom
C541863,35924,HANGING FAIRY CAKE DECORATION,-2,2011-01-23 16:08:00,1.69,13798.0,United Kingdom
C541863,37450,CERAMIC CAKE BOWL + HANGING CAKES,-1,2011-01-23 16:08:00,2.55,13798.0,United Kingdom
C541863,82583,HOT BATHS METAL SIGN,-5,2011-01-23 16:08:00,1.69,13798.0,United Kingdom
C541863,22065,CHRISTMAS PUDDING TRINKET POT ,-2,2011-01-23 16:08:00,1.25,13798.0,United Kingdom
C541863,21231,SWEETHEART CERAMIC TRINKET BOX,-9,2011-01-23 16:08:00,1.06,13798.0,United Kingdom
541864,85150,LADIES & GENTLEMEN METAL SIGN,96,2011-01-23 16:17:00,2.1,13798.0,United Kingdom
541864,82551,LAUNDRY 15C METAL SIGN,96,2011-01-23 16:17:00,1.25,13798.0,United Kingdom
541864,21169,YOU'RE CONFUSING ME METAL SIGN ,48,2011-01-23 16:17:00,1.45,13798.0,United Kingdom
541864,84378,SET OF 3 HEART COOKIE CUTTERS,144,2011-01-23 16:17:00,1.06,13798.0,United Kingdom
541864,85099F,JUMBO BAG STRAWBERRY,100,2011-01-23 16:17:00,1.65,13798.0,United Kingdom
541864,85099B,JUMBO BAG RED RETROSPOT,100,2011-01-23 16:17:00,1.65,13798.0,United Kingdom
541864,21932,SCANDINAVIAN PAISLEY PICNIC BAG,50,2011-01-23 16:17:00,2.55,13798.0,United Kingdom
541864,20685,DOORMAT RED RETROSPOT,20,2011-01-23 16:17:00,6.75,13798.0,United Kingdom
541864,20914,SET/5 RED RETROSPOT LID GLASS BOWLS,32,2011-01-23 16:17:00,2.55,13798.0,United Kingdom
541864,21231,SWEETHEART CERAMIC TRINKET BOX,144,2011-01-23 16:17:00,1.06,13798.0,United Kingdom
541864,48185,DOORMAT FAIRY CAKE,10,2011-01-23 16:17:00,6.75,13798.0,United Kingdom
541864,47570B,TEA TIME TABLE CLOTH,50,2011-01-23 16:17:00,8.49,13798.0,United Kingdom
541864,20971,PINK BLUE FELT CRAFT TRINKET BOX,144,2011-01-23 16:17:00,1.06,13798.0,United Kingdom
541864,37446,MINI CAKE STAND WITH HANGING CAKES,32,2011-01-23 16:17:00,1.25,13798.0,United Kingdom
541864,37450,CERAMIC CAKE BOWL + HANGING CAKES,36,2011-01-23 16:17:00,2.55,13798.0,United Kingdom
541864,37449,CERAMIC CAKE STAND + HANGING CAKES,20,2011-01-23 16:17:00,8.5,13798.0,United Kingdom
541864,84580,MOUSE TOY WITH PINK T-SHIRT,1,2011-01-23 16:17:00,3.75,13798.0,United Kingdom
541864,47559B,TEA TIME OVEN GLOVE,50,2011-01-23 16:17:00,1.06,13798.0,United Kingdom
541864,22469,HEART OF WICKER SMALL,1,2011-01-23 16:17:00,1.65,13798.0,United Kingdom
