InvoiceNo,StockCode,Description,Quantity,InvoiceDate,UnitPrice,CustomerID,Country
549911,22995,TRAVEL CARD WALLET SUKI,24,2011-04-13 08:26:00,0.42,14060.0,United Kingdom
549911,21982,PACK OF 12 SUKI TISSUES ,24,2011-04-13 08:26:00,0.29,14060.0,United Kingdom
549911,22746,POPPY'S PLAYHOUSE LIVINGROOM ,6,2011-04-13 08:26:00,2.1,14060.0,United Kingdom
549911,22745,POPPY'S PLAYHOUSE BEDROOM ,6,2011-04-13 08:26:00,2.1,14060.0,United Kingdom
549911,22560,TRADITIONAL MODELLING CLAY,24,2011-04-13 08:26:00,1.25,14060.0,United Kingdom
549911,23158,SET OF 5 LUCKY CAT MAGNETS ,12,2011-04-13 08:26:00,2.08,14060.0,United Kingdom
549911,22900, SET 2 TEA TOWELS I LOVE LONDON ,12,2011-04-13 08:26:00,3.25,14060.0,United Kingdom
549911,16161U,WRAP SUKI AND FRIENDS,25,2011-04-13 08:26:00,0.42,14060.0,United Kingdom
549911,22030,SWALLOWS GREETING CARD,24,2011-04-13 08:26:00,0.42,14060.0,United Kingdom
549911,22716,CARD CIRCUS PARADE,24,2011-04-13 08:26:00,0.42,14060.0,United Kingdom
549911,22817,CARD SUKI BIRTHDAY,36,2011-04-13 08:26:00,0.42,14060.0,United Kingdom
549911,21506,"FANCY FONT BIRTHDAY CARD, ",24,2011-04-13 08:26:00,0.42,14060.0,United Kingdom
549911,22717,CARD DOG AND BALL ,12,2011-04-13 08:26:00,0.42,14060.0,United Kingdom
549911,21791,VINTAGE HEADS AND TAILS CARD GAME ,24,2011-04-13 08:26:00,1.25,14060.0,United Kingdom
549911,15036,ASSORTED COLOURS SILK FAN,60,2011-04-13 08:26:00,0.83,14060.0,United Kingdom
549911,22467,GUMBALL COAT RACK,36,2011-04-13 08:26:00,2.55,14060.0,United Kingdom
549911,22921,HERB MARKER CHIVES ,20,2011-04-13 08:26:00,0.65,14060.0,United Kingdom
549911,22920,HERB MARKER BASIL,20,2011-04-13 08:26:00,0.65,14060.0,United Kingdom
549911,22919,HERB MARKER MINT,20,2011-04-13 08:26:00,0.65,14060.0,United Kingdom
549911,22918,HERB MARKER PARSLEY,20,2011-04-13 08:26:00,0.65,14060.0,United Kingdom
549911,22917,HERB MARKER ROSEMARY,20,2011-04-13 08:26:00,0.65,14060.0,United Kingdom
549911,22916,HERB MARKER THYME,20,2011-04-13 08:26:00,0.65,14060.0,United Kingdom
C549912,22138,BAKING SET 9 PIECE RETROSPOT ,-1,2011-04-13 09:02:00,4.95,15737.0,United Kingdom
C549912,20725,LUNCH BAG RED RETROSPOT,-1,2011-04-13 09:02:00,1.65,15737.0,United Kingdom
C549913,22961,JAM MAKING SET PRINTED,-12,2011-04-13 09:02:00,1.45,14267.0,United Kingdom
549914,22908,PACK OF 20 NAPKINS RED APPLES,24,2011-04-13 09:32:00,0.85,14931.0,Channel Islands
549914,22939,APRON APPLE DELIGHT,8,2011-04-13 09:32:00,4.95,14931.0,Channel Islands
549914,22897,OVEN MITT APPLES DESIGN,10,2011-04-13 09:32:00,1.45,14931.0,Channel Islands
549914,22894,TABLECLOTH RED APPLES DESIGN ,4,2011-04-13 09:32:00,9.95,14931.0,Channel Islands
549914,22896,PEG BAG APPLES DESIGN,6,2011-04-13 09:32:00,2.55,14931.0,Channel Islands
549914,22666,RECIPE BOX PANTRY YELLOW DESIGN,12,2011-04-13 09:32:00,2.95,14931.0,Channel Islands
549914,22960,JAM MAKING SET WITH JARS,12,2011-04-13 09:32:00,3.75,14931.0,Channel Islands
549914,C2,CARRIAGE,1,2011-04-13 09:32:00,50.0,14931.0,Channel Islands
549914,23206,LUNCH BAG APPLE DESIGN,20,2011-04-13 09:32:00,1.65,14931.0,Channel Islands
549915,85066,CREAM SWEETHEART MINI CHEST,2,2011-04-13 09:32:00,12.75,18231.0,United Kingdom
549915,85123A,WHITE HANGING HEART T-LIGHT HOLDER,5,2011-04-13 09:32:00,2.95,18231.0,United Kingdom
549915,22666,RECIPE BOX PANTRY YELLOW DESIGN,6,2011-04-13 09:32:00,2.95,18231.0,United Kingdom
549915,22665,RECIPE BOX BLUE SKETCHBOOK DESIGN,6,2011-04-13 09:32:00,2.95,18231.0,United Kingdom
549915,22772,PINK DRAWER KNOB ACRYLIC EDWARDIAN,24,2011-04-13 09:32:00,1.25,18231.0,United Kingdom
549915,22680,FRENCH BLUE METAL DOOR SIGN 5,10,2011-04-13 09:32:00,1.25,18231.0,United Kingdom
549915,22679,FRENCH BLUE METAL DOOR SIGN 4,10,2011-04-13 09:32:00,1.25,18231.0,United Kingdom
549915,22678,FRENCH BLUE METAL DOOR SIGN 3,10,2011-04-13 09:32:00,1.25,18231.0,United Kingdom
549915,22686,FRENCH BLUE METAL DOOR SIGN No,12,2011-04-13 09:32:00,1.25,18231.0,United Kingdom
549915,22683,FRENCH BLUE METAL DOOR SIGN 8,10,2011-04-13 09:32:00,1.25,18231.0,United Kingdom
549915,22677,FRENCH BLUE METAL DOOR SIGN 2,10,2011-04-13 09:32:00,1.25,18231.0,United Kingdom
549915,22685,FRENCH BLUE METAL DOOR SIGN 0,10,2011-04-13 09:32:00,1.25,18231.0,United Kingdom
549915,22682,FRENCH BLUE METAL DOOR SIGN 7,10,2011-04-13 09:32:00,1.25,18231.0,United Kingdom
549915,22676,FRENCH BLUE METAL DOOR SIGN 1,10,2011-04-13 09:32:00,1.25,18231.0,United Kingdom
549915,22684,FRENCH BLUE METAL DOOR SIGN 9,10,2011-04-13 09:32:00,1.25,18231.0,United Kingdom
549915,22681,FRENCH BLUE METAL DOOR SIGN 6,10,2011-04-13 09:32:00,1.25,18231.0,United Kingdom
549915,22878,NUMBER TILE COTTAGE GARDEN No,6,2011-04-13 09:32:00,2.1,18231.0,United Kingdom
549915,22877,NUMBER TILE COTTAGE GARDEN 9,8,2011-04-13 09:32:00,1.95,18231.0,United Kingdom
549915,22876,NUMBER TILE COTTAGE GARDEN 8,8,2011-04-13 09:32:00,1.95,18231.0,United Kingdom
549915,22873,NUMBER TILE COTTAGE GARDEN 5,8,2011-04-13 09:32:00,1.95,18231.0,United Kingdom
549915,22870,NUMBER TILE COTTAGE GARDEN 2,8,2011-04-13 09:32:00,1.95,18231.0,United Kingdom
549915,22875,NUMBER TILE COTTAGE GARDEN 7,8,2011-04-13 09:32:00,1.95,18231.0,United Kingdom
549915,22872,NUMBER TILE COTTAGE GARDEN 4,8,2011-04-13 09:32:00,1.95,18231.0,United Kingdom
549915,22869,NUMBER TILE COTTAGE GARDEN 1,8,2011-04-13 09:32:00,1.95,18231.0,United Kingdom
549915,22871,NUMBER TILE COTTAGE GARDEN 3 ,8,2011-04-13 09:32:00,1.95,18231.0,United Kingdom
549915,22868,NUMBER TILE COTTAGE GARDEN 0 ,8,2011-04-13 09:32:00,1.95,18231.0,United Kingdom
549915,22874,NUMBER TILE COTTAGE GARDEN 6,8,2011-04-13 09:32:00,1.95,18231.0,United Kingdom
549915,22775,PURPLE DRAWERKNOB ACRYLIC EDWARDIAN,12,2011-04-13 09:32:00,1.25,18231.0,United Kingdom
549916,21397,BLUE POLKADOT EGG CUP ,48,2011-04-13 09:39:00,0.39,13717.0,United Kingdom
549916,84388,WISE MAN STAR SHAPE EGG PAN,5,2011-04-13 09:39:00,0.39,13717.0,United Kingdom
549916,22423,REGENCY CAKESTAND 3 TIER,1,2011-04-13 09:39:00,12.75,13717.0,United Kingdom
549916,22219,LOVEBIRD HANGING DECORATION WHITE ,12,2011-04-13 09:39:00,0.85,13717.0,United Kingdom
549916,23158,SET OF 5 LUCKY CAT MAGNETS ,12,2011-04-13 09:39:00,2.08,13717.0,United Kingdom
549916,22191,IVORY DINER WALL CLOCK,2,2011-04-13 09:39:00,8.5,13717.0,United Kingdom
549916,22835,HOT WATER BOTTLE I AM SO POORLY,4,2011-04-13 09:39:00,4.65,13717.0,United Kingdom
549916,22636,CHILDS BREAKFAST SET CIRCUS PARADE,2,2011-04-13 09:39:00,8.5,13717.0,United Kingdom
549916,22693,GROW A FLYTRAP OR SUNFLOWER IN TIN,24,2011-04-13 09:39:00,1.25,13717.0,United Kingdom
549916,22969,HOMEMADE JAM SCENTED CANDLES,12,2011-04-13 09:39:00,1.45,13717.0,United Kingdom
549916,84755,COLOUR GLASS T-LIGHT HOLDER HANGING,16,2011-04-13 09:39:00,0.65,13717.0,United Kingdom
549916,22297,HEART IVORY TRELLIS SMALL,24,2011-04-13 09:39:00,1.25,13717.0,United Kingdom
549916,84879,ASSORTED COLOUR BIRD ORNAMENT,8,2011-04-13 09:39:00,1.69,13717.0,United Kingdom
549916,22854,CREAM SWEETHEART EGG HOLDER,4,2011-04-13 09:39:00,4.95,13717.0,United Kingdom
549916,85212,MINI PAINTED GARDEN DECORATION ,144,2011-04-13 09:39:00,0.21,13717.0,United Kingdom
549917,22558,CLOTHES PEGS RETROSPOT PACK 24 ,12,2011-04-13 09:42:00,1.65,16607.0,United Kingdom
549917,16161P,WRAP ENGLISH ROSE ,50,2011-04-13 09:42:00,0.42,16607.0,United Kingdom
549917,22710,WRAP I LOVE LONDON ,25,2011-04-13 09:42:00,0.42,16607.0,United Kingdom
549917,22254,FELT TOADSTOOL LARGE,12,2011-04-13 09:42:00,1.25,16607.0,United Kingdom
549917,21670,BLUE SPOT CERAMIC DRAWER KNOB,12,2011-04-13 09:42:00,1.25,16607.0,United Kingdom
549917,21673,WHITE SPOT BLUE CERAMIC DRAWER KNOB,12,2011-04-13 09:42:00,1.25,16607.0,United Kingdom
549917,21509,COWBOYS AND INDIANS BIRTHDAY CARD ,12,2011-04-13 09:42:00,0.42,16607.0,United Kingdom
549917,22027,TEA PARTY BIRTHDAY CARD,12,2011-04-13 09:42:00,0.42,16607.0,United Kingdom
549917,22712,CARD DOLLY GIRL ,12,2011-04-13 09:42:00,0.42,16607.0,United Kingdom
549917,22822,CREAM WALL PLANTER HEART SHAPED,2,2011-04-13 09:42:00,5.95,16607.0,United Kingdom
549917,84974,S/2 ZINC HEART DESIGN PLANTERS,1,2011-04-13 09:42:00,9.95,16607.0,United Kingdom
549917,21896,POTTING SHED TWINE,6,2011-04-13 09:42:00,2.1,16607.0,United Kingdom
549918,22938,CUPCAKE LACE PAPER SET 6,12,2011-04-13 09:48:00,1.95,17017.0,United Kingdom
549918,22993,SET OF 4 PANTRY JELLY MOULDS,36,2011-04-13 09:48:00,1.25,17017.0,United Kingdom
549918,22982,PANTRY PASTRY BRUSH,12,2011-04-13 09:48:00,1.25,17017.0,United Kingdom
549918,22960,JAM MAKING SET WITH JARS,6,2011-04-13 09:48:00,4.25,17017.0,United Kingdom
549918,84375,SET OF 20 KIDS COOKIE CUTTERS,12,2011-04-13 09:48:00,2.1,17017.0,United Kingdom
549918,21715,GIRLS VINTAGE TIN SEASIDE BUCKET,8,2011-04-13 09:48:00,2.55,17017.0,United Kingdom
549918,21716,BOYS VINTAGE TIN SEASIDE BUCKET,8,2011-04-13 09:48:00,2.55,17017.0,United Kingdom
549918,21878,PACK OF 6 SANDCASTLE FLAGS ASSORTED,12,2011-04-13 09:48:00,0.85,17017.0,United Kingdom
549918,21718,RED METAL BEACH SPADE ,12,2011-04-13 09:48:00,1.25,17017.0,United Kingdom
549918,22197,SMALL POPCORN HOLDER,24,2011-04-13 09:48:00,0.85,17017.0,United Kingdom
549918,22902,TOTE BAG I LOVE LONDON,12,2011-04-13 09:48:00,2.1,17017.0,United Kingdom
549918,22970,LONDON BUS COFFEE MUG,6,2011-04-13 09:48:00,2.55,17017.0,United Kingdom
549918,22616,PACK OF 12 LONDON TISSUES ,24,2011-04-13 09:48:00,0.29,17017.0,United Kingdom
C549919,22675,FRENCH KITCHEN SIGN BLUE METAL,-3,2011-04-13 09:50:00,1.25,15201.0,United Kingdom
C549919,22674,FRENCH TOILET SIGN BLUE METAL,-1,2011-04-13 09:50:00,1.25,15201.0,United Kingdom
C549919,22672,FRENCH BATHROOM SIGN BLUE METAL,-2,2011-04-13 09:50:00,1.65,15201.0,United Kingdom
C549919,82580,BATHROOM METAL SIGN,-1,2011-04-13 09:50:00,0.55,15201.0,United Kingdom
549920,85114B,IVORY ENCHANTED FOREST PLACEMAT,6,2011-04-13 09:52:00,1.65,18236.0,United Kingdom
549920,22690,DOORMAT HOME SWEET HOME BLUE ,2,2011-04-13 09:52:00,7.95,18236.0,United Kingdom
549920,48138,DOORMAT UNION FLAG,2,2011-04-13 09:52:00,7.95,18236.0,United Kingdom
549920,22863,SOAP DISH BROCANTE,8,2011-04-13 09:52:00,2.95,18236.0,United Kingdom
549920,84988,SET OF 72 PINK HEART PAPER DOILIES,12,2011-04-13 09:52:00,1.45,18236.0,United Kingdom
549920,21115,ROSE CARAVAN DOORSTOP,2,2011-04-13 09:52:00,6.75,18236.0,United Kingdom
549920,22962,JAM JAR WITH PINK LID,12,2011-04-13 09:52:00,0.85,18236.0,United Kingdom
549920,21314,SMALL GLASS HEART TRINKET POT,8,2011-04-13 09:52:00,2.1,18236.0,United Kingdom
C549921,22423,REGENCY CAKESTAND 3 TIER,-1,2011-04-13 09:53:00,12.75,15109.0,United Kingdom
C549921,22798,ANTIQUE GLASS DRESSING TABLE POT,-2,2011-04-13 09:53:00,2.95,15109.0,United Kingdom
C549921,22637,PIGGY BANK RETROSPOT ,-1,2011-04-13 09:53:00,2.55,15109.0,United Kingdom
C549922,22423,REGENCY CAKESTAND 3 TIER,-1,2011-04-13 09:55:00,12.75,15674.0,United Kingdom
549923,20967,GREY FLORAL FELTCRAFT SHOULDER BAG,4,2011-04-13 09:59:00,3.75,13138.0,United Kingdom
549923,20971,PINK BLUE FELT CRAFT TRINKET BOX,12,2011-04-13 09:59:00,1.25,13138.0,United Kingdom
549923,22149,FELTCRAFT 6 FLOWER FRIENDS,6,2011-04-13 09:59:00,2.1,13138.0,United Kingdom
549923,20969,RED FLORAL FELTCRAFT SHOULDER BAG,4,2011-04-13 09:59:00,3.75,13138.0,United Kingdom
549923,22150,3 STRIPEY MICE FELTCRAFT,6,2011-04-13 09:59:00,1.95,13138.0,United Kingdom
549923,22147,FELTCRAFT BUTTERFLY HEARTS,12,2011-04-13 09:59:00,1.45,13138.0,United Kingdom
549923,22568,FELTCRAFT CUSHION OWL,4,2011-04-13 09:59:00,3.75,13138.0,United Kingdom
549923,22569,FELTCRAFT CUSHION BUTTERFLY,4,2011-04-13 09:59:00,3.75,13138.0,United Kingdom
549923,23126,FELTCRAFT GIRL AMELIE KIT,4,2011-04-13 09:59:00,4.95,13138.0,United Kingdom
549923,23128,FELTCRAFT BOY JEAN-PAUL KIT,4,2011-04-13 09:59:00,4.95,13138.0,United Kingdom
549923,84879,ASSORTED COLOUR BIRD ORNAMENT,8,2011-04-13 09:59:00,1.69,13138.0,United Kingdom
549923,21259,VICTORIAN SEWING BOX SMALL ,4,2011-04-13 09:59:00,5.95,13138.0,United Kingdom
549924,22723,SET OF 6 HERB TINS SKETCHBOOK,4,2011-04-13 10:10:00,3.95,16837.0,United Kingdom
549924,22501,PICNIC BASKET WICKER LARGE,2,2011-04-13 10:10:00,9.95,16837.0,United Kingdom
549924,22423,REGENCY CAKESTAND 3 TIER,6,2011-04-13 10:10:00,12.75,16837.0,United Kingdom
549925,22693,GROW A FLYTRAP OR SUNFLOWER IN TIN,1056,2011-04-13 10:12:00,1.06,16333.0,United Kingdom
549926,21704,BAG 250g SWIRLY MARBLES,504,2011-04-13 10:14:00,0.72,16333.0,United Kingdom
549926,84077,WORLD WAR 2 GLIDERS ASSTD DESIGNS,1728,2011-04-13 10:14:00,0.21,16333.0,United Kingdom
549927,22970,LONDON BUS COFFEE MUG,252,2011-04-13 10:19:00,2.1,16684.0,United Kingdom
549927,22697,GREEN REGENCY TEACUP AND SAUCER,24,2011-04-13 10:19:00,2.55,16684.0,United Kingdom
549927,22699,ROSES REGENCY TEACUP AND SAUCER ,24,2011-04-13 10:19:00,2.55,16684.0,United Kingdom
549927,21844,RED RETROSPOT MUG,72,2011-04-13 10:19:00,2.55,16684.0,United Kingdom
549927,22993,SET OF 4 PANTRY JELLY MOULDS,144,2011-04-13 10:19:00,1.06,16684.0,United Kingdom
549927,22659,LUNCH BOX I LOVE LONDON,20,2011-04-13 10:19:00,1.95,16684.0,United Kingdom
549927,22960,JAM MAKING SET WITH JARS,72,2011-04-13 10:19:00,3.75,16684.0,United Kingdom
549927,22423,REGENCY CAKESTAND 3 TIER,60,2011-04-13 10:19:00,10.95,16684.0,United Kingdom
549927,21535,RED RETROSPOT SMALL MILK JUG,60,2011-04-13 10:19:00,2.1,16684.0,United Kingdom
549927,22360,GLASS JAR ENGLISH CONFECTIONERY,60,2011-04-13 10:19:00,2.55,16684.0,United Kingdom
549927,21531,RED RETROSPOT SUGAR JAM BOWL,60,2011-04-13 10:19:00,2.1,16684.0,United Kingdom
549927,21871,SAVE THE PLANET MUG,120,2011-04-13 10:19:00,1.06,16684.0,United Kingdom
549927,15036,ASSORTED COLOURS SILK FAN,600,2011-04-13 10:19:00,0.72,16684.0,United Kingdom
549927,21977,PACK OF 60 PINK PAISLEY CAKE CASES,120,2011-04-13 10:19:00,0.42,16684.0,United Kingdom
549927,22902,TOTE BAG I LOVE LONDON,120,2011-04-13 10:19:00,1.69,16684.0,United Kingdom
549927,16156S,WRAP PINK FAIRY CAKES ,400,2011-04-13 10:19:00,0.34,16684.0,United Kingdom
549927,21497,FANCY FONTS BIRTHDAY WRAP,300,2011-04-13 10:19:00,0.34,16684.0,United Kingdom
549927,22029,SPACEBOY BIRTHDAY CARD,216,2011-04-13 10:19:00,0.36,16684.0,United Kingdom
549927,21506,"FANCY FONT BIRTHDAY CARD, ",288,2011-04-13 10:19:00,0.36,16684.0,United Kingdom
549927,22713,CARD I LOVE LONDON ,72,2011-04-13 10:19:00,0.36,16684.0,United Kingdom
549927,22030,SWALLOWS GREETING CARD,216,2011-04-13 10:19:00,0.36,16684.0,United Kingdom
549928,23199,JUMBO BAG APPLES,100,2011-04-13 10:20:00,1.79,16684.0,United Kingdom
549928,23206,LUNCH BAG APPLE DESIGN,100,2011-04-13 10:20:00,1.45,16684.0,United Kingdom
549929,22024,RAINY LADIES BIRTHDAY CARD,12,2011-04-13 10:32:00,0.42,13740.0,United Kingdom
549929,22028,PENNY FARTHING BIRTHDAY CARD,12,2011-04-13 10:32:00,0.42,13740.0,United Kingdom
549929,22712,CARD DOLLY GIRL ,12,2011-04-13 10:32:00,0.42,13740.0,United Kingdom
549929,22815,CARD PSYCHEDELIC APPLES,12,2011-04-13 10:32:00,0.42,13740.0,United Kingdom
549929,22427,ENAMEL FLOWER JUG CREAM,3,2011-04-13 10:32:00,5.95,13740.0,United Kingdom
549929,22979,PANTRY WASHING UP BRUSH,12,2011-04-13 10:32:00,1.45,13740.0,United Kingdom
549929,22982,PANTRY PASTRY BRUSH,12,2011-04-13 10:32:00,1.25,13740.0,United Kingdom
549929,37342,POLKADOT COFFEE CUP & SAUCER PINK,24,2011-04-13 10:32:00,0.79,13740.0,United Kingdom
549929,84536A,ENGLISH ROSE NOTEBOOK A7 SIZE,16,2011-04-13 10:32:00,0.42,13740.0,United Kingdom
549929,84536B,FAIRY CAKES NOTEBOOK A7 SIZE,16,2011-04-13 10:32:00,0.42,13740.0,United Kingdom
549929,22851,SET 20 NAPKINS FAIRY CAKES DESIGN ,24,2011-04-13 10:32:00,0.85,13740.0,United Kingdom
549929,22980,PANTRY SCRUBBING BRUSH,12,2011-04-13 10:32:00,1.65,13740.0,United Kingdom
549929,21043,APRON MODERN VINTAGE COTTON,12,2011-04-13 10:32:00,1.95,13740.0,United Kingdom
549929,21318,GLASS CHALICE BLUE SMALL ,36,2011-04-13 10:32:00,0.39,13740.0,United Kingdom
549929,20803,SMALL PINK GLASS SUNDAE DISH,36,2011-04-13 10:32:00,0.39,13740.0,United Kingdom
549929,21398,RED POLKADOT COFFEE  MUG,48,2011-04-13 10:32:00,0.39,13740.0,United Kingdom
549929,21399,BLUE POLKADOT COFFEE MUG,48,2011-04-13 10:32:00,0.39,13740.0,United Kingdom
549929,79030G,TUMBLER NEW ENGLAND,48,2011-04-13 10:32:00,0.39,13740.0,United Kingdom
549929,85027L,FRENCH CHATEAU LARGE PLATTER ,6,2011-04-13 10:32:00,1.95,13740.0,United Kingdom
549929,22766,PHOTO FRAME CORNICE,8,2011-04-13 10:32:00,2.95,13740.0,United Kingdom
549929,82494L,WOODEN FRAME ANTIQUE WHITE ,6,2011-04-13 10:32:00,2.95,13740.0,United Kingdom
549929,82482,WOODEN PICTURE FRAME WHITE FINISH,6,2011-04-13 10:32:00,2.55,13740.0,United Kingdom
549929,15058B,PINK POLKADOT GARDEN PARASOL,4,2011-04-13 10:32:00,7.95,13740.0,United Kingdom
C549930,M,Manual,-1,2011-04-13 10:36:00,15.05,16454.0,United Kingdom
549932,21931,JUMBO STORAGE BAG SUKI,10,2011-04-13 10:40:00,2.08,13534.0,United Kingdom
549932,22383,LUNCH BAG SUKI DESIGN ,10,2011-04-13 10:40:00,1.65,13534.0,United Kingdom
549932,20725,LUNCH BAG RED RETROSPOT,10,2011-04-13 10:40:00,1.65,13534.0,United Kingdom
549932,20726,LUNCH BAG WOODLAND,10,2011-04-13 10:40:00,1.65,13534.0,United Kingdom
549932,22384,LUNCH BAG PINK POLKADOT,10,2011-04-13 10:40:00,1.65,13534.0,United Kingdom
549932,20719,WOODLAND CHARLOTTE BAG,10,2011-04-13 10:40:00,0.85,13534.0,United Kingdom
549932,22669,RED BABY BUNTING ,5,2011-04-13 10:40:00,2.95,13534.0,United Kingdom
549932,22668,PINK BABY BUNTING,5,2011-04-13 10:40:00,2.95,13534.0,United Kingdom
C549931,M,Manual,-1,2011-04-13 10:40:00,97.35,,United Kingdom
549933,22084,PAPER CHAIN KIT EMPIRE,12,2011-04-13 11:04:00,2.95,15230.0,United Kingdom
549933,22851,SET 20 NAPKINS FAIRY CAKES DESIGN ,12,2011-04-13 11:04:00,0.85,15230.0,United Kingdom
549933,85123A,WHITE HANGING HEART T-LIGHT HOLDER,6,2011-04-13 11:04:00,2.95,15230.0,United Kingdom
549933,22087,PAPER BUNTING WHITE LACE,6,2011-04-13 11:04:00,2.95,15230.0,United Kingdom
549933,22082,RIBBON REEL STRIPES DESIGN ,10,2011-04-13 11:04:00,1.65,15230.0,United Kingdom
549933,22081,RIBBON REEL FLORA + FAUNA ,10,2011-04-13 11:04:00,1.65,15230.0,United Kingdom
549933,22079,RIBBON REEL HEARTS DESIGN ,10,2011-04-13 11:04:00,1.65,15230.0,United Kingdom
549933,22077,6 RIBBONS RUSTIC CHARM,12,2011-04-13 11:04:00,1.65,15230.0,United Kingdom
549933,23232,WRAP VINTAGE PETALS  DESIGN,25,2011-04-13 11:04:00,0.42,15230.0,United Kingdom
549933,23231,WRAP DOILEY DESIGN,25,2011-04-13 11:04:00,0.42,15230.0,United Kingdom
549933,23233,WRAP POPPIES  DESIGN,25,2011-04-13 11:04:00,0.42,15230.0,United Kingdom
549933,22709,WRAP WEDDING DAY,25,2011-04-13 11:04:00,0.42,15230.0,United Kingdom
549933,22047,EMPIRE GIFT WRAP,25,2011-04-13 11:04:00,0.42,15230.0,United Kingdom
549933,22046,TEA PARTY  WRAPPING PAPER ,25,2011-04-13 11:04:00,0.42,15230.0,United Kingdom
549933,23230,WRAP ALPHABET DESIGN,25,2011-04-13 11:04:00,0.42,15230.0,United Kingdom
549933,22985,"WRAP, BILLBOARD FONTS DESIGN",25,2011-04-13 11:04:00,0.42,15230.0,United Kingdom
549933,16156S,WRAP PINK FAIRY CAKES ,25,2011-04-13 11:04:00,0.42,15230.0,United Kingdom
549933,22300,COFFEE MUG DOG + BALL DESIGN,6,2011-04-13 11:04:00,2.55,15230.0,United Kingdom
549933,22301,COFFEE MUG CAT + BIRD DESIGN,6,2011-04-13 11:04:00,2.55,15230.0,United Kingdom
549933,22804,CANDLEHOLDER PINK HANGING HEART,6,2011-04-13 11:04:00,2.95,15230.0,United Kingdom
549933,47566,PARTY BUNTING,12,2011-04-13 11:04:00,4.95,15230.0,United Kingdom
549933,21733,RED HANGING HEART T-LIGHT HOLDER,6,2011-04-13 11:04:00,2.95,15230.0,United Kingdom
549934,84755,COLOUR GLASS T-LIGHT HOLDER HANGING,16,2011-04-13 11:05:00,0.65,15134.0,United Kingdom
549934,21730,GLASS STAR FROSTED T-LIGHT HOLDER,3,2011-04-13 11:05:00,4.95,15134.0,United Kingdom
549934,22669,RED BABY BUNTING ,10,2011-04-13 11:05:00,2.95,15134.0,United Kingdom
549934,22296,HEART IVORY TRELLIS LARGE,12,2011-04-13 11:05:00,1.65,15134.0,United Kingdom
549934,85123A,WHITE HANGING HEART T-LIGHT HOLDER,6,2011-04-13 11:05:00,2.95,15134.0,United Kingdom
549934,22498,WOODEN REGATTA BUNTING,3,2011-04-13 11:05:00,5.95,15134.0,United Kingdom
549935,35915C,damaged,-43,2011-04-13 11:16:00,0.0,,United Kingdom
549936,22423,REGENCY CAKESTAND 3 TIER,36,2011-04-13 11:29:00,10.95,15465.0,United Kingdom
549936,21756,BATH BUILDING BLOCK WORD,3,2011-04-13 11:29:00,5.95,15465.0,United Kingdom
549936,22084,PAPER CHAIN KIT EMPIRE,40,2011-04-13 11:29:00,2.55,15465.0,United Kingdom
549937,84879,ASSORTED COLOUR BIRD ORNAMENT,80,2011-04-13 11:40:00,1.69,15046.0,United Kingdom
549937,21034,REX CASH+CARRY JUMBO SHOPPER,10,2011-04-13 11:40:00,0.95,15046.0,United Kingdom
549937,22832,BROCANTE SHELF WITH HOOKS,2,2011-04-13 11:40:00,10.75,15046.0,United Kingdom
549937,22829,SWEETHEART WIRE WALL TIDY,5,2011-04-13 11:40:00,9.95,15046.0,United Kingdom
549937,21755,LOVE BUILDING BLOCK WORD,10,2011-04-13 11:40:00,5.95,15046.0,United Kingdom
549937,22969,HOMEMADE JAM SCENTED CANDLES,12,2011-04-13 11:40:00,1.45,15046.0,United Kingdom
549937,21756,BATH BUILDING BLOCK WORD,6,2011-04-13 11:40:00,5.95,15046.0,United Kingdom
549938,22087,PAPER BUNTING WHITE LACE,160,2011-04-13 11:42:00,2.55,13199.0,United Kingdom
549939,22954,HEN PARTY CORDON BARRIER TAPE,12,2011-04-13 11:46:00,1.25,16309.0,United Kingdom
549939,15056N,EDWARDIAN PARASOL NATURAL,9,2011-04-13 11:46:00,5.95,16309.0,United Kingdom
549939,22087,PAPER BUNTING WHITE LACE,6,2011-04-13 11:46:00,2.95,16309.0,United Kingdom
549939,22530,MAGIC DRAWING SLATE DOLLY GIRL ,24,2011-04-13 11:46:00,0.42,16309.0,United Kingdom
549939,22539,MINI JIGSAW DOLLY GIRL,24,2011-04-13 11:46:00,0.42,16309.0,United Kingdom
549939,22544,MINI JIGSAW SPACEBOY,24,2011-04-13 11:46:00,0.42,16309.0,United Kingdom
549939,22534,MAGIC DRAWING SLATE SPACEBOY ,24,2011-04-13 11:46:00,0.42,16309.0,United Kingdom
549939,21892,TRADITIONAL WOODEN CATCH CUP GAME ,12,2011-04-13 11:46:00,1.25,16309.0,United Kingdom
549939,22621,TRADITIONAL KNITTING NANCY,12,2011-04-13 11:46:00,1.65,16309.0,United Kingdom
549939,20973,12 PENCIL SMALL TUBE WOODLAND,24,2011-04-13 11:46:00,0.65,16309.0,United Kingdom
549939,22583,PACK OF 6 HANDBAG GIFT BOXES,6,2011-04-13 11:46:00,2.55,16309.0,United Kingdom
549939,22030,SWALLOWS GREETING CARD,12,2011-04-13 11:46:00,0.42,16309.0,United Kingdom
549939,22983,CARD BILLBOARD FONT,12,2011-04-13 11:46:00,0.42,16309.0,United Kingdom
549939,21985,PACK OF 12 HEARTS DESIGN TISSUES ,24,2011-04-13 11:46:00,0.29,16309.0,United Kingdom
549939,22654,DELUXE SEWING KIT ,3,2011-04-13 11:46:00,5.95,16309.0,United Kingdom
549939,21172,PARTY METAL SIGN ,12,2011-04-13 11:46:00,1.45,16309.0,United Kingdom
549939,22294,HEART FILIGREE DOVE  SMALL,24,2011-04-13 11:46:00,1.25,16309.0,United Kingdom
549939,21199,PINK  HEART CONFETTI IN TUBE,12,2011-04-13 11:46:00,1.65,16309.0,United Kingdom
549939,21198,WHITE HEART CONFETTI IN TUBE,12,2011-04-13 11:46:00,1.65,16309.0,United Kingdom
549939,22715,CARD WEDDING DAY,12,2011-04-13 11:46:00,0.42,16309.0,United Kingdom
549939,84876D,BLUE HEART COMPACT MIRROR,4,2011-04-13 11:46:00,3.75,16309.0,United Kingdom
549940,84858C,PINK RIVIERA HANDBAG,151,2011-04-13 11:48:00,1.25,13694.0,United Kingdom
549940,21080,SET/20 RED RETROSPOT PAPER NAPKINS ,192,2011-04-13 11:48:00,0.72,13694.0,United Kingdom
549940,21078,SET/20 STRAWBERRY PAPER NAPKINS ,96,2011-04-13 11:48:00,0.72,13694.0,United Kingdom
549940,21398,RED POLKADOT COFFEE  MUG,96,2011-04-13 11:48:00,0.39,13694.0,United Kingdom
549940,37487B,YELLOW/ORANGE FLOWER DESIGN PLATE,60,2011-04-13 11:48:00,0.29,13694.0,United Kingdom
549940,37488A,YELLOW PINK FLOWER DESIGN BIG BOWL,22,2011-04-13 11:48:00,0.39,13694.0,United Kingdom
549940,79030G,TUMBLER NEW ENGLAND,144,2011-04-13 11:48:00,0.39,13694.0,United Kingdom
549940,84596F,SMALL MARSHMALLOWS PINK BOWL,96,2011-04-13 11:48:00,0.42,13694.0,United Kingdom
549940,84596G,SMALL CHOCOLATES PINK BOWL,96,2011-04-13 11:48:00,0.42,13694.0,United Kingdom
549940,84596B,SMALL DOLLY MIX DESIGN ORANGE BOWL,96,2011-04-13 11:48:00,0.42,13694.0,United Kingdom
549940,84596J,MIXED NUTS LIGHT GREEN BOWL,96,2011-04-13 11:48:00,0.42,13694.0,United Kingdom
549940,84596L,BISCUITS SMALL BOWL LIGHT BLUE,96,2011-04-13 11:48:00,0.42,13694.0,United Kingdom
549940,22896,PEG BAG APPLES DESIGN,50,2011-04-13 11:48:00,2.1,13694.0,United Kingdom
549940,47566B,TEA TIME PARTY BUNTING,50,2011-04-13 11:48:00,4.15,13694.0,United Kingdom
549940,21428,SET3 BOOK BOX GREEN GINGHAM FLOWER ,32,2011-04-13 11:48:00,3.75,13694.0,United Kingdom
549940,20828,GLITTER BUTTERFLY CLIPS,48,2011-04-13 11:48:00,2.1,13694.0,United Kingdom
549940,37482P,CUBIC MUG PINK POLKADOT,144,2011-04-13 11:48:00,0.39,13694.0,United Kingdom
549940,47471,RAINBOW PEGS PHOTO CLIP STRING,96,2011-04-13 11:48:00,0.53,13694.0,United Kingdom
549941,75049L,LARGE CIRCULAR MIRROR MOBILE,96,2011-04-13 11:53:00,0.85,13694.0,United Kingdom
549942,47590B,PINK HAPPY BIRTHDAY BUNTING,12,2011-04-13 12:04:00,5.45,12971.0,United Kingdom
549942,22084,PAPER CHAIN KIT EMPIRE,24,2011-04-13 12:04:00,2.95,12971.0,United Kingdom
549943,79321,CHILLI LIGHTS,1,2011-04-13 12:09:00,5.75,13544.0,United Kingdom
549943,48173C,DOORMAT BLACK FLOCK ,1,2011-04-13 12:09:00,7.95,13544.0,United Kingdom
549943,21166,COOK WITH WINE METAL SIGN ,1,2011-04-13 12:09:00,2.08,13544.0,United Kingdom
549943,21169,YOU'RE CONFUSING ME METAL SIGN ,1,2011-04-13 12:09:00,1.69,13544.0,United Kingdom
549943,23000,TRAVEL CARD WALLET TRANSPORT,1,2011-04-13 12:09:00,0.42,13544.0,United Kingdom
549943,22998,TRAVEL CARD WALLET KEEP CALM,1,2011-04-13 12:09:00,0.42,13544.0,United Kingdom
549943,21865,PINK UNION JACK  PASSPORT COVER ,1,2011-04-13 12:09:00,2.1,13544.0,United Kingdom
549943,21867,PINK UNION JACK  LUGGAGE TAG,1,2011-04-13 12:09:00,1.25,13544.0,United Kingdom
549943,20670,VIP HOLIDAY PURSE,1,2011-04-13 12:09:00,2.95,13544.0,United Kingdom
549943,20622,VIPPASSPORT COVER ,1,2011-04-13 12:09:00,2.1,13544.0,United Kingdom
549943,21713,CITRONELLA CANDLE FLOWERPOT,1,2011-04-13 12:09:00,2.1,13544.0,United Kingdom
549943,84032B,CHARLIE + LOLA RED HOT WATER BOTTLE,1,2011-04-13 12:09:00,2.95,13544.0,United Kingdom
549943,22998,TRAVEL CARD WALLET KEEP CALM,1,2011-04-13 12:09:00,0.42,13544.0,United Kingdom
549943,22558,CLOTHES PEGS RETROSPOT PACK 24 ,2,2011-04-13 12:09:00,1.65,13544.0,United Kingdom
549943,22900, SET 2 TEA TOWELS I LOVE LONDON ,1,2011-04-13 12:09:00,3.25,13544.0,United Kingdom
549943,79164,BLACK WINE GLASS,6,2011-04-13 12:09:00,0.39,13544.0,United Kingdom
549943,21034,REX CASH+CARRY JUMBO SHOPPER,1,2011-04-13 12:09:00,0.95,13544.0,United Kingdom
549943,22585,PACK OF 6 BIRDY GIFT TAGS,1,2011-04-13 12:09:00,1.25,13544.0,United Kingdom
549943,22971,QUEENS GUARD COFFEE MUG,1,2011-04-13 12:09:00,2.55,13544.0,United Kingdom
549943,22970,LONDON BUS COFFEE MUG,1,2011-04-13 12:09:00,2.55,13544.0,United Kingdom
549943,21329,DINOSAURS  WRITING SET ,1,2011-04-13 12:09:00,1.65,13544.0,United Kingdom
549943,48111,DOORMAT 3 SMILEY CATS,1,2011-04-13 12:09:00,7.95,13544.0,United Kingdom
549943,17014A,ORIGAMI VANILLA INCENSE CONES,5,2011-04-13 12:09:00,0.42,13544.0,United Kingdom
549943,22659,LUNCH BOX I LOVE LONDON,1,2011-04-13 12:09:00,1.95,13544.0,United Kingdom
549943,22866,HAND WARMER SCOTTY DOG DESIGN,1,2011-04-13 12:09:00,2.1,13544.0,United Kingdom
549943,21618,4 WILDFLOWER BOTANICAL CANDLES,1,2011-04-13 12:09:00,3.75,13544.0,United Kingdom
549943,22865,HAND WARMER OWL DESIGN,1,2011-04-13 12:09:00,2.1,13544.0,United Kingdom
549943,84951A,SET OF 4 PISTACHIO LOVEBIRD COASTER,2,2011-04-13 12:09:00,0.79,13544.0,United Kingdom
549943,84951B,SET OF 4 BLACK LOVEBIRD COASTERS,2,2011-04-13 12:09:00,0.79,13544.0,United Kingdom
549943,21161,KEEP OUT BOYS DOOR HANGER ,1,2011-04-13 12:09:00,1.45,13544.0,United Kingdom
549943,37467,PIG MUG IN TWO COLOUR DESIGNS,4,2011-04-13 12:09:00,0.39,13544.0,United Kingdom
549943,23000,TRAVEL CARD WALLET TRANSPORT,1,2011-04-13 12:09:00,0.42,13544.0,United Kingdom
549943,22996,TRAVEL CARD WALLET VINTAGE TICKET,2,2011-04-13 12:09:00,0.42,13544.0,United Kingdom
549943,22998,TRAVEL CARD WALLET KEEP CALM,1,2011-04-13 12:09:00,0.42,13544.0,United Kingdom
549943,23006,TRAVEL CARD WALLET FLOWER MEADOW,1,2011-04-13 12:09:00,0.42,13544.0,United Kingdom
549943,21617,4 LILY  BOTANICAL DINNER CANDLES,1,2011-04-13 12:09:00,3.75,13544.0,United Kingdom
549943,72802C,VANILLA SCENT CANDLE JEWELLED BOX,1,2011-04-13 12:09:00,4.25,13544.0,United Kingdom
549943,51020A,SUMMER FUN DESIGN SHOWER CAP,1,2011-04-13 12:09:00,0.29,13544.0,United Kingdom
549943,21874,GIN AND TONIC MUG,1,2011-04-13 12:09:00,1.25,13544.0,United Kingdom
549943,21864,UNION JACK FLAG PASSPORT COVER ,1,2011-04-13 12:09:00,2.1,13544.0,United Kingdom
549943,20622,VIPPASSPORT COVER ,1,2011-04-13 12:09:00,2.1,13544.0,United Kingdom
549943,21865,PINK UNION JACK  PASSPORT COVER ,1,2011-04-13 12:09:00,2.1,13544.0,United Kingdom
549943,21865,PINK UNION JACK  PASSPORT COVER ,1,2011-04-13 12:09:00,2.1,13544.0,United Kingdom
549943,20615,BLUE POLKADOT PASSPORT COVER,1,2011-04-13 12:09:00,2.1,13544.0,United Kingdom
549943,84969,BOX OF 6 ASSORTED COLOUR TEASPOONS,1,2011-04-13 12:09:00,4.25,13544.0,United Kingdom
549943,22423,REGENCY CAKESTAND 3 TIER,1,2011-04-13 12:09:00,12.75,13544.0,United Kingdom
549943,79164,BLACK WINE GLASS,6,2011-04-13 12:09:00,0.39,13544.0,United Kingdom
549943,37340,MULTICOLOUR SPRING FLOWER MUG,6,2011-04-13 12:09:00,0.39,13544.0,United Kingdom
549943,20914,SET/5 RED RETROSPOT LID GLASS BOWLS,1,2011-04-13 12:09:00,2.95,13544.0,United Kingdom
549944,21913,VINTAGE SEASIDE JIGSAW PUZZLES,4,2011-04-13 12:23:00,3.75,14262.0,United Kingdom
549944,21790,VINTAGE SNAP CARDS,12,2011-04-13 12:23:00,0.85,14262.0,United Kingdom
549944,22550,HOLIDAY FUN LUDO,4,2011-04-13 12:23:00,3.75,14262.0,United Kingdom
549944,21912,VINTAGE SNAKES & LADDERS,4,2011-04-13 12:23:00,3.75,14262.0,United Kingdom
549944,22549,PICTURE DOMINOES,12,2011-04-13 12:23:00,1.45,14262.0,United Kingdom
549944,21718,RED METAL BEACH SPADE ,12,2011-04-13 12:23:00,1.25,14262.0,United Kingdom
549944,21715,GIRLS VINTAGE TIN SEASIDE BUCKET,8,2011-04-13 12:23:00,2.55,14262.0,United Kingdom
549944,21716,BOYS VINTAGE TIN SEASIDE BUCKET,8,2011-04-13 12:23:00,2.55,14262.0,United Kingdom
549944,21878,PACK OF 6 SANDCASTLE FLAGS ASSORTED,12,2011-04-13 12:23:00,0.85,14262.0,United Kingdom
549944,21498,RED RETROSPOT WRAP ,25,2011-04-13 12:23:00,0.42,14262.0,United Kingdom
549944,21499,BLUE POLKADOT WRAP,25,2011-04-13 12:23:00,0.42,14262.0,United Kingdom
549944,22045,SPACEBOY GIFT WRAP,25,2011-04-13 12:23:00,0.42,14262.0,United Kingdom
549944,22705,WRAP GREEN PEARS ,25,2011-04-13 12:23:00,0.42,14262.0,United Kingdom
549944,23126,FELTCRAFT GIRL AMELIE KIT,4,2011-04-13 12:23:00,4.95,14262.0,United Kingdom
549944,23128,FELTCRAFT BOY JEAN-PAUL KIT,4,2011-04-13 12:23:00,4.95,14262.0,United Kingdom
549944,21731,RED TOADSTOOL LED NIGHT LIGHT,12,2011-04-13 12:23:00,1.65,14262.0,United Kingdom
C549945,POST,POSTAGE,-1,2011-04-13 12:39:00,5.95,18270.0,United Kingdom
C549945,84968C,SET OF 16 VINTAGE PISTACHIO CUTLERY,-3,2011-04-13 12:39:00,12.75,18270.0,United Kingdom
549946,21845,DAIRY MAID STRIPE MUG,6,2011-04-13 12:44:00,0.79,17819.0,United Kingdom
549946,47566,PARTY BUNTING,2,2011-04-13 12:44:00,4.95,17819.0,United Kingdom
549946,22423,REGENCY CAKESTAND 3 TIER,16,2011-04-13 12:44:00,10.95,17819.0,United Kingdom
549947,21625,VINTAGE UNION JACK APRON,3,2011-04-13 12:47:00,6.95,18260.0,United Kingdom
549947,22180,RETROSPOT LAMP,1,2011-04-13 12:47:00,9.95,18260.0,United Kingdom
549947,22087,PAPER BUNTING WHITE LACE,18,2011-04-13 12:47:00,2.95,18260.0,United Kingdom
549947,22090,PAPER BUNTING RETROSPOT,6,2011-04-13 12:47:00,2.95,18260.0,United Kingdom
549947,22088,PAPER BUNTING COLOURED LACE,6,2011-04-13 12:47:00,2.95,18260.0,United Kingdom
549947,22558,CLOTHES PEGS RETROSPOT PACK 24 ,12,2011-04-13 12:47:00,1.65,18260.0,United Kingdom
549947,22908,PACK OF 20 NAPKINS RED APPLES,12,2011-04-13 12:47:00,0.85,18260.0,United Kingdom
549947,71459,HANGING JAM JAR T-LIGHT HOLDER,24,2011-04-13 12:47:00,0.85,18260.0,United Kingdom
549947,84879,ASSORTED COLOUR BIRD ORNAMENT,24,2011-04-13 12:47:00,1.69,18260.0,United Kingdom
549947,22423,REGENCY CAKESTAND 3 TIER,2,2011-04-13 12:47:00,12.75,18260.0,United Kingdom
549947,22079,RIBBON REEL HEARTS DESIGN ,10,2011-04-13 12:47:00,1.65,18260.0,United Kingdom
549947,84792,ENCHANTED BIRD COATHANGER 5 HOOK,4,2011-04-13 12:47:00,4.65,18260.0,United Kingdom
549947,22567,20 DOLLY PEGS RETROSPOT,12,2011-04-13 12:47:00,1.45,18260.0,United Kingdom
549947,22584,PACK OF 6 PANNETONE GIFT BOXES,24,2011-04-13 12:47:00,2.55,18260.0,United Kingdom
549947,84970L,SINGLE HEART ZINC T-LIGHT HOLDER,12,2011-04-13 12:47:00,0.95,18260.0,United Kingdom
549947,84970S,HANGING HEART ZINC T-LIGHT HOLDER,12,2011-04-13 12:47:00,0.85,18260.0,United Kingdom
549947,22151,PLACE SETTING WHITE HEART,96,2011-04-13 12:47:00,0.42,18260.0,United Kingdom
549947,22907,PACK OF 20 NAPKINS PANTRY DESIGN,12,2011-04-13 12:47:00,0.85,18260.0,United Kingdom
549947,84978,HANGING HEART JAR T-LIGHT HOLDER,24,2011-04-13 12:47:00,1.25,18260.0,United Kingdom
549948,37488A,damaged,-1,2011-04-13 12:55:00,0.0,,United Kingdom
549949,84879,ASSORTED COLOUR BIRD ORNAMENT,10,2011-04-13 12:57:00,1.69,13208.0,United Kingdom
549949,21136,PAINTED METAL PEARS ASSORTED,8,2011-04-13 12:57:00,1.69,13208.0,United Kingdom
549949,72051S,BAG OF SILVER STONES,6,2011-04-13 12:57:00,0.42,13208.0,United Kingdom
549949,20941,FROG CANDLE,5,2011-04-13 12:57:00,1.25,13208.0,United Kingdom
549949,20886,BOX OF 9 PEBBLE CANDLES,4,2011-04-13 12:57:00,1.95,13208.0,United Kingdom
549949,84750B,BLACK SMALL GLASS CAKE STAND,1,2011-04-13 12:57:00,0.39,13208.0,United Kingdom
549949,21455,PAINTED YELLOW WOODEN DAISY,6,2011-04-13 12:57:00,0.85,13208.0,United Kingdom
549949,22250,DECORATION  BUTTERFLY  MAGIC GARDEN,2,2011-04-13 12:57:00,0.85,13208.0,United Kingdom
549949,22249,DECORATION WHITE CHICK MAGIC GARDEN,2,2011-04-13 12:57:00,0.85,13208.0,United Kingdom
549949,21746,SMALL RED RETROSPOT WINDMILL,4,2011-04-13 12:57:00,1.25,13208.0,United Kingdom
549949,21318,GLASS CHALICE BLUE SMALL ,2,2011-04-13 12:57:00,0.39,13208.0,United Kingdom
549949,21494,ROTATING LEAVES T-LIGHT HOLDER,4,2011-04-13 12:57:00,1.25,13208.0,United Kingdom
549949,22084,PAPER CHAIN KIT EMPIRE,4,2011-04-13 12:57:00,2.95,13208.0,United Kingdom
549949,21363,HOME SMALL WOOD LETTERS,1,2011-04-13 12:57:00,4.95,13208.0,United Kingdom
549949,22464,HANGING METAL HEART LANTERN,6,2011-04-13 12:57:00,1.65,13208.0,United Kingdom
549949,22178,VICTORIAN GLASS HANGING T-LIGHT,6,2011-04-13 12:57:00,1.25,13208.0,United Kingdom
549949,82494L,WOODEN FRAME ANTIQUE WHITE ,2,2011-04-13 12:57:00,2.95,13208.0,United Kingdom
549949,82482,WOODEN PICTURE FRAME WHITE FINISH,2,2011-04-13 12:57:00,2.55,13208.0,United Kingdom
549949,21078,SET/20 STRAWBERRY PAPER NAPKINS ,4,2011-04-13 12:57:00,0.85,13208.0,United Kingdom
549949,84535A,ENGLISH ROSE NOTEBOOK A6 SIZE,4,2011-04-13 12:57:00,0.65,13208.0,United Kingdom
549949,85144,JARDIN ETCHED GLASS CHEESE DISH,1,2011-04-13 12:57:00,1.95,13208.0,United Kingdom
549949,71101E,STANDING FAIRY POLE SUPPORT ,12,2011-04-13 12:57:00,0.85,13208.0,United Kingdom
549949,85131A,BEADED PEARL HEART WHITE ON STICK,9,2011-04-13 12:57:00,1.25,13208.0,United Kingdom
549949,22487,WHITE WOOD GARDEN PLANT LADDER,1,2011-04-13 12:57:00,9.95,13208.0,United Kingdom
549949,21383,PACK OF 12 STICKY BUNNIES,6,2011-04-13 12:57:00,0.65,13208.0,United Kingdom
549949,22784,LANTERN CREAM GAZEBO ,2,2011-04-13 12:57:00,4.95,13208.0,United Kingdom
549949,84882,GREEN WIRE STANDING CANDLE HOLDER,2,2011-04-13 12:57:00,3.75,13208.0,United Kingdom
549949,22792,FLUTED ANTIQUE CANDLE HOLDER,8,2011-04-13 12:57:00,0.85,13208.0,United Kingdom
549949,85200,BUNNY EGG BOX,3,2011-04-13 12:57:00,1.25,13208.0,United Kingdom
549949,22286,DECORATION WOBBLY RABBIT METAL ,2,2011-04-13 12:57:00,1.65,13208.0,United Kingdom
549949,22289,HANGING METAL CHICKEN DECORATION,2,2011-04-13 12:57:00,1.25,13208.0,United Kingdom
549949,22288,HANGING METAL RABBIT DECORATION,4,2011-04-13 12:57:00,1.25,13208.0,United Kingdom
549949,22292,HANGING CHICK  YELLOW DECORATION,5,2011-04-13 12:57:00,1.45,13208.0,United Kingdom
549949,22151,PLACE SETTING WHITE HEART,6,2011-04-13 12:57:00,0.42,13208.0,United Kingdom
549949,47481,50CM METAL STRING WITH  7 CLIPS,2,2011-04-13 12:57:00,0.85,13208.0,United Kingdom
549950,37487B,Damaged,-6,2011-04-13 12:57:00,0.0,,United Kingdom
549951,82486,WOOD S/3 CABINET ANT WHITE FINISH,6,2011-04-13 12:57:00,8.95,13134.0,United Kingdom
549951,22960,JAM MAKING SET WITH JARS,6,2011-04-13 12:57:00,4.25,13134.0,United Kingdom
549951,21933,PINK VINTAGE PAISLEY PICNIC BAG,5,2011-04-13 12:57:00,2.95,13134.0,United Kingdom
549951,22423,REGENCY CAKESTAND 3 TIER,4,2011-04-13 12:57:00,12.75,13134.0,United Kingdom
549951,20728,LUNCH BAG CARS BLUE,10,2011-04-13 12:57:00,1.65,13134.0,United Kingdom
549951,22383,LUNCH BAG SUKI DESIGN ,10,2011-04-13 12:57:00,1.65,13134.0,United Kingdom
549951,47566,PARTY BUNTING,4,2011-04-13 12:57:00,4.95,13134.0,United Kingdom
549951,21929,JUMBO BAG PINK VINTAGE PAISLEY,10,2011-04-13 12:57:00,2.08,13134.0,United Kingdom
549951,85099B,JUMBO BAG RED RETROSPOT,10,2011-04-13 12:57:00,2.08,13134.0,United Kingdom
549951,84818,DANISH ROSE PHOTO FRAME,6,2011-04-13 12:57:00,2.55,13134.0,United Kingdom
549951,48188,DOORMAT WELCOME PUPPIES,2,2011-04-13 12:57:00,7.95,13134.0,United Kingdom
549951,47599A,PINK PARTY BAGS,6,2011-04-13 12:57:00,2.1,13134.0,United Kingdom
549951,47599B,BLUE PARTY BAGS ,6,2011-04-13 12:57:00,2.1,13134.0,United Kingdom
549951,22283,6 EGG HOUSE PAINTED WOOD,4,2011-04-13 12:57:00,7.95,13134.0,United Kingdom
549951,22698,PINK REGENCY TEACUP AND SAUCER,6,2011-04-13 12:57:00,2.95,13134.0,United Kingdom
549951,22699,ROSES REGENCY TEACUP AND SAUCER ,6,2011-04-13 12:57:00,2.95,13134.0,United Kingdom
549951,22697,GREEN REGENCY TEACUP AND SAUCER,6,2011-04-13 12:57:00,2.95,13134.0,United Kingdom
549951,84817,DANISH ROSE DECORATIVE PLATE,6,2011-04-13 12:57:00,2.1,13134.0,United Kingdom
549951,21114,LAVENDER SCENTED FABRIC HEART,20,2011-04-13 12:57:00,1.25,13134.0,United Kingdom
549951,22139,RETROSPOT TEA SET CERAMIC 11 PC ,3,2011-04-13 12:57:00,4.95,13134.0,United Kingdom
549951,22558,CLOTHES PEGS RETROSPOT PACK 24 ,12,2011-04-13 12:57:00,1.65,13134.0,United Kingdom
549951,85123A,WHITE HANGING HEART T-LIGHT HOLDER,6,2011-04-13 12:57:00,2.95,13134.0,United Kingdom
549951,22138,BAKING SET 9 PIECE RETROSPOT ,3,2011-04-13 12:57:00,4.95,13134.0,United Kingdom
549951,21932,SCANDINAVIAN PAISLEY PICNIC BAG,5,2011-04-13 12:57:00,2.95,13134.0,United Kingdom
549952,37482P,Damaged,-93,2011-04-13 13:05:00,0.0,,United Kingdom
549953,23154,SET OF 4 JAM JAR MAGNETS,12,2011-04-13 13:15:00,2.08,12766.0,Portugal
549953,23126,FELTCRAFT GIRL AMELIE KIT,4,2011-04-13 13:15:00,4.95,12766.0,Portugal
549953,23128,FELTCRAFT BOY JEAN-PAUL KIT,4,2011-04-13 13:15:00,4.95,12766.0,Portugal
549953,23178,JAM CLOCK MAGNET,6,2011-04-13 13:15:00,2.89,12766.0,Portugal
549953,23179,CLOCK MAGNET MUM'S KITCHEN,6,2011-04-13 13:15:00,2.89,12766.0,Portugal
549953,23176,ABC TREASURE BOOK BOX ,8,2011-04-13 13:15:00,2.25,12766.0,Portugal
549953,22661,CHARLOTTE BAG DOLLY GIRL DESIGN,20,2011-04-13 13:15:00,0.85,12766.0,Portugal
549953,22662,LUNCH BAG DOLLY GIRL DESIGN,20,2011-04-13 13:15:00,1.65,12766.0,Portugal
549953,22974,CHILDRENS DOLLY GIRL MUG,12,2011-04-13 13:15:00,1.65,12766.0,Portugal
549953,22957,SET 3 PAPER VINTAGE CHICK PAPER EGG,6,2011-04-13 13:15:00,2.95,12766.0,Portugal
549953,22967,SET 3 SONG BIRD PAPER EGGS ASSORTED,6,2011-04-13 13:15:00,2.95,12766.0,Portugal
549953,84509A,SET OF 4 ENGLISH ROSE PLACEMATS,12,2011-04-13 13:15:00,3.75,12766.0,Portugal
549953,20750,RED RETROSPOT MINI CASES,6,2011-04-13 13:15:00,7.95,12766.0,Portugal
549953,20724,RED RETROSPOT CHARLOTTE BAG,10,2011-04-13 13:15:00,0.85,12766.0,Portugal
549953,20725,LUNCH BAG RED RETROSPOT,10,2011-04-13 13:15:00,1.65,12766.0,Portugal
549953,21155,RED RETROSPOT PEG BAG,6,2011-04-13 13:15:00,2.55,12766.0,Portugal
549953,21216,"SET 3 RETROSPOT TEA,COFFEE,SUGAR",4,2011-04-13 13:15:00,4.95,12766.0,Portugal
549953,21980,PACK OF 12 RED RETROSPOT TISSUES ,24,2011-04-13 13:15:00,0.29,12766.0,Portugal
549953,21929,JUMBO BAG PINK VINTAGE PAISLEY,20,2011-04-13 13:15:00,2.08,12766.0,Portugal
549953,21928,JUMBO BAG SCANDINAVIAN BLUE PAISLEY,10,2011-04-13 13:15:00,2.08,12766.0,Portugal
549953,22411,JUMBO SHOPPER VINTAGE RED PAISLEY,10,2011-04-13 13:15:00,2.08,12766.0,Portugal
549953,21982,PACK OF 12 SUKI TISSUES ,24,2011-04-13 13:15:00,0.29,12766.0,Portugal
549953,21981,PACK OF 12 WOODLAND TISSUES ,24,2011-04-13 13:15:00,0.29,12766.0,Portugal
549953,21984,PACK OF 12 PINK PAISLEY TISSUES ,24,2011-04-13 13:15:00,0.29,12766.0,Portugal
549953,22139,RETROSPOT TEA SET CERAMIC 11 PC ,12,2011-04-13 13:15:00,4.95,12766.0,Portugal
549953,20977,36 PENCILS TUBE WOODLAND,16,2011-04-13 13:15:00,1.25,12766.0,Portugal
549953,22473,TV DINNER TRAY VINTAGE PAISLEY,6,2011-04-13 13:15:00,4.95,12766.0,Portugal
549953,21992,VINTAGE PAISLEY STATIONERY SET,6,2011-04-13 13:15:00,2.95,12766.0,Portugal
549953,22557,PLASTERS IN TIN VINTAGE PAISLEY ,12,2011-04-13 13:15:00,1.65,12766.0,Portugal
549953,22305,COFFEE MUG PINK PAISLEY DESIGN,12,2011-04-13 13:15:00,2.55,12766.0,Portugal
549953,22851,SET 20 NAPKINS FAIRY CAKES DESIGN ,24,2011-04-13 13:15:00,0.85,12766.0,Portugal
549953,21080,SET/20 RED RETROSPOT PAPER NAPKINS ,12,2011-04-13 13:15:00,0.85,12766.0,Portugal
549953,22457,NATURAL SLATE HEART CHALKBOARD ,12,2011-04-13 13:15:00,2.95,12766.0,Portugal
549953,22649,STRAWBERRY FAIRY CAKE TEAPOT,8,2011-04-13 13:15:00,4.95,12766.0,Portugal
549953,37500,TEA TIME TEAPOT IN GIFT BOX,12,2011-04-13 13:15:00,4.95,12766.0,Portugal
549953,22059,CERAMIC STRAWBERRY DESIGN MUG,12,2011-04-13 13:15:00,1.49,12766.0,Portugal
549953,22646,CERAMIC STRAWBERRY CAKE MONEY BANK,12,2011-04-13 13:15:00,1.45,12766.0,Portugal
549953,37448,CERAMIC CAKE DESIGN SPOTTED MUG,12,2011-04-13 13:15:00,1.49,12766.0,Portugal
549953,21218,RED SPOTTY BISCUIT TIN,6,2011-04-13 13:15:00,3.75,12766.0,Portugal
549953,21906,PHARMACIE FIRST AID TIN,4,2011-04-13 13:15:00,6.75,12766.0,Portugal
549953,21556,CERAMIC STRAWBERRY MONEY BOX,6,2011-04-13 13:15:00,2.55,12766.0,Portugal
549953,23193,BUFFALO BILL TREASURE BOOK BOX,8,2011-04-13 13:15:00,2.25,12766.0,Portugal
549953,22647,CERAMIC LOVE HEART MONEY BANK,12,2011-04-13 13:15:00,1.45,12766.0,Portugal
549953,21232,STRAWBERRY CERAMIC TRINKET BOX,12,2011-04-13 13:15:00,1.25,12766.0,Portugal
549953,22138,BAKING SET 9 PIECE RETROSPOT ,6,2011-04-13 13:15:00,4.95,12766.0,Portugal
549953,22620,4 TRADITIONAL SPINNING TOPS,12,2011-04-13 13:15:00,1.45,12766.0,Portugal
549953,22623,BOX OF VINTAGE JIGSAW BLOCKS ,3,2011-04-13 13:15:00,5.95,12766.0,Portugal
549953,48129,DOORMAT TOPIARY,2,2011-04-13 13:15:00,7.95,12766.0,Portugal
549953,48184,DOORMAT ENGLISH ROSE ,2,2011-04-13 13:15:00,7.95,12766.0,Portugal
549953,22366,DOORMAT AIRMAIL ,2,2011-04-13 13:15:00,7.95,12766.0,Portugal
549953,20728,LUNCH BAG CARS BLUE,10,2011-04-13 13:15:00,1.65,12766.0,Portugal
549953,22383,LUNCH BAG SUKI DESIGN ,10,2011-04-13 13:15:00,1.65,12766.0,Portugal
549953,21430,SET/3 RED GINGHAM ROSE STORAGE BOX,4,2011-04-13 13:15:00,3.75,12766.0,Portugal
549953,22355,CHARLOTTE BAG SUKI DESIGN,10,2011-04-13 13:15:00,0.85,12766.0,Portugal
549953,20711,JUMBO BAG TOYS ,10,2011-04-13 13:15:00,2.08,12766.0,Portugal
549953,21035,SET/2 RED RETROSPOT TEA TOWELS ,6,2011-04-13 13:15:00,3.25,12766.0,Portugal
549954,20751,FUNKY WASHING UP GLOVES ASSORTED,1,2011-04-13 13:25:00,2.1,13700.0,United Kingdom
549954,21465,PINK FLOWER CROCHET FOOD COVER,3,2011-04-13 13:25:00,3.75,13700.0,United Kingdom
549954,21107,CREAM SLICE FLANNEL PINK SPOT ,2,2011-04-13 13:25:00,2.95,13700.0,United Kingdom
549954,21106,CREAM SLICE FLANNEL CHOCOLATE SPOT ,2,2011-04-13 13:25:00,2.95,13700.0,United Kingdom
549954,22616,PACK OF 12 LONDON TISSUES ,48,2011-04-13 13:25:00,0.29,13700.0,United Kingdom
549954,22109,FULL ENGLISH BREAKFAST PLATE,1,2011-04-13 13:25:00,3.75,13700.0,United Kingdom
549954,22666,RECIPE BOX PANTRY YELLOW DESIGN,2,2011-04-13 13:25:00,2.95,13700.0,United Kingdom
549954,22982,PANTRY PASTRY BRUSH,1,2011-04-13 13:25:00,1.25,13700.0,United Kingdom
549954,22989,SET 2 PANTRY DESIGN TEA TOWELS,1,2011-04-13 13:25:00,3.25,13700.0,United Kingdom
549954,22990,COTTON APRON PANTRY DESIGN,1,2011-04-13 13:25:00,4.95,13700.0,United Kingdom
549954,22978,PANTRY ROLLING PIN,1,2011-04-13 13:25:00,3.75,13700.0,United Kingdom
549954,23205,CHARLOTTE BAG VINTAGE ALPHABET ,20,2011-04-13 13:25:00,0.85,13700.0,United Kingdom
549954,37370,RETRO COFFEE MUGS ASSORTED,12,2011-04-13 13:25:00,1.25,13700.0,United Kingdom
549954,21874,GIN AND TONIC MUG,6,2011-04-13 13:25:00,1.25,13700.0,United Kingdom
549954,23159,SET OF 5 PANCAKE DAY MAGNETS,12,2011-04-13 13:25:00,2.08,13700.0,United Kingdom
549954,23156,SET OF 5 MINI GROCERY MAGNETS,12,2011-04-13 13:25:00,2.08,13700.0,United Kingdom
549954,21034,REX CASH+CARRY JUMBO SHOPPER,1,2011-04-13 13:25:00,0.95,13700.0,United Kingdom
549954,22476,EMPIRE UNION JACK TV DINNER TRAY,2,2011-04-13 13:25:00,4.95,13700.0,United Kingdom
549954,22974,CHILDRENS DOLLY GIRL MUG,6,2011-04-13 13:25:00,1.65,13700.0,United Kingdom
C549955,22839,3 TIER CAKE TIN GREEN AND CREAM,-2,2011-04-13 13:38:00,14.95,12359.0,Cyprus
C549955,22666,RECIPE BOX PANTRY YELLOW DESIGN,-2,2011-04-13 13:38:00,2.95,12359.0,Cyprus
549956,22151,PLACE SETTING WHITE HEART,192,2011-04-13 13:42:00,0.42,14898.0,United Kingdom
549956,84879,ASSORTED COLOUR BIRD ORNAMENT,16,2011-04-13 13:42:00,1.69,14898.0,United Kingdom
549956,47566,PARTY BUNTING,4,2011-04-13 13:42:00,4.95,14898.0,United Kingdom
549956,85040A,S/4 PINK FLOWER CANDLES IN BOWL,12,2011-04-13 13:42:00,1.65,14898.0,United Kingdom
549956,22295,HEART FILIGREE DOVE LARGE,12,2011-04-13 13:42:00,1.65,14898.0,United Kingdom
549956,85039B,S/4 IVORY MINI ROSE CANDLE IN BOWL,12,2011-04-13 13:42:00,1.65,14898.0,United Kingdom
549957,20685,DOORMAT RED RETROSPOT,2,2011-04-13 13:45:00,7.95,13539.0,United Kingdom
549957,48138,DOORMAT UNION FLAG,2,2011-04-13 13:45:00,7.95,13539.0,United Kingdom
549957,22139,RETROSPOT TEA SET CERAMIC 11 PC ,3,2011-04-13 13:45:00,4.95,13539.0,United Kingdom
549957,22855,FINE WICKER HEART ,12,2011-04-13 13:45:00,1.25,13539.0,United Kingdom
549957,16156S,WRAP PINK FAIRY CAKES ,25,2011-04-13 13:45:00,0.42,13539.0,United Kingdom
549957,22045,SPACEBOY GIFT WRAP,25,2011-04-13 13:45:00,0.42,13539.0,United Kingdom
549957,21749,LARGE RED RETROSPOT WINDMILL,6,2011-04-13 13:45:00,2.1,13539.0,United Kingdom
549957,21746,SMALL RED RETROSPOT WINDMILL,12,2011-04-13 13:45:00,1.25,13539.0,United Kingdom
549957,22189,CREAM HEART CARD HOLDER,4,2011-04-13 13:45:00,3.95,13539.0,United Kingdom
549957,90185D,CRYSTAL DIAMANTE EXPANDABLE RING,6,2011-04-13 13:45:00,4.25,13539.0,United Kingdom
549958,22558,CLOTHES PEGS RETROSPOT PACK 24 ,1,2011-04-13 13:47:00,1.65,17589.0,United Kingdom
549958,23256,CHILDRENS CUTLERY SPACEBOY ,2,2011-04-13 13:47:00,4.15,17589.0,United Kingdom
549958,84997D,CHILDRENS CUTLERY POLKADOT PINK,3,2011-04-13 13:47:00,4.15,17589.0,United Kingdom
549958,84997B,CHILDRENS CUTLERY RETROSPOT RED ,3,2011-04-13 13:47:00,4.15,17589.0,United Kingdom
549958,84997C,CHILDRENS CUTLERY POLKADOT BLUE,3,2011-04-13 13:47:00,4.15,17589.0,United Kingdom
549958,20750,RED RETROSPOT MINI CASES,1,2011-04-13 13:47:00,7.95,17589.0,United Kingdom
549958,22614,PACK OF 12 SPACEBOY TISSUES,12,2011-04-13 13:47:00,0.29,17589.0,United Kingdom
549958,22616,PACK OF 12 LONDON TISSUES ,12,2011-04-13 13:47:00,0.29,17589.0,United Kingdom
549958,21982,PACK OF 12 SUKI TISSUES ,12,2011-04-13 13:47:00,0.29,17589.0,United Kingdom
549958,21967,PACK OF 12 SKULL TISSUES,12,2011-04-13 13:47:00,0.29,17589.0,United Kingdom
549958,20728,LUNCH BAG CARS BLUE,10,2011-04-13 13:47:00,1.65,17589.0,United Kingdom
549958,22561,WOODEN SCHOOL COLOURING SET,3,2011-04-13 13:47:00,1.65,17589.0,United Kingdom
549958,20961,STRAWBERRY BATH SPONGE ,10,2011-04-13 13:47:00,1.25,17589.0,United Kingdom
549958,22326,ROUND SNACK BOXES SET OF4 WOODLAND ,3,2011-04-13 13:47:00,2.95,17589.0,United Kingdom
549958,22630,DOLLY GIRL LUNCH BOX,2,2011-04-13 13:47:00,1.95,17589.0,United Kingdom
549958,22629,SPACEBOY LUNCH BOX ,3,2011-04-13 13:47:00,1.95,17589.0,United Kingdom
549958,21559,STRAWBERRY LUNCH BOX WITH CUTLERY,5,2011-04-13 13:47:00,2.55,17589.0,United Kingdom
549958,22353,LUNCH BOX WITH CUTLERY FAIRY CAKES ,5,2011-04-13 13:47:00,2.55,17589.0,United Kingdom
549958,21746,SMALL RED RETROSPOT WINDMILL,1,2011-04-13 13:47:00,1.25,17589.0,United Kingdom
549958,21558,SKULL LUNCH BOX WITH CUTLERY ,3,2011-04-13 13:47:00,2.55,17589.0,United Kingdom
549958,22933,BAKING MOULD EASTER EGG MILK CHOC,3,2011-04-13 13:47:00,2.95,17589.0,United Kingdom
549958,22934,BAKING MOULD EASTER EGG WHITE CHOC,3,2011-04-13 13:47:00,2.95,17589.0,United Kingdom
549958,21747,SMALL SKULL WINDMILL,6,2011-04-13 13:47:00,1.25,17589.0,United Kingdom
549958,21746,SMALL RED RETROSPOT WINDMILL,5,2011-04-13 13:47:00,1.25,17589.0,United Kingdom
549958,22084,PAPER CHAIN KIT EMPIRE,5,2011-04-13 13:47:00,2.95,17589.0,United Kingdom
549958,21715,GIRLS VINTAGE TIN SEASIDE BUCKET,3,2011-04-13 13:47:00,2.55,17589.0,United Kingdom
549958,22519,CHILDS GARDEN BRUSH PINK,3,2011-04-13 13:47:00,2.1,17589.0,United Kingdom
549958,22518,CHILDS GARDEN BRUSH BLUE,2,2011-04-13 13:47:00,2.1,17589.0,United Kingdom
549958,22432,WATERING CAN PINK BUNNY,3,2011-04-13 13:47:00,1.95,17589.0,United Kingdom
549958,22433,WATERING CAN GREEN DINOSAUR,7,2011-04-13 13:47:00,1.95,17589.0,United Kingdom
549958,20727,LUNCH BAG  BLACK SKULL.,1,2011-04-13 13:47:00,1.65,17589.0,United Kingdom
549958,84715,SET OF 6 ICE CREAM SKITTLES,4,2011-04-13 13:47:00,2.95,17589.0,United Kingdom
549958,22382,LUNCH BAG SPACEBOY DESIGN ,6,2011-04-13 13:47:00,1.65,17589.0,United Kingdom
549958,22431,WATERING CAN BLUE ELEPHANT,3,2011-04-13 13:47:00,1.95,17589.0,United Kingdom
549958,23206,LUNCH BAG APPLE DESIGN,6,2011-04-13 13:47:00,1.65,17589.0,United Kingdom
549958,23207,LUNCH BAG ALPHABET DESIGN,3,2011-04-13 13:47:00,1.65,17589.0,United Kingdom
549958,23208,LUNCH BAG VINTAGE LEAF DESIGN,5,2011-04-13 13:47:00,1.65,17589.0,United Kingdom
549958,22502,PICNIC BASKET WICKER SMALL,3,2011-04-13 13:47:00,5.95,17589.0,United Kingdom
549958,21452,TOADSTOOL MONEY BOX,2,2011-04-13 13:47:00,2.95,17589.0,United Kingdom
549958,22662,LUNCH BAG DOLLY GIRL DESIGN,3,2011-04-13 13:47:00,1.65,17589.0,United Kingdom
549958,22383,LUNCH BAG SUKI DESIGN ,6,2011-04-13 13:47:00,1.65,17589.0,United Kingdom
549958,22384,LUNCH BAG PINK POLKADOT,6,2011-04-13 13:47:00,1.65,17589.0,United Kingdom
549958,22659,LUNCH BOX I LOVE LONDON,2,2011-04-13 13:47:00,1.95,17589.0,United Kingdom
549958,22149,FELTCRAFT 6 FLOWER FRIENDS,2,2011-04-13 13:47:00,2.1,17589.0,United Kingdom
549958,22147,FELTCRAFT BUTTERFLY HEARTS,2,2011-04-13 13:47:00,1.45,17589.0,United Kingdom
549958,22273,FELTCRAFT DOLL MOLLY,1,2011-04-13 13:47:00,2.95,17589.0,United Kingdom
549958,22706,WRAP COWBOYS  ,25,2011-04-13 13:47:00,0.42,17589.0,United Kingdom
549958,16156S,WRAP PINK FAIRY CAKES ,25,2011-04-13 13:47:00,0.42,17589.0,United Kingdom
549958,21499,BLUE POLKADOT WRAP,25,2011-04-13 13:47:00,0.42,17589.0,United Kingdom
549958,16161U,WRAP SUKI AND FRIENDS,25,2011-04-13 13:47:00,0.42,17589.0,United Kingdom
549958,21500,PINK POLKADOT WRAP ,25,2011-04-13 13:47:00,0.42,17589.0,United Kingdom
549958,21034,REX CASH+CARRY JUMBO SHOPPER,5,2011-04-13 13:47:00,0.95,17589.0,United Kingdom
549958,21563,RED HEART SHAPE LOVE BUCKET ,5,2011-04-13 13:47:00,2.95,17589.0,United Kingdom
549958,21564,PINK  HEART SHAPE LOVE BUCKET ,5,2011-04-13 13:47:00,2.95,17589.0,United Kingdom
549958,20977,36 PENCILS TUBE WOODLAND,3,2011-04-13 13:47:00,1.25,17589.0,United Kingdom
549958,22553,PLASTERS IN TIN SKULLS,3,2011-04-13 13:47:00,1.65,17589.0,United Kingdom
549958,20978,36 PENCILS TUBE SKULLS,3,2011-04-13 13:47:00,1.25,17589.0,United Kingdom
549958,22489,PACK OF 12 TRADITIONAL CRAYONS,5,2011-04-13 13:47:00,0.42,17589.0,United Kingdom
549958,22208,WOOD STAMP SET THANK YOU,2,2011-04-13 13:47:00,1.65,17589.0,United Kingdom
549958,22211,WOOD STAMP SET FLOWERS,2,2011-04-13 13:47:00,1.65,17589.0,United Kingdom
549958,22520,CHILDS GARDEN TROWEL BLUE ,4,2011-04-13 13:47:00,0.85,17589.0,United Kingdom
549958,22523,CHILDS GARDEN FORK PINK,3,2011-04-13 13:47:00,0.85,17589.0,United Kingdom
549958,22521,CHILDS GARDEN TROWEL PINK,3,2011-04-13 13:47:00,0.85,17589.0,United Kingdom
549958,22522,CHILDS GARDEN FORK BLUE ,4,2011-04-13 13:47:00,0.85,17589.0,United Kingdom
549958,21718,RED METAL BEACH SPADE ,6,2011-04-13 13:47:00,1.25,17589.0,United Kingdom
549958,22148,EASTER CRAFT 4 CHICKS ,4,2011-04-13 13:47:00,1.95,17589.0,United Kingdom
549958,22139,RETROSPOT TEA SET CERAMIC 11 PC ,6,2011-04-13 13:47:00,4.95,17589.0,United Kingdom
549958,23077,DOUGHNUT LIP GLOSS ,20,2011-04-13 13:47:00,1.25,17589.0,United Kingdom
549958,23078,ICE CREAM PEN LIP GLOSS ,24,2011-04-13 13:47:00,1.25,17589.0,United Kingdom
549958,20963,APPLE BATH SPONGE,10,2011-04-13 13:47:00,1.25,17589.0,United Kingdom
549958,21947,SET OF 6 HEART CHOPSTICKS,3,2011-04-13 13:47:00,1.25,17589.0,United Kingdom
549959,22560,TRADITIONAL MODELLING CLAY,24,2011-04-13 13:47:00,1.25,16097.0,United Kingdom
549959,21716,BOYS VINTAGE TIN SEASIDE BUCKET,8,2011-04-13 13:47:00,2.55,16097.0,United Kingdom
549959,21718,RED METAL BEACH SPADE ,12,2011-04-13 13:47:00,1.25,16097.0,United Kingdom
549959,22559,SEASIDE FLYING DISC,12,2011-04-13 13:47:00,1.25,16097.0,United Kingdom
549959,21791,VINTAGE HEADS AND TAILS CARD GAME ,12,2011-04-13 13:47:00,1.25,16097.0,United Kingdom
549959,21915,RED  HARMONICA IN BOX ,12,2011-04-13 13:47:00,1.25,16097.0,United Kingdom
549959,22605,WOODEN CROQUET GARDEN SET,1,2011-04-13 13:47:00,14.95,16097.0,United Kingdom
549959,22607,WOODEN ROUNDERS GARDEN SET ,2,2011-04-13 13:47:00,9.95,16097.0,United Kingdom
549959,22635,CHILDS BREAKFAST SET DOLLY GIRL ,2,2011-04-13 13:47:00,9.95,16097.0,United Kingdom
549959,22634,CHILDS BREAKFAST SET SPACEBOY ,2,2011-04-13 13:47:00,9.95,16097.0,United Kingdom
C549960,22423,REGENCY CAKESTAND 3 TIER,-2,2011-04-13 13:49:00,12.75,16652.0,United Kingdom
549961,22423,REGENCY CAKESTAND 3 TIER,2,2011-04-13 13:51:00,12.75,16652.0,United Kingdom
C549962,22423,REGENCY CAKESTAND 3 TIER,-2,2011-04-13 13:51:00,10.95,16652.0,United Kingdom
549964,22120,WELCOME  WOODEN BLOCK LETTERS,3,2011-04-13 14:12:00,9.95,13122.0,United Kingdom
549964,21754,HOME BUILDING BLOCK WORD,3,2011-04-13 14:12:00,5.95,13122.0,United Kingdom
549964,21755,LOVE BUILDING BLOCK WORD,3,2011-04-13 14:12:00,5.95,13122.0,United Kingdom
549964,22219,LOVEBIRD HANGING DECORATION WHITE ,12,2011-04-13 14:12:00,0.85,13122.0,United Kingdom
549964,22341,LOVE GARLAND PAINTED ZINC ,12,2011-04-13 14:12:00,1.65,13122.0,United Kingdom
549964,22335,HEART DECORATION PAINTED ZINC ,24,2011-04-13 14:12:00,0.65,13122.0,United Kingdom
549964,22295,HEART FILIGREE DOVE LARGE,12,2011-04-13 14:12:00,1.65,13122.0,United Kingdom
549964,22296,HEART IVORY TRELLIS LARGE,12,2011-04-13 14:12:00,1.65,13122.0,United Kingdom
549964,84836,ZINC METAL HEART DECORATION,12,2011-04-13 14:12:00,1.25,13122.0,United Kingdom
549964,22077,6 RIBBONS RUSTIC CHARM,12,2011-04-13 14:12:00,1.65,13122.0,United Kingdom
549964,85123A,WHITE HANGING HEART T-LIGHT HOLDER,6,2011-04-13 14:12:00,2.95,13122.0,United Kingdom
549964,21733,RED HANGING HEART T-LIGHT HOLDER,6,2011-04-13 14:12:00,2.95,13122.0,United Kingdom
549964,22804,CANDLEHOLDER PINK HANGING HEART,6,2011-04-13 14:12:00,2.95,13122.0,United Kingdom
549964,22191,IVORY DINER WALL CLOCK,2,2011-04-13 14:12:00,8.5,13122.0,United Kingdom
549964,22193,RED DINER WALL CLOCK,2,2011-04-13 14:12:00,8.5,13122.0,United Kingdom
549964,22136,LOVE HEART SOCK HANGER,12,2011-04-13 14:12:00,1.65,13122.0,United Kingdom
549964,22134,MINI LADLE LOVE HEART RED ,12,2011-04-13 14:12:00,0.42,13122.0,United Kingdom
549964,22135,MINI LADLE LOVE HEART PINK,12,2011-04-13 14:12:00,0.42,13122.0,United Kingdom
549964,22137,BATHROOM SET LOVE HEART DESIGN,6,2011-04-13 14:12:00,2.95,13122.0,United Kingdom
549964,22132,RED LOVE HEART SHAPE CUP,12,2011-04-13 14:12:00,0.85,13122.0,United Kingdom
549964,22133,PINK LOVE HEART SHAPE CUP,12,2011-04-13 14:12:00,0.85,13122.0,United Kingdom
549964,21068,VINTAGE BILLBOARD LOVE/HATE MUG,12,2011-04-13 14:12:00,1.25,13122.0,United Kingdom
549964,22629,SPACEBOY LUNCH BOX ,12,2011-04-13 14:12:00,1.95,13122.0,United Kingdom
549964,22630,DOLLY GIRL LUNCH BOX,12,2011-04-13 14:12:00,1.95,13122.0,United Kingdom
549964,22631,CIRCUS PARADE LUNCH BOX ,12,2011-04-13 14:12:00,1.95,13122.0,United Kingdom
549964,21874,GIN AND TONIC MUG,12,2011-04-13 14:12:00,1.25,13122.0,United Kingdom
549964,22090,PAPER BUNTING RETROSPOT,6,2011-04-13 14:12:00,2.95,13122.0,United Kingdom
549964,22499,WOODEN UNION JACK BUNTING,3,2011-04-13 14:12:00,5.95,13122.0,United Kingdom
549964,21625,VINTAGE UNION JACK APRON,3,2011-04-13 14:12:00,6.95,13122.0,United Kingdom
549964,22084,PAPER CHAIN KIT EMPIRE,6,2011-04-13 14:12:00,2.95,13122.0,United Kingdom
549964,22091,EMPIRE TISSUE BOX,12,2011-04-13 14:12:00,1.25,13122.0,United Kingdom
549964,15036,ASSORTED COLOURS SILK FAN,12,2011-04-13 14:12:00,0.83,13122.0,United Kingdom
549964,21114,LAVENDER SCENTED FABRIC HEART,10,2011-04-13 14:12:00,1.25,13122.0,United Kingdom
549964,21446,12 RED ROSE PEG PLACE SETTINGS,12,2011-04-13 14:12:00,1.25,13122.0,United Kingdom
549964,20829,GLITTER HANGING BUTTERFLY STRING,8,2011-04-13 14:12:00,2.1,13122.0,United Kingdom
549964,15044A,PINK PAPER PARASOL ,6,2011-04-13 14:12:00,2.95,13122.0,United Kingdom
549964,15044B,BLUE PAPER PARASOL ,6,2011-04-13 14:12:00,2.95,13122.0,United Kingdom
549964,15044D,RED PAPER PARASOL,6,2011-04-13 14:12:00,2.95,13122.0,United Kingdom
549964,22095,LADS ONLY TISSUE BOX,12,2011-04-13 14:12:00,1.25,13122.0,United Kingdom
549964,22468,BABUSHKA LIGHTS STRING OF 10,2,2011-04-13 14:12:00,6.75,13122.0,United Kingdom
549964,22246,MAGIC GARDEN FELT GARLAND ,12,2011-04-13 14:12:00,1.95,13122.0,United Kingdom
549964,21577,SAVE THE PLANET COTTON TOTE BAG,6,2011-04-13 14:12:00,2.25,13122.0,United Kingdom
549964,21201,TROPICAL  HONEYCOMB PAPER GARLAND ,12,2011-04-13 14:12:00,2.55,13122.0,United Kingdom
549964,21206,STRAWBERRY HONEYCOMB  GARLAND ,12,2011-04-13 14:12:00,1.65,13122.0,United Kingdom
549964,22087,PAPER BUNTING WHITE LACE,6,2011-04-13 14:12:00,2.95,13122.0,United Kingdom
549964,35004G,SET OF 3 GOLD FLYING DUCKS,2,2011-04-13 14:12:00,6.35,13122.0,United Kingdom
549964,40016,CHINESE DRAGON PAPER LANTERNS,24,2011-04-13 14:12:00,0.42,13122.0,United Kingdom
549964,71053,WHITE METAL LANTERN,4,2011-04-13 14:12:00,3.75,13122.0,United Kingdom
549964,21870,I CAN ONLY PLEASE ONE PERSON MUG,12,2011-04-13 14:12:00,1.25,13122.0,United Kingdom
549964,21871,SAVE THE PLANET MUG,12,2011-04-13 14:12:00,1.25,13122.0,United Kingdom
549964,22066,LOVE HEART TRINKET POT,48,2011-04-13 14:12:00,0.39,13122.0,United Kingdom
549964,22099,CARAVAN SQUARE TISSUE BOX,12,2011-04-13 14:12:00,1.25,13122.0,United Kingdom
549964,21579,LOLITA  DESIGN  COTTON TOTE BAG,6,2011-04-13 14:12:00,2.25,13122.0,United Kingdom
549964,84459A,PINK METAL CHICKEN HEART ,12,2011-04-13 14:12:00,1.49,13122.0,United Kingdom
549965,22491,PACK OF 12 COLOURED PENCILS,60,2011-04-13 14:17:00,0.85,16966.0,United Kingdom
549965,22489,PACK OF 12 TRADITIONAL CRAYONS,36,2011-04-13 14:17:00,0.42,16966.0,United Kingdom
549965,22561,WOODEN SCHOOL COLOURING SET,48,2011-04-13 14:17:00,1.65,16966.0,United Kingdom
549965,21892,TRADITIONAL WOODEN CATCH CUP GAME ,60,2011-04-13 14:17:00,1.25,16966.0,United Kingdom
549965,21703,BAG 125g SWIRLY MARBLES,60,2011-04-13 14:17:00,0.42,16966.0,United Kingdom
549965,21890,S/6 WOODEN SKITTLES IN COTTON BAG,24,2011-04-13 14:17:00,3.25,16966.0,United Kingdom
549965,21891,TRADITIONAL WOODEN SKIPPING ROPE,24,2011-04-13 14:17:00,1.45,16966.0,United Kingdom
549965,22560,TRADITIONAL MODELLING CLAY,48,2011-04-13 14:17:00,1.06,16966.0,United Kingdom
549966,22285,HANGING HEN ON NEST DECORATION,12,2011-04-13 14:17:00,1.65,16224.0,United Kingdom
549966,85194L,HANGING SPRING FLOWER EGG LARGE,12,2011-04-13 14:17:00,0.85,16224.0,United Kingdom
549966,84457,SET/3 RABBITS FLOWER SKIPPPING ROPE,12,2011-04-13 14:17:00,0.85,16224.0,United Kingdom
549966,21117,BLOND DOLL DOORSTOP,12,2011-04-13 14:17:00,1.25,16224.0,United Kingdom
549966,35810A,ENAMEL PINK COFFEE CONTAINER,12,2011-04-13 14:17:00,0.83,16224.0,United Kingdom
549966,35809A,ENAMEL PINK TEA CONTAINER,12,2011-04-13 14:17:00,0.83,16224.0,United Kingdom
549966,23155,KNICKERBOCKERGLORY MAGNET ASSORTED ,12,2011-04-13 14:17:00,0.83,16224.0,United Kingdom
549966,16216,LETTER SHAPE PENCIL SHARPENER,80,2011-04-13 14:17:00,0.16,16224.0,United Kingdom
549966,85031A,ROMANTIC IMAGES SCRAP BOOK SET,3,2011-04-13 14:17:00,1.25,16224.0,United Kingdom
549966,85032C,CURIOUS IMAGES GIFT WRAP SET,6,2011-04-13 14:17:00,2.1,16224.0,United Kingdom
549966,22035,VINTAGE CARAVAN GREETING CARD ,12,2011-04-13 14:17:00,0.42,16224.0,United Kingdom
549966,21519,GIN & TONIC DIET GREETING CARD ,12,2011-04-13 14:17:00,0.42,16224.0,United Kingdom
549966,22032,BOTANICAL LILY GREETING CARD,12,2011-04-13 14:17:00,0.42,16224.0,United Kingdom
549966,22984,CARD GINGHAM ROSE ,12,2011-04-13 14:17:00,0.42,16224.0,United Kingdom
549966,22025,RING OF ROSES BIRTHDAY CARD,12,2011-04-13 14:17:00,0.42,16224.0,United Kingdom
549966,84924A,WAKE UP COCKEREL CALENDAR SIGN ,4,2011-04-13 14:17:00,3.75,16224.0,United Kingdom
549966,21174,POTTERING IN THE SHED METAL SIGN,12,2011-04-13 14:17:00,2.08,16224.0,United Kingdom
549966,21908,CHOCOLATE THIS WAY METAL SIGN,12,2011-04-13 14:17:00,2.1,16224.0,United Kingdom
549966,22244,3 HOOK HANGER MAGIC GARDEN,12,2011-04-13 14:17:00,1.95,16224.0,United Kingdom
549966,22245,"HOOK, 1 HANGER ,MAGIC GARDEN",12,2011-04-13 14:17:00,0.85,16224.0,United Kingdom
549966,22912,YELLOW COAT RACK PARIS FASHION,3,2011-04-13 14:17:00,4.95,16224.0,United Kingdom
549966,22554,PLASTERS IN TIN WOODLAND ANIMALS,12,2011-04-13 14:17:00,1.65,16224.0,United Kingdom
549966,84569D,PACK 6 HEART/ICE-CREAM PATCHES,12,2011-04-13 14:17:00,1.25,16224.0,United Kingdom
549966,22534,MAGIC DRAWING SLATE SPACEBOY ,24,2011-04-13 14:17:00,0.42,16224.0,United Kingdom
549966,22530,MAGIC DRAWING SLATE DOLLY GIRL ,24,2011-04-13 14:17:00,0.42,16224.0,United Kingdom
549966,21703,BAG 125g SWIRLY MARBLES,12,2011-04-13 14:17:00,0.42,16224.0,United Kingdom
549966,21892,TRADITIONAL WOODEN CATCH CUP GAME ,12,2011-04-13 14:17:00,1.25,16224.0,United Kingdom
549966,21915,RED  HARMONICA IN BOX ,12,2011-04-13 14:17:00,1.25,16224.0,United Kingdom
549966,22443,GROW YOUR OWN HERBS SET OF 3,2,2011-04-13 14:17:00,7.95,16224.0,United Kingdom
549966,22441,GROW YOUR OWN BASIL IN ENAMEL MUG,8,2011-04-13 14:17:00,2.1,16224.0,United Kingdom
549967,82600,NO SINGING METAL SIGN,48,2011-04-13 14:21:00,1.85,17873.0,United Kingdom
549967,85150,LADIES & GENTLEMEN METAL SIGN,48,2011-04-13 14:21:00,2.1,17873.0,United Kingdom
549967,82582,AREA PATROLLED METAL SIGN,48,2011-04-13 14:21:00,2.1,17873.0,United Kingdom
549967,21166,COOK WITH WINE METAL SIGN ,48,2011-04-13 14:21:00,1.85,17873.0,United Kingdom
549967,82552,WASHROOM METAL SIGN,24,2011-04-13 14:21:00,1.45,17873.0,United Kingdom
549967,82551,LAUNDRY 15C METAL SIGN,24,2011-04-13 14:21:00,1.45,17873.0,United Kingdom
549967,82578,KITCHEN METAL SIGN,25,2011-04-13 14:21:00,0.55,17873.0,United Kingdom
549967,82581,TOILET METAL SIGN,25,2011-04-13 14:21:00,0.55,17873.0,United Kingdom
549967,82580,BATHROOM METAL SIGN,25,2011-04-13 14:21:00,0.55,17873.0,United Kingdom
549969,23201,JUMBO BAG ALPHABET,100,2011-04-13 14:24:00,1.65,13408.0,United Kingdom
549969,23199,JUMBO BAG APPLES,100,2011-04-13 14:24:00,1.65,13408.0,United Kingdom
549969,23205,CHARLOTTE BAG ALPHABET  DESIGN,30,2011-04-13 14:24:00,0.85,13408.0,United Kingdom
549969,23204,CHARLOTTE BAG APPLES DESIGN,30,2011-04-13 14:24:00,0.85,13408.0,United Kingdom
C549968,22151,PLACE SETTING WHITE HEART,-432,2011-04-13 14:24:00,0.36,14064.0,United Kingdom
549970,22371,AIRLINE BAG VINTAGE TOKYO 78,1,2011-04-13 14:25:00,4.25,15026.0,United Kingdom
549970,22766,PHOTO FRAME CORNICE,2,2011-04-13 14:25:00,2.95,15026.0,United Kingdom
549970,22189,CREAM HEART CARD HOLDER,4,2011-04-13 14:25:00,3.95,15026.0,United Kingdom
549970,84725,FREESTYLE CANVAS ART PICTURE,1,2011-04-13 14:25:00,1.65,15026.0,United Kingdom
549970,22811,SET OF 6 T-LIGHTS CACTI ,6,2011-04-13 14:25:00,2.95,15026.0,United Kingdom
549970,22844,VINTAGE CREAM DOG FOOD CONTAINER,9,2011-04-13 14:25:00,8.5,15026.0,United Kingdom
549971,23206,LUNCH BAG APPLE DESIGN,20,2011-04-13 14:25:00,1.65,13408.0,United Kingdom
549972,22745,POPPY'S PLAYHOUSE BEDROOM ,6,2011-04-13 14:27:00,2.1,13408.0,United Kingdom
549972,22746,POPPY'S PLAYHOUSE LIVINGROOM ,6,2011-04-13 14:27:00,2.1,13408.0,United Kingdom
549972,22090,PAPER BUNTING RETROSPOT,40,2011-04-13 14:27:00,2.55,13408.0,United Kingdom
549972,22087,PAPER BUNTING WHITE LACE,40,2011-04-13 14:27:00,2.55,13408.0,United Kingdom
549972,22673,FRENCH GARDEN SIGN BLUE METAL,12,2011-04-13 14:27:00,1.25,13408.0,United Kingdom
549972,22773,GREEN DRAWER KNOB ACRYLIC EDWARDIAN,36,2011-04-13 14:27:00,1.25,13408.0,United Kingdom
549972,22084,PAPER CHAIN KIT EMPIRE,40,2011-04-13 14:27:00,2.55,13408.0,United Kingdom
549972,22665,RECIPE BOX BLUE SKETCHBOOK DESIGN,6,2011-04-13 14:27:00,2.95,13408.0,United Kingdom
C549973,85152,HAND OVER THE CHOCOLATE   SIGN ,-24,2011-04-13 14:30:00,2.1,17873.0,United Kingdom
C549973,82600,NO SINGING METAL SIGN,-24,2011-04-13 14:30:00,1.85,17873.0,United Kingdom
549974,22060,LARGE CAKE STAND HANGING HEARTS,8,2011-04-13 14:31:00,3.95,17746.0,United Kingdom
549974,22899,CHILDREN'S APRON DOLLY GIRL ,6,2011-04-13 14:31:00,2.1,17746.0,United Kingdom
549974,22898,CHILDRENS APRON APPLES DESIGN,8,2011-04-13 14:31:00,1.95,17746.0,United Kingdom
549974,37495,FAIRY CAKE BIRTHDAY CANDLE SET,4,2011-04-13 14:31:00,3.75,17746.0,United Kingdom
549974,22423,REGENCY CAKESTAND 3 TIER,2,2011-04-13 14:31:00,12.75,17746.0,United Kingdom
549974,22776,SWEETHEART CAKESTAND 3 TIER,1,2011-04-13 14:31:00,9.95,17746.0,United Kingdom
549975,21624,VINTAGE UNION JACK DOORSTOP,3,2011-04-13 14:38:00,5.95,16175.0,United Kingdom
549975,22498,WOODEN REGATTA BUNTING,3,2011-04-13 14:38:00,5.95,16175.0,United Kingdom
549975,22499,WOODEN UNION JACK BUNTING,6,2011-04-13 14:38:00,5.95,16175.0,United Kingdom
549975,22784,LANTERN CREAM GAZEBO ,3,2011-04-13 14:38:00,4.95,16175.0,United Kingdom
549975,22501,PICNIC BASKET WICKER LARGE,2,2011-04-13 14:38:00,9.95,16175.0,United Kingdom
549975,20702,PINK PADDED MOBILE,3,2011-04-13 14:38:00,4.25,16175.0,United Kingdom
549975,22320,BIRDS MOBILE VINTAGE DESIGN,3,2011-04-13 14:38:00,5.95,16175.0,United Kingdom
549975,22325,MOBILE VINTAGE HEARTS ,3,2011-04-13 14:38:00,4.95,16175.0,United Kingdom
549975,75049L,LARGE CIRCULAR MIRROR MOBILE,12,2011-04-13 14:38:00,1.25,16175.0,United Kingdom
549975,22855,FINE WICKER HEART ,12,2011-04-13 14:38:00,1.25,16175.0,United Kingdom
549975,48138,DOORMAT UNION FLAG,2,2011-04-13 14:38:00,7.95,16175.0,United Kingdom
549975,85123A,WHITE HANGING HEART T-LIGHT HOLDER,12,2011-04-13 14:38:00,2.95,16175.0,United Kingdom
549975,21231,SWEETHEART CERAMIC TRINKET BOX,12,2011-04-13 14:38:00,1.25,16175.0,United Kingdom
549975,21232,STRAWBERRY CERAMIC TRINKET BOX,12,2011-04-13 14:38:00,1.25,16175.0,United Kingdom
549975,15036,ASSORTED COLOURS SILK FAN,12,2011-04-13 14:38:00,0.83,16175.0,United Kingdom
549976,21577,SAVE THE PLANET COTTON TOTE BAG,6,2011-04-13 14:39:00,2.25,15855.0,United Kingdom
549976,21578,WOODLAND DESIGN  COTTON TOTE BAG,6,2011-04-13 14:39:00,2.25,15855.0,United Kingdom
549976,22661,CHARLOTTE BAG DOLLY GIRL DESIGN,10,2011-04-13 14:39:00,0.85,15855.0,United Kingdom
549976,22355,CHARLOTTE BAG SUKI DESIGN,10,2011-04-13 14:39:00,0.85,15855.0,United Kingdom
549976,22899,CHILDREN'S APRON DOLLY GIRL ,6,2011-04-13 14:39:00,2.1,15855.0,United Kingdom
549976,47566,PARTY BUNTING,4,2011-04-13 14:39:00,4.95,15855.0,United Kingdom
549976,21915,RED  HARMONICA IN BOX ,12,2011-04-13 14:39:00,1.25,15855.0,United Kingdom
549976,21889,WOODEN BOX OF DOMINOES,12,2011-04-13 14:39:00,1.25,15855.0,United Kingdom
549977,23201,JUMBO BAG ALPHABET,10,2011-04-13 14:54:00,2.08,14810.0,United Kingdom
549977,21928,JUMBO BAG SCANDINAVIAN BLUE PAISLEY,6,2011-04-13 14:54:00,2.08,14810.0,United Kingdom
549977,21931,JUMBO STORAGE BAG SUKI,4,2011-04-13 14:54:00,2.08,14810.0,United Kingdom
549977,23206,LUNCH BAG APPLE DESIGN,6,2011-04-13 14:54:00,1.65,14810.0,United Kingdom
549977,23207,LUNCH BAG ALPHABET DESIGN,6,2011-04-13 14:54:00,1.65,14810.0,United Kingdom
549977,22384,LUNCH BAG PINK POLKADOT,5,2011-04-13 14:54:00,1.65,14810.0,United Kingdom
549977,20725,LUNCH BAG RED RETROSPOT,4,2011-04-13 14:54:00,1.65,14810.0,United Kingdom
549977,21937,STRAWBERRY   PICNIC BAG,4,2011-04-13 14:54:00,2.95,14810.0,United Kingdom
549977,21932,SCANDINAVIAN PAISLEY PICNIC BAG,4,2011-04-13 14:54:00,2.95,14810.0,United Kingdom
549977,21936,RED RETROSPOT PICNIC BAG,2,2011-04-13 14:54:00,2.95,14810.0,United Kingdom
549977,22383,LUNCH BAG SUKI DESIGN ,4,2011-04-13 14:54:00,1.65,14810.0,United Kingdom
549977,20717,STRAWBERRY SHOPPER BAG,6,2011-04-13 14:54:00,1.25,14810.0,United Kingdom
549977,20718,RED RETROSPOT SHOPPER BAG,6,2011-04-13 14:54:00,1.25,14810.0,United Kingdom
549977,22766,PHOTO FRAME CORNICE,4,2011-04-13 14:54:00,2.95,14810.0,United Kingdom
549977,22098,BOUDOIR SQUARE TISSUE BOX,1,2011-04-13 14:54:00,1.25,14810.0,United Kingdom
549977,22728,ALARM CLOCK BAKELIKE PINK,2,2011-04-13 14:54:00,3.75,14810.0,United Kingdom
549977,22730,ALARM CLOCK BAKELIKE IVORY,2,2011-04-13 14:54:00,3.75,14810.0,United Kingdom
549977,22726,ALARM CLOCK BAKELIKE GREEN,2,2011-04-13 14:54:00,3.75,14810.0,United Kingdom
549977,22296,HEART IVORY TRELLIS LARGE,4,2011-04-13 14:54:00,1.65,14810.0,United Kingdom
549977,79030G,TUMBLER NEW ENGLAND,4,2011-04-13 14:54:00,0.39,14810.0,United Kingdom
549978,22084,PAPER CHAIN KIT EMPIRE,18,2011-04-13 15:00:00,2.95,14834.0,United Kingdom
549978,21754,HOME BUILDING BLOCK WORD,6,2011-04-13 15:00:00,5.95,14834.0,United Kingdom
549978,84879,ASSORTED COLOUR BIRD ORNAMENT,16,2011-04-13 15:00:00,1.69,14834.0,United Kingdom
549978,22671,FRENCH LAUNDRY SIGN BLUE METAL,12,2011-04-13 15:00:00,1.65,14834.0,United Kingdom
549978,22191,IVORY DINER WALL CLOCK,2,2011-04-13 15:00:00,8.5,14834.0,United Kingdom
549978,20750,RED RETROSPOT MINI CASES,2,2011-04-13 15:00:00,7.95,14834.0,United Kingdom
549978,20749,ASSORTED COLOUR MINI CASES,2,2011-04-13 15:00:00,7.95,14834.0,United Kingdom
549978,23050,RECYCLED ACAPULCO MAT GREEN,2,2011-04-13 15:00:00,8.25,14834.0,United Kingdom
549978,22460,EMBOSSED GLASS TEALIGHT HOLDER,12,2011-04-13 15:00:00,1.25,14834.0,United Kingdom
549978,22858,EASTER TIN KEEPSAKE,6,2011-04-13 15:00:00,1.65,14834.0,United Kingdom
549978,21756,BATH BUILDING BLOCK WORD,3,2011-04-13 15:00:00,5.95,14834.0,United Kingdom
549979,46000M,POLYESTER FILLER PAD 45x45cm,20,2011-04-13 15:06:00,1.55,17511.0,United Kingdom
549980,21563,RED HEART SHAPE LOVE BUCKET ,2,2011-04-13 15:36:00,2.95,14062.0,United Kingdom
549980,85049E,SCANDINAVIAN REDS RIBBONS,4,2011-04-13 15:36:00,1.25,14062.0,United Kingdom
549980,84596L,BISCUITS SMALL BOWL LIGHT BLUE,2,2011-04-13 15:36:00,0.42,14062.0,United Kingdom
549980,84596F,SMALL MARSHMALLOWS PINK BOWL,2,2011-04-13 15:36:00,0.42,14062.0,United Kingdom
549980,84596B,SMALL DOLLY MIX DESIGN ORANGE BOWL,2,2011-04-13 15:36:00,0.42,14062.0,United Kingdom
549980,21169,YOU'RE CONFUSING ME METAL SIGN ,24,2011-04-13 15:36:00,1.69,14062.0,United Kingdom
549980,82583,HOT BATHS METAL SIGN,12,2011-04-13 15:36:00,2.1,14062.0,United Kingdom
549980,21175,GIN + TONIC DIET METAL SIGN,24,2011-04-13 15:36:00,2.55,14062.0,United Kingdom
549980,21166,COOK WITH WINE METAL SIGN ,24,2011-04-13 15:36:00,2.08,14062.0,United Kingdom
549980,21181,PLEASE ONE PERSON METAL SIGN,12,2011-04-13 15:36:00,2.1,14062.0,United Kingdom
549980,21165,BEWARE OF THE CAT METAL SIGN ,24,2011-04-13 15:36:00,1.69,14062.0,United Kingdom
549980,85150,LADIES & GENTLEMEN METAL SIGN,24,2011-04-13 15:36:00,2.55,14062.0,United Kingdom
549981,M,Manual,6,2011-04-13 15:49:00,0.39,16348.0,United Kingdom
549981,20983,12 PENCILS TALL TUBE RED RETROSPOT,1,2011-04-13 15:49:00,0.85,16348.0,United Kingdom
549981,21891,TRADITIONAL WOODEN SKIPPING ROPE,2,2011-04-13 15:49:00,1.45,16348.0,United Kingdom
549981,22522,CHILDS GARDEN FORK BLUE ,1,2011-04-13 15:49:00,0.85,16348.0,United Kingdom
549981,22518,CHILDS GARDEN BRUSH BLUE,1,2011-04-13 15:49:00,2.1,16348.0,United Kingdom
549981,22516,CHILDS GARDEN RAKE BLUE,1,2011-04-13 15:49:00,2.1,16348.0,United Kingdom
549981,22523,CHILDS GARDEN FORK PINK,1,2011-04-13 15:49:00,0.85,16348.0,United Kingdom
549981,21891,TRADITIONAL WOODEN SKIPPING ROPE,1,2011-04-13 15:49:00,1.45,16348.0,United Kingdom
549981,22771,CLEAR DRAWER KNOB ACRYLIC EDWARDIAN,2,2011-04-13 15:49:00,1.25,16348.0,United Kingdom
549981,21891,TRADITIONAL WOODEN SKIPPING ROPE,1,2011-04-13 15:49:00,1.45,16348.0,United Kingdom
549981,22520,CHILDS GARDEN TROWEL BLUE ,1,2011-04-13 15:49:00,0.85,16348.0,United Kingdom
549981,22521,CHILDS GARDEN TROWEL PINK,1,2011-04-13 15:49:00,0.85,16348.0,United Kingdom
549981,22525,CHILDRENS GARDEN GLOVES PINK,1,2011-04-13 15:49:00,1.25,16348.0,United Kingdom
549981,23007, SPACEBOY BABY GIFT SET,1,2011-04-13 15:49:00,16.95,16348.0,United Kingdom
549981,21742,LARGE ROUND WICKER PLATTER ,1,2011-04-13 15:49:00,5.95,16348.0,United Kingdom
549981,84592,CROCHET ROSE PURSE WITH SUEDE BACK,2,2011-04-13 15:49:00,2.95,16348.0,United Kingdom
549981,22514,CHILDS GARDEN SPADE BLUE,1,2011-04-13 15:49:00,2.1,16348.0,United Kingdom
549981,22515,CHILDS GARDEN SPADE PINK,1,2011-04-13 15:49:00,2.1,16348.0,United Kingdom
549981,22519,CHILDS GARDEN BRUSH PINK,1,2011-04-13 15:49:00,2.1,16348.0,United Kingdom
549981,22517,CHILDS GARDEN RAKE PINK,1,2011-04-13 15:49:00,2.1,16348.0,United Kingdom
549981,21791,VINTAGE HEADS AND TAILS CARD GAME ,1,2011-04-13 15:49:00,1.25,16348.0,United Kingdom
549981,20983,12 PENCILS TALL TUBE RED RETROSPOT,3,2011-04-13 15:49:00,0.85,16348.0,United Kingdom
549981,20975,12 PENCILS SMALL TUBE RED RETROSPOT,5,2011-04-13 15:49:00,0.65,16348.0,United Kingdom
549981,22907,PACK OF 20 NAPKINS PANTRY DESIGN,2,2011-04-13 15:49:00,0.85,16348.0,United Kingdom
549981,79163,BLACK CHAMPAGNE GLASS,6,2011-04-13 15:49:00,0.39,16348.0,United Kingdom
549981,20941,FROG CANDLE,6,2011-04-13 15:49:00,1.25,16348.0,United Kingdom
549981,22485,SET OF 2 WOODEN MARKET CRATES,1,2011-04-13 15:49:00,12.75,16348.0,United Kingdom
549981,22913,RED COAT RACK PARIS FASHION,1,2011-04-13 15:49:00,4.95,16348.0,United Kingdom
549981,79164,BLACK WINE GLASS,6,2011-04-13 15:49:00,0.39,16348.0,United Kingdom
549981,20674,GREEN POLKADOT BOWL,12,2011-04-13 15:49:00,1.25,16348.0,United Kingdom
549981,20675,BLUE POLKADOT BOWL,8,2011-04-13 15:49:00,1.25,16348.0,United Kingdom
549981,37342,POLKADOT COFFEE CUP & SAUCER PINK,4,2011-04-13 15:49:00,0.79,16348.0,United Kingdom
549981,21588,RETROSPOT GIANT TUBE MATCHES,12,2011-04-13 15:49:00,2.55,16348.0,United Kingdom
549981,21714,CITRONELLA CANDLE GARDEN POT,6,2011-04-13 15:49:00,1.25,16348.0,United Kingdom
549981,71459,HANGING JAM JAR T-LIGHT HOLDER,12,2011-04-13 15:49:00,0.85,16348.0,United Kingdom
549981,21713,CITRONELLA CANDLE FLOWERPOT,4,2011-04-13 15:49:00,2.1,16348.0,United Kingdom
549981,22241,GARLAND WOODEN HAPPY EASTER,4,2011-04-13 15:49:00,1.25,16348.0,United Kingdom
549981,21564,PINK  HEART SHAPE LOVE BUCKET ,1,2011-04-13 15:49:00,2.95,16348.0,United Kingdom
549981,21916,SET 12 RETRO WHITE CHALK STICKS,4,2011-04-13 15:49:00,0.42,16348.0,United Kingdom
549981,21731,RED TOADSTOOL LED NIGHT LIGHT,2,2011-04-13 15:49:00,1.65,16348.0,United Kingdom
549981,21791,VINTAGE HEADS AND TAILS CARD GAME ,1,2011-04-13 15:49:00,1.25,16348.0,United Kingdom
549981,22551,PLASTERS IN TIN SPACEBOY,1,2011-04-13 15:49:00,1.65,16348.0,United Kingdom
549981,22652,TRAVEL SEWING KIT,1,2011-04-13 15:49:00,1.65,16348.0,United Kingdom
549981,22555,PLASTERS IN TIN STRONGMAN,1,2011-04-13 15:49:00,1.65,16348.0,United Kingdom
549981,22557,PLASTERS IN TIN VINTAGE PAISLEY ,1,2011-04-13 15:49:00,1.65,16348.0,United Kingdom
549981,22548,HEADS AND TAILS SPORTING FUN,2,2011-04-13 15:49:00,1.25,16348.0,United Kingdom
549981,22907,PACK OF 20 NAPKINS PANTRY DESIGN,3,2011-04-13 15:49:00,0.85,16348.0,United Kingdom
549981,21080,SET/20 RED RETROSPOT PAPER NAPKINS ,3,2011-04-13 15:49:00,0.85,16348.0,United Kingdom
549981,22908,PACK OF 20 NAPKINS RED APPLES,5,2011-04-13 15:49:00,0.85,16348.0,United Kingdom
549981,23008,DOLLY GIRL BABY GIFT SET,2,2011-04-13 15:49:00,16.95,16348.0,United Kingdom
549981,23010,CIRCUS PARADE BABY GIFT SET,2,2011-04-13 15:49:00,16.95,16348.0,United Kingdom
549981,23007, SPACEBOY BABY GIFT SET,1,2011-04-13 15:49:00,16.95,16348.0,United Kingdom
549982,23205,CHARLOTTE BAG VINTAGE ALPHABET ,10,2011-04-13 15:52:00,0.85,17091.0,United Kingdom
549982,23201,JUMBO BAG ALPHABET,10,2011-04-13 15:52:00,2.08,17091.0,United Kingdom
549982,23207,LUNCH BAG ALPHABET DESIGN,10,2011-04-13 15:52:00,1.65,17091.0,United Kingdom
549982,23208,LUNCH BAG VINTAGE LEAF DESIGN,10,2011-04-13 15:52:00,1.65,17091.0,United Kingdom
549982,23199,JUMBO BAG APPLES,10,2011-04-13 15:52:00,2.08,17091.0,United Kingdom
549982,23206,LUNCH BAG APPLE DESIGN,10,2011-04-13 15:52:00,1.65,17091.0,United Kingdom
549982,47566B,TEA TIME PARTY BUNTING,4,2011-04-13 15:52:00,4.95,17091.0,United Kingdom
549982,84077,WORLD WAR 2 GLIDERS ASSTD DESIGNS,48,2011-04-13 15:52:00,0.29,17091.0,United Kingdom
549982,22740,POLKADOT PEN,48,2011-04-13 15:52:00,0.85,17091.0,United Kingdom
549982,22727,ALARM CLOCK BAKELIKE RED ,4,2011-04-13 15:52:00,3.75,17091.0,United Kingdom
549982,21936,RED RETROSPOT PICNIC BAG,5,2011-04-13 15:52:00,2.95,17091.0,United Kingdom
549982,22384,LUNCH BAG PINK POLKADOT,10,2011-04-13 15:52:00,1.65,17091.0,United Kingdom
549982,20727,LUNCH BAG  BLACK SKULL.,10,2011-04-13 15:52:00,1.65,17091.0,United Kingdom
549982,22382,LUNCH BAG SPACEBOY DESIGN ,10,2011-04-13 15:52:00,1.65,17091.0,United Kingdom
549982,22383,LUNCH BAG SUKI DESIGN ,10,2011-04-13 15:52:00,1.65,17091.0,United Kingdom
549982,22662,LUNCH BAG DOLLY GIRL DESIGN,10,2011-04-13 15:52:00,1.65,17091.0,United Kingdom
549982,20728,LUNCH BAG CARS BLUE,10,2011-04-13 15:52:00,1.65,17091.0,United Kingdom
549982,20725,LUNCH BAG RED RETROSPOT,10,2011-04-13 15:52:00,1.65,17091.0,United Kingdom
549982,85099F,JUMBO BAG STRAWBERRY,10,2011-04-13 15:52:00,2.08,17091.0,United Kingdom
549982,22411,JUMBO SHOPPER VINTAGE RED PAISLEY,10,2011-04-13 15:52:00,2.08,17091.0,United Kingdom
549982,85099B,JUMBO BAG RED RETROSPOT,10,2011-04-13 15:52:00,2.08,17091.0,United Kingdom
549982,22386,JUMBO BAG PINK POLKADOT,10,2011-04-13 15:52:00,2.08,17091.0,United Kingdom
549982,21930,JUMBO STORAGE BAG SKULLS,10,2011-04-13 15:52:00,2.08,17091.0,United Kingdom
549982,21929,JUMBO BAG PINK VINTAGE PAISLEY,10,2011-04-13 15:52:00,2.08,17091.0,United Kingdom
549982,21931,JUMBO STORAGE BAG SUKI,10,2011-04-13 15:52:00,2.08,17091.0,United Kingdom
549982,21928,JUMBO BAG SCANDINAVIAN BLUE PAISLEY,10,2011-04-13 15:52:00,2.08,17091.0,United Kingdom
549982,47566,PARTY BUNTING,4,2011-04-13 15:52:00,4.95,17091.0,United Kingdom
549983,46000S,POLYESTER FILLER PAD 40x40cm,2,2011-04-13 15:55:00,1.45,16348.0,United Kingdom
549983,22785,SQUARECUSHION COVER PINK UNION FLAG,2,2011-04-13 15:55:00,6.75,16348.0,United Kingdom
549983,21121,SET/10 RED POLKADOT PARTY CANDLES,1,2011-04-13 15:55:00,1.25,16348.0,United Kingdom
549983,23077,DOUGHNUT LIP GLOSS ,20,2011-04-13 15:55:00,1.25,16348.0,United Kingdom
549983,22957,SET 3 PAPER VINTAGE CHICK PAPER EGG,1,2011-04-13 15:55:00,2.95,16348.0,United Kingdom
549983,21467,CHERRY CROCHET FOOD COVER,1,2011-04-13 15:55:00,3.75,16348.0,United Kingdom
549983,21470,FLOWER VINE RAFFIA FOOD COVER,1,2011-04-13 15:55:00,3.75,16348.0,United Kingdom
549983,21469,POLKA DOT RAFFIA FOOD COVER,1,2011-04-13 15:55:00,3.75,16348.0,United Kingdom
549983,21465,PINK FLOWER CROCHET FOOD COVER,1,2011-04-13 15:55:00,3.75,16348.0,United Kingdom
549983,21466,RED FLOWER CROCHET FOOD COVER,1,2011-04-13 15:55:00,3.75,16348.0,United Kingdom
549983,21533,RETROSPOT LARGE MILK JUG,1,2011-04-13 15:55:00,4.95,16348.0,United Kingdom
549983,21731,RED TOADSTOOL LED NIGHT LIGHT,1,2011-04-13 15:55:00,1.65,16348.0,United Kingdom
549983,21688,SILVER PLATE CANDLE BOWL SMALL,6,2011-04-13 15:55:00,2.95,16348.0,United Kingdom
549983,84050,PINK HEART SHAPE EGG FRYING PAN,2,2011-04-13 15:55:00,1.65,16348.0,United Kingdom
549983,21398,RED POLKADOT COFFEE  MUG,6,2011-04-13 15:55:00,0.39,16348.0,United Kingdom
549983,21034,REX CASH+CARRY JUMBO SHOPPER,1,2011-04-13 15:55:00,0.95,16348.0,United Kingdom
549983,22148,EASTER CRAFT 4 CHICKS ,2,2011-04-13 15:55:00,1.95,16348.0,United Kingdom
549983,22957,SET 3 PAPER VINTAGE CHICK PAPER EGG,1,2011-04-13 15:55:00,2.95,16348.0,United Kingdom
549983,21122,SET/10 PINK POLKADOT PARTY CANDLES,1,2011-04-13 15:55:00,1.25,16348.0,United Kingdom
549983,21124,SET/10 BLUE POLKADOT PARTY CANDLES,1,2011-04-13 15:55:00,1.25,16348.0,United Kingdom
549983,22197,SMALL POPCORN HOLDER,1,2011-04-13 15:55:00,0.85,16348.0,United Kingdom
549983,22969,HOMEMADE JAM SCENTED CANDLES,12,2011-04-13 15:55:00,1.45,16348.0,United Kingdom
549983,22138,BAKING SET 9 PIECE RETROSPOT ,1,2011-04-13 15:55:00,4.95,16348.0,United Kingdom
549983,22165,"DIAMANTE HEART SHAPED WALL MIRROR, ",1,2011-04-13 15:55:00,12.75,16348.0,United Kingdom
549983,22451,SILK PURSE BABUSHKA RED,1,2011-04-13 15:55:00,3.35,16348.0,United Kingdom
549983,22450,SILK PURSE BABUSHKA BLUE,1,2011-04-13 15:55:00,3.35,16348.0,United Kingdom
549983,22449,SILK PURSE BABUSHKA PINK,1,2011-04-13 15:55:00,3.35,16348.0,United Kingdom
549983,21078,SET/20 STRAWBERRY PAPER NAPKINS ,3,2011-04-13 15:55:00,0.85,16348.0,United Kingdom
549983,21673,WHITE SPOT BLUE CERAMIC DRAWER KNOB,2,2011-04-13 15:55:00,1.25,16348.0,United Kingdom
549983,21731,RED TOADSTOOL LED NIGHT LIGHT,1,2011-04-13 15:55:00,1.65,16348.0,United Kingdom
549984,22993,SET OF 4 PANTRY JELLY MOULDS,12,2011-04-13 15:57:00,1.25,15147.0,United Kingdom
549984,21977,PACK OF 60 PINK PAISLEY CAKE CASES,24,2011-04-13 15:57:00,0.55,15147.0,United Kingdom
549984,22417,PACK OF 60 SPACEBOY CAKE CASES,24,2011-04-13 15:57:00,0.55,15147.0,United Kingdom
549984,21671,RED SPOT CERAMIC DRAWER KNOB,12,2011-04-13 15:57:00,1.25,15147.0,United Kingdom
549984,21670,BLUE SPOT CERAMIC DRAWER KNOB,12,2011-04-13 15:57:00,1.25,15147.0,United Kingdom
549984,22771,CLEAR DRAWER KNOB ACRYLIC EDWARDIAN,12,2011-04-13 15:57:00,1.25,15147.0,United Kingdom
549984,82582,AREA PATROLLED METAL SIGN,12,2011-04-13 15:57:00,2.1,15147.0,United Kingdom
549984,22196,SMALL HEART MEASURING SPOONS,24,2011-04-13 15:57:00,0.85,15147.0,United Kingdom
549984,22195,LARGE HEART MEASURING SPOONS,12,2011-04-13 15:57:00,1.65,15147.0,United Kingdom
549984,22551,PLASTERS IN TIN SPACEBOY,12,2011-04-13 15:57:00,1.65,15147.0,United Kingdom
549984,22557,PLASTERS IN TIN VINTAGE PAISLEY ,12,2011-04-13 15:57:00,1.65,15147.0,United Kingdom
549984,20977,36 PENCILS TUBE WOODLAND,16,2011-04-13 15:57:00,1.25,15147.0,United Kingdom
549984,20981,12 PENCILS TALL TUBE WOODLAND,12,2011-04-13 15:57:00,0.85,15147.0,United Kingdom
549984,48138,DOORMAT UNION FLAG,4,2011-04-13 15:57:00,7.95,15147.0,United Kingdom
549984,22502,PICNIC BASKET WICKER SMALL,4,2011-04-13 15:57:00,5.95,15147.0,United Kingdom
549984,85066,CREAM SWEETHEART MINI CHEST,4,2011-04-13 15:57:00,12.75,15147.0,United Kingdom
549984,20749,ASSORTED COLOUR MINI CASES,2,2011-04-13 15:57:00,7.95,15147.0,United Kingdom
549984,20750,RED RETROSPOT MINI CASES,4,2011-04-13 15:57:00,7.95,15147.0,United Kingdom
549984,22991,GIRAFFE WOODEN RULER,12,2011-04-13 15:57:00,1.95,15147.0,United Kingdom
549984,20979,36 PENCILS TUBE RED RETROSPOT,16,2011-04-13 15:57:00,1.25,15147.0,United Kingdom
549984,20983,12 PENCILS TALL TUBE RED RETROSPOT,12,2011-04-13 15:57:00,0.85,15147.0,United Kingdom
549984,20978,36 PENCILS TUBE SKULLS,16,2011-04-13 15:57:00,1.25,15147.0,United Kingdom
549984,20982,12 PENCILS TALL TUBE SKULLS,12,2011-04-13 15:57:00,0.85,15147.0,United Kingdom
549984,22558,CLOTHES PEGS RETROSPOT PACK 24 ,12,2011-04-13 15:57:00,1.65,15147.0,United Kingdom
549984,22492,MINI PAINT SET VINTAGE ,36,2011-04-13 15:57:00,0.65,15147.0,United Kingdom
549984,21212,PACK OF 72 RETROSPOT CAKE CASES,24,2011-04-13 15:57:00,0.55,15147.0,United Kingdom
549984,22424,ENAMEL BREAD BIN CREAM,8,2011-04-13 15:57:00,10.95,15147.0,United Kingdom
549984,22138,BAKING SET 9 PIECE RETROSPOT ,4,2011-04-13 15:57:00,4.95,15147.0,United Kingdom
549985,22906,12 MESSAGE CARDS WITH ENVELOPES,12,2011-04-13 15:58:00,1.65,15640.0,United Kingdom
549985,22904,CALENDAR PAPER CUT DESIGN,6,2011-04-13 15:58:00,2.95,15640.0,United Kingdom
549985,23009,I LOVE LONDON BABY GIFT SET,1,2011-04-13 15:58:00,16.95,15640.0,United Kingdom
549985,23007, SPACEBOY BABY GIFT SET,6,2011-04-13 15:58:00,14.95,15640.0,United Kingdom
549985,23008,DOLLY GIRL BABY GIFT SET,6,2011-04-13 15:58:00,14.95,15640.0,United Kingdom
549985,23230,WRAP ALPHABET DESIGN,25,2011-04-13 15:58:00,0.42,15640.0,United Kingdom
549985,21506,"FANCY FONT BIRTHDAY CARD, ",12,2011-04-13 15:58:00,0.42,15640.0,United Kingdom
549985,22983,CARD BILLBOARD FONT,12,2011-04-13 15:58:00,0.42,15640.0,United Kingdom
549985,21519,GIN & TONIC DIET GREETING CARD ,12,2011-04-13 15:58:00,0.42,15640.0,United Kingdom
549985,22029,SPACEBOY BIRTHDAY CARD,12,2011-04-13 15:58:00,0.42,15640.0,United Kingdom
549985,22714,CARD BIRTHDAY COWBOY,12,2011-04-13 15:58:00,0.42,15640.0,United Kingdom
549985,22027,TEA PARTY BIRTHDAY CARD,12,2011-04-13 15:58:00,0.42,15640.0,United Kingdom
549985,22023,EMPIRE BIRTHDAY CARD,12,2011-04-13 15:58:00,0.42,15640.0,United Kingdom
549985,22716,CARD CIRCUS PARADE,12,2011-04-13 15:58:00,0.42,15640.0,United Kingdom
549985,22047,EMPIRE GIFT WRAP,25,2011-04-13 15:58:00,0.42,15640.0,United Kingdom
549985,85099B,JUMBO BAG RED RETROSPOT,20,2011-04-13 15:58:00,2.08,15640.0,United Kingdom
549985,22434,BALLOON PUMP WITH 10 BALLOONS,16,2011-04-13 15:58:00,1.95,15640.0,United Kingdom
549985,22900, SET 2 TEA TOWELS I LOVE LONDON ,1,2011-04-13 15:58:00,3.25,15640.0,United Kingdom
549985,22241,GARLAND WOODEN HAPPY EASTER,12,2011-04-13 15:58:00,1.25,15640.0,United Kingdom
549985,22998,TRAVEL CARD WALLET KEEP CALM,24,2011-04-13 15:58:00,0.42,15640.0,United Kingdom
549985,21878,PACK OF 6 SANDCASTLE FLAGS ASSORTED,10,2011-04-13 15:58:00,0.85,15640.0,United Kingdom
549985,21931,JUMBO STORAGE BAG SUKI,20,2011-04-13 15:58:00,2.08,15640.0,United Kingdom
549985,23201,JUMBO BAG ALPHABET,10,2011-04-13 15:58:00,2.08,15640.0,United Kingdom
549985,22084,PAPER CHAIN KIT EMPIRE,10,2011-04-13 15:58:00,2.95,15640.0,United Kingdom
549985,22665,RECIPE BOX BLUE SKETCHBOOK DESIGN,4,2011-04-13 15:58:00,2.95,15640.0,United Kingdom
549985,22652,TRAVEL SEWING KIT,20,2011-04-13 15:58:00,1.65,15640.0,United Kingdom
549985,23207,LUNCH BAG ALPHABET DESIGN,10,2011-04-13 15:58:00,1.65,15640.0,United Kingdom
549985,22607,WOODEN ROUNDERS GARDEN SET ,3,2011-04-13 15:58:00,9.95,15640.0,United Kingdom
549985,22659,LUNCH BOX I LOVE LONDON,6,2011-04-13 15:58:00,1.95,15640.0,United Kingdom
549985,22088,PAPER BUNTING COLOURED LACE,12,2011-04-13 15:58:00,2.95,15640.0,United Kingdom
549985,23077,DOUGHNUT LIP GLOSS ,20,2011-04-13 15:58:00,1.25,15640.0,United Kingdom
549985,23254,CHILDRENS CUTLERY DOLLY GIRL ,4,2011-04-13 15:58:00,4.15,15640.0,United Kingdom
549985,22631,CIRCUS PARADE LUNCH BOX ,6,2011-04-13 15:58:00,1.95,15640.0,United Kingdom
549985,23078,ICE CREAM PEN LIP GLOSS ,24,2011-04-13 15:58:00,1.25,15640.0,United Kingdom
549985,22629,SPACEBOY LUNCH BOX ,6,2011-04-13 15:58:00,1.95,15640.0,United Kingdom
549985,84536A,ENGLISH ROSE NOTEBOOK A7 SIZE,12,2011-04-13 15:58:00,0.42,15640.0,United Kingdom
549985,21875,KINGS CHOICE MUG,6,2011-04-13 15:58:00,1.25,15640.0,United Kingdom
549985,23256,CHILDRENS CUTLERY SPACEBOY ,4,2011-04-13 15:58:00,4.15,15640.0,United Kingdom
549985,21977,PACK OF 60 PINK PAISLEY CAKE CASES,24,2011-04-13 15:58:00,0.55,15640.0,United Kingdom
549985,22993,SET OF 4 PANTRY JELLY MOULDS,6,2011-04-13 15:58:00,1.25,15640.0,United Kingdom
549985,22087,PAPER BUNTING WHITE LACE,12,2011-04-13 15:58:00,2.95,15640.0,United Kingdom
549985,22083,PAPER CHAIN KIT RETROSPOT,6,2011-04-13 15:58:00,2.95,15640.0,United Kingdom
549985,85123A,WHITE HANGING HEART T-LIGHT HOLDER,32,2011-04-13 15:58:00,2.55,15640.0,United Kingdom
549985,22109,FULL ENGLISH BREAKFAST PLATE,16,2011-04-13 15:58:00,3.39,15640.0,United Kingdom
549985,21955,DOORMAT UNION JACK GUNS AND ROSES,10,2011-04-13 15:58:00,6.75,15640.0,United Kingdom
549985,21524,DOORMAT SPOTTY HOME SWEET HOME,10,2011-04-13 15:58:00,6.75,15640.0,United Kingdom
C549986,22750,FELTCRAFT PRINCESS LOLA DOLL,-2,2011-04-13 16:03:00,3.75,18178.0,United Kingdom
C549987,20829,GLITTER HANGING BUTTERFLY STRING,-1,2011-04-13 16:06:00,2.1,14367.0,United Kingdom
C549987,22625,RED KITCHEN SCALES,-1,2011-04-13 16:06:00,8.5,14367.0,United Kingdom
C549987,22061,LARGE CAKE STAND  HANGING STRAWBERY,-1,2011-04-13 16:06:00,9.95,14367.0,United Kingdom
C549987,84978,HANGING HEART JAR T-LIGHT HOLDER,-1,2011-04-13 16:06:00,1.25,14367.0,United Kingdom
549988,22084,PAPER CHAIN KIT EMPIRE,12,2011-04-13 16:43:00,2.95,14367.0,United Kingdom
549988,22083,PAPER CHAIN KIT RETROSPOT,10,2011-04-13 16:43:00,2.95,14367.0,United Kingdom
549988,22740,POLKADOT PEN,48,2011-04-13 16:43:00,0.85,14367.0,United Kingdom
549988,20829,GLITTER HANGING BUTTERFLY STRING,10,2011-04-13 16:43:00,2.1,14367.0,United Kingdom
549988,22934,BAKING MOULD EASTER EGG WHITE CHOC,6,2011-04-13 16:43:00,2.95,14367.0,United Kingdom
549988,22933,BAKING MOULD EASTER EGG MILK CHOC,6,2011-04-13 16:43:00,2.95,14367.0,United Kingdom
549988,21217,RED RETROSPOT ROUND CAKE TINS,2,2011-04-13 16:43:00,9.95,14367.0,United Kingdom
549988,22843,BISCUIT TIN VINTAGE GREEN,1,2011-04-13 16:43:00,6.75,14367.0,United Kingdom
549988,22842,BISCUIT TIN VINTAGE RED,1,2011-04-13 16:43:00,6.75,14367.0,United Kingdom
549988,22475,SKULL DESIGN TV DINNER TRAY,4,2011-04-13 16:43:00,4.95,14367.0,United Kingdom
549988,22112,CHOCOLATE HOT WATER BOTTLE,3,2011-04-13 16:43:00,4.95,14367.0,United Kingdom
549988,21485,RETROSPOT HEART HOT WATER BOTTLE,2,2011-04-13 16:43:00,4.95,14367.0,United Kingdom
549988,84030E,ENGLISH ROSE HOT WATER BOTTLE,2,2011-04-13 16:43:00,4.25,14367.0,United Kingdom
549988,22693,GROW A FLYTRAP OR SUNFLOWER IN TIN,24,2011-04-13 16:43:00,1.25,14367.0,United Kingdom
549988,22444,GROW YOUR OWN PLANT IN A CAN ,24,2011-04-13 16:43:00,1.25,14367.0,United Kingdom
549988,84931B,BLUE SCOTTIE DOG W FLOWER PATTERN,2,2011-04-13 16:43:00,2.55,14367.0,United Kingdom
549988,84931A,PINK SCOTTIE DOG W FLOWER PATTERN,2,2011-04-13 16:43:00,2.55,14367.0,United Kingdom
549988,23078,ICE CREAM PEN LIP GLOSS ,24,2011-04-13 16:43:00,1.25,14367.0,United Kingdom
549988,23077,DOUGHNUT LIP GLOSS ,20,2011-04-13 16:43:00,1.25,14367.0,United Kingdom
549988,22841,ROUND CAKE TIN VINTAGE GREEN,1,2011-04-13 16:43:00,7.95,14367.0,United Kingdom
549988,22840,ROUND CAKE TIN VINTAGE RED,1,2011-04-13 16:43:00,7.95,14367.0,United Kingdom
549988,22502,PICNIC BASKET WICKER SMALL,2,2011-04-13 16:43:00,5.95,14367.0,United Kingdom
549988,22962,JAM JAR WITH PINK LID,6,2011-04-13 16:43:00,0.85,14367.0,United Kingdom
549988,22963,JAM JAR WITH GREEN LID,6,2011-04-13 16:43:00,0.85,14367.0,United Kingdom
549988,22501,PICNIC BASKET WICKER LARGE,2,2011-04-13 16:43:00,9.95,14367.0,United Kingdom
549989,84030E,ENGLISH ROSE HOT WATER BOTTLE,2,2011-04-13 16:58:00,4.25,13221.0,United Kingdom
549989,22113,GREY HEART HOT WATER BOTTLE,2,2011-04-13 16:58:00,3.75,13221.0,United Kingdom
549989,21730,GLASS STAR FROSTED T-LIGHT HOLDER,4,2011-04-13 16:58:00,4.95,13221.0,United Kingdom
549989,22832,BROCANTE SHELF WITH HOOKS,2,2011-04-13 16:58:00,10.75,13221.0,United Kingdom
549989,22645,CERAMIC HEART FAIRY CAKE MONEY BANK,4,2011-04-13 16:58:00,1.45,13221.0,United Kingdom
549989,22180,RETROSPOT LAMP,2,2011-04-13 16:58:00,9.95,13221.0,United Kingdom
549989,21922,UNION STRIPE WITH FRINGE  HAMMOCK,1,2011-04-13 16:58:00,7.95,13221.0,United Kingdom
549989,22090,PAPER BUNTING RETROSPOT,2,2011-04-13 16:58:00,2.95,13221.0,United Kingdom
549989,84988,SET OF 72 PINK HEART PAPER DOILIES,1,2011-04-13 16:58:00,1.45,13221.0,United Kingdom
549989,84987,SET OF 36 TEATIME PAPER DOILIES,1,2011-04-13 16:58:00,1.45,13221.0,United Kingdom
549989,84912A,PINK ROSE WASHBAG,2,2011-04-13 16:58:00,3.75,13221.0,United Kingdom
549989,84912B,GREEN ROSE WASHBAG,2,2011-04-13 16:58:00,3.75,13221.0,United Kingdom
549989,22476,EMPIRE UNION JACK TV DINNER TRAY,2,2011-04-13 16:58:00,4.95,13221.0,United Kingdom
549989,21770,OPEN CLOSED METAL SIGN,1,2011-04-13 16:58:00,4.95,13221.0,United Kingdom
549989,22115,METAL SIGN EMPIRE TEA,2,2011-04-13 16:58:00,2.95,13221.0,United Kingdom
549989,82600,NO SINGING METAL SIGN,6,2011-04-13 16:58:00,2.1,13221.0,United Kingdom
549989,22842,BISCUIT TIN VINTAGE RED,2,2011-04-13 16:58:00,6.75,13221.0,United Kingdom
549989,22843,BISCUIT TIN VINTAGE GREEN,2,2011-04-13 16:58:00,6.75,13221.0,United Kingdom
549989,35810B,ENAMEL BLUE RIM COFFEE CONTAINER,6,2011-04-13 16:58:00,0.83,13221.0,United Kingdom
549989,22776,SWEETHEART CAKESTAND 3 TIER,2,2011-04-13 16:58:00,9.95,13221.0,United Kingdom
549989,22839,3 TIER CAKE TIN GREEN AND CREAM,1,2011-04-13 16:58:00,14.95,13221.0,United Kingdom
549989,85144,JARDIN ETCHED GLASS CHEESE DISH,2,2011-04-13 16:58:00,1.95,13221.0,United Kingdom
549989,23184,BULL DOG BOTTLE OPENER,6,2011-04-13 16:58:00,4.95,13221.0,United Kingdom
549989,21318,GLASS CHALICE BLUE SMALL ,18,2011-04-13 16:58:00,0.39,13221.0,United Kingdom
549989,90035A,"PEARL & SHELL 42""NECKL. GREEN",3,2011-04-13 16:58:00,10.75,13221.0,United Kingdom
549989,90042A,FRESHWATER PEARL BRACELET GOLD,2,2011-04-13 16:58:00,2.55,13221.0,United Kingdom
549989,M,Manual,1,2011-04-13 16:58:00,2.55,13221.0,United Kingdom
549989,90142D,MOP PENDANT SHELL NECKLACE,4,2011-04-13 16:58:00,4.95,13221.0,United Kingdom
549989,90016B,GOLD/M.O.P PENDANT ORBIT NECKLACE,2,2011-04-13 16:58:00,8.5,13221.0,United Kingdom
549989,90018B,GOLD M.O.P ORBIT DROP EARRINGS,2,2011-04-13 16:58:00,4.25,13221.0,United Kingdom
549989,90194,SILVER LARIAT BLACK STONE EARRINGS,2,2011-04-13 16:58:00,4.25,13221.0,United Kingdom
549990,48129,DOORMAT TOPIARY,2,2011-04-13 17:31:00,7.95,16678.0,United Kingdom
549990,22607,WOODEN ROUNDERS GARDEN SET ,3,2011-04-13 17:31:00,9.95,16678.0,United Kingdom
549990,22084,PAPER CHAIN KIT EMPIRE,4,2011-04-13 17:31:00,2.95,16678.0,United Kingdom
549990,21626,VINTAGE UNION JACK PENNANT,2,2011-04-13 17:31:00,1.95,16678.0,United Kingdom
549990,22053,EMPIRE DESIGN ROSETTE,2,2011-04-13 17:31:00,1.25,16678.0,United Kingdom
549990,22443,GROW YOUR OWN HERBS SET OF 3,3,2011-04-13 17:31:00,7.95,16678.0,United Kingdom
549990,22082,RIBBON REEL STRIPES DESIGN ,10,2011-04-13 17:31:00,1.65,16678.0,United Kingdom
549990,22960,JAM MAKING SET WITH JARS,6,2011-04-13 17:31:00,4.25,16678.0,United Kingdom
549990,22993,SET OF 4 PANTRY JELLY MOULDS,6,2011-04-13 17:31:00,1.25,16678.0,United Kingdom
549990,22098,BOUDOIR SQUARE TISSUE BOX,8,2011-04-13 17:31:00,1.25,16678.0,United Kingdom
