InvoiceNo,StockCode,Description,Quantity,InvoiceDate,UnitPrice,CustomerID,Country
556460,23240,SET OF 4 KNICK KNACK TINS DOILEY ,6,2011-06-12 09:56:00,4.15,14276.0,United Kingdom
556460,23236,DOILEY BISCUIT TIN,6,2011-06-12 09:56:00,2.89,14276.0,United Kingdom
556460,23307,SET OF 60 PANTRY DESIGN CAKE CASES ,24,2011-06-12 09:56:00,0.55,14276.0,United Kingdom
556460,23166,MEDIUM CERAMIC TOP STORAGE JAR,12,2011-06-12 09:56:00,1.25,14276.0,United Kingdom
556460,23165,LARGE CERAMIC TOP STORAGE JAR,12,2011-06-12 09:56:00,1.65,14276.0,United Kingdom
556460,23192,BUNDLE OF 3 ALPHABET EXERCISE BOOKS,12,2011-06-12 09:56:00,1.65,14276.0,United Kingdom
556460,23201,JUMBO BAG ALPHABET,10,2011-06-12 09:56:00,1.95,14276.0,United Kingdom
556460,23203,JUMBO BAG DOILEY PATTERNS,10,2011-06-12 09:56:00,1.95,14276.0,United Kingdom
556460,23199,JUMBO BAG APPLES,10,2011-06-12 09:56:00,1.95,14276.0,United Kingdom
556460,23207,LUNCH BAG ALPHABET DESIGN,10,2011-06-12 09:56:00,1.65,14276.0,United Kingdom
556460,23209,LUNCH BAG DOILEY PATTERN ,10,2011-06-12 09:56:00,1.65,14276.0,United Kingdom
556460,23206,LUNCH BAG APPLE DESIGN,10,2011-06-12 09:56:00,1.65,14276.0,United Kingdom
556460,21914,BLUE HARMONICA IN BOX ,12,2011-06-12 09:56:00,1.25,14276.0,United Kingdom
556460,21915,RED  HARMONICA IN BOX ,12,2011-06-12 09:56:00,1.25,14276.0,United Kingdom
556460,21889,WOODEN BOX OF DOMINOES,12,2011-06-12 09:56:00,1.25,14276.0,United Kingdom
556460,21790,VINTAGE SNAP CARDS,12,2011-06-12 09:56:00,0.85,14276.0,United Kingdom
556460,20728,LUNCH BAG CARS BLUE,10,2011-06-12 09:56:00,1.65,14276.0,United Kingdom
556460,22384,LUNCH BAG PINK POLKADOT,10,2011-06-12 09:56:00,1.65,14276.0,United Kingdom
556460,84978,HANGING HEART JAR T-LIGHT HOLDER,12,2011-06-12 09:56:00,1.25,14276.0,United Kingdom
556460,21212,PACK OF 72 RETROSPOT CAKE CASES,24,2011-06-12 09:56:00,0.55,14276.0,United Kingdom
556460,21975,PACK OF 60 DINOSAUR CAKE CASES,24,2011-06-12 09:56:00,0.55,14276.0,United Kingdom
556460,84970L,SINGLE HEART ZINC T-LIGHT HOLDER,12,2011-06-12 09:56:00,0.95,14276.0,United Kingdom
556460,23144,ZINC T-LIGHT HOLDER STARS SMALL,12,2011-06-12 09:56:00,0.83,14276.0,United Kingdom
556460,71459,HANGING JAM JAR T-LIGHT HOLDER,12,2011-06-12 09:56:00,0.85,14276.0,United Kingdom
556461,85099B,JUMBO BAG RED RETROSPOT,100,2011-06-12 10:15:00,1.79,13798.0,United Kingdom
556461,20724,RED RETROSPOT CHARLOTTE BAG,100,2011-06-12 10:15:00,0.72,13798.0,United Kingdom
556461,21232,STRAWBERRY CERAMIC TRINKET BOX,72,2011-06-12 10:15:00,1.06,13798.0,United Kingdom
556461,21936,RED RETROSPOT PICNIC BAG,50,2011-06-12 10:15:00,2.55,13798.0,United Kingdom
556461,21937,STRAWBERRY   PICNIC BAG,50,2011-06-12 10:15:00,2.55,13798.0,United Kingdom
556461,82583,HOT BATHS METAL SIGN,72,2011-06-12 10:15:00,1.85,13798.0,United Kingdom
556461,22851,SET 20 NAPKINS FAIRY CAKES DESIGN ,96,2011-06-12 10:15:00,0.72,13798.0,United Kingdom
556461,37450,CERAMIC CAKE BOWL + HANGING CAKES,18,2011-06-12 10:15:00,2.55,13798.0,United Kingdom
556462,21770,OPEN CLOSED METAL SIGN,1,2011-06-12 10:46:00,4.95,14450.0,United Kingdom
556462,21088,SET/6 FRUIT SALAD PAPER CUPS,2,2011-06-12 10:46:00,0.19,14450.0,United Kingdom
556462,21086,SET/6 RED SPOTTY PAPER CUPS,2,2011-06-12 10:46:00,0.65,14450.0,United Kingdom
556462,15036,ASSORTED COLOURS SILK FAN,12,2011-06-12 10:46:00,0.83,14450.0,United Kingdom
556462,15034,PAPER POCKET TRAVELING FAN ,12,2011-06-12 10:46:00,0.14,14450.0,United Kingdom
556462,20754,RETROSPOT RED WASHING UP GLOVES,3,2011-06-12 10:46:00,2.1,14450.0,United Kingdom
556462,20914,SET/5 RED RETROSPOT LID GLASS BOWLS,7,2011-06-12 10:46:00,2.95,14450.0,United Kingdom
556462,23235,STORAGE TIN VINTAGE LEAF,6,2011-06-12 10:46:00,2.89,14450.0,United Kingdom
556462,23242,TREASURE TIN BUFFALO BILL ,6,2011-06-12 10:46:00,2.08,14450.0,United Kingdom
556462,79321,CHILLI LIGHTS,4,2011-06-12 10:46:00,5.75,14450.0,United Kingdom
556462,23202,JUMBO BAG VINTAGE LEAF,2,2011-06-12 10:46:00,2.08,14450.0,United Kingdom
556462,22474,SPACEBOY TV DINNER TRAY,3,2011-06-12 10:46:00,4.95,14450.0,United Kingdom
556462,21155,RED RETROSPOT PEG BAG,1,2011-06-12 10:46:00,2.55,14450.0,United Kingdom
556462,22720,SET OF 3 CAKE TINS PANTRY DESIGN ,4,2011-06-12 10:46:00,4.95,14450.0,United Kingdom
556462,23191,BUNDLE OF 3 RETRO NOTE BOOKS,12,2011-06-12 10:46:00,1.65,14450.0,United Kingdom
556462,23184,BULL DOG BOTTLE OPENER,6,2011-06-12 10:46:00,4.95,14450.0,United Kingdom
556462,23239,SET OF 4 KNICK KNACK TINS POPPIES,6,2011-06-12 10:46:00,4.15,14450.0,United Kingdom
556463,23100,SILVER BELLS TABLE DECORATION,12,2011-06-12 10:47:00,1.25,12583.0,France
556463,21240,BLUE POLKADOT CUP,8,2011-06-12 10:47:00,0.85,12583.0,France
556463,21238,RED RETROSPOT CUP,8,2011-06-12 10:47:00,0.85,12583.0,France
556463,21244,BLUE POLKADOT PLATE ,8,2011-06-12 10:47:00,1.69,12583.0,France
556463,21242,RED RETROSPOT PLATE ,8,2011-06-12 10:47:00,1.69,12583.0,France
556463,23298,SPOTTY BUNTING,12,2011-06-12 10:47:00,4.95,12583.0,France
556463,22197,SMALL POPCORN HOLDER,36,2011-06-12 10:47:00,0.85,12583.0,France
556463,21210,SET OF 72 RETROSPOT PAPER  DOILIES,12,2011-06-12 10:47:00,1.45,12583.0,France
556463,22356,CHARLOTTE BAG PINK POLKADOT,10,2011-06-12 10:47:00,0.85,12583.0,France
556463,22466,FAIRY TALE COTTAGE NIGHTLIGHT,12,2011-06-12 10:47:00,1.95,12583.0,France
556463,22610,PENS ASSORTED FUNNY FACE,360,2011-06-12 10:47:00,0.19,12583.0,France
556463,22609,PENS ASSORTED SPACEBALL,216,2011-06-12 10:47:00,0.19,12583.0,France
556463,22561,WOODEN SCHOOL COLOURING SET,12,2011-06-12 10:47:00,1.65,12583.0,France
556463,POST,POSTAGE,2,2011-06-12 10:47:00,18.0,12583.0,France
556464,22037,ROBOT BIRTHDAY CARD,12,2011-06-12 10:53:00,0.42,18281.0,United Kingdom
556464,22716,CARD CIRCUS PARADE,12,2011-06-12 10:53:00,0.42,18281.0,United Kingdom
556464,22028,PENNY FARTHING BIRTHDAY CARD,12,2011-06-12 10:53:00,0.42,18281.0,United Kingdom
556464,23007, SPACEBOY BABY GIFT SET,1,2011-06-12 10:53:00,16.95,18281.0,United Kingdom
556464,23008,DOLLY GIRL BABY GIFT SET,1,2011-06-12 10:53:00,16.95,18281.0,United Kingdom
556464,23209,LUNCH BAG DOILEY PATTERN ,10,2011-06-12 10:53:00,1.65,18281.0,United Kingdom
556464,22467,GUMBALL COAT RACK,6,2011-06-12 10:53:00,2.55,18281.0,United Kingdom
556465,35970,ZINC FOLKART SLEIGH BELLS,2,2011-06-12 11:04:00,1.69,14984.0,United Kingdom
556465,84795B,SUNSET CHECK HAMMOCK,1,2011-06-12 11:04:00,7.95,14984.0,United Kingdom
556465,84880,WHITE WIRE EGG HOLDER,1,2011-06-12 11:04:00,7.5,14984.0,United Kingdom
556465,23210,WHITE ROCKING HORSE HAND PAINTED,2,2011-06-12 11:04:00,1.25,14984.0,United Kingdom
556465,23266,SET OF 3 WOODEN STOCKING DECORATION,1,2011-06-12 11:04:00,1.25,14984.0,United Kingdom
556465,22500,SET OF 2 TINS JARDIN DE PROVENCE,1,2011-06-12 11:04:00,4.95,14984.0,United Kingdom
556465,22457,NATURAL SLATE HEART CHALKBOARD ,2,2011-06-12 11:04:00,2.95,14984.0,United Kingdom
556465,23270,SET OF 2 CERAMIC PAINTED HEARTS ,1,2011-06-12 11:04:00,1.45,14984.0,United Kingdom
556465,23265,SET OF 3 WOODEN TREE DECORATIONS,1,2011-06-12 11:04:00,1.25,14984.0,United Kingdom
556465,22487,WHITE WOOD GARDEN PLANT LADDER,1,2011-06-12 11:04:00,9.95,14984.0,United Kingdom
556465,22760,"TRAY, BREAKFAST IN BED",1,2011-06-12 11:04:00,12.75,14984.0,United Kingdom
556465,23263,SET OF 3 WOODEN HEART DECORATIONS,1,2011-06-12 11:04:00,1.25,14984.0,United Kingdom
556465,23264,SET OF 3 WOODEN SLEIGH DECORATIONS,1,2011-06-12 11:04:00,1.25,14984.0,United Kingdom
556465,23094,LE GRAND TRAY CHIC SET,2,2011-06-12 11:04:00,12.5,14984.0,United Kingdom
556465,48194,DOORMAT HEARTS,1,2011-06-12 11:04:00,7.95,14984.0,United Kingdom
556465,48184,DOORMAT ENGLISH ROSE ,1,2011-06-12 11:04:00,7.95,14984.0,United Kingdom
556465,48194,DOORMAT HEARTS,1,2011-06-12 11:04:00,7.95,14984.0,United Kingdom
556466,22169,FAMILY ALBUM WHITE PICTURE FRAME,2,2011-06-12 11:07:00,8.5,15465.0,United Kingdom
556466,22507,MEMO BOARD RETROSPOT  DESIGN,3,2011-06-12 11:07:00,4.95,15465.0,United Kingdom
556466,23284,DOORMAT KEEP CALM AND COME IN,10,2011-06-12 11:07:00,6.75,15465.0,United Kingdom
556466,22666,RECIPE BOX PANTRY YELLOW DESIGN,6,2011-06-12 11:07:00,2.95,15465.0,United Kingdom
556466,23300,GARDENERS KNEELING PAD CUP OF TEA ,5,2011-06-12 11:07:00,1.65,15465.0,United Kingdom
556466,22423,REGENCY CAKESTAND 3 TIER,5,2011-06-12 11:07:00,12.75,15465.0,United Kingdom
556467,22666,RECIPE BOX PANTRY YELLOW DESIGN,3,2011-06-12 11:17:00,2.95,13232.0,United Kingdom
556467,20914,SET/5 RED RETROSPOT LID GLASS BOWLS,6,2011-06-12 11:17:00,2.95,13232.0,United Kingdom
556467,22847,BREAD BIN DINER STYLE IVORY,2,2011-06-12 11:17:00,16.95,13232.0,United Kingdom
556467,22194,BLACK DINER WALL CLOCK,1,2011-06-12 11:17:00,8.5,13232.0,United Kingdom
556467,84991,60 TEATIME FAIRY CAKE CASES,1,2011-06-12 11:17:00,0.55,13232.0,United Kingdom
556467,21786,POLKADOT RAIN HAT ,5,2011-06-12 11:17:00,0.42,13232.0,United Kingdom
556467,22853,CAT BOWL VINTAGE CREAM,5,2011-06-12 11:17:00,3.25,13232.0,United Kingdom
556467,22652,TRAVEL SEWING KIT,2,2011-06-12 11:17:00,1.65,13232.0,United Kingdom
556467,22131,FOOD CONTAINER SET 3 LOVE HEART ,3,2011-06-12 11:17:00,1.95,13232.0,United Kingdom
556467,22845,VINTAGE CREAM CAT FOOD CONTAINER,2,2011-06-12 11:17:00,6.35,13232.0,United Kingdom
556467,22667,RECIPE BOX RETROSPOT ,6,2011-06-12 11:17:00,2.95,13232.0,United Kingdom
556467,84987,SET OF 36 TEATIME PAPER DOILIES,5,2011-06-12 11:17:00,1.45,13232.0,United Kingdom
556467,84991,60 TEATIME FAIRY CAKE CASES,5,2011-06-12 11:17:00,0.55,13232.0,United Kingdom
556467,22844,VINTAGE CREAM DOG FOOD CONTAINER,2,2011-06-12 11:17:00,8.5,13232.0,United Kingdom
556467,21937,STRAWBERRY   PICNIC BAG,5,2011-06-12 11:17:00,2.95,13232.0,United Kingdom
556467,84509B,SET OF 4 FAIRY CAKE PLACEMATS,1,2011-06-12 11:17:00,3.75,13232.0,United Kingdom
556467,21466,RED FLOWER CROCHET FOOD COVER,1,2011-06-12 11:17:00,3.75,13232.0,United Kingdom
556467,23243,SET OF TEA COFFEE SUGAR TINS PANTRY,2,2011-06-12 11:17:00,4.95,13232.0,United Kingdom
556468,23301,GARDENERS KNEELING PAD KEEP CALM ,6,2011-06-12 11:26:00,1.65,14878.0,United Kingdom
556468,47567B,TEA TIME KITCHEN APRON,2,2011-06-12 11:26:00,5.95,14878.0,United Kingdom
556468,37448,CERAMIC CAKE DESIGN SPOTTED MUG,2,2011-06-12 11:26:00,1.49,14878.0,United Kingdom
556468,22139,RETROSPOT TEA SET CERAMIC 11 PC ,6,2011-06-12 11:26:00,4.95,14878.0,United Kingdom
556468,22891,TEA FOR ONE POLKADOT,4,2011-06-12 11:26:00,4.25,14878.0,United Kingdom
556468,22645,CERAMIC HEART FAIRY CAKE MONEY BANK,4,2011-06-12 11:26:00,1.45,14878.0,United Kingdom
556468,23284,DOORMAT KEEP CALM AND COME IN,3,2011-06-12 11:26:00,7.95,14878.0,United Kingdom
556468,23302,KNEELING MAT HOUSEWORK  DESIGN,2,2011-06-12 11:26:00,1.65,14878.0,United Kingdom
556468,23300,GARDENERS KNEELING PAD CUP OF TEA ,4,2011-06-12 11:26:00,1.65,14878.0,United Kingdom
556469,21930,JUMBO STORAGE BAG SKULLS,20,2011-06-12 11:37:00,2.08,12516.0,Germany
556469,22411,JUMBO SHOPPER VINTAGE RED PAISLEY,20,2011-06-12 11:37:00,2.08,12516.0,Germany
556469,22386,JUMBO BAG PINK POLKADOT,50,2011-06-12 11:37:00,2.08,12516.0,Germany
556469,22385,JUMBO BAG SPACEBOY DESIGN,30,2011-06-12 11:37:00,2.08,12516.0,Germany
556469,85099B,JUMBO BAG RED RETROSPOT,40,2011-06-12 11:37:00,2.08,12516.0,Germany
556469,85099C,JUMBO  BAG BAROQUE BLACK WHITE,20,2011-06-12 11:37:00,2.08,12516.0,Germany
556469,20719,WOODLAND CHARLOTTE BAG,20,2011-06-12 11:37:00,0.85,12516.0,Germany
556469,20724,RED RETROSPOT CHARLOTTE BAG,50,2011-06-12 11:37:00,0.85,12516.0,Germany
556469,22356,CHARLOTTE BAG PINK POLKADOT,50,2011-06-12 11:37:00,0.85,12516.0,Germany
556469,22661,CHARLOTTE BAG DOLLY GIRL DESIGN,20,2011-06-12 11:37:00,0.85,12516.0,Germany
556469,20712,JUMBO BAG WOODLAND ANIMALS,10,2011-06-12 11:37:00,2.08,12516.0,Germany
556469,21791,VINTAGE HEADS AND TAILS CARD GAME ,12,2011-06-12 11:37:00,1.25,12516.0,Germany
556469,POST,POSTAGE,3,2011-06-12 11:37:00,18.0,12516.0,Germany
556470,84879,ASSORTED COLOUR BIRD ORNAMENT,8,2011-06-12 11:41:00,1.69,15291.0,United Kingdom
556470,22189,CREAM HEART CARD HOLDER,4,2011-06-12 11:41:00,3.95,15291.0,United Kingdom
556470,22822,CREAM WALL PLANTER HEART SHAPED,2,2011-06-12 11:41:00,5.95,15291.0,United Kingdom
556470,21523,DOORMAT FANCY FONT HOME SWEET HOME,2,2011-06-12 11:41:00,7.95,15291.0,United Kingdom
556470,48188,DOORMAT WELCOME PUPPIES,2,2011-06-12 11:41:00,7.95,15291.0,United Kingdom
556470,84755,COLOUR GLASS T-LIGHT HOLDER HANGING,32,2011-06-12 11:41:00,0.65,15291.0,United Kingdom
556470,71477,COLOUR GLASS. STAR T-LIGHT HOLDER,4,2011-06-12 11:41:00,3.25,15291.0,United Kingdom
556470,84970L,SINGLE HEART ZINC T-LIGHT HOLDER,24,2011-06-12 11:41:00,0.95,15291.0,United Kingdom
556470,22784,LANTERN CREAM GAZEBO ,6,2011-06-12 11:41:00,4.95,15291.0,United Kingdom
556470,21673,WHITE SPOT BLUE CERAMIC DRAWER KNOB,12,2011-06-12 11:41:00,1.25,15291.0,United Kingdom
556470,21672,WHITE SPOT RED CERAMIC DRAWER KNOB,12,2011-06-12 11:41:00,1.25,15291.0,United Kingdom
556470,21669,BLUE STRIPE CERAMIC DRAWER KNOB,12,2011-06-12 11:41:00,1.25,15291.0,United Kingdom
556470,21668,RED STRIPE CERAMIC DRAWER KNOB,12,2011-06-12 11:41:00,1.25,15291.0,United Kingdom
556470,22844,VINTAGE CREAM DOG FOOD CONTAINER,2,2011-06-12 11:41:00,8.5,15291.0,United Kingdom
556470,22852,DOG BOWL VINTAGE CREAM,4,2011-06-12 11:41:00,4.25,15291.0,United Kingdom
556470,22845,VINTAGE CREAM CAT FOOD CONTAINER,2,2011-06-12 11:41:00,6.35,15291.0,United Kingdom
556470,22853,CAT BOWL VINTAGE CREAM,6,2011-06-12 11:41:00,3.25,15291.0,United Kingdom
556470,48184,DOORMAT ENGLISH ROSE ,2,2011-06-12 11:41:00,7.95,15291.0,United Kingdom
556471,22602,RETROSPOT WOODEN HEART DECORATION,24,2011-06-12 11:47:00,0.85,16466.0,United Kingdom
556471,21174,POTTERING IN THE SHED METAL SIGN,1,2011-06-12 11:47:00,2.08,16466.0,United Kingdom
556471,85152,HAND OVER THE CHOCOLATE   SIGN ,3,2011-06-12 11:47:00,2.1,16466.0,United Kingdom
556471,85199S,SMALL HANGING IVORY/RED WOOD BIRD,72,2011-06-12 11:47:00,0.42,16466.0,United Kingdom
556471,22628,PICNIC BOXES SET OF 3 RETROSPOT ,1,2011-06-12 11:47:00,4.95,16466.0,United Kingdom
556471,23298,SPOTTY BUNTING,4,2011-06-12 11:47:00,4.95,16466.0,United Kingdom
556471,21591,COSY HOUR CIGAR BOX MATCHES ,2,2011-06-12 11:47:00,1.25,16466.0,United Kingdom
556471,23091,ZINC HERB GARDEN CONTAINER,8,2011-06-12 11:47:00,6.25,16466.0,United Kingdom
556471,85123A,WHITE HANGING HEART T-LIGHT HOLDER,6,2011-06-12 11:47:00,2.95,16466.0,United Kingdom
556471,23269,SET OF 2 CERAMIC CHRISTMAS TREES,12,2011-06-12 11:47:00,1.45,16466.0,United Kingdom
556471,23268,SET OF 2 CERAMIC CHRISTMAS REINDEER,12,2011-06-12 11:47:00,1.45,16466.0,United Kingdom
556471,23226,FILIGREE HEART DAISY WHITE,8,2011-06-12 11:47:00,1.25,16466.0,United Kingdom
556472,22794,SWEETHEART WIRE MAGAZINE RACK,2,2011-06-12 11:48:00,7.95,16633.0,United Kingdom
556472,47566,PARTY BUNTING,5,2011-06-12 11:48:00,4.95,16633.0,United Kingdom
556472,22088,PAPER BUNTING COLOURED LACE,6,2011-06-12 11:48:00,2.95,16633.0,United Kingdom
556472,22089,PAPER BUNTING VINTAGE PAISLEY,6,2011-06-12 11:48:00,2.95,16633.0,United Kingdom
556472,22646,CERAMIC STRAWBERRY CAKE MONEY BANK,12,2011-06-12 11:48:00,1.45,16633.0,United Kingdom
556472,22645,CERAMIC HEART FAIRY CAKE MONEY BANK,12,2011-06-12 11:48:00,1.45,16633.0,United Kingdom
556472,22644,CERAMIC CHERRY CAKE MONEY BANK,12,2011-06-12 11:48:00,1.45,16633.0,United Kingdom
556472,21781,MA CAMPAGNE CUTLERY BOX,1,2011-06-12 11:48:00,14.95,16633.0,United Kingdom
556472,22488,NATURAL SLATE RECTANGLE CHALKBOARD,12,2011-06-12 11:48:00,1.65,16633.0,United Kingdom
556472,22460,EMBOSSED GLASS TEALIGHT HOLDER,12,2011-06-12 11:48:00,1.25,16633.0,United Kingdom
556472,22804,CANDLEHOLDER PINK HANGING HEART,6,2011-06-12 11:48:00,2.95,16633.0,United Kingdom
556472,71459,HANGING JAM JAR T-LIGHT HOLDER,12,2011-06-12 11:48:00,0.85,16633.0,United Kingdom
556472,84978,HANGING HEART JAR T-LIGHT HOLDER,12,2011-06-12 11:48:00,1.25,16633.0,United Kingdom
556472,22178,VICTORIAN GLASS HANGING T-LIGHT,12,2011-06-12 11:48:00,1.25,16633.0,United Kingdom
556472,22829,SWEETHEART WIRE WALL TIDY,2,2011-06-12 11:48:00,9.95,16633.0,United Kingdom
556473,46000R,POLYESTER FILLER PAD 45x30cm,4,2011-06-12 12:00:00,1.45,17265.0,United Kingdom
556473,46000S,POLYESTER FILLER PAD 40x40cm,15,2011-06-12 12:00:00,1.45,17265.0,United Kingdom
556473,82580,BATHROOM METAL SIGN,2,2011-06-12 12:00:00,0.55,17265.0,United Kingdom
556473,21534,DAIRY MAID LARGE MILK JUG,2,2011-06-12 12:00:00,4.95,17265.0,United Kingdom
556473,21078,SET/20 STRAWBERRY PAPER NAPKINS ,10,2011-06-12 12:00:00,0.85,17265.0,United Kingdom
556473,21982,PACK OF 12 SUKI TISSUES ,6,2011-06-12 12:00:00,0.29,17265.0,United Kingdom
556473,23148,MINIATURE ANTIQUE ROSE HOOK IVORY,1,2011-06-12 12:00:00,0.83,17265.0,United Kingdom
556473,84510A,SET OF 4 ENGLISH ROSE COASTERS,2,2011-06-12 12:00:00,1.25,17265.0,United Kingdom
556473,21179,NO JUNK MAIL METAL SIGN,2,2011-06-12 12:00:00,1.25,17265.0,United Kingdom
556473,84509A,SET OF 4 ENGLISH ROSE PLACEMATS,1,2011-06-12 12:00:00,3.75,17265.0,United Kingdom
556473,21069,VINTAGE BILLBOARD TEA MUG,1,2011-06-12 12:00:00,1.25,17265.0,United Kingdom
556473,21975,PACK OF 60 DINOSAUR CAKE CASES,16,2011-06-12 12:00:00,0.55,17265.0,United Kingdom
556473,21069,VINTAGE BILLBOARD TEA MUG,1,2011-06-12 12:00:00,1.25,17265.0,United Kingdom
556473,23147,SINGLE ANTIQUE ROSE HOOK IVORY,2,2011-06-12 12:00:00,1.45,17265.0,United Kingdom
556473,23148,MINIATURE ANTIQUE ROSE HOOK IVORY,2,2011-06-12 12:00:00,0.83,17265.0,United Kingdom
556473,21218,RED SPOTTY BISCUIT TIN,1,2011-06-12 12:00:00,3.75,17265.0,United Kingdom
556473,82552,WASHROOM METAL SIGN,2,2011-06-12 12:00:00,1.45,17265.0,United Kingdom
556473,82551,LAUNDRY 15C METAL SIGN,2,2011-06-12 12:00:00,1.45,17265.0,United Kingdom
556473,22616,PACK OF 12 LONDON TISSUES ,12,2011-06-12 12:00:00,0.29,17265.0,United Kingdom
556473,21391,FRENCH LAVENDER SCENT HEART,3,2011-06-12 12:00:00,0.75,17265.0,United Kingdom
556473,20665,RED RETROSPOT PURSE ,2,2011-06-12 12:00:00,2.95,17265.0,United Kingdom
556473,22362,GLASS JAR PEACOCK BATH SALTS,3,2011-06-12 12:00:00,2.95,17265.0,United Kingdom
556473,21390,FILIGRIS HEART WITH BUTTERFLY,5,2011-06-12 12:00:00,1.25,17265.0,United Kingdom
556473,22358,KINGS CHOICE TEA CADDY ,2,2011-06-12 12:00:00,2.95,17265.0,United Kingdom
556473,23089,GLASS BON BON JAR,2,2011-06-12 12:00:00,1.65,17265.0,United Kingdom
556473,21067,VINTAGE RED TEATIME MUG,1,2011-06-12 12:00:00,1.25,17265.0,United Kingdom
556473,21875,KINGS CHOICE MUG,1,2011-06-12 12:00:00,1.25,17265.0,United Kingdom
556473,21868,POTTING SHED TEA MUG,1,2011-06-12 12:00:00,1.25,17265.0,United Kingdom
556473,21067,VINTAGE RED TEATIME MUG,1,2011-06-12 12:00:00,1.25,17265.0,United Kingdom
556473,22842,BISCUIT TIN VINTAGE RED,1,2011-06-12 12:00:00,6.75,17265.0,United Kingdom
556473,22843,BISCUIT TIN VINTAGE GREEN,1,2011-06-12 12:00:00,6.75,17265.0,United Kingdom
556473,22429,ENAMEL MEASURING JUG CREAM,1,2011-06-12 12:00:00,4.25,17265.0,United Kingdom
556473,22979,PANTRY WASHING UP BRUSH,3,2011-06-12 12:00:00,1.45,17265.0,United Kingdom
556473,21902,"KEY FOB , FRONT  DOOR ",12,2011-06-12 12:00:00,0.65,17265.0,United Kingdom
556473,84836,ZINC METAL HEART DECORATION,3,2011-06-12 12:00:00,1.25,17265.0,United Kingdom
556473,22730,ALARM CLOCK BAKELIKE IVORY,1,2011-06-12 12:00:00,3.75,17265.0,United Kingdom
556473,22098,BOUDOIR SQUARE TISSUE BOX,1,2011-06-12 12:00:00,1.25,17265.0,United Kingdom
556473,22094,RED RETROSPOT TISSUE BOX,1,2011-06-12 12:00:00,1.25,17265.0,United Kingdom
556473,82483,WOOD 2 DRAWER CABINET WHITE FINISH,2,2011-06-12 12:00:00,6.95,17265.0,United Kingdom
556473,22771,CLEAR DRAWER KNOB ACRYLIC EDWARDIAN,12,2011-06-12 12:00:00,1.25,17265.0,United Kingdom
556473,23094,LE GRAND TRAY CHIC SET,1,2011-06-12 12:00:00,12.5,17265.0,United Kingdom
556473,23321,SMALL WHITE HEART OF WICKER,2,2011-06-12 12:00:00,1.69,17265.0,United Kingdom
556473,21533,RETROSPOT LARGE MILK JUG,2,2011-06-12 12:00:00,4.95,17265.0,United Kingdom
556473,23243,SET OF TEA COFFEE SUGAR TINS PANTRY,2,2011-06-12 12:00:00,4.95,17265.0,United Kingdom
556473,23252,VINTAGE RED ENAMEL TRIM JUG ,3,2011-06-12 12:00:00,3.75,17265.0,United Kingdom
556473,22427,ENAMEL FLOWER JUG CREAM,1,2011-06-12 12:00:00,5.95,17265.0,United Kingdom
556473,48187,DOORMAT NEW ENGLAND,1,2011-06-12 12:00:00,7.95,17265.0,United Kingdom
556473,22443,GROW YOUR OWN HERBS SET OF 3,1,2011-06-12 12:00:00,7.95,17265.0,United Kingdom
556473,22191,IVORY DINER WALL CLOCK,1,2011-06-12 12:00:00,8.5,17265.0,United Kingdom
556473,22217,T-LIGHT HOLDER HANGING LACE,3,2011-06-12 12:00:00,1.25,17265.0,United Kingdom
556473,22178,VICTORIAN GLASS HANGING T-LIGHT,3,2011-06-12 12:00:00,1.25,17265.0,United Kingdom
556473,85053,FRENCH ENAMEL CANDLEHOLDER,1,2011-06-12 12:00:00,2.1,17265.0,United Kingdom
556473,20718,RED RETROSPOT SHOPPER BAG,5,2011-06-12 12:00:00,1.25,17265.0,United Kingdom
556473,20717,STRAWBERRY SHOPPER BAG,4,2011-06-12 12:00:00,1.25,17265.0,United Kingdom
556473,23203,JUMBO BAG DOILEY PATTERNS,1,2011-06-12 12:00:00,2.08,17265.0,United Kingdom
556473,23200,JUMBO BAG PEARS,1,2011-06-12 12:00:00,2.08,17265.0,United Kingdom
556473,23199,JUMBO BAG APPLES,1,2011-06-12 12:00:00,2.08,17265.0,United Kingdom
556473,23284,DOORMAT KEEP CALM AND COME IN,1,2011-06-12 12:00:00,7.95,17265.0,United Kingdom
556473,22690,DOORMAT HOME SWEET HOME BLUE ,1,2011-06-12 12:00:00,7.95,17265.0,United Kingdom
556473,22507,MEMO BOARD RETROSPOT  DESIGN,1,2011-06-12 12:00:00,4.95,17265.0,United Kingdom
556473,21408,SPOTTY PINK DUCK DOORSTOP,2,2011-06-12 12:00:00,4.25,17265.0,United Kingdom
556473,21294,ETCHED GLASS COASTER,6,2011-06-12 12:00:00,0.39,17265.0,United Kingdom
556473,82613B,"METAL SIGN,CUPCAKE SINGLE HOOK",3,2011-06-12 12:00:00,1.25,17265.0,United Kingdom
556473,22727,ALARM CLOCK BAKELIKE RED ,1,2011-06-12 12:00:00,3.75,17265.0,United Kingdom
556473,22500,SET OF 2 TINS JARDIN DE PROVENCE,1,2011-06-12 12:00:00,4.95,17265.0,United Kingdom
556473,22441,GROW YOUR OWN BASIL IN ENAMEL MUG,3,2011-06-12 12:00:00,2.1,17265.0,United Kingdom
556473,22496,SET OF 2 ROUND TINS DUTCH CHEESE,1,2011-06-12 12:00:00,2.95,17265.0,United Kingdom
556473,22495,SET OF 2 ROUND TINS CAMEMBERT ,1,2011-06-12 12:00:00,2.95,17265.0,United Kingdom
556473,22115,METAL SIGN EMPIRE TEA,1,2011-06-12 12:00:00,2.95,17265.0,United Kingdom
556473,72780,BLACK SILOUETTE CANDLE PLATE,1,2011-06-12 12:00:00,0.85,17265.0,United Kingdom
556473,22998,TRAVEL CARD WALLET KEEP CALM,11,2011-06-12 12:00:00,0.42,17265.0,United Kingdom
556473,85123A,WHITE HANGING HEART T-LIGHT HOLDER,2,2011-06-12 12:00:00,2.95,17265.0,United Kingdom
556473,85123A,WHITE HANGING HEART T-LIGHT HOLDER,1,2011-06-12 12:00:00,2.95,17265.0,United Kingdom
556473,22727,ALARM CLOCK BAKELIKE RED ,1,2011-06-12 12:00:00,3.75,17265.0,United Kingdom
556473,22173,METAL 4 HOOK HANGER FRENCH CHATEAU,1,2011-06-12 12:00:00,2.95,17265.0,United Kingdom
556473,22090,PAPER BUNTING RETROSPOT,1,2011-06-12 12:00:00,2.95,17265.0,United Kingdom
556473,22089,PAPER BUNTING VINTAGE PAISLEY,1,2011-06-12 12:00:00,2.95,17265.0,United Kingdom
556474,22173,METAL 4 HOOK HANGER FRENCH CHATEAU,3,2011-06-12 12:01:00,2.95,16007.0,United Kingdom
556474,21900,"KEY FOB , SHED",2,2011-06-12 12:01:00,0.65,16007.0,United Kingdom
556474,21901,"KEY FOB , BACK DOOR ",3,2011-06-12 12:01:00,0.65,16007.0,United Kingdom
556474,21899,"KEY FOB , GARAGE DESIGN",2,2011-06-12 12:01:00,0.65,16007.0,United Kingdom
556474,21902,"KEY FOB , FRONT  DOOR ",2,2011-06-12 12:01:00,0.65,16007.0,United Kingdom
556474,82551,LAUNDRY 15C METAL SIGN,1,2011-06-12 12:01:00,1.45,16007.0,United Kingdom
556474,23182,TOILET SIGN OCCUPIED OR VACANT,1,2011-06-12 12:01:00,0.83,16007.0,United Kingdom
556474,22254,FELT TOADSTOOL LARGE,1,2011-06-12 12:01:00,1.25,16007.0,United Kingdom
556474,47566,PARTY BUNTING,6,2011-06-12 12:01:00,4.95,16007.0,United Kingdom
556474,22417,PACK OF 60 SPACEBOY CAKE CASES,1,2011-06-12 12:01:00,0.55,16007.0,United Kingdom
556474,21213,PACK OF 72 SKULL CAKE CASES,1,2011-06-12 12:01:00,0.55,16007.0,United Kingdom
556474,21975,PACK OF 60 DINOSAUR CAKE CASES,1,2011-06-12 12:01:00,0.55,16007.0,United Kingdom
556474,84991,60 TEATIME FAIRY CAKE CASES,2,2011-06-12 12:01:00,0.55,16007.0,United Kingdom
556474,21212,PACK OF 72 RETROSPOT CAKE CASES,1,2011-06-12 12:01:00,0.55,16007.0,United Kingdom
556474,84992,72 SWEETHEART FAIRY CAKE CASES,2,2011-06-12 12:01:00,0.55,16007.0,United Kingdom
556474,22385,JUMBO BAG SPACEBOY DESIGN,1,2011-06-12 12:01:00,2.08,16007.0,United Kingdom
556474,22386,JUMBO BAG PINK POLKADOT,1,2011-06-12 12:01:00,2.08,16007.0,United Kingdom
556474,20713,JUMBO BAG OWLS,1,2011-06-12 12:01:00,2.08,16007.0,United Kingdom
556474,85099B,JUMBO BAG RED RETROSPOT,1,2011-06-12 12:01:00,2.08,16007.0,United Kingdom
556474,85099C,JUMBO  BAG BAROQUE BLACK WHITE,1,2011-06-12 12:01:00,2.08,16007.0,United Kingdom
556474,23200,JUMBO BAG PEARS,1,2011-06-12 12:01:00,2.08,16007.0,United Kingdom
556474,23199,JUMBO BAG APPLES,1,2011-06-12 12:01:00,2.08,16007.0,United Kingdom
556474,23203,JUMBO BAG DOILEY PATTERNS,2,2011-06-12 12:01:00,2.08,16007.0,United Kingdom
556474,21928,JUMBO BAG SCANDINAVIAN BLUE PAISLEY,2,2011-06-12 12:01:00,2.08,16007.0,United Kingdom
556474,21929,JUMBO BAG PINK VINTAGE PAISLEY,1,2011-06-12 12:01:00,2.08,16007.0,United Kingdom
556474,21033,JUMBO BAG CHARLIE AND LOLA TOYS,1,2011-06-12 12:01:00,2.08,16007.0,United Kingdom
556474,85099F,JUMBO BAG STRAWBERRY,1,2011-06-12 12:01:00,2.08,16007.0,United Kingdom
556474,21931,JUMBO STORAGE BAG SUKI,1,2011-06-12 12:01:00,2.08,16007.0,United Kingdom
556474,22663,JUMBO BAG DOLLY GIRL DESIGN,1,2011-06-12 12:01:00,2.08,16007.0,United Kingdom
556474,20711,JUMBO BAG TOYS ,1,2011-06-12 12:01:00,2.08,16007.0,United Kingdom
556474,23201,JUMBO BAG ALPHABET,1,2011-06-12 12:01:00,2.08,16007.0,United Kingdom
556474,23202,JUMBO BAG VINTAGE LEAF,3,2011-06-12 12:01:00,2.08,16007.0,United Kingdom
556474,23321,SMALL WHITE HEART OF WICKER,4,2011-06-12 12:01:00,1.69,16007.0,United Kingdom
556474,23322,LARGE WHITE HEART OF WICKER,4,2011-06-12 12:01:00,2.95,16007.0,United Kingdom
556474,21078,SET/20 STRAWBERRY PAPER NAPKINS ,2,2011-06-12 12:01:00,0.85,16007.0,United Kingdom
556474,21080,SET/20 RED RETROSPOT PAPER NAPKINS ,2,2011-06-12 12:01:00,0.85,16007.0,United Kingdom
556474,22851,SET 20 NAPKINS FAIRY CAKES DESIGN ,2,2011-06-12 12:01:00,0.85,16007.0,United Kingdom
556474,85087,CANDY SPOT CUSHION COVER,2,2011-06-12 12:01:00,2.95,16007.0,United Kingdom
556474,22197,POPCORN HOLDER,2,2011-06-12 12:01:00,0.85,16007.0,United Kingdom
556474,84406B,CREAM CUPID HEARTS COAT HANGER,3,2011-06-12 12:01:00,4.15,16007.0,United Kingdom
556474,20712,JUMBO BAG WOODLAND ANIMALS,1,2011-06-12 12:01:00,2.08,16007.0,United Kingdom
556474,77079,DOLPHIN WINDMILL,1,2011-06-12 12:01:00,2.12,16007.0,United Kingdom
556474,23204,CHARLOTTE BAG APPLES DESIGN,1,2011-06-12 12:01:00,0.85,16007.0,United Kingdom
556474,23301,GARDENERS KNEELING PAD KEEP CALM ,1,2011-06-12 12:01:00,1.65,16007.0,United Kingdom
556474,23300,GARDENERS KNEELING PAD CUP OF TEA ,2,2011-06-12 12:01:00,1.65,16007.0,United Kingdom
556474,21174,POTTERING IN THE SHED METAL SIGN,1,2011-06-12 12:01:00,2.08,16007.0,United Kingdom
556474,22413,METAL SIGN TAKE IT OR LEAVE IT ,1,2011-06-12 12:01:00,2.95,16007.0,United Kingdom
556474,21907,I'M ON HOLIDAY METAL SIGN,1,2011-06-12 12:01:00,2.1,16007.0,United Kingdom
556474,22083,PAPER CHAIN KIT RETROSPOT,2,2011-06-12 12:01:00,2.95,16007.0,United Kingdom
556474,23298,SPOTTY BUNTING,1,2011-06-12 12:01:00,4.95,16007.0,United Kingdom
556474,23191,BUNDLE OF 3 RETRO NOTE BOOKS,2,2011-06-12 12:01:00,1.65,16007.0,United Kingdom
556474,22356,CHARLOTTE BAG PINK POLKADOT,1,2011-06-12 12:01:00,0.85,16007.0,United Kingdom
556474,20724,RED RETROSPOT CHARLOTTE BAG,1,2011-06-12 12:01:00,0.85,16007.0,United Kingdom
556474,22355,CHARLOTTE BAG SUKI DESIGN,1,2011-06-12 12:01:00,0.85,16007.0,United Kingdom
556474,23205,CHARLOTTE BAG VINTAGE ALPHABET ,1,2011-06-12 12:01:00,0.85,16007.0,United Kingdom
556474,20723,STRAWBERRY CHARLOTTE BAG,1,2011-06-12 12:01:00,0.85,16007.0,United Kingdom
556474,84510C,SET OF 4 POLKADOT COASTERS,2,2011-06-12 12:01:00,1.25,16007.0,United Kingdom
556474,84510A,SET OF 4 ENGLISH ROSE COASTERS,2,2011-06-12 12:01:00,1.25,16007.0,United Kingdom
556474,82486,WOOD S/3 CABINET ANT WHITE FINISH,1,2011-06-12 12:01:00,8.95,16007.0,United Kingdom
556474,22766,PHOTO FRAME CORNICE,2,2011-06-12 12:01:00,2.95,16007.0,United Kingdom
556474,23235,STORAGE TIN VINTAGE LEAF,1,2011-06-12 12:01:00,2.89,16007.0,United Kingdom
556474,22467,GUMBALL COAT RACK,1,2011-06-12 12:01:00,2.55,16007.0,United Kingdom
556474,21430,SET/3 RED GINGHAM ROSE STORAGE BOX,1,2011-06-12 12:01:00,3.75,16007.0,United Kingdom
556474,21429,RED GINGHAM ROSE JEWELLERY BOX,2,2011-06-12 12:01:00,1.95,16007.0,United Kingdom
556474,22728,ALARM CLOCK BAKELIKE PINK,1,2011-06-12 12:01:00,3.75,16007.0,United Kingdom
556474,23152,IVORY SWEETHEART WIRE LETTER RACK ,2,2011-06-12 12:01:00,3.75,16007.0,United Kingdom
556474,23148,MINIATURE ANTIQUE ROSE HOOK IVORY,12,2011-06-12 12:01:00,0.83,16007.0,United Kingdom
556474,22730,ALARM CLOCK BAKELIKE IVORY,1,2011-06-12 12:01:00,3.75,16007.0,United Kingdom
556474,22729,ALARM CLOCK BAKELIKE ORANGE,1,2011-06-12 12:01:00,3.75,16007.0,United Kingdom
556474,82494L,WOODEN FRAME ANTIQUE WHITE ,3,2011-06-12 12:01:00,2.95,16007.0,United Kingdom
556474,23092,LARGE ANTIQUE WHITE PHOTO FRAME,1,2011-06-12 12:01:00,7.9,16007.0,United Kingdom
556474,82484,WOOD BLACK BOARD ANT WHITE FINISH,1,2011-06-12 12:01:00,7.95,16007.0,United Kingdom
556474,82482,WOODEN PICTURE FRAME WHITE FINISH,2,2011-06-12 12:01:00,2.55,16007.0,United Kingdom
556474,82483,WOOD 2 DRAWER CABINET WHITE FINISH,2,2011-06-12 12:01:00,6.95,16007.0,United Kingdom
556474,23118,PARISIENNE JEWELLERY DRAWER ,2,2011-06-12 12:01:00,7.5,16007.0,United Kingdom
556474,22646,CERAMIC STRAWBERRY CAKE MONEY BANK,4,2011-06-12 12:01:00,1.45,16007.0,United Kingdom
556474,22645,CERAMIC HEART FAIRY CAKE MONEY BANK,2,2011-06-12 12:01:00,1.45,16007.0,United Kingdom
556474,84755,COLOUR GLASS T-LIGHT HOLDER HANGING,16,2011-06-12 12:01:00,0.65,16007.0,United Kingdom
556474,23082,SET 6 PAPER TABLE LANTERN HEARTS ,8,2011-06-12 12:01:00,3.75,16007.0,United Kingdom
556474,23110,PARISIENNE KEY CABINET ,2,2011-06-12 12:01:00,5.75,16007.0,United Kingdom
556474,23112,PARISIENNE CURIO CABINET,1,2011-06-12 12:01:00,7.5,16007.0,United Kingdom
556475,22470,HEART OF WICKER LARGE,8,2011-06-12 12:03:00,2.95,18109.0,United Kingdom
556475,23322,LARGE WHITE HEART OF WICKER,6,2011-06-12 12:03:00,2.95,18109.0,United Kingdom
556475,23321,SMALL WHITE HEART OF WICKER,9,2011-06-12 12:03:00,1.69,18109.0,United Kingdom
556475,85123A,WHITE HANGING HEART T-LIGHT HOLDER,3,2011-06-12 12:03:00,2.95,18109.0,United Kingdom
556475,23091,ZINC HERB GARDEN CONTAINER,1,2011-06-12 12:03:00,6.25,18109.0,United Kingdom
556475,22961,JAM MAKING SET PRINTED,3,2011-06-12 12:03:00,1.45,18109.0,United Kingdom
556475,23245,SET OF 3 REGENCY CAKE TINS,4,2011-06-12 12:03:00,4.95,18109.0,United Kingdom
556475,23118,PARISIENNE JEWELLERY DRAWER ,1,2011-06-12 12:03:00,7.5,18109.0,United Kingdom
556475,22720,SET OF 3 CAKE TINS PANTRY DESIGN ,4,2011-06-12 12:03:00,4.95,18109.0,United Kingdom
556475,22457,NATURAL SLATE HEART CHALKBOARD ,2,2011-06-12 12:03:00,2.95,18109.0,United Kingdom
556475,22178,VICTORIAN GLASS HANGING T-LIGHT,6,2011-06-12 12:03:00,1.25,18109.0,United Kingdom
556475,22197,POPCORN HOLDER,3,2011-06-12 12:03:00,0.85,18109.0,United Kingdom
556475,21259,VICTORIAN SEWING BOX SMALL ,2,2011-06-12 12:03:00,5.95,18109.0,United Kingdom
556475,21781,MA CAMPAGNE CUTLERY BOX,1,2011-06-12 12:03:00,14.95,18109.0,United Kingdom
556475,22692,DOORMAT WELCOME TO OUR HOME,1,2011-06-12 12:03:00,7.95,18109.0,United Kingdom
556475,48187,DOORMAT NEW ENGLAND,1,2011-06-12 12:03:00,7.95,18109.0,United Kingdom
556475,22171,3 HOOK PHOTO SHELF ANTIQUE WHITE,1,2011-06-12 12:03:00,8.5,18109.0,United Kingdom
556475,22501,PICNIC BASKET WICKER LARGE,3,2011-06-12 12:03:00,9.95,18109.0,United Kingdom
556475,22487,WHITE WOOD GARDEN PLANT LADDER,1,2011-06-12 12:03:00,9.95,18109.0,United Kingdom
556475,21756,BATH BUILDING BLOCK WORD,3,2011-06-12 12:03:00,5.95,18109.0,United Kingdom
556475,82483,WOOD 2 DRAWER CABINET WHITE FINISH,2,2011-06-12 12:03:00,6.95,18109.0,United Kingdom
556475,22151,PLACE SETTING WHITE HEART,432,2011-06-12 12:03:00,0.36,18109.0,United Kingdom
556476,23082,SET 6 PAPER TABLE LANTERN HEARTS ,6,2011-06-12 12:08:00,3.75,17175.0,United Kingdom
556476,23109,LED TEA LIGHTS,6,2011-06-12 12:08:00,2.89,17175.0,United Kingdom
556476,22296,HEART IVORY TRELLIS LARGE,24,2011-06-12 12:08:00,1.65,17175.0,United Kingdom
556476,22464,HANGING METAL HEART LANTERN,12,2011-06-12 12:08:00,1.65,17175.0,United Kingdom
556476,82484,WOOD BLACK BOARD ANT WHITE FINISH,4,2011-06-12 12:08:00,7.95,17175.0,United Kingdom
556476,22469,HEART OF WICKER SMALL,24,2011-06-12 12:08:00,1.65,17175.0,United Kingdom
556476,22156,HEART DECORATION WITH PEARLS ,12,2011-06-12 12:08:00,0.85,17175.0,United Kingdom
556476,21447,12 IVORY ROSE PEG PLACE SETTINGS,36,2011-06-12 12:08:00,1.25,17175.0,United Kingdom
556476,22457,NATURAL SLATE HEART CHALKBOARD ,6,2011-06-12 12:08:00,2.95,17175.0,United Kingdom
556476,22151,PLACE SETTING WHITE HEART,24,2011-06-12 12:08:00,0.42,17175.0,United Kingdom
556476,21422,PORCELAIN ROSE SMALL,16,2011-06-12 12:08:00,0.85,17175.0,United Kingdom
556476,22090,PAPER BUNTING RETROSPOT,6,2011-06-12 12:08:00,2.95,17175.0,United Kingdom
556476,22088,PAPER BUNTING COLOURED LACE,6,2011-06-12 12:08:00,2.95,17175.0,United Kingdom
556477,22224,WHITE LOVEBIRD LANTERN,14,2011-06-12 12:20:00,2.95,12841.0,United Kingdom
556477,23306,SET OF 36 DOILIES PANTRY DESIGN,4,2011-06-12 12:20:00,1.45,12841.0,United Kingdom
556477,85183A,CHARLIE & LOLA WASTEPAPER BIN BLUE,1,2011-06-12 12:20:00,1.25,12841.0,United Kingdom
556477,47422,ASSORTED MONKEY SUCTION CUP HOOK,19,2011-06-12 12:20:00,0.42,12841.0,United Kingdom
556477,21989,PACK OF 20 SKULL PAPER NAPKINS,4,2011-06-12 12:20:00,0.85,12841.0,United Kingdom
556477,21080,SET/20 RED RETROSPOT PAPER NAPKINS ,4,2011-06-12 12:20:00,0.85,12841.0,United Kingdom
556477,22960,JAM MAKING SET WITH JARS,2,2011-06-12 12:20:00,4.25,12841.0,United Kingdom
556477,21206,STRAWBERRY HONEYCOMB  GARLAND ,6,2011-06-12 12:20:00,1.65,12841.0,United Kingdom
556477,22961,JAM MAKING SET PRINTED,2,2011-06-12 12:20:00,1.45,12841.0,United Kingdom
556477,79321,CHILLI LIGHTS,5,2011-06-12 12:20:00,5.75,12841.0,United Kingdom
556477,21679,SKULLS  STICKERS,12,2011-06-12 12:20:00,0.85,12841.0,United Kingdom
556477,23010,CIRCUS PARADE BABY GIFT SET,1,2011-06-12 12:20:00,16.95,12841.0,United Kingdom
556477,47566B,TEA TIME PARTY BUNTING,3,2011-06-12 12:20:00,4.95,12841.0,United Kingdom
556477,23298,SPOTTY BUNTING,4,2011-06-12 12:20:00,4.95,12841.0,United Kingdom
556477,47566,PARTY BUNTING,5,2011-06-12 12:20:00,4.95,12841.0,United Kingdom
556478,23321,SMALL WHITE HEART OF WICKER,3,2011-06-12 12:34:00,1.69,13069.0,United Kingdom
556478,21926,RED/CREAM STRIPE CUSHION COVER ,2,2011-06-12 12:34:00,1.25,13069.0,United Kingdom
556478,22178,VICTORIAN GLASS HANGING T-LIGHT,24,2011-06-12 12:34:00,1.25,13069.0,United Kingdom
556478,21927,BLUE/CREAM STRIPE CUSHION COVER ,2,2011-06-12 12:34:00,1.25,13069.0,United Kingdom
556478,21172,PARTY METAL SIGN ,10,2011-06-12 12:34:00,1.45,13069.0,United Kingdom
556478,22999,TRAVEL CARD WALLET RETRO PETALS,1,2011-06-12 12:34:00,0.42,13069.0,United Kingdom
556478,23003,TRAVEL CARD WALLET VINTAGE ROSE ,5,2011-06-12 12:34:00,0.42,13069.0,United Kingdom
556478,84970L,SINGLE HEART ZINC T-LIGHT HOLDER,12,2011-06-12 12:34:00,0.95,13069.0,United Kingdom
556478,23145,ZINC T-LIGHT HOLDER STAR LARGE,12,2011-06-12 12:34:00,0.95,13069.0,United Kingdom
556478,84970S,HANGING HEART ZINC T-LIGHT HOLDER,12,2011-06-12 12:34:00,0.85,13069.0,United Kingdom
556478,20984,12 PENCILS TALL TUBE POSY,5,2011-06-12 12:34:00,0.29,13069.0,United Kingdom
556478,21238,RED RETROSPOT CUP,20,2011-06-12 12:34:00,0.85,13069.0,United Kingdom
556478,23202,JUMBO BAG VINTAGE LEAF,2,2011-06-12 12:34:00,2.08,13069.0,United Kingdom
556478,23202,JUMBO BAG VINTAGE LEAF,1,2011-06-12 12:34:00,2.08,13069.0,United Kingdom
556478,21240,BLUE POLKADOT CUP,16,2011-06-12 12:34:00,0.85,13069.0,United Kingdom
556478,84568,GIRLS ALPHABET IRON ON PATCHES ,288,2011-06-12 12:34:00,0.21,13069.0,United Kingdom
556478,21239,PINK  POLKADOT CUP,24,2011-06-12 12:34:00,0.85,13069.0,United Kingdom
556478,21931,JUMBO STORAGE BAG SUKI,1,2011-06-12 12:34:00,2.08,13069.0,United Kingdom
556478,23208,LUNCH BAG VINTAGE LEAF DESIGN,3,2011-06-12 12:34:00,1.65,13069.0,United Kingdom
556478,71459,HANGING JAM JAR T-LIGHT HOLDER,12,2011-06-12 12:34:00,0.85,13069.0,United Kingdom
556479,21055,TOOL BOX SOFT TOY ,3,2011-06-12 12:50:00,8.95,16983.0,United Kingdom
556479,22331,WOODLAND PARTY BAG + STICKER SET,1,2011-06-12 12:50:00,1.65,16983.0,United Kingdom
556479,22271,FELTCRAFT DOLL ROSIE,1,2011-06-12 12:50:00,2.95,16983.0,United Kingdom
556479,22273,FELTCRAFT DOLL MOLLY,2,2011-06-12 12:50:00,2.95,16983.0,United Kingdom
556479,22569,FELTCRAFT CUSHION BUTTERFLY,6,2011-06-12 12:50:00,3.75,16983.0,United Kingdom
556479,22570,FELTCRAFT CUSHION RABBIT,6,2011-06-12 12:50:00,3.75,16983.0,United Kingdom
556479,21056,DOCTOR'S BAG SOFT TOY,3,2011-06-12 12:50:00,8.95,16983.0,United Kingdom
556479,22554,PLASTERS IN TIN WOODLAND ANIMALS,6,2011-06-12 12:50:00,1.65,16983.0,United Kingdom
556479,22557,PLASTERS IN TIN VINTAGE PAISLEY ,6,2011-06-12 12:50:00,1.65,16983.0,United Kingdom
556479,22555,PLASTERS IN TIN STRONGMAN,6,2011-06-12 12:50:00,1.65,16983.0,United Kingdom
556479,21889,WOODEN BOX OF DOMINOES,6,2011-06-12 12:50:00,1.25,16983.0,United Kingdom
556479,20970,PINK FLORAL FELTCRAFT SHOULDER BAG,3,2011-06-12 12:50:00,3.75,16983.0,United Kingdom
556479,20969,RED FLORAL FELTCRAFT SHOULDER BAG,3,2011-06-12 12:50:00,3.75,16983.0,United Kingdom
556479,23007, SPACEBOY BABY GIFT SET,1,2011-06-12 12:50:00,16.95,16983.0,United Kingdom
556479,21462,"NURSERY A,B,C PAINTED LETTERS",1,2011-06-12 12:50:00,6.75,16983.0,United Kingdom
556479,22911,PAPER CHAIN KIT LONDON,6,2011-06-12 12:50:00,2.95,16983.0,United Kingdom
556479,22084,PAPER CHAIN KIT EMPIRE,6,2011-06-12 12:50:00,2.95,16983.0,United Kingdom
556479,22083,PAPER CHAIN KIT RETROSPOT,6,2011-06-12 12:50:00,2.95,16983.0,United Kingdom
556479,20992,JAZZ HEARTS PURSE NOTEBOOK,12,2011-06-12 12:50:00,0.39,16983.0,United Kingdom
556479,23091,ZINC HERB GARDEN CONTAINER,2,2011-06-12 12:50:00,6.25,16983.0,United Kingdom
556480,21034,REX CASH+CARRY JUMBO SHOPPER,1,2011-06-12 12:55:00,0.95,13617.0,United Kingdom
556480,82482,WOODEN PICTURE FRAME WHITE FINISH,3,2011-06-12 12:55:00,2.55,13617.0,United Kingdom
556480,22798,ANTIQUE GLASS DRESSING TABLE POT,4,2011-06-12 12:55:00,2.95,13617.0,United Kingdom
556480,23321,SMALL WHITE HEART OF WICKER,4,2011-06-12 12:55:00,1.69,13617.0,United Kingdom
556480,85107,CUT GLASS T-LIGHT HOLDER OCTAGON,1,2011-06-12 12:55:00,2.55,13617.0,United Kingdom
556480,85106,CUT GLASS HEXAGON T-LIGHT HOLDER,2,2011-06-12 12:55:00,2.55,13617.0,United Kingdom
556480,22800,ANTIQUE TALL SWIRLGLASS TRINKET POT,4,2011-06-12 12:55:00,3.75,13617.0,United Kingdom
556480,84947,ANTIQUE SILVER TEA GLASS ENGRAVED,6,2011-06-12 12:55:00,1.25,13617.0,United Kingdom
556480,22792,FLUTED ANTIQUE CANDLE HOLDER,6,2011-06-12 12:55:00,0.85,13617.0,United Kingdom
556480,23090,VINTAGE GLASS T-LIGHT HOLDER,6,2011-06-12 12:55:00,0.83,13617.0,United Kingdom
556480,22801,ANTIQUE GLASS PEDESTAL BOWL,4,2011-06-12 12:55:00,3.75,13617.0,United Kingdom
556480,21294,ETCHED GLASS COASTER,48,2011-06-12 12:55:00,0.39,13617.0,United Kingdom
556480,22791,T-LIGHT GLASS FLUTED ANTIQUE,24,2011-06-12 12:55:00,1.25,13617.0,United Kingdom
556481,22411,JUMBO SHOPPER VINTAGE RED PAISLEY,2,2011-06-12 13:00:00,2.08,16115.0,United Kingdom
556481,85099F,JUMBO BAG STRAWBERRY,2,2011-06-12 13:00:00,2.08,16115.0,United Kingdom
556481,23263,SET OF 3 WOODEN HEART DECORATIONS,3,2011-06-12 13:00:00,1.25,16115.0,United Kingdom
556481,84978,HANGING HEART JAR T-LIGHT HOLDER,6,2011-06-12 13:00:00,1.25,16115.0,United Kingdom
556481,21533,RETROSPOT LARGE MILK JUG,1,2011-06-12 13:00:00,4.95,16115.0,United Kingdom
556481,21535,RED RETROSPOT SMALL MILK JUG,2,2011-06-12 13:00:00,2.55,16115.0,United Kingdom
556481,23240,SET OF 4 KNICK KNACK TINS DOILEY ,2,2011-06-12 13:00:00,4.15,16115.0,United Kingdom
556481,23243,SET OF TEA COFFEE SUGAR TINS PANTRY,6,2011-06-12 13:00:00,4.95,16115.0,United Kingdom
556481,22673,FRENCH GARDEN SIGN BLUE METAL,2,2011-06-12 13:00:00,1.25,16115.0,United Kingdom
556481,22674,FRENCH TOILET SIGN BLUE METAL,2,2011-06-12 13:00:00,1.25,16115.0,United Kingdom
556481,22672,FRENCH BATHROOM SIGN BLUE METAL,2,2011-06-12 13:00:00,1.65,16115.0,United Kingdom
556481,23165,LARGE CERAMIC TOP STORAGE JAR,3,2011-06-12 13:00:00,1.65,16115.0,United Kingdom
556481,23166,MEDIUM CERAMIC TOP STORAGE JAR,3,2011-06-12 13:00:00,1.25,16115.0,United Kingdom
556481,22720,SET OF 3 CAKE TINS PANTRY DESIGN ,1,2011-06-12 13:00:00,4.95,16115.0,United Kingdom
556481,22993,SET OF 4 PANTRY JELLY MOULDS,4,2011-06-12 13:00:00,1.25,16115.0,United Kingdom
556481,22666,RECIPE BOX PANTRY YELLOW DESIGN,3,2011-06-12 13:00:00,2.95,16115.0,United Kingdom
556481,23241,TREASURE TIN GYMKHANA DESIGN,2,2011-06-12 13:00:00,2.08,16115.0,United Kingdom
556481,21155,RED RETROSPOT PEG BAG,2,2011-06-12 13:00:00,2.55,16115.0,United Kingdom
556481,82581,TOILET METAL SIGN,3,2011-06-12 13:00:00,0.55,16115.0,United Kingdom
556481,82580,BATHROOM METAL SIGN,3,2011-06-12 13:00:00,0.55,16115.0,United Kingdom
556481,22675,FRENCH KITCHEN SIGN BLUE METAL,2,2011-06-12 13:00:00,1.25,16115.0,United Kingdom
556481,23182,TOILET SIGN OCCUPIED OR VACANT,3,2011-06-12 13:00:00,0.83,16115.0,United Kingdom
556481,23182,TOILET SIGN OCCUPIED OR VACANT,3,2011-06-12 13:00:00,0.83,16115.0,United Kingdom
556481,23322,LARGE WHITE HEART OF WICKER,3,2011-06-12 13:00:00,2.95,16115.0,United Kingdom
556481,22667,RECIPE BOX RETROSPOT ,3,2011-06-12 13:00:00,2.95,16115.0,United Kingdom
556481,23302,KNEELING MAT HOUSEWORK  DESIGN,2,2011-06-12 13:00:00,1.65,16115.0,United Kingdom
556481,23301,GARDENERS KNEELING PAD KEEP CALM ,2,2011-06-12 13:00:00,1.65,16115.0,United Kingdom
556482,23254,CHILDRENS CUTLERY DOLLY GIRL ,12,2011-06-12 13:04:00,4.15,17242.0,United Kingdom
556482,84997C,CHILDRENS CUTLERY POLKADOT BLUE,12,2011-06-12 13:04:00,4.15,17242.0,United Kingdom
556482,23077,DOUGHNUT LIP GLOSS ,40,2011-06-12 13:04:00,1.25,17242.0,United Kingdom
556482,23076,ICE CREAM SUNDAE LIP GLOSS,48,2011-06-12 13:04:00,1.25,17242.0,United Kingdom
556482,21556,CERAMIC STRAWBERRY MONEY BOX,6,2011-06-12 13:04:00,2.55,17242.0,United Kingdom
556482,22644,CERAMIC CHERRY CAKE MONEY BANK,12,2011-06-12 13:04:00,1.45,17242.0,United Kingdom
556482,84997D,CHILDRENS CUTLERY POLKADOT PINK,12,2011-06-12 13:04:00,4.15,17242.0,United Kingdom
556482,20677,PINK POLKADOT BOWL,16,2011-06-12 13:04:00,1.25,17242.0,United Kingdom
556482,21559,STRAWBERRY LUNCH BOX WITH CUTLERY,6,2011-06-12 13:04:00,2.55,17242.0,United Kingdom
556482,20725,LUNCH BAG RED RETROSPOT,20,2011-06-12 13:04:00,1.65,17242.0,United Kingdom
556482,20728,LUNCH BAG CARS BLUE,10,2011-06-12 13:04:00,1.65,17242.0,United Kingdom
556482,21561,DINOSAUR LUNCH BOX WITH CUTLERY,6,2011-06-12 13:04:00,2.55,17242.0,United Kingdom
556482,22384,LUNCH BAG PINK POLKADOT,10,2011-06-12 13:04:00,1.65,17242.0,United Kingdom
556482,20727,LUNCH BAG  BLACK SKULL.,20,2011-06-12 13:04:00,1.65,17242.0,United Kingdom
556482,23256,CHILDRENS CUTLERY SPACEBOY ,12,2011-06-12 13:04:00,4.15,17242.0,United Kingdom
556482,22382,LUNCH BAG SPACEBOY DESIGN ,10,2011-06-12 13:04:00,1.65,17242.0,United Kingdom
556482,20676,RED RETROSPOT BOWL,16,2011-06-12 13:04:00,1.25,17242.0,United Kingdom
556482,21242,RED RETROSPOT PLATE ,16,2011-06-12 13:04:00,1.69,17242.0,United Kingdom
556482,21679,SKULLS  STICKERS,12,2011-06-12 13:04:00,0.85,17242.0,United Kingdom
556482,22650,CERAMIC PIRATE CHEST MONEY BANK,12,2011-06-12 13:04:00,1.45,17242.0,United Kingdom
556482,21725,SWEETIES  STICKERS,12,2011-06-12 13:04:00,0.85,17242.0,United Kingdom
556482,22029,SPACEBOY BIRTHDAY CARD,12,2011-06-12 13:04:00,0.42,17242.0,United Kingdom
556482,22045,SPACEBOY GIFT WRAP,25,2011-06-12 13:04:00,0.42,17242.0,United Kingdom
556482,22619,SET OF 6 SOLDIER SKITTLES,4,2011-06-12 13:04:00,3.75,17242.0,United Kingdom
556482,21558,SKULL LUNCH BOX WITH CUTLERY ,6,2011-06-12 13:04:00,2.55,17242.0,United Kingdom
556482,21243,PINK  POLKADOT PLATE ,8,2011-06-12 13:04:00,1.69,17242.0,United Kingdom
556482,22637,PIGGY BANK RETROSPOT ,4,2011-06-12 13:04:00,2.55,17242.0,United Kingdom
556482,21244,BLUE POLKADOT PLATE ,16,2011-06-12 13:04:00,1.69,17242.0,United Kingdom
556482,20675,BLUE POLKADOT BOWL,16,2011-06-12 13:04:00,1.25,17242.0,United Kingdom
556483,23110,PARISIENNE KEY CABINET ,1,2011-06-12 13:12:00,5.75,14823.0,United Kingdom
556483,23184,BULL DOG BOTTLE OPENER,1,2011-06-12 13:12:00,4.95,14823.0,United Kingdom
556483,23301,GARDENERS KNEELING PAD KEEP CALM ,1,2011-06-12 13:12:00,1.65,14823.0,United Kingdom
556483,22799,SWEETHEART WIRE FRUIT BOWL,1,2011-06-12 13:12:00,8.5,14823.0,United Kingdom
556483,22795,SWEETHEART RECIPE BOOK STAND,1,2011-06-12 13:12:00,6.75,14823.0,United Kingdom
556483,22626,BLACK KITCHEN SCALES,1,2011-06-12 13:12:00,8.5,14823.0,United Kingdom
556483,20914,SET/5 RED RETROSPOT LID GLASS BOWLS,4,2011-06-12 13:12:00,2.95,14823.0,United Kingdom
556483,22666,RECIPE BOX PANTRY YELLOW DESIGN,1,2011-06-12 13:12:00,2.95,14823.0,United Kingdom
556483,85014A,BLACK/BLUE POLKADOT UMBRELLA,1,2011-06-12 13:12:00,5.95,14823.0,United Kingdom
556483,22898,CHILDRENS APRON APPLES DESIGN,1,2011-06-12 13:12:00,1.95,14823.0,United Kingdom
556483,23286,BLUE VINTAGE SPOT BEAKER,5,2011-06-12 13:12:00,0.85,14823.0,United Kingdom
556483,84949,SILVER HANGING T-LIGHT HOLDER,2,2011-06-12 13:12:00,1.65,14823.0,United Kingdom
556483,23075,PARLOUR CERAMIC WALL HOOK,1,2011-06-12 13:12:00,4.15,14823.0,United Kingdom
556483,23182,TOILET SIGN OCCUPIED OR VACANT,1,2011-06-12 13:12:00,0.83,14823.0,United Kingdom
556483,84991,60 TEATIME FAIRY CAKE CASES,1,2011-06-12 13:12:00,0.55,14823.0,United Kingdom
556483,22429,ENAMEL MEASURING JUG CREAM,1,2011-06-12 13:12:00,4.25,14823.0,United Kingdom
556483,22970,LONDON BUS COFFEE MUG,1,2011-06-12 13:12:00,2.55,14823.0,United Kingdom
556483,21035,SET/2 RED RETROSPOT TEA TOWELS ,1,2011-06-12 13:12:00,3.25,14823.0,United Kingdom
556483,84755,COLOUR GLASS T-LIGHT HOLDER HANGING,8,2011-06-12 13:12:00,0.65,14823.0,United Kingdom
556483,21175,GIN + TONIC DIET METAL SIGN,1,2011-06-12 13:12:00,2.55,14823.0,United Kingdom
556483,22621,TRADITIONAL KNITTING NANCY,2,2011-06-12 13:12:00,1.65,14823.0,United Kingdom
556483,21216,"SET 3 RETROSPOT TEA,COFFEE,SUGAR",1,2011-06-12 13:12:00,4.95,14823.0,United Kingdom
556483,22721,SET OF 3 CAKE TINS SKETCHBOOK,1,2011-06-12 13:12:00,4.95,14823.0,United Kingdom
556483,20685,DOORMAT RED RETROSPOT,1,2011-06-12 13:12:00,7.95,14823.0,United Kingdom
556484,23184,BULL DOG BOTTLE OPENER,2,2011-06-12 13:17:00,4.95,16938.0,United Kingdom
556484,23102,SILVER HEARTS TABLE DECORATION,6,2011-06-12 13:17:00,0.83,16938.0,United Kingdom
556484,23096,PETIT TRAY CHIC,2,2011-06-12 13:17:00,1.65,16938.0,United Kingdom
556484,23183,MOTHER'S KITCHEN SPOON REST ,2,2011-06-12 13:17:00,3.75,16938.0,United Kingdom
556484,23080,RED METAL BOX TOP SECRET,1,2011-06-12 13:17:00,8.25,16938.0,United Kingdom
556484,23178,JAM CLOCK MAGNET,2,2011-06-12 13:17:00,2.89,16938.0,United Kingdom
556484,23179,CLOCK MAGNET MUM'S KITCHEN,2,2011-06-12 13:17:00,2.89,16938.0,United Kingdom
556484,23180,MUM'S KITCHEN CLOCK,2,2011-06-12 13:17:00,4.95,16938.0,United Kingdom
556484,23240,SET OF 4 KNICK KNACK TINS DOILEY ,3,2011-06-12 13:17:00,4.15,16938.0,United Kingdom
556484,23239,SET OF 4 KNICK KNACK TINS POPPIES,2,2011-06-12 13:17:00,4.15,16938.0,United Kingdom
556484,23236,DOILEY STORAGE TIN,2,2011-06-12 13:17:00,2.89,16938.0,United Kingdom
556484,23245,SET OF 3 REGENCY CAKE TINS,1,2011-06-12 13:17:00,4.95,16938.0,United Kingdom
556484,23243,SET OF TEA COFFEE SUGAR TINS PANTRY,2,2011-06-12 13:17:00,4.95,16938.0,United Kingdom
556484,23084,RABBIT NIGHT LIGHT,2,2011-06-12 13:17:00,2.08,16938.0,United Kingdom
556484,22550,HOLIDAY FUN LUDO,2,2011-06-12 13:17:00,3.75,16938.0,United Kingdom
556484,21912,VINTAGE SNAKES & LADDERS,2,2011-06-12 13:17:00,3.75,16938.0,United Kingdom
556484,22549,PICTURE DOMINOES,1,2011-06-12 13:17:00,1.45,16938.0,United Kingdom
556484,21916,SET 12 RETRO WHITE CHALK STICKS,6,2011-06-12 13:17:00,0.42,16938.0,United Kingdom
556484,22150,3 STRIPEY MICE FELTCRAFT,2,2011-06-12 13:17:00,1.95,16938.0,United Kingdom
556484,22149,FELTCRAFT 6 FLOWER FRIENDS,3,2011-06-12 13:17:00,2.1,16938.0,United Kingdom
556484,22391,PAPERWEIGHT HOME SWEET HOME,1,2011-06-12 13:17:00,2.55,16938.0,United Kingdom
556484,22393,PAPERWEIGHT VINTAGE COLLAGE,1,2011-06-12 13:17:00,2.55,16938.0,United Kingdom
556484,22960,JAM MAKING SET WITH JARS,2,2011-06-12 13:17:00,4.25,16938.0,United Kingdom
556484,22720,SET OF 3 CAKE TINS PANTRY DESIGN ,2,2011-06-12 13:17:00,4.95,16938.0,United Kingdom
556484,85123A,WHITE HANGING HEART T-LIGHT HOLDER,10,2011-06-12 13:17:00,2.95,16938.0,United Kingdom
556484,22429,ENAMEL MEASURING JUG CREAM,1,2011-06-12 13:17:00,4.25,16938.0,United Kingdom
556484,22965,3 TRADITIONAl BISCUIT CUTTERS  SET,2,2011-06-12 13:17:00,2.1,16938.0,United Kingdom
556484,22507,MEMO BOARD RETROSPOT  DESIGN,2,2011-06-12 13:17:00,4.95,16938.0,United Kingdom
556484,21929,JUMBO BAG PINK VINTAGE PAISLEY,2,2011-06-12 13:17:00,2.08,16938.0,United Kingdom
556484,21930,JUMBO STORAGE BAG SKULLS,2,2011-06-12 13:17:00,2.08,16938.0,United Kingdom
556484,20712,JUMBO BAG WOODLAND ANIMALS,2,2011-06-12 13:17:00,2.08,16938.0,United Kingdom
556484,21933,PINK VINTAGE PAISLEY PICNIC BAG,2,2011-06-12 13:17:00,1.65,16938.0,United Kingdom
556484,23302,KNEELING MAT HOUSEWORK  DESIGN,2,2011-06-12 13:17:00,1.65,16938.0,United Kingdom
556484,23301,GARDENERS KNEELING PAD KEEP CALM ,1,2011-06-12 13:17:00,1.65,16938.0,United Kingdom
556484,23300,GARDENERS KNEELING PAD CUP OF TEA ,1,2011-06-12 13:17:00,1.65,16938.0,United Kingdom
556484,21340,CLASSIC METAL BIRDCAGE PLANT HOLDER,1,2011-06-12 13:17:00,12.75,16938.0,United Kingdom
556484,22920,HERB MARKER BASIL,1515,2011-06-12 13:17:00,0.55,16938.0,United Kingdom
556484,21742,LARGE ROUND WICKER PLATTER ,1,2011-06-12 13:17:00,5.95,16938.0,United Kingdom
556484,22925,BLUE GIANT GARDEN THERMOMETER,1,2011-06-12 13:17:00,5.95,16938.0,United Kingdom
556484,22927,GREEN GIANT GARDEN THERMOMETER,1,2011-06-12 13:17:00,5.95,16938.0,United Kingdom
556484,22993,SET OF 4 PANTRY JELLY MOULDS,2,2011-06-12 13:17:00,1.25,16938.0,United Kingdom
556484,23321,SMALL WHITE HEART OF WICKER,4,2011-06-12 13:17:00,1.69,16938.0,United Kingdom
556484,22487,WHITE WOOD GARDEN PLANT LADDER,1,2011-06-12 13:17:00,9.95,16938.0,United Kingdom
556484,22470,HEART OF WICKER LARGE,2,2011-06-12 13:17:00,2.95,16938.0,United Kingdom
556484,23322,LARGE WHITE HEART OF WICKER,3,2011-06-12 13:17:00,2.95,16938.0,United Kingdom
556484,22993,SET OF 4 PANTRY JELLY MOULDS,4,2011-06-12 13:17:00,1.25,16938.0,United Kingdom
556484,22622,BOX OF VINTAGE ALPHABET BLOCKS,2,2011-06-12 13:17:00,11.95,16938.0,United Kingdom
556484,22623,BOX OF VINTAGE JIGSAW BLOCKS ,2,2011-06-12 13:17:00,5.95,16938.0,United Kingdom
556484,21380,WOODEN HAPPY BIRTHDAY GARLAND,6,2011-06-12 13:17:00,2.95,16938.0,United Kingdom
556484,22748,POPPY'S PLAYHOUSE KITCHEN,1,2011-06-12 13:17:00,2.1,16938.0,United Kingdom
556484,22745,POPPY'S PLAYHOUSE BEDROOM ,1,2011-06-12 13:17:00,2.1,16938.0,United Kingdom
556484,22746,POPPY'S PLAYHOUSE LIVINGROOM ,1,2011-06-12 13:17:00,2.1,16938.0,United Kingdom
556484,22903,CALENDAR FAMILY FAVOURITES,2,2011-06-12 13:17:00,2.95,16938.0,United Kingdom
556484,22904,CALENDAR PAPER CUT DESIGN,2,2011-06-12 13:17:00,2.95,16938.0,United Kingdom
556484,22436,12 COLOURED PARTY BALLOONS,6,2011-06-12 13:17:00,0.65,16938.0,United Kingdom
556484,21452,TOADSTOOL MONEY BOX,2,2011-06-12 13:17:00,2.95,16938.0,United Kingdom
556484,22068,BLACK PIRATE TREASURE CHEST,2,2011-06-12 13:17:00,1.65,16938.0,United Kingdom
556484,22650,CERAMIC PIRATE CHEST MONEY BANK,2,2011-06-12 13:17:00,1.45,16938.0,United Kingdom
556484,22437,SET OF 9 BLACK SKULL BALLOONS,3,2011-06-12 13:17:00,0.85,16938.0,United Kingdom
556484,22749,FELTCRAFT PRINCESS CHARLOTTE DOLL,1,2011-06-12 13:17:00,3.75,16938.0,United Kingdom
556484,22750,FELTCRAFT PRINCESS LOLA DOLL,1,2011-06-12 13:17:00,3.75,16938.0,United Kingdom
556484,22749,FELTCRAFT PRINCESS CHARLOTTE DOLL,1,2011-06-12 13:17:00,3.75,16938.0,United Kingdom
556484,22750,FELTCRAFT PRINCESS LOLA DOLL,1,2011-06-12 13:17:00,3.75,16938.0,United Kingdom
556484,22751,FELTCRAFT PRINCESS OLIVIA DOLL,2,2011-06-12 13:17:00,3.75,16938.0,United Kingdom
556484,21918,SET 12 KIDS COLOUR  CHALK STICKS,3,2011-06-12 13:17:00,0.42,16938.0,United Kingdom
556484,20972,PINK CREAM FELT CRAFT TRINKET BOX ,2,2011-06-12 13:17:00,1.25,16938.0,United Kingdom
556484,20971,PINK BLUE FELT CRAFT TRINKET BOX,2,2011-06-12 13:17:00,1.25,16938.0,United Kingdom
556484,47590B,PINK HAPPY BIRTHDAY BUNTING,2,2011-06-12 13:17:00,5.45,16938.0,United Kingdom
556484,23126,FELTCRAFT GIRL AMELIE KIT,1,2011-06-12 13:17:00,4.95,16938.0,United Kingdom
556484,23127,FELTCRAFT GIRL NICOLE KIT,1,2011-06-12 13:17:00,4.95,16938.0,United Kingdom
556484,47566,PARTY BUNTING,2,2011-06-12 13:17:00,4.95,16938.0,United Kingdom
556484,47566B,TEA TIME PARTY BUNTING,2,2011-06-12 13:17:00,4.95,16938.0,United Kingdom
556484,22990,COTTON APRON PANTRY DESIGN,1,2011-06-12 13:17:00,4.95,16938.0,United Kingdom
556484,22989,SET 2 PANTRY DESIGN TEA TOWELS,3,2011-06-12 13:17:00,3.25,16938.0,United Kingdom
556484,22274,FELTCRAFT DOLL EMILY,1,2011-06-12 13:17:00,2.95,16938.0,United Kingdom
556484,22273,FELTCRAFT DOLL MOLLY,2,2011-06-12 13:17:00,2.95,16938.0,United Kingdom
556484,21731,RED TOADSTOOL LED NIGHT LIGHT,4,2011-06-12 13:17:00,1.65,16938.0,United Kingdom
556484,22549,PICTURE DOMINOES,3,2011-06-12 13:17:00,1.45,16938.0,United Kingdom
556484,22914,BLUE COAT RACK PARIS FASHION,1,2011-06-12 13:17:00,4.95,16938.0,United Kingdom
556484,22913,RED COAT RACK PARIS FASHION,1,2011-06-12 13:17:00,4.95,16938.0,United Kingdom
556484,21539,RED RETROSPOT BUTTER DISH,1,2011-06-12 13:17:00,4.95,16938.0,United Kingdom
556484,21531,RED RETROSPOT SUGAR JAM BOWL,2,2011-06-12 13:17:00,2.55,16938.0,United Kingdom
556484,23133,LARGE IVORY HEART WALL ORGANISER,2,2011-06-12 13:17:00,8.25,16938.0,United Kingdom
556484,21535,RED RETROSPOT SMALL MILK JUG,3,2011-06-12 13:17:00,2.55,16938.0,United Kingdom
556484,21892,TRADITIONAL WOODEN CATCH CUP GAME ,4,2011-06-12 13:17:00,1.25,16938.0,United Kingdom
556484,22619,SET OF 6 SOLDIER SKITTLES,3,2011-06-12 13:17:00,3.75,16938.0,United Kingdom
556484,22621,TRADITIONAL KNITTING NANCY,4,2011-06-12 13:17:00,1.65,16938.0,United Kingdom
556484,22620,4 TRADITIONAL SPINNING TOPS,4,2011-06-12 13:17:00,1.45,16938.0,United Kingdom
556484,22429,ENAMEL MEASURING JUG CREAM,1,2011-06-12 13:17:00,4.25,16938.0,United Kingdom
556484,22965,3 TRADITIONAl BISCUIT CUTTERS  SET,1,2011-06-12 13:17:00,2.1,16938.0,United Kingdom
556484,20726,LUNCH BAG WOODLAND,2,2011-06-12 13:17:00,1.65,16938.0,United Kingdom
556484,22566,FELTCRAFT HAIRBAND PINK AND PURPLE,2,2011-06-12 13:17:00,0.85,16938.0,United Kingdom
556484,21499,BLUE POLKADOT WRAP,25,2011-06-12 13:17:00,0.42,16938.0,United Kingdom
556484,22047,EMPIRE GIFT WRAP,25,2011-06-12 13:17:00,0.42,16938.0,United Kingdom
556484,21500,PINK POLKADOT WRAP ,25,2011-06-12 13:17:00,0.42,16938.0,United Kingdom
556484,22936,BAKING MOULD ROSE WHITE CHOCOLATE,2,2011-06-12 13:17:00,3.25,16938.0,United Kingdom
556484,22935,BAKING MOULD ROSE MILK CHOCOLATE,2,2011-06-12 13:17:00,3.25,16938.0,United Kingdom
556484,22931,BAKING MOULD HEART WHITE CHOCOLATE,2,2011-06-12 13:17:00,2.55,16938.0,United Kingdom
556484,22930,BAKING MOULD HEART MILK CHOCOLATE,7,2011-06-12 13:17:00,2.55,16938.0,United Kingdom
556484,22937,BAKING MOULD CHOCOLATE CUPCAKES,6,2011-06-12 13:17:00,2.55,16938.0,United Kingdom
556484,22964,3 PIECE SPACEBOY COOKIE CUTTER SET,2,2011-06-12 13:17:00,2.1,16938.0,United Kingdom
556484,84828,JUNGLE POPSICLES ICE LOLLY MOULDS,2,2011-06-12 13:17:00,1.25,16938.0,United Kingdom
556484,21976,PACK OF 60 MUSHROOM CAKE CASES,4,2011-06-12 13:17:00,0.55,16938.0,United Kingdom
556484,84991,60 TEATIME FAIRY CAKE CASES,6,2011-06-12 13:17:00,0.55,16938.0,United Kingdom
556484,21212,PACK OF 72 RETROSPOT CAKE CASES,5,2011-06-12 13:17:00,0.55,16938.0,United Kingdom
556484,21213,PACK OF 72 SKULL CAKE CASES,2,2011-06-12 13:17:00,0.55,16938.0,United Kingdom
556484,21977,PACK OF 60 PINK PAISLEY CAKE CASES,3,2011-06-12 13:17:00,0.55,16938.0,United Kingdom
556484,22975,SPACEBOY CHILDRENS EGG CUP,10,2011-06-12 13:17:00,1.25,16938.0,United Kingdom
556484,23299,FOOD COVER WITH BEADS SET 2 ,2,2011-06-12 13:17:00,3.75,16938.0,United Kingdom
556484,23165,LARGE CERAMIC TOP STORAGE JAR,5,2011-06-12 13:17:00,1.65,16938.0,United Kingdom
556484,23192,BUNDLE OF 3 ALPHABET EXERCISE BOOKS,1,2011-06-12 13:17:00,1.65,16938.0,United Kingdom
556484,84987,SET OF 36 TEATIME PAPER DOILIES,3,2011-06-12 13:17:00,1.45,16938.0,United Kingdom
556484,23306,SET OF 36 DOILIES PANTRY DESIGN,3,2011-06-12 13:17:00,1.45,16938.0,United Kingdom
556484,23298,SPOTTY BUNTING,6,2011-06-12 13:17:00,4.95,16938.0,United Kingdom
556484,23181,BULL DOG BOTTLE TOP WALL CLOCK,2,2011-06-12 13:17:00,8.25,16938.0,United Kingdom
556484,23241,TREASURE TIN GYMKHANA DESIGN,2,2011-06-12 13:17:00,2.08,16938.0,United Kingdom
556484,23242,TREASURE TIN BUFFALO BILL ,2,2011-06-12 13:17:00,2.08,16938.0,United Kingdom
556484,23286,BLUE VINTAGE SPOT BEAKER,4,2011-06-12 13:17:00,0.85,16938.0,United Kingdom
556484,23310,BUBBLEGUM RING ASSORTED,72,2011-06-12 13:17:00,0.42,16938.0,United Kingdom
556484,23307,SET OF 60 PANTRY DESIGN CAKE CASES ,6,2011-06-12 13:17:00,0.55,16938.0,United Kingdom
556484,23149,ANTIQUE IVORY WIRE BOWL SMALL,3,2011-06-12 13:17:00,2.49,16938.0,United Kingdom
556484,23338,EGG FRYING PAN RED ,1,2011-06-12 13:17:00,2.08,16938.0,United Kingdom
556484,23285,PINK VINTAGE SPOT BEAKER,4,2011-06-12 13:17:00,0.85,16938.0,United Kingdom
556484,23288,GREEN VINTAGE SPOT BEAKER,4,2011-06-12 13:17:00,0.85,16938.0,United Kingdom
556484,22565,FELTCRAFT HAIRBANDS PINK AND WHITE ,2,2011-06-12 13:17:00,0.85,16938.0,United Kingdom
556484,22586,FELTCRAFT HAIRBAND PINK AND BLUE,2,2011-06-12 13:17:00,0.85,16938.0,United Kingdom
556484,23209,LUNCH BAG DOILEY PATTERN ,2,2011-06-12 13:17:00,1.65,16938.0,United Kingdom
556484,22384,LUNCH BAG PINK POLKADOT,3,2011-06-12 13:17:00,1.65,16938.0,United Kingdom
556484,20727,LUNCH BAG  BLACK SKULL.,3,2011-06-12 13:17:00,1.65,16938.0,United Kingdom
556484,23136,IVORY WIRE SWEETHEART LETTER TRAY,2,2011-06-12 13:17:00,3.75,16938.0,United Kingdom
556484,22794,SWEETHEART WIRE MAGAZINE RACK,2,2011-06-12 13:17:00,7.95,16938.0,United Kingdom
556484,22795,SWEETHEART RECIPE BOOK STAND,1,2011-06-12 13:17:00,6.75,16938.0,United Kingdom
556484,22667,RECIPE BOX RETROSPOT ,2,2011-06-12 13:17:00,2.95,16938.0,United Kingdom
556484,22139,RETROSPOT TEA SET CERAMIC 11 PC ,1,2011-06-12 13:17:00,4.95,16938.0,United Kingdom
556484,23256,CHILDRENS CUTLERY SPACEBOY ,2,2011-06-12 13:17:00,4.15,16938.0,United Kingdom
556484,84997A,CHILDRENS CUTLERY POLKADOT GREEN ,2,2011-06-12 13:17:00,4.15,16938.0,United Kingdom
556484,84997C,CHILDRENS CUTLERY POLKADOT BLUE,2,2011-06-12 13:17:00,4.15,16938.0,United Kingdom
556484,84997D,CHILDRENS CUTLERY POLKADOT PINK,2,2011-06-12 13:17:00,4.15,16938.0,United Kingdom
556484,84997D,CHILDRENS CUTLERY POLKADOT PINK,3,2011-06-12 13:17:00,4.15,16938.0,United Kingdom
556484,84997B,CHILDRENS CUTLERY RETROSPOT RED ,2,2011-06-12 13:17:00,4.15,16938.0,United Kingdom
556484,21533,RETROSPOT LARGE MILK JUG,2,2011-06-12 13:17:00,4.95,16938.0,United Kingdom
556484,22139,RETROSPOT TEA SET CERAMIC 11 PC ,1,2011-06-12 13:17:00,4.95,16938.0,United Kingdom
556484,85066,CREAM SWEETHEART MINI CHEST,1,2011-06-12 13:17:00,12.75,16938.0,United Kingdom
556484,23152,IVORY SWEETHEART WIRE LETTER RACK ,2,2011-06-12 13:17:00,3.75,16938.0,United Kingdom
556484,21843,RED RETROSPOT CAKE STAND,1,2011-06-12 13:17:00,10.95,16938.0,United Kingdom
556484,21672,WHITE SPOT RED CERAMIC DRAWER KNOB,6,2011-06-12 13:17:00,1.25,16938.0,United Kingdom
556484,21673,WHITE SPOT BLUE CERAMIC DRAWER KNOB,6,2011-06-12 13:17:00,1.25,16938.0,United Kingdom
556484,21754,HOME BUILDING BLOCK WORD,1,2011-06-12 13:17:00,5.95,16938.0,United Kingdom
556484,21755,LOVE BUILDING BLOCK WORD,1,2011-06-12 13:17:00,5.95,16938.0,United Kingdom
556484,85053,FRENCH ENAMEL CANDLEHOLDER,1,2011-06-12 13:17:00,2.1,16938.0,United Kingdom
556484,22789,T-LIGHT HOLDER SWEETHEART HANGING,4,2011-06-12 13:17:00,1.95,16938.0,United Kingdom
556484,85053,FRENCH ENAMEL CANDLEHOLDER,1,2011-06-12 13:17:00,2.1,16938.0,United Kingdom
556484,21670,BLUE SPOT CERAMIC DRAWER KNOB,6,2011-06-12 13:17:00,1.25,16938.0,United Kingdom
556484,21671,RED SPOT CERAMIC DRAWER KNOB,6,2011-06-12 13:17:00,1.25,16938.0,United Kingdom
556484,22494,EMERGENCY FIRST AID TIN ,2,2011-06-12 13:17:00,1.25,16938.0,United Kingdom
556484,21683,MEDIUM MEDINA STAMPED METAL BOWL ,2,2011-06-12 13:17:00,2.95,16938.0,United Kingdom
556484,84673A,PINK FLY SWAT,3,2011-06-12 13:17:00,0.65,16938.0,United Kingdom
556484,84673B,BLUE FLY SWAT,3,2011-06-12 13:17:00,0.65,16938.0,United Kingdom
556484,23066,SMALL DECO JEWELLERY STAND,1,2011-06-12 13:17:00,8.25,16938.0,United Kingdom
556484,21908,CHOCOLATE THIS WAY METAL SIGN,1,2011-06-12 13:17:00,2.1,16938.0,United Kingdom
556484,21166,COOK WITH WINE METAL SIGN ,2,2011-06-12 13:17:00,2.08,16938.0,United Kingdom
556484,21124,SET/10 BLUE POLKADOT PARTY CANDLES,2,2011-06-12 13:17:00,1.25,16938.0,United Kingdom
556484,21122,SET/10 PINK POLKADOT PARTY CANDLES,3,2011-06-12 13:17:00,1.25,16938.0,United Kingdom
556484,72351B,SET/6 PINK  BUTTERFLY T-LIGHTS,4,2011-06-12 13:17:00,2.1,16938.0,United Kingdom
556484,72351A,SET/6 TURQUOISE BUTTERFLY T-LIGHTS,4,2011-06-12 13:17:00,2.1,16938.0,United Kingdom
556484,23107,WHITE HEARTS WIRE PLANT POT HOLDER,2,2011-06-12 13:17:00,2.89,16938.0,United Kingdom
556484,22400,MAGNETS PACK OF 4 HOME SWEET HOME,2,2011-06-12 13:17:00,1.25,16938.0,United Kingdom
556484,22396,MAGNETS PACK OF 4 RETRO PHOTO,2,2011-06-12 13:17:00,1.25,16938.0,United Kingdom
556484,22403,MAGNETS PACK OF 4 VINTAGE LABELS ,2,2011-06-12 13:17:00,1.25,16938.0,United Kingdom
556484,23156,SET OF 5 MINI GROCERY MAGNETS,2,2011-06-12 13:17:00,2.08,16938.0,United Kingdom
556484,23159,SET OF 5 PANCAKE DAY MAGNETS,2,2011-06-12 13:17:00,2.08,16938.0,United Kingdom
556484,23154,SET OF 4 JAM JAR MAGNETS,3,2011-06-12 13:17:00,2.08,16938.0,United Kingdom
556484,22892,SET OF SALT AND PEPPER TOADSTOOLS,6,2011-06-12 13:17:00,1.25,16938.0,United Kingdom
556484,23067,HANGING ENGRAVED METAL HEART,4,2011-06-12 13:17:00,4.15,16938.0,United Kingdom
556484,22326,ROUND SNACK BOXES SET OF4 WOODLAND ,2,2011-06-12 13:17:00,2.95,16938.0,United Kingdom
556484,23132,SMALL IVORY HEART WALL ORGANISER,2,2011-06-12 13:17:00,5.75,16938.0,United Kingdom
556484,22961,JAM MAKING SET PRINTED,4,2011-06-12 13:17:00,1.45,16938.0,United Kingdom
556484,22327,ROUND SNACK BOXES SET OF 4 SKULLS,1,2011-06-12 13:17:00,2.95,16938.0,United Kingdom
556484,22326,ROUND SNACK BOXES SET OF4 WOODLAND ,2,2011-06-12 13:17:00,2.95,16938.0,United Kingdom
556484,22328,ROUND SNACK BOXES SET OF 4 FRUITS ,1,2011-06-12 13:17:00,2.95,16938.0,United Kingdom
556484,84507B,STRIPES DESIGN MONKEY DOLL,1,2011-06-12 13:17:00,2.55,16938.0,United Kingdom
556484,84508C,BLUE CIRCLES DESIGN TEDDY,1,2011-06-12 13:17:00,2.55,16938.0,United Kingdom
556484,21058,PARTY INVITES WOODLAND,3,2011-06-12 13:17:00,0.85,16938.0,United Kingdom
556484,21063,PARTY INVITES JAZZ HEARTS,3,2011-06-12 13:17:00,0.85,16938.0,United Kingdom
556484,21059,PARTY INVITES DINOSAURS,3,2011-06-12 13:17:00,0.85,16938.0,United Kingdom
556484,21062,PARTY INVITES SPACEMAN,3,2011-06-12 13:17:00,0.85,16938.0,United Kingdom
556484,22852,DOG BOWL VINTAGE CREAM,2,2011-06-12 13:17:00,4.25,16938.0,United Kingdom
556484,22853,CAT BOWL VINTAGE CREAM,2,2011-06-12 13:17:00,3.25,16938.0,United Kingdom
556484,22084,PAPER CHAIN KIT EMPIRE,2,2011-06-12 13:17:00,2.95,16938.0,United Kingdom
556484,22457,NATURAL SLATE HEART CHALKBOARD ,2,2011-06-12 13:17:00,2.95,16938.0,United Kingdom
556484,22079,RIBBON REEL HEARTS DESIGN ,3,2011-06-12 13:17:00,1.65,16938.0,United Kingdom
556484,85049F,BABY BOOM RIBBONS ,4,2011-06-12 13:17:00,1.25,16938.0,United Kingdom
556484,85049G,CHOCOLATE BOX RIBBONS ,4,2011-06-12 13:17:00,1.25,16938.0,United Kingdom
556484,85049D,BRIGHT BLUES RIBBONS ,4,2011-06-12 13:17:00,1.25,16938.0,United Kingdom
556484,22077,6 RIBBONS RUSTIC CHARM,4,2011-06-12 13:17:00,1.65,16938.0,United Kingdom
556484,85049E,SCANDINAVIAN REDS RIBBONS,4,2011-06-12 13:17:00,1.25,16938.0,United Kingdom
556484,22348,TEA BAG PLATE RED RETROSPOT,3,2011-06-12 13:17:00,0.85,16938.0,United Kingdom
556484,85061W,WHITE JEWELLED HEART DECORATION,6,2011-06-12 13:17:00,0.85,16938.0,United Kingdom
556484,79302M,"ART LIGHTS,FUNK MONKEY",1,2011-06-12 13:17:00,2.95,16938.0,United Kingdom
556484,21747,SMALL SKULL WINDMILL,8,2011-06-12 13:17:00,1.25,16938.0,United Kingdom
556484,21746,SMALL RED RETROSPOT WINDMILL,10,2011-06-12 13:17:00,1.25,16938.0,United Kingdom
556484,21750,LARGE SKULL WINDMILL,3,2011-06-12 13:17:00,2.1,16938.0,United Kingdom
556484,21749,LARGE RED RETROSPOT WINDMILL,3,2011-06-12 13:17:00,2.1,16938.0,United Kingdom
556484,23166,MEDIUM CERAMIC TOP STORAGE JAR,6,2011-06-12 13:17:00,1.25,16938.0,United Kingdom
556484,23167,SMALL CERAMIC TOP STORAGE JAR ,8,2011-06-12 13:17:00,0.83,16938.0,United Kingdom
556485,21713,CITRONELLA CANDLE FLOWERPOT,8,2011-06-12 13:21:00,2.1,17211.0,United Kingdom
556485,22982,PANTRY PASTRY BRUSH,1,2011-06-12 13:21:00,1.25,17211.0,United Kingdom
556485,22517,CHILDS GARDEN RAKE PINK,1,2011-06-12 13:21:00,2.1,17211.0,United Kingdom
556485,21933,PINK VINTAGE PAISLEY PICNIC BAG,3,2011-06-12 13:21:00,1.65,17211.0,United Kingdom
556485,21932,SCANDINAVIAN PAISLEY PICNIC BAG,3,2011-06-12 13:21:00,1.65,17211.0,United Kingdom
556485,20728,LUNCH BAG CARS BLUE,3,2011-06-12 13:21:00,1.65,17211.0,United Kingdom
556485,20727,LUNCH BAG  BLACK SKULL.,1,2011-06-12 13:21:00,1.65,17211.0,United Kingdom
556485,23206,LUNCH BAG APPLE DESIGN,3,2011-06-12 13:21:00,1.65,17211.0,United Kingdom
556485,84912B,GREEN ROSE WASHBAG,4,2011-06-12 13:21:00,3.75,17211.0,United Kingdom
556485,84912A,PINK ROSE WASHBAG,3,2011-06-12 13:21:00,3.75,17211.0,United Kingdom
556485,48194,DOORMAT HEARTS,2,2011-06-12 13:21:00,7.95,17211.0,United Kingdom
556485,48138,DOORMAT UNION FLAG,4,2011-06-12 13:21:00,7.95,17211.0,United Kingdom
556485,21955,DOORMAT UNION JACK GUNS AND ROSES,2,2011-06-12 13:21:00,7.95,17211.0,United Kingdom
556485,23284,DOORMAT KEEP CALM AND COME IN,3,2011-06-12 13:21:00,7.95,17211.0,United Kingdom
556485,21523,DOORMAT FANCY FONT HOME SWEET HOME,2,2011-06-12 13:21:00,7.95,17211.0,United Kingdom
556485,23283,DOORMAT VINTAGE LEAVES DESIGN ,3,2011-06-12 13:21:00,7.95,17211.0,United Kingdom
556485,48187,DOORMAT NEW ENGLAND,2,2011-06-12 13:21:00,7.95,17211.0,United Kingdom
556486,20984,12 PENCILS TALL TUBE POSY,24,2011-06-12 13:22:00,0.29,17422.0,United Kingdom
556486,21391,FRENCH LAVENDER SCENT HEART,12,2011-06-12 13:22:00,0.75,17422.0,United Kingdom
556486,21634,ASSORTED MINI MADRAS NOTEBOOK,24,2011-06-12 13:22:00,0.39,17422.0,United Kingdom
556486,21635,MADRAS NOTEBOOK LARGE ,12,2011-06-12 13:22:00,1.25,17422.0,United Kingdom
556486,21990,MODERN FLORAL STATIONERY SET,12,2011-06-12 13:22:00,1.25,17422.0,United Kingdom
556486,21991,BOHEMIAN COLLAGE STATIONERY SET,12,2011-06-12 13:22:00,1.25,17422.0,United Kingdom
556486,22211,WOOD STAMP SET FLOWERS,12,2011-06-12 13:22:00,0.83,17422.0,United Kingdom
556486,22228,BUNNY WOODEN PAINTED WITH BIRD ,12,2011-06-12 13:22:00,0.39,17422.0,United Kingdom
556486,22229,BUNNY WOODEN PAINTED WITH FLOWER ,12,2011-06-12 13:22:00,0.39,17422.0,United Kingdom
556486,22233,JIGSAW RABBIT AND BIRDHOUSE,12,2011-06-12 13:22:00,0.59,17422.0,United Kingdom
556486,22266,EASTER DECORATION HANGING BUNNY,64,2011-06-12 13:22:00,0.19,17422.0,United Kingdom
556486,22287,DECORATION WOBBLY CHICKEN,24,2011-06-12 13:22:00,0.39,17422.0,United Kingdom
556486,35648,VINTAGE BEAD PINK PURSE ,24,2011-06-12 13:22:00,0.83,17422.0,United Kingdom
556486,85015,SET OF 12  VINTAGE POSTCARD SET,24,2011-06-12 13:22:00,0.65,17422.0,United Kingdom
556486,85017B,ENVELOPE 50 BLOSSOM IMAGES,12,2011-06-12 13:22:00,0.42,17422.0,United Kingdom
556486,85194S,HANGING SPRING FLOWER EGG SMALL,48,2011-06-12 13:22:00,0.19,17422.0,United Kingdom
556486,85212,MINI PAINTED GARDEN DECORATION ,24,2011-06-12 13:22:00,0.29,17422.0,United Kingdom
556486,85204,HANGING WOOD AND FELT FLOWER,96,2011-06-12 13:22:00,0.12,17422.0,United Kingdom
556486,10133,COLOURING PENCILS BROWN TUBE,20,2011-06-12 13:22:00,0.42,17422.0,United Kingdom
556486,20996,JAZZ HEARTS ADDRESS BOOK,24,2011-06-12 13:22:00,0.19,17422.0,United Kingdom
556486,21382,SET/4 SPRING FLOWER DECORATION,12,2011-06-12 13:22:00,0.75,17422.0,United Kingdom
556486,22231,JIGSAW TREE WITH BIRDHOUSE,12,2011-06-12 13:22:00,0.59,17422.0,United Kingdom
556486,22269,EGG CUP NATURAL CHICKEN,16,2011-06-12 13:22:00,0.39,17422.0,United Kingdom
556486,20972,PINK CREAM FELT CRAFT TRINKET BOX ,12,2011-06-12 13:22:00,1.25,17422.0,United Kingdom
556486,20971,PINK BLUE FELT CRAFT TRINKET BOX,12,2011-06-12 13:22:00,1.25,17422.0,United Kingdom
556486,23211,RED ROCKING HORSE HAND PAINTED,24,2011-06-12 13:22:00,1.25,17422.0,United Kingdom
556486,23268,SET OF 2 CERAMIC CHRISTMAS REINDEER,12,2011-06-12 13:22:00,1.45,17422.0,United Kingdom
556486,23269,SET OF 2 CERAMIC CHRISTMAS TREES,12,2011-06-12 13:22:00,1.45,17422.0,United Kingdom
556486,23275,SET OF 3 HANGING OWLS OLLIE BEAK,12,2011-06-12 13:22:00,1.25,17422.0,United Kingdom
556486,23210,WHITE ROCKING HORSE HAND PAINTED,24,2011-06-12 13:22:00,1.25,17422.0,United Kingdom
556486,21386,IVORY HANGING DECORATION  EGG,24,2011-06-12 13:22:00,0.19,17422.0,United Kingdom
556486,21636,MADRAS NOTEBOOK MEDIUM,12,2011-06-12 13:22:00,0.75,17422.0,United Kingdom
556487,48184,DOORMAT ENGLISH ROSE ,1,2011-06-12 13:51:00,7.95,17289.0,United Kingdom
556487,23203,JUMBO BAG DOILEY PATTERNS,1,2011-06-12 13:51:00,2.08,17289.0,United Kingdom
556487,85099F,JUMBO BAG STRAWBERRY,1,2011-06-12 13:51:00,2.08,17289.0,United Kingdom
556487,85099B,JUMBO BAG RED RETROSPOT,2,2011-06-12 13:51:00,2.08,17289.0,United Kingdom
556487,85099F,JUMBO BAG STRAWBERRY,1,2011-06-12 13:51:00,2.08,17289.0,United Kingdom
556487,22131,FOOD CONTAINER SET 3 LOVE HEART ,1,2011-06-12 13:51:00,1.95,17289.0,United Kingdom
556487,22469,HEART OF WICKER SMALL,1,2011-06-12 13:51:00,1.65,17289.0,United Kingdom
556487,23134,LARGE ZINC HEART WALL ORGANISER,1,2011-06-12 13:51:00,8.25,17289.0,United Kingdom
556487,23301,GARDENERS KNEELING PAD KEEP CALM ,1,2011-06-12 13:51:00,1.65,17289.0,United Kingdom
556487,21713,CITRONELLA CANDLE FLOWERPOT,2,2011-06-12 13:51:00,2.1,17289.0,United Kingdom
556487,21714,CITRONELLA CANDLE GARDEN POT,2,2011-06-12 13:51:00,1.25,17289.0,United Kingdom
556487,23106,ZINC HEARTS PLANT POT HOLDER,2,2011-06-12 13:51:00,2.89,17289.0,United Kingdom
556487,22994,TRAVEL CARD WALLET RETROSPOT,1,2011-06-12 13:51:00,0.42,17289.0,United Kingdom
556487,21122,SET/10 PINK POLKADOT PARTY CANDLES,1,2011-06-12 13:51:00,1.25,17289.0,United Kingdom
556487,22980,PANTRY SCRUBBING BRUSH,1,2011-06-12 13:51:00,1.65,17289.0,United Kingdom
556487,22998,TRAVEL CARD WALLET KEEP CALM,1,2011-06-12 13:51:00,0.42,17289.0,United Kingdom
556487,23102,SILVER HEARTS TABLE DECORATION,1,2011-06-12 13:51:00,0.83,17289.0,United Kingdom
556487,22469,HEART OF WICKER SMALL,6,2011-06-12 13:51:00,1.65,17289.0,United Kingdom
556487,23102,SILVER HEARTS TABLE DECORATION,1,2011-06-12 13:51:00,0.83,17289.0,United Kingdom
556487,23102,SILVER HEARTS TABLE DECORATION,12,2011-06-12 13:51:00,0.83,17289.0,United Kingdom
556487,21900,"KEY FOB , SHED",6,2011-06-12 13:51:00,0.65,17289.0,United Kingdom
556487,21899,"KEY FOB , GARAGE DESIGN",6,2011-06-12 13:51:00,0.65,17289.0,United Kingdom
556487,21901,"KEY FOB , BACK DOOR ",6,2011-06-12 13:51:00,0.65,17289.0,United Kingdom
556487,23148,MINIATURE ANTIQUE ROSE HOOK IVORY,12,2011-06-12 13:51:00,0.83,17289.0,United Kingdom
556487,21668,RED STRIPE CERAMIC DRAWER KNOB,2,2011-06-12 13:51:00,1.25,17289.0,United Kingdom
556487,85123A,WHITE HANGING HEART T-LIGHT HOLDER,5,2011-06-12 13:51:00,2.95,17289.0,United Kingdom
556487,21326,AGED GLASS SILVER T-LIGHT HOLDER,12,2011-06-12 13:51:00,0.65,17289.0,United Kingdom
556487,23147,SINGLE ANTIQUE ROSE HOOK IVORY,6,2011-06-12 13:51:00,1.45,17289.0,United Kingdom
556487,22188,BLACK HEART CARD HOLDER,2,2011-06-12 13:51:00,3.95,17289.0,United Kingdom
556487,85212,MINI PAINTED GARDEN DECORATION ,12,2011-06-12 13:51:00,0.29,17289.0,United Kingdom
556487,85213,MINI  ZINC GARDEN DECORATIONS ,12,2011-06-12 13:51:00,0.29,17289.0,United Kingdom
556487,23094,LE GRAND TRAY CHIC SET,1,2011-06-12 13:51:00,12.5,17289.0,United Kingdom
556487,84946,ANTIQUE SILVER T-LIGHT GLASS,6,2011-06-12 13:51:00,1.25,17289.0,United Kingdom
556487,84947,ANTIQUE SILVER TEA GLASS ENGRAVED,6,2011-06-12 13:51:00,1.25,17289.0,United Kingdom
556488,22513,DOORSTOP FOOTBALL DESIGN,1,2011-06-12 13:52:00,3.75,16018.0,United Kingdom
556488,21623,VINTAGE UNION JACK MEMOBOARD,2,2011-06-12 13:52:00,9.95,16018.0,United Kingdom
556488,21621,VINTAGE UNION JACK BUNTING,3,2011-06-12 13:52:00,8.5,16018.0,United Kingdom
556488,22791,T-LIGHT GLASS FLUTED ANTIQUE,12,2011-06-12 13:52:00,1.25,16018.0,United Kingdom
556488,22853,CAT BOWL VINTAGE CREAM,3,2011-06-12 13:52:00,3.25,16018.0,United Kingdom
556488,22852,DOG BOWL VINTAGE CREAM,3,2011-06-12 13:52:00,4.25,16018.0,United Kingdom
556488,22499,WOODEN UNION JACK BUNTING,2,2011-06-12 13:52:00,5.95,16018.0,United Kingdom
556488,22498,WOODEN REGATTA BUNTING,2,2011-06-12 13:52:00,5.95,16018.0,United Kingdom
556488,21558,SKULL LUNCH BOX WITH CUTLERY ,1,2011-06-12 13:52:00,2.55,16018.0,United Kingdom
556488,84375,SET OF 20 KIDS COOKIE CUTTERS,1,2011-06-12 13:52:00,2.1,16018.0,United Kingdom
556488,22197,POPCORN HOLDER,4,2011-06-12 13:52:00,0.85,16018.0,United Kingdom
556488,22844,VINTAGE CREAM DOG FOOD CONTAINER,2,2011-06-12 13:52:00,8.5,16018.0,United Kingdom
556488,22845,VINTAGE CREAM CAT FOOD CONTAINER,2,2011-06-12 13:52:00,6.35,16018.0,United Kingdom
556488,23322,LARGE WHITE HEART OF WICKER,4,2011-06-12 13:52:00,2.95,16018.0,United Kingdom
556488,21034,REX CASH+CARRY JUMBO SHOPPER,2,2011-06-12 13:52:00,0.95,16018.0,United Kingdom
556489,23338,EGG FRYING PAN RED ,1,2011-06-12 13:59:00,2.08,14704.0,United Kingdom
556489,22169,FAMILY ALBUM WHITE PICTURE FRAME,1,2011-06-12 13:59:00,8.5,14704.0,United Kingdom
556489,23093,SMALL PARISIENNE HEART PHOTO FRAME ,2,2011-06-12 13:59:00,2.49,14704.0,United Kingdom
556489,20985,HEART CALCULATOR,1,2011-06-12 13:59:00,1.25,14704.0,United Kingdom
556489,82494L,WOODEN FRAME ANTIQUE WHITE ,1,2011-06-12 13:59:00,2.95,14704.0,United Kingdom
556489,82482,WOODEN PICTURE FRAME WHITE FINISH,2,2011-06-12 13:59:00,2.55,14704.0,United Kingdom
556489,23148,MINIATURE ANTIQUE ROSE HOOK IVORY,3,2011-06-12 13:59:00,0.83,14704.0,United Kingdom
556489,23070,EDWARDIAN HEART PHOTO FRAME,2,2011-06-12 13:59:00,4.15,14704.0,United Kingdom
556489,21326,AGED GLASS SILVER T-LIGHT HOLDER,1,2011-06-12 13:59:00,0.65,14704.0,United Kingdom
556489,22178,VICTORIAN GLASS HANGING T-LIGHT,1,2011-06-12 13:59:00,1.25,14704.0,United Kingdom
556489,21391,FRENCH LAVENDER SCENT HEART,3,2011-06-12 13:59:00,0.75,14704.0,United Kingdom
556489,23322,LARGE WHITE HEART OF WICKER,1,2011-06-12 13:59:00,2.95,14704.0,United Kingdom
556489,23321,SMALL WHITE HEART OF WICKER,2,2011-06-12 13:59:00,1.69,14704.0,United Kingdom
556489,22460,EMBOSSED GLASS TEALIGHT HOLDER,1,2011-06-12 13:59:00,1.25,14704.0,United Kingdom
556489,22789,T-LIGHT HOLDER SWEETHEART HANGING,2,2011-06-12 13:59:00,1.95,14704.0,United Kingdom
556489,22460,EMBOSSED GLASS TEALIGHT HOLDER,1,2011-06-12 13:59:00,1.25,14704.0,United Kingdom
556489,23089,GLASS BON BON JAR,1,2011-06-12 13:59:00,1.65,14704.0,United Kingdom
556489,20914,SET/5 RED RETROSPOT LID GLASS BOWLS,1,2011-06-12 13:59:00,2.95,14704.0,United Kingdom
556489,22759,SET OF 3 NOTEBOOKS IN PARCEL,1,2011-06-12 13:59:00,1.65,14704.0,United Kingdom
556489,21391,FRENCH LAVENDER SCENT HEART,3,2011-06-12 13:59:00,0.75,14704.0,United Kingdom
556489,85159A,"BLACK TEA,COFFEE,SUGAR JARS",1,2011-06-12 13:59:00,1.95,14704.0,United Kingdom
556489,22789,T-LIGHT HOLDER SWEETHEART HANGING,3,2011-06-12 13:59:00,1.95,14704.0,United Kingdom
556489,47480,HANGING PHOTO CLIP ROPE LADDER,2,2011-06-12 13:59:00,1.65,14704.0,United Kingdom
556489,22767,TRIPLE PHOTO FRAME CORNICE ,1,2011-06-12 13:59:00,9.95,14704.0,United Kingdom
556489,22151,PLACE SETTING WHITE HEART,1,2011-06-12 13:59:00,0.42,14704.0,United Kingdom
556489,23148,MINIATURE ANTIQUE ROSE HOOK IVORY,3,2011-06-12 13:59:00,0.83,14704.0,United Kingdom
556489,21390,FILIGRIS HEART WITH BUTTERFLY,3,2011-06-12 13:59:00,1.25,14704.0,United Kingdom
556489,22171,3 HOOK PHOTO SHELF ANTIQUE WHITE,1,2011-06-12 13:59:00,8.5,14704.0,United Kingdom
556489,23321,SMALL WHITE HEART OF WICKER,2,2011-06-12 13:59:00,1.69,14704.0,United Kingdom
556489,21034,REX CASH+CARRY JUMBO SHOPPER,10,2011-06-12 13:59:00,0.95,14704.0,United Kingdom
556490,21745,GAOLERS KEYS DECORATIVE GARDEN ,4,2011-06-12 14:08:00,3.75,13078.0,United Kingdom
556490,21523,DOORMAT FANCY FONT HOME SWEET HOME,10,2011-06-12 14:08:00,6.75,13078.0,United Kingdom
556490,21755,LOVE BUILDING BLOCK WORD,3,2011-06-12 14:08:00,5.95,13078.0,United Kingdom
556490,21754,HOME BUILDING BLOCK WORD,3,2011-06-12 14:08:00,5.95,13078.0,United Kingdom
556490,22192,BLUE DINER WALL CLOCK,2,2011-06-12 14:08:00,8.5,13078.0,United Kingdom
556490,22193,RED DINER WALL CLOCK,2,2011-06-12 14:08:00,8.5,13078.0,United Kingdom
556490,82582,AREA PATROLLED METAL SIGN,12,2011-06-12 14:08:00,2.1,13078.0,United Kingdom
556490,22041,"RECORD FRAME 7"" SINGLE SIZE ",6,2011-06-12 14:08:00,2.55,13078.0,United Kingdom
556490,22570,FELTCRAFT CUSHION RABBIT,4,2011-06-12 14:08:00,3.75,13078.0,United Kingdom
556490,22037,ROBOT BIRTHDAY CARD,12,2011-06-12 14:08:00,0.42,13078.0,United Kingdom
556490,21871,SAVE THE PLANET MUG,12,2011-06-12 14:08:00,1.25,13078.0,United Kingdom
556490,23049,RECYCLED ACAPULCO MAT RED,2,2011-06-12 14:08:00,8.25,13078.0,United Kingdom
556490,23054,RECYCLED ACAPULCO MAT LAVENDER,2,2011-06-12 14:08:00,8.25,13078.0,United Kingdom
556490,23050,RECYCLED ACAPULCO MAT GREEN,2,2011-06-12 14:08:00,8.25,13078.0,United Kingdom
556490,22676,FRENCH BLUE METAL DOOR SIGN 1,10,2011-06-12 14:08:00,1.25,13078.0,United Kingdom
556490,22682,FRENCH BLUE METAL DOOR SIGN 7,10,2011-06-12 14:08:00,1.25,13078.0,United Kingdom
556491,23263,SET OF 3 WOODEN HEART DECORATIONS,3,2011-06-12 14:15:00,1.25,16794.0,United Kingdom
556491,22870,NUMBER TILE COTTAGE GARDEN 2,2,2011-06-12 14:15:00,1.95,16794.0,United Kingdom
556491,23322,LARGE WHITE HEART OF WICKER,3,2011-06-12 14:15:00,2.95,16794.0,United Kingdom
556491,22470,HEART OF WICKER LARGE,3,2011-06-12 14:15:00,2.95,16794.0,United Kingdom
556491,22123,PING MICROWAVE APRON,1,2011-06-12 14:15:00,1.95,16794.0,United Kingdom
556491,23310,BUBBLEGUM RING ASSORTED,36,2011-06-12 14:15:00,0.42,16794.0,United Kingdom
556491,21390,FILIGRIS HEART WITH BUTTERFLY,5,2011-06-12 14:15:00,1.25,16794.0,United Kingdom
556491,21900,"KEY FOB , SHED",2,2011-06-12 14:15:00,0.65,16794.0,United Kingdom
556491,20901,VINTAGE KEEPSAKE BOX PINK FLOWER,2,2011-06-12 14:15:00,6.35,16794.0,United Kingdom
556491,21899,"KEY FOB , GARAGE DESIGN",2,2011-06-12 14:15:00,0.65,16794.0,United Kingdom
556491,22151,PLACE SETTING WHITE HEART,8,2011-06-12 14:15:00,0.42,16794.0,United Kingdom
556491,22243,5 HOOK HANGER RED MAGIC TOADSTOOL,1,2011-06-12 14:15:00,1.65,16794.0,United Kingdom
556491,23103,JINGLE BELL HEART DECORATION,6,2011-06-12 14:15:00,1.65,16794.0,United Kingdom
556491,22268,DECORATION SITTING BUNNY,12,2011-06-12 14:15:00,0.19,16794.0,United Kingdom
556491,22227,HANGING HEART MIRROR DECORATION ,5,2011-06-12 14:15:00,0.65,16794.0,United Kingdom
556491,23263,SET OF 3 WOODEN HEART DECORATIONS,3,2011-06-12 14:15:00,1.25,16794.0,United Kingdom
556491,22230,JIGSAW TREE WITH WATERING CAN,6,2011-06-12 14:15:00,0.29,16794.0,United Kingdom
556491,22231,JIGSAW TREE WITH BIRDHOUSE,4,2011-06-12 14:15:00,0.59,16794.0,United Kingdom
556491,22232,JIGSAW TOADSTOOLS 3 PIECE,5,2011-06-12 14:15:00,0.59,16794.0,United Kingdom
556491,21231,SWEETHEART CERAMIC TRINKET BOX,3,2011-06-12 14:15:00,1.25,16794.0,United Kingdom
556491,21232,STRAWBERRY CERAMIC TRINKET BOX,3,2011-06-12 14:15:00,1.25,16794.0,United Kingdom
556491,22855,FINE WICKER HEART ,4,2011-06-12 14:15:00,1.25,16794.0,United Kingdom
556491,23321,SMALL WHITE HEART OF WICKER,4,2011-06-12 14:15:00,1.69,16794.0,United Kingdom
556491,22469,HEART OF WICKER SMALL,4,2011-06-12 14:15:00,1.65,16794.0,United Kingdom
556491,22470,HEART OF WICKER LARGE,3,2011-06-12 14:15:00,2.95,16794.0,United Kingdom
556491,23322,LARGE WHITE HEART OF WICKER,3,2011-06-12 14:15:00,2.95,16794.0,United Kingdom
556491,23096,PETIT TRAY CHIC,2,2011-06-12 14:15:00,1.65,16794.0,United Kingdom
556491,23280,FOLDING BUTTERFLY MIRROR HOT PINK ,3,2011-06-12 14:15:00,0.83,16794.0,United Kingdom
556491,23281,FOLDING BUTTERFLY MIRROR RED  ,3,2011-06-12 14:15:00,0.83,16794.0,United Kingdom
556491,22789,T-LIGHT HOLDER SWEETHEART HANGING,2,2011-06-12 14:15:00,1.95,16794.0,United Kingdom
556491,22173,METAL 4 HOOK HANGER FRENCH CHATEAU,1,2011-06-12 14:15:00,2.95,16794.0,United Kingdom
556491,22212,FOUR HOOK  WHITE LOVEBIRDS,2,2011-06-12 14:15:00,2.1,16794.0,United Kingdom
556491,22244,3 HOOK HANGER MAGIC GARDEN,1,2011-06-12 14:15:00,1.95,16794.0,United Kingdom
556491,21363,HOME SMALL WOOD LETTERS,1,2011-06-12 14:15:00,4.95,16794.0,United Kingdom
556491,35923,CANDY HEART HANGING DECORATION,5,2011-06-12 14:15:00,0.39,16794.0,United Kingdom
556491,22374,AIRLINE BAG VINTAGE JET SET RED,1,2011-06-12 14:15:00,4.25,16794.0,United Kingdom
556491,23300,GARDENERS KNEELING PAD CUP OF TEA ,1,2011-06-12 14:15:00,1.65,16794.0,United Kingdom
556491,23301,GARDENERS KNEELING PAD KEEP CALM ,1,2011-06-12 14:15:00,1.65,16794.0,United Kingdom
556491,17003,BROCADE RING PURSE ,36,2011-06-12 14:15:00,0.29,16794.0,United Kingdom
556491,20725,LUNCH BAG RED RETROSPOT,1,2011-06-12 14:15:00,1.65,16794.0,United Kingdom
556491,23209,LUNCH BAG DOILEY PATTERN ,5,2011-06-12 14:15:00,1.65,16794.0,United Kingdom
556491,23204,CHARLOTTE BAG APPLES DESIGN,10,2011-06-12 14:15:00,0.85,16794.0,United Kingdom
556491,20728,LUNCH BAG CARS BLUE,4,2011-06-12 14:15:00,1.65,16794.0,United Kingdom
556491,21932,SCANDINAVIAN PAISLEY PICNIC BAG,1,2011-06-12 14:15:00,1.65,16794.0,United Kingdom
556491,21933,PINK VINTAGE PAISLEY PICNIC BAG,1,2011-06-12 14:15:00,1.65,16794.0,United Kingdom
556491,22384,LUNCH BAG PINK POLKADOT,4,2011-06-12 14:15:00,1.65,16794.0,United Kingdom
556491,22356,CHARLOTTE BAG PINK POLKADOT,3,2011-06-12 14:15:00,0.85,16794.0,United Kingdom
556491,23207,LUNCH BAG ALPHABET DESIGN,3,2011-06-12 14:15:00,1.65,16794.0,United Kingdom
556491,23205,CHARLOTTE BAG VINTAGE ALPHABET ,3,2011-06-12 14:15:00,0.85,16794.0,United Kingdom
556491,20723,STRAWBERRY CHARLOTTE BAG,5,2011-06-12 14:15:00,0.85,16794.0,United Kingdom
556491,22662,LUNCH BAG DOLLY GIRL DESIGN,2,2011-06-12 14:15:00,1.65,16794.0,United Kingdom
556491,22661,CHARLOTTE BAG DOLLY GIRL DESIGN,2,2011-06-12 14:15:00,0.85,16794.0,United Kingdom
556491,23208,LUNCH BAG VINTAGE LEAF DESIGN,2,2011-06-12 14:15:00,1.65,16794.0,United Kingdom
556491,20724,RED RETROSPOT CHARLOTTE BAG,5,2011-06-12 14:15:00,0.85,16794.0,United Kingdom
556491,20725,LUNCH BAG RED RETROSPOT,4,2011-06-12 14:15:00,1.65,16794.0,United Kingdom
556491,20727,LUNCH BAG  BLACK SKULL.,3,2011-06-12 14:15:00,1.65,16794.0,United Kingdom
556491,23206,LUNCH BAG APPLE DESIGN,10,2011-06-12 14:15:00,1.65,16794.0,United Kingdom
556492,84970S,HANGING HEART ZINC T-LIGHT HOLDER,96,2011-06-12 14:48:00,0.85,15939.0,United Kingdom
556492,84970L,SINGLE HEART ZINC T-LIGHT HOLDER,24,2011-06-12 14:48:00,0.95,15939.0,United Kingdom
556492,22151,PLACE SETTING WHITE HEART,96,2011-06-12 14:48:00,0.42,15939.0,United Kingdom
556492,22084,PAPER CHAIN KIT EMPIRE,40,2011-06-12 14:48:00,2.55,15939.0,United Kingdom
556492,22197,SMALL POPCORN HOLDER,12,2011-06-12 14:48:00,0.85,15939.0,United Kingdom
556492,15056N,EDWARDIAN PARASOL NATURAL,60,2011-06-12 14:48:00,4.95,15939.0,United Kingdom
556492,21977,PACK OF 60 PINK PAISLEY CAKE CASES,24,2011-06-12 14:48:00,0.55,15939.0,United Kingdom
556492,22219,LOVEBIRD HANGING DECORATION WHITE ,24,2011-06-12 14:48:00,0.85,15939.0,United Kingdom
C556493,82483,WOOD 2 DRAWER CABINET WHITE FINISH,-1,2011-06-12 14:56:00,6.95,17802.0,United Kingdom
C556493,21429,RED GINGHAM ROSE JEWELLERY BOX,-3,2011-06-12 14:56:00,1.95,17802.0,United Kingdom
C556493,21900,"KEY FOB , SHED",-1,2011-06-12 14:56:00,0.65,17802.0,United Kingdom
C556493,21899,"KEY FOB , GARAGE DESIGN",-1,2011-06-12 14:56:00,0.65,17802.0,United Kingdom
C556493,82486,WOOD S/3 CABINET ANT WHITE FINISH,-1,2011-06-12 14:56:00,8.95,17802.0,United Kingdom
C556493,22662,LUNCH BAG DOLLY GIRL DESIGN,-1,2011-06-12 14:56:00,1.65,17802.0,United Kingdom
C556493,22171,3 HOOK PHOTO SHELF ANTIQUE WHITE,-1,2011-06-12 14:56:00,8.5,17802.0,United Kingdom
556494,82482,WOODEN PICTURE FRAME WHITE FINISH,6,2011-06-12 14:57:00,2.55,17802.0,United Kingdom
556494,82494L,WOODEN FRAME ANTIQUE WHITE ,6,2011-06-12 14:57:00,2.95,17802.0,United Kingdom
556494,22865,HAND WARMER OWL DESIGN,5,2011-06-12 14:57:00,2.1,17802.0,United Kingdom
556494,22834,HAND WARMER BABUSHKA DESIGN,4,2011-06-12 14:57:00,2.1,17802.0,United Kingdom
556494,22139,RETROSPOT TEA SET CERAMIC 11 PC ,2,2011-06-12 14:57:00,4.95,17802.0,United Kingdom
556494,21430,SET/3 RED GINGHAM ROSE STORAGE BOX,3,2011-06-12 14:57:00,3.75,17802.0,United Kingdom
556494,85049A,TRADITIONAL CHRISTMAS RIBBONS,3,2011-06-12 14:57:00,1.25,17802.0,United Kingdom
556494,85049C,ROMANTIC PINKS RIBBONS ,3,2011-06-12 14:57:00,1.25,17802.0,United Kingdom
556494,85049D,BRIGHT BLUES RIBBONS ,3,2011-06-12 14:57:00,1.25,17802.0,United Kingdom
556494,85049F,BABY BOOM RIBBONS ,3,2011-06-12 14:57:00,1.25,17802.0,United Kingdom
556494,85049H,URBAN BLACK RIBBONS ,3,2011-06-12 14:57:00,1.25,17802.0,United Kingdom
556494,85049G,CHOCOLATE BOX RIBBONS ,3,2011-06-12 14:57:00,1.25,17802.0,United Kingdom
556494,85049E,SCANDINAVIAN REDS RIBBONS,3,2011-06-12 14:57:00,1.25,17802.0,United Kingdom
556494,22196,SMALL HEART MEASURING SPOONS,6,2011-06-12 14:57:00,0.85,17802.0,United Kingdom
556494,84970S,HANGING HEART ZINC T-LIGHT HOLDER,12,2011-06-12 14:57:00,0.85,17802.0,United Kingdom
556494,23145,ZINC T-LIGHT HOLDER STAR LARGE,12,2011-06-12 14:57:00,0.95,17802.0,United Kingdom
556494,82483,WOOD 2 DRAWER CABINET WHITE FINISH,6,2011-06-12 14:57:00,6.95,17802.0,United Kingdom
556494,82486,WOOD S/3 CABINET ANT WHITE FINISH,4,2011-06-12 14:57:00,8.95,17802.0,United Kingdom
556494,22970,LONDON BUS COFFEE MUG,3,2011-06-12 14:57:00,2.55,17802.0,United Kingdom
556494,22971,QUEENS GUARD COFFEE MUG,3,2011-06-12 14:57:00,2.55,17802.0,United Kingdom
556494,23238,SET OF 4 KNICK KNACK TINS LONDON ,6,2011-06-12 14:57:00,4.15,17802.0,United Kingdom
556494,23100,SILVER BELLS TABLE DECORATION,8,2011-06-12 14:57:00,1.25,17802.0,United Kingdom
556494,23309,SET OF 60 I LOVE LONDON CAKE CASES ,24,2011-06-12 14:57:00,0.55,17802.0,United Kingdom
556494,23241,TREASURE TIN GYMKHANA DESIGN,1,2011-06-12 14:57:00,2.08,17802.0,United Kingdom
556494,22633,HAND WARMER UNION JACK,1,2011-06-12 14:57:00,2.1,17802.0,United Kingdom
556494,84997C,CHILDRENS CUTLERY POLKADOT BLUE,2,2011-06-12 14:57:00,4.15,17802.0,United Kingdom
556494,84997D,CHILDRENS CUTLERY POLKADOT PINK,4,2011-06-12 14:57:00,4.15,17802.0,United Kingdom
556494,84997B,CHILDRENS CUTLERY RETROSPOT RED ,4,2011-06-12 14:57:00,4.15,17802.0,United Kingdom
556494,21829,DINOSAUR KEYRINGS ASSORTED,36,2011-06-12 14:57:00,0.21,17802.0,United Kingdom
556494,21429,RED GINGHAM ROSE JEWELLERY BOX,2,2011-06-12 14:57:00,1.95,17802.0,United Kingdom
556494,23307,SET OF 60 PANTRY DESIGN CAKE CASES ,3,2011-06-12 14:57:00,0.55,17802.0,United Kingdom
556494,23308,SET OF 60 VINTAGE LEAF CAKE CASES ,3,2011-06-12 14:57:00,0.55,17802.0,United Kingdom
556494,84991,60 TEATIME FAIRY CAKE CASES,5,2011-06-12 14:57:00,0.55,17802.0,United Kingdom
556494,21975,PACK OF 60 DINOSAUR CAKE CASES,5,2011-06-12 14:57:00,0.55,17802.0,United Kingdom
556494,22417,PACK OF 60 SPACEBOY CAKE CASES,1,2011-06-12 14:57:00,0.55,17802.0,United Kingdom
556494,21976,PACK OF 60 MUSHROOM CAKE CASES,4,2011-06-12 14:57:00,0.55,17802.0,United Kingdom
556494,84992,72 SWEETHEART FAIRY CAKE CASES,4,2011-06-12 14:57:00,0.55,17802.0,United Kingdom
556494,22951,60 CAKE CASES DOLLY GIRL DESIGN,6,2011-06-12 14:57:00,0.55,17802.0,United Kingdom
556494,21213,PACK OF 72 SKULL CAKE CASES,9,2011-06-12 14:57:00,0.55,17802.0,United Kingdom
556494,21212,PACK OF 72 RETROSPOT CAKE CASES,6,2011-06-12 14:57:00,0.55,17802.0,United Kingdom
556494,21977,PACK OF 60 PINK PAISLEY CAKE CASES,2,2011-06-12 14:57:00,0.55,17802.0,United Kingdom
556494,20970,PINK FLORAL FELTCRAFT SHOULDER BAG,2,2011-06-12 14:57:00,3.75,17802.0,United Kingdom
556494,20969,RED FLORAL FELTCRAFT SHOULDER BAG,2,2011-06-12 14:57:00,3.75,17802.0,United Kingdom
556494,23135,SMALL ZINC HEART WALL ORGANISER,5,2011-06-12 14:57:00,5.75,17802.0,United Kingdom
556494,71101E,STANDING FAIRY POLE SUPPORT ,24,2011-06-12 14:57:00,0.85,17802.0,United Kingdom
556494,22616,PACK OF 12 LONDON TISSUES ,12,2011-06-12 14:57:00,0.29,17802.0,United Kingdom
556494,22713,CARD I LOVE LONDON ,12,2011-06-12 14:57:00,0.42,17802.0,United Kingdom
556494,21428,SET3 BOOK BOX GREEN GINGHAM FLOWER ,1,2011-06-12 14:57:00,4.25,17802.0,United Kingdom
556494,47590A,BLUE HAPPY BIRTHDAY BUNTING,2,2011-06-12 14:57:00,5.45,17802.0,United Kingdom
556494,47590B,PINK HAPPY BIRTHDAY BUNTING,3,2011-06-12 14:57:00,5.45,17802.0,United Kingdom
556494,22384,LUNCH BAG PINK POLKADOT,4,2011-06-12 14:57:00,1.65,17802.0,United Kingdom
556494,23206,LUNCH BAG APPLE DESIGN,3,2011-06-12 14:57:00,1.65,17802.0,United Kingdom
556494,22662,LUNCH BAG DOLLY GIRL DESIGN,3,2011-06-12 14:57:00,1.65,17802.0,United Kingdom
556494,23209,LUNCH BAG DOILEY PATTERN ,3,2011-06-12 14:57:00,1.65,17802.0,United Kingdom
556494,21931,JUMBO STORAGE BAG SUKI,2,2011-06-12 14:57:00,2.08,17802.0,United Kingdom
556494,85099B,JUMBO BAG RED RETROSPOT,3,2011-06-12 14:57:00,2.08,17802.0,United Kingdom
556494,22411,JUMBO SHOPPER VINTAGE RED PAISLEY,3,2011-06-12 14:57:00,2.08,17802.0,United Kingdom
556494,21930,JUMBO STORAGE BAG SKULLS,3,2011-06-12 14:57:00,2.08,17802.0,United Kingdom
556494,85099C,JUMBO  BAG BAROQUE BLACK WHITE,3,2011-06-12 14:57:00,2.08,17802.0,United Kingdom
556494,23200,JUMBO BAG PEARS,3,2011-06-12 14:57:00,2.08,17802.0,United Kingdom
556494,23199,JUMBO BAG APPLES,3,2011-06-12 14:57:00,2.08,17802.0,United Kingdom
556494,23203,JUMBO BAG DOILEY PATTERNS,3,2011-06-12 14:57:00,2.08,17802.0,United Kingdom
556494,23202,JUMBO BAG VINTAGE LEAF,4,2011-06-12 14:57:00,2.08,17802.0,United Kingdom
556495,23091,ZINC HERB GARDEN CONTAINER,2,2011-06-12 15:14:00,6.25,18069.0,United Kingdom
556495,22505,MEMO BOARD COTTAGE DESIGN,1,2011-06-12 15:14:00,4.95,18069.0,United Kingdom
556495,20893,HANGING BAUBLE T-LIGHT HOLDER SMALL,4,2011-06-12 15:14:00,2.55,18069.0,United Kingdom
556495,17107D,"FLOWER FAIRY,5 SUMMER B'DRAW LINERS",1,2011-06-12 15:14:00,2.55,18069.0,United Kingdom
556495,21033,JUMBO BAG CHARLIE AND LOLA TOYS,2,2011-06-12 15:14:00,2.08,18069.0,United Kingdom
556495,85099B,JUMBO BAG RED RETROSPOT,2,2011-06-12 15:14:00,2.08,18069.0,United Kingdom
556495,21937,STRAWBERRY   PICNIC BAG,4,2011-06-12 15:14:00,2.95,18069.0,United Kingdom
556495,21936,RED RETROSPOT PICNIC BAG,2,2011-06-12 15:14:00,2.95,18069.0,United Kingdom
556495,79321,CHILLI LIGHTS,4,2011-06-12 15:14:00,5.75,18069.0,United Kingdom
556495,21616,4 PEAR BOTANICAL DINNER CANDLES,1,2011-06-12 15:14:00,3.75,18069.0,United Kingdom
556495,21618,4 WILDFLOWER BOTANICAL CANDLES,1,2011-06-12 15:14:00,3.75,18069.0,United Kingdom
556495,85123A,WHITE HANGING HEART T-LIGHT HOLDER,6,2011-06-12 15:14:00,2.95,18069.0,United Kingdom
556495,21733,RED HANGING HEART T-LIGHT HOLDER,3,2011-06-12 15:14:00,2.95,18069.0,United Kingdom
556495,85062,PEARL CRYSTAL PUMPKIN T-LIGHT HLDR,6,2011-06-12 15:14:00,1.65,18069.0,United Kingdom
556495,22231,JIGSAW TREE WITH BIRDHOUSE,4,2011-06-12 15:14:00,0.59,18069.0,United Kingdom
556495,22230,JIGSAW TREE WITH WATERING CAN,2,2011-06-12 15:14:00,0.29,18069.0,United Kingdom
556495,21447,12 IVORY ROSE PEG PLACE SETTINGS,1,2011-06-12 15:14:00,1.25,18069.0,United Kingdom
556495,85214,TUB 24 PINK FLOWER PEGS,1,2011-06-12 15:14:00,1.65,18069.0,United Kingdom
556495,23099,FRENCH CARRIAGE LANTERN,2,2011-06-12 15:14:00,6.65,18069.0,United Kingdom
556495,21202,DOLLY HONEYCOMB GARLAND,4,2011-06-12 15:14:00,1.65,18069.0,United Kingdom
556495,84944,SET OF 6 KASHMIR FOLKART BAUBLES,2,2011-06-12 15:14:00,1.65,18069.0,United Kingdom
556495,20828,GLITTER BUTTERFLY CLIPS,2,2011-06-12 15:14:00,2.55,18069.0,United Kingdom
556495,85175,CACTI T-LIGHT CANDLES,16,2011-06-12 15:14:00,0.42,18069.0,United Kingdom
556495,20829,GLITTER HANGING BUTTERFLY STRING,3,2011-06-12 15:14:00,2.1,18069.0,United Kingdom
556495,21174,POTTERING IN THE SHED METAL SIGN,1,2011-06-12 15:14:00,2.08,18069.0,United Kingdom
556495,21165,BEWARE OF THE CAT METAL SIGN ,1,2011-06-12 15:14:00,1.69,18069.0,United Kingdom
556495,21166,COOK WITH WINE METAL SIGN ,1,2011-06-12 15:14:00,2.08,18069.0,United Kingdom
556495,79160,HEART SHAPE WIRELESS DOORBELL,1,2011-06-12 15:14:00,2.1,18069.0,United Kingdom
556495,22906,12 MESSAGE CARDS WITH ENVELOPES,6,2011-06-12 15:14:00,1.65,18069.0,United Kingdom
556495,22435,SET OF 9 HEART SHAPED BALLOONS,2,2011-06-12 15:14:00,1.25,18069.0,United Kingdom
556495,21621,VINTAGE UNION JACK BUNTING,1,2011-06-12 15:14:00,8.5,18069.0,United Kingdom
556495,47566,PARTY BUNTING,2,2011-06-12 15:14:00,4.95,18069.0,United Kingdom
556495,23130,MISTLETOE HEART WREATH GREEN,1,2011-06-12 15:14:00,4.15,18069.0,United Kingdom
556495,22117,METAL SIGN HER DINNER IS SERVED ,2,2011-06-12 15:14:00,2.95,18069.0,United Kingdom
556495,84925D,LA PALMIERA WALL THERMOMETER,1,2011-06-12 15:14:00,2.55,18069.0,United Kingdom
556495,22173,METAL 4 HOOK HANGER FRENCH CHATEAU,1,2011-06-12 15:14:00,2.95,18069.0,United Kingdom
556495,23300,GARDENERS KNEELING PAD CUP OF TEA ,3,2011-06-12 15:14:00,1.65,18069.0,United Kingdom
556495,17084A,TRANQUILITY MASALA INCENSE,25,2011-06-12 15:14:00,0.21,18069.0,United Kingdom
556495,17084N,FAIRY DREAMS INCENSE ,25,2011-06-12 15:14:00,0.21,18069.0,United Kingdom
556495,21900,"KEY FOB , SHED",1,2011-06-12 15:14:00,0.65,18069.0,United Kingdom
556495,21899,"KEY FOB , GARAGE DESIGN",1,2011-06-12 15:14:00,0.65,18069.0,United Kingdom
556495,21901,"KEY FOB , BACK DOOR ",1,2011-06-12 15:14:00,0.65,18069.0,United Kingdom
556495,21902,"KEY FOB , FRONT  DOOR ",1,2011-06-12 15:14:00,0.65,18069.0,United Kingdom
556495,23055,IVORY CHANDELIER T-LIGHT HOLDER,1,2011-06-12 15:14:00,6.25,18069.0,United Kingdom
556495,23056,FLOWERS CHANDELIER T-LIGHT HOLDER,1,2011-06-12 15:14:00,6.25,18069.0,United Kingdom
556495,21922,UNION STRIPE WITH FRINGE  HAMMOCK,1,2011-06-12 15:14:00,7.95,18069.0,United Kingdom
556495,23112,PARISIENNE CURIO CABINET,1,2011-06-12 15:14:00,7.5,18069.0,United Kingdom
556495,23103,JINGLE BELL HEART DECORATION,2,2011-06-12 15:14:00,1.65,18069.0,United Kingdom
556495,22855,FINE WICKER HEART ,4,2011-06-12 15:14:00,1.25,18069.0,United Kingdom
556495,23079,TOADSTOOL BEDSIDE LIGHT ,1,2011-06-12 15:14:00,8.95,18069.0,United Kingdom
556495,23068,ALUMINIUM STAMPED HEART,2,2011-06-12 15:14:00,2.49,18069.0,United Kingdom
556495,23061,VINTAGE EMBOSSED HEART,2,2011-06-12 15:14:00,1.25,18069.0,United Kingdom
556495,21078,SET/20 STRAWBERRY PAPER NAPKINS ,6,2011-06-12 15:14:00,0.85,18069.0,United Kingdom
556495,21094,SET/6 RED SPOTTY PAPER PLATES,2,2011-06-12 15:14:00,0.85,18069.0,United Kingdom
556495,21086,SET/6 RED SPOTTY PAPER CUPS,2,2011-06-12 15:14:00,0.65,18069.0,United Kingdom
556495,21080,SET/20 RED RETROSPOT PAPER NAPKINS ,1,2011-06-12 15:14:00,0.85,18069.0,United Kingdom
556496,22178,VICTORIAN GLASS HANGING T-LIGHT,36,2011-06-12 15:20:00,1.25,14397.0,United Kingdom
556497,22029,SPACEBOY BIRTHDAY CARD,12,2011-06-12 15:31:00,0.42,15271.0,United Kingdom
556497,22470,HEART OF WICKER LARGE,6,2011-06-12 15:31:00,2.95,15271.0,United Kingdom
556497,22694,WICKER STAR ,6,2011-06-12 15:31:00,2.1,15271.0,United Kingdom
556497,84978,HANGING HEART JAR T-LIGHT HOLDER,12,2011-06-12 15:31:00,1.25,15271.0,United Kingdom
556497,22557,PLASTERS IN TIN VINTAGE PAISLEY ,12,2011-06-12 15:31:00,1.65,15271.0,United Kingdom
556497,23308,SET OF 60 VINTAGE LEAF CAKE CASES ,24,2011-06-12 15:31:00,0.55,15271.0,United Kingdom
556497,23244,ROUND STORAGE TIN VINTAGE LEAF,6,2011-06-12 15:31:00,1.95,15271.0,United Kingdom
556497,22720,SET OF 3 CAKE TINS PANTRY DESIGN ,3,2011-06-12 15:31:00,4.95,15271.0,United Kingdom
556497,22763,KEY CABINET MA CAMPAGNE,2,2011-06-12 15:31:00,9.95,15271.0,United Kingdom
556497,85066,CREAM SWEETHEART MINI CHEST,2,2011-06-12 15:31:00,12.75,15271.0,United Kingdom
556497,22551,PLASTERS IN TIN SPACEBOY,12,2011-06-12 15:31:00,1.65,15271.0,United Kingdom
556498,22606,WOODEN SKITTLES GARDEN SET,1,2011-06-12 15:57:00,15.95,17961.0,United Kingdom
556498,22607,WOODEN ROUNDERS GARDEN SET ,2,2011-06-12 15:57:00,9.95,17961.0,United Kingdom
556499,22456,NATURAL SLATE CHALKBOARD LARGE ,1,2011-06-12 16:39:00,4.95,,United Kingdom
556499,22802,FAUX FUR CHOCOLATE THROW,2,2011-06-12 16:39:00,19.95,,United Kingdom
