{"ORIGIN_COUNTRY_NAME":"Romania","DEST_COUNTRY_NAME":"United States","count":1}
{"ORIGIN_COUNTRY_NAME":"Ireland","DEST_COUNTRY_NAME":"United States","count":264}
{"ORIGIN_COUNTRY_NAME":"India","DEST_COUNTRY_NAME":"United States","count":69}
{"ORIGIN_COUNTRY_NAME":"United States","DEST_COUNTRY_NAME":"Egypt","count":24}
{"ORIGIN_COUNTRY_NAME":"United States","DEST_COUNTRY_NAME":"Equatorial Guinea","count":1}
{"ORIGIN_COUNTRY_NAME":"Singapore","DEST_COUNTRY_NAME":"United States","count":25}
{"ORIGIN_COUNTRY_NAME":"Grenada","DEST_COUNTRY_NAME":"United States","count":54}
{"ORIGIN_COUNTRY_NAME":"United States","DEST_COUNTRY_NAME":"Costa Rica","count":477}
{"ORIGIN_COUNTRY_NAME":"United States","DEST_COUNTRY_NAME":"Senegal","count":29}
{"ORIGIN_COUNTRY_NAME":"Marshall Islands","DEST_COUNTRY_NAME":"United States","count":44}
{"ORIGIN_COUNTRY_NAME":"United States","DEST_COUNTRY_NAME":"Guyana","count":17}
{"ORIGIN_COUNTRY_NAME":"Sint Maarten","DEST_COUNTRY_NAME":"United States","count":53}
{"ORIGIN_COUNTRY_NAME":"United States","DEST_COUNTRY_NAME":"Malta","count":1}
{"ORIGIN_COUNTRY_NAME":"United States","DEST_COUNTRY_NAME":"Bolivia","count":46}
{"ORIGIN_COUNTRY_NAME":"United States","DEST_COUNTRY_NAME":"Anguilla","count":21}
{"ORIGIN_COUNTRY_NAME":"United States","DEST_COUNTRY_NAME":"Turks and Caicos Islands","count":136}
{"ORIGIN_COUNTRY_NAME":"Afghanistan","DEST_COUNTRY_NAME":"United States","count":2}
{"ORIGIN_COUNTRY_NAME":"United States","DEST_COUNTRY_NAME":"Saint Vincent and the Grenadines","count":1}
{"ORIGIN_COUNTRY_NAME":"United States","DEST_COUNTRY_NAME":"Italy","count":390}
{"ORIGIN_COUNTRY_NAME":"Russia","DEST_COUNTRY_NAME":"United States","count":156}
{"ORIGIN_COUNTRY_NAME":"Federated States of Micronesia","DEST_COUNTRY_NAME":"United States","count":48}
{"ORIGIN_COUNTRY_NAME":"United States","DEST_COUNTRY_NAME":"Pakistan","count":9}
{"ORIGIN_COUNTRY_NAME":"Netherlands","DEST_COUNTRY_NAME":"United States","count":570}
{"ORIGIN_COUNTRY_NAME":"United States","DEST_COUNTRY_NAME":"Iceland","count":118}
{"ORIGIN_COUNTRY_NAME":"United States","DEST_COUNTRY_NAME":"Marshall Islands","count":77}
{"ORIGIN_COUNTRY_NAME":"United States","DEST_COUNTRY_NAME":"Luxembourg","count":91}
{"ORIGIN_COUNTRY_NAME":"United States","DEST_COUNTRY_NAME":"Honduras","count":391}
{"ORIGIN_COUNTRY_NAME":"United States","DEST_COUNTRY_NAME":"The Bahamas","count":903}
{"ORIGIN_COUNTRY_NAME":"United States","DEST_COUNTRY_NAME":"El Salvador","count":519}
{"ORIGIN_COUNTRY_NAME":"Senegal","DEST_COUNTRY_NAME":"United States","count":46}
{"ORIGIN_COUNTRY_NAME":"United States","DEST_COUNTRY_NAME":"Samoa","count":28}
{"ORIGIN_COUNTRY_NAME":"Angola","DEST_COUNTRY_NAME":"United States","count":18}
{"ORIGIN_COUNTRY_NAME":"United States","DEST_COUNTRY_NAME":"Kazakhstan","count":3}
{"ORIGIN_COUNTRY_NAME":"United States","DEST_COUNTRY_NAME":"Switzerland","count":315}
{"ORIGIN_COUNTRY_NAME":"Anguilla","DEST_COUNTRY_NAME":"United States","count":20}
{"ORIGIN_COUNTRY_NAME":"United States","DEST_COUNTRY_NAME":"Sint Maarten","count":61}
{"ORIGIN_COUNTRY_NAME":"United States","DEST_COUNTRY_NAME":"Hong Kong","count":252}
{"ORIGIN_COUNTRY_NAME":"United States","DEST_COUNTRY_NAME":"Trinidad and Tobago","count":187}
{"ORIGIN_COUNTRY_NAME":"United States","DEST_COUNTRY_NAME":"Latvia","count":12}
{"ORIGIN_COUNTRY_NAME":"Ecuador","DEST_COUNTRY_NAME":"United States","count":345}
{"ORIGIN_COUNTRY_NAME":"United States","DEST_COUNTRY_NAME":"Slovakia","count":1}
{"ORIGIN_COUNTRY_NAME":"United States","DEST_COUNTRY_NAME":"Suriname","count":12}
{"ORIGIN_COUNTRY_NAME":"United States","DEST_COUNTRY_NAME":"Mexico","count":6200}
{"ORIGIN_COUNTRY_NAME":"Cyprus","DEST_COUNTRY_NAME":"United States","count":1}
{"ORIGIN_COUNTRY_NAME":"United States","DEST_COUNTRY_NAME":"Ecuador","count":272}
{"ORIGIN_COUNTRY_NAME":"Bosnia and Herzegovina","DEST_COUNTRY_NAME":"United States","count":1}
{"ORIGIN_COUNTRY_NAME":"Portugal","DEST_COUNTRY_NAME":"United States","count":104}
{"ORIGIN_COUNTRY_NAME":"Costa Rica","DEST_COUNTRY_NAME":"United States","count":501}
{"ORIGIN_COUNTRY_NAME":"Guatemala","DEST_COUNTRY_NAME":"United States","count":333}
{"ORIGIN_COUNTRY_NAME":"Suriname","DEST_COUNTRY_NAME":"United States","count":13}
{"ORIGIN_COUNTRY_NAME":"United States","DEST_COUNTRY_NAME":"Colombia","count":785}
{"ORIGIN_COUNTRY_NAME":"Cape Verde","DEST_COUNTRY_NAME":"United States","count":18}
{"ORIGIN_COUNTRY_NAME":"Jamaica","DEST_COUNTRY_NAME":"United States","count":757}
{"ORIGIN_COUNTRY_NAME":"Malaysia","DEST_COUNTRY_NAME":"United States","count":3}
{"ORIGIN_COUNTRY_NAME":"United States","DEST_COUNTRY_NAME":"Norway","count":29}
{"ORIGIN_COUNTRY_NAME":"Morocco","DEST_COUNTRY_NAME":"United States","count":16}
{"ORIGIN_COUNTRY_NAME":"United States","DEST_COUNTRY_NAME":"Thailand","count":16}
{"ORIGIN_COUNTRY_NAME":"United States","DEST_COUNTRY_NAME":"Venezuela","count":377}
{"ORIGIN_COUNTRY_NAME":"Palau","DEST_COUNTRY_NAME":"United States","count":30}
{"ORIGIN_COUNTRY_NAME":"Samoa","DEST_COUNTRY_NAME":"United States","count":28}
{"ORIGIN_COUNTRY_NAME":"Algeria","DEST_COUNTRY_NAME":"United States","count":1}
{"ORIGIN_COUNTRY_NAME":"Venezuela","DEST_COUNTRY_NAME":"United States","count":341}
{"ORIGIN_COUNTRY_NAME":"United States","DEST_COUNTRY_NAME":"Panama","count":355}
{"ORIGIN_COUNTRY_NAME":"Finland","DEST_COUNTRY_NAME":"United States","count":20}
{"ORIGIN_COUNTRY_NAME":"Chile","DEST_COUNTRY_NAME":"United States","count":176}
{"ORIGIN_COUNTRY_NAME":"United States","DEST_COUNTRY_NAME":"Morocco","count":16}
{"ORIGIN_COUNTRY_NAME":"Greece","DEST_COUNTRY_NAME":"United States","count":61}
{"ORIGIN_COUNTRY_NAME":"United States","DEST_COUNTRY_NAME":"Antigua and Barbuda","count":123}
{"ORIGIN_COUNTRY_NAME":"United States","DEST_COUNTRY_NAME":"Azerbaijan","count":1}
{"ORIGIN_COUNTRY_NAME":"The Bahamas","DEST_COUNTRY_NAME":"United States","count":959}
{"ORIGIN_COUNTRY_NAME":"United States","DEST_COUNTRY_NAME":"New Zealand","count":86}
{"ORIGIN_COUNTRY_NAME":"United States","DEST_COUNTRY_NAME":"Liberia","count":1}
{"ORIGIN_COUNTRY_NAME":"Hong Kong","DEST_COUNTRY_NAME":"United States","count":293}
{"ORIGIN_COUNTRY_NAME":"United States","DEST_COUNTRY_NAME":"Hungary","count":14}
{"ORIGIN_COUNTRY_NAME":"China","DEST_COUNTRY_NAME":"United States","count":505}
{"ORIGIN_COUNTRY_NAME":"Vietnam","DEST_COUNTRY_NAME":"United States","count":1}
{"ORIGIN_COUNTRY_NAME":"United States","DEST_COUNTRY_NAME":"Sweden","count":65}
{"ORIGIN_COUNTRY_NAME":"Kuwait","DEST_COUNTRY_NAME":"United States","count":25}
{"ORIGIN_COUNTRY_NAME":"Dominican Republic","DEST_COUNTRY_NAME":"United States","count":1150}
{"ORIGIN_COUNTRY_NAME":"Egypt","DEST_COUNTRY_NAME":"United States","count":25}
{"ORIGIN_COUNTRY_NAME":"United States","DEST_COUNTRY_NAME":"Israel","count":117}
{"ORIGIN_COUNTRY_NAME":"United States","DEST_COUNTRY_NAME":"United States","count":348113}
{"ORIGIN_COUNTRY_NAME":"Luxembourg","DEST_COUNTRY_NAME":"United States","count":90}
{"ORIGIN_COUNTRY_NAME":"United States","DEST_COUNTRY_NAME":"Ethiopia","count":12}
{"ORIGIN_COUNTRY_NAME":"Poland","DEST_COUNTRY_NAME":"United States","count":61}
{"ORIGIN_COUNTRY_NAME":"United States","DEST_COUNTRY_NAME":"Martinique","count":23}
{"ORIGIN_COUNTRY_NAME":"United States","DEST_COUNTRY_NAME":"Saint Barthelemy","count":28}
{"ORIGIN_COUNTRY_NAME":"Saint Barthelemy","DEST_COUNTRY_NAME":"United States","count":29}
{"ORIGIN_COUNTRY_NAME":"Turkey","DEST_COUNTRY_NAME":"United States","count":87}
{"ORIGIN_COUNTRY_NAME":"United States","DEST_COUNTRY_NAME":"Barbados","count":130}
{"ORIGIN_COUNTRY_NAME":"Estonia","DEST_COUNTRY_NAME":"United States","count":1}
{"ORIGIN_COUNTRY_NAME":"Azerbaijan","DEST_COUNTRY_NAME":"United States","count":1}
{"ORIGIN_COUNTRY_NAME":"United States","DEST_COUNTRY_NAME":"Germany","count":1392}
{"ORIGIN_COUNTRY_NAME":"United States","DEST_COUNTRY_NAME":"Kyrgyzstan","count":2}
{"ORIGIN_COUNTRY_NAME":"South Korea","DEST_COUNTRY_NAME":"United States","count":621}
{"ORIGIN_COUNTRY_NAME":"El Salvador","DEST_COUNTRY_NAME":"United States","count":464}
{"ORIGIN_COUNTRY_NAME":"United States","DEST_COUNTRY_NAME":"Ireland","count":231}
{"ORIGIN_COUNTRY_NAME":"Hungary","DEST_COUNTRY_NAME":"United States","count":15}
{"ORIGIN_COUNTRY_NAME":"Serbia","DEST_COUNTRY_NAME":"United States","count":1}
{"ORIGIN_COUNTRY_NAME":"United States","DEST_COUNTRY_NAME":"Malaysia","count":1}
{"ORIGIN_COUNTRY_NAME":"Panama","DEST_COUNTRY_NAME":"United States","count":363}
{"ORIGIN_COUNTRY_NAME":"Ethiopia","DEST_COUNTRY_NAME":"United States","count":12}
{"ORIGIN_COUNTRY_NAME":"Aruba","DEST_COUNTRY_NAME":"United States","count":349}
{"ORIGIN_COUNTRY_NAME":"Thailand","DEST_COUNTRY_NAME":"United States","count":13}
{"ORIGIN_COUNTRY_NAME":"Netherlands Antilles","DEST_COUNTRY_NAME":"United States","count":289}
{"ORIGIN_COUNTRY_NAME":"Turks and Caicos Islands","DEST_COUNTRY_NAME":"United States","count":147}
{"ORIGIN_COUNTRY_NAME":"United States","DEST_COUNTRY_NAME":"Cyprus","count":2}
{"ORIGIN_COUNTRY_NAME":"Pakistan","DEST_COUNTRY_NAME":"United States","count":15}
{"ORIGIN_COUNTRY_NAME":"Honduras","DEST_COUNTRY_NAME":"United States","count":393}
{"ORIGIN_COUNTRY_NAME":"United States","DEST_COUNTRY_NAME":"Qatar","count":41}
{"ORIGIN_COUNTRY_NAME":"United States","DEST_COUNTRY_NAME":"Fiji","count":53}
{"ORIGIN_COUNTRY_NAME":"United States","DEST_COUNTRY_NAME":"Saint Kitts and Nevis","count":113}
{"ORIGIN_COUNTRY_NAME":"United States","DEST_COUNTRY_NAME":"Taiwan","count":275}
{"ORIGIN_COUNTRY_NAME":"United States","DEST_COUNTRY_NAME":"Haiti","count":238}
{"ORIGIN_COUNTRY_NAME":"United States","DEST_COUNTRY_NAME":"Kuwait","count":26}
{"ORIGIN_COUNTRY_NAME":"United States","DEST_COUNTRY_NAME":"Canada","count":8271}
{"ORIGIN_COUNTRY_NAME":"United States","DEST_COUNTRY_NAME":"Federated States of Micronesia","count":46}
{"ORIGIN_COUNTRY_NAME":"Liberia","DEST_COUNTRY_NAME":"United States","count":1}
{"ORIGIN_COUNTRY_NAME":"United States","DEST_COUNTRY_NAME":"Jamaica","count":733}
{"ORIGIN_COUNTRY_NAME":"Malta","DEST_COUNTRY_NAME":"United States","count":2}
{"ORIGIN_COUNTRY_NAME":"United States","DEST_COUNTRY_NAME":"Dominican Republic","count":1109}
{"ORIGIN_COUNTRY_NAME":"United States","DEST_COUNTRY_NAME":"Japan","count":1383}
{"ORIGIN_COUNTRY_NAME":"Saint Vincent and the Grenadines","DEST_COUNTRY_NAME":"United States","count":16}
{"ORIGIN_COUNTRY_NAME":"Guadeloupe","DEST_COUNTRY_NAME":"United States","count":33}
{"ORIGIN_COUNTRY_NAME":"United States","DEST_COUNTRY_NAME":"Finland","count":24}
{"ORIGIN_COUNTRY_NAME":"Ukraine","DEST_COUNTRY_NAME":"United States","count":17}
{"ORIGIN_COUNTRY_NAME":"France","DEST_COUNTRY_NAME":"United States","count":776}
{"ORIGIN_COUNTRY_NAME":"Norway","DEST_COUNTRY_NAME":"United States","count":36}
{"ORIGIN_COUNTRY_NAME":"United States","DEST_COUNTRY_NAME":"Aruba","count":359}
{"ORIGIN_COUNTRY_NAME":"United States","DEST_COUNTRY_NAME":"French Guiana","count":4}
{"ORIGIN_COUNTRY_NAME":"Kiribati","DEST_COUNTRY_NAME":"United States","count":18}
{"ORIGIN_COUNTRY_NAME":"United States","DEST_COUNTRY_NAME":"India","count":66}
{"ORIGIN_COUNTRY_NAME":"United States","DEST_COUNTRY_NAME":"British Virgin Islands","count":49}
{"ORIGIN_COUNTRY_NAME":"Germany","DEST_COUNTRY_NAME":"United States","count":1406}
{"ORIGIN_COUNTRY_NAME":"United States","DEST_COUNTRY_NAME":"Brazil","count":995}
{"ORIGIN_COUNTRY_NAME":"New Zealand","DEST_COUNTRY_NAME":"United States","count":71}
{"ORIGIN_COUNTRY_NAME":"United States","DEST_COUNTRY_NAME":"French Polynesia","count":38}
{"ORIGIN_COUNTRY_NAME":"United States","DEST_COUNTRY_NAME":"United Arab Emirates","count":165}
{"ORIGIN_COUNTRY_NAME":"United States","DEST_COUNTRY_NAME":"Singapore","count":25}
{"ORIGIN_COUNTRY_NAME":"Mexico","DEST_COUNTRY_NAME":"United States","count":6220}
{"ORIGIN_COUNTRY_NAME":"United States","DEST_COUNTRY_NAME":"Netherlands","count":586}
{"ORIGIN_COUNTRY_NAME":"Sweden","DEST_COUNTRY_NAME":"United States","count":73}
{"ORIGIN_COUNTRY_NAME":"Gabon","DEST_COUNTRY_NAME":"United States","count":1}
{"ORIGIN_COUNTRY_NAME":"Martinique","DEST_COUNTRY_NAME":"United States","count":20}
{"ORIGIN_COUNTRY_NAME":"United Arab Emirates","DEST_COUNTRY_NAME":"United States","count":156}
{"ORIGIN_COUNTRY_NAME":"Bulgaria","DEST_COUNTRY_NAME":"United States","count":2}
{"ORIGIN_COUNTRY_NAME":"United States","DEST_COUNTRY_NAME":"China","count":448}
{"ORIGIN_COUNTRY_NAME":"United States","DEST_COUNTRY_NAME":"Denmark","count":98}
{"ORIGIN_COUNTRY_NAME":"Philippines","DEST_COUNTRY_NAME":"United States","count":116}
{"ORIGIN_COUNTRY_NAME":"Nicaragua","DEST_COUNTRY_NAME":"United States","count":181}
{"ORIGIN_COUNTRY_NAME":"Belgium","DEST_COUNTRY_NAME":"United States","count":355}
{"ORIGIN_COUNTRY_NAME":"United States","DEST_COUNTRY_NAME":"Peru","count":212}
{"ORIGIN_COUNTRY_NAME":"United States","DEST_COUNTRY_NAME":"Argentina","count":184}
{"ORIGIN_COUNTRY_NAME":"United States","DEST_COUNTRY_NAME":"Cayman Islands","count":247}
{"ORIGIN_COUNTRY_NAME":"United States","DEST_COUNTRY_NAME":"South Africa","count":25}
{"ORIGIN_COUNTRY_NAME":"Iceland","DEST_COUNTRY_NAME":"United States","count":129}
{"ORIGIN_COUNTRY_NAME":"Argentina","DEST_COUNTRY_NAME":"United States","count":159}
{"ORIGIN_COUNTRY_NAME":"United States","DEST_COUNTRY_NAME":"Spain","count":422}
{"ORIGIN_COUNTRY_NAME":"United States","DEST_COUNTRY_NAME":"Netherlands Antilles","count":286}
{"ORIGIN_COUNTRY_NAME":"United States","DEST_COUNTRY_NAME":"Bermuda","count":183}
{"ORIGIN_COUNTRY_NAME":"Austria","DEST_COUNTRY_NAME":"United States","count":34}
{"ORIGIN_COUNTRY_NAME":"Nigeria","DEST_COUNTRY_NAME":"United States","count":18}
{"ORIGIN_COUNTRY_NAME":"Bonaire, Sint Eustatius, and Saba","DEST_COUNTRY_NAME":"United States","count":16}
{"ORIGIN_COUNTRY_NAME":"United States","DEST_COUNTRY_NAME":"Kiribati","count":17}
{"ORIGIN_COUNTRY_NAME":"United States","DEST_COUNTRY_NAME":"Saudi Arabia","count":42}
{"ORIGIN_COUNTRY_NAME":"United States","DEST_COUNTRY_NAME":"Czech Republic","count":21}
{"ORIGIN_COUNTRY_NAME":"United States","DEST_COUNTRY_NAME":"Belgium","count":408}
{"ORIGIN_COUNTRY_NAME":"Israel","DEST_COUNTRY_NAME":"United States","count":122}
{"ORIGIN_COUNTRY_NAME":"Bahrain","DEST_COUNTRY_NAME":"United States","count":1}
{"ORIGIN_COUNTRY_NAME":"Saint Lucia","DEST_COUNTRY_NAME":"United States","count":121}
{"ORIGIN_COUNTRY_NAME":"United States","DEST_COUNTRY_NAME":"Afghanistan","count":11}
{"ORIGIN_COUNTRY_NAME":"British Virgin Islands","DEST_COUNTRY_NAME":"United States","count":47}
{"ORIGIN_COUNTRY_NAME":"United States","DEST_COUNTRY_NAME":"Curacao","count":20}
{"ORIGIN_COUNTRY_NAME":"United States","DEST_COUNTRY_NAME":"Georgia","count":2}
{"ORIGIN_COUNTRY_NAME":"Guyana","DEST_COUNTRY_NAME":"United States","count":20}
{"ORIGIN_COUNTRY_NAME":"Denmark","DEST_COUNTRY_NAME":"United States","count":107}
{"ORIGIN_COUNTRY_NAME":"United States","DEST_COUNTRY_NAME":"Philippines","count":132}
{"ORIGIN_COUNTRY_NAME":"United States","DEST_COUNTRY_NAME":"Grenada","count":65}
{"ORIGIN_COUNTRY_NAME":"United States","DEST_COUNTRY_NAME":"Cape Verde","count":18}
{"ORIGIN_COUNTRY_NAME":"United States","DEST_COUNTRY_NAME":"Ukraine","count":19}
{"ORIGIN_COUNTRY_NAME":"Papua New Guinea","DEST_COUNTRY_NAME":"United States","count":1}
{"ORIGIN_COUNTRY_NAME":"Saudi Arabia","DEST_COUNTRY_NAME":"United States","count":54}
{"ORIGIN_COUNTRY_NAME":"United States","DEST_COUNTRY_NAME":"Russia","count":152}
{"ORIGIN_COUNTRY_NAME":"United States","DEST_COUNTRY_NAME":"Guatemala","count":386}
{"ORIGIN_COUNTRY_NAME":"United States","DEST_COUNTRY_NAME":"Saint Lucia","count":116}
{"ORIGIN_COUNTRY_NAME":"United States","DEST_COUNTRY_NAME":"Paraguay","count":90}
{"ORIGIN_COUNTRY_NAME":"Curacao","DEST_COUNTRY_NAME":"United States","count":14}
{"ORIGIN_COUNTRY_NAME":"Taiwan","DEST_COUNTRY_NAME":"United States","count":252}
{"ORIGIN_COUNTRY_NAME":"South Africa","DEST_COUNTRY_NAME":"United States","count":15}
{"ORIGIN_COUNTRY_NAME":"United States","DEST_COUNTRY_NAME":"Turkey","count":75}
{"ORIGIN_COUNTRY_NAME":"United States","DEST_COUNTRY_NAME":"United Kingdom","count":1629}
{"ORIGIN_COUNTRY_NAME":"Greenland","DEST_COUNTRY_NAME":"United States","count":2}
{"ORIGIN_COUNTRY_NAME":"Spain","DEST_COUNTRY_NAME":"United States","count":442}
{"ORIGIN_COUNTRY_NAME":"United States","DEST_COUNTRY_NAME":"Cuba","count":243}
{"ORIGIN_COUNTRY_NAME":"Italy","DEST_COUNTRY_NAME":"United States","count":433}
{"ORIGIN_COUNTRY_NAME":"Switzerland","DEST_COUNTRY_NAME":"United States","count":334}
{"ORIGIN_COUNTRY_NAME":"United States","DEST_COUNTRY_NAME":"Dominica","count":28}
{"ORIGIN_COUNTRY_NAME":"Japan","DEST_COUNTRY_NAME":"United States","count":1307}
{"ORIGIN_COUNTRY_NAME":"United States","DEST_COUNTRY_NAME":"Portugal","count":102}
{"ORIGIN_COUNTRY_NAME":"Brazil","DEST_COUNTRY_NAME":"United States","count":578}
{"ORIGIN_COUNTRY_NAME":"United States","DEST_COUNTRY_NAME":"Bahrain","count":30}
{"ORIGIN_COUNTRY_NAME":"Peru","DEST_COUNTRY_NAME":"United States","count":284}
{"ORIGIN_COUNTRY_NAME":"United States","DEST_COUNTRY_NAME":"Vietnam","count":1}
{"ORIGIN_COUNTRY_NAME":"United Kingdom","DEST_COUNTRY_NAME":"United States","count":1503}
{"ORIGIN_COUNTRY_NAME":"Belize","DEST_COUNTRY_NAME":"United States","count":118}
{"ORIGIN_COUNTRY_NAME":"United States","DEST_COUNTRY_NAME":"Belize","count":121}
{"ORIGIN_COUNTRY_NAME":"Ghana","DEST_COUNTRY_NAME":"United States","count":28}
{"ORIGIN_COUNTRY_NAME":"Indonesia","DEST_COUNTRY_NAME":"United States","count":1}
{"ORIGIN_COUNTRY_NAME":"Fiji","DEST_COUNTRY_NAME":"United States","count":51}
{"ORIGIN_COUNTRY_NAME":"Canada","DEST_COUNTRY_NAME":"United States","count":8305}
{"ORIGIN_COUNTRY_NAME":"French Polynesia","DEST_COUNTRY_NAME":"United States","count":38}
{"ORIGIN_COUNTRY_NAME":"Antigua and Barbuda","DEST_COUNTRY_NAME":"United States","count":121}
{"ORIGIN_COUNTRY_NAME":"Burkina Faso","DEST_COUNTRY_NAME":"United States","count":1}
{"ORIGIN_COUNTRY_NAME":"United States","DEST_COUNTRY_NAME":"Nicaragua","count":178}
{"ORIGIN_COUNTRY_NAME":"Latvia","DEST_COUNTRY_NAME":"United States","count":13}
{"ORIGIN_COUNTRY_NAME":"Dominica","DEST_COUNTRY_NAME":"United States","count":32}
{"ORIGIN_COUNTRY_NAME":"Czech Republic","DEST_COUNTRY_NAME":"United States","count":22}
{"ORIGIN_COUNTRY_NAME":"Australia","DEST_COUNTRY_NAME":"United States","count":216}
{"ORIGIN_COUNTRY_NAME":"United States","DEST_COUNTRY_NAME":"Austria","count":36}
{"ORIGIN_COUNTRY_NAME":"Cook Islands","DEST_COUNTRY_NAME":"United States","count":12}
{"ORIGIN_COUNTRY_NAME":"United States","DEST_COUNTRY_NAME":"Jordan","count":50}
{"ORIGIN_COUNTRY_NAME":"United States","DEST_COUNTRY_NAME":"Palau","count":31}
{"ORIGIN_COUNTRY_NAME":"United States","DEST_COUNTRY_NAME":"Uganda","count":2}
{"ORIGIN_COUNTRY_NAME":"Cameroon","DEST_COUNTRY_NAME":"United States","count":1}
{"ORIGIN_COUNTRY_NAME":"United States","DEST_COUNTRY_NAME":"South Korea","count":683}
{"ORIGIN_COUNTRY_NAME":"United States","DEST_COUNTRY_NAME":"Angola","count":14}
{"ORIGIN_COUNTRY_NAME":"United States","DEST_COUNTRY_NAME":"Ghana","count":27}
{"ORIGIN_COUNTRY_NAME":"United States","DEST_COUNTRY_NAME":"Guadeloupe","count":40}
{"ORIGIN_COUNTRY_NAME":"United States","DEST_COUNTRY_NAME":"France","count":774}
{"ORIGIN_COUNTRY_NAME":"Kyrgyzstan","DEST_COUNTRY_NAME":"United States","count":12}
{"ORIGIN_COUNTRY_NAME":"United States","DEST_COUNTRY_NAME":"Poland","count":62}
{"ORIGIN_COUNTRY_NAME":"United States","DEST_COUNTRY_NAME":"Nigeria","count":16}
{"ORIGIN_COUNTRY_NAME":"Uruguay","DEST_COUNTRY_NAME":"United States","count":24}
{"ORIGIN_COUNTRY_NAME":"United States","DEST_COUNTRY_NAME":"Greenland","count":2}
{"ORIGIN_COUNTRY_NAME":"United States","DEST_COUNTRY_NAME":"Chile","count":166}
{"ORIGIN_COUNTRY_NAME":"Bermuda","DEST_COUNTRY_NAME":"United States","count":180}
{"ORIGIN_COUNTRY_NAME":"Cuba","DEST_COUNTRY_NAME":"United States","count":235}
{"ORIGIN_COUNTRY_NAME":"Colombia","DEST_COUNTRY_NAME":"United States","count":832}
{"ORIGIN_COUNTRY_NAME":"Qatar","DEST_COUNTRY_NAME":"United States","count":40}
{"ORIGIN_COUNTRY_NAME":"Barbados","DEST_COUNTRY_NAME":"United States","count":119}
{"ORIGIN_COUNTRY_NAME":"United States","DEST_COUNTRY_NAME":"Australia","count":290}
{"ORIGIN_COUNTRY_NAME":"Jordan","DEST_COUNTRY_NAME":"United States","count":51}
{"ORIGIN_COUNTRY_NAME":"Cayman Islands","DEST_COUNTRY_NAME":"United States","count":251}
{"ORIGIN_COUNTRY_NAME":"Trinidad and Tobago","DEST_COUNTRY_NAME":"United States","count":200}
{"ORIGIN_COUNTRY_NAME":"Bolivia","DEST_COUNTRY_NAME":"United States","count":39}
{"ORIGIN_COUNTRY_NAME":"Slovakia","DEST_COUNTRY_NAME":"United States","count":1}
{"ORIGIN_COUNTRY_NAME":"United States","DEST_COUNTRY_NAME":"Uruguay","count":54}
{"ORIGIN_COUNTRY_NAME":"United States","DEST_COUNTRY_NAME":"Cook Islands","count":13}
{"ORIGIN_COUNTRY_NAME":"Saint Kitts and Nevis","DEST_COUNTRY_NAME":"United States","count":127}
{"ORIGIN_COUNTRY_NAME":"United States","DEST_COUNTRY_NAME":"Bulgaria","count":1}
{"ORIGIN_COUNTRY_NAME":"French Guiana","DEST_COUNTRY_NAME":"United States","count":1}
{"ORIGIN_COUNTRY_NAME":"Haiti","DEST_COUNTRY_NAME":"United States","count":226}
{"ORIGIN_COUNTRY_NAME":"Uganda","DEST_COUNTRY_NAME":"United States","count":1}
{"ORIGIN_COUNTRY_NAME":"United States","DEST_COUNTRY_NAME":"Bonaire, Sint Eustatius, and Saba","count":16}
{"ORIGIN_COUNTRY_NAME":"United States","DEST_COUNTRY_NAME":"Greece","count":50}
