{"ORIGIN_COUNTRY_NAME":"Saint Martin","DEST_COUNTRY_NAME":"United States","count":2}
{"ORIGIN_COUNTRY_NAME":"Guinea","DEST_COUNTRY_NAME":"United States","count":2}
{"ORIGIN_COUNTRY_NAME":"Croatia","DEST_COUNTRY_NAME":"United States","count":1}
{"ORIGIN_COUNTRY_NAME":"Romania","DEST_COUNTRY_NAME":"United States","count":3}
{"ORIGIN_COUNTRY_NAME":"Ireland","DEST_COUNTRY_NAME":"United States","count":268}
{"ORIGIN_COUNTRY_NAME":"United States","DEST_COUNTRY_NAME":"Egypt","count":13}
{"ORIGIN_COUNTRY_NAME":"India","DEST_COUNTRY_NAME":"United States","count":76}
{"ORIGIN_COUNTRY_NAME":"Singapore","DEST_COUNTRY_NAME":"United States","count":24}
{"ORIGIN_COUNTRY_NAME":"Grenada","DEST_COUNTRY_NAME":"United States","count":59}
{"ORIGIN_COUNTRY_NAME":"United States","DEST_COUNTRY_NAME":"Costa Rica","count":494}
{"ORIGIN_COUNTRY_NAME":"United States","DEST_COUNTRY_NAME":"Senegal","count":29}
{"ORIGIN_COUNTRY_NAME":"United States","DEST_COUNTRY_NAME":"Guyana","count":26}
{"ORIGIN_COUNTRY_NAME":"Marshall Islands","DEST_COUNTRY_NAME":"United States","count":49}
{"ORIGIN_COUNTRY_NAME":"Sint Maarten","DEST_COUNTRY_NAME":"United States","count":223}
{"ORIGIN_COUNTRY_NAME":"United States","DEST_COUNTRY_NAME":"Malta","count":1}
{"ORIGIN_COUNTRY_NAME":"United States","DEST_COUNTRY_NAME":"Bolivia","count":61}
{"ORIGIN_COUNTRY_NAME":"United States","DEST_COUNTRY_NAME":"Anguilla","count":21}
{"ORIGIN_COUNTRY_NAME":"Paraguay","DEST_COUNTRY_NAME":"United States","count":3}
{"ORIGIN_COUNTRY_NAME":"Gibraltar","DEST_COUNTRY_NAME":"United States","count":1}
{"ORIGIN_COUNTRY_NAME":"United States","DEST_COUNTRY_NAME":"Turks and Caicos Islands","count":163}
{"ORIGIN_COUNTRY_NAME":"Afghanistan","DEST_COUNTRY_NAME":"United States","count":3}
{"ORIGIN_COUNTRY_NAME":"United States","DEST_COUNTRY_NAME":"Saint Vincent and the Grenadines","count":6}
{"ORIGIN_COUNTRY_NAME":"United States","DEST_COUNTRY_NAME":"Italy","count":428}
{"ORIGIN_COUNTRY_NAME":"Russia","DEST_COUNTRY_NAME":"United States","count":153}
{"ORIGIN_COUNTRY_NAME":"Federated States of Micronesia","DEST_COUNTRY_NAME":"United States","count":54}
{"ORIGIN_COUNTRY_NAME":"United States","DEST_COUNTRY_NAME":"Pakistan","count":12}
{"ORIGIN_COUNTRY_NAME":"United States","DEST_COUNTRY_NAME":"Iceland","count":113}
{"ORIGIN_COUNTRY_NAME":"Netherlands","DEST_COUNTRY_NAME":"United States","count":622}
{"ORIGIN_COUNTRY_NAME":"United States","DEST_COUNTRY_NAME":"Marshall Islands","count":81}
{"ORIGIN_COUNTRY_NAME":"United States","DEST_COUNTRY_NAME":"Luxembourg","count":120}
{"ORIGIN_COUNTRY_NAME":"United States","DEST_COUNTRY_NAME":"Honduras","count":386}
{"ORIGIN_COUNTRY_NAME":"United States","DEST_COUNTRY_NAME":"The Bahamas","count":811}
{"ORIGIN_COUNTRY_NAME":"United States","DEST_COUNTRY_NAME":"El Salvador","count":495}
{"ORIGIN_COUNTRY_NAME":"Senegal","DEST_COUNTRY_NAME":"United States","count":33}
{"ORIGIN_COUNTRY_NAME":"United States","DEST_COUNTRY_NAME":"Samoa","count":25}
{"ORIGIN_COUNTRY_NAME":"Angola","DEST_COUNTRY_NAME":"United States","count":12}
{"ORIGIN_COUNTRY_NAME":"United States","DEST_COUNTRY_NAME":"Switzerland","count":314}
{"ORIGIN_COUNTRY_NAME":"Anguilla","DEST_COUNTRY_NAME":"United States","count":20}
{"ORIGIN_COUNTRY_NAME":"United States","DEST_COUNTRY_NAME":"Sint Maarten","count":240}
{"ORIGIN_COUNTRY_NAME":"United States","DEST_COUNTRY_NAME":"Hong Kong","count":282}
{"ORIGIN_COUNTRY_NAME":"United States","DEST_COUNTRY_NAME":"Trinidad and Tobago","count":205}
{"ORIGIN_COUNTRY_NAME":"United States","DEST_COUNTRY_NAME":"Latvia","count":12}
{"ORIGIN_COUNTRY_NAME":"United States","DEST_COUNTRY_NAME":"Yemen","count":1}
{"ORIGIN_COUNTRY_NAME":"Ecuador","DEST_COUNTRY_NAME":"United States","count":351}
{"ORIGIN_COUNTRY_NAME":"United States","DEST_COUNTRY_NAME":"Suriname","count":11}
{"ORIGIN_COUNTRY_NAME":"United States","DEST_COUNTRY_NAME":"Mexico","count":5953}
{"ORIGIN_COUNTRY_NAME":"Cyprus","DEST_COUNTRY_NAME":"United States","count":1}
{"ORIGIN_COUNTRY_NAME":"United States","DEST_COUNTRY_NAME":"Ecuador","count":280}
{"ORIGIN_COUNTRY_NAME":"Portugal","DEST_COUNTRY_NAME":"United States","count":109}
{"ORIGIN_COUNTRY_NAME":"Guatemala","DEST_COUNTRY_NAME":"United States","count":340}
{"ORIGIN_COUNTRY_NAME":"Costa Rica","DEST_COUNTRY_NAME":"United States","count":526}
{"ORIGIN_COUNTRY_NAME":"Suriname","DEST_COUNTRY_NAME":"United States","count":20}
{"ORIGIN_COUNTRY_NAME":"United States","DEST_COUNTRY_NAME":"Colombia","count":707}
{"ORIGIN_COUNTRY_NAME":"Cape Verde","DEST_COUNTRY_NAME":"United States","count":19}
{"ORIGIN_COUNTRY_NAME":"Jamaica","DEST_COUNTRY_NAME":"United States","count":695}
{"ORIGIN_COUNTRY_NAME":"United States","DEST_COUNTRY_NAME":"Norway","count":25}
{"ORIGIN_COUNTRY_NAME":"Malaysia","DEST_COUNTRY_NAME":"United States","count":1}
{"ORIGIN_COUNTRY_NAME":"United States","DEST_COUNTRY_NAME":"The Gambia","count":1}
{"ORIGIN_COUNTRY_NAME":"Morocco","DEST_COUNTRY_NAME":"United States","count":17}
{"ORIGIN_COUNTRY_NAME":"United States","DEST_COUNTRY_NAME":"Thailand","count":12}
{"ORIGIN_COUNTRY_NAME":"Palau","DEST_COUNTRY_NAME":"United States","count":41}
{"ORIGIN_COUNTRY_NAME":"United States","DEST_COUNTRY_NAME":"Venezuela","count":373}
{"ORIGIN_COUNTRY_NAME":"Samoa","DEST_COUNTRY_NAME":"United States","count":25}
{"ORIGIN_COUNTRY_NAME":"Algeria","DEST_COUNTRY_NAME":"United States","count":1}
{"ORIGIN_COUNTRY_NAME":"United States","DEST_COUNTRY_NAME":"Panama","count":397}
{"ORIGIN_COUNTRY_NAME":"Venezuela","DEST_COUNTRY_NAME":"United States","count":352}
{"ORIGIN_COUNTRY_NAME":"United States","DEST_COUNTRY_NAME":"Guinea","count":5}
{"ORIGIN_COUNTRY_NAME":"United States","DEST_COUNTRY_NAME":"Antigua and Barbuda","count":146}
{"ORIGIN_COUNTRY_NAME":"Finland","DEST_COUNTRY_NAME":"United States","count":32}
{"ORIGIN_COUNTRY_NAME":"Chile","DEST_COUNTRY_NAME":"United States","count":182}
{"ORIGIN_COUNTRY_NAME":"Greece","DEST_COUNTRY_NAME":"United States","count":45}
{"ORIGIN_COUNTRY_NAME":"United States","DEST_COUNTRY_NAME":"Morocco","count":19}
{"ORIGIN_COUNTRY_NAME":"The Bahamas","DEST_COUNTRY_NAME":"United States","count":888}
{"ORIGIN_COUNTRY_NAME":"Brunei","DEST_COUNTRY_NAME":"United States","count":1}
{"ORIGIN_COUNTRY_NAME":"United States","DEST_COUNTRY_NAME":"New Zealand","count":96}
{"ORIGIN_COUNTRY_NAME":"Hong Kong","DEST_COUNTRY_NAME":"United States","count":317}
{"ORIGIN_COUNTRY_NAME":"United States","DEST_COUNTRY_NAME":"Hungary","count":13}
{"ORIGIN_COUNTRY_NAME":"China","DEST_COUNTRY_NAME":"United States","count":605}
{"ORIGIN_COUNTRY_NAME":"United States","DEST_COUNTRY_NAME":"Sweden","count":59}
{"ORIGIN_COUNTRY_NAME":"Kuwait","DEST_COUNTRY_NAME":"United States","count":27}
{"ORIGIN_COUNTRY_NAME":"Dominican Republic","DEST_COUNTRY_NAME":"United States","count":1100}
{"ORIGIN_COUNTRY_NAME":"Egypt","DEST_COUNTRY_NAME":"United States","count":15}
{"ORIGIN_COUNTRY_NAME":"United States","DEST_COUNTRY_NAME":"Israel","count":121}
{"ORIGIN_COUNTRY_NAME":"United States","DEST_COUNTRY_NAME":"United States","count":352742}
{"ORIGIN_COUNTRY_NAME":"Luxembourg","DEST_COUNTRY_NAME":"United States","count":170}
{"ORIGIN_COUNTRY_NAME":"United States","DEST_COUNTRY_NAME":"Ethiopia","count":12}
{"ORIGIN_COUNTRY_NAME":"Poland","DEST_COUNTRY_NAME":"United States","count":42}
{"ORIGIN_COUNTRY_NAME":"United States","DEST_COUNTRY_NAME":"Martinique","count":20}
{"ORIGIN_COUNTRY_NAME":"United States","DEST_COUNTRY_NAME":"Saint Barthelemy","count":38}
{"ORIGIN_COUNTRY_NAME":"Saint Barthelemy","DEST_COUNTRY_NAME":"United States","count":39}
{"ORIGIN_COUNTRY_NAME":"United States","DEST_COUNTRY_NAME":"Barbados","count":129}
{"ORIGIN_COUNTRY_NAME":"Turkey","DEST_COUNTRY_NAME":"United States","count":99}
{"ORIGIN_COUNTRY_NAME":"Azerbaijan","DEST_COUNTRY_NAME":"United States","count":3}
{"ORIGIN_COUNTRY_NAME":"United States","DEST_COUNTRY_NAME":"Germany","count":1423}
{"ORIGIN_COUNTRY_NAME":"South Korea","DEST_COUNTRY_NAME":"United States","count":661}
{"ORIGIN_COUNTRY_NAME":"El Salvador","DEST_COUNTRY_NAME":"United States","count":443}
{"ORIGIN_COUNTRY_NAME":"United States","DEST_COUNTRY_NAME":"Ireland","count":250}
{"ORIGIN_COUNTRY_NAME":"Hungary","DEST_COUNTRY_NAME":"United States","count":17}
{"ORIGIN_COUNTRY_NAME":"United States","DEST_COUNTRY_NAME":"Malaysia","count":2}
{"ORIGIN_COUNTRY_NAME":"Panama","DEST_COUNTRY_NAME":"United States","count":380}
{"ORIGIN_COUNTRY_NAME":"Ethiopia","DEST_COUNTRY_NAME":"United States","count":12}
{"ORIGIN_COUNTRY_NAME":"Thailand","DEST_COUNTRY_NAME":"United States","count":14}
{"ORIGIN_COUNTRY_NAME":"Aruba","DEST_COUNTRY_NAME":"United States","count":332}
{"ORIGIN_COUNTRY_NAME":"Turks and Caicos Islands","DEST_COUNTRY_NAME":"United States","count":177}
{"ORIGIN_COUNTRY_NAME":"United States","DEST_COUNTRY_NAME":"Croatia","count":2}
{"ORIGIN_COUNTRY_NAME":"Pakistan","DEST_COUNTRY_NAME":"United States","count":24}
{"ORIGIN_COUNTRY_NAME":"Honduras","DEST_COUNTRY_NAME":"United States","count":388}
{"ORIGIN_COUNTRY_NAME":"United States","DEST_COUNTRY_NAME":"Qatar","count":48}
{"ORIGIN_COUNTRY_NAME":"United States","DEST_COUNTRY_NAME":"Fiji","count":49}
{"ORIGIN_COUNTRY_NAME":"United States","DEST_COUNTRY_NAME":"Saint Kitts and Nevis","count":105}
{"ORIGIN_COUNTRY_NAME":"United States","DEST_COUNTRY_NAME":"Taiwan","count":248}
{"ORIGIN_COUNTRY_NAME":"United States","DEST_COUNTRY_NAME":"Haiti","count":188}
{"ORIGIN_COUNTRY_NAME":"United States","DEST_COUNTRY_NAME":"Kuwait","count":27}
{"ORIGIN_COUNTRY_NAME":"United States","DEST_COUNTRY_NAME":"Canada","count":8514}
{"ORIGIN_COUNTRY_NAME":"United States","DEST_COUNTRY_NAME":"Belarus","count":1}
{"ORIGIN_COUNTRY_NAME":"United States","DEST_COUNTRY_NAME":"Federated States of Micronesia","count":48}
{"ORIGIN_COUNTRY_NAME":"United States","DEST_COUNTRY_NAME":"Jamaica","count":675}
{"ORIGIN_COUNTRY_NAME":"Malta","DEST_COUNTRY_NAME":"United States","count":3}
{"ORIGIN_COUNTRY_NAME":"United States","DEST_COUNTRY_NAME":"Dominican Republic","count":1020}
{"ORIGIN_COUNTRY_NAME":"United States","DEST_COUNTRY_NAME":"Japan","count":1532}
{"ORIGIN_COUNTRY_NAME":"Lithuania","DEST_COUNTRY_NAME":"United States","count":1}
{"ORIGIN_COUNTRY_NAME":"Saint Vincent and the Grenadines","DEST_COUNTRY_NAME":"United States","count":17}
{"ORIGIN_COUNTRY_NAME":"United States","DEST_COUNTRY_NAME":"Finland","count":33}
{"ORIGIN_COUNTRY_NAME":"Ukraine","DEST_COUNTRY_NAME":"United States","count":15}
{"ORIGIN_COUNTRY_NAME":"Guadeloupe","DEST_COUNTRY_NAME":"United States","count":31}
{"ORIGIN_COUNTRY_NAME":"France","DEST_COUNTRY_NAME":"United States","count":914}
{"ORIGIN_COUNTRY_NAME":"United States","DEST_COUNTRY_NAME":"Aruba","count":347}
{"ORIGIN_COUNTRY_NAME":"United States","DEST_COUNTRY_NAME":"French Guiana","count":14}
{"ORIGIN_COUNTRY_NAME":"Norway","DEST_COUNTRY_NAME":"United States","count":33}
{"ORIGIN_COUNTRY_NAME":"Kiribati","DEST_COUNTRY_NAME":"United States","count":28}
{"ORIGIN_COUNTRY_NAME":"United States","DEST_COUNTRY_NAME":"India","count":73}
{"ORIGIN_COUNTRY_NAME":"United States","DEST_COUNTRY_NAME":"British Virgin Islands","count":73}
{"ORIGIN_COUNTRY_NAME":"Germany","DEST_COUNTRY_NAME":"United States","count":1480}
{"ORIGIN_COUNTRY_NAME":"United States","DEST_COUNTRY_NAME":"Brazil","count":969}
{"ORIGIN_COUNTRY_NAME":"New Zealand","DEST_COUNTRY_NAME":"United States","count":77}
{"ORIGIN_COUNTRY_NAME":"United States","DEST_COUNTRY_NAME":"French Polynesia","count":36}
{"ORIGIN_COUNTRY_NAME":"United States","DEST_COUNTRY_NAME":"United Arab Emirates","count":157}
{"ORIGIN_COUNTRY_NAME":"United States","DEST_COUNTRY_NAME":"Singapore","count":27}
{"ORIGIN_COUNTRY_NAME":"Mexico","DEST_COUNTRY_NAME":"United States","count":6000}
{"ORIGIN_COUNTRY_NAME":"United States","DEST_COUNTRY_NAME":"Netherlands","count":635}
{"ORIGIN_COUNTRY_NAME":"Sweden","DEST_COUNTRY_NAME":"United States","count":68}
{"ORIGIN_COUNTRY_NAME":"Martinique","DEST_COUNTRY_NAME":"United States","count":20}
{"ORIGIN_COUNTRY_NAME":"United Arab Emirates","DEST_COUNTRY_NAME":"United States","count":142}
{"ORIGIN_COUNTRY_NAME":"United States","DEST_COUNTRY_NAME":"China","count":504}
{"ORIGIN_COUNTRY_NAME":"Philippines","DEST_COUNTRY_NAME":"United States","count":109}
{"ORIGIN_COUNTRY_NAME":"Nicaragua","DEST_COUNTRY_NAME":"United States","count":173}
{"ORIGIN_COUNTRY_NAME":"United States","DEST_COUNTRY_NAME":"Denmark","count":95}
{"ORIGIN_COUNTRY_NAME":"Georgia","DEST_COUNTRY_NAME":"United States","count":1}
{"ORIGIN_COUNTRY_NAME":"Belgium","DEST_COUNTRY_NAME":"United States","count":369}
{"ORIGIN_COUNTRY_NAME":"United States","DEST_COUNTRY_NAME":"Libya","count":1}
{"ORIGIN_COUNTRY_NAME":"United States","DEST_COUNTRY_NAME":"Argentina","count":183}
{"ORIGIN_COUNTRY_NAME":"United States","DEST_COUNTRY_NAME":"Peru","count":246}
{"ORIGIN_COUNTRY_NAME":"United States","DEST_COUNTRY_NAME":"Cayman Islands","count":251}
{"ORIGIN_COUNTRY_NAME":"United States","DEST_COUNTRY_NAME":"South Africa","count":24}
{"ORIGIN_COUNTRY_NAME":"Argentina","DEST_COUNTRY_NAME":"United States","count":152}
{"ORIGIN_COUNTRY_NAME":"Iceland","DEST_COUNTRY_NAME":"United States","count":138}
{"ORIGIN_COUNTRY_NAME":"United States","DEST_COUNTRY_NAME":"Spain","count":445}
{"ORIGIN_COUNTRY_NAME":"United States","DEST_COUNTRY_NAME":"Bermuda","count":191}
{"ORIGIN_COUNTRY_NAME":"Austria","DEST_COUNTRY_NAME":"United States","count":34}
{"ORIGIN_COUNTRY_NAME":"Nigeria","DEST_COUNTRY_NAME":"United States","count":26}
{"ORIGIN_COUNTRY_NAME":"Bonaire, Sint Eustatius, and Saba","DEST_COUNTRY_NAME":"United States","count":49}
{"ORIGIN_COUNTRY_NAME":"United States","DEST_COUNTRY_NAME":"Kiribati","count":28}
{"ORIGIN_COUNTRY_NAME":"United States","DEST_COUNTRY_NAME":"Czech Republic","count":23}
{"ORIGIN_COUNTRY_NAME":"United States","DEST_COUNTRY_NAME":"Saudi Arabia","count":83}
{"ORIGIN_COUNTRY_NAME":"United States","DEST_COUNTRY_NAME":"Macau","count":2}
{"ORIGIN_COUNTRY_NAME":"United States","DEST_COUNTRY_NAME":"Belgium","count":376}
{"ORIGIN_COUNTRY_NAME":"Israel","DEST_COUNTRY_NAME":"United States","count":126}
{"ORIGIN_COUNTRY_NAME":"Saint Lucia","DEST_COUNTRY_NAME":"United States","count":102}
{"ORIGIN_COUNTRY_NAME":"Bahrain","DEST_COUNTRY_NAME":"United States","count":2}
{"ORIGIN_COUNTRY_NAME":"British Virgin Islands","DEST_COUNTRY_NAME":"United States","count":65}
{"ORIGIN_COUNTRY_NAME":"United States","DEST_COUNTRY_NAME":"Afghanistan","count":8}
{"ORIGIN_COUNTRY_NAME":"United States","DEST_COUNTRY_NAME":"Curacao","count":106}
{"ORIGIN_COUNTRY_NAME":"United States","DEST_COUNTRY_NAME":"Georgia","count":1}
{"ORIGIN_COUNTRY_NAME":"Guyana","DEST_COUNTRY_NAME":"United States","count":29}
{"ORIGIN_COUNTRY_NAME":"United States","DEST_COUNTRY_NAME":"Philippines","count":127}
{"ORIGIN_COUNTRY_NAME":"Denmark","DEST_COUNTRY_NAME":"United States","count":103}
{"ORIGIN_COUNTRY_NAME":"United States","DEST_COUNTRY_NAME":"Grenada","count":67}
{"ORIGIN_COUNTRY_NAME":"United States","DEST_COUNTRY_NAME":"Cape Verde","count":13}
{"ORIGIN_COUNTRY_NAME":"United States","DEST_COUNTRY_NAME":"Ukraine","count":15}
{"ORIGIN_COUNTRY_NAME":"Papua New Guinea","DEST_COUNTRY_NAME":"United States","count":1}
{"ORIGIN_COUNTRY_NAME":"United States","DEST_COUNTRY_NAME":"Russia","count":199}
{"ORIGIN_COUNTRY_NAME":"Saudi Arabia","DEST_COUNTRY_NAME":"United States","count":77}
{"ORIGIN_COUNTRY_NAME":"United States","DEST_COUNTRY_NAME":"Guatemala","count":407}
{"ORIGIN_COUNTRY_NAME":"United States","DEST_COUNTRY_NAME":"Saint Lucia","count":102}
{"ORIGIN_COUNTRY_NAME":"United States","DEST_COUNTRY_NAME":"Paraguay","count":85}
{"ORIGIN_COUNTRY_NAME":"Curacao","DEST_COUNTRY_NAME":"United States","count":97}
{"ORIGIN_COUNTRY_NAME":"Taiwan","DEST_COUNTRY_NAME":"United States","count":231}
{"ORIGIN_COUNTRY_NAME":"South Africa","DEST_COUNTRY_NAME":"United States","count":21}
{"ORIGIN_COUNTRY_NAME":"United States","DEST_COUNTRY_NAME":"Togo","count":1}
{"ORIGIN_COUNTRY_NAME":"United States","DEST_COUNTRY_NAME":"Turkey","count":104}
{"ORIGIN_COUNTRY_NAME":"United States","DEST_COUNTRY_NAME":"United Kingdom","count":1726}
{"ORIGIN_COUNTRY_NAME":"United States","DEST_COUNTRY_NAME":"Romania","count":4}
{"ORIGIN_COUNTRY_NAME":"Greenland","DEST_COUNTRY_NAME":"United States","count":2}
{"ORIGIN_COUNTRY_NAME":"Spain","DEST_COUNTRY_NAME":"United States","count":472}
{"ORIGIN_COUNTRY_NAME":"United States","DEST_COUNTRY_NAME":"Cuba","count":320}
{"ORIGIN_COUNTRY_NAME":"Italy","DEST_COUNTRY_NAME":"United States","count":447}
{"ORIGIN_COUNTRY_NAME":"Switzerland","DEST_COUNTRY_NAME":"United States","count":319}
{"ORIGIN_COUNTRY_NAME":"United States","DEST_COUNTRY_NAME":"Dominica","count":25}
{"ORIGIN_COUNTRY_NAME":"Japan","DEST_COUNTRY_NAME":"United States","count":1412}
{"ORIGIN_COUNTRY_NAME":"United States","DEST_COUNTRY_NAME":"Portugal","count":95}
{"ORIGIN_COUNTRY_NAME":"Brazil","DEST_COUNTRY_NAME":"United States","count":575}
{"ORIGIN_COUNTRY_NAME":"United States","DEST_COUNTRY_NAME":"Bahrain","count":40}
{"ORIGIN_COUNTRY_NAME":"Peru","DEST_COUNTRY_NAME":"United States","count":288}
{"ORIGIN_COUNTRY_NAME":"United States","DEST_COUNTRY_NAME":"Vietnam","count":1}
{"ORIGIN_COUNTRY_NAME":"United Kingdom","DEST_COUNTRY_NAME":"United States","count":1649}
{"ORIGIN_COUNTRY_NAME":"Belize","DEST_COUNTRY_NAME":"United States","count":112}
{"ORIGIN_COUNTRY_NAME":"United States","DEST_COUNTRY_NAME":"Belize","count":113}
{"ORIGIN_COUNTRY_NAME":"Ghana","DEST_COUNTRY_NAME":"United States","count":39}
{"ORIGIN_COUNTRY_NAME":"United States","DEST_COUNTRY_NAME":"Mauritania","count":1}
{"ORIGIN_COUNTRY_NAME":"United States","DEST_COUNTRY_NAME":"Saint Martin","count":1}
{"ORIGIN_COUNTRY_NAME":"Indonesia","DEST_COUNTRY_NAME":"United States","count":1}
{"ORIGIN_COUNTRY_NAME":"Fiji","DEST_COUNTRY_NAME":"United States","count":48}
{"ORIGIN_COUNTRY_NAME":"Mauritania","DEST_COUNTRY_NAME":"United States","count":1}
{"ORIGIN_COUNTRY_NAME":"Canada","DEST_COUNTRY_NAME":"United States","count":8650}
{"ORIGIN_COUNTRY_NAME":"Antigua and Barbuda","DEST_COUNTRY_NAME":"United States","count":152}
{"ORIGIN_COUNTRY_NAME":"French Polynesia","DEST_COUNTRY_NAME":"United States","count":36}
{"ORIGIN_COUNTRY_NAME":"United States","DEST_COUNTRY_NAME":"Nicaragua","count":180}
{"ORIGIN_COUNTRY_NAME":"United States","DEST_COUNTRY_NAME":"Namibia","count":1}
{"ORIGIN_COUNTRY_NAME":"Latvia","DEST_COUNTRY_NAME":"United States","count":12}
{"ORIGIN_COUNTRY_NAME":"Dominica","DEST_COUNTRY_NAME":"United States","count":29}
{"ORIGIN_COUNTRY_NAME":"Czech Republic","DEST_COUNTRY_NAME":"United States","count":25}
{"ORIGIN_COUNTRY_NAME":"Australia","DEST_COUNTRY_NAME":"United States","count":231}
{"ORIGIN_COUNTRY_NAME":"Cook Islands","DEST_COUNTRY_NAME":"United States","count":12}
{"ORIGIN_COUNTRY_NAME":"United States","DEST_COUNTRY_NAME":"Austria","count":34}
{"ORIGIN_COUNTRY_NAME":"United States","DEST_COUNTRY_NAME":"Palau","count":41}
{"ORIGIN_COUNTRY_NAME":"United States","DEST_COUNTRY_NAME":"Jordan","count":42}
{"ORIGIN_COUNTRY_NAME":"United States","DEST_COUNTRY_NAME":"South Korea","count":713}
{"ORIGIN_COUNTRY_NAME":"United States","DEST_COUNTRY_NAME":"Ghana","count":39}
{"ORIGIN_COUNTRY_NAME":"United States","DEST_COUNTRY_NAME":"Angola","count":13}
{"ORIGIN_COUNTRY_NAME":"United States","DEST_COUNTRY_NAME":"Guadeloupe","count":33}
{"ORIGIN_COUNTRY_NAME":"United States","DEST_COUNTRY_NAME":"France","count":876}
{"ORIGIN_COUNTRY_NAME":"United States","DEST_COUNTRY_NAME":"Nigeria","count":31}
{"ORIGIN_COUNTRY_NAME":"United States","DEST_COUNTRY_NAME":"Poland","count":39}
{"ORIGIN_COUNTRY_NAME":"Uruguay","DEST_COUNTRY_NAME":"United States","count":27}
{"ORIGIN_COUNTRY_NAME":"United States","DEST_COUNTRY_NAME":"Greenland","count":1}
{"ORIGIN_COUNTRY_NAME":"United States","DEST_COUNTRY_NAME":"Chile","count":178}
{"ORIGIN_COUNTRY_NAME":"Bermuda","DEST_COUNTRY_NAME":"United States","count":196}
{"ORIGIN_COUNTRY_NAME":"United States","DEST_COUNTRY_NAME":"Lebanon","count":1}
{"ORIGIN_COUNTRY_NAME":"Cuba","DEST_COUNTRY_NAME":"United States","count":326}
{"ORIGIN_COUNTRY_NAME":"Colombia","DEST_COUNTRY_NAME":"United States","count":777}
{"ORIGIN_COUNTRY_NAME":"Barbados","DEST_COUNTRY_NAME":"United States","count":125}
{"ORIGIN_COUNTRY_NAME":"Qatar","DEST_COUNTRY_NAME":"United States","count":48}
{"ORIGIN_COUNTRY_NAME":"United States","DEST_COUNTRY_NAME":"Australia","count":280}
{"ORIGIN_COUNTRY_NAME":"Cayman Islands","DEST_COUNTRY_NAME":"United States","count":262}
{"ORIGIN_COUNTRY_NAME":"Jordan","DEST_COUNTRY_NAME":"United States","count":45}
{"ORIGIN_COUNTRY_NAME":"Bolivia","DEST_COUNTRY_NAME":"United States","count":51}
{"ORIGIN_COUNTRY_NAME":"Trinidad and Tobago","DEST_COUNTRY_NAME":"United States","count":213}
{"ORIGIN_COUNTRY_NAME":"United States","DEST_COUNTRY_NAME":"Uruguay","count":50}
{"ORIGIN_COUNTRY_NAME":"United States","DEST_COUNTRY_NAME":"Cook Islands","count":12}
{"ORIGIN_COUNTRY_NAME":"Saint Kitts and Nevis","DEST_COUNTRY_NAME":"United States","count":120}
{"ORIGIN_COUNTRY_NAME":"United States","DEST_COUNTRY_NAME":"Bulgaria","count":4}
{"ORIGIN_COUNTRY_NAME":"French Guiana","DEST_COUNTRY_NAME":"United States","count":11}
{"ORIGIN_COUNTRY_NAME":"Haiti","DEST_COUNTRY_NAME":"United States","count":197}
{"ORIGIN_COUNTRY_NAME":"United States","DEST_COUNTRY_NAME":"Bonaire, Sint Eustatius, and Saba","count":50}
{"ORIGIN_COUNTRY_NAME":"United States","DEST_COUNTRY_NAME":"Greece","count":38}
