{"ORIGIN_COUNTRY_NAME":"Croatia","DEST_COUNTRY_NAME":"United States","count":1}
{"ORIGIN_COUNTRY_NAME":"Ireland","DEST_COUNTRY_NAME":"United States","count":252}
{"ORIGIN_COUNTRY_NAME":"United States","DEST_COUNTRY_NAME":"Egypt","count":13}
{"ORIGIN_COUNTRY_NAME":"India","DEST_COUNTRY_NAME":"United States","count":62}
{"ORIGIN_COUNTRY_NAME":"Singapore","DEST_COUNTRY_NAME":"United States","count":25}
{"ORIGIN_COUNTRY_NAME":"Grenada","DEST_COUNTRY_NAME":"United States","count":46}
{"ORIGIN_COUNTRY_NAME":"United States","DEST_COUNTRY_NAME":"Costa Rica","count":522}
{"ORIGIN_COUNTRY_NAME":"United States","DEST_COUNTRY_NAME":"Senegal","count":31}
{"ORIGIN_COUNTRY_NAME":"United States","DEST_COUNTRY_NAME":"Guyana","count":65}
{"ORIGIN_COUNTRY_NAME":"Marshall Islands","DEST_COUNTRY_NAME":"United States","count":30}
{"ORIGIN_COUNTRY_NAME":"Sint Maarten","DEST_COUNTRY_NAME":"United States","count":245}
{"ORIGIN_COUNTRY_NAME":"United States","DEST_COUNTRY_NAME":"Bolivia","count":35}
{"ORIGIN_COUNTRY_NAME":"United States","DEST_COUNTRY_NAME":"Anguilla","count":19}
{"ORIGIN_COUNTRY_NAME":"Paraguay","DEST_COUNTRY_NAME":"United States","count":5}
{"ORIGIN_COUNTRY_NAME":"Afghanistan","DEST_COUNTRY_NAME":"United States","count":5}
{"ORIGIN_COUNTRY_NAME":"United States","DEST_COUNTRY_NAME":"Turks and Caicos Islands","count":183}
{"ORIGIN_COUNTRY_NAME":"United States","DEST_COUNTRY_NAME":"Saint Vincent and the Grenadines","count":6}
{"ORIGIN_COUNTRY_NAME":"United States","DEST_COUNTRY_NAME":"Italy","count":381}
{"ORIGIN_COUNTRY_NAME":"United States","DEST_COUNTRY_NAME":"Pakistan","count":12}
{"ORIGIN_COUNTRY_NAME":"Russia","DEST_COUNTRY_NAME":"United States","count":148}
{"ORIGIN_COUNTRY_NAME":"Federated States of Micronesia","DEST_COUNTRY_NAME":"United States","count":63}
{"ORIGIN_COUNTRY_NAME":"Netherlands","DEST_COUNTRY_NAME":"United States","count":607}
{"ORIGIN_COUNTRY_NAME":"United States","DEST_COUNTRY_NAME":"Iceland","count":137}
{"ORIGIN_COUNTRY_NAME":"United States","DEST_COUNTRY_NAME":"Marshall Islands","count":60}
{"ORIGIN_COUNTRY_NAME":"Togo","DEST_COUNTRY_NAME":"United States","count":1}
{"ORIGIN_COUNTRY_NAME":"United States","DEST_COUNTRY_NAME":"Luxembourg","count":111}
{"ORIGIN_COUNTRY_NAME":"United States","DEST_COUNTRY_NAME":"Honduras","count":413}
{"ORIGIN_COUNTRY_NAME":"United States","DEST_COUNTRY_NAME":"The Bahamas","count":975}
{"ORIGIN_COUNTRY_NAME":"United States","DEST_COUNTRY_NAME":"El Salvador","count":539}
{"ORIGIN_COUNTRY_NAME":"Senegal","DEST_COUNTRY_NAME":"United States","count":33}
{"ORIGIN_COUNTRY_NAME":"Solomon Islands","DEST_COUNTRY_NAME":"United States","count":1}
{"ORIGIN_COUNTRY_NAME":"Angola","DEST_COUNTRY_NAME":"United States","count":12}
{"ORIGIN_COUNTRY_NAME":"United States","DEST_COUNTRY_NAME":"Samoa","count":25}
{"ORIGIN_COUNTRY_NAME":"United States","DEST_COUNTRY_NAME":"Kazakhstan","count":1}
{"ORIGIN_COUNTRY_NAME":"United States","DEST_COUNTRY_NAME":"Switzerland","count":285}
{"ORIGIN_COUNTRY_NAME":"Anguilla","DEST_COUNTRY_NAME":"United States","count":19}
{"ORIGIN_COUNTRY_NAME":"United States","DEST_COUNTRY_NAME":"Sint Maarten","count":243}
{"ORIGIN_COUNTRY_NAME":"United States","DEST_COUNTRY_NAME":"Hong Kong","count":296}
{"ORIGIN_COUNTRY_NAME":"United States","DEST_COUNTRY_NAME":"Trinidad and Tobago","count":216}
{"ORIGIN_COUNTRY_NAME":"United States","DEST_COUNTRY_NAME":"Latvia","count":13}
{"ORIGIN_COUNTRY_NAME":"Ecuador","DEST_COUNTRY_NAME":"United States","count":321}
{"ORIGIN_COUNTRY_NAME":"United States","DEST_COUNTRY_NAME":"Suriname","count":14}
{"ORIGIN_COUNTRY_NAME":"United States","DEST_COUNTRY_NAME":"Mexico","count":5983}
{"ORIGIN_COUNTRY_NAME":"United States","DEST_COUNTRY_NAME":"Ecuador","count":239}
{"ORIGIN_COUNTRY_NAME":"Portugal","DEST_COUNTRY_NAME":"United States","count":111}
{"ORIGIN_COUNTRY_NAME":"Costa Rica","DEST_COUNTRY_NAME":"United States","count":555}
{"ORIGIN_COUNTRY_NAME":"Guatemala","DEST_COUNTRY_NAME":"United States","count":345}
{"ORIGIN_COUNTRY_NAME":"Suriname","DEST_COUNTRY_NAME":"United States","count":26}
{"ORIGIN_COUNTRY_NAME":"United States","DEST_COUNTRY_NAME":"Colombia","count":759}
{"ORIGIN_COUNTRY_NAME":"The Gambia","DEST_COUNTRY_NAME":"United States","count":1}
{"ORIGIN_COUNTRY_NAME":"Cape Verde","DEST_COUNTRY_NAME":"United States","count":18}
{"ORIGIN_COUNTRY_NAME":"Jamaica","DEST_COUNTRY_NAME":"United States","count":610}
{"ORIGIN_COUNTRY_NAME":"United States","DEST_COUNTRY_NAME":"Norway","count":31}
{"ORIGIN_COUNTRY_NAME":"United States","DEST_COUNTRY_NAME":"The Gambia","count":2}
{"ORIGIN_COUNTRY_NAME":"Morocco","DEST_COUNTRY_NAME":"United States","count":16}
{"ORIGIN_COUNTRY_NAME":"United States","DEST_COUNTRY_NAME":"Thailand","count":6}
{"ORIGIN_COUNTRY_NAME":"United States","DEST_COUNTRY_NAME":"Venezuela","count":389}
{"ORIGIN_COUNTRY_NAME":"Samoa","DEST_COUNTRY_NAME":"United States","count":25}
{"ORIGIN_COUNTRY_NAME":"Palau","DEST_COUNTRY_NAME":"United States","count":35}
{"ORIGIN_COUNTRY_NAME":"Venezuela","DEST_COUNTRY_NAME":"United States","count":360}
{"ORIGIN_COUNTRY_NAME":"United States","DEST_COUNTRY_NAME":"Panama","count":394}
{"ORIGIN_COUNTRY_NAME":"Chile","DEST_COUNTRY_NAME":"United States","count":201}
{"ORIGIN_COUNTRY_NAME":"Finland","DEST_COUNTRY_NAME":"United States","count":21}
{"ORIGIN_COUNTRY_NAME":"United States","DEST_COUNTRY_NAME":"Antigua and Barbuda","count":145}
{"ORIGIN_COUNTRY_NAME":"United States","DEST_COUNTRY_NAME":"Morocco","count":15}
{"ORIGIN_COUNTRY_NAME":"Greece","DEST_COUNTRY_NAME":"United States","count":21}
{"ORIGIN_COUNTRY_NAME":"The Bahamas","DEST_COUNTRY_NAME":"United States","count":1054}
{"ORIGIN_COUNTRY_NAME":"United States","DEST_COUNTRY_NAME":"New Zealand","count":92}
{"ORIGIN_COUNTRY_NAME":"Hong Kong","DEST_COUNTRY_NAME":"United States","count":331}
{"ORIGIN_COUNTRY_NAME":"United States","DEST_COUNTRY_NAME":"Hungary","count":2}
{"ORIGIN_COUNTRY_NAME":"Tunisia","DEST_COUNTRY_NAME":"United States","count":1}
{"ORIGIN_COUNTRY_NAME":"China","DEST_COUNTRY_NAME":"United States","count":610}
{"ORIGIN_COUNTRY_NAME":"United States","DEST_COUNTRY_NAME":"Sweden","count":50}
{"ORIGIN_COUNTRY_NAME":"Kuwait","DEST_COUNTRY_NAME":"United States","count":28}
{"ORIGIN_COUNTRY_NAME":"Dominican Republic","DEST_COUNTRY_NAME":"United States","count":1123}
{"ORIGIN_COUNTRY_NAME":"Egypt","DEST_COUNTRY_NAME":"United States","count":12}
{"ORIGIN_COUNTRY_NAME":"United States","DEST_COUNTRY_NAME":"Israel","count":117}
{"ORIGIN_COUNTRY_NAME":"United States","DEST_COUNTRY_NAME":"United States","count":347452}
{"ORIGIN_COUNTRY_NAME":"Luxembourg","DEST_COUNTRY_NAME":"United States","count":123}
{"ORIGIN_COUNTRY_NAME":"United States","DEST_COUNTRY_NAME":"Ethiopia","count":12}
{"ORIGIN_COUNTRY_NAME":"Poland","DEST_COUNTRY_NAME":"United States","count":40}
{"ORIGIN_COUNTRY_NAME":"United States","DEST_COUNTRY_NAME":"Martinique","count":17}
{"ORIGIN_COUNTRY_NAME":"Saint Barthelemy","DEST_COUNTRY_NAME":"United States","count":49}
{"ORIGIN_COUNTRY_NAME":"United States","DEST_COUNTRY_NAME":"Saint Barthelemy","count":49}
{"ORIGIN_COUNTRY_NAME":"United States","DEST_COUNTRY_NAME":"Barbados","count":121}
{"ORIGIN_COUNTRY_NAME":"Azerbaijan","DEST_COUNTRY_NAME":"United States","count":1}
{"ORIGIN_COUNTRY_NAME":"Turkey","DEST_COUNTRY_NAME":"United States","count":89}
{"ORIGIN_COUNTRY_NAME":"United States","DEST_COUNTRY_NAME":"Germany","count":1404}
{"ORIGIN_COUNTRY_NAME":"United States","DEST_COUNTRY_NAME":"Kyrgyzstan","count":1}
{"ORIGIN_COUNTRY_NAME":"South Korea","DEST_COUNTRY_NAME":"United States","count":703}
{"ORIGIN_COUNTRY_NAME":"El Salvador","DEST_COUNTRY_NAME":"United States","count":465}
{"ORIGIN_COUNTRY_NAME":"United States","DEST_COUNTRY_NAME":"Ireland","count":255}
{"ORIGIN_COUNTRY_NAME":"Panama","DEST_COUNTRY_NAME":"United States","count":393}
{"ORIGIN_COUNTRY_NAME":"Ethiopia","DEST_COUNTRY_NAME":"United States","count":12}
{"ORIGIN_COUNTRY_NAME":"Thailand","DEST_COUNTRY_NAME":"United States","count":6}
{"ORIGIN_COUNTRY_NAME":"Aruba","DEST_COUNTRY_NAME":"United States","count":332}
{"ORIGIN_COUNTRY_NAME":"Turks and Caicos Islands","DEST_COUNTRY_NAME":"United States","count":183}
{"ORIGIN_COUNTRY_NAME":"United States","DEST_COUNTRY_NAME":"Croatia","count":1}
{"ORIGIN_COUNTRY_NAME":"Pakistan","DEST_COUNTRY_NAME":"United States","count":16}
{"ORIGIN_COUNTRY_NAME":"Honduras","DEST_COUNTRY_NAME":"United States","count":372}
{"ORIGIN_COUNTRY_NAME":"United States","DEST_COUNTRY_NAME":"Qatar","count":56}
{"ORIGIN_COUNTRY_NAME":"United States","DEST_COUNTRY_NAME":"Fiji","count":28}
{"ORIGIN_COUNTRY_NAME":"United States","DEST_COUNTRY_NAME":"Saint Kitts and Nevis","count":109}
{"ORIGIN_COUNTRY_NAME":"United States","DEST_COUNTRY_NAME":"Taiwan","count":229}
{"ORIGIN_COUNTRY_NAME":"United States","DEST_COUNTRY_NAME":"Haiti","count":224}
{"ORIGIN_COUNTRY_NAME":"United States","DEST_COUNTRY_NAME":"Kuwait","count":26}
{"ORIGIN_COUNTRY_NAME":"United States","DEST_COUNTRY_NAME":"Canada","count":8034}
{"ORIGIN_COUNTRY_NAME":"United States","DEST_COUNTRY_NAME":"Belarus","count":1}
{"ORIGIN_COUNTRY_NAME":"United States","DEST_COUNTRY_NAME":"Federated States of Micronesia","count":54}
{"ORIGIN_COUNTRY_NAME":"United States","DEST_COUNTRY_NAME":"Jamaica","count":617}
{"ORIGIN_COUNTRY_NAME":"United States","DEST_COUNTRY_NAME":"Dominican Republic","count":1078}
{"ORIGIN_COUNTRY_NAME":"United States","DEST_COUNTRY_NAME":"Japan","count":1538}
{"ORIGIN_COUNTRY_NAME":"Saint Vincent and the Grenadines","DEST_COUNTRY_NAME":"United States","count":11}
{"ORIGIN_COUNTRY_NAME":"United States","DEST_COUNTRY_NAME":"Finland","count":22}
{"ORIGIN_COUNTRY_NAME":"Ukraine","DEST_COUNTRY_NAME":"United States","count":13}
{"ORIGIN_COUNTRY_NAME":"Guadeloupe","DEST_COUNTRY_NAME":"United States","count":34}
{"ORIGIN_COUNTRY_NAME":"France","DEST_COUNTRY_NAME":"United States","count":840}
{"ORIGIN_COUNTRY_NAME":"Norway","DEST_COUNTRY_NAME":"United States","count":33}
{"ORIGIN_COUNTRY_NAME":"United States","DEST_COUNTRY_NAME":"Aruba","count":349}
{"ORIGIN_COUNTRY_NAME":"United States","DEST_COUNTRY_NAME":"French Guiana","count":8}
{"ORIGIN_COUNTRY_NAME":"Kiribati","DEST_COUNTRY_NAME":"United States","count":26}
{"ORIGIN_COUNTRY_NAME":"United States","DEST_COUNTRY_NAME":"India","count":61}
{"ORIGIN_COUNTRY_NAME":"United States","DEST_COUNTRY_NAME":"British Virgin Islands","count":83}
{"ORIGIN_COUNTRY_NAME":"United States","DEST_COUNTRY_NAME":"Brazil","count":979}
{"ORIGIN_COUNTRY_NAME":"Germany","DEST_COUNTRY_NAME":"United States","count":1413}
{"ORIGIN_COUNTRY_NAME":"New Zealand","DEST_COUNTRY_NAME":"United States","count":65}
{"ORIGIN_COUNTRY_NAME":"Cambodia","DEST_COUNTRY_NAME":"United States","count":1}
{"ORIGIN_COUNTRY_NAME":"United States","DEST_COUNTRY_NAME":"French Polynesia","count":39}
{"ORIGIN_COUNTRY_NAME":"United States","DEST_COUNTRY_NAME":"United Arab Emirates","count":188}
{"ORIGIN_COUNTRY_NAME":"United States","DEST_COUNTRY_NAME":"Singapore","count":26}
{"ORIGIN_COUNTRY_NAME":"Mexico","DEST_COUNTRY_NAME":"United States","count":5974}
{"ORIGIN_COUNTRY_NAME":"United States","DEST_COUNTRY_NAME":"Netherlands","count":640}
{"ORIGIN_COUNTRY_NAME":"Sweden","DEST_COUNTRY_NAME":"United States","count":54}
{"ORIGIN_COUNTRY_NAME":"Martinique","DEST_COUNTRY_NAME":"United States","count":17}
{"ORIGIN_COUNTRY_NAME":"United Arab Emirates","DEST_COUNTRY_NAME":"United States","count":176}
{"ORIGIN_COUNTRY_NAME":"United States","DEST_COUNTRY_NAME":"China","count":509}
{"ORIGIN_COUNTRY_NAME":"Philippines","DEST_COUNTRY_NAME":"United States","count":112}
{"ORIGIN_COUNTRY_NAME":"United States","DEST_COUNTRY_NAME":"Denmark","count":83}
{"ORIGIN_COUNTRY_NAME":"Nicaragua","DEST_COUNTRY_NAME":"United States","count":183}
{"ORIGIN_COUNTRY_NAME":"United States","DEST_COUNTRY_NAME":"Oman","count":1}
{"ORIGIN_COUNTRY_NAME":"Belgium","DEST_COUNTRY_NAME":"United States","count":275}
{"ORIGIN_COUNTRY_NAME":"United States","DEST_COUNTRY_NAME":"Argentina","count":208}
{"ORIGIN_COUNTRY_NAME":"United States","DEST_COUNTRY_NAME":"Peru","count":249}
{"ORIGIN_COUNTRY_NAME":"United States","DEST_COUNTRY_NAME":"Cayman Islands","count":258}
{"ORIGIN_COUNTRY_NAME":"United States","DEST_COUNTRY_NAME":"South Africa","count":24}
{"ORIGIN_COUNTRY_NAME":"Argentina","DEST_COUNTRY_NAME":"United States","count":170}
{"ORIGIN_COUNTRY_NAME":"Iceland","DEST_COUNTRY_NAME":"United States","count":150}
{"ORIGIN_COUNTRY_NAME":"United States","DEST_COUNTRY_NAME":"Cameroon","count":1}
{"ORIGIN_COUNTRY_NAME":"United States","DEST_COUNTRY_NAME":"Spain","count":390}
{"ORIGIN_COUNTRY_NAME":"United States","DEST_COUNTRY_NAME":"Bermuda","count":190}
{"ORIGIN_COUNTRY_NAME":"Austria","DEST_COUNTRY_NAME":"United States","count":31}
{"ORIGIN_COUNTRY_NAME":"Nigeria","DEST_COUNTRY_NAME":"United States","count":44}
{"ORIGIN_COUNTRY_NAME":"Bonaire, Sint Eustatius, and Saba","DEST_COUNTRY_NAME":"United States","count":44}
{"ORIGIN_COUNTRY_NAME":"United States","DEST_COUNTRY_NAME":"Kiribati","count":26}
{"ORIGIN_COUNTRY_NAME":"United States","DEST_COUNTRY_NAME":"Saudi Arabia","count":72}
{"ORIGIN_COUNTRY_NAME":"United States","DEST_COUNTRY_NAME":"Czech Republic","count":15}
{"ORIGIN_COUNTRY_NAME":"United States","DEST_COUNTRY_NAME":"Macau","count":1}
{"ORIGIN_COUNTRY_NAME":"Bahrain","DEST_COUNTRY_NAME":"United States","count":2}
{"ORIGIN_COUNTRY_NAME":"United States","DEST_COUNTRY_NAME":"Belgium","count":352}
{"ORIGIN_COUNTRY_NAME":"Israel","DEST_COUNTRY_NAME":"United States","count":117}
{"ORIGIN_COUNTRY_NAME":"Saint Lucia","DEST_COUNTRY_NAME":"United States","count":84}
{"ORIGIN_COUNTRY_NAME":"United States","DEST_COUNTRY_NAME":"Sierra Leone","count":1}
{"ORIGIN_COUNTRY_NAME":"United States","DEST_COUNTRY_NAME":"Afghanistan","count":5}
{"ORIGIN_COUNTRY_NAME":"British Virgin Islands","DEST_COUNTRY_NAME":"United States","count":78}
{"ORIGIN_COUNTRY_NAME":"United States","DEST_COUNTRY_NAME":"Curacao","count":107}
{"ORIGIN_COUNTRY_NAME":"United States","DEST_COUNTRY_NAME":"Georgia","count":2}
{"ORIGIN_COUNTRY_NAME":"Guyana","DEST_COUNTRY_NAME":"United States","count":79}
{"ORIGIN_COUNTRY_NAME":"United States","DEST_COUNTRY_NAME":"Philippines","count":136}
{"ORIGIN_COUNTRY_NAME":"Denmark","DEST_COUNTRY_NAME":"United States","count":82}
{"ORIGIN_COUNTRY_NAME":"United States","DEST_COUNTRY_NAME":"Grenada","count":51}
{"ORIGIN_COUNTRY_NAME":"United States","DEST_COUNTRY_NAME":"Cape Verde","count":19}
{"ORIGIN_COUNTRY_NAME":"United States","DEST_COUNTRY_NAME":"Ukraine","count":14}
{"ORIGIN_COUNTRY_NAME":"Papua New Guinea","DEST_COUNTRY_NAME":"United States","count":2}
{"ORIGIN_COUNTRY_NAME":"United States","DEST_COUNTRY_NAME":"Russia","count":183}
{"ORIGIN_COUNTRY_NAME":"Saudi Arabia","DEST_COUNTRY_NAME":"United States","count":70}
{"ORIGIN_COUNTRY_NAME":"United States","DEST_COUNTRY_NAME":"Guatemala","count":413}
{"ORIGIN_COUNTRY_NAME":"United States","DEST_COUNTRY_NAME":"Saint Lucia","count":81}
{"ORIGIN_COUNTRY_NAME":"United States","DEST_COUNTRY_NAME":"Paraguay","count":85}
{"ORIGIN_COUNTRY_NAME":"Curacao","DEST_COUNTRY_NAME":"United States","count":96}
{"ORIGIN_COUNTRY_NAME":"Taiwan","DEST_COUNTRY_NAME":"United States","count":214}
{"ORIGIN_COUNTRY_NAME":"United States","DEST_COUNTRY_NAME":"Tunisia","count":2}
{"ORIGIN_COUNTRY_NAME":"South Africa","DEST_COUNTRY_NAME":"United States","count":29}
{"ORIGIN_COUNTRY_NAME":"United States","DEST_COUNTRY_NAME":"Turkey","count":94}
{"ORIGIN_COUNTRY_NAME":"United States","DEST_COUNTRY_NAME":"United Kingdom","count":1852}
{"ORIGIN_COUNTRY_NAME":"United States","DEST_COUNTRY_NAME":"Solomon Islands","count":2}
{"ORIGIN_COUNTRY_NAME":"Greenland","DEST_COUNTRY_NAME":"United States","count":1}
{"ORIGIN_COUNTRY_NAME":"Spain","DEST_COUNTRY_NAME":"United States","count":393}
{"ORIGIN_COUNTRY_NAME":"Italy","DEST_COUNTRY_NAME":"United States","count":377}
{"ORIGIN_COUNTRY_NAME":"United States","DEST_COUNTRY_NAME":"Cuba","count":340}
{"ORIGIN_COUNTRY_NAME":"Switzerland","DEST_COUNTRY_NAME":"United States","count":282}
{"ORIGIN_COUNTRY_NAME":"United States","DEST_COUNTRY_NAME":"Dominica","count":26}
{"ORIGIN_COUNTRY_NAME":"Japan","DEST_COUNTRY_NAME":"United States","count":1451}
{"ORIGIN_COUNTRY_NAME":"United States","DEST_COUNTRY_NAME":"Portugal","count":112}
{"ORIGIN_COUNTRY_NAME":"United States","DEST_COUNTRY_NAME":"Bahrain","count":65}
{"ORIGIN_COUNTRY_NAME":"Brazil","DEST_COUNTRY_NAME":"United States","count":567}
{"ORIGIN_COUNTRY_NAME":"Peru","DEST_COUNTRY_NAME":"United States","count":292}
{"ORIGIN_COUNTRY_NAME":"United States","DEST_COUNTRY_NAME":"Vietnam","count":2}
{"ORIGIN_COUNTRY_NAME":"United Kingdom","DEST_COUNTRY_NAME":"United States","count":1713}
{"ORIGIN_COUNTRY_NAME":"Belize","DEST_COUNTRY_NAME":"United States","count":108}
{"ORIGIN_COUNTRY_NAME":"United States","DEST_COUNTRY_NAME":"Belize","count":113}
{"ORIGIN_COUNTRY_NAME":"Ghana","DEST_COUNTRY_NAME":"United States","count":31}
{"ORIGIN_COUNTRY_NAME":"United States","DEST_COUNTRY_NAME":"Mauritania","count":1}
{"ORIGIN_COUNTRY_NAME":"Fiji","DEST_COUNTRY_NAME":"United States","count":26}
{"ORIGIN_COUNTRY_NAME":"Canada","DEST_COUNTRY_NAME":"United States","count":8097}
{"ORIGIN_COUNTRY_NAME":"French Polynesia","DEST_COUNTRY_NAME":"United States","count":38}
{"ORIGIN_COUNTRY_NAME":"Antigua and Barbuda","DEST_COUNTRY_NAME":"United States","count":146}
{"ORIGIN_COUNTRY_NAME":"United States","DEST_COUNTRY_NAME":"Nicaragua","count":174}
{"ORIGIN_COUNTRY_NAME":"Latvia","DEST_COUNTRY_NAME":"United States","count":14}
{"ORIGIN_COUNTRY_NAME":"Dominica","DEST_COUNTRY_NAME":"United States","count":25}
{"ORIGIN_COUNTRY_NAME":"Czech Republic","DEST_COUNTRY_NAME":"United States","count":13}
{"ORIGIN_COUNTRY_NAME":"Australia","DEST_COUNTRY_NAME":"United States","count":211}
{"ORIGIN_COUNTRY_NAME":"Cook Islands","DEST_COUNTRY_NAME":"United States","count":12}
{"ORIGIN_COUNTRY_NAME":"United States","DEST_COUNTRY_NAME":"Austria","count":34}
{"ORIGIN_COUNTRY_NAME":"United States","DEST_COUNTRY_NAME":"Jordan","count":41}
{"ORIGIN_COUNTRY_NAME":"United States","DEST_COUNTRY_NAME":"Palau","count":35}
{"ORIGIN_COUNTRY_NAME":"Equatorial Guinea","DEST_COUNTRY_NAME":"United States","count":4}
{"ORIGIN_COUNTRY_NAME":"United States","DEST_COUNTRY_NAME":"South Korea","count":819}
{"ORIGIN_COUNTRY_NAME":"United States","DEST_COUNTRY_NAME":"Angola","count":12}
{"ORIGIN_COUNTRY_NAME":"United States","DEST_COUNTRY_NAME":"Ghana","count":30}
{"ORIGIN_COUNTRY_NAME":"United States","DEST_COUNTRY_NAME":"New Caledonia","count":1}
{"ORIGIN_COUNTRY_NAME":"United States","DEST_COUNTRY_NAME":"Guadeloupe","count":36}
{"ORIGIN_COUNTRY_NAME":"United States","DEST_COUNTRY_NAME":"France","count":818}
{"ORIGIN_COUNTRY_NAME":"United States","DEST_COUNTRY_NAME":"Poland","count":38}
{"ORIGIN_COUNTRY_NAME":"United States","DEST_COUNTRY_NAME":"Nigeria","count":57}
{"ORIGIN_COUNTRY_NAME":"Uruguay","DEST_COUNTRY_NAME":"United States","count":17}
{"ORIGIN_COUNTRY_NAME":"United States","DEST_COUNTRY_NAME":"Greenland","count":1}
{"ORIGIN_COUNTRY_NAME":"United States","DEST_COUNTRY_NAME":"Chile","count":178}
{"ORIGIN_COUNTRY_NAME":"Bermuda","DEST_COUNTRY_NAME":"United States","count":194}
{"ORIGIN_COUNTRY_NAME":"Cuba","DEST_COUNTRY_NAME":"United States","count":341}
{"ORIGIN_COUNTRY_NAME":"Colombia","DEST_COUNTRY_NAME":"United States","count":806}
{"ORIGIN_COUNTRY_NAME":"Barbados","DEST_COUNTRY_NAME":"United States","count":109}
{"ORIGIN_COUNTRY_NAME":"Qatar","DEST_COUNTRY_NAME":"United States","count":56}
{"ORIGIN_COUNTRY_NAME":"United States","DEST_COUNTRY_NAME":"Australia","count":277}
{"ORIGIN_COUNTRY_NAME":"Cayman Islands","DEST_COUNTRY_NAME":"United States","count":247}
{"ORIGIN_COUNTRY_NAME":"Jordan","DEST_COUNTRY_NAME":"United States","count":43}
{"ORIGIN_COUNTRY_NAME":"Trinidad and Tobago","DEST_COUNTRY_NAME":"United States","count":213}
{"ORIGIN_COUNTRY_NAME":"Bolivia","DEST_COUNTRY_NAME":"United States","count":21}
{"ORIGIN_COUNTRY_NAME":"United States","DEST_COUNTRY_NAME":"Uruguay","count":53}
{"ORIGIN_COUNTRY_NAME":"United States","DEST_COUNTRY_NAME":"Cook Islands","count":12}
{"ORIGIN_COUNTRY_NAME":"Saint Kitts and Nevis","DEST_COUNTRY_NAME":"United States","count":124}
{"ORIGIN_COUNTRY_NAME":"United States","DEST_COUNTRY_NAME":"Bulgaria","count":6}
{"ORIGIN_COUNTRY_NAME":"French Guiana","DEST_COUNTRY_NAME":"United States","count":1}
{"ORIGIN_COUNTRY_NAME":"Haiti","DEST_COUNTRY_NAME":"United States","count":234}
{"ORIGIN_COUNTRY_NAME":"United States","DEST_COUNTRY_NAME":"Bonaire, Sint Eustatius, and Saba","count":46}
{"ORIGIN_COUNTRY_NAME":"United States","DEST_COUNTRY_NAME":"Greece","count":17}
