{"ORIGIN_COUNTRY_NAME":"Saint Martin","DEST_COUNTRY_NAME":"United States","count":1}
{"ORIGIN_COUNTRY_NAME":"Romania","DEST_COUNTRY_NAME":"United States","count":12}
{"ORIGIN_COUNTRY_NAME":"Croatia","DEST_COUNTRY_NAME":"United States","count":2}
{"ORIGIN_COUNTRY_NAME":"Ireland","DEST_COUNTRY_NAME":"United States","count":291}
{"ORIGIN_COUNTRY_NAME":"India","DEST_COUNTRY_NAME":"United States","count":62}
{"ORIGIN_COUNTRY_NAME":"United States","DEST_COUNTRY_NAME":"Egypt","count":11}
{"ORIGIN_COUNTRY_NAME":"Grenada","DEST_COUNTRY_NAME":"United States","count":47}
{"ORIGIN_COUNTRY_NAME":"United States","DEST_COUNTRY_NAME":"Costa Rica","count":529}
{"ORIGIN_COUNTRY_NAME":"United States","DEST_COUNTRY_NAME":"Senegal","count":35}
{"ORIGIN_COUNTRY_NAME":"Sint Maarten","DEST_COUNTRY_NAME":"United States","count":290}
{"ORIGIN_COUNTRY_NAME":"United States","DEST_COUNTRY_NAME":"Guyana","count":52}
{"ORIGIN_COUNTRY_NAME":"Marshall Islands","DEST_COUNTRY_NAME":"United States","count":35}
{"ORIGIN_COUNTRY_NAME":"United States","DEST_COUNTRY_NAME":"Malta","count":2}
{"ORIGIN_COUNTRY_NAME":"United States","DEST_COUNTRY_NAME":"Malawi","count":1}
{"ORIGIN_COUNTRY_NAME":"United States","DEST_COUNTRY_NAME":"Bolivia","count":33}
{"ORIGIN_COUNTRY_NAME":"United States","DEST_COUNTRY_NAME":"Anguilla","count":34}
{"ORIGIN_COUNTRY_NAME":"United States","DEST_COUNTRY_NAME":"Algeria","count":9}
{"ORIGIN_COUNTRY_NAME":"Paraguay","DEST_COUNTRY_NAME":"United States","count":14}
{"ORIGIN_COUNTRY_NAME":"United States","DEST_COUNTRY_NAME":"Gibraltar","count":1}
{"ORIGIN_COUNTRY_NAME":"United States","DEST_COUNTRY_NAME":"Turks and Caicos Islands","count":193}
{"ORIGIN_COUNTRY_NAME":"United States","DEST_COUNTRY_NAME":"Saint Vincent and the Grenadines","count":1}
{"ORIGIN_COUNTRY_NAME":"Russia","DEST_COUNTRY_NAME":"United States","count":151}
{"ORIGIN_COUNTRY_NAME":"United States","DEST_COUNTRY_NAME":"Italy","count":366}
{"ORIGIN_COUNTRY_NAME":"United States","DEST_COUNTRY_NAME":"Pakistan","count":12}
{"ORIGIN_COUNTRY_NAME":"Federated States of Micronesia","DEST_COUNTRY_NAME":"United States","count":71}
{"ORIGIN_COUNTRY_NAME":"United States","DEST_COUNTRY_NAME":"Iceland","count":150}
{"ORIGIN_COUNTRY_NAME":"Netherlands","DEST_COUNTRY_NAME":"United States","count":702}
{"ORIGIN_COUNTRY_NAME":"United States","DEST_COUNTRY_NAME":"Marshall Islands","count":46}
{"ORIGIN_COUNTRY_NAME":"United States","DEST_COUNTRY_NAME":"Luxembourg","count":161}
{"ORIGIN_COUNTRY_NAME":"United States","DEST_COUNTRY_NAME":"Honduras","count":411}
{"ORIGIN_COUNTRY_NAME":"United States","DEST_COUNTRY_NAME":"The Bahamas","count":950}
{"ORIGIN_COUNTRY_NAME":"United States","DEST_COUNTRY_NAME":"El Salvador","count":572}
{"ORIGIN_COUNTRY_NAME":"Senegal","DEST_COUNTRY_NAME":"United States","count":28}
{"ORIGIN_COUNTRY_NAME":"United States","DEST_COUNTRY_NAME":"Samoa","count":24}
{"ORIGIN_COUNTRY_NAME":"Angola","DEST_COUNTRY_NAME":"United States","count":12}
{"ORIGIN_COUNTRY_NAME":"United States","DEST_COUNTRY_NAME":"Kazakhstan","count":1}
{"ORIGIN_COUNTRY_NAME":"United States","DEST_COUNTRY_NAME":"Switzerland","count":302}
{"ORIGIN_COUNTRY_NAME":"Anguilla","DEST_COUNTRY_NAME":"United States","count":35}
{"ORIGIN_COUNTRY_NAME":"United States","DEST_COUNTRY_NAME":"Sint Maarten","count":290}
{"ORIGIN_COUNTRY_NAME":"United States","DEST_COUNTRY_NAME":"Hong Kong","count":338}
{"ORIGIN_COUNTRY_NAME":"Congo (Brazaville)","DEST_COUNTRY_NAME":"United States","count":1}
{"ORIGIN_COUNTRY_NAME":"United States","DEST_COUNTRY_NAME":"Latvia","count":40}
{"ORIGIN_COUNTRY_NAME":"United States","DEST_COUNTRY_NAME":"Trinidad and Tobago","count":188}
{"ORIGIN_COUNTRY_NAME":"Ecuador","DEST_COUNTRY_NAME":"United States","count":326}
{"ORIGIN_COUNTRY_NAME":"United States","DEST_COUNTRY_NAME":"Slovakia","count":1}
{"ORIGIN_COUNTRY_NAME":"United States","DEST_COUNTRY_NAME":"Suriname","count":10}
{"ORIGIN_COUNTRY_NAME":"United States","DEST_COUNTRY_NAME":"Mexico","count":6427}
{"ORIGIN_COUNTRY_NAME":"United States","DEST_COUNTRY_NAME":"Ecuador","count":256}
{"ORIGIN_COUNTRY_NAME":"Portugal","DEST_COUNTRY_NAME":"United States","count":122}
{"ORIGIN_COUNTRY_NAME":"Guatemala","DEST_COUNTRY_NAME":"United States","count":327}
{"ORIGIN_COUNTRY_NAME":"Costa Rica","DEST_COUNTRY_NAME":"United States","count":560}
{"ORIGIN_COUNTRY_NAME":"Suriname","DEST_COUNTRY_NAME":"United States","count":27}
{"ORIGIN_COUNTRY_NAME":"United States","DEST_COUNTRY_NAME":"Colombia","count":872}
{"ORIGIN_COUNTRY_NAME":"Cape Verde","DEST_COUNTRY_NAME":"United States","count":16}
{"ORIGIN_COUNTRY_NAME":"Jamaica","DEST_COUNTRY_NAME":"United States","count":714}
{"ORIGIN_COUNTRY_NAME":"United States","DEST_COUNTRY_NAME":"Norway","count":86}
{"ORIGIN_COUNTRY_NAME":"Morocco","DEST_COUNTRY_NAME":"United States","count":15}
{"ORIGIN_COUNTRY_NAME":"United States","DEST_COUNTRY_NAME":"Venezuela","count":335}
{"ORIGIN_COUNTRY_NAME":"Samoa","DEST_COUNTRY_NAME":"United States","count":25}
{"ORIGIN_COUNTRY_NAME":"Palau","DEST_COUNTRY_NAME":"United States","count":38}
{"ORIGIN_COUNTRY_NAME":"Venezuela","DEST_COUNTRY_NAME":"United States","count":258}
{"ORIGIN_COUNTRY_NAME":"United States","DEST_COUNTRY_NAME":"Panama","count":456}
{"ORIGIN_COUNTRY_NAME":"Chile","DEST_COUNTRY_NAME":"United States","count":168}
{"ORIGIN_COUNTRY_NAME":"Finland","DEST_COUNTRY_NAME":"United States","count":19}
{"ORIGIN_COUNTRY_NAME":"United States","DEST_COUNTRY_NAME":"Antigua and Barbuda","count":115}
{"ORIGIN_COUNTRY_NAME":"United States","DEST_COUNTRY_NAME":"Morocco","count":18}
{"ORIGIN_COUNTRY_NAME":"Greece","DEST_COUNTRY_NAME":"United States","count":19}
{"ORIGIN_COUNTRY_NAME":"United States","DEST_COUNTRY_NAME":"Azerbaijan","count":7}
{"ORIGIN_COUNTRY_NAME":"The Bahamas","DEST_COUNTRY_NAME":"United States","count":991}
{"ORIGIN_COUNTRY_NAME":"United States","DEST_COUNTRY_NAME":"New Zealand","count":114}
{"ORIGIN_COUNTRY_NAME":"United States","DEST_COUNTRY_NAME":"Liberia","count":3}
{"ORIGIN_COUNTRY_NAME":"Hong Kong","DEST_COUNTRY_NAME":"United States","count":381}
{"ORIGIN_COUNTRY_NAME":"United States","DEST_COUNTRY_NAME":"Hungary","count":2}
{"ORIGIN_COUNTRY_NAME":"Tunisia","DEST_COUNTRY_NAME":"United States","count":1}
{"ORIGIN_COUNTRY_NAME":"China","DEST_COUNTRY_NAME":"United States","count":767}
{"ORIGIN_COUNTRY_NAME":"United States","DEST_COUNTRY_NAME":"Burkina Faso","count":2}
{"ORIGIN_COUNTRY_NAME":"United States","DEST_COUNTRY_NAME":"Sweden","count":94}
{"ORIGIN_COUNTRY_NAME":"Kuwait","DEST_COUNTRY_NAME":"United States","count":24}
{"ORIGIN_COUNTRY_NAME":"Dominican Republic","DEST_COUNTRY_NAME":"United States","count":1282}
{"ORIGIN_COUNTRY_NAME":"Egypt","DEST_COUNTRY_NAME":"United States","count":11}
{"ORIGIN_COUNTRY_NAME":"United States","DEST_COUNTRY_NAME":"Israel","count":108}
{"ORIGIN_COUNTRY_NAME":"United States","DEST_COUNTRY_NAME":"United States","count":358354}
{"ORIGIN_COUNTRY_NAME":"Luxembourg","DEST_COUNTRY_NAME":"United States","count":115}
{"ORIGIN_COUNTRY_NAME":"United States","DEST_COUNTRY_NAME":"Ethiopia","count":11}
{"ORIGIN_COUNTRY_NAME":"Poland","DEST_COUNTRY_NAME":"United States","count":33}
{"ORIGIN_COUNTRY_NAME":"United States","DEST_COUNTRY_NAME":"Martinique","count":31}
{"ORIGIN_COUNTRY_NAME":"Saint Barthelemy","DEST_COUNTRY_NAME":"United States","count":53}
{"ORIGIN_COUNTRY_NAME":"United States","DEST_COUNTRY_NAME":"Saint Barthelemy","count":53}
{"ORIGIN_COUNTRY_NAME":"Turkey","DEST_COUNTRY_NAME":"United States","count":92}
{"ORIGIN_COUNTRY_NAME":"United States","DEST_COUNTRY_NAME":"Barbados","count":102}
{"ORIGIN_COUNTRY_NAME":"Kazakhstan","DEST_COUNTRY_NAME":"United States","count":1}
{"ORIGIN_COUNTRY_NAME":"Azerbaijan","DEST_COUNTRY_NAME":"United States","count":5}
{"ORIGIN_COUNTRY_NAME":"United States","DEST_COUNTRY_NAME":"Germany","count":1391}
{"ORIGIN_COUNTRY_NAME":"South Korea","DEST_COUNTRY_NAME":"United States","count":754}
{"ORIGIN_COUNTRY_NAME":"El Salvador","DEST_COUNTRY_NAME":"United States","count":486}
{"ORIGIN_COUNTRY_NAME":"United States","DEST_COUNTRY_NAME":"Ireland","count":267}
{"ORIGIN_COUNTRY_NAME":"Hungary","DEST_COUNTRY_NAME":"United States","count":1}
{"ORIGIN_COUNTRY_NAME":"United States","DEST_COUNTRY_NAME":"Malaysia","count":2}
{"ORIGIN_COUNTRY_NAME":"Panama","DEST_COUNTRY_NAME":"United States","count":460}
{"ORIGIN_COUNTRY_NAME":"Aruba","DEST_COUNTRY_NAME":"United States","count":348}
{"ORIGIN_COUNTRY_NAME":"Ethiopia","DEST_COUNTRY_NAME":"United States","count":11}
{"ORIGIN_COUNTRY_NAME":"Turks and Caicos Islands","DEST_COUNTRY_NAME":"United States","count":204}
{"ORIGIN_COUNTRY_NAME":"Pakistan","DEST_COUNTRY_NAME":"United States","count":12}
{"ORIGIN_COUNTRY_NAME":"Honduras","DEST_COUNTRY_NAME":"United States","count":412}
{"ORIGIN_COUNTRY_NAME":"United States","DEST_COUNTRY_NAME":"Fiji","count":25}
{"ORIGIN_COUNTRY_NAME":"United States","DEST_COUNTRY_NAME":"Qatar","count":95}
{"ORIGIN_COUNTRY_NAME":"United States","DEST_COUNTRY_NAME":"Saint Kitts and Nevis","count":118}
{"ORIGIN_COUNTRY_NAME":"United States","DEST_COUNTRY_NAME":"Haiti","count":201}
{"ORIGIN_COUNTRY_NAME":"United States","DEST_COUNTRY_NAME":"Taiwan","count":265}
{"ORIGIN_COUNTRY_NAME":"United States","DEST_COUNTRY_NAME":"Kuwait","count":24}
{"ORIGIN_COUNTRY_NAME":"United States","DEST_COUNTRY_NAME":"Canada","count":7974}
{"ORIGIN_COUNTRY_NAME":"United States","DEST_COUNTRY_NAME":"Federated States of Micronesia","count":60}
{"ORIGIN_COUNTRY_NAME":"United States","DEST_COUNTRY_NAME":"Jamaica","count":673}
{"ORIGIN_COUNTRY_NAME":"Malta","DEST_COUNTRY_NAME":"United States","count":2}
{"ORIGIN_COUNTRY_NAME":"United States","DEST_COUNTRY_NAME":"Dominican Republic","count":1230}
{"ORIGIN_COUNTRY_NAME":"United States","DEST_COUNTRY_NAME":"Japan","count":1591}
{"ORIGIN_COUNTRY_NAME":"Saint Vincent and the Grenadines","DEST_COUNTRY_NAME":"United States","count":3}
{"ORIGIN_COUNTRY_NAME":"United States","DEST_COUNTRY_NAME":"Finland","count":18}
{"ORIGIN_COUNTRY_NAME":"Ukraine","DEST_COUNTRY_NAME":"United States","count":1}
{"ORIGIN_COUNTRY_NAME":"Guadeloupe","DEST_COUNTRY_NAME":"United States","count":47}
{"ORIGIN_COUNTRY_NAME":"France","DEST_COUNTRY_NAME":"United States","count":960}
{"ORIGIN_COUNTRY_NAME":"United States","DEST_COUNTRY_NAME":"Aruba","count":351}
{"ORIGIN_COUNTRY_NAME":"Norway","DEST_COUNTRY_NAME":"United States","count":87}
{"ORIGIN_COUNTRY_NAME":"United States","DEST_COUNTRY_NAME":"French Guiana","count":11}
{"ORIGIN_COUNTRY_NAME":"Kiribati","DEST_COUNTRY_NAME":"United States","count":27}
{"ORIGIN_COUNTRY_NAME":"United States","DEST_COUNTRY_NAME":"India","count":61}
{"ORIGIN_COUNTRY_NAME":"United States","DEST_COUNTRY_NAME":"British Virgin Islands","count":108}
{"ORIGIN_COUNTRY_NAME":"United States","DEST_COUNTRY_NAME":"Brazil","count":927}
{"ORIGIN_COUNTRY_NAME":"Germany","DEST_COUNTRY_NAME":"United States","count":1343}
{"ORIGIN_COUNTRY_NAME":"New Zealand","DEST_COUNTRY_NAME":"United States","count":77}
{"ORIGIN_COUNTRY_NAME":"Cambodia","DEST_COUNTRY_NAME":"United States","count":1}
{"ORIGIN_COUNTRY_NAME":"United States","DEST_COUNTRY_NAME":"French Polynesia","count":39}
{"ORIGIN_COUNTRY_NAME":"United States","DEST_COUNTRY_NAME":"United Arab Emirates","count":247}
{"ORIGIN_COUNTRY_NAME":"Mexico","DEST_COUNTRY_NAME":"United States","count":6490}
{"ORIGIN_COUNTRY_NAME":"United States","DEST_COUNTRY_NAME":"Netherlands","count":773}
{"ORIGIN_COUNTRY_NAME":"Sweden","DEST_COUNTRY_NAME":"United States","count":101}
{"ORIGIN_COUNTRY_NAME":"Martinique","DEST_COUNTRY_NAME":"United States","count":32}
{"ORIGIN_COUNTRY_NAME":"United Arab Emirates","DEST_COUNTRY_NAME":"United States","count":226}
{"ORIGIN_COUNTRY_NAME":"Bulgaria","DEST_COUNTRY_NAME":"United States","count":1}
{"ORIGIN_COUNTRY_NAME":"United States","DEST_COUNTRY_NAME":"Denmark","count":114}
{"ORIGIN_COUNTRY_NAME":"United States","DEST_COUNTRY_NAME":"China","count":653}
{"ORIGIN_COUNTRY_NAME":"Nicaragua","DEST_COUNTRY_NAME":"United States","count":170}
{"ORIGIN_COUNTRY_NAME":"Philippines","DEST_COUNTRY_NAME":"United States","count":116}
{"ORIGIN_COUNTRY_NAME":"Belgium","DEST_COUNTRY_NAME":"United States","count":230}
{"ORIGIN_COUNTRY_NAME":"United States","DEST_COUNTRY_NAME":"Peru","count":277}
{"ORIGIN_COUNTRY_NAME":"United States","DEST_COUNTRY_NAME":"Argentina","count":195}
{"ORIGIN_COUNTRY_NAME":"United States","DEST_COUNTRY_NAME":"Cayman Islands","count":283}
{"ORIGIN_COUNTRY_NAME":"United States","DEST_COUNTRY_NAME":"South Africa","count":32}
{"ORIGIN_COUNTRY_NAME":"Argentina","DEST_COUNTRY_NAME":"United States","count":153}
{"ORIGIN_COUNTRY_NAME":"Iceland","DEST_COUNTRY_NAME":"United States","count":177}
{"ORIGIN_COUNTRY_NAME":"United States","DEST_COUNTRY_NAME":"Chad","count":1}
{"ORIGIN_COUNTRY_NAME":"United States","DEST_COUNTRY_NAME":"Spain","count":388}
{"ORIGIN_COUNTRY_NAME":"United States","DEST_COUNTRY_NAME":"Bermuda","count":185}
{"ORIGIN_COUNTRY_NAME":"Nigeria","DEST_COUNTRY_NAME":"United States","count":43}
{"ORIGIN_COUNTRY_NAME":"Austria","DEST_COUNTRY_NAME":"United States","count":46}
{"ORIGIN_COUNTRY_NAME":"Bonaire, Sint Eustatius, and Saba","DEST_COUNTRY_NAME":"United States","count":63}
{"ORIGIN_COUNTRY_NAME":"United States","DEST_COUNTRY_NAME":"Kiribati","count":26}
{"ORIGIN_COUNTRY_NAME":"United States","DEST_COUNTRY_NAME":"Saudi Arabia","count":79}
{"ORIGIN_COUNTRY_NAME":"United States","DEST_COUNTRY_NAME":"Czech Republic","count":11}
{"ORIGIN_COUNTRY_NAME":"United States","DEST_COUNTRY_NAME":"Macau","count":3}
{"ORIGIN_COUNTRY_NAME":"United States","DEST_COUNTRY_NAME":"Belgium","count":259}
{"ORIGIN_COUNTRY_NAME":"Israel","DEST_COUNTRY_NAME":"United States","count":112}
{"ORIGIN_COUNTRY_NAME":"Saint Lucia","DEST_COUNTRY_NAME":"United States","count":109}
{"ORIGIN_COUNTRY_NAME":"British Virgin Islands","DEST_COUNTRY_NAME":"United States","count":101}
{"ORIGIN_COUNTRY_NAME":"United States","DEST_COUNTRY_NAME":"Curacao","count":74}
{"ORIGIN_COUNTRY_NAME":"Denmark","DEST_COUNTRY_NAME":"United States","count":116}
{"ORIGIN_COUNTRY_NAME":"Guyana","DEST_COUNTRY_NAME":"United States","count":55}
{"ORIGIN_COUNTRY_NAME":"United States","DEST_COUNTRY_NAME":"Philippines","count":134}
{"ORIGIN_COUNTRY_NAME":"United States","DEST_COUNTRY_NAME":"Grenada","count":43}
{"ORIGIN_COUNTRY_NAME":"United States","DEST_COUNTRY_NAME":"Cape Verde","count":24}
{"ORIGIN_COUNTRY_NAME":"United States","DEST_COUNTRY_NAME":"Ukraine","count":11}
{"ORIGIN_COUNTRY_NAME":"United States","DEST_COUNTRY_NAME":"Russia","count":213}
{"ORIGIN_COUNTRY_NAME":"Saudi Arabia","DEST_COUNTRY_NAME":"United States","count":74}
{"ORIGIN_COUNTRY_NAME":"United States","DEST_COUNTRY_NAME":"Guatemala","count":383}
{"ORIGIN_COUNTRY_NAME":"United States","DEST_COUNTRY_NAME":"Saint Lucia","count":107}
{"ORIGIN_COUNTRY_NAME":"United States","DEST_COUNTRY_NAME":"Paraguay","count":90}
{"ORIGIN_COUNTRY_NAME":"Curacao","DEST_COUNTRY_NAME":"United States","count":77}
{"ORIGIN_COUNTRY_NAME":"Taiwan","DEST_COUNTRY_NAME":"United States","count":240}
{"ORIGIN_COUNTRY_NAME":"United States","DEST_COUNTRY_NAME":"Tunisia","count":2}
{"ORIGIN_COUNTRY_NAME":"South Africa","DEST_COUNTRY_NAME":"United States","count":32}
{"ORIGIN_COUNTRY_NAME":"United States","DEST_COUNTRY_NAME":"Turkey","count":91}
{"ORIGIN_COUNTRY_NAME":"United States","DEST_COUNTRY_NAME":"United Kingdom","count":1912}
{"ORIGIN_COUNTRY_NAME":"United States","DEST_COUNTRY_NAME":"Romania","count":11}
{"ORIGIN_COUNTRY_NAME":"Greenland","DEST_COUNTRY_NAME":"United States","count":1}
{"ORIGIN_COUNTRY_NAME":"Spain","DEST_COUNTRY_NAME":"United States","count":424}
{"ORIGIN_COUNTRY_NAME":"United States","DEST_COUNTRY_NAME":"Cuba","count":417}
{"ORIGIN_COUNTRY_NAME":"Italy","DEST_COUNTRY_NAME":"United States","count":385}
{"ORIGIN_COUNTRY_NAME":"Switzerland","DEST_COUNTRY_NAME":"United States","count":300}
{"ORIGIN_COUNTRY_NAME":"United States","DEST_COUNTRY_NAME":"Dominica","count":25}
{"ORIGIN_COUNTRY_NAME":"Japan","DEST_COUNTRY_NAME":"United States","count":1501}
{"ORIGIN_COUNTRY_NAME":"United States","DEST_COUNTRY_NAME":"Portugal","count":124}
{"ORIGIN_COUNTRY_NAME":"Brazil","DEST_COUNTRY_NAME":"United States","count":578}
{"ORIGIN_COUNTRY_NAME":"United States","DEST_COUNTRY_NAME":"Bahrain","count":41}
{"ORIGIN_COUNTRY_NAME":"Peru","DEST_COUNTRY_NAME":"United States","count":315}
{"ORIGIN_COUNTRY_NAME":"United States","DEST_COUNTRY_NAME":"Indonesia","count":1}
{"ORIGIN_COUNTRY_NAME":"United Kingdom","DEST_COUNTRY_NAME":"United States","count":1812}
{"ORIGIN_COUNTRY_NAME":"Belize","DEST_COUNTRY_NAME":"United States","count":143}
{"ORIGIN_COUNTRY_NAME":"United States","DEST_COUNTRY_NAME":"Belize","count":142}
{"ORIGIN_COUNTRY_NAME":"Ghana","DEST_COUNTRY_NAME":"United States","count":15}
{"ORIGIN_COUNTRY_NAME":"United States","DEST_COUNTRY_NAME":"Mauritania","count":1}
{"ORIGIN_COUNTRY_NAME":"Indonesia","DEST_COUNTRY_NAME":"United States","count":1}
{"ORIGIN_COUNTRY_NAME":"Fiji","DEST_COUNTRY_NAME":"United States","count":27}
{"ORIGIN_COUNTRY_NAME":"Canada","DEST_COUNTRY_NAME":"United States","count":8177}
{"ORIGIN_COUNTRY_NAME":"Antigua and Barbuda","DEST_COUNTRY_NAME":"United States","count":112}
{"ORIGIN_COUNTRY_NAME":"French Polynesia","DEST_COUNTRY_NAME":"United States","count":40}
{"ORIGIN_COUNTRY_NAME":"United States","DEST_COUNTRY_NAME":"Nicaragua","count":168}
{"ORIGIN_COUNTRY_NAME":"Latvia","DEST_COUNTRY_NAME":"United States","count":13}
{"ORIGIN_COUNTRY_NAME":"Dominica","DEST_COUNTRY_NAME":"United States","count":36}
{"ORIGIN_COUNTRY_NAME":"Czech Republic","DEST_COUNTRY_NAME":"United States","count":11}
{"ORIGIN_COUNTRY_NAME":"Cook Islands","DEST_COUNTRY_NAME":"United States","count":12}
{"ORIGIN_COUNTRY_NAME":"Australia","DEST_COUNTRY_NAME":"United States","count":235}
{"ORIGIN_COUNTRY_NAME":"United States","DEST_COUNTRY_NAME":"Austria","count":47}
{"ORIGIN_COUNTRY_NAME":"United States","DEST_COUNTRY_NAME":"Jordan","count":65}
{"ORIGIN_COUNTRY_NAME":"United States","DEST_COUNTRY_NAME":"Palau","count":38}
{"ORIGIN_COUNTRY_NAME":"United States","DEST_COUNTRY_NAME":"South Korea","count":968}
{"ORIGIN_COUNTRY_NAME":"United States","DEST_COUNTRY_NAME":"Angola","count":13}
{"ORIGIN_COUNTRY_NAME":"United States","DEST_COUNTRY_NAME":"Ghana","count":13}
{"ORIGIN_COUNTRY_NAME":"United States","DEST_COUNTRY_NAME":"Guadeloupe","count":43}
{"ORIGIN_COUNTRY_NAME":"United States","DEST_COUNTRY_NAME":"France","count":966}
{"ORIGIN_COUNTRY_NAME":"United States","DEST_COUNTRY_NAME":"Poland","count":35}
{"ORIGIN_COUNTRY_NAME":"United States","DEST_COUNTRY_NAME":"Nigeria","count":49}
{"ORIGIN_COUNTRY_NAME":"Uruguay","DEST_COUNTRY_NAME":"United States","count":18}
{"ORIGIN_COUNTRY_NAME":"United States","DEST_COUNTRY_NAME":"Greenland","count":2}
{"ORIGIN_COUNTRY_NAME":"United States","DEST_COUNTRY_NAME":"Chile","count":156}
{"ORIGIN_COUNTRY_NAME":"Bermuda","DEST_COUNTRY_NAME":"United States","count":190}
{"ORIGIN_COUNTRY_NAME":"Cuba","DEST_COUNTRY_NAME":"United States","count":419}
{"ORIGIN_COUNTRY_NAME":"Qatar","DEST_COUNTRY_NAME":"United States","count":96}
{"ORIGIN_COUNTRY_NAME":"Colombia","DEST_COUNTRY_NAME":"United States","count":888}
{"ORIGIN_COUNTRY_NAME":"Barbados","DEST_COUNTRY_NAME":"United States","count":89}
{"ORIGIN_COUNTRY_NAME":"United States","DEST_COUNTRY_NAME":"Australia","count":293}
{"ORIGIN_COUNTRY_NAME":"Cayman Islands","DEST_COUNTRY_NAME":"United States","count":278}
{"ORIGIN_COUNTRY_NAME":"Jordan","DEST_COUNTRY_NAME":"United States","count":64}
{"ORIGIN_COUNTRY_NAME":"Trinidad and Tobago","DEST_COUNTRY_NAME":"United States","count":175}
{"ORIGIN_COUNTRY_NAME":"Bolivia","DEST_COUNTRY_NAME":"United States","count":14}
{"ORIGIN_COUNTRY_NAME":"United States","DEST_COUNTRY_NAME":"Uruguay","count":60}
{"ORIGIN_COUNTRY_NAME":"United States","DEST_COUNTRY_NAME":"Cook Islands","count":12}
{"ORIGIN_COUNTRY_NAME":"French Guiana","DEST_COUNTRY_NAME":"United States","count":4}
{"ORIGIN_COUNTRY_NAME":"Saint Kitts and Nevis","DEST_COUNTRY_NAME":"United States","count":123}
{"ORIGIN_COUNTRY_NAME":"Haiti","DEST_COUNTRY_NAME":"United States","count":193}
{"ORIGIN_COUNTRY_NAME":"United States","DEST_COUNTRY_NAME":"Bonaire, Sint Eustatius, and Saba","count":62}
{"ORIGIN_COUNTRY_NAME":"United States","DEST_COUNTRY_NAME":"Greece","count":20}
